run_accession	sample_accession	country	collection_date	sample_alias	fastq_ftp	scientific_name	submitted_aspera	submitted_bytes
ERR14788825	SAMEA4777513	Bosnia and Herzegovina	2017-06-13	DTU2017_MG_78_BA_BL	ftp.sra.ebi.ac.uk/vol1/fastq/ERR147/025/ERR14788825/ERR14788825_1.fastq.gz;ftp.sra.ebi.ac.uk/vol1/fastq/ERR147/025/ERR14788825/ERR14788825_2.fastq.gz	wastewater metagenome	fasp.sra.ebi.ac.uk:/vol1/run/ERR147/ERR14788825/capture_batch1_sample5_R1.fastq.gz;fasp.sra.ebi.ac.uk:/vol1/run/ERR147/ERR14788825/capture_batch1_sample5_R2.fastq.gz	13679638;11217395
ERR14788826	SAMEA7428261	Bosnia and Herzegovina	2017-11-21	DTU_2017_513_1_MG_BA_BL_209	ftp.sra.ebi.ac.uk/vol1/fastq/ERR147/026/ERR14788826/ERR14788826_1.fastq.gz;ftp.sra.ebi.ac.uk/vol1/fastq/ERR147/026/ERR14788826/ERR14788826_2.fastq.gz	wastewater metagenome	fasp.sra.ebi.ac.uk:/vol1/run/ERR147/ERR14788826/capture_batch1_sample6_R1.fastq.gz;fasp.sra.ebi.ac.uk:/vol1/run/ERR147/ERR14788826/capture_batch1_sample6_R2.fastq.gz	15203515;11900931
ERR14788829	SAMEA4777412	Canada	2017-06-14	DTU2017_MG_139_CA_OT	ftp.sra.ebi.ac.uk/vol1/fastq/ERR147/029/ERR14788829/ERR14788829_1.fastq.gz;ftp.sra.ebi.ac.uk/vol1/fastq/ERR147/029/ERR14788829/ERR14788829_2.fastq.gz	wastewater metagenome	fasp.sra.ebi.ac.uk:/vol1/run/ERR147/ERR14788829/capture_batch1_sample9_R1.fastq.gz;fasp.sra.ebi.ac.uk:/vol1/run/ERR147/ERR14788829/capture_batch1_sample9_R2.fastq.gz	49879159;44989631
ERR14788830	SAMEA7428340	Canada	2017-11-27	DTU_2017_602_1_MG_CA_OT_298	ftp.sra.ebi.ac.uk/vol1/fastq/ERR147/030/ERR14788830/ERR14788830_1.fastq.gz;ftp.sra.ebi.ac.uk/vol1/fastq/ERR147/030/ERR14788830/ERR14788830_2.fastq.gz	wastewater metagenome	fasp.sra.ebi.ac.uk:/vol1/run/ERR147/ERR14788830/capture_batch1_sample10_R1.fastq.gz;fasp.sra.ebi.ac.uk:/vol1/run/ERR147/ERR14788830/capture_batch1_sample10_R2.fastq.gz	26760179;22685565
ERR14788842	SAMEA13189762	Tanzania	2018-09-26	DTU_2018_1013601_1_MG_TZ_MO_10	ftp.sra.ebi.ac.uk/vol1/fastq/ERR147/042/ERR14788842/ERR14788842_1.fastq.gz;ftp.sra.ebi.ac.uk/vol1/fastq/ERR147/042/ERR14788842/ERR14788842_2.fastq.gz	wastewater metagenome	fasp.sra.ebi.ac.uk:/vol1/run/ERR147/ERR14788842/capture_batch1_sample22_R1.fastq.gz;fasp.sra.ebi.ac.uk:/vol1/run/ERR147/ERR14788842/capture_batch1_sample22_R2.fastq.gz	6814578;6010804
ERR14788844	SAMEA7428540	China	2018-06-05	DTU_2018_783_1_MG_CN_GU_480	ftp.sra.ebi.ac.uk/vol1/fastq/ERR147/044/ERR14788844/ERR14788844_1.fastq.gz;ftp.sra.ebi.ac.uk/vol1/fastq/ERR147/044/ERR14788844/ERR14788844_2.fastq.gz	wastewater metagenome	fasp.sra.ebi.ac.uk:/vol1/run/ERR147/ERR14788844/capture_batch1_sample24_R1.fastq.gz;fasp.sra.ebi.ac.uk:/vol1/run/ERR147/ERR14788844/capture_batch1_sample24_R2.fastq.gz	14897851;12800913
ERR14788845	SAMEA13189680	China	2017-07-11	DTU_2017_1013516_1_MG_CN1707_L12	ftp.sra.ebi.ac.uk/vol1/fastq/ERR147/045/ERR14788845/ERR14788845_1.fastq.gz;ftp.sra.ebi.ac.uk/vol1/fastq/ERR147/045/ERR14788845/ERR14788845_2.fastq.gz	wastewater metagenome	fasp.sra.ebi.ac.uk:/vol1/run/ERR147/ERR14788845/capture_batch1_sample25_R1.fastq.gz;fasp.sra.ebi.ac.uk:/vol1/run/ERR147/ERR14788845/capture_batch1_sample25_R2.fastq.gz	35473928;32852264
ERR14788847	SAMEA13189682	China	2017-09-30	DTU_2017_1013518_1_MG_CN1709_L14	ftp.sra.ebi.ac.uk/vol1/fastq/ERR147/047/ERR14788847/ERR14788847_1.fastq.gz;ftp.sra.ebi.ac.uk/vol1/fastq/ERR147/047/ERR14788847/ERR14788847_2.fastq.gz	wastewater metagenome	fasp.sra.ebi.ac.uk:/vol1/run/ERR147/ERR14788847/capture_batch1_sample27_R1.fastq.gz;fasp.sra.ebi.ac.uk:/vol1/run/ERR147/ERR14788847/capture_batch1_sample27_R2.fastq.gz	43825927;40061719
ERR14788848	SAMEA13189683	China	2017-10-13	DTU_2017_1013519_1_MG_CN1710_L15	ftp.sra.ebi.ac.uk/vol1/fastq/ERR147/048/ERR14788848/ERR14788848_1.fastq.gz;ftp.sra.ebi.ac.uk/vol1/fastq/ERR147/048/ERR14788848/ERR14788848_2.fastq.gz	wastewater metagenome	fasp.sra.ebi.ac.uk:/vol1/run/ERR147/ERR14788848/capture_batch1_sample28_R1.fastq.gz;fasp.sra.ebi.ac.uk:/vol1/run/ERR147/ERR14788848/capture_batch1_sample28_R2.fastq.gz	28685383;25943666
ERR14788850	SAMEA13189713	China	2018-01-10	DTU_2018_1013549_1_MG_CN1801_L47	ftp.sra.ebi.ac.uk/vol1/fastq/ERR147/050/ERR14788850/ERR14788850_1.fastq.gz;ftp.sra.ebi.ac.uk/vol1/fastq/ERR147/050/ERR14788850/ERR14788850_2.fastq.gz	wastewater metagenome	fasp.sra.ebi.ac.uk:/vol1/run/ERR147/ERR14788850/capture_batch1_sample30_R1.fastq.gz;fasp.sra.ebi.ac.uk:/vol1/run/ERR147/ERR14788850/capture_batch1_sample30_R2.fastq.gz	61026514;55906739
ERR14788860	SAMEA7426309	Cambodia	2019-01-03	DTU_2018_854_1_MG_KH_PP_538	ftp.sra.ebi.ac.uk/vol1/fastq/ERR147/060/ERR14788860/ERR14788860_1.fastq.gz;ftp.sra.ebi.ac.uk/vol1/fastq/ERR147/060/ERR14788860/ERR14788860_2.fastq.gz	wastewater metagenome	fasp.sra.ebi.ac.uk:/vol1/run/ERR147/ERR14788860/capture_batch1_sample40_R1.fastq.gz;fasp.sra.ebi.ac.uk:/vol1/run/ERR147/ERR14788860/capture_batch1_sample40_R2.fastq.gz	13835625;12045072
ERR14788862	SAMEA7428466	Netherlands	2018-07-02	DTU_2018_701_1_MG_NL_UT_389	ftp.sra.ebi.ac.uk/vol1/fastq/ERR147/062/ERR14788862/ERR14788862_1.fastq.gz;ftp.sra.ebi.ac.uk/vol1/fastq/ERR147/062/ERR14788862/ERR14788862_2.fastq.gz	wastewater metagenome	fasp.sra.ebi.ac.uk:/vol1/run/ERR147/ERR14788862/capture_batch1_sample42_R1.fastq.gz;fasp.sra.ebi.ac.uk:/vol1/run/ERR147/ERR14788862/capture_batch1_sample42_R2.fastq.gz	27591003;25333598
ERR14788863	SAMEA7426376	Netherlands	2018-12-20	DTU_2018_925_1_MG_NL_UT_608	ftp.sra.ebi.ac.uk/vol1/fastq/ERR147/063/ERR14788863/ERR14788863_1.fastq.gz;ftp.sra.ebi.ac.uk/vol1/fastq/ERR147/063/ERR14788863/ERR14788863_2.fastq.gz	wastewater metagenome	fasp.sra.ebi.ac.uk:/vol1/run/ERR147/ERR14788863/capture_batch1_sample43_R1.fastq.gz;fasp.sra.ebi.ac.uk:/vol1/run/ERR147/ERR14788863/capture_batch1_sample43_R2.fastq.gz	18372614;15303283
ERR14788867	SAMEA7426382	Poland	2018-12-13	DTU_2018_931_1_MG_PL_PL_614	ftp.sra.ebi.ac.uk/vol1/fastq/ERR147/067/ERR14788867/ERR14788867_1.fastq.gz;ftp.sra.ebi.ac.uk/vol1/fastq/ERR147/067/ERR14788867/ERR14788867_2.fastq.gz	wastewater metagenome	fasp.sra.ebi.ac.uk:/vol1/run/ERR147/ERR14788867/capture_batch1_sample47_R1.fastq.gz;fasp.sra.ebi.ac.uk:/vol1/run/ERR147/ERR14788867/capture_batch1_sample47_R2.fastq.gz	75181818;69265915
ERR14788868	SAMEA117873022	Netherlands	2021	NEG-CTRL-1	ftp.sra.ebi.ac.uk/vol1/fastq/ERR147/068/ERR14788868/ERR14788868_1.fastq.gz;ftp.sra.ebi.ac.uk/vol1/fastq/ERR147/068/ERR14788868/ERR14788868_2.fastq.gz	Stigmatella aurantiaca	fasp.sra.ebi.ac.uk:/vol1/run/ERR147/ERR14788868/capture_batch1_sample48_R1.fastq.gz;fasp.sra.ebi.ac.uk:/vol1/run/ERR147/ERR14788868/capture_batch1_sample48_R2.fastq.gz	4983269;4219090
ERR14788873	SAMEA4777411	Canada	2017-06-13	DTU2017_MG_138_CA_CA	ftp.sra.ebi.ac.uk/vol1/fastq/ERR147/073/ERR14788873/ERR14788873_1.fastq.gz;ftp.sra.ebi.ac.uk/vol1/fastq/ERR147/073/ERR14788873/ERR14788873_2.fastq.gz	wastewater metagenome	fasp.sra.ebi.ac.uk:/vol1/run/ERR147/ERR14788873/capture_batch2_sample5_R1.fastq.gz;fasp.sra.ebi.ac.uk:/vol1/run/ERR147/ERR14788873/capture_batch2_sample5_R2.fastq.gz	8717496;7515054
ERR14788874	SAMEA7428342	Canada	2017-11-21	DTU_2017_604_1_MG_CA_CA_300	ftp.sra.ebi.ac.uk/vol1/fastq/ERR147/074/ERR14788874/ERR14788874_1.fastq.gz;ftp.sra.ebi.ac.uk/vol1/fastq/ERR147/074/ERR14788874/ERR14788874_2.fastq.gz	wastewater metagenome	fasp.sra.ebi.ac.uk:/vol1/run/ERR147/ERR14788874/capture_batch2_sample6_R1.fastq.gz;fasp.sra.ebi.ac.uk:/vol1/run/ERR147/ERR14788874/capture_batch2_sample6_R2.fastq.gz	10044015;8189778
ERR14788876	SAMEA7426357	Canada	2018-12-10	DTU_2018_902_1_MG_CA_CA_587	ftp.sra.ebi.ac.uk/vol1/fastq/ERR147/076/ERR14788876/ERR14788876_1.fastq.gz;ftp.sra.ebi.ac.uk/vol1/fastq/ERR147/076/ERR14788876/ERR14788876_2.fastq.gz	wastewater metagenome	fasp.sra.ebi.ac.uk:/vol1/run/ERR147/ERR14788876/capture_batch2_sample8_R1.fastq.gz;fasp.sra.ebi.ac.uk:/vol1/run/ERR147/ERR14788876/capture_batch2_sample8_R2.fastq.gz	47656275;43396392
ERR14788877	SAMEA4777491	Czech Republic	2017-06-13	DTU2017_MG_58_CZ_PR	ftp.sra.ebi.ac.uk/vol1/fastq/ERR147/077/ERR14788877/ERR14788877_1.fastq.gz;ftp.sra.ebi.ac.uk/vol1/fastq/ERR147/077/ERR14788877/ERR14788877_2.fastq.gz	wastewater metagenome	fasp.sra.ebi.ac.uk:/vol1/run/ERR147/ERR14788877/capture_batch2_sample9_R1.fastq.gz;fasp.sra.ebi.ac.uk:/vol1/run/ERR147/ERR14788877/capture_batch2_sample9_R2.fastq.gz	75157847;67962927
ERR14788879	SAMEA7426277	Czech Republic	2018-12-04	DTU_2018_819_1_MG_CZ_PR_503	ftp.sra.ebi.ac.uk/vol1/fastq/ERR147/079/ERR14788879/ERR14788879_1.fastq.gz;ftp.sra.ebi.ac.uk/vol1/fastq/ERR147/079/ERR14788879/ERR14788879_2.fastq.gz	wastewater metagenome	fasp.sra.ebi.ac.uk:/vol1/run/ERR147/ERR14788879/capture_batch2_sample11_R1.fastq.gz;fasp.sra.ebi.ac.uk:/vol1/run/ERR147/ERR14788879/capture_batch2_sample11_R2.fastq.gz	21503229;20114478
ERR14788881	SAMEA7428282	Germany	2017-11-28	DTU_2017_538_1_MG_DE_BE_234	ftp.sra.ebi.ac.uk/vol1/fastq/ERR147/081/ERR14788881/ERR14788881_1.fastq.gz;ftp.sra.ebi.ac.uk/vol1/fastq/ERR147/081/ERR14788881/ERR14788881_2.fastq.gz	wastewater metagenome	fasp.sra.ebi.ac.uk:/vol1/run/ERR147/ERR14788881/capture_batch2_sample13_R1.fastq.gz;fasp.sra.ebi.ac.uk:/vol1/run/ERR147/ERR14788881/capture_batch2_sample13_R2.fastq.gz	10490449;9272918
ERR14788884	SAMEA4777504	United Kingdom	2017-06-09	DTU2017_MG_6_GB_CA	ftp.sra.ebi.ac.uk/vol1/fastq/ERR147/084/ERR14788884/ERR14788884_1.fastq.gz;ftp.sra.ebi.ac.uk/vol1/fastq/ERR147/084/ERR14788884/ERR14788884_2.fastq.gz	wastewater metagenome	fasp.sra.ebi.ac.uk:/vol1/run/ERR147/ERR14788884/capture_batch2_sample16_R1.fastq.gz;fasp.sra.ebi.ac.uk:/vol1/run/ERR147/ERR14788884/capture_batch2_sample16_R2.fastq.gz	19716523;16884804
ERR14788885	SAMEA7428289	United Kingdom	2017-11-28	DTU_2017_545_1_MG_GB_CA_241	ftp.sra.ebi.ac.uk/vol1/fastq/ERR147/085/ERR14788885/ERR14788885_1.fastq.gz;ftp.sra.ebi.ac.uk/vol1/fastq/ERR147/085/ERR14788885/ERR14788885_2.fastq.gz	wastewater metagenome	fasp.sra.ebi.ac.uk:/vol1/run/ERR147/ERR14788885/capture_batch2_sample17_R1.fastq.gz;fasp.sra.ebi.ac.uk:/vol1/run/ERR147/ERR14788885/capture_batch2_sample17_R2.fastq.gz	84595719;82728586
ERR14788891	SAMEA7426272	Croatia	2018-12-05	DTU_2018_814_1_MG_HR_ZA_498	ftp.sra.ebi.ac.uk/vol1/fastq/ERR147/091/ERR14788891/ERR14788891_1.fastq.gz;ftp.sra.ebi.ac.uk/vol1/fastq/ERR147/091/ERR14788891/ERR14788891_2.fastq.gz	wastewater metagenome	fasp.sra.ebi.ac.uk:/vol1/run/ERR147/ERR14788891/capture_batch2_sample23_R1.fastq.gz;fasp.sra.ebi.ac.uk:/vol1/run/ERR147/ERR14788891/capture_batch2_sample23_R2.fastq.gz	18313414;17210446
ERR14788893	SAMEA117873004	India	2017-11-23	IN-MP-244	ftp.sra.ebi.ac.uk/vol1/fastq/ERR147/093/ERR14788893/ERR14788893_1.fastq.gz;ftp.sra.ebi.ac.uk/vol1/fastq/ERR147/093/ERR14788893/ERR14788893_2.fastq.gz	Stigmatella aurantiaca	fasp.sra.ebi.ac.uk:/vol1/run/ERR147/ERR14788893/capture_batch2_sample25_R1.fastq.gz;fasp.sra.ebi.ac.uk:/vol1/run/ERR147/ERR14788893/capture_batch2_sample25_R2.fastq.gz	25776208;22929185
ERR14788894	SAMEA7428479	India	2018-06-18	DTU_2018_714_1_MG_IN_UD_411	ftp.sra.ebi.ac.uk/vol1/fastq/ERR147/094/ERR14788894/ERR14788894_1.fastq.gz;ftp.sra.ebi.ac.uk/vol1/fastq/ERR147/094/ERR14788894/ERR14788894_2.fastq.gz	wastewater metagenome	fasp.sra.ebi.ac.uk:/vol1/run/ERR147/ERR14788894/capture_batch2_sample26_R1.fastq.gz;fasp.sra.ebi.ac.uk:/vol1/run/ERR147/ERR14788894/capture_batch2_sample26_R2.fastq.gz	14044232;12815058
ERR14788895	SAMEA7426296	India	2018-11-28	DTU_2018_838_1_MG_IN_UD_522	ftp.sra.ebi.ac.uk/vol1/fastq/ERR147/095/ERR14788895/ERR14788895_1.fastq.gz;ftp.sra.ebi.ac.uk/vol1/fastq/ERR147/095/ERR14788895/ERR14788895_2.fastq.gz	wastewater metagenome	fasp.sra.ebi.ac.uk:/vol1/run/ERR147/ERR14788895/capture_batch2_sample27_R1.fastq.gz;fasp.sra.ebi.ac.uk:/vol1/run/ERR147/ERR14788895/capture_batch2_sample27_R2.fastq.gz	22320360;21158954
ERR14788904	SAMEA4777485	Montenegro	2017-06-16	DTU2017_MG_52_ME_PO	ftp.sra.ebi.ac.uk/vol1/fastq/ERR147/004/ERR14788904/ERR14788904_1.fastq.gz;ftp.sra.ebi.ac.uk/vol1/fastq/ERR147/004/ERR14788904/ERR14788904_2.fastq.gz	wastewater metagenome	fasp.sra.ebi.ac.uk:/vol1/run/ERR147/ERR14788904/capture_batch2_sample36_R1.fastq.gz;fasp.sra.ebi.ac.uk:/vol1/run/ERR147/ERR14788904/capture_batch2_sample36_R2.fastq.gz	10465075;8793881
ERR14788905	SAMEA7428256	Montenegro	2017-11-23	DTU_2017_508_1_MG_ME_PO_204	ftp.sra.ebi.ac.uk/vol1/fastq/ERR147/005/ERR14788905/ERR14788905_1.fastq.gz;ftp.sra.ebi.ac.uk/vol1/fastq/ERR147/005/ERR14788905/ERR14788905_2.fastq.gz	wastewater metagenome	fasp.sra.ebi.ac.uk:/vol1/run/ERR147/ERR14788905/capture_batch2_sample37_R1.fastq.gz;fasp.sra.ebi.ac.uk:/vol1/run/ERR147/ERR14788905/capture_batch2_sample37_R2.fastq.gz	8602990;7271918
ERR14788912	SAMEA4777527	Nigeria	2017-06-07	DTU2017_MG_90_NG_LA	ftp.sra.ebi.ac.uk/vol1/fastq/ERR147/012/ERR14788912/ERR14788912_1.fastq.gz;ftp.sra.ebi.ac.uk/vol1/fastq/ERR147/012/ERR14788912/ERR14788912_2.fastq.gz	wastewater metagenome	fasp.sra.ebi.ac.uk:/vol1/run/ERR147/ERR14788912/capture_batch2_sample44_R1.fastq.gz;fasp.sra.ebi.ac.uk:/vol1/run/ERR147/ERR14788912/capture_batch2_sample44_R2.fastq.gz	14485704;11979832
ERR14788914	SAMEA7428488	Nigeria	2018-07-03	DTU_2018_724_1_MG_NG_LA_421	ftp.sra.ebi.ac.uk/vol1/fastq/ERR147/014/ERR14788914/ERR14788914_1.fastq.gz;ftp.sra.ebi.ac.uk/vol1/fastq/ERR147/014/ERR14788914/ERR14788914_2.fastq.gz	wastewater metagenome	fasp.sra.ebi.ac.uk:/vol1/run/ERR147/ERR14788914/capture_batch2_sample46_R1.fastq.gz;fasp.sra.ebi.ac.uk:/vol1/run/ERR147/ERR14788914/capture_batch2_sample46_R2.fastq.gz	39544316;31872629
ERR14788915	SAMEA7426363	Nigeria	2018-12-18	DTU_2018_908_1_MG_NG_LA_593	ftp.sra.ebi.ac.uk/vol1/fastq/ERR147/015/ERR14788915/ERR14788915_1.fastq.gz;ftp.sra.ebi.ac.uk/vol1/fastq/ERR147/015/ERR14788915/ERR14788915_2.fastq.gz	wastewater metagenome	fasp.sra.ebi.ac.uk:/vol1/run/ERR147/ERR14788915/capture_batch2_sample47_R1.fastq.gz;fasp.sra.ebi.ac.uk:/vol1/run/ERR147/ERR14788915/capture_batch2_sample47_R2.fastq.gz	18475345;15481207
ERR14788917	SAMEA4777483	Austria	2017-06-07	DTU2017_MG_50_AT_VI	ftp.sra.ebi.ac.uk/vol1/fastq/ERR147/017/ERR14788917/ERR14788917_1.fastq.gz;ftp.sra.ebi.ac.uk/vol1/fastq/ERR147/017/ERR14788917/ERR14788917_2.fastq.gz	wastewater metagenome	fasp.sra.ebi.ac.uk:/vol1/run/ERR147/ERR14788917/capture_batch3_sample1_R1.fastq.gz;fasp.sra.ebi.ac.uk:/vol1/run/ERR147/ERR14788917/capture_batch3_sample1_R2.fastq.gz	8758603;6943373
ERR14788918	SAMEA7428241	Austria	2017-11-21	DTU_2017_493_1_MG_AT_VI_189	ftp.sra.ebi.ac.uk/vol1/fastq/ERR147/018/ERR14788918/ERR14788918_1.fastq.gz;ftp.sra.ebi.ac.uk/vol1/fastq/ERR147/018/ERR14788918/ERR14788918_2.fastq.gz	wastewater metagenome	fasp.sra.ebi.ac.uk:/vol1/run/ERR147/ERR14788918/capture_batch3_sample2_R1.fastq.gz;fasp.sra.ebi.ac.uk:/vol1/run/ERR147/ERR14788918/capture_batch3_sample2_R2.fastq.gz	63753503;47725920
ERR14788921	SAMEA117872997	Australia	2017-06-15	AU-ME-133	ftp.sra.ebi.ac.uk/vol1/fastq/ERR147/021/ERR14788921/ERR14788921_1.fastq.gz;ftp.sra.ebi.ac.uk/vol1/fastq/ERR147/021/ERR14788921/ERR14788921_2.fastq.gz	Stigmatella aurantiaca	fasp.sra.ebi.ac.uk:/vol1/run/ERR147/ERR14788921/capture_batch3_sample5_R1.fastq.gz;fasp.sra.ebi.ac.uk:/vol1/run/ERR147/ERR14788921/capture_batch3_sample5_R2.fastq.gz	36681601;27986835
ERR14788923	SAMEA7428519	Australia	2018-06-19	DTU_2018_757_1_MG_AU_ME_454	ftp.sra.ebi.ac.uk/vol1/fastq/ERR147/023/ERR14788923/ERR14788923_1.fastq.gz;ftp.sra.ebi.ac.uk/vol1/fastq/ERR147/023/ERR14788923/ERR14788923_2.fastq.gz	wastewater metagenome	fasp.sra.ebi.ac.uk:/vol1/run/ERR147/ERR14788923/capture_batch3_sample7_R1.fastq.gz;fasp.sra.ebi.ac.uk:/vol1/run/ERR147/ERR14788923/capture_batch3_sample7_R2.fastq.gz	55157858;42111778
ERR14788925	SAMEA13189671	Australia	2017-08-16	DTU_2017_1013507_1_MG_AU1708_L2	ftp.sra.ebi.ac.uk/vol1/fastq/ERR147/025/ERR14788925/ERR14788925_1.fastq.gz;ftp.sra.ebi.ac.uk/vol1/fastq/ERR147/025/ERR14788925/ERR14788925_2.fastq.gz	wastewater metagenome	fasp.sra.ebi.ac.uk:/vol1/run/ERR147/ERR14788925/capture_batch3_sample9_R1.fastq.gz;fasp.sra.ebi.ac.uk:/vol1/run/ERR147/ERR14788925/capture_batch3_sample9_R2.fastq.gz	5377213;3714177
ERR14788929	SAMEA13189710	Australia	2018-01-23	DTU_2018_1013546_1_MG_AU1801_L44	ftp.sra.ebi.ac.uk/vol1/fastq/ERR147/029/ERR14788929/ERR14788929_1.fastq.gz;ftp.sra.ebi.ac.uk/vol1/fastq/ERR147/029/ERR14788929/ERR14788929_2.fastq.gz	wastewater metagenome	fasp.sra.ebi.ac.uk:/vol1/run/ERR147/ERR14788929/capture_batch3_sample13_R1.fastq.gz;fasp.sra.ebi.ac.uk:/vol1/run/ERR147/ERR14788929/capture_batch3_sample13_R2.fastq.gz	20909743;15526934
ERR14788931	SAMEA13189720	Australia	2018-03-27	DTU_2018_1013556_1_MG_AU1803_L58	ftp.sra.ebi.ac.uk/vol1/fastq/ERR147/031/ERR14788931/ERR14788931_1.fastq.gz;ftp.sra.ebi.ac.uk/vol1/fastq/ERR147/031/ERR14788931/ERR14788931_2.fastq.gz	wastewater metagenome	fasp.sra.ebi.ac.uk:/vol1/run/ERR147/ERR14788931/capture_batch3_sample15_R1.fastq.gz;fasp.sra.ebi.ac.uk:/vol1/run/ERR147/ERR14788931/capture_batch3_sample15_R2.fastq.gz	20815189;16876952
ERR14788934	SAMEA13189730	Australia	2018-07-19	DTU_2018_1013566_1_MG_AU1807_L70	ftp.sra.ebi.ac.uk/vol1/fastq/ERR147/034/ERR14788934/ERR14788934_1.fastq.gz;ftp.sra.ebi.ac.uk/vol1/fastq/ERR147/034/ERR14788934/ERR14788934_2.fastq.gz	wastewater metagenome	fasp.sra.ebi.ac.uk:/vol1/run/ERR147/ERR14788934/capture_batch3_sample18_R1.fastq.gz;fasp.sra.ebi.ac.uk:/vol1/run/ERR147/ERR14788934/capture_batch3_sample18_R2.fastq.gz	26049489;20736452
ERR14788936	SAMEA4777503	Bangladesh	2017-06-14	DTU2017_MG_69_BD_DH	ftp.sra.ebi.ac.uk/vol1/fastq/ERR147/036/ERR14788936/ERR14788936_1.fastq.gz;ftp.sra.ebi.ac.uk/vol1/fastq/ERR147/036/ERR14788936/ERR14788936_2.fastq.gz	wastewater metagenome	fasp.sra.ebi.ac.uk:/vol1/run/ERR147/ERR14788936/capture_batch3_sample20_R1.fastq.gz;fasp.sra.ebi.ac.uk:/vol1/run/ERR147/ERR14788936/capture_batch3_sample20_R2.fastq.gz	6318390;4823588
ERR14788942	SAMEA7428485	Canada	2018-07-13	DTU_2018_721_1_MG_CA_VA_418	ftp.sra.ebi.ac.uk/vol1/fastq/ERR147/042/ERR14788942/ERR14788942_1.fastq.gz;ftp.sra.ebi.ac.uk/vol1/fastq/ERR147/042/ERR14788942/ERR14788942_2.fastq.gz	wastewater metagenome	fasp.sra.ebi.ac.uk:/vol1/run/ERR147/ERR14788942/capture_batch3_sample26_R1.fastq.gz;fasp.sra.ebi.ac.uk:/vol1/run/ERR147/ERR14788942/capture_batch3_sample26_R2.fastq.gz	19359940;14357712
ERR14788943	SAMEA7426359	Canada	2018-12-06	DTU_2018_904_1_MG_CA_VA_589	ftp.sra.ebi.ac.uk/vol1/fastq/ERR147/043/ERR14788943/ERR14788943_1.fastq.gz;ftp.sra.ebi.ac.uk/vol1/fastq/ERR147/043/ERR14788943/ERR14788943_2.fastq.gz	wastewater metagenome	fasp.sra.ebi.ac.uk:/vol1/run/ERR147/ERR14788943/capture_batch3_sample27_R1.fastq.gz;fasp.sra.ebi.ac.uk:/vol1/run/ERR147/ERR14788943/capture_batch3_sample27_R2.fastq.gz	11860873;8271998
ERR14788947	SAMEA7426367	Cameroon	2018-11-23	DTU_2018_912_1_MG_CM_YA_597	ftp.sra.ebi.ac.uk/vol1/fastq/ERR147/047/ERR14788947/ERR14788947_1.fastq.gz;ftp.sra.ebi.ac.uk/vol1/fastq/ERR147/047/ERR14788947/ERR14788947_2.fastq.gz	wastewater metagenome	fasp.sra.ebi.ac.uk:/vol1/run/ERR147/ERR14788947/capture_batch3_sample31_R1.fastq.gz;fasp.sra.ebi.ac.uk:/vol1/run/ERR147/ERR14788947/capture_batch3_sample31_R2.fastq.gz	14609790;9828623
ERR14788948	SAMEA13189691	Cameroon	2017-07-19	DTU_2017_1013527_1_MG_CM1707_L25	ftp.sra.ebi.ac.uk/vol1/fastq/ERR147/048/ERR14788948/ERR14788948_1.fastq.gz;ftp.sra.ebi.ac.uk/vol1/fastq/ERR147/048/ERR14788948/ERR14788948_2.fastq.gz	wastewater metagenome	fasp.sra.ebi.ac.uk:/vol1/run/ERR147/ERR14788948/capture_batch3_sample32_R1.fastq.gz;fasp.sra.ebi.ac.uk:/vol1/run/ERR147/ERR14788948/capture_batch3_sample32_R2.fastq.gz	58382211;43218483
ERR14788949	SAMEA13189692	Cameroon	2017-08-18	DTU_2017_1013528_1_MG_CM1708_L26	ftp.sra.ebi.ac.uk/vol1/fastq/ERR147/049/ERR14788949/ERR14788949_1.fastq.gz;ftp.sra.ebi.ac.uk/vol1/fastq/ERR147/049/ERR14788949/ERR14788949_2.fastq.gz	wastewater metagenome	fasp.sra.ebi.ac.uk:/vol1/run/ERR147/ERR14788949/capture_batch3_sample33_R1.fastq.gz;fasp.sra.ebi.ac.uk:/vol1/run/ERR147/ERR14788949/capture_batch3_sample33_R2.fastq.gz	87912555;68780687
ERR14788955	SAMEA13189753	Cameroon	2018-03-18	DTU_2018_1013589_1_MG_CM1803_L99	ftp.sra.ebi.ac.uk/vol1/fastq/ERR147/055/ERR14788955/ERR14788955_1.fastq.gz;ftp.sra.ebi.ac.uk/vol1/fastq/ERR147/055/ERR14788955/ERR14788955_2.fastq.gz	wastewater metagenome	fasp.sra.ebi.ac.uk:/vol1/run/ERR147/ERR14788955/capture_batch3_sample39_R1.fastq.gz;fasp.sra.ebi.ac.uk:/vol1/run/ERR147/ERR14788955/capture_batch3_sample39_R2.fastq.gz	8200584;6349717
ERR14788956	SAMEA13189750	Cameroon	2018-04-03	DTU_2018_1013586_1_MG_CM1804_L96	ftp.sra.ebi.ac.uk/vol1/fastq/ERR147/056/ERR14788956/ERR14788956_1.fastq.gz;ftp.sra.ebi.ac.uk/vol1/fastq/ERR147/056/ERR14788956/ERR14788956_2.fastq.gz	wastewater metagenome	fasp.sra.ebi.ac.uk:/vol1/run/ERR147/ERR14788956/capture_batch3_sample40_R1.fastq.gz;fasp.sra.ebi.ac.uk:/vol1/run/ERR147/ERR14788956/capture_batch3_sample40_R2.fastq.gz	26802723;20477819
ERR14788957	SAMEA117873020	Cameroon	2018-05-22	CM1805	ftp.sra.ebi.ac.uk/vol1/fastq/ERR147/057/ERR14788957/ERR14788957_1.fastq.gz;ftp.sra.ebi.ac.uk/vol1/fastq/ERR147/057/ERR14788957/ERR14788957_2.fastq.gz	Stigmatella aurantiaca	fasp.sra.ebi.ac.uk:/vol1/run/ERR147/ERR14788957/capture_batch3_sample41_R1.fastq.gz;fasp.sra.ebi.ac.uk:/vol1/run/ERR147/ERR14788957/capture_batch3_sample41_R2.fastq.gz	39910366;30914321
ERR14788958	SAMEA13189732	Cameroon	2018-07-19	DTU_2018_1013568_1_MG_CM1807_L72	ftp.sra.ebi.ac.uk/vol1/fastq/ERR147/058/ERR14788958/ERR14788958_1.fastq.gz;ftp.sra.ebi.ac.uk/vol1/fastq/ERR147/058/ERR14788958/ERR14788958_2.fastq.gz	wastewater metagenome	fasp.sra.ebi.ac.uk:/vol1/run/ERR147/ERR14788958/capture_batch3_sample42_R1.fastq.gz;fasp.sra.ebi.ac.uk:/vol1/run/ERR147/ERR14788958/capture_batch3_sample42_R2.fastq.gz	16269014;12625069
ERR14788970	SAMEA7428278	Malaysia	2017-11-30	DTU_2017_534_1_MG_MY_KL_230	ftp.sra.ebi.ac.uk/vol1/fastq/ERR147/070/ERR14788970/ERR14788970_1.fastq.gz;ftp.sra.ebi.ac.uk/vol1/fastq/ERR147/070/ERR14788970/ERR14788970_2.fastq.gz	wastewater metagenome	fasp.sra.ebi.ac.uk:/vol1/run/ERR147/ERR14788970/capture_batch4_sample6_R1.fastq.gz;fasp.sra.ebi.ac.uk:/vol1/run/ERR147/ERR14788970/capture_batch4_sample6_R2.fastq.gz	25064303;21555904
ERR14788977	SAMEA13189700	Malaysia	2017-11-04	DTU_2017_1013536_1_MG_MY1711_L34	ftp.sra.ebi.ac.uk/vol1/fastq/ERR147/077/ERR14788977/ERR14788977_1.fastq.gz;ftp.sra.ebi.ac.uk/vol1/fastq/ERR147/077/ERR14788977/ERR14788977_2.fastq.gz	wastewater metagenome	fasp.sra.ebi.ac.uk:/vol1/run/ERR147/ERR14788977/capture_batch4_sample13_R1.fastq.gz;fasp.sra.ebi.ac.uk:/vol1/run/ERR147/ERR14788977/capture_batch4_sample13_R2.fastq.gz	35341091;32642875
ERR14788986	SAMEA117873007	Denmark	2017-08-09	RD-287	ftp.sra.ebi.ac.uk/vol1/fastq/ERR147/086/ERR14788986/ERR14788986_1.fastq.gz;ftp.sra.ebi.ac.uk/vol1/fastq/ERR147/086/ERR14788986/ERR14788986_2.fastq.gz	Stigmatella aurantiaca	fasp.sra.ebi.ac.uk:/vol1/run/ERR147/ERR14788986/capture_batch4_sample22_R1.fastq.gz;fasp.sra.ebi.ac.uk:/vol1/run/ERR147/ERR14788986/capture_batch4_sample22_R2.fastq.gz	13117759;11278131
ERR14788989	SAMEA117873010	Denmark	2017-11-01	RD-317	ftp.sra.ebi.ac.uk/vol1/fastq/ERR147/089/ERR14788989/ERR14788989_1.fastq.gz;ftp.sra.ebi.ac.uk/vol1/fastq/ERR147/089/ERR14788989/ERR14788989_2.fastq.gz	Stigmatella aurantiaca	fasp.sra.ebi.ac.uk:/vol1/run/ERR147/ERR14788989/capture_batch4_sample25_R1.fastq.gz;fasp.sra.ebi.ac.uk:/vol1/run/ERR147/ERR14788989/capture_batch4_sample25_R2.fastq.gz	12383099;10507112
ERR14788991	SAMEA117873012	Denmark	2018-04-04	RD-387	ftp.sra.ebi.ac.uk/vol1/fastq/ERR147/091/ERR14788991/ERR14788991_1.fastq.gz;ftp.sra.ebi.ac.uk/vol1/fastq/ERR147/091/ERR14788991/ERR14788991_2.fastq.gz	Stigmatella aurantiaca	fasp.sra.ebi.ac.uk:/vol1/run/ERR147/ERR14788991/capture_batch4_sample27_R1.fastq.gz;fasp.sra.ebi.ac.uk:/vol1/run/ERR147/ERR14788991/capture_batch4_sample27_R2.fastq.gz	28050151;26262348
ERR14788994	SAMEA117873015	Denmark	2018-10-04	RD-452	ftp.sra.ebi.ac.uk/vol1/fastq/ERR147/094/ERR14788994/ERR14788994_1.fastq.gz;ftp.sra.ebi.ac.uk/vol1/fastq/ERR147/094/ERR14788994/ERR14788994_2.fastq.gz	Stigmatella aurantiaca	fasp.sra.ebi.ac.uk:/vol1/run/ERR147/ERR14788994/capture_batch4_sample30_R1.fastq.gz;fasp.sra.ebi.ac.uk:/vol1/run/ERR147/ERR14788994/capture_batch4_sample30_R2.fastq.gz	52295259;48457297
ERR14789002	SAMEA13189696	USA	2017-01-12	DTU_2017_1013532_1_MG_US1712_L30	ftp.sra.ebi.ac.uk/vol1/fastq/ERR147/002/ERR14789002/ERR14789002_1.fastq.gz;ftp.sra.ebi.ac.uk/vol1/fastq/ERR147/002/ERR14789002/ERR14789002_2.fastq.gz	wastewater metagenome	fasp.sra.ebi.ac.uk:/vol1/run/ERR147/ERR14789002/capture_batch4_sample38_R1.fastq.gz;fasp.sra.ebi.ac.uk:/vol1/run/ERR147/ERR14789002/capture_batch4_sample38_R2.fastq.gz	17213240;15957016
ERR14789003	SAMEA13189716	USA	2017-12-20	DTU_2017_1013552_1_MG_US1712_L54	ftp.sra.ebi.ac.uk/vol1/fastq/ERR147/003/ERR14789003/ERR14789003_1.fastq.gz;ftp.sra.ebi.ac.uk/vol1/fastq/ERR147/003/ERR14789003/ERR14789003_2.fastq.gz	wastewater metagenome	fasp.sra.ebi.ac.uk:/vol1/run/ERR147/ERR14789003/capture_batch4_sample39_R1.fastq.gz;fasp.sra.ebi.ac.uk:/vol1/run/ERR147/ERR14789003/capture_batch4_sample39_R2.fastq.gz	14529977;12276892
ERR14789004	SAMEA13189717	USA	2018-01-30	DTU_2018_1013553_1_MG_US1801_L55	ftp.sra.ebi.ac.uk/vol1/fastq/ERR147/004/ERR14789004/ERR14789004_1.fastq.gz;ftp.sra.ebi.ac.uk/vol1/fastq/ERR147/004/ERR14789004/ERR14789004_2.fastq.gz	wastewater metagenome	fasp.sra.ebi.ac.uk:/vol1/run/ERR147/ERR14789004/capture_batch4_sample40_R1.fastq.gz;fasp.sra.ebi.ac.uk:/vol1/run/ERR147/ERR14789004/capture_batch4_sample40_R2.fastq.gz	7782663;6483632
ERR14789006	SAMEA13189719	USA	2018-03-29	DTU_2018_1013555_1_MG_US1803_L57	ftp.sra.ebi.ac.uk/vol1/fastq/ERR147/006/ERR14789006/ERR14789006_1.fastq.gz;ftp.sra.ebi.ac.uk/vol1/fastq/ERR147/006/ERR14789006/ERR14789006_2.fastq.gz	wastewater metagenome	fasp.sra.ebi.ac.uk:/vol1/run/ERR147/ERR14789006/capture_batch4_sample42_R1.fastq.gz;fasp.sra.ebi.ac.uk:/vol1/run/ERR147/ERR14789006/capture_batch4_sample42_R2.fastq.gz	41922525;40994072
ERR14789008	SAMEA13189727	USA	2018-05-13	DTU_2018_1013563_1_MG_US1805_L67	ftp.sra.ebi.ac.uk/vol1/fastq/ERR147/008/ERR14789008/ERR14789008_1.fastq.gz;ftp.sra.ebi.ac.uk/vol1/fastq/ERR147/008/ERR14789008/ERR14789008_2.fastq.gz	wastewater metagenome	fasp.sra.ebi.ac.uk:/vol1/run/ERR147/ERR14789008/capture_batch4_sample44_R1.fastq.gz;fasp.sra.ebi.ac.uk:/vol1/run/ERR147/ERR14789008/capture_batch4_sample44_R2.fastq.gz	36169244;34717617
ERR14789010	SAMEA13189729	USA	2018-08-23	DTU_2018_1013565_1_MG_US1808_L69	ftp.sra.ebi.ac.uk/vol1/fastq/ERR147/010/ERR14789010/ERR14789010_1.fastq.gz;ftp.sra.ebi.ac.uk/vol1/fastq/ERR147/010/ERR14789010/ERR14789010_2.fastq.gz	wastewater metagenome	fasp.sra.ebi.ac.uk:/vol1/run/ERR147/ERR14789010/capture_batch4_sample46_R1.fastq.gz;fasp.sra.ebi.ac.uk:/vol1/run/ERR147/ERR14789010/capture_batch4_sample46_R2.fastq.gz	13211956;12489171
ERR14789012	SAMEA13189739	Canada	2018-09-28	DTU_2018_1013575_1_MG_CA1809_L79	ftp.sra.ebi.ac.uk/vol1/fastq/ERR147/012/ERR14789012/ERR14789012_1.fastq.gz;ftp.sra.ebi.ac.uk/vol1/fastq/ERR147/012/ERR14789012/ERR14789012_2.fastq.gz	wastewater metagenome	fasp.sra.ebi.ac.uk:/vol1/run/ERR147/ERR14789012/capture_batch4_sample48_R1.fastq.gz;fasp.sra.ebi.ac.uk:/vol1/run/ERR147/ERR14789012/capture_batch4_sample48_R2.fastq.gz	6749281;6424455
ERR14789013	SAMEA117873003	Canada	2017-06-22	CA-RE-136	ftp.sra.ebi.ac.uk/vol1/fastq/ERR147/013/ERR14789013/ERR14789013_1.fastq.gz;ftp.sra.ebi.ac.uk/vol1/fastq/ERR147/013/ERR14789013/ERR14789013_2.fastq.gz	Stigmatella aurantiaca	fasp.sra.ebi.ac.uk:/vol1/run/ERR147/ERR14789013/capture_batch5_sample1_R1.fastq.gz;fasp.sra.ebi.ac.uk:/vol1/run/ERR147/ERR14789013/capture_batch5_sample1_R2.fastq.gz	52110321;46336033
ERR14789014	SAMEA7428341	Canada	2017-11-22	DTU_2017_603_1_MG_CA_RE_299	ftp.sra.ebi.ac.uk/vol1/fastq/ERR147/014/ERR14789014/ERR14789014_1.fastq.gz;ftp.sra.ebi.ac.uk/vol1/fastq/ERR147/014/ERR14789014/ERR14789014_2.fastq.gz	wastewater metagenome	fasp.sra.ebi.ac.uk:/vol1/run/ERR147/ERR14789014/capture_batch5_sample2_R1.fastq.gz;fasp.sra.ebi.ac.uk:/vol1/run/ERR147/ERR14789014/capture_batch5_sample2_R2.fastq.gz	21543118;18791551
ERR14789015	SAMEA7428473	Canada	2018-07-10	DTU_2018_708_1_MG_CA_RE_396	ftp.sra.ebi.ac.uk/vol1/fastq/ERR147/015/ERR14789015/ERR14789015_1.fastq.gz;ftp.sra.ebi.ac.uk/vol1/fastq/ERR147/015/ERR14789015/ERR14789015_2.fastq.gz	wastewater metagenome	fasp.sra.ebi.ac.uk:/vol1/run/ERR147/ERR14789015/capture_batch5_sample3_R1.fastq.gz;fasp.sra.ebi.ac.uk:/vol1/run/ERR147/ERR14789015/capture_batch5_sample3_R2.fastq.gz	9378617;8406766
ERR14789018	SAMEA13189702	Canada	2017-08-22	DTU_2017_1013538_1_MG_CA1708_L36	ftp.sra.ebi.ac.uk/vol1/fastq/ERR147/018/ERR14789018/ERR14789018_1.fastq.gz;ftp.sra.ebi.ac.uk/vol1/fastq/ERR147/018/ERR14789018/ERR14789018_2.fastq.gz	wastewater metagenome	fasp.sra.ebi.ac.uk:/vol1/run/ERR147/ERR14789018/capture_batch5_sample6_R1.fastq.gz;fasp.sra.ebi.ac.uk:/vol1/run/ERR147/ERR14789018/capture_batch5_sample6_R2.fastq.gz	13665434;12337030
ERR14789026	SAMEA13189738	Canada	2018-08-16	DTU_2018_1013574_1_MG_CA1808_L78	ftp.sra.ebi.ac.uk/vol1/fastq/ERR147/026/ERR14789026/ERR14789026_1.fastq.gz;ftp.sra.ebi.ac.uk/vol1/fastq/ERR147/026/ERR14789026/ERR14789026_2.fastq.gz	wastewater metagenome	fasp.sra.ebi.ac.uk:/vol1/run/ERR147/ERR14789026/capture_batch5_sample14_R1.fastq.gz;fasp.sra.ebi.ac.uk:/vol1/run/ERR147/ERR14789026/capture_batch5_sample14_R2.fastq.gz	9005642;8109537
ERR14789027	SAMEA13189739	Canada	2018-09-28	DTU_2018_1013575_1_MG_CA1809_L79	ftp.sra.ebi.ac.uk/vol1/fastq/ERR147/027/ERR14789027/ERR14789027_1.fastq.gz;ftp.sra.ebi.ac.uk/vol1/fastq/ERR147/027/ERR14789027/ERR14789027_2.fastq.gz	wastewater metagenome	fasp.sra.ebi.ac.uk:/vol1/run/ERR147/ERR14789027/capture_batch5_sample15_R1.fastq.gz;fasp.sra.ebi.ac.uk:/vol1/run/ERR147/ERR14789027/capture_batch5_sample15_R2.fastq.gz	14011775;12844679
ERR14789028	SAMEA13189740	Ecuador	2018-03-29	DTU_2018_1013576_1_MG_EC1803_L80	ftp.sra.ebi.ac.uk/vol1/fastq/ERR147/028/ERR14789028/ERR14789028_1.fastq.gz;ftp.sra.ebi.ac.uk/vol1/fastq/ERR147/028/ERR14789028/ERR14789028_2.fastq.gz	wastewater metagenome	fasp.sra.ebi.ac.uk:/vol1/run/ERR147/ERR14789028/capture_batch5_sample16_R1.fastq.gz;fasp.sra.ebi.ac.uk:/vol1/run/ERR147/ERR14789028/capture_batch5_sample16_R2.fastq.gz	19954871;17201801
ERR14789030	SAMEA13189742	Ecuador	2018-05-25	DTU_2018_1013578_1_MG_EC1805_L82	ftp.sra.ebi.ac.uk/vol1/fastq/ERR147/030/ERR14789030/ERR14789030_1.fastq.gz;ftp.sra.ebi.ac.uk/vol1/fastq/ERR147/030/ERR14789030/ERR14789030_2.fastq.gz	wastewater metagenome	fasp.sra.ebi.ac.uk:/vol1/run/ERR147/ERR14789030/capture_batch5_sample18_R1.fastq.gz;fasp.sra.ebi.ac.uk:/vol1/run/ERR147/ERR14789030/capture_batch5_sample18_R2.fastq.gz	10468803;8982208
ERR14789031	SAMEA13189743	Ecuador	2018-07-26	DTU_2018_1013579_1_MG_EC1807_L83	ftp.sra.ebi.ac.uk/vol1/fastq/ERR147/031/ERR14789031/ERR14789031_1.fastq.gz;ftp.sra.ebi.ac.uk/vol1/fastq/ERR147/031/ERR14789031/ERR14789031_2.fastq.gz	wastewater metagenome	fasp.sra.ebi.ac.uk:/vol1/run/ERR147/ERR14789031/capture_batch5_sample19_R1.fastq.gz;fasp.sra.ebi.ac.uk:/vol1/run/ERR147/ERR14789031/capture_batch5_sample19_R2.fastq.gz	11041516;9087751
ERR14789032	SAMEA13189744	Ecuador	2018-08-29	DTU_2018_1013580_1_MG_EC1808_L84	ftp.sra.ebi.ac.uk/vol1/fastq/ERR147/032/ERR14789032/ERR14789032_1.fastq.gz;ftp.sra.ebi.ac.uk/vol1/fastq/ERR147/032/ERR14789032/ERR14789032_2.fastq.gz	wastewater metagenome	fasp.sra.ebi.ac.uk:/vol1/run/ERR147/ERR14789032/capture_batch5_sample20_R1.fastq.gz;fasp.sra.ebi.ac.uk:/vol1/run/ERR147/ERR14789032/capture_batch5_sample20_R2.fastq.gz	12404161;10425637
ERR14789039	SAMEA7428480	Ecuador	2018-06-28	DTU_2018_716_1_MG_EC_QU_413	ftp.sra.ebi.ac.uk/vol1/fastq/ERR147/039/ERR14789039/ERR14789039_1.fastq.gz;ftp.sra.ebi.ac.uk/vol1/fastq/ERR147/039/ERR14789039/ERR14789039_2.fastq.gz	wastewater metagenome	fasp.sra.ebi.ac.uk:/vol1/run/ERR147/ERR14789039/capture_batch5_sample27_R1.fastq.gz;fasp.sra.ebi.ac.uk:/vol1/run/ERR147/ERR14789039/capture_batch5_sample27_R2.fastq.gz	16611258;14398086
ERR14789041	SAMEA13189706	Ecuador	2018-01-31	DTU_2018_1013542_1_MG_EC1801_L40	ftp.sra.ebi.ac.uk/vol1/fastq/ERR147/041/ERR14789041/ERR14789041_1.fastq.gz;ftp.sra.ebi.ac.uk/vol1/fastq/ERR147/041/ERR14789041/ERR14789041_2.fastq.gz	wastewater metagenome	fasp.sra.ebi.ac.uk:/vol1/run/ERR147/ERR14789041/capture_batch5_sample29_R1.fastq.gz;fasp.sra.ebi.ac.uk:/vol1/run/ERR147/ERR14789041/capture_batch5_sample29_R2.fastq.gz	15443223;13737239
ERR14789046	SAMEA4777482	Greece	2017-06-09	DTU2017_MG_4_GR_AT	ftp.sra.ebi.ac.uk/vol1/fastq/ERR147/046/ERR14789046/ERR14789046_1.fastq.gz;ftp.sra.ebi.ac.uk/vol1/fastq/ERR147/046/ERR14789046/ERR14789046_2.fastq.gz	wastewater metagenome	fasp.sra.ebi.ac.uk:/vol1/run/ERR147/ERR14789046/capture_batch5_sample34_R1.fastq.gz;fasp.sra.ebi.ac.uk:/vol1/run/ERR147/ERR14789046/capture_batch5_sample34_R2.fastq.gz	13596883;11761672
ERR14789048	SAMEA7428420	Greece	2018-06-20	DTU_2018_652_1_MG_GR_AT_340	ftp.sra.ebi.ac.uk/vol1/fastq/ERR147/048/ERR14789048/ERR14789048_1.fastq.gz;ftp.sra.ebi.ac.uk/vol1/fastq/ERR147/048/ERR14789048/ERR14789048_2.fastq.gz	wastewater metagenome	fasp.sra.ebi.ac.uk:/vol1/run/ERR147/ERR14789048/capture_batch5_sample36_R1.fastq.gz;fasp.sra.ebi.ac.uk:/vol1/run/ERR147/ERR14789048/capture_batch5_sample36_R2.fastq.gz	6593189;5809546
ERR14789051	SAMEA7428301	Italy	2017-11-20	DTU_2017_557_1_MG_IT_RO_253	ftp.sra.ebi.ac.uk/vol1/fastq/ERR147/051/ERR14789051/ERR14789051_1.fastq.gz;ftp.sra.ebi.ac.uk/vol1/fastq/ERR147/051/ERR14789051/ERR14789051_2.fastq.gz	wastewater metagenome	fasp.sra.ebi.ac.uk:/vol1/run/ERR147/ERR14789051/capture_batch5_sample39_R1.fastq.gz;fasp.sra.ebi.ac.uk:/vol1/run/ERR147/ERR14789051/capture_batch5_sample39_R2.fastq.gz	11296024;9523746
ERR14789056	SAMEA7428495	New Zealand	2018-07-04	DTU_2018_731_1_MG_NZ_CH_428	ftp.sra.ebi.ac.uk/vol1/fastq/ERR147/056/ERR14789056/ERR14789056_1.fastq.gz;ftp.sra.ebi.ac.uk/vol1/fastq/ERR147/056/ERR14789056/ERR14789056_2.fastq.gz	wastewater metagenome	fasp.sra.ebi.ac.uk:/vol1/run/ERR147/ERR14789056/capture_batch5_sample44_R1.fastq.gz;fasp.sra.ebi.ac.uk:/vol1/run/ERR147/ERR14789056/capture_batch5_sample44_R2.fastq.gz	7286927;5556332
ERR14789057	SAMEA7426370	New Zealand	2018-12-17	DTU_2018_915_1_MG_NZ_CH_600	ftp.sra.ebi.ac.uk/vol1/fastq/ERR147/057/ERR14789057/ERR14789057_1.fastq.gz;ftp.sra.ebi.ac.uk/vol1/fastq/ERR147/057/ERR14789057/ERR14789057_2.fastq.gz	wastewater metagenome	fasp.sra.ebi.ac.uk:/vol1/run/ERR147/ERR14789057/capture_batch5_sample45_R1.fastq.gz;fasp.sra.ebi.ac.uk:/vol1/run/ERR147/ERR14789057/capture_batch5_sample45_R2.fastq.gz	17210249;15019514
ERR14789060	SAMEA7426366	Singapore	2019-01-16	DTU_2018_911_1_MG_SG_JU_596	ftp.sra.ebi.ac.uk/vol1/fastq/ERR147/060/ERR14789060/ERR14789060_1.fastq.gz;ftp.sra.ebi.ac.uk/vol1/fastq/ERR147/060/ERR14789060/ERR14789060_2.fastq.gz	wastewater metagenome	fasp.sra.ebi.ac.uk:/vol1/run/ERR147/ERR14789060/capture_batch5_sample48_R1.fastq.gz;fasp.sra.ebi.ac.uk:/vol1/run/ERR147/ERR14789060/capture_batch5_sample48_R2.fastq.gz	35929837;30268233
ERR14789061	SAMEA13189739	Canada	2018-09-28	DTU_2018_1013575_1_MG_CA1809_L79	ftp.sra.ebi.ac.uk/vol1/fastq/ERR147/061/ERR14789061/ERR14789061_1.fastq.gz;ftp.sra.ebi.ac.uk/vol1/fastq/ERR147/061/ERR14789061/ERR14789061_2.fastq.gz	wastewater metagenome	fasp.sra.ebi.ac.uk:/vol1/run/ERR147/ERR14789061/capture_batch5_sample49_R1.fastq.gz;fasp.sra.ebi.ac.uk:/vol1/run/ERR147/ERR14789061/capture_batch5_sample49_R2.fastq.gz	13272576;12219120
ERR14789063	SAMEA7428483	Cote d'Ivoire	2018-07-06	DTU_2018_719_1_MG_CI_BO_416	ftp.sra.ebi.ac.uk/vol1/fastq/ERR147/063/ERR14789063/ERR14789063_1.fastq.gz;ftp.sra.ebi.ac.uk/vol1/fastq/ERR147/063/ERR14789063/ERR14789063_2.fastq.gz	wastewater metagenome	fasp.sra.ebi.ac.uk:/vol1/run/ERR147/ERR14789063/capture_batch6_sample1_R1.fastq.gz;fasp.sra.ebi.ac.uk:/vol1/run/ERR147/ERR14789063/capture_batch6_sample1_R2.fastq.gz	7396500;7317555
ERR14789066	SAMEA117872990	Cote d'Ivoire	2017-06-16	CI-BO-a-9	ftp.sra.ebi.ac.uk/vol1/fastq/ERR147/066/ERR14789066/ERR14789066_1.fastq.gz;ftp.sra.ebi.ac.uk/vol1/fastq/ERR147/066/ERR14789066/ERR14789066_2.fastq.gz	Stigmatella aurantiaca	fasp.sra.ebi.ac.uk:/vol1/run/ERR147/ERR14789066/capture_batch6_sample4_R1.fastq.gz;fasp.sra.ebi.ac.uk:/vol1/run/ERR147/ERR14789066/capture_batch6_sample4_R2.fastq.gz	1066562;909373
ERR14789070	SAMEA7426355	Finland	2018-11-13	DTU_2018_900_1_MG_FI_HE_586	ftp.sra.ebi.ac.uk/vol1/fastq/ERR147/070/ERR14789070/ERR14789070_1.fastq.gz;ftp.sra.ebi.ac.uk/vol1/fastq/ERR147/070/ERR14789070/ERR14789070_2.fastq.gz	wastewater metagenome	fasp.sra.ebi.ac.uk:/vol1/run/ERR147/ERR14789070/capture_batch6_sample8_R1.fastq.gz;fasp.sra.ebi.ac.uk:/vol1/run/ERR147/ERR14789070/capture_batch6_sample8_R2.fastq.gz	7681778;6936292
ERR14789072	SAMEA7428286	Greenland	2017-11-30	DTU_2017_542_1_MG_GL_SI_238	ftp.sra.ebi.ac.uk/vol1/fastq/ERR147/072/ERR14789072/ERR14789072_1.fastq.gz;ftp.sra.ebi.ac.uk/vol1/fastq/ERR147/072/ERR14789072/ERR14789072_2.fastq.gz	wastewater metagenome	fasp.sra.ebi.ac.uk:/vol1/run/ERR147/ERR14789072/capture_batch6_sample10_R1.fastq.gz;fasp.sra.ebi.ac.uk:/vol1/run/ERR147/ERR14789072/capture_batch6_sample10_R2.fastq.gz	7763635;7509763
ERR14789074	SAMEA7426375	Greenland	2018-11-08	DTU_2018_920_1_MG_GL_SI_604	ftp.sra.ebi.ac.uk/vol1/fastq/ERR147/074/ERR14789074/ERR14789074_1.fastq.gz;ftp.sra.ebi.ac.uk/vol1/fastq/ERR147/074/ERR14789074/ERR14789074_2.fastq.gz	wastewater metagenome	fasp.sra.ebi.ac.uk:/vol1/run/ERR147/ERR14789074/capture_batch6_sample12_R1.fastq.gz;fasp.sra.ebi.ac.uk:/vol1/run/ERR147/ERR14789074/capture_batch6_sample12_R2.fastq.gz	55995114;54281581
ERR14789075	SAMEA4777520	Hungary	2017-06-08	DTU2017_MG_84_HU_BU	ftp.sra.ebi.ac.uk/vol1/fastq/ERR147/075/ERR14789075/ERR14789075_1.fastq.gz;ftp.sra.ebi.ac.uk/vol1/fastq/ERR147/075/ERR14789075/ERR14789075_2.fastq.gz	wastewater metagenome	fasp.sra.ebi.ac.uk:/vol1/run/ERR147/ERR14789075/capture_batch6_sample13_R1.fastq.gz;fasp.sra.ebi.ac.uk:/vol1/run/ERR147/ERR14789075/capture_batch6_sample13_R2.fastq.gz	4797124;4610698
ERR14789078	SAMEA7426270	Hungary	2018-11-26	DTU_2018_811_1_MG_HU_BU_495	ftp.sra.ebi.ac.uk/vol1/fastq/ERR147/078/ERR14789078/ERR14789078_1.fastq.gz;ftp.sra.ebi.ac.uk/vol1/fastq/ERR147/078/ERR14789078/ERR14789078_2.fastq.gz	wastewater metagenome	fasp.sra.ebi.ac.uk:/vol1/run/ERR147/ERR14789078/capture_batch6_sample16_R1.fastq.gz;fasp.sra.ebi.ac.uk:/vol1/run/ERR147/ERR14789078/capture_batch6_sample16_R2.fastq.gz	3949023;3294415
ERR14789080	SAMEA7428288	India	2017-11-24	DTU_2017_544_1_MG_IN_CO_240	ftp.sra.ebi.ac.uk/vol1/fastq/ERR147/080/ERR14789080/ERR14789080_1.fastq.gz;ftp.sra.ebi.ac.uk/vol1/fastq/ERR147/080/ERR14789080/ERR14789080_2.fastq.gz	wastewater metagenome	fasp.sra.ebi.ac.uk:/vol1/run/ERR147/ERR14789080/capture_batch6_sample18_R1.fastq.gz;fasp.sra.ebi.ac.uk:/vol1/run/ERR147/ERR14789080/capture_batch6_sample18_R2.fastq.gz	2746661;2282999
ERR14789081	SAMEA7428463	India	2018-07-04	DTU_2018_698_1_MG_IN_KO_387	ftp.sra.ebi.ac.uk/vol1/fastq/ERR147/081/ERR14789081/ERR14789081_1.fastq.gz;ftp.sra.ebi.ac.uk/vol1/fastq/ERR147/081/ERR14789081/ERR14789081_2.fastq.gz	wastewater metagenome	fasp.sra.ebi.ac.uk:/vol1/run/ERR147/ERR14789081/capture_batch6_sample19_R1.fastq.gz;fasp.sra.ebi.ac.uk:/vol1/run/ERR147/ERR14789081/capture_batch6_sample19_R2.fastq.gz	1225134;980801
ERR14789084	SAMEA117872991	Malaysia	2017-11-23	MY-PG-314	ftp.sra.ebi.ac.uk/vol1/fastq/ERR147/084/ERR14789084/ERR14789084_1.fastq.gz;ftp.sra.ebi.ac.uk/vol1/fastq/ERR147/084/ERR14789084/ERR14789084_2.fastq.gz	Stigmatella aurantiaca	fasp.sra.ebi.ac.uk:/vol1/run/ERR147/ERR14789084/capture_batch6_sample22_R1.fastq.gz;fasp.sra.ebi.ac.uk:/vol1/run/ERR147/ERR14789084/capture_batch6_sample22_R2.fastq.gz	13474340;12251523
ERR14789085	SAMEA117872992	Malaysia	2018-06-27	MY-PG-423	ftp.sra.ebi.ac.uk/vol1/fastq/ERR147/085/ERR14789085/ERR14789085_1.fastq.gz;ftp.sra.ebi.ac.uk/vol1/fastq/ERR147/085/ERR14789085/ERR14789085_2.fastq.gz	Stigmatella aurantiaca	fasp.sra.ebi.ac.uk:/vol1/run/ERR147/ERR14789085/capture_batch6_sample23_R1.fastq.gz;fasp.sra.ebi.ac.uk:/vol1/run/ERR147/ERR14789085/capture_batch6_sample23_R2.fastq.gz	3149927;2549927
ERR14789087	SAMEA4777507	Sweden	2017-06-08	DTU2017_MG_72_SE_GO	ftp.sra.ebi.ac.uk/vol1/fastq/ERR147/087/ERR14789087/ERR14789087_1.fastq.gz;ftp.sra.ebi.ac.uk/vol1/fastq/ERR147/087/ERR14789087/ERR14789087_2.fastq.gz	wastewater metagenome	fasp.sra.ebi.ac.uk:/vol1/run/ERR147/ERR14789087/capture_batch6_sample25_R1.fastq.gz;fasp.sra.ebi.ac.uk:/vol1/run/ERR147/ERR14789087/capture_batch6_sample25_R2.fastq.gz	7531633;7547001
ERR14789090	SAMEA7426260	Sweden	2018-11-21	DTU_2018_801_1_MG_SE_GO_485	ftp.sra.ebi.ac.uk/vol1/fastq/ERR147/090/ERR14789090/ERR14789090_1.fastq.gz;ftp.sra.ebi.ac.uk/vol1/fastq/ERR147/090/ERR14789090/ERR14789090_2.fastq.gz	wastewater metagenome	fasp.sra.ebi.ac.uk:/vol1/run/ERR147/ERR14789090/capture_batch6_sample28_R1.fastq.gz;fasp.sra.ebi.ac.uk:/vol1/run/ERR147/ERR14789090/capture_batch6_sample28_R2.fastq.gz	14667646;13768466
ERR14789092	SAMEA7428270	Slovenia	2017-11-30	DTU_2017_526_1_MG_SI_LJ_222	ftp.sra.ebi.ac.uk/vol1/fastq/ERR147/092/ERR14789092/ERR14789092_1.fastq.gz;ftp.sra.ebi.ac.uk/vol1/fastq/ERR147/092/ERR14789092/ERR14789092_2.fastq.gz	wastewater metagenome	fasp.sra.ebi.ac.uk:/vol1/run/ERR147/ERR14789092/capture_batch6_sample30_R1.fastq.gz;fasp.sra.ebi.ac.uk:/vol1/run/ERR147/ERR14789092/capture_batch6_sample30_R2.fastq.gz	22489719;21172940
ERR14789093	SAMEA7428442	Slovenia	2018-06-20	DTU_2018_675_1_MG_SI_LJ_363	ftp.sra.ebi.ac.uk/vol1/fastq/ERR147/093/ERR14789093/ERR14789093_1.fastq.gz;ftp.sra.ebi.ac.uk/vol1/fastq/ERR147/093/ERR14789093/ERR14789093_2.fastq.gz	wastewater metagenome	fasp.sra.ebi.ac.uk:/vol1/run/ERR147/ERR14789093/capture_batch6_sample31_R1.fastq.gz;fasp.sra.ebi.ac.uk:/vol1/run/ERR147/ERR14789093/capture_batch6_sample31_R2.fastq.gz	5833752;5475328
ERR14789097	SAMEA7428464	Slovakia	2018-07-03	DTU_2018_699_1_MG_SK_BR_388	ftp.sra.ebi.ac.uk/vol1/fastq/ERR147/097/ERR14789097/ERR14789097_1.fastq.gz;ftp.sra.ebi.ac.uk/vol1/fastq/ERR147/097/ERR14789097/ERR14789097_2.fastq.gz	wastewater metagenome	fasp.sra.ebi.ac.uk:/vol1/run/ERR147/ERR14789097/capture_batch6_sample35_R1.fastq.gz;fasp.sra.ebi.ac.uk:/vol1/run/ERR147/ERR14789097/capture_batch6_sample35_R2.fastq.gz	7691222;7178919
ERR14789100	SAMEA7428287	Taiwan	2017-11-22	DTU_2017_543_1_MG_TW_TA_239	ftp.sra.ebi.ac.uk/vol1/fastq/ERR147/000/ERR14789100/ERR14789100_1.fastq.gz;ftp.sra.ebi.ac.uk/vol1/fastq/ERR147/000/ERR14789100/ERR14789100_2.fastq.gz	wastewater metagenome	fasp.sra.ebi.ac.uk:/vol1/run/ERR147/ERR14789100/capture_batch6_sample38_R1.fastq.gz;fasp.sra.ebi.ac.uk:/vol1/run/ERR147/ERR14789100/capture_batch6_sample38_R2.fastq.gz	9788212;8886605
ERR14789104	SAMEA7428275	Uganda	2017-12-01	DTU_2017_531_1_MG_UG_KA_227	ftp.sra.ebi.ac.uk/vol1/fastq/ERR147/004/ERR14789104/ERR14789104_1.fastq.gz;ftp.sra.ebi.ac.uk/vol1/fastq/ERR147/004/ERR14789104/ERR14789104_2.fastq.gz	wastewater metagenome	fasp.sra.ebi.ac.uk:/vol1/run/ERR147/ERR14789104/capture_batch6_sample42_R1.fastq.gz;fasp.sra.ebi.ac.uk:/vol1/run/ERR147/ERR14789104/capture_batch6_sample42_R2.fastq.gz	13986586;13008362
ERR14789107	SAMEA4777433	USA	2017-06-20	DTU2017_MG_158_US_CH	ftp.sra.ebi.ac.uk/vol1/fastq/ERR147/007/ERR14789107/ERR14789107_1.fastq.gz;ftp.sra.ebi.ac.uk/vol1/fastq/ERR147/007/ERR14789107/ERR14789107_2.fastq.gz	wastewater metagenome	fasp.sra.ebi.ac.uk:/vol1/run/ERR147/ERR14789107/capture_batch6_sample45_R1.fastq.gz;fasp.sra.ebi.ac.uk:/vol1/run/ERR147/ERR14789107/capture_batch6_sample45_R2.fastq.gz	6153259;5390945
ERR14789108	SAMEA7428331	USA	2017-11-02	DTU_2017_593_1_MG_US_CH_289	ftp.sra.ebi.ac.uk/vol1/fastq/ERR147/008/ERR14789108/ERR14789108_1.fastq.gz;ftp.sra.ebi.ac.uk/vol1/fastq/ERR147/008/ERR14789108/ERR14789108_2.fastq.gz	wastewater metagenome	fasp.sra.ebi.ac.uk:/vol1/run/ERR147/ERR14789108/capture_batch6_sample46_R1.fastq.gz;fasp.sra.ebi.ac.uk:/vol1/run/ERR147/ERR14789108/capture_batch6_sample46_R2.fastq.gz	9622642;8691341
ERR14789110	SAMEA7426394	USA	2018-01-22	DTU_2018_945_1_MG_US_CH_2_627	ftp.sra.ebi.ac.uk/vol1/fastq/ERR147/010/ERR14789110/ERR14789110_1.fastq.gz;ftp.sra.ebi.ac.uk/vol1/fastq/ERR147/010/ERR14789110/ERR14789110_2.fastq.gz	wastewater metagenome	fasp.sra.ebi.ac.uk:/vol1/run/ERR147/ERR14789110/capture_batch6_sample48_R1.fastq.gz;fasp.sra.ebi.ac.uk:/vol1/run/ERR147/ERR14789110/capture_batch6_sample48_R2.fastq.gz	16681622;16379321
ERR14789111	SAMEA117873027	Netherlands	2021	NEG-CTRL-6	ftp.sra.ebi.ac.uk/vol1/fastq/ERR147/011/ERR14789111/ERR14789111_1.fastq.gz;ftp.sra.ebi.ac.uk/vol1/fastq/ERR147/011/ERR14789111/ERR14789111_2.fastq.gz	Stigmatella aurantiaca	fasp.sra.ebi.ac.uk:/vol1/run/ERR147/ERR14789111/capture_batch6_sample49_R1.fastq.gz;fasp.sra.ebi.ac.uk:/vol1/run/ERR147/ERR14789111/capture_batch6_sample49_R2.fastq.gz	4288047;3682355
ERR14789114	SAMEA7428266	Cote d'Ivoire	2017-11-22	DTU_2017_522_1_MG_CI_AB_218	ftp.sra.ebi.ac.uk/vol1/fastq/ERR147/014/ERR14789114/ERR14789114_1.fastq.gz;ftp.sra.ebi.ac.uk/vol1/fastq/ERR147/014/ERR14789114/ERR14789114_2.fastq.gz	wastewater metagenome	fasp.sra.ebi.ac.uk:/vol1/run/ERR147/ERR14789114/capture_batch7_sample2_R1.fastq.gz;fasp.sra.ebi.ac.uk:/vol1/run/ERR147/ERR14789114/capture_batch7_sample2_R2.fastq.gz	2575282;2034290
ERR14789115	SAMEA7428481	Cote d'Ivoire	2018-07-07	DTU_2018_717_1_MG_CI_AB_414	ftp.sra.ebi.ac.uk/vol1/fastq/ERR147/015/ERR14789115/ERR14789115_1.fastq.gz;ftp.sra.ebi.ac.uk/vol1/fastq/ERR147/015/ERR14789115/ERR14789115_2.fastq.gz	wastewater metagenome	fasp.sra.ebi.ac.uk:/vol1/run/ERR147/ERR14789115/capture_batch7_sample3_R1.fastq.gz;fasp.sra.ebi.ac.uk:/vol1/run/ERR147/ERR14789115/capture_batch7_sample3_R2.fastq.gz	6267270;4800185
ERR14789116	SAMEA117872988	Cote d'Ivoire	2018-12-18	CI-AB-525	ftp.sra.ebi.ac.uk/vol1/fastq/ERR147/016/ERR14789116/ERR14789116_1.fastq.gz;ftp.sra.ebi.ac.uk/vol1/fastq/ERR147/016/ERR14789116/ERR14789116_2.fastq.gz	Stigmatella aurantiaca	fasp.sra.ebi.ac.uk:/vol1/run/ERR147/ERR14789116/capture_batch7_sample4_R1.fastq.gz;fasp.sra.ebi.ac.uk:/vol1/run/ERR147/ERR14789116/capture_batch7_sample4_R2.fastq.gz	1989509;1528354
ERR14789121	SAMEA7426273	Spain	2018-11-29	DTU_2018_815_1_MG_ES_BA_499	ftp.sra.ebi.ac.uk/vol1/fastq/ERR147/021/ERR14789121/ERR14789121_1.fastq.gz;ftp.sra.ebi.ac.uk/vol1/fastq/ERR147/021/ERR14789121/ERR14789121_2.fastq.gz	wastewater metagenome	fasp.sra.ebi.ac.uk:/vol1/run/ERR147/ERR14789121/capture_batch7_sample9_R1.fastq.gz;fasp.sra.ebi.ac.uk:/vol1/run/ERR147/ERR14789121/capture_batch7_sample9_R2.fastq.gz	5923675;4995767
ERR14789125	SAMEA4777404	South Korea	2017-06-15	DTU2017_MG_131_KR_GW	ftp.sra.ebi.ac.uk/vol1/fastq/ERR147/025/ERR14789125/ERR14789125_1.fastq.gz;ftp.sra.ebi.ac.uk/vol1/fastq/ERR147/025/ERR14789125/ERR14789125_2.fastq.gz	wastewater metagenome	fasp.sra.ebi.ac.uk:/vol1/run/ERR147/ERR14789125/capture_batch7_sample13_R1.fastq.gz;fasp.sra.ebi.ac.uk:/vol1/run/ERR147/ERR14789125/capture_batch7_sample13_R2.fastq.gz	14781515;13686854
ERR14789128	SAMEA7426320	South Korea	2018-12-03	DTU_2018_865_1_MG_KR_GW_549	ftp.sra.ebi.ac.uk/vol1/fastq/ERR147/028/ERR14789128/ERR14789128_1.fastq.gz;ftp.sra.ebi.ac.uk/vol1/fastq/ERR147/028/ERR14789128/ERR14789128_2.fastq.gz	wastewater metagenome	fasp.sra.ebi.ac.uk:/vol1/run/ERR147/ERR14789128/capture_batch7_sample16_R1.fastq.gz;fasp.sra.ebi.ac.uk:/vol1/run/ERR147/ERR14789128/capture_batch7_sample16_R2.fastq.gz	22790681;21285668
ERR14789130	SAMEA7428357	Malaysia	2017-11-23	DTU_2017_619_1_MG_MY_PB_315	ftp.sra.ebi.ac.uk/vol1/fastq/ERR147/030/ERR14789130/ERR14789130_1.fastq.gz;ftp.sra.ebi.ac.uk/vol1/fastq/ERR147/030/ERR14789130/ERR14789130_2.fastq.gz	wastewater metagenome	fasp.sra.ebi.ac.uk:/vol1/run/ERR147/ERR14789130/capture_batch7_sample18_R1.fastq.gz;fasp.sra.ebi.ac.uk:/vol1/run/ERR147/ERR14789130/capture_batch7_sample18_R2.fastq.gz	5356572;5082582
ERR14789131	SAMEA7428489	Malaysia	2018-06-27	DTU_2018_725_1_MG_MY_PB_422	ftp.sra.ebi.ac.uk/vol1/fastq/ERR147/031/ERR14789131/ERR14789131_1.fastq.gz;ftp.sra.ebi.ac.uk/vol1/fastq/ERR147/031/ERR14789131/ERR14789131_2.fastq.gz	wastewater metagenome	fasp.sra.ebi.ac.uk:/vol1/run/ERR147/ERR14789131/capture_batch7_sample19_R1.fastq.gz;fasp.sra.ebi.ac.uk:/vol1/run/ERR147/ERR14789131/capture_batch7_sample19_R2.fastq.gz	2339959;1851378
ERR14789132	SAMEA7426377	Malaysia	2018-12-13	DTU_2018_926_1_MG_MY_PB_609	ftp.sra.ebi.ac.uk/vol1/fastq/ERR147/032/ERR14789132/ERR14789132_1.fastq.gz;ftp.sra.ebi.ac.uk/vol1/fastq/ERR147/032/ERR14789132/ERR14789132_2.fastq.gz	wastewater metagenome	fasp.sra.ebi.ac.uk:/vol1/run/ERR147/ERR14789132/capture_batch7_sample20_R1.fastq.gz;fasp.sra.ebi.ac.uk:/vol1/run/ERR147/ERR14789132/capture_batch7_sample20_R2.fastq.gz	3247401;2530677
ERR14789133	SAMEA7428364	Nigeria	2018-01-10	DTU_2017_626_1_MG_NG_IL_322	ftp.sra.ebi.ac.uk/vol1/fastq/ERR147/033/ERR14789133/ERR14789133_1.fastq.gz;ftp.sra.ebi.ac.uk/vol1/fastq/ERR147/033/ERR14789133/ERR14789133_2.fastq.gz	wastewater metagenome	fasp.sra.ebi.ac.uk:/vol1/run/ERR147/ERR14789133/capture_batch7_sample21_R1.fastq.gz;fasp.sra.ebi.ac.uk:/vol1/run/ERR147/ERR14789133/capture_batch7_sample21_R2.fastq.gz	4149704;3620395
ERR14789136	SAMEA4777378	Nigeria	2017-06-15	DTU2017_MG_107_NG_IL_a	ftp.sra.ebi.ac.uk/vol1/fastq/ERR147/036/ERR14789136/ERR14789136_1.fastq.gz;ftp.sra.ebi.ac.uk/vol1/fastq/ERR147/036/ERR14789136/ERR14789136_2.fastq.gz	wastewater metagenome	fasp.sra.ebi.ac.uk:/vol1/run/ERR147/ERR14789136/capture_batch7_sample24_R1.fastq.gz;fasp.sra.ebi.ac.uk:/vol1/run/ERR147/ERR14789136/capture_batch7_sample24_R2.fastq.gz	9138819;8208134
ERR14789138	SAMEA7428374	Serbia	2017	DTU_2017_636_1_MG_RS_BE_332	ftp.sra.ebi.ac.uk/vol1/fastq/ERR147/038/ERR14789138/ERR14789138_1.fastq.gz;ftp.sra.ebi.ac.uk/vol1/fastq/ERR147/038/ERR14789138/ERR14789138_2.fastq.gz	wastewater metagenome	fasp.sra.ebi.ac.uk:/vol1/run/ERR147/ERR14789138/capture_batch7_sample26_R1.fastq.gz;fasp.sra.ebi.ac.uk:/vol1/run/ERR147/ERR14789138/capture_batch7_sample26_R2.fastq.gz	11189899;8477113
ERR14789142	SAMEA7428368	Senegal	2018-03-08	DTU_2017_630_1_MG_SN_DA_326	ftp.sra.ebi.ac.uk/vol1/fastq/ERR147/042/ERR14789142/ERR14789142_1.fastq.gz;ftp.sra.ebi.ac.uk/vol1/fastq/ERR147/042/ERR14789142/ERR14789142_2.fastq.gz	wastewater metagenome	fasp.sra.ebi.ac.uk:/vol1/run/ERR147/ERR14789142/capture_batch7_sample30_R1.fastq.gz;fasp.sra.ebi.ac.uk:/vol1/run/ERR147/ERR14789142/capture_batch7_sample30_R2.fastq.gz	11413371;10494290
ERR14789146	SAMEA7428323	Togo	2017-11-27	DTU_2017_585_1_MG_TG_LO_281	ftp.sra.ebi.ac.uk/vol1/fastq/ERR147/046/ERR14789146/ERR14789146_1.fastq.gz;ftp.sra.ebi.ac.uk/vol1/fastq/ERR147/046/ERR14789146/ERR14789146_2.fastq.gz	wastewater metagenome	fasp.sra.ebi.ac.uk:/vol1/run/ERR147/ERR14789146/capture_batch7_sample34_R1.fastq.gz;fasp.sra.ebi.ac.uk:/vol1/run/ERR147/ERR14789146/capture_batch7_sample34_R2.fastq.gz	41732570;38783445
ERR14789148	SAMEA7426380	Togo	2018-11-25	DTU_2018_929_1_MG_TG_LO_612	ftp.sra.ebi.ac.uk/vol1/fastq/ERR147/048/ERR14789148/ERR14789148_1.fastq.gz;ftp.sra.ebi.ac.uk/vol1/fastq/ERR147/048/ERR14789148/ERR14789148_2.fastq.gz	wastewater metagenome	fasp.sra.ebi.ac.uk:/vol1/run/ERR147/ERR14789148/capture_batch7_sample36_R1.fastq.gz;fasp.sra.ebi.ac.uk:/vol1/run/ERR147/ERR14789148/capture_batch7_sample36_R2.fastq.gz	11273558;9351103
ERR14789149	SAMEA4777397	Thailand	2017-06-15	DTU2017_MG_125_TH_PA	ftp.sra.ebi.ac.uk/vol1/fastq/ERR147/049/ERR14789149/ERR14789149_1.fastq.gz;ftp.sra.ebi.ac.uk/vol1/fastq/ERR147/049/ERR14789149/ERR14789149_2.fastq.gz	wastewater metagenome	fasp.sra.ebi.ac.uk:/vol1/run/ERR147/ERR14789149/capture_batch7_sample37_R1.fastq.gz;fasp.sra.ebi.ac.uk:/vol1/run/ERR147/ERR14789149/capture_batch7_sample37_R2.fastq.gz	2373892;2043927
ERR14789153	SAMEA4777494	Tanzania	2017-06-12	DTU2017_MG_60_TZ_MW	ftp.sra.ebi.ac.uk/vol1/fastq/ERR147/053/ERR14789153/ERR14789153_1.fastq.gz;ftp.sra.ebi.ac.uk/vol1/fastq/ERR147/053/ERR14789153/ERR14789153_2.fastq.gz	wastewater metagenome	fasp.sra.ebi.ac.uk:/vol1/run/ERR147/ERR14789153/capture_batch7_sample41_R1.fastq.gz;fasp.sra.ebi.ac.uk:/vol1/run/ERR147/ERR14789153/capture_batch7_sample41_R2.fastq.gz	7984025;6294647
ERR14789154	SAMEA7428262	Tanzania	2017-11-20	DTU_2017_514_1_MG_TZ_MW_210	ftp.sra.ebi.ac.uk/vol1/fastq/ERR147/054/ERR14789154/ERR14789154_1.fastq.gz;ftp.sra.ebi.ac.uk/vol1/fastq/ERR147/054/ERR14789154/ERR14789154_2.fastq.gz	wastewater metagenome	fasp.sra.ebi.ac.uk:/vol1/run/ERR147/ERR14789154/capture_batch7_sample42_R1.fastq.gz;fasp.sra.ebi.ac.uk:/vol1/run/ERR147/ERR14789154/capture_batch7_sample42_R2.fastq.gz	7457526;5896081
ERR14789155	SAMEA7428447	Tanzania	2018-06-20	DTU_2018_682_1_MG_TZ_MW_370	ftp.sra.ebi.ac.uk/vol1/fastq/ERR147/055/ERR14789155/ERR14789155_1.fastq.gz;ftp.sra.ebi.ac.uk/vol1/fastq/ERR147/055/ERR14789155/ERR14789155_2.fastq.gz	wastewater metagenome	fasp.sra.ebi.ac.uk:/vol1/run/ERR147/ERR14789155/capture_batch7_sample43_R1.fastq.gz;fasp.sra.ebi.ac.uk:/vol1/run/ERR147/ERR14789155/capture_batch7_sample43_R2.fastq.gz	15540518;14249917
ERR14789158	SAMEA13189739	Canada	2018-09-28	DTU_2018_1013575_1_MG_CA1809_L79	ftp.sra.ebi.ac.uk/vol1/fastq/ERR147/058/ERR14789158/ERR14789158_1.fastq.gz;ftp.sra.ebi.ac.uk/vol1/fastq/ERR147/058/ERR14789158/ERR14789158_2.fastq.gz	wastewater metagenome	fasp.sra.ebi.ac.uk:/vol1/run/ERR147/ERR14789158/capture_batch7_sample47_R1.fastq.gz;fasp.sra.ebi.ac.uk:/vol1/run/ERR147/ERR14789158/capture_batch7_sample47_R2.fastq.gz	15152629;14337411
ERR14789160	SAMEA7428249	Australia	2017-11-22	DTU_2017_501_1_MG_AU_MA_197	ftp.sra.ebi.ac.uk/vol1/fastq/ERR147/060/ERR14789160/ERR14789160_1.fastq.gz;ftp.sra.ebi.ac.uk/vol1/fastq/ERR147/060/ERR14789160/ERR14789160_2.fastq.gz	wastewater metagenome	fasp.sra.ebi.ac.uk:/vol1/run/ERR147/ERR14789160/non-capture_batch1_sample2_R1.fastq.gz;fasp.sra.ebi.ac.uk:/vol1/run/ERR147/ERR14789160/non-capture_batch1_sample2_R2.fastq.gz	11581843;9841342
ERR14789162	SAMEA7426331	Australia	2018-12-18	DTU_2018_876_1_MG_AU_MA_560	ftp.sra.ebi.ac.uk/vol1/fastq/ERR147/062/ERR14789162/ERR14789162_1.fastq.gz;ftp.sra.ebi.ac.uk/vol1/fastq/ERR147/062/ERR14789162/ERR14789162_2.fastq.gz	wastewater metagenome	fasp.sra.ebi.ac.uk:/vol1/run/ERR147/ERR14789162/non-capture_batch1_sample4_R1.fastq.gz;fasp.sra.ebi.ac.uk:/vol1/run/ERR147/ERR14789162/non-capture_batch1_sample4_R2.fastq.gz	11337380;8423012
ERR14789164	SAMEA7428261	Bosnia and Herzegovina	2017-11-21	DTU_2017_513_1_MG_BA_BL_209	ftp.sra.ebi.ac.uk/vol1/fastq/ERR147/064/ERR14789164/ERR14789164_1.fastq.gz;ftp.sra.ebi.ac.uk/vol1/fastq/ERR147/064/ERR14789164/ERR14789164_2.fastq.gz	wastewater metagenome	fasp.sra.ebi.ac.uk:/vol1/run/ERR147/ERR14789164/non-capture_batch1_sample6_R1.fastq.gz;fasp.sra.ebi.ac.uk:/vol1/run/ERR147/ERR14789164/non-capture_batch1_sample6_R2.fastq.gz	10998919;8227272
ERR14789165	SAMEA7428434	Bosnia and Herzegovina	2018-06-27	DTU_2018_667_1_MG_BA_BL_355	ftp.sra.ebi.ac.uk/vol1/fastq/ERR147/065/ERR14789165/ERR14789165_1.fastq.gz;ftp.sra.ebi.ac.uk/vol1/fastq/ERR147/065/ERR14789165/ERR14789165_2.fastq.gz	wastewater metagenome	fasp.sra.ebi.ac.uk:/vol1/run/ERR147/ERR14789165/non-capture_batch1_sample7_R1.fastq.gz;fasp.sra.ebi.ac.uk:/vol1/run/ERR147/ERR14789165/non-capture_batch1_sample7_R2.fastq.gz	8791738;6516645
ERR14789167	SAMEA4777412	Canada	2017-06-14	DTU2017_MG_139_CA_OT	ftp.sra.ebi.ac.uk/vol1/fastq/ERR147/067/ERR14789167/ERR14789167_1.fastq.gz;ftp.sra.ebi.ac.uk/vol1/fastq/ERR147/067/ERR14789167/ERR14789167_2.fastq.gz	wastewater metagenome	fasp.sra.ebi.ac.uk:/vol1/run/ERR147/ERR14789167/non-capture_batch1_sample9_R1.fastq.gz;fasp.sra.ebi.ac.uk:/vol1/run/ERR147/ERR14789167/non-capture_batch1_sample9_R2.fastq.gz	23915182;18754386
ERR14789168	SAMEA7428340	Canada	2017-11-27	DTU_2017_602_1_MG_CA_OT_298	ftp.sra.ebi.ac.uk/vol1/fastq/ERR147/068/ERR14789168/ERR14789168_1.fastq.gz;ftp.sra.ebi.ac.uk/vol1/fastq/ERR147/068/ERR14789168/ERR14789168_2.fastq.gz	wastewater metagenome	fasp.sra.ebi.ac.uk:/vol1/run/ERR147/ERR14789168/non-capture_batch1_sample10_R1.fastq.gz;fasp.sra.ebi.ac.uk:/vol1/run/ERR147/ERR14789168/non-capture_batch1_sample10_R2.fastq.gz	26456956;20700550
ERR14789170	SAMEA7426360	Canada	2018-12-06	DTU_2018_905_1_MG_CA_OT_590	ftp.sra.ebi.ac.uk/vol1/fastq/ERR147/070/ERR14789170/ERR14789170_1.fastq.gz;ftp.sra.ebi.ac.uk/vol1/fastq/ERR147/070/ERR14789170/ERR14789170_2.fastq.gz	wastewater metagenome	fasp.sra.ebi.ac.uk:/vol1/run/ERR147/ERR14789170/non-capture_batch1_sample12_R1.fastq.gz;fasp.sra.ebi.ac.uk:/vol1/run/ERR147/ERR14789170/non-capture_batch1_sample12_R2.fastq.gz	26688490;21617857
ERR14789171	SAMEA117873017	Cote d'Ivoire	2017-06-18	CI-YA-10	ftp.sra.ebi.ac.uk/vol1/fastq/ERR147/071/ERR14789171/ERR14789171_1.fastq.gz;ftp.sra.ebi.ac.uk/vol1/fastq/ERR147/071/ERR14789171/ERR14789171_2.fastq.gz	Stigmatella aurantiaca	fasp.sra.ebi.ac.uk:/vol1/run/ERR147/ERR14789171/non-capture_batch1_sample13_R1.fastq.gz;fasp.sra.ebi.ac.uk:/vol1/run/ERR147/ERR14789171/non-capture_batch1_sample13_R2.fastq.gz	18967868;15101815
ERR14789172	SAMEA7428268	Cote d'Ivoire	2017-11-22	DTU_2017_524_1_MG_CI_YA_220	ftp.sra.ebi.ac.uk/vol1/fastq/ERR147/072/ERR14789172/ERR14789172_1.fastq.gz;ftp.sra.ebi.ac.uk/vol1/fastq/ERR147/072/ERR14789172/ERR14789172_2.fastq.gz	wastewater metagenome	fasp.sra.ebi.ac.uk:/vol1/run/ERR147/ERR14789172/non-capture_batch1_sample14_R1.fastq.gz;fasp.sra.ebi.ac.uk:/vol1/run/ERR147/ERR14789172/non-capture_batch1_sample14_R2.fastq.gz	3976937;3277878
ERR14789173	SAMEA4777512	Israel	2017-06-12	DTU2017_MG_77_IL_BE	ftp.sra.ebi.ac.uk/vol1/fastq/ERR147/073/ERR14789173/ERR14789173_1.fastq.gz;ftp.sra.ebi.ac.uk/vol1/fastq/ERR147/073/ERR14789173/ERR14789173_2.fastq.gz	wastewater metagenome	fasp.sra.ebi.ac.uk:/vol1/run/ERR147/ERR14789173/non-capture_batch1_sample15_R1.fastq.gz;fasp.sra.ebi.ac.uk:/vol1/run/ERR147/ERR14789173/non-capture_batch1_sample15_R2.fastq.gz	11352038;8694250
ERR14789177	SAMEA13189747	China	2018-08-09	DTU_2018_1013583_1_MG_CN1808_L87	ftp.sra.ebi.ac.uk/vol1/fastq/ERR147/077/ERR14789177/ERR14789177_1.fastq.gz;ftp.sra.ebi.ac.uk/vol1/fastq/ERR147/077/ERR14789177/ERR14789177_2.fastq.gz	wastewater metagenome	fasp.sra.ebi.ac.uk:/vol1/run/ERR147/ERR14789177/non-capture_batch1_sample19_R1.fastq.gz;fasp.sra.ebi.ac.uk:/vol1/run/ERR147/ERR14789177/non-capture_batch1_sample19_R2.fastq.gz	20686043;16635849
ERR14789184	SAMEA13189681	China	2017-08-23	DTU_2017_1013517_1_MG_CN1708_L13	ftp.sra.ebi.ac.uk/vol1/fastq/ERR147/084/ERR14789184/ERR14789184_1.fastq.gz;ftp.sra.ebi.ac.uk/vol1/fastq/ERR147/084/ERR14789184/ERR14789184_2.fastq.gz	wastewater metagenome	fasp.sra.ebi.ac.uk:/vol1/run/ERR147/ERR14789184/non-capture_batch1_sample26_R1.fastq.gz;fasp.sra.ebi.ac.uk:/vol1/run/ERR147/ERR14789184/non-capture_batch1_sample26_R2.fastq.gz	31308870;24723322
ERR14789185	SAMEA13189682	China	2017-09-30	DTU_2017_1013518_1_MG_CN1709_L14	ftp.sra.ebi.ac.uk/vol1/fastq/ERR147/085/ERR14789185/ERR14789185_1.fastq.gz;ftp.sra.ebi.ac.uk/vol1/fastq/ERR147/085/ERR14789185/ERR14789185_2.fastq.gz	wastewater metagenome	fasp.sra.ebi.ac.uk:/vol1/run/ERR147/ERR14789185/non-capture_batch1_sample27_R1.fastq.gz;fasp.sra.ebi.ac.uk:/vol1/run/ERR147/ERR14789185/non-capture_batch1_sample27_R2.fastq.gz	35115125;29857731
ERR14789186	SAMEA13189683	China	2017-10-13	DTU_2017_1013519_1_MG_CN1710_L15	ftp.sra.ebi.ac.uk/vol1/fastq/ERR147/086/ERR14789186/ERR14789186_1.fastq.gz;ftp.sra.ebi.ac.uk/vol1/fastq/ERR147/086/ERR14789186/ERR14789186_2.fastq.gz	wastewater metagenome	fasp.sra.ebi.ac.uk:/vol1/run/ERR147/ERR14789186/non-capture_batch1_sample28_R1.fastq.gz;fasp.sra.ebi.ac.uk:/vol1/run/ERR147/ERR14789186/non-capture_batch1_sample28_R2.fastq.gz	49663381;43190680
ERR14789188	SAMEA13189713	China	2018-01-10	DTU_2018_1013549_1_MG_CN1801_L47	ftp.sra.ebi.ac.uk/vol1/fastq/ERR147/088/ERR14789188/ERR14789188_1.fastq.gz;ftp.sra.ebi.ac.uk/vol1/fastq/ERR147/088/ERR14789188/ERR14789188_2.fastq.gz	wastewater metagenome	fasp.sra.ebi.ac.uk:/vol1/run/ERR147/ERR14789188/non-capture_batch1_sample30_R1.fastq.gz;fasp.sra.ebi.ac.uk:/vol1/run/ERR147/ERR14789188/non-capture_batch1_sample30_R2.fastq.gz	41314226;35134266
ERR14789197	SAMEA7428421	Cambodia	2018-06-22	DTU_2018_653_1_MG_KH_PP_341	ftp.sra.ebi.ac.uk/vol1/fastq/ERR147/097/ERR14789197/ERR14789197_1.fastq.gz;ftp.sra.ebi.ac.uk/vol1/fastq/ERR147/097/ERR14789197/ERR14789197_2.fastq.gz	wastewater metagenome	fasp.sra.ebi.ac.uk:/vol1/run/ERR147/ERR14789197/non-capture_batch1_sample39_R1.fastq.gz;fasp.sra.ebi.ac.uk:/vol1/run/ERR147/ERR14789197/non-capture_batch1_sample39_R2.fastq.gz	26723490;21304718
ERR14789200	SAMEA7428466	Netherlands	2018-07-02	DTU_2018_701_1_MG_NL_UT_389	ftp.sra.ebi.ac.uk/vol1/fastq/ERR147/000/ERR14789200/ERR14789200_1.fastq.gz;ftp.sra.ebi.ac.uk/vol1/fastq/ERR147/000/ERR14789200/ERR14789200_2.fastq.gz	wastewater metagenome	fasp.sra.ebi.ac.uk:/vol1/run/ERR147/ERR14789200/non-capture_batch1_sample42_R1.fastq.gz;fasp.sra.ebi.ac.uk:/vol1/run/ERR147/ERR14789200/non-capture_batch1_sample42_R2.fastq.gz	52353873;45669551
ERR14789201	SAMEA7426376	Netherlands	2018-12-20	DTU_2018_925_1_MG_NL_UT_608	ftp.sra.ebi.ac.uk/vol1/fastq/ERR147/001/ERR14789201/ERR14789201_1.fastq.gz;ftp.sra.ebi.ac.uk/vol1/fastq/ERR147/001/ERR14789201/ERR14789201_2.fastq.gz	wastewater metagenome	fasp.sra.ebi.ac.uk:/vol1/run/ERR147/ERR14789201/non-capture_batch1_sample43_R1.fastq.gz;fasp.sra.ebi.ac.uk:/vol1/run/ERR147/ERR14789201/non-capture_batch1_sample43_R2.fastq.gz	23927779;18582841
ERR14789204	SAMEA7428465	Poland	2018-07-09	DTU_2018_700_1_MG_PL_PL_389	ftp.sra.ebi.ac.uk/vol1/fastq/ERR147/004/ERR14789204/ERR14789204_1.fastq.gz;ftp.sra.ebi.ac.uk/vol1/fastq/ERR147/004/ERR14789204/ERR14789204_2.fastq.gz	wastewater metagenome	fasp.sra.ebi.ac.uk:/vol1/run/ERR147/ERR14789204/non-capture_batch1_sample46_R1.fastq.gz;fasp.sra.ebi.ac.uk:/vol1/run/ERR147/ERR14789204/non-capture_batch1_sample46_R2.fastq.gz	80000784;69524601
ERR14789205	SAMEA7426382	Poland	2018-12-13	DTU_2018_931_1_MG_PL_PL_614	ftp.sra.ebi.ac.uk/vol1/fastq/ERR147/005/ERR14789205/ERR14789205_1.fastq.gz;ftp.sra.ebi.ac.uk/vol1/fastq/ERR147/005/ERR14789205/ERR14789205_2.fastq.gz	wastewater metagenome	fasp.sra.ebi.ac.uk:/vol1/run/ERR147/ERR14789205/non-capture_batch1_sample47_R1.fastq.gz;fasp.sra.ebi.ac.uk:/vol1/run/ERR147/ERR14789205/non-capture_batch1_sample47_R2.fastq.gz	66258218;57380480
ERR14789209	SAMEA4777498	Barbados	2017-06-15	DTU2017_MG_64_BB_BR	ftp.sra.ebi.ac.uk/vol1/fastq/ERR147/009/ERR14789209/ERR14789209_1.fastq.gz;ftp.sra.ebi.ac.uk/vol1/fastq/ERR147/009/ERR14789209/ERR14789209_2.fastq.gz	wastewater metagenome	fasp.sra.ebi.ac.uk:/vol1/run/ERR147/ERR14789209/non-capture_batch2_sample3_R1.fastq.gz;fasp.sra.ebi.ac.uk:/vol1/run/ERR147/ERR14789209/non-capture_batch2_sample3_R2.fastq.gz	15495433;10467748
ERR14789210	SAMEA7428294	Barbados	2017-11-23	DTU_2017_550_1_MG_BB_BR_246	ftp.sra.ebi.ac.uk/vol1/fastq/ERR147/010/ERR14789210/ERR14789210_1.fastq.gz;ftp.sra.ebi.ac.uk/vol1/fastq/ERR147/010/ERR14789210/ERR14789210_2.fastq.gz	wastewater metagenome	fasp.sra.ebi.ac.uk:/vol1/run/ERR147/ERR14789210/non-capture_batch2_sample4_R1.fastq.gz;fasp.sra.ebi.ac.uk:/vol1/run/ERR147/ERR14789210/non-capture_batch2_sample4_R2.fastq.gz	16168736;10716114
ERR14789212	SAMEA7428342	Canada	2017-11-21	DTU_2017_604_1_MG_CA_CA_300	ftp.sra.ebi.ac.uk/vol1/fastq/ERR147/012/ERR14789212/ERR14789212_1.fastq.gz;ftp.sra.ebi.ac.uk/vol1/fastq/ERR147/012/ERR14789212/ERR14789212_2.fastq.gz	wastewater metagenome	fasp.sra.ebi.ac.uk:/vol1/run/ERR147/ERR14789212/non-capture_batch2_sample6_R1.fastq.gz;fasp.sra.ebi.ac.uk:/vol1/run/ERR147/ERR14789212/non-capture_batch2_sample6_R2.fastq.gz	21309052;14124437
ERR14789214	SAMEA7426357	Canada	2018-12-10	DTU_2018_902_1_MG_CA_CA_587	ftp.sra.ebi.ac.uk/vol1/fastq/ERR147/014/ERR14789214/ERR14789214_1.fastq.gz;ftp.sra.ebi.ac.uk/vol1/fastq/ERR147/014/ERR14789214/ERR14789214_2.fastq.gz	wastewater metagenome	fasp.sra.ebi.ac.uk:/vol1/run/ERR147/ERR14789214/non-capture_batch2_sample8_R1.fastq.gz;fasp.sra.ebi.ac.uk:/vol1/run/ERR147/ERR14789214/non-capture_batch2_sample8_R2.fastq.gz	31841576;21561701
ERR14789216	SAMEA7428257	Czech Republic	2017-11-20	DTU_2017_509_1_MG_CZ_PR_205	ftp.sra.ebi.ac.uk/vol1/fastq/ERR147/016/ERR14789216/ERR14789216_1.fastq.gz;ftp.sra.ebi.ac.uk/vol1/fastq/ERR147/016/ERR14789216/ERR14789216_2.fastq.gz	wastewater metagenome	fasp.sra.ebi.ac.uk:/vol1/run/ERR147/ERR14789216/non-capture_batch2_sample10_R1.fastq.gz;fasp.sra.ebi.ac.uk:/vol1/run/ERR147/ERR14789216/non-capture_batch2_sample10_R2.fastq.gz	29502014;22889272
ERR14789221	SAMEA7426335	Germany	2018-12-13	DTU_2018_880_1_MG_DE_BE_565	ftp.sra.ebi.ac.uk/vol1/fastq/ERR147/021/ERR14789221/ERR14789221_1.fastq.gz;ftp.sra.ebi.ac.uk/vol1/fastq/ERR147/021/ERR14789221/ERR14789221_2.fastq.gz	wastewater metagenome	fasp.sra.ebi.ac.uk:/vol1/run/ERR147/ERR14789221/non-capture_batch2_sample15_R1.fastq.gz;fasp.sra.ebi.ac.uk:/vol1/run/ERR147/ERR14789221/non-capture_batch2_sample15_R2.fastq.gz	16640841;11693304
ERR14789227	SAMEA7428244	Croatia	2017-11-13	DTU_2017_496_1_MG_HR_ZA_192	ftp.sra.ebi.ac.uk/vol1/fastq/ERR147/027/ERR14789227/ERR14789227_1.fastq.gz;ftp.sra.ebi.ac.uk/vol1/fastq/ERR147/027/ERR14789227/ERR14789227_2.fastq.gz	wastewater metagenome	fasp.sra.ebi.ac.uk:/vol1/run/ERR147/ERR14789227/non-capture_batch2_sample21_R1.fastq.gz;fasp.sra.ebi.ac.uk:/vol1/run/ERR147/ERR14789227/non-capture_batch2_sample21_R2.fastq.gz	35545063;28806305
ERR14789229	SAMEA7426272	Croatia	2018-12-05	DTU_2018_814_1_MG_HR_ZA_498	ftp.sra.ebi.ac.uk/vol1/fastq/ERR147/029/ERR14789229/ERR14789229_1.fastq.gz;ftp.sra.ebi.ac.uk/vol1/fastq/ERR147/029/ERR14789229/ERR14789229_2.fastq.gz	wastewater metagenome	fasp.sra.ebi.ac.uk:/vol1/run/ERR147/ERR14789229/non-capture_batch2_sample23_R1.fastq.gz;fasp.sra.ebi.ac.uk:/vol1/run/ERR147/ERR14789229/non-capture_batch2_sample23_R2.fastq.gz	30703887;24767542
ERR14789232	SAMEA7428479	India	2018-06-18	DTU_2018_714_1_MG_IN_UD_411	ftp.sra.ebi.ac.uk/vol1/fastq/ERR147/032/ERR14789232/ERR14789232_1.fastq.gz;ftp.sra.ebi.ac.uk/vol1/fastq/ERR147/032/ERR14789232/ERR14789232_2.fastq.gz	wastewater metagenome	fasp.sra.ebi.ac.uk:/vol1/run/ERR147/ERR14789232/non-capture_batch2_sample26_R1.fastq.gz;fasp.sra.ebi.ac.uk:/vol1/run/ERR147/ERR14789232/non-capture_batch2_sample26_R2.fastq.gz	17218889;12295067
ERR14789233	SAMEA7426296	India	2018-11-28	DTU_2018_838_1_MG_IN_UD_522	ftp.sra.ebi.ac.uk/vol1/fastq/ERR147/033/ERR14789233/ERR14789233_1.fastq.gz;ftp.sra.ebi.ac.uk/vol1/fastq/ERR147/033/ERR14789233/ERR14789233_2.fastq.gz	wastewater metagenome	fasp.sra.ebi.ac.uk:/vol1/run/ERR147/ERR14789233/non-capture_batch2_sample27_R1.fastq.gz;fasp.sra.ebi.ac.uk:/vol1/run/ERR147/ERR14789233/non-capture_batch2_sample27_R2.fastq.gz	18692517;12408508
ERR14789238	SAMEA4777438	Morocco	2017-07-17	DTU2017_MG_162_MA_CA	ftp.sra.ebi.ac.uk/vol1/fastq/ERR147/038/ERR14789238/ERR14789238_1.fastq.gz;ftp.sra.ebi.ac.uk/vol1/fastq/ERR147/038/ERR14789238/ERR14789238_2.fastq.gz	wastewater metagenome	fasp.sra.ebi.ac.uk:/vol1/run/ERR147/ERR14789238/non-capture_batch2_sample32_R1.fastq.gz;fasp.sra.ebi.ac.uk:/vol1/run/ERR147/ERR14789238/non-capture_batch2_sample32_R2.fastq.gz	5827907;3798479
ERR14789239	SAMEA7428338	Morocco	2017-11-29	DTU_2017_600_1_MG_MA_CA_296	ftp.sra.ebi.ac.uk/vol1/fastq/ERR147/039/ERR14789239/ERR14789239_1.fastq.gz;ftp.sra.ebi.ac.uk/vol1/fastq/ERR147/039/ERR14789239/ERR14789239_2.fastq.gz	wastewater metagenome	fasp.sra.ebi.ac.uk:/vol1/run/ERR147/ERR14789239/non-capture_batch2_sample33_R1.fastq.gz;fasp.sra.ebi.ac.uk:/vol1/run/ERR147/ERR14789239/non-capture_batch2_sample33_R2.fastq.gz	32465096;25757760
ERR14789240	SAMEA7426347	Morocco	2018	DTU_2018_892_1_MG_MA_CA_579	ftp.sra.ebi.ac.uk/vol1/fastq/ERR147/040/ERR14789240/ERR14789240_1.fastq.gz;ftp.sra.ebi.ac.uk/vol1/fastq/ERR147/040/ERR14789240/ERR14789240_2.fastq.gz	wastewater metagenome	fasp.sra.ebi.ac.uk:/vol1/run/ERR147/ERR14789240/non-capture_batch2_sample34_R1.fastq.gz;fasp.sra.ebi.ac.uk:/vol1/run/ERR147/ERR14789240/non-capture_batch2_sample34_R2.fastq.gz	31184173;24880025
ERR14789241	SAMEA7428482	Cote d'Ivoire	2018-07-07	DTU_2018_718_1_MG_CI_YA_415	ftp.sra.ebi.ac.uk/vol1/fastq/ERR147/041/ERR14789241/ERR14789241_1.fastq.gz;ftp.sra.ebi.ac.uk/vol1/fastq/ERR147/041/ERR14789241/ERR14789241_2.fastq.gz	wastewater metagenome	fasp.sra.ebi.ac.uk:/vol1/run/ERR147/ERR14789241/non-capture_batch2_sample35_R1.fastq.gz;fasp.sra.ebi.ac.uk:/vol1/run/ERR147/ERR14789241/non-capture_batch2_sample35_R2.fastq.gz	12185704;8342628
ERR14789242	SAMEA4777485	Montenegro	2017-06-16	DTU2017_MG_52_ME_PO	ftp.sra.ebi.ac.uk/vol1/fastq/ERR147/042/ERR14789242/ERR14789242_1.fastq.gz;ftp.sra.ebi.ac.uk/vol1/fastq/ERR147/042/ERR14789242/ERR14789242_2.fastq.gz	wastewater metagenome	fasp.sra.ebi.ac.uk:/vol1/run/ERR147/ERR14789242/non-capture_batch2_sample36_R1.fastq.gz;fasp.sra.ebi.ac.uk:/vol1/run/ERR147/ERR14789242/non-capture_batch2_sample36_R2.fastq.gz	7664268;5059783
ERR14789243	SAMEA7428256	Montenegro	2017-11-23	DTU_2017_508_1_MG_ME_PO_204	ftp.sra.ebi.ac.uk/vol1/fastq/ERR147/043/ERR14789243/ERR14789243_1.fastq.gz;ftp.sra.ebi.ac.uk/vol1/fastq/ERR147/043/ERR14789243/ERR14789243_2.fastq.gz	wastewater metagenome	fasp.sra.ebi.ac.uk:/vol1/run/ERR147/ERR14789243/non-capture_batch2_sample37_R1.fastq.gz;fasp.sra.ebi.ac.uk:/vol1/run/ERR147/ERR14789243/non-capture_batch2_sample37_R2.fastq.gz	14584739;9744458
ERR14789244	SAMEA7428457	Montenegro	2018-07-09	DTU_2018_692_1_MG_ME_PO_381	ftp.sra.ebi.ac.uk/vol1/fastq/ERR147/044/ERR14789244/ERR14789244_1.fastq.gz;ftp.sra.ebi.ac.uk/vol1/fastq/ERR147/044/ERR14789244/ERR14789244_2.fastq.gz	wastewater metagenome	fasp.sra.ebi.ac.uk:/vol1/run/ERR147/ERR14789244/non-capture_batch2_sample38_R1.fastq.gz;fasp.sra.ebi.ac.uk:/vol1/run/ERR147/ERR14789244/non-capture_batch2_sample38_R2.fastq.gz	23561211;18008954
ERR14789251	SAMEA7428303	Nigeria	2017-12-06	DTU_2017_560_1_MG_NG_LA_256	ftp.sra.ebi.ac.uk/vol1/fastq/ERR147/051/ERR14789251/ERR14789251_1.fastq.gz;ftp.sra.ebi.ac.uk/vol1/fastq/ERR147/051/ERR14789251/ERR14789251_2.fastq.gz	wastewater metagenome	fasp.sra.ebi.ac.uk:/vol1/run/ERR147/ERR14789251/non-capture_batch2_sample45_R1.fastq.gz;fasp.sra.ebi.ac.uk:/vol1/run/ERR147/ERR14789251/non-capture_batch2_sample45_R2.fastq.gz	25328543;16521054
ERR14789252	SAMEA7428488	Nigeria	2018-07-03	DTU_2018_724_1_MG_NG_LA_421	ftp.sra.ebi.ac.uk/vol1/fastq/ERR147/052/ERR14789252/ERR14789252_1.fastq.gz;ftp.sra.ebi.ac.uk/vol1/fastq/ERR147/052/ERR14789252/ERR14789252_2.fastq.gz	wastewater metagenome	fasp.sra.ebi.ac.uk:/vol1/run/ERR147/ERR14789252/non-capture_batch2_sample46_R1.fastq.gz;fasp.sra.ebi.ac.uk:/vol1/run/ERR147/ERR14789252/non-capture_batch2_sample46_R2.fastq.gz	22073847;14108219
ERR14789255	SAMEA4777483	Austria	2017-06-07	DTU2017_MG_50_AT_VI	ftp.sra.ebi.ac.uk/vol1/fastq/ERR147/055/ERR14789255/ERR14789255_1.fastq.gz;ftp.sra.ebi.ac.uk/vol1/fastq/ERR147/055/ERR14789255/ERR14789255_2.fastq.gz	wastewater metagenome	fasp.sra.ebi.ac.uk:/vol1/run/ERR147/ERR14789255/non-capture_batch3_sample1_R1.fastq.gz;fasp.sra.ebi.ac.uk:/vol1/run/ERR147/ERR14789255/non-capture_batch3_sample1_R2.fastq.gz	44737461;42020962
ERR14789257	SAMEA7428433	Austria	2018-06-21	DTU_2018_666_1_MG_AT_VI_354	ftp.sra.ebi.ac.uk/vol1/fastq/ERR147/057/ERR14789257/ERR14789257_1.fastq.gz;ftp.sra.ebi.ac.uk/vol1/fastq/ERR147/057/ERR14789257/ERR14789257_2.fastq.gz	wastewater metagenome	fasp.sra.ebi.ac.uk:/vol1/run/ERR147/ERR14789257/non-capture_batch3_sample3_R1.fastq.gz;fasp.sra.ebi.ac.uk:/vol1/run/ERR147/ERR14789257/non-capture_batch3_sample3_R2.fastq.gz	102701514;95306819
ERR14789258	SAMEA7426258	Austria	2018-11-08	DTU_2018_799_1_MG_AT_VI_483	ftp.sra.ebi.ac.uk/vol1/fastq/ERR147/058/ERR14789258/ERR14789258_1.fastq.gz;ftp.sra.ebi.ac.uk/vol1/fastq/ERR147/058/ERR14789258/ERR14789258_2.fastq.gz	wastewater metagenome	fasp.sra.ebi.ac.uk:/vol1/run/ERR147/ERR14789258/non-capture_batch3_sample4_R1.fastq.gz;fasp.sra.ebi.ac.uk:/vol1/run/ERR147/ERR14789258/non-capture_batch3_sample4_R2.fastq.gz	103148480;96775644
ERR14789260	SAMEA14509403	Australia	2017-05-12	DTU_2017_558_1_MG_AU_ME_255	ftp.sra.ebi.ac.uk/vol1/fastq/ERR147/060/ERR14789260/ERR14789260_1.fastq.gz;ftp.sra.ebi.ac.uk/vol1/fastq/ERR147/060/ERR14789260/ERR14789260_2.fastq.gz	wastewater metagenome	fasp.sra.ebi.ac.uk:/vol1/run/ERR147/ERR14789260/non-capture_batch3_sample6_R1.fastq.gz;fasp.sra.ebi.ac.uk:/vol1/run/ERR147/ERR14789260/non-capture_batch3_sample6_R2.fastq.gz	91523148;84481416
ERR14789264	SAMEA13189686	Australia	2017-09-27	DTU_2017_1013522_1_MG_AU1709_L20	ftp.sra.ebi.ac.uk/vol1/fastq/ERR147/064/ERR14789264/ERR14789264_1.fastq.gz;ftp.sra.ebi.ac.uk/vol1/fastq/ERR147/064/ERR14789264/ERR14789264_2.fastq.gz	wastewater metagenome	fasp.sra.ebi.ac.uk:/vol1/run/ERR147/ERR14789264/non-capture_batch3_sample10_R1.fastq.gz;fasp.sra.ebi.ac.uk:/vol1/run/ERR147/ERR14789264/non-capture_batch3_sample10_R2.fastq.gz	32515683;29746388
ERR14789265	SAMEA13189687	Australia	2017-10-16	DTU_2017_1013523_1_MG_AU1710_L21	ftp.sra.ebi.ac.uk/vol1/fastq/ERR147/065/ERR14789265/ERR14789265_1.fastq.gz;ftp.sra.ebi.ac.uk/vol1/fastq/ERR147/065/ERR14789265/ERR14789265_2.fastq.gz	wastewater metagenome	fasp.sra.ebi.ac.uk:/vol1/run/ERR147/ERR14789265/non-capture_batch3_sample11_R1.fastq.gz;fasp.sra.ebi.ac.uk:/vol1/run/ERR147/ERR14789265/non-capture_batch3_sample11_R2.fastq.gz	41497719;38197374
ERR14789266	SAMEA13189709	Australia	2017-12-21	DTU_2017_1013545_1_MG_AU1712_L43	ftp.sra.ebi.ac.uk/vol1/fastq/ERR147/066/ERR14789266/ERR14789266_1.fastq.gz;ftp.sra.ebi.ac.uk/vol1/fastq/ERR147/066/ERR14789266/ERR14789266_2.fastq.gz	wastewater metagenome	fasp.sra.ebi.ac.uk:/vol1/run/ERR147/ERR14789266/non-capture_batch3_sample12_R1.fastq.gz;fasp.sra.ebi.ac.uk:/vol1/run/ERR147/ERR14789266/non-capture_batch3_sample12_R2.fastq.gz	25746339;24070630
ERR14789268	SAMEA13189711	Australia	2018-02-26	DTU_2018_1013547_1_MG_AU1802_L45	ftp.sra.ebi.ac.uk/vol1/fastq/ERR147/068/ERR14789268/ERR14789268_1.fastq.gz;ftp.sra.ebi.ac.uk/vol1/fastq/ERR147/068/ERR14789268/ERR14789268_2.fastq.gz	wastewater metagenome	fasp.sra.ebi.ac.uk:/vol1/run/ERR147/ERR14789268/non-capture_batch3_sample14_R1.fastq.gz;fasp.sra.ebi.ac.uk:/vol1/run/ERR147/ERR14789268/non-capture_batch3_sample14_R2.fastq.gz	35902830;33172321
ERR14789269	SAMEA13189720	Australia	2018-03-27	DTU_2018_1013556_1_MG_AU1803_L58	ftp.sra.ebi.ac.uk/vol1/fastq/ERR147/069/ERR14789269/ERR14789269_1.fastq.gz;ftp.sra.ebi.ac.uk/vol1/fastq/ERR147/069/ERR14789269/ERR14789269_2.fastq.gz	wastewater metagenome	fasp.sra.ebi.ac.uk:/vol1/run/ERR147/ERR14789269/non-capture_batch3_sample15_R1.fastq.gz;fasp.sra.ebi.ac.uk:/vol1/run/ERR147/ERR14789269/non-capture_batch3_sample15_R2.fastq.gz	30128619;28336034
ERR14789274	SAMEA4777503	Bangladesh	2017-06-14	DTU2017_MG_69_BD_DH	ftp.sra.ebi.ac.uk/vol1/fastq/ERR147/074/ERR14789274/ERR14789274_1.fastq.gz;ftp.sra.ebi.ac.uk/vol1/fastq/ERR147/074/ERR14789274/ERR14789274_2.fastq.gz	wastewater metagenome	fasp.sra.ebi.ac.uk:/vol1/run/ERR147/ERR14789274/non-capture_batch3_sample20_R1.fastq.gz;fasp.sra.ebi.ac.uk:/vol1/run/ERR147/ERR14789274/non-capture_batch3_sample20_R2.fastq.gz	10869942;8944792
ERR14789278	SAMEA4777410	Canada	2017-06-23	DTU2017_MG_137_CA_VA	ftp.sra.ebi.ac.uk/vol1/fastq/ERR147/078/ERR14789278/ERR14789278_1.fastq.gz;ftp.sra.ebi.ac.uk/vol1/fastq/ERR147/078/ERR14789278/ERR14789278_2.fastq.gz	wastewater metagenome	fasp.sra.ebi.ac.uk:/vol1/run/ERR147/ERR14789278/non-capture_batch3_sample24_R1.fastq.gz;fasp.sra.ebi.ac.uk:/vol1/run/ERR147/ERR14789278/non-capture_batch3_sample24_R2.fastq.gz	36138033;33604890
ERR14789284	SAMEA7428522	Cameroon	2018-06-20	DTU_2018_761_1_MG_CM_YA_458	ftp.sra.ebi.ac.uk/vol1/fastq/ERR147/084/ERR14789284/ERR14789284_1.fastq.gz;ftp.sra.ebi.ac.uk/vol1/fastq/ERR147/084/ERR14789284/ERR14789284_2.fastq.gz	wastewater metagenome	fasp.sra.ebi.ac.uk:/vol1/run/ERR147/ERR14789284/non-capture_batch3_sample30_R1.fastq.gz;fasp.sra.ebi.ac.uk:/vol1/run/ERR147/ERR14789284/non-capture_batch3_sample30_R2.fastq.gz	42657015;39263893
ERR14789288	SAMEA13189693	Cameroon	2017-09-19	DTU_2017_1013529_1_MG_CM1709_L27	ftp.sra.ebi.ac.uk/vol1/fastq/ERR147/088/ERR14789288/ERR14789288_1.fastq.gz;ftp.sra.ebi.ac.uk/vol1/fastq/ERR147/088/ERR14789288/ERR14789288_2.fastq.gz	wastewater metagenome	fasp.sra.ebi.ac.uk:/vol1/run/ERR147/ERR14789288/non-capture_batch3_sample34_R1.fastq.gz;fasp.sra.ebi.ac.uk:/vol1/run/ERR147/ERR14789288/non-capture_batch3_sample34_R2.fastq.gz	16473188;15677820
ERR14789291	SAMEA13189690	Cameroon	2018-01-19	DTU_2018_1013526_1_MG_CM1801_L24	ftp.sra.ebi.ac.uk/vol1/fastq/ERR147/091/ERR14789291/ERR14789291_1.fastq.gz;ftp.sra.ebi.ac.uk/vol1/fastq/ERR147/091/ERR14789291/ERR14789291_2.fastq.gz	wastewater metagenome	fasp.sra.ebi.ac.uk:/vol1/run/ERR147/ERR14789291/non-capture_batch3_sample37_R1.fastq.gz;fasp.sra.ebi.ac.uk:/vol1/run/ERR147/ERR14789291/non-capture_batch3_sample37_R2.fastq.gz	54246229;49759244
ERR14789297	SAMEA13189733	Cameroon	2018-08-17	DTU_2018_1013569_1_MG_CM1808_L73	ftp.sra.ebi.ac.uk/vol1/fastq/ERR147/097/ERR14789297/ERR14789297_1.fastq.gz;ftp.sra.ebi.ac.uk/vol1/fastq/ERR147/097/ERR14789297/ERR14789297_2.fastq.gz	wastewater metagenome	fasp.sra.ebi.ac.uk:/vol1/run/ERR147/ERR14789297/non-capture_batch3_sample43_R1.fastq.gz;fasp.sra.ebi.ac.uk:/vol1/run/ERR147/ERR14789297/non-capture_batch3_sample43_R2.fastq.gz	41889302;39891762
ERR14789300	SAMEA7428436	Portugal	2018-06-27	DTU_2018_669_1_MG_PT_LI_357	ftp.sra.ebi.ac.uk/vol1/fastq/ERR147/000/ERR14789300/ERR14789300_1.fastq.gz;ftp.sra.ebi.ac.uk/vol1/fastq/ERR147/000/ERR14789300/ERR14789300_2.fastq.gz	wastewater metagenome	fasp.sra.ebi.ac.uk:/vol1/run/ERR147/ERR14789300/non-capture_batch3_sample46_R1.fastq.gz;fasp.sra.ebi.ac.uk:/vol1/run/ERR147/ERR14789300/non-capture_batch3_sample46_R2.fastq.gz	10549404;9798136
ERR14789302	SAMEA117873024	Netherlands	2021	NEG-CTRL-3	ftp.sra.ebi.ac.uk/vol1/fastq/ERR147/002/ERR14789302/ERR14789302_1.fastq.gz;ftp.sra.ebi.ac.uk/vol1/fastq/ERR147/002/ERR14789302/ERR14789302_2.fastq.gz	Stigmatella aurantiaca	fasp.sra.ebi.ac.uk:/vol1/run/ERR147/ERR14789302/non-capture_batch3_sample48_R1.fastq.gz;fasp.sra.ebi.ac.uk:/vol1/run/ERR147/ERR14789302/non-capture_batch3_sample48_R2.fastq.gz	3533644;3164348
ERR14789303	SAMEA4777516	Australia	2017-06-15	DTU2017_MG_80_AU_DD	ftp.sra.ebi.ac.uk/vol1/fastq/ERR147/003/ERR14789303/ERR14789303_1.fastq.gz;ftp.sra.ebi.ac.uk/vol1/fastq/ERR147/003/ERR14789303/ERR14789303_2.fastq.gz	wastewater metagenome	fasp.sra.ebi.ac.uk:/vol1/run/ERR147/ERR14789303/non-capture_batch4_sample1_R1.fastq.gz;fasp.sra.ebi.ac.uk:/vol1/run/ERR147/ERR14789303/non-capture_batch4_sample1_R2.fastq.gz	27476248;24970354
ERR14789305	SAMEA7428520	Australia	2018-07-10	DTU_2018_758_1_MG_AU_DD_455	ftp.sra.ebi.ac.uk/vol1/fastq/ERR147/005/ERR14789305/ERR14789305_1.fastq.gz;ftp.sra.ebi.ac.uk/vol1/fastq/ERR147/005/ERR14789305/ERR14789305_2.fastq.gz	wastewater metagenome	fasp.sra.ebi.ac.uk:/vol1/run/ERR147/ERR14789305/non-capture_batch4_sample3_R1.fastq.gz;fasp.sra.ebi.ac.uk:/vol1/run/ERR147/ERR14789305/non-capture_batch4_sample3_R2.fastq.gz	29196856;25946203
ERR14789309	SAMEA7426282	Malaysia	2018-12-07	DTU_2018_824_1_MG_MY_KL_508	ftp.sra.ebi.ac.uk/vol1/fastq/ERR147/009/ERR14789309/ERR14789309_1.fastq.gz;ftp.sra.ebi.ac.uk/vol1/fastq/ERR147/009/ERR14789309/ERR14789309_2.fastq.gz	wastewater metagenome	fasp.sra.ebi.ac.uk:/vol1/run/ERR147/ERR14789309/non-capture_batch4_sample7_R1.fastq.gz;fasp.sra.ebi.ac.uk:/vol1/run/ERR147/ERR14789309/non-capture_batch4_sample7_R2.fastq.gz	13337446;10615580
ERR14789319	SAMEA13189723	Malaysia	2018-03-16	DTU_2018_1013559_1_MG_MY1803_L61	ftp.sra.ebi.ac.uk/vol1/fastq/ERR147/019/ERR14789319/ERR14789319_1.fastq.gz;ftp.sra.ebi.ac.uk/vol1/fastq/ERR147/019/ERR14789319/ERR14789319_2.fastq.gz	wastewater metagenome	fasp.sra.ebi.ac.uk:/vol1/run/ERR147/ERR14789319/non-capture_batch4_sample17_R1.fastq.gz;fasp.sra.ebi.ac.uk:/vol1/run/ERR147/ERR14789319/non-capture_batch4_sample17_R2.fastq.gz	33919924;30424119
ERR14789320	SAMEA13189724	Malaysia	2018-04-12	DTU_2018_1013560_1_MG_MY1804_L62	ftp.sra.ebi.ac.uk/vol1/fastq/ERR147/020/ERR14789320/ERR14789320_1.fastq.gz;ftp.sra.ebi.ac.uk/vol1/fastq/ERR147/020/ERR14789320/ERR14789320_2.fastq.gz	wastewater metagenome	fasp.sra.ebi.ac.uk:/vol1/run/ERR147/ERR14789320/non-capture_batch4_sample18_R1.fastq.gz;fasp.sra.ebi.ac.uk:/vol1/run/ERR147/ERR14789320/non-capture_batch4_sample18_R2.fastq.gz	15080085;11930342
ERR14789321	SAMEA13189725	Malaysia	2018-05-08	DTU_2018_1013561_1_MG_MY1805_L63	ftp.sra.ebi.ac.uk/vol1/fastq/ERR147/021/ERR14789321/ERR14789321_1.fastq.gz;ftp.sra.ebi.ac.uk/vol1/fastq/ERR147/021/ERR14789321/ERR14789321_2.fastq.gz	wastewater metagenome	fasp.sra.ebi.ac.uk:/vol1/run/ERR147/ERR14789321/non-capture_batch4_sample19_R1.fastq.gz;fasp.sra.ebi.ac.uk:/vol1/run/ERR147/ERR14789321/non-capture_batch4_sample19_R2.fastq.gz	8224704;6584090
ERR14789322	SAMEA117873005	Denmark	2017-06-11	RD-265	ftp.sra.ebi.ac.uk/vol1/fastq/ERR147/022/ERR14789322/ERR14789322_1.fastq.gz;ftp.sra.ebi.ac.uk/vol1/fastq/ERR147/022/ERR14789322/ERR14789322_2.fastq.gz	Stigmatella aurantiaca	fasp.sra.ebi.ac.uk:/vol1/run/ERR147/ERR14789322/non-capture_batch4_sample20_R1.fastq.gz;fasp.sra.ebi.ac.uk:/vol1/run/ERR147/ERR14789322/non-capture_batch4_sample20_R2.fastq.gz	50418032;45175363
ERR14789323	SAMEA117873006	Denmark	2017-07-01	RD-271	ftp.sra.ebi.ac.uk/vol1/fastq/ERR147/023/ERR14789323/ERR14789323_1.fastq.gz;ftp.sra.ebi.ac.uk/vol1/fastq/ERR147/023/ERR14789323/ERR14789323_2.fastq.gz	Stigmatella aurantiaca	fasp.sra.ebi.ac.uk:/vol1/run/ERR147/ERR14789323/non-capture_batch4_sample21_R1.fastq.gz;fasp.sra.ebi.ac.uk:/vol1/run/ERR147/ERR14789323/non-capture_batch4_sample21_R2.fastq.gz	52574472;47657487
ERR14789324	SAMEA117873007	Denmark	2017-08-09	RD-287	ftp.sra.ebi.ac.uk/vol1/fastq/ERR147/024/ERR14789324/ERR14789324_1.fastq.gz;ftp.sra.ebi.ac.uk/vol1/fastq/ERR147/024/ERR14789324/ERR14789324_2.fastq.gz	Stigmatella aurantiaca	fasp.sra.ebi.ac.uk:/vol1/run/ERR147/ERR14789324/non-capture_batch4_sample22_R1.fastq.gz;fasp.sra.ebi.ac.uk:/vol1/run/ERR147/ERR14789324/non-capture_batch4_sample22_R2.fastq.gz	17878755;14043472
ERR14789325	SAMEA117873008	Denmark	2017-09-13	RD-297	ftp.sra.ebi.ac.uk/vol1/fastq/ERR147/025/ERR14789325/ERR14789325_1.fastq.gz;ftp.sra.ebi.ac.uk/vol1/fastq/ERR147/025/ERR14789325/ERR14789325_2.fastq.gz	Stigmatella aurantiaca	fasp.sra.ebi.ac.uk:/vol1/run/ERR147/ERR14789325/non-capture_batch4_sample23_R1.fastq.gz;fasp.sra.ebi.ac.uk:/vol1/run/ERR147/ERR14789325/non-capture_batch4_sample23_R2.fastq.gz	52945814;47851773
ERR14789327	SAMEA117873010	Denmark	2017-11-01	RD-317	ftp.sra.ebi.ac.uk/vol1/fastq/ERR147/027/ERR14789327/ERR14789327_1.fastq.gz;ftp.sra.ebi.ac.uk/vol1/fastq/ERR147/027/ERR14789327/ERR14789327_2.fastq.gz	Stigmatella aurantiaca	fasp.sra.ebi.ac.uk:/vol1/run/ERR147/ERR14789327/non-capture_batch4_sample25_R1.fastq.gz;fasp.sra.ebi.ac.uk:/vol1/run/ERR147/ERR14789327/non-capture_batch4_sample25_R2.fastq.gz	15230836;12063603
ERR14789329	SAMEA117873012	Denmark	2018-04-04	RD-387	ftp.sra.ebi.ac.uk/vol1/fastq/ERR147/029/ERR14789329/ERR14789329_1.fastq.gz;ftp.sra.ebi.ac.uk/vol1/fastq/ERR147/029/ERR14789329/ERR14789329_2.fastq.gz	Stigmatella aurantiaca	fasp.sra.ebi.ac.uk:/vol1/run/ERR147/ERR14789329/non-capture_batch4_sample27_R1.fastq.gz;fasp.sra.ebi.ac.uk:/vol1/run/ERR147/ERR14789329/non-capture_batch4_sample27_R2.fastq.gz	22771636;20027352
ERR14789330	SAMEA117873013	Denmark	2018-05-04	RD-398	ftp.sra.ebi.ac.uk/vol1/fastq/ERR147/030/ERR14789330/ERR14789330_1.fastq.gz;ftp.sra.ebi.ac.uk/vol1/fastq/ERR147/030/ERR14789330/ERR14789330_2.fastq.gz	Stigmatella aurantiaca	fasp.sra.ebi.ac.uk:/vol1/run/ERR147/ERR14789330/non-capture_batch4_sample28_R1.fastq.gz;fasp.sra.ebi.ac.uk:/vol1/run/ERR147/ERR14789330/non-capture_batch4_sample28_R2.fastq.gz	52610801;48707991
ERR14789331	SAMEA117873014	Denmark	2018-09-05	RD-443	ftp.sra.ebi.ac.uk/vol1/fastq/ERR147/031/ERR14789331/ERR14789331_1.fastq.gz;ftp.sra.ebi.ac.uk/vol1/fastq/ERR147/031/ERR14789331/ERR14789331_2.fastq.gz	Stigmatella aurantiaca	fasp.sra.ebi.ac.uk:/vol1/run/ERR147/ERR14789331/non-capture_batch4_sample29_R1.fastq.gz;fasp.sra.ebi.ac.uk:/vol1/run/ERR147/ERR14789331/non-capture_batch4_sample29_R2.fastq.gz	38302254;34713913
ERR14789332	SAMEA117873015	Denmark	2018-10-04	RD-452	ftp.sra.ebi.ac.uk/vol1/fastq/ERR147/032/ERR14789332/ERR14789332_1.fastq.gz;ftp.sra.ebi.ac.uk/vol1/fastq/ERR147/032/ERR14789332/ERR14789332_2.fastq.gz	Stigmatella aurantiaca	fasp.sra.ebi.ac.uk:/vol1/run/ERR147/ERR14789332/non-capture_batch4_sample30_R1.fastq.gz;fasp.sra.ebi.ac.uk:/vol1/run/ERR147/ERR14789332/non-capture_batch4_sample30_R2.fastq.gz	62691606;57576017
ERR14789339	SAMEA13189695	USA	2017-10-25	DTU_2017_1013531_1_MG_US1710_L29	ftp.sra.ebi.ac.uk/vol1/fastq/ERR147/039/ERR14789339/ERR14789339_1.fastq.gz;ftp.sra.ebi.ac.uk/vol1/fastq/ERR147/039/ERR14789339/ERR14789339_2.fastq.gz	wastewater metagenome	fasp.sra.ebi.ac.uk:/vol1/run/ERR147/ERR14789339/non-capture_batch4_sample37_R1.fastq.gz;fasp.sra.ebi.ac.uk:/vol1/run/ERR147/ERR14789339/non-capture_batch4_sample37_R2.fastq.gz	21866464;17436047
ERR14789343	SAMEA13189718	USA	2018-02-22	DTU_2018_1013554_1_MG_US1802_L56	ftp.sra.ebi.ac.uk/vol1/fastq/ERR147/043/ERR14789343/ERR14789343_1.fastq.gz;ftp.sra.ebi.ac.uk/vol1/fastq/ERR147/043/ERR14789343/ERR14789343_2.fastq.gz	wastewater metagenome	fasp.sra.ebi.ac.uk:/vol1/run/ERR147/ERR14789343/non-capture_batch4_sample41_R1.fastq.gz;fasp.sra.ebi.ac.uk:/vol1/run/ERR147/ERR14789343/non-capture_batch4_sample41_R2.fastq.gz	31876676;28576253
ERR14789347	SAMEA13189728	USA	2018-07-17	DTU_2018_1013564_1_MG_US1807_L68	ftp.sra.ebi.ac.uk/vol1/fastq/ERR147/047/ERR14789347/ERR14789347_1.fastq.gz;ftp.sra.ebi.ac.uk/vol1/fastq/ERR147/047/ERR14789347/ERR14789347_2.fastq.gz	wastewater metagenome	fasp.sra.ebi.ac.uk:/vol1/run/ERR147/ERR14789347/non-capture_batch4_sample45_R1.fastq.gz;fasp.sra.ebi.ac.uk:/vol1/run/ERR147/ERR14789347/non-capture_batch4_sample45_R2.fastq.gz	37922195;32661856
ERR14789350	SAMEA13189739	Canada	2018-09-28	DTU_2018_1013575_1_MG_CA1809_L79	ftp.sra.ebi.ac.uk/vol1/fastq/ERR147/050/ERR14789350/ERR14789350_1.fastq.gz;ftp.sra.ebi.ac.uk/vol1/fastq/ERR147/050/ERR14789350/ERR14789350_2.fastq.gz	wastewater metagenome	fasp.sra.ebi.ac.uk:/vol1/run/ERR147/ERR14789350/non-capture_batch4_sample48_R1.fastq.gz;fasp.sra.ebi.ac.uk:/vol1/run/ERR147/ERR14789350/non-capture_batch4_sample48_R2.fastq.gz	11580319;10562521
ERR14789353	SAMEA117873003	Canada	2017-06-22	CA-RE-136	ftp.sra.ebi.ac.uk/vol1/fastq/ERR147/053/ERR14789353/ERR14789353_1.fastq.gz;ftp.sra.ebi.ac.uk/vol1/fastq/ERR147/053/ERR14789353/ERR14789353_2.fastq.gz	Stigmatella aurantiaca	fasp.sra.ebi.ac.uk:/vol1/run/ERR147/ERR14789353/non-capture_batch5_sample1_R1.fastq.gz;fasp.sra.ebi.ac.uk:/vol1/run/ERR147/ERR14789353/non-capture_batch5_sample1_R2.fastq.gz	42311719;38568786
ERR14789354	SAMEA7428341	Canada	2017-11-22	DTU_2017_603_1_MG_CA_RE_299	ftp.sra.ebi.ac.uk/vol1/fastq/ERR147/054/ERR14789354/ERR14789354_1.fastq.gz;ftp.sra.ebi.ac.uk/vol1/fastq/ERR147/054/ERR14789354/ERR14789354_2.fastq.gz	wastewater metagenome	fasp.sra.ebi.ac.uk:/vol1/run/ERR147/ERR14789354/non-capture_batch5_sample2_R1.fastq.gz;fasp.sra.ebi.ac.uk:/vol1/run/ERR147/ERR14789354/non-capture_batch5_sample2_R2.fastq.gz	50987008;46164578
ERR14789359	SAMEA13189703	Canada	2017-09-27	DTU_2017_1013539_1_MG_CA1709_L37	ftp.sra.ebi.ac.uk/vol1/fastq/ERR147/059/ERR14789359/ERR14789359_1.fastq.gz;ftp.sra.ebi.ac.uk/vol1/fastq/ERR147/059/ERR14789359/ERR14789359_2.fastq.gz	wastewater metagenome	fasp.sra.ebi.ac.uk:/vol1/run/ERR147/ERR14789359/non-capture_batch5_sample7_R1.fastq.gz;fasp.sra.ebi.ac.uk:/vol1/run/ERR147/ERR14789359/non-capture_batch5_sample7_R2.fastq.gz	35931683;32308594
ERR14789369	SAMEA13189741	Ecuador	2018-04-26	DTU_2018_1013577_1_MG_EC1804_L81	ftp.sra.ebi.ac.uk/vol1/fastq/ERR147/069/ERR14789369/ERR14789369_1.fastq.gz;ftp.sra.ebi.ac.uk/vol1/fastq/ERR147/069/ERR14789369/ERR14789369_2.fastq.gz	wastewater metagenome	fasp.sra.ebi.ac.uk:/vol1/run/ERR147/ERR14789369/non-capture_batch5_sample17_R1.fastq.gz;fasp.sra.ebi.ac.uk:/vol1/run/ERR147/ERR14789369/non-capture_batch5_sample17_R2.fastq.gz	25125512;23051618
ERR14789372	SAMEA13189744	Ecuador	2018-08-29	DTU_2018_1013580_1_MG_EC1808_L84	ftp.sra.ebi.ac.uk/vol1/fastq/ERR147/072/ERR14789372/ERR14789372_1.fastq.gz;ftp.sra.ebi.ac.uk/vol1/fastq/ERR147/072/ERR14789372/ERR14789372_2.fastq.gz	wastewater metagenome	fasp.sra.ebi.ac.uk:/vol1/run/ERR147/ERR14789372/non-capture_batch5_sample20_R1.fastq.gz;fasp.sra.ebi.ac.uk:/vol1/run/ERR147/ERR14789372/non-capture_batch5_sample20_R2.fastq.gz	25605262;23560827
ERR14789375	SAMEA117873001	Ecuador	2018-11-16	EC-1811	ftp.sra.ebi.ac.uk/vol1/fastq/ERR147/075/ERR14789375/ERR14789375_1.fastq.gz;ftp.sra.ebi.ac.uk/vol1/fastq/ERR147/075/ERR14789375/ERR14789375_2.fastq.gz	Stigmatella aurantiaca	fasp.sra.ebi.ac.uk:/vol1/run/ERR147/ERR14789375/non-capture_batch5_sample23_R1.fastq.gz;fasp.sra.ebi.ac.uk:/vol1/run/ERR147/ERR14789375/non-capture_batch5_sample23_R2.fastq.gz	13807902;12462365
ERR14789377	SAMEA117872998	Ecuador	2017-06-14	EC-QU-96	ftp.sra.ebi.ac.uk/vol1/fastq/ERR147/077/ERR14789377/ERR14789377_1.fastq.gz;ftp.sra.ebi.ac.uk/vol1/fastq/ERR147/077/ERR14789377/ERR14789377_2.fastq.gz	Stigmatella aurantiaca	fasp.sra.ebi.ac.uk:/vol1/run/ERR147/ERR14789377/non-capture_batch5_sample25_R1.fastq.gz;fasp.sra.ebi.ac.uk:/vol1/run/ERR147/ERR14789377/non-capture_batch5_sample25_R2.fastq.gz	12607409;11850395
ERR14789381	SAMEA13189706	Ecuador	2018-01-31	DTU_2018_1013542_1_MG_EC1801_L40	ftp.sra.ebi.ac.uk/vol1/fastq/ERR147/081/ERR14789381/ERR14789381_1.fastq.gz;ftp.sra.ebi.ac.uk/vol1/fastq/ERR147/081/ERR14789381/ERR14789381_2.fastq.gz	wastewater metagenome	fasp.sra.ebi.ac.uk:/vol1/run/ERR147/ERR14789381/non-capture_batch5_sample29_R1.fastq.gz;fasp.sra.ebi.ac.uk:/vol1/run/ERR147/ERR14789381/non-capture_batch5_sample29_R2.fastq.gz	25319984;23072251
ERR14789383	SAMEA7428346	Finland	2017-11-21	DTU_2017_608_1_MG_FI_OU_304	ftp.sra.ebi.ac.uk/vol1/fastq/ERR147/083/ERR14789383/ERR14789383_1.fastq.gz;ftp.sra.ebi.ac.uk/vol1/fastq/ERR147/083/ERR14789383/ERR14789383_2.fastq.gz	wastewater metagenome	fasp.sra.ebi.ac.uk:/vol1/run/ERR147/ERR14789383/non-capture_batch5_sample31_R1.fastq.gz;fasp.sra.ebi.ac.uk:/vol1/run/ERR147/ERR14789383/non-capture_batch5_sample31_R2.fastq.gz	33783217;30087720
ERR14789386	SAMEA4777482	Greece	2017-06-09	DTU2017_MG_4_GR_AT	ftp.sra.ebi.ac.uk/vol1/fastq/ERR147/086/ERR14789386/ERR14789386_1.fastq.gz;ftp.sra.ebi.ac.uk/vol1/fastq/ERR147/086/ERR14789386/ERR14789386_2.fastq.gz	wastewater metagenome	fasp.sra.ebi.ac.uk:/vol1/run/ERR147/ERR14789386/non-capture_batch5_sample34_R1.fastq.gz;fasp.sra.ebi.ac.uk:/vol1/run/ERR147/ERR14789386/non-capture_batch5_sample34_R2.fastq.gz	41065816;37691483
ERR14789387	SAMEA7428245	Greece	2017-11-21	DTU_2017_497_1_MG_GR_AT_193	ftp.sra.ebi.ac.uk/vol1/fastq/ERR147/087/ERR14789387/ERR14789387_1.fastq.gz;ftp.sra.ebi.ac.uk/vol1/fastq/ERR147/087/ERR14789387/ERR14789387_2.fastq.gz	wastewater metagenome	fasp.sra.ebi.ac.uk:/vol1/run/ERR147/ERR14789387/non-capture_batch5_sample35_R1.fastq.gz;fasp.sra.ebi.ac.uk:/vol1/run/ERR147/ERR14789387/non-capture_batch5_sample35_R2.fastq.gz	35321332;32317508
ERR14789394	SAMEA4777470	New Zealand	2017-06-06	DTU2017_MG_39_NZ_CH	ftp.sra.ebi.ac.uk/vol1/fastq/ERR147/094/ERR14789394/ERR14789394_1.fastq.gz;ftp.sra.ebi.ac.uk/vol1/fastq/ERR147/094/ERR14789394/ERR14789394_2.fastq.gz	wastewater metagenome	fasp.sra.ebi.ac.uk:/vol1/run/ERR147/ERR14789394/non-capture_batch5_sample42_R1.fastq.gz;fasp.sra.ebi.ac.uk:/vol1/run/ERR147/ERR14789394/non-capture_batch5_sample42_R2.fastq.gz	11128417;9885099
ERR14789402	SAMEA117873026	Netherlands	2021	NEG-CTRL-5	ftp.sra.ebi.ac.uk/vol1/fastq/ERR147/002/ERR14789402/ERR14789402_1.fastq.gz;ftp.sra.ebi.ac.uk/vol1/fastq/ERR147/002/ERR14789402/ERR14789402_2.fastq.gz	Stigmatella aurantiaca	fasp.sra.ebi.ac.uk:/vol1/run/ERR147/ERR14789402/non-capture_batch5_sample50_R1.fastq.gz;fasp.sra.ebi.ac.uk:/vol1/run/ERR147/ERR14789402/non-capture_batch5_sample50_R2.fastq.gz	5999463;5783033
ERR14789411	SAMEA4777447	Denmark	2017-06-16	DTU2017_MG_18_GL_SI	ftp.sra.ebi.ac.uk/vol1/fastq/ERR147/011/ERR14789411/ERR14789411_1.fastq.gz;ftp.sra.ebi.ac.uk/vol1/fastq/ERR147/011/ERR14789411/ERR14789411_2.fastq.gz	wastewater metagenome	fasp.sra.ebi.ac.uk:/vol1/run/ERR147/ERR14789411/non-capture_batch6_sample9_R1.fastq.gz;fasp.sra.ebi.ac.uk:/vol1/run/ERR147/ERR14789411/non-capture_batch6_sample9_R2.fastq.gz	22426242;18610684
ERR14789415	SAMEA4777520	Hungary	2017-06-08	DTU2017_MG_84_HU_BU	ftp.sra.ebi.ac.uk/vol1/fastq/ERR147/015/ERR14789415/ERR14789415_1.fastq.gz;ftp.sra.ebi.ac.uk/vol1/fastq/ERR147/015/ERR14789415/ERR14789415_2.fastq.gz	wastewater metagenome	fasp.sra.ebi.ac.uk:/vol1/run/ERR147/ERR14789415/non-capture_batch6_sample13_R1.fastq.gz;fasp.sra.ebi.ac.uk:/vol1/run/ERR147/ERR14789415/non-capture_batch6_sample13_R2.fastq.gz	45086910;41323381
ERR14789420	SAMEA7428288	India	2017-11-24	DTU_2017_544_1_MG_IN_CO_240	ftp.sra.ebi.ac.uk/vol1/fastq/ERR147/020/ERR14789420/ERR14789420_1.fastq.gz;ftp.sra.ebi.ac.uk/vol1/fastq/ERR147/020/ERR14789420/ERR14789420_2.fastq.gz	wastewater metagenome	fasp.sra.ebi.ac.uk:/vol1/run/ERR147/ERR14789420/non-capture_batch6_sample18_R1.fastq.gz;fasp.sra.ebi.ac.uk:/vol1/run/ERR147/ERR14789420/non-capture_batch6_sample18_R2.fastq.gz	13995895;11431093
ERR14789421	SAMEA7428463	India	2018-07-04	DTU_2018_698_1_MG_IN_KO_387	ftp.sra.ebi.ac.uk/vol1/fastq/ERR147/021/ERR14789421/ERR14789421_1.fastq.gz;ftp.sra.ebi.ac.uk/vol1/fastq/ERR147/021/ERR14789421/ERR14789421_2.fastq.gz	wastewater metagenome	fasp.sra.ebi.ac.uk:/vol1/run/ERR147/ERR14789421/non-capture_batch6_sample19_R1.fastq.gz;fasp.sra.ebi.ac.uk:/vol1/run/ERR147/ERR14789421/non-capture_batch6_sample19_R2.fastq.gz	16255287;13173405
ERR14789422	SAMEA7426306	India	2018-12-20	DTU_2018_851_1_MG_IN_KO_535	ftp.sra.ebi.ac.uk/vol1/fastq/ERR147/022/ERR14789422/ERR14789422_1.fastq.gz;ftp.sra.ebi.ac.uk/vol1/fastq/ERR147/022/ERR14789422/ERR14789422_2.fastq.gz	wastewater metagenome	fasp.sra.ebi.ac.uk:/vol1/run/ERR147/ERR14789422/non-capture_batch6_sample20_R1.fastq.gz;fasp.sra.ebi.ac.uk:/vol1/run/ERR147/ERR14789422/non-capture_batch6_sample20_R2.fastq.gz	10904959;8679451
ERR14789425	SAMEA117872991	Malaysia	2017-11-23	MY-PG-314	ftp.sra.ebi.ac.uk/vol1/fastq/ERR147/025/ERR14789425/ERR14789425_1.fastq.gz;ftp.sra.ebi.ac.uk/vol1/fastq/ERR147/025/ERR14789425/ERR14789425_2.fastq.gz	Stigmatella aurantiaca	fasp.sra.ebi.ac.uk:/vol1/run/ERR147/ERR14789425/non-capture_batch6_sample22_R1.fastq.gz;fasp.sra.ebi.ac.uk:/vol1/run/ERR147/ERR14789425/non-capture_batch6_sample22_R2.fastq.gz	20836050;16827089
ERR14789427	SAMEA117872993	Malaysia	2018-12-13	MY-PG-610	ftp.sra.ebi.ac.uk/vol1/fastq/ERR147/027/ERR14789427/ERR14789427_1.fastq.gz;ftp.sra.ebi.ac.uk/vol1/fastq/ERR147/027/ERR14789427/ERR14789427_2.fastq.gz	Stigmatella aurantiaca	fasp.sra.ebi.ac.uk:/vol1/run/ERR147/ERR14789427/non-capture_batch6_sample24_R1.fastq.gz;fasp.sra.ebi.ac.uk:/vol1/run/ERR147/ERR14789427/non-capture_batch6_sample24_R2.fastq.gz	20424816;17419828
ERR14789428	SAMEA4777507	Sweden	2017-06-08	DTU2017_MG_72_SE_GO	ftp.sra.ebi.ac.uk/vol1/fastq/ERR147/028/ERR14789428/ERR14789428_1.fastq.gz;ftp.sra.ebi.ac.uk/vol1/fastq/ERR147/028/ERR14789428/ERR14789428_2.fastq.gz	wastewater metagenome	fasp.sra.ebi.ac.uk:/vol1/run/ERR147/ERR14789428/non-capture_batch6_sample25_R1.fastq.gz;fasp.sra.ebi.ac.uk:/vol1/run/ERR147/ERR14789428/non-capture_batch6_sample25_R2.fastq.gz	58299428;55932435
ERR14789432	SAMEA4777476	Slovenia	2017-06-14	DTU2017_MG_44_SI_LJ	ftp.sra.ebi.ac.uk/vol1/fastq/ERR147/032/ERR14789432/ERR14789432_1.fastq.gz;ftp.sra.ebi.ac.uk/vol1/fastq/ERR147/032/ERR14789432/ERR14789432_2.fastq.gz	wastewater metagenome	fasp.sra.ebi.ac.uk:/vol1/run/ERR147/ERR14789432/non-capture_batch6_sample29_R1.fastq.gz;fasp.sra.ebi.ac.uk:/vol1/run/ERR147/ERR14789432/non-capture_batch6_sample29_R2.fastq.gz	27811850;21739967
ERR14789437	SAMEA7428272	Slovakia	2017-11-21	DTU_2017_528_1_MG_SK_BR_224	ftp.sra.ebi.ac.uk/vol1/fastq/ERR147/037/ERR14789437/ERR14789437_1.fastq.gz;ftp.sra.ebi.ac.uk/vol1/fastq/ERR147/037/ERR14789437/ERR14789437_2.fastq.gz	wastewater metagenome	fasp.sra.ebi.ac.uk:/vol1/run/ERR147/ERR14789437/non-capture_batch6_sample34_R1.fastq.gz;fasp.sra.ebi.ac.uk:/vol1/run/ERR147/ERR14789437/non-capture_batch6_sample34_R2.fastq.gz	53519147;47419729
ERR14789439	SAMEA7426348	Slovakia	2018-12-05	DTU_2018_893_1_MG_SK_BR_580	ftp.sra.ebi.ac.uk/vol1/fastq/ERR147/039/ERR14789439/ERR14789439_1.fastq.gz;ftp.sra.ebi.ac.uk/vol1/fastq/ERR147/039/ERR14789439/ERR14789439_2.fastq.gz	wastewater metagenome	fasp.sra.ebi.ac.uk:/vol1/run/ERR147/ERR14789439/non-capture_batch6_sample36_R1.fastq.gz;fasp.sra.ebi.ac.uk:/vol1/run/ERR147/ERR14789439/non-capture_batch6_sample36_R2.fastq.gz	18093631;13730454
ERR14789442	SAMEA7428467	Taiwan	2018-07-09	DTU_2018_702_1_MG_TW_TA_390	ftp.sra.ebi.ac.uk/vol1/fastq/ERR147/042/ERR14789442/ERR14789442_1.fastq.gz;ftp.sra.ebi.ac.uk/vol1/fastq/ERR147/042/ERR14789442/ERR14789442_2.fastq.gz	wastewater metagenome	fasp.sra.ebi.ac.uk:/vol1/run/ERR147/ERR14789442/non-capture_batch6_sample39_R1.fastq.gz;fasp.sra.ebi.ac.uk:/vol1/run/ERR147/ERR14789442/non-capture_batch6_sample39_R2.fastq.gz	14887497;11792830
ERR14789445	SAMEA7428275	Uganda	2017-12-01	DTU_2017_531_1_MG_UG_KA_227	ftp.sra.ebi.ac.uk/vol1/fastq/ERR147/045/ERR14789445/ERR14789445_1.fastq.gz;ftp.sra.ebi.ac.uk/vol1/fastq/ERR147/045/ERR14789445/ERR14789445_2.fastq.gz	wastewater metagenome	fasp.sra.ebi.ac.uk:/vol1/run/ERR147/ERR14789445/non-capture_batch6_sample42_R1.fastq.gz;fasp.sra.ebi.ac.uk:/vol1/run/ERR147/ERR14789445/non-capture_batch6_sample42_R2.fastq.gz	43225892;38409809
ERR14789450	SAMEA7428525	USA	2018-09-12	DTU_2018_764_1_MG_US_CH_461	ftp.sra.ebi.ac.uk/vol1/fastq/ERR147/050/ERR14789450/ERR14789450_1.fastq.gz;ftp.sra.ebi.ac.uk/vol1/fastq/ERR147/050/ERR14789450/ERR14789450_2.fastq.gz	wastewater metagenome	fasp.sra.ebi.ac.uk:/vol1/run/ERR147/ERR14789450/non-capture_batch6_sample47_R1.fastq.gz;fasp.sra.ebi.ac.uk:/vol1/run/ERR147/ERR14789450/non-capture_batch6_sample47_R2.fastq.gz	30300955;27573840
ERR14789454	SAMEA4777526	Cote d'Ivoire	2017-06-13	DTU2017_MG_8_CI_AB	ftp.sra.ebi.ac.uk/vol1/fastq/ERR147/054/ERR14789454/ERR14789454_1.fastq.gz;ftp.sra.ebi.ac.uk/vol1/fastq/ERR147/054/ERR14789454/ERR14789454_2.fastq.gz	wastewater metagenome	fasp.sra.ebi.ac.uk:/vol1/run/ERR147/ERR14789454/non-capture_batch7_sample1_R1.fastq.gz;fasp.sra.ebi.ac.uk:/vol1/run/ERR147/ERR14789454/non-capture_batch7_sample1_R2.fastq.gz	4554949;4069605
ERR14789455	SAMEA7428266	Cote d'Ivoire	2017-11-22	DTU_2017_522_1_MG_CI_AB_218	ftp.sra.ebi.ac.uk/vol1/fastq/ERR147/055/ERR14789455/ERR14789455_1.fastq.gz;ftp.sra.ebi.ac.uk/vol1/fastq/ERR147/055/ERR14789455/ERR14789455_2.fastq.gz	wastewater metagenome	fasp.sra.ebi.ac.uk:/vol1/run/ERR147/ERR14789455/non-capture_batch7_sample2_R1.fastq.gz;fasp.sra.ebi.ac.uk:/vol1/run/ERR147/ERR14789455/non-capture_batch7_sample2_R2.fastq.gz	10728541;9488280
ERR14789457	SAMEA117872988	Cote d'Ivoire	2018-12-18	CI-AB-525	ftp.sra.ebi.ac.uk/vol1/fastq/ERR147/057/ERR14789457/ERR14789457_1.fastq.gz;ftp.sra.ebi.ac.uk/vol1/fastq/ERR147/057/ERR14789457/ERR14789457_2.fastq.gz	Stigmatella aurantiaca	fasp.sra.ebi.ac.uk:/vol1/run/ERR147/ERR14789457/non-capture_batch7_sample4_R1.fastq.gz;fasp.sra.ebi.ac.uk:/vol1/run/ERR147/ERR14789457/non-capture_batch7_sample4_R2.fastq.gz	5485398;4785580
ERR14789458	SAMEA7426372	Denmark	2018-11-18	DTU_2018_917_1_MG_DK_VA_602	ftp.sra.ebi.ac.uk/vol1/fastq/ERR147/058/ERR14789458/ERR14789458_1.fastq.gz;ftp.sra.ebi.ac.uk/vol1/fastq/ERR147/058/ERR14789458/ERR14789458_2.fastq.gz	wastewater metagenome	fasp.sra.ebi.ac.uk:/vol1/run/ERR147/ERR14789458/non-capture_batch7_sample5_R1.fastq.gz;fasp.sra.ebi.ac.uk:/vol1/run/ERR147/ERR14789458/non-capture_batch7_sample5_R2.fastq.gz	12155156;10671591
ERR14789464	SAMEA7428508	Israel	2018-07-07	DTU_2018_744_1_MG_IL_BE_441	ftp.sra.ebi.ac.uk/vol1/fastq/ERR147/064/ERR14789464/ERR14789464_1.fastq.gz;ftp.sra.ebi.ac.uk/vol1/fastq/ERR147/064/ERR14789464/ERR14789464_2.fastq.gz	wastewater metagenome	fasp.sra.ebi.ac.uk:/vol1/run/ERR147/ERR14789464/non-capture_batch7_sample11_R1.fastq.gz;fasp.sra.ebi.ac.uk:/vol1/run/ERR147/ERR14789464/non-capture_batch7_sample11_R2.fastq.gz	6945649;6938899
ERR14789465	SAMEA7426264	Israel	2018-11-26	DTU_2018_805_1_MG_IL_BE_489	ftp.sra.ebi.ac.uk/vol1/fastq/ERR147/065/ERR14789465/ERR14789465_1.fastq.gz;ftp.sra.ebi.ac.uk/vol1/fastq/ERR147/065/ERR14789465/ERR14789465_2.fastq.gz	wastewater metagenome	fasp.sra.ebi.ac.uk:/vol1/run/ERR147/ERR14789465/non-capture_batch7_sample12_R1.fastq.gz;fasp.sra.ebi.ac.uk:/vol1/run/ERR147/ERR14789465/non-capture_batch7_sample12_R2.fastq.gz	54125148;54409288
ERR14789467	SAMEA7428314	South Korea	2017-11-20	DTU_2017_576_1_MG_KR_GW_272	ftp.sra.ebi.ac.uk/vol1/fastq/ERR147/067/ERR14789467/ERR14789467_1.fastq.gz;ftp.sra.ebi.ac.uk/vol1/fastq/ERR147/067/ERR14789467/ERR14789467_2.fastq.gz	wastewater metagenome	fasp.sra.ebi.ac.uk:/vol1/run/ERR147/ERR14789467/non-capture_batch7_sample14_R1.fastq.gz;fasp.sra.ebi.ac.uk:/vol1/run/ERR147/ERR14789467/non-capture_batch7_sample14_R2.fastq.gz	22371416;21954655
ERR14789470	SAMEA4777452	Malaysia	2017-06-08	DTU2017_MG_22_MY_PB	ftp.sra.ebi.ac.uk/vol1/fastq/ERR147/070/ERR14789470/ERR14789470_1.fastq.gz;ftp.sra.ebi.ac.uk/vol1/fastq/ERR147/070/ERR14789470/ERR14789470_2.fastq.gz	wastewater metagenome	fasp.sra.ebi.ac.uk:/vol1/run/ERR147/ERR14789470/non-capture_batch7_sample17_R1.fastq.gz;fasp.sra.ebi.ac.uk:/vol1/run/ERR147/ERR14789470/non-capture_batch7_sample17_R2.fastq.gz	11439407;10376321
ERR14789471	SAMEA7428357	Malaysia	2017-11-23	DTU_2017_619_1_MG_MY_PB_315	ftp.sra.ebi.ac.uk/vol1/fastq/ERR147/071/ERR14789471/ERR14789471_1.fastq.gz;ftp.sra.ebi.ac.uk/vol1/fastq/ERR147/071/ERR14789471/ERR14789471_2.fastq.gz	wastewater metagenome	fasp.sra.ebi.ac.uk:/vol1/run/ERR147/ERR14789471/non-capture_batch7_sample18_R1.fastq.gz;fasp.sra.ebi.ac.uk:/vol1/run/ERR147/ERR14789471/non-capture_batch7_sample18_R2.fastq.gz	8922426;7955699
ERR14789473	SAMEA7426377	Malaysia	2018-12-13	DTU_2018_926_1_MG_MY_PB_609	ftp.sra.ebi.ac.uk/vol1/fastq/ERR147/073/ERR14789473/ERR14789473_1.fastq.gz;ftp.sra.ebi.ac.uk/vol1/fastq/ERR147/073/ERR14789473/ERR14789473_2.fastq.gz	wastewater metagenome	fasp.sra.ebi.ac.uk:/vol1/run/ERR147/ERR14789473/non-capture_batch7_sample20_R1.fastq.gz;fasp.sra.ebi.ac.uk:/vol1/run/ERR147/ERR14789473/non-capture_batch7_sample20_R2.fastq.gz	8240165;7136437
ERR14789478	SAMEA117872989	Serbia	2017-06-28	RS-BE-54	ftp.sra.ebi.ac.uk/vol1/fastq/ERR147/078/ERR14789478/ERR14789478_1.fastq.gz;ftp.sra.ebi.ac.uk/vol1/fastq/ERR147/078/ERR14789478/ERR14789478_2.fastq.gz	Stigmatella aurantiaca	fasp.sra.ebi.ac.uk:/vol1/run/ERR147/ERR14789478/non-capture_batch7_sample25_R1.fastq.gz;fasp.sra.ebi.ac.uk:/vol1/run/ERR147/ERR14789478/non-capture_batch7_sample25_R2.fastq.gz	36592350;31480018
ERR14789483	SAMEA7428368	Senegal	2018-03-08	DTU_2017_630_1_MG_SN_DA_326	ftp.sra.ebi.ac.uk/vol1/fastq/ERR147/083/ERR14789483/ERR14789483_1.fastq.gz;ftp.sra.ebi.ac.uk/vol1/fastq/ERR147/083/ERR14789483/ERR14789483_2.fastq.gz	wastewater metagenome	fasp.sra.ebi.ac.uk:/vol1/run/ERR147/ERR14789483/non-capture_batch7_sample30_R1.fastq.gz;fasp.sra.ebi.ac.uk:/vol1/run/ERR147/ERR14789483/non-capture_batch7_sample30_R2.fastq.gz	12331241;10691966
ERR14789486	SAMEA4777525	Togo	2017-06-14	DTU2017_MG_89_TG_LO	ftp.sra.ebi.ac.uk/vol1/fastq/ERR147/086/ERR14789486/ERR14789486_1.fastq.gz;ftp.sra.ebi.ac.uk/vol1/fastq/ERR147/086/ERR14789486/ERR14789486_2.fastq.gz	wastewater metagenome	fasp.sra.ebi.ac.uk:/vol1/run/ERR147/ERR14789486/non-capture_batch7_sample33_R1.fastq.gz;fasp.sra.ebi.ac.uk:/vol1/run/ERR147/ERR14789486/non-capture_batch7_sample33_R2.fastq.gz	22908697;19763067
ERR14789491	SAMEA7428293	Thailand	2017-11-23	DTU_2017_549_1_MG_TH_PA_245	ftp.sra.ebi.ac.uk/vol1/fastq/ERR147/091/ERR14789491/ERR14789491_1.fastq.gz;ftp.sra.ebi.ac.uk/vol1/fastq/ERR147/091/ERR14789491/ERR14789491_2.fastq.gz	wastewater metagenome	fasp.sra.ebi.ac.uk:/vol1/run/ERR147/ERR14789491/non-capture_batch7_sample38_R1.fastq.gz;fasp.sra.ebi.ac.uk:/vol1/run/ERR147/ERR14789491/non-capture_batch7_sample38_R2.fastq.gz	11311138;10052156
ERR14789493	SAMEA7426287	Thailand	2018-12-07	DTU_2018_829_1_MG_TH_PA_513	ftp.sra.ebi.ac.uk/vol1/fastq/ERR147/093/ERR14789493/ERR14789493_1.fastq.gz;ftp.sra.ebi.ac.uk/vol1/fastq/ERR147/093/ERR14789493/ERR14789493_2.fastq.gz	wastewater metagenome	fasp.sra.ebi.ac.uk:/vol1/run/ERR147/ERR14789493/non-capture_batch7_sample40_R1.fastq.gz;fasp.sra.ebi.ac.uk:/vol1/run/ERR147/ERR14789493/non-capture_batch7_sample40_R2.fastq.gz	26992497;25194511
ERR14789496	SAMEA7428447	Tanzania	2018-06-20	DTU_2018_682_1_MG_TZ_MW_370	ftp.sra.ebi.ac.uk/vol1/fastq/ERR147/096/ERR14789496/ERR14789496_1.fastq.gz;ftp.sra.ebi.ac.uk/vol1/fastq/ERR147/096/ERR14789496/ERR14789496_2.fastq.gz	wastewater metagenome	fasp.sra.ebi.ac.uk:/vol1/run/ERR147/ERR14789496/non-capture_batch7_sample43_R1.fastq.gz;fasp.sra.ebi.ac.uk:/vol1/run/ERR147/ERR14789496/non-capture_batch7_sample43_R2.fastq.gz	14998281;13304030
ERR14789497	SAMEA7426298	Tanzania	2018-11-28	DTU_2018_840_1_MG_TZ_MW_524	ftp.sra.ebi.ac.uk/vol1/fastq/ERR147/097/ERR14789497/ERR14789497_1.fastq.gz;ftp.sra.ebi.ac.uk/vol1/fastq/ERR147/097/ERR14789497/ERR14789497_2.fastq.gz	wastewater metagenome	fasp.sra.ebi.ac.uk:/vol1/run/ERR147/ERR14789497/non-capture_batch7_sample44_R1.fastq.gz;fasp.sra.ebi.ac.uk:/vol1/run/ERR147/ERR14789497/non-capture_batch7_sample44_R2.fastq.gz	23406486;20912107
ERR14789498	SAMEA117873028	Netherlands	2021	NEG-CTRL-7	ftp.sra.ebi.ac.uk/vol1/fastq/ERR147/098/ERR14789498/ERR14789498_1.fastq.gz;ftp.sra.ebi.ac.uk/vol1/fastq/ERR147/098/ERR14789498/ERR14789498_2.fastq.gz	Stigmatella aurantiaca	fasp.sra.ebi.ac.uk:/vol1/run/ERR147/ERR14789498/non-capture_batch7_sample46_R1.fastq.gz;fasp.sra.ebi.ac.uk:/vol1/run/ERR147/ERR14789498/non-capture_batch7_sample46_R2.fastq.gz	8991487;8057735
ERR14788822	SAMEA7428249	Australia	2017-11-22	DTU_2017_501_1_MG_AU_MA_197	ftp.sra.ebi.ac.uk/vol1/fastq/ERR147/022/ERR14788822/ERR14788822_1.fastq.gz;ftp.sra.ebi.ac.uk/vol1/fastq/ERR147/022/ERR14788822/ERR14788822_2.fastq.gz	wastewater metagenome	fasp.sra.ebi.ac.uk:/vol1/run/ERR147/ERR14788822/capture_batch1_sample2_R1.fastq.gz;fasp.sra.ebi.ac.uk:/vol1/run/ERR147/ERR14788822/capture_batch1_sample2_R2.fastq.gz	4644343;4312496
ERR14788823	SAMEA7428521	Australia	2018-07-10	DTU_2018_759_1_MG_AU_MA_456	ftp.sra.ebi.ac.uk/vol1/fastq/ERR147/023/ERR14788823/ERR14788823_1.fastq.gz;ftp.sra.ebi.ac.uk/vol1/fastq/ERR147/023/ERR14788823/ERR14788823_2.fastq.gz	wastewater metagenome	fasp.sra.ebi.ac.uk:/vol1/run/ERR147/ERR14788823/capture_batch1_sample3_R1.fastq.gz;fasp.sra.ebi.ac.uk:/vol1/run/ERR147/ERR14788823/capture_batch1_sample3_R2.fastq.gz	12946221;9846967
ERR14788828	SAMEA7426332	Bosnia and Herzegovina	2018-12-10	DTU_2018_877_1_MG_BA_BL_562	ftp.sra.ebi.ac.uk/vol1/fastq/ERR147/028/ERR14788828/ERR14788828_1.fastq.gz;ftp.sra.ebi.ac.uk/vol1/fastq/ERR147/028/ERR14788828/ERR14788828_2.fastq.gz	wastewater metagenome	fasp.sra.ebi.ac.uk:/vol1/run/ERR147/ERR14788828/capture_batch1_sample8_R1.fastq.gz;fasp.sra.ebi.ac.uk:/vol1/run/ERR147/ERR14788828/capture_batch1_sample8_R2.fastq.gz	19564391;15940928
ERR14788832	SAMEA7426360	Canada	2018-12-06	DTU_2018_905_1_MG_CA_OT_590	ftp.sra.ebi.ac.uk/vol1/fastq/ERR147/032/ERR14788832/ERR14788832_1.fastq.gz;ftp.sra.ebi.ac.uk/vol1/fastq/ERR147/032/ERR14788832/ERR14788832_2.fastq.gz	wastewater metagenome	fasp.sra.ebi.ac.uk:/vol1/run/ERR147/ERR14788832/capture_batch1_sample12_R1.fastq.gz;fasp.sra.ebi.ac.uk:/vol1/run/ERR147/ERR14788832/capture_batch1_sample12_R2.fastq.gz	29896840;26819478
ERR14788833	SAMEA117873017	Cote d'Ivoire	2017-06-18	CI-YA-10	ftp.sra.ebi.ac.uk/vol1/fastq/ERR147/033/ERR14788833/ERR14788833_1.fastq.gz;ftp.sra.ebi.ac.uk/vol1/fastq/ERR147/033/ERR14788833/ERR14788833_2.fastq.gz	Stigmatella aurantiaca	fasp.sra.ebi.ac.uk:/vol1/run/ERR147/ERR14788833/capture_batch1_sample13_R1.fastq.gz;fasp.sra.ebi.ac.uk:/vol1/run/ERR147/ERR14788833/capture_batch1_sample13_R2.fastq.gz	12544964;10852635
ERR14788835	SAMEA4777512	Israel	2017-06-12	DTU2017_MG_77_IL_BE	ftp.sra.ebi.ac.uk/vol1/fastq/ERR147/035/ERR14788835/ERR14788835_1.fastq.gz;ftp.sra.ebi.ac.uk/vol1/fastq/ERR147/035/ERR14788835/ERR14788835_2.fastq.gz	wastewater metagenome	fasp.sra.ebi.ac.uk:/vol1/run/ERR147/ERR14788835/capture_batch1_sample15_R1.fastq.gz;fasp.sra.ebi.ac.uk:/vol1/run/ERR147/ERR14788835/capture_batch1_sample15_R2.fastq.gz	18096510;14959946
ERR14788836	SAMEA117873018	Cote d'Ivoire	2018-12-17	CI-YA-526	ftp.sra.ebi.ac.uk/vol1/fastq/ERR147/036/ERR14788836/ERR14788836_1.fastq.gz;ftp.sra.ebi.ac.uk/vol1/fastq/ERR147/036/ERR14788836/ERR14788836_2.fastq.gz	Stigmatella aurantiaca	fasp.sra.ebi.ac.uk:/vol1/run/ERR147/ERR14788836/capture_batch1_sample16_R1.fastq.gz;fasp.sra.ebi.ac.uk:/vol1/run/ERR147/ERR14788836/capture_batch1_sample16_R2.fastq.gz	45111023;41863678
ERR14788837	SAMEA13189745	China	2018-04-10	DTU_2018_1013581_1_MG_CN1804_L85	ftp.sra.ebi.ac.uk/vol1/fastq/ERR147/037/ERR14788837/ERR14788837_1.fastq.gz;ftp.sra.ebi.ac.uk/vol1/fastq/ERR147/037/ERR14788837/ERR14788837_2.fastq.gz	wastewater metagenome	fasp.sra.ebi.ac.uk:/vol1/run/ERR147/ERR14788837/capture_batch1_sample17_R1.fastq.gz;fasp.sra.ebi.ac.uk:/vol1/run/ERR147/ERR14788837/capture_batch1_sample17_R2.fastq.gz	16392165;14359982
ERR14788841	SAMEA13189749	China	2018-10-09	DTU_2018_1013585_1_MG_CN1810_L89	ftp.sra.ebi.ac.uk/vol1/fastq/ERR147/041/ERR14788841/ERR14788841_1.fastq.gz;ftp.sra.ebi.ac.uk/vol1/fastq/ERR147/041/ERR14788841/ERR14788841_2.fastq.gz	wastewater metagenome	fasp.sra.ebi.ac.uk:/vol1/run/ERR147/ERR14788841/capture_batch1_sample21_R1.fastq.gz;fasp.sra.ebi.ac.uk:/vol1/run/ERR147/ERR14788841/capture_batch1_sample21_R2.fastq.gz	13795795;12413570
ERR14788843	SAMEA7428372	China	2017-12-21	DTU_2017_634_1_MG_CN_GU_330	ftp.sra.ebi.ac.uk/vol1/fastq/ERR147/043/ERR14788843/ERR14788843_1.fastq.gz;ftp.sra.ebi.ac.uk/vol1/fastq/ERR147/043/ERR14788843/ERR14788843_2.fastq.gz	wastewater metagenome	fasp.sra.ebi.ac.uk:/vol1/run/ERR147/ERR14788843/capture_batch1_sample23_R1.fastq.gz;fasp.sra.ebi.ac.uk:/vol1/run/ERR147/ERR14788843/capture_batch1_sample23_R2.fastq.gz	20200373;18431259
ERR14788851	SAMEA13189714	China	2018-02-08	DTU_2018_1013550_1_MG_CN1802_L48	ftp.sra.ebi.ac.uk/vol1/fastq/ERR147/051/ERR14788851/ERR14788851_1.fastq.gz;ftp.sra.ebi.ac.uk/vol1/fastq/ERR147/051/ERR14788851/ERR14788851_2.fastq.gz	wastewater metagenome	fasp.sra.ebi.ac.uk:/vol1/run/ERR147/ERR14788851/capture_batch1_sample31_R1.fastq.gz;fasp.sra.ebi.ac.uk:/vol1/run/ERR147/ERR14788851/capture_batch1_sample31_R2.fastq.gz	34702907;31917155
ERR14788852	SAMEA13189715	China	2018-03-18	DTU_2018_1013551_1_MG_CN1803_L49	ftp.sra.ebi.ac.uk/vol1/fastq/ERR147/052/ERR14788852/ERR14788852_1.fastq.gz;ftp.sra.ebi.ac.uk/vol1/fastq/ERR147/052/ERR14788852/ERR14788852_2.fastq.gz	wastewater metagenome	fasp.sra.ebi.ac.uk:/vol1/run/ERR147/ERR14788852/capture_batch1_sample32_R1.fastq.gz;fasp.sra.ebi.ac.uk:/vol1/run/ERR147/ERR14788852/capture_batch1_sample32_R2.fastq.gz	66362800;62025919
ERR14788855	SAMEA7428430	France	2018-06-11	DTU_2018_663_1_MG_FR_NA_351	ftp.sra.ebi.ac.uk/vol1/fastq/ERR147/055/ERR14788855/ERR14788855_1.fastq.gz;ftp.sra.ebi.ac.uk/vol1/fastq/ERR147/055/ERR14788855/ERR14788855_2.fastq.gz	wastewater metagenome	fasp.sra.ebi.ac.uk:/vol1/run/ERR147/ERR14788855/capture_batch1_sample35_R1.fastq.gz;fasp.sra.ebi.ac.uk:/vol1/run/ERR147/ERR14788855/capture_batch1_sample35_R2.fastq.gz	21019451;19229761
ERR14788857	SAMEA4777428	Cambodia	2017-06-13	DTU2017_MG_153_KH_PP	ftp.sra.ebi.ac.uk/vol1/fastq/ERR147/057/ERR14788857/ERR14788857_1.fastq.gz;ftp.sra.ebi.ac.uk/vol1/fastq/ERR147/057/ERR14788857/ERR14788857_2.fastq.gz	wastewater metagenome	fasp.sra.ebi.ac.uk:/vol1/run/ERR147/ERR14788857/capture_batch1_sample37_R1.fastq.gz;fasp.sra.ebi.ac.uk:/vol1/run/ERR147/ERR14788857/capture_batch1_sample37_R2.fastq.gz	11816053;10053909
ERR14788858	SAMEA7428243	Cambodia	2017-11-20	DTU_2017_495_1_MG_KH_PP_191	ftp.sra.ebi.ac.uk/vol1/fastq/ERR147/058/ERR14788858/ERR14788858_1.fastq.gz;ftp.sra.ebi.ac.uk/vol1/fastq/ERR147/058/ERR14788858/ERR14788858_2.fastq.gz	wastewater metagenome	fasp.sra.ebi.ac.uk:/vol1/run/ERR147/ERR14788858/capture_batch1_sample38_R1.fastq.gz;fasp.sra.ebi.ac.uk:/vol1/run/ERR147/ERR14788858/capture_batch1_sample38_R2.fastq.gz	11981599;10685704
ERR14788864	SAMEA4777377	Poland	2017-06-05	DTU2017_MG_106_PL_PL	ftp.sra.ebi.ac.uk/vol1/fastq/ERR147/064/ERR14788864/ERR14788864_1.fastq.gz;ftp.sra.ebi.ac.uk/vol1/fastq/ERR147/064/ERR14788864/ERR14788864_2.fastq.gz	wastewater metagenome	fasp.sra.ebi.ac.uk:/vol1/run/ERR147/ERR14788864/capture_batch1_sample44_R1.fastq.gz;fasp.sra.ebi.ac.uk:/vol1/run/ERR147/ERR14788864/capture_batch1_sample44_R2.fastq.gz	52303450;47076890
ERR14788870	SAMEA7426344	Barbados	2018-12-21	DTU_2018_889_1_MG_BB_BR_576	ftp.sra.ebi.ac.uk/vol1/fastq/ERR147/070/ERR14788870/ERR14788870_1.fastq.gz;ftp.sra.ebi.ac.uk/vol1/fastq/ERR147/070/ERR14788870/ERR14788870_2.fastq.gz	wastewater metagenome	fasp.sra.ebi.ac.uk:/vol1/run/ERR147/ERR14788870/capture_batch2_sample2_R1.fastq.gz;fasp.sra.ebi.ac.uk:/vol1/run/ERR147/ERR14788870/capture_batch2_sample2_R2.fastq.gz	13698642;11651070
ERR14788872	SAMEA7428294	Barbados	2017-11-23	DTU_2017_550_1_MG_BB_BR_246	ftp.sra.ebi.ac.uk/vol1/fastq/ERR147/072/ERR14788872/ERR14788872_1.fastq.gz;ftp.sra.ebi.ac.uk/vol1/fastq/ERR147/072/ERR14788872/ERR14788872_2.fastq.gz	wastewater metagenome	fasp.sra.ebi.ac.uk:/vol1/run/ERR147/ERR14788872/capture_batch2_sample4_R1.fastq.gz;fasp.sra.ebi.ac.uk:/vol1/run/ERR147/ERR14788872/capture_batch2_sample4_R2.fastq.gz	12256339;10946917
ERR14788875	SAMEA7428472	Canada	2018-06-26	DTU_2018_707_1_MG_CA_CA_395	ftp.sra.ebi.ac.uk/vol1/fastq/ERR147/075/ERR14788875/ERR14788875_1.fastq.gz;ftp.sra.ebi.ac.uk/vol1/fastq/ERR147/075/ERR14788875/ERR14788875_2.fastq.gz	wastewater metagenome	fasp.sra.ebi.ac.uk:/vol1/run/ERR147/ERR14788875/capture_batch2_sample7_R1.fastq.gz;fasp.sra.ebi.ac.uk:/vol1/run/ERR147/ERR14788875/capture_batch2_sample7_R2.fastq.gz	14946736;12813555
ERR14788883	SAMEA7426335	Germany	2018-12-13	DTU_2018_880_1_MG_DE_BE_565	ftp.sra.ebi.ac.uk/vol1/fastq/ERR147/083/ERR14788883/ERR14788883_1.fastq.gz;ftp.sra.ebi.ac.uk/vol1/fastq/ERR147/083/ERR14788883/ERR14788883_2.fastq.gz	wastewater metagenome	fasp.sra.ebi.ac.uk:/vol1/run/ERR147/ERR14788883/capture_batch2_sample15_R1.fastq.gz;fasp.sra.ebi.ac.uk:/vol1/run/ERR147/ERR14788883/capture_batch2_sample15_R2.fastq.gz	24548187;23558872
ERR14788886	SAMEA7428450	United Kingdom	2018-06-21	DTU_2018_685_1_MG_GB_CA_373	ftp.sra.ebi.ac.uk/vol1/fastq/ERR147/086/ERR14788886/ERR14788886_1.fastq.gz;ftp.sra.ebi.ac.uk/vol1/fastq/ERR147/086/ERR14788886/ERR14788886_2.fastq.gz	wastewater metagenome	fasp.sra.ebi.ac.uk:/vol1/run/ERR147/ERR14788886/capture_batch2_sample18_R1.fastq.gz;fasp.sra.ebi.ac.uk:/vol1/run/ERR147/ERR14788886/capture_batch2_sample18_R2.fastq.gz	19359245;18553077
ERR14788888	SAMEA4777399	Croatia	2017-06-07	DTU2017_MG_127_HR_ZA	ftp.sra.ebi.ac.uk/vol1/fastq/ERR147/088/ERR14788888/ERR14788888_1.fastq.gz;ftp.sra.ebi.ac.uk/vol1/fastq/ERR147/088/ERR14788888/ERR14788888_2.fastq.gz	wastewater metagenome	fasp.sra.ebi.ac.uk:/vol1/run/ERR147/ERR14788888/capture_batch2_sample20_R1.fastq.gz;fasp.sra.ebi.ac.uk:/vol1/run/ERR147/ERR14788888/capture_batch2_sample20_R2.fastq.gz	13686334;11784445
ERR14788889	SAMEA7428244	Croatia	2017-11-13	DTU_2017_496_1_MG_HR_ZA_192	ftp.sra.ebi.ac.uk/vol1/fastq/ERR147/089/ERR14788889/ERR14788889_1.fastq.gz;ftp.sra.ebi.ac.uk/vol1/fastq/ERR147/089/ERR14788889/ERR14788889_2.fastq.gz	wastewater metagenome	fasp.sra.ebi.ac.uk:/vol1/run/ERR147/ERR14788889/capture_batch2_sample21_R1.fastq.gz;fasp.sra.ebi.ac.uk:/vol1/run/ERR147/ERR14788889/capture_batch2_sample21_R2.fastq.gz	27674359;25957153
ERR14788890	SAMEA7428444	Croatia	2018-07-02	DTU_2018_677_1_MG_HR_ZA_365	ftp.sra.ebi.ac.uk/vol1/fastq/ERR147/090/ERR14788890/ERR14788890_1.fastq.gz;ftp.sra.ebi.ac.uk/vol1/fastq/ERR147/090/ERR14788890/ERR14788890_2.fastq.gz	wastewater metagenome	fasp.sra.ebi.ac.uk:/vol1/run/ERR147/ERR14788890/capture_batch2_sample22_R1.fastq.gz;fasp.sra.ebi.ac.uk:/vol1/run/ERR147/ERR14788890/capture_batch2_sample22_R2.fastq.gz	30910402;28558122
ERR14788896	SAMEA4777453	Japan	2017-06-12	DTU2017_MG_23_JP_JP	ftp.sra.ebi.ac.uk/vol1/fastq/ERR147/096/ERR14788896/ERR14788896_1.fastq.gz;ftp.sra.ebi.ac.uk/vol1/fastq/ERR147/096/ERR14788896/ERR14788896_2.fastq.gz	wastewater metagenome	fasp.sra.ebi.ac.uk:/vol1/run/ERR147/ERR14788896/capture_batch2_sample28_R1.fastq.gz;fasp.sra.ebi.ac.uk:/vol1/run/ERR147/ERR14788896/capture_batch2_sample28_R2.fastq.gz	6298797;5426014
ERR14788897	SAMEA7428291	Japan	2017-11-27	DTU_2017_547_1_MG_JP_JP_243	ftp.sra.ebi.ac.uk/vol1/fastq/ERR147/097/ERR14788897/ERR14788897_1.fastq.gz;ftp.sra.ebi.ac.uk/vol1/fastq/ERR147/097/ERR14788897/ERR14788897_2.fastq.gz	wastewater metagenome	fasp.sra.ebi.ac.uk:/vol1/run/ERR147/ERR14788897/capture_batch2_sample29_R1.fastq.gz;fasp.sra.ebi.ac.uk:/vol1/run/ERR147/ERR14788897/capture_batch2_sample29_R2.fastq.gz	3700182;3113239
ERR14788899	SAMEA7426334	Japan	2018-12-19	DTU_2018_879_1_MG_JP_JP_564	ftp.sra.ebi.ac.uk/vol1/fastq/ERR147/099/ERR14788899/ERR14788899_1.fastq.gz;ftp.sra.ebi.ac.uk/vol1/fastq/ERR147/099/ERR14788899/ERR14788899_2.fastq.gz	wastewater metagenome	fasp.sra.ebi.ac.uk:/vol1/run/ERR147/ERR14788899/capture_batch2_sample31_R1.fastq.gz;fasp.sra.ebi.ac.uk:/vol1/run/ERR147/ERR14788899/capture_batch2_sample31_R2.fastq.gz	9478045;8111770
ERR14788900	SAMEA4777438	Morocco	2017-07-17	DTU2017_MG_162_MA_CA	ftp.sra.ebi.ac.uk/vol1/fastq/ERR147/000/ERR14788900/ERR14788900_1.fastq.gz;ftp.sra.ebi.ac.uk/vol1/fastq/ERR147/000/ERR14788900/ERR14788900_2.fastq.gz	wastewater metagenome	fasp.sra.ebi.ac.uk:/vol1/run/ERR147/ERR14788900/capture_batch2_sample32_R1.fastq.gz;fasp.sra.ebi.ac.uk:/vol1/run/ERR147/ERR14788900/capture_batch2_sample32_R2.fastq.gz	6041441;5175822
ERR14788901	SAMEA7428338	Morocco	2017-11-29	DTU_2017_600_1_MG_MA_CA_296	ftp.sra.ebi.ac.uk/vol1/fastq/ERR147/001/ERR14788901/ERR14788901_1.fastq.gz;ftp.sra.ebi.ac.uk/vol1/fastq/ERR147/001/ERR14788901/ERR14788901_2.fastq.gz	wastewater metagenome	fasp.sra.ebi.ac.uk:/vol1/run/ERR147/ERR14788901/capture_batch2_sample33_R1.fastq.gz;fasp.sra.ebi.ac.uk:/vol1/run/ERR147/ERR14788901/capture_batch2_sample33_R2.fastq.gz	73422741;69175547
ERR14788902	SAMEA7426347	Morocco	2018	DTU_2018_892_1_MG_MA_CA_579	ftp.sra.ebi.ac.uk/vol1/fastq/ERR147/002/ERR14788902/ERR14788902_1.fastq.gz;ftp.sra.ebi.ac.uk/vol1/fastq/ERR147/002/ERR14788902/ERR14788902_2.fastq.gz	wastewater metagenome	fasp.sra.ebi.ac.uk:/vol1/run/ERR147/ERR14788902/capture_batch2_sample34_R1.fastq.gz;fasp.sra.ebi.ac.uk:/vol1/run/ERR147/ERR14788902/capture_batch2_sample34_R2.fastq.gz	36454467;36195366
ERR14788906	SAMEA7428457	Montenegro	2018-07-09	DTU_2018_692_1_MG_ME_PO_381	ftp.sra.ebi.ac.uk/vol1/fastq/ERR147/006/ERR14788906/ERR14788906_1.fastq.gz;ftp.sra.ebi.ac.uk/vol1/fastq/ERR147/006/ERR14788906/ERR14788906_2.fastq.gz	wastewater metagenome	fasp.sra.ebi.ac.uk:/vol1/run/ERR147/ERR14788906/capture_batch2_sample38_R1.fastq.gz;fasp.sra.ebi.ac.uk:/vol1/run/ERR147/ERR14788906/capture_batch2_sample38_R2.fastq.gz	17148296;16943712
ERR14788910	SAMEA7428494	Malaysia	2018-06-29	DTU_2018_730_1_MG_MY_KG_427	ftp.sra.ebi.ac.uk/vol1/fastq/ERR147/010/ERR14788910/ERR14788910_1.fastq.gz;ftp.sra.ebi.ac.uk/vol1/fastq/ERR147/010/ERR14788910/ERR14788910_2.fastq.gz	wastewater metagenome	fasp.sra.ebi.ac.uk:/vol1/run/ERR147/ERR14788910/capture_batch2_sample42_R1.fastq.gz;fasp.sra.ebi.ac.uk:/vol1/run/ERR147/ERR14788910/capture_batch2_sample42_R2.fastq.gz	14001521;11650308
ERR14788916	SAMEA117873023	Netherlands	2021	NEG-CTRL-2	ftp.sra.ebi.ac.uk/vol1/fastq/ERR147/016/ERR14788916/ERR14788916_1.fastq.gz;ftp.sra.ebi.ac.uk/vol1/fastq/ERR147/016/ERR14788916/ERR14788916_2.fastq.gz	Stigmatella aurantiaca	fasp.sra.ebi.ac.uk:/vol1/run/ERR147/ERR14788916/capture_batch2_sample48_R1.fastq.gz;fasp.sra.ebi.ac.uk:/vol1/run/ERR147/ERR14788916/capture_batch2_sample48_R2.fastq.gz	11589091;8672971
ERR14788919	SAMEA7428433	Austria	2018-06-21	DTU_2018_666_1_MG_AT_VI_354	ftp.sra.ebi.ac.uk/vol1/fastq/ERR147/019/ERR14788919/ERR14788919_1.fastq.gz;ftp.sra.ebi.ac.uk/vol1/fastq/ERR147/019/ERR14788919/ERR14788919_2.fastq.gz	wastewater metagenome	fasp.sra.ebi.ac.uk:/vol1/run/ERR147/ERR14788919/capture_batch3_sample3_R1.fastq.gz;fasp.sra.ebi.ac.uk:/vol1/run/ERR147/ERR14788919/capture_batch3_sample3_R2.fastq.gz	53708970;40276165
ERR14788922	SAMEA14509403	Australia	2017-05-12	DTU_2017_558_1_MG_AU_ME_255	ftp.sra.ebi.ac.uk/vol1/fastq/ERR147/022/ERR14788922/ERR14788922_1.fastq.gz;ftp.sra.ebi.ac.uk/vol1/fastq/ERR147/022/ERR14788922/ERR14788922_2.fastq.gz	wastewater metagenome	fasp.sra.ebi.ac.uk:/vol1/run/ERR147/ERR14788922/capture_batch3_sample6_R1.fastq.gz;fasp.sra.ebi.ac.uk:/vol1/run/ERR147/ERR14788922/capture_batch3_sample6_R2.fastq.gz	57040895;42742248
ERR14788928	SAMEA13189709	Australia	2017-12-21	DTU_2017_1013545_1_MG_AU1712_L43	ftp.sra.ebi.ac.uk/vol1/fastq/ERR147/028/ERR14788928/ERR14788928_1.fastq.gz;ftp.sra.ebi.ac.uk/vol1/fastq/ERR147/028/ERR14788928/ERR14788928_2.fastq.gz	wastewater metagenome	fasp.sra.ebi.ac.uk:/vol1/run/ERR147/ERR14788928/capture_batch3_sample12_R1.fastq.gz;fasp.sra.ebi.ac.uk:/vol1/run/ERR147/ERR14788928/capture_batch3_sample12_R2.fastq.gz	27753083;21398362
ERR14788930	SAMEA13189711	Australia	2018-02-26	DTU_2018_1013547_1_MG_AU1802_L45	ftp.sra.ebi.ac.uk/vol1/fastq/ERR147/030/ERR14788930/ERR14788930_1.fastq.gz;ftp.sra.ebi.ac.uk/vol1/fastq/ERR147/030/ERR14788930/ERR14788930_2.fastq.gz	wastewater metagenome	fasp.sra.ebi.ac.uk:/vol1/run/ERR147/ERR14788930/capture_batch3_sample14_R1.fastq.gz;fasp.sra.ebi.ac.uk:/vol1/run/ERR147/ERR14788930/capture_batch3_sample14_R2.fastq.gz	36484170;27189493
ERR14788932	SAMEA13189721	Australia	2018-04-27	DTU_2018_1013557_1_MG_AU1804_L59	ftp.sra.ebi.ac.uk/vol1/fastq/ERR147/032/ERR14788932/ERR14788932_1.fastq.gz;ftp.sra.ebi.ac.uk/vol1/fastq/ERR147/032/ERR14788932/ERR14788932_2.fastq.gz	wastewater metagenome	fasp.sra.ebi.ac.uk:/vol1/run/ERR147/ERR14788932/capture_batch3_sample16_R1.fastq.gz;fasp.sra.ebi.ac.uk:/vol1/run/ERR147/ERR14788932/capture_batch3_sample16_R2.fastq.gz	26133647;20929411
ERR14788933	SAMEA13189722	Australia	2018-05-17	DTU_2018_1013558_1_MG_AU1805_L60	ftp.sra.ebi.ac.uk/vol1/fastq/ERR147/033/ERR14788933/ERR14788933_1.fastq.gz;ftp.sra.ebi.ac.uk/vol1/fastq/ERR147/033/ERR14788933/ERR14788933_2.fastq.gz	wastewater metagenome	fasp.sra.ebi.ac.uk:/vol1/run/ERR147/ERR14788933/capture_batch3_sample17_R1.fastq.gz;fasp.sra.ebi.ac.uk:/vol1/run/ERR147/ERR14788933/capture_batch3_sample17_R2.fastq.gz	21446475;17599269
ERR14788938	SAMEA7428511	Bangladesh	2018-07-03	DTU_2018_749_1_MG_BD_DH_446	ftp.sra.ebi.ac.uk/vol1/fastq/ERR147/038/ERR14788938/ERR14788938_1.fastq.gz;ftp.sra.ebi.ac.uk/vol1/fastq/ERR147/038/ERR14788938/ERR14788938_2.fastq.gz	wastewater metagenome	fasp.sra.ebi.ac.uk:/vol1/run/ERR147/ERR14788938/capture_batch3_sample22_R1.fastq.gz;fasp.sra.ebi.ac.uk:/vol1/run/ERR147/ERR14788938/capture_batch3_sample22_R2.fastq.gz	6516420;4575948
ERR14788944	SAMEA4777413	Cameroon	2017-06-15	DTU2017_MG_13_CM_YA	ftp.sra.ebi.ac.uk/vol1/fastq/ERR147/044/ERR14788944/ERR14788944_1.fastq.gz;ftp.sra.ebi.ac.uk/vol1/fastq/ERR147/044/ERR14788944/ERR14788944_2.fastq.gz	wastewater metagenome	fasp.sra.ebi.ac.uk:/vol1/run/ERR147/ERR14788944/capture_batch3_sample28_R1.fastq.gz;fasp.sra.ebi.ac.uk:/vol1/run/ERR147/ERR14788944/capture_batch3_sample28_R2.fastq.gz	14020366;9393180
ERR14788946	SAMEA7428522	Cameroon	2018-06-20	DTU_2018_761_1_MG_CM_YA_458	ftp.sra.ebi.ac.uk/vol1/fastq/ERR147/046/ERR14788946/ERR14788946_1.fastq.gz;ftp.sra.ebi.ac.uk/vol1/fastq/ERR147/046/ERR14788946/ERR14788946_2.fastq.gz	wastewater metagenome	fasp.sra.ebi.ac.uk:/vol1/run/ERR147/ERR14788946/capture_batch3_sample30_R1.fastq.gz;fasp.sra.ebi.ac.uk:/vol1/run/ERR147/ERR14788946/capture_batch3_sample30_R2.fastq.gz	45831508;33688470
ERR14788950	SAMEA13189693	Cameroon	2017-09-19	DTU_2017_1013529_1_MG_CM1709_L27	ftp.sra.ebi.ac.uk/vol1/fastq/ERR147/050/ERR14788950/ERR14788950_1.fastq.gz;ftp.sra.ebi.ac.uk/vol1/fastq/ERR147/050/ERR14788950/ERR14788950_2.fastq.gz	wastewater metagenome	fasp.sra.ebi.ac.uk:/vol1/run/ERR147/ERR14788950/capture_batch3_sample34_R1.fastq.gz;fasp.sra.ebi.ac.uk:/vol1/run/ERR147/ERR14788950/capture_batch3_sample34_R2.fastq.gz	6426935;5040741
ERR14788952	SAMEA13189689	Cameroon	2017-12-20	DTU_2017_1013525_1_MG_CM1712_L23	ftp.sra.ebi.ac.uk/vol1/fastq/ERR147/052/ERR14788952/ERR14788952_1.fastq.gz;ftp.sra.ebi.ac.uk/vol1/fastq/ERR147/052/ERR14788952/ERR14788952_2.fastq.gz	wastewater metagenome	fasp.sra.ebi.ac.uk:/vol1/run/ERR147/ERR14788952/capture_batch3_sample36_R1.fastq.gz;fasp.sra.ebi.ac.uk:/vol1/run/ERR147/ERR14788952/capture_batch3_sample36_R2.fastq.gz	29233763;23054877
ERR14788959	SAMEA13189733	Cameroon	2018-08-17	DTU_2018_1013569_1_MG_CM1808_L73	ftp.sra.ebi.ac.uk/vol1/fastq/ERR147/059/ERR14788959/ERR14788959_1.fastq.gz;ftp.sra.ebi.ac.uk/vol1/fastq/ERR147/059/ERR14788959/ERR14788959_2.fastq.gz	wastewater metagenome	fasp.sra.ebi.ac.uk:/vol1/run/ERR147/ERR14788959/capture_batch3_sample43_R1.fastq.gz;fasp.sra.ebi.ac.uk:/vol1/run/ERR147/ERR14788959/capture_batch3_sample43_R2.fastq.gz	56556775;44756512
ERR14788964	SAMEA117873024	Netherlands	2021	NEG-CTRL-3	ftp.sra.ebi.ac.uk/vol1/fastq/ERR147/064/ERR14788964/ERR14788964_1.fastq.gz;ftp.sra.ebi.ac.uk/vol1/fastq/ERR147/064/ERR14788964/ERR14788964_2.fastq.gz	Stigmatella aurantiaca	fasp.sra.ebi.ac.uk:/vol1/run/ERR147/ERR14788964/capture_batch3_sample48_R1.fastq.gz;fasp.sra.ebi.ac.uk:/vol1/run/ERR147/ERR14788964/capture_batch3_sample48_R2.fastq.gz	2689176;2179412
ERR14788965	SAMEA4777516	Australia	2017-06-15	DTU2017_MG_80_AU_DD	ftp.sra.ebi.ac.uk/vol1/fastq/ERR147/065/ERR14788965/ERR14788965_1.fastq.gz;ftp.sra.ebi.ac.uk/vol1/fastq/ERR147/065/ERR14788965/ERR14788965_2.fastq.gz	wastewater metagenome	fasp.sra.ebi.ac.uk:/vol1/run/ERR147/ERR14788965/capture_batch4_sample1_R1.fastq.gz;fasp.sra.ebi.ac.uk:/vol1/run/ERR147/ERR14788965/capture_batch4_sample1_R2.fastq.gz	28438665;25863050
ERR14788966	SAMEA7428248	Australia	2017-11-21	DTU_2017_500_1_MG_AU_DD_196	ftp.sra.ebi.ac.uk/vol1/fastq/ERR147/066/ERR14788966/ERR14788966_1.fastq.gz;ftp.sra.ebi.ac.uk/vol1/fastq/ERR147/066/ERR14788966/ERR14788966_2.fastq.gz	wastewater metagenome	fasp.sra.ebi.ac.uk:/vol1/run/ERR147/ERR14788966/capture_batch4_sample2_R1.fastq.gz;fasp.sra.ebi.ac.uk:/vol1/run/ERR147/ERR14788966/capture_batch4_sample2_R2.fastq.gz	19652541;18608137
ERR14788967	SAMEA7428520	Australia	2018-07-10	DTU_2018_758_1_MG_AU_DD_455	ftp.sra.ebi.ac.uk/vol1/fastq/ERR147/067/ERR14788967/ERR14788967_1.fastq.gz;ftp.sra.ebi.ac.uk/vol1/fastq/ERR147/067/ERR14788967/ERR14788967_2.fastq.gz	wastewater metagenome	fasp.sra.ebi.ac.uk:/vol1/run/ERR147/ERR14788967/capture_batch4_sample3_R1.fastq.gz;fasp.sra.ebi.ac.uk:/vol1/run/ERR147/ERR14788967/capture_batch4_sample3_R2.fastq.gz	26673850;24146266
ERR14788969	SAMEA4777391	Malaysia	2017-06-15	DTU2017_MG_11_MY_KL	ftp.sra.ebi.ac.uk/vol1/fastq/ERR147/069/ERR14788969/ERR14788969_1.fastq.gz;ftp.sra.ebi.ac.uk/vol1/fastq/ERR147/069/ERR14788969/ERR14788969_2.fastq.gz	wastewater metagenome	fasp.sra.ebi.ac.uk:/vol1/run/ERR147/ERR14788969/capture_batch4_sample5_R1.fastq.gz;fasp.sra.ebi.ac.uk:/vol1/run/ERR147/ERR14788969/capture_batch4_sample5_R2.fastq.gz	17498934;15301324
ERR14788972	SAMEA7428492	Malaysia	2018-06-29	DTU_2018_728_1_MG_MY_KL_1_425	ftp.sra.ebi.ac.uk/vol1/fastq/ERR147/072/ERR14788972/ERR14788972_1.fastq.gz;ftp.sra.ebi.ac.uk/vol1/fastq/ERR147/072/ERR14788972/ERR14788972_2.fastq.gz	wastewater metagenome	fasp.sra.ebi.ac.uk:/vol1/run/ERR147/ERR14788972/capture_batch4_sample8_R1.fastq.gz;fasp.sra.ebi.ac.uk:/vol1/run/ERR147/ERR14788972/capture_batch4_sample8_R2.fastq.gz	2539773;2151941
ERR14788973	SAMEA13189676	Malaysia	2017-07-18	DTU_2017_1013512_1_MG_MY1707_L8	ftp.sra.ebi.ac.uk/vol1/fastq/ERR147/073/ERR14788973/ERR14788973_1.fastq.gz;ftp.sra.ebi.ac.uk/vol1/fastq/ERR147/073/ERR14788973/ERR14788973_2.fastq.gz	wastewater metagenome	fasp.sra.ebi.ac.uk:/vol1/run/ERR147/ERR14788973/capture_batch4_sample9_R1.fastq.gz;fasp.sra.ebi.ac.uk:/vol1/run/ERR147/ERR14788973/capture_batch4_sample9_R2.fastq.gz	24752509;23360075
ERR14788975	SAMEA13189678	Malaysia	2017-09-12	DTU_2017_1013514_1_MG_MY1709_L10	ftp.sra.ebi.ac.uk/vol1/fastq/ERR147/075/ERR14788975/ERR14788975_1.fastq.gz;ftp.sra.ebi.ac.uk/vol1/fastq/ERR147/075/ERR14788975/ERR14788975_2.fastq.gz	wastewater metagenome	fasp.sra.ebi.ac.uk:/vol1/run/ERR147/ERR14788975/capture_batch4_sample11_R1.fastq.gz;fasp.sra.ebi.ac.uk:/vol1/run/ERR147/ERR14788975/capture_batch4_sample11_R2.fastq.gz	33700574;30807055
ERR14788978	SAMEA13189697	Malaysia	2017-12-05	DTU_2017_1013533_1_MG_MY1712_L31	ftp.sra.ebi.ac.uk/vol1/fastq/ERR147/078/ERR14788978/ERR14788978_1.fastq.gz;ftp.sra.ebi.ac.uk/vol1/fastq/ERR147/078/ERR14788978/ERR14788978_2.fastq.gz	wastewater metagenome	fasp.sra.ebi.ac.uk:/vol1/run/ERR147/ERR14788978/capture_batch4_sample14_R1.fastq.gz;fasp.sra.ebi.ac.uk:/vol1/run/ERR147/ERR14788978/capture_batch4_sample14_R2.fastq.gz	16303471;14502968
ERR14788980	SAMEA13189699	Malaysia	2018-01-06	DTU_2018_1013535_1_MG_MY1802_L33	ftp.sra.ebi.ac.uk/vol1/fastq/ERR147/080/ERR14788980/ERR14788980_1.fastq.gz;ftp.sra.ebi.ac.uk/vol1/fastq/ERR147/080/ERR14788980/ERR14788980_2.fastq.gz	wastewater metagenome	fasp.sra.ebi.ac.uk:/vol1/run/ERR147/ERR14788980/capture_batch4_sample16_R1.fastq.gz;fasp.sra.ebi.ac.uk:/vol1/run/ERR147/ERR14788980/capture_batch4_sample16_R2.fastq.gz	18149926;14131330
ERR14788982	SAMEA13189724	Malaysia	2018-04-12	DTU_2018_1013560_1_MG_MY1804_L62	ftp.sra.ebi.ac.uk/vol1/fastq/ERR147/082/ERR14788982/ERR14788982_1.fastq.gz;ftp.sra.ebi.ac.uk/vol1/fastq/ERR147/082/ERR14788982/ERR14788982_2.fastq.gz	wastewater metagenome	fasp.sra.ebi.ac.uk:/vol1/run/ERR147/ERR14788982/capture_batch4_sample18_R1.fastq.gz;fasp.sra.ebi.ac.uk:/vol1/run/ERR147/ERR14788982/capture_batch4_sample18_R2.fastq.gz	18849938;17187756
ERR14788985	SAMEA117873006	Denmark	2017-07-01	RD-271	ftp.sra.ebi.ac.uk/vol1/fastq/ERR147/085/ERR14788985/ERR14788985_1.fastq.gz;ftp.sra.ebi.ac.uk/vol1/fastq/ERR147/085/ERR14788985/ERR14788985_2.fastq.gz	Stigmatella aurantiaca	fasp.sra.ebi.ac.uk:/vol1/run/ERR147/ERR14788985/capture_batch4_sample21_R1.fastq.gz;fasp.sra.ebi.ac.uk:/vol1/run/ERR147/ERR14788985/capture_batch4_sample21_R2.fastq.gz	17816141;16689941
ERR14788990	SAMEA117873011	Denmark	2018-03-01	RD-370	ftp.sra.ebi.ac.uk/vol1/fastq/ERR147/090/ERR14788990/ERR14788990_1.fastq.gz;ftp.sra.ebi.ac.uk/vol1/fastq/ERR147/090/ERR14788990/ERR14788990_2.fastq.gz	Stigmatella aurantiaca	fasp.sra.ebi.ac.uk:/vol1/run/ERR147/ERR14788990/capture_batch4_sample26_R1.fastq.gz;fasp.sra.ebi.ac.uk:/vol1/run/ERR147/ERR14788990/capture_batch4_sample26_R2.fastq.gz	23465649;22295499
ERR14788992	SAMEA117873013	Denmark	2018-05-04	RD-398	ftp.sra.ebi.ac.uk/vol1/fastq/ERR147/092/ERR14788992/ERR14788992_1.fastq.gz;ftp.sra.ebi.ac.uk/vol1/fastq/ERR147/092/ERR14788992/ERR14788992_2.fastq.gz	Stigmatella aurantiaca	fasp.sra.ebi.ac.uk:/vol1/run/ERR147/ERR14788992/capture_batch4_sample28_R1.fastq.gz;fasp.sra.ebi.ac.uk:/vol1/run/ERR147/ERR14788992/capture_batch4_sample28_R2.fastq.gz	46419321;43548139
ERR14788993	SAMEA117873014	Denmark	2018-09-05	RD-443	ftp.sra.ebi.ac.uk/vol1/fastq/ERR147/093/ERR14788993/ERR14788993_1.fastq.gz;ftp.sra.ebi.ac.uk/vol1/fastq/ERR147/093/ERR14788993/ERR14788993_2.fastq.gz	Stigmatella aurantiaca	fasp.sra.ebi.ac.uk:/vol1/run/ERR147/ERR14788993/capture_batch4_sample29_R1.fastq.gz;fasp.sra.ebi.ac.uk:/vol1/run/ERR147/ERR14788993/capture_batch4_sample29_R2.fastq.gz	22084814;20354473
ERR14788997	SAMEA7428349	USA	2017-11-28	DTU_2017_611_1_MG_US_SE_307	ftp.sra.ebi.ac.uk/vol1/fastq/ERR147/097/ERR14788997/ERR14788997_1.fastq.gz;ftp.sra.ebi.ac.uk/vol1/fastq/ERR147/097/ERR14788997/ERR14788997_2.fastq.gz	wastewater metagenome	fasp.sra.ebi.ac.uk:/vol1/run/ERR147/ERR14788997/capture_batch4_sample33_R1.fastq.gz;fasp.sra.ebi.ac.uk:/vol1/run/ERR147/ERR14788997/capture_batch4_sample33_R2.fastq.gz	8597611;7681017
ERR14788999	SAMEA7428514	USA	2018-06-20	DTU_2018_752_1_MG_US_SE_2_449	ftp.sra.ebi.ac.uk/vol1/fastq/ERR147/099/ERR14788999/ERR14788999_1.fastq.gz;ftp.sra.ebi.ac.uk/vol1/fastq/ERR147/099/ERR14788999/ERR14788999_2.fastq.gz	wastewater metagenome	fasp.sra.ebi.ac.uk:/vol1/run/ERR147/ERR14788999/capture_batch4_sample35_R1.fastq.gz;fasp.sra.ebi.ac.uk:/vol1/run/ERR147/ERR14788999/capture_batch4_sample35_R2.fastq.gz	52826942;49591567
ERR14789000	SAMEA13189694	USA	2017-09-28	DTU_2017_1013530_1_MG_US1709_L28	ftp.sra.ebi.ac.uk/vol1/fastq/ERR147/000/ERR14789000/ERR14789000_1.fastq.gz;ftp.sra.ebi.ac.uk/vol1/fastq/ERR147/000/ERR14789000/ERR14789000_2.fastq.gz	wastewater metagenome	fasp.sra.ebi.ac.uk:/vol1/run/ERR147/ERR14789000/capture_batch4_sample36_R1.fastq.gz;fasp.sra.ebi.ac.uk:/vol1/run/ERR147/ERR14789000/capture_batch4_sample36_R2.fastq.gz	47786919;45580860
ERR14789001	SAMEA13189695	USA	2017-10-25	DTU_2017_1013531_1_MG_US1710_L29	ftp.sra.ebi.ac.uk/vol1/fastq/ERR147/001/ERR14789001/ERR14789001_1.fastq.gz;ftp.sra.ebi.ac.uk/vol1/fastq/ERR147/001/ERR14789001/ERR14789001_2.fastq.gz	wastewater metagenome	fasp.sra.ebi.ac.uk:/vol1/run/ERR147/ERR14789001/capture_batch4_sample37_R1.fastq.gz;fasp.sra.ebi.ac.uk:/vol1/run/ERR147/ERR14789001/capture_batch4_sample37_R2.fastq.gz	22272854;19292597
ERR14789005	SAMEA13189718	USA	2018-02-22	DTU_2018_1013554_1_MG_US1802_L56	ftp.sra.ebi.ac.uk/vol1/fastq/ERR147/005/ERR14789005/ERR14789005_1.fastq.gz;ftp.sra.ebi.ac.uk/vol1/fastq/ERR147/005/ERR14789005/ERR14789005_2.fastq.gz	wastewater metagenome	fasp.sra.ebi.ac.uk:/vol1/run/ERR147/ERR14789005/capture_batch4_sample41_R1.fastq.gz;fasp.sra.ebi.ac.uk:/vol1/run/ERR147/ERR14789005/capture_batch4_sample41_R2.fastq.gz	16586993;15086175
ERR14789007	SAMEA13189726	USA	2018-04-15	DTU_2018_1013562_1_MG_US1804_L66	ftp.sra.ebi.ac.uk/vol1/fastq/ERR147/007/ERR14789007/ERR14789007_1.fastq.gz;ftp.sra.ebi.ac.uk/vol1/fastq/ERR147/007/ERR14789007/ERR14789007_2.fastq.gz	wastewater metagenome	fasp.sra.ebi.ac.uk:/vol1/run/ERR147/ERR14789007/capture_batch4_sample43_R1.fastq.gz;fasp.sra.ebi.ac.uk:/vol1/run/ERR147/ERR14789007/capture_batch4_sample43_R2.fastq.gz	21180365;19798172
ERR14789009	SAMEA13189728	USA	2018-07-17	DTU_2018_1013564_1_MG_US1807_L68	ftp.sra.ebi.ac.uk/vol1/fastq/ERR147/009/ERR14789009/ERR14789009_1.fastq.gz;ftp.sra.ebi.ac.uk/vol1/fastq/ERR147/009/ERR14789009/ERR14789009_2.fastq.gz	wastewater metagenome	fasp.sra.ebi.ac.uk:/vol1/run/ERR147/ERR14789009/capture_batch4_sample45_R1.fastq.gz;fasp.sra.ebi.ac.uk:/vol1/run/ERR147/ERR14789009/capture_batch4_sample45_R2.fastq.gz	20604500;18627181
ERR14789017	SAMEA13189701	Canada	2017-07-26	DTU_2017_1013537_1_MG_CA1707_L35	ftp.sra.ebi.ac.uk/vol1/fastq/ERR147/017/ERR14789017/ERR14789017_1.fastq.gz;ftp.sra.ebi.ac.uk/vol1/fastq/ERR147/017/ERR14789017/ERR14789017_2.fastq.gz	wastewater metagenome	fasp.sra.ebi.ac.uk:/vol1/run/ERR147/ERR14789017/capture_batch5_sample5_R1.fastq.gz;fasp.sra.ebi.ac.uk:/vol1/run/ERR147/ERR14789017/capture_batch5_sample5_R2.fastq.gz	25026424;22698289
ERR14789019	SAMEA13189703	Canada	2017-09-27	DTU_2017_1013539_1_MG_CA1709_L37	ftp.sra.ebi.ac.uk/vol1/fastq/ERR147/019/ERR14789019/ERR14789019_1.fastq.gz;ftp.sra.ebi.ac.uk/vol1/fastq/ERR147/019/ERR14789019/ERR14789019_2.fastq.gz	wastewater metagenome	fasp.sra.ebi.ac.uk:/vol1/run/ERR147/ERR14789019/capture_batch5_sample7_R1.fastq.gz;fasp.sra.ebi.ac.uk:/vol1/run/ERR147/ERR14789019/capture_batch5_sample7_R2.fastq.gz	23505033;21345084
ERR14789022	SAMEA13189734	Canada	2018-03-21	DTU_2018_1013570_1_MG_CA1803_L74	ftp.sra.ebi.ac.uk/vol1/fastq/ERR147/022/ERR14789022/ERR14789022_1.fastq.gz;ftp.sra.ebi.ac.uk/vol1/fastq/ERR147/022/ERR14789022/ERR14789022_2.fastq.gz	wastewater metagenome	fasp.sra.ebi.ac.uk:/vol1/run/ERR147/ERR14789022/capture_batch5_sample10_R1.fastq.gz;fasp.sra.ebi.ac.uk:/vol1/run/ERR147/ERR14789022/capture_batch5_sample10_R2.fastq.gz	34520395;30196522
ERR14789023	SAMEA13189735	Canada	2018-04-01	DTU_2018_1013571_1_MG_CA1804_L75	ftp.sra.ebi.ac.uk/vol1/fastq/ERR147/023/ERR14789023/ERR14789023_1.fastq.gz;ftp.sra.ebi.ac.uk/vol1/fastq/ERR147/023/ERR14789023/ERR14789023_2.fastq.gz	wastewater metagenome	fasp.sra.ebi.ac.uk:/vol1/run/ERR147/ERR14789023/capture_batch5_sample11_R1.fastq.gz;fasp.sra.ebi.ac.uk:/vol1/run/ERR147/ERR14789023/capture_batch5_sample11_R2.fastq.gz	27383923;23709062
ERR14789025	SAMEA13189737	Canada	2018-07-30	DTU_2018_1013573_1_MG_CA1807_L77	ftp.sra.ebi.ac.uk/vol1/fastq/ERR147/025/ERR14789025/ERR14789025_1.fastq.gz;ftp.sra.ebi.ac.uk/vol1/fastq/ERR147/025/ERR14789025/ERR14789025_2.fastq.gz	wastewater metagenome	fasp.sra.ebi.ac.uk:/vol1/run/ERR147/ERR14789025/capture_batch5_sample13_R1.fastq.gz;fasp.sra.ebi.ac.uk:/vol1/run/ERR147/ERR14789025/capture_batch5_sample13_R2.fastq.gz	10638787;9511757
ERR14789029	SAMEA13189741	Ecuador	2018-04-26	DTU_2018_1013577_1_MG_EC1804_L81	ftp.sra.ebi.ac.uk/vol1/fastq/ERR147/029/ERR14789029/ERR14789029_1.fastq.gz;ftp.sra.ebi.ac.uk/vol1/fastq/ERR147/029/ERR14789029/ERR14789029_2.fastq.gz	wastewater metagenome	fasp.sra.ebi.ac.uk:/vol1/run/ERR147/ERR14789029/capture_batch5_sample17_R1.fastq.gz;fasp.sra.ebi.ac.uk:/vol1/run/ERR147/ERR14789029/capture_batch5_sample17_R2.fastq.gz	15042745;12496523
ERR14789034	SAMEA117873000	Ecuador	2018-10-26	EC-1810	ftp.sra.ebi.ac.uk/vol1/fastq/ERR147/034/ERR14789034/ERR14789034_1.fastq.gz;ftp.sra.ebi.ac.uk/vol1/fastq/ERR147/034/ERR14789034/ERR14789034_2.fastq.gz	Stigmatella aurantiaca	fasp.sra.ebi.ac.uk:/vol1/run/ERR147/ERR14789034/capture_batch5_sample22_R1.fastq.gz;fasp.sra.ebi.ac.uk:/vol1/run/ERR147/ERR14789034/capture_batch5_sample22_R2.fastq.gz	18178055;15477281
ERR14789035	SAMEA117873001	Ecuador	2018-11-16	EC-1811	ftp.sra.ebi.ac.uk/vol1/fastq/ERR147/035/ERR14789035/ERR14789035_1.fastq.gz;ftp.sra.ebi.ac.uk/vol1/fastq/ERR147/035/ERR14789035/ERR14789035_2.fastq.gz	Stigmatella aurantiaca	fasp.sra.ebi.ac.uk:/vol1/run/ERR147/ERR14789035/capture_batch5_sample23_R1.fastq.gz;fasp.sra.ebi.ac.uk:/vol1/run/ERR147/ERR14789035/capture_batch5_sample23_R2.fastq.gz	24903522;21104979
ERR14789036	SAMEA117873002	Ecuador	2018-12-28	EC-1812	ftp.sra.ebi.ac.uk/vol1/fastq/ERR147/036/ERR14789036/ERR14789036_1.fastq.gz;ftp.sra.ebi.ac.uk/vol1/fastq/ERR147/036/ERR14789036/ERR14789036_2.fastq.gz	Stigmatella aurantiaca	fasp.sra.ebi.ac.uk:/vol1/run/ERR147/ERR14789036/capture_batch5_sample24_R1.fastq.gz;fasp.sra.ebi.ac.uk:/vol1/run/ERR147/ERR14789036/capture_batch5_sample24_R2.fastq.gz	13997180;10334947
ERR14789037	SAMEA117872998	Ecuador	2017-06-14	EC-QU-96	ftp.sra.ebi.ac.uk/vol1/fastq/ERR147/037/ERR14789037/ERR14789037_1.fastq.gz;ftp.sra.ebi.ac.uk/vol1/fastq/ERR147/037/ERR14789037/ERR14789037_2.fastq.gz	Stigmatella aurantiaca	fasp.sra.ebi.ac.uk:/vol1/run/ERR147/ERR14789037/capture_batch5_sample25_R1.fastq.gz;fasp.sra.ebi.ac.uk:/vol1/run/ERR147/ERR14789037/capture_batch5_sample25_R2.fastq.gz	4441027;3580312
ERR14789038	SAMEA7428365	Ecuador	2017-11-23	DTU_2017_627_1_MG_EC_QU_323	ftp.sra.ebi.ac.uk/vol1/fastq/ERR147/038/ERR14789038/ERR14789038_1.fastq.gz;ftp.sra.ebi.ac.uk/vol1/fastq/ERR147/038/ERR14789038/ERR14789038_2.fastq.gz	wastewater metagenome	fasp.sra.ebi.ac.uk:/vol1/run/ERR147/ERR14789038/capture_batch5_sample26_R1.fastq.gz;fasp.sra.ebi.ac.uk:/vol1/run/ERR147/ERR14789038/capture_batch5_sample26_R2.fastq.gz	32788765;29489580
ERR14789042	SAMEA13189707	Ecuador	2018-02-28	DTU_2018_1013543_1_MG_EC1802_L41	ftp.sra.ebi.ac.uk/vol1/fastq/ERR147/042/ERR14789042/ERR14789042_1.fastq.gz;ftp.sra.ebi.ac.uk/vol1/fastq/ERR147/042/ERR14789042/ERR14789042_2.fastq.gz	wastewater metagenome	fasp.sra.ebi.ac.uk:/vol1/run/ERR147/ERR14789042/capture_batch5_sample30_R1.fastq.gz;fasp.sra.ebi.ac.uk:/vol1/run/ERR147/ERR14789042/capture_batch5_sample30_R2.fastq.gz	8258795;6973532
ERR14789043	SAMEA7428346	Finland	2017-11-21	DTU_2017_608_1_MG_FI_OU_304	ftp.sra.ebi.ac.uk/vol1/fastq/ERR147/043/ERR14789043/ERR14789043_1.fastq.gz;ftp.sra.ebi.ac.uk/vol1/fastq/ERR147/043/ERR14789043/ERR14789043_2.fastq.gz	wastewater metagenome	fasp.sra.ebi.ac.uk:/vol1/run/ERR147/ERR14789043/capture_batch5_sample31_R1.fastq.gz;fasp.sra.ebi.ac.uk:/vol1/run/ERR147/ERR14789043/capture_batch5_sample31_R2.fastq.gz	7645273;6958813
ERR14789044	SAMEA7428505	Finland	2018-06-20	DTU_2018_741_1_MG_FI_OU_438	ftp.sra.ebi.ac.uk/vol1/fastq/ERR147/044/ERR14789044/ERR14789044_1.fastq.gz;ftp.sra.ebi.ac.uk/vol1/fastq/ERR147/044/ERR14789044/ERR14789044_2.fastq.gz	wastewater metagenome	fasp.sra.ebi.ac.uk:/vol1/run/ERR147/ERR14789044/capture_batch5_sample32_R1.fastq.gz;fasp.sra.ebi.ac.uk:/vol1/run/ERR147/ERR14789044/capture_batch5_sample32_R2.fastq.gz	13165663;11918913
ERR14789045	SAMEA7426352	Finland	2018-11-01	DTU_2018_897_1_MG_FI_OU_584	ftp.sra.ebi.ac.uk/vol1/fastq/ERR147/045/ERR14789045/ERR14789045_1.fastq.gz;ftp.sra.ebi.ac.uk/vol1/fastq/ERR147/045/ERR14789045/ERR14789045_2.fastq.gz	wastewater metagenome	fasp.sra.ebi.ac.uk:/vol1/run/ERR147/ERR14789045/capture_batch5_sample33_R1.fastq.gz;fasp.sra.ebi.ac.uk:/vol1/run/ERR147/ERR14789045/capture_batch5_sample33_R2.fastq.gz	11272874;10352917
ERR14789047	SAMEA7428245	Greece	2017-11-21	DTU_2017_497_1_MG_GR_AT_193	ftp.sra.ebi.ac.uk/vol1/fastq/ERR147/047/ERR14789047/ERR14789047_1.fastq.gz;ftp.sra.ebi.ac.uk/vol1/fastq/ERR147/047/ERR14789047/ERR14789047_2.fastq.gz	wastewater metagenome	fasp.sra.ebi.ac.uk:/vol1/run/ERR147/ERR14789047/capture_batch5_sample35_R1.fastq.gz;fasp.sra.ebi.ac.uk:/vol1/run/ERR147/ERR14789047/capture_batch5_sample35_R2.fastq.gz	10357036;8495441
ERR14789049	SAMEA7426283	Greece	2018-12-07	DTU_2018_825_1_MG_GR_AT_509	ftp.sra.ebi.ac.uk/vol1/fastq/ERR147/049/ERR14789049/ERR14789049_1.fastq.gz;ftp.sra.ebi.ac.uk/vol1/fastq/ERR147/049/ERR14789049/ERR14789049_2.fastq.gz	wastewater metagenome	fasp.sra.ebi.ac.uk:/vol1/run/ERR147/ERR14789049/capture_batch5_sample37_R1.fastq.gz;fasp.sra.ebi.ac.uk:/vol1/run/ERR147/ERR14789049/capture_batch5_sample37_R2.fastq.gz	21950078;18703655
ERR14789050	SAMEA4777403	Italy	2017-06-05	DTU2017_MG_130_IT_RO	ftp.sra.ebi.ac.uk/vol1/fastq/ERR147/050/ERR14789050/ERR14789050_1.fastq.gz;ftp.sra.ebi.ac.uk/vol1/fastq/ERR147/050/ERR14789050/ERR14789050_2.fastq.gz	wastewater metagenome	fasp.sra.ebi.ac.uk:/vol1/run/ERR147/ERR14789050/capture_batch5_sample38_R1.fastq.gz;fasp.sra.ebi.ac.uk:/vol1/run/ERR147/ERR14789050/capture_batch5_sample38_R2.fastq.gz	15553386;14634040
ERR14789052	SAMEA7428468	Italy	2018-06-26	DTU_2018_703_1_MG_IT_RO_391	ftp.sra.ebi.ac.uk/vol1/fastq/ERR147/052/ERR14789052/ERR14789052_1.fastq.gz;ftp.sra.ebi.ac.uk/vol1/fastq/ERR147/052/ERR14789052/ERR14789052_2.fastq.gz	wastewater metagenome	fasp.sra.ebi.ac.uk:/vol1/run/ERR147/ERR14789052/capture_batch5_sample40_R1.fastq.gz;fasp.sra.ebi.ac.uk:/vol1/run/ERR147/ERR14789052/capture_batch5_sample40_R2.fastq.gz	17264449;13089509
ERR14789053	SAMEA7426351	Italy	2018-11-26	DTU_2018_896_1_MG_IT_RO_583	ftp.sra.ebi.ac.uk/vol1/fastq/ERR147/053/ERR14789053/ERR14789053_1.fastq.gz;ftp.sra.ebi.ac.uk/vol1/fastq/ERR147/053/ERR14789053/ERR14789053_2.fastq.gz	wastewater metagenome	fasp.sra.ebi.ac.uk:/vol1/run/ERR147/ERR14789053/capture_batch5_sample41_R1.fastq.gz;fasp.sra.ebi.ac.uk:/vol1/run/ERR147/ERR14789053/capture_batch5_sample41_R2.fastq.gz	6123467;4838837
ERR14789055	SAMEA7428351	New Zealand	2017-11-21	DTU_2017_613_1_MG_NZ_CH_309	ftp.sra.ebi.ac.uk/vol1/fastq/ERR147/055/ERR14789055/ERR14789055_1.fastq.gz;ftp.sra.ebi.ac.uk/vol1/fastq/ERR147/055/ERR14789055/ERR14789055_2.fastq.gz	wastewater metagenome	fasp.sra.ebi.ac.uk:/vol1/run/ERR147/ERR14789055/capture_batch5_sample43_R1.fastq.gz;fasp.sra.ebi.ac.uk:/vol1/run/ERR147/ERR14789055/capture_batch5_sample43_R2.fastq.gz	12565034;11027098
ERR14789058	SAMEA117872995	Malaysia	2017-06-14	SG-JU150	ftp.sra.ebi.ac.uk/vol1/fastq/ERR147/058/ERR14789058/ERR14789058_1.fastq.gz;ftp.sra.ebi.ac.uk/vol1/fastq/ERR147/058/ERR14789058/ERR14789058_2.fastq.gz	Stigmatella aurantiaca	fasp.sra.ebi.ac.uk:/vol1/run/ERR147/ERR14789058/capture_batch5_sample46_R1.fastq.gz;fasp.sra.ebi.ac.uk:/vol1/run/ERR147/ERR14789058/capture_batch5_sample46_R2.fastq.gz	7000033;6091430
ERR14789059	SAMEA7428528	Singapore	2018-06-20	DTU_2018_767_1_MG_SG_JU_464	ftp.sra.ebi.ac.uk/vol1/fastq/ERR147/059/ERR14789059/ERR14789059_1.fastq.gz;ftp.sra.ebi.ac.uk/vol1/fastq/ERR147/059/ERR14789059/ERR14789059_2.fastq.gz	wastewater metagenome	fasp.sra.ebi.ac.uk:/vol1/run/ERR147/ERR14789059/capture_batch5_sample47_R1.fastq.gz;fasp.sra.ebi.ac.uk:/vol1/run/ERR147/ERR14789059/capture_batch5_sample47_R2.fastq.gz	40339887;34959592
ERR14789062	SAMEA117873026	Netherlands	2021	NEG-CTRL-5	ftp.sra.ebi.ac.uk/vol1/fastq/ERR147/062/ERR14789062/ERR14789062_1.fastq.gz;ftp.sra.ebi.ac.uk/vol1/fastq/ERR147/062/ERR14789062/ERR14789062_2.fastq.gz	Stigmatella aurantiaca	fasp.sra.ebi.ac.uk:/vol1/run/ERR147/ERR14789062/capture_batch5_sample50_R1.fastq.gz;fasp.sra.ebi.ac.uk:/vol1/run/ERR147/ERR14789062/capture_batch5_sample50_R2.fastq.gz	3337196;2664435
ERR14789067	SAMEA4777490	Finland	2017-06-06	DTU2017_MG_57_FI_HE	ftp.sra.ebi.ac.uk/vol1/fastq/ERR147/067/ERR14789067/ERR14789067_1.fastq.gz;ftp.sra.ebi.ac.uk/vol1/fastq/ERR147/067/ERR14789067/ERR14789067_2.fastq.gz	wastewater metagenome	fasp.sra.ebi.ac.uk:/vol1/run/ERR147/ERR14789067/capture_batch6_sample5_R1.fastq.gz;fasp.sra.ebi.ac.uk:/vol1/run/ERR147/ERR14789067/capture_batch6_sample5_R2.fastq.gz	20236500;19880797
ERR14789069	SAMEA7428504	Finland	2018-06-20	DTU_2018_740_1_MG_FI_HE_437	ftp.sra.ebi.ac.uk/vol1/fastq/ERR147/069/ERR14789069/ERR14789069_1.fastq.gz;ftp.sra.ebi.ac.uk/vol1/fastq/ERR147/069/ERR14789069/ERR14789069_2.fastq.gz	wastewater metagenome	fasp.sra.ebi.ac.uk:/vol1/run/ERR147/ERR14789069/capture_batch6_sample7_R1.fastq.gz;fasp.sra.ebi.ac.uk:/vol1/run/ERR147/ERR14789069/capture_batch6_sample7_R2.fastq.gz	19501356;19097786
ERR14789076	SAMEA7428283	Hungary	2017-11-30	DTU_2017_539_1_MG_HU_BU_235	ftp.sra.ebi.ac.uk/vol1/fastq/ERR147/076/ERR14789076/ERR14789076_1.fastq.gz;ftp.sra.ebi.ac.uk/vol1/fastq/ERR147/076/ERR14789076/ERR14789076_2.fastq.gz	wastewater metagenome	fasp.sra.ebi.ac.uk:/vol1/run/ERR147/ERR14789076/capture_batch6_sample14_R1.fastq.gz;fasp.sra.ebi.ac.uk:/vol1/run/ERR147/ERR14789076/capture_batch6_sample14_R2.fastq.gz	11425358;10760560
ERR14789082	SAMEA7426306	India	2018-12-20	DTU_2018_851_1_MG_IN_KO_535	ftp.sra.ebi.ac.uk/vol1/fastq/ERR147/082/ERR14789082/ERR14789082_1.fastq.gz;ftp.sra.ebi.ac.uk/vol1/fastq/ERR147/082/ERR14789082/ERR14789082_2.fastq.gz	wastewater metagenome	fasp.sra.ebi.ac.uk:/vol1/run/ERR147/ERR14789082/capture_batch6_sample20_R1.fastq.gz;fasp.sra.ebi.ac.uk:/vol1/run/ERR147/ERR14789082/capture_batch6_sample20_R2.fastq.gz	2530323;1970905
ERR14789083	SAMEA4777450	Malaysia	2017-06-08	DTU2017_MG_20_MY_PG	ftp.sra.ebi.ac.uk/vol1/fastq/ERR147/083/ERR14789083/ERR14789083_1.fastq.gz;ftp.sra.ebi.ac.uk/vol1/fastq/ERR147/083/ERR14789083/ERR14789083_2.fastq.gz	wastewater metagenome	fasp.sra.ebi.ac.uk:/vol1/run/ERR147/ERR14789083/capture_batch6_sample21_R1.fastq.gz;fasp.sra.ebi.ac.uk:/vol1/run/ERR147/ERR14789083/capture_batch6_sample21_R2.fastq.gz	11300709;10720156
ERR14789088	SAMEA7428240	Sweden	2017-11-19	DTU_2017_492_1_MG_SE_GO_188	ftp.sra.ebi.ac.uk/vol1/fastq/ERR147/088/ERR14789088/ERR14789088_1.fastq.gz;ftp.sra.ebi.ac.uk/vol1/fastq/ERR147/088/ERR14789088/ERR14789088_2.fastq.gz	wastewater metagenome	fasp.sra.ebi.ac.uk:/vol1/run/ERR147/ERR14789088/capture_batch6_sample26_R1.fastq.gz;fasp.sra.ebi.ac.uk:/vol1/run/ERR147/ERR14789088/capture_batch6_sample26_R2.fastq.gz	4734503;3905335
ERR14789091	SAMEA4777476	Slovenia	2017-06-14	DTU2017_MG_44_SI_LJ	ftp.sra.ebi.ac.uk/vol1/fastq/ERR147/091/ERR14789091/ERR14789091_1.fastq.gz;ftp.sra.ebi.ac.uk/vol1/fastq/ERR147/091/ERR14789091/ERR14789091_2.fastq.gz	wastewater metagenome	fasp.sra.ebi.ac.uk:/vol1/run/ERR147/ERR14789091/capture_batch6_sample29_R1.fastq.gz;fasp.sra.ebi.ac.uk:/vol1/run/ERR147/ERR14789091/capture_batch6_sample29_R2.fastq.gz	5125647;4132681
ERR14789094	SAMEA7426286	Slovenia	2018-12-11	DTU_2018_828_1_MG_SI_LJ_512	ftp.sra.ebi.ac.uk/vol1/fastq/ERR147/094/ERR14789094/ERR14789094_1.fastq.gz;ftp.sra.ebi.ac.uk/vol1/fastq/ERR147/094/ERR14789094/ERR14789094_2.fastq.gz	wastewater metagenome	fasp.sra.ebi.ac.uk:/vol1/run/ERR147/ERR14789094/capture_batch6_sample32_R1.fastq.gz;fasp.sra.ebi.ac.uk:/vol1/run/ERR147/ERR14789094/capture_batch6_sample32_R2.fastq.gz	25740416;25182174
ERR14789095	SAMEA4777506	Slovakia	2017-06-22	DTU2017_MG_71_SK_BR	ftp.sra.ebi.ac.uk/vol1/fastq/ERR147/095/ERR14789095/ERR14789095_1.fastq.gz;ftp.sra.ebi.ac.uk/vol1/fastq/ERR147/095/ERR14789095/ERR14789095_2.fastq.gz	wastewater metagenome	fasp.sra.ebi.ac.uk:/vol1/run/ERR147/ERR14789095/capture_batch6_sample33_R1.fastq.gz;fasp.sra.ebi.ac.uk:/vol1/run/ERR147/ERR14789095/capture_batch6_sample33_R2.fastq.gz	15271168;14392430
ERR14789098	SAMEA7426348	Slovakia	2018-12-05	DTU_2018_893_1_MG_SK_BR_580	ftp.sra.ebi.ac.uk/vol1/fastq/ERR147/098/ERR14789098/ERR14789098_1.fastq.gz;ftp.sra.ebi.ac.uk/vol1/fastq/ERR147/098/ERR14789098/ERR14789098_2.fastq.gz	wastewater metagenome	fasp.sra.ebi.ac.uk:/vol1/run/ERR147/ERR14789098/capture_batch6_sample36_R1.fastq.gz;fasp.sra.ebi.ac.uk:/vol1/run/ERR147/ERR14789098/capture_batch6_sample36_R2.fastq.gz	12910324;11541401
ERR14789101	SAMEA7428467	Taiwan	2018-07-09	DTU_2018_702_1_MG_TW_TA_390	ftp.sra.ebi.ac.uk/vol1/fastq/ERR147/001/ERR14789101/ERR14789101_1.fastq.gz;ftp.sra.ebi.ac.uk/vol1/fastq/ERR147/001/ERR14789101/ERR14789101_2.fastq.gz	wastewater metagenome	fasp.sra.ebi.ac.uk:/vol1/run/ERR147/ERR14789101/capture_batch6_sample39_R1.fastq.gz;fasp.sra.ebi.ac.uk:/vol1/run/ERR147/ERR14789101/capture_batch6_sample39_R2.fastq.gz	4910465;4613166
ERR14789123	SAMEA7428508	Israel	2018-07-07	DTU_2018_744_1_MG_IL_BE_441	ftp.sra.ebi.ac.uk/vol1/fastq/ERR147/023/ERR14789123/ERR14789123_1.fastq.gz;ftp.sra.ebi.ac.uk/vol1/fastq/ERR147/023/ERR14789123/ERR14789123_2.fastq.gz	wastewater metagenome	fasp.sra.ebi.ac.uk:/vol1/run/ERR147/ERR14789123/capture_batch7_sample11_R1.fastq.gz;fasp.sra.ebi.ac.uk:/vol1/run/ERR147/ERR14789123/capture_batch7_sample11_R2.fastq.gz	582449;568853
ERR14789124	SAMEA7426264	Israel	2018-11-26	DTU_2018_805_1_MG_IL_BE_489	ftp.sra.ebi.ac.uk/vol1/fastq/ERR147/024/ERR14789124/ERR14789124_1.fastq.gz;ftp.sra.ebi.ac.uk/vol1/fastq/ERR147/024/ERR14789124/ERR14789124_2.fastq.gz	wastewater metagenome	fasp.sra.ebi.ac.uk:/vol1/run/ERR147/ERR14789124/capture_batch7_sample12_R1.fastq.gz;fasp.sra.ebi.ac.uk:/vol1/run/ERR147/ERR14789124/capture_batch7_sample12_R2.fastq.gz	26459992;23934305
ERR14789127	SAMEA7428458	South Korea	2018-07-10	DTU_2018_693_1_MG_KR_GW_382	ftp.sra.ebi.ac.uk/vol1/fastq/ERR147/027/ERR14789127/ERR14789127_1.fastq.gz;ftp.sra.ebi.ac.uk/vol1/fastq/ERR147/027/ERR14789127/ERR14789127_2.fastq.gz	wastewater metagenome	fasp.sra.ebi.ac.uk:/vol1/run/ERR147/ERR14789127/capture_batch7_sample15_R1.fastq.gz;fasp.sra.ebi.ac.uk:/vol1/run/ERR147/ERR14789127/capture_batch7_sample15_R2.fastq.gz	14261691;14343333
ERR14789129	SAMEA4777452	Malaysia	2017-06-08	DTU2017_MG_22_MY_PB	ftp.sra.ebi.ac.uk/vol1/fastq/ERR147/029/ERR14789129/ERR14789129_1.fastq.gz;ftp.sra.ebi.ac.uk/vol1/fastq/ERR147/029/ERR14789129/ERR14789129_2.fastq.gz	wastewater metagenome	fasp.sra.ebi.ac.uk:/vol1/run/ERR147/ERR14789129/capture_batch7_sample17_R1.fastq.gz;fasp.sra.ebi.ac.uk:/vol1/run/ERR147/ERR14789129/capture_batch7_sample17_R2.fastq.gz	2946325;2455831
ERR14789134	SAMEA117872994	Nigeria	2018-07-18	NG-IL-457	ftp.sra.ebi.ac.uk/vol1/fastq/ERR147/034/ERR14789134/ERR14789134_1.fastq.gz;ftp.sra.ebi.ac.uk/vol1/fastq/ERR147/034/ERR14789134/ERR14789134_2.fastq.gz	Stigmatella aurantiaca	fasp.sra.ebi.ac.uk:/vol1/run/ERR147/ERR14789134/capture_batch7_sample22_R1.fastq.gz;fasp.sra.ebi.ac.uk:/vol1/run/ERR147/ERR14789134/capture_batch7_sample22_R2.fastq.gz	7799150;7461773
ERR14789137	SAMEA117872989	Serbia	2017-06-28	RS-BE-54	ftp.sra.ebi.ac.uk/vol1/fastq/ERR147/037/ERR14789137/ERR14789137_1.fastq.gz;ftp.sra.ebi.ac.uk/vol1/fastq/ERR147/037/ERR14789137/ERR14789137_2.fastq.gz	Stigmatella aurantiaca	fasp.sra.ebi.ac.uk:/vol1/run/ERR147/ERR14789137/capture_batch7_sample25_R1.fastq.gz;fasp.sra.ebi.ac.uk:/vol1/run/ERR147/ERR14789137/capture_batch7_sample25_R2.fastq.gz	9413710;8024837
ERR14789139	SAMEA7428453	Serbia	2018-06-12	DTU_2018_688_1_MG_RS_BE_376	ftp.sra.ebi.ac.uk/vol1/fastq/ERR147/039/ERR14789139/ERR14789139_1.fastq.gz;ftp.sra.ebi.ac.uk/vol1/fastq/ERR147/039/ERR14789139/ERR14789139_2.fastq.gz	wastewater metagenome	fasp.sra.ebi.ac.uk:/vol1/run/ERR147/ERR14789139/capture_batch7_sample27_R1.fastq.gz;fasp.sra.ebi.ac.uk:/vol1/run/ERR147/ERR14789139/capture_batch7_sample27_R2.fastq.gz	4537899;3748989
ERR14789145	SAMEA4777525	Togo	2017-06-14	DTU2017_MG_89_TG_LO	ftp.sra.ebi.ac.uk/vol1/fastq/ERR147/045/ERR14789145/ERR14789145_1.fastq.gz;ftp.sra.ebi.ac.uk/vol1/fastq/ERR147/045/ERR14789145/ERR14789145_2.fastq.gz	wastewater metagenome	fasp.sra.ebi.ac.uk:/vol1/run/ERR147/ERR14789145/capture_batch7_sample33_R1.fastq.gz;fasp.sra.ebi.ac.uk:/vol1/run/ERR147/ERR14789145/capture_batch7_sample33_R2.fastq.gz	19185036;16875386
ERR14789150	SAMEA7428293	Thailand	2017-11-23	DTU_2017_549_1_MG_TH_PA_245	ftp.sra.ebi.ac.uk/vol1/fastq/ERR147/050/ERR14789150/ERR14789150_1.fastq.gz;ftp.sra.ebi.ac.uk/vol1/fastq/ERR147/050/ERR14789150/ERR14789150_2.fastq.gz	wastewater metagenome	fasp.sra.ebi.ac.uk:/vol1/run/ERR147/ERR14789150/capture_batch7_sample38_R1.fastq.gz;fasp.sra.ebi.ac.uk:/vol1/run/ERR147/ERR14789150/capture_batch7_sample38_R2.fastq.gz	7471173;6228480
ERR14789151	SAMEA7428531	Thailand	2018-09-10	DTU_2018_774_1_MG_TH_PA_471	ftp.sra.ebi.ac.uk/vol1/fastq/ERR147/051/ERR14789151/ERR14789151_1.fastq.gz;ftp.sra.ebi.ac.uk/vol1/fastq/ERR147/051/ERR14789151/ERR14789151_2.fastq.gz	wastewater metagenome	fasp.sra.ebi.ac.uk:/vol1/run/ERR147/ERR14789151/capture_batch7_sample39_R1.fastq.gz;fasp.sra.ebi.ac.uk:/vol1/run/ERR147/ERR14789151/capture_batch7_sample39_R2.fastq.gz	1896820;1763298
ERR14789157	SAMEA117873028	Netherlands	2021	NEG-CTRL-7	ftp.sra.ebi.ac.uk/vol1/fastq/ERR147/057/ERR14789157/ERR14789157_1.fastq.gz;ftp.sra.ebi.ac.uk/vol1/fastq/ERR147/057/ERR14789157/ERR14789157_2.fastq.gz	Stigmatella aurantiaca	fasp.sra.ebi.ac.uk:/vol1/run/ERR147/ERR14789157/capture_batch7_sample46_R1.fastq.gz;fasp.sra.ebi.ac.uk:/vol1/run/ERR147/ERR14789157/capture_batch7_sample46_R2.fastq.gz	2169273;1905728
ERR14789159	SAMEA4777514	Australia	2017-06-20	DTU2017_MG_79_AU_MA	ftp.sra.ebi.ac.uk/vol1/fastq/ERR147/059/ERR14789159/ERR14789159_1.fastq.gz;ftp.sra.ebi.ac.uk/vol1/fastq/ERR147/059/ERR14789159/ERR14789159_2.fastq.gz	wastewater metagenome	fasp.sra.ebi.ac.uk:/vol1/run/ERR147/ERR14789159/non-capture_batch1_sample1_R1.fastq.gz;fasp.sra.ebi.ac.uk:/vol1/run/ERR147/ERR14789159/non-capture_batch1_sample1_R2.fastq.gz	10056688;7559990
ERR14789163	SAMEA4777513	Bosnia and Herzegovina	2017-06-13	DTU2017_MG_78_BA_BL	ftp.sra.ebi.ac.uk/vol1/fastq/ERR147/063/ERR14789163/ERR14789163_1.fastq.gz;ftp.sra.ebi.ac.uk/vol1/fastq/ERR147/063/ERR14789163/ERR14789163_2.fastq.gz	wastewater metagenome	fasp.sra.ebi.ac.uk:/vol1/run/ERR147/ERR14789163/non-capture_batch1_sample5_R1.fastq.gz;fasp.sra.ebi.ac.uk:/vol1/run/ERR147/ERR14789163/non-capture_batch1_sample5_R2.fastq.gz	8117943;6104929
ERR14789166	SAMEA7426332	Bosnia and Herzegovina	2018-12-10	DTU_2018_877_1_MG_BA_BL_562	ftp.sra.ebi.ac.uk/vol1/fastq/ERR147/066/ERR14789166/ERR14789166_1.fastq.gz;ftp.sra.ebi.ac.uk/vol1/fastq/ERR147/066/ERR14789166/ERR14789166_2.fastq.gz	wastewater metagenome	fasp.sra.ebi.ac.uk:/vol1/run/ERR147/ERR14789166/non-capture_batch1_sample8_R1.fastq.gz;fasp.sra.ebi.ac.uk:/vol1/run/ERR147/ERR14789166/non-capture_batch1_sample8_R2.fastq.gz	13262097;10364674
ERR14789174	SAMEA117873018	Cote d'Ivoire	2018-12-17	CI-YA-526	ftp.sra.ebi.ac.uk/vol1/fastq/ERR147/074/ERR14789174/ERR14789174_1.fastq.gz;ftp.sra.ebi.ac.uk/vol1/fastq/ERR147/074/ERR14789174/ERR14789174_2.fastq.gz	Stigmatella aurantiaca	fasp.sra.ebi.ac.uk:/vol1/run/ERR147/ERR14789174/non-capture_batch1_sample16_R1.fastq.gz;fasp.sra.ebi.ac.uk:/vol1/run/ERR147/ERR14789174/non-capture_batch1_sample16_R2.fastq.gz	65671628;57688617
ERR14789175	SAMEA13189745	China	2018-04-10	DTU_2018_1013581_1_MG_CN1804_L85	ftp.sra.ebi.ac.uk/vol1/fastq/ERR147/075/ERR14789175/ERR14789175_1.fastq.gz;ftp.sra.ebi.ac.uk/vol1/fastq/ERR147/075/ERR14789175/ERR14789175_2.fastq.gz	wastewater metagenome	fasp.sra.ebi.ac.uk:/vol1/run/ERR147/ERR14789175/non-capture_batch1_sample17_R1.fastq.gz;fasp.sra.ebi.ac.uk:/vol1/run/ERR147/ERR14789175/non-capture_batch1_sample17_R2.fastq.gz	15763733;12639862
ERR14789178	SAMEA13189748	China	2018-09-01	DTU_2018_1013584_1_MG_CN1809_L88	ftp.sra.ebi.ac.uk/vol1/fastq/ERR147/078/ERR14789178/ERR14789178_1.fastq.gz;ftp.sra.ebi.ac.uk/vol1/fastq/ERR147/078/ERR14789178/ERR14789178_2.fastq.gz	wastewater metagenome	fasp.sra.ebi.ac.uk:/vol1/run/ERR147/ERR14789178/non-capture_batch1_sample20_R1.fastq.gz;fasp.sra.ebi.ac.uk:/vol1/run/ERR147/ERR14789178/non-capture_batch1_sample20_R2.fastq.gz	20371804;16458323
ERR14789179	SAMEA13189749	China	2018-10-09	DTU_2018_1013585_1_MG_CN1810_L89	ftp.sra.ebi.ac.uk/vol1/fastq/ERR147/079/ERR14789179/ERR14789179_1.fastq.gz;ftp.sra.ebi.ac.uk/vol1/fastq/ERR147/079/ERR14789179/ERR14789179_2.fastq.gz	wastewater metagenome	fasp.sra.ebi.ac.uk:/vol1/run/ERR147/ERR14789179/non-capture_batch1_sample21_R1.fastq.gz;fasp.sra.ebi.ac.uk:/vol1/run/ERR147/ERR14789179/non-capture_batch1_sample21_R2.fastq.gz	21815593;17544767
ERR14789180	SAMEA13189762	Tanzania	2018-09-26	DTU_2018_1013601_1_MG_TZ_MO_10	ftp.sra.ebi.ac.uk/vol1/fastq/ERR147/080/ERR14789180/ERR14789180_1.fastq.gz;ftp.sra.ebi.ac.uk/vol1/fastq/ERR147/080/ERR14789180/ERR14789180_2.fastq.gz	wastewater metagenome	fasp.sra.ebi.ac.uk:/vol1/run/ERR147/ERR14789180/non-capture_batch1_sample22_R1.fastq.gz;fasp.sra.ebi.ac.uk:/vol1/run/ERR147/ERR14789180/non-capture_batch1_sample22_R2.fastq.gz	5373151;4380498
ERR14789182	SAMEA7428540	China	2018-06-05	DTU_2018_783_1_MG_CN_GU_480	ftp.sra.ebi.ac.uk/vol1/fastq/ERR147/082/ERR14789182/ERR14789182_1.fastq.gz;ftp.sra.ebi.ac.uk/vol1/fastq/ERR147/082/ERR14789182/ERR14789182_2.fastq.gz	wastewater metagenome	fasp.sra.ebi.ac.uk:/vol1/run/ERR147/ERR14789182/non-capture_batch1_sample24_R1.fastq.gz;fasp.sra.ebi.ac.uk:/vol1/run/ERR147/ERR14789182/non-capture_batch1_sample24_R2.fastq.gz	8240711;6522292
ERR14789183	SAMEA13189680	China	2017-07-11	DTU_2017_1013516_1_MG_CN1707_L12	ftp.sra.ebi.ac.uk/vol1/fastq/ERR147/083/ERR14789183/ERR14789183_1.fastq.gz;ftp.sra.ebi.ac.uk/vol1/fastq/ERR147/083/ERR14789183/ERR14789183_2.fastq.gz	wastewater metagenome	fasp.sra.ebi.ac.uk:/vol1/run/ERR147/ERR14789183/non-capture_batch1_sample25_R1.fastq.gz;fasp.sra.ebi.ac.uk:/vol1/run/ERR147/ERR14789183/non-capture_batch1_sample25_R2.fastq.gz	50314335;43755798
ERR14789190	SAMEA13189715	China	2018-03-18	DTU_2018_1013551_1_MG_CN1803_L49	ftp.sra.ebi.ac.uk/vol1/fastq/ERR147/090/ERR14789190/ERR14789190_1.fastq.gz;ftp.sra.ebi.ac.uk/vol1/fastq/ERR147/090/ERR14789190/ERR14789190_2.fastq.gz	wastewater metagenome	fasp.sra.ebi.ac.uk:/vol1/run/ERR147/ERR14789190/non-capture_batch1_sample32_R1.fastq.gz;fasp.sra.ebi.ac.uk:/vol1/run/ERR147/ERR14789190/non-capture_batch1_sample32_R2.fastq.gz	52081602;45557049
ERR14789195	SAMEA4777428	Cambodia	2017-06-13	DTU2017_MG_153_KH_PP	ftp.sra.ebi.ac.uk/vol1/fastq/ERR147/095/ERR14789195/ERR14789195_1.fastq.gz;ftp.sra.ebi.ac.uk/vol1/fastq/ERR147/095/ERR14789195/ERR14789195_2.fastq.gz	wastewater metagenome	fasp.sra.ebi.ac.uk:/vol1/run/ERR147/ERR14789195/non-capture_batch1_sample37_R1.fastq.gz;fasp.sra.ebi.ac.uk:/vol1/run/ERR147/ERR14789195/non-capture_batch1_sample37_R2.fastq.gz	25408554;19680392
ERR14789198	SAMEA7426309	Cambodia	2019-01-03	DTU_2018_854_1_MG_KH_PP_538	ftp.sra.ebi.ac.uk/vol1/fastq/ERR147/098/ERR14789198/ERR14789198_1.fastq.gz;ftp.sra.ebi.ac.uk/vol1/fastq/ERR147/098/ERR14789198/ERR14789198_2.fastq.gz	wastewater metagenome	fasp.sra.ebi.ac.uk:/vol1/run/ERR147/ERR14789198/non-capture_batch1_sample40_R1.fastq.gz;fasp.sra.ebi.ac.uk:/vol1/run/ERR147/ERR14789198/non-capture_batch1_sample40_R2.fastq.gz	35193727;30679346
ERR14789199	SAMEA4777456	Netherlands	2017-06-12	DTU2017_MG_26_NL_UT	ftp.sra.ebi.ac.uk/vol1/fastq/ERR147/099/ERR14789199/ERR14789199_1.fastq.gz;ftp.sra.ebi.ac.uk/vol1/fastq/ERR147/099/ERR14789199/ERR14789199_2.fastq.gz	wastewater metagenome	fasp.sra.ebi.ac.uk:/vol1/run/ERR147/ERR14789199/non-capture_batch1_sample41_R1.fastq.gz;fasp.sra.ebi.ac.uk:/vol1/run/ERR147/ERR14789199/non-capture_batch1_sample41_R2.fastq.gz	54238913;46741362
ERR14789202	SAMEA4777377	Poland	2017-06-05	DTU2017_MG_106_PL_PL	ftp.sra.ebi.ac.uk/vol1/fastq/ERR147/002/ERR14789202/ERR14789202_1.fastq.gz;ftp.sra.ebi.ac.uk/vol1/fastq/ERR147/002/ERR14789202/ERR14789202_2.fastq.gz	wastewater metagenome	fasp.sra.ebi.ac.uk:/vol1/run/ERR147/ERR14789202/non-capture_batch1_sample44_R1.fastq.gz;fasp.sra.ebi.ac.uk:/vol1/run/ERR147/ERR14789202/non-capture_batch1_sample44_R2.fastq.gz	60047632;51190877
ERR14789203	SAMEA7428302	Poland	2017-11-28	DTU_2017_559_1_MG_PL_PL_255	ftp.sra.ebi.ac.uk/vol1/fastq/ERR147/003/ERR14789203/ERR14789203_1.fastq.gz;ftp.sra.ebi.ac.uk/vol1/fastq/ERR147/003/ERR14789203/ERR14789203_2.fastq.gz	wastewater metagenome	fasp.sra.ebi.ac.uk:/vol1/run/ERR147/ERR14789203/non-capture_batch1_sample45_R1.fastq.gz;fasp.sra.ebi.ac.uk:/vol1/run/ERR147/ERR14789203/non-capture_batch1_sample45_R2.fastq.gz	61638601;53763442
ERR14789206	SAMEA117873022	Netherlands	2021	NEG-CTRL-1	ftp.sra.ebi.ac.uk/vol1/fastq/ERR147/006/ERR14789206/ERR14789206_1.fastq.gz;ftp.sra.ebi.ac.uk/vol1/fastq/ERR147/006/ERR14789206/ERR14789206_2.fastq.gz	Stigmatella aurantiaca	fasp.sra.ebi.ac.uk:/vol1/run/ERR147/ERR14789206/non-capture_batch1_sample48_R1.fastq.gz;fasp.sra.ebi.ac.uk:/vol1/run/ERR147/ERR14789206/non-capture_batch1_sample48_R2.fastq.gz	3659503;2886995
ERR14789208	SAMEA7426344	Barbados	2018-12-21	DTU_2018_889_1_MG_BB_BR_576	ftp.sra.ebi.ac.uk/vol1/fastq/ERR147/008/ERR14789208/ERR14789208_1.fastq.gz;ftp.sra.ebi.ac.uk/vol1/fastq/ERR147/008/ERR14789208/ERR14789208_2.fastq.gz	wastewater metagenome	fasp.sra.ebi.ac.uk:/vol1/run/ERR147/ERR14789208/non-capture_batch2_sample2_R1.fastq.gz;fasp.sra.ebi.ac.uk:/vol1/run/ERR147/ERR14789208/non-capture_batch2_sample2_R2.fastq.gz	14624849;9989316
ERR14789213	SAMEA7428472	Canada	2018-06-26	DTU_2018_707_1_MG_CA_CA_395	ftp.sra.ebi.ac.uk/vol1/fastq/ERR147/013/ERR14789213/ERR14789213_1.fastq.gz;ftp.sra.ebi.ac.uk/vol1/fastq/ERR147/013/ERR14789213/ERR14789213_2.fastq.gz	wastewater metagenome	fasp.sra.ebi.ac.uk:/vol1/run/ERR147/ERR14789213/non-capture_batch2_sample7_R1.fastq.gz;fasp.sra.ebi.ac.uk:/vol1/run/ERR147/ERR14789213/non-capture_batch2_sample7_R2.fastq.gz	16880284;10825583
ERR14789224	SAMEA7428450	United Kingdom	2018-06-21	DTU_2018_685_1_MG_GB_CA_373	ftp.sra.ebi.ac.uk/vol1/fastq/ERR147/024/ERR14789224/ERR14789224_1.fastq.gz;ftp.sra.ebi.ac.uk/vol1/fastq/ERR147/024/ERR14789224/ERR14789224_2.fastq.gz	wastewater metagenome	fasp.sra.ebi.ac.uk:/vol1/run/ERR147/ERR14789224/non-capture_batch2_sample18_R1.fastq.gz;fasp.sra.ebi.ac.uk:/vol1/run/ERR147/ERR14789224/non-capture_batch2_sample18_R2.fastq.gz	30597735;23940299
ERR14789228	SAMEA7428444	Croatia	2018-07-02	DTU_2018_677_1_MG_HR_ZA_365	ftp.sra.ebi.ac.uk/vol1/fastq/ERR147/028/ERR14789228/ERR14789228_1.fastq.gz;ftp.sra.ebi.ac.uk/vol1/fastq/ERR147/028/ERR14789228/ERR14789228_2.fastq.gz	wastewater metagenome	fasp.sra.ebi.ac.uk:/vol1/run/ERR147/ERR14789228/non-capture_batch2_sample22_R1.fastq.gz;fasp.sra.ebi.ac.uk:/vol1/run/ERR147/ERR14789228/non-capture_batch2_sample22_R2.fastq.gz	30148886;23928181
ERR14789231	SAMEA117873004	India	2017-11-23	IN-MP-244	ftp.sra.ebi.ac.uk/vol1/fastq/ERR147/031/ERR14789231/ERR14789231_1.fastq.gz;ftp.sra.ebi.ac.uk/vol1/fastq/ERR147/031/ERR14789231/ERR14789231_2.fastq.gz	Stigmatella aurantiaca	fasp.sra.ebi.ac.uk:/vol1/run/ERR147/ERR14789231/non-capture_batch2_sample25_R1.fastq.gz;fasp.sra.ebi.ac.uk:/vol1/run/ERR147/ERR14789231/non-capture_batch2_sample25_R2.fastq.gz	33122387;22811307
ERR14789235	SAMEA7428291	Japan	2017-11-27	DTU_2017_547_1_MG_JP_JP_243	ftp.sra.ebi.ac.uk/vol1/fastq/ERR147/035/ERR14789235/ERR14789235_1.fastq.gz;ftp.sra.ebi.ac.uk/vol1/fastq/ERR147/035/ERR14789235/ERR14789235_2.fastq.gz	wastewater metagenome	fasp.sra.ebi.ac.uk:/vol1/run/ERR147/ERR14789235/non-capture_batch2_sample29_R1.fastq.gz;fasp.sra.ebi.ac.uk:/vol1/run/ERR147/ERR14789235/non-capture_batch2_sample29_R2.fastq.gz	12796379;8141305
ERR14789236	SAMEA117873021	Japan	2018-06-22	JP-JP-371	ftp.sra.ebi.ac.uk/vol1/fastq/ERR147/036/ERR14789236/ERR14789236_1.fastq.gz;ftp.sra.ebi.ac.uk/vol1/fastq/ERR147/036/ERR14789236/ERR14789236_2.fastq.gz	Stigmatella aurantiaca	fasp.sra.ebi.ac.uk:/vol1/run/ERR147/ERR14789236/non-capture_batch2_sample30_R1.fastq.gz;fasp.sra.ebi.ac.uk:/vol1/run/ERR147/ERR14789236/non-capture_batch2_sample30_R2.fastq.gz	17788602;11541002
ERR14789237	SAMEA7426334	Japan	2018-12-19	DTU_2018_879_1_MG_JP_JP_564	ftp.sra.ebi.ac.uk/vol1/fastq/ERR147/037/ERR14789237/ERR14789237_1.fastq.gz;ftp.sra.ebi.ac.uk/vol1/fastq/ERR147/037/ERR14789237/ERR14789237_2.fastq.gz	wastewater metagenome	fasp.sra.ebi.ac.uk:/vol1/run/ERR147/ERR14789237/non-capture_batch2_sample31_R1.fastq.gz;fasp.sra.ebi.ac.uk:/vol1/run/ERR147/ERR14789237/non-capture_batch2_sample31_R2.fastq.gz	12322456;8071804
ERR14789245	SAMEA7426365	Montenegro	2019-02-08	DTU_2018_910_1_MG_ME_PO_595	ftp.sra.ebi.ac.uk/vol1/fastq/ERR147/045/ERR14789245/ERR14789245_1.fastq.gz;ftp.sra.ebi.ac.uk/vol1/fastq/ERR147/045/ERR14789245/ERR14789245_2.fastq.gz	wastewater metagenome	fasp.sra.ebi.ac.uk:/vol1/run/ERR147/ERR14789245/non-capture_batch2_sample39_R1.fastq.gz;fasp.sra.ebi.ac.uk:/vol1/run/ERR147/ERR14789245/non-capture_batch2_sample39_R2.fastq.gz	21495712;14586954
ERR14789247	SAMEA7428279	Malaysia	2017-11-30	DTU_2017_535_1_MG_MY_KG_231	ftp.sra.ebi.ac.uk/vol1/fastq/ERR147/047/ERR14789247/ERR14789247_1.fastq.gz;ftp.sra.ebi.ac.uk/vol1/fastq/ERR147/047/ERR14789247/ERR14789247_2.fastq.gz	wastewater metagenome	fasp.sra.ebi.ac.uk:/vol1/run/ERR147/ERR14789247/non-capture_batch2_sample41_R1.fastq.gz;fasp.sra.ebi.ac.uk:/vol1/run/ERR147/ERR14789247/non-capture_batch2_sample41_R2.fastq.gz	22896688;15068552
ERR14789248	SAMEA7428494	Malaysia	2018-06-29	DTU_2018_730_1_MG_MY_KG_427	ftp.sra.ebi.ac.uk/vol1/fastq/ERR147/048/ERR14789248/ERR14789248_1.fastq.gz;ftp.sra.ebi.ac.uk/vol1/fastq/ERR147/048/ERR14789248/ERR14789248_2.fastq.gz	wastewater metagenome	fasp.sra.ebi.ac.uk:/vol1/run/ERR147/ERR14789248/non-capture_batch2_sample42_R1.fastq.gz;fasp.sra.ebi.ac.uk:/vol1/run/ERR147/ERR14789248/non-capture_batch2_sample42_R2.fastq.gz	15432717;10055418
ERR14789249	SAMEA7426281	Malaysia	2018-12-07	DTU_2018_823_1_MG_MY_KG_507	ftp.sra.ebi.ac.uk/vol1/fastq/ERR147/049/ERR14789249/ERR14789249_1.fastq.gz;ftp.sra.ebi.ac.uk/vol1/fastq/ERR147/049/ERR14789249/ERR14789249_2.fastq.gz	wastewater metagenome	fasp.sra.ebi.ac.uk:/vol1/run/ERR147/ERR14789249/non-capture_batch2_sample43_R1.fastq.gz;fasp.sra.ebi.ac.uk:/vol1/run/ERR147/ERR14789249/non-capture_batch2_sample43_R2.fastq.gz	13784831;8994261
ERR14789250	SAMEA4777527	Nigeria	2017-06-07	DTU2017_MG_90_NG_LA	ftp.sra.ebi.ac.uk/vol1/fastq/ERR147/050/ERR14789250/ERR14789250_1.fastq.gz;ftp.sra.ebi.ac.uk/vol1/fastq/ERR147/050/ERR14789250/ERR14789250_2.fastq.gz	wastewater metagenome	fasp.sra.ebi.ac.uk:/vol1/run/ERR147/ERR14789250/non-capture_batch2_sample44_R1.fastq.gz;fasp.sra.ebi.ac.uk:/vol1/run/ERR147/ERR14789250/non-capture_batch2_sample44_R2.fastq.gz	14440056;9160455
ERR14789256	SAMEA7428241	Austria	2017-11-21	DTU_2017_493_1_MG_AT_VI_189	ftp.sra.ebi.ac.uk/vol1/fastq/ERR147/056/ERR14789256/ERR14789256_1.fastq.gz;ftp.sra.ebi.ac.uk/vol1/fastq/ERR147/056/ERR14789256/ERR14789256_2.fastq.gz	wastewater metagenome	fasp.sra.ebi.ac.uk:/vol1/run/ERR147/ERR14789256/non-capture_batch3_sample2_R1.fastq.gz;fasp.sra.ebi.ac.uk:/vol1/run/ERR147/ERR14789256/non-capture_batch3_sample2_R2.fastq.gz	66802074;61706307
ERR14789259	SAMEA117872997	Australia	2017-06-15	AU-ME-133	ftp.sra.ebi.ac.uk/vol1/fastq/ERR147/059/ERR14789259/ERR14789259_1.fastq.gz;ftp.sra.ebi.ac.uk/vol1/fastq/ERR147/059/ERR14789259/ERR14789259_2.fastq.gz	Stigmatella aurantiaca	fasp.sra.ebi.ac.uk:/vol1/run/ERR147/ERR14789259/non-capture_batch3_sample5_R1.fastq.gz;fasp.sra.ebi.ac.uk:/vol1/run/ERR147/ERR14789259/non-capture_batch3_sample5_R2.fastq.gz	77611550;72361521
ERR14789261	SAMEA7428519	Australia	2018-06-19	DTU_2018_757_1_MG_AU_ME_454	ftp.sra.ebi.ac.uk/vol1/fastq/ERR147/061/ERR14789261/ERR14789261_1.fastq.gz;ftp.sra.ebi.ac.uk/vol1/fastq/ERR147/061/ERR14789261/ERR14789261_2.fastq.gz	wastewater metagenome	fasp.sra.ebi.ac.uk:/vol1/run/ERR147/ERR14789261/non-capture_batch3_sample7_R1.fastq.gz;fasp.sra.ebi.ac.uk:/vol1/run/ERR147/ERR14789261/non-capture_batch3_sample7_R2.fastq.gz	62116081;56310927
ERR14789262	SAMEA13189670	Australia	2017-07-18	DTU_2017_1013506_1_MG_AU1707_L1	ftp.sra.ebi.ac.uk/vol1/fastq/ERR147/062/ERR14789262/ERR14789262_1.fastq.gz;ftp.sra.ebi.ac.uk/vol1/fastq/ERR147/062/ERR14789262/ERR14789262_2.fastq.gz	wastewater metagenome	fasp.sra.ebi.ac.uk:/vol1/run/ERR147/ERR14789262/non-capture_batch3_sample8_R1.fastq.gz;fasp.sra.ebi.ac.uk:/vol1/run/ERR147/ERR14789262/non-capture_batch3_sample8_R2.fastq.gz	69216985;63875543
ERR14789270	SAMEA13189721	Australia	2018-04-27	DTU_2018_1013557_1_MG_AU1804_L59	ftp.sra.ebi.ac.uk/vol1/fastq/ERR147/070/ERR14789270/ERR14789270_1.fastq.gz;ftp.sra.ebi.ac.uk/vol1/fastq/ERR147/070/ERR14789270/ERR14789270_2.fastq.gz	wastewater metagenome	fasp.sra.ebi.ac.uk:/vol1/run/ERR147/ERR14789270/non-capture_batch3_sample16_R1.fastq.gz;fasp.sra.ebi.ac.uk:/vol1/run/ERR147/ERR14789270/non-capture_batch3_sample16_R2.fastq.gz	29659782;27614976
ERR14789271	SAMEA13189722	Australia	2018-05-17	DTU_2018_1013558_1_MG_AU1805_L60	ftp.sra.ebi.ac.uk/vol1/fastq/ERR147/071/ERR14789271/ERR14789271_1.fastq.gz;ftp.sra.ebi.ac.uk/vol1/fastq/ERR147/071/ERR14789271/ERR14789271_2.fastq.gz	wastewater metagenome	fasp.sra.ebi.ac.uk:/vol1/run/ERR147/ERR14789271/non-capture_batch3_sample17_R1.fastq.gz;fasp.sra.ebi.ac.uk:/vol1/run/ERR147/ERR14789271/non-capture_batch3_sample17_R2.fastq.gz	36527555;34204773
ERR14789272	SAMEA13189730	Australia	2018-07-19	DTU_2018_1013566_1_MG_AU1807_L70	ftp.sra.ebi.ac.uk/vol1/fastq/ERR147/072/ERR14789272/ERR14789272_1.fastq.gz;ftp.sra.ebi.ac.uk/vol1/fastq/ERR147/072/ERR14789272/ERR14789272_2.fastq.gz	wastewater metagenome	fasp.sra.ebi.ac.uk:/vol1/run/ERR147/ERR14789272/non-capture_batch3_sample18_R1.fastq.gz;fasp.sra.ebi.ac.uk:/vol1/run/ERR147/ERR14789272/non-capture_batch3_sample18_R2.fastq.gz	36839059;34219419
ERR14789273	SAMEA13189731	Australia	2018-08-30	DTU_2018_1013567_1_MG_AU1808_L71	ftp.sra.ebi.ac.uk/vol1/fastq/ERR147/073/ERR14789273/ERR14789273_1.fastq.gz;ftp.sra.ebi.ac.uk/vol1/fastq/ERR147/073/ERR14789273/ERR14789273_2.fastq.gz	wastewater metagenome	fasp.sra.ebi.ac.uk:/vol1/run/ERR147/ERR14789273/non-capture_batch3_sample19_R1.fastq.gz;fasp.sra.ebi.ac.uk:/vol1/run/ERR147/ERR14789273/non-capture_batch3_sample19_R2.fastq.gz	34089686;31811367
ERR14789281	SAMEA7426359	Canada	2018-12-06	DTU_2018_904_1_MG_CA_VA_589	ftp.sra.ebi.ac.uk/vol1/fastq/ERR147/081/ERR14789281/ERR14789281_1.fastq.gz;ftp.sra.ebi.ac.uk/vol1/fastq/ERR147/081/ERR14789281/ERR14789281_2.fastq.gz	wastewater metagenome	fasp.sra.ebi.ac.uk:/vol1/run/ERR147/ERR14789281/non-capture_batch3_sample27_R1.fastq.gz;fasp.sra.ebi.ac.uk:/vol1/run/ERR147/ERR14789281/non-capture_batch3_sample27_R2.fastq.gz	6715453;5351206
ERR14789282	SAMEA4777413	Cameroon	2017-06-15	DTU2017_MG_13_CM_YA	ftp.sra.ebi.ac.uk/vol1/fastq/ERR147/082/ERR14789282/ERR14789282_1.fastq.gz;ftp.sra.ebi.ac.uk/vol1/fastq/ERR147/082/ERR14789282/ERR14789282_2.fastq.gz	wastewater metagenome	fasp.sra.ebi.ac.uk:/vol1/run/ERR147/ERR14789282/non-capture_batch3_sample28_R1.fastq.gz;fasp.sra.ebi.ac.uk:/vol1/run/ERR147/ERR14789282/non-capture_batch3_sample28_R2.fastq.gz	10118175;8056862
ERR14789283	SAMEA7428333	Cameroon	2017-11-17	DTU_2017_595_1_MG_CM_YA_291	ftp.sra.ebi.ac.uk/vol1/fastq/ERR147/083/ERR14789283/ERR14789283_1.fastq.gz;ftp.sra.ebi.ac.uk/vol1/fastq/ERR147/083/ERR14789283/ERR14789283_2.fastq.gz	wastewater metagenome	fasp.sra.ebi.ac.uk:/vol1/run/ERR147/ERR14789283/non-capture_batch3_sample29_R1.fastq.gz;fasp.sra.ebi.ac.uk:/vol1/run/ERR147/ERR14789283/non-capture_batch3_sample29_R2.fastq.gz	20575670;17113865
ERR14789285	SAMEA7426367	Cameroon	2018-11-23	DTU_2018_912_1_MG_CM_YA_597	ftp.sra.ebi.ac.uk/vol1/fastq/ERR147/085/ERR14789285/ERR14789285_1.fastq.gz;ftp.sra.ebi.ac.uk/vol1/fastq/ERR147/085/ERR14789285/ERR14789285_2.fastq.gz	wastewater metagenome	fasp.sra.ebi.ac.uk:/vol1/run/ERR147/ERR14789285/non-capture_batch3_sample31_R1.fastq.gz;fasp.sra.ebi.ac.uk:/vol1/run/ERR147/ERR14789285/non-capture_batch3_sample31_R2.fastq.gz	18804462;17457536
ERR14789286	SAMEA13189691	Cameroon	2017-07-19	DTU_2017_1013527_1_MG_CM1707_L25	ftp.sra.ebi.ac.uk/vol1/fastq/ERR147/086/ERR14789286/ERR14789286_1.fastq.gz;ftp.sra.ebi.ac.uk/vol1/fastq/ERR147/086/ERR14789286/ERR14789286_2.fastq.gz	wastewater metagenome	fasp.sra.ebi.ac.uk:/vol1/run/ERR147/ERR14789286/non-capture_batch3_sample32_R1.fastq.gz;fasp.sra.ebi.ac.uk:/vol1/run/ERR147/ERR14789286/non-capture_batch3_sample32_R2.fastq.gz	21104228;19459700
ERR14789292	SAMEA117873019	Cameroon	2018-02-21	CM1802	ftp.sra.ebi.ac.uk/vol1/fastq/ERR147/092/ERR14789292/ERR14789292_1.fastq.gz;ftp.sra.ebi.ac.uk/vol1/fastq/ERR147/092/ERR14789292/ERR14789292_2.fastq.gz	Stigmatella aurantiaca	fasp.sra.ebi.ac.uk:/vol1/run/ERR147/ERR14789292/non-capture_batch3_sample38_R1.fastq.gz;fasp.sra.ebi.ac.uk:/vol1/run/ERR147/ERR14789292/non-capture_batch3_sample38_R2.fastq.gz	219103090;205742773
ERR14789296	SAMEA13189732	Cameroon	2018-07-19	DTU_2018_1013568_1_MG_CM1807_L72	ftp.sra.ebi.ac.uk/vol1/fastq/ERR147/096/ERR14789296/ERR14789296_1.fastq.gz;ftp.sra.ebi.ac.uk/vol1/fastq/ERR147/096/ERR14789296/ERR14789296_2.fastq.gz	wastewater metagenome	fasp.sra.ebi.ac.uk:/vol1/run/ERR147/ERR14789296/non-capture_batch3_sample42_R1.fastq.gz;fasp.sra.ebi.ac.uk:/vol1/run/ERR147/ERR14789296/non-capture_batch3_sample42_R2.fastq.gz	31318617;30032079
ERR14789304	SAMEA7428248	Australia	2017-11-21	DTU_2017_500_1_MG_AU_DD_196	ftp.sra.ebi.ac.uk/vol1/fastq/ERR147/004/ERR14789304/ERR14789304_1.fastq.gz;ftp.sra.ebi.ac.uk/vol1/fastq/ERR147/004/ERR14789304/ERR14789304_2.fastq.gz	wastewater metagenome	fasp.sra.ebi.ac.uk:/vol1/run/ERR147/ERR14789304/non-capture_batch4_sample2_R1.fastq.gz;fasp.sra.ebi.ac.uk:/vol1/run/ERR147/ERR14789304/non-capture_batch4_sample2_R2.fastq.gz	31911865;27908314
ERR14789308	SAMEA7428278	Malaysia	2017-11-30	DTU_2017_534_1_MG_MY_KL_230	ftp.sra.ebi.ac.uk/vol1/fastq/ERR147/008/ERR14789308/ERR14789308_1.fastq.gz;ftp.sra.ebi.ac.uk/vol1/fastq/ERR147/008/ERR14789308/ERR14789308_2.fastq.gz	wastewater metagenome	fasp.sra.ebi.ac.uk:/vol1/run/ERR147/ERR14789308/non-capture_batch4_sample6_R1.fastq.gz;fasp.sra.ebi.ac.uk:/vol1/run/ERR147/ERR14789308/non-capture_batch4_sample6_R2.fastq.gz	12163290;9842521
ERR14789310	SAMEA7428492	Malaysia	2018-06-29	DTU_2018_728_1_MG_MY_KL_1_425	ftp.sra.ebi.ac.uk/vol1/fastq/ERR147/010/ERR14789310/ERR14789310_1.fastq.gz;ftp.sra.ebi.ac.uk/vol1/fastq/ERR147/010/ERR14789310/ERR14789310_2.fastq.gz	wastewater metagenome	fasp.sra.ebi.ac.uk:/vol1/run/ERR147/ERR14789310/non-capture_batch4_sample8_R1.fastq.gz;fasp.sra.ebi.ac.uk:/vol1/run/ERR147/ERR14789310/non-capture_batch4_sample8_R2.fastq.gz	9311907;7451352
ERR14789311	SAMEA13189676	Malaysia	2017-07-18	DTU_2017_1013512_1_MG_MY1707_L8	ftp.sra.ebi.ac.uk/vol1/fastq/ERR147/011/ERR14789311/ERR14789311_1.fastq.gz;ftp.sra.ebi.ac.uk/vol1/fastq/ERR147/011/ERR14789311/ERR14789311_2.fastq.gz	wastewater metagenome	fasp.sra.ebi.ac.uk:/vol1/run/ERR147/ERR14789311/non-capture_batch4_sample9_R1.fastq.gz;fasp.sra.ebi.ac.uk:/vol1/run/ERR147/ERR14789311/non-capture_batch4_sample9_R2.fastq.gz	38710988;35525142
ERR14789313	SAMEA13189678	Malaysia	2017-09-12	DTU_2017_1013514_1_MG_MY1709_L10	ftp.sra.ebi.ac.uk/vol1/fastq/ERR147/013/ERR14789313/ERR14789313_1.fastq.gz;ftp.sra.ebi.ac.uk/vol1/fastq/ERR147/013/ERR14789313/ERR14789313_2.fastq.gz	wastewater metagenome	fasp.sra.ebi.ac.uk:/vol1/run/ERR147/ERR14789313/non-capture_batch4_sample11_R1.fastq.gz;fasp.sra.ebi.ac.uk:/vol1/run/ERR147/ERR14789313/non-capture_batch4_sample11_R2.fastq.gz	34671157;30796190
ERR14789314	SAMEA13189679	Malaysia	2017-10-10	DTU_2017_1013515_1_MG_MY1710_L11	ftp.sra.ebi.ac.uk/vol1/fastq/ERR147/014/ERR14789314/ERR14789314_1.fastq.gz;ftp.sra.ebi.ac.uk/vol1/fastq/ERR147/014/ERR14789314/ERR14789314_2.fastq.gz	wastewater metagenome	fasp.sra.ebi.ac.uk:/vol1/run/ERR147/ERR14789314/non-capture_batch4_sample12_R1.fastq.gz;fasp.sra.ebi.ac.uk:/vol1/run/ERR147/ERR14789314/non-capture_batch4_sample12_R2.fastq.gz	22178412;20136492
ERR14789316	SAMEA13189697	Malaysia	2017-12-05	DTU_2017_1013533_1_MG_MY1712_L31	ftp.sra.ebi.ac.uk/vol1/fastq/ERR147/016/ERR14789316/ERR14789316_1.fastq.gz;ftp.sra.ebi.ac.uk/vol1/fastq/ERR147/016/ERR14789316/ERR14789316_2.fastq.gz	wastewater metagenome	fasp.sra.ebi.ac.uk:/vol1/run/ERR147/ERR14789316/non-capture_batch4_sample14_R1.fastq.gz;fasp.sra.ebi.ac.uk:/vol1/run/ERR147/ERR14789316/non-capture_batch4_sample14_R2.fastq.gz	15392966;13398485
ERR14789317	SAMEA13189698	Malaysia	2018-01-04	DTU_2018_1013534_1_MG_MY1801_L32	ftp.sra.ebi.ac.uk/vol1/fastq/ERR147/017/ERR14789317/ERR14789317_1.fastq.gz;ftp.sra.ebi.ac.uk/vol1/fastq/ERR147/017/ERR14789317/ERR14789317_2.fastq.gz	wastewater metagenome	fasp.sra.ebi.ac.uk:/vol1/run/ERR147/ERR14789317/non-capture_batch4_sample15_R1.fastq.gz;fasp.sra.ebi.ac.uk:/vol1/run/ERR147/ERR14789317/non-capture_batch4_sample15_R2.fastq.gz	32071551;27705978
ERR14789328	SAMEA117873011	Denmark	2018-03-01	RD-370	ftp.sra.ebi.ac.uk/vol1/fastq/ERR147/028/ERR14789328/ERR14789328_1.fastq.gz;ftp.sra.ebi.ac.uk/vol1/fastq/ERR147/028/ERR14789328/ERR14789328_2.fastq.gz	Stigmatella aurantiaca	fasp.sra.ebi.ac.uk:/vol1/run/ERR147/ERR14789328/non-capture_batch4_sample26_R1.fastq.gz;fasp.sra.ebi.ac.uk:/vol1/run/ERR147/ERR14789328/non-capture_batch4_sample26_R2.fastq.gz	42183155;40394650
ERR14789334	SAMEA4777531	USA	2017-06-13	DTU2017_MG_94_US_SE	ftp.sra.ebi.ac.uk/vol1/fastq/ERR147/034/ERR14789334/ERR14789334_1.fastq.gz;ftp.sra.ebi.ac.uk/vol1/fastq/ERR147/034/ERR14789334/ERR14789334_2.fastq.gz	wastewater metagenome	fasp.sra.ebi.ac.uk:/vol1/run/ERR147/ERR14789334/non-capture_batch4_sample32_R1.fastq.gz;fasp.sra.ebi.ac.uk:/vol1/run/ERR147/ERR14789334/non-capture_batch4_sample32_R2.fastq.gz	56739568;51506387
ERR14789335	SAMEA7428349	USA	2017-11-28	DTU_2017_611_1_MG_US_SE_307	ftp.sra.ebi.ac.uk/vol1/fastq/ERR147/035/ERR14789335/ERR14789335_1.fastq.gz;ftp.sra.ebi.ac.uk/vol1/fastq/ERR147/035/ERR14789335/ERR14789335_2.fastq.gz	wastewater metagenome	fasp.sra.ebi.ac.uk:/vol1/run/ERR147/ERR14789335/non-capture_batch4_sample33_R1.fastq.gz;fasp.sra.ebi.ac.uk:/vol1/run/ERR147/ERR14789335/non-capture_batch4_sample33_R2.fastq.gz	13426086;10560211
ERR14789336	SAMEA7428513	USA	2018-06-21	DTU_2018_751_1_MG_US_SE_448	ftp.sra.ebi.ac.uk/vol1/fastq/ERR147/036/ERR14789336/ERR14789336_1.fastq.gz;ftp.sra.ebi.ac.uk/vol1/fastq/ERR147/036/ERR14789336/ERR14789336_2.fastq.gz	wastewater metagenome	fasp.sra.ebi.ac.uk:/vol1/run/ERR147/ERR14789336/non-capture_batch4_sample34_R1.fastq.gz;fasp.sra.ebi.ac.uk:/vol1/run/ERR147/ERR14789336/non-capture_batch4_sample34_R2.fastq.gz	23945177;19513228
ERR14789342	SAMEA13189717	USA	2018-01-30	DTU_2018_1013553_1_MG_US1801_L55	ftp.sra.ebi.ac.uk/vol1/fastq/ERR147/042/ERR14789342/ERR14789342_1.fastq.gz;ftp.sra.ebi.ac.uk/vol1/fastq/ERR147/042/ERR14789342/ERR14789342_2.fastq.gz	wastewater metagenome	fasp.sra.ebi.ac.uk:/vol1/run/ERR147/ERR14789342/non-capture_batch4_sample40_R1.fastq.gz;fasp.sra.ebi.ac.uk:/vol1/run/ERR147/ERR14789342/non-capture_batch4_sample40_R2.fastq.gz	17730527;13946639
ERR14789345	SAMEA13189726	USA	2018-04-15	DTU_2018_1013562_1_MG_US1804_L66	ftp.sra.ebi.ac.uk/vol1/fastq/ERR147/045/ERR14789345/ERR14789345_1.fastq.gz;ftp.sra.ebi.ac.uk/vol1/fastq/ERR147/045/ERR14789345/ERR14789345_2.fastq.gz	wastewater metagenome	fasp.sra.ebi.ac.uk:/vol1/run/ERR147/ERR14789345/non-capture_batch4_sample43_R1.fastq.gz;fasp.sra.ebi.ac.uk:/vol1/run/ERR147/ERR14789345/non-capture_batch4_sample43_R2.fastq.gz	27078369;24097619
ERR14789348	SAMEA13189729	USA	2018-08-23	DTU_2018_1013565_1_MG_US1808_L69	ftp.sra.ebi.ac.uk/vol1/fastq/ERR147/048/ERR14789348/ERR14789348_1.fastq.gz;ftp.sra.ebi.ac.uk/vol1/fastq/ERR147/048/ERR14789348/ERR14789348_2.fastq.gz	wastewater metagenome	fasp.sra.ebi.ac.uk:/vol1/run/ERR147/ERR14789348/non-capture_batch4_sample46_R1.fastq.gz;fasp.sra.ebi.ac.uk:/vol1/run/ERR147/ERR14789348/non-capture_batch4_sample46_R2.fastq.gz	47794142;43652926
ERR14789349	SAMEA117873025	Netherlands	2021	NEG-CTRL-4	ftp.sra.ebi.ac.uk/vol1/fastq/ERR147/049/ERR14789349/ERR14789349_1.fastq.gz;ftp.sra.ebi.ac.uk/vol1/fastq/ERR147/049/ERR14789349/ERR14789349_2.fastq.gz	Stigmatella aurantiaca	fasp.sra.ebi.ac.uk:/vol1/run/ERR147/ERR14789349/non-capture_batch4_sample47_R1.fastq.gz;fasp.sra.ebi.ac.uk:/vol1/run/ERR147/ERR14789349/non-capture_batch4_sample47_R2.fastq.gz	15947401;12653484
ERR14789351	SAMEA7428257	Czech Republic	2017-11-20	DTU_2017_509_1_MG_CZ_PR_205	ftp.sra.ebi.ac.uk/vol1/fastq/ERR147/051/ERR14789351/ERR14789351_1.fastq.gz;ftp.sra.ebi.ac.uk/vol1/fastq/ERR147/051/ERR14789351/ERR14789351_2.fastq.gz	wastewater metagenome	fasp.sra.ebi.ac.uk:/vol1/run/ERR147/ERR14789351/non-capture_batch4_sample49_R1.fastq.gz;fasp.sra.ebi.ac.uk:/vol1/run/ERR147/ERR14789351/non-capture_batch4_sample49_R2.fastq.gz	68393255;64712246
ERR14789357	SAMEA13189701	Canada	2017-07-26	DTU_2017_1013537_1_MG_CA1707_L35	ftp.sra.ebi.ac.uk/vol1/fastq/ERR147/057/ERR14789357/ERR14789357_1.fastq.gz;ftp.sra.ebi.ac.uk/vol1/fastq/ERR147/057/ERR14789357/ERR14789357_2.fastq.gz	wastewater metagenome	fasp.sra.ebi.ac.uk:/vol1/run/ERR147/ERR14789357/non-capture_batch5_sample5_R1.fastq.gz;fasp.sra.ebi.ac.uk:/vol1/run/ERR147/ERR14789357/non-capture_batch5_sample5_R2.fastq.gz	32111175;29238150
ERR14789358	SAMEA13189702	Canada	2017-08-22	DTU_2017_1013538_1_MG_CA1708_L36	ftp.sra.ebi.ac.uk/vol1/fastq/ERR147/058/ERR14789358/ERR14789358_1.fastq.gz;ftp.sra.ebi.ac.uk/vol1/fastq/ERR147/058/ERR14789358/ERR14789358_2.fastq.gz	wastewater metagenome	fasp.sra.ebi.ac.uk:/vol1/run/ERR147/ERR14789358/non-capture_batch5_sample6_R1.fastq.gz;fasp.sra.ebi.ac.uk:/vol1/run/ERR147/ERR14789358/non-capture_batch5_sample6_R2.fastq.gz	44289286;40104943
ERR14789362	SAMEA13189734	Canada	2018-03-21	DTU_2018_1013570_1_MG_CA1803_L74	ftp.sra.ebi.ac.uk/vol1/fastq/ERR147/062/ERR14789362/ERR14789362_1.fastq.gz;ftp.sra.ebi.ac.uk/vol1/fastq/ERR147/062/ERR14789362/ERR14789362_2.fastq.gz	wastewater metagenome	fasp.sra.ebi.ac.uk:/vol1/run/ERR147/ERR14789362/non-capture_batch5_sample10_R1.fastq.gz;fasp.sra.ebi.ac.uk:/vol1/run/ERR147/ERR14789362/non-capture_batch5_sample10_R2.fastq.gz	42735466;38201744
ERR14789364	SAMEA13189736	Canada	2018-05-29	DTU_2018_1013572_1_MG_CA1805_L76	ftp.sra.ebi.ac.uk/vol1/fastq/ERR147/064/ERR14789364/ERR14789364_1.fastq.gz;ftp.sra.ebi.ac.uk/vol1/fastq/ERR147/064/ERR14789364/ERR14789364_2.fastq.gz	wastewater metagenome	fasp.sra.ebi.ac.uk:/vol1/run/ERR147/ERR14789364/non-capture_batch5_sample12_R1.fastq.gz;fasp.sra.ebi.ac.uk:/vol1/run/ERR147/ERR14789364/non-capture_batch5_sample12_R2.fastq.gz	34383515;31052610
ERR14789366	SAMEA13189738	Canada	2018-08-16	DTU_2018_1013574_1_MG_CA1808_L78	ftp.sra.ebi.ac.uk/vol1/fastq/ERR147/066/ERR14789366/ERR14789366_1.fastq.gz;ftp.sra.ebi.ac.uk/vol1/fastq/ERR147/066/ERR14789366/ERR14789366_2.fastq.gz	wastewater metagenome	fasp.sra.ebi.ac.uk:/vol1/run/ERR147/ERR14789366/non-capture_batch5_sample14_R1.fastq.gz;fasp.sra.ebi.ac.uk:/vol1/run/ERR147/ERR14789366/non-capture_batch5_sample14_R2.fastq.gz	38079841;34271092
ERR14789368	SAMEA13189740	Ecuador	2018-03-29	DTU_2018_1013576_1_MG_EC1803_L80	ftp.sra.ebi.ac.uk/vol1/fastq/ERR147/068/ERR14789368/ERR14789368_1.fastq.gz;ftp.sra.ebi.ac.uk/vol1/fastq/ERR147/068/ERR14789368/ERR14789368_2.fastq.gz	wastewater metagenome	fasp.sra.ebi.ac.uk:/vol1/run/ERR147/ERR14789368/non-capture_batch5_sample16_R1.fastq.gz;fasp.sra.ebi.ac.uk:/vol1/run/ERR147/ERR14789368/non-capture_batch5_sample16_R2.fastq.gz	28049585;24662601
ERR14789371	SAMEA13189743	Ecuador	2018-07-26	DTU_2018_1013579_1_MG_EC1807_L83	ftp.sra.ebi.ac.uk/vol1/fastq/ERR147/071/ERR14789371/ERR14789371_1.fastq.gz;ftp.sra.ebi.ac.uk/vol1/fastq/ERR147/071/ERR14789371/ERR14789371_2.fastq.gz	wastewater metagenome	fasp.sra.ebi.ac.uk:/vol1/run/ERR147/ERR14789371/non-capture_batch5_sample19_R1.fastq.gz;fasp.sra.ebi.ac.uk:/vol1/run/ERR147/ERR14789371/non-capture_batch5_sample19_R2.fastq.gz	20571727;18222694
ERR14789374	SAMEA117873000	Ecuador	2018-10-26	EC-1810	ftp.sra.ebi.ac.uk/vol1/fastq/ERR147/074/ERR14789374/ERR14789374_1.fastq.gz;ftp.sra.ebi.ac.uk/vol1/fastq/ERR147/074/ERR14789374/ERR14789374_2.fastq.gz	Stigmatella aurantiaca	fasp.sra.ebi.ac.uk:/vol1/run/ERR147/ERR14789374/non-capture_batch5_sample22_R1.fastq.gz;fasp.sra.ebi.ac.uk:/vol1/run/ERR147/ERR14789374/non-capture_batch5_sample22_R2.fastq.gz	17994938;16144045
ERR14789376	SAMEA117873002	Ecuador	2018-12-28	EC-1812	ftp.sra.ebi.ac.uk/vol1/fastq/ERR147/076/ERR14789376/ERR14789376_1.fastq.gz;ftp.sra.ebi.ac.uk/vol1/fastq/ERR147/076/ERR14789376/ERR14789376_2.fastq.gz	Stigmatella aurantiaca	fasp.sra.ebi.ac.uk:/vol1/run/ERR147/ERR14789376/non-capture_batch5_sample24_R1.fastq.gz;fasp.sra.ebi.ac.uk:/vol1/run/ERR147/ERR14789376/non-capture_batch5_sample24_R2.fastq.gz	11475875;10303481
ERR14789378	SAMEA7428365	Ecuador	2017-11-23	DTU_2017_627_1_MG_EC_QU_323	ftp.sra.ebi.ac.uk/vol1/fastq/ERR147/078/ERR14789378/ERR14789378_1.fastq.gz;ftp.sra.ebi.ac.uk/vol1/fastq/ERR147/078/ERR14789378/ERR14789378_2.fastq.gz	wastewater metagenome	fasp.sra.ebi.ac.uk:/vol1/run/ERR147/ERR14789378/non-capture_batch5_sample26_R1.fastq.gz;fasp.sra.ebi.ac.uk:/vol1/run/ERR147/ERR14789378/non-capture_batch5_sample26_R2.fastq.gz	22582155;21099775
ERR14789388	SAMEA7428420	Greece	2018-06-20	DTU_2018_652_1_MG_GR_AT_340	ftp.sra.ebi.ac.uk/vol1/fastq/ERR147/088/ERR14789388/ERR14789388_1.fastq.gz;ftp.sra.ebi.ac.uk/vol1/fastq/ERR147/088/ERR14789388/ERR14789388_2.fastq.gz	wastewater metagenome	fasp.sra.ebi.ac.uk:/vol1/run/ERR147/ERR14789388/non-capture_batch5_sample36_R1.fastq.gz;fasp.sra.ebi.ac.uk:/vol1/run/ERR147/ERR14789388/non-capture_batch5_sample36_R2.fastq.gz	20256709;18794587
ERR14789390	SAMEA4777403	Italy	2017-06-05	DTU2017_MG_130_IT_RO	ftp.sra.ebi.ac.uk/vol1/fastq/ERR147/090/ERR14789390/ERR14789390_1.fastq.gz;ftp.sra.ebi.ac.uk/vol1/fastq/ERR147/090/ERR14789390/ERR14789390_2.fastq.gz	wastewater metagenome	fasp.sra.ebi.ac.uk:/vol1/run/ERR147/ERR14789390/non-capture_batch5_sample38_R1.fastq.gz;fasp.sra.ebi.ac.uk:/vol1/run/ERR147/ERR14789390/non-capture_batch5_sample38_R2.fastq.gz	21381422;19176735
ERR14789391	SAMEA7428301	Italy	2017-11-20	DTU_2017_557_1_MG_IT_RO_253	ftp.sra.ebi.ac.uk/vol1/fastq/ERR147/091/ERR14789391/ERR14789391_1.fastq.gz;ftp.sra.ebi.ac.uk/vol1/fastq/ERR147/091/ERR14789391/ERR14789391_2.fastq.gz	wastewater metagenome	fasp.sra.ebi.ac.uk:/vol1/run/ERR147/ERR14789391/non-capture_batch5_sample39_R1.fastq.gz;fasp.sra.ebi.ac.uk:/vol1/run/ERR147/ERR14789391/non-capture_batch5_sample39_R2.fastq.gz	19624945;17318017
ERR14789392	SAMEA7428468	Italy	2018-06-26	DTU_2018_703_1_MG_IT_RO_391	ftp.sra.ebi.ac.uk/vol1/fastq/ERR147/092/ERR14789392/ERR14789392_1.fastq.gz;ftp.sra.ebi.ac.uk/vol1/fastq/ERR147/092/ERR14789392/ERR14789392_2.fastq.gz	wastewater metagenome	fasp.sra.ebi.ac.uk:/vol1/run/ERR147/ERR14789392/non-capture_batch5_sample40_R1.fastq.gz;fasp.sra.ebi.ac.uk:/vol1/run/ERR147/ERR14789392/non-capture_batch5_sample40_R2.fastq.gz	22121646;19355056
ERR14789393	SAMEA7426351	Italy	2018-11-26	DTU_2018_896_1_MG_IT_RO_583	ftp.sra.ebi.ac.uk/vol1/fastq/ERR147/093/ERR14789393/ERR14789393_1.fastq.gz;ftp.sra.ebi.ac.uk/vol1/fastq/ERR147/093/ERR14789393/ERR14789393_2.fastq.gz	wastewater metagenome	fasp.sra.ebi.ac.uk:/vol1/run/ERR147/ERR14789393/non-capture_batch5_sample41_R1.fastq.gz;fasp.sra.ebi.ac.uk:/vol1/run/ERR147/ERR14789393/non-capture_batch5_sample41_R2.fastq.gz	13196637;12520124
ERR14789395	SAMEA7428351	New Zealand	2017-11-21	DTU_2017_613_1_MG_NZ_CH_309	ftp.sra.ebi.ac.uk/vol1/fastq/ERR147/095/ERR14789395/ERR14789395_1.fastq.gz;ftp.sra.ebi.ac.uk/vol1/fastq/ERR147/095/ERR14789395/ERR14789395_2.fastq.gz	wastewater metagenome	fasp.sra.ebi.ac.uk:/vol1/run/ERR147/ERR14789395/non-capture_batch5_sample43_R1.fastq.gz;fasp.sra.ebi.ac.uk:/vol1/run/ERR147/ERR14789395/non-capture_batch5_sample43_R2.fastq.gz	10431475;9576816
ERR14789396	SAMEA7428495	New Zealand	2018-07-04	DTU_2018_731_1_MG_NZ_CH_428	ftp.sra.ebi.ac.uk/vol1/fastq/ERR147/096/ERR14789396/ERR14789396_1.fastq.gz;ftp.sra.ebi.ac.uk/vol1/fastq/ERR147/096/ERR14789396/ERR14789396_2.fastq.gz	wastewater metagenome	fasp.sra.ebi.ac.uk:/vol1/run/ERR147/ERR14789396/non-capture_batch5_sample44_R1.fastq.gz;fasp.sra.ebi.ac.uk:/vol1/run/ERR147/ERR14789396/non-capture_batch5_sample44_R2.fastq.gz	19084545;18092136
ERR14789398	SAMEA117872995	Malaysia	2017-06-14	SG-JU150	ftp.sra.ebi.ac.uk/vol1/fastq/ERR147/098/ERR14789398/ERR14789398_1.fastq.gz;ftp.sra.ebi.ac.uk/vol1/fastq/ERR147/098/ERR14789398/ERR14789398_2.fastq.gz	Stigmatella aurantiaca	fasp.sra.ebi.ac.uk:/vol1/run/ERR147/ERR14789398/non-capture_batch5_sample46_R1.fastq.gz;fasp.sra.ebi.ac.uk:/vol1/run/ERR147/ERR14789398/non-capture_batch5_sample46_R2.fastq.gz	7653281;7397990
ERR14789399	SAMEA7428528	Singapore	2018-06-20	DTU_2018_767_1_MG_SG_JU_464	ftp.sra.ebi.ac.uk/vol1/fastq/ERR147/099/ERR14789399/ERR14789399_1.fastq.gz;ftp.sra.ebi.ac.uk/vol1/fastq/ERR147/099/ERR14789399/ERR14789399_2.fastq.gz	wastewater metagenome	fasp.sra.ebi.ac.uk:/vol1/run/ERR147/ERR14789399/non-capture_batch5_sample47_R1.fastq.gz;fasp.sra.ebi.ac.uk:/vol1/run/ERR147/ERR14789399/non-capture_batch5_sample47_R2.fastq.gz	29588320;26353936
ERR14789405	SAMEA7428267	Cote d'Ivoire	2017-11-21	DTU_2017_523_1_MG_CI_BO_219	ftp.sra.ebi.ac.uk/vol1/fastq/ERR147/005/ERR14789405/ERR14789405_1.fastq.gz;ftp.sra.ebi.ac.uk/vol1/fastq/ERR147/005/ERR14789405/ERR14789405_2.fastq.gz	wastewater metagenome	fasp.sra.ebi.ac.uk:/vol1/run/ERR147/ERR14789405/non-capture_batch6_sample3_R1.fastq.gz;fasp.sra.ebi.ac.uk:/vol1/run/ERR147/ERR14789405/non-capture_batch6_sample3_R2.fastq.gz	19481208;16215179
ERR14789406	SAMEA117872990	Cote d'Ivoire	2017-06-16	CI-BO-a-9	ftp.sra.ebi.ac.uk/vol1/fastq/ERR147/006/ERR14789406/ERR14789406_1.fastq.gz;ftp.sra.ebi.ac.uk/vol1/fastq/ERR147/006/ERR14789406/ERR14789406_2.fastq.gz	Stigmatella aurantiaca	fasp.sra.ebi.ac.uk:/vol1/run/ERR147/ERR14789406/non-capture_batch6_sample4_R1.fastq.gz;fasp.sra.ebi.ac.uk:/vol1/run/ERR147/ERR14789406/non-capture_batch6_sample4_R2.fastq.gz	34320570;30601976
ERR14789408	SAMEA7428348	Finland	2017-11-22	DTU_2017_610_1_MG_FI_HE_306	ftp.sra.ebi.ac.uk/vol1/fastq/ERR147/008/ERR14789408/ERR14789408_1.fastq.gz;ftp.sra.ebi.ac.uk/vol1/fastq/ERR147/008/ERR14789408/ERR14789408_2.fastq.gz	wastewater metagenome	fasp.sra.ebi.ac.uk:/vol1/run/ERR147/ERR14789408/non-capture_batch6_sample6_R1.fastq.gz;fasp.sra.ebi.ac.uk:/vol1/run/ERR147/ERR14789408/non-capture_batch6_sample6_R2.fastq.gz	43208591;37696185
ERR14789413	SAMEA7428507	Greenland	2018-06-26	DTU_2018_743_1_MG_GL_SI_440	ftp.sra.ebi.ac.uk/vol1/fastq/ERR147/013/ERR14789413/ERR14789413_1.fastq.gz;ftp.sra.ebi.ac.uk/vol1/fastq/ERR147/013/ERR14789413/ERR14789413_2.fastq.gz	wastewater metagenome	fasp.sra.ebi.ac.uk:/vol1/run/ERR147/ERR14789413/non-capture_batch6_sample11_R1.fastq.gz;fasp.sra.ebi.ac.uk:/vol1/run/ERR147/ERR14789413/non-capture_batch6_sample11_R2.fastq.gz	39530809;36090990
ERR14789414	SAMEA7426375	Greenland	2018-11-08	DTU_2018_920_1_MG_GL_SI_604	ftp.sra.ebi.ac.uk/vol1/fastq/ERR147/014/ERR14789414/ERR14789414_1.fastq.gz;ftp.sra.ebi.ac.uk/vol1/fastq/ERR147/014/ERR14789414/ERR14789414_2.fastq.gz	wastewater metagenome	fasp.sra.ebi.ac.uk:/vol1/run/ERR147/ERR14789414/non-capture_batch6_sample12_R1.fastq.gz;fasp.sra.ebi.ac.uk:/vol1/run/ERR147/ERR14789414/non-capture_batch6_sample12_R2.fastq.gz	44132378;40770663
ERR14789417	SAMEA7428438	Hungary	2018-06-25	DTU_2018_671_1_MG_HU_BU_359	ftp.sra.ebi.ac.uk/vol1/fastq/ERR147/017/ERR14789417/ERR14789417_1.fastq.gz;ftp.sra.ebi.ac.uk/vol1/fastq/ERR147/017/ERR14789417/ERR14789417_2.fastq.gz	wastewater metagenome	fasp.sra.ebi.ac.uk:/vol1/run/ERR147/ERR14789417/non-capture_batch6_sample15_R1.fastq.gz;fasp.sra.ebi.ac.uk:/vol1/run/ERR147/ERR14789417/non-capture_batch6_sample15_R2.fastq.gz	40224819;37101236
ERR14789418	SAMEA7426270	Hungary	2018-11-26	DTU_2018_811_1_MG_HU_BU_495	ftp.sra.ebi.ac.uk/vol1/fastq/ERR147/018/ERR14789418/ERR14789418_1.fastq.gz;ftp.sra.ebi.ac.uk/vol1/fastq/ERR147/018/ERR14789418/ERR14789418_2.fastq.gz	wastewater metagenome	fasp.sra.ebi.ac.uk:/vol1/run/ERR147/ERR14789418/non-capture_batch6_sample16_R1.fastq.gz;fasp.sra.ebi.ac.uk:/vol1/run/ERR147/ERR14789418/non-capture_batch6_sample16_R2.fastq.gz	11339272;9535120
ERR14789429	SAMEA7428240	Sweden	2017-11-19	DTU_2017_492_1_MG_SE_GO_188	ftp.sra.ebi.ac.uk/vol1/fastq/ERR147/029/ERR14789429/ERR14789429_1.fastq.gz;ftp.sra.ebi.ac.uk/vol1/fastq/ERR147/029/ERR14789429/ERR14789429_2.fastq.gz	wastewater metagenome	fasp.sra.ebi.ac.uk:/vol1/run/ERR147/ERR14789429/non-capture_batch6_sample26_R1.fastq.gz;fasp.sra.ebi.ac.uk:/vol1/run/ERR147/ERR14789429/non-capture_batch6_sample26_R2.fastq.gz	29630728;26298385
ERR14789438	SAMEA7428464	Slovakia	2018-07-03	DTU_2018_699_1_MG_SK_BR_388	ftp.sra.ebi.ac.uk/vol1/fastq/ERR147/038/ERR14789438/ERR14789438_1.fastq.gz;ftp.sra.ebi.ac.uk/vol1/fastq/ERR147/038/ERR14789438/ERR14789438_2.fastq.gz	wastewater metagenome	fasp.sra.ebi.ac.uk:/vol1/run/ERR147/ERR14789438/non-capture_batch6_sample35_R1.fastq.gz;fasp.sra.ebi.ac.uk:/vol1/run/ERR147/ERR14789438/non-capture_batch6_sample35_R2.fastq.gz	42769999;37134924
ERR14789441	SAMEA7428287	Taiwan	2017-11-22	DTU_2017_543_1_MG_TW_TA_239	ftp.sra.ebi.ac.uk/vol1/fastq/ERR147/041/ERR14789441/ERR14789441_1.fastq.gz;ftp.sra.ebi.ac.uk/vol1/fastq/ERR147/041/ERR14789441/ERR14789441_2.fastq.gz	wastewater metagenome	fasp.sra.ebi.ac.uk:/vol1/run/ERR147/ERR14789441/non-capture_batch6_sample38_R1.fastq.gz;fasp.sra.ebi.ac.uk:/vol1/run/ERR147/ERR14789441/non-capture_batch6_sample38_R2.fastq.gz	59079288;50248552
ERR14789444	SAMEA4777417	Uganda	2017-06-19	DTU2017_MG_143_UG_KA	ftp.sra.ebi.ac.uk/vol1/fastq/ERR147/044/ERR14789444/ERR14789444_1.fastq.gz;ftp.sra.ebi.ac.uk/vol1/fastq/ERR147/044/ERR14789444/ERR14789444_2.fastq.gz	wastewater metagenome	fasp.sra.ebi.ac.uk:/vol1/run/ERR147/ERR14789444/non-capture_batch6_sample41_R1.fastq.gz;fasp.sra.ebi.ac.uk:/vol1/run/ERR147/ERR14789444/non-capture_batch6_sample41_R2.fastq.gz	50701471;46932466
ERR14789446	SAMEA7428487	Uganda	2018-07-18	DTU_2018_723_1_MG_UG_KA_420	ftp.sra.ebi.ac.uk/vol1/fastq/ERR147/046/ERR14789446/ERR14789446_1.fastq.gz;ftp.sra.ebi.ac.uk/vol1/fastq/ERR147/046/ERR14789446/ERR14789446_2.fastq.gz	wastewater metagenome	fasp.sra.ebi.ac.uk:/vol1/run/ERR147/ERR14789446/non-capture_batch6_sample43_R1.fastq.gz;fasp.sra.ebi.ac.uk:/vol1/run/ERR147/ERR14789446/non-capture_batch6_sample43_R2.fastq.gz	45906951;42797673
ERR14789449	SAMEA7428331	USA	2017-11-02	DTU_2017_593_1_MG_US_CH_289	ftp.sra.ebi.ac.uk/vol1/fastq/ERR147/049/ERR14789449/ERR14789449_1.fastq.gz;ftp.sra.ebi.ac.uk/vol1/fastq/ERR147/049/ERR14789449/ERR14789449_2.fastq.gz	wastewater metagenome	fasp.sra.ebi.ac.uk:/vol1/run/ERR147/ERR14789449/non-capture_batch6_sample46_R1.fastq.gz;fasp.sra.ebi.ac.uk:/vol1/run/ERR147/ERR14789449/non-capture_batch6_sample46_R2.fastq.gz	73408872;67354521
ERR14789451	SAMEA7426394	USA	2018-01-22	DTU_2018_945_1_MG_US_CH_2_627	ftp.sra.ebi.ac.uk/vol1/fastq/ERR147/051/ERR14789451/ERR14789451_1.fastq.gz;ftp.sra.ebi.ac.uk/vol1/fastq/ERR147/051/ERR14789451/ERR14789451_2.fastq.gz	wastewater metagenome	fasp.sra.ebi.ac.uk:/vol1/run/ERR147/ERR14789451/non-capture_batch6_sample48_R1.fastq.gz;fasp.sra.ebi.ac.uk:/vol1/run/ERR147/ERR14789451/non-capture_batch6_sample48_R2.fastq.gz	36989039;34457625
ERR14789453	SAMEA13189739	Canada	2018-09-28	DTU_2018_1013575_1_MG_CA1809_L79	ftp.sra.ebi.ac.uk/vol1/fastq/ERR147/053/ERR14789453/ERR14789453_1.fastq.gz;ftp.sra.ebi.ac.uk/vol1/fastq/ERR147/053/ERR14789453/ERR14789453_2.fastq.gz	wastewater metagenome	fasp.sra.ebi.ac.uk:/vol1/run/ERR147/ERR14789453/non-capture_batch6_sample50_R1.fastq.gz;fasp.sra.ebi.ac.uk:/vol1/run/ERR147/ERR14789453/non-capture_batch6_sample50_R2.fastq.gz	43954270;41198696
ERR14789456	SAMEA7428481	Cote d'Ivoire	2018-07-07	DTU_2018_717_1_MG_CI_AB_414	ftp.sra.ebi.ac.uk/vol1/fastq/ERR147/056/ERR14789456/ERR14789456_1.fastq.gz;ftp.sra.ebi.ac.uk/vol1/fastq/ERR147/056/ERR14789456/ERR14789456_2.fastq.gz	wastewater metagenome	fasp.sra.ebi.ac.uk:/vol1/run/ERR147/ERR14789456/non-capture_batch7_sample3_R1.fastq.gz;fasp.sra.ebi.ac.uk:/vol1/run/ERR147/ERR14789456/non-capture_batch7_sample3_R2.fastq.gz	7012242;6053441
ERR14789460	SAMEA4777471	Spain	2017-06-08	DTU2017_MG_3_ES_BA	ftp.sra.ebi.ac.uk/vol1/fastq/ERR147/060/ERR14789460/ERR14789460_1.fastq.gz;ftp.sra.ebi.ac.uk/vol1/fastq/ERR147/060/ERR14789460/ERR14789460_2.fastq.gz	wastewater metagenome	fasp.sra.ebi.ac.uk:/vol1/run/ERR147/ERR14789460/non-capture_batch7_sample7_R1.fastq.gz;fasp.sra.ebi.ac.uk:/vol1/run/ERR147/ERR14789460/non-capture_batch7_sample7_R2.fastq.gz	21061667;19830971
ERR14789462	SAMEA7426273	Spain	2018-11-29	DTU_2018_815_1_MG_ES_BA_499	ftp.sra.ebi.ac.uk/vol1/fastq/ERR147/062/ERR14789462/ERR14789462_1.fastq.gz;ftp.sra.ebi.ac.uk/vol1/fastq/ERR147/062/ERR14789462/ERR14789462_2.fastq.gz	wastewater metagenome	fasp.sra.ebi.ac.uk:/vol1/run/ERR147/ERR14789462/non-capture_batch7_sample9_R1.fastq.gz;fasp.sra.ebi.ac.uk:/vol1/run/ERR147/ERR14789462/non-capture_batch7_sample9_R2.fastq.gz	18834267;16319248
ERR14789463	SAMEA7428339	Israel	2017-12-06	DTU_2017_601_1_MG_IL_BE_297	ftp.sra.ebi.ac.uk/vol1/fastq/ERR147/063/ERR14789463/ERR14789463_1.fastq.gz;ftp.sra.ebi.ac.uk/vol1/fastq/ERR147/063/ERR14789463/ERR14789463_2.fastq.gz	wastewater metagenome	fasp.sra.ebi.ac.uk:/vol1/run/ERR147/ERR14789463/non-capture_batch7_sample10_R1.fastq.gz;fasp.sra.ebi.ac.uk:/vol1/run/ERR147/ERR14789463/non-capture_batch7_sample10_R2.fastq.gz	56563340;56187009
ERR14789468	SAMEA7428458	South Korea	2018-07-10	DTU_2018_693_1_MG_KR_GW_382	ftp.sra.ebi.ac.uk/vol1/fastq/ERR147/068/ERR14789468/ERR14789468_1.fastq.gz;ftp.sra.ebi.ac.uk/vol1/fastq/ERR147/068/ERR14789468/ERR14789468_2.fastq.gz	wastewater metagenome	fasp.sra.ebi.ac.uk:/vol1/run/ERR147/ERR14789468/non-capture_batch7_sample15_R1.fastq.gz;fasp.sra.ebi.ac.uk:/vol1/run/ERR147/ERR14789468/non-capture_batch7_sample15_R2.fastq.gz	52943204;54058504
ERR14789469	SAMEA7426320	South Korea	2018-12-03	DTU_2018_865_1_MG_KR_GW_549	ftp.sra.ebi.ac.uk/vol1/fastq/ERR147/069/ERR14789469/ERR14789469_1.fastq.gz;ftp.sra.ebi.ac.uk/vol1/fastq/ERR147/069/ERR14789469/ERR14789469_2.fastq.gz	wastewater metagenome	fasp.sra.ebi.ac.uk:/vol1/run/ERR147/ERR14789469/non-capture_batch7_sample16_R1.fastq.gz;fasp.sra.ebi.ac.uk:/vol1/run/ERR147/ERR14789469/non-capture_batch7_sample16_R2.fastq.gz	10068269;8925787
ERR14789475	SAMEA117872994	Nigeria	2018-07-18	NG-IL-457	ftp.sra.ebi.ac.uk/vol1/fastq/ERR147/075/ERR14789475/ERR14789475_1.fastq.gz;ftp.sra.ebi.ac.uk/vol1/fastq/ERR147/075/ERR14789475/ERR14789475_2.fastq.gz	Stigmatella aurantiaca	fasp.sra.ebi.ac.uk:/vol1/run/ERR147/ERR14789475/non-capture_batch7_sample22_R1.fastq.gz;fasp.sra.ebi.ac.uk:/vol1/run/ERR147/ERR14789475/non-capture_batch7_sample22_R2.fastq.gz	29452443;28646369
ERR14789476	SAMEA7426341	Nigeria	2018-11-29	DTU_2018_886_1_MG_NG_IL_573	ftp.sra.ebi.ac.uk/vol1/fastq/ERR147/076/ERR14789476/ERR14789476_1.fastq.gz;ftp.sra.ebi.ac.uk/vol1/fastq/ERR147/076/ERR14789476/ERR14789476_2.fastq.gz	wastewater metagenome	fasp.sra.ebi.ac.uk:/vol1/run/ERR147/ERR14789476/non-capture_batch7_sample23_R1.fastq.gz;fasp.sra.ebi.ac.uk:/vol1/run/ERR147/ERR14789476/non-capture_batch7_sample23_R2.fastq.gz	8711032;7675211
ERR14789480	SAMEA7428453	Serbia	2018-06-12	DTU_2018_688_1_MG_RS_BE_376	ftp.sra.ebi.ac.uk/vol1/fastq/ERR147/080/ERR14789480/ERR14789480_1.fastq.gz;ftp.sra.ebi.ac.uk/vol1/fastq/ERR147/080/ERR14789480/ERR14789480_2.fastq.gz	wastewater metagenome	fasp.sra.ebi.ac.uk:/vol1/run/ERR147/ERR14789480/non-capture_batch7_sample27_R1.fastq.gz;fasp.sra.ebi.ac.uk:/vol1/run/ERR147/ERR14789480/non-capture_batch7_sample27_R2.fastq.gz	12029424;10382249
ERR14789482	SAMEA4777484	Senegal	2017-06-15	DTU2017_MG_51_SN_DA	ftp.sra.ebi.ac.uk/vol1/fastq/ERR147/082/ERR14789482/ERR14789482_1.fastq.gz;ftp.sra.ebi.ac.uk/vol1/fastq/ERR147/082/ERR14789482/ERR14789482_2.fastq.gz	wastewater metagenome	fasp.sra.ebi.ac.uk:/vol1/run/ERR147/ERR14789482/non-capture_batch7_sample29_R1.fastq.gz;fasp.sra.ebi.ac.uk:/vol1/run/ERR147/ERR14789482/non-capture_batch7_sample29_R2.fastq.gz	11411312;9722163
ERR14789487	SAMEA7428323	Togo	2017-11-27	DTU_2017_585_1_MG_TG_LO_281	ftp.sra.ebi.ac.uk/vol1/fastq/ERR147/087/ERR14789487/ERR14789487_1.fastq.gz;ftp.sra.ebi.ac.uk/vol1/fastq/ERR147/087/ERR14789487/ERR14789487_2.fastq.gz	wastewater metagenome	fasp.sra.ebi.ac.uk:/vol1/run/ERR147/ERR14789487/non-capture_batch7_sample34_R1.fastq.gz;fasp.sra.ebi.ac.uk:/vol1/run/ERR147/ERR14789487/non-capture_batch7_sample34_R2.fastq.gz	116142962;112347385
ERR14789488	SAMEA7428437	Togo	2018-06-23	DTU_2018_670_1_MG_TG_LO_358	ftp.sra.ebi.ac.uk/vol1/fastq/ERR147/088/ERR14789488/ERR14789488_1.fastq.gz;ftp.sra.ebi.ac.uk/vol1/fastq/ERR147/088/ERR14789488/ERR14789488_2.fastq.gz	wastewater metagenome	fasp.sra.ebi.ac.uk:/vol1/run/ERR147/ERR14789488/non-capture_batch7_sample35_R1.fastq.gz;fasp.sra.ebi.ac.uk:/vol1/run/ERR147/ERR14789488/non-capture_batch7_sample35_R2.fastq.gz	28407060;24823767
ERR14789489	SAMEA7426380	Togo	2018-11-25	DTU_2018_929_1_MG_TG_LO_612	ftp.sra.ebi.ac.uk/vol1/fastq/ERR147/089/ERR14789489/ERR14789489_1.fastq.gz;ftp.sra.ebi.ac.uk/vol1/fastq/ERR147/089/ERR14789489/ERR14789489_2.fastq.gz	wastewater metagenome	fasp.sra.ebi.ac.uk:/vol1/run/ERR147/ERR14789489/non-capture_batch7_sample36_R1.fastq.gz;fasp.sra.ebi.ac.uk:/vol1/run/ERR147/ERR14789489/non-capture_batch7_sample36_R2.fastq.gz	16367669;14384663
ERR14789490	SAMEA4777397	Thailand	2017-06-15	DTU2017_MG_125_TH_PA	ftp.sra.ebi.ac.uk/vol1/fastq/ERR147/090/ERR14789490/ERR14789490_1.fastq.gz;ftp.sra.ebi.ac.uk/vol1/fastq/ERR147/090/ERR14789490/ERR14789490_2.fastq.gz	wastewater metagenome	fasp.sra.ebi.ac.uk:/vol1/run/ERR147/ERR14789490/non-capture_batch7_sample37_R1.fastq.gz;fasp.sra.ebi.ac.uk:/vol1/run/ERR147/ERR14789490/non-capture_batch7_sample37_R2.fastq.gz	14369329;12990685
ERR14789492	SAMEA7428531	Thailand	2018-09-10	DTU_2018_774_1_MG_TH_PA_471	ftp.sra.ebi.ac.uk/vol1/fastq/ERR147/092/ERR14789492/ERR14789492_1.fastq.gz;ftp.sra.ebi.ac.uk/vol1/fastq/ERR147/092/ERR14789492/ERR14789492_2.fastq.gz	wastewater metagenome	fasp.sra.ebi.ac.uk:/vol1/run/ERR147/ERR14789492/non-capture_batch7_sample39_R1.fastq.gz;fasp.sra.ebi.ac.uk:/vol1/run/ERR147/ERR14789492/non-capture_batch7_sample39_R2.fastq.gz	9987669;9458685
ERR14789495	SAMEA7428262	Tanzania	2017-11-20	DTU_2017_514_1_MG_TZ_MW_210	ftp.sra.ebi.ac.uk/vol1/fastq/ERR147/095/ERR14789495/ERR14789495_1.fastq.gz;ftp.sra.ebi.ac.uk/vol1/fastq/ERR147/095/ERR14789495/ERR14789495_2.fastq.gz	wastewater metagenome	fasp.sra.ebi.ac.uk:/vol1/run/ERR147/ERR14789495/non-capture_batch7_sample42_R1.fastq.gz;fasp.sra.ebi.ac.uk:/vol1/run/ERR147/ERR14789495/non-capture_batch7_sample42_R2.fastq.gz	19609746;17353121
ERR14789499	SAMEA13189739	Canada	2018-09-28	DTU_2018_1013575_1_MG_CA1809_L79	ftp.sra.ebi.ac.uk/vol1/fastq/ERR147/099/ERR14789499/ERR14789499_1.fastq.gz;ftp.sra.ebi.ac.uk/vol1/fastq/ERR147/099/ERR14789499/ERR14789499_2.fastq.gz	wastewater metagenome	fasp.sra.ebi.ac.uk:/vol1/run/ERR147/ERR14789499/non-capture_batch7_sample47_R1.fastq.gz;fasp.sra.ebi.ac.uk:/vol1/run/ERR147/ERR14789499/non-capture_batch7_sample47_R2.fastq.gz	44194589;43053700
ERR14788821	SAMEA4777514	Australia	2017-06-20	DTU2017_MG_79_AU_MA	ftp.sra.ebi.ac.uk/vol1/fastq/ERR147/021/ERR14788821/ERR14788821_1.fastq.gz;ftp.sra.ebi.ac.uk/vol1/fastq/ERR147/021/ERR14788821/ERR14788821_2.fastq.gz	wastewater metagenome	fasp.sra.ebi.ac.uk:/vol1/run/ERR147/ERR14788821/capture_batch1_sample1_R1.fastq.gz;fasp.sra.ebi.ac.uk:/vol1/run/ERR147/ERR14788821/capture_batch1_sample1_R2.fastq.gz	14906807;11703236
ERR14788824	SAMEA7426331	Australia	2018-12-18	DTU_2018_876_1_MG_AU_MA_560	ftp.sra.ebi.ac.uk/vol1/fastq/ERR147/024/ERR14788824/ERR14788824_1.fastq.gz;ftp.sra.ebi.ac.uk/vol1/fastq/ERR147/024/ERR14788824/ERR14788824_2.fastq.gz	wastewater metagenome	fasp.sra.ebi.ac.uk:/vol1/run/ERR147/ERR14788824/capture_batch1_sample4_R1.fastq.gz;fasp.sra.ebi.ac.uk:/vol1/run/ERR147/ERR14788824/capture_batch1_sample4_R2.fastq.gz	19350361;15028373
ERR14788827	SAMEA7428434	Bosnia and Herzegovina	2018-06-27	DTU_2018_667_1_MG_BA_BL_355	ftp.sra.ebi.ac.uk/vol1/fastq/ERR147/027/ERR14788827/ERR14788827_1.fastq.gz;ftp.sra.ebi.ac.uk/vol1/fastq/ERR147/027/ERR14788827/ERR14788827_2.fastq.gz	wastewater metagenome	fasp.sra.ebi.ac.uk:/vol1/run/ERR147/ERR14788827/capture_batch1_sample7_R1.fastq.gz;fasp.sra.ebi.ac.uk:/vol1/run/ERR147/ERR14788827/capture_batch1_sample7_R2.fastq.gz	15141283;12149179
ERR14788831	SAMEA7428484	Canada	2018-07-09	DTU_2018_720_1_MG_CA_OT_417	ftp.sra.ebi.ac.uk/vol1/fastq/ERR147/031/ERR14788831/ERR14788831_1.fastq.gz;ftp.sra.ebi.ac.uk/vol1/fastq/ERR147/031/ERR14788831/ERR14788831_2.fastq.gz	wastewater metagenome	fasp.sra.ebi.ac.uk:/vol1/run/ERR147/ERR14788831/capture_batch1_sample11_R1.fastq.gz;fasp.sra.ebi.ac.uk:/vol1/run/ERR147/ERR14788831/capture_batch1_sample11_R2.fastq.gz	13458953;11479777
ERR14788834	SAMEA7428268	Cote d'Ivoire	2017-11-22	DTU_2017_524_1_MG_CI_YA_220	ftp.sra.ebi.ac.uk/vol1/fastq/ERR147/034/ERR14788834/ERR14788834_1.fastq.gz;ftp.sra.ebi.ac.uk/vol1/fastq/ERR147/034/ERR14788834/ERR14788834_2.fastq.gz	wastewater metagenome	fasp.sra.ebi.ac.uk:/vol1/run/ERR147/ERR14788834/capture_batch1_sample14_R1.fastq.gz;fasp.sra.ebi.ac.uk:/vol1/run/ERR147/ERR14788834/capture_batch1_sample14_R2.fastq.gz	19287577;17051526
ERR14788838	SAMEA13189746	China	2018-05-11	DTU_2018_1013582_1_MG_CN1805_L86	ftp.sra.ebi.ac.uk/vol1/fastq/ERR147/038/ERR14788838/ERR14788838_1.fastq.gz;ftp.sra.ebi.ac.uk/vol1/fastq/ERR147/038/ERR14788838/ERR14788838_2.fastq.gz	wastewater metagenome	fasp.sra.ebi.ac.uk:/vol1/run/ERR147/ERR14788838/capture_batch1_sample18_R1.fastq.gz;fasp.sra.ebi.ac.uk:/vol1/run/ERR147/ERR14788838/capture_batch1_sample18_R2.fastq.gz	27268242;25319037
ERR14788839	SAMEA13189747	China	2018-08-09	DTU_2018_1013583_1_MG_CN1808_L87	ftp.sra.ebi.ac.uk/vol1/fastq/ERR147/039/ERR14788839/ERR14788839_1.fastq.gz;ftp.sra.ebi.ac.uk/vol1/fastq/ERR147/039/ERR14788839/ERR14788839_2.fastq.gz	wastewater metagenome	fasp.sra.ebi.ac.uk:/vol1/run/ERR147/ERR14788839/capture_batch1_sample19_R1.fastq.gz;fasp.sra.ebi.ac.uk:/vol1/run/ERR147/ERR14788839/capture_batch1_sample19_R2.fastq.gz	5923716;5123393
ERR14788840	SAMEA13189748	China	2018-09-01	DTU_2018_1013584_1_MG_CN1809_L88	ftp.sra.ebi.ac.uk/vol1/fastq/ERR147/040/ERR14788840/ERR14788840_1.fastq.gz;ftp.sra.ebi.ac.uk/vol1/fastq/ERR147/040/ERR14788840/ERR14788840_2.fastq.gz	wastewater metagenome	fasp.sra.ebi.ac.uk:/vol1/run/ERR147/ERR14788840/capture_batch1_sample20_R1.fastq.gz;fasp.sra.ebi.ac.uk:/vol1/run/ERR147/ERR14788840/capture_batch1_sample20_R2.fastq.gz	6054535;5229882
ERR14788846	SAMEA13189681	China	2017-08-23	DTU_2017_1013517_1_MG_CN1708_L13	ftp.sra.ebi.ac.uk/vol1/fastq/ERR147/046/ERR14788846/ERR14788846_1.fastq.gz;ftp.sra.ebi.ac.uk/vol1/fastq/ERR147/046/ERR14788846/ERR14788846_2.fastq.gz	wastewater metagenome	fasp.sra.ebi.ac.uk:/vol1/run/ERR147/ERR14788846/capture_batch1_sample26_R1.fastq.gz;fasp.sra.ebi.ac.uk:/vol1/run/ERR147/ERR14788846/capture_batch1_sample26_R2.fastq.gz	16136563;13827525
ERR14788849	SAMEA13189712	China	2017-12-21	DTU_2017_1013548_1_MG_CN1712_L46	ftp.sra.ebi.ac.uk/vol1/fastq/ERR147/049/ERR14788849/ERR14788849_1.fastq.gz;ftp.sra.ebi.ac.uk/vol1/fastq/ERR147/049/ERR14788849/ERR14788849_2.fastq.gz	wastewater metagenome	fasp.sra.ebi.ac.uk:/vol1/run/ERR147/ERR14788849/capture_batch1_sample29_R1.fastq.gz;fasp.sra.ebi.ac.uk:/vol1/run/ERR147/ERR14788849/capture_batch1_sample29_R2.fastq.gz	36883880;34041989
ERR14788853	SAMEA4777473	France	2017-06-19	DTU2017_MG_41_FR_NA	ftp.sra.ebi.ac.uk/vol1/fastq/ERR147/053/ERR14788853/ERR14788853_1.fastq.gz;ftp.sra.ebi.ac.uk/vol1/fastq/ERR147/053/ERR14788853/ERR14788853_2.fastq.gz	wastewater metagenome	fasp.sra.ebi.ac.uk:/vol1/run/ERR147/ERR14788853/capture_batch1_sample33_R1.fastq.gz;fasp.sra.ebi.ac.uk:/vol1/run/ERR147/ERR14788853/capture_batch1_sample33_R2.fastq.gz	45058;40326
ERR14788854	SAMEA7428254	France	2017-11-20	DTU_2017_506_1_MG_FR_NA_202	ftp.sra.ebi.ac.uk/vol1/fastq/ERR147/054/ERR14788854/ERR14788854_1.fastq.gz;ftp.sra.ebi.ac.uk/vol1/fastq/ERR147/054/ERR14788854/ERR14788854_2.fastq.gz	wastewater metagenome	fasp.sra.ebi.ac.uk:/vol1/run/ERR147/ERR14788854/capture_batch1_sample34_R1.fastq.gz;fasp.sra.ebi.ac.uk:/vol1/run/ERR147/ERR14788854/capture_batch1_sample34_R2.fastq.gz	96851899;88141104
ERR14788856	SAMEA7426265	France	2018-11-08	DTU_2018_806_1_MG_FR_NA_490	ftp.sra.ebi.ac.uk/vol1/fastq/ERR147/056/ERR14788856/ERR14788856_1.fastq.gz;ftp.sra.ebi.ac.uk/vol1/fastq/ERR147/056/ERR14788856/ERR14788856_2.fastq.gz	wastewater metagenome	fasp.sra.ebi.ac.uk:/vol1/run/ERR147/ERR14788856/capture_batch1_sample36_R1.fastq.gz;fasp.sra.ebi.ac.uk:/vol1/run/ERR147/ERR14788856/capture_batch1_sample36_R2.fastq.gz	14803827;13127228
ERR14788859	SAMEA7428421	Cambodia	2018-06-22	DTU_2018_653_1_MG_KH_PP_341	ftp.sra.ebi.ac.uk/vol1/fastq/ERR147/059/ERR14788859/ERR14788859_1.fastq.gz;ftp.sra.ebi.ac.uk/vol1/fastq/ERR147/059/ERR14788859/ERR14788859_2.fastq.gz	wastewater metagenome	fasp.sra.ebi.ac.uk:/vol1/run/ERR147/ERR14788859/capture_batch1_sample39_R1.fastq.gz;fasp.sra.ebi.ac.uk:/vol1/run/ERR147/ERR14788859/capture_batch1_sample39_R2.fastq.gz	14308874;12644256
ERR14788861	SAMEA4777456	Netherlands	2017-06-12	DTU2017_MG_26_NL_UT	ftp.sra.ebi.ac.uk/vol1/fastq/ERR147/061/ERR14788861/ERR14788861_1.fastq.gz;ftp.sra.ebi.ac.uk/vol1/fastq/ERR147/061/ERR14788861/ERR14788861_2.fastq.gz	wastewater metagenome	fasp.sra.ebi.ac.uk:/vol1/run/ERR147/ERR14788861/capture_batch1_sample41_R1.fastq.gz;fasp.sra.ebi.ac.uk:/vol1/run/ERR147/ERR14788861/capture_batch1_sample41_R2.fastq.gz	51920375;47179544
ERR14788865	SAMEA7428302	Poland	2017-11-28	DTU_2017_559_1_MG_PL_PL_255	ftp.sra.ebi.ac.uk/vol1/fastq/ERR147/065/ERR14788865/ERR14788865_1.fastq.gz;ftp.sra.ebi.ac.uk/vol1/fastq/ERR147/065/ERR14788865/ERR14788865_2.fastq.gz	wastewater metagenome	fasp.sra.ebi.ac.uk:/vol1/run/ERR147/ERR14788865/capture_batch1_sample45_R1.fastq.gz;fasp.sra.ebi.ac.uk:/vol1/run/ERR147/ERR14788865/capture_batch1_sample45_R2.fastq.gz	50976387;46828814
ERR14788866	SAMEA7428465	Poland	2018-07-09	DTU_2018_700_1_MG_PL_PL_389	ftp.sra.ebi.ac.uk/vol1/fastq/ERR147/066/ERR14788866/ERR14788866_1.fastq.gz;ftp.sra.ebi.ac.uk/vol1/fastq/ERR147/066/ERR14788866/ERR14788866_2.fastq.gz	wastewater metagenome	fasp.sra.ebi.ac.uk:/vol1/run/ERR147/ERR14788866/capture_batch1_sample46_R1.fastq.gz;fasp.sra.ebi.ac.uk:/vol1/run/ERR147/ERR14788866/capture_batch1_sample46_R2.fastq.gz	56700006;51256173
ERR14788869	SAMEA7428478	Barbados	2018-07-05	DTU_2018_713_1_MG_BB_BR_410	ftp.sra.ebi.ac.uk/vol1/fastq/ERR147/069/ERR14788869/ERR14788869_1.fastq.gz;ftp.sra.ebi.ac.uk/vol1/fastq/ERR147/069/ERR14788869/ERR14788869_2.fastq.gz	wastewater metagenome	fasp.sra.ebi.ac.uk:/vol1/run/ERR147/ERR14788869/capture_batch2_sample1_R1.fastq.gz;fasp.sra.ebi.ac.uk:/vol1/run/ERR147/ERR14788869/capture_batch2_sample1_R2.fastq.gz	80893656;78661583
ERR14788871	SAMEA4777498	Barbados	2017-06-15	DTU2017_MG_64_BB_BR	ftp.sra.ebi.ac.uk/vol1/fastq/ERR147/071/ERR14788871/ERR14788871_1.fastq.gz;ftp.sra.ebi.ac.uk/vol1/fastq/ERR147/071/ERR14788871/ERR14788871_2.fastq.gz	wastewater metagenome	fasp.sra.ebi.ac.uk:/vol1/run/ERR147/ERR14788871/capture_batch2_sample3_R1.fastq.gz;fasp.sra.ebi.ac.uk:/vol1/run/ERR147/ERR14788871/capture_batch2_sample3_R2.fastq.gz	17783528;15363779
ERR14788878	SAMEA7428257	Czech Republic	2017-11-20	DTU_2017_509_1_MG_CZ_PR_205	ftp.sra.ebi.ac.uk/vol1/fastq/ERR147/078/ERR14788878/ERR14788878_1.fastq.gz;ftp.sra.ebi.ac.uk/vol1/fastq/ERR147/078/ERR14788878/ERR14788878_2.fastq.gz	wastewater metagenome	fasp.sra.ebi.ac.uk:/vol1/run/ERR147/ERR14788878/capture_batch2_sample10_R1.fastq.gz;fasp.sra.ebi.ac.uk:/vol1/run/ERR147/ERR14788878/capture_batch2_sample10_R2.fastq.gz	42407282;41419791
ERR14788880	SAMEA4777510	Germany	2017-06-14	DTU2017_MG_75_DE_BE	ftp.sra.ebi.ac.uk/vol1/fastq/ERR147/080/ERR14788880/ERR14788880_1.fastq.gz;ftp.sra.ebi.ac.uk/vol1/fastq/ERR147/080/ERR14788880/ERR14788880_2.fastq.gz	wastewater metagenome	fasp.sra.ebi.ac.uk:/vol1/run/ERR147/ERR14788880/capture_batch2_sample12_R1.fastq.gz;fasp.sra.ebi.ac.uk:/vol1/run/ERR147/ERR14788880/capture_batch2_sample12_R2.fastq.gz	23300774;22270243
ERR14788882	SAMEA7428524	Germany	2018-07-04	DTU_2018_763_1_MG_DE_BE_460	ftp.sra.ebi.ac.uk/vol1/fastq/ERR147/082/ERR14788882/ERR14788882_1.fastq.gz;ftp.sra.ebi.ac.uk/vol1/fastq/ERR147/082/ERR14788882/ERR14788882_2.fastq.gz	wastewater metagenome	fasp.sra.ebi.ac.uk:/vol1/run/ERR147/ERR14788882/capture_batch2_sample14_R1.fastq.gz;fasp.sra.ebi.ac.uk:/vol1/run/ERR147/ERR14788882/capture_batch2_sample14_R2.fastq.gz	30331995;28155824
ERR14788887	SAMEA7426268	United Kingdom	2018-11-09	DTU_2018_809_1_MG_GB_CA_493	ftp.sra.ebi.ac.uk/vol1/fastq/ERR147/087/ERR14788887/ERR14788887_1.fastq.gz;ftp.sra.ebi.ac.uk/vol1/fastq/ERR147/087/ERR14788887/ERR14788887_2.fastq.gz	wastewater metagenome	fasp.sra.ebi.ac.uk:/vol1/run/ERR147/ERR14788887/capture_batch2_sample19_R1.fastq.gz;fasp.sra.ebi.ac.uk:/vol1/run/ERR147/ERR14788887/capture_batch2_sample19_R2.fastq.gz	12886400;11041120
ERR14788892	SAMEA4777418	India	2017-06-19	DTU2017_MG_144_IN_MP	ftp.sra.ebi.ac.uk/vol1/fastq/ERR147/092/ERR14788892/ERR14788892_1.fastq.gz;ftp.sra.ebi.ac.uk/vol1/fastq/ERR147/092/ERR14788892/ERR14788892_2.fastq.gz	wastewater metagenome	fasp.sra.ebi.ac.uk:/vol1/run/ERR147/ERR14788892/capture_batch2_sample24_R1.fastq.gz;fasp.sra.ebi.ac.uk:/vol1/run/ERR147/ERR14788892/capture_batch2_sample24_R2.fastq.gz	10213749;9604473
ERR14788898	SAMEA117873021	Japan	2018-06-22	JP-JP-371	ftp.sra.ebi.ac.uk/vol1/fastq/ERR147/098/ERR14788898/ERR14788898_1.fastq.gz;ftp.sra.ebi.ac.uk/vol1/fastq/ERR147/098/ERR14788898/ERR14788898_2.fastq.gz	Stigmatella aurantiaca	fasp.sra.ebi.ac.uk:/vol1/run/ERR147/ERR14788898/capture_batch2_sample30_R1.fastq.gz;fasp.sra.ebi.ac.uk:/vol1/run/ERR147/ERR14788898/capture_batch2_sample30_R2.fastq.gz	10062485;8683039
ERR14788903	SAMEA7428482	Cote d'Ivoire	2018-07-07	DTU_2018_718_1_MG_CI_YA_415	ftp.sra.ebi.ac.uk/vol1/fastq/ERR147/003/ERR14788903/ERR14788903_1.fastq.gz;ftp.sra.ebi.ac.uk/vol1/fastq/ERR147/003/ERR14788903/ERR14788903_2.fastq.gz	wastewater metagenome	fasp.sra.ebi.ac.uk:/vol1/run/ERR147/ERR14788903/capture_batch2_sample35_R1.fastq.gz;fasp.sra.ebi.ac.uk:/vol1/run/ERR147/ERR14788903/capture_batch2_sample35_R2.fastq.gz	11330186;9887301
ERR14788907	SAMEA7426365	Montenegro	2019-02-08	DTU_2018_910_1_MG_ME_PO_595	ftp.sra.ebi.ac.uk/vol1/fastq/ERR147/007/ERR14788907/ERR14788907_1.fastq.gz;ftp.sra.ebi.ac.uk/vol1/fastq/ERR147/007/ERR14788907/ERR14788907_2.fastq.gz	wastewater metagenome	fasp.sra.ebi.ac.uk:/vol1/run/ERR147/ERR14788907/capture_batch2_sample39_R1.fastq.gz;fasp.sra.ebi.ac.uk:/vol1/run/ERR147/ERR14788907/capture_batch2_sample39_R2.fastq.gz	23536645;21549497
ERR14788908	SAMEA4777402	Malaysia	2017-06-16	DTU2017_MG_12_MY_KG	ftp.sra.ebi.ac.uk/vol1/fastq/ERR147/008/ERR14788908/ERR14788908_1.fastq.gz;ftp.sra.ebi.ac.uk/vol1/fastq/ERR147/008/ERR14788908/ERR14788908_2.fastq.gz	wastewater metagenome	fasp.sra.ebi.ac.uk:/vol1/run/ERR147/ERR14788908/capture_batch2_sample40_R1.fastq.gz;fasp.sra.ebi.ac.uk:/vol1/run/ERR147/ERR14788908/capture_batch2_sample40_R2.fastq.gz	6671022;5688412
ERR14788909	SAMEA7428279	Malaysia	2017-11-30	DTU_2017_535_1_MG_MY_KG_231	ftp.sra.ebi.ac.uk/vol1/fastq/ERR147/009/ERR14788909/ERR14788909_1.fastq.gz;ftp.sra.ebi.ac.uk/vol1/fastq/ERR147/009/ERR14788909/ERR14788909_2.fastq.gz	wastewater metagenome	fasp.sra.ebi.ac.uk:/vol1/run/ERR147/ERR14788909/capture_batch2_sample41_R1.fastq.gz;fasp.sra.ebi.ac.uk:/vol1/run/ERR147/ERR14788909/capture_batch2_sample41_R2.fastq.gz	59282376;48869665
ERR14788911	SAMEA7426281	Malaysia	2018-12-07	DTU_2018_823_1_MG_MY_KG_507	ftp.sra.ebi.ac.uk/vol1/fastq/ERR147/011/ERR14788911/ERR14788911_1.fastq.gz;ftp.sra.ebi.ac.uk/vol1/fastq/ERR147/011/ERR14788911/ERR14788911_2.fastq.gz	wastewater metagenome	fasp.sra.ebi.ac.uk:/vol1/run/ERR147/ERR14788911/capture_batch2_sample43_R1.fastq.gz;fasp.sra.ebi.ac.uk:/vol1/run/ERR147/ERR14788911/capture_batch2_sample43_R2.fastq.gz	15649381;13146324
ERR14788913	SAMEA7428303	Nigeria	2017-12-06	DTU_2017_560_1_MG_NG_LA_256	ftp.sra.ebi.ac.uk/vol1/fastq/ERR147/013/ERR14788913/ERR14788913_1.fastq.gz;ftp.sra.ebi.ac.uk/vol1/fastq/ERR147/013/ERR14788913/ERR14788913_2.fastq.gz	wastewater metagenome	fasp.sra.ebi.ac.uk:/vol1/run/ERR147/ERR14788913/capture_batch2_sample45_R1.fastq.gz;fasp.sra.ebi.ac.uk:/vol1/run/ERR147/ERR14788913/capture_batch2_sample45_R2.fastq.gz	35329898;29269941
ERR14788920	SAMEA7426258	Austria	2018-11-08	DTU_2018_799_1_MG_AT_VI_483	ftp.sra.ebi.ac.uk/vol1/fastq/ERR147/020/ERR14788920/ERR14788920_1.fastq.gz;ftp.sra.ebi.ac.uk/vol1/fastq/ERR147/020/ERR14788920/ERR14788920_2.fastq.gz	wastewater metagenome	fasp.sra.ebi.ac.uk:/vol1/run/ERR147/ERR14788920/capture_batch3_sample4_R1.fastq.gz;fasp.sra.ebi.ac.uk:/vol1/run/ERR147/ERR14788920/capture_batch3_sample4_R2.fastq.gz	75134955;57549988
ERR14788924	SAMEA13189670	Australia	2017-07-18	DTU_2017_1013506_1_MG_AU1707_L1	ftp.sra.ebi.ac.uk/vol1/fastq/ERR147/024/ERR14788924/ERR14788924_1.fastq.gz;ftp.sra.ebi.ac.uk/vol1/fastq/ERR147/024/ERR14788924/ERR14788924_2.fastq.gz	wastewater metagenome	fasp.sra.ebi.ac.uk:/vol1/run/ERR147/ERR14788924/capture_batch3_sample8_R1.fastq.gz;fasp.sra.ebi.ac.uk:/vol1/run/ERR147/ERR14788924/capture_batch3_sample8_R2.fastq.gz	39829467;29549919
ERR14788926	SAMEA13189686	Australia	2017-09-27	DTU_2017_1013522_1_MG_AU1709_L20	ftp.sra.ebi.ac.uk/vol1/fastq/ERR147/026/ERR14788926/ERR14788926_1.fastq.gz;ftp.sra.ebi.ac.uk/vol1/fastq/ERR147/026/ERR14788926/ERR14788926_2.fastq.gz	wastewater metagenome	fasp.sra.ebi.ac.uk:/vol1/run/ERR147/ERR14788926/capture_batch3_sample10_R1.fastq.gz;fasp.sra.ebi.ac.uk:/vol1/run/ERR147/ERR14788926/capture_batch3_sample10_R2.fastq.gz	47711481;37142419
ERR14788927	SAMEA13189687	Australia	2017-10-16	DTU_2017_1013523_1_MG_AU1710_L21	ftp.sra.ebi.ac.uk/vol1/fastq/ERR147/027/ERR14788927/ERR14788927_1.fastq.gz;ftp.sra.ebi.ac.uk/vol1/fastq/ERR147/027/ERR14788927/ERR14788927_2.fastq.gz	wastewater metagenome	fasp.sra.ebi.ac.uk:/vol1/run/ERR147/ERR14788927/capture_batch3_sample11_R1.fastq.gz;fasp.sra.ebi.ac.uk:/vol1/run/ERR147/ERR14788927/capture_batch3_sample11_R2.fastq.gz	36072165;26810804
ERR14788935	SAMEA13189731	Australia	2018-08-30	DTU_2018_1013567_1_MG_AU1808_L71	ftp.sra.ebi.ac.uk/vol1/fastq/ERR147/035/ERR14788935/ERR14788935_1.fastq.gz;ftp.sra.ebi.ac.uk/vol1/fastq/ERR147/035/ERR14788935/ERR14788935_2.fastq.gz	wastewater metagenome	fasp.sra.ebi.ac.uk:/vol1/run/ERR147/ERR14788935/capture_batch3_sample19_R1.fastq.gz;fasp.sra.ebi.ac.uk:/vol1/run/ERR147/ERR14788935/capture_batch3_sample19_R2.fastq.gz	22980739;17854065
ERR14788937	SAMEA7428327	Bangladesh	2017-11-25	DTU_2017_589_1_MG_BD_DH_285	ftp.sra.ebi.ac.uk/vol1/fastq/ERR147/037/ERR14788937/ERR14788937_1.fastq.gz;ftp.sra.ebi.ac.uk/vol1/fastq/ERR147/037/ERR14788937/ERR14788937_2.fastq.gz	wastewater metagenome	fasp.sra.ebi.ac.uk:/vol1/run/ERR147/ERR14788937/capture_batch3_sample21_R1.fastq.gz;fasp.sra.ebi.ac.uk:/vol1/run/ERR147/ERR14788937/capture_batch3_sample21_R2.fastq.gz	2656067;1879028
ERR14788939	SAMEA7426329	Bangladesh	2018-12-31	DTU_2018_874_1_MG_BD_DH_558	ftp.sra.ebi.ac.uk/vol1/fastq/ERR147/039/ERR14788939/ERR14788939_1.fastq.gz;ftp.sra.ebi.ac.uk/vol1/fastq/ERR147/039/ERR14788939/ERR14788939_2.fastq.gz	wastewater metagenome	fasp.sra.ebi.ac.uk:/vol1/run/ERR147/ERR14788939/capture_batch3_sample23_R1.fastq.gz;fasp.sra.ebi.ac.uk:/vol1/run/ERR147/ERR14788939/capture_batch3_sample23_R2.fastq.gz	6109;4739
ERR14788940	SAMEA4777410	Canada	2017-06-23	DTU2017_MG_137_CA_VA	ftp.sra.ebi.ac.uk/vol1/fastq/ERR147/040/ERR14788940/ERR14788940_1.fastq.gz;ftp.sra.ebi.ac.uk/vol1/fastq/ERR147/040/ERR14788940/ERR14788940_2.fastq.gz	wastewater metagenome	fasp.sra.ebi.ac.uk:/vol1/run/ERR147/ERR14788940/capture_batch3_sample24_R1.fastq.gz;fasp.sra.ebi.ac.uk:/vol1/run/ERR147/ERR14788940/capture_batch3_sample24_R2.fastq.gz	19885772;15213001
ERR14788941	SAMEA7428343	Canada	2017-11-19	DTU_2017_605_1_MG_CA_VA_301	ftp.sra.ebi.ac.uk/vol1/fastq/ERR147/041/ERR14788941/ERR14788941_1.fastq.gz;ftp.sra.ebi.ac.uk/vol1/fastq/ERR147/041/ERR14788941/ERR14788941_2.fastq.gz	wastewater metagenome	fasp.sra.ebi.ac.uk:/vol1/run/ERR147/ERR14788941/capture_batch3_sample25_R1.fastq.gz;fasp.sra.ebi.ac.uk:/vol1/run/ERR147/ERR14788941/capture_batch3_sample25_R2.fastq.gz	18458393;12160216
ERR14788945	SAMEA7428333	Cameroon	2017-11-17	DTU_2017_595_1_MG_CM_YA_291	ftp.sra.ebi.ac.uk/vol1/fastq/ERR147/045/ERR14788945/ERR14788945_1.fastq.gz;ftp.sra.ebi.ac.uk/vol1/fastq/ERR147/045/ERR14788945/ERR14788945_2.fastq.gz	wastewater metagenome	fasp.sra.ebi.ac.uk:/vol1/run/ERR147/ERR14788945/capture_batch3_sample29_R1.fastq.gz;fasp.sra.ebi.ac.uk:/vol1/run/ERR147/ERR14788945/capture_batch3_sample29_R2.fastq.gz	19397722;13088988
ERR14788951	SAMEA13189688	Cameroon	2017-10-23	DTU_2017_1013524_1_MG_CM1710_L22	ftp.sra.ebi.ac.uk/vol1/fastq/ERR147/051/ERR14788951/ERR14788951_1.fastq.gz;ftp.sra.ebi.ac.uk/vol1/fastq/ERR147/051/ERR14788951/ERR14788951_2.fastq.gz	wastewater metagenome	fasp.sra.ebi.ac.uk:/vol1/run/ERR147/ERR14788951/capture_batch3_sample35_R1.fastq.gz;fasp.sra.ebi.ac.uk:/vol1/run/ERR147/ERR14788951/capture_batch3_sample35_R2.fastq.gz	28904841;22574199
ERR14788953	SAMEA13189690	Cameroon	2018-01-19	DTU_2018_1013526_1_MG_CM1801_L24	ftp.sra.ebi.ac.uk/vol1/fastq/ERR147/053/ERR14788953/ERR14788953_1.fastq.gz;ftp.sra.ebi.ac.uk/vol1/fastq/ERR147/053/ERR14788953/ERR14788953_2.fastq.gz	wastewater metagenome	fasp.sra.ebi.ac.uk:/vol1/run/ERR147/ERR14788953/capture_batch3_sample37_R1.fastq.gz;fasp.sra.ebi.ac.uk:/vol1/run/ERR147/ERR14788953/capture_batch3_sample37_R2.fastq.gz	21243198;15287113
ERR14788954	SAMEA117873019	Cameroon	2018-02-21	CM1802	ftp.sra.ebi.ac.uk/vol1/fastq/ERR147/054/ERR14788954/ERR14788954_1.fastq.gz;ftp.sra.ebi.ac.uk/vol1/fastq/ERR147/054/ERR14788954/ERR14788954_2.fastq.gz	Stigmatella aurantiaca	fasp.sra.ebi.ac.uk:/vol1/run/ERR147/ERR14788954/capture_batch3_sample38_R1.fastq.gz;fasp.sra.ebi.ac.uk:/vol1/run/ERR147/ERR14788954/capture_batch3_sample38_R2.fastq.gz	157962567;123042004
ERR14788960	SAMEA4777460	Portugal	2017-06-06	DTU2017_MG_2_PT_LI	ftp.sra.ebi.ac.uk/vol1/fastq/ERR147/060/ERR14788960/ERR14788960_1.fastq.gz;ftp.sra.ebi.ac.uk/vol1/fastq/ERR147/060/ERR14788960/ERR14788960_2.fastq.gz	wastewater metagenome	fasp.sra.ebi.ac.uk:/vol1/run/ERR147/ERR14788960/capture_batch3_sample44_R1.fastq.gz;fasp.sra.ebi.ac.uk:/vol1/run/ERR147/ERR14788960/capture_batch3_sample44_R2.fastq.gz	30554607;23703268
ERR14788961	SAMEA7428242	Portugal	2017-11-22	DTU_2017_494_1_MG_PT_LI_190	ftp.sra.ebi.ac.uk/vol1/fastq/ERR147/061/ERR14788961/ERR14788961_1.fastq.gz;ftp.sra.ebi.ac.uk/vol1/fastq/ERR147/061/ERR14788961/ERR14788961_2.fastq.gz	wastewater metagenome	fasp.sra.ebi.ac.uk:/vol1/run/ERR147/ERR14788961/capture_batch3_sample45_R1.fastq.gz;fasp.sra.ebi.ac.uk:/vol1/run/ERR147/ERR14788961/capture_batch3_sample45_R2.fastq.gz	13438279;10915469
ERR14788962	SAMEA7428436	Portugal	2018-06-27	DTU_2018_669_1_MG_PT_LI_357	ftp.sra.ebi.ac.uk/vol1/fastq/ERR147/062/ERR14788962/ERR14788962_1.fastq.gz;ftp.sra.ebi.ac.uk/vol1/fastq/ERR147/062/ERR14788962/ERR14788962_2.fastq.gz	wastewater metagenome	fasp.sra.ebi.ac.uk:/vol1/run/ERR147/ERR14788962/capture_batch3_sample46_R1.fastq.gz;fasp.sra.ebi.ac.uk:/vol1/run/ERR147/ERR14788962/capture_batch3_sample46_R2.fastq.gz	11124394;8844604
ERR14788963	SAMEA7426284	Portugal	2018-12-11	DTU_2018_826_1_MG_PT_LI_510	ftp.sra.ebi.ac.uk/vol1/fastq/ERR147/063/ERR14788963/ERR14788963_1.fastq.gz;ftp.sra.ebi.ac.uk/vol1/fastq/ERR147/063/ERR14788963/ERR14788963_2.fastq.gz	wastewater metagenome	fasp.sra.ebi.ac.uk:/vol1/run/ERR147/ERR14788963/capture_batch3_sample47_R1.fastq.gz;fasp.sra.ebi.ac.uk:/vol1/run/ERR147/ERR14788963/capture_batch3_sample47_R2.fastq.gz	8240490;6713507
ERR14788968	SAMEA7426330	Australia	2018-12-18	DTU_2018_875_1_MG_AU_DD_559	ftp.sra.ebi.ac.uk/vol1/fastq/ERR147/068/ERR14788968/ERR14788968_1.fastq.gz;ftp.sra.ebi.ac.uk/vol1/fastq/ERR147/068/ERR14788968/ERR14788968_2.fastq.gz	wastewater metagenome	fasp.sra.ebi.ac.uk:/vol1/run/ERR147/ERR14788968/capture_batch4_sample4_R1.fastq.gz;fasp.sra.ebi.ac.uk:/vol1/run/ERR147/ERR14788968/capture_batch4_sample4_R2.fastq.gz	18883550;17070093
ERR14788971	SAMEA7426282	Malaysia	2018-12-07	DTU_2018_824_1_MG_MY_KL_508	ftp.sra.ebi.ac.uk/vol1/fastq/ERR147/071/ERR14788971/ERR14788971_1.fastq.gz;ftp.sra.ebi.ac.uk/vol1/fastq/ERR147/071/ERR14788971/ERR14788971_2.fastq.gz	wastewater metagenome	fasp.sra.ebi.ac.uk:/vol1/run/ERR147/ERR14788971/capture_batch4_sample7_R1.fastq.gz;fasp.sra.ebi.ac.uk:/vol1/run/ERR147/ERR14788971/capture_batch4_sample7_R2.fastq.gz	33595318;27902156
ERR14788974	SAMEA13189677	Malaysia	2017-08-15	DTU_2017_1013513_1_MG_MY1708_L9	ftp.sra.ebi.ac.uk/vol1/fastq/ERR147/074/ERR14788974/ERR14788974_1.fastq.gz;ftp.sra.ebi.ac.uk/vol1/fastq/ERR147/074/ERR14788974/ERR14788974_2.fastq.gz	wastewater metagenome	fasp.sra.ebi.ac.uk:/vol1/run/ERR147/ERR14788974/capture_batch4_sample10_R1.fastq.gz;fasp.sra.ebi.ac.uk:/vol1/run/ERR147/ERR14788974/capture_batch4_sample10_R2.fastq.gz	25686570;23956926
ERR14788976	SAMEA13189679	Malaysia	2017-10-10	DTU_2017_1013515_1_MG_MY1710_L11	ftp.sra.ebi.ac.uk/vol1/fastq/ERR147/076/ERR14788976/ERR14788976_1.fastq.gz;ftp.sra.ebi.ac.uk/vol1/fastq/ERR147/076/ERR14788976/ERR14788976_2.fastq.gz	wastewater metagenome	fasp.sra.ebi.ac.uk:/vol1/run/ERR147/ERR14788976/capture_batch4_sample12_R1.fastq.gz;fasp.sra.ebi.ac.uk:/vol1/run/ERR147/ERR14788976/capture_batch4_sample12_R2.fastq.gz	12805709;11336090
ERR14788979	SAMEA13189698	Malaysia	2018-01-04	DTU_2018_1013534_1_MG_MY1801_L32	ftp.sra.ebi.ac.uk/vol1/fastq/ERR147/079/ERR14788979/ERR14788979_1.fastq.gz;ftp.sra.ebi.ac.uk/vol1/fastq/ERR147/079/ERR14788979/ERR14788979_2.fastq.gz	wastewater metagenome	fasp.sra.ebi.ac.uk:/vol1/run/ERR147/ERR14788979/capture_batch4_sample15_R1.fastq.gz;fasp.sra.ebi.ac.uk:/vol1/run/ERR147/ERR14788979/capture_batch4_sample15_R2.fastq.gz	40382881;35643341
ERR14788981	SAMEA13189723	Malaysia	2018-03-16	DTU_2018_1013559_1_MG_MY1803_L61	ftp.sra.ebi.ac.uk/vol1/fastq/ERR147/081/ERR14788981/ERR14788981_1.fastq.gz;ftp.sra.ebi.ac.uk/vol1/fastq/ERR147/081/ERR14788981/ERR14788981_2.fastq.gz	wastewater metagenome	fasp.sra.ebi.ac.uk:/vol1/run/ERR147/ERR14788981/capture_batch4_sample17_R1.fastq.gz;fasp.sra.ebi.ac.uk:/vol1/run/ERR147/ERR14788981/capture_batch4_sample17_R2.fastq.gz	18671083;17039410
ERR14788983	SAMEA13189725	Malaysia	2018-05-08	DTU_2018_1013561_1_MG_MY1805_L63	ftp.sra.ebi.ac.uk/vol1/fastq/ERR147/083/ERR14788983/ERR14788983_1.fastq.gz;ftp.sra.ebi.ac.uk/vol1/fastq/ERR147/083/ERR14788983/ERR14788983_2.fastq.gz	wastewater metagenome	fasp.sra.ebi.ac.uk:/vol1/run/ERR147/ERR14788983/capture_batch4_sample19_R1.fastq.gz;fasp.sra.ebi.ac.uk:/vol1/run/ERR147/ERR14788983/capture_batch4_sample19_R2.fastq.gz	17424383;14809717
ERR14788984	SAMEA117873005	Denmark	2017-06-11	RD-265	ftp.sra.ebi.ac.uk/vol1/fastq/ERR147/084/ERR14788984/ERR14788984_1.fastq.gz;ftp.sra.ebi.ac.uk/vol1/fastq/ERR147/084/ERR14788984/ERR14788984_2.fastq.gz	Stigmatella aurantiaca	fasp.sra.ebi.ac.uk:/vol1/run/ERR147/ERR14788984/capture_batch4_sample20_R1.fastq.gz;fasp.sra.ebi.ac.uk:/vol1/run/ERR147/ERR14788984/capture_batch4_sample20_R2.fastq.gz	24455584;22806061
ERR14788987	SAMEA117873008	Denmark	2017-09-13	RD-297	ftp.sra.ebi.ac.uk/vol1/fastq/ERR147/087/ERR14788987/ERR14788987_1.fastq.gz;ftp.sra.ebi.ac.uk/vol1/fastq/ERR147/087/ERR14788987/ERR14788987_2.fastq.gz	Stigmatella aurantiaca	fasp.sra.ebi.ac.uk:/vol1/run/ERR147/ERR14788987/capture_batch4_sample23_R1.fastq.gz;fasp.sra.ebi.ac.uk:/vol1/run/ERR147/ERR14788987/capture_batch4_sample23_R2.fastq.gz	28160865;25975507
ERR14788988	SAMEA117873009	Denmark	2017-10-01	RD-304	ftp.sra.ebi.ac.uk/vol1/fastq/ERR147/088/ERR14788988/ERR14788988_1.fastq.gz;ftp.sra.ebi.ac.uk/vol1/fastq/ERR147/088/ERR14788988/ERR14788988_2.fastq.gz	Stigmatella aurantiaca	fasp.sra.ebi.ac.uk:/vol1/run/ERR147/ERR14788988/capture_batch4_sample24_R1.fastq.gz;fasp.sra.ebi.ac.uk:/vol1/run/ERR147/ERR14788988/capture_batch4_sample24_R2.fastq.gz	48831745;46184563
ERR14788995	SAMEA117873016	Denmark	2018-11-02	RD-462	ftp.sra.ebi.ac.uk/vol1/fastq/ERR147/095/ERR14788995/ERR14788995_1.fastq.gz;ftp.sra.ebi.ac.uk/vol1/fastq/ERR147/095/ERR14788995/ERR14788995_2.fastq.gz	Stigmatella aurantiaca	fasp.sra.ebi.ac.uk:/vol1/run/ERR147/ERR14788995/capture_batch4_sample31_R1.fastq.gz;fasp.sra.ebi.ac.uk:/vol1/run/ERR147/ERR14788995/capture_batch4_sample31_R2.fastq.gz	25281970;21327438
ERR14788996	SAMEA4777531	USA	2017-06-13	DTU2017_MG_94_US_SE	ftp.sra.ebi.ac.uk/vol1/fastq/ERR147/096/ERR14788996/ERR14788996_1.fastq.gz;ftp.sra.ebi.ac.uk/vol1/fastq/ERR147/096/ERR14788996/ERR14788996_2.fastq.gz	wastewater metagenome	fasp.sra.ebi.ac.uk:/vol1/run/ERR147/ERR14788996/capture_batch4_sample32_R1.fastq.gz;fasp.sra.ebi.ac.uk:/vol1/run/ERR147/ERR14788996/capture_batch4_sample32_R2.fastq.gz	33240849;30922307
ERR14788998	SAMEA7428513	USA	2018-06-21	DTU_2018_751_1_MG_US_SE_448	ftp.sra.ebi.ac.uk/vol1/fastq/ERR147/098/ERR14788998/ERR14788998_1.fastq.gz;ftp.sra.ebi.ac.uk/vol1/fastq/ERR147/098/ERR14788998/ERR14788998_2.fastq.gz	wastewater metagenome	fasp.sra.ebi.ac.uk:/vol1/run/ERR147/ERR14788998/capture_batch4_sample34_R1.fastq.gz;fasp.sra.ebi.ac.uk:/vol1/run/ERR147/ERR14788998/capture_batch4_sample34_R2.fastq.gz	20423485;17458789
ERR14789011	SAMEA117873025	Netherlands	2021	NEG-CTRL-4	ftp.sra.ebi.ac.uk/vol1/fastq/ERR147/011/ERR14789011/ERR14789011_1.fastq.gz;ftp.sra.ebi.ac.uk/vol1/fastq/ERR147/011/ERR14789011/ERR14789011_2.fastq.gz	Stigmatella aurantiaca	fasp.sra.ebi.ac.uk:/vol1/run/ERR147/ERR14789011/capture_batch4_sample47_R1.fastq.gz;fasp.sra.ebi.ac.uk:/vol1/run/ERR147/ERR14789011/capture_batch4_sample47_R2.fastq.gz	16539078;13662306
ERR14789016	SAMEA7426358	Canada	2018-12-19	DTU_2018_903_1_MG_CA_RE_588	ftp.sra.ebi.ac.uk/vol1/fastq/ERR147/016/ERR14789016/ERR14789016_1.fastq.gz;ftp.sra.ebi.ac.uk/vol1/fastq/ERR147/016/ERR14789016/ERR14789016_2.fastq.gz	wastewater metagenome	fasp.sra.ebi.ac.uk:/vol1/run/ERR147/ERR14789016/capture_batch5_sample4_R1.fastq.gz;fasp.sra.ebi.ac.uk:/vol1/run/ERR147/ERR14789016/capture_batch5_sample4_R2.fastq.gz	8700499;7505872
ERR14789020	SAMEA13189704	Canada	2017-10-25	DTU_2017_1013540_1_MG_CA1710_L38	ftp.sra.ebi.ac.uk/vol1/fastq/ERR147/020/ERR14789020/ERR14789020_1.fastq.gz;ftp.sra.ebi.ac.uk/vol1/fastq/ERR147/020/ERR14789020/ERR14789020_2.fastq.gz	wastewater metagenome	fasp.sra.ebi.ac.uk:/vol1/run/ERR147/ERR14789020/capture_batch5_sample8_R1.fastq.gz;fasp.sra.ebi.ac.uk:/vol1/run/ERR147/ERR14789020/capture_batch5_sample8_R2.fastq.gz	6094775;5272228
ERR14789021	SAMEA13189708	Canada	2017-12-19	DTU_2017_1013544_1_MG_CA1712_L42	ftp.sra.ebi.ac.uk/vol1/fastq/ERR147/021/ERR14789021/ERR14789021_1.fastq.gz;ftp.sra.ebi.ac.uk/vol1/fastq/ERR147/021/ERR14789021/ERR14789021_2.fastq.gz	wastewater metagenome	fasp.sra.ebi.ac.uk:/vol1/run/ERR147/ERR14789021/capture_batch5_sample9_R1.fastq.gz;fasp.sra.ebi.ac.uk:/vol1/run/ERR147/ERR14789021/capture_batch5_sample9_R2.fastq.gz	8583167;6272363
ERR14789024	SAMEA13189736	Canada	2018-05-29	DTU_2018_1013572_1_MG_CA1805_L76	ftp.sra.ebi.ac.uk/vol1/fastq/ERR147/024/ERR14789024/ERR14789024_1.fastq.gz;ftp.sra.ebi.ac.uk/vol1/fastq/ERR147/024/ERR14789024/ERR14789024_2.fastq.gz	wastewater metagenome	fasp.sra.ebi.ac.uk:/vol1/run/ERR147/ERR14789024/capture_batch5_sample12_R1.fastq.gz;fasp.sra.ebi.ac.uk:/vol1/run/ERR147/ERR14789024/capture_batch5_sample12_R2.fastq.gz	13153147;11156280
ERR14789033	SAMEA117872999	Ecuador	2018-09-26	EC-1809	ftp.sra.ebi.ac.uk/vol1/fastq/ERR147/033/ERR14789033/ERR14789033_1.fastq.gz;ftp.sra.ebi.ac.uk/vol1/fastq/ERR147/033/ERR14789033/ERR14789033_2.fastq.gz	Stigmatella aurantiaca	fasp.sra.ebi.ac.uk:/vol1/run/ERR147/ERR14789033/capture_batch5_sample21_R1.fastq.gz;fasp.sra.ebi.ac.uk:/vol1/run/ERR147/ERR14789033/capture_batch5_sample21_R2.fastq.gz	18310267;15955642
ERR14789040	SAMEA13189705	Ecuador	2017-12-23	DTU_2017_1013541_1_MG_EC1712_L39	ftp.sra.ebi.ac.uk/vol1/fastq/ERR147/040/ERR14789040/ERR14789040_1.fastq.gz;ftp.sra.ebi.ac.uk/vol1/fastq/ERR147/040/ERR14789040/ERR14789040_2.fastq.gz	wastewater metagenome	fasp.sra.ebi.ac.uk:/vol1/run/ERR147/ERR14789040/capture_batch5_sample28_R1.fastq.gz;fasp.sra.ebi.ac.uk:/vol1/run/ERR147/ERR14789040/capture_batch5_sample28_R2.fastq.gz	17957592;14961262
ERR14789054	SAMEA4777470	New Zealand	2017-06-06	DTU2017_MG_39_NZ_CH	ftp.sra.ebi.ac.uk/vol1/fastq/ERR147/054/ERR14789054/ERR14789054_1.fastq.gz;ftp.sra.ebi.ac.uk/vol1/fastq/ERR147/054/ERR14789054/ERR14789054_2.fastq.gz	wastewater metagenome	fasp.sra.ebi.ac.uk:/vol1/run/ERR147/ERR14789054/capture_batch5_sample42_R1.fastq.gz;fasp.sra.ebi.ac.uk:/vol1/run/ERR147/ERR14789054/capture_batch5_sample42_R2.fastq.gz	38032396;31264872
ERR14789064	SAMEA7426299	Cote d'Ivoire	2018-12-17	DTU_2018_844_1_MG_CI_BO_528	ftp.sra.ebi.ac.uk/vol1/fastq/ERR147/064/ERR14789064/ERR14789064_1.fastq.gz;ftp.sra.ebi.ac.uk/vol1/fastq/ERR147/064/ERR14789064/ERR14789064_2.fastq.gz	wastewater metagenome	fasp.sra.ebi.ac.uk:/vol1/run/ERR147/ERR14789064/capture_batch6_sample2_R1.fastq.gz;fasp.sra.ebi.ac.uk:/vol1/run/ERR147/ERR14789064/capture_batch6_sample2_R2.fastq.gz	2508535;2027270
ERR14789065	SAMEA7428267	Cote d'Ivoire	2017-11-21	DTU_2017_523_1_MG_CI_BO_219	ftp.sra.ebi.ac.uk/vol1/fastq/ERR147/065/ERR14789065/ERR14789065_1.fastq.gz;ftp.sra.ebi.ac.uk/vol1/fastq/ERR147/065/ERR14789065/ERR14789065_2.fastq.gz	wastewater metagenome	fasp.sra.ebi.ac.uk:/vol1/run/ERR147/ERR14789065/capture_batch6_sample3_R1.fastq.gz;fasp.sra.ebi.ac.uk:/vol1/run/ERR147/ERR14789065/capture_batch6_sample3_R2.fastq.gz	413243;338440
ERR14789068	SAMEA7428348	Finland	2017-11-22	DTU_2017_610_1_MG_FI_HE_306	ftp.sra.ebi.ac.uk/vol1/fastq/ERR147/068/ERR14789068/ERR14789068_1.fastq.gz;ftp.sra.ebi.ac.uk/vol1/fastq/ERR147/068/ERR14789068/ERR14789068_2.fastq.gz	wastewater metagenome	fasp.sra.ebi.ac.uk:/vol1/run/ERR147/ERR14789068/capture_batch6_sample6_R1.fastq.gz;fasp.sra.ebi.ac.uk:/vol1/run/ERR147/ERR14789068/capture_batch6_sample6_R2.fastq.gz	13295398;12415918
ERR14789071	SAMEA4777447	Denmark	2017-06-16	DTU2017_MG_18_GL_SI	ftp.sra.ebi.ac.uk/vol1/fastq/ERR147/071/ERR14789071/ERR14789071_1.fastq.gz;ftp.sra.ebi.ac.uk/vol1/fastq/ERR147/071/ERR14789071/ERR14789071_2.fastq.gz	wastewater metagenome	fasp.sra.ebi.ac.uk:/vol1/run/ERR147/ERR14789071/capture_batch6_sample9_R1.fastq.gz;fasp.sra.ebi.ac.uk:/vol1/run/ERR147/ERR14789071/capture_batch6_sample9_R2.fastq.gz	1524162;1454798
ERR14789073	SAMEA7428507	Greenland	2018-06-26	DTU_2018_743_1_MG_GL_SI_440	ftp.sra.ebi.ac.uk/vol1/fastq/ERR147/073/ERR14789073/ERR14789073_1.fastq.gz;ftp.sra.ebi.ac.uk/vol1/fastq/ERR147/073/ERR14789073/ERR14789073_2.fastq.gz	wastewater metagenome	fasp.sra.ebi.ac.uk:/vol1/run/ERR147/ERR14789073/capture_batch6_sample11_R1.fastq.gz;fasp.sra.ebi.ac.uk:/vol1/run/ERR147/ERR14789073/capture_batch6_sample11_R2.fastq.gz	11986620;9632417
ERR14789077	SAMEA7428438	Hungary	2018-06-25	DTU_2018_671_1_MG_HU_BU_359	ftp.sra.ebi.ac.uk/vol1/fastq/ERR147/077/ERR14789077/ERR14789077_1.fastq.gz;ftp.sra.ebi.ac.uk/vol1/fastq/ERR147/077/ERR14789077/ERR14789077_2.fastq.gz	wastewater metagenome	fasp.sra.ebi.ac.uk:/vol1/run/ERR147/ERR14789077/capture_batch6_sample15_R1.fastq.gz;fasp.sra.ebi.ac.uk:/vol1/run/ERR147/ERR14789077/capture_batch6_sample15_R2.fastq.gz	14685431;14074069
ERR14789079	SAMEA117872996	India	2017-07-13	IN-CO-88	ftp.sra.ebi.ac.uk/vol1/fastq/ERR147/079/ERR14789079/ERR14789079_1.fastq.gz;ftp.sra.ebi.ac.uk/vol1/fastq/ERR147/079/ERR14789079/ERR14789079_2.fastq.gz	Stigmatella aurantiaca	fasp.sra.ebi.ac.uk:/vol1/run/ERR147/ERR14789079/capture_batch6_sample17_R1.fastq.gz;fasp.sra.ebi.ac.uk:/vol1/run/ERR147/ERR14789079/capture_batch6_sample17_R2.fastq.gz	8393936;6596459
ERR14789086	SAMEA117872993	Malaysia	2018-12-13	MY-PG-610	ftp.sra.ebi.ac.uk/vol1/fastq/ERR147/086/ERR14789086/ERR14789086_1.fastq.gz;ftp.sra.ebi.ac.uk/vol1/fastq/ERR147/086/ERR14789086/ERR14789086_2.fastq.gz	Stigmatella aurantiaca	fasp.sra.ebi.ac.uk:/vol1/run/ERR147/ERR14789086/capture_batch6_sample24_R1.fastq.gz;fasp.sra.ebi.ac.uk:/vol1/run/ERR147/ERR14789086/capture_batch6_sample24_R2.fastq.gz	14329305;13321984
ERR14789089	SAMEA7428417	Sweden	2018-06-15	DTU_2018_650_1_MG_SE_GO_338	ftp.sra.ebi.ac.uk/vol1/fastq/ERR147/089/ERR14789089/ERR14789089_1.fastq.gz;ftp.sra.ebi.ac.uk/vol1/fastq/ERR147/089/ERR14789089/ERR14789089_2.fastq.gz	wastewater metagenome	fasp.sra.ebi.ac.uk:/vol1/run/ERR147/ERR14789089/capture_batch6_sample27_R1.fastq.gz;fasp.sra.ebi.ac.uk:/vol1/run/ERR147/ERR14789089/capture_batch6_sample27_R2.fastq.gz	5247378;5000717
ERR14789096	SAMEA7428272	Slovakia	2017-11-21	DTU_2017_528_1_MG_SK_BR_224	ftp.sra.ebi.ac.uk/vol1/fastq/ERR147/096/ERR14789096/ERR14789096_1.fastq.gz;ftp.sra.ebi.ac.uk/vol1/fastq/ERR147/096/ERR14789096/ERR14789096_2.fastq.gz	wastewater metagenome	fasp.sra.ebi.ac.uk:/vol1/run/ERR147/ERR14789096/capture_batch6_sample34_R1.fastq.gz;fasp.sra.ebi.ac.uk:/vol1/run/ERR147/ERR14789096/capture_batch6_sample34_R2.fastq.gz	21105057;20128655
ERR14789099	SAMEA4777530	Taiwan	2017-06-06	DTU2017_MG_93_TW_TA	ftp.sra.ebi.ac.uk/vol1/fastq/ERR147/099/ERR14789099/ERR14789099_1.fastq.gz;ftp.sra.ebi.ac.uk/vol1/fastq/ERR147/099/ERR14789099/ERR14789099_2.fastq.gz	wastewater metagenome	fasp.sra.ebi.ac.uk:/vol1/run/ERR147/ERR14789099/capture_batch6_sample37_R1.fastq.gz;fasp.sra.ebi.ac.uk:/vol1/run/ERR147/ERR14789099/capture_batch6_sample37_R2.fastq.gz	11053206;8758726
ERR14789102	SAMEA7426316	Taiwan	2018-12-19	DTU_2018_861_1_MG_TW_TA_545	ftp.sra.ebi.ac.uk/vol1/fastq/ERR147/002/ERR14789102/ERR14789102_1.fastq.gz;ftp.sra.ebi.ac.uk/vol1/fastq/ERR147/002/ERR14789102/ERR14789102_2.fastq.gz	wastewater metagenome	fasp.sra.ebi.ac.uk:/vol1/run/ERR147/ERR14789102/capture_batch6_sample40_R1.fastq.gz;fasp.sra.ebi.ac.uk:/vol1/run/ERR147/ERR14789102/capture_batch6_sample40_R2.fastq.gz	18587790;17100365
ERR14789103	SAMEA4777417	Uganda	2017-06-19	DTU2017_MG_143_UG_KA	ftp.sra.ebi.ac.uk/vol1/fastq/ERR147/003/ERR14789103/ERR14789103_1.fastq.gz;ftp.sra.ebi.ac.uk/vol1/fastq/ERR147/003/ERR14789103/ERR14789103_2.fastq.gz	wastewater metagenome	fasp.sra.ebi.ac.uk:/vol1/run/ERR147/ERR14789103/capture_batch6_sample41_R1.fastq.gz;fasp.sra.ebi.ac.uk:/vol1/run/ERR147/ERR14789103/capture_batch6_sample41_R2.fastq.gz	6702172;5583899
ERR14789105	SAMEA7428487	Uganda	2018-07-18	DTU_2018_723_1_MG_UG_KA_420	ftp.sra.ebi.ac.uk/vol1/fastq/ERR147/005/ERR14789105/ERR14789105_1.fastq.gz;ftp.sra.ebi.ac.uk/vol1/fastq/ERR147/005/ERR14789105/ERR14789105_2.fastq.gz	wastewater metagenome	fasp.sra.ebi.ac.uk:/vol1/run/ERR147/ERR14789105/capture_batch6_sample43_R1.fastq.gz;fasp.sra.ebi.ac.uk:/vol1/run/ERR147/ERR14789105/capture_batch6_sample43_R2.fastq.gz	4173294;3351479
ERR14789106	SAMEA7426311	Uganda	2019-01-10	DTU_2018_856_1_MG_UG_KA_540	ftp.sra.ebi.ac.uk/vol1/fastq/ERR147/006/ERR14789106/ERR14789106_1.fastq.gz;ftp.sra.ebi.ac.uk/vol1/fastq/ERR147/006/ERR14789106/ERR14789106_2.fastq.gz	wastewater metagenome	fasp.sra.ebi.ac.uk:/vol1/run/ERR147/ERR14789106/capture_batch6_sample44_R1.fastq.gz;fasp.sra.ebi.ac.uk:/vol1/run/ERR147/ERR14789106/capture_batch6_sample44_R2.fastq.gz	18665875;17761604
ERR14789109	SAMEA7428525	USA	2018-09-12	DTU_2018_764_1_MG_US_CH_461	ftp.sra.ebi.ac.uk/vol1/fastq/ERR147/009/ERR14789109/ERR14789109_1.fastq.gz;ftp.sra.ebi.ac.uk/vol1/fastq/ERR147/009/ERR14789109/ERR14789109_2.fastq.gz	wastewater metagenome	fasp.sra.ebi.ac.uk:/vol1/run/ERR147/ERR14789109/capture_batch6_sample47_R1.fastq.gz;fasp.sra.ebi.ac.uk:/vol1/run/ERR147/ERR14789109/capture_batch6_sample47_R2.fastq.gz	5613742;5285673
ERR14789112	SAMEA13189739	Canada	2018-09-28	DTU_2018_1013575_1_MG_CA1809_L79	ftp.sra.ebi.ac.uk/vol1/fastq/ERR147/012/ERR14789112/ERR14789112_1.fastq.gz;ftp.sra.ebi.ac.uk/vol1/fastq/ERR147/012/ERR14789112/ERR14789112_2.fastq.gz	wastewater metagenome	fasp.sra.ebi.ac.uk:/vol1/run/ERR147/ERR14789112/capture_batch6_sample50_R1.fastq.gz;fasp.sra.ebi.ac.uk:/vol1/run/ERR147/ERR14789112/capture_batch6_sample50_R2.fastq.gz	1192507;1037217
ERR14789113	SAMEA4777526	Cote d'Ivoire	2017-06-13	DTU2017_MG_8_CI_AB	ftp.sra.ebi.ac.uk/vol1/fastq/ERR147/013/ERR14789113/ERR14789113_1.fastq.gz;ftp.sra.ebi.ac.uk/vol1/fastq/ERR147/013/ERR14789113/ERR14789113_2.fastq.gz	wastewater metagenome	fasp.sra.ebi.ac.uk:/vol1/run/ERR147/ERR14789113/capture_batch7_sample1_R1.fastq.gz;fasp.sra.ebi.ac.uk:/vol1/run/ERR147/ERR14789113/capture_batch7_sample1_R2.fastq.gz	2131801;1740105
ERR14789117	SAMEA7426372	Denmark	2018-11-18	DTU_2018_917_1_MG_DK_VA_602	ftp.sra.ebi.ac.uk/vol1/fastq/ERR147/017/ERR14789117/ERR14789117_1.fastq.gz;ftp.sra.ebi.ac.uk/vol1/fastq/ERR147/017/ERR14789117/ERR14789117_2.fastq.gz	wastewater metagenome	fasp.sra.ebi.ac.uk:/vol1/run/ERR147/ERR14789117/capture_batch7_sample5_R1.fastq.gz;fasp.sra.ebi.ac.uk:/vol1/run/ERR147/ERR14789117/capture_batch7_sample5_R2.fastq.gz	2194957;1743508
ERR14789118	SAMEA7428369	Denmark	2017-11-18	DTU_2017_631_1_MG_DK_VA_327	ftp.sra.ebi.ac.uk/vol1/fastq/ERR147/018/ERR14789118/ERR14789118_1.fastq.gz;ftp.sra.ebi.ac.uk/vol1/fastq/ERR147/018/ERR14789118/ERR14789118_2.fastq.gz	wastewater metagenome	fasp.sra.ebi.ac.uk:/vol1/run/ERR147/ERR14789118/capture_batch7_sample6_R1.fastq.gz;fasp.sra.ebi.ac.uk:/vol1/run/ERR147/ERR14789118/capture_batch7_sample6_R2.fastq.gz	2540995;1955449
ERR14789119	SAMEA4777471	Spain	2017-06-08	DTU2017_MG_3_ES_BA	ftp.sra.ebi.ac.uk/vol1/fastq/ERR147/019/ERR14789119/ERR14789119_1.fastq.gz;ftp.sra.ebi.ac.uk/vol1/fastq/ERR147/019/ERR14789119/ERR14789119_2.fastq.gz	wastewater metagenome	fasp.sra.ebi.ac.uk:/vol1/run/ERR147/ERR14789119/capture_batch7_sample7_R1.fastq.gz;fasp.sra.ebi.ac.uk:/vol1/run/ERR147/ERR14789119/capture_batch7_sample7_R2.fastq.gz	3916563;3499334
ERR14789120	SAMEA7428271	Spain	2017-11-30	DTU_2017_527_1_MG_ES_BA_223	ftp.sra.ebi.ac.uk/vol1/fastq/ERR147/020/ERR14789120/ERR14789120_1.fastq.gz;ftp.sra.ebi.ac.uk/vol1/fastq/ERR147/020/ERR14789120/ERR14789120_2.fastq.gz	wastewater metagenome	fasp.sra.ebi.ac.uk:/vol1/run/ERR147/ERR14789120/capture_batch7_sample8_R1.fastq.gz;fasp.sra.ebi.ac.uk:/vol1/run/ERR147/ERR14789120/capture_batch7_sample8_R2.fastq.gz	4988714;3804063
ERR14789122	SAMEA7428339	Israel	2017-12-06	DTU_2017_601_1_MG_IL_BE_297	ftp.sra.ebi.ac.uk/vol1/fastq/ERR147/022/ERR14789122/ERR14789122_1.fastq.gz;ftp.sra.ebi.ac.uk/vol1/fastq/ERR147/022/ERR14789122/ERR14789122_2.fastq.gz	wastewater metagenome	fasp.sra.ebi.ac.uk:/vol1/run/ERR147/ERR14789122/capture_batch7_sample10_R1.fastq.gz;fasp.sra.ebi.ac.uk:/vol1/run/ERR147/ERR14789122/capture_batch7_sample10_R2.fastq.gz	21699419;19640000
ERR14789126	SAMEA7428314	South Korea	2017-11-20	DTU_2017_576_1_MG_KR_GW_272	ftp.sra.ebi.ac.uk/vol1/fastq/ERR147/026/ERR14789126/ERR14789126_1.fastq.gz;ftp.sra.ebi.ac.uk/vol1/fastq/ERR147/026/ERR14789126/ERR14789126_2.fastq.gz	wastewater metagenome	fasp.sra.ebi.ac.uk:/vol1/run/ERR147/ERR14789126/capture_batch7_sample14_R1.fastq.gz;fasp.sra.ebi.ac.uk:/vol1/run/ERR147/ERR14789126/capture_batch7_sample14_R2.fastq.gz	16841028;15467956
ERR14789135	SAMEA7426341	Nigeria	2018-11-29	DTU_2018_886_1_MG_NG_IL_573	ftp.sra.ebi.ac.uk/vol1/fastq/ERR147/035/ERR14789135/ERR14789135_1.fastq.gz;ftp.sra.ebi.ac.uk/vol1/fastq/ERR147/035/ERR14789135/ERR14789135_2.fastq.gz	wastewater metagenome	fasp.sra.ebi.ac.uk:/vol1/run/ERR147/ERR14789135/capture_batch7_sample23_R1.fastq.gz;fasp.sra.ebi.ac.uk:/vol1/run/ERR147/ERR14789135/capture_batch7_sample23_R2.fastq.gz	4637493;3953189
ERR14789140	SAMEA7426368	Serbia	2019-01-14	DTU_2018_913_1_MG_RS_BE_598	ftp.sra.ebi.ac.uk/vol1/fastq/ERR147/040/ERR14789140/ERR14789140_1.fastq.gz;ftp.sra.ebi.ac.uk/vol1/fastq/ERR147/040/ERR14789140/ERR14789140_2.fastq.gz	wastewater metagenome	fasp.sra.ebi.ac.uk:/vol1/run/ERR147/ERR14789140/capture_batch7_sample28_R1.fastq.gz;fasp.sra.ebi.ac.uk:/vol1/run/ERR147/ERR14789140/capture_batch7_sample28_R2.fastq.gz	3056042;2433953
ERR14789141	SAMEA4777484	Senegal	2017-06-15	DTU2017_MG_51_SN_DA	ftp.sra.ebi.ac.uk/vol1/fastq/ERR147/041/ERR14789141/ERR14789141_1.fastq.gz;ftp.sra.ebi.ac.uk/vol1/fastq/ERR147/041/ERR14789141/ERR14789141_2.fastq.gz	wastewater metagenome	fasp.sra.ebi.ac.uk:/vol1/run/ERR147/ERR14789141/capture_batch7_sample29_R1.fastq.gz;fasp.sra.ebi.ac.uk:/vol1/run/ERR147/ERR14789141/capture_batch7_sample29_R2.fastq.gz	8296083;6590332
ERR14789143	SAMEA7428539	Senegal	2018	DTU_2018_782_1_MG_SN_DA_479	ftp.sra.ebi.ac.uk/vol1/fastq/ERR147/043/ERR14789143/ERR14789143_1.fastq.gz;ftp.sra.ebi.ac.uk/vol1/fastq/ERR147/043/ERR14789143/ERR14789143_2.fastq.gz	wastewater metagenome	fasp.sra.ebi.ac.uk:/vol1/run/ERR147/ERR14789143/capture_batch7_sample31_R1.fastq.gz;fasp.sra.ebi.ac.uk:/vol1/run/ERR147/ERR14789143/capture_batch7_sample31_R2.fastq.gz	3706446;2912658
ERR14789144	SAMEA7426346	Senegal	2019-01-17	DTU_2018_891_1_MG_SN_DA_578	ftp.sra.ebi.ac.uk/vol1/fastq/ERR147/044/ERR14789144/ERR14789144_1.fastq.gz;ftp.sra.ebi.ac.uk/vol1/fastq/ERR147/044/ERR14789144/ERR14789144_2.fastq.gz	wastewater metagenome	fasp.sra.ebi.ac.uk:/vol1/run/ERR147/ERR14789144/capture_batch7_sample32_R1.fastq.gz;fasp.sra.ebi.ac.uk:/vol1/run/ERR147/ERR14789144/capture_batch7_sample32_R2.fastq.gz	18513923;16433840
ERR14789147	SAMEA7428437	Togo	2018-06-23	DTU_2018_670_1_MG_TG_LO_358	ftp.sra.ebi.ac.uk/vol1/fastq/ERR147/047/ERR14789147/ERR14789147_1.fastq.gz;ftp.sra.ebi.ac.uk/vol1/fastq/ERR147/047/ERR14789147/ERR14789147_2.fastq.gz	wastewater metagenome	fasp.sra.ebi.ac.uk:/vol1/run/ERR147/ERR14789147/capture_batch7_sample35_R1.fastq.gz;fasp.sra.ebi.ac.uk:/vol1/run/ERR147/ERR14789147/capture_batch7_sample35_R2.fastq.gz	15790367;13373912
ERR14789152	SAMEA7426287	Thailand	2018-12-07	DTU_2018_829_1_MG_TH_PA_513	ftp.sra.ebi.ac.uk/vol1/fastq/ERR147/052/ERR14789152/ERR14789152_1.fastq.gz;ftp.sra.ebi.ac.uk/vol1/fastq/ERR147/052/ERR14789152/ERR14789152_2.fastq.gz	wastewater metagenome	fasp.sra.ebi.ac.uk:/vol1/run/ERR147/ERR14789152/capture_batch7_sample40_R1.fastq.gz;fasp.sra.ebi.ac.uk:/vol1/run/ERR147/ERR14789152/capture_batch7_sample40_R2.fastq.gz	2399663;2147222
ERR14789156	SAMEA7426298	Tanzania	2018-11-28	DTU_2018_840_1_MG_TZ_MW_524	ftp.sra.ebi.ac.uk/vol1/fastq/ERR147/056/ERR14789156/ERR14789156_1.fastq.gz;ftp.sra.ebi.ac.uk/vol1/fastq/ERR147/056/ERR14789156/ERR14789156_2.fastq.gz	wastewater metagenome	fasp.sra.ebi.ac.uk:/vol1/run/ERR147/ERR14789156/capture_batch7_sample44_R1.fastq.gz;fasp.sra.ebi.ac.uk:/vol1/run/ERR147/ERR14789156/capture_batch7_sample44_R2.fastq.gz	23021055;20803251
ERR14789161	SAMEA7428521	Australia	2018-07-10	DTU_2018_759_1_MG_AU_MA_456	ftp.sra.ebi.ac.uk/vol1/fastq/ERR147/061/ERR14789161/ERR14789161_1.fastq.gz;ftp.sra.ebi.ac.uk/vol1/fastq/ERR147/061/ERR14789161/ERR14789161_2.fastq.gz	wastewater metagenome	fasp.sra.ebi.ac.uk:/vol1/run/ERR147/ERR14789161/non-capture_batch1_sample3_R1.fastq.gz;fasp.sra.ebi.ac.uk:/vol1/run/ERR147/ERR14789161/non-capture_batch1_sample3_R2.fastq.gz	9352820;6763988
ERR14789169	SAMEA7428484	Canada	2018-07-09	DTU_2018_720_1_MG_CA_OT_417	ftp.sra.ebi.ac.uk/vol1/fastq/ERR147/069/ERR14789169/ERR14789169_1.fastq.gz;ftp.sra.ebi.ac.uk/vol1/fastq/ERR147/069/ERR14789169/ERR14789169_2.fastq.gz	wastewater metagenome	fasp.sra.ebi.ac.uk:/vol1/run/ERR147/ERR14789169/non-capture_batch1_sample11_R1.fastq.gz;fasp.sra.ebi.ac.uk:/vol1/run/ERR147/ERR14789169/non-capture_batch1_sample11_R2.fastq.gz	30823571;24222125
ERR14789176	SAMEA13189746	China	2018-05-11	DTU_2018_1013582_1_MG_CN1805_L86	ftp.sra.ebi.ac.uk/vol1/fastq/ERR147/076/ERR14789176/ERR14789176_1.fastq.gz;ftp.sra.ebi.ac.uk/vol1/fastq/ERR147/076/ERR14789176/ERR14789176_2.fastq.gz	wastewater metagenome	fasp.sra.ebi.ac.uk:/vol1/run/ERR147/ERR14789176/non-capture_batch1_sample18_R1.fastq.gz;fasp.sra.ebi.ac.uk:/vol1/run/ERR147/ERR14789176/non-capture_batch1_sample18_R2.fastq.gz	31567424;26378380
ERR14789181	SAMEA7428372	China	2017-12-21	DTU_2017_634_1_MG_CN_GU_330	ftp.sra.ebi.ac.uk/vol1/fastq/ERR147/081/ERR14789181/ERR14789181_1.fastq.gz;ftp.sra.ebi.ac.uk/vol1/fastq/ERR147/081/ERR14789181/ERR14789181_2.fastq.gz	wastewater metagenome	fasp.sra.ebi.ac.uk:/vol1/run/ERR147/ERR14789181/non-capture_batch1_sample23_R1.fastq.gz;fasp.sra.ebi.ac.uk:/vol1/run/ERR147/ERR14789181/non-capture_batch1_sample23_R2.fastq.gz	25170747;20835843
ERR14789187	SAMEA13189712	China	2017-12-21	DTU_2017_1013548_1_MG_CN1712_L46	ftp.sra.ebi.ac.uk/vol1/fastq/ERR147/087/ERR14789187/ERR14789187_1.fastq.gz;ftp.sra.ebi.ac.uk/vol1/fastq/ERR147/087/ERR14789187/ERR14789187_2.fastq.gz	wastewater metagenome	fasp.sra.ebi.ac.uk:/vol1/run/ERR147/ERR14789187/non-capture_batch1_sample29_R1.fastq.gz;fasp.sra.ebi.ac.uk:/vol1/run/ERR147/ERR14789187/non-capture_batch1_sample29_R2.fastq.gz	48148513;41053167
ERR14789189	SAMEA13189714	China	2018-02-08	DTU_2018_1013550_1_MG_CN1802_L48	ftp.sra.ebi.ac.uk/vol1/fastq/ERR147/089/ERR14789189/ERR14789189_1.fastq.gz;ftp.sra.ebi.ac.uk/vol1/fastq/ERR147/089/ERR14789189/ERR14789189_2.fastq.gz	wastewater metagenome	fasp.sra.ebi.ac.uk:/vol1/run/ERR147/ERR14789189/non-capture_batch1_sample31_R1.fastq.gz;fasp.sra.ebi.ac.uk:/vol1/run/ERR147/ERR14789189/non-capture_batch1_sample31_R2.fastq.gz	40011143;34535852
ERR14789191	SAMEA4777473	France	2017-06-19	DTU2017_MG_41_FR_NA	ftp.sra.ebi.ac.uk/vol1/fastq/ERR147/091/ERR14789191/ERR14789191_1.fastq.gz;ftp.sra.ebi.ac.uk/vol1/fastq/ERR147/091/ERR14789191/ERR14789191_2.fastq.gz	wastewater metagenome	fasp.sra.ebi.ac.uk:/vol1/run/ERR147/ERR14789191/non-capture_batch1_sample33_R1.fastq.gz;fasp.sra.ebi.ac.uk:/vol1/run/ERR147/ERR14789191/non-capture_batch1_sample33_R2.fastq.gz	60277599;53596180
ERR14789192	SAMEA7428254	France	2017-11-20	DTU_2017_506_1_MG_FR_NA_202	ftp.sra.ebi.ac.uk/vol1/fastq/ERR147/092/ERR14789192/ERR14789192_1.fastq.gz;ftp.sra.ebi.ac.uk/vol1/fastq/ERR147/092/ERR14789192/ERR14789192_2.fastq.gz	wastewater metagenome	fasp.sra.ebi.ac.uk:/vol1/run/ERR147/ERR14789192/non-capture_batch1_sample34_R1.fastq.gz;fasp.sra.ebi.ac.uk:/vol1/run/ERR147/ERR14789192/non-capture_batch1_sample34_R2.fastq.gz	60582749;53620372
ERR14789193	SAMEA7428430	France	2018-06-11	DTU_2018_663_1_MG_FR_NA_351	ftp.sra.ebi.ac.uk/vol1/fastq/ERR147/093/ERR14789193/ERR14789193_1.fastq.gz;ftp.sra.ebi.ac.uk/vol1/fastq/ERR147/093/ERR14789193/ERR14789193_2.fastq.gz	wastewater metagenome	fasp.sra.ebi.ac.uk:/vol1/run/ERR147/ERR14789193/non-capture_batch1_sample35_R1.fastq.gz;fasp.sra.ebi.ac.uk:/vol1/run/ERR147/ERR14789193/non-capture_batch1_sample35_R2.fastq.gz	37725341;32827353
ERR14789194	SAMEA7426265	France	2018-11-08	DTU_2018_806_1_MG_FR_NA_490	ftp.sra.ebi.ac.uk/vol1/fastq/ERR147/094/ERR14789194/ERR14789194_1.fastq.gz;ftp.sra.ebi.ac.uk/vol1/fastq/ERR147/094/ERR14789194/ERR14789194_2.fastq.gz	wastewater metagenome	fasp.sra.ebi.ac.uk:/vol1/run/ERR147/ERR14789194/non-capture_batch1_sample36_R1.fastq.gz;fasp.sra.ebi.ac.uk:/vol1/run/ERR147/ERR14789194/non-capture_batch1_sample36_R2.fastq.gz	38836015;34210597
ERR14789196	SAMEA7428243	Cambodia	2017-11-20	DTU_2017_495_1_MG_KH_PP_191	ftp.sra.ebi.ac.uk/vol1/fastq/ERR147/096/ERR14789196/ERR14789196_1.fastq.gz;ftp.sra.ebi.ac.uk/vol1/fastq/ERR147/096/ERR14789196/ERR14789196_2.fastq.gz	wastewater metagenome	fasp.sra.ebi.ac.uk:/vol1/run/ERR147/ERR14789196/non-capture_batch1_sample38_R1.fastq.gz;fasp.sra.ebi.ac.uk:/vol1/run/ERR147/ERR14789196/non-capture_batch1_sample38_R2.fastq.gz	22345930;18231265
ERR14789207	SAMEA7428478	Barbados	2018-07-05	DTU_2018_713_1_MG_BB_BR_410	ftp.sra.ebi.ac.uk/vol1/fastq/ERR147/007/ERR14789207/ERR14789207_1.fastq.gz;ftp.sra.ebi.ac.uk/vol1/fastq/ERR147/007/ERR14789207/ERR14789207_2.fastq.gz	wastewater metagenome	fasp.sra.ebi.ac.uk:/vol1/run/ERR147/ERR14789207/non-capture_batch2_sample1_R1.fastq.gz;fasp.sra.ebi.ac.uk:/vol1/run/ERR147/ERR14789207/non-capture_batch2_sample1_R2.fastq.gz	39853944;28383469
ERR14789211	SAMEA4777411	Canada	2017-06-13	DTU2017_MG_138_CA_CA	ftp.sra.ebi.ac.uk/vol1/fastq/ERR147/011/ERR14789211/ERR14789211_1.fastq.gz;ftp.sra.ebi.ac.uk/vol1/fastq/ERR147/011/ERR14789211/ERR14789211_2.fastq.gz	wastewater metagenome	fasp.sra.ebi.ac.uk:/vol1/run/ERR147/ERR14789211/non-capture_batch2_sample5_R1.fastq.gz;fasp.sra.ebi.ac.uk:/vol1/run/ERR147/ERR14789211/non-capture_batch2_sample5_R2.fastq.gz	15543447;10488480
ERR14789215	SAMEA4777491	Czech Republic	2017-06-13	DTU2017_MG_58_CZ_PR	ftp.sra.ebi.ac.uk/vol1/fastq/ERR147/015/ERR14789215/ERR14789215_1.fastq.gz;ftp.sra.ebi.ac.uk/vol1/fastq/ERR147/015/ERR14789215/ERR14789215_2.fastq.gz	wastewater metagenome	fasp.sra.ebi.ac.uk:/vol1/run/ERR147/ERR14789215/non-capture_batch2_sample9_R1.fastq.gz;fasp.sra.ebi.ac.uk:/vol1/run/ERR147/ERR14789215/non-capture_batch2_sample9_R2.fastq.gz	37142206;24398584
ERR14789217	SAMEA7426277	Czech Republic	2018-12-04	DTU_2018_819_1_MG_CZ_PR_503	ftp.sra.ebi.ac.uk/vol1/fastq/ERR147/017/ERR14789217/ERR14789217_1.fastq.gz;ftp.sra.ebi.ac.uk/vol1/fastq/ERR147/017/ERR14789217/ERR14789217_2.fastq.gz	wastewater metagenome	fasp.sra.ebi.ac.uk:/vol1/run/ERR147/ERR14789217/non-capture_batch2_sample11_R1.fastq.gz;fasp.sra.ebi.ac.uk:/vol1/run/ERR147/ERR14789217/non-capture_batch2_sample11_R2.fastq.gz	14689090;9997244
ERR14789218	SAMEA4777510	Germany	2017-06-14	DTU2017_MG_75_DE_BE	ftp.sra.ebi.ac.uk/vol1/fastq/ERR147/018/ERR14789218/ERR14789218_1.fastq.gz;ftp.sra.ebi.ac.uk/vol1/fastq/ERR147/018/ERR14789218/ERR14789218_2.fastq.gz	wastewater metagenome	fasp.sra.ebi.ac.uk:/vol1/run/ERR147/ERR14789218/non-capture_batch2_sample12_R1.fastq.gz;fasp.sra.ebi.ac.uk:/vol1/run/ERR147/ERR14789218/non-capture_batch2_sample12_R2.fastq.gz	26596699;18472877
ERR14789219	SAMEA7428282	Germany	2017-11-28	DTU_2017_538_1_MG_DE_BE_234	ftp.sra.ebi.ac.uk/vol1/fastq/ERR147/019/ERR14789219/ERR14789219_1.fastq.gz;ftp.sra.ebi.ac.uk/vol1/fastq/ERR147/019/ERR14789219/ERR14789219_2.fastq.gz	wastewater metagenome	fasp.sra.ebi.ac.uk:/vol1/run/ERR147/ERR14789219/non-capture_batch2_sample13_R1.fastq.gz;fasp.sra.ebi.ac.uk:/vol1/run/ERR147/ERR14789219/non-capture_batch2_sample13_R2.fastq.gz	29244452;19919420
ERR14789220	SAMEA7428524	Germany	2018-07-04	DTU_2018_763_1_MG_DE_BE_460	ftp.sra.ebi.ac.uk/vol1/fastq/ERR147/020/ERR14789220/ERR14789220_1.fastq.gz;ftp.sra.ebi.ac.uk/vol1/fastq/ERR147/020/ERR14789220/ERR14789220_2.fastq.gz	wastewater metagenome	fasp.sra.ebi.ac.uk:/vol1/run/ERR147/ERR14789220/non-capture_batch2_sample14_R1.fastq.gz;fasp.sra.ebi.ac.uk:/vol1/run/ERR147/ERR14789220/non-capture_batch2_sample14_R2.fastq.gz	49855106;38270376
ERR14789222	SAMEA4777504	United Kingdom	2017-06-09	DTU2017_MG_6_GB_CA	ftp.sra.ebi.ac.uk/vol1/fastq/ERR147/022/ERR14789222/ERR14789222_1.fastq.gz;ftp.sra.ebi.ac.uk/vol1/fastq/ERR147/022/ERR14789222/ERR14789222_2.fastq.gz	wastewater metagenome	fasp.sra.ebi.ac.uk:/vol1/run/ERR147/ERR14789222/non-capture_batch2_sample16_R1.fastq.gz;fasp.sra.ebi.ac.uk:/vol1/run/ERR147/ERR14789222/non-capture_batch2_sample16_R2.fastq.gz	27562200;19590104
ERR14789223	SAMEA7428289	United Kingdom	2017-11-28	DTU_2017_545_1_MG_GB_CA_241	ftp.sra.ebi.ac.uk/vol1/fastq/ERR147/023/ERR14789223/ERR14789223_1.fastq.gz;ftp.sra.ebi.ac.uk/vol1/fastq/ERR147/023/ERR14789223/ERR14789223_2.fastq.gz	wastewater metagenome	fasp.sra.ebi.ac.uk:/vol1/run/ERR147/ERR14789223/non-capture_batch2_sample17_R1.fastq.gz;fasp.sra.ebi.ac.uk:/vol1/run/ERR147/ERR14789223/non-capture_batch2_sample17_R2.fastq.gz	49045022;37414293
ERR14789225	SAMEA7426268	United Kingdom	2018-11-09	DTU_2018_809_1_MG_GB_CA_493	ftp.sra.ebi.ac.uk/vol1/fastq/ERR147/025/ERR14789225/ERR14789225_1.fastq.gz;ftp.sra.ebi.ac.uk/vol1/fastq/ERR147/025/ERR14789225/ERR14789225_2.fastq.gz	wastewater metagenome	fasp.sra.ebi.ac.uk:/vol1/run/ERR147/ERR14789225/non-capture_batch2_sample19_R1.fastq.gz;fasp.sra.ebi.ac.uk:/vol1/run/ERR147/ERR14789225/non-capture_batch2_sample19_R2.fastq.gz	12257876;8547320
ERR14789226	SAMEA4777399	Croatia	2017-06-07	DTU2017_MG_127_HR_ZA	ftp.sra.ebi.ac.uk/vol1/fastq/ERR147/026/ERR14789226/ERR14789226_1.fastq.gz;ftp.sra.ebi.ac.uk/vol1/fastq/ERR147/026/ERR14789226/ERR14789226_2.fastq.gz	wastewater metagenome	fasp.sra.ebi.ac.uk:/vol1/run/ERR147/ERR14789226/non-capture_batch2_sample20_R1.fastq.gz;fasp.sra.ebi.ac.uk:/vol1/run/ERR147/ERR14789226/non-capture_batch2_sample20_R2.fastq.gz	11624441;8050342
ERR14789230	SAMEA4777418	India	2017-06-19	DTU2017_MG_144_IN_MP	ftp.sra.ebi.ac.uk/vol1/fastq/ERR147/030/ERR14789230/ERR14789230_1.fastq.gz;ftp.sra.ebi.ac.uk/vol1/fastq/ERR147/030/ERR14789230/ERR14789230_2.fastq.gz	wastewater metagenome	fasp.sra.ebi.ac.uk:/vol1/run/ERR147/ERR14789230/non-capture_batch2_sample24_R1.fastq.gz;fasp.sra.ebi.ac.uk:/vol1/run/ERR147/ERR14789230/non-capture_batch2_sample24_R2.fastq.gz	9981824;7598710
ERR14789234	SAMEA4777453	Japan	2017-06-12	DTU2017_MG_23_JP_JP	ftp.sra.ebi.ac.uk/vol1/fastq/ERR147/034/ERR14789234/ERR14789234_1.fastq.gz;ftp.sra.ebi.ac.uk/vol1/fastq/ERR147/034/ERR14789234/ERR14789234_2.fastq.gz	wastewater metagenome	fasp.sra.ebi.ac.uk:/vol1/run/ERR147/ERR14789234/non-capture_batch2_sample28_R1.fastq.gz;fasp.sra.ebi.ac.uk:/vol1/run/ERR147/ERR14789234/non-capture_batch2_sample28_R2.fastq.gz	12445049;8298347
ERR14789246	SAMEA4777402	Malaysia	2017-06-16	DTU2017_MG_12_MY_KG	ftp.sra.ebi.ac.uk/vol1/fastq/ERR147/046/ERR14789246/ERR14789246_1.fastq.gz;ftp.sra.ebi.ac.uk/vol1/fastq/ERR147/046/ERR14789246/ERR14789246_2.fastq.gz	wastewater metagenome	fasp.sra.ebi.ac.uk:/vol1/run/ERR147/ERR14789246/non-capture_batch2_sample40_R1.fastq.gz;fasp.sra.ebi.ac.uk:/vol1/run/ERR147/ERR14789246/non-capture_batch2_sample40_R2.fastq.gz	9306784;6310059
ERR14789253	SAMEA7426363	Nigeria	2018-12-18	DTU_2018_908_1_MG_NG_LA_593	ftp.sra.ebi.ac.uk/vol1/fastq/ERR147/053/ERR14789253/ERR14789253_1.fastq.gz;ftp.sra.ebi.ac.uk/vol1/fastq/ERR147/053/ERR14789253/ERR14789253_2.fastq.gz	wastewater metagenome	fasp.sra.ebi.ac.uk:/vol1/run/ERR147/ERR14789253/non-capture_batch2_sample47_R1.fastq.gz;fasp.sra.ebi.ac.uk:/vol1/run/ERR147/ERR14789253/non-capture_batch2_sample47_R2.fastq.gz	16765836;10621031
ERR14789254	SAMEA117873023	Netherlands	2021	NEG-CTRL-2	ftp.sra.ebi.ac.uk/vol1/fastq/ERR147/054/ERR14789254/ERR14789254_1.fastq.gz;ftp.sra.ebi.ac.uk/vol1/fastq/ERR147/054/ERR14789254/ERR14789254_2.fastq.gz	Stigmatella aurantiaca	fasp.sra.ebi.ac.uk:/vol1/run/ERR147/ERR14789254/non-capture_batch2_sample48_R1.fastq.gz;fasp.sra.ebi.ac.uk:/vol1/run/ERR147/ERR14789254/non-capture_batch2_sample48_R2.fastq.gz	5392781;3488760
ERR14789263	SAMEA13189671	Australia	2017-08-16	DTU_2017_1013507_1_MG_AU1708_L2	ftp.sra.ebi.ac.uk/vol1/fastq/ERR147/063/ERR14789263/ERR14789263_1.fastq.gz;ftp.sra.ebi.ac.uk/vol1/fastq/ERR147/063/ERR14789263/ERR14789263_2.fastq.gz	wastewater metagenome	fasp.sra.ebi.ac.uk:/vol1/run/ERR147/ERR14789263/non-capture_batch3_sample9_R1.fastq.gz;fasp.sra.ebi.ac.uk:/vol1/run/ERR147/ERR14789263/non-capture_batch3_sample9_R2.fastq.gz	11091233;9113037
ERR14789267	SAMEA13189710	Australia	2018-01-23	DTU_2018_1013546_1_MG_AU1801_L44	ftp.sra.ebi.ac.uk/vol1/fastq/ERR147/067/ERR14789267/ERR14789267_1.fastq.gz;ftp.sra.ebi.ac.uk/vol1/fastq/ERR147/067/ERR14789267/ERR14789267_2.fastq.gz	wastewater metagenome	fasp.sra.ebi.ac.uk:/vol1/run/ERR147/ERR14789267/non-capture_batch3_sample13_R1.fastq.gz;fasp.sra.ebi.ac.uk:/vol1/run/ERR147/ERR14789267/non-capture_batch3_sample13_R2.fastq.gz	33132377;30647277
ERR14789275	SAMEA7428327	Bangladesh	2017-11-25	DTU_2017_589_1_MG_BD_DH_285	ftp.sra.ebi.ac.uk/vol1/fastq/ERR147/075/ERR14789275/ERR14789275_1.fastq.gz;ftp.sra.ebi.ac.uk/vol1/fastq/ERR147/075/ERR14789275/ERR14789275_2.fastq.gz	wastewater metagenome	fasp.sra.ebi.ac.uk:/vol1/run/ERR147/ERR14789275/non-capture_batch3_sample21_R1.fastq.gz;fasp.sra.ebi.ac.uk:/vol1/run/ERR147/ERR14789275/non-capture_batch3_sample21_R2.fastq.gz	12187599;10826206
ERR14789276	SAMEA7428511	Bangladesh	2018-07-03	DTU_2018_749_1_MG_BD_DH_446	ftp.sra.ebi.ac.uk/vol1/fastq/ERR147/076/ERR14789276/ERR14789276_1.fastq.gz;ftp.sra.ebi.ac.uk/vol1/fastq/ERR147/076/ERR14789276/ERR14789276_2.fastq.gz	wastewater metagenome	fasp.sra.ebi.ac.uk:/vol1/run/ERR147/ERR14789276/non-capture_batch3_sample22_R1.fastq.gz;fasp.sra.ebi.ac.uk:/vol1/run/ERR147/ERR14789276/non-capture_batch3_sample22_R2.fastq.gz	34482655;27981882
ERR14789277	SAMEA7426329	Bangladesh	2018-12-31	DTU_2018_874_1_MG_BD_DH_558	ftp.sra.ebi.ac.uk/vol1/fastq/ERR147/077/ERR14789277/ERR14789277_1.fastq.gz;ftp.sra.ebi.ac.uk/vol1/fastq/ERR147/077/ERR14789277/ERR14789277_2.fastq.gz	wastewater metagenome	fasp.sra.ebi.ac.uk:/vol1/run/ERR147/ERR14789277/non-capture_batch3_sample23_R1.fastq.gz;fasp.sra.ebi.ac.uk:/vol1/run/ERR147/ERR14789277/non-capture_batch3_sample23_R2.fastq.gz	88865;81890
ERR14789279	SAMEA7428343	Canada	2017-11-19	DTU_2017_605_1_MG_CA_VA_301	ftp.sra.ebi.ac.uk/vol1/fastq/ERR147/079/ERR14789279/ERR14789279_1.fastq.gz;ftp.sra.ebi.ac.uk/vol1/fastq/ERR147/079/ERR14789279/ERR14789279_2.fastq.gz	wastewater metagenome	fasp.sra.ebi.ac.uk:/vol1/run/ERR147/ERR14789279/non-capture_batch3_sample25_R1.fastq.gz;fasp.sra.ebi.ac.uk:/vol1/run/ERR147/ERR14789279/non-capture_batch3_sample25_R2.fastq.gz	8975879;7271945
ERR14789280	SAMEA7428485	Canada	2018-07-13	DTU_2018_721_1_MG_CA_VA_418	ftp.sra.ebi.ac.uk/vol1/fastq/ERR147/080/ERR14789280/ERR14789280_1.fastq.gz;ftp.sra.ebi.ac.uk/vol1/fastq/ERR147/080/ERR14789280/ERR14789280_2.fastq.gz	wastewater metagenome	fasp.sra.ebi.ac.uk:/vol1/run/ERR147/ERR14789280/non-capture_batch3_sample26_R1.fastq.gz;fasp.sra.ebi.ac.uk:/vol1/run/ERR147/ERR14789280/non-capture_batch3_sample26_R2.fastq.gz	31459308;28944898
ERR14789287	SAMEA13189692	Cameroon	2017-08-18	DTU_2017_1013528_1_MG_CM1708_L26	ftp.sra.ebi.ac.uk/vol1/fastq/ERR147/087/ERR14789287/ERR14789287_1.fastq.gz;ftp.sra.ebi.ac.uk/vol1/fastq/ERR147/087/ERR14789287/ERR14789287_2.fastq.gz	wastewater metagenome	fasp.sra.ebi.ac.uk:/vol1/run/ERR147/ERR14789287/non-capture_batch3_sample33_R1.fastq.gz;fasp.sra.ebi.ac.uk:/vol1/run/ERR147/ERR14789287/non-capture_batch3_sample33_R2.fastq.gz	31245837;29443699
ERR14789289	SAMEA13189688	Cameroon	2017-10-23	DTU_2017_1013524_1_MG_CM1710_L22	ftp.sra.ebi.ac.uk/vol1/fastq/ERR147/089/ERR14789289/ERR14789289_1.fastq.gz;ftp.sra.ebi.ac.uk/vol1/fastq/ERR147/089/ERR14789289/ERR14789289_2.fastq.gz	wastewater metagenome	fasp.sra.ebi.ac.uk:/vol1/run/ERR147/ERR14789289/non-capture_batch3_sample35_R1.fastq.gz;fasp.sra.ebi.ac.uk:/vol1/run/ERR147/ERR14789289/non-capture_batch3_sample35_R2.fastq.gz	23980276;22487121
ERR14789290	SAMEA13189689	Cameroon	2017-12-20	DTU_2017_1013525_1_MG_CM1712_L23	ftp.sra.ebi.ac.uk/vol1/fastq/ERR147/090/ERR14789290/ERR14789290_1.fastq.gz;ftp.sra.ebi.ac.uk/vol1/fastq/ERR147/090/ERR14789290/ERR14789290_2.fastq.gz	wastewater metagenome	fasp.sra.ebi.ac.uk:/vol1/run/ERR147/ERR14789290/non-capture_batch3_sample36_R1.fastq.gz;fasp.sra.ebi.ac.uk:/vol1/run/ERR147/ERR14789290/non-capture_batch3_sample36_R2.fastq.gz	29661917;28112427
ERR14789293	SAMEA13189753	Cameroon	2018-03-18	DTU_2018_1013589_1_MG_CM1803_L99	ftp.sra.ebi.ac.uk/vol1/fastq/ERR147/093/ERR14789293/ERR14789293_1.fastq.gz;ftp.sra.ebi.ac.uk/vol1/fastq/ERR147/093/ERR14789293/ERR14789293_2.fastq.gz	wastewater metagenome	fasp.sra.ebi.ac.uk:/vol1/run/ERR147/ERR14789293/non-capture_batch3_sample39_R1.fastq.gz;fasp.sra.ebi.ac.uk:/vol1/run/ERR147/ERR14789293/non-capture_batch3_sample39_R2.fastq.gz	20241760;18533385
ERR14789294	SAMEA13189750	Cameroon	2018-04-03	DTU_2018_1013586_1_MG_CM1804_L96	ftp.sra.ebi.ac.uk/vol1/fastq/ERR147/094/ERR14789294/ERR14789294_1.fastq.gz;ftp.sra.ebi.ac.uk/vol1/fastq/ERR147/094/ERR14789294/ERR14789294_2.fastq.gz	wastewater metagenome	fasp.sra.ebi.ac.uk:/vol1/run/ERR147/ERR14789294/non-capture_batch3_sample40_R1.fastq.gz;fasp.sra.ebi.ac.uk:/vol1/run/ERR147/ERR14789294/non-capture_batch3_sample40_R2.fastq.gz	17532050;16715630
ERR14789295	SAMEA117873020	Cameroon	2018-05-22	CM1805	ftp.sra.ebi.ac.uk/vol1/fastq/ERR147/095/ERR14789295/ERR14789295_1.fastq.gz;ftp.sra.ebi.ac.uk/vol1/fastq/ERR147/095/ERR14789295/ERR14789295_2.fastq.gz	Stigmatella aurantiaca	fasp.sra.ebi.ac.uk:/vol1/run/ERR147/ERR14789295/non-capture_batch3_sample41_R1.fastq.gz;fasp.sra.ebi.ac.uk:/vol1/run/ERR147/ERR14789295/non-capture_batch3_sample41_R2.fastq.gz	41433344;37515911
ERR14789298	SAMEA4777460	Portugal	2017-06-06	DTU2017_MG_2_PT_LI	ftp.sra.ebi.ac.uk/vol1/fastq/ERR147/098/ERR14789298/ERR14789298_1.fastq.gz;ftp.sra.ebi.ac.uk/vol1/fastq/ERR147/098/ERR14789298/ERR14789298_2.fastq.gz	wastewater metagenome	fasp.sra.ebi.ac.uk:/vol1/run/ERR147/ERR14789298/non-capture_batch3_sample44_R1.fastq.gz;fasp.sra.ebi.ac.uk:/vol1/run/ERR147/ERR14789298/non-capture_batch3_sample44_R2.fastq.gz	32357885;30761334
ERR14789299	SAMEA7428242	Portugal	2017-11-22	DTU_2017_494_1_MG_PT_LI_190	ftp.sra.ebi.ac.uk/vol1/fastq/ERR147/099/ERR14789299/ERR14789299_1.fastq.gz;ftp.sra.ebi.ac.uk/vol1/fastq/ERR147/099/ERR14789299/ERR14789299_2.fastq.gz	wastewater metagenome	fasp.sra.ebi.ac.uk:/vol1/run/ERR147/ERR14789299/non-capture_batch3_sample45_R1.fastq.gz;fasp.sra.ebi.ac.uk:/vol1/run/ERR147/ERR14789299/non-capture_batch3_sample45_R2.fastq.gz	32675185;31235553
ERR14789301	SAMEA7426284	Portugal	2018-12-11	DTU_2018_826_1_MG_PT_LI_510	ftp.sra.ebi.ac.uk/vol1/fastq/ERR147/001/ERR14789301/ERR14789301_1.fastq.gz;ftp.sra.ebi.ac.uk/vol1/fastq/ERR147/001/ERR14789301/ERR14789301_2.fastq.gz	wastewater metagenome	fasp.sra.ebi.ac.uk:/vol1/run/ERR147/ERR14789301/non-capture_batch3_sample47_R1.fastq.gz;fasp.sra.ebi.ac.uk:/vol1/run/ERR147/ERR14789301/non-capture_batch3_sample47_R2.fastq.gz	14429935;13861526
ERR14789306	SAMEA7426330	Australia	2018-12-18	DTU_2018_875_1_MG_AU_DD_559	ftp.sra.ebi.ac.uk/vol1/fastq/ERR147/006/ERR14789306/ERR14789306_1.fastq.gz;ftp.sra.ebi.ac.uk/vol1/fastq/ERR147/006/ERR14789306/ERR14789306_2.fastq.gz	wastewater metagenome	fasp.sra.ebi.ac.uk:/vol1/run/ERR147/ERR14789306/non-capture_batch4_sample4_R1.fastq.gz;fasp.sra.ebi.ac.uk:/vol1/run/ERR147/ERR14789306/non-capture_batch4_sample4_R2.fastq.gz	25242401;22570000
ERR14789307	SAMEA4777391	Malaysia	2017-06-15	DTU2017_MG_11_MY_KL	ftp.sra.ebi.ac.uk/vol1/fastq/ERR147/007/ERR14789307/ERR14789307_1.fastq.gz;ftp.sra.ebi.ac.uk/vol1/fastq/ERR147/007/ERR14789307/ERR14789307_2.fastq.gz	wastewater metagenome	fasp.sra.ebi.ac.uk:/vol1/run/ERR147/ERR14789307/non-capture_batch4_sample5_R1.fastq.gz;fasp.sra.ebi.ac.uk:/vol1/run/ERR147/ERR14789307/non-capture_batch4_sample5_R2.fastq.gz	18445336;14731328
ERR14789312	SAMEA13189677	Malaysia	2017-08-15	DTU_2017_1013513_1_MG_MY1708_L9	ftp.sra.ebi.ac.uk/vol1/fastq/ERR147/012/ERR14789312/ERR14789312_1.fastq.gz;ftp.sra.ebi.ac.uk/vol1/fastq/ERR147/012/ERR14789312/ERR14789312_2.fastq.gz	wastewater metagenome	fasp.sra.ebi.ac.uk:/vol1/run/ERR147/ERR14789312/non-capture_batch4_sample10_R1.fastq.gz;fasp.sra.ebi.ac.uk:/vol1/run/ERR147/ERR14789312/non-capture_batch4_sample10_R2.fastq.gz	20892060;17817092
ERR14789315	SAMEA13189700	Malaysia	2017-11-04	DTU_2017_1013536_1_MG_MY1711_L34	ftp.sra.ebi.ac.uk/vol1/fastq/ERR147/015/ERR14789315/ERR14789315_1.fastq.gz;ftp.sra.ebi.ac.uk/vol1/fastq/ERR147/015/ERR14789315/ERR14789315_2.fastq.gz	wastewater metagenome	fasp.sra.ebi.ac.uk:/vol1/run/ERR147/ERR14789315/non-capture_batch4_sample13_R1.fastq.gz;fasp.sra.ebi.ac.uk:/vol1/run/ERR147/ERR14789315/non-capture_batch4_sample13_R2.fastq.gz	20109369;16820141
ERR14789318	SAMEA13189699	Malaysia	2018-01-06	DTU_2018_1013535_1_MG_MY1802_L33	ftp.sra.ebi.ac.uk/vol1/fastq/ERR147/018/ERR14789318/ERR14789318_1.fastq.gz;ftp.sra.ebi.ac.uk/vol1/fastq/ERR147/018/ERR14789318/ERR14789318_2.fastq.gz	wastewater metagenome	fasp.sra.ebi.ac.uk:/vol1/run/ERR147/ERR14789318/non-capture_batch4_sample16_R1.fastq.gz;fasp.sra.ebi.ac.uk:/vol1/run/ERR147/ERR14789318/non-capture_batch4_sample16_R2.fastq.gz	19142017;14999814
ERR14789326	SAMEA117873009	Denmark	2017-10-01	RD-304	ftp.sra.ebi.ac.uk/vol1/fastq/ERR147/026/ERR14789326/ERR14789326_1.fastq.gz;ftp.sra.ebi.ac.uk/vol1/fastq/ERR147/026/ERR14789326/ERR14789326_2.fastq.gz	Stigmatella aurantiaca	fasp.sra.ebi.ac.uk:/vol1/run/ERR147/ERR14789326/non-capture_batch4_sample24_R1.fastq.gz;fasp.sra.ebi.ac.uk:/vol1/run/ERR147/ERR14789326/non-capture_batch4_sample24_R2.fastq.gz	52766478;47638392
ERR14789333	SAMEA117873016	Denmark	2018-11-02	RD-462	ftp.sra.ebi.ac.uk/vol1/fastq/ERR147/033/ERR14789333/ERR14789333_1.fastq.gz;ftp.sra.ebi.ac.uk/vol1/fastq/ERR147/033/ERR14789333/ERR14789333_2.fastq.gz	Stigmatella aurantiaca	fasp.sra.ebi.ac.uk:/vol1/run/ERR147/ERR14789333/non-capture_batch4_sample31_R1.fastq.gz;fasp.sra.ebi.ac.uk:/vol1/run/ERR147/ERR14789333/non-capture_batch4_sample31_R2.fastq.gz	24929968;19942495
ERR14789337	SAMEA7428514	USA	2018-06-20	DTU_2018_752_1_MG_US_SE_2_449	ftp.sra.ebi.ac.uk/vol1/fastq/ERR147/037/ERR14789337/ERR14789337_1.fastq.gz;ftp.sra.ebi.ac.uk/vol1/fastq/ERR147/037/ERR14789337/ERR14789337_2.fastq.gz	wastewater metagenome	fasp.sra.ebi.ac.uk:/vol1/run/ERR147/ERR14789337/non-capture_batch4_sample35_R1.fastq.gz;fasp.sra.ebi.ac.uk:/vol1/run/ERR147/ERR14789337/non-capture_batch4_sample35_R2.fastq.gz	46845562;42370353
ERR14789338	SAMEA13189694	USA	2017-09-28	DTU_2017_1013530_1_MG_US1709_L28	ftp.sra.ebi.ac.uk/vol1/fastq/ERR147/038/ERR14789338/ERR14789338_1.fastq.gz;ftp.sra.ebi.ac.uk/vol1/fastq/ERR147/038/ERR14789338/ERR14789338_2.fastq.gz	wastewater metagenome	fasp.sra.ebi.ac.uk:/vol1/run/ERR147/ERR14789338/non-capture_batch4_sample36_R1.fastq.gz;fasp.sra.ebi.ac.uk:/vol1/run/ERR147/ERR14789338/non-capture_batch4_sample36_R2.fastq.gz	54768395;50179382
ERR14789340	SAMEA13189696	USA	2017-01-12	DTU_2017_1013532_1_MG_US1712_L30	ftp.sra.ebi.ac.uk/vol1/fastq/ERR147/040/ERR14789340/ERR14789340_1.fastq.gz;ftp.sra.ebi.ac.uk/vol1/fastq/ERR147/040/ERR14789340/ERR14789340_2.fastq.gz	wastewater metagenome	fasp.sra.ebi.ac.uk:/vol1/run/ERR147/ERR14789340/non-capture_batch4_sample38_R1.fastq.gz;fasp.sra.ebi.ac.uk:/vol1/run/ERR147/ERR14789340/non-capture_batch4_sample38_R2.fastq.gz	33464823;29934097
ERR14789341	SAMEA13189716	USA	2017-12-20	DTU_2017_1013552_1_MG_US1712_L54	ftp.sra.ebi.ac.uk/vol1/fastq/ERR147/041/ERR14789341/ERR14789341_1.fastq.gz;ftp.sra.ebi.ac.uk/vol1/fastq/ERR147/041/ERR14789341/ERR14789341_2.fastq.gz	wastewater metagenome	fasp.sra.ebi.ac.uk:/vol1/run/ERR147/ERR14789341/non-capture_batch4_sample39_R1.fastq.gz;fasp.sra.ebi.ac.uk:/vol1/run/ERR147/ERR14789341/non-capture_batch4_sample39_R2.fastq.gz	21469098;16922566
ERR14789344	SAMEA13189719	USA	2018-03-29	DTU_2018_1013555_1_MG_US1803_L57	ftp.sra.ebi.ac.uk/vol1/fastq/ERR147/044/ERR14789344/ERR14789344_1.fastq.gz;ftp.sra.ebi.ac.uk/vol1/fastq/ERR147/044/ERR14789344/ERR14789344_2.fastq.gz	wastewater metagenome	fasp.sra.ebi.ac.uk:/vol1/run/ERR147/ERR14789344/non-capture_batch4_sample42_R1.fastq.gz;fasp.sra.ebi.ac.uk:/vol1/run/ERR147/ERR14789344/non-capture_batch4_sample42_R2.fastq.gz	48916651;46845908
ERR14789346	SAMEA13189727	USA	2018-05-13	DTU_2018_1013563_1_MG_US1805_L67	ftp.sra.ebi.ac.uk/vol1/fastq/ERR147/046/ERR14789346/ERR14789346_1.fastq.gz;ftp.sra.ebi.ac.uk/vol1/fastq/ERR147/046/ERR14789346/ERR14789346_2.fastq.gz	wastewater metagenome	fasp.sra.ebi.ac.uk:/vol1/run/ERR147/ERR14789346/non-capture_batch4_sample44_R1.fastq.gz;fasp.sra.ebi.ac.uk:/vol1/run/ERR147/ERR14789346/non-capture_batch4_sample44_R2.fastq.gz	57625539;53742319
ERR14789352	SAMEA4777438	Morocco	2017-07-17	DTU2017_MG_162_MA_CA	ftp.sra.ebi.ac.uk/vol1/fastq/ERR147/052/ERR14789352/ERR14789352_1.fastq.gz;ftp.sra.ebi.ac.uk/vol1/fastq/ERR147/052/ERR14789352/ERR14789352_2.fastq.gz	wastewater metagenome	fasp.sra.ebi.ac.uk:/vol1/run/ERR147/ERR14789352/non-capture_batch4_sample50_R1.fastq.gz;fasp.sra.ebi.ac.uk:/vol1/run/ERR147/ERR14789352/non-capture_batch4_sample50_R2.fastq.gz	10002999;8141355
ERR14789355	SAMEA7428473	Canada	2018-07-10	DTU_2018_708_1_MG_CA_RE_396	ftp.sra.ebi.ac.uk/vol1/fastq/ERR147/055/ERR14789355/ERR14789355_1.fastq.gz;ftp.sra.ebi.ac.uk/vol1/fastq/ERR147/055/ERR14789355/ERR14789355_2.fastq.gz	wastewater metagenome	fasp.sra.ebi.ac.uk:/vol1/run/ERR147/ERR14789355/non-capture_batch5_sample3_R1.fastq.gz;fasp.sra.ebi.ac.uk:/vol1/run/ERR147/ERR14789355/non-capture_batch5_sample3_R2.fastq.gz	46343768;41848463
ERR14789356	SAMEA7426358	Canada	2018-12-19	DTU_2018_903_1_MG_CA_RE_588	ftp.sra.ebi.ac.uk/vol1/fastq/ERR147/056/ERR14789356/ERR14789356_1.fastq.gz;ftp.sra.ebi.ac.uk/vol1/fastq/ERR147/056/ERR14789356/ERR14789356_2.fastq.gz	wastewater metagenome	fasp.sra.ebi.ac.uk:/vol1/run/ERR147/ERR14789356/non-capture_batch5_sample4_R1.fastq.gz;fasp.sra.ebi.ac.uk:/vol1/run/ERR147/ERR14789356/non-capture_batch5_sample4_R2.fastq.gz	26081353;23821121
ERR14789360	SAMEA13189704	Canada	2017-10-25	DTU_2017_1013540_1_MG_CA1710_L38	ftp.sra.ebi.ac.uk/vol1/fastq/ERR147/060/ERR14789360/ERR14789360_1.fastq.gz;ftp.sra.ebi.ac.uk/vol1/fastq/ERR147/060/ERR14789360/ERR14789360_2.fastq.gz	wastewater metagenome	fasp.sra.ebi.ac.uk:/vol1/run/ERR147/ERR14789360/non-capture_batch5_sample8_R1.fastq.gz;fasp.sra.ebi.ac.uk:/vol1/run/ERR147/ERR14789360/non-capture_batch5_sample8_R2.fastq.gz	39812264;36036784
ERR14789361	SAMEA13189708	Canada	2017-12-19	DTU_2017_1013544_1_MG_CA1712_L42	ftp.sra.ebi.ac.uk/vol1/fastq/ERR147/061/ERR14789361/ERR14789361_1.fastq.gz;ftp.sra.ebi.ac.uk/vol1/fastq/ERR147/061/ERR14789361/ERR14789361_2.fastq.gz	wastewater metagenome	fasp.sra.ebi.ac.uk:/vol1/run/ERR147/ERR14789361/non-capture_batch5_sample9_R1.fastq.gz;fasp.sra.ebi.ac.uk:/vol1/run/ERR147/ERR14789361/non-capture_batch5_sample9_R2.fastq.gz	19773634;18600274
ERR14789363	SAMEA13189735	Canada	2018-04-01	DTU_2018_1013571_1_MG_CA1804_L75	ftp.sra.ebi.ac.uk/vol1/fastq/ERR147/063/ERR14789363/ERR14789363_1.fastq.gz;ftp.sra.ebi.ac.uk/vol1/fastq/ERR147/063/ERR14789363/ERR14789363_2.fastq.gz	wastewater metagenome	fasp.sra.ebi.ac.uk:/vol1/run/ERR147/ERR14789363/non-capture_batch5_sample11_R1.fastq.gz;fasp.sra.ebi.ac.uk:/vol1/run/ERR147/ERR14789363/non-capture_batch5_sample11_R2.fastq.gz	40204510;36697321
ERR14789365	SAMEA13189737	Canada	2018-07-30	DTU_2018_1013573_1_MG_CA1807_L77	ftp.sra.ebi.ac.uk/vol1/fastq/ERR147/065/ERR14789365/ERR14789365_1.fastq.gz;ftp.sra.ebi.ac.uk/vol1/fastq/ERR147/065/ERR14789365/ERR14789365_2.fastq.gz	wastewater metagenome	fasp.sra.ebi.ac.uk:/vol1/run/ERR147/ERR14789365/non-capture_batch5_sample13_R1.fastq.gz;fasp.sra.ebi.ac.uk:/vol1/run/ERR147/ERR14789365/non-capture_batch5_sample13_R2.fastq.gz	46693946;42494231
ERR14789367	SAMEA13189739	Canada	2018-09-28	DTU_2018_1013575_1_MG_CA1809_L79	ftp.sra.ebi.ac.uk/vol1/fastq/ERR147/067/ERR14789367/ERR14789367_1.fastq.gz;ftp.sra.ebi.ac.uk/vol1/fastq/ERR147/067/ERR14789367/ERR14789367_2.fastq.gz	wastewater metagenome	fasp.sra.ebi.ac.uk:/vol1/run/ERR147/ERR14789367/non-capture_batch5_sample15_R1.fastq.gz;fasp.sra.ebi.ac.uk:/vol1/run/ERR147/ERR14789367/non-capture_batch5_sample15_R2.fastq.gz	53817861;48664618
ERR14789370	SAMEA13189742	Ecuador	2018-05-25	DTU_2018_1013578_1_MG_EC1805_L82	ftp.sra.ebi.ac.uk/vol1/fastq/ERR147/070/ERR14789370/ERR14789370_1.fastq.gz;ftp.sra.ebi.ac.uk/vol1/fastq/ERR147/070/ERR14789370/ERR14789370_2.fastq.gz	wastewater metagenome	fasp.sra.ebi.ac.uk:/vol1/run/ERR147/ERR14789370/non-capture_batch5_sample18_R1.fastq.gz;fasp.sra.ebi.ac.uk:/vol1/run/ERR147/ERR14789370/non-capture_batch5_sample18_R2.fastq.gz	22291217;20333507
ERR14789373	SAMEA117872999	Ecuador	2018-09-26	EC-1809	ftp.sra.ebi.ac.uk/vol1/fastq/ERR147/073/ERR14789373/ERR14789373_1.fastq.gz;ftp.sra.ebi.ac.uk/vol1/fastq/ERR147/073/ERR14789373/ERR14789373_2.fastq.gz	Stigmatella aurantiaca	fasp.sra.ebi.ac.uk:/vol1/run/ERR147/ERR14789373/non-capture_batch5_sample21_R1.fastq.gz;fasp.sra.ebi.ac.uk:/vol1/run/ERR147/ERR14789373/non-capture_batch5_sample21_R2.fastq.gz	19848214;18381990
ERR14789379	SAMEA7428480	Ecuador	2018-06-28	DTU_2018_716_1_MG_EC_QU_413	ftp.sra.ebi.ac.uk/vol1/fastq/ERR147/079/ERR14789379/ERR14789379_1.fastq.gz;ftp.sra.ebi.ac.uk/vol1/fastq/ERR147/079/ERR14789379/ERR14789379_2.fastq.gz	wastewater metagenome	fasp.sra.ebi.ac.uk:/vol1/run/ERR147/ERR14789379/non-capture_batch5_sample27_R1.fastq.gz;fasp.sra.ebi.ac.uk:/vol1/run/ERR147/ERR14789379/non-capture_batch5_sample27_R2.fastq.gz	30899713;28748345
ERR14789380	SAMEA13189705	Ecuador	2017-12-23	DTU_2017_1013541_1_MG_EC1712_L39	ftp.sra.ebi.ac.uk/vol1/fastq/ERR147/080/ERR14789380/ERR14789380_1.fastq.gz;ftp.sra.ebi.ac.uk/vol1/fastq/ERR147/080/ERR14789380/ERR14789380_2.fastq.gz	wastewater metagenome	fasp.sra.ebi.ac.uk:/vol1/run/ERR147/ERR14789380/non-capture_batch5_sample28_R1.fastq.gz;fasp.sra.ebi.ac.uk:/vol1/run/ERR147/ERR14789380/non-capture_batch5_sample28_R2.fastq.gz	20783619;19817404
ERR14789382	SAMEA13189707	Ecuador	2018-02-28	DTU_2018_1013543_1_MG_EC1802_L41	ftp.sra.ebi.ac.uk/vol1/fastq/ERR147/082/ERR14789382/ERR14789382_1.fastq.gz;ftp.sra.ebi.ac.uk/vol1/fastq/ERR147/082/ERR14789382/ERR14789382_2.fastq.gz	wastewater metagenome	fasp.sra.ebi.ac.uk:/vol1/run/ERR147/ERR14789382/non-capture_batch5_sample30_R1.fastq.gz;fasp.sra.ebi.ac.uk:/vol1/run/ERR147/ERR14789382/non-capture_batch5_sample30_R2.fastq.gz	18572601;16966528
ERR14789384	SAMEA7428505	Finland	2018-06-20	DTU_2018_741_1_MG_FI_OU_438	ftp.sra.ebi.ac.uk/vol1/fastq/ERR147/084/ERR14789384/ERR14789384_1.fastq.gz;ftp.sra.ebi.ac.uk/vol1/fastq/ERR147/084/ERR14789384/ERR14789384_2.fastq.gz	wastewater metagenome	fasp.sra.ebi.ac.uk:/vol1/run/ERR147/ERR14789384/non-capture_batch5_sample32_R1.fastq.gz;fasp.sra.ebi.ac.uk:/vol1/run/ERR147/ERR14789384/non-capture_batch5_sample32_R2.fastq.gz	57021699;50560426
ERR14789385	SAMEA7426352	Finland	2018-11-01	DTU_2018_897_1_MG_FI_OU_584	ftp.sra.ebi.ac.uk/vol1/fastq/ERR147/085/ERR14789385/ERR14789385_1.fastq.gz;ftp.sra.ebi.ac.uk/vol1/fastq/ERR147/085/ERR14789385/ERR14789385_2.fastq.gz	wastewater metagenome	fasp.sra.ebi.ac.uk:/vol1/run/ERR147/ERR14789385/non-capture_batch5_sample33_R1.fastq.gz;fasp.sra.ebi.ac.uk:/vol1/run/ERR147/ERR14789385/non-capture_batch5_sample33_R2.fastq.gz	37028927;33239137
ERR14789389	SAMEA7426283	Greece	2018-12-07	DTU_2018_825_1_MG_GR_AT_509	ftp.sra.ebi.ac.uk/vol1/fastq/ERR147/089/ERR14789389/ERR14789389_1.fastq.gz;ftp.sra.ebi.ac.uk/vol1/fastq/ERR147/089/ERR14789389/ERR14789389_2.fastq.gz	wastewater metagenome	fasp.sra.ebi.ac.uk:/vol1/run/ERR147/ERR14789389/non-capture_batch5_sample37_R1.fastq.gz;fasp.sra.ebi.ac.uk:/vol1/run/ERR147/ERR14789389/non-capture_batch5_sample37_R2.fastq.gz	29831109;26603482
ERR14789397	SAMEA7426370	New Zealand	2018-12-17	DTU_2018_915_1_MG_NZ_CH_600	ftp.sra.ebi.ac.uk/vol1/fastq/ERR147/097/ERR14789397/ERR14789397_1.fastq.gz;ftp.sra.ebi.ac.uk/vol1/fastq/ERR147/097/ERR14789397/ERR14789397_2.fastq.gz	wastewater metagenome	fasp.sra.ebi.ac.uk:/vol1/run/ERR147/ERR14789397/non-capture_batch5_sample45_R1.fastq.gz;fasp.sra.ebi.ac.uk:/vol1/run/ERR147/ERR14789397/non-capture_batch5_sample45_R2.fastq.gz	11257792;10558510
ERR14789400	SAMEA7426366	Singapore	2019-01-16	DTU_2018_911_1_MG_SG_JU_596	ftp.sra.ebi.ac.uk/vol1/fastq/ERR147/000/ERR14789400/ERR14789400_1.fastq.gz;ftp.sra.ebi.ac.uk/vol1/fastq/ERR147/000/ERR14789400/ERR14789400_2.fastq.gz	wastewater metagenome	fasp.sra.ebi.ac.uk:/vol1/run/ERR147/ERR14789400/non-capture_batch5_sample48_R1.fastq.gz;fasp.sra.ebi.ac.uk:/vol1/run/ERR147/ERR14789400/non-capture_batch5_sample48_R2.fastq.gz	29149718;26266210
ERR14789401	SAMEA13189739	Canada	2018-09-28	DTU_2018_1013575_1_MG_CA1809_L79	ftp.sra.ebi.ac.uk/vol1/fastq/ERR147/001/ERR14789401/ERR14789401_1.fastq.gz;ftp.sra.ebi.ac.uk/vol1/fastq/ERR147/001/ERR14789401/ERR14789401_2.fastq.gz	wastewater metagenome	fasp.sra.ebi.ac.uk:/vol1/run/ERR147/ERR14789401/non-capture_batch5_sample49_R1.fastq.gz;fasp.sra.ebi.ac.uk:/vol1/run/ERR147/ERR14789401/non-capture_batch5_sample49_R2.fastq.gz	49604304;44693969
ERR14789403	SAMEA7428483	Cote d'Ivoire	2018-07-06	DTU_2018_719_1_MG_CI_BO_416	ftp.sra.ebi.ac.uk/vol1/fastq/ERR147/003/ERR14789403/ERR14789403_1.fastq.gz;ftp.sra.ebi.ac.uk/vol1/fastq/ERR147/003/ERR14789403/ERR14789403_2.fastq.gz	wastewater metagenome	fasp.sra.ebi.ac.uk:/vol1/run/ERR147/ERR14789403/non-capture_batch6_sample1_R1.fastq.gz;fasp.sra.ebi.ac.uk:/vol1/run/ERR147/ERR14789403/non-capture_batch6_sample1_R2.fastq.gz	28214396;24629393
ERR14789404	SAMEA7426299	Cote d'Ivoire	2018-12-17	DTU_2018_844_1_MG_CI_BO_528	ftp.sra.ebi.ac.uk/vol1/fastq/ERR147/004/ERR14789404/ERR14789404_1.fastq.gz;ftp.sra.ebi.ac.uk/vol1/fastq/ERR147/004/ERR14789404/ERR14789404_2.fastq.gz	wastewater metagenome	fasp.sra.ebi.ac.uk:/vol1/run/ERR147/ERR14789404/non-capture_batch6_sample2_R1.fastq.gz;fasp.sra.ebi.ac.uk:/vol1/run/ERR147/ERR14789404/non-capture_batch6_sample2_R2.fastq.gz	17601554;13958432
ERR14789407	SAMEA4777490	Finland	2017-06-06	DTU2017_MG_57_FI_HE	ftp.sra.ebi.ac.uk/vol1/fastq/ERR147/007/ERR14789407/ERR14789407_1.fastq.gz;ftp.sra.ebi.ac.uk/vol1/fastq/ERR147/007/ERR14789407/ERR14789407_2.fastq.gz	wastewater metagenome	fasp.sra.ebi.ac.uk:/vol1/run/ERR147/ERR14789407/non-capture_batch6_sample5_R1.fastq.gz;fasp.sra.ebi.ac.uk:/vol1/run/ERR147/ERR14789407/non-capture_batch6_sample5_R2.fastq.gz	52893841;48218081
ERR14789409	SAMEA7428504	Finland	2018-06-20	DTU_2018_740_1_MG_FI_HE_437	ftp.sra.ebi.ac.uk/vol1/fastq/ERR147/009/ERR14789409/ERR14789409_1.fastq.gz;ftp.sra.ebi.ac.uk/vol1/fastq/ERR147/009/ERR14789409/ERR14789409_2.fastq.gz	wastewater metagenome	fasp.sra.ebi.ac.uk:/vol1/run/ERR147/ERR14789409/non-capture_batch6_sample7_R1.fastq.gz;fasp.sra.ebi.ac.uk:/vol1/run/ERR147/ERR14789409/non-capture_batch6_sample7_R2.fastq.gz	36871965;32710056
ERR14789410	SAMEA7426355	Finland	2018-11-13	DTU_2018_900_1_MG_FI_HE_586	ftp.sra.ebi.ac.uk/vol1/fastq/ERR147/010/ERR14789410/ERR14789410_1.fastq.gz;ftp.sra.ebi.ac.uk/vol1/fastq/ERR147/010/ERR14789410/ERR14789410_2.fastq.gz	wastewater metagenome	fasp.sra.ebi.ac.uk:/vol1/run/ERR147/ERR14789410/non-capture_batch6_sample8_R1.fastq.gz;fasp.sra.ebi.ac.uk:/vol1/run/ERR147/ERR14789410/non-capture_batch6_sample8_R2.fastq.gz	42643482;37869213
ERR14789412	SAMEA7428286	Greenland	2017-11-30	DTU_2017_542_1_MG_GL_SI_238	ftp.sra.ebi.ac.uk/vol1/fastq/ERR147/012/ERR14789412/ERR14789412_1.fastq.gz;ftp.sra.ebi.ac.uk/vol1/fastq/ERR147/012/ERR14789412/ERR14789412_2.fastq.gz	wastewater metagenome	fasp.sra.ebi.ac.uk:/vol1/run/ERR147/ERR14789412/non-capture_batch6_sample10_R1.fastq.gz;fasp.sra.ebi.ac.uk:/vol1/run/ERR147/ERR14789412/non-capture_batch6_sample10_R2.fastq.gz	42784936;37641871
ERR14789416	SAMEA7428283	Hungary	2017-11-30	DTU_2017_539_1_MG_HU_BU_235	ftp.sra.ebi.ac.uk/vol1/fastq/ERR147/016/ERR14789416/ERR14789416_1.fastq.gz;ftp.sra.ebi.ac.uk/vol1/fastq/ERR147/016/ERR14789416/ERR14789416_2.fastq.gz	wastewater metagenome	fasp.sra.ebi.ac.uk:/vol1/run/ERR147/ERR14789416/non-capture_batch6_sample14_R1.fastq.gz;fasp.sra.ebi.ac.uk:/vol1/run/ERR147/ERR14789416/non-capture_batch6_sample14_R2.fastq.gz	36464061;33165009
ERR14789419	SAMEA117872996	India	2017-07-13	IN-CO-88	ftp.sra.ebi.ac.uk/vol1/fastq/ERR147/019/ERR14789419/ERR14789419_1.fastq.gz;ftp.sra.ebi.ac.uk/vol1/fastq/ERR147/019/ERR14789419/ERR14789419_2.fastq.gz	Stigmatella aurantiaca	fasp.sra.ebi.ac.uk:/vol1/run/ERR147/ERR14789419/non-capture_batch6_sample17_R1.fastq.gz;fasp.sra.ebi.ac.uk:/vol1/run/ERR147/ERR14789419/non-capture_batch6_sample17_R2.fastq.gz	17859675;14359756
ERR14789424	SAMEA4777450	Malaysia	2017-06-08	DTU2017_MG_20_MY_PG	ftp.sra.ebi.ac.uk/vol1/fastq/ERR147/024/ERR14789424/ERR14789424_1.fastq.gz;ftp.sra.ebi.ac.uk/vol1/fastq/ERR147/024/ERR14789424/ERR14789424_2.fastq.gz	wastewater metagenome	fasp.sra.ebi.ac.uk:/vol1/run/ERR147/ERR14789424/non-capture_batch6_sample21_R1.fastq.gz;fasp.sra.ebi.ac.uk:/vol1/run/ERR147/ERR14789424/non-capture_batch6_sample21_R2.fastq.gz	20411449;17397966
ERR14789426	SAMEA117872992	Malaysia	2018-06-27	MY-PG-423	ftp.sra.ebi.ac.uk/vol1/fastq/ERR147/026/ERR14789426/ERR14789426_1.fastq.gz;ftp.sra.ebi.ac.uk/vol1/fastq/ERR147/026/ERR14789426/ERR14789426_2.fastq.gz	Stigmatella aurantiaca	fasp.sra.ebi.ac.uk:/vol1/run/ERR147/ERR14789426/non-capture_batch6_sample23_R1.fastq.gz;fasp.sra.ebi.ac.uk:/vol1/run/ERR147/ERR14789426/non-capture_batch6_sample23_R2.fastq.gz	15772218;13027731
ERR14789430	SAMEA7428417	Sweden	2018-06-15	DTU_2018_650_1_MG_SE_GO_338	ftp.sra.ebi.ac.uk/vol1/fastq/ERR147/030/ERR14789430/ERR14789430_1.fastq.gz;ftp.sra.ebi.ac.uk/vol1/fastq/ERR147/030/ERR14789430/ERR14789430_2.fastq.gz	wastewater metagenome	fasp.sra.ebi.ac.uk:/vol1/run/ERR147/ERR14789430/non-capture_batch6_sample27_R1.fastq.gz;fasp.sra.ebi.ac.uk:/vol1/run/ERR147/ERR14789430/non-capture_batch6_sample27_R2.fastq.gz	45505294;41782649
ERR14789431	SAMEA7426260	Sweden	2018-11-21	DTU_2018_801_1_MG_SE_GO_485	ftp.sra.ebi.ac.uk/vol1/fastq/ERR147/031/ERR14789431/ERR14789431_1.fastq.gz;ftp.sra.ebi.ac.uk/vol1/fastq/ERR147/031/ERR14789431/ERR14789431_2.fastq.gz	wastewater metagenome	fasp.sra.ebi.ac.uk:/vol1/run/ERR147/ERR14789431/non-capture_batch6_sample28_R1.fastq.gz;fasp.sra.ebi.ac.uk:/vol1/run/ERR147/ERR14789431/non-capture_batch6_sample28_R2.fastq.gz	21898744;17324952
ERR14789433	SAMEA7428270	Slovenia	2017-11-30	DTU_2017_526_1_MG_SI_LJ_222	ftp.sra.ebi.ac.uk/vol1/fastq/ERR147/033/ERR14789433/ERR14789433_1.fastq.gz;ftp.sra.ebi.ac.uk/vol1/fastq/ERR147/033/ERR14789433/ERR14789433_2.fastq.gz	wastewater metagenome	fasp.sra.ebi.ac.uk:/vol1/run/ERR147/ERR14789433/non-capture_batch6_sample30_R1.fastq.gz;fasp.sra.ebi.ac.uk:/vol1/run/ERR147/ERR14789433/non-capture_batch6_sample30_R2.fastq.gz	49654380;45196415
ERR14789434	SAMEA7428442	Slovenia	2018-06-20	DTU_2018_675_1_MG_SI_LJ_363	ftp.sra.ebi.ac.uk/vol1/fastq/ERR147/034/ERR14789434/ERR14789434_1.fastq.gz;ftp.sra.ebi.ac.uk/vol1/fastq/ERR147/034/ERR14789434/ERR14789434_2.fastq.gz	wastewater metagenome	fasp.sra.ebi.ac.uk:/vol1/run/ERR147/ERR14789434/non-capture_batch6_sample31_R1.fastq.gz;fasp.sra.ebi.ac.uk:/vol1/run/ERR147/ERR14789434/non-capture_batch6_sample31_R2.fastq.gz	39518492;35857398
ERR14789435	SAMEA7426286	Slovenia	2018-12-11	DTU_2018_828_1_MG_SI_LJ_512	ftp.sra.ebi.ac.uk/vol1/fastq/ERR147/035/ERR14789435/ERR14789435_1.fastq.gz;ftp.sra.ebi.ac.uk/vol1/fastq/ERR147/035/ERR14789435/ERR14789435_2.fastq.gz	wastewater metagenome	fasp.sra.ebi.ac.uk:/vol1/run/ERR147/ERR14789435/non-capture_batch6_sample32_R1.fastq.gz;fasp.sra.ebi.ac.uk:/vol1/run/ERR147/ERR14789435/non-capture_batch6_sample32_R2.fastq.gz	18860405;15244723
ERR14789436	SAMEA4777506	Slovakia	2017-06-22	DTU2017_MG_71_SK_BR	ftp.sra.ebi.ac.uk/vol1/fastq/ERR147/036/ERR14789436/ERR14789436_1.fastq.gz;ftp.sra.ebi.ac.uk/vol1/fastq/ERR147/036/ERR14789436/ERR14789436_2.fastq.gz	wastewater metagenome	fasp.sra.ebi.ac.uk:/vol1/run/ERR147/ERR14789436/non-capture_batch6_sample33_R1.fastq.gz;fasp.sra.ebi.ac.uk:/vol1/run/ERR147/ERR14789436/non-capture_batch6_sample33_R2.fastq.gz	121223736;109916212
ERR14789440	SAMEA4777530	Taiwan	2017-06-06	DTU2017_MG_93_TW_TA	ftp.sra.ebi.ac.uk/vol1/fastq/ERR147/040/ERR14789440/ERR14789440_1.fastq.gz;ftp.sra.ebi.ac.uk/vol1/fastq/ERR147/040/ERR14789440/ERR14789440_2.fastq.gz	wastewater metagenome	fasp.sra.ebi.ac.uk:/vol1/run/ERR147/ERR14789440/non-capture_batch6_sample37_R1.fastq.gz;fasp.sra.ebi.ac.uk:/vol1/run/ERR147/ERR14789440/non-capture_batch6_sample37_R2.fastq.gz	30669014;23910925
ERR14789443	SAMEA7426316	Taiwan	2018-12-19	DTU_2018_861_1_MG_TW_TA_545	ftp.sra.ebi.ac.uk/vol1/fastq/ERR147/043/ERR14789443/ERR14789443_1.fastq.gz;ftp.sra.ebi.ac.uk/vol1/fastq/ERR147/043/ERR14789443/ERR14789443_2.fastq.gz	wastewater metagenome	fasp.sra.ebi.ac.uk:/vol1/run/ERR147/ERR14789443/non-capture_batch6_sample40_R1.fastq.gz;fasp.sra.ebi.ac.uk:/vol1/run/ERR147/ERR14789443/non-capture_batch6_sample40_R2.fastq.gz	21635445;16875446
ERR14789447	SAMEA7426311	Uganda	2019-01-10	DTU_2018_856_1_MG_UG_KA_540	ftp.sra.ebi.ac.uk/vol1/fastq/ERR147/047/ERR14789447/ERR14789447_1.fastq.gz;ftp.sra.ebi.ac.uk/vol1/fastq/ERR147/047/ERR14789447/ERR14789447_2.fastq.gz	wastewater metagenome	fasp.sra.ebi.ac.uk:/vol1/run/ERR147/ERR14789447/non-capture_batch6_sample44_R1.fastq.gz;fasp.sra.ebi.ac.uk:/vol1/run/ERR147/ERR14789447/non-capture_batch6_sample44_R2.fastq.gz	57676642;52909196
ERR14789448	SAMEA4777433	USA	2017-06-20	DTU2017_MG_158_US_CH	ftp.sra.ebi.ac.uk/vol1/fastq/ERR147/048/ERR14789448/ERR14789448_1.fastq.gz;ftp.sra.ebi.ac.uk/vol1/fastq/ERR147/048/ERR14789448/ERR14789448_2.fastq.gz	wastewater metagenome	fasp.sra.ebi.ac.uk:/vol1/run/ERR147/ERR14789448/non-capture_batch6_sample45_R1.fastq.gz;fasp.sra.ebi.ac.uk:/vol1/run/ERR147/ERR14789448/non-capture_batch6_sample45_R2.fastq.gz	20050366;16342597
ERR14789452	SAMEA117873027	Netherlands	2021	NEG-CTRL-6	ftp.sra.ebi.ac.uk/vol1/fastq/ERR147/052/ERR14789452/ERR14789452_1.fastq.gz;ftp.sra.ebi.ac.uk/vol1/fastq/ERR147/052/ERR14789452/ERR14789452_2.fastq.gz	Stigmatella aurantiaca	fasp.sra.ebi.ac.uk:/vol1/run/ERR147/ERR14789452/non-capture_batch6_sample49_R1.fastq.gz;fasp.sra.ebi.ac.uk:/vol1/run/ERR147/ERR14789452/non-capture_batch6_sample49_R2.fastq.gz	15602324;12938102
ERR14789459	SAMEA7428369	Denmark	2017-11-18	DTU_2017_631_1_MG_DK_VA_327	ftp.sra.ebi.ac.uk/vol1/fastq/ERR147/059/ERR14789459/ERR14789459_1.fastq.gz;ftp.sra.ebi.ac.uk/vol1/fastq/ERR147/059/ERR14789459/ERR14789459_2.fastq.gz	wastewater metagenome	fasp.sra.ebi.ac.uk:/vol1/run/ERR147/ERR14789459/non-capture_batch7_sample6_R1.fastq.gz;fasp.sra.ebi.ac.uk:/vol1/run/ERR147/ERR14789459/non-capture_batch7_sample6_R2.fastq.gz	5438284;4688877
ERR14789461	SAMEA7428271	Spain	2017-11-30	DTU_2017_527_1_MG_ES_BA_223	ftp.sra.ebi.ac.uk/vol1/fastq/ERR147/061/ERR14789461/ERR14789461_1.fastq.gz;ftp.sra.ebi.ac.uk/vol1/fastq/ERR147/061/ERR14789461/ERR14789461_2.fastq.gz	wastewater metagenome	fasp.sra.ebi.ac.uk:/vol1/run/ERR147/ERR14789461/non-capture_batch7_sample8_R1.fastq.gz;fasp.sra.ebi.ac.uk:/vol1/run/ERR147/ERR14789461/non-capture_batch7_sample8_R2.fastq.gz	16909637;15566393
ERR14789466	SAMEA4777404	South Korea	2017-06-15	DTU2017_MG_131_KR_GW	ftp.sra.ebi.ac.uk/vol1/fastq/ERR147/066/ERR14789466/ERR14789466_1.fastq.gz;ftp.sra.ebi.ac.uk/vol1/fastq/ERR147/066/ERR14789466/ERR14789466_2.fastq.gz	wastewater metagenome	fasp.sra.ebi.ac.uk:/vol1/run/ERR147/ERR14789466/non-capture_batch7_sample13_R1.fastq.gz;fasp.sra.ebi.ac.uk:/vol1/run/ERR147/ERR14789466/non-capture_batch7_sample13_R2.fastq.gz	43178724;42289302
ERR14789472	SAMEA7428489	Malaysia	2018-06-27	DTU_2018_725_1_MG_MY_PB_422	ftp.sra.ebi.ac.uk/vol1/fastq/ERR147/072/ERR14789472/ERR14789472_1.fastq.gz;ftp.sra.ebi.ac.uk/vol1/fastq/ERR147/072/ERR14789472/ERR14789472_2.fastq.gz	wastewater metagenome	fasp.sra.ebi.ac.uk:/vol1/run/ERR147/ERR14789472/non-capture_batch7_sample19_R1.fastq.gz;fasp.sra.ebi.ac.uk:/vol1/run/ERR147/ERR14789472/non-capture_batch7_sample19_R2.fastq.gz	8695750;7452672
ERR14789474	SAMEA7428364	Nigeria	2018-01-10	DTU_2017_626_1_MG_NG_IL_322	ftp.sra.ebi.ac.uk/vol1/fastq/ERR147/074/ERR14789474/ERR14789474_1.fastq.gz;ftp.sra.ebi.ac.uk/vol1/fastq/ERR147/074/ERR14789474/ERR14789474_2.fastq.gz	wastewater metagenome	fasp.sra.ebi.ac.uk:/vol1/run/ERR147/ERR14789474/non-capture_batch7_sample21_R1.fastq.gz;fasp.sra.ebi.ac.uk:/vol1/run/ERR147/ERR14789474/non-capture_batch7_sample21_R2.fastq.gz	7814326;6735150
ERR14789477	SAMEA4777378	Nigeria	2017-06-15	DTU2017_MG_107_NG_IL_a	ftp.sra.ebi.ac.uk/vol1/fastq/ERR147/077/ERR14789477/ERR14789477_1.fastq.gz;ftp.sra.ebi.ac.uk/vol1/fastq/ERR147/077/ERR14789477/ERR14789477_2.fastq.gz	wastewater metagenome	fasp.sra.ebi.ac.uk:/vol1/run/ERR147/ERR14789477/non-capture_batch7_sample24_R1.fastq.gz;fasp.sra.ebi.ac.uk:/vol1/run/ERR147/ERR14789477/non-capture_batch7_sample24_R2.fastq.gz	7120529;6104458
ERR14789479	SAMEA7428374	Serbia	2017	DTU_2017_636_1_MG_RS_BE_332	ftp.sra.ebi.ac.uk/vol1/fastq/ERR147/079/ERR14789479/ERR14789479_1.fastq.gz;ftp.sra.ebi.ac.uk/vol1/fastq/ERR147/079/ERR14789479/ERR14789479_2.fastq.gz	wastewater metagenome	fasp.sra.ebi.ac.uk:/vol1/run/ERR147/ERR14789479/non-capture_batch7_sample26_R1.fastq.gz;fasp.sra.ebi.ac.uk:/vol1/run/ERR147/ERR14789479/non-capture_batch7_sample26_R2.fastq.gz	18474966;16083052
ERR14789481	SAMEA7426368	Serbia	2019-01-14	DTU_2018_913_1_MG_RS_BE_598	ftp.sra.ebi.ac.uk/vol1/fastq/ERR147/081/ERR14789481/ERR14789481_1.fastq.gz;ftp.sra.ebi.ac.uk/vol1/fastq/ERR147/081/ERR14789481/ERR14789481_2.fastq.gz	wastewater metagenome	fasp.sra.ebi.ac.uk:/vol1/run/ERR147/ERR14789481/non-capture_batch7_sample28_R1.fastq.gz;fasp.sra.ebi.ac.uk:/vol1/run/ERR147/ERR14789481/non-capture_batch7_sample28_R2.fastq.gz	11172485;9424825
ERR14789484	SAMEA7428539	Senegal	2018	DTU_2018_782_1_MG_SN_DA_479	ftp.sra.ebi.ac.uk/vol1/fastq/ERR147/084/ERR14789484/ERR14789484_1.fastq.gz;ftp.sra.ebi.ac.uk/vol1/fastq/ERR147/084/ERR14789484/ERR14789484_2.fastq.gz	wastewater metagenome	fasp.sra.ebi.ac.uk:/vol1/run/ERR147/ERR14789484/non-capture_batch7_sample31_R1.fastq.gz;fasp.sra.ebi.ac.uk:/vol1/run/ERR147/ERR14789484/non-capture_batch7_sample31_R2.fastq.gz	14567241;12619512
ERR14789485	SAMEA7426346	Senegal	2019-01-17	DTU_2018_891_1_MG_SN_DA_578	ftp.sra.ebi.ac.uk/vol1/fastq/ERR147/085/ERR14789485/ERR14789485_1.fastq.gz;ftp.sra.ebi.ac.uk/vol1/fastq/ERR147/085/ERR14789485/ERR14789485_2.fastq.gz	wastewater metagenome	fasp.sra.ebi.ac.uk:/vol1/run/ERR147/ERR14789485/non-capture_batch7_sample32_R1.fastq.gz;fasp.sra.ebi.ac.uk:/vol1/run/ERR147/ERR14789485/non-capture_batch7_sample32_R2.fastq.gz	31417102;29399086
ERR14789494	SAMEA4777494	Tanzania	2017-06-12	DTU2017_MG_60_TZ_MW	ftp.sra.ebi.ac.uk/vol1/fastq/ERR147/094/ERR14789494/ERR14789494_1.fastq.gz;ftp.sra.ebi.ac.uk/vol1/fastq/ERR147/094/ERR14789494/ERR14789494_2.fastq.gz	wastewater metagenome	fasp.sra.ebi.ac.uk:/vol1/run/ERR147/ERR14789494/non-capture_batch7_sample41_R1.fastq.gz;fasp.sra.ebi.ac.uk:/vol1/run/ERR147/ERR14789494/non-capture_batch7_sample41_R2.fastq.gz	17531663;15700305
