name,taxid,ERR14789175,ERR14789176,ERR14789177,ERR14789178,ERR14789179,ERR14789182,ERR14789183,ERR14789184,ERR14789185,ERR14789186,ERR14789187,ERR14789188,ERR14789189,ERR14789190,host tax id,host name,realm,kingdom,phylum,class,order,family,genus,species,baltimore_class
Simplexvirus,10294,,,,,,,,,,,,,,0.08,9511.0,Ateles sp.,Duplodnaviria,Heunggongvirae,Peploviricota,Herviviricetes,Herpesvirales,Orthoherpesviridae,Alphaherpesvirinae,Simplexvirus,dsDNA
Simplexvirus,10294,,,,,,,,,,,,,,0.08,9534.0,Chlorocebus aethiops,Duplodnaviria,Heunggongvirae,Peploviricota,Herviviricetes,Herpesvirales,Orthoherpesviridae,Alphaherpesvirinae,Simplexvirus,dsDNA
Simplexvirus,10294,,,,,,,,,,,,,,0.08,9913.0,Bos taurus,Duplodnaviria,Heunggongvirae,Peploviricota,Herviviricetes,Herpesvirales,Orthoherpesviridae,Alphaherpesvirinae,Simplexvirus,dsDNA
Simplexvirus,10294,,,,,,,,,,,,,,0.08,9533.0,Cercopithecus,Duplodnaviria,Heunggongvirae,Peploviricota,Herviviricetes,Herpesvirales,Orthoherpesviridae,Alphaherpesvirinae,Simplexvirus,dsDNA
Simplexvirus,10294,,,,,,,,,,,,,,0.08,9979.0,Leporidae,Duplodnaviria,Heunggongvirae,Peploviricota,Herviviricetes,Herpesvirales,Orthoherpesviridae,Alphaherpesvirinae,Simplexvirus,dsDNA
Simplexvirus,10294,,,,,,,,,,,,,,0.08,9598.0,Pan troglodytes,Duplodnaviria,Heunggongvirae,Peploviricota,Herviviricetes,Herpesvirales,Orthoherpesviridae,Alphaherpesvirinae,Simplexvirus,dsDNA
Simplexvirus,10294,,,,,,,,,,,,,,0.08,9606.0,Homo sapiens,Duplodnaviria,Heunggongvirae,Peploviricota,Herviviricetes,Herpesvirales,Orthoherpesviridae,Alphaherpesvirinae,Simplexvirus,dsDNA
Simplexvirus,10294,,,,,,,,,,,,,,0.08,9986.0,Oryctolagus cuniculus,Duplodnaviria,Heunggongvirae,Peploviricota,Herviviricetes,Herpesvirales,Orthoherpesviridae,Alphaherpesvirinae,Simplexvirus,dsDNA
Simplexvirus,10294,,,,,,,,,,,,,,0.08,9541.0,Macaca fascicularis,Duplodnaviria,Heunggongvirae,Peploviricota,Herviviricetes,Herpesvirales,Orthoherpesviridae,Alphaherpesvirinae,Simplexvirus,dsDNA
Simplexvirus,10294,,,,,,,,,,,,,,0.08,9544.0,Macaca mulatta,Duplodnaviria,Heunggongvirae,Peploviricota,Herviviricetes,Herpesvirales,Orthoherpesviridae,Alphaherpesvirinae,Simplexvirus,dsDNA
Simplexvirus,10294,,,,,,,,,,,,,,0.08,9545.0,Macaca nemestrina,Duplodnaviria,Heunggongvirae,Peploviricota,Herviviricetes,Herpesvirales,Orthoherpesviridae,Alphaherpesvirinae,Simplexvirus,dsDNA
Simplexvirus,10294,,,,,,,,,,,,,,0.08,54601.0,Macaca silenus,Duplodnaviria,Heunggongvirae,Peploviricota,Herviviricetes,Herpesvirales,Orthoherpesviridae,Alphaherpesvirinae,Simplexvirus,dsDNA
Simplexvirus,10294,,,,,,,,,,,,,,0.08,90387.0,Macaca leonina,Duplodnaviria,Heunggongvirae,Peploviricota,Herviviricetes,Herpesvirales,Orthoherpesviridae,Alphaherpesvirinae,Simplexvirus,dsDNA
Simplexvirus,10294,,,,,,,,,,,,,,0.08,9307.0,Macropodidae,Duplodnaviria,Heunggongvirae,Peploviricota,Herviviricetes,Herpesvirales,Orthoherpesviridae,Alphaherpesvirinae,Simplexvirus,dsDNA
Simplexvirus,10294,,,,,,,,,,,,,,0.08,9309.0,Potorous,Duplodnaviria,Heunggongvirae,Peploviricota,Herviviricetes,Herpesvirales,Orthoherpesviridae,Alphaherpesvirinae,Simplexvirus,dsDNA
Simplexvirus,10294,,,,,,,,,,,,,,0.08,69267.0,Dorcopsis,Duplodnaviria,Heunggongvirae,Peploviricota,Herviviricetes,Herpesvirales,Orthoherpesviridae,Alphaherpesvirinae,Simplexvirus,dsDNA
Simplexvirus,10294,,,,,,,,,,,,,,0.08,9317.0,Macropus giganteus,Duplodnaviria,Heunggongvirae,Peploviricota,Herviviricetes,Herpesvirales,Orthoherpesviridae,Alphaherpesvirinae,Simplexvirus,dsDNA
Simplexvirus,10294,,,,,,,,,,,,,,0.08,9556.0,Papio cynocephalus,Duplodnaviria,Heunggongvirae,Peploviricota,Herviviricetes,Herpesvirales,Orthoherpesviridae,Alphaherpesvirinae,Simplexvirus,dsDNA
Simplexvirus,10294,,,,,,,,,,,,,,0.08,1562770.0,Pteropus sp.,Duplodnaviria,Heunggongvirae,Peploviricota,Herviviricetes,Herpesvirales,Orthoherpesviridae,Alphaherpesvirinae,Simplexvirus,dsDNA
Simplexvirus,10294,,,,,,,,,,,,,,0.08,166054.0,Pteropus lylei,Duplodnaviria,Heunggongvirae,Peploviricota,Herviviricetes,Herpesvirales,Orthoherpesviridae,Alphaherpesvirinae,Simplexvirus,dsDNA
Simplexvirus,10294,,,,,,,,,,,,,,0.08,9481.0,Callithrix,Duplodnaviria,Heunggongvirae,Peploviricota,Herviviricetes,Herpesvirales,Orthoherpesviridae,Alphaherpesvirinae,Simplexvirus,dsDNA
Simplexvirus,10294,,,,,,,,,,,,,,0.08,9520.0,Saimiri,Duplodnaviria,Heunggongvirae,Peploviricota,Herviviricetes,Herpesvirales,Orthoherpesviridae,Alphaherpesvirinae,Simplexvirus,dsDNA
Mastadenovirus,10509,,,,,,,,,,,0.15,0.33,,0.09,9555.0,Papio anubis,Varidnaviria,Bamfordvirae,Preplasmiviricota,Polisuviricotina,Pharingeaviricetes,Rowavirales,Adenoviridae,Mastadenovirus,
Mastadenovirus,10509,,,,,,,,,,,0.15,0.33,,0.09,59473.0,Pipistrellus nathusii,Varidnaviria,Bamfordvirae,Preplasmiviricota,Polisuviricotina,Pharingeaviricetes,Rowavirales,Adenoviridae,Mastadenovirus,
Mastadenovirus,10509,,,,,,,,,,,0.15,0.33,,0.09,59474.0,Pipistrellus pipistrellus,Varidnaviria,Bamfordvirae,Preplasmiviricota,Polisuviricotina,Pharingeaviricetes,Rowavirales,Adenoviridae,Mastadenovirus,
Mastadenovirus,10509,,,,,,,,,,,0.15,0.33,,0.09,9534.0,Chlorocebus aethiops,Varidnaviria,Bamfordvirae,Preplasmiviricota,Polisuviricotina,Pharingeaviricetes,Rowavirales,Adenoviridae,Mastadenovirus,
Mastadenovirus,10509,,,,,,,,,,,0.15,0.33,,0.09,9606.0,Homo sapiens,Varidnaviria,Bamfordvirae,Preplasmiviricota,Polisuviricotina,Pharingeaviricetes,Rowavirales,Adenoviridae,Mastadenovirus,
Mastadenovirus,10509,,,,,,,,,,,0.15,0.33,,0.09,9615.0,Canis lupus familiaris,Varidnaviria,Bamfordvirae,Preplasmiviricota,Polisuviricotina,Pharingeaviricetes,Rowavirales,Adenoviridae,Mastadenovirus,
Mastadenovirus,10509,,,,,,,,,,,0.15,0.33,,0.09,9823.0,Sus scrofa,Varidnaviria,Bamfordvirae,Preplasmiviricota,Polisuviricotina,Pharingeaviricetes,Rowavirales,Adenoviridae,Mastadenovirus,
Mastadenovirus,10509,,,,,,,,,,,0.15,0.33,,0.09,203696.0,Myotis pilosus,Varidnaviria,Bamfordvirae,Preplasmiviricota,Polisuviricotina,Pharingeaviricetes,Rowavirales,Adenoviridae,Mastadenovirus,
Mastadenovirus,10509,,,,,,,,,,,0.15,0.33,,0.09,225399.0,Myotis chinensis,Varidnaviria,Bamfordvirae,Preplasmiviricota,Polisuviricotina,Pharingeaviricetes,Rowavirales,Adenoviridae,Mastadenovirus,
Mastadenovirus,10509,,,,,,,,,,,0.15,0.33,,0.09,105273.0,Vespertilio sinensis,Varidnaviria,Bamfordvirae,Preplasmiviricota,Polisuviricotina,Pharingeaviricetes,Rowavirales,Adenoviridae,Mastadenovirus,
Mastadenovirus,10509,,,,,,,,,,,0.15,0.33,,0.09,27674.0,Corynorhinus rafinesquii,Varidnaviria,Bamfordvirae,Preplasmiviricota,Polisuviricotina,Pharingeaviricetes,Rowavirales,Adenoviridae,Mastadenovirus,
Mastadenovirus,10509,,,,,,,,,,,0.15,0.33,,0.09,9402.0,Pteropus alecto,Varidnaviria,Bamfordvirae,Preplasmiviricota,Polisuviricotina,Pharingeaviricetes,Rowavirales,Adenoviridae,Mastadenovirus,
Mastadenovirus,10509,,,,,,,,,,,0.15,0.33,,0.09,9408.0,Rousettus leschenaultii,Varidnaviria,Bamfordvirae,Preplasmiviricota,Polisuviricotina,Pharingeaviricetes,Rowavirales,Adenoviridae,Mastadenovirus,
Mastadenovirus,10509,,,,,,,,,,,0.15,0.33,,0.09,9544.0,Macaca mulatta,Varidnaviria,Bamfordvirae,Preplasmiviricota,Polisuviricotina,Pharingeaviricetes,Rowavirales,Adenoviridae,Mastadenovirus,
Mastadenovirus,10509,,,,,,,,,,,0.15,0.33,,0.09,89399.0,Rhinolophus sinicus,Varidnaviria,Bamfordvirae,Preplasmiviricota,Polisuviricotina,Pharingeaviricetes,Rowavirales,Adenoviridae,Mastadenovirus,
Mastadenovirus,10509,,,,,,,,,,,0.15,0.33,,0.09,9432.0,Miniopterus,Varidnaviria,Bamfordvirae,Preplasmiviricota,Polisuviricotina,Pharingeaviricetes,Rowavirales,Adenoviridae,Mastadenovirus,
Mastadenovirus,10509,,,,,,,,,,,0.15,0.33,,0.09,9433.0,Miniopterus schreibersii,Varidnaviria,Bamfordvirae,Preplasmiviricota,Polisuviricotina,Pharingeaviricetes,Rowavirales,Adenoviridae,Mastadenovirus,
Mastadenovirus,10509,,,,,,,,,,,0.15,0.33,,0.09,9739.0,Tursiops truncatus,Varidnaviria,Bamfordvirae,Preplasmiviricota,Polisuviricotina,Pharingeaviricetes,Rowavirales,Adenoviridae,Mastadenovirus,
Mastadenovirus,10509,,,,,,,,,,,0.15,0.33,,0.09,9913.0,Bos taurus,Varidnaviria,Bamfordvirae,Preplasmiviricota,Polisuviricotina,Pharingeaviricetes,Rowavirales,Adenoviridae,Mastadenovirus,
Mastadenovirus,10509,,,,,,,,,,,0.15,0.33,,0.09,9704.0,Zalophus californianus,Varidnaviria,Bamfordvirae,Preplasmiviricota,Polisuviricotina,Pharingeaviricetes,Rowavirales,Adenoviridae,Mastadenovirus,
Mastadenovirus,10509,,,,,,,,,,,0.15,0.33,,0.09,9598.0,Pan troglodytes,Varidnaviria,Bamfordvirae,Preplasmiviricota,Polisuviricotina,Pharingeaviricetes,Rowavirales,Adenoviridae,Mastadenovirus,
Mastadenovirus,10509,,,,,,,,,,,0.15,0.33,,0.09,9541.0,Macaca fascicularis,Varidnaviria,Bamfordvirae,Preplasmiviricota,Polisuviricotina,Pharingeaviricetes,Rowavirales,Adenoviridae,Mastadenovirus,
Mastadenovirus,10509,,,,,,,,,,,0.15,0.33,,0.09,9874.0,Odocoileus virginianus,Varidnaviria,Bamfordvirae,Preplasmiviricota,Polisuviricotina,Pharingeaviricetes,Rowavirales,Adenoviridae,Mastadenovirus,
Mastadenovirus,10509,,,,,,,,,,,0.15,0.33,,0.09,77214.0,Eidolon helvum,Varidnaviria,Bamfordvirae,Preplasmiviricota,Polisuviricotina,Pharingeaviricetes,Rowavirales,Adenoviridae,Mastadenovirus,
Mastadenovirus,10509,,,,,,,,,,,0.15,0.33,,0.09,9796.0,Equus caballus,Varidnaviria,Bamfordvirae,Preplasmiviricota,Polisuviricotina,Pharingeaviricetes,Rowavirales,Adenoviridae,Mastadenovirus,
Mastadenovirus,10509,,,,,,,,,,,0.15,0.33,,0.09,10141.0,Cavia porcellus,Varidnaviria,Bamfordvirae,Preplasmiviricota,Polisuviricotina,Pharingeaviricetes,Rowavirales,Adenoviridae,Mastadenovirus,
Mastadenovirus,10509,,,,,,,,,,,0.15,0.33,,0.09,10090.0,Mus musculus,Varidnaviria,Bamfordvirae,Preplasmiviricota,Polisuviricotina,Pharingeaviricetes,Rowavirales,Adenoviridae,Mastadenovirus,
Mastadenovirus,10509,,,,,,,,,,,0.15,0.33,,0.09,39030.0,Apodemus agrarius,Varidnaviria,Bamfordvirae,Preplasmiviricota,Polisuviricotina,Pharingeaviricetes,Rowavirales,Adenoviridae,Mastadenovirus,
Mastadenovirus,10509,,,,,,,,,,,0.15,0.33,,0.09,29073.0,Ursus maritimus,Varidnaviria,Bamfordvirae,Preplasmiviricota,Polisuviricotina,Pharingeaviricetes,Rowavirales,Adenoviridae,Mastadenovirus,
Mastadenovirus,10509,,,,,,,,,,,0.15,0.33,,0.09,10009.0,Tamiasciurus hudsonicus,Varidnaviria,Bamfordvirae,Preplasmiviricota,Polisuviricotina,Pharingeaviricetes,Rowavirales,Adenoviridae,Mastadenovirus,
Mastadenovirus,10509,,,,,,,,,,,0.15,0.33,,0.09,55149.0,Sciurus vulgaris,Varidnaviria,Bamfordvirae,Preplasmiviricota,Polisuviricotina,Pharingeaviricetes,Rowavirales,Adenoviridae,Mastadenovirus,
Mastadenovirus,10509,,,,,,,,,,,0.15,0.33,,0.09,9407.0,Rousettus aegyptiacus,Varidnaviria,Bamfordvirae,Preplasmiviricota,Polisuviricotina,Pharingeaviricetes,Rowavirales,Adenoviridae,Mastadenovirus,
Mastadenovirus,10509,,,,,,,,,,,0.15,0.33,,0.09,9539.0,Macaca,Varidnaviria,Bamfordvirae,Preplasmiviricota,Polisuviricotina,Pharingeaviricetes,Rowavirales,Adenoviridae,Mastadenovirus,
Mastadenovirus,10509,,,,,,,,,,,0.15,0.33,,0.09,9549.0,Macaca sp.,Varidnaviria,Bamfordvirae,Preplasmiviricota,Polisuviricotina,Pharingeaviricetes,Rowavirales,Adenoviridae,Mastadenovirus,
Mastadenovirus,10509,,,,,,,,,,,0.15,0.33,,0.09,60710.0,Chlorocebus pygerythrus,Varidnaviria,Bamfordvirae,Preplasmiviricota,Polisuviricotina,Pharingeaviricetes,Rowavirales,Adenoviridae,Mastadenovirus,
Mastadenovirus,10509,,,,,,,,,,,0.15,0.33,,0.09,9556.0,Papio cynocephalus,Varidnaviria,Bamfordvirae,Preplasmiviricota,Polisuviricotina,Pharingeaviricetes,Rowavirales,Adenoviridae,Mastadenovirus,
Mastadenovirus,10509,,,,,,,,,,,0.15,0.33,,0.09,9592.0,Gorilla,Varidnaviria,Bamfordvirae,Preplasmiviricota,Polisuviricotina,Pharingeaviricetes,Rowavirales,Adenoviridae,Mastadenovirus,
Mastadenovirus,10509,,,,,,,,,,,0.15,0.33,,0.09,9597.0,Pan paniscus,Varidnaviria,Bamfordvirae,Preplasmiviricota,Polisuviricotina,Pharingeaviricetes,Rowavirales,Adenoviridae,Mastadenovirus,
Mastadenovirus,10509,,,,,,,,,,,0.15,0.33,,0.09,61622.0,Rhinopithecus roxellana,Varidnaviria,Bamfordvirae,Preplasmiviricota,Polisuviricotina,Pharingeaviricetes,Rowavirales,Adenoviridae,Mastadenovirus,
Mastadenovirus,10509,,,,,,,,,,,0.15,0.33,,0.09,9528.0,Cercopithecinae,Varidnaviria,Bamfordvirae,Preplasmiviricota,Polisuviricotina,Pharingeaviricetes,Rowavirales,Adenoviridae,Mastadenovirus,
Mastadenovirus,10509,,,,,,,,,,,0.15,0.33,,0.09,30543.0,Conepatus leuconotus,Varidnaviria,Bamfordvirae,Preplasmiviricota,Polisuviricotina,Pharingeaviricetes,Rowavirales,Adenoviridae,Mastadenovirus,
Mastadenovirus,10509,,,,,,,,,,,0.15,0.33,,0.09,202457.0,Plecturocebus cupreus,Varidnaviria,Bamfordvirae,Preplasmiviricota,Polisuviricotina,Pharingeaviricetes,Rowavirales,Adenoviridae,Mastadenovirus,
Mastadenovirus,10509,,,,,,,,,,,0.15,0.33,,0.09,9394.0,Tupaia,Varidnaviria,Bamfordvirae,Preplasmiviricota,Polisuviricotina,Pharingeaviricetes,Rowavirales,Adenoviridae,Mastadenovirus,
Tequatrovirus,10663,,,,,,,,,0.09,,,,,,67825.0,Citrobacter rodentium,Duplodnaviria,Heunggongvirae,Uroviricota,Caudoviricetes,Pantevenvirales,Straboviridae,Tevenvirinae,Tequatrovirus,dsDNA
Tequatrovirus,10663,,,,,,,,,0.09,,,,,,870963.0,Escherichia coli O127:B8,Duplodnaviria,Heunggongvirae,Uroviricota,Caudoviricetes,Pantevenvirales,Straboviridae,Tevenvirinae,Tequatrovirus,dsDNA
Tequatrovirus,10663,,,,,,,,,0.09,,,,,,991915.0,Escherichia coli O121:H19,Duplodnaviria,Heunggongvirae,Uroviricota,Caudoviricetes,Pantevenvirales,Straboviridae,Tevenvirinae,Tequatrovirus,dsDNA
Tequatrovirus,10663,,,,,,,,,0.09,,,,,,373045.0,Escherichia coli O111:NM,Duplodnaviria,Heunggongvirae,Uroviricota,Caudoviricetes,Pantevenvirales,Straboviridae,Tevenvirinae,Tequatrovirus,dsDNA
Tequatrovirus,10663,,,,,,,,,0.09,,,,,,376725.0,Escherichia coli O103:H2,Duplodnaviria,Heunggongvirae,Uroviricota,Caudoviricetes,Pantevenvirales,Straboviridae,Tevenvirinae,Tequatrovirus,dsDNA
Tequatrovirus,10663,,,,,,,,,0.09,,,,,,37762.0,Escherichia coli B,Duplodnaviria,Heunggongvirae,Uroviricota,Caudoviricetes,Pantevenvirales,Straboviridae,Tevenvirinae,Tequatrovirus,dsDNA
Tequatrovirus,10663,,,,,,,,,0.09,,,,,,543.0,Enterobacteriaceae,Duplodnaviria,Heunggongvirae,Uroviricota,Caudoviricetes,Pantevenvirales,Straboviridae,Tevenvirinae,Tequatrovirus,dsDNA
Tequatrovirus,10663,,,,,,,,,0.09,,,,,,83333.0,Escherichia coli K-12,Duplodnaviria,Heunggongvirae,Uroviricota,Caudoviricetes,Pantevenvirales,Straboviridae,Tevenvirinae,Tequatrovirus,dsDNA
Tequatrovirus,10663,,,,,,,,,0.09,,,,,,679895.0,Escherichia coli BW25113,Duplodnaviria,Heunggongvirae,Uroviricota,Caudoviricetes,Pantevenvirales,Straboviridae,Tevenvirinae,Tequatrovirus,dsDNA
Tequatrovirus,10663,,,,,,,,,0.09,,,,,,511145.0,Escherichia coli str. K-12 substr. MG1655,Duplodnaviria,Heunggongvirae,Uroviricota,Caudoviricetes,Pantevenvirales,Straboviridae,Tevenvirinae,Tequatrovirus,dsDNA
Tequatrovirus,10663,,,,,,,,,0.09,,,,,,1322345.0,Escherichia coli ATCC 25922,Duplodnaviria,Heunggongvirae,Uroviricota,Caudoviricetes,Pantevenvirales,Straboviridae,Tevenvirinae,Tequatrovirus,dsDNA
Tequatrovirus,10663,,,,,,,,,0.09,,,,,,564.0,Escherichia fergusonii,Duplodnaviria,Heunggongvirae,Uroviricota,Caudoviricetes,Pantevenvirales,Straboviridae,Tevenvirinae,Tequatrovirus,dsDNA
Tequatrovirus,10663,,,,,,,,,0.09,,,,,,316385.0,Escherichia coli str. K-12 substr. DH10B,Duplodnaviria,Heunggongvirae,Uroviricota,Caudoviricetes,Pantevenvirales,Straboviridae,Tevenvirinae,Tequatrovirus,dsDNA
Tequatrovirus,10663,,,,,,,,,0.09,,,,,,1389955.0,Escherichia coli ATCC 35150,Duplodnaviria,Heunggongvirae,Uroviricota,Caudoviricetes,Pantevenvirales,Straboviridae,Tevenvirinae,Tequatrovirus,dsDNA
Tequatrovirus,10663,,,,,,,,,0.09,,,,,,623.0,Shigella flexneri,Duplodnaviria,Heunggongvirae,Uroviricota,Caudoviricetes,Pantevenvirales,Straboviridae,Tevenvirinae,Tequatrovirus,dsDNA
Tequatrovirus,10663,,,,,,,,,0.09,,,,,,199310.0,Escherichia coli CFT073,Duplodnaviria,Heunggongvirae,Uroviricota,Caudoviricetes,Pantevenvirales,Straboviridae,Tevenvirinae,Tequatrovirus,dsDNA
Tequatrovirus,10663,,,,,,,,,0.09,,,,,,1.0,root,Duplodnaviria,Heunggongvirae,Uroviricota,Caudoviricetes,Pantevenvirales,Straboviridae,Tevenvirinae,Tequatrovirus,dsDNA
Tequatrovirus,10663,,,,,,,,,0.09,,,,,,2056315.0,Escherichia coli O177,Duplodnaviria,Heunggongvirae,Uroviricota,Caudoviricetes,Pantevenvirales,Straboviridae,Tevenvirinae,Tequatrovirus,dsDNA
Tequatrovirus,10663,,,,,,,,,0.09,,,,,,2072463.0,Escherichia coli O78,Duplodnaviria,Heunggongvirae,Uroviricota,Caudoviricetes,Pantevenvirales,Straboviridae,Tevenvirinae,Tequatrovirus,dsDNA
Tequatrovirus,10663,,,,,,,,,0.09,,,,,,668369.0,Escherichia coli DH5[alpha],Duplodnaviria,Heunggongvirae,Uroviricota,Caudoviricetes,Pantevenvirales,Straboviridae,Tevenvirinae,Tequatrovirus,dsDNA
Tequatrovirus,10663,,,,,,,,,0.09,,,,,,1411081.0,Escherichia coli NDM-1,Duplodnaviria,Heunggongvirae,Uroviricota,Caudoviricetes,Pantevenvirales,Straboviridae,Tevenvirinae,Tequatrovirus,dsDNA
Tequatrovirus,10663,,,,,,,,,0.09,,,,,,2072453.0,Escherichia coli O104,Duplodnaviria,Heunggongvirae,Uroviricota,Caudoviricetes,Pantevenvirales,Straboviridae,Tevenvirinae,Tequatrovirus,dsDNA
Tequatrovirus,10663,,,,,,,,,0.09,,,,,,1446604.0,Escherichia coli O156:H25,Duplodnaviria,Heunggongvirae,Uroviricota,Caudoviricetes,Pantevenvirales,Straboviridae,Tevenvirinae,Tequatrovirus,dsDNA
Tequatrovirus,10663,,,,,,,,,0.09,,,,,,546367.0,Hafnia paralvei,Duplodnaviria,Heunggongvirae,Uroviricota,Caudoviricetes,Pantevenvirales,Straboviridae,Tevenvirinae,Tequatrovirus,dsDNA
Tequatrovirus,10663,,,,,,,,,0.09,,,,,,28901.0,Salmonella enterica,Duplodnaviria,Heunggongvirae,Uroviricota,Caudoviricetes,Pantevenvirales,Straboviridae,Tevenvirinae,Tequatrovirus,dsDNA
Tequatrovirus,10663,,,,,,,,,0.09,,,,,,149539.0,Salmonella enterica subsp. enterica serovar Enteritidis,Duplodnaviria,Heunggongvirae,Uroviricota,Caudoviricetes,Pantevenvirales,Straboviridae,Tevenvirinae,Tequatrovirus,dsDNA
Tequatrovirus,10663,,,,,,,,,0.09,,,,,,594.0,Salmonella enterica subsp. enterica serovar Gallinarum,Duplodnaviria,Heunggongvirae,Uroviricota,Caudoviricetes,Pantevenvirales,Straboviridae,Tevenvirinae,Tequatrovirus,dsDNA
Tequatrovirus,10663,,,,,,,,,0.09,,,,,,272989.0,Salmonella enterica subsp. enterica serovar Enteritidis str. LK5,Duplodnaviria,Heunggongvirae,Uroviricota,Caudoviricetes,Pantevenvirales,Straboviridae,Tevenvirinae,Tequatrovirus,dsDNA
Tequatrovirus,10663,,,,,,,,,0.09,,,,,,42897.0,Shigella flexneri 2a,Duplodnaviria,Heunggongvirae,Uroviricota,Caudoviricetes,Pantevenvirales,Straboviridae,Tevenvirinae,Tequatrovirus,dsDNA
Tequatrovirus,10663,,,,,,,,,0.09,,,,,,624.0,Shigella sonnei,Duplodnaviria,Heunggongvirae,Uroviricota,Caudoviricetes,Pantevenvirales,Straboviridae,Tevenvirinae,Tequatrovirus,dsDNA
Tequatrovirus,10663,,,,,,,,,0.09,,,,,,621.0,Shigella boydii,Duplodnaviria,Heunggongvirae,Uroviricota,Caudoviricetes,Pantevenvirales,Straboviridae,Tevenvirinae,Tequatrovirus,dsDNA
Tequatrovirus,10663,,,,,,,,,0.09,,,,,,1935181.0,Shigella flexneri 1c,Duplodnaviria,Heunggongvirae,Uroviricota,Caudoviricetes,Pantevenvirales,Straboviridae,Tevenvirinae,Tequatrovirus,dsDNA
Tequatrovirus,10663,,,,,,,,,0.09,,,,,,620.0,Shigella,Duplodnaviria,Heunggongvirae,Uroviricota,Caudoviricetes,Pantevenvirales,Straboviridae,Tevenvirinae,Tequatrovirus,dsDNA
Tequatrovirus,10663,,,,,,,,,0.09,,,,,,1280.0,Staphylococcus aureus,Duplodnaviria,Heunggongvirae,Uroviricota,Caudoviricetes,Pantevenvirales,Straboviridae,Tevenvirinae,Tequatrovirus,dsDNA
Tequatrovirus,10663,,,,,,,,,0.09,,,,,,40323.0,Stenotrophomonas,Duplodnaviria,Heunggongvirae,Uroviricota,Caudoviricetes,Pantevenvirales,Straboviridae,Tevenvirinae,Tequatrovirus,dsDNA
Tequatrovirus,10663,,,,,,,,,0.09,,,,,,633.0,Yersinia pseudotuberculosis,Duplodnaviria,Heunggongvirae,Uroviricota,Caudoviricetes,Pantevenvirales,Straboviridae,Tevenvirinae,Tequatrovirus,dsDNA
Tequatrovirus,10663,,,,,,,,,0.09,,,,,,367190.0,Yersinia similis,Duplodnaviria,Heunggongvirae,Uroviricota,Caudoviricetes,Pantevenvirales,Straboviridae,Tevenvirinae,Tequatrovirus,dsDNA
Enterovirus,12059,,,,,,,0.02,,0.09,0.06,,,,,,,,,,,,,,,
Sobemovirus,12137,,0.16,,,,,,,,0.1,,,,,35608.0,Artemisia annua,Riboviria,Orthornavirae,Pisuviricota,Pisoniviricetes,Sobelivirales,Solemoviridae,Sobemovirus,Sobemovirus ARTVA,
Sobemovirus,12137,,0.16,,,,,,,,0.1,,,,,69266.0,Vaccinium corymbosum,Riboviria,Orthornavirae,Pisuviricota,Pisoniviricetes,Sobelivirales,Solemoviridae,Sobemovirus,Sobemovirus BSSV,
Sobemovirus,12137,,0.16,,,,,,,,0.1,,,,,472369.0,Vaccinium angustifolium,Riboviria,Orthornavirae,Pisuviricota,Pisoniviricetes,Sobelivirales,Solemoviridae,Sobemovirus,Sobemovirus BSSV,
Sobemovirus,12137,,0.16,,,,,,,,0.1,,,,,3394667.0,Vaccinium sp.,Riboviria,Orthornavirae,Pisuviricota,Pisoniviricetes,Sobelivirales,Solemoviridae,Sobemovirus,Sobemovirus BSSV,
Sobemovirus,12137,,0.16,,,,,,,,0.1,,,,,4509.0,Dactylis glomerata,Riboviria,Orthornavirae,Pisuviricota,Pisoniviricetes,Sobelivirales,Solemoviridae,Sobemovirus,Sobemovirus CFMV,
Sobemovirus,12137,,0.16,,,,,,,,0.1,,,,,4565.0,Triticum aestivum,Riboviria,Orthornavirae,Pisuviricota,Pisoniviricetes,Sobelivirales,Solemoviridae,Sobemovirus,Sobemovirus CFMV,
Sobemovirus,12137,,0.16,,,,,,,,0.1,,,,,112607.0,Cymbidium goeringii,Riboviria,Orthornavirae,Pisuviricota,Pisoniviricetes,Sobelivirales,Solemoviridae,Sobemovirus,Sobemovirus CYCMV,
Sobemovirus,12137,,0.16,,,,,,,,0.1,,,,,80369.0,Imperata cylindrica,Riboviria,Orthornavirae,Pisuviricota,Pisoniviricetes,Sobelivirales,Solemoviridae,Sobemovirus,Sobemovirus IYMV,
Sobemovirus,12137,,0.16,,,,,,,,0.1,,,,,1056900.0,Ophiuros exaltatus,Riboviria,Orthornavirae,Pisuviricota,Pisoniviricetes,Sobelivirales,Solemoviridae,Sobemovirus,Sobemovirus IYMV,
Sobemovirus,12137,,0.16,,,,,,,,0.1,,,,,3879.0,Medicago sativa,Riboviria,Orthornavirae,Pisuviricota,Pisoniviricetes,Sobelivirales,Solemoviridae,Sobemovirus,Sobemovirus LTSV,
Sobemovirus,12137,,0.16,,,,,,,,0.1,,,,,78534.0,Trigonella foenum-graecum,Riboviria,Orthornavirae,Pisuviricota,Pisoniviricetes,Sobelivirales,Solemoviridae,Sobemovirus,Sobemovirus LTSV,
Sobemovirus,12137,,0.16,,,,,,,,0.1,,,,,3649.0,Carica papaya,Riboviria,Orthornavirae,Pisuviricota,Pisoniviricetes,Sobelivirales,Solemoviridae,Sobemovirus,Sobemovirus PLYV,
Sobemovirus,12137,,0.16,,,,,,,,0.1,,,,,126903.0,Physalis peruviana,Riboviria,Orthornavirae,Pisuviricota,Pisoniviricetes,Sobelivirales,Solemoviridae,Sobemovirus,Sobemovirus PHYRMV,
Sobemovirus,12137,,0.16,,,,,,,,0.1,,,,,4530.0,Oryza sativa,Riboviria,Orthornavirae,Pisuviricota,Pisoniviricetes,Sobelivirales,Solemoviridae,Sobemovirus,Sobemovirus RYMV,
Sobemovirus,12137,,0.16,,,,,,,,0.1,,,,,4577.0,Zea mays,Riboviria,Orthornavirae,Pisuviricota,Pisoniviricetes,Sobelivirales,Solemoviridae,Sobemovirus,Sobemovirus ROMOV,
Sobemovirus,12137,,0.16,,,,,,,,0.1,,,,,4498.0,Avena sativa,Riboviria,Orthornavirae,Pisuviricota,Pisoniviricetes,Sobelivirales,Solemoviridae,Sobemovirus,Sobemovirus RGMOV,
Sobemovirus,12137,,0.16,,,,,,,,0.1,,,,,206309.0,Sesbania grandiflora,Riboviria,Orthornavirae,Pisuviricota,Pisoniviricetes,Sobelivirales,Solemoviridae,Sobemovirus,Sobemovirus SEMV,
Sobemovirus,12137,,0.16,,,,,,,,0.1,,,,,8570.0,Serpentes,Riboviria,Orthornavirae,Pisuviricota,Pisoniviricetes,Sobelivirales,Solemoviridae,Sobemovirus,Sobemovirus SMAMV,
Sobemovirus,12137,,0.16,,,,,,,,0.1,,,,,81866.0,Nicotiana clevelandii,Riboviria,Orthornavirae,Pisuviricota,Pisoniviricetes,Sobelivirales,Solemoviridae,Sobemovirus,Sobemovirus SNMOV,
Sobemovirus,12137,,0.16,,,,,,,,0.1,,,,,85267.0,Solanum nodiflorum,Riboviria,Orthornavirae,Pisuviricota,Pisoniviricetes,Sobelivirales,Solemoviridae,Sobemovirus,Sobemovirus SNMOV,
Sobemovirus,12137,,0.16,,,,,,,,0.1,,,,,3885.0,Phaseolus vulgaris,Riboviria,Orthornavirae,Pisuviricota,Pisoniviricetes,Sobelivirales,Solemoviridae,Sobemovirus,Sobemovirus SBMV,
Sobemovirus,12137,,0.16,,,,,,,,0.1,,,,,3847.0,Glycine max,Riboviria,Orthornavirae,Pisuviricota,Pisoniviricetes,Sobelivirales,Solemoviridae,Sobemovirus,Sobemovirus SCPMV,
Sobemovirus,12137,,0.16,,,,,,,,0.1,,,,,3915.0,Vigna mungo,Riboviria,Orthornavirae,Pisuviricota,Pisoniviricetes,Sobelivirales,Solemoviridae,Sobemovirus,Sobemovirus SCPMV,
Sobemovirus,12137,,0.16,,,,,,,,0.1,,,,,3917.0,Vigna unguiculata,Riboviria,Orthornavirae,Pisuviricota,Pisoniviricetes,Sobelivirales,Solemoviridae,Sobemovirus,Sobemovirus SCPMV,
Sobemovirus,12137,,0.16,,,,,,,,0.1,,,,,3162414.0,Rubus sp.,Riboviria,Orthornavirae,Pisuviricota,Pisoniviricetes,Sobelivirales,Solemoviridae,Sobemovirus,Sobemovirus SOMV,
Sobemovirus,12137,,0.16,,,,,,,,0.1,,,,,3900.0,Trifolium subterraneum,Riboviria,Orthornavirae,Pisuviricota,Pisoniviricetes,Sobelivirales,Solemoviridae,Sobemovirus,Sobemovirus SCMOV,
Sobemovirus,12137,,0.16,,,,,,,,0.1,,,,,3711.0,Brassica rapa,Riboviria,Orthornavirae,Pisuviricota,Pisoniviricetes,Sobelivirales,Solemoviridae,Sobemovirus,Sobemovirus TROV,
Sobemovirus,12137,,0.16,,,,,,,,0.1,,,,,49454.0,Nicotiana velutina,Riboviria,Orthornavirae,Pisuviricota,Pisoniviricetes,Sobelivirales,Solemoviridae,Sobemovirus,Sobemovirus VTMOV,
Tombusvirus,12141,,,,,,,0.02,,,,,,,,,,,,,,,,,,
Potexvirus,12176,,0.84,2.95,1.82,2.58,0.64,0.36,0.74,1.19,1.71,0.6,0.52,0.52,0.66,4686.0,Asparagus officinalis,Riboviria,Orthornavirae,Kitrinoviricota,Alsuviricetes,Tymovirales,Alphaflexiviridae,Potexvirus,Potexvirus triasparagi,+ssRNA
Potexvirus,12176,,0.84,2.95,1.82,2.58,0.64,0.36,0.74,1.19,1.71,0.6,0.52,0.52,0.66,63459.0,Chenopodium quinoa,Riboviria,Orthornavirae,Kitrinoviricota,Alsuviricetes,Tymovirales,Alphaflexiviridae,Potexvirus,Potexvirus triasparagi,+ssRNA
Potexvirus,12176,,0.84,2.95,1.82,2.58,0.64,0.36,0.74,1.19,1.71,0.6,0.52,0.52,0.66,130426.0,Allium chinense,Riboviria,Orthornavirae,Kitrinoviricota,Alsuviricetes,Tymovirales,Alphaflexiviridae,Potexvirus,Potexvirus triasparagi,+ssRNA
Potexvirus,12176,,0.84,2.95,1.82,2.58,0.64,0.36,0.74,1.19,1.71,0.6,0.52,0.52,0.66,3649.0,Carica papaya,Riboviria,Orthornavirae,Kitrinoviricota,Alsuviricetes,Tymovirales,Alphaflexiviridae,Potexvirus,Potexvirus babaci,+ssRNA
Potexvirus,12176,,0.84,2.95,1.82,2.58,0.64,0.36,0.74,1.19,1.71,0.6,0.52,0.52,0.66,35926.0,Vasconcellea cundinamarcensis,Riboviria,Orthornavirae,Kitrinoviricota,Alsuviricetes,Tymovirales,Alphaflexiviridae,Potexvirus,Potexvirus babaci,+ssRNA
Potexvirus,12176,,0.84,2.95,1.82,2.58,0.64,0.36,0.74,1.19,1.71,0.6,0.52,0.52,0.66,66262.0,Chenopodium amaranticolor,Riboviria,Orthornavirae,Kitrinoviricota,Alsuviricetes,Tymovirales,Alphaflexiviridae,Potexvirus,Potexvirus babaci,+ssRNA
Potexvirus,12176,,0.84,2.95,1.82,2.58,0.64,0.36,0.74,1.19,1.71,0.6,0.52,0.52,0.66,126820.0,Senna occidentalis,Riboviria,Orthornavirae,Kitrinoviricota,Alsuviricetes,Tymovirales,Alphaflexiviridae,Potexvirus,Potexvirus babaci,+ssRNA
Potexvirus,12176,,0.84,2.95,1.82,2.58,0.64,0.36,0.74,1.19,1.71,0.6,0.52,0.52,0.66,262696.0,Vasconcellea x heilbornii,Riboviria,Orthornavirae,Kitrinoviricota,Alsuviricetes,Tymovirales,Alphaflexiviridae,Potexvirus,Potexvirus babaci,+ssRNA
Potexvirus,12176,,0.84,2.95,1.82,2.58,0.64,0.36,0.74,1.19,1.71,0.6,0.52,0.52,0.66,4513.0,Hordeum vulgare,Riboviria,Orthornavirae,Kitrinoviricota,Alsuviricetes,Tymovirales,Alphaflexiviridae,Potexvirus,Potexvirus bambusae,+ssRNA
Potexvirus,12176,,0.84,2.95,1.82,2.58,0.64,0.36,0.74,1.19,1.71,0.6,0.52,0.52,0.66,58923.0,Bambusa oldhamii,Riboviria,Orthornavirae,Kitrinoviricota,Alsuviricetes,Tymovirales,Alphaflexiviridae,Potexvirus,Potexvirus bambusae,+ssRNA
Potexvirus,12176,,0.84,2.95,1.82,2.58,0.64,0.36,0.74,1.19,1.71,0.6,0.52,0.52,0.66,176265.0,Selenicereus undatus,Riboviria,Orthornavirae,Kitrinoviricota,Alsuviricetes,Tymovirales,Alphaflexiviridae,Potexvirus,Potexvirus ecscacti,+ssRNA
Potexvirus,12176,,0.84,2.95,1.82,2.58,0.64,0.36,0.74,1.19,1.71,0.6,0.52,0.52,0.66,3983.0,Manihot esculenta,Riboviria,Orthornavirae,Kitrinoviricota,Alsuviricetes,Tymovirales,Alphaflexiviridae,Potexvirus,Potexvirus colombiense,+ssRNA
Potexvirus,12176,,0.84,2.95,1.82,2.58,0.64,0.36,0.74,1.19,1.71,0.6,0.52,0.52,0.66,4100.0,Nicotiana benthamiana,Riboviria,Orthornavirae,Kitrinoviricota,Alsuviricetes,Tymovirales,Alphaflexiviridae,Potexvirus,Potexvirus marmormanihotis,+ssRNA
Potexvirus,12176,,0.84,2.95,1.82,2.58,0.64,0.36,0.74,1.19,1.71,0.6,0.52,0.52,0.66,85571.0,Citrus reticulata,Riboviria,Orthornavirae,Kitrinoviricota,Alsuviricetes,Tymovirales,Alphaflexiviridae,Potexvirus,Mandarivirus,+ssRNA
Potexvirus,12176,,0.84,2.95,1.82,2.58,0.64,0.36,0.74,1.19,1.71,0.6,0.52,0.52,0.66,2708.0,Citrus x limon,Riboviria,Orthornavirae,Kitrinoviricota,Alsuviricetes,Tymovirales,Alphaflexiviridae,Potexvirus,Mandarivirus,+ssRNA
Potexvirus,12176,,0.84,2.95,1.82,2.58,0.64,0.36,0.74,1.19,1.71,0.6,0.52,0.52,0.66,3559.0,Chenopodium album,Riboviria,Orthornavirae,Kitrinoviricota,Alsuviricetes,Tymovirales,Alphaflexiviridae,Potexvirus,Potexvirus flavitrifolii,+ssRNA
Potexvirus,12176,,0.84,2.95,1.82,2.58,0.64,0.36,0.74,1.19,1.71,0.6,0.52,0.52,0.66,3879.0,Medicago sativa,Riboviria,Orthornavirae,Kitrinoviricota,Alsuviricetes,Tymovirales,Alphaflexiviridae,Potexvirus,Potexvirus flavitrifolii,+ssRNA
Potexvirus,12176,,0.84,2.95,1.82,2.58,0.64,0.36,0.74,1.19,1.71,0.6,0.52,0.52,0.66,3888.0,Lathyrus oleraceus,Riboviria,Orthornavirae,Kitrinoviricota,Alsuviricetes,Tymovirales,Alphaflexiviridae,Potexvirus,Potexvirus flavitrifolii,+ssRNA
Potexvirus,12176,,0.84,2.95,1.82,2.58,0.64,0.36,0.74,1.19,1.71,0.6,0.52,0.52,0.66,3898.0,Trifolium,Riboviria,Orthornavirae,Kitrinoviricota,Alsuviricetes,Tymovirales,Alphaflexiviridae,Potexvirus,Potexvirus flavitrifolii,+ssRNA
Potexvirus,12176,,0.84,2.95,1.82,2.58,0.64,0.36,0.74,1.19,1.71,0.6,0.52,0.52,0.66,3908.0,Vicia sativa,Riboviria,Orthornavirae,Kitrinoviricota,Alsuviricetes,Tymovirales,Alphaflexiviridae,Potexvirus,Potexvirus flavitrifolii,+ssRNA
Potexvirus,12176,,0.84,2.95,1.82,2.58,0.64,0.36,0.74,1.19,1.71,0.6,0.52,0.52,0.66,13274.0,Stellaria media,Riboviria,Orthornavirae,Kitrinoviricota,Alsuviricetes,Tymovirales,Alphaflexiviridae,Potexvirus,Potexvirus flavitrifolii,+ssRNA
Potexvirus,12176,,0.84,2.95,1.82,2.58,0.64,0.36,0.74,1.19,1.71,0.6,0.52,0.52,0.66,283210.0,Malus pumila,Riboviria,Orthornavirae,Kitrinoviricota,Alsuviricetes,Tymovirales,Alphaflexiviridae,Potexvirus,Potexvirus flavitrifolii,+ssRNA
Potexvirus,12176,,0.84,2.95,1.82,2.58,0.64,0.36,0.74,1.19,1.71,0.6,0.52,0.52,0.66,54711.0,Conioselinum officinale,Riboviria,Orthornavirae,Kitrinoviricota,Alsuviricetes,Tymovirales,Alphaflexiviridae,Potexvirus,Potexvirus ecscnidii,+ssRNA
Potexvirus,12176,,0.84,2.95,1.82,2.58,0.64,0.36,0.74,1.19,1.71,0.6,0.52,0.52,0.66,28471.0,Cymbidium hybrid cultivar,Riboviria,Orthornavirae,Kitrinoviricota,Alsuviricetes,Tymovirales,Alphaflexiviridae,Potexvirus,Potexvirus cymbidii,+ssRNA
Potexvirus,12176,,0.84,2.95,1.82,2.58,0.64,0.36,0.74,1.19,1.71,0.6,0.52,0.52,0.66,36459.0,Phalaenopsis,Riboviria,Orthornavirae,Kitrinoviricota,Alsuviricetes,Tymovirales,Alphaflexiviridae,Potexvirus,Potexvirus cymbidii,+ssRNA
Potexvirus,12176,,0.84,2.95,1.82,2.58,0.64,0.36,0.74,1.19,1.71,0.6,0.52,0.52,0.66,38198.0,Vanda,Riboviria,Orthornavirae,Kitrinoviricota,Alsuviricetes,Tymovirales,Alphaflexiviridae,Potexvirus,Potexvirus cymbidii,+ssRNA
Potexvirus,12176,,0.84,2.95,1.82,2.58,0.64,0.36,0.74,1.19,1.71,0.6,0.52,0.52,0.66,38234.0,Epidendrum,Riboviria,Orthornavirae,Kitrinoviricota,Alsuviricetes,Tymovirales,Alphaflexiviridae,Potexvirus,Potexvirus cymbidii,+ssRNA
Potexvirus,12176,,0.84,2.95,1.82,2.58,0.64,0.36,0.74,1.19,1.71,0.6,0.52,0.52,0.66,38236.0,Cattleya,Riboviria,Orthornavirae,Kitrinoviricota,Alsuviricetes,Tymovirales,Alphaflexiviridae,Potexvirus,Potexvirus cymbidii,+ssRNA
Potexvirus,12176,,0.84,2.95,1.82,2.58,0.64,0.36,0.74,1.19,1.71,0.6,0.52,0.52,0.66,45173.0,Oncidium,Riboviria,Orthornavirae,Kitrinoviricota,Alsuviricetes,Tymovirales,Alphaflexiviridae,Potexvirus,Potexvirus cymbidii,+ssRNA
Potexvirus,12176,,0.84,2.95,1.82,2.58,0.64,0.36,0.74,1.19,1.71,0.6,0.52,0.52,0.66,78858.0,Zygopetalum,Riboviria,Orthornavirae,Kitrinoviricota,Alsuviricetes,Tymovirales,Alphaflexiviridae,Potexvirus,Potexvirus cymbidii,+ssRNA
Potexvirus,12176,,0.84,2.95,1.82,2.58,0.64,0.36,0.74,1.19,1.71,0.6,0.52,0.52,0.66,112603.0,Cymbidium aloifolium,Riboviria,Orthornavirae,Kitrinoviricota,Alsuviricetes,Tymovirales,Alphaflexiviridae,Potexvirus,Potexvirus cymbidii,+ssRNA
Potexvirus,12176,,0.84,2.95,1.82,2.58,0.64,0.36,0.74,1.19,1.71,0.6,0.52,0.52,0.66,120015.0,Phaius tancarvilleae,Riboviria,Orthornavirae,Kitrinoviricota,Alsuviricetes,Tymovirales,Alphaflexiviridae,Potexvirus,Potexvirus cymbidii,+ssRNA
Potexvirus,12176,,0.84,2.95,1.82,2.58,0.64,0.36,0.74,1.19,1.71,0.6,0.52,0.52,0.66,123155.0,Laelia,Riboviria,Orthornavirae,Kitrinoviricota,Alsuviricetes,Tymovirales,Alphaflexiviridae,Potexvirus,Potexvirus cymbidii,+ssRNA
Potexvirus,12176,,0.84,2.95,1.82,2.58,0.64,0.36,0.74,1.19,1.71,0.6,0.52,0.52,0.66,141750.0,Coelogyne imbricata,Riboviria,Orthornavirae,Kitrinoviricota,Alsuviricetes,Tymovirales,Alphaflexiviridae,Potexvirus,Potexvirus cymbidii,+ssRNA
Potexvirus,12176,,0.84,2.95,1.82,2.58,0.64,0.36,0.74,1.19,1.71,0.6,0.52,0.52,0.66,160533.0,Cymbidium iridioides,Riboviria,Orthornavirae,Kitrinoviricota,Alsuviricetes,Tymovirales,Alphaflexiviridae,Potexvirus,Potexvirus cymbidii,+ssRNA
Potexvirus,12176,,0.84,2.95,1.82,2.58,0.64,0.36,0.74,1.19,1.71,0.6,0.52,0.52,0.66,4309.0,Euonymus maackii,Riboviria,Orthornavirae,Kitrinoviricota,Alsuviricetes,Tymovirales,Alphaflexiviridae,Potexvirus,Potexvirus flavimaculae,+ssRNA
Potexvirus,12176,,0.84,2.95,1.82,2.58,0.64,0.36,0.74,1.19,1.71,0.6,0.52,0.52,0.66,4555.0,Setaria italica,Riboviria,Orthornavirae,Kitrinoviricota,Alsuviricetes,Tymovirales,Alphaflexiviridae,Potexvirus,Potexvirus setariae,+ssRNA
Potexvirus,12176,,0.84,2.95,1.82,2.58,0.64,0.36,0.74,1.19,1.71,0.6,0.52,0.52,0.66,4556.0,Setaria viridis,Riboviria,Orthornavirae,Kitrinoviricota,Alsuviricetes,Tymovirales,Alphaflexiviridae,Potexvirus,Potexvirus setariae,+ssRNA
Potexvirus,12176,,0.84,2.95,1.82,2.58,0.64,0.36,0.74,1.19,1.71,0.6,0.52,0.52,0.66,13090.0,Hosta,Riboviria,Orthornavirae,Kitrinoviricota,Alsuviricetes,Tymovirales,Alphaflexiviridae,Potexvirus,Potexvirus ecshostae,+ssRNA
Potexvirus,12176,,0.84,2.95,1.82,2.58,0.64,0.36,0.74,1.19,1.71,0.6,0.52,0.52,0.66,1035810.0,Hosta minor,Riboviria,Orthornavirae,Kitrinoviricota,Alsuviricetes,Tymovirales,Alphaflexiviridae,Potexvirus,Potexvirus ecshostae,+ssRNA
Potexvirus,12176,,0.84,2.95,1.82,2.58,0.64,0.36,0.74,1.19,1.71,0.6,0.52,0.52,0.66,23109.0,Hydrangea,Riboviria,Orthornavirae,Kitrinoviricota,Alsuviricetes,Tymovirales,Alphaflexiviridae,Potexvirus,Potexvirus hydrangeae,+ssRNA
Potexvirus,12176,,0.84,2.95,1.82,2.58,0.64,0.36,0.74,1.19,1.71,0.6,0.52,0.52,0.66,2706.0,Citrus,Riboviria,Orthornavirae,Kitrinoviricota,Alsuviricetes,Tymovirales,Alphaflexiviridae,Potexvirus,Mandarivirus,+ssRNA
Potexvirus,12176,,0.84,2.95,1.82,2.58,0.64,0.36,0.74,1.19,1.71,0.6,0.52,0.52,0.66,4236.0,Lactuca sativa,Riboviria,Orthornavirae,Kitrinoviricota,Alsuviricetes,Tymovirales,Alphaflexiviridae,Potexvirus,Potexvirus ecslactucae,+ssRNA
Potexvirus,12176,,0.84,2.95,1.82,2.58,0.64,0.36,0.74,1.19,1.71,0.6,0.52,0.52,0.66,63788.0,Lilium formosanum,Riboviria,Orthornavirae,Kitrinoviricota,Alsuviricetes,Tymovirales,Alphaflexiviridae,Potexvirus,Potexvirus ecslilii,+ssRNA
Potexvirus,12176,,0.84,2.95,1.82,2.58,0.64,0.36,0.74,1.19,1.71,0.6,0.52,0.52,0.66,183277.0,Malva neglecta,Riboviria,Orthornavirae,Kitrinoviricota,Alsuviricetes,Tymovirales,Alphaflexiviridae,Potexvirus,Potexvirus malvae,+ssRNA
Potexvirus,12176,,0.84,2.95,1.82,2.58,0.64,0.36,0.74,1.19,1.71,0.6,0.52,0.52,0.66,241069.0,Mentha x gracilis,Riboviria,Orthornavirae,Kitrinoviricota,Alsuviricetes,Tymovirales,Alphaflexiviridae,Potexvirus,Potexvirus ecsmenthae,+ssRNA
Potexvirus,12176,,0.84,2.95,1.82,2.58,0.64,0.36,0.74,1.19,1.71,0.6,0.52,0.52,0.66,41775.0,Nandina,Riboviria,Orthornavirae,Kitrinoviricota,Alsuviricetes,Tymovirales,Alphaflexiviridae,Potexvirus,Potexvirus marmorplantagonis,+ssRNA
Potexvirus,12176,,0.84,2.95,1.82,2.58,0.64,0.36,0.74,1.19,1.71,0.6,0.52,0.52,0.66,39639.0,Narcissus pseudonarcissus,Riboviria,Orthornavirae,Kitrinoviricota,Alsuviricetes,Tymovirales,Alphaflexiviridae,Potexvirus,Potexvirus narcissi,+ssRNA
Potexvirus,12176,,0.84,2.95,1.82,2.58,0.64,0.36,0.74,1.19,1.71,0.6,0.52,0.52,0.66,51427.0,Agapanthus campanulatus,Riboviria,Orthornavirae,Kitrinoviricota,Alsuviricetes,Tymovirales,Alphaflexiviridae,Potexvirus,Potexvirus ecsnerinis,+ssRNA
Potexvirus,12176,,0.84,2.95,1.82,2.58,0.64,0.36,0.74,1.19,1.71,0.6,0.52,0.52,0.66,180152.0,Nerine sarniensis,Riboviria,Orthornavirae,Kitrinoviricota,Alsuviricetes,Tymovirales,Alphaflexiviridae,Potexvirus,Potexvirus ecsnerinis,+ssRNA
Potexvirus,12176,,0.84,2.95,1.82,2.58,0.64,0.36,0.74,1.19,1.71,0.6,0.52,0.52,0.66,106975.0,Opuntia,Riboviria,Orthornavirae,Kitrinoviricota,Alsuviricetes,Tymovirales,Alphaflexiviridae,Potexvirus,Potexvirus ecsopuntiae,+ssRNA
Potexvirus,12176,,0.84,2.95,1.82,2.58,0.64,0.36,0.74,1.19,1.71,0.6,0.52,0.52,0.66,108055.0,Ullucus tuberosus,Riboviria,Orthornavirae,Kitrinoviricota,Alsuviricetes,Tymovirales,Alphaflexiviridae,Potexvirus,Potexvirus papayae,+ssRNA
Potexvirus,12176,,0.84,2.95,1.82,2.58,0.64,0.36,0.74,1.19,1.71,0.6,0.52,0.52,0.66,4081.0,Solanum lycopersicum,Riboviria,Orthornavirae,Kitrinoviricota,Alsuviricetes,Tymovirales,Alphaflexiviridae,Potexvirus,Potexvirus pepini,+ssRNA
Potexvirus,12176,,0.84,2.95,1.82,2.58,0.64,0.36,0.74,1.19,1.71,0.6,0.52,0.52,0.66,81866.0,Nicotiana clevelandii,Riboviria,Orthornavirae,Kitrinoviricota,Alsuviricetes,Tymovirales,Alphaflexiviridae,Potexvirus,Potexvirus pepini,+ssRNA
Potexvirus,12176,,0.84,2.95,1.82,2.58,0.64,0.36,0.74,1.19,1.71,0.6,0.52,0.52,0.66,205567.0,Solanum muricatum,Riboviria,Orthornavirae,Kitrinoviricota,Alsuviricetes,Tymovirales,Alphaflexiviridae,Potexvirus,Potexvirus pepini,+ssRNA
Potexvirus,12176,,0.84,2.95,1.82,2.58,0.64,0.36,0.74,1.19,1.71,0.6,0.52,0.52,0.66,221775.0,Gomphrena globosa,Riboviria,Orthornavirae,Kitrinoviricota,Alsuviricetes,Tymovirales,Alphaflexiviridae,Potexvirus,Potexvirus pepini,+ssRNA
Potexvirus,12176,,0.84,2.95,1.82,2.58,0.64,0.36,0.74,1.19,1.71,0.6,0.52,0.52,0.66,3043474.0,Calanthe flava,Riboviria,Orthornavirae,Kitrinoviricota,Alsuviricetes,Tymovirales,Alphaflexiviridae,Potexvirus,Potexvirus ecsphaii,+ssRNA
Potexvirus,12176,,0.84,2.95,1.82,2.58,0.64,0.36,0.74,1.19,1.71,0.6,0.52,0.52,0.66,3243256.0,Selenicereus sp.,Riboviria,Orthornavirae,Kitrinoviricota,Alsuviricetes,Tymovirales,Alphaflexiviridae,Potexvirus,Potexvirus ecspitayae,+ssRNA
Potexvirus,12176,,0.84,2.95,1.82,2.58,0.64,0.36,0.74,1.19,1.71,0.6,0.52,0.52,0.66,197796.0,Plantago asiatica,Riboviria,Orthornavirae,Kitrinoviricota,Alsuviricetes,Tymovirales,Alphaflexiviridae,Potexvirus,Potexvirus marmorplantagonis,+ssRNA
Potexvirus,12176,,0.84,2.95,1.82,2.58,0.64,0.36,0.74,1.19,1.71,0.6,0.52,0.52,0.66,78511.0,Ribes nigrum,Riboviria,Orthornavirae,Kitrinoviricota,Alsuviricetes,Tymovirales,Alphaflexiviridae,Potexvirus,Potexvirus ecsplantagonis,+ssRNA
Potexvirus,12176,,0.84,2.95,1.82,2.58,0.64,0.36,0.74,1.19,1.71,0.6,0.52,0.52,0.66,4113.0,Solanum tuberosum,Riboviria,Orthornavirae,Kitrinoviricota,Alsuviricetes,Tymovirales,Alphaflexiviridae,Potexvirus,Potexvirus marmoraucuba,+ssRNA
Potexvirus,12176,,0.84,2.95,1.82,2.58,0.64,0.36,0.74,1.19,1.71,0.6,0.52,0.52,0.66,3711.0,Brassica rapa,Riboviria,Orthornavirae,Kitrinoviricota,Alsuviricetes,Tymovirales,Alphaflexiviridae,Potexvirus,Potexvirus ecspotati,+ssRNA
Potexvirus,12176,,0.84,2.95,1.82,2.58,0.64,0.36,0.74,1.19,1.71,0.6,0.52,0.52,0.66,103543.0,Phlox stolonifera,Riboviria,Orthornavirae,Kitrinoviricota,Alsuviricetes,Tymovirales,Alphaflexiviridae,Potexvirus,,+ssRNA
Potexvirus,12176,,0.84,2.95,1.82,2.58,0.64,0.36,0.74,1.19,1.71,0.6,0.52,0.52,0.66,4678.0,Allium,Riboviria,Orthornavirae,Kitrinoviricota,Alsuviricetes,Tymovirales,Alphaflexiviridae,Potexvirus,,+ssRNA
Potexvirus,12176,,0.84,2.95,1.82,2.58,0.64,0.36,0.74,1.19,1.71,0.6,0.52,0.52,0.66,3542.0,Aizoaceae,Riboviria,Orthornavirae,Kitrinoviricota,Alsuviricetes,Tymovirales,Alphaflexiviridae,Potexvirus,,+ssRNA
Potexvirus,12176,,0.84,2.95,1.82,2.58,0.64,0.36,0.74,1.19,1.71,0.6,0.52,0.52,0.66,3563.0,Amaranthaceae,Riboviria,Orthornavirae,Kitrinoviricota,Alsuviricetes,Tymovirales,Alphaflexiviridae,Potexvirus,,+ssRNA
Potexvirus,12176,,0.84,2.95,1.82,2.58,0.64,0.36,0.74,1.19,1.71,0.6,0.52,0.52,0.66,3629.0,Malvaceae,Riboviria,Orthornavirae,Kitrinoviricota,Alsuviricetes,Tymovirales,Alphaflexiviridae,Potexvirus,,+ssRNA
Potexvirus,12176,,0.84,2.95,1.82,2.58,0.64,0.36,0.74,1.19,1.71,0.6,0.52,0.52,0.66,3650.0,Cucurbitaceae,Riboviria,Orthornavirae,Kitrinoviricota,Alsuviricetes,Tymovirales,Alphaflexiviridae,Potexvirus,,+ssRNA
Potexvirus,12176,,0.84,2.95,1.82,2.58,0.64,0.36,0.74,1.19,1.71,0.6,0.52,0.52,0.66,3803.0,Fabaceae,Riboviria,Orthornavirae,Kitrinoviricota,Alsuviricetes,Tymovirales,Alphaflexiviridae,Potexvirus,,+ssRNA
Potexvirus,12176,,0.84,2.95,1.82,2.58,0.64,0.36,0.74,1.19,1.71,0.6,0.52,0.52,0.66,4070.0,Solanaceae,Riboviria,Orthornavirae,Kitrinoviricota,Alsuviricetes,Tymovirales,Alphaflexiviridae,Potexvirus,,+ssRNA
Potexvirus,12176,,0.84,2.95,1.82,2.58,0.64,0.36,0.74,1.19,1.71,0.6,0.52,0.52,0.66,4180.0,Pedaliaceae,Riboviria,Orthornavirae,Kitrinoviricota,Alsuviricetes,Tymovirales,Alphaflexiviridae,Potexvirus,,+ssRNA
Potexvirus,12176,,0.84,2.95,1.82,2.58,0.64,0.36,0.74,1.19,1.71,0.6,0.52,0.52,0.66,4210.0,Asteraceae,Riboviria,Orthornavirae,Kitrinoviricota,Alsuviricetes,Tymovirales,Alphaflexiviridae,Potexvirus,,+ssRNA
Potexvirus,12176,,0.84,2.95,1.82,2.58,0.64,0.36,0.74,1.19,1.71,0.6,0.52,0.52,0.66,4479.0,Poaceae,Riboviria,Orthornavirae,Kitrinoviricota,Alsuviricetes,Tymovirales,Alphaflexiviridae,Potexvirus,,+ssRNA
Potexvirus,12176,,0.84,2.95,1.82,2.58,0.64,0.36,0.74,1.19,1.71,0.6,0.52,0.52,0.66,56741.0,Alstroemeria,Riboviria,Orthornavirae,Kitrinoviricota,Alsuviricetes,Tymovirales,Alphaflexiviridae,Potexvirus,,+ssRNA
Potexvirus,12176,,0.84,2.95,1.82,2.58,0.64,0.36,0.74,1.19,1.71,0.6,0.52,0.52,0.66,29715.0,Ambrosia psilostachya,Riboviria,Orthornavirae,Kitrinoviricota,Alsuviricetes,Tymovirales,Alphaflexiviridae,Potexvirus,,+ssRNA
Potexvirus,12176,,0.84,2.95,1.82,2.58,0.64,0.36,0.74,1.19,1.71,0.6,0.52,0.52,0.66,371859.0,Opuntia ficus-indica,Riboviria,Orthornavirae,Kitrinoviricota,Alsuviricetes,Tymovirales,Alphaflexiviridae,Potexvirus,unclassified Potexvirus,+ssRNA
Potexvirus,12176,,0.84,2.95,1.82,2.58,0.64,0.36,0.74,1.19,1.71,0.6,0.52,0.52,0.66,3594.0,Schlumbergera,Riboviria,Orthornavirae,Kitrinoviricota,Alsuviricetes,Tymovirales,Alphaflexiviridae,Potexvirus,Potexvirus ecschlumbergerae,+ssRNA
Potexvirus,12176,,0.84,2.95,1.82,2.58,0.64,0.36,0.74,1.19,1.71,0.6,0.52,0.52,0.66,57918.0,Fragaria vesca,Riboviria,Orthornavirae,Kitrinoviricota,Alsuviricetes,Tymovirales,Alphaflexiviridae,Potexvirus,Potexvirus fragariae,+ssRNA
Potexvirus,12176,,0.84,2.95,1.82,2.58,0.64,0.36,0.74,1.19,1.71,0.6,0.52,0.52,0.66,59498.0,Rubus rosifolius,Riboviria,Orthornavirae,Kitrinoviricota,Alsuviricetes,Tymovirales,Alphaflexiviridae,Potexvirus,Potexvirus fragariae,+ssRNA
Potexvirus,12176,,0.84,2.95,1.82,2.58,0.64,0.36,0.74,1.19,1.71,0.6,0.52,0.52,0.66,55634.0,Dioscorea communis,Riboviria,Orthornavirae,Kitrinoviricota,Alsuviricetes,Tymovirales,Alphaflexiviridae,Potexvirus,Potexvirus marmordioscoreae,+ssRNA
Potexvirus,12176,,0.84,2.95,1.82,2.58,0.64,0.36,0.74,1.19,1.71,0.6,0.52,0.52,0.66,13306.0,Tulipa gesneriana,Riboviria,Orthornavirae,Kitrinoviricota,Alsuviricetes,Tymovirales,Alphaflexiviridae,Potexvirus,Potexvirus ecstulipae,+ssRNA
Potexvirus,12176,,0.84,2.95,1.82,2.58,0.64,0.36,0.74,1.19,1.71,0.6,0.52,0.52,0.66,55497.0,Thalassia testudinum,Riboviria,Orthornavirae,Kitrinoviricota,Alsuviricetes,Tymovirales,Alphaflexiviridae,Potexvirus,Potexvirus ecsthalassiae,+ssRNA
Potexvirus,12176,,0.84,2.95,1.82,2.58,0.64,0.36,0.74,1.19,1.71,0.6,0.52,0.52,0.66,51239.0,Vanilla planifolia,Riboviria,Orthornavirae,Kitrinoviricota,Alsuviricetes,Tymovirales,Alphaflexiviridae,Potexvirus,Potexvirus ecsvanillae,+ssRNA
Potexvirus,12176,,0.84,2.95,1.82,2.58,0.64,0.36,0.74,1.19,1.71,0.6,0.52,0.52,0.66,55581.0,Dioscorea trifida,Riboviria,Orthornavirae,Kitrinoviricota,Alsuviricetes,Tymovirales,Alphaflexiviridae,Potexvirus,Potexvirus ecsdioscoreae,+ssRNA
Tobamovirus,12234,54.9,68.85,53.38,59.57,52.69,81.07,92.13,68.04,70.86,74.28,50.1,51.21,48.49,61.15,4071.0,Capsicum,Riboviria,Orthornavirae,Kitrinoviricota,Alsuviricetes,Martellivirales,Virgaviridae,Tobamovirus,Tobamovirus maculacapsici,+ssRNA
Tobamovirus,12234,54.9,68.85,53.38,59.57,52.69,81.07,92.13,68.04,70.86,74.28,50.1,51.21,48.49,61.15,4100.0,Nicotiana benthamiana,Riboviria,Orthornavirae,Kitrinoviricota,Alsuviricetes,Martellivirales,Virgaviridae,Tobamovirus,Tobamovirus maculacapsici,+ssRNA
Tobamovirus,12234,54.9,68.85,53.38,59.57,52.69,81.07,92.13,68.04,70.86,74.28,50.1,51.21,48.49,61.15,35889.0,Nicotiana glutinosa,Riboviria,Orthornavirae,Kitrinoviricota,Alsuviricetes,Martellivirales,Virgaviridae,Tobamovirus,Tobamovirus maculacapsici,+ssRNA
Tobamovirus,12234,54.9,68.85,53.38,59.57,52.69,81.07,92.13,68.04,70.86,74.28,50.1,51.21,48.49,61.15,223891.0,Solanum virginianum,Riboviria,Orthornavirae,Kitrinoviricota,Alsuviricetes,Martellivirales,Virgaviridae,Tobamovirus,Tobamovirus maculacapsici,+ssRNA
Tobamovirus,12234,54.9,68.85,53.38,59.57,52.69,81.07,92.13,68.04,70.86,74.28,50.1,51.21,48.49,61.15,301914.0,Brugmansia,Riboviria,Orthornavirae,Kitrinoviricota,Alsuviricetes,Martellivirales,Virgaviridae,Tobamovirus,Tobamovirus brugmansiae,+ssRNA
Tobamovirus,12234,54.9,68.85,53.38,59.57,52.69,81.07,92.13,68.04,70.86,74.28,50.1,51.21,48.49,61.15,3342679.0,Brugmansia sp.,Riboviria,Orthornavirae,Kitrinoviricota,Alsuviricetes,Martellivirales,Virgaviridae,Tobamovirus,Tobamovirus brugmansiae,+ssRNA
Tobamovirus,12234,54.9,68.85,53.38,59.57,52.69,81.07,92.13,68.04,70.86,74.28,50.1,51.21,48.49,61.15,484760.0,Gymnocalycium mihanovichii,Riboviria,Orthornavirae,Kitrinoviricota,Alsuviricetes,Martellivirales,Virgaviridae,Tobamovirus,Tobamovirus cacti,+ssRNA
Tobamovirus,12234,54.9,68.85,53.38,59.57,52.69,81.07,92.13,68.04,70.86,74.28,50.1,51.21,48.49,61.15,43366.0,Clitoria ternatea,Riboviria,Orthornavirae,Kitrinoviricota,Alsuviricetes,Martellivirales,Virgaviridae,Tobamovirus,Tobamovirus clitoriae,+ssRNA
Tobamovirus,12234,54.9,68.85,53.38,59.57,52.69,81.07,92.13,68.04,70.86,74.28,50.1,51.21,48.49,61.15,3659.0,Cucumis sativus,Riboviria,Orthornavirae,Kitrinoviricota,Alsuviricetes,Martellivirales,Virgaviridae,Tobamovirus,Tobamovirus maculafructi,+ssRNA
Tobamovirus,12234,54.9,68.85,53.38,59.57,52.69,81.07,92.13,68.04,70.86,74.28,50.1,51.21,48.49,61.15,869827.0,Cucumis sativus var. sativus,Riboviria,Orthornavirae,Kitrinoviricota,Alsuviricetes,Martellivirales,Virgaviridae,Tobamovirus,Tobamovirus maculafructi,+ssRNA
Tobamovirus,12234,54.9,68.85,53.38,59.57,52.69,81.07,92.13,68.04,70.86,74.28,50.1,51.21,48.49,61.15,3653.0,Citrullus,Riboviria,Orthornavirae,Kitrinoviricota,Alsuviricetes,Martellivirales,Virgaviridae,Tobamovirus,Tobamovirus viridimaculae,+ssRNA
Tobamovirus,12234,54.9,68.85,53.38,59.57,52.69,81.07,92.13,68.04,70.86,74.28,50.1,51.21,48.49,61.15,3668.0,Lagenaria siceraria,Riboviria,Orthornavirae,Kitrinoviricota,Alsuviricetes,Martellivirales,Virgaviridae,Tobamovirus,Tobamovirus viridimaculae,+ssRNA
Tobamovirus,12234,54.9,68.85,53.38,59.57,52.69,81.07,92.13,68.04,70.86,74.28,50.1,51.21,48.49,61.15,3656.0,Cucumis melo,Riboviria,Orthornavirae,Kitrinoviricota,Alsuviricetes,Martellivirales,Virgaviridae,Tobamovirus,Tobamovirus cucumeris,+ssRNA
Tobamovirus,12234,54.9,68.85,53.38,59.57,52.69,81.07,92.13,68.04,70.86,74.28,50.1,51.21,48.49,61.15,62097.0,Plumeria rubra,Riboviria,Orthornavirae,Kitrinoviricota,Alsuviricetes,Martellivirales,Virgaviridae,Tobamovirus,Tobamovirus frangipani,+ssRNA
Tobamovirus,12234,54.9,68.85,53.38,59.57,52.69,81.07,92.13,68.04,70.86,74.28,50.1,51.21,48.49,61.15,47605.0,Hibiscus,Riboviria,Orthornavirae,Kitrinoviricota,Alsuviricetes,Martellivirales,Virgaviridae,Tobamovirus,Tobamovirus fortpiercense,+ssRNA
Tobamovirus,12234,54.9,68.85,53.38,59.57,52.69,81.07,92.13,68.04,70.86,74.28,50.1,51.21,48.49,61.15,1617259.0,Hoya wayetii,Riboviria,Orthornavirae,Kitrinoviricota,Alsuviricetes,Martellivirales,Virgaviridae,Tobamovirus,unclassified Tobamovirus,+ssRNA
Tobamovirus,12234,54.9,68.85,53.38,59.57,52.69,81.07,92.13,68.04,70.86,74.28,50.1,51.21,48.49,61.15,3654.0,Citrullus lanatus,Riboviria,Orthornavirae,Kitrinoviricota,Alsuviricetes,Martellivirales,Virgaviridae,Tobamovirus,Tobamovirus kyuri,+ssRNA
Tobamovirus,12234,54.9,68.85,53.38,59.57,52.69,81.07,92.13,68.04,70.86,74.28,50.1,51.21,48.49,61.15,3661.0,Cucurbita maxima,Riboviria,Orthornavirae,Kitrinoviricota,Alsuviricetes,Martellivirales,Virgaviridae,Tobamovirus,Tobamovirus kyuri,+ssRNA
Tobamovirus,12234,54.9,68.85,53.38,59.57,52.69,81.07,92.13,68.04,70.86,74.28,50.1,51.21,48.49,61.15,3662.0,Cucurbita moschata,Riboviria,Orthornavirae,Kitrinoviricota,Alsuviricetes,Martellivirales,Virgaviridae,Tobamovirus,Tobamovirus kyuri,+ssRNA
Tobamovirus,12234,54.9,68.85,53.38,59.57,52.69,81.07,92.13,68.04,70.86,74.28,50.1,51.21,48.49,61.15,3663.0,Cucurbita pepo,Riboviria,Orthornavirae,Kitrinoviricota,Alsuviricetes,Martellivirales,Virgaviridae,Tobamovirus,Tobamovirus kyuri,+ssRNA
Tobamovirus,12234,54.9,68.85,53.38,59.57,52.69,81.07,92.13,68.04,70.86,74.28,50.1,51.21,48.49,61.15,3670.0,Luffa aegyptiaca,Riboviria,Orthornavirae,Kitrinoviricota,Alsuviricetes,Martellivirales,Virgaviridae,Tobamovirus,Tobamovirus kyuri,+ssRNA
Tobamovirus,12234,54.9,68.85,53.38,59.57,52.69,81.07,92.13,68.04,70.86,74.28,50.1,51.21,48.49,61.15,4076.0,Datura stramonium,Riboviria,Orthornavirae,Kitrinoviricota,Alsuviricetes,Martellivirales,Virgaviridae,Tobamovirus,Tobamovirus kyuri,+ssRNA
Tobamovirus,12234,54.9,68.85,53.38,59.57,52.69,81.07,92.13,68.04,70.86,74.28,50.1,51.21,48.49,61.15,78168.0,Passiflora edulis,Riboviria,Orthornavirae,Kitrinoviricota,Alsuviricetes,Martellivirales,Virgaviridae,Tobamovirus,Tobamovirus maracujae,+ssRNA
Tobamovirus,12234,54.9,68.85,53.38,59.57,52.69,81.07,92.13,68.04,70.86,74.28,50.1,51.21,48.49,61.15,4097.0,Nicotiana tabacum,Riboviria,Orthornavirae,Kitrinoviricota,Alsuviricetes,Martellivirales,Virgaviridae,Tobamovirus,Tobamovirus obudae,+ssRNA
Tobamovirus,12234,54.9,68.85,53.38,59.57,52.69,81.07,92.13,68.04,70.86,74.28,50.1,51.21,48.49,61.15,4112.0,Solanum nigrum,Riboviria,Orthornavirae,Kitrinoviricota,Alsuviricetes,Martellivirales,Virgaviridae,Tobamovirus,Tobamovirus obudae,+ssRNA
Tobamovirus,12234,54.9,68.85,53.38,59.57,52.69,81.07,92.13,68.04,70.86,74.28,50.1,51.21,48.49,61.15,14366.0,Cymbidium,Riboviria,Orthornavirae,Kitrinoviricota,Alsuviricetes,Martellivirales,Virgaviridae,Tobamovirus,Tobamovirus odontoglossi,+ssRNA
Tobamovirus,12234,54.9,68.85,53.38,59.57,52.69,81.07,92.13,68.04,70.86,74.28,50.1,51.21,48.49,61.15,45173.0,Oncidium,Riboviria,Orthornavirae,Kitrinoviricota,Alsuviricetes,Martellivirales,Virgaviridae,Tobamovirus,Tobamovirus odontoglossi,+ssRNA
Tobamovirus,12234,54.9,68.85,53.38,59.57,52.69,81.07,92.13,68.04,70.86,74.28,50.1,51.21,48.49,61.15,371859.0,Opuntia ficus-indica,Riboviria,Orthornavirae,Kitrinoviricota,Alsuviricetes,Martellivirales,Virgaviridae,Tobamovirus,unclassified Tobamovirus,+ssRNA
Tobamovirus,12234,54.9,68.85,53.38,59.57,52.69,81.07,92.13,68.04,70.86,74.28,50.1,51.21,48.49,61.15,4072.0,Capsicum annuum,Riboviria,Orthornavirae,Kitrinoviricota,Alsuviricetes,Martellivirales,Virgaviridae,Tobamovirus,Tobamovirus paprikae,+ssRNA
Tobamovirus,12234,54.9,68.85,53.38,59.57,52.69,81.07,92.13,68.04,70.86,74.28,50.1,51.21,48.49,61.15,159425.0,Passiflora incarnata,Riboviria,Orthornavirae,Kitrinoviricota,Alsuviricetes,Martellivirales,Virgaviridae,Tobamovirus,Tobamovirus passiflorae,+ssRNA
Tobamovirus,12234,54.9,68.85,53.38,59.57,52.69,81.07,92.13,68.04,70.86,74.28,50.1,51.21,48.49,61.15,3906.0,Vicia faba,Riboviria,Orthornavirae,Kitrinoviricota,Alsuviricetes,Martellivirales,Virgaviridae,Tobamovirus,Tobamovirus capsici,+ssRNA
Tobamovirus,12234,54.9,68.85,53.38,59.57,52.69,81.07,92.13,68.04,70.86,74.28,50.1,51.21,48.49,61.15,1123916.0,Disocactus flagelliformis,Riboviria,Orthornavirae,Kitrinoviricota,Alsuviricetes,Martellivirales,Virgaviridae,Tobamovirus,Tobamovirus muricaudae,+ssRNA
Tobamovirus,12234,54.9,68.85,53.38,59.57,52.69,81.07,92.13,68.04,70.86,74.28,50.1,51.21,48.49,61.15,99300.0,Rehmannia glutinosa,Riboviria,Orthornavirae,Kitrinoviricota,Alsuviricetes,Martellivirales,Virgaviridae,Tobamovirus,Tobamovirus rehmanniae,+ssRNA
Tobamovirus,12234,54.9,68.85,53.38,59.57,52.69,81.07,92.13,68.04,70.86,74.28,50.1,51.21,48.49,61.15,29818.0,Plantago major,Riboviria,Orthornavirae,Kitrinoviricota,Alsuviricetes,Martellivirales,Virgaviridae,Tobamovirus,Tobamovirus plantagonis,+ssRNA
Tobamovirus,12234,54.9,68.85,53.38,59.57,52.69,81.07,92.13,68.04,70.86,74.28,50.1,51.21,48.49,61.15,39414.0,Plantago lanceolata,Riboviria,Orthornavirae,Kitrinoviricota,Alsuviricetes,Martellivirales,Virgaviridae,Tobamovirus,Tobamovirus plantagonis,+ssRNA
Tobamovirus,12234,54.9,68.85,53.38,59.57,52.69,81.07,92.13,68.04,70.86,74.28,50.1,51.21,48.49,61.15,49450.0,Digitalis lanata,Riboviria,Orthornavirae,Kitrinoviricota,Alsuviricetes,Martellivirales,Virgaviridae,Tobamovirus,Tobamovirus plantagonis,+ssRNA
Tobamovirus,12234,54.9,68.85,53.38,59.57,52.69,81.07,92.13,68.04,70.86,74.28,50.1,51.21,48.49,61.15,52853.0,Silene latifolia subsp. alba,Riboviria,Orthornavirae,Kitrinoviricota,Alsuviricetes,Martellivirales,Virgaviridae,Tobamovirus,Tobamovirus plantagonis,+ssRNA
Tobamovirus,12234,54.9,68.85,53.38,59.57,52.69,81.07,92.13,68.04,70.86,74.28,50.1,51.21,48.49,61.15,65951.0,Rorippa amphibia,Riboviria,Orthornavirae,Kitrinoviricota,Alsuviricetes,Martellivirales,Virgaviridae,Tobamovirus,Tobamovirus plantagonis,+ssRNA
Tobamovirus,12234,54.9,68.85,53.38,59.57,52.69,81.07,92.13,68.04,70.86,74.28,50.1,51.21,48.49,61.15,65952.0,Rorippa sylvestris,Riboviria,Orthornavirae,Kitrinoviricota,Alsuviricetes,Martellivirales,Virgaviridae,Tobamovirus,Tobamovirus plantagonis,+ssRNA
Tobamovirus,12234,54.9,68.85,53.38,59.57,52.69,81.07,92.13,68.04,70.86,74.28,50.1,51.21,48.49,61.15,75806.0,Eutrema japonicum,Riboviria,Orthornavirae,Kitrinoviricota,Alsuviricetes,Martellivirales,Virgaviridae,Tobamovirus,Tobamovirus plantagonis,+ssRNA
Tobamovirus,12234,54.9,68.85,53.38,59.57,52.69,81.07,92.13,68.04,70.86,74.28,50.1,51.21,48.49,61.15,203579.0,Sisymbrium loeselii,Riboviria,Orthornavirae,Kitrinoviricota,Alsuviricetes,Martellivirales,Virgaviridae,Tobamovirus,Tobamovirus plantagonis,+ssRNA
Tobamovirus,12234,54.9,68.85,53.38,59.57,52.69,81.07,92.13,68.04,70.86,74.28,50.1,51.21,48.49,61.15,4093.0,Nicotiana rustica,Riboviria,Orthornavirae,Kitrinoviricota,Alsuviricetes,Martellivirales,Virgaviridae,Tobamovirus,Tobamovirus streptocarpi,+ssRNA
Tobamovirus,12234,54.9,68.85,53.38,59.57,52.69,81.07,92.13,68.04,70.86,74.28,50.1,51.21,48.49,61.15,4102.0,Petunia x hybrida,Riboviria,Orthornavirae,Kitrinoviricota,Alsuviricetes,Martellivirales,Virgaviridae,Tobamovirus,Tobamovirus streptocarpi,+ssRNA
Tobamovirus,12234,54.9,68.85,53.38,59.57,52.69,81.07,92.13,68.04,70.86,74.28,50.1,51.21,48.49,61.15,26254.0,Streptocarpus,Riboviria,Orthornavirae,Kitrinoviricota,Alsuviricetes,Martellivirales,Virgaviridae,Tobamovirus,Tobamovirus streptocarpi,+ssRNA
Tobamovirus,12234,54.9,68.85,53.38,59.57,52.69,81.07,92.13,68.04,70.86,74.28,50.1,51.21,48.49,61.15,63459.0,Chenopodium quinoa,Riboviria,Orthornavirae,Kitrinoviricota,Alsuviricetes,Martellivirales,Virgaviridae,Tobamovirus,Tobamovirus streptocarpi,+ssRNA
Tobamovirus,12234,54.9,68.85,53.38,59.57,52.69,81.07,92.13,68.04,70.86,74.28,50.1,51.21,48.49,61.15,81866.0,Nicotiana clevelandii,Riboviria,Orthornavirae,Kitrinoviricota,Alsuviricetes,Martellivirales,Virgaviridae,Tobamovirus,Tobamovirus streptocarpi,+ssRNA
Tobamovirus,12234,54.9,68.85,53.38,59.57,52.69,81.07,92.13,68.04,70.86,74.28,50.1,51.21,48.49,61.15,200313.0,Nicotiana occidentalis,Riboviria,Orthornavirae,Kitrinoviricota,Alsuviricetes,Martellivirales,Virgaviridae,Tobamovirus,Tobamovirus streptocarpi,+ssRNA
Tobamovirus,12234,54.9,68.85,53.38,59.57,52.69,81.07,92.13,68.04,70.86,74.28,50.1,51.21,48.49,61.15,3829.0,Crotalaria juncea,Riboviria,Orthornavirae,Kitrinoviricota,Alsuviricetes,Martellivirales,Virgaviridae,Tobamovirus,Tobamovirus crotalariae,+ssRNA
Tobamovirus,12234,54.9,68.85,53.38,59.57,52.69,81.07,92.13,68.04,70.86,74.28,50.1,51.21,48.49,61.15,3885.0,Phaseolus vulgaris,Riboviria,Orthornavirae,Kitrinoviricota,Alsuviricetes,Martellivirales,Virgaviridae,Tobamovirus,Tobamovirus crotalariae,+ssRNA
Tobamovirus,12234,54.9,68.85,53.38,59.57,52.69,81.07,92.13,68.04,70.86,74.28,50.1,51.21,48.49,61.15,3917.0,Vigna unguiculata,Riboviria,Orthornavirae,Kitrinoviricota,Alsuviricetes,Martellivirales,Virgaviridae,Tobamovirus,Tobamovirus crotalariae,+ssRNA
Tobamovirus,12234,54.9,68.85,53.38,59.57,52.69,81.07,92.13,68.04,70.86,74.28,50.1,51.21,48.49,61.15,35936.0,Lablab purpureus,Riboviria,Orthornavirae,Kitrinoviricota,Alsuviricetes,Martellivirales,Virgaviridae,Tobamovirus,Tobamovirus crotalariae,+ssRNA
Tobamovirus,12234,54.9,68.85,53.38,59.57,52.69,81.07,92.13,68.04,70.86,74.28,50.1,51.21,48.49,61.15,40336.0,Mucuna,Riboviria,Orthornavirae,Kitrinoviricota,Alsuviricetes,Martellivirales,Virgaviridae,Tobamovirus,Tobamovirus crotalariae,+ssRNA
Tobamovirus,12234,54.9,68.85,53.38,59.57,52.69,81.07,92.13,68.04,70.86,74.28,50.1,51.21,48.49,61.15,4090.0,Nicotiana glauca,Riboviria,Orthornavirae,Kitrinoviricota,Alsuviricetes,Martellivirales,Virgaviridae,Tobamovirus,Tobamovirus mititessellati,+ssRNA
Tobamovirus,12234,54.9,68.85,53.38,59.57,52.69,81.07,92.13,68.04,70.86,74.28,50.1,51.21,48.49,61.15,43071.0,Eryngium planum,Riboviria,Orthornavirae,Kitrinoviricota,Alsuviricetes,Martellivirales,Virgaviridae,Tobamovirus,Tobamovirus mititessellati,+ssRNA
Tobamovirus,12234,54.9,68.85,53.38,59.57,52.69,81.07,92.13,68.04,70.86,74.28,50.1,51.21,48.49,61.15,4081.0,Solanum lycopersicum,Riboviria,Orthornavirae,Kitrinoviricota,Alsuviricetes,Martellivirales,Virgaviridae,Tobamovirus,Tobamovirus fructirugosum,+ssRNA
Tobamovirus,12234,54.9,68.85,53.38,59.57,52.69,81.07,92.13,68.04,70.86,74.28,50.1,51.21,48.49,61.15,4101.0,Petunia,Riboviria,Orthornavirae,Kitrinoviricota,Alsuviricetes,Martellivirales,Virgaviridae,Tobamovirus,Tobamovirus tomatotessellati,+ssRNA
Tobamovirus,12234,54.9,68.85,53.38,59.57,52.69,81.07,92.13,68.04,70.86,74.28,50.1,51.21,48.49,61.15,4151.0,Antirrhinum majus,Riboviria,Orthornavirae,Kitrinoviricota,Alsuviricetes,Martellivirales,Virgaviridae,Tobamovirus,Tobamovirus tomatotessellati,+ssRNA
Tobamovirus,12234,54.9,68.85,53.38,59.57,52.69,81.07,92.13,68.04,70.86,74.28,50.1,51.21,48.49,61.15,13707.0,Tagetes,Riboviria,Orthornavirae,Kitrinoviricota,Alsuviricetes,Martellivirales,Virgaviridae,Tobamovirus,Tobamovirus tomatotessellati,+ssRNA
Tobamovirus,12234,54.9,68.85,53.38,59.57,52.69,81.07,92.13,68.04,70.86,74.28,50.1,51.21,48.49,61.15,46246.0,Delphinium,Riboviria,Orthornavirae,Kitrinoviricota,Alsuviricetes,Martellivirales,Virgaviridae,Tobamovirus,Tobamovirus tomatotessellati,+ssRNA
Tobamovirus,12234,54.9,68.85,53.38,59.57,52.69,81.07,92.13,68.04,70.86,74.28,50.1,51.21,48.49,61.15,215581.0,Solanum viarum,Riboviria,Orthornavirae,Kitrinoviricota,Alsuviricetes,Martellivirales,Virgaviridae,Tobamovirus,Tobamovirus tropici,+ssRNA
Tobamovirus,12234,54.9,68.85,53.38,59.57,52.69,81.07,92.13,68.04,70.86,74.28,50.1,51.21,48.49,61.15,3700.0,Brassicaceae,Riboviria,Orthornavirae,Kitrinoviricota,Alsuviricetes,Martellivirales,Virgaviridae,Tobamovirus,Tobamovirus rapae,+ssRNA
Tobamovirus,12234,54.9,68.85,53.38,59.57,52.69,81.07,92.13,68.04,70.86,74.28,50.1,51.21,48.49,61.15,3711.0,Brassica rapa,Riboviria,Orthornavirae,Kitrinoviricota,Alsuviricetes,Martellivirales,Virgaviridae,Tobamovirus,Tobamovirus rapae,+ssRNA
Tobamovirus,12234,54.9,68.85,53.38,59.57,52.69,81.07,92.13,68.04,70.86,74.28,50.1,51.21,48.49,61.15,195721.0,Anthocercis littorea,Riboviria,Orthornavirae,Kitrinoviricota,Alsuviricetes,Martellivirales,Virgaviridae,Tobamovirus,Tobamovirus anthocercis,+ssRNA
Tobamovirus,12234,54.9,68.85,53.38,59.57,52.69,81.07,92.13,68.04,70.86,74.28,50.1,51.21,48.49,61.15,3707.0,Brassica juncea,Riboviria,Orthornavirae,Kitrinoviricota,Alsuviricetes,Martellivirales,Virgaviridae,Tobamovirus,Tobamovirus youcai,+ssRNA
Tobamovirus,12234,54.9,68.85,53.38,59.57,52.69,81.07,92.13,68.04,70.86,74.28,50.1,51.21,48.49,61.15,3708.0,Brassica napus,Riboviria,Orthornavirae,Kitrinoviricota,Alsuviricetes,Martellivirales,Virgaviridae,Tobamovirus,Tobamovirus youcai,+ssRNA
Tobamovirus,12234,54.9,68.85,53.38,59.57,52.69,81.07,92.13,68.04,70.86,74.28,50.1,51.21,48.49,61.15,3664.0,Cucurbita pepo subsp. pepo,Riboviria,Orthornavirae,Kitrinoviricota,Alsuviricetes,Martellivirales,Virgaviridae,Tobamovirus,Tobamovirus cucurbitae,+ssRNA
Tobamovirus,12234,54.9,68.85,53.38,59.57,52.69,81.07,92.13,68.04,70.86,74.28,50.1,51.21,48.49,61.15,221775.0,Gomphrena globosa,Riboviria,Orthornavirae,Kitrinoviricota,Alsuviricetes,Martellivirales,Virgaviridae,Tobamovirus,Tobamovirus cucurbitae,+ssRNA
Chlamydiamicrovirus,40274,,,,,,,0.02,,,,,,,,83554.0,Chlamydia psittaci,Monodnaviria,Sangervirae,Phixviricota,Malgrandaviricetes,Petitvirales,Microviridae,Gokushovirinae,Chlamydiamicrovirus,
Chlamydiamicrovirus,40274,,,,,,,0.02,,,,,,,,83555.0,Chlamydia abortus,Monodnaviria,Sangervirae,Phixviricota,Malgrandaviricetes,Petitvirales,Microviridae,Gokushovirinae,Chlamydiamicrovirus,
Chlamydiamicrovirus,40274,,,,,,,0.02,,,,,,,,83556.0,Chlamydia felis,Monodnaviria,Sangervirae,Phixviricota,Malgrandaviricetes,Petitvirales,Microviridae,Gokushovirinae,Chlamydiamicrovirus,
Chlamydiamicrovirus,40274,,,,,,,0.02,,,,,,,,227941.0,Chlamydia caviae GPIC,Monodnaviria,Sangervirae,Phixviricota,Malgrandaviricetes,Petitvirales,Microviridae,Gokushovirinae,Chlamydiamicrovirus,
Chlamydiamicrovirus,40274,,,,,,,0.02,,,,,,,,331635.0,Chlamydia pecorum E58,Monodnaviria,Sangervirae,Phixviricota,Malgrandaviricetes,Petitvirales,Microviridae,Gokushovirinae,Chlamydiamicrovirus,
Chlamydiamicrovirus,40274,,,,,,,0.02,,,,,,,,115711.0,Chlamydia pneumoniae AR39,Monodnaviria,Sangervirae,Phixviricota,Malgrandaviricetes,Petitvirales,Microviridae,Gokushovirinae,Chlamydiamicrovirus,
Teseptimavirus,110456,,,,,,,,,0.14,,,,,,644.0,Aeromonas hydrophila,Duplodnaviria,Heunggongvirae,Uroviricota,Caudoviricetes,Autographivirales,Autotranscriptaviridae,Studiervirinae,Teseptimavirus,dsDNA
Teseptimavirus,110456,,,,,,,,,0.14,,,,,,158484.0,Cedecea davisae,Duplodnaviria,Heunggongvirae,Uroviricota,Caudoviricetes,Autographivirales,Autotranscriptaviridae,Studiervirinae,Teseptimavirus,dsDNA
Teseptimavirus,110456,,,,,,,,,0.14,,,,,,67780.0,Edwardsiella ictaluri,Duplodnaviria,Heunggongvirae,Uroviricota,Caudoviricetes,Autographivirales,Autotranscriptaviridae,Studiervirinae,Teseptimavirus,dsDNA
Teseptimavirus,110456,,,,,,,,,0.14,,,,,,511693.0,Escherichia coli BL21,Duplodnaviria,Heunggongvirae,Uroviricota,Caudoviricetes,Autographivirales,Autotranscriptaviridae,Studiervirinae,Teseptimavirus,dsDNA
Teseptimavirus,110456,,,,,,,,,0.14,,,,,,511145.0,Escherichia coli str. K-12 substr. MG1655,Duplodnaviria,Heunggongvirae,Uroviricota,Caudoviricetes,Autographivirales,Autotranscriptaviridae,Studiervirinae,Teseptimavirus,dsDNA
Teseptimavirus,110456,,,,,,,,,0.14,,,,,,753642.0,Escherichia coli NC101,Duplodnaviria,Heunggongvirae,Uroviricota,Caudoviricetes,Autographivirales,Autotranscriptaviridae,Studiervirinae,Teseptimavirus,dsDNA
Teseptimavirus,110456,,,,,,,,,0.14,,,,,,90370.0,Salmonella enterica subsp. enterica serovar Typhi,Duplodnaviria,Heunggongvirae,Uroviricota,Caudoviricetes,Autographivirales,Autotranscriptaviridae,Studiervirinae,Teseptimavirus,dsDNA
Teseptimavirus,110456,,,,,,,,,0.14,,,,,,594.0,Salmonella enterica subsp. enterica serovar Gallinarum,Duplodnaviria,Heunggongvirae,Uroviricota,Caudoviricetes,Autographivirales,Autotranscriptaviridae,Studiervirinae,Teseptimavirus,dsDNA
Teseptimavirus,110456,,,,,,,,,0.14,,,,,,625.0,Shigella sp.,Duplodnaviria,Heunggongvirae,Uroviricota,Caudoviricetes,Autographivirales,Autotranscriptaviridae,Studiervirinae,Teseptimavirus,dsDNA
Teseptimavirus,110456,,,,,,,,,0.14,,,,,,1035377.0,Yersinia pestis A1122,Duplodnaviria,Heunggongvirae,Uroviricota,Caudoviricetes,Autographivirales,Autotranscriptaviridae,Studiervirinae,Teseptimavirus,dsDNA
Norovirus,142786,,,,,,,,,,,,,0.16,0.14,9606.0,Homo sapiens,Riboviria,Orthornavirae,Pisuviricota,Pisoniviricetes,Picornavirales,Caliciviridae,Norovirus,Norovirus norwalkense,
Norovirus,142786,,,,,,,,,,,,,0.16,0.14,93163.0,Marmota himalayana,Riboviria,Orthornavirae,Pisuviricota,Pisoniviricetes,Picornavirales,Caliciviridae,Norovirus,unclassified Norovirus,
Norovirus,142786,,,,,,,,,,,,,0.16,0.14,10090.0,Mus musculus,Riboviria,Orthornavirae,Pisuviricota,Pisoniviricetes,Picornavirales,Caliciviridae,Norovirus,Norovirus norwalkense,
Norovirus,142786,,,,,,,,,,,,,0.16,0.14,10088.0,Mus,Riboviria,Orthornavirae,Pisuviricota,Pisoniviricetes,Picornavirales,Caliciviridae,Norovirus,Norovirus norwalkense,
Norovirus,142786,,,,,,,,,,,,,0.16,0.14,9685.0,Felis catus,Riboviria,Orthornavirae,Pisuviricota,Pisoniviricetes,Picornavirales,Caliciviridae,Norovirus,Norovirus norwalkense,
Norovirus,142786,,,,,,,,,,,,,0.16,0.14,9615.0,Canis lupus familiaris,Riboviria,Orthornavirae,Pisuviricota,Pisoniviricetes,Picornavirales,Caliciviridae,Norovirus,Norovirus norwalkense,
Norovirus,142786,,,,,,,,,,,,,0.16,0.14,9913.0,Bos taurus,Riboviria,Orthornavirae,Pisuviricota,Pisoniviricetes,Picornavirales,Caliciviridae,Norovirus,Norovirus norwalkense,
Norovirus,142786,,,,,,,,,,,,,0.16,0.14,9823.0,Sus scrofa,Riboviria,Orthornavirae,Pisuviricota,Pisoniviricetes,Picornavirales,Caliciviridae,Norovirus,Norovirus norwalkense,
Norovirus,142786,,,,,,,,,,,,,0.16,0.14,9443.0,Primates,Riboviria,Orthornavirae,Pisuviricota,Pisoniviricetes,Picornavirales,Caliciviridae,Norovirus,Norovirus norwalkense,
Alphanodavirus,143920,1.38,1.1,,0.39,0.51,0.83,0.19,0.31,0.21,0.17,0.3,0.27,0.24,0.63,295550.0,Heteronychus arator,Riboviria,Orthornavirae,Kitrinoviricota,Magsaviricetes,Nodamuvirales,Nodaviridae,Alphanodavirus,Alphanodavirus heteronychi,+ssRNA
Alphanodavirus,143920,1.38,1.1,,0.39,0.51,0.83,0.19,0.31,0.21,0.17,0.3,0.27,0.24,0.63,7227.0,Drosophila melanogaster,Riboviria,Orthornavirae,Kitrinoviricota,Magsaviricetes,Nodamuvirales,Nodaviridae,Alphanodavirus,Alphanodavirus boolarraense,+ssRNA
Alphanodavirus,143920,1.38,1.1,,0.39,0.51,0.83,0.19,0.31,0.21,0.17,0.3,0.27,0.24,0.63,343455.0,Oncopera intricoides,Riboviria,Orthornavirae,Kitrinoviricota,Magsaviricetes,Nodamuvirales,Nodaviridae,Alphanodavirus,Alphanodavirus boolarraense,+ssRNA
Alphanodavirus,143920,1.38,1.1,,0.39,0.51,0.83,0.19,0.31,0.21,0.17,0.3,0.27,0.24,0.63,4513.0,Hordeum vulgare,Riboviria,Orthornavirae,Kitrinoviricota,Magsaviricetes,Nodamuvirales,Nodaviridae,Alphanodavirus,Alphanodavirus flockense,+ssRNA
Alphanodavirus,143920,1.38,1.1,,0.39,0.51,0.83,0.19,0.31,0.21,0.17,0.3,0.27,0.24,0.63,4932.0,Saccharomyces cerevisiae,Riboviria,Orthornavirae,Kitrinoviricota,Magsaviricetes,Nodamuvirales,Nodaviridae,Alphanodavirus,Alphanodavirus flockense,+ssRNA
Alphanodavirus,143920,1.38,1.1,,0.39,0.51,0.83,0.19,0.31,0.21,0.17,0.3,0.27,0.24,0.63,7137.0,Galleria mellonella,Riboviria,Orthornavirae,Kitrinoviricota,Magsaviricetes,Nodamuvirales,Nodaviridae,Alphanodavirus,Alphanodavirus flockense,+ssRNA
Alphanodavirus,143920,1.38,1.1,,0.39,0.51,0.83,0.19,0.31,0.21,0.17,0.3,0.27,0.24,0.63,50579.0,Costelytra zealandica,Riboviria,Orthornavirae,Kitrinoviricota,Magsaviricetes,Nodamuvirales,Nodaviridae,Alphanodavirus,Alphanodavirus flockense,+ssRNA
Alphanodavirus,143920,1.38,1.1,,0.39,0.51,0.83,0.19,0.31,0.21,0.17,0.3,0.27,0.24,0.63,10036.0,Mesocricetus auratus,Riboviria,Orthornavirae,Kitrinoviricota,Magsaviricetes,Nodamuvirales,Nodaviridae,Alphanodavirus,Alphanodavirus nodamuraense,+ssRNA
Alphanodavirus,143920,1.38,1.1,,0.39,0.51,0.83,0.19,0.31,0.21,0.17,0.3,0.27,0.24,0.63,37547.0,Spodoptera eridania,Riboviria,Orthornavirae,Kitrinoviricota,Magsaviricetes,Nodamuvirales,Nodaviridae,Alphanodavirus,Alphanodavirus pariacotoense,+ssRNA
Chlorovirus,181083,,,,,,,,,0.12,0.05,0.74,0.14,,,554066.0,Chlorella heliozoae,Varidnaviria,Bamfordvirae,Nucleocytoviricota,Megaviricetes,Algavirales,Phycodnaviridae,Chlorovirus,Chlorovirus heliozoae,
Chlorovirus,181083,,,,,,,,,0.12,0.05,0.74,0.14,,,554065.0,Chlorella variabilis,Varidnaviria,Bamfordvirae,Nucleocytoviricota,Megaviricetes,Algavirales,Phycodnaviridae,Chlorovirus,unclassified Chlorovirus,
Chlorovirus,181083,,,,,,,,,0.12,0.05,0.74,0.14,,,3071.0,Chlorella,Varidnaviria,Bamfordvirae,Nucleocytoviricota,Megaviricetes,Algavirales,Phycodnaviridae,Chlorovirus,Chlorovirus vanettense,
Chlorovirus,181083,,,,,,,,,0.12,0.05,0.74,0.14,,,554055.0,Micractinium conductrix,Varidnaviria,Bamfordvirae,Nucleocytoviricota,Megaviricetes,Algavirales,Phycodnaviridae,Chlorovirus,Chlorovirus conductrix,
Chlorovirus,181083,,,,,,,,,0.12,0.05,0.74,0.14,,,3168.0,cf. Chlorella sp.,Varidnaviria,Bamfordvirae,Nucleocytoviricota,Megaviricetes,Algavirales,Phycodnaviridae,Chlorovirus,Chlorovirus newyorkense,
Aureusvirus,186457,,,,,,,0.02,,,,,,,,,,,,,,,,,,
Punavirus,186789,,,,,,,,,,0.07,0.28,0.15,,,561.0,Escherichia,Duplodnaviria,Heunggongvirae,Uroviricota,Caudoviricetes,Caudoviricetes incertae sedis,Punavirus,Punavirus P1,,dsDNA
Punavirus,186789,,,,,,,,,,0.07,0.28,0.15,,,562.0,Escherichia coli,Duplodnaviria,Heunggongvirae,Uroviricota,Caudoviricetes,Caudoviricetes incertae sedis,Punavirus,unclassified Punavirus,,dsDNA
Punavirus,186789,,,,,,,,,,0.07,0.28,0.15,,,543.0,Enterobacteriaceae,Duplodnaviria,Heunggongvirae,Uroviricota,Caudoviricetes,Caudoviricetes incertae sedis,Punavirus,Punavirus P1,,dsDNA
Punavirus,186789,,,,,,,,,,0.07,0.28,0.15,,,562.0,Escherichia coli,Duplodnaviria,Heunggongvirae,Uroviricota,Caudoviricetes,Caudoviricetes incertae sedis,Punavirus,Punavirus P1,,dsDNA
Punavirus,186789,,,,,,,,,,0.07,0.28,0.15,,,1211845.0,Escherichia coli MC1061,Duplodnaviria,Heunggongvirae,Uroviricota,Caudoviricetes,Caudoviricetes incertae sedis,Punavirus,Punavirus P1,,dsDNA
Punavirus,186789,,,,,,,,,,0.07,0.28,0.15,,,562.0,Escherichia coli,Duplodnaviria,Heunggongvirae,Uroviricota,Caudoviricetes,Caudoviricetes incertae sedis,Punavirus,Punavirus RCS47,,dsDNA
Punavirus,186789,,,,,,,,,,0.07,0.28,0.15,,,1.0,root,Duplodnaviria,Heunggongvirae,Uroviricota,Caudoviricetes,Caudoviricetes incertae sedis,Punavirus,,,dsDNA
Punavirus,186789,,,,,,,,,,0.07,0.28,0.15,,,2564646.0,Salmonella enterica subsp. enterica serovar Kouka,Duplodnaviria,Heunggongvirae,Uroviricota,Caudoviricetes,Caudoviricetes incertae sedis,Punavirus,unclassified Punavirus,,dsDNA
Punavirus,186789,,,,,,,,,,0.07,0.28,0.15,,,286783.0,Salmonella enterica subsp. enterica serovar Indiana,Duplodnaviria,Heunggongvirae,Uroviricota,Caudoviricetes,Caudoviricetes incertae sedis,Punavirus,Punavirus SJ46,,dsDNA
Lederbergvirus,186794,,,,,,,,,,0.1,,,,,439184.0,Escherichia coli RS218,Duplodnaviria,Heunggongvirae,Uroviricota,Caudoviricetes,Caudoviricetes incertae sedis,Lederbergvirus,unclassified Lederbergvirus,,dsDNA
Lederbergvirus,186794,,,,,,,,,,0.1,,,,,562.0,Escherichia coli,Duplodnaviria,Heunggongvirae,Uroviricota,Caudoviricetes,Caudoviricetes incertae sedis,Lederbergvirus,Lederbergvirus HK620,,dsDNA
Lederbergvirus,186794,,,,,,,,,,0.1,,,,,562.0,Escherichia coli,Duplodnaviria,Heunggongvirae,Uroviricota,Caudoviricetes,Caudoviricetes incertae sedis,Lederbergvirus,unclassified Lederbergvirus,,dsDNA
Lederbergvirus,186794,,,,,,,,,,0.1,,,,,59201.0,Salmonella enterica subsp. enterica,Duplodnaviria,Heunggongvirae,Uroviricota,Caudoviricetes,Caudoviricetes incertae sedis,Lederbergvirus,unclassified Lederbergvirus,,dsDNA
Lederbergvirus,186794,,,,,,,,,,0.1,,,,,1351.0,Enterococcus faecalis,Duplodnaviria,Heunggongvirae,Uroviricota,Caudoviricetes,Caudoviricetes incertae sedis,Lederbergvirus,unclassified Lederbergvirus,,dsDNA
Lederbergvirus,186794,,,,,,,,,,0.1,,,,,85569.0,Salmonella enterica subsp. enterica serovar Typhimurium str. DT104,Duplodnaviria,Heunggongvirae,Uroviricota,Caudoviricetes,Caudoviricetes incertae sedis,Lederbergvirus,unclassified Lederbergvirus,,dsDNA
Lederbergvirus,186794,,,,,,,,,,0.1,,,,,561.0,Escherichia,Duplodnaviria,Heunggongvirae,Uroviricota,Caudoviricetes,Caudoviricetes incertae sedis,Lederbergvirus,unclassified Lederbergvirus,,dsDNA
Lederbergvirus,186794,,,,,,,,,,0.1,,,,,1884818.0,Escherichia sp.,Duplodnaviria,Heunggongvirae,Uroviricota,Caudoviricetes,Caudoviricetes incertae sedis,Lederbergvirus,unclassified Lederbergvirus,,dsDNA
Lederbergvirus,186794,,,,,,,,,,0.1,,,,,1314835.0,Escherichia coli MP1,Duplodnaviria,Heunggongvirae,Uroviricota,Caudoviricetes,Caudoviricetes incertae sedis,Lederbergvirus,unclassified Lederbergvirus,,dsDNA
Lederbergvirus,186794,,,,,,,,,,0.1,,,,,573.0,Klebsiella pneumoniae,Duplodnaviria,Heunggongvirae,Uroviricota,Caudoviricetes,Caudoviricetes incertae sedis,Lederbergvirus,unclassified Lederbergvirus,,dsDNA
Lederbergvirus,186794,,,,,,,,,,0.1,,,,,28901.0,Salmonella enterica,Duplodnaviria,Heunggongvirae,Uroviricota,Caudoviricetes,Caudoviricetes incertae sedis,Lederbergvirus,,,dsDNA
Lederbergvirus,186794,,,,,,,,,,0.1,,,,,584.0,Proteus mirabilis,Duplodnaviria,Heunggongvirae,Uroviricota,Caudoviricetes,Caudoviricetes incertae sedis,Lederbergvirus,unclassified Lederbergvirus,,dsDNA
Lederbergvirus,186794,,,,,,,,,,0.1,,,,,28901.0,Salmonella enterica,Duplodnaviria,Heunggongvirae,Uroviricota,Caudoviricetes,Caudoviricetes incertae sedis,Lederbergvirus,unclassified Lederbergvirus,,dsDNA
Lederbergvirus,186794,,,,,,,,,,0.1,,,,,90371.0,Salmonella enterica subsp. enterica serovar Typhimurium,Duplodnaviria,Heunggongvirae,Uroviricota,Caudoviricetes,Caudoviricetes incertae sedis,Lederbergvirus,Lederbergvirus P22,,dsDNA
Lederbergvirus,186794,,,,,,,,,,0.1,,,,,90371.0,Salmonella enterica subsp. enterica serovar Typhimurium,Duplodnaviria,Heunggongvirae,Uroviricota,Caudoviricetes,Caudoviricetes incertae sedis,Lederbergvirus,unclassified Lederbergvirus,,dsDNA
Lederbergvirus,186794,,,,,,,,,,0.1,,,,,605.0,Salmonella enterica subsp. enterica serovar Pullorum,Duplodnaviria,Heunggongvirae,Uroviricota,Caudoviricetes,Caudoviricetes incertae sedis,Lederbergvirus,unclassified Lederbergvirus,,dsDNA
Lederbergvirus,186794,,,,,,,,,,0.1,,,,,58712.0,Salmonella enterica subsp. enterica serovar Anatum,Duplodnaviria,Heunggongvirae,Uroviricota,Caudoviricetes,Caudoviricetes incertae sedis,Lederbergvirus,unclassified Lederbergvirus,,dsDNA
Lederbergvirus,186794,,,,,,,,,,0.1,,,,,599.0,Salmonella sp.,Duplodnaviria,Heunggongvirae,Uroviricota,Caudoviricetes,Caudoviricetes incertae sedis,Lederbergvirus,Lederbergvirus P22,,dsDNA
Lederbergvirus,186794,,,,,,,,,,0.1,,,,,28901.0,Salmonella enterica,Duplodnaviria,Heunggongvirae,Uroviricota,Caudoviricetes,Caudoviricetes incertae sedis,Lederbergvirus,Lederbergvirus ST64T,,dsDNA
Lederbergvirus,186794,,,,,,,,,,0.1,,,,,1457319.0,Lopadostoma turgidum,Duplodnaviria,Heunggongvirae,Uroviricota,Caudoviricetes,Caudoviricetes incertae sedis,Lederbergvirus,unclassified Lederbergvirus,,dsDNA
Lederbergvirus,186794,,,,,,,,,,0.1,,,,,599.0,Salmonella sp.,Duplodnaviria,Heunggongvirae,Uroviricota,Caudoviricetes,Caudoviricetes incertae sedis,Lederbergvirus,unclassified Lederbergvirus,,dsDNA
Lederbergvirus,186794,,,,,,,,,,0.1,,,,,99287.0,Salmonella enterica subsp. enterica serovar Typhimurium str. LT2,Duplodnaviria,Heunggongvirae,Uroviricota,Caudoviricetes,Caudoviricetes incertae sedis,Lederbergvirus,Lederbergvirus P22,,dsDNA
Lederbergvirus,186794,,,,,,,,,,0.1,,,,,99287.0,Salmonella enterica subsp. enterica serovar Typhimurium str. LT2,Duplodnaviria,Heunggongvirae,Uroviricota,Caudoviricetes,Caudoviricetes incertae sedis,Lederbergvirus,unclassified Lederbergvirus,,dsDNA
Lederbergvirus,186794,,,,,,,,,,0.1,,,,,28901.0,Salmonella enterica,Duplodnaviria,Heunggongvirae,Uroviricota,Caudoviricetes,Caudoviricetes incertae sedis,Lederbergvirus,Lederbergvirus SE1Spa,,dsDNA
Lederbergvirus,186794,,,,,,,,,,0.1,,,,,590.0,Salmonella,Duplodnaviria,Heunggongvirae,Uroviricota,Caudoviricetes,Caudoviricetes incertae sedis,Lederbergvirus,unclassified Lederbergvirus,,dsDNA
Lederbergvirus,186794,,,,,,,,,,0.1,,,,,590.0,Salmonella,Duplodnaviria,Heunggongvirae,Uroviricota,Caudoviricetes,Caudoviricetes incertae sedis,Lederbergvirus,Lederbergvirus SE1Spa,,dsDNA
Lederbergvirus,186794,,,,,,,,,,0.1,,,,,59204.0,Salmonella enterica subsp. diarizonae,Duplodnaviria,Heunggongvirae,Uroviricota,Caudoviricetes,Caudoviricetes incertae sedis,Lederbergvirus,unclassified Lederbergvirus,,dsDNA
Lederbergvirus,186794,,,,,,,,,,0.1,,,,,90370.0,Salmonella enterica subsp. enterica serovar Typhi,Duplodnaviria,Heunggongvirae,Uroviricota,Caudoviricetes,Caudoviricetes incertae sedis,Lederbergvirus,unclassified Lederbergvirus,,dsDNA
Lederbergvirus,186794,,,,,,,,,,0.1,,,,,90371.0,Salmonella enterica subsp. enterica serovar Typhimurium,Duplodnaviria,Heunggongvirae,Uroviricota,Caudoviricetes,Caudoviricetes incertae sedis,Lederbergvirus,Lederbergvirus ST64T,,dsDNA
Lederbergvirus,186794,,,,,,,,,,0.1,,,,,1160769.0,Salmonella enterica subsp. enterica serovar Worthington,Duplodnaviria,Heunggongvirae,Uroviricota,Caudoviricetes,Caudoviricetes incertae sedis,Lederbergvirus,unclassified Lederbergvirus,,dsDNA
Lederbergvirus,186794,,,,,,,,,,0.1,,,,,149387.0,Salmonella enterica subsp. enterica serovar Brandenburg,Duplodnaviria,Heunggongvirae,Uroviricota,Caudoviricetes,Caudoviricetes incertae sedis,Lederbergvirus,unclassified Lederbergvirus,,dsDNA
Lederbergvirus,186794,,,,,,,,,,0.1,,,,,149539.0,Salmonella enterica subsp. enterica serovar Enteritidis,Duplodnaviria,Heunggongvirae,Uroviricota,Caudoviricetes,Caudoviricetes incertae sedis,Lederbergvirus,unclassified Lederbergvirus,,dsDNA
Lederbergvirus,186794,,,,,,,,,,0.1,,,,,623.0,Shigella flexneri,Duplodnaviria,Heunggongvirae,Uroviricota,Caudoviricetes,Caudoviricetes incertae sedis,Lederbergvirus,Lederbergvirus Sf6,,dsDNA
Kobuvirus,194960,,,,,,,,,,,,,,0.12,9534.0,Chlorocebus aethiops,Riboviria,Orthornavirae,Pisuviricota,Pisoniviricetes,Picornavirales,Picornaviridae,Kodimesavirinae,Kobuvirus,
Kobuvirus,194960,,,,,,,,,,,,,,0.12,9606.0,Homo sapiens,Riboviria,Orthornavirae,Pisuviricota,Pisoniviricetes,Picornavirales,Picornaviridae,Kodimesavirinae,Kobuvirus,
Kobuvirus,194960,,,,,,,,,,,,,,0.12,144753.0,Peromyscus crinitus,Riboviria,Orthornavirae,Pisuviricota,Pisoniviricetes,Picornavirales,Picornaviridae,Kodimesavirinae,Kobuvirus,
Kobuvirus,194960,,,,,,,,,,,,,,0.12,9685.0,Felis catus,Riboviria,Orthornavirae,Pisuviricota,Pisoniviricetes,Picornavirales,Picornaviridae,Kodimesavirinae,Kobuvirus,
Kobuvirus,194960,,,,,,,,,,,,,,0.12,61294.0,Capra sp.,Riboviria,Orthornavirae,Pisuviricota,Pisoniviricetes,Picornavirales,Picornaviridae,Kodimesavirinae,Kobuvirus,
Kobuvirus,194960,,,,,,,,,,,,,,0.12,9925.0,Capra hircus,Riboviria,Orthornavirae,Pisuviricota,Pisoniviricetes,Picornavirales,Picornaviridae,Kodimesavirinae,Kobuvirus,
Kobuvirus,194960,,,,,,,,,,,,,,0.12,9913.0,Bos taurus,Riboviria,Orthornavirae,Pisuviricota,Pisoniviricetes,Picornavirales,Picornaviridae,Kodimesavirinae,Kobuvirus,
Kobuvirus,194960,,,,,,,,,,,,,,0.12,9823.0,Sus scrofa,Riboviria,Orthornavirae,Pisuviricota,Pisoniviricetes,Picornavirales,Picornaviridae,Kodimesavirinae,Kobuvirus,
Kobuvirus,194960,,,,,,,,,,,,,,0.12,9825.0,Sus scrofa domesticus,Riboviria,Orthornavirae,Pisuviricota,Pisoniviricetes,Picornavirales,Picornaviridae,Kodimesavirinae,Kobuvirus,
Maculavirus,249185,,,,,,,,,,0.08,,,,,444401.0,Andrena haemorrhoa,Riboviria,Orthornavirae,Kitrinoviricota,Alsuviricetes,Tymovirales,Tymoviridae,Maculavirus,unclassified Maculavirus,+ssRNA
Maculavirus,249185,,,,,,,,,,0.08,,,,,7091.0,Bombyx mori,Riboviria,Orthornavirae,Kitrinoviricota,Alsuviricetes,Tymovirales,Tymoviridae,Maculavirus,unclassified Maculavirus,+ssRNA
Maculavirus,249185,,,,,,,,,,0.08,,,,,7160.0,Aedes albopictus,Riboviria,Orthornavirae,Kitrinoviricota,Alsuviricetes,Tymovirales,Tymoviridae,Maculavirus,unclassified Maculavirus,+ssRNA
Maculavirus,249185,,,,,,,,,,0.08,,,,,2912049.0,Culex sp.,Riboviria,Orthornavirae,Kitrinoviricota,Alsuviricetes,Tymovirales,Tymoviridae,Maculavirus,unclassified Maculavirus,+ssRNA
Maculavirus,249185,,,,,,,,,,0.08,,,,,3494.0,Ficus carica,Riboviria,Orthornavirae,Kitrinoviricota,Alsuviricetes,Tymovirales,Tymoviridae,Maculavirus,unclassified Maculavirus,+ssRNA
Maculavirus,249185,,,,,,,,,,0.08,,,,,29760.0,Vitis vinifera,Riboviria,Orthornavirae,Kitrinoviricota,Alsuviricetes,Tymovirales,Tymoviridae,Maculavirus,Maculavirus vitis,+ssRNA
Mamastrovirus,249588,,,,,,,,,,0.1,0.29,0.4,0.23,0.27,9606.0,Homo sapiens,Riboviria,Orthornavirae,Pisuviricota,Stelpaviricetes,Stellavirales,Astroviridae,Mamastrovirus,Mamastrovirus melbournense,
Mamastrovirus,249588,,,,,,,,,,0.1,0.29,0.4,0.23,0.27,10116.0,Rattus norvegicus,Riboviria,Orthornavirae,Pisuviricota,Stelpaviricetes,Stellavirales,Astroviridae,Mamastrovirus,Mamastrovirus melbournense,
Mamastrovirus,249588,,,,,,,,,,0.1,0.29,0.4,0.23,0.27,9823.0,Sus scrofa,Riboviria,Orthornavirae,Pisuviricota,Stelpaviricetes,Stellavirales,Astroviridae,Mamastrovirus,unclassified Mamastrovirus,
Mamastrovirus,249588,,,,,,,,,,0.1,0.29,0.4,0.23,0.27,9903.0,Bos,Riboviria,Orthornavirae,Pisuviricota,Stelpaviricetes,Stellavirales,Astroviridae,Mamastrovirus,unclassified Mamastrovirus,
Mamastrovirus,249588,,,,,,,,,,0.1,0.29,0.4,0.23,0.27,9913.0,Bos taurus,Riboviria,Orthornavirae,Pisuviricota,Stelpaviricetes,Stellavirales,Astroviridae,Mamastrovirus,unclassified Mamastrovirus,
Mamastrovirus,249588,,,,,,,,,,0.1,0.29,0.4,0.23,0.27,9615.0,Canis lupus familiaris,Riboviria,Orthornavirae,Pisuviricota,Stelpaviricetes,Stellavirales,Astroviridae,Mamastrovirus,unclassified Mamastrovirus,
Mamastrovirus,249588,,,,,,,,,,0.1,0.29,0.4,0.23,0.27,9838.0,Camelus dromedarius,Riboviria,Orthornavirae,Pisuviricota,Stelpaviricetes,Stellavirales,Astroviridae,Mamastrovirus,unclassified Mamastrovirus,
Mamastrovirus,249588,,,,,,,,,,0.1,0.29,0.4,0.23,0.27,9685.0,Felis catus,Riboviria,Orthornavirae,Pisuviricota,Stelpaviricetes,Stellavirales,Astroviridae,Mamastrovirus,unclassified Mamastrovirus,
Mamastrovirus,249588,,,,,,,,,,0.1,0.29,0.4,0.23,0.27,452646.0,Neogale vison,Riboviria,Orthornavirae,Pisuviricota,Stelpaviricetes,Stellavirales,Astroviridae,Mamastrovirus,Mamastrovirus mustelae,
Mamastrovirus,249588,,,,,,,,,,0.1,0.29,0.4,0.23,0.27,9940.0,Ovis aries,Riboviria,Orthornavirae,Pisuviricota,Stelpaviricetes,Stellavirales,Astroviridae,Mamastrovirus,Mamastrovirus ovis,
Mamastrovirus,249588,,,,,,,,,,0.1,0.29,0.4,0.23,0.27,1.0,root,Riboviria,Orthornavirae,Pisuviricota,Stelpaviricetes,Stellavirales,Astroviridae,Mamastrovirus,Mamastrovirus melbournense,
Mamastrovirus,249588,,,,,,,,,,0.1,0.29,0.4,0.23,0.27,93163.0,Marmota himalayana,Riboviria,Orthornavirae,Pisuviricota,Stelpaviricetes,Stellavirales,Astroviridae,Mamastrovirus,unclassified Mamastrovirus,
Mamastrovirus,249588,,,,,,,,,,0.1,0.29,0.4,0.23,0.27,9986.0,Oryctolagus cuniculus,Riboviria,Orthornavirae,Pisuviricota,Stelpaviricetes,Stellavirales,Astroviridae,Mamastrovirus,unclassified Mamastrovirus,
Mamastrovirus,249588,,,,,,,,,,0.1,0.29,0.4,0.23,0.27,30521.0,Bos grunniens,Riboviria,Orthornavirae,Pisuviricota,Stelpaviricetes,Stellavirales,Astroviridae,Mamastrovirus,unclassified Mamastrovirus,
Rauchvirus,542959,,,1.28,,,,,,,,0.11,0.11,0.18,,518.0,Bordetella bronchiseptica,Duplodnaviria,Heunggongvirae,Uroviricota,Caudoviricetes,Caudoviricetes incertae sedis,Rauchvirus,Rauchvirus BPP1,,dsDNA
Uetakevirus,542960,1.1,0.33,,,1.57,,0.05,0.16,0.13,0.14,0.35,0.3,0.3,0.26,550.0,Enterobacter cloacae,Duplodnaviria,Heunggongvirae,Uroviricota,Caudoviricetes,Caudoviricetes incertae sedis,Uetakevirus,unclassified Uetakevirus,,dsDNA
Uetakevirus,542960,1.1,0.33,,,1.57,,0.05,0.16,0.13,0.14,0.35,0.3,0.3,0.26,1676277.0,Enterobacter sp. CT7,Duplodnaviria,Heunggongvirae,Uroviricota,Caudoviricetes,Caudoviricetes incertae sedis,Uetakevirus,unclassified Uetakevirus,,dsDNA
Uetakevirus,542960,1.1,0.33,,,1.57,,0.05,0.16,0.13,0.14,0.35,0.3,0.3,0.26,83334.0,Escherichia coli O157:H7,Duplodnaviria,Heunggongvirae,Uroviricota,Caudoviricetes,Caudoviricetes incertae sedis,Uetakevirus,Uetakevirus phiV10,,dsDNA
Uetakevirus,542960,1.1,0.33,,,1.57,,0.05,0.16,0.13,0.14,0.35,0.3,0.3,0.26,83334.0,Escherichia coli O157:H7,Duplodnaviria,Heunggongvirae,Uroviricota,Caudoviricetes,Caudoviricetes incertae sedis,Uetakevirus,unclassified Uetakevirus,,dsDNA
Uetakevirus,542960,1.1,0.33,,,1.57,,0.05,0.16,0.13,0.14,0.35,0.3,0.3,0.26,561.0,Escherichia,Duplodnaviria,Heunggongvirae,Uroviricota,Caudoviricetes,Caudoviricetes incertae sedis,Uetakevirus,unclassified Uetakevirus,,dsDNA
Uetakevirus,542960,1.1,0.33,,,1.57,,0.05,0.16,0.13,0.14,0.35,0.3,0.3,0.26,562.0,Escherichia coli,Duplodnaviria,Heunggongvirae,Uroviricota,Caudoviricetes,Caudoviricetes incertae sedis,Uetakevirus,unclassified Uetakevirus,,dsDNA
Uetakevirus,542960,1.1,0.33,,,1.57,,0.05,0.16,0.13,0.14,0.35,0.3,0.3,0.26,562.0,Escherichia coli,Duplodnaviria,Heunggongvirae,Uroviricota,Caudoviricetes,Caudoviricetes incertae sedis,Uetakevirus,Uetakevirus PAS61,,dsDNA
Uetakevirus,542960,1.1,0.33,,,1.57,,0.05,0.16,0.13,0.14,0.35,0.3,0.3,0.26,573.0,Klebsiella pneumoniae,Duplodnaviria,Heunggongvirae,Uroviricota,Caudoviricetes,Caudoviricetes incertae sedis,Uetakevirus,unclassified Uetakevirus,,dsDNA
Uetakevirus,542960,1.1,0.33,,,1.57,,0.05,0.16,0.13,0.14,0.35,0.3,0.3,0.26,611.0,Salmonella enterica subsp. enterica serovar Heidelberg,Duplodnaviria,Heunggongvirae,Uroviricota,Caudoviricetes,Caudoviricetes incertae sedis,Uetakevirus,unclassified Uetakevirus,,dsDNA
Uetakevirus,542960,1.1,0.33,,,1.57,,0.05,0.16,0.13,0.14,0.35,0.3,0.3,0.26,28901.0,Salmonella enterica,Duplodnaviria,Heunggongvirae,Uroviricota,Caudoviricetes,Caudoviricetes incertae sedis,Uetakevirus,Uetakevirus epsilon15,,dsDNA
Uetakevirus,542960,1.1,0.33,,,1.57,,0.05,0.16,0.13,0.14,0.35,0.3,0.3,0.26,58712.0,Salmonella enterica subsp. enterica serovar Anatum,Duplodnaviria,Heunggongvirae,Uroviricota,Caudoviricetes,Caudoviricetes incertae sedis,Uetakevirus,Uetakevirus epsilon15,,dsDNA
Uetakevirus,542960,1.1,0.33,,,1.57,,0.05,0.16,0.13,0.14,0.35,0.3,0.3,0.26,90371.0,Salmonella enterica subsp. enterica serovar Typhimurium,Duplodnaviria,Heunggongvirae,Uroviricota,Caudoviricetes,Caudoviricetes incertae sedis,Uetakevirus,Uetakevirus SPN1S,,dsDNA
Uetakevirus,542960,1.1,0.33,,,1.57,,0.05,0.16,0.13,0.14,0.35,0.3,0.3,0.26,59201.0,Salmonella enterica subsp. enterica,Duplodnaviria,Heunggongvirae,Uroviricota,Caudoviricetes,Caudoviricetes incertae sedis,Uetakevirus,unclassified Uetakevirus,,dsDNA
Betabaculovirus,558017,6.77,,,,,,,,,,,,,,,,,,,,,,,,
Kuravirus,680277,,,,,,,,0.11,0.1,0.08,0.41,0.26,0.69,0.28,562.0,Escherichia coli,Duplodnaviria,Heunggongvirae,Uroviricota,Caudoviricetes,Caudoviricetes incertae sedis,Mktvariviridae,Gordonclarkvirinae,Kuravirus,dsDNA
Kuravirus,680277,,,,,,,,0.11,0.1,0.08,0.41,0.26,0.69,0.28,1322345.0,Escherichia coli ATCC 25922,Duplodnaviria,Heunggongvirae,Uroviricota,Caudoviricetes,Caudoviricetes incertae sedis,Mktvariviridae,Gordonclarkvirinae,Kuravirus,dsDNA
Kuravirus,680277,,,,,,,,0.11,0.1,0.08,0.41,0.26,0.69,0.28,199310.0,Escherichia coli CFT073,Duplodnaviria,Heunggongvirae,Uroviricota,Caudoviricetes,Caudoviricetes incertae sedis,Mktvariviridae,Gordonclarkvirinae,Kuravirus,dsDNA
Kuravirus,680277,,,,,,,,0.11,0.1,0.08,0.41,0.26,0.69,0.28,561.0,Escherichia,Duplodnaviria,Heunggongvirae,Uroviricota,Caudoviricetes,Caudoviricetes incertae sedis,Mktvariviridae,Gordonclarkvirinae,Kuravirus,dsDNA
Kuravirus,680277,,,,,,,,0.11,0.1,0.08,0.41,0.26,0.69,0.28,753642.0,Escherichia coli NC101,Duplodnaviria,Heunggongvirae,Uroviricota,Caudoviricetes,Caudoviricetes incertae sedis,Mktvariviridae,Gordonclarkvirinae,Kuravirus,dsDNA
Kuravirus,680277,,,,,,,,0.11,0.1,0.08,0.41,0.26,0.69,0.28,623.0,Shigella flexneri,Duplodnaviria,Heunggongvirae,Uroviricota,Caudoviricetes,Caudoviricetes incertae sedis,Mktvariviridae,Gordonclarkvirinae,Kuravirus,dsDNA
Salivirus,688449,,,,0.42,,,0.02,,,0.13,,,,,9598.0,Pan troglodytes,Riboviria,Orthornavirae,Pisuviricota,Pisoniviricetes,Picornavirales,Picornaviridae,Kodimesavirinae,Salivirus,
Betacoronavirus,694002,,,,0.35,,,,,,,,,,,,,,,,,,,,,
Cyclovirus,742914,,0.28,,,0.54,,0.07,0.14,0.12,0.15,0.47,0.2,,,1.0,root,Monodnaviria,Shotokuvirae,Cressdnaviricota,Arfiviricetes,Cirlivirales,Circoviridae,Cyclovirus,Cyclovirus mchwa,
Cyclovirus,742914,,0.28,,,0.54,,0.07,0.14,0.12,0.15,0.47,0.2,,,2995614.0,Dorylus sp.,Monodnaviria,Shotokuvirae,Cressdnaviricota,Arfiviricetes,Cirlivirales,Circoviridae,Cyclovirus,unclassified Cyclovirus,
Cyclovirus,742914,,0.28,,,0.54,,0.07,0.14,0.12,0.15,0.47,0.2,,,138978.0,Vespadelus regulus,Monodnaviria,Shotokuvirae,Cressdnaviricota,Arfiviricetes,Cirlivirales,Circoviridae,Cyclovirus,unclassified Cyclovirus,
Cyclovirus,742914,,0.28,,,0.54,,0.07,0.14,0.12,0.15,0.47,0.2,,,258889.0,Chalinolobus gouldii,Monodnaviria,Shotokuvirae,Cressdnaviricota,Arfiviricetes,Cirlivirales,Circoviridae,Cyclovirus,unclassified Cyclovirus,
Cyclovirus,742914,,0.28,,,0.54,,0.07,0.14,0.12,0.15,0.47,0.2,,,9397.0,Chiroptera,Monodnaviria,Shotokuvirae,Cressdnaviricota,Arfiviricetes,Cirlivirales,Circoviridae,Cyclovirus,Cyclovirus doi,
Cyclovirus,742914,,0.28,,,0.54,,0.07,0.14,0.12,0.15,0.47,0.2,,,9438.0,Tadarida brasiliensis,Monodnaviria,Shotokuvirae,Cressdnaviricota,Arfiviricetes,Cirlivirales,Circoviridae,Cyclovirus,Cyclovirus doi,
Cyclovirus,742914,,0.28,,,0.54,,0.07,0.14,0.12,0.15,0.47,0.2,,,27622.0,Molossus molossus,Monodnaviria,Shotokuvirae,Cressdnaviricota,Arfiviricetes,Cirlivirales,Circoviridae,Cyclovirus,Cyclovirus murcielago,
Cyclovirus,742914,,0.28,,,0.54,,0.07,0.14,0.12,0.15,0.47,0.2,,,9913.0,Bos taurus,Monodnaviria,Shotokuvirae,Cressdnaviricota,Arfiviricetes,Cirlivirales,Circoviridae,Cyclovirus,Cyclovirus gaaye,
Cyclovirus,742914,,0.28,,,0.54,,0.07,0.14,0.12,0.15,0.47,0.2,,,191889.0,Libidibia ferrea,Monodnaviria,Shotokuvirae,Cressdnaviricota,Arfiviricetes,Cirlivirales,Circoviridae,Cyclovirus,Cyclovirus pauferro,
Cyclovirus,742914,,0.28,,,0.54,,0.07,0.14,0.12,0.15,0.47,0.2,,,9031.0,Gallus gallus,Monodnaviria,Shotokuvirae,Cressdnaviricota,Arfiviricetes,Cirlivirales,Circoviridae,Cyclovirus,Cyclovirus adie,
Cyclovirus,742914,,0.28,,,0.54,,0.07,0.14,0.12,0.15,0.47,0.2,,,27667.0,Lasionycteris noctivagans,Monodnaviria,Shotokuvirae,Cressdnaviricota,Arfiviricetes,Cirlivirales,Circoviridae,Cyclovirus,Cyclovirus liljak,
Cyclovirus,742914,,0.28,,,0.54,,0.07,0.14,0.12,0.15,0.47,0.2,,,9598.0,Pan troglodytes,Monodnaviria,Shotokuvirae,Cressdnaviricota,Arfiviricetes,Cirlivirales,Circoviridae,Cyclovirus,Cyclovirus ezzike,
Cyclovirus,742914,,0.28,,,0.54,,0.07,0.14,0.12,0.15,0.47,0.2,,,9796.0,Equus caballus,Monodnaviria,Shotokuvirae,Cressdnaviricota,Arfiviricetes,Cirlivirales,Circoviridae,Cyclovirus,Cyclovirus caballo,
Cyclovirus,742914,,0.28,,,0.54,,0.07,0.14,0.12,0.15,0.47,0.2,,,9606.0,Homo sapiens,Monodnaviria,Shotokuvirae,Cressdnaviricota,Arfiviricetes,Cirlivirales,Circoviridae,Cyclovirus,Cyclovirus mmadu,
Cyclovirus,742914,,0.28,,,0.54,,0.07,0.14,0.12,0.15,0.47,0.2,,,9925.0,Capra hircus,Monodnaviria,Shotokuvirae,Cressdnaviricota,Arfiviricetes,Cirlivirales,Circoviridae,Cyclovirus,Cyclovirus bakri,
Cyclovirus,742914,,0.28,,,0.54,,0.07,0.14,0.12,0.15,0.47,0.2,,,303877.0,Eurycotis floridana,Monodnaviria,Shotokuvirae,Cressdnaviricota,Arfiviricetes,Cirlivirales,Circoviridae,Cyclovirus,,
Cyclovirus,742914,,0.28,,,0.54,,0.07,0.14,0.12,0.15,0.47,0.2,,,1591310.0,Callosciurus erythraeus thaiwanensis,Monodnaviria,Shotokuvirae,Cressdnaviricota,Arfiviricetes,Cirlivirales,Circoviridae,Cyclovirus,Cyclovirus risi,
Cyclovirus,742914,,0.28,,,0.54,,0.07,0.14,0.12,0.15,0.47,0.2,,,214444.0,Crocidura hirta,Monodnaviria,Shotokuvirae,Cressdnaviricota,Arfiviricetes,Cirlivirales,Circoviridae,Cyclovirus,Cyclovirus nhanloai,
Cyclovirus,742914,,0.28,,,0.54,,0.07,0.14,0.12,0.15,0.47,0.2,,,641488.0,Crocidura luna,Monodnaviria,Shotokuvirae,Cressdnaviricota,Arfiviricetes,Cirlivirales,Circoviridae,Cyclovirus,Cyclovirus nhanloai,
Cyclovirus,742914,,0.28,,,0.54,,0.07,0.14,0.12,0.15,0.47,0.2,,,6962.0,Anisoptera,Monodnaviria,Shotokuvirae,Cressdnaviricota,Arfiviricetes,Cirlivirales,Circoviridae,Cyclovirus,unclassified Cyclovirus,
Cyclovirus,742914,,0.28,,,0.54,,0.07,0.14,0.12,0.15,0.47,0.2,,,185825.0,Pantala flavescens,Monodnaviria,Shotokuvirae,Cressdnaviricota,Arfiviricetes,Cirlivirales,Circoviridae,Cyclovirus,Cyclovirus kisikisi,
Cyclovirus,742914,,0.28,,,0.54,,0.07,0.14,0.12,0.15,0.47,0.2,,,447881.0,Tholymis tillarga,Monodnaviria,Shotokuvirae,Cressdnaviricota,Arfiviricetes,Cirlivirales,Circoviridae,Cyclovirus,Cyclovirus kisikisi,
Cyclovirus,742914,,0.28,,,0.54,,0.07,0.14,0.12,0.15,0.47,0.2,,,70384.0,Erythemis simplicicollis,Monodnaviria,Shotokuvirae,Cressdnaviricota,Arfiviricetes,Cirlivirales,Circoviridae,Cyclovirus,Cyclovirus tonbo,
Cyclovirus,742914,,0.28,,,0.54,,0.07,0.14,0.12,0.15,0.47,0.2,,,237662.0,Rhionaeschna multicolor,Monodnaviria,Shotokuvirae,Cressdnaviricota,Arfiviricetes,Cirlivirales,Circoviridae,Cyclovirus,Cyclovirus vazka,
Cyclovirus,742914,,0.28,,,0.54,,0.07,0.14,0.12,0.15,0.47,0.2,,,451475.0,Erythrodiplax umbrata,Monodnaviria,Shotokuvirae,Cressdnaviricota,Arfiviricetes,Cirlivirales,Circoviridae,Cyclovirus,Cyclovirus libelula,
Cyclovirus,742914,,0.28,,,0.54,,0.07,0.14,0.12,0.15,0.47,0.2,,,481685.0,Xanthocnemis zealandica,Monodnaviria,Shotokuvirae,Cressdnaviricota,Arfiviricetes,Cirlivirales,Circoviridae,Cyclovirus,Cyclovirus namu,
Cyclovirus,742914,,0.28,,,0.54,,0.07,0.14,0.12,0.15,0.47,0.2,,,320892.0,Orthetrum sabina,Monodnaviria,Shotokuvirae,Cressdnaviricota,Arfiviricetes,Cirlivirales,Circoviridae,Cyclovirus,Cyclovirus tarako,
Cyclovirus,742914,,0.28,,,0.54,,0.07,0.14,0.12,0.15,0.47,0.2,,,8839.0,Anas platyrhynchos,Monodnaviria,Shotokuvirae,Cressdnaviricota,Arfiviricetes,Cirlivirales,Circoviridae,Cyclovirus,Cyclovirus kacsa,
Cyclovirus,742914,,0.28,,,0.54,,0.07,0.14,0.12,0.15,0.47,0.2,,,649740.0,Eumops bonariensis,Monodnaviria,Shotokuvirae,Cressdnaviricota,Arfiviricetes,Cirlivirales,Circoviridae,Cyclovirus,Cyclovirus muricec,
Cyclovirus,742914,,0.28,,,0.54,,0.07,0.14,0.12,0.15,0.47,0.2,,,9685.0,Felis catus,Monodnaviria,Shotokuvirae,Cressdnaviricota,Arfiviricetes,Cirlivirales,Circoviridae,Cyclovirus,Cyclovirus gato,
Cyclovirus,742914,,0.28,,,0.54,,0.07,0.14,0.12,0.15,0.47,0.2,,,48418.0,Urva auropunctata,Monodnaviria,Shotokuvirae,Cressdnaviricota,Arfiviricetes,Cirlivirales,Circoviridae,Cyclovirus,unclassified Cyclovirus,
Cyclovirus,742914,,0.28,,,0.54,,0.07,0.14,0.12,0.15,0.47,0.2,,,10088.0,Mus,Monodnaviria,Shotokuvirae,Cressdnaviricota,Arfiviricetes,Cirlivirales,Circoviridae,Cyclovirus,Cyclovirus naastsosi,
Cyclovirus,742914,,0.28,,,0.54,,0.07,0.14,0.12,0.15,0.47,0.2,,,10090.0,Mus musculus,Monodnaviria,Shotokuvirae,Cressdnaviricota,Arfiviricetes,Cirlivirales,Circoviridae,Cyclovirus,Cyclovirus naastsosi,
Cyclovirus,742914,,0.28,,,0.54,,0.07,0.14,0.12,0.15,0.47,0.2,,,77217.0,Pteropus tonganus,Monodnaviria,Shotokuvirae,Cressdnaviricota,Arfiviricetes,Cirlivirales,Circoviridae,Cyclovirus,Cyclovirus peka,
Cyclovirus,742914,,0.28,,,0.54,,0.07,0.14,0.12,0.15,0.47,0.2,,,256038.0,Petroica australis,Monodnaviria,Shotokuvirae,Cressdnaviricota,Arfiviricetes,Cirlivirales,Circoviridae,Cyclovirus,Cyclovirus liepsnele,
Cyclovirus,742914,,0.28,,,0.54,,0.07,0.14,0.12,0.15,0.47,0.2,,,69074.0,Rattus flavipectus,Monodnaviria,Shotokuvirae,Cressdnaviricota,Arfiviricetes,Cirlivirales,Circoviridae,Cyclovirus,Cyclovirus rata,
Cyclovirus,742914,,0.28,,,0.54,,0.07,0.14,0.12,0.15,0.47,0.2,,,1167227.0,Rattus tanezumi sladeni,Monodnaviria,Shotokuvirae,Cressdnaviricota,Arfiviricetes,Cirlivirales,Circoviridae,Cyclovirus,Cyclovirus podgana,
Cyclovirus,742914,,0.28,,,0.54,,0.07,0.14,0.12,0.15,0.47,0.2,,,134569.0,Cybaeidae,Monodnaviria,Shotokuvirae,Cressdnaviricota,Arfiviricetes,Cirlivirales,Circoviridae,Cyclovirus,Cyclovirus aasiak,
Cyclovirus,742914,,0.28,,,0.54,,0.07,0.14,0.12,0.15,0.47,0.2,,,9823.0,Sus scrofa,Monodnaviria,Shotokuvirae,Cressdnaviricota,Arfiviricetes,Cirlivirales,Circoviridae,Cyclovirus,Cyclovirus nhanloai,
Cyclovirus,742914,,0.28,,,0.54,,0.07,0.14,0.12,0.15,0.47,0.2,,,9713.0,Leptonychotes weddellii,Monodnaviria,Shotokuvirae,Cressdnaviricota,Arfiviricetes,Cirlivirales,Circoviridae,Cyclovirus,Cyclovirus foca,
Felixounavirus,1198140,,,,,,,,,,0.06,,,,,991919.0,Escherichia coli O145:NM,Duplodnaviria,Heunggongvirae,Uroviricota,Caudoviricetes,Caudoviricetes incertae sedis,Andersonviridae,Ounavirinae,Felixounavirus,dsDNA
Felixounavirus,1198140,,,,,,,,,,0.06,,,,,991915.0,Escherichia coli O121:H19,Duplodnaviria,Heunggongvirae,Uroviricota,Caudoviricetes,Caudoviricetes incertae sedis,Andersonviridae,Ounavirinae,Felixounavirus,dsDNA
Felixounavirus,1198140,,,,,,,,,,0.06,,,,,59201.0,Salmonella enterica subsp. enterica,Duplodnaviria,Heunggongvirae,Uroviricota,Caudoviricetes,Caudoviricetes incertae sedis,Andersonviridae,Ounavirinae,Felixounavirus,dsDNA
Felixounavirus,1198140,,,,,,,,,,0.06,,,,,469008.0,Escherichia coli BL21(DE3),Duplodnaviria,Heunggongvirae,Uroviricota,Caudoviricetes,Caudoviricetes incertae sedis,Andersonviridae,Ounavirinae,Felixounavirus,dsDNA
Felixounavirus,1198140,,,,,,,,,,0.06,,,,,83334.0,Escherichia coli O157:H7,Duplodnaviria,Heunggongvirae,Uroviricota,Caudoviricetes,Caudoviricetes incertae sedis,Andersonviridae,Ounavirinae,Felixounavirus,dsDNA
Felixounavirus,1198140,,,,,,,,,,0.06,,,,,511145.0,Escherichia coli str. K-12 substr. MG1655,Duplodnaviria,Heunggongvirae,Uroviricota,Caudoviricetes,Caudoviricetes incertae sedis,Andersonviridae,Ounavirinae,Felixounavirus,dsDNA
Felixounavirus,1198140,,,,,,,,,,0.06,,,,,561.0,Escherichia,Duplodnaviria,Heunggongvirae,Uroviricota,Caudoviricetes,Caudoviricetes incertae sedis,Andersonviridae,Ounavirinae,Felixounavirus,dsDNA
Felixounavirus,1198140,,,,,,,,,,0.06,,,,,83333.0,Escherichia coli K-12,Duplodnaviria,Heunggongvirae,Uroviricota,Caudoviricetes,Caudoviricetes incertae sedis,Andersonviridae,Ounavirinae,Felixounavirus,dsDNA
Felixounavirus,1198140,,,,,,,,,,0.06,,,,,498388.0,Escherichia coli C,Duplodnaviria,Heunggongvirae,Uroviricota,Caudoviricetes,Caudoviricetes incertae sedis,Andersonviridae,Ounavirinae,Felixounavirus,dsDNA
Felixounavirus,1198140,,,,,,,,,,0.06,,,,,2184073.0,Escherichia coli O135,Duplodnaviria,Heunggongvirae,Uroviricota,Caudoviricetes,Caudoviricetes incertae sedis,Andersonviridae,Ounavirinae,Felixounavirus,dsDNA
Felixounavirus,1198140,,,,,,,,,,0.06,,,,,1389955.0,Escherichia coli ATCC 35150,Duplodnaviria,Heunggongvirae,Uroviricota,Caudoviricetes,Caudoviricetes incertae sedis,Andersonviridae,Ounavirinae,Felixounavirus,dsDNA
Felixounavirus,1198140,,,,,,,,,,0.06,,,,,1884818.0,Escherichia sp.,Duplodnaviria,Heunggongvirae,Uroviricota,Caudoviricetes,Caudoviricetes incertae sedis,Andersonviridae,Ounavirinae,Felixounavirus,dsDNA
Felixounavirus,1198140,,,,,,,,,,0.06,,,,,1045010.0,Escherichia coli O157,Duplodnaviria,Heunggongvirae,Uroviricota,Caudoviricetes,Caudoviricetes incertae sedis,Andersonviridae,Ounavirinae,Felixounavirus,dsDNA
Felixounavirus,1198140,,,,,,,,,,0.06,,,,,37762.0,Escherichia coli B,Duplodnaviria,Heunggongvirae,Uroviricota,Caudoviricetes,Caudoviricetes incertae sedis,Andersonviridae,Ounavirinae,Felixounavirus,dsDNA
Felixounavirus,1198140,,,,,,,,,,0.06,,,,,381476.0,Escherichia coli O1,Duplodnaviria,Heunggongvirae,Uroviricota,Caudoviricetes,Caudoviricetes incertae sedis,Andersonviridae,Ounavirinae,Felixounavirus,dsDNA
Felixounavirus,1198140,,,,,,,,,,0.06,,,,,585035.0,Escherichia coli S88,Duplodnaviria,Heunggongvirae,Uroviricota,Caudoviricetes,Caudoviricetes incertae sedis,Andersonviridae,Ounavirinae,Felixounavirus,dsDNA
Felixounavirus,1198140,,,,,,,,,,0.06,,,,,564.0,Escherichia fergusonii,Duplodnaviria,Heunggongvirae,Uroviricota,Caudoviricetes,Caudoviricetes incertae sedis,Andersonviridae,Ounavirinae,Felixounavirus,dsDNA
Felixounavirus,1198140,,,,,,,,,,0.06,,,,,28901.0,Salmonella enterica,Duplodnaviria,Heunggongvirae,Uroviricota,Caudoviricetes,Caudoviricetes incertae sedis,Andersonviridae,Ounavirinae,Felixounavirus,dsDNA
Felixounavirus,1198140,,,,,,,,,,0.06,,,,,611.0,Salmonella enterica subsp. enterica serovar Heidelberg,Duplodnaviria,Heunggongvirae,Uroviricota,Caudoviricetes,Caudoviricetes incertae sedis,Andersonviridae,Ounavirinae,Felixounavirus,dsDNA
Felixounavirus,1198140,,,,,,,,,,0.06,,,,,2565028.0,Salmonella enterica subsp. enterica serovar Shubra,Duplodnaviria,Heunggongvirae,Uroviricota,Caudoviricetes,Caudoviricetes incertae sedis,Andersonviridae,Ounavirinae,Felixounavirus,dsDNA
Felixounavirus,1198140,,,,,,,,,,0.06,,,,,149539.0,Salmonella enterica subsp. enterica serovar Enteritidis,Duplodnaviria,Heunggongvirae,Uroviricota,Caudoviricetes,Caudoviricetes incertae sedis,Andersonviridae,Ounavirinae,Felixounavirus,dsDNA
Felixounavirus,1198140,,,,,,,,,,0.06,,,,,98360.0,Salmonella enterica subsp. enterica serovar Dublin,Duplodnaviria,Heunggongvirae,Uroviricota,Caudoviricetes,Caudoviricetes incertae sedis,Andersonviridae,Ounavirinae,Felixounavirus,dsDNA
Felixounavirus,1198140,,,,,,,,,,0.06,,,,,595.0,Salmonella enterica subsp. enterica serovar Infantis,Duplodnaviria,Heunggongvirae,Uroviricota,Caudoviricetes,Caudoviricetes incertae sedis,Andersonviridae,Ounavirinae,Felixounavirus,dsDNA
Felixounavirus,1198140,,,,,,,,,,0.06,,,,,590.0,Salmonella,Duplodnaviria,Heunggongvirae,Uroviricota,Caudoviricetes,Caudoviricetes incertae sedis,Andersonviridae,Ounavirinae,Felixounavirus,dsDNA
Felixounavirus,1198140,,,,,,,,,,0.06,,,,,90371.0,Salmonella enterica subsp. enterica serovar Typhimurium,Duplodnaviria,Heunggongvirae,Uroviricota,Caudoviricetes,Caudoviricetes incertae sedis,Andersonviridae,Ounavirinae,Felixounavirus,dsDNA
Felixounavirus,1198140,,,,,,,,,,0.06,,,,,599.0,Salmonella sp.,Duplodnaviria,Heunggongvirae,Uroviricota,Caudoviricetes,Caudoviricetes incertae sedis,Andersonviridae,Ounavirinae,Felixounavirus,dsDNA
Felixounavirus,1198140,,,,,,,,,,0.06,,,,,605.0,Salmonella enterica subsp. enterica serovar Pullorum,Duplodnaviria,Heunggongvirae,Uroviricota,Caudoviricetes,Caudoviricetes incertae sedis,Andersonviridae,Ounavirinae,Felixounavirus,dsDNA
Felixounavirus,1198140,,,,,,,,,,0.06,,,,,54388.0,Salmonella enterica subsp. enterica serovar Paratyphi A,Duplodnaviria,Heunggongvirae,Uroviricota,Caudoviricetes,Caudoviricetes incertae sedis,Andersonviridae,Ounavirinae,Felixounavirus,dsDNA
Felixounavirus,1198140,,,,,,,,,,0.06,,,,,358771.0,Salmonella enterica subsp. enterica serovar Kedougou,Duplodnaviria,Heunggongvirae,Uroviricota,Caudoviricetes,Caudoviricetes incertae sedis,Andersonviridae,Ounavirinae,Felixounavirus,dsDNA
Felixounavirus,1198140,,,,,,,,,,0.06,,,,,668369.0,Escherichia coli DH5[alpha],Duplodnaviria,Heunggongvirae,Uroviricota,Caudoviricetes,Caudoviricetes incertae sedis,Andersonviridae,Ounavirinae,Felixounavirus,dsDNA
Felixounavirus,1198140,,,,,,,,,,0.06,,,,,1288825.0,Shigella flexneri 2b,Duplodnaviria,Heunggongvirae,Uroviricota,Caudoviricetes,Caudoviricetes incertae sedis,Andersonviridae,Ounavirinae,Felixounavirus,dsDNA
Bocaparvovirus,1507401,,,,,,,0.02,,,,0.26,,,,188568.0,Aselliscus stoliczkanus,Monodnaviria,Shotokuvirae,Cossaviricota,Quintoviricetes,Piccovirales,Parvoviridae,Parvovirinae,Bocaparvovirus,
Bocaparvovirus,1507401,,,,,,,0.02,,,,0.26,,,,1.0,root,Monodnaviria,Shotokuvirae,Cossaviricota,Quintoviricetes,Piccovirales,Parvoviridae,Parvovirinae,Bocaparvovirus,
Bocaparvovirus,1507401,,,,,,,0.02,,,,0.26,,,,187007.0,Miniopterus fuliginosus,Monodnaviria,Shotokuvirae,Cossaviricota,Quintoviricetes,Piccovirales,Parvoviridae,Parvovirinae,Bocaparvovirus,
Bocaparvovirus,1507401,,,,,,,0.02,,,,0.26,,,,9986.0,Oryctolagus cuniculus,Monodnaviria,Shotokuvirae,Cossaviricota,Quintoviricetes,Piccovirales,Parvoviridae,Parvovirinae,Bocaparvovirus,
Bocaparvovirus,1507401,,,,,,,0.02,,,,0.26,,,,9593.0,Gorilla gorilla,Monodnaviria,Shotokuvirae,Cossaviricota,Quintoviricetes,Piccovirales,Parvoviridae,Parvovirinae,Bocaparvovirus,
Bocaparvovirus,1507401,,,,,,,0.02,,,,0.26,,,,9825.0,Sus scrofa domesticus,Monodnaviria,Shotokuvirae,Cossaviricota,Quintoviricetes,Piccovirales,Parvoviridae,Parvovirinae,Bocaparvovirus,
Bocaparvovirus,1507401,,,,,,,0.02,,,,0.26,,,,9615.0,Canis lupus familiaris,Monodnaviria,Shotokuvirae,Cossaviricota,Quintoviricetes,Piccovirales,Parvoviridae,Parvovirinae,Bocaparvovirus,
Bocaparvovirus,1507401,,,,,,,0.02,,,,0.26,,,,9838.0,Camelus dromedarius,Monodnaviria,Shotokuvirae,Cossaviricota,Quintoviricetes,Piccovirales,Parvoviridae,Parvovirinae,Bocaparvovirus,
Bocaparvovirus,1507401,,,,,,,0.02,,,,0.26,,,,425934.0,Canis lupus signatus,Monodnaviria,Shotokuvirae,Cossaviricota,Quintoviricetes,Piccovirales,Parvoviridae,Parvovirinae,Bocaparvovirus,
Bocaparvovirus,1507401,,,,,,,0.02,,,,0.26,,,,9433.0,Miniopterus schreibersii,Monodnaviria,Shotokuvirae,Cossaviricota,Quintoviricetes,Piccovirales,Parvoviridae,Parvovirinae,Bocaparvovirus,
Bocaparvovirus,1507401,,,,,,,0.02,,,,0.26,,,,9666.0,Mustela lutreola,Monodnaviria,Shotokuvirae,Cossaviricota,Quintoviricetes,Piccovirales,Parvoviridae,Parvovirinae,Bocaparvovirus,
Bocaparvovirus,1507401,,,,,,,0.02,,,,0.26,,,,51298.0,Myotis myotis,Monodnaviria,Shotokuvirae,Cossaviricota,Quintoviricetes,Piccovirales,Parvoviridae,Parvovirinae,Bocaparvovirus,
Bocaparvovirus,1507401,,,,,,,0.02,,,,0.26,,,,9823.0,Sus scrofa,Monodnaviria,Shotokuvirae,Cossaviricota,Quintoviricetes,Piccovirales,Parvoviridae,Parvovirinae,Bocaparvovirus,
Bocaparvovirus,1507401,,,,,,,0.02,,,,0.26,,,,10116.0,Rattus norvegicus,Monodnaviria,Shotokuvirae,Cossaviricota,Quintoviricetes,Piccovirales,Parvoviridae,Parvovirinae,Bocaparvovirus,
Bocaparvovirus,1507401,,,,,,,0.02,,,,0.26,,,,159858.0,Rhinolophus pusillus,Monodnaviria,Shotokuvirae,Cossaviricota,Quintoviricetes,Piccovirales,Parvoviridae,Parvovirinae,Bocaparvovirus,
Bocaparvovirus,1507401,,,,,,,0.02,,,,0.26,,,,89399.0,Rhinolophus sinicus,Monodnaviria,Shotokuvirae,Cossaviricota,Quintoviricetes,Piccovirales,Parvoviridae,Parvovirinae,Bocaparvovirus,
Bocaparvovirus,1507401,,,,,,,0.02,,,,0.26,,,,399316.0,Necromys,Monodnaviria,Shotokuvirae,Cossaviricota,Quintoviricetes,Piccovirales,Parvoviridae,Parvovirinae,Bocaparvovirus,
Bocaparvovirus,1507401,,,,,,,0.02,,,,0.26,,,,9408.0,Rousettus leschenaultii,Monodnaviria,Shotokuvirae,Cossaviricota,Quintoviricetes,Piccovirales,Parvoviridae,Parvovirinae,Bocaparvovirus,
Bocaparvovirus,1507401,,,,,,,0.02,,,,0.26,,,,30538.0,Vicugna pacos,Monodnaviria,Shotokuvirae,Cossaviricota,Quintoviricetes,Piccovirales,Parvoviridae,Parvovirinae,Bocaparvovirus,
Gemycircularvirus,1542744,,1.04,,,,,0.11,0.16,,,0.18,1.26,0.27,0.24,9852.0,Alces alces,Monodnaviria,Shotokuvirae,Cressdnaviricota,Repensiviricetes,Geplafuvirales,Genomoviridae,Gemycircularvirus,Gemycircularvirus lepam1,
Gemycircularvirus,1542744,,1.04,,,,,0.11,0.16,,,0.18,1.26,0.27,0.24,77160.0,Dendroctonus brevicomis,Monodnaviria,Shotokuvirae,Cressdnaviricota,Repensiviricetes,Geplafuvirales,Genomoviridae,Gemycircularvirus,Gemycircularvirus denbre1,
Gemycircularvirus,1542744,,1.04,,,,,0.11,0.16,,,0.18,1.26,0.27,0.24,77166.0,Dendroctonus ponderosae,Monodnaviria,Shotokuvirae,Cressdnaviricota,Repensiviricetes,Geplafuvirales,Genomoviridae,Gemycircularvirus,Gemycircularvirus denpo1,
Gemycircularvirus,1542744,,1.04,,,,,0.11,0.16,,,0.18,1.26,0.27,0.24,7038.0,Bemisia tabaci,Monodnaviria,Shotokuvirae,Cressdnaviricota,Repensiviricetes,Geplafuvirales,Genomoviridae,Gemycircularvirus,Gemycircularvirus bemta1,
Gemycircularvirus,1542744,,1.04,,,,,0.11,0.16,,,0.18,1.26,0.27,0.24,9940.0,Ovis aries,Monodnaviria,Shotokuvirae,Cressdnaviricota,Repensiviricetes,Geplafuvirales,Genomoviridae,Gemycircularvirus,Gemycircularvirus blabi1,
Gemycircularvirus,1542744,,1.04,,,,,0.11,0.16,,,0.18,1.26,0.27,0.24,61017.0,Austrosimulium,Monodnaviria,Shotokuvirae,Cressdnaviricota,Repensiviricetes,Geplafuvirales,Genomoviridae,Gemycircularvirus,Gemycircularvirus austro1,
Gemycircularvirus,1542744,,1.04,,,,,0.11,0.16,,,0.18,1.26,0.27,0.24,52147.0,Bromus hordeaceus,Monodnaviria,Shotokuvirae,Cressdnaviricota,Repensiviricetes,Geplafuvirales,Genomoviridae,Gemycircularvirus,Gemycircularvirus bromas1,
Gemycircularvirus,1542744,,1.04,,,,,0.11,0.16,,,0.18,1.26,0.27,0.24,1.0,root,Monodnaviria,Shotokuvirae,Cressdnaviricota,Repensiviricetes,Geplafuvirales,Genomoviridae,Gemycircularvirus,Gemycircularvirus hydro1,
Gemycircularvirus,1542744,,1.04,,,,,0.11,0.16,,,0.18,1.26,0.27,0.24,3983.0,Manihot esculenta,Monodnaviria,Shotokuvirae,Cressdnaviricota,Repensiviricetes,Geplafuvirales,Genomoviridae,Gemycircularvirus,Gemycircularvirus cassa1,
Gemycircularvirus,1542744,,1.04,,,,,0.11,0.16,,,0.18,1.26,0.27,0.24,2909989.0,Citrus sp.,Monodnaviria,Shotokuvirae,Cressdnaviricota,Repensiviricetes,Geplafuvirales,Genomoviridae,Gemycircularvirus,Gemycircularvirus citas1,
Gemycircularvirus,1542744,,1.04,,,,,0.11,0.16,,,0.18,1.26,0.27,0.24,3885.0,Phaseolus vulgaris,Monodnaviria,Shotokuvirae,Cressdnaviricota,Repensiviricetes,Geplafuvirales,Genomoviridae,Gemycircularvirus,unclassified Gemycircularvirus,
Gemycircularvirus,1542744,,1.04,,,,,0.11,0.16,,,0.18,1.26,0.27,0.24,70384.0,Erythemis simplicicollis,Monodnaviria,Shotokuvirae,Cressdnaviricota,Repensiviricetes,Geplafuvirales,Genomoviridae,Gemycircularvirus,Gemycircularvirus draga1,
Gemycircularvirus,1542744,,1.04,,,,,0.11,0.16,,,0.18,1.26,0.27,0.24,212910.0,Euphorbia heterophylla,Monodnaviria,Shotokuvirae,Cressdnaviricota,Repensiviricetes,Geplafuvirales,Genomoviridae,Gemycircularvirus,Gemycircularvirus euhet1,
Gemycircularvirus,1542744,,1.04,,,,,0.11,0.16,,,0.18,1.26,0.27,0.24,9187.0,Turdus merula,Monodnaviria,Shotokuvirae,Cressdnaviricota,Repensiviricetes,Geplafuvirales,Genomoviridae,Gemycircularvirus,unclassified Gemycircularvirus,
Gemycircularvirus,1542744,,1.04,,,,,0.11,0.16,,,0.18,1.26,0.27,0.24,9031.0,Gallus gallus,Monodnaviria,Shotokuvirae,Cressdnaviricota,Repensiviricetes,Geplafuvirales,Genomoviridae,Gemycircularvirus,Gemycircularvirus chicas2,
Gemycircularvirus,1542744,,1.04,,,,,0.11,0.16,,,0.18,1.26,0.27,0.24,1114792.0,Equus ferus,Monodnaviria,Shotokuvirae,Cressdnaviricota,Repensiviricetes,Geplafuvirales,Genomoviridae,Gemycircularvirus,Gemycircularvirus equas1,
Gemycircularvirus,1542744,,1.04,,,,,0.11,0.16,,,0.18,1.26,0.27,0.24,9823.0,Sus scrofa,Monodnaviria,Shotokuvirae,Cressdnaviricota,Repensiviricetes,Geplafuvirales,Genomoviridae,Gemycircularvirus,Gemycircularvirus porci1,
Gemycircularvirus,1542744,,1.04,,,,,0.11,0.16,,,0.18,1.26,0.27,0.24,9913.0,Bos taurus,Monodnaviria,Shotokuvirae,Cressdnaviricota,Repensiviricetes,Geplafuvirales,Genomoviridae,Gemycircularvirus,Gemycircularvirus bovas1,
Gemycircularvirus,1542744,,1.04,,,,,0.11,0.16,,,0.18,1.26,0.27,0.24,30427.0,Haemorhous mexicanus,Monodnaviria,Shotokuvirae,Cressdnaviricota,Repensiviricetes,Geplafuvirales,Genomoviridae,Gemycircularvirus,Gemycircularvirus haeme1,
Gemycircularvirus,1542744,,1.04,,,,,0.11,0.16,,,0.18,1.26,0.27,0.24,29084.0,Arctocephalus forsteri,Monodnaviria,Shotokuvirae,Cressdnaviricota,Repensiviricetes,Geplafuvirales,Genomoviridae,Gemycircularvirus,Gemycircularvirus furse1,
Gemycircularvirus,1542744,,1.04,,,,,0.11,0.16,,,0.18,1.26,0.27,0.24,10114.0,Rattus,Monodnaviria,Shotokuvirae,Cressdnaviricota,Repensiviricetes,Geplafuvirales,Genomoviridae,Gemycircularvirus,Gemycircularvirus ratas1,
Gemycircularvirus,1542744,,1.04,,,,,0.11,0.16,,,0.18,1.26,0.27,0.24,10116.0,Rattus norvegicus,Monodnaviria,Shotokuvirae,Cressdnaviricota,Repensiviricetes,Geplafuvirales,Genomoviridae,Gemycircularvirus,Gemycircularvirus ratas1,
Gemycircularvirus,1542744,,1.04,,,,,0.11,0.16,,,0.18,1.26,0.27,0.24,9606.0,Homo sapiens,Monodnaviria,Shotokuvirae,Cressdnaviricota,Repensiviricetes,Geplafuvirales,Genomoviridae,Gemycircularvirus,unclassified Gemycircularvirus,
Gemycircularvirus,1542744,,1.04,,,,,0.11,0.16,,,0.18,1.26,0.27,0.24,30415.0,Grus japonensis,Monodnaviria,Shotokuvirae,Cressdnaviricota,Repensiviricetes,Geplafuvirales,Genomoviridae,Gemycircularvirus,unclassified Gemycircularvirus,
Gemycircularvirus,1542744,,1.04,,,,,0.11,0.16,,,0.18,1.26,0.27,0.24,246814.0,Pipistrellus pygmaeus,Monodnaviria,Shotokuvirae,Cressdnaviricota,Repensiviricetes,Geplafuvirales,Genomoviridae,Gemycircularvirus,unclassified Gemycircularvirus,
Gemycircularvirus,1542744,,1.04,,,,,0.11,0.16,,,0.18,1.26,0.27,0.24,1389957.0,Gerygone albofrontata,Monodnaviria,Shotokuvirae,Cressdnaviricota,Repensiviricetes,Geplafuvirales,Genomoviridae,Gemycircularvirus,Gemycircularvirus geras1,
Gemycircularvirus,1542744,,1.04,,,,,0.11,0.16,,,0.18,1.26,0.27,0.24,2850379.0,Eratigena duellica,Monodnaviria,Shotokuvirae,Cressdnaviricota,Repensiviricetes,Geplafuvirales,Genomoviridae,Gemycircularvirus,Gemycircularvirus erati1,
Gemycircularvirus,1542744,,1.04,,,,,0.11,0.16,,,0.18,1.26,0.27,0.24,9646.0,Ailuropoda melanoleuca,Monodnaviria,Shotokuvirae,Cressdnaviricota,Repensiviricetes,Geplafuvirales,Genomoviridae,Gemycircularvirus,unclassified Gemycircularvirus,
Gemycircularvirus,1542744,,1.04,,,,,0.11,0.16,,,0.18,1.26,0.27,0.24,282542.0,Hypericum japonicum,Monodnaviria,Shotokuvirae,Cressdnaviricota,Repensiviricetes,Geplafuvirales,Genomoviridae,Gemycircularvirus,Gemycircularvirus hypas1,
Gemycircularvirus,1542744,,1.04,,,,,0.11,0.16,,,0.18,1.26,0.27,0.24,9844.0,Lama glama,Monodnaviria,Shotokuvirae,Cressdnaviricota,Repensiviricetes,Geplafuvirales,Genomoviridae,Gemycircularvirus,Gemycircularvirus lamas1,
Gemycircularvirus,1542744,,1.04,,,,,0.11,0.16,,,0.18,1.26,0.27,0.24,48086.0,Lepus americanus,Monodnaviria,Shotokuvirae,Cressdnaviricota,Repensiviricetes,Geplafuvirales,Genomoviridae,Gemycircularvirus,Gemycircularvirus lepam3,
Gemycircularvirus,1542744,,1.04,,,,,0.11,0.16,,,0.18,1.26,0.27,0.24,425934.0,Canis lupus signatus,Monodnaviria,Shotokuvirae,Cressdnaviricota,Repensiviricetes,Geplafuvirales,Genomoviridae,Gemycircularvirus,Gemycircularvirus canlup1,
Gemycircularvirus,1542744,,1.04,,,,,0.11,0.16,,,0.18,1.26,0.27,0.24,61383.0,Lynx canadensis,Monodnaviria,Shotokuvirae,Cressdnaviricota,Repensiviricetes,Geplafuvirales,Genomoviridae,Gemycircularvirus,Gemycircularvirus lepa2,
Gemycircularvirus,1542744,,1.04,,,,,0.11,0.16,,,0.18,1.26,0.27,0.24,8839.0,Anas platyrhynchos,Monodnaviria,Shotokuvirae,Cressdnaviricota,Repensiviricetes,Geplafuvirales,Genomoviridae,Gemycircularvirus,Gemycircularvirus malas1,
Gemycircularvirus,1542744,,1.04,,,,,0.11,0.16,,,0.18,1.26,0.27,0.24,187007.0,Miniopterus fuliginosus,Monodnaviria,Shotokuvirae,Cressdnaviricota,Repensiviricetes,Geplafuvirales,Genomoviridae,Gemycircularvirus,Gemycircularvirus minio1,
Gemycircularvirus,1542744,,1.04,,,,,0.11,0.16,,,0.18,1.26,0.27,0.24,3673.0,Momordica charantia,Monodnaviria,Shotokuvirae,Cressdnaviricota,Repensiviricetes,Geplafuvirales,Genomoviridae,Gemycircularvirus,Gemycircularvirus mocha1,
Gemycircularvirus,1542744,,1.04,,,,,0.11,0.16,,,0.18,1.26,0.27,0.24,9700.0,Herpestes ichneumon,Monodnaviria,Shotokuvirae,Cressdnaviricota,Repensiviricetes,Geplafuvirales,Genomoviridae,Gemycircularvirus,Gemycircularvirus monas1,
Gemycircularvirus,1542744,,1.04,,,,,0.11,0.16,,,0.18,1.26,0.27,0.24,7157.0,Culicidae,Monodnaviria,Shotokuvirae,Cressdnaviricota,Repensiviricetes,Geplafuvirales,Genomoviridae,Gemycircularvirus,Gemycircularvirus mosqi1,
Gemycircularvirus,1542744,,1.04,,,,,0.11,0.16,,,0.18,1.26,0.27,0.24,537920.0,Clethrionomys rutilus,Monodnaviria,Shotokuvirae,Cressdnaviricota,Repensiviricetes,Geplafuvirales,Genomoviridae,Gemycircularvirus,Gemycircularvirus rebac1,
Gemycircularvirus,1542744,,1.04,,,,,0.11,0.16,,,0.18,1.26,0.27,0.24,79457.0,Ischnura posita,Monodnaviria,Shotokuvirae,Cressdnaviricota,Repensiviricetes,Geplafuvirales,Genomoviridae,Gemycircularvirus,Gemycircularvirus odona1,
Gemycircularvirus,1542744,,1.04,,,,,0.11,0.16,,,0.18,1.26,0.27,0.24,237662.0,Rhionaeschna multicolor,Monodnaviria,Shotokuvirae,Cressdnaviricota,Repensiviricetes,Geplafuvirales,Genomoviridae,Gemycircularvirus,Gemycircularvirus odona2,
Gemycircularvirus,1542744,,1.04,,,,,0.11,0.16,,,0.18,1.26,0.27,0.24,4145.0,Olea,Monodnaviria,Shotokuvirae,Cressdnaviricota,Repensiviricetes,Geplafuvirales,Genomoviridae,Gemycircularvirus,Gemycircularvirus oltre1,
Gemycircularvirus,1542744,,1.04,,,,,0.11,0.16,,,0.18,1.26,0.27,0.24,212256.0,Oxalis corniculata,Monodnaviria,Shotokuvirae,Cressdnaviricota,Repensiviricetes,Geplafuvirales,Genomoviridae,Gemycircularvirus,Gemycircularvirus oxcor1,
Gemycircularvirus,1542744,,1.04,,,,,0.11,0.16,,,0.18,1.26,0.27,0.24,77217.0,Pteropus tonganus,Monodnaviria,Shotokuvirae,Cressdnaviricota,Repensiviricetes,Geplafuvirales,Genomoviridae,Gemycircularvirus,Gemycircularvirus ptero1,
Gemycircularvirus,1542744,,1.04,,,,,0.11,0.16,,,0.18,1.26,0.27,0.24,4070.0,Solanaceae,Monodnaviria,Shotokuvirae,Cressdnaviricota,Repensiviricetes,Geplafuvirales,Genomoviridae,Gemycircularvirus,Gemycircularvirus solas1,
Gemycircularvirus,1542744,,1.04,,,,,0.11,0.16,,,0.18,1.26,0.27,0.24,136755.0,Willdenowia,Monodnaviria,Shotokuvirae,Cressdnaviricota,Repensiviricetes,Geplafuvirales,Genomoviridae,Gemycircularvirus,Gemycircularvirus willde1,
Gemycircularvirus,1542744,,1.04,,,,,0.11,0.16,,,0.18,1.26,0.27,0.24,3884.0,Phaseolus lunatus,Monodnaviria,Shotokuvirae,Cressdnaviricota,Repensiviricetes,Geplafuvirales,Genomoviridae,Gemycircularvirus,Gemycircularvirus legle1,
Gemycircularvirus,1542744,,1.04,,,,,0.11,0.16,,,0.18,1.26,0.27,0.24,267552.0,Salicornia perennis,Monodnaviria,Shotokuvirae,Cressdnaviricota,Repensiviricetes,Geplafuvirales,Genomoviridae,Gemycircularvirus,Gemycircularvirus sarpe1,
Gemycircularvirus,1542744,,1.04,,,,,0.11,0.16,,,0.18,1.26,0.27,0.24,133374.0,Dischisma,Monodnaviria,Shotokuvirae,Cressdnaviricota,Repensiviricetes,Geplafuvirales,Genomoviridae,Gemycircularvirus,Gemycircularvirus dichism1,
Gemycircularvirus,1542744,,1.04,,,,,0.11,0.16,,,0.18,1.26,0.27,0.24,140929.0,Lebeckia,Monodnaviria,Shotokuvirae,Cressdnaviricota,Repensiviricetes,Geplafuvirales,Genomoviridae,Gemycircularvirus,Gemycircularvirus lebec1,
Gemycircularvirus,1542744,,1.04,,,,,0.11,0.16,,,0.18,1.26,0.27,0.24,3366679.0,Asparagus sp.,Monodnaviria,Shotokuvirae,Cressdnaviricota,Repensiviricetes,Geplafuvirales,Genomoviridae,Gemycircularvirus,Gemycircularvirus aspar1,
Gemycircularvirus,1542744,,1.04,,,,,0.11,0.16,,,0.18,1.26,0.27,0.24,58643.0,Hypochaeris,Monodnaviria,Shotokuvirae,Cressdnaviricota,Repensiviricetes,Geplafuvirales,Genomoviridae,Gemycircularvirus,Gemycircularvirus trilo1,
Gemycircularvirus,1542744,,1.04,,,,,0.11,0.16,,,0.18,1.26,0.27,0.24,3446230.0,Opuntia sp.,Monodnaviria,Shotokuvirae,Cressdnaviricota,Repensiviricetes,Geplafuvirales,Genomoviridae,Gemycircularvirus,Gemycircularvirus opunt1,
Gemycircularvirus,1542744,,1.04,,,,,0.11,0.16,,,0.18,1.26,0.27,0.24,4479.0,Poaceae,Monodnaviria,Shotokuvirae,Cressdnaviricota,Repensiviricetes,Geplafuvirales,Genomoviridae,Gemycircularvirus,Gemycircularvirus poass1,
Gemycircularvirus,1542744,,1.04,,,,,0.11,0.16,,,0.18,1.26,0.27,0.24,240436.0,Urochloa deflexa,Monodnaviria,Shotokuvirae,Cressdnaviricota,Repensiviricetes,Geplafuvirales,Genomoviridae,Gemycircularvirus,Gemycircularvirus poass1,
Gemycircularvirus,1542744,,1.04,,,,,0.11,0.16,,,0.18,1.26,0.27,0.24,48891.0,Poecile atricapillus,Monodnaviria,Shotokuvirae,Cressdnaviricota,Repensiviricetes,Geplafuvirales,Genomoviridae,Gemycircularvirus,Gemycircularvirus chickad1,
Gemycircularvirus,1542744,,1.04,,,,,0.11,0.16,,,0.18,1.26,0.27,0.24,5180.0,Sclerotinia sclerotiorum,Monodnaviria,Shotokuvirae,Cressdnaviricota,Repensiviricetes,Geplafuvirales,Genomoviridae,Gemycircularvirus,Gemycircularvirus sclero1,
Gemycircularvirus,1542744,,1.04,,,,,0.11,0.16,,,0.18,1.26,0.27,0.24,1698887.0,Neriene litigiosa,Monodnaviria,Shotokuvirae,Cressdnaviricota,Repensiviricetes,Geplafuvirales,Genomoviridae,Gemycircularvirus,Gemycircularvirus siedo1,
Gemycircularvirus,1542744,,1.04,,,,,0.11,0.16,,,0.18,1.26,0.27,0.24,3847.0,Glycine max,Monodnaviria,Shotokuvirae,Cressdnaviricota,Repensiviricetes,Geplafuvirales,Genomoviridae,Gemycircularvirus,Gemycircularvirus soybe1,
Gemycircularvirus,1542744,,1.04,,,,,0.11,0.16,,,0.18,1.26,0.27,0.24,6893.0,Araneae,Monodnaviria,Shotokuvirae,Cressdnaviricota,Repensiviricetes,Geplafuvirales,Genomoviridae,Gemycircularvirus,Gemycircularvirus cybusi1,
Gemycircularvirus,1542744,,1.04,,,,,0.11,0.16,,,0.18,1.26,0.27,0.24,60587.0,Odontotermes,Monodnaviria,Shotokuvirae,Cressdnaviricota,Repensiviricetes,Geplafuvirales,Genomoviridae,Gemycircularvirus,Gemycircularvirus termi1,
Gemycircularvirus,1542744,,1.04,,,,,0.11,0.16,,,0.18,1.26,0.27,0.24,146804.0,Echinothrips americanus,Monodnaviria,Shotokuvirae,Cressdnaviricota,Repensiviricetes,Geplafuvirales,Genomoviridae,Gemycircularvirus,Gemycircularvirus echiam1,
Gemycircularvirus,1542744,,1.04,,,,,0.11,0.16,,,0.18,1.26,0.27,0.24,34621.0,Dermacentor variabilis,Monodnaviria,Shotokuvirae,Cressdnaviricota,Repensiviricetes,Geplafuvirales,Genomoviridae,Gemycircularvirus,Gemycircularvirus derva1,
Gemycircularvirus,1542744,,1.04,,,,,0.11,0.16,,,0.18,1.26,0.27,0.24,6945.0,Ixodes scapularis,Monodnaviria,Shotokuvirae,Cressdnaviricota,Repensiviricetes,Geplafuvirales,Genomoviridae,Gemycircularvirus,Gemycircularvirus ixode1,
Gemycircularvirus,1542744,,1.04,,,,,0.11,0.16,,,0.18,1.26,0.27,0.24,38772.0,Gopherus agassizii,Monodnaviria,Shotokuvirae,Cressdnaviricota,Repensiviricetes,Geplafuvirales,Genomoviridae,Gemycircularvirus,Gemycircularvirus gopha2,
Cheoctovirus,1623281,,,,,,,,0.32,,,,,0.52,,1763.0,Mycobacterium,Duplodnaviria,Heunggongvirae,Uroviricota,Caudoviricetes,Caudoviricetes incertae sedis,Cheoctovirus,unclassified Cheoctovirus,,dsDNA
Cheoctovirus,1623281,,,,,,,,0.32,,,,,0.52,,246196.0,Mycolicibacterium smegmatis MC2 155,Duplodnaviria,Heunggongvirae,Uroviricota,Caudoviricetes,Caudoviricetes incertae sedis,Cheoctovirus,unclassified Cheoctovirus,,dsDNA
Cheoctovirus,1623281,,,,,,,,0.32,,,,,0.52,,1763.0,Mycobacterium,Duplodnaviria,Heunggongvirae,Uroviricota,Caudoviricetes,Caudoviricetes incertae sedis,Cheoctovirus,Cheoctovirus arcusangelus,,dsDNA
Cheoctovirus,1623281,,,,,,,,0.32,,,,,0.52,,1763.0,Mycobacterium,Duplodnaviria,Heunggongvirae,Uroviricota,Caudoviricetes,Caudoviricetes incertae sedis,Cheoctovirus,Cheoctovirus ardmore,Mycobacterium virus Ardmore,dsDNA
Cheoctovirus,1623281,,,,,,,,0.32,,,,,0.52,,246196.0,Mycolicibacterium smegmatis MC2 155,Duplodnaviria,Heunggongvirae,Uroviricota,Caudoviricetes,Caudoviricetes incertae sedis,Cheoctovirus,Cheoctovirus batiatus,,dsDNA
Cheoctovirus,1623281,,,,,,,,0.32,,,,,0.52,,1763.0,Mycobacterium,Duplodnaviria,Heunggongvirae,Uroviricota,Caudoviricetes,Caudoviricetes incertae sedis,Cheoctovirus,Cheoctovirus blexus,,dsDNA
Cheoctovirus,1623281,,,,,,,,0.32,,,,,0.52,,246196.0,Mycolicibacterium smegmatis MC2 155,Duplodnaviria,Heunggongvirae,Uroviricota,Caudoviricetes,Caudoviricetes incertae sedis,Cheoctovirus,Cheoctovirus bobaphett,,dsDNA
Cheoctovirus,1623281,,,,,,,,0.32,,,,,0.52,,246196.0,Mycolicibacterium smegmatis MC2 155,Duplodnaviria,Heunggongvirae,Uroviricota,Caudoviricetes,Caudoviricetes incertae sedis,Cheoctovirus,Cheoctovirus bodeinwohner17,,dsDNA
Cheoctovirus,1623281,,,,,,,,0.32,,,,,0.52,,1763.0,Mycobacterium,Duplodnaviria,Heunggongvirae,Uroviricota,Caudoviricetes,Caudoviricetes incertae sedis,Cheoctovirus,Cheoctovirus boomer,Mycobacterium virus Boomer,dsDNA
Cheoctovirus,1623281,,,,,,,,0.32,,,,,0.52,,246196.0,Mycolicibacterium smegmatis MC2 155,Duplodnaviria,Heunggongvirae,Uroviricota,Caudoviricetes,Caudoviricetes incertae sedis,Cheoctovirus,Cheoctovirus boomer,Mycobacterium virus Boomer,dsDNA
Cheoctovirus,1623281,,,,,,,,0.32,,,,,0.52,,246196.0,Mycolicibacterium smegmatis MC2 155,Duplodnaviria,Heunggongvirae,Uroviricota,Caudoviricetes,Caudoviricetes incertae sedis,Cheoctovirus,Cheoctovirus bubbles123,,dsDNA
Cheoctovirus,1623281,,,,,,,,0.32,,,,,0.52,,246196.0,Mycolicibacterium smegmatis MC2 155,Duplodnaviria,Heunggongvirae,Uroviricota,Caudoviricetes,Caudoviricetes incertae sedis,Cheoctovirus,Cheoctovirus burwell21,,dsDNA
Cheoctovirus,1623281,,,,,,,,0.32,,,,,0.52,,246196.0,Mycolicibacterium smegmatis MC2 155,Duplodnaviria,Heunggongvirae,Uroviricota,Caudoviricetes,Caudoviricetes incertae sedis,Cheoctovirus,Cheoctovirus buzzlyseyear,,dsDNA
Cheoctovirus,1623281,,,,,,,,0.32,,,,,0.52,,246196.0,Mycolicibacterium smegmatis MC2 155,Duplodnaviria,Heunggongvirae,Uroviricota,Caudoviricetes,Caudoviricetes incertae sedis,Cheoctovirus,Cheoctovirus byougenkin,,dsDNA
Cheoctovirus,1623281,,,,,,,,0.32,,,,,0.52,,246196.0,Mycolicibacterium smegmatis MC2 155,Duplodnaviria,Heunggongvirae,Uroviricota,Caudoviricetes,Caudoviricetes incertae sedis,Cheoctovirus,Cheoctovirus captaintrips,,dsDNA
Cheoctovirus,1623281,,,,,,,,0.32,,,,,0.52,,1763.0,Mycobacterium,Duplodnaviria,Heunggongvirae,Uroviricota,Caudoviricetes,Caudoviricetes incertae sedis,Cheoctovirus,Cheoctovirus che8,Mycobacterium virus Che8,dsDNA
Cheoctovirus,1623281,,,,,,,,0.32,,,,,0.52,,246196.0,Mycolicibacterium smegmatis MC2 155,Duplodnaviria,Heunggongvirae,Uroviricota,Caudoviricetes,Caudoviricetes incertae sedis,Cheoctovirus,Cheoctovirus chuckly,,dsDNA
Cheoctovirus,1623281,,,,,,,,0.32,,,,,0.52,,246196.0,Mycolicibacterium smegmatis MC2 155,Duplodnaviria,Heunggongvirae,Uroviricota,Caudoviricetes,Caudoviricetes incertae sedis,Cheoctovirus,Cheoctovirus dante,,dsDNA
Cheoctovirus,1623281,,,,,,,,0.32,,,,,0.52,,246196.0,Mycolicibacterium smegmatis MC2 155,Duplodnaviria,Heunggongvirae,Uroviricota,Caudoviricetes,Caudoviricetes incertae sedis,Cheoctovirus,Cheoctovirus deadp,Mycobacterium virus DeadP,dsDNA
Cheoctovirus,1623281,,,,,,,,0.32,,,,,0.52,,246196.0,Mycolicibacterium smegmatis MC2 155,Duplodnaviria,Heunggongvirae,Uroviricota,Caudoviricetes,Caudoviricetes incertae sedis,Cheoctovirus,Cheoctovirus dilltech15,,dsDNA
Cheoctovirus,1623281,,,,,,,,0.32,,,,,0.52,,1763.0,Mycobacterium,Duplodnaviria,Heunggongvirae,Uroviricota,Caudoviricetes,Caudoviricetes incertae sedis,Cheoctovirus,Cheoctovirus drago,Mycobacterium virus Drago,dsDNA
Cheoctovirus,1623281,,,,,,,,0.32,,,,,0.52,,246196.0,Mycolicibacterium smegmatis MC2 155,Duplodnaviria,Heunggongvirae,Uroviricota,Caudoviricetes,Caudoviricetes incertae sedis,Cheoctovirus,Cheoctovirus dlane,Mycobacterium virus Dlane,dsDNA
Cheoctovirus,1623281,,,,,,,,0.32,,,,,0.52,,246196.0,Mycolicibacterium smegmatis MC2 155,Duplodnaviria,Heunggongvirae,Uroviricota,Caudoviricetes,Caudoviricetes incertae sedis,Cheoctovirus,Cheoctovirus donkeykong,,dsDNA
Cheoctovirus,1623281,,,,,,,,0.32,,,,,0.52,,246196.0,Mycolicibacterium smegmatis MC2 155,Duplodnaviria,Heunggongvirae,Uroviricota,Caudoviricetes,Caudoviricetes incertae sedis,Cheoctovirus,Cheoctovirus dorothy,Mycobacterium virus Dorothy,dsDNA
Cheoctovirus,1623281,,,,,,,,0.32,,,,,0.52,,246196.0,Mycolicibacterium smegmatis MC2 155,Duplodnaviria,Heunggongvirae,Uroviricota,Caudoviricetes,Caudoviricetes incertae sedis,Cheoctovirus,Cheoctovirus dotproduct,Mycobacterium virus DotProduct,dsDNA
Cheoctovirus,1623281,,,,,,,,0.32,,,,,0.52,,1763.0,Mycobacterium,Duplodnaviria,Heunggongvirae,Uroviricota,Caudoviricetes,Caudoviricetes incertae sedis,Cheoctovirus,Cheoctovirus doug,,dsDNA
Cheoctovirus,1623281,,,,,,,,0.32,,,,,0.52,,246196.0,Mycolicibacterium smegmatis MC2 155,Duplodnaviria,Heunggongvirae,Uroviricota,Caudoviricetes,Caudoviricetes incertae sedis,Cheoctovirus,Cheoctovirus drago,Mycobacterium virus Drago,dsDNA
Cheoctovirus,1623281,,,,,,,,0.32,,,,,0.52,,1763.0,Mycobacterium,Duplodnaviria,Heunggongvirae,Uroviricota,Caudoviricetes,Caudoviricetes incertae sedis,Cheoctovirus,Cheoctovirus DRBy19,,dsDNA
Cheoctovirus,1623281,,,,,,,,0.32,,,,,0.52,,246196.0,Mycolicibacterium smegmatis MC2 155,Duplodnaviria,Heunggongvirae,Uroviricota,Caudoviricetes,Caudoviricetes incertae sedis,Cheoctovirus,Cheoctovirus eish,,dsDNA
Cheoctovirus,1623281,,,,,,,,0.32,,,,,0.52,,1763.0,Mycobacterium,Duplodnaviria,Heunggongvirae,Uroviricota,Caudoviricetes,Caudoviricetes incertae sedis,Cheoctovirus,Cheoctovirus eleanorgeorge,,dsDNA
Cheoctovirus,1623281,,,,,,,,0.32,,,,,0.52,,246196.0,Mycolicibacterium smegmatis MC2 155,Duplodnaviria,Heunggongvirae,Uroviricota,Caudoviricetes,Caudoviricetes incertae sedis,Cheoctovirus,Cheoctovirus emma,,dsDNA
Cheoctovirus,1623281,,,,,,,,0.32,,,,,0.52,,246196.0,Mycolicibacterium smegmatis MC2 155,Duplodnaviria,Heunggongvirae,Uroviricota,Caudoviricetes,Caudoviricetes incertae sedis,Cheoctovirus,Cheoctovirus empress,,dsDNA
Cheoctovirus,1623281,,,,,,,,0.32,,,,,0.52,,246196.0,Mycolicibacterium smegmatis MC2 155,Duplodnaviria,Heunggongvirae,Uroviricota,Caudoviricetes,Caudoviricetes incertae sedis,Cheoctovirus,Cheoctovirus estave1,,dsDNA
Cheoctovirus,1623281,,,,,,,,0.32,,,,,0.52,,246196.0,Mycolicibacterium smegmatis MC2 155,Duplodnaviria,Heunggongvirae,Uroviricota,Caudoviricetes,Caudoviricetes incertae sedis,Cheoctovirus,Cheoctovirus fancypants,,dsDNA
Cheoctovirus,1623281,,,,,,,,0.32,,,,,0.52,,246196.0,Mycolicibacterium smegmatis MC2 155,Duplodnaviria,Heunggongvirae,Uroviricota,Caudoviricetes,Caudoviricetes incertae sedis,Cheoctovirus,Cheoctovirus filuzino,,dsDNA
Cheoctovirus,1623281,,,,,,,,0.32,,,,,0.52,,1763.0,Mycobacterium,Duplodnaviria,Heunggongvirae,Uroviricota,Caudoviricetes,Caudoviricetes incertae sedis,Cheoctovirus,Cheoctovirus firehouse51,,dsDNA
Cheoctovirus,1623281,,,,,,,,0.32,,,,,0.52,,1763.0,Mycobacterium,Duplodnaviria,Heunggongvirae,Uroviricota,Caudoviricetes,Caudoviricetes incertae sedis,Cheoctovirus,Cheoctovirus florinda,,dsDNA
Cheoctovirus,1623281,,,,,,,,0.32,,,,,0.52,,246196.0,Mycolicibacterium smegmatis MC2 155,Duplodnaviria,Heunggongvirae,Uroviricota,Caudoviricetes,Caudoviricetes incertae sedis,Cheoctovirus,Cheoctovirus florinda,,dsDNA
Cheoctovirus,1623281,,,,,,,,0.32,,,,,0.52,,1771.0,Mycolicibacterium phlei,Duplodnaviria,Heunggongvirae,Uroviricota,Caudoviricetes,Caudoviricetes incertae sedis,Cheoctovirus,unclassified Cheoctovirus,,dsDNA
Cheoctovirus,1623281,,,,,,,,0.32,,,,,0.52,,246196.0,Mycolicibacterium smegmatis MC2 155,Duplodnaviria,Heunggongvirae,Uroviricota,Caudoviricetes,Caudoviricetes incertae sedis,Cheoctovirus,Cheoctovirus fruitloop,Mycobacterium virus Fruitloop,dsDNA
Cheoctovirus,1623281,,,,,,,,0.32,,,,,0.52,,246196.0,Mycolicibacterium smegmatis MC2 155,Duplodnaviria,Heunggongvirae,Uroviricota,Caudoviricetes,Caudoviricetes incertae sedis,Cheoctovirus,Cheoctovirus galactic,,dsDNA
Cheoctovirus,1623281,,,,,,,,0.32,,,,,0.52,,246196.0,Mycolicibacterium smegmatis MC2 155,Duplodnaviria,Heunggongvirae,Uroviricota,Caudoviricetes,Caudoviricetes incertae sedis,Cheoctovirus,Cheoctovirus gandalph,,dsDNA
Cheoctovirus,1623281,,,,,,,,0.32,,,,,0.52,,246196.0,Mycolicibacterium smegmatis MC2 155,Duplodnaviria,Heunggongvirae,Uroviricota,Caudoviricetes,Caudoviricetes incertae sedis,Cheoctovirus,Cheoctovirus geralt,,dsDNA
Cheoctovirus,1623281,,,,,,,,0.32,,,,,0.52,,246196.0,Mycolicibacterium smegmatis MC2 155,Duplodnaviria,Heunggongvirae,Uroviricota,Caudoviricetes,Caudoviricetes incertae sedis,Cheoctovirus,Cheoctovirus girr,,dsDNA
Cheoctovirus,1623281,,,,,,,,0.32,,,,,0.52,,1763.0,Mycobacterium,Duplodnaviria,Heunggongvirae,Uroviricota,Caudoviricetes,Caudoviricetes incertae sedis,Cheoctovirus,Cheoctovirus gorge,,dsDNA
Cheoctovirus,1623281,,,,,,,,0.32,,,,,0.52,,246196.0,Mycolicibacterium smegmatis MC2 155,Duplodnaviria,Heunggongvirae,Uroviricota,Caudoviricetes,Caudoviricetes incertae sedis,Cheoctovirus,Cheoctovirus gumbie,Mycobacterium virus GUmbie,dsDNA
Cheoctovirus,1623281,,,,,,,,0.32,,,,,0.52,,246196.0,Mycolicibacterium smegmatis MC2 155,Duplodnaviria,Heunggongvirae,Uroviricota,Caudoviricetes,Caudoviricetes incertae sedis,Cheoctovirus,Cheoctovirus hades,,dsDNA
Cheoctovirus,1623281,,,,,,,,0.32,,,,,0.52,,1763.0,Mycobacterium,Duplodnaviria,Heunggongvirae,Uroviricota,Caudoviricetes,Caudoviricetes incertae sedis,Cheoctovirus,Cheoctovirus hamulus,,dsDNA
Cheoctovirus,1623281,,,,,,,,0.32,,,,,0.52,,246196.0,Mycolicibacterium smegmatis MC2 155,Duplodnaviria,Heunggongvirae,Uroviricota,Caudoviricetes,Caudoviricetes incertae sedis,Cheoctovirus,Cheoctovirus hamulus,,dsDNA
Cheoctovirus,1623281,,,,,,,,0.32,,,,,0.52,,246196.0,Mycolicibacterium smegmatis MC2 155,Duplodnaviria,Heunggongvirae,Uroviricota,Caudoviricetes,Caudoviricetes incertae sedis,Cheoctovirus,Cheoctovirus harley,,dsDNA
Cheoctovirus,1623281,,,,,,,,0.32,,,,,0.52,,1763.0,Mycobacterium,Duplodnaviria,Heunggongvirae,Uroviricota,Caudoviricetes,Caudoviricetes incertae sedis,Cheoctovirus,Cheoctovirus hlubikazi,,dsDNA
Cheoctovirus,1623281,,,,,,,,0.32,,,,,0.52,,246196.0,Mycolicibacterium smegmatis MC2 155,Duplodnaviria,Heunggongvirae,Uroviricota,Caudoviricetes,Caudoviricetes incertae sedis,Cheoctovirus,Cheoctovirus ibhubesi,Mycobacterium virus Ibhubesi,dsDNA
Cheoctovirus,1623281,,,,,,,,0.32,,,,,0.52,,246196.0,Mycolicibacterium smegmatis MC2 155,Duplodnaviria,Heunggongvirae,Uroviricota,Caudoviricetes,Caudoviricetes incertae sedis,Cheoctovirus,Cheoctovirus inventum,,dsDNA
Cheoctovirus,1623281,,,,,,,,0.32,,,,,0.52,,1763.0,Mycobacterium,Duplodnaviria,Heunggongvirae,Uroviricota,Caudoviricetes,Caudoviricetes incertae sedis,Cheoctovirus,Cheoctovirus joeyjr,,dsDNA
Cheoctovirus,1623281,,,,,,,,0.32,,,,,0.52,,246196.0,Mycolicibacterium smegmatis MC2 155,Duplodnaviria,Heunggongvirae,Uroviricota,Caudoviricetes,Caudoviricetes incertae sedis,Cheoctovirus,Cheoctovirus kersh,,dsDNA
Cheoctovirus,1623281,,,,,,,,0.32,,,,,0.52,,246196.0,Mycolicibacterium smegmatis MC2 155,Duplodnaviria,Heunggongvirae,Uroviricota,Caudoviricetes,Caudoviricetes incertae sedis,Cheoctovirus,Cheoctovirus kimberlium,,dsDNA
Cheoctovirus,1623281,,,,,,,,0.32,,,,,0.52,,246196.0,Mycolicibacterium smegmatis MC2 155,Duplodnaviria,Heunggongvirae,Uroviricota,Caudoviricetes,Caudoviricetes incertae sedis,Cheoctovirus,Cheoctovirus krakatau,,dsDNA
Cheoctovirus,1623281,,,,,,,,0.32,,,,,0.52,,246196.0,Mycolicibacterium smegmatis MC2 155,Duplodnaviria,Heunggongvirae,Uroviricota,Caudoviricetes,Caudoviricetes incertae sedis,Cheoctovirus,Cheoctovirus kristaram,,dsDNA
Cheoctovirus,1623281,,,,,,,,0.32,,,,,0.52,,1763.0,Mycobacterium,Duplodnaviria,Heunggongvirae,Uroviricota,Caudoviricetes,Caudoviricetes incertae sedis,Cheoctovirus,Cheoctovirus lilmoolah,,dsDNA
Cheoctovirus,1623281,,,,,,,,0.32,,,,,0.52,,246196.0,Mycolicibacterium smegmatis MC2 155,Duplodnaviria,Heunggongvirae,Uroviricota,Caudoviricetes,Caudoviricetes incertae sedis,Cheoctovirus,Cheoctovirus lizziana,,dsDNA
Cheoctovirus,1623281,,,,,,,,0.32,,,,,0.52,,1763.0,Mycobacterium,Duplodnaviria,Heunggongvirae,Uroviricota,Caudoviricetes,Caudoviricetes incertae sedis,Cheoctovirus,Cheoctovirus llij,Mycobacterium virus Llij,dsDNA
Cheoctovirus,1623281,,,,,,,,0.32,,,,,0.52,,246196.0,Mycolicibacterium smegmatis MC2 155,Duplodnaviria,Heunggongvirae,Uroviricota,Caudoviricetes,Caudoviricetes incertae sedis,Cheoctovirus,Cheoctovirus mahavrat,,dsDNA
Cheoctovirus,1623281,,,,,,,,0.32,,,,,0.52,,246196.0,Mycolicibacterium smegmatis MC2 155,Duplodnaviria,Heunggongvirae,Uroviricota,Caudoviricetes,Caudoviricetes incertae sedis,Cheoctovirus,Cheoctovirus mantra,,dsDNA
Cheoctovirus,1623281,,,,,,,,0.32,,,,,0.52,,246196.0,Mycolicibacterium smegmatis MC2 155,Duplodnaviria,Heunggongvirae,Uroviricota,Caudoviricetes,Caudoviricetes incertae sedis,Cheoctovirus,Cheoctovirus mattes,,dsDNA
Cheoctovirus,1623281,,,,,,,,0.32,,,,,0.52,,1772.0,Mycolicibacterium smegmatis,Duplodnaviria,Heunggongvirae,Uroviricota,Caudoviricetes,Caudoviricetes incertae sedis,Cheoctovirus,unclassified Cheoctovirus,,dsDNA
Cheoctovirus,1623281,,,,,,,,0.32,,,,,0.52,,246196.0,Mycolicibacterium smegmatis MC2 155,Duplodnaviria,Heunggongvirae,Uroviricota,Caudoviricetes,Caudoviricetes incertae sedis,Cheoctovirus,Cheoctovirus melissauren88,,dsDNA
Cheoctovirus,1623281,,,,,,,,0.32,,,,,0.52,,246196.0,Mycolicibacterium smegmatis MC2 155,Duplodnaviria,Heunggongvirae,Uroviricota,Caudoviricetes,Caudoviricetes incertae sedis,Cheoctovirus,Cheoctovirus milleniumforce,,dsDNA
Cheoctovirus,1623281,,,,,,,,0.32,,,,,0.52,,246196.0,Mycolicibacterium smegmatis MC2 155,Duplodnaviria,Heunggongvirae,Uroviricota,Caudoviricetes,Caudoviricetes incertae sedis,Cheoctovirus,Cheoctovirus miniondave,,dsDNA
Cheoctovirus,1623281,,,,,,,,0.32,,,,,0.52,,246196.0,Mycolicibacterium smegmatis MC2 155,Duplodnaviria,Heunggongvirae,Uroviricota,Caudoviricetes,Caudoviricetes incertae sedis,Cheoctovirus,Cheoctovirus minnie,,dsDNA
Cheoctovirus,1623281,,,,,,,,0.32,,,,,0.52,,1763.0,Mycobacterium,Duplodnaviria,Heunggongvirae,Uroviricota,Caudoviricetes,Caudoviricetes incertae sedis,Cheoctovirus,Cheoctovirus moonbeam,,dsDNA
Cheoctovirus,1623281,,,,,,,,0.32,,,,,0.52,,246196.0,Mycolicibacterium smegmatis MC2 155,Duplodnaviria,Heunggongvirae,Uroviricota,Caudoviricetes,Caudoviricetes incertae sedis,Cheoctovirus,Cheoctovirus mozy,Mycobacterium virus Mozy,dsDNA
Cheoctovirus,1623281,,,,,,,,0.32,,,,,0.52,,246196.0,Mycolicibacterium smegmatis MC2 155,Duplodnaviria,Heunggongvirae,Uroviricota,Caudoviricetes,Caudoviricetes incertae sedis,Cheoctovirus,Cheoctovirus mutaforma13,Mycobacterium virus Mutaforma13,dsDNA
Cheoctovirus,1623281,,,,,,,,0.32,,,,,0.52,,1763.0,Mycobacterium,Duplodnaviria,Heunggongvirae,Uroviricota,Caudoviricetes,Caudoviricetes incertae sedis,Cheoctovirus,Cheoctovirus nitzel,,dsDNA
Cheoctovirus,1623281,,,,,,,,0.32,,,,,0.52,,246196.0,Mycolicibacterium smegmatis MC2 155,Duplodnaviria,Heunggongvirae,Uroviricota,Caudoviricetes,Caudoviricetes incertae sedis,Cheoctovirus,Cheoctovirus nivrat,,dsDNA
Cheoctovirus,1623281,,,,,,,,0.32,,,,,0.52,,246196.0,Mycolicibacterium smegmatis MC2 155,Duplodnaviria,Heunggongvirae,Uroviricota,Caudoviricetes,Caudoviricetes incertae sedis,Cheoctovirus,Cheoctovirus ochi17,,dsDNA
Cheoctovirus,1623281,,,,,,,,0.32,,,,,0.52,,246196.0,Mycolicibacterium smegmatis MC2 155,Duplodnaviria,Heunggongvirae,Uroviricota,Caudoviricetes,Caudoviricetes incertae sedis,Cheoctovirus,Cheoctovirus oldben,,dsDNA
Cheoctovirus,1623281,,,,,,,,0.32,,,,,0.52,,1763.0,Mycobacterium,Duplodnaviria,Heunggongvirae,Uroviricota,Caudoviricetes,Caudoviricetes incertae sedis,Cheoctovirus,Cheoctovirus olympiasaint,,dsDNA
Cheoctovirus,1623281,,,,,,,,0.32,,,,,0.52,,246196.0,Mycolicibacterium smegmatis MC2 155,Duplodnaviria,Heunggongvirae,Uroviricota,Caudoviricetes,Caudoviricetes incertae sedis,Cheoctovirus,Cheoctovirus ovechkin,,dsDNA
Cheoctovirus,1623281,,,,,,,,0.32,,,,,0.52,,246196.0,Mycolicibacterium smegmatis MC2 155,Duplodnaviria,Heunggongvirae,Uroviricota,Caudoviricetes,Caudoviricetes incertae sedis,Cheoctovirus,Cheoctovirus owlsT2W,,dsDNA
Cheoctovirus,1623281,,,,,,,,0.32,,,,,0.52,,246196.0,Mycolicibacterium smegmatis MC2 155,Duplodnaviria,Heunggongvirae,Uroviricota,Caudoviricetes,Caudoviricetes incertae sedis,Cheoctovirus,Cheoctovirus pacc40,Mycobacterium virus Pacc40,dsDNA
Cheoctovirus,1623281,,,,,,,,0.32,,,,,0.52,,246196.0,Mycolicibacterium smegmatis MC2 155,Duplodnaviria,Heunggongvirae,Uroviricota,Caudoviricetes,Caudoviricetes incertae sedis,Cheoctovirus,Cheoctovirus shauna1,Mycobacterium virus Shauna1,dsDNA
Cheoctovirus,1623281,,,,,,,,0.32,,,,,0.52,,246196.0,Mycolicibacterium smegmatis MC2 155,Duplodnaviria,Heunggongvirae,Uroviricota,Caudoviricetes,Caudoviricetes incertae sedis,Cheoctovirus,Cheoctovirus phasih,,dsDNA
Cheoctovirus,1623281,,,,,,,,0.32,,,,,0.52,,246196.0,Mycolicibacterium smegmatis MC2 155,Duplodnaviria,Heunggongvirae,Uroviricota,Caudoviricetes,Caudoviricetes incertae sedis,Cheoctovirus,Cheoctovirus phatniss,,dsDNA
Cheoctovirus,1623281,,,,,,,,0.32,,,,,0.52,,1763.0,Mycobacterium,Duplodnaviria,Heunggongvirae,Uroviricota,Caudoviricetes,Caudoviricetes incertae sedis,Cheoctovirus,Cheoctovirus plumbus,,dsDNA
Cheoctovirus,1623281,,,,,,,,0.32,,,,,0.52,,1763.0,Mycobacterium,Duplodnaviria,Heunggongvirae,Uroviricota,Caudoviricetes,Caudoviricetes incertae sedis,Cheoctovirus,Cheoctovirus PMC,Mycobacterium virus PMC,dsDNA
Cheoctovirus,1623281,,,,,,,,0.32,,,,,0.52,,246196.0,Mycolicibacterium smegmatis MC2 155,Duplodnaviria,Heunggongvirae,Uroviricota,Caudoviricetes,Caudoviricetes incertae sedis,Cheoctovirus,Cheoctovirus poenanya,,dsDNA
Cheoctovirus,1623281,,,,,,,,0.32,,,,,0.52,,246196.0,Mycolicibacterium smegmatis MC2 155,Duplodnaviria,Heunggongvirae,Uroviricota,Caudoviricetes,Caudoviricetes incertae sedis,Cheoctovirus,Cheoctovirus polka14,,dsDNA
Cheoctovirus,1623281,,,,,,,,0.32,,,,,0.52,,246196.0,Mycolicibacterium smegmatis MC2 155,Duplodnaviria,Heunggongvirae,Uroviricota,Caudoviricetes,Caudoviricetes incertae sedis,Cheoctovirus,Cheoctovirus poptart,,dsDNA
Cheoctovirus,1623281,,,,,,,,0.32,,,,,0.52,,246196.0,Mycolicibacterium smegmatis MC2 155,Duplodnaviria,Heunggongvirae,Uroviricota,Caudoviricetes,Caudoviricetes incertae sedis,Cheoctovirus,Cheoctovirus priscilla,,dsDNA
Cheoctovirus,1623281,,,,,,,,0.32,,,,,0.52,,1763.0,Mycobacterium,Duplodnaviria,Heunggongvirae,Uroviricota,Caudoviricetes,Caudoviricetes incertae sedis,Cheoctovirus,Cheoctovirus quickmath,,dsDNA
Cheoctovirus,1623281,,,,,,,,0.32,,,,,0.52,,246196.0,Mycolicibacterium smegmatis MC2 155,Duplodnaviria,Heunggongvirae,Uroviricota,Caudoviricetes,Caudoviricetes incertae sedis,Cheoctovirus,Cheoctovirus ramsey,Mycobacterium virus Ramsey,dsDNA
Cheoctovirus,1623281,,,,,,,,0.32,,,,,0.52,,246196.0,Mycolicibacterium smegmatis MC2 155,Duplodnaviria,Heunggongvirae,Uroviricota,Caudoviricetes,Caudoviricetes incertae sedis,Cheoctovirus,Cheoctovirus ritaG,,dsDNA
Cheoctovirus,1623281,,,,,,,,0.32,,,,,0.52,,246196.0,Mycolicibacterium smegmatis MC2 155,Duplodnaviria,Heunggongvirae,Uroviricota,Caudoviricetes,Caudoviricetes incertae sedis,Cheoctovirus,Cheoctovirus rockyhorror,Mycobacterium virus RockyHorror,dsDNA
Cheoctovirus,1623281,,,,,,,,0.32,,,,,0.52,,246196.0,Mycolicibacterium smegmatis MC2 155,Duplodnaviria,Heunggongvirae,Uroviricota,Caudoviricetes,Caudoviricetes incertae sedis,Cheoctovirus,Cheoctovirus royals2015,,dsDNA
Cheoctovirus,1623281,,,,,,,,0.32,,,,,0.52,,246196.0,Mycolicibacterium smegmatis MC2 155,Duplodnaviria,Heunggongvirae,Uroviricota,Caudoviricetes,Caudoviricetes incertae sedis,Cheoctovirus,Cheoctovirus saal,,dsDNA
Cheoctovirus,1623281,,,,,,,,0.32,,,,,0.52,,246196.0,Mycolicibacterium smegmatis MC2 155,Duplodnaviria,Heunggongvirae,Uroviricota,Caudoviricetes,Caudoviricetes incertae sedis,Cheoctovirus,Cheoctovirus sandalphon,,dsDNA
Cheoctovirus,1623281,,,,,,,,0.32,,,,,0.52,,246196.0,Mycolicibacterium smegmatis MC2 155,Duplodnaviria,Heunggongvirae,Uroviricota,Caudoviricetes,Caudoviricetes incertae sedis,Cheoctovirus,Cheoctovirus SG4,Mycobacterium virus SG4,dsDNA
Cheoctovirus,1623281,,,,,,,,0.32,,,,,0.52,,246196.0,Mycolicibacterium smegmatis MC2 155,Duplodnaviria,Heunggongvirae,Uroviricota,Caudoviricetes,Caudoviricetes incertae sedis,Cheoctovirus,Cheoctovirus shilan,Mycobacterium virus Shilan,dsDNA
Cheoctovirus,1623281,,,,,,,,0.32,,,,,0.52,,246196.0,Mycolicibacterium smegmatis MC2 155,Duplodnaviria,Heunggongvirae,Uroviricota,Caudoviricetes,Caudoviricetes incertae sedis,Cheoctovirus,Cheoctovirus sisi,,dsDNA
Cheoctovirus,1623281,,,,,,,,0.32,,,,,0.52,,246196.0,Mycolicibacterium smegmatis MC2 155,Duplodnaviria,Heunggongvirae,Uroviricota,Caudoviricetes,Caudoviricetes incertae sedis,Cheoctovirus,Cheoctovirus sparkdehlily,,dsDNA
Cheoctovirus,1623281,,,,,,,,0.32,,,,,0.52,,246196.0,Mycolicibacterium smegmatis MC2 155,Duplodnaviria,Heunggongvirae,Uroviricota,Caudoviricetes,Caudoviricetes incertae sedis,Cheoctovirus,Cheoctovirus spartacus,Mycobacterium virus Spartacus,dsDNA
Cheoctovirus,1623281,,,,,,,,0.32,,,,,0.52,,1763.0,Mycobacterium,Duplodnaviria,Heunggongvirae,Uroviricota,Caudoviricetes,Caudoviricetes incertae sedis,Cheoctovirus,Cheoctovirus spikelee,,dsDNA
Cheoctovirus,1623281,,,,,,,,0.32,,,,,0.52,,246196.0,Mycolicibacterium smegmatis MC2 155,Duplodnaviria,Heunggongvirae,Uroviricota,Caudoviricetes,Caudoviricetes incertae sedis,Cheoctovirus,Cheoctovirus spoonbill,,dsDNA
Cheoctovirus,1623281,,,,,,,,0.32,,,,,0.52,,246196.0,Mycolicibacterium smegmatis MC2 155,Duplodnaviria,Heunggongvirae,Uroviricota,Caudoviricetes,Caudoviricetes incertae sedis,Cheoctovirus,Cheoctovirus supergrey,,dsDNA
Cheoctovirus,1623281,,,,,,,,0.32,,,,,0.52,,1763.0,Mycobacterium,Duplodnaviria,Heunggongvirae,Uroviricota,Caudoviricetes,Caudoviricetes incertae sedis,Cheoctovirus,Cheoctovirus swagpigglett,,dsDNA
Cheoctovirus,1623281,,,,,,,,0.32,,,,,0.52,,246196.0,Mycolicibacterium smegmatis MC2 155,Duplodnaviria,Heunggongvirae,Uroviricota,Caudoviricetes,Caudoviricetes incertae sedis,Cheoctovirus,Cheoctovirus taj,Mycobacterium virus Taj,dsDNA
Cheoctovirus,1623281,,,,,,,,0.32,,,,,0.52,,1763.0,Mycobacterium,Duplodnaviria,Heunggongvirae,Uroviricota,Caudoviricetes,Caudoviricetes incertae sedis,Cheoctovirus,Cheoctovirus tweety,Mycobacterium virus Tweety,dsDNA
Cheoctovirus,1623281,,,,,,,,0.32,,,,,0.52,,246196.0,Mycolicibacterium smegmatis MC2 155,Duplodnaviria,Heunggongvirae,Uroviricota,Caudoviricetes,Caudoviricetes incertae sedis,Cheoctovirus,Cheoctovirus veteran,,dsDNA
Cheoctovirus,1623281,,,,,,,,0.32,,,,,0.52,,246196.0,Mycolicibacterium smegmatis MC2 155,Duplodnaviria,Heunggongvirae,Uroviricota,Caudoviricetes,Caudoviricetes incertae sedis,Cheoctovirus,Cheoctovirus wachhund,,dsDNA
Cheoctovirus,1623281,,,,,,,,0.32,,,,,0.52,,1763.0,Mycobacterium,Duplodnaviria,Heunggongvirae,Uroviricota,Caudoviricetes,Caudoviricetes incertae sedis,Cheoctovirus,Cheoctovirus wee,Mycobacterium virus Wee,dsDNA
Cheoctovirus,1623281,,,,,,,,0.32,,,,,0.52,,246196.0,Mycolicibacterium smegmatis MC2 155,Duplodnaviria,Heunggongvirae,Uroviricota,Caudoviricetes,Caudoviricetes incertae sedis,Cheoctovirus,Cheoctovirus wee,Mycobacterium virus Wee,dsDNA
Cheoctovirus,1623281,,,,,,,,0.32,,,,,0.52,,246196.0,Mycolicibacterium smegmatis MC2 155,Duplodnaviria,Heunggongvirae,Uroviricota,Caudoviricetes,Caudoviricetes incertae sedis,Cheoctovirus,Cheoctovirus whouxphf,,dsDNA
Cheoctovirus,1623281,,,,,,,,0.32,,,,,0.52,,246196.0,Mycolicibacterium smegmatis MC2 155,Duplodnaviria,Heunggongvirae,Uroviricota,Caudoviricetes,Caudoviricetes incertae sedis,Cheoctovirus,Cheoctovirus willsterrel,,dsDNA
Cheoctovirus,1623281,,,,,,,,0.32,,,,,0.52,,246196.0,Mycolicibacterium smegmatis MC2 155,Duplodnaviria,Heunggongvirae,Uroviricota,Caudoviricetes,Caudoviricetes incertae sedis,Cheoctovirus,Cheoctovirus xfactor,,dsDNA
Cheoctovirus,1623281,,,,,,,,0.32,,,,,0.52,,246196.0,Mycolicibacterium smegmatis MC2 155,Duplodnaviria,Heunggongvirae,Uroviricota,Caudoviricetes,Caudoviricetes incertae sedis,Cheoctovirus,Cheoctovirus zerg,,dsDNA
Corndogvirus,1623285,,,0.68,1.65,1.04,1.33,,0.13,,,0.19,,,,1763.0,Mycobacterium,Duplodnaviria,Heunggongvirae,Uroviricota,Caudoviricetes,Caudoviricetes incertae sedis,Corndogvirus,unclassified Corndogvirus,,dsDNA
Corndogvirus,1623285,,,0.68,1.65,1.04,1.33,,0.13,,,0.19,,,,246196.0,Mycolicibacterium smegmatis MC2 155,Duplodnaviria,Heunggongvirae,Uroviricota,Caudoviricetes,Caudoviricetes incertae sedis,Corndogvirus,Corndogvirus catdawg,,dsDNA
Corndogvirus,1623285,,,0.68,1.65,1.04,1.33,,0.13,,,0.19,,,,1763.0,Mycobacterium,Duplodnaviria,Heunggongvirae,Uroviricota,Caudoviricetes,Caudoviricetes incertae sedis,Corndogvirus,Corndogvirus corndog,,dsDNA
Corndogvirus,1623285,,,0.68,1.65,1.04,1.33,,0.13,,,0.19,,,,246196.0,Mycolicibacterium smegmatis MC2 155,Duplodnaviria,Heunggongvirae,Uroviricota,Caudoviricetes,Caudoviricetes incertae sedis,Corndogvirus,Corndogvirus corndog,,dsDNA
Corndogvirus,1623285,,,0.68,1.65,1.04,1.33,,0.13,,,0.19,,,,246196.0,Mycolicibacterium smegmatis MC2 155,Duplodnaviria,Heunggongvirae,Uroviricota,Caudoviricetes,Caudoviricetes incertae sedis,Corndogvirus,Corndogvirus firecracker,,dsDNA
Corndogvirus,1623285,,,0.68,1.65,1.04,1.33,,0.13,,,0.19,,,,246196.0,Mycolicibacterium smegmatis MC2 155,Duplodnaviria,Heunggongvirae,Uroviricota,Caudoviricetes,Caudoviricetes incertae sedis,Corndogvirus,unclassified Corndogvirus,,dsDNA
Corndogvirus,1623285,,,0.68,1.65,1.04,1.33,,0.13,,,0.19,,,,246196.0,Mycolicibacterium smegmatis MC2 155,Duplodnaviria,Heunggongvirae,Uroviricota,Caudoviricetes,Caudoviricetes incertae sedis,Corndogvirus,Corndogvirus ryadel,,dsDNA
Pegunavirus,1623295,,0.24,,,0.34,,,,,,,,,,246196.0,Mycolicibacterium smegmatis MC2 155,Duplodnaviria,Heunggongvirae,Uroviricota,Caudoviricetes,Caudoviricetes incertae sedis,Pegunavirus,Pegunavirus suffolk,,dsDNA
Pegunavirus,1623295,,0.24,,,0.34,,,,,,,,,,246196.0,Mycolicibacterium smegmatis MC2 155,Duplodnaviria,Heunggongvirae,Uroviricota,Caudoviricetes,Caudoviricetes incertae sedis,Pegunavirus,Pegunavirus Pg1,,dsDNA
Pegunavirus,1623295,,0.24,,,0.34,,,,,,,,,,246196.0,Mycolicibacterium smegmatis MC2 155,Duplodnaviria,Heunggongvirae,Uroviricota,Caudoviricetes,Caudoviricetes incertae sedis,Pegunavirus,unclassified Pegunavirus,,dsDNA
Pegunavirus,1623295,,0.24,,,0.34,,,,,,,,,,246196.0,Mycolicibacterium smegmatis MC2 155,Duplodnaviria,Heunggongvirae,Uroviricota,Caudoviricetes,Caudoviricetes incertae sedis,Pegunavirus,Pegunavirus manad,,dsDNA
Pegunavirus,1623295,,0.24,,,0.34,,,,,,,,,,246196.0,Mycolicibacterium smegmatis MC2 155,Duplodnaviria,Heunggongvirae,Uroviricota,Caudoviricetes,Caudoviricetes incertae sedis,Pegunavirus,Pegunavirus apizium,,dsDNA
Pegunavirus,1623295,,0.24,,,0.34,,,,,,,,,,246196.0,Mycolicibacterium smegmatis MC2 155,Duplodnaviria,Heunggongvirae,Uroviricota,Caudoviricetes,Caudoviricetes incertae sedis,Pegunavirus,Pegunavirus oline,,dsDNA
Pegunavirus,1623295,,0.24,,,0.34,,,,,,,,,,1763.0,Mycobacterium,Duplodnaviria,Heunggongvirae,Uroviricota,Caudoviricetes,Caudoviricetes incertae sedis,Pegunavirus,unclassified Pegunavirus,,dsDNA
Pegunavirus,1623295,,0.24,,,0.34,,,,,,,,,,1763.0,Mycobacterium,Duplodnaviria,Heunggongvirae,Uroviricota,Caudoviricetes,Caudoviricetes incertae sedis,Pegunavirus,Pegunavirus Pg1,,dsDNA
Pegunavirus,1623295,,0.24,,,0.34,,,,,,,,,,1763.0,Mycobacterium,Duplodnaviria,Heunggongvirae,Uroviricota,Caudoviricetes,Caudoviricetes incertae sedis,Pegunavirus,Pegunavirus oline,,dsDNA
Pegunavirus,1623295,,0.24,,,0.34,,,,,,,,,,1763.0,Mycobacterium,Duplodnaviria,Heunggongvirae,Uroviricota,Caudoviricetes,Caudoviricetes incertae sedis,Pegunavirus,Pegunavirus soto,,dsDNA
Pegunavirus,1623295,,0.24,,,0.34,,,,,,,,,,246196.0,Mycolicibacterium smegmatis MC2 155,Duplodnaviria,Heunggongvirae,Uroviricota,Caudoviricetes,Caudoviricetes incertae sedis,Pegunavirus,Pegunavirus soto,,dsDNA
Pegunavirus,1623295,,0.24,,,0.34,,,,,,,,,,246196.0,Mycolicibacterium smegmatis MC2 155,Duplodnaviria,Heunggongvirae,Uroviricota,Caudoviricetes,Caudoviricetes incertae sedis,Pegunavirus,Pegunavirus kingtut,,dsDNA
Pegunavirus,1623295,,0.24,,,0.34,,,,,,,,,,3118986.0,Mycobacterium phage PhatLouie,Duplodnaviria,Heunggongvirae,Uroviricota,Caudoviricetes,Caudoviricetes incertae sedis,Pegunavirus,unclassified Pegunavirus,,dsDNA
Pegunavirus,1623295,,0.24,,,0.34,,,,,,,,,,1763.0,Mycobacterium,Duplodnaviria,Heunggongvirae,Uroviricota,Caudoviricetes,Caudoviricetes incertae sedis,Pegunavirus,Pegunavirus suffolk,,dsDNA
Pegunavirus,1623295,,0.24,,,0.34,,,,,,,,,,1763.0,Mycobacterium,Duplodnaviria,Heunggongvirae,Uroviricota,Caudoviricetes,Caudoviricetes incertae sedis,Pegunavirus,Pegunavirus manad,,dsDNA
Pegunavirus,1623295,,0.24,,,0.34,,,,,,,,,,85007.0,Mycobacteriales,Duplodnaviria,Heunggongvirae,Uroviricota,Caudoviricetes,Caudoviricetes incertae sedis,Pegunavirus,Pegunavirus soto,,dsDNA
Pegunavirus,1623295,,0.24,,,0.34,,,,,,,,,,246196.0,Mycolicibacterium smegmatis MC2 155,Duplodnaviria,Heunggongvirae,Uroviricota,Caudoviricetes,Caudoviricetes incertae sedis,Pegunavirus,,,dsDNA
Skunavirus,1623305,0.9,0.29,,0.97,0.7,,0.09,0.31,0.42,0.34,1.86,1.99,0.69,0.92,1358.0,Lactococcus lactis,Duplodnaviria,Heunggongvirae,Uroviricota,Caudoviricetes,Caudoviricetes incertae sedis,Skunavirus,unclassified Skunavirus,,dsDNA
Skunavirus,1623305,0.9,0.29,,0.97,0.7,,0.09,0.31,0.42,0.34,1.86,1.99,0.69,0.92,1358.0,Lactococcus lactis,Duplodnaviria,Heunggongvirae,Uroviricota,Caudoviricetes,Caudoviricetes incertae sedis,Skunavirus,Skunavirus p272,,dsDNA
Skunavirus,1623305,0.9,0.29,,0.97,0.7,,0.09,0.31,0.42,0.34,1.86,1.99,0.69,0.92,1358.0,Lactococcus lactis,Duplodnaviria,Heunggongvirae,Uroviricota,Caudoviricetes,Caudoviricetes incertae sedis,Skunavirus,Skunavirus P475,,dsDNA
Skunavirus,1623305,0.9,0.29,,0.97,0.7,,0.09,0.31,0.42,0.34,1.86,1.99,0.69,0.92,1358.0,Lactococcus lactis,Duplodnaviria,Heunggongvirae,Uroviricota,Caudoviricetes,Caudoviricetes incertae sedis,Skunavirus,Skunavirus sv05601,,dsDNA
Skunavirus,1623305,0.9,0.29,,0.97,0.7,,0.09,0.31,0.42,0.34,1.86,1.99,0.69,0.92,1358.0,Lactococcus lactis,Duplodnaviria,Heunggongvirae,Uroviricota,Caudoviricetes,Caudoviricetes incertae sedis,Skunavirus,Skunavirus sv10W18,,dsDNA
Skunavirus,1623305,0.9,0.29,,0.97,0.7,,0.09,0.31,0.42,0.34,1.86,1.99,0.69,0.92,1358.0,Lactococcus lactis,Duplodnaviria,Heunggongvirae,Uroviricota,Caudoviricetes,Caudoviricetes incertae sedis,Skunavirus,Skunavirus sv3R16S,,dsDNA
Skunavirus,1623305,0.9,0.29,,0.97,0.7,,0.09,0.31,0.42,0.34,1.86,1.99,0.69,0.92,1359.0,Lactococcus cremoris,Duplodnaviria,Heunggongvirae,Uroviricota,Caudoviricetes,Caudoviricetes incertae sedis,Skunavirus,Skunavirus sv3R16S,,dsDNA
Skunavirus,1623305,0.9,0.29,,0.97,0.7,,0.09,0.31,0.42,0.34,1.86,1.99,0.69,0.92,1359.0,Lactococcus cremoris,Duplodnaviria,Heunggongvirae,Uroviricota,Caudoviricetes,Caudoviricetes incertae sedis,Skunavirus,Skunavirus sv13W11L,,dsDNA
Skunavirus,1623305,0.9,0.29,,0.97,0.7,,0.09,0.31,0.42,0.34,1.86,1.99,0.69,0.92,1358.0,Lactococcus lactis,Duplodnaviria,Heunggongvirae,Uroviricota,Caudoviricetes,Caudoviricetes incertae sedis,Skunavirus,Skunavirus sv13W11L,,dsDNA
Skunavirus,1623305,0.9,0.29,,0.97,0.7,,0.09,0.31,0.42,0.34,1.86,1.99,0.69,0.92,1358.0,Lactococcus lactis,Duplodnaviria,Heunggongvirae,Uroviricota,Caudoviricetes,Caudoviricetes incertae sedis,Skunavirus,Skunavirus sv16802,,dsDNA
Skunavirus,1623305,0.9,0.29,,0.97,0.7,,0.09,0.31,0.42,0.34,1.86,1.99,0.69,0.92,1358.0,Lactococcus lactis,Duplodnaviria,Heunggongvirae,Uroviricota,Caudoviricetes,Caudoviricetes incertae sedis,Skunavirus,Skunavirus sv16W23,,dsDNA
Skunavirus,1623305,0.9,0.29,,0.97,0.7,,0.09,0.31,0.42,0.34,1.86,1.99,0.69,0.92,44688.0,Lactococcus lactis subsp. lactis bv. diacetylactis,Duplodnaviria,Heunggongvirae,Uroviricota,Caudoviricetes,Caudoviricetes incertae sedis,Skunavirus,Skunavirus sv16W23,,dsDNA
Skunavirus,1623305,0.9,0.29,,0.97,0.7,,0.09,0.31,0.42,0.34,1.86,1.99,0.69,0.92,44688.0,Lactococcus lactis subsp. lactis bv. diacetylactis,Duplodnaviria,Heunggongvirae,Uroviricota,Caudoviricetes,Caudoviricetes incertae sedis,Skunavirus,Skunavirus sv3R16S,,dsDNA
Skunavirus,1623305,0.9,0.29,,0.97,0.7,,0.09,0.31,0.42,0.34,1.86,1.99,0.69,0.92,44688.0,Lactococcus lactis subsp. lactis bv. diacetylactis,Duplodnaviria,Heunggongvirae,Uroviricota,Caudoviricetes,Caudoviricetes incertae sedis,Skunavirus,Skunavirus sv10W18,,dsDNA
Skunavirus,1623305,0.9,0.29,,0.97,0.7,,0.09,0.31,0.42,0.34,1.86,1.99,0.69,0.92,44688.0,Lactococcus lactis subsp. lactis bv. diacetylactis,Duplodnaviria,Heunggongvirae,Uroviricota,Caudoviricetes,Caudoviricetes incertae sedis,Skunavirus,unclassified Skunavirus,,dsDNA
Skunavirus,1623305,0.9,0.29,,0.97,0.7,,0.09,0.31,0.42,0.34,1.86,1.99,0.69,0.92,1358.0,Lactococcus lactis,Duplodnaviria,Heunggongvirae,Uroviricota,Caudoviricetes,Caudoviricetes incertae sedis,Skunavirus,Skunavirus sv30804,,dsDNA
Skunavirus,1623305,0.9,0.29,,0.97,0.7,,0.09,0.31,0.42,0.34,1.86,1.99,0.69,0.92,1359.0,Lactococcus cremoris,Duplodnaviria,Heunggongvirae,Uroviricota,Caudoviricetes,Caudoviricetes incertae sedis,Skunavirus,Skunavirus sv340,,dsDNA
Skunavirus,1623305,0.9,0.29,,0.97,0.7,,0.09,0.31,0.42,0.34,1.86,1.99,0.69,0.92,1360.0,Lactococcus lactis subsp. lactis,Duplodnaviria,Heunggongvirae,Uroviricota,Caudoviricetes,Caudoviricetes incertae sedis,Skunavirus,Skunavirus sv340,,dsDNA
Skunavirus,1623305,0.9,0.29,,0.97,0.7,,0.09,0.31,0.42,0.34,1.86,1.99,0.69,0.92,272623.0,Lactococcus lactis subsp. lactis Il1403,Duplodnaviria,Heunggongvirae,Uroviricota,Caudoviricetes,Caudoviricetes incertae sedis,Skunavirus,Skunavirus sv340,,dsDNA
Skunavirus,1623305,0.9,0.29,,0.97,0.7,,0.09,0.31,0.42,0.34,1.86,1.99,0.69,0.92,1358.0,Lactococcus lactis,Duplodnaviria,Heunggongvirae,Uroviricota,Caudoviricetes,Caudoviricetes incertae sedis,Skunavirus,Skunavirus sv37201,,dsDNA
Skunavirus,1623305,0.9,0.29,,0.97,0.7,,0.09,0.31,0.42,0.34,1.86,1.99,0.69,0.92,1358.0,Lactococcus lactis,Duplodnaviria,Heunggongvirae,Uroviricota,Caudoviricetes,Caudoviricetes incertae sedis,Skunavirus,Skunavirus sv38503,,dsDNA
Skunavirus,1623305,0.9,0.29,,0.97,0.7,,0.09,0.31,0.42,0.34,1.86,1.99,0.69,0.92,1358.0,Lactococcus lactis,Duplodnaviria,Heunggongvirae,Uroviricota,Caudoviricetes,Caudoviricetes incertae sedis,Skunavirus,Skunavirus sv38507,,dsDNA
Skunavirus,1623305,0.9,0.29,,0.97,0.7,,0.09,0.31,0.42,0.34,1.86,1.99,0.69,0.92,1358.0,Lactococcus lactis,Duplodnaviria,Heunggongvirae,Uroviricota,Caudoviricetes,Caudoviricetes incertae sedis,Skunavirus,Skunavirus sv42,,dsDNA
Skunavirus,1623305,0.9,0.29,,0.97,0.7,,0.09,0.31,0.42,0.34,1.86,1.99,0.69,0.92,1358.0,Lactococcus lactis,Duplodnaviria,Heunggongvirae,Uroviricota,Caudoviricetes,Caudoviricetes incertae sedis,Skunavirus,Skunavirus sv51701,,dsDNA
Skunavirus,1623305,0.9,0.29,,0.97,0.7,,0.09,0.31,0.42,0.34,1.86,1.99,0.69,0.92,1358.0,Lactococcus lactis,Duplodnaviria,Heunggongvirae,Uroviricota,Caudoviricetes,Caudoviricetes incertae sedis,Skunavirus,Skunavirus sv56003,,dsDNA
Skunavirus,1623305,0.9,0.29,,0.97,0.7,,0.09,0.31,0.42,0.34,1.86,1.99,0.69,0.92,1358.0,Lactococcus lactis,Duplodnaviria,Heunggongvirae,Uroviricota,Caudoviricetes,Caudoviricetes incertae sedis,Skunavirus,Skunavirus sv56301,,dsDNA
Skunavirus,1623305,0.9,0.29,,0.97,0.7,,0.09,0.31,0.42,0.34,1.86,1.99,0.69,0.92,1358.0,Lactococcus lactis,Duplodnaviria,Heunggongvirae,Uroviricota,Caudoviricetes,Caudoviricetes incertae sedis,Skunavirus,Skunavirus sv57001,,dsDNA
Skunavirus,1623305,0.9,0.29,,0.97,0.7,,0.09,0.31,0.42,0.34,1.86,1.99,0.69,0.92,1358.0,Lactococcus lactis,Duplodnaviria,Heunggongvirae,Uroviricota,Caudoviricetes,Caudoviricetes incertae sedis,Skunavirus,Skunavirus sv62601,,dsDNA
Skunavirus,1623305,0.9,0.29,,0.97,0.7,,0.09,0.31,0.42,0.34,1.86,1.99,0.69,0.92,1358.0,Lactococcus lactis,Duplodnaviria,Heunggongvirae,Uroviricota,Caudoviricetes,Caudoviricetes incertae sedis,Skunavirus,Skunavirus sv62605,,dsDNA
Skunavirus,1623305,0.9,0.29,,0.97,0.7,,0.09,0.31,0.42,0.34,1.86,1.99,0.69,0.92,1358.0,Lactococcus lactis,Duplodnaviria,Heunggongvirae,Uroviricota,Caudoviricetes,Caudoviricetes incertae sedis,Skunavirus,Skunavirus sv63302,,dsDNA
Skunavirus,1623305,0.9,0.29,,0.97,0.7,,0.09,0.31,0.42,0.34,1.86,1.99,0.69,0.92,1358.0,Lactococcus lactis,Duplodnaviria,Heunggongvirae,Uroviricota,Caudoviricetes,Caudoviricetes incertae sedis,Skunavirus,Skunavirus sv66901,,dsDNA
Skunavirus,1623305,0.9,0.29,,0.97,0.7,,0.09,0.31,0.42,0.34,1.86,1.99,0.69,0.92,1358.0,Lactococcus lactis,Duplodnaviria,Heunggongvirae,Uroviricota,Caudoviricetes,Caudoviricetes incertae sedis,Skunavirus,Skunavirus sv712,,dsDNA
Skunavirus,1623305,0.9,0.29,,0.97,0.7,,0.09,0.31,0.42,0.34,1.86,1.99,0.69,0.92,1358.0,Lactococcus lactis,Duplodnaviria,Heunggongvirae,Uroviricota,Caudoviricetes,Caudoviricetes incertae sedis,Skunavirus,Skunavirus sv79201,,dsDNA
Skunavirus,1623305,0.9,0.29,,0.97,0.7,,0.09,0.31,0.42,0.34,1.86,1.99,0.69,0.92,1358.0,Lactococcus lactis,Duplodnaviria,Heunggongvirae,Uroviricota,Caudoviricetes,Caudoviricetes incertae sedis,Skunavirus,Skunavirus sv88605,,dsDNA
Skunavirus,1623305,0.9,0.29,,0.97,0.7,,0.09,0.31,0.42,0.34,1.86,1.99,0.69,0.92,1358.0,Lactococcus lactis,Duplodnaviria,Heunggongvirae,Uroviricota,Caudoviricetes,Caudoviricetes incertae sedis,Skunavirus,Skunavirus sv8V08,,dsDNA
Skunavirus,1623305,0.9,0.29,,0.97,0.7,,0.09,0.31,0.42,0.34,1.86,1.99,0.69,0.92,1357.0,Lactococcus,Duplodnaviria,Heunggongvirae,Uroviricota,Caudoviricetes,Caudoviricetes incertae sedis,Skunavirus,Skunavirus sv936,,dsDNA
Skunavirus,1623305,0.9,0.29,,0.97,0.7,,0.09,0.31,0.42,0.34,1.86,1.99,0.69,0.92,1358.0,Lactococcus lactis,Duplodnaviria,Heunggongvirae,Uroviricota,Caudoviricetes,Caudoviricetes incertae sedis,Skunavirus,Skunavirus L18,,dsDNA
Skunavirus,1623305,0.9,0.29,,0.97,0.7,,0.09,0.31,0.42,0.34,1.86,1.99,0.69,0.92,1358.0,Lactococcus lactis,Duplodnaviria,Heunggongvirae,Uroviricota,Caudoviricetes,Caudoviricetes incertae sedis,Skunavirus,Skunavirus sv109,,dsDNA
Skunavirus,1623305,0.9,0.29,,0.97,0.7,,0.09,0.31,0.42,0.34,1.86,1.99,0.69,0.92,1358.0,Lactococcus lactis,Duplodnaviria,Heunggongvirae,Uroviricota,Caudoviricetes,Caudoviricetes incertae sedis,Skunavirus,Skunavirus sv44,,dsDNA
Skunavirus,1623305,0.9,0.29,,0.97,0.7,,0.09,0.31,0.42,0.34,1.86,1.99,0.69,0.92,1358.0,Lactococcus lactis,Duplodnaviria,Heunggongvirae,Uroviricota,Caudoviricetes,Caudoviricetes incertae sedis,Skunavirus,Skunavirus sv155,,dsDNA
Skunavirus,1623305,0.9,0.29,,0.97,0.7,,0.09,0.31,0.42,0.34,1.86,1.99,0.69,0.92,1358.0,Lactococcus lactis,Duplodnaviria,Heunggongvirae,Uroviricota,Caudoviricetes,Caudoviricetes incertae sedis,Skunavirus,Skunavirus sv193,,dsDNA
Skunavirus,1623305,0.9,0.29,,0.97,0.7,,0.09,0.31,0.42,0.34,1.86,1.99,0.69,0.92,1358.0,Lactococcus lactis,Duplodnaviria,Heunggongvirae,Uroviricota,Caudoviricetes,Caudoviricetes incertae sedis,Skunavirus,Skunavirus i0139,,dsDNA
Skunavirus,1623305,0.9,0.29,,0.97,0.7,,0.09,0.31,0.42,0.34,1.86,1.99,0.69,0.92,1358.0,Lactococcus lactis,Duplodnaviria,Heunggongvirae,Uroviricota,Caudoviricetes,Caudoviricetes incertae sedis,Skunavirus,Skunavirus sv512,,dsDNA
Skunavirus,1623305,0.9,0.29,,0.97,0.7,,0.09,0.31,0.42,0.34,1.86,1.99,0.69,0.92,1358.0,Lactococcus lactis,Duplodnaviria,Heunggongvirae,Uroviricota,Caudoviricetes,Caudoviricetes incertae sedis,Skunavirus,Skunavirus sv91127,,dsDNA
Skunavirus,1623305,0.9,0.29,,0.97,0.7,,0.09,0.31,0.42,0.34,1.86,1.99,0.69,0.92,1358.0,Lactococcus lactis,Duplodnaviria,Heunggongvirae,Uroviricota,Caudoviricetes,Caudoviricetes incertae sedis,Skunavirus,Skunavirus A16,,dsDNA
Skunavirus,1623305,0.9,0.29,,0.97,0.7,,0.09,0.31,0.42,0.34,1.86,1.99,0.69,0.92,1358.0,Lactococcus lactis,Duplodnaviria,Heunggongvirae,Uroviricota,Caudoviricetes,Caudoviricetes incertae sedis,Skunavirus,Skunavirus B1127,,dsDNA
Skunavirus,1623305,0.9,0.29,,0.97,0.7,,0.09,0.31,0.42,0.34,1.86,1.99,0.69,0.92,1358.0,Lactococcus lactis,Duplodnaviria,Heunggongvirae,Uroviricota,Caudoviricetes,Caudoviricetes incertae sedis,Skunavirus,Skunavirus E1127,,dsDNA
Skunavirus,1623305,0.9,0.29,,0.97,0.7,,0.09,0.31,0.42,0.34,1.86,1.99,0.69,0.92,1358.0,Lactococcus lactis,Duplodnaviria,Heunggongvirae,Uroviricota,Caudoviricetes,Caudoviricetes incertae sedis,Skunavirus,Skunavirus F0139,,dsDNA
Skunavirus,1623305,0.9,0.29,,0.97,0.7,,0.09,0.31,0.42,0.34,1.86,1.99,0.69,0.92,1358.0,Lactococcus lactis,Duplodnaviria,Heunggongvirae,Uroviricota,Caudoviricetes,Caudoviricetes incertae sedis,Skunavirus,Skunavirus JF1,,dsDNA
Skunavirus,1623305,0.9,0.29,,0.97,0.7,,0.09,0.31,0.42,0.34,1.86,1.99,0.69,0.92,1358.0,Lactococcus lactis,Duplodnaviria,Heunggongvirae,Uroviricota,Caudoviricetes,Caudoviricetes incertae sedis,Skunavirus,Skunavirus L6,,dsDNA
Skunavirus,1623305,0.9,0.29,,0.97,0.7,,0.09,0.31,0.42,0.34,1.86,1.99,0.69,0.92,1358.0,Lactococcus lactis,Duplodnaviria,Heunggongvirae,Uroviricota,Caudoviricetes,Caudoviricetes incertae sedis,Skunavirus,Skunavirus Lj,,dsDNA
Skunavirus,1623305,0.9,0.29,,0.97,0.7,,0.09,0.31,0.42,0.34,1.86,1.99,0.69,0.92,1358.0,Lactococcus lactis,Duplodnaviria,Heunggongvirae,Uroviricota,Caudoviricetes,Caudoviricetes incertae sedis,Skunavirus,Skunavirus M1127,,dsDNA
Skunavirus,1623305,0.9,0.29,,0.97,0.7,,0.09,0.31,0.42,0.34,1.86,1.99,0.69,0.92,1358.0,Lactococcus lactis,Duplodnaviria,Heunggongvirae,Uroviricota,Caudoviricetes,Caudoviricetes incertae sedis,Skunavirus,Skunavirus S0139,,dsDNA
Skunavirus,1623305,0.9,0.29,,0.97,0.7,,0.09,0.31,0.42,0.34,1.86,1.99,0.69,0.92,1358.0,Lactococcus lactis,Duplodnaviria,Heunggongvirae,Uroviricota,Caudoviricetes,Caudoviricetes incertae sedis,Skunavirus,Skunavirus sv96401,,dsDNA
Skunavirus,1623305,0.9,0.29,,0.97,0.7,,0.09,0.31,0.42,0.34,1.86,1.99,0.69,0.92,1358.0,Lactococcus lactis,Duplodnaviria,Heunggongvirae,Uroviricota,Caudoviricetes,Caudoviricetes incertae sedis,Skunavirus,Skunavirus sv96403,,dsDNA
Skunavirus,1623305,0.9,0.29,,0.97,0.7,,0.09,0.31,0.42,0.34,1.86,1.99,0.69,0.92,1358.0,Lactococcus lactis,Duplodnaviria,Heunggongvirae,Uroviricota,Caudoviricetes,Caudoviricetes incertae sedis,Skunavirus,Skunavirus sv96603,,dsDNA
Skunavirus,1623305,0.9,0.29,,0.97,0.7,,0.09,0.31,0.42,0.34,1.86,1.99,0.69,0.92,1358.0,Lactococcus lactis,Duplodnaviria,Heunggongvirae,Uroviricota,Caudoviricetes,Caudoviricetes incertae sedis,Skunavirus,Skunavirus ASCC191,,dsDNA
Skunavirus,1623305,0.9,0.29,,0.97,0.7,,0.09,0.31,0.42,0.34,1.86,1.99,0.69,0.92,1358.0,Lactococcus lactis,Duplodnaviria,Heunggongvirae,Uroviricota,Caudoviricetes,Caudoviricetes incertae sedis,Skunavirus,Skunavirus ASCC273,,dsDNA
Skunavirus,1623305,0.9,0.29,,0.97,0.7,,0.09,0.31,0.42,0.34,1.86,1.99,0.69,0.92,1358.0,Lactococcus lactis,Duplodnaviria,Heunggongvirae,Uroviricota,Caudoviricetes,Caudoviricetes incertae sedis,Skunavirus,Skunavirus ASCC281,,dsDNA
Skunavirus,1623305,0.9,0.29,,0.97,0.7,,0.09,0.31,0.42,0.34,1.86,1.99,0.69,0.92,1358.0,Lactococcus lactis,Duplodnaviria,Heunggongvirae,Uroviricota,Caudoviricetes,Caudoviricetes incertae sedis,Skunavirus,Skunavirus ASCC532,,dsDNA
Skunavirus,1623305,0.9,0.29,,0.97,0.7,,0.09,0.31,0.42,0.34,1.86,1.99,0.69,0.92,1358.0,Lactococcus lactis,Duplodnaviria,Heunggongvirae,Uroviricota,Caudoviricetes,Caudoviricetes incertae sedis,Skunavirus,Skunavirus ASCC465,,dsDNA
Skunavirus,1623305,0.9,0.29,,0.97,0.7,,0.09,0.31,0.42,0.34,1.86,1.99,0.69,0.92,1357.0,Lactococcus,Duplodnaviria,Heunggongvirae,Uroviricota,Caudoviricetes,Caudoviricetes incertae sedis,Skunavirus,Skunavirus bibb29,,dsDNA
Skunavirus,1623305,0.9,0.29,,0.97,0.7,,0.09,0.31,0.42,0.34,1.86,1.99,0.69,0.92,1357.0,Lactococcus,Duplodnaviria,Heunggongvirae,Uroviricota,Caudoviricetes,Caudoviricetes incertae sedis,Skunavirus,Skunavirus bIL170,,dsDNA
Skunavirus,1623305,0.9,0.29,,0.97,0.7,,0.09,0.31,0.42,0.34,1.86,1.99,0.69,0.92,1359.0,Lactococcus cremoris,Duplodnaviria,Heunggongvirae,Uroviricota,Caudoviricetes,Caudoviricetes incertae sedis,Skunavirus,Skunavirus caseusJM1,,dsDNA
Skunavirus,1623305,0.9,0.29,,0.97,0.7,,0.09,0.31,0.42,0.34,1.86,1.99,0.69,0.92,1359.0,Lactococcus cremoris,Duplodnaviria,Heunggongvirae,Uroviricota,Caudoviricetes,Caudoviricetes incertae sedis,Skunavirus,Skunavirus CB13,,dsDNA
Skunavirus,1623305,0.9,0.29,,0.97,0.7,,0.09,0.31,0.42,0.34,1.86,1.99,0.69,0.92,1359.0,Lactococcus cremoris,Duplodnaviria,Heunggongvirae,Uroviricota,Caudoviricetes,Caudoviricetes incertae sedis,Skunavirus,Skunavirus CB14,,dsDNA
Skunavirus,1623305,0.9,0.29,,0.97,0.7,,0.09,0.31,0.42,0.34,1.86,1.99,0.69,0.92,1359.0,Lactococcus cremoris,Duplodnaviria,Heunggongvirae,Uroviricota,Caudoviricetes,Caudoviricetes incertae sedis,Skunavirus,Skunavirus CB19,,dsDNA
Skunavirus,1623305,0.9,0.29,,0.97,0.7,,0.09,0.31,0.42,0.34,1.86,1.99,0.69,0.92,2816960.0,Lactococcus cremoris subsp. cremoris,Duplodnaviria,Heunggongvirae,Uroviricota,Caudoviricetes,Caudoviricetes incertae sedis,Skunavirus,Skunavirus CB19,,dsDNA
Skunavirus,1623305,0.9,0.29,,0.97,0.7,,0.09,0.31,0.42,0.34,1.86,1.99,0.69,0.92,1359.0,Lactococcus cremoris,Duplodnaviria,Heunggongvirae,Uroviricota,Caudoviricetes,Caudoviricetes incertae sedis,Skunavirus,Skunavirus CHPC129,,dsDNA
Skunavirus,1623305,0.9,0.29,,0.97,0.7,,0.09,0.31,0.42,0.34,1.86,1.99,0.69,0.92,1358.0,Lactococcus lactis,Duplodnaviria,Heunggongvirae,Uroviricota,Caudoviricetes,Caudoviricetes incertae sedis,Skunavirus,Skunavirus CHPC361,,dsDNA
Skunavirus,1623305,0.9,0.29,,0.97,0.7,,0.09,0.31,0.42,0.34,1.86,1.99,0.69,0.92,1358.0,Lactococcus lactis,Duplodnaviria,Heunggongvirae,Uroviricota,Caudoviricetes,Caudoviricetes incertae sedis,Skunavirus,Skunavirus CHPC362,,dsDNA
Skunavirus,1623305,0.9,0.29,,0.97,0.7,,0.09,0.31,0.42,0.34,1.86,1.99,0.69,0.92,1359.0,Lactococcus cremoris,Duplodnaviria,Heunggongvirae,Uroviricota,Caudoviricetes,Caudoviricetes incertae sedis,Skunavirus,Skunavirus CHPC52,,dsDNA
Skunavirus,1623305,0.9,0.29,,0.97,0.7,,0.09,0.31,0.42,0.34,1.86,1.99,0.69,0.92,1359.0,Lactococcus cremoris,Duplodnaviria,Heunggongvirae,Uroviricota,Caudoviricetes,Caudoviricetes incertae sedis,Skunavirus,Skunavirus CHPC781,,dsDNA
Skunavirus,1623305,0.9,0.29,,0.97,0.7,,0.09,0.31,0.42,0.34,1.86,1.99,0.69,0.92,1359.0,Lactococcus cremoris,Duplodnaviria,Heunggongvirae,Uroviricota,Caudoviricetes,Caudoviricetes incertae sedis,Skunavirus,Skunavirus CHPC958,,dsDNA
Skunavirus,1623305,0.9,0.29,,0.97,0.7,,0.09,0.31,0.42,0.34,1.86,1.99,0.69,0.92,1359.0,Lactococcus cremoris,Duplodnaviria,Heunggongvirae,Uroviricota,Caudoviricetes,Caudoviricetes incertae sedis,Skunavirus,Skunavirus CHPC959,,dsDNA
Skunavirus,1623305,0.9,0.29,,0.97,0.7,,0.09,0.31,0.42,0.34,1.86,1.99,0.69,0.92,1359.0,Lactococcus cremoris,Duplodnaviria,Heunggongvirae,Uroviricota,Caudoviricetes,Caudoviricetes incertae sedis,Skunavirus,Skunavirus CHPC964,,dsDNA
Skunavirus,1623305,0.9,0.29,,0.97,0.7,,0.09,0.31,0.42,0.34,1.86,1.99,0.69,0.92,1359.0,Lactococcus cremoris,Duplodnaviria,Heunggongvirae,Uroviricota,Caudoviricetes,Caudoviricetes incertae sedis,Skunavirus,Skunavirus CHPC965,,dsDNA
Skunavirus,1623305,0.9,0.29,,0.97,0.7,,0.09,0.31,0.42,0.34,1.86,1.99,0.69,0.92,1359.0,Lactococcus cremoris,Duplodnaviria,Heunggongvirae,Uroviricota,Caudoviricetes,Caudoviricetes incertae sedis,Skunavirus,unclassified Skunavirus,,dsDNA
Skunavirus,1623305,0.9,0.29,,0.97,0.7,,0.09,0.31,0.42,0.34,1.86,1.99,0.69,0.92,1357.0,Lactococcus,Duplodnaviria,Heunggongvirae,Uroviricota,Caudoviricetes,Caudoviricetes incertae sedis,Skunavirus,Skunavirus fd13,,dsDNA
Skunavirus,1623305,0.9,0.29,,0.97,0.7,,0.09,0.31,0.42,0.34,1.86,1.99,0.69,0.92,1359.0,Lactococcus cremoris,Duplodnaviria,Heunggongvirae,Uroviricota,Caudoviricetes,Caudoviricetes incertae sedis,Skunavirus,Skunavirus jm2,,dsDNA
Skunavirus,1623305,0.9,0.29,,0.97,0.7,,0.09,0.31,0.42,0.34,1.86,1.99,0.69,0.92,1359.0,Lactococcus cremoris,Duplodnaviria,Heunggongvirae,Uroviricota,Caudoviricetes,Caudoviricetes incertae sedis,Skunavirus,Skunavirus jm3,,dsDNA
Skunavirus,1623305,0.9,0.29,,0.97,0.7,,0.09,0.31,0.42,0.34,1.86,1.99,0.69,0.92,1359.0,Lactococcus cremoris,Duplodnaviria,Heunggongvirae,Uroviricota,Caudoviricetes,Caudoviricetes incertae sedis,Skunavirus,Skunavirus LP9903,,dsDNA
Skunavirus,1623305,0.9,0.29,,0.97,0.7,,0.09,0.31,0.42,0.34,1.86,1.99,0.69,0.92,1359.0,Lactococcus cremoris,Duplodnaviria,Heunggongvirae,Uroviricota,Caudoviricetes,Caudoviricetes incertae sedis,Skunavirus,Skunavirus LP9908,,dsDNA
Skunavirus,1623305,0.9,0.29,,0.97,0.7,,0.09,0.31,0.42,0.34,1.86,1.99,0.69,0.92,1359.0,Lactococcus cremoris,Duplodnaviria,Heunggongvirae,Uroviricota,Caudoviricetes,Caudoviricetes incertae sedis,Skunavirus,Skunavirus LP0209,,dsDNA
Skunavirus,1623305,0.9,0.29,,0.97,0.7,,0.09,0.31,0.42,0.34,1.86,1.99,0.69,0.92,1359.0,Lactococcus cremoris,Duplodnaviria,Heunggongvirae,Uroviricota,Caudoviricetes,Caudoviricetes incertae sedis,Skunavirus,Skunavirus LP0903,,dsDNA
Skunavirus,1623305,0.9,0.29,,0.97,0.7,,0.09,0.31,0.42,0.34,1.86,1.99,0.69,0.92,272623.0,Lactococcus lactis subsp. lactis Il1403,Duplodnaviria,Heunggongvirae,Uroviricota,Caudoviricetes,Caudoviricetes incertae sedis,Skunavirus,Skunavirus LP1502a,,dsDNA
Skunavirus,1623305,0.9,0.29,,0.97,0.7,,0.09,0.31,0.42,0.34,1.86,1.99,0.69,0.92,1359.0,Lactococcus cremoris,Duplodnaviria,Heunggongvirae,Uroviricota,Caudoviricetes,Caudoviricetes incertae sedis,Skunavirus,Skunavirus LP8511,,dsDNA
Skunavirus,1623305,0.9,0.29,,0.97,0.7,,0.09,0.31,0.42,0.34,1.86,1.99,0.69,0.92,1359.0,Lactococcus cremoris,Duplodnaviria,Heunggongvirae,Uroviricota,Caudoviricetes,Caudoviricetes incertae sedis,Skunavirus,Skunavirus LP9207,,dsDNA
Skunavirus,1623305,0.9,0.29,,0.97,0.7,,0.09,0.31,0.42,0.34,1.86,1.99,0.69,0.92,1359.0,Lactococcus cremoris,Duplodnaviria,Heunggongvirae,Uroviricota,Caudoviricetes,Caudoviricetes incertae sedis,Skunavirus,Skunavirus LP9404,,dsDNA
Skunavirus,1623305,0.9,0.29,,0.97,0.7,,0.09,0.31,0.42,0.34,1.86,1.99,0.69,0.92,1359.0,Lactococcus cremoris,Duplodnaviria,Heunggongvirae,Uroviricota,Caudoviricetes,Caudoviricetes incertae sedis,Skunavirus,Skunavirus LP9609,,dsDNA
Skunavirus,1623305,0.9,0.29,,0.97,0.7,,0.09,0.31,0.42,0.34,1.86,1.99,0.69,0.92,44273.0,Lactococcus sp.,Duplodnaviria,Heunggongvirae,Uroviricota,Caudoviricetes,Caudoviricetes incertae sedis,Skunavirus,unclassified Skunavirus,,dsDNA
Skunavirus,1623305,0.9,0.29,,0.97,0.7,,0.09,0.31,0.42,0.34,1.86,1.99,0.69,0.92,44688.0,Lactococcus lactis subsp. lactis bv. diacetylactis,Duplodnaviria,Heunggongvirae,Uroviricota,Caudoviricetes,Caudoviricetes incertae sedis,Skunavirus,Skunavirus MP1,,dsDNA
Skunavirus,1623305,0.9,0.29,,0.97,0.7,,0.09,0.31,0.42,0.34,1.86,1.99,0.69,0.92,1358.0,Lactococcus lactis,Duplodnaviria,Heunggongvirae,Uroviricota,Caudoviricetes,Caudoviricetes incertae sedis,Skunavirus,Skunavirus MV10L,,dsDNA
Skunavirus,1623305,0.9,0.29,,0.97,0.7,,0.09,0.31,0.42,0.34,1.86,1.99,0.69,0.92,272623.0,Lactococcus lactis subsp. lactis Il1403,Duplodnaviria,Heunggongvirae,Uroviricota,Caudoviricetes,Caudoviricetes incertae sedis,Skunavirus,Skunavirus P008,,dsDNA
Skunavirus,1623305,0.9,0.29,,0.97,0.7,,0.09,0.31,0.42,0.34,1.86,1.99,0.69,0.92,1358.0,Lactococcus lactis,Duplodnaviria,Heunggongvirae,Uroviricota,Caudoviricetes,Caudoviricetes incertae sedis,Skunavirus,Skunavirus P1532,,dsDNA
Skunavirus,1623305,0.9,0.29,,0.97,0.7,,0.09,0.31,0.42,0.34,1.86,1.99,0.69,0.92,1358.0,Lactococcus lactis,Duplodnaviria,Heunggongvirae,Uroviricota,Caudoviricetes,Caudoviricetes incertae sedis,Skunavirus,Skunavirus P4565,,dsDNA
Skunavirus,1623305,0.9,0.29,,0.97,0.7,,0.09,0.31,0.42,0.34,1.86,1.99,0.69,0.92,1358.0,Lactococcus lactis,Duplodnaviria,Heunggongvirae,Uroviricota,Caudoviricetes,Caudoviricetes incertae sedis,Skunavirus,Skunavirus P656,,dsDNA
Skunavirus,1623305,0.9,0.29,,0.97,0.7,,0.09,0.31,0.42,0.34,1.86,1.99,0.69,0.92,1360.0,Lactococcus lactis subsp. lactis,Duplodnaviria,Heunggongvirae,Uroviricota,Caudoviricetes,Caudoviricetes incertae sedis,Skunavirus,Skunavirus P680,,dsDNA
Skunavirus,1623305,0.9,0.29,,0.97,0.7,,0.09,0.31,0.42,0.34,1.86,1.99,0.69,0.92,272623.0,Lactococcus lactis subsp. lactis Il1403,Duplodnaviria,Heunggongvirae,Uroviricota,Caudoviricetes,Caudoviricetes incertae sedis,Skunavirus,Skunavirus P680,,dsDNA
Skunavirus,1623305,0.9,0.29,,0.97,0.7,,0.09,0.31,0.42,0.34,1.86,1.99,0.69,0.92,44273.0,Lactococcus sp.,Duplodnaviria,Heunggongvirae,Uroviricota,Caudoviricetes,Caudoviricetes incertae sedis,Skunavirus,Skunavirus sv145,,dsDNA
Skunavirus,1623305,0.9,0.29,,0.97,0.7,,0.09,0.31,0.42,0.34,1.86,1.99,0.69,0.92,44273.0,Lactococcus sp.,Duplodnaviria,Heunggongvirae,Uroviricota,Caudoviricetes,Caudoviricetes incertae sedis,Skunavirus,Skunavirus sv15,,dsDNA
Skunavirus,1623305,0.9,0.29,,0.97,0.7,,0.09,0.31,0.42,0.34,1.86,1.99,0.69,0.92,1359.0,Lactococcus cremoris,Duplodnaviria,Heunggongvirae,Uroviricota,Caudoviricetes,Caudoviricetes incertae sedis,Skunavirus,Skunavirus sv7,,dsDNA
Skunavirus,1623305,0.9,0.29,,0.97,0.7,,0.09,0.31,0.42,0.34,1.86,1.99,0.69,0.92,1358.0,Lactococcus lactis,Duplodnaviria,Heunggongvirae,Uroviricota,Caudoviricetes,Caudoviricetes incertae sedis,Skunavirus,Skunavirus R31,,dsDNA
Skunavirus,1623305,0.9,0.29,,0.97,0.7,,0.09,0.31,0.42,0.34,1.86,1.99,0.69,0.92,1358.0,Lactococcus lactis,Duplodnaviria,Heunggongvirae,Uroviricota,Caudoviricetes,Caudoviricetes incertae sedis,Skunavirus,Skunavirus sk1,,dsDNA
Skunavirus,1623305,0.9,0.29,,0.97,0.7,,0.09,0.31,0.42,0.34,1.86,1.99,0.69,0.92,2816960.0,Lactococcus cremoris subsp. cremoris,Duplodnaviria,Heunggongvirae,Uroviricota,Caudoviricetes,Caudoviricetes incertae sedis,Skunavirus,Skunavirus Sl4,,dsDNA
Skunavirus,1623305,0.9,0.29,,0.97,0.7,,0.09,0.31,0.42,0.34,1.86,1.99,0.69,0.92,1358.0,Lactococcus lactis,Duplodnaviria,Heunggongvirae,Uroviricota,Caudoviricetes,Caudoviricetes incertae sedis,Skunavirus,Skunavirus bIBB5g1,,dsDNA
Skunavirus,1623305,0.9,0.29,,0.97,0.7,,0.09,0.31,0.42,0.34,1.86,1.99,0.69,0.92,1358.0,Lactococcus lactis,Duplodnaviria,Heunggongvirae,Uroviricota,Caudoviricetes,Caudoviricetes incertae sedis,Skunavirus,Skunavirus bibb29,,dsDNA
Skunavirus,1623305,0.9,0.29,,0.97,0.7,,0.09,0.31,0.42,0.34,1.86,1.99,0.69,0.92,1358.0,Lactococcus lactis,Duplodnaviria,Heunggongvirae,Uroviricota,Caudoviricetes,Caudoviricetes incertae sedis,Skunavirus,Skunavirus bIBBF12,,dsDNA
Skunavirus,1623305,0.9,0.29,,0.97,0.7,,0.09,0.31,0.42,0.34,1.86,1.99,0.69,0.92,416870.0,Lactococcus cremoris subsp. cremoris MG1363,Duplodnaviria,Heunggongvirae,Uroviricota,Caudoviricetes,Caudoviricetes incertae sedis,Skunavirus,unclassified Skunavirus,,dsDNA
Skunavirus,1623305,0.9,0.29,,0.97,0.7,,0.09,0.31,0.42,0.34,1.86,1.99,0.69,0.92,1359.0,Lactococcus cremoris,Duplodnaviria,Heunggongvirae,Uroviricota,Caudoviricetes,Caudoviricetes incertae sedis,Skunavirus,,,dsDNA
Alphatrevirus,1910951,,,,,,,,,,0.08,,,,,561.0,Escherichia,Monodnaviria,Sangervirae,Phixviricota,Malgrandaviricetes,Petitvirales,Microviridae,Bullavirinae,Alphatrevirus,
Alphatrevirus,1910951,,,,,,,,,,0.08,,,,,83333.0,Escherichia coli K-12,Monodnaviria,Sangervirae,Phixviricota,Malgrandaviricetes,Petitvirales,Microviridae,Bullavirinae,Alphatrevirus,
Gequatrovirus,1910952,,,,,,,,,,,0.13,,,0.18,562.0,Escherichia coli,Monodnaviria,Sangervirae,Phixviricota,Malgrandaviricetes,Petitvirales,Microviridae,Bullavirinae,Gequatrovirus,
Gequatrovirus,1910952,,,,,,,,,,,0.13,,,0.18,543.0,Enterobacteriaceae,Monodnaviria,Sangervirae,Phixviricota,Malgrandaviricetes,Petitvirales,Microviridae,Bullavirinae,Gequatrovirus,
Gequatrovirus,1910952,,,,,,,,,,,0.13,,,0.18,498388.0,Escherichia coli C,Monodnaviria,Sangervirae,Phixviricota,Malgrandaviricetes,Petitvirales,Microviridae,Bullavirinae,Gequatrovirus,
Gequatrovirus,1910952,,,,,,,,,,,0.13,,,0.18,624.0,Shigella sonnei,Monodnaviria,Sangervirae,Phixviricota,Malgrandaviricetes,Petitvirales,Microviridae,Bullavirinae,Gequatrovirus,
Jerseyvirus,1910991,,,,,,,0.02,0.14,0.12,0.06,,,0.23,0.12,511145.0,Escherichia coli str. K-12 substr. MG1655,Duplodnaviria,Heunggongvirae,Uroviricota,Caudoviricetes,Caudoviricetes incertae sedis,Sarkviridae,Guernseyvirinae,Jerseyvirus,dsDNA
Jerseyvirus,1910991,,,,,,,0.02,0.14,0.12,0.06,,,0.23,0.12,149539.0,Salmonella enterica subsp. enterica serovar Enteritidis,Duplodnaviria,Heunggongvirae,Uroviricota,Caudoviricetes,Caudoviricetes incertae sedis,Sarkviridae,Guernseyvirinae,Jerseyvirus,dsDNA
Jerseyvirus,1910991,,,,,,,0.02,0.14,0.12,0.06,,,0.23,0.12,317.0,Pseudomonas syringae,Duplodnaviria,Heunggongvirae,Uroviricota,Caudoviricetes,Caudoviricetes incertae sedis,Sarkviridae,Guernseyvirinae,Jerseyvirus,dsDNA
Jerseyvirus,1910991,,,,,,,0.02,0.14,0.12,0.06,,,0.23,0.12,594.0,Salmonella enterica subsp. enterica serovar Gallinarum,Duplodnaviria,Heunggongvirae,Uroviricota,Caudoviricetes,Caudoviricetes incertae sedis,Sarkviridae,Guernseyvirinae,Jerseyvirus,dsDNA
Jerseyvirus,1910991,,,,,,,0.02,0.14,0.12,0.06,,,0.23,0.12,605.0,Salmonella enterica subsp. enterica serovar Pullorum,Duplodnaviria,Heunggongvirae,Uroviricota,Caudoviricetes,Caudoviricetes incertae sedis,Sarkviridae,Guernseyvirinae,Jerseyvirus,dsDNA
Jerseyvirus,1910991,,,,,,,0.02,0.14,0.12,0.06,,,0.23,0.12,599.0,Salmonella sp.,Duplodnaviria,Heunggongvirae,Uroviricota,Caudoviricetes,Caudoviricetes incertae sedis,Sarkviridae,Guernseyvirinae,Jerseyvirus,dsDNA
Jerseyvirus,1910991,,,,,,,0.02,0.14,0.12,0.06,,,0.23,0.12,59201.0,Salmonella enterica subsp. enterica,Duplodnaviria,Heunggongvirae,Uroviricota,Caudoviricetes,Caudoviricetes incertae sedis,Sarkviridae,Guernseyvirinae,Jerseyvirus,dsDNA
Jerseyvirus,1910991,,,,,,,0.02,0.14,0.12,0.06,,,0.23,0.12,28901.0,Salmonella enterica,Duplodnaviria,Heunggongvirae,Uroviricota,Caudoviricetes,Caudoviricetes incertae sedis,Sarkviridae,Guernseyvirinae,Jerseyvirus,dsDNA
Jerseyvirus,1910991,,,,,,,0.02,0.14,0.12,0.06,,,0.23,0.12,90371.0,Salmonella enterica subsp. enterica serovar Typhimurium,Duplodnaviria,Heunggongvirae,Uroviricota,Caudoviricetes,Caudoviricetes incertae sedis,Sarkviridae,Guernseyvirinae,Jerseyvirus,dsDNA
Jerseyvirus,1910991,,,,,,,0.02,0.14,0.12,0.06,,,0.23,0.12,98360.0,Salmonella enterica subsp. enterica serovar Dublin,Duplodnaviria,Heunggongvirae,Uroviricota,Caudoviricetes,Caudoviricetes incertae sedis,Sarkviridae,Guernseyvirinae,Jerseyvirus,dsDNA
Jerseyvirus,1910991,,,,,,,0.02,0.14,0.12,0.06,,,0.23,0.12,90370.0,Salmonella enterica subsp. enterica serovar Typhi,Duplodnaviria,Heunggongvirae,Uroviricota,Caudoviricetes,Caudoviricetes incertae sedis,Sarkviridae,Guernseyvirinae,Jerseyvirus,dsDNA
Jerseyvirus,1910991,,,,,,,0.02,0.14,0.12,0.06,,,0.23,0.12,590.0,Salmonella,Duplodnaviria,Heunggongvirae,Uroviricota,Caudoviricetes,Caudoviricetes incertae sedis,Sarkviridae,Guernseyvirinae,Jerseyvirus,dsDNA
Jerseyvirus,1910991,,,,,,,0.02,0.14,0.12,0.06,,,0.23,0.12,54388.0,Salmonella enterica subsp. enterica serovar Paratyphi A,Duplodnaviria,Heunggongvirae,Uroviricota,Caudoviricetes,Caudoviricetes incertae sedis,Sarkviridae,Guernseyvirinae,Jerseyvirus,dsDNA
Jerseyvirus,1910991,,,,,,,0.02,0.14,0.12,0.06,,,0.23,0.12,607.0,Salmonella enterica subsp. enterica serovar Abortusequi,Duplodnaviria,Heunggongvirae,Uroviricota,Caudoviricetes,Caudoviricetes incertae sedis,Sarkviridae,Guernseyvirinae,Jerseyvirus,dsDNA
Jerseyvirus,1910991,,,,,,,0.02,0.14,0.12,0.06,,,0.23,0.12,99287.0,Salmonella enterica subsp. enterica serovar Typhimurium str. LT2,Duplodnaviria,Heunggongvirae,Uroviricota,Caudoviricetes,Caudoviricetes incertae sedis,Sarkviridae,Guernseyvirinae,Jerseyvirus,dsDNA
Jerseyvirus,1910991,,,,,,,0.02,0.14,0.12,0.06,,,0.23,0.12,363568.0,Salmonella enterica subsp. enterica serovar Sendai,Duplodnaviria,Heunggongvirae,Uroviricota,Caudoviricetes,Caudoviricetes incertae sedis,Sarkviridae,Guernseyvirinae,Jerseyvirus,dsDNA
Jerseyvirus,1910991,,,,,,,0.02,0.14,0.12,0.06,,,0.23,0.12,367181.0,Salmonella enterica subsp. enterica serovar Newlands,Duplodnaviria,Heunggongvirae,Uroviricota,Caudoviricetes,Caudoviricetes incertae sedis,Sarkviridae,Guernseyvirinae,Jerseyvirus,dsDNA
Jerseyvirus,1910991,,,,,,,0.02,0.14,0.12,0.06,,,0.23,0.12,1299114.0,Salmonella enterica subsp. enterica serovar Typhimurium str. ATCC 14028,Duplodnaviria,Heunggongvirae,Uroviricota,Caudoviricetes,Caudoviricetes incertae sedis,Sarkviridae,Guernseyvirinae,Jerseyvirus,dsDNA
Jerseyvirus,1910991,,,,,,,0.02,0.14,0.12,0.06,,,0.23,0.12,149391.0,Salmonella enterica subsp. enterica serovar Braenderup,Duplodnaviria,Heunggongvirae,Uroviricota,Caudoviricetes,Caudoviricetes incertae sedis,Sarkviridae,Guernseyvirinae,Jerseyvirus,dsDNA
Kagunavirus,1910992,6.17,1.78,3.24,2.28,3.91,,0.19,2.0,1.41,0.83,2.13,1.17,1.1,1.36,562.0,Escherichia coli,Duplodnaviria,Heunggongvirae,Uroviricota,Caudoviricetes,Caudoviricetes incertae sedis,Sarkviridae,Guernseyvirinae,Kagunavirus,dsDNA
Kagunavirus,1910992,6.17,1.78,3.24,2.28,3.91,,0.19,2.0,1.41,0.83,2.13,1.17,1.1,1.36,1392869.0,Escherichia coli K1,Duplodnaviria,Heunggongvirae,Uroviricota,Caudoviricetes,Caudoviricetes incertae sedis,Sarkviridae,Guernseyvirinae,Kagunavirus,dsDNA
Kagunavirus,1910992,6.17,1.78,3.24,2.28,3.91,,0.19,2.0,1.41,0.83,2.13,1.17,1.1,1.36,561.0,Escherichia,Duplodnaviria,Heunggongvirae,Uroviricota,Caudoviricetes,Caudoviricetes incertae sedis,Sarkviridae,Guernseyvirinae,Kagunavirus,dsDNA
Kagunavirus,1910992,6.17,1.78,3.24,2.28,3.91,,0.19,2.0,1.41,0.83,2.13,1.17,1.1,1.36,1055538.0,Escherichia coli O145,Duplodnaviria,Heunggongvirae,Uroviricota,Caudoviricetes,Caudoviricetes incertae sedis,Sarkviridae,Guernseyvirinae,Kagunavirus,dsDNA
Kagunavirus,1910992,6.17,1.78,3.24,2.28,3.91,,0.19,2.0,1.41,0.83,2.13,1.17,1.1,1.36,83334.0,Escherichia coli O157:H7,Duplodnaviria,Heunggongvirae,Uroviricota,Caudoviricetes,Caudoviricetes incertae sedis,Sarkviridae,Guernseyvirinae,Kagunavirus,dsDNA
Kagunavirus,1910992,6.17,1.78,3.24,2.28,3.91,,0.19,2.0,1.41,0.83,2.13,1.17,1.1,1.36,511693.0,Escherichia coli BL21,Duplodnaviria,Heunggongvirae,Uroviricota,Caudoviricetes,Caudoviricetes incertae sedis,Sarkviridae,Guernseyvirinae,Kagunavirus,dsDNA
Kagunavirus,1910992,6.17,1.78,3.24,2.28,3.91,,0.19,2.0,1.41,0.83,2.13,1.17,1.1,1.36,1873496.0,Raoultella sp.,Duplodnaviria,Heunggongvirae,Uroviricota,Caudoviricetes,Caudoviricetes incertae sedis,Sarkviridae,Guernseyvirinae,Kagunavirus,dsDNA
Cornellvirus,1910993,1.58,0.33,,,,,0.04,0.4,0.22,0.07,0.28,0.41,0.52,0.17,340188.0,Salmonella enterica subsp. enterica serovar Cerro,Duplodnaviria,Heunggongvirae,Uroviricota,Caudoviricetes,Caudoviricetes incertae sedis,Sarkviridae,Guernseyvirinae,Cornellvirus,dsDNA
Cornellvirus,1910993,1.58,0.33,,,,,0.04,0.4,0.22,0.07,0.28,0.41,0.52,0.17,595.0,Salmonella enterica subsp. enterica serovar Infantis,Duplodnaviria,Heunggongvirae,Uroviricota,Caudoviricetes,Caudoviricetes incertae sedis,Sarkviridae,Guernseyvirinae,Cornellvirus,dsDNA
Alphacarmovirus,1911599,,0.24,,,,,0.02,,,0.05,,0.16,,0.21,,,,,,,,,,,
Gammacarmovirus,1911601,1.65,4.08,3.95,3.19,6.42,1.59,1.73,4.54,3.5,3.13,0.14,0.58,0.19,0.71,,,,,,,,,,,
Certrevirus,1914850,,,,,,,,,,0.05,,,,,28141.0,Cronobacter sakazakii,Duplodnaviria,Heunggongvirae,Uroviricota,Caudoviricetes,Caudoviricetes incertae sedis,Certrevirus,Certrevirus CR3,,dsDNA
Certrevirus,1914850,,,,,,,,,,0.05,,,,,28141.0,Cronobacter sakazakii,Duplodnaviria,Heunggongvirae,Uroviricota,Caudoviricetes,Caudoviricetes incertae sedis,Certrevirus,Certrevirus CR8,,dsDNA
Certrevirus,1914850,,,,,,,,,,0.05,,,,,28141.0,Cronobacter sakazakii,Duplodnaviria,Heunggongvirae,Uroviricota,Caudoviricetes,Caudoviricetes incertae sedis,Certrevirus,Certrevirus CR9,,dsDNA
Certrevirus,1914850,,,,,,,,,,0.05,,,,,1888169.0,Cronobacter sp.,Duplodnaviria,Heunggongvirae,Uroviricota,Caudoviricetes,Caudoviricetes incertae sedis,Certrevirus,Certrevirus PBES02,,dsDNA
Certrevirus,1914850,,,,,,,,,,0.05,,,,,1296536.0,Enterobacter hormaechei subsp. xiangfangensis,Duplodnaviria,Heunggongvirae,Uroviricota,Caudoviricetes,Caudoviricetes incertae sedis,Certrevirus,unclassified Certrevirus,,dsDNA
Certrevirus,1914850,,,,,,,,,,0.05,,,,,548.0,Klebsiella aerogenes,Duplodnaviria,Heunggongvirae,Uroviricota,Caudoviricetes,Caudoviricetes incertae sedis,Certrevirus,unclassified Certrevirus,,dsDNA
Certrevirus,1914850,,,,,,,,,,0.05,,,,,59814.0,Pantoea dispersa,Duplodnaviria,Heunggongvirae,Uroviricota,Caudoviricetes,Caudoviricetes incertae sedis,Certrevirus,unclassified Certrevirus,,dsDNA
Certrevirus,1914850,,,,,,,,,,0.05,,,,,1913084.0,Pectobacterium sp.,Duplodnaviria,Heunggongvirae,Uroviricota,Caudoviricetes,Caudoviricetes incertae sedis,Certrevirus,unclassified Certrevirus,,dsDNA
Certrevirus,1914850,,,,,,,,,,0.05,,,,,218491.0,Pectobacterium atrosepticum SCRI1043,Duplodnaviria,Heunggongvirae,Uroviricota,Caudoviricetes,Caudoviricetes incertae sedis,Certrevirus,Certrevirus phiTE,,dsDNA
Certrevirus,1914850,,,,,,,,,,0.05,,,,,555.0,Pectobacterium carotovorum subsp. carotovorum,Duplodnaviria,Heunggongvirae,Uroviricota,Caudoviricetes,Caudoviricetes incertae sedis,Certrevirus,unclassified Certrevirus,,dsDNA
Certrevirus,1914850,,,,,,,,,,0.05,,,,,29471.0,Pectobacterium atrosepticum,Duplodnaviria,Heunggongvirae,Uroviricota,Caudoviricetes,Caudoviricetes incertae sedis,Certrevirus,unclassified Certrevirus,,dsDNA
Certrevirus,1914850,,,,,,,,,,0.05,,,,,554.0,Pectobacterium carotovorum,Duplodnaviria,Heunggongvirae,Uroviricota,Caudoviricetes,Caudoviricetes incertae sedis,Certrevirus,unclassified Certrevirus,,dsDNA
Seunavirus,1914851,,,,,,,,,,0.05,,,,,28141.0,Cronobacter sakazakii,Duplodnaviria,Heunggongvirae,Uroviricota,Caudoviricetes,Caudoviricetes incertae sedis,Seunavirus,unclassified Seunavirus,,dsDNA
Seunavirus,1914851,,,,,,,,,,0.05,,,,,28141.0,Cronobacter sakazakii,Duplodnaviria,Heunggongvirae,Uroviricota,Caudoviricetes,Caudoviricetes incertae sedis,Seunavirus,Seunavirus GAP31,,dsDNA
Seunavirus,1914851,,,,,,,,,,0.05,,,,,550.0,Enterobacter cloacae,Duplodnaviria,Heunggongvirae,Uroviricota,Caudoviricetes,Caudoviricetes incertae sedis,Seunavirus,unclassified Seunavirus,,dsDNA
Seunavirus,1914851,,,,,,,,,,0.05,,,,,208224.0,Enterobacter kobei,Duplodnaviria,Heunggongvirae,Uroviricota,Caudoviricetes,Caudoviricetes incertae sedis,Seunavirus,unclassified Seunavirus,,dsDNA
Seunavirus,1914851,,,,,,,,,,0.05,,,,,83333.0,Escherichia coli K-12,Duplodnaviria,Heunggongvirae,Uroviricota,Caudoviricetes,Caudoviricetes incertae sedis,Seunavirus,Seunavirus 4MG,,dsDNA
Seunavirus,1914851,,,,,,,,,,0.05,,,,,941322.0,Escherichia coli O25b:H4-ST131,Duplodnaviria,Heunggongvirae,Uroviricota,Caudoviricetes,Caudoviricetes incertae sedis,Seunavirus,unclassified Seunavirus,,dsDNA
Seunavirus,1914851,,,,,,,,,,0.05,,,,,28901.0,Salmonella enterica,Duplodnaviria,Heunggongvirae,Uroviricota,Caudoviricetes,Caudoviricetes incertae sedis,Seunavirus,unclassified Seunavirus,,dsDNA
Seunavirus,1914851,,,,,,,,,,0.05,,,,,59201.0,Salmonella enterica subsp. enterica,Duplodnaviria,Heunggongvirae,Uroviricota,Caudoviricetes,Caudoviricetes incertae sedis,Seunavirus,unclassified Seunavirus,,dsDNA
Seunavirus,1914851,,,,,,,,,,0.05,,,,,149539.0,Salmonella enterica subsp. enterica serovar Enteritidis,Duplodnaviria,Heunggongvirae,Uroviricota,Caudoviricetes,Caudoviricetes incertae sedis,Seunavirus,Seunavirus PVPSE1,,dsDNA
Seunavirus,1914851,,,,,,,,,,0.05,,,,,590.0,Salmonella,Duplodnaviria,Heunggongvirae,Uroviricota,Caudoviricetes,Caudoviricetes incertae sedis,Seunavirus,Seunavirus SSE121,,dsDNA
Seunavirus,1914851,,,,,,,,,,0.05,,,,,149539.0,Salmonella enterica subsp. enterica serovar Enteritidis,Duplodnaviria,Heunggongvirae,Uroviricota,Caudoviricetes,Caudoviricetes incertae sedis,Seunavirus,unclassified Seunavirus,,dsDNA
Obolenskvirus,1915205,,,,,,,0.04,0.24,0.23,0.09,,0.11,0.18,0.09,470.0,Acinetobacter baumannii,Duplodnaviria,Heunggongvirae,Uroviricota,Caudoviricetes,Caudoviricetes incertae sedis,Obolenskvirus,unclassified Obolenskvirus,,dsDNA
Obolenskvirus,1915205,,,,,,,0.04,0.24,0.23,0.09,,0.11,0.18,0.09,470.0,Acinetobacter baumannii,Duplodnaviria,Heunggongvirae,Uroviricota,Caudoviricetes,Caudoviricetes incertae sedis,Obolenskvirus,Obolenskvirus AB1,,dsDNA
Obolenskvirus,1915205,,,,,,,0.04,0.24,0.23,0.09,,0.11,0.18,0.09,470.0,Acinetobacter baumannii,Duplodnaviria,Heunggongvirae,Uroviricota,Caudoviricetes,Caudoviricetes incertae sedis,Obolenskvirus,Obolenskvirus AbP2,,dsDNA
Obolenskvirus,1915205,,,,,,,0.04,0.24,0.23,0.09,,0.11,0.18,0.09,470.0,Acinetobacter baumannii,Duplodnaviria,Heunggongvirae,Uroviricota,Caudoviricetes,Caudoviricetes incertae sedis,Obolenskvirus,Obolenskvirus AP22,,dsDNA
Obolenskvirus,1915205,,,,,,,0.04,0.24,0.23,0.09,,0.11,0.18,0.09,470.0,Acinetobacter baumannii,Duplodnaviria,Heunggongvirae,Uroviricota,Caudoviricetes,Caudoviricetes incertae sedis,Obolenskvirus,Obolenskvirus LZ35,,dsDNA
Obolenskvirus,1915205,,,,,,,0.04,0.24,0.23,0.09,,0.11,0.18,0.09,470.0,Acinetobacter baumannii,Duplodnaviria,Heunggongvirae,Uroviricota,Caudoviricetes,Caudoviricetes incertae sedis,Obolenskvirus,Obolenskvirus AB2,,dsDNA
Obolenskvirus,1915205,,,,,,,0.04,0.24,0.23,0.09,,0.11,0.18,0.09,48296.0,Acinetobacter pittii,Duplodnaviria,Heunggongvirae,Uroviricota,Caudoviricetes,Caudoviricetes incertae sedis,Obolenskvirus,unclassified Obolenskvirus,,dsDNA
Obolenskvirus,1915205,,,,,,,0.04,0.24,0.23,0.09,,0.11,0.18,0.09,470.0,Acinetobacter baumannii,Duplodnaviria,Heunggongvirae,Uroviricota,Caudoviricetes,Caudoviricetes incertae sedis,Obolenskvirus,Obolenskvirus WCHABP1,,dsDNA
Obolenskvirus,1915205,,,,,,,0.04,0.24,0.23,0.09,,0.11,0.18,0.09,470.0,Acinetobacter baumannii,Duplodnaviria,Heunggongvirae,Uroviricota,Caudoviricetes,Caudoviricetes incertae sedis,Obolenskvirus,Obolenskvirus WCHABP12,,dsDNA
Obolenskvirus,1915205,,,,,,,0.04,0.24,0.23,0.09,,0.11,0.18,0.09,106654.0,Acinetobacter nosocomialis,Duplodnaviria,Heunggongvirae,Uroviricota,Caudoviricetes,Caudoviricetes incertae sedis,Obolenskvirus,unclassified Obolenskvirus,,dsDNA
Obolenskvirus,1915205,,,,,,,0.04,0.24,0.23,0.09,,0.11,0.18,0.09,470.0,Acinetobacter baumannii,Duplodnaviria,Heunggongvirae,Uroviricota,Caudoviricetes,Caudoviricetes incertae sedis,Obolenskvirus,Obolenskvirus AbC62,,dsDNA
Obolenskvirus,1915205,,,,,,,0.04,0.24,0.23,0.09,,0.11,0.18,0.09,1280.0,Staphylococcus aureus,Duplodnaviria,Heunggongvirae,Uroviricota,Caudoviricetes,Caudoviricetes incertae sedis,Obolenskvirus,Obolenskvirus AbC62,,dsDNA
Gamaleyavirus,1920753,0.49,0.49,1.96,0.46,1.82,0.71,0.07,1.02,0.96,0.64,1.12,0.96,0.62,0.79,1884818.0,Escherichia sp.,Duplodnaviria,Heunggongvirae,Uroviricota,Caudoviricetes,Caudoviricetes incertae sedis,Schitoviridae,Enquatrovirinae,Gamaleyavirus,dsDNA
Gamaleyavirus,1920753,0.49,0.49,1.96,0.46,1.82,0.71,0.07,1.02,0.96,0.64,1.12,0.96,0.62,0.79,561.0,Escherichia,Duplodnaviria,Heunggongvirae,Uroviricota,Caudoviricetes,Caudoviricetes incertae sedis,Schitoviridae,Enquatrovirinae,Gamaleyavirus,dsDNA
Gamaleyavirus,1920753,0.49,0.49,1.96,0.46,1.82,0.71,0.07,1.02,0.96,0.64,1.12,0.96,0.62,0.79,570.0,Klebsiella,Duplodnaviria,Heunggongvirae,Uroviricota,Caudoviricetes,Caudoviricetes incertae sedis,Schitoviridae,Enquatrovirinae,Gamaleyavirus,dsDNA
Gamaleyavirus,1920753,0.49,0.49,1.96,0.46,1.82,0.71,0.07,1.02,0.96,0.64,1.12,0.96,0.62,0.79,621.0,Shigella boydii,Duplodnaviria,Heunggongvirae,Uroviricota,Caudoviricetes,Caudoviricetes incertae sedis,Schitoviridae,Enquatrovirinae,Gamaleyavirus,dsDNA
Drulisvirus,1920774,1.02,0.37,2.0,1.05,1.22,,0.09,0.66,0.38,0.26,0.95,0.71,0.72,0.53,470.0,Acinetobacter baumannii,Duplodnaviria,Heunggongvirae,Uroviricota,Caudoviricetes,Autographivirales,Autoscriptoviridae,Slopekvirinae,Drulisvirus,dsDNA
Drulisvirus,1920774,1.02,0.37,2.0,1.05,1.22,,0.09,0.66,0.38,0.26,0.95,0.71,0.72,0.53,573.0,Klebsiella pneumoniae,Duplodnaviria,Heunggongvirae,Uroviricota,Caudoviricetes,Autographivirales,Autoscriptoviridae,Slopekvirinae,Drulisvirus,dsDNA
Drulisvirus,1920774,1.02,0.37,2.0,1.05,1.22,,0.09,0.66,0.38,0.26,0.95,0.71,0.72,0.53,562.0,Escherichia coli,Duplodnaviria,Heunggongvirae,Uroviricota,Caudoviricetes,Autographivirales,Autoscriptoviridae,Slopekvirinae,Drulisvirus,dsDNA
Drulisvirus,1920774,1.02,0.37,2.0,1.05,1.22,,0.09,0.66,0.38,0.26,0.95,0.71,0.72,0.53,576.0,Klebsiella sp.,Duplodnaviria,Heunggongvirae,Uroviricota,Caudoviricetes,Autographivirales,Autoscriptoviridae,Slopekvirinae,Drulisvirus,dsDNA
Drulisvirus,1920774,1.02,0.37,2.0,1.05,1.22,,0.09,0.66,0.38,0.26,0.95,0.71,0.72,0.53,484021.0,Klebsiella pneumoniae subsp. pneumoniae NTUH-K2044,Duplodnaviria,Heunggongvirae,Uroviricota,Caudoviricetes,Autographivirales,Autoscriptoviridae,Slopekvirinae,Drulisvirus,dsDNA
Drulisvirus,1920774,1.02,0.37,2.0,1.05,1.22,,0.09,0.66,0.38,0.26,0.95,0.71,0.72,0.53,72407.0,Klebsiella pneumoniae subsp. pneumoniae,Duplodnaviria,Heunggongvirae,Uroviricota,Caudoviricetes,Autographivirales,Autoscriptoviridae,Slopekvirinae,Drulisvirus,dsDNA
Drulisvirus,1920774,1.02,0.37,2.0,1.05,1.22,,0.09,0.66,0.38,0.26,0.95,0.71,0.72,0.53,1134687.0,Klebsiella michiganensis,Duplodnaviria,Heunggongvirae,Uroviricota,Caudoviricetes,Autographivirales,Autoscriptoviridae,Slopekvirinae,Drulisvirus,dsDNA
Drulisvirus,1920774,1.02,0.37,2.0,1.05,1.22,,0.09,0.66,0.38,0.26,0.95,0.71,0.72,0.53,1316582.0,Klebsiella pneumoniae ATCC 43816,Duplodnaviria,Heunggongvirae,Uroviricota,Caudoviricetes,Autographivirales,Autoscriptoviridae,Slopekvirinae,Drulisvirus,dsDNA
Drulisvirus,1920774,1.02,0.37,2.0,1.05,1.22,,0.09,0.66,0.38,0.26,0.95,0.71,0.72,0.53,1384549.0,Klebsiella pneumoniae subsp. pneumoniae KKBO-1,Duplodnaviria,Heunggongvirae,Uroviricota,Caudoviricetes,Autographivirales,Autoscriptoviridae,Slopekvirinae,Drulisvirus,dsDNA
Drulisvirus,1920774,1.02,0.37,2.0,1.05,1.22,,0.09,0.66,0.38,0.26,0.95,0.71,0.72,0.53,570.0,Klebsiella,Duplodnaviria,Heunggongvirae,Uroviricota,Caudoviricetes,Autographivirales,Autoscriptoviridae,Slopekvirinae,Drulisvirus,dsDNA
Drulisvirus,1920774,1.02,0.37,2.0,1.05,1.22,,0.09,0.66,0.38,0.26,0.95,0.71,0.72,0.53,,,Duplodnaviria,Heunggongvirae,Uroviricota,Caudoviricetes,Autographivirales,Autoscriptoviridae,Slopekvirinae,Drulisvirus,dsDNA
Webervirus,1920860,1.2,0.91,3.14,2.42,3.26,1.53,0.15,1.84,1.25,0.73,0.87,0.68,0.8,0.5,548.0,Klebsiella aerogenes,Duplodnaviria,Heunggongvirae,Uroviricota,Caudoviricetes,Caudoviricetes incertae sedis,Drexlerviridae,Webervirus,Webervirus F20,dsDNA
Webervirus,1920860,1.2,0.91,3.14,2.42,3.26,1.53,0.15,1.84,1.25,0.73,0.87,0.68,0.8,0.5,573.0,Klebsiella pneumoniae,Duplodnaviria,Heunggongvirae,Uroviricota,Caudoviricetes,Caudoviricetes incertae sedis,Drexlerviridae,Webervirus,Webervirus 066039,dsDNA
Webervirus,1920860,1.2,0.91,3.14,2.42,3.26,1.53,0.15,1.84,1.25,0.73,0.87,0.68,0.8,0.5,576.0,Klebsiella sp.,Duplodnaviria,Heunggongvirae,Uroviricota,Caudoviricetes,Caudoviricetes incertae sedis,Drexlerviridae,Webervirus,Webervirus wv13,dsDNA
Webervirus,1920860,1.2,0.91,3.14,2.42,3.26,1.53,0.15,1.84,1.25,0.73,0.87,0.68,0.8,0.5,570.0,Klebsiella,Duplodnaviria,Heunggongvirae,Uroviricota,Caudoviricetes,Caudoviricetes incertae sedis,Drexlerviridae,Webervirus,Webervirus B1,dsDNA
Webervirus,1920860,1.2,0.91,3.14,2.42,3.26,1.53,0.15,1.84,1.25,0.73,0.87,0.68,0.8,0.5,1205678.0,Klebsiella pneumoniae subsp. pneumoniae CIP 52.145 = B5055,Duplodnaviria,Heunggongvirae,Uroviricota,Caudoviricetes,Caudoviricetes incertae sedis,Drexlerviridae,Webervirus,Webervirus cp1,dsDNA
Webervirus,1920860,1.2,0.91,3.14,2.42,3.26,1.53,0.15,1.84,1.25,0.73,0.87,0.68,0.8,0.5,1420013.0,Klebsiella pneumoniae 30684/NJST258_2,Duplodnaviria,Heunggongvirae,Uroviricota,Caudoviricetes,Caudoviricetes incertae sedis,Drexlerviridae,Webervirus,Webervirus cp17,dsDNA
Webervirus,1920860,1.2,0.91,3.14,2.42,3.26,1.53,0.15,1.84,1.25,0.73,0.87,0.68,0.8,0.5,72407.0,Klebsiella pneumoniae subsp. pneumoniae,Duplodnaviria,Heunggongvirae,Uroviricota,Caudoviricetes,Caudoviricetes incertae sedis,Drexlerviridae,Webervirus,Webervirus KLPN1,dsDNA
Webervirus,1920860,1.2,0.91,3.14,2.42,3.26,1.53,0.15,1.84,1.25,0.73,0.87,0.68,0.8,0.5,571.0,Klebsiella oxytoca,Duplodnaviria,Heunggongvirae,Uroviricota,Caudoviricetes,Caudoviricetes incertae sedis,Drexlerviridae,Webervirus,Webervirus KOX1,dsDNA
Webervirus,1920860,1.2,0.91,3.14,2.42,3.26,1.53,0.15,1.84,1.25,0.73,0.87,0.68,0.8,0.5,1049565.0,Klebsiella pneumoniae KCTC 2242,Duplodnaviria,Heunggongvirae,Uroviricota,Caudoviricetes,Caudoviricetes incertae sedis,Drexlerviridae,Webervirus,Webervirus KPP2020,dsDNA
Webervirus,1920860,1.2,0.91,3.14,2.42,3.26,1.53,0.15,1.84,1.25,0.73,0.87,0.68,0.8,0.5,1379687.0,Klebsiella pneumoniae subsp. pneumoniae BJ1-GA,Duplodnaviria,Heunggongvirae,Uroviricota,Caudoviricetes,Caudoviricetes incertae sedis,Drexlerviridae,Webervirus,unclassified Webervirus,dsDNA
Webervirus,1920860,1.2,0.91,3.14,2.42,3.26,1.53,0.15,1.84,1.25,0.73,0.87,0.68,0.8,0.5,507522.0,Klebsiella variicola 342,Duplodnaviria,Heunggongvirae,Uroviricota,Caudoviricetes,Caudoviricetes incertae sedis,Drexlerviridae,Webervirus,Webervirus mtp17,dsDNA
Webervirus,1920860,1.2,0.91,3.14,2.42,3.26,1.53,0.15,1.84,1.25,0.73,0.87,0.68,0.8,0.5,1379688.0,Klebsiella pneumoniae subsp. pneumoniae SA1,Duplodnaviria,Heunggongvirae,Uroviricota,Caudoviricetes,Caudoviricetes incertae sedis,Drexlerviridae,Webervirus,unclassified Webervirus,dsDNA
Webervirus,1920860,1.2,0.91,3.14,2.42,3.26,1.53,0.15,1.84,1.25,0.73,0.87,0.68,0.8,0.5,1244085.0,Klebsiella pneumoniae CG43,Duplodnaviria,Heunggongvirae,Uroviricota,Caudoviricetes,Caudoviricetes incertae sedis,Drexlerviridae,Webervirus,Webervirus mtp31,dsDNA
Webervirus,1920860,1.2,0.91,3.14,2.42,3.26,1.53,0.15,1.84,1.25,0.73,0.87,0.68,0.8,0.5,1087440.0,Klebsiella pneumoniae subsp. pneumoniae KPNIH1,Duplodnaviria,Heunggongvirae,Uroviricota,Caudoviricetes,Caudoviricetes incertae sedis,Drexlerviridae,Webervirus,Webervirus mezzogao,dsDNA
Webervirus,1920860,1.2,0.91,3.14,2.42,3.26,1.53,0.15,1.84,1.25,0.73,0.87,0.68,0.8,0.5,244366.0,Klebsiella variicola,Duplodnaviria,Heunggongvirae,Uroviricota,Caudoviricetes,Caudoviricetes incertae sedis,Drexlerviridae,Webervirus,unclassified Webervirus,dsDNA
Webervirus,1920860,1.2,0.91,3.14,2.42,3.26,1.53,0.15,1.84,1.25,0.73,0.87,0.68,0.8,0.5,484021.0,Klebsiella pneumoniae subsp. pneumoniae NTUH-K2044,Duplodnaviria,Heunggongvirae,Uroviricota,Caudoviricetes,Caudoviricetes incertae sedis,Drexlerviridae,Webervirus,unclassified Webervirus,dsDNA
Webervirus,1920860,1.2,0.91,3.14,2.42,3.26,1.53,0.15,1.84,1.25,0.73,0.87,0.68,0.8,0.5,625.0,Shigella sp.,Duplodnaviria,Heunggongvirae,Uroviricota,Caudoviricetes,Caudoviricetes incertae sedis,Drexlerviridae,Webervirus,unclassified Webervirus,dsDNA
Webervirus,1920860,1.2,0.91,3.14,2.42,3.26,1.53,0.15,1.84,1.25,0.73,0.87,0.68,0.8,0.5,40324.0,Stenotrophomonas maltophilia,Duplodnaviria,Heunggongvirae,Uroviricota,Caudoviricetes,Caudoviricetes incertae sedis,Drexlerviridae,Webervirus,Webervirus BUCT705,dsDNA
Gemykibivirus,1941236,1.74,3.05,1.05,10.59,1.56,4.53,1.91,2.66,1.52,1.24,2.72,5.8,4.42,3.14,9662.0,Meles meles,Monodnaviria,Shotokuvirae,Cressdnaviricota,Repensiviricetes,Geplafuvirales,Genomoviridae,Gemykibivirus,Gemykibivirus badas1,
Gemykibivirus,1941236,1.74,3.05,1.05,10.59,1.56,4.53,1.91,2.66,1.52,1.24,2.72,5.8,4.42,3.14,175524.0,Hipposideros larvatus,Monodnaviria,Shotokuvirae,Cressdnaviricota,Repensiviricetes,Geplafuvirales,Genomoviridae,Gemykibivirus,Gemykibivirus hipla1,
Gemykibivirus,1941236,1.74,3.05,1.05,10.59,1.56,4.53,1.91,2.66,1.52,1.24,2.72,5.8,4.42,3.14,7038.0,Bemisia tabaci,Monodnaviria,Shotokuvirae,Cressdnaviricota,Repensiviricetes,Geplafuvirales,Genomoviridae,Gemykibivirus,Gemykibivirus bemta1,
Gemykibivirus,1941236,1.74,3.05,1.05,10.59,1.56,4.53,1.91,2.66,1.52,1.24,2.72,5.8,4.42,3.14,228564.0,Petroica traversi,Monodnaviria,Shotokuvirae,Cressdnaviricota,Repensiviricetes,Geplafuvirales,Genomoviridae,Gemykibivirus,Gemykibivirus blaro1,
Gemykibivirus,1941236,1.74,3.05,1.05,10.59,1.56,4.53,1.91,2.66,1.52,1.24,2.72,5.8,4.42,3.14,9187.0,Turdus merula,Monodnaviria,Shotokuvirae,Cressdnaviricota,Repensiviricetes,Geplafuvirales,Genomoviridae,Gemykibivirus,Gemykibivirus blabi1,
Gemykibivirus,1941236,1.74,3.05,1.05,10.59,1.56,4.53,1.91,2.66,1.52,1.24,2.72,5.8,4.42,3.14,9913.0,Bos taurus,Monodnaviria,Shotokuvirae,Cressdnaviricota,Repensiviricetes,Geplafuvirales,Genomoviridae,Gemykibivirus,Gemykibivirus bovas1,
Gemykibivirus,1941236,1.74,3.05,1.05,10.59,1.56,4.53,1.91,2.66,1.52,1.24,2.72,5.8,4.42,3.14,9615.0,Canis lupus familiaris,Monodnaviria,Shotokuvirae,Cressdnaviricota,Repensiviricetes,Geplafuvirales,Genomoviridae,Gemykibivirus,Gemykibivirus canfam1,
Gemykibivirus,1941236,1.74,3.05,1.05,10.59,1.56,4.53,1.91,2.66,1.52,1.24,2.72,5.8,4.42,3.14,1.0,root,Monodnaviria,Shotokuvirae,Cressdnaviricota,Repensiviricetes,Geplafuvirales,Genomoviridae,Gemykibivirus,Gemykibivirus hydro3,
Gemykibivirus,1941236,1.74,3.05,1.05,10.59,1.56,4.53,1.91,2.66,1.52,1.24,2.72,5.8,4.42,3.14,9903.0,Bos,Monodnaviria,Shotokuvirae,Cressdnaviricota,Repensiviricetes,Geplafuvirales,Genomoviridae,Gemykibivirus,Gemykibivirus cowchi1,
Gemykibivirus,1941236,1.74,3.05,1.05,10.59,1.56,4.53,1.91,2.66,1.52,1.24,2.72,5.8,4.42,3.14,9031.0,Gallus gallus,Monodnaviria,Shotokuvirae,Cressdnaviricota,Repensiviricetes,Geplafuvirales,Genomoviridae,Gemykibivirus,Gemykibivirus galga3,
Gemykibivirus,1941236,1.74,3.05,1.05,10.59,1.56,4.53,1.91,2.66,1.52,1.24,2.72,5.8,4.42,3.14,388978.0,Cybaeus,Monodnaviria,Shotokuvirae,Cressdnaviricota,Repensiviricetes,Geplafuvirales,Genomoviridae,Gemykibivirus,Gemykibivirus cybusi1,
Gemykibivirus,1941236,1.74,3.05,1.05,10.59,1.56,4.53,1.91,2.66,1.52,1.24,2.72,5.8,4.42,3.14,451481.0,Miathyria marcella,Monodnaviria,Shotokuvirae,Cressdnaviricota,Repensiviricetes,Geplafuvirales,Genomoviridae,Gemykibivirus,Gemykibivirus draga1,
Gemykibivirus,1941236,1.74,3.05,1.05,10.59,1.56,4.53,1.91,2.66,1.52,1.24,2.72,5.8,4.42,3.14,30427.0,Haemorhous mexicanus,Monodnaviria,Shotokuvirae,Cressdnaviricota,Repensiviricetes,Geplafuvirales,Genomoviridae,Gemykibivirus,Gemykibivirus haeme5,
Gemykibivirus,1941236,1.74,3.05,1.05,10.59,1.56,4.53,1.91,2.66,1.52,1.24,2.72,5.8,4.42,3.14,9606.0,Homo sapiens,Monodnaviria,Shotokuvirae,Cressdnaviricota,Repensiviricetes,Geplafuvirales,Genomoviridae,Gemykibivirus,Gemykibivirus humas3,
Gemykibivirus,1941236,1.74,3.05,1.05,10.59,1.56,4.53,1.91,2.66,1.52,1.24,2.72,5.8,4.42,3.14,38771.0,Gopherus,Monodnaviria,Shotokuvirae,Cressdnaviricota,Repensiviricetes,Geplafuvirales,Genomoviridae,Gemykibivirus,Gemykibivirus haeme2,
Gemykibivirus,1941236,1.74,3.05,1.05,10.59,1.56,4.53,1.91,2.66,1.52,1.24,2.72,5.8,4.42,3.14,9700.0,Herpestes ichneumon,Monodnaviria,Shotokuvirae,Cressdnaviricota,Repensiviricetes,Geplafuvirales,Genomoviridae,Gemykibivirus,Gemykibivirus rhina1,
Gemykibivirus,1941236,1.74,3.05,1.05,10.59,1.56,4.53,1.91,2.66,1.52,1.24,2.72,5.8,4.42,3.14,77217.0,Pteropus tonganus,Monodnaviria,Shotokuvirae,Cressdnaviricota,Repensiviricetes,Geplafuvirales,Genomoviridae,Gemykibivirus,Gemykibivirus ptero1,
Gemykibivirus,1941236,1.74,3.05,1.05,10.59,1.56,4.53,1.91,2.66,1.52,1.24,2.72,5.8,4.42,3.14,2866903.0,Poaceae sp.,Monodnaviria,Shotokuvirae,Cressdnaviricota,Repensiviricetes,Geplafuvirales,Genomoviridae,Gemykibivirus,Gemykibivirus planta1,
Gemykibivirus,1941236,1.74,3.05,1.05,10.59,1.56,4.53,1.91,2.66,1.52,1.24,2.72,5.8,4.42,3.14,171969.0,Carnegiea gigantea,Monodnaviria,Shotokuvirae,Cressdnaviricota,Repensiviricetes,Geplafuvirales,Genomoviridae,Gemykibivirus,Gemykibivirus planta2,
Gemykibivirus,1941236,1.74,3.05,1.05,10.59,1.56,4.53,1.91,2.66,1.52,1.24,2.72,5.8,4.42,3.14,3101841.0,Cynodon sp.,Monodnaviria,Shotokuvirae,Cressdnaviricota,Repensiviricetes,Geplafuvirales,Genomoviridae,Gemykibivirus,Gemykibivirus cynas1,
Gemykibivirus,1941236,1.74,3.05,1.05,10.59,1.56,4.53,1.91,2.66,1.52,1.24,2.72,5.8,4.42,3.14,9823.0,Sus scrofa,Monodnaviria,Shotokuvirae,Cressdnaviricota,Repensiviricetes,Geplafuvirales,Genomoviridae,Gemykibivirus,Gemykibivirus anima1,
Gemykibivirus,1941236,1.74,3.05,1.05,10.59,1.56,4.53,1.91,2.66,1.52,1.24,2.72,5.8,4.42,3.14,77218.0,Rhinolophus hipposideros,Monodnaviria,Shotokuvirae,Cressdnaviricota,Repensiviricetes,Geplafuvirales,Genomoviridae,Gemykibivirus,Gemykibivirus rhina1,
Gemykibivirus,1941236,1.74,3.05,1.05,10.59,1.56,4.53,1.91,2.66,1.52,1.24,2.72,5.8,4.42,3.14,59479.0,Rhinolophus ferrumequinum,Monodnaviria,Shotokuvirae,Cressdnaviricota,Repensiviricetes,Geplafuvirales,Genomoviridae,Gemykibivirus,Gemykibivirus rhina2,
Gemykibivirus,1941236,1.74,3.05,1.05,10.59,1.56,4.53,1.91,2.66,1.52,1.24,2.72,5.8,4.42,3.14,146804.0,Echinothrips americanus,Monodnaviria,Shotokuvirae,Cressdnaviricota,Repensiviricetes,Geplafuvirales,Genomoviridae,Gemykibivirus,Gemykibivirus echi1,
Mudcatvirus,1982088,,,,,,,,,,0.06,,,,,1771959.0,[Arthrobacter] sp. ATCC 21022,Duplodnaviria,Heunggongvirae,Uroviricota,Caudoviricetes,Caudoviricetes incertae sedis,Mudcatvirus,Mudcatvirus arcadia,,dsDNA
Mudcatvirus,1982088,,,,,,,,,,0.06,,,,,1667.0,Arthrobacter sp.,Duplodnaviria,Heunggongvirae,Uroviricota,Caudoviricetes,Caudoviricetes incertae sedis,Mudcatvirus,unclassified Mudcatvirus,,dsDNA
Mudcatvirus,1982088,,,,,,,,,,0.06,,,,,1771959.0,[Arthrobacter] sp. ATCC 21022,Duplodnaviria,Heunggongvirae,Uroviricota,Caudoviricetes,Caudoviricetes incertae sedis,Mudcatvirus,Mudcatvirus cheesy,,dsDNA
Mudcatvirus,1982088,,,,,,,,,,0.06,,,,,1771959.0,[Arthrobacter] sp. ATCC 21022,Duplodnaviria,Heunggongvirae,Uroviricota,Caudoviricetes,Caudoviricetes incertae sedis,Mudcatvirus,Mudcatvirus circum,,dsDNA
Mudcatvirus,1982088,,,,,,,,,,0.06,,,,,1771959.0,[Arthrobacter] sp. ATCC 21022,Duplodnaviria,Heunggongvirae,Uroviricota,Caudoviricetes,Caudoviricetes incertae sedis,Mudcatvirus,Mudcatvirus correa,,dsDNA
Mudcatvirus,1982088,,,,,,,,,,0.06,,,,,1667.0,Arthrobacter sp.,Duplodnaviria,Heunggongvirae,Uroviricota,Caudoviricetes,Caudoviricetes incertae sedis,Mudcatvirus,Mudcatvirus dynamite,,dsDNA
Mudcatvirus,1982088,,,,,,,,,,0.06,,,,,1771959.0,[Arthrobacter] sp. ATCC 21022,Duplodnaviria,Heunggongvirae,Uroviricota,Caudoviricetes,Caudoviricetes incertae sedis,Mudcatvirus,unclassified Mudcatvirus,,dsDNA
Mudcatvirus,1982088,,,,,,,,,,0.06,,,,,1771959.0,[Arthrobacter] sp. ATCC 21022,Duplodnaviria,Heunggongvirae,Uroviricota,Caudoviricetes,Caudoviricetes incertae sedis,Mudcatvirus,Mudcatvirus heisenberger,,dsDNA
Mudcatvirus,1982088,,,,,,,,,,0.06,,,,,1667.0,Arthrobacter sp.,Duplodnaviria,Heunggongvirae,Uroviricota,Caudoviricetes,Caudoviricetes incertae sedis,Mudcatvirus,Mudcatvirus JEGGS,,dsDNA
Mudcatvirus,1982088,,,,,,,,,,0.06,,,,,1667.0,Arthrobacter sp.,Duplodnaviria,Heunggongvirae,Uroviricota,Caudoviricetes,Caudoviricetes incertae sedis,Mudcatvirus,Mudcatvirus kardesai,,dsDNA
Mudcatvirus,1982088,,,,,,,,,,0.06,,,,,1667.0,Arthrobacter sp.,Duplodnaviria,Heunggongvirae,Uroviricota,Caudoviricetes,Caudoviricetes incertae sedis,Mudcatvirus,Mudcatvirus keaneylin,,dsDNA
Mudcatvirus,1982088,,,,,,,,,,0.06,,,,,1771959.0,[Arthrobacter] sp. ATCC 21022,Duplodnaviria,Heunggongvirae,Uroviricota,Caudoviricetes,Caudoviricetes incertae sedis,Mudcatvirus,Mudcatvirus mudcat,,dsDNA
Mudcatvirus,1982088,,,,,,,,,,0.06,,,,,1771959.0,[Arthrobacter] sp. ATCC 21022,Duplodnaviria,Heunggongvirae,Uroviricota,Caudoviricetes,Caudoviricetes incertae sedis,Mudcatvirus,Mudcatvirus tribby,,dsDNA
Mudcatvirus,1982088,,,,,,,,,,0.06,,,,,1667.0,Arthrobacter sp.,Duplodnaviria,Heunggongvirae,Uroviricota,Caudoviricetes,Caudoviricetes incertae sedis,Mudcatvirus,Mudcatvirus xenomorph,,dsDNA
Gordonvirus,1982152,,,,,,,,,,,,,,0.08,1667.0,Arthrobacter sp.,Duplodnaviria,Heunggongvirae,Uroviricota,Caudoviricetes,Caudoviricetes incertae sedis,Gordonvirus,Gordonvirus breylor17,,dsDNA
Gordonvirus,1982152,,,,,,,,,,,,,,0.08,1771959.0,[Arthrobacter] sp. ATCC 21022,Duplodnaviria,Heunggongvirae,Uroviricota,Caudoviricetes,Caudoviricetes incertae sedis,Gordonvirus,Gordonvirus captnmurica,,dsDNA
Gordonvirus,1982152,,,,,,,,,,,,,,0.08,1667.0,Arthrobacter sp.,Duplodnaviria,Heunggongvirae,Uroviricota,Caudoviricetes,Caudoviricetes incertae sedis,Gordonvirus,Gordonvirus castortray,,dsDNA
Gordonvirus,1982152,,,,,,,,,,,,,,0.08,1667.0,Arthrobacter sp.,Duplodnaviria,Heunggongvirae,Uroviricota,Caudoviricetes,Caudoviricetes incertae sedis,Gordonvirus,unclassified Gordonvirus,,dsDNA
Gordonvirus,1982152,,,,,,,,,,,,,,0.08,1771959.0,[Arthrobacter] sp. ATCC 21022,Duplodnaviria,Heunggongvirae,Uroviricota,Caudoviricetes,Caudoviricetes incertae sedis,Gordonvirus,Gordonvirus darby,,dsDNA
Gordonvirus,1982152,,,,,,,,,,,,,,0.08,1667.0,Arthrobacter sp.,Duplodnaviria,Heunggongvirae,Uroviricota,Caudoviricetes,Caudoviricetes incertae sedis,Gordonvirus,Gordonvirus devitoJr,,dsDNA
Gordonvirus,1982152,,,,,,,,,,,,,,0.08,1771959.0,[Arthrobacter] sp. ATCC 21022,Duplodnaviria,Heunggongvirae,Uroviricota,Caudoviricetes,Caudoviricetes incertae sedis,Gordonvirus,unclassified Gordonvirus,,dsDNA
Gordonvirus,1982152,,,,,,,,,,,,,,0.08,1665.0,Arthrobacter globiformis,Duplodnaviria,Heunggongvirae,Uroviricota,Caudoviricetes,Caudoviricetes incertae sedis,Gordonvirus,unclassified Gordonvirus,,dsDNA
Gordonvirus,1982152,,,,,,,,,,,,,,0.08,1771959.0,[Arthrobacter] sp. ATCC 21022,Duplodnaviria,Heunggongvirae,Uroviricota,Caudoviricetes,Caudoviricetes incertae sedis,Gordonvirus,Gordonvirus gordon,,dsDNA
Gordonvirus,1982152,,,,,,,,,,,,,,0.08,1771959.0,[Arthrobacter] sp. ATCC 21022,Duplodnaviria,Heunggongvirae,Uroviricota,Caudoviricetes,Caudoviricetes incertae sedis,Gordonvirus,Gordonvirus nightmare,,dsDNA
Gordonvirus,1982152,,,,,,,,,,,,,,0.08,1771959.0,[Arthrobacter] sp. ATCC 21022,Duplodnaviria,Heunggongvirae,Uroviricota,Caudoviricetes,Caudoviricetes incertae sedis,Gordonvirus,Gordonvirus niktson,,dsDNA
Gordonvirus,1982152,,,,,,,,,,,,,,0.08,1771959.0,[Arthrobacter] sp. ATCC 21022,Duplodnaviria,Heunggongvirae,Uroviricota,Caudoviricetes,Caudoviricetes incertae sedis,Gordonvirus,Gordonvirus sciencewizsam,,dsDNA
Gordonvirus,1982152,,,,,,,,,,,,,,0.08,1667.0,Arthrobacter sp.,Duplodnaviria,Heunggongvirae,Uroviricota,Caudoviricetes,Caudoviricetes incertae sedis,Gordonvirus,Gordonvirus synepsis,,dsDNA
Gordonvirus,1982152,,,,,,,,,,,,,,0.08,1667.0,Arthrobacter sp.,Duplodnaviria,Heunggongvirae,Uroviricota,Caudoviricetes,Caudoviricetes incertae sedis,Gordonvirus,Gordonvirus tatanka,,dsDNA
Gordonvirus,1982152,,,,,,,,,,,,,,0.08,1771959.0,[Arthrobacter] sp. ATCC 21022,Duplodnaviria,Heunggongvirae,Uroviricota,Caudoviricetes,Caudoviricetes incertae sedis,Gordonvirus,Gordonvirus teacup,,dsDNA
Gordonvirus,1982152,,,,,,,,,,,,,,0.08,1667.0,Arthrobacter sp.,Duplodnaviria,Heunggongvirae,Uroviricota,Caudoviricetes,Caudoviricetes incertae sedis,Gordonvirus,Gordonvirus captnmurica,,dsDNA
Gordonvirus,1982152,,,,,,,,,,,,,,0.08,1667.0,Arthrobacter sp.,Duplodnaviria,Heunggongvirae,Uroviricota,Caudoviricetes,Caudoviricetes incertae sedis,Gordonvirus,Gordonvirus trustiboi,,dsDNA
Pepyhexavirus,1982367,,,,,,,,,,,0.23,,,0.1,1827.0,Rhodococcus,Duplodnaviria,Heunggongvirae,Uroviricota,Caudoviricetes,Caudoviricetes incertae sedis,Pepyhexavirus,Pepyhexavirus pepy6,,dsDNA
Pepyhexavirus,1982367,,,,,,,,,,,0.23,,,0.1,1256785.0,Rhodococcus sp. S2,Duplodnaviria,Heunggongvirae,Uroviricota,Caudoviricetes,Caudoviricetes incertae sedis,Pepyhexavirus,Pepyhexavirus pepy6,,dsDNA
Pepyhexavirus,1982367,,,,,,,,,,,0.23,,,0.1,1827.0,Rhodococcus,Duplodnaviria,Heunggongvirae,Uroviricota,Caudoviricetes,Caudoviricetes incertae sedis,Pepyhexavirus,Pepyhexavirus poco6,,dsDNA
Roufvirus,1982370,,,,,,,0.02,,0.12,0.12,0.11,0.19,,0.11,728059.0,Aeromonas sp. IS4,Duplodnaviria,Heunggongvirae,Uroviricota,Caudoviricetes,Caudoviricetes incertae sedis,Roufvirus,Roufvirus pIS4A,,dsDNA
Roufvirus,1982370,,,,,,,0.02,,0.12,0.12,0.11,0.19,,0.11,728064.0,Vibrio sp. YD38,Duplodnaviria,Heunggongvirae,Uroviricota,Caudoviricetes,Caudoviricetes incertae sedis,Roufvirus,Roufvirus pIS4A,,dsDNA
Johnsonvirus,1982576,,,,,,,,,,,,0.12,,,552.0,Erwinia amylovora,Duplodnaviria,Heunggongvirae,Uroviricota,Caudoviricetes,Caudoviricetes incertae sedis,Schitoviridae,Erskinevirinae,Johnsonvirus,dsDNA
Johnsonvirus,1982576,,,,,,,,,,,,0.12,,,551.0,Erwinia,Duplodnaviria,Heunggongvirae,Uroviricota,Caudoviricetes,Caudoviricetes incertae sedis,Schitoviridae,Erskinevirinae,Johnsonvirus,dsDNA
Gemygorvirus,1985366,,0.18,,,,0.89,0.03,,,,,0.21,,,1.0,root,Monodnaviria,Shotokuvirae,Cressdnaviricota,Repensiviricetes,Geplafuvirales,Genomoviridae,Gemygorvirus,Gemygorvirus hydro1,
Gemygorvirus,1985366,,0.18,,,,0.89,0.03,,,,,0.21,,,9172.0,Sturnus vulgaris,Monodnaviria,Shotokuvirae,Cressdnaviricota,Repensiviricetes,Geplafuvirales,Genomoviridae,Gemygorvirus,Gemygorvirus stara1,
Gemygorvirus,1985366,,0.18,,,,0.89,0.03,,,,,0.21,,,8839.0,Anas platyrhynchos,Monodnaviria,Shotokuvirae,Cressdnaviricota,Repensiviricetes,Geplafuvirales,Genomoviridae,Gemygorvirus,Gemygorvirus malas1,
Gemygorvirus,1985366,,0.18,,,,0.89,0.03,,,,,0.21,,,9615.0,Canis lupus familiaris,Monodnaviria,Shotokuvirae,Cressdnaviricota,Repensiviricetes,Geplafuvirales,Genomoviridae,Gemygorvirus,Gemygorvirus cania1,
Gemygorvirus,1985366,,0.18,,,,0.89,0.03,,,,,0.21,,,9606.0,Homo sapiens,Monodnaviria,Shotokuvirae,Cressdnaviricota,Repensiviricetes,Geplafuvirales,Genomoviridae,Gemygorvirus,Gemygorvirus sewopo1,
Gemygorvirus,1985366,,0.18,,,,0.89,0.03,,,,,0.21,,,77217.0,Pteropus tonganus,Monodnaviria,Shotokuvirae,Cressdnaviricota,Repensiviricetes,Geplafuvirales,Genomoviridae,Gemygorvirus,Gemygorvirus ptero1,
Gemygorvirus,1985366,,0.18,,,,0.89,0.03,,,,,0.21,,,2866903.0,Poaceae sp.,Monodnaviria,Shotokuvirae,Cressdnaviricota,Repensiviricetes,Geplafuvirales,Genomoviridae,Gemygorvirus,Gemygorvirus poaspe1,
Gemygorvirus,1985366,,0.18,,,,0.89,0.03,,,,,0.21,,,3446230.0,Opuntia sp.,Monodnaviria,Shotokuvirae,Cressdnaviricota,Repensiviricetes,Geplafuvirales,Genomoviridae,Gemygorvirus,Gemygorvirus opunt1,
Gemykrogvirus,1985367,,0.72,,0.6,,,0.05,0.16,0.13,0.06,,0.11,,,7460.0,Apis mellifera,Monodnaviria,Shotokuvirae,Cressdnaviricota,Repensiviricetes,Geplafuvirales,Genomoviridae,Gemykrogvirus,Gemykrogvirus apime1,
Gemykrogvirus,1985367,,0.72,,0.6,,,0.05,0.16,0.13,0.06,,0.11,,,9870.0,Rangifer tarandus,Monodnaviria,Shotokuvirae,Cressdnaviricota,Repensiviricetes,Geplafuvirales,Genomoviridae,Gemykrogvirus,Gemykrogvirus carib1,
Gemykrogvirus,1985367,,0.72,,0.6,,,0.05,0.16,0.13,0.06,,0.11,,,9031.0,Gallus gallus,Monodnaviria,Shotokuvirae,Cressdnaviricota,Repensiviricetes,Geplafuvirales,Genomoviridae,Gemykrogvirus,Gemykrogvirus galga5,
Gemykrogvirus,1985367,,0.72,,0.6,,,0.05,0.16,0.13,0.06,,0.11,,,9913.0,Bos taurus,Monodnaviria,Shotokuvirae,Cressdnaviricota,Repensiviricetes,Geplafuvirales,Genomoviridae,Gemykrogvirus,Gemykrogvirus bovas1,
Gemykrogvirus,1985367,,0.72,,0.6,,,0.05,0.16,0.13,0.06,,0.11,,,1.0,root,Monodnaviria,Shotokuvirae,Cressdnaviricota,Repensiviricetes,Geplafuvirales,Genomoviridae,Gemykrogvirus,Gemykrogvirus sewopo1,
Przondovirus,1985720,,0.34,1.19,0.95,0.51,,0.04,0.38,0.24,0.16,0.41,0.43,0.45,0.19,573.0,Klebsiella pneumoniae,Duplodnaviria,Heunggongvirae,Uroviricota,Caudoviricetes,Autographivirales,Autotranscriptaviridae,Studiervirinae,Przondovirus,dsDNA
Przondovirus,1985720,,0.34,1.19,0.95,0.51,,0.04,0.38,0.24,0.16,0.41,0.43,0.45,0.19,571.0,Klebsiella oxytoca,Duplodnaviria,Heunggongvirae,Uroviricota,Caudoviricetes,Autographivirales,Autotranscriptaviridae,Studiervirinae,Przondovirus,dsDNA
Przondovirus,1985720,,0.34,1.19,0.95,0.51,,0.04,0.38,0.24,0.16,0.41,0.43,0.45,0.19,1134687.0,Klebsiella michiganensis,Duplodnaviria,Heunggongvirae,Uroviricota,Caudoviricetes,Autographivirales,Autotranscriptaviridae,Studiervirinae,Przondovirus,dsDNA
Przondovirus,1985720,,0.34,1.19,0.95,0.51,,0.04,0.38,0.24,0.16,0.41,0.43,0.45,0.19,1205678.0,Klebsiella pneumoniae subsp. pneumoniae CIP 52.145 = B5055,Duplodnaviria,Heunggongvirae,Uroviricota,Caudoviricetes,Autographivirales,Autotranscriptaviridae,Studiervirinae,Przondovirus,dsDNA
Przondovirus,1985720,,0.34,1.19,0.95,0.51,,0.04,0.38,0.24,0.16,0.41,0.43,0.45,0.19,72407.0,Klebsiella pneumoniae subsp. pneumoniae,Duplodnaviria,Heunggongvirae,Uroviricota,Caudoviricetes,Autographivirales,Autotranscriptaviridae,Studiervirinae,Przondovirus,dsDNA
Przondovirus,1985720,,0.34,1.19,0.95,0.51,,0.04,0.38,0.24,0.16,0.41,0.43,0.45,0.19,570.0,Klebsiella,Duplodnaviria,Heunggongvirae,Uroviricota,Caudoviricetes,Autographivirales,Autotranscriptaviridae,Studiervirinae,Przondovirus,dsDNA
Przondovirus,1985720,,0.34,1.19,0.95,0.51,,0.04,0.38,0.24,0.16,0.41,0.43,0.45,0.19,1497796.0,Klebsiella sp. 390,Duplodnaviria,Heunggongvirae,Uroviricota,Caudoviricetes,Autographivirales,Autotranscriptaviridae,Studiervirinae,Przondovirus,dsDNA
Przondovirus,1985720,,0.34,1.19,0.95,0.51,,0.04,0.38,0.24,0.16,0.41,0.43,0.45,0.19,576.0,Klebsiella sp.,Duplodnaviria,Heunggongvirae,Uroviricota,Caudoviricetes,Autographivirales,Autotranscriptaviridae,Studiervirinae,Przondovirus,dsDNA
Przondovirus,1985720,,0.34,1.19,0.95,0.51,,0.04,0.38,0.24,0.16,0.41,0.43,0.45,0.19,1316582.0,Klebsiella pneumoniae ATCC 43816,Duplodnaviria,Heunggongvirae,Uroviricota,Caudoviricetes,Autographivirales,Autotranscriptaviridae,Studiervirinae,Przondovirus,dsDNA
Przondovirus,1985720,,0.34,1.19,0.95,0.51,,0.04,0.38,0.24,0.16,0.41,0.43,0.45,0.19,1463165.0,Klebsiella quasipneumoniae,Duplodnaviria,Heunggongvirae,Uroviricota,Caudoviricetes,Autographivirales,Autotranscriptaviridae,Studiervirinae,Przondovirus,dsDNA
Przondovirus,1985720,,0.34,1.19,0.95,0.51,,0.04,0.38,0.24,0.16,0.41,0.43,0.45,0.19,244366.0,Klebsiella variicola,Duplodnaviria,Heunggongvirae,Uroviricota,Caudoviricetes,Autographivirales,Autotranscriptaviridae,Studiervirinae,Przondovirus,dsDNA
Przondovirus,1985720,,0.34,1.19,0.95,0.51,,0.04,0.38,0.24,0.16,0.41,0.43,0.45,0.19,614.0,Serratia liquefaciens,Duplodnaviria,Heunggongvirae,Uroviricota,Caudoviricetes,Autographivirales,Autotranscriptaviridae,Studiervirinae,Przondovirus,dsDNA
Pradovirus,1985733,,0.25,0.81,1.26,0.82,,0.06,0.37,0.21,0.18,0.22,0.24,0.16,0.12,456327.0,Xanthomonas euvesicatoria,Duplodnaviria,Heunggongvirae,Uroviricota,Caudoviricetes,Autographivirales,Autonotataviridae,Gujervirinae,Pradovirus,dsDNA
Pradovirus,1985733,,0.25,0.81,1.26,0.82,,0.06,0.37,0.21,0.18,0.22,0.24,0.16,0.12,29446.0,Xanthomonas sp.,Duplodnaviria,Heunggongvirae,Uroviricota,Caudoviricetes,Autographivirales,Autonotataviridae,Gujervirinae,Pradovirus,dsDNA
Pradovirus,1985733,,0.25,0.81,1.26,0.82,,0.06,0.37,0.21,0.18,0.22,0.24,0.16,0.12,195709.0,Xanthomonas arboricola pv. juglandis,Duplodnaviria,Heunggongvirae,Uroviricota,Caudoviricetes,Autographivirales,Autonotataviridae,Gujervirinae,Pradovirus,dsDNA
Pradovirus,1985733,,0.25,0.81,1.26,0.82,,0.06,0.37,0.21,0.18,0.22,0.24,0.16,0.12,442694.0,Xanthomonas perforans,Duplodnaviria,Heunggongvirae,Uroviricota,Caudoviricetes,Autographivirales,Autonotataviridae,Gujervirinae,Pradovirus,dsDNA
Pradovirus,1985733,,0.25,0.81,1.26,0.82,,0.06,0.37,0.21,0.18,0.22,0.24,0.16,0.12,339.0,Xanthomonas campestris,Duplodnaviria,Heunggongvirae,Uroviricota,Caudoviricetes,Autographivirales,Autonotataviridae,Gujervirinae,Pradovirus,dsDNA
Pradovirus,1985733,,0.25,0.81,1.26,0.82,,0.06,0.37,0.21,0.18,0.22,0.24,0.16,0.12,64187.0,Xanthomonas oryzae pv. oryzae,Duplodnaviria,Heunggongvirae,Uroviricota,Caudoviricetes,Autographivirales,Autonotataviridae,Gujervirinae,Pradovirus,dsDNA
Pandoravirus,2060084,,,,,,,,,,0.13,0.56,,0.47,0.39,,,,,,,,,,,
Limdunavirus,2169621,,,,,,,0.02,,,0.06,,,,0.07,1243.0,Leuconostoc,Duplodnaviria,Heunggongvirae,Uroviricota,Caudoviricetes,Caudoviricetes incertae sedis,Limdunavirus,unclassified Limdunavirus,,dsDNA
Limdunavirus,2169621,,,,,,,0.02,,,0.06,,,,0.07,33968.0,Leuconostoc pseudomesenteroides,Duplodnaviria,Heunggongvirae,Uroviricota,Caudoviricetes,Caudoviricetes incertae sedis,Limdunavirus,Limdunavirus LDG,,dsDNA
Limdunavirus,2169621,,,,,,,0.02,,,0.06,,,,0.07,33966.0,Leuconostoc mesenteroides subsp. dextranicum,Duplodnaviria,Heunggongvirae,Uroviricota,Caudoviricetes,Caudoviricetes incertae sedis,Limdunavirus,Limdunavirus Lmd1,,dsDNA
Limdunavirus,2169621,,,,,,,0.02,,,0.06,,,,0.07,33968.0,Leuconostoc pseudomesenteroides,Duplodnaviria,Heunggongvirae,Uroviricota,Caudoviricetes,Caudoviricetes incertae sedis,Limdunavirus,Limdunavirus LN03,,dsDNA
Limdunavirus,2169621,,,,,,,0.02,,,0.06,,,,0.07,33968.0,Leuconostoc pseudomesenteroides,Duplodnaviria,Heunggongvirae,Uroviricota,Caudoviricetes,Caudoviricetes incertae sedis,Limdunavirus,Limdunavirus LN04,,dsDNA
Limdunavirus,2169621,,,,,,,0.02,,,0.06,,,,0.07,33968.0,Leuconostoc pseudomesenteroides,Duplodnaviria,Heunggongvirae,Uroviricota,Caudoviricetes,Caudoviricetes incertae sedis,Limdunavirus,Limdunavirus P793,,dsDNA
Limdunavirus,2169621,,,,,,,0.02,,,0.06,,,,0.07,33968.0,Leuconostoc pseudomesenteroides,Duplodnaviria,Heunggongvirae,Uroviricota,Caudoviricetes,Caudoviricetes incertae sedis,Limdunavirus,Limdunavirus P965,,dsDNA
Limdunavirus,2169621,,,,,,,0.02,,,0.06,,,,0.07,33968.0,Leuconostoc pseudomesenteroides,Duplodnaviria,Heunggongvirae,Uroviricota,Caudoviricetes,Caudoviricetes incertae sedis,Limdunavirus,Limdunavirus LN12,,dsDNA
Limdunavirus,2169621,,,,,,,0.02,,,0.06,,,,0.07,33968.0,Leuconostoc pseudomesenteroides,Duplodnaviria,Heunggongvirae,Uroviricota,Caudoviricetes,Caudoviricetes incertae sedis,Limdunavirus,Limdunavirus Lmd1,,dsDNA
Ithacavirus,2169643,,,,,,,,,,,0.18,0.14,0.22,0.09,98360.0,Salmonella enterica subsp. enterica serovar Dublin,Duplodnaviria,Heunggongvirae,Uroviricota,Caudoviricetes,Caudoviricetes incertae sedis,Schitoviridae,Humphriesvirinae,Ithacavirus,dsDNA
Ithacavirus,2169643,,,,,,,,,,,0.18,0.14,0.22,0.09,599.0,Salmonella sp.,Duplodnaviria,Heunggongvirae,Uroviricota,Caudoviricetes,Caudoviricetes incertae sedis,Schitoviridae,Humphriesvirinae,Ithacavirus,dsDNA
Ithacavirus,2169643,,,,,,,,,,,0.18,0.14,0.22,0.09,149539.0,Salmonella enterica subsp. enterica serovar Enteritidis,Duplodnaviria,Heunggongvirae,Uroviricota,Caudoviricetes,Caudoviricetes incertae sedis,Schitoviridae,Humphriesvirinae,Ithacavirus,dsDNA
Ithacavirus,2169643,,,,,,,,,,,0.18,0.14,0.22,0.09,58712.0,Salmonella enterica subsp. enterica serovar Anatum,Duplodnaviria,Heunggongvirae,Uroviricota,Caudoviricetes,Caudoviricetes incertae sedis,Schitoviridae,Humphriesvirinae,Ithacavirus,dsDNA
Ithacavirus,2169643,,,,,,,,,,,0.18,0.14,0.22,0.09,192953.0,Salmonella enterica subsp. enterica serovar Stanley,Duplodnaviria,Heunggongvirae,Uroviricota,Caudoviricetes,Caudoviricetes incertae sedis,Schitoviridae,Humphriesvirinae,Ithacavirus,dsDNA
Ithacavirus,2169643,,,,,,,,,,,0.18,0.14,0.22,0.09,623.0,Shigella flexneri,Duplodnaviria,Heunggongvirae,Uroviricota,Caudoviricetes,Caudoviricetes incertae sedis,Schitoviridae,Humphriesvirinae,Ithacavirus,dsDNA
Brunovirus,2560108,,0.18,,,,,,,,,0.15,,,,59204.0,Salmonella enterica subsp. diarizonae,Duplodnaviria,Heunggongvirae,Uroviricota,Caudoviricetes,Caudoviricetes incertae sedis,Brunovirus,Brunovirus SEN34,,dsDNA
Ceetrepovirus,2560111,,0.15,,,,,0.03,0.13,0.12,0.05,,,,,38305.0,Corynebacterium vitaeruminis,Duplodnaviria,Heunggongvirae,Uroviricota,Caudoviricetes,Caudoviricetes incertae sedis,Zierdtviridae,Toshachvirinae,Ceetrepovirus,dsDNA
Fipvunavirus,2560132,,,,,,,,,,,0.12,,,,96345.0,Flavobacterium psychrophilum,Duplodnaviria,Heunggongvirae,Uroviricota,Caudoviricetes,Caudoviricetes incertae sedis,Fipvunavirus,unclassified Fipvunavirus,,dsDNA
Fipvunavirus,2560132,,,,,,,,,,,0.12,,,,96345.0,Flavobacterium psychrophilum,Duplodnaviria,Heunggongvirae,Uroviricota,Caudoviricetes,Caudoviricetes incertae sedis,Fipvunavirus,Fipvunavirus Fpv1,,dsDNA
Fipvunavirus,2560132,,,,,,,,,,,0.12,,,,96345.0,Flavobacterium psychrophilum,Duplodnaviria,Heunggongvirae,Uroviricota,Caudoviricetes,Caudoviricetes incertae sedis,Fipvunavirus,Fipvunavirus Fpv4,,dsDNA
Gustavvirus,2560144,,,,,,,,0.18,,,0.13,,,,2055.0,Gordonia terrae,Duplodnaviria,Heunggongvirae,Uroviricota,Caudoviricetes,Caudoviricetes incertae sedis,Gustavvirus,Gustavvirus gustav,,dsDNA
Gustavvirus,2560144,,,,,,,,0.18,,,0.13,,,,2055.0,Gordonia terrae,Duplodnaviria,Heunggongvirae,Uroviricota,Caudoviricetes,Caudoviricetes incertae sedis,Gustavvirus,Gustavvirus mahdia,,dsDNA
Gustavvirus,2560144,,,,,,,,0.18,,,0.13,,,,2055.0,Gordonia terrae,Duplodnaviria,Heunggongvirae,Uroviricota,Caudoviricetes,Caudoviricetes incertae sedis,Gustavvirus,unclassified Gustavvirus,,dsDNA
Gustavvirus,2560144,,,,,,,,0.18,,,0.13,,,,37332.0,Nocardia seriolae,Duplodnaviria,Heunggongvirae,Uroviricota,Caudoviricetes,Caudoviricetes incertae sedis,Gustavvirus,unclassified Gustavvirus,,dsDNA
Locarnavirus,2560169,,,,,,,,,,,,0.39,3.58,1.47,1.0,root,Riboviria,Orthornavirae,Pisuviricota,Pisoniviricetes,Picornavirales,Marnaviridae,Locarnavirus,Locarnavirus jerichoensis,
Phimunavirus,2560202,,,,,,,,,,,0.14,,0.47,0.07,29471.0,Pectobacterium atrosepticum,Duplodnaviria,Heunggongvirae,Uroviricota,Caudoviricetes,Autographivirales,Autoscriptoviridae,Corkvirinae,Phimunavirus,dsDNA
Phimunavirus,2560202,,,,,,,,,,,0.14,,0.47,0.07,218491.0,Pectobacterium atrosepticum SCRI1043,Duplodnaviria,Heunggongvirae,Uroviricota,Caudoviricetes,Autographivirales,Autoscriptoviridae,Corkvirinae,Phimunavirus,dsDNA
Popoffvirus,2560208,,,,,,,,,,,0.15,0.14,0.48,0.08,645.0,Aeromonas salmonicida,Duplodnaviria,Heunggongvirae,Uroviricota,Caudoviricetes,Caudoviricetes incertae sedis,Popoffvirus,Popoffvirus pv56,,dsDNA
Rimavirus,2560214,,,,,,,,,,0.05,0.13,,,,1911.0,Streptomyces griseus,Duplodnaviria,Heunggongvirae,Uroviricota,Caudoviricetes,Caudoviricetes incertae sedis,Rimavirus,Rimavirus rima,,dsDNA
Rimavirus,2560214,,,,,,,,,,0.05,0.13,,,,1911.0,Streptomyces griseus,Duplodnaviria,Heunggongvirae,Uroviricota,Caudoviricetes,Caudoviricetes incertae sedis,Rimavirus,Rimavirus drgrey,,dsDNA
Rimavirus,2560214,,,,,,,,,,0.05,0.13,,,,1911.0,Streptomyces griseus,Duplodnaviria,Heunggongvirae,Uroviricota,Caudoviricetes,Caudoviricetes incertae sedis,Rimavirus,unclassified Rimavirus,,dsDNA
Rimavirus,2560214,,,,,,,,,,0.05,0.13,,,,58346.0,Streptomyces platensis,Duplodnaviria,Heunggongvirae,Uroviricota,Caudoviricetes,Caudoviricetes incertae sedis,Rimavirus,Rimavirus rima,,dsDNA
Rimavirus,2560214,,,,,,,,,,0.05,0.13,,,,68220.0,Streptomyces indigocolor,Duplodnaviria,Heunggongvirae,Uroviricota,Caudoviricetes,Caudoviricetes incertae sedis,Rimavirus,Rimavirus rima,,dsDNA
Rimavirus,2560214,,,,,,,,,,0.05,0.13,,,,67263.0,Streptomyces griseus subsp. griseus,Duplodnaviria,Heunggongvirae,Uroviricota,Caudoviricetes,Caudoviricetes incertae sedis,Rimavirus,Rimavirus rima,,dsDNA
Rimavirus,2560214,,,,,,,,,,0.05,0.13,,,,146820.0,Streptomyces stelliscabiei,Duplodnaviria,Heunggongvirae,Uroviricota,Caudoviricetes,Caudoviricetes incertae sedis,Rimavirus,unclassified Rimavirus,,dsDNA
Rimavirus,2560214,,,,,,,,,,0.05,0.13,,,,146537.0,Streptomyces azureus,Duplodnaviria,Heunggongvirae,Uroviricota,Caudoviricetes,Caudoviricetes incertae sedis,Rimavirus,Rimavirus rima,,dsDNA
Rimavirus,2560214,,,,,,,,,,0.05,0.13,,,,68239.0,Streptomyces mirabilis,Duplodnaviria,Heunggongvirae,Uroviricota,Caudoviricetes,Caudoviricetes incertae sedis,Rimavirus,unclassified Rimavirus,,dsDNA
Sanovirus,2560222,,,0.48,,,,,,,,,,,,40324.0,Stenotrophomonas maltophilia,Duplodnaviria,Heunggongvirae,Uroviricota,Caudoviricetes,Caudoviricetes incertae sedis,Casjensviridae,Sanovirus,unclassified Sanovirus,dsDNA
Sanovirus,2560222,,,0.48,,,,,,,,,,,,338.0,Xanthomonas,Duplodnaviria,Heunggongvirae,Uroviricota,Caudoviricetes,Caudoviricetes incertae sedis,Casjensviridae,Sanovirus,Sanovirus sano,dsDNA
Sanovirus,2560222,,,0.48,,,,,,,,,,,,2371.0,Xylella fastidiosa,Duplodnaviria,Heunggongvirae,Uroviricota,Caudoviricetes,Caudoviricetes incertae sedis,Casjensviridae,Sanovirus,Sanovirus sano,dsDNA
Gajwadongvirus,2731941,,0.18,,,,,,0.13,0.08,0.05,0.24,0.16,1.26,0.21,562.0,Escherichia coli,Duplodnaviria,Heunggongvirae,Uroviricota,Caudoviricetes,Autographivirales,Autographivirales incertae sedis,Gajwadongvirus,Gajwadongvirus ECBP5,dsDNA
Gajwadongvirus,2731941,,0.18,,,,,,0.13,0.08,0.05,0.24,0.16,1.26,0.21,573.0,Klebsiella pneumoniae,Duplodnaviria,Heunggongvirae,Uroviricota,Caudoviricetes,Autographivirales,Autographivirales incertae sedis,Gajwadongvirus,unclassified Gajwadongvirus,dsDNA
Gajwadongvirus,2731941,,0.18,,,,,,0.13,0.08,0.05,0.24,0.16,1.26,0.21,555.0,Pectobacterium carotovorum subsp. carotovorum,Duplodnaviria,Heunggongvirae,Uroviricota,Caudoviricetes,Autographivirales,Autographivirales incertae sedis,Gajwadongvirus,Gajwadongvirus PP99,dsDNA
Gajwadongvirus,2731941,,0.18,,,,,,0.13,0.08,0.05,0.24,0.16,1.26,0.21,286.0,Pseudomonas,Duplodnaviria,Heunggongvirae,Uroviricota,Caudoviricetes,Autographivirales,Autographivirales incertae sedis,Gajwadongvirus,Gajwadongvirus MR4,dsDNA
Apdecimavirus,2732676,0.49,,0.76,,,,,0.32,0.15,,0.24,0.33,0.47,0.13,,,,,,,,,,,
Foetvirus,2732682,,,,,,,,,,,,,0.23,,,,,,,,,,,,
Kayfunavirus,2732686,,0.17,0.76,,,,0.02,0.25,0.14,0.13,0.45,0.57,0.45,0.32,1.0,root,Duplodnaviria,Heunggongvirae,Uroviricota,Caudoviricetes,Autographivirales,Autotranscriptaviridae,Studiervirinae,Kayfunavirus,dsDNA
Kayfunavirus,2732686,,0.17,0.76,,,,0.02,0.25,0.14,0.13,0.45,0.57,0.45,0.32,287.0,Pseudomonas aeruginosa,Duplodnaviria,Heunggongvirae,Uroviricota,Caudoviricetes,Autographivirales,Autotranscriptaviridae,Studiervirinae,Kayfunavirus,dsDNA
Kayfunavirus,2732686,,0.17,0.76,,,,0.02,0.25,0.14,0.13,0.45,0.57,0.45,0.32,562.0,Escherichia coli,Duplodnaviria,Heunggongvirae,Uroviricota,Caudoviricetes,Autographivirales,Autotranscriptaviridae,Studiervirinae,Kayfunavirus,dsDNA
Kayfunavirus,2732686,,0.17,0.76,,,,0.02,0.25,0.14,0.13,0.45,0.57,0.45,0.32,670.0,Vibrio parahaemolyticus,Duplodnaviria,Heunggongvirae,Uroviricota,Caudoviricetes,Autographivirales,Autotranscriptaviridae,Studiervirinae,Kayfunavirus,dsDNA
Kayfunavirus,2732686,,0.17,0.76,,,,0.02,0.25,0.14,0.13,0.45,0.57,0.45,0.32,672.0,Vibrio vulnificus,Duplodnaviria,Heunggongvirae,Uroviricota,Caudoviricetes,Autographivirales,Autotranscriptaviridae,Studiervirinae,Kayfunavirus,dsDNA
Kayfunavirus,2732686,,0.17,0.76,,,,0.02,0.25,0.14,0.13,0.45,0.57,0.45,0.32,28901.0,Salmonella enterica,Duplodnaviria,Heunggongvirae,Uroviricota,Caudoviricetes,Autographivirales,Autotranscriptaviridae,Studiervirinae,Kayfunavirus,dsDNA
Kayfunavirus,2732686,,0.17,0.76,,,,0.02,0.25,0.14,0.13,0.45,0.57,0.45,0.32,67825.0,Citrobacter rodentium,Duplodnaviria,Heunggongvirae,Uroviricota,Caudoviricetes,Autographivirales,Autotranscriptaviridae,Studiervirinae,Kayfunavirus,dsDNA
Kayfunavirus,2732686,,0.17,0.76,,,,0.02,0.25,0.14,0.13,0.45,0.57,0.45,0.32,413502.0,Cronobacter turicensis,Duplodnaviria,Heunggongvirae,Uroviricota,Caudoviricetes,Autographivirales,Autotranscriptaviridae,Studiervirinae,Kayfunavirus,dsDNA
Kayfunavirus,2732686,,0.17,0.76,,,,0.02,0.25,0.14,0.13,0.45,0.57,0.45,0.32,1888169.0,Cronobacter sp.,Duplodnaviria,Heunggongvirae,Uroviricota,Caudoviricetes,Autographivirales,Autotranscriptaviridae,Studiervirinae,Kayfunavirus,dsDNA
Kayfunavirus,2732686,,0.17,0.76,,,,0.02,0.25,0.14,0.13,0.45,0.57,0.45,0.32,2042057.0,Pectobacterium polaris,Duplodnaviria,Heunggongvirae,Uroviricota,Caudoviricetes,Autographivirales,Autotranscriptaviridae,Studiervirinae,Kayfunavirus,dsDNA
Kayfunavirus,2732686,,0.17,0.76,,,,0.02,0.25,0.14,0.13,0.45,0.57,0.45,0.32,550.0,Enterobacter cloacae,Duplodnaviria,Heunggongvirae,Uroviricota,Caudoviricetes,Autographivirales,Autotranscriptaviridae,Studiervirinae,Kayfunavirus,dsDNA
Kayfunavirus,2732686,,0.17,0.76,,,,0.02,0.25,0.14,0.13,0.45,0.57,0.45,0.32,547.0,Enterobacter,Duplodnaviria,Heunggongvirae,Uroviricota,Caudoviricetes,Autographivirales,Autotranscriptaviridae,Studiervirinae,Kayfunavirus,dsDNA
Kayfunavirus,2732686,,0.17,0.76,,,,0.02,0.25,0.14,0.13,0.45,0.57,0.45,0.32,158836.0,Enterobacter hormaechei,Duplodnaviria,Heunggongvirae,Uroviricota,Caudoviricetes,Autographivirales,Autotranscriptaviridae,Studiervirinae,Kayfunavirus,dsDNA
Kayfunavirus,2732686,,0.17,0.76,,,,0.02,0.25,0.14,0.13,0.45,0.57,0.45,0.32,299767.0,Enterobacter ludwigii,Duplodnaviria,Heunggongvirae,Uroviricota,Caudoviricetes,Autographivirales,Autotranscriptaviridae,Studiervirinae,Kayfunavirus,dsDNA
Kayfunavirus,2732686,,0.17,0.76,,,,0.02,0.25,0.14,0.13,0.45,0.57,0.45,0.32,1351.0,Enterococcus faecalis,Duplodnaviria,Heunggongvirae,Uroviricota,Caudoviricetes,Autographivirales,Autotranscriptaviridae,Studiervirinae,Kayfunavirus,dsDNA
Kayfunavirus,2732686,,0.17,0.76,,,,0.02,0.25,0.14,0.13,0.45,0.57,0.45,0.32,561.0,Escherichia,Duplodnaviria,Heunggongvirae,Uroviricota,Caudoviricetes,Autographivirales,Autotranscriptaviridae,Studiervirinae,Kayfunavirus,dsDNA
Kayfunavirus,2732686,,0.17,0.76,,,,0.02,0.25,0.14,0.13,0.45,0.57,0.45,0.32,2170723.0,Escherichia coli O153,Duplodnaviria,Heunggongvirae,Uroviricota,Caudoviricetes,Autographivirales,Autotranscriptaviridae,Studiervirinae,Kayfunavirus,dsDNA
Kayfunavirus,2732686,,0.17,0.76,,,,0.02,0.25,0.14,0.13,0.45,0.57,0.45,0.32,1884818.0,Escherichia sp.,Duplodnaviria,Heunggongvirae,Uroviricota,Caudoviricetes,Autographivirales,Autotranscriptaviridae,Studiervirinae,Kayfunavirus,dsDNA
Kayfunavirus,2732686,,0.17,0.76,,,,0.02,0.25,0.14,0.13,0.45,0.57,0.45,0.32,866789.0,Escherichia coli DSM 30083 = JCM 1649 = ATCC 11775,Duplodnaviria,Heunggongvirae,Uroviricota,Caudoviricetes,Autographivirales,Autotranscriptaviridae,Studiervirinae,Kayfunavirus,dsDNA
Kayfunavirus,2732686,,0.17,0.76,,,,0.02,0.25,0.14,0.13,0.45,0.57,0.45,0.32,2067429.0,Escherichia coli O2,Duplodnaviria,Heunggongvirae,Uroviricota,Caudoviricetes,Autographivirales,Autotranscriptaviridae,Studiervirinae,Kayfunavirus,dsDNA
Kayfunavirus,2732686,,0.17,0.76,,,,0.02,0.25,0.14,0.13,0.45,0.57,0.45,0.32,199310.0,Escherichia coli CFT073,Duplodnaviria,Heunggongvirae,Uroviricota,Caudoviricetes,Autographivirales,Autotranscriptaviridae,Studiervirinae,Kayfunavirus,dsDNA
Kayfunavirus,2732686,,0.17,0.76,,,,0.02,0.25,0.14,0.13,0.45,0.57,0.45,0.32,1055536.0,Escherichia coli O103,Duplodnaviria,Heunggongvirae,Uroviricota,Caudoviricetes,Autographivirales,Autotranscriptaviridae,Studiervirinae,Kayfunavirus,dsDNA
Kayfunavirus,2732686,,0.17,0.76,,,,0.02,0.25,0.14,0.13,0.45,0.57,0.45,0.32,470.0,Acinetobacter baumannii,Duplodnaviria,Heunggongvirae,Uroviricota,Caudoviricetes,Autographivirales,Autotranscriptaviridae,Studiervirinae,Kayfunavirus,dsDNA
Kayfunavirus,2732686,,0.17,0.76,,,,0.02,0.25,0.14,0.13,0.45,0.57,0.45,0.32,546367.0,Hafnia paralvei,Duplodnaviria,Heunggongvirae,Uroviricota,Caudoviricetes,Autographivirales,Autotranscriptaviridae,Studiervirinae,Kayfunavirus,dsDNA
Kayfunavirus,2732686,,0.17,0.76,,,,0.02,0.25,0.14,0.13,0.45,0.57,0.45,0.32,1322345.0,Escherichia coli ATCC 25922,Duplodnaviria,Heunggongvirae,Uroviricota,Caudoviricetes,Autographivirales,Autotranscriptaviridae,Studiervirinae,Kayfunavirus,dsDNA
Kayfunavirus,2732686,,0.17,0.76,,,,0.02,0.25,0.14,0.13,0.45,0.57,0.45,0.32,208223.0,Kosakonia cowanii,Duplodnaviria,Heunggongvirae,Uroviricota,Caudoviricetes,Autographivirales,Autotranscriptaviridae,Studiervirinae,Kayfunavirus,dsDNA
Kayfunavirus,2732686,,0.17,0.76,,,,0.02,0.25,0.14,0.13,0.45,0.57,0.45,0.32,587.0,Providencia rettgeri,Duplodnaviria,Heunggongvirae,Uroviricota,Caudoviricetes,Autographivirales,Autotranscriptaviridae,Studiervirinae,Kayfunavirus,dsDNA
Kayfunavirus,2732686,,0.17,0.76,,,,0.02,0.25,0.14,0.13,0.45,0.57,0.45,0.32,54388.0,Salmonella enterica subsp. enterica serovar Paratyphi A,Duplodnaviria,Heunggongvirae,Uroviricota,Caudoviricetes,Autographivirales,Autotranscriptaviridae,Studiervirinae,Kayfunavirus,dsDNA
Kayfunavirus,2732686,,0.17,0.76,,,,0.02,0.25,0.14,0.13,0.45,0.57,0.45,0.32,57046.0,Salmonella enterica subsp. enterica serovar Paratyphi C,Duplodnaviria,Heunggongvirae,Uroviricota,Caudoviricetes,Autographivirales,Autotranscriptaviridae,Studiervirinae,Kayfunavirus,dsDNA
Kayfunavirus,2732686,,0.17,0.76,,,,0.02,0.25,0.14,0.13,0.45,0.57,0.45,0.32,57045.0,Salmonella enterica subsp. enterica serovar Paratyphi B,Duplodnaviria,Heunggongvirae,Uroviricota,Caudoviricetes,Autographivirales,Autotranscriptaviridae,Studiervirinae,Kayfunavirus,dsDNA
Kayfunavirus,2732686,,0.17,0.76,,,,0.02,0.25,0.14,0.13,0.45,0.57,0.45,0.32,1280.0,Staphylococcus aureus,Duplodnaviria,Heunggongvirae,Uroviricota,Caudoviricetes,Autographivirales,Autotranscriptaviridae,Studiervirinae,Kayfunavirus,dsDNA
Teetrevirus,2732693,,,,,,,,0.16,,,,0.12,,,543.0,Enterobacteriaceae,Duplodnaviria,Heunggongvirae,Uroviricota,Caudoviricetes,Autographivirales,Autotranscriptaviridae,Studiervirinae,Teetrevirus,dsDNA
Teetrevirus,2732693,,,,,,,,0.16,,,,0.12,,,362663.0,Escherichia coli 536,Duplodnaviria,Heunggongvirae,Uroviricota,Caudoviricetes,Autographivirales,Autotranscriptaviridae,Studiervirinae,Teetrevirus,dsDNA
Teetrevirus,2732693,,,,,,,,0.16,,,,0.12,,,679895.0,Escherichia coli BW25113,Duplodnaviria,Heunggongvirae,Uroviricota,Caudoviricetes,Autographivirales,Autotranscriptaviridae,Studiervirinae,Teetrevirus,dsDNA
Teetrevirus,2732693,,,,,,,,0.16,,,,0.12,,,1379687.0,Klebsiella pneumoniae subsp. pneumoniae BJ1-GA,Duplodnaviria,Heunggongvirae,Uroviricota,Caudoviricetes,Autographivirales,Autotranscriptaviridae,Studiervirinae,Teetrevirus,dsDNA
Teetrevirus,2732693,,,,,,,,0.16,,,,0.12,,,484021.0,Klebsiella pneumoniae subsp. pneumoniae NTUH-K2044,Duplodnaviria,Heunggongvirae,Uroviricota,Caudoviricetes,Autographivirales,Autotranscriptaviridae,Studiervirinae,Teetrevirus,dsDNA
Teetrevirus,2732693,,,,,,,,0.16,,,,0.12,,,2759708.0,Klebsiella sp. M5a1,Duplodnaviria,Heunggongvirae,Uroviricota,Caudoviricetes,Autographivirales,Autotranscriptaviridae,Studiervirinae,Teetrevirus,dsDNA
Teetrevirus,2732693,,,,,,,,0.16,,,,0.12,,,83655.0,Leclercia adecarboxylata,Duplodnaviria,Heunggongvirae,Uroviricota,Caudoviricetes,Autographivirales,Autotranscriptaviridae,Studiervirinae,Teetrevirus,dsDNA
Teetrevirus,2732693,,,,,,,,0.16,,,,0.12,,,470932.0,Pantoea deleyi,Duplodnaviria,Heunggongvirae,Uroviricota,Caudoviricetes,Autographivirales,Autotranscriptaviridae,Studiervirinae,Teetrevirus,dsDNA
Teetrevirus,2732693,,,,,,,,0.16,,,,0.12,,,615.0,Serratia marcescens,Duplodnaviria,Heunggongvirae,Uroviricota,Caudoviricetes,Autographivirales,Autotranscriptaviridae,Studiervirinae,Teetrevirus,dsDNA
Teetrevirus,2732693,,,,,,,,0.16,,,,0.12,,,623.0,Shigella flexneri,Duplodnaviria,Heunggongvirae,Uroviricota,Caudoviricetes,Autographivirales,Autotranscriptaviridae,Studiervirinae,Teetrevirus,dsDNA
Teetrevirus,2732693,,,,,,,,0.16,,,,0.12,,,630.0,Yersinia enterocolitica,Duplodnaviria,Heunggongvirae,Uroviricota,Caudoviricetes,Autographivirales,Autotranscriptaviridae,Studiervirinae,Teetrevirus,dsDNA
Kotilavirus,2732921,,,,,,,,,,,0.12,,0.25,0.07,554.0,Pectobacterium carotovorum,Duplodnaviria,Heunggongvirae,Uroviricota,Caudoviricetes,Autographivirales,Autoscriptoviridae,Corkvirinae,Kotilavirus,dsDNA
Kotilavirus,2732921,,,,,,,,,,,0.12,,0.25,0.07,555.0,Pectobacterium carotovorum subsp. carotovorum,Duplodnaviria,Heunggongvirae,Uroviricota,Caudoviricetes,Autographivirales,Autoscriptoviridae,Corkvirinae,Kotilavirus,dsDNA
Kotilavirus,2732921,,,,,,,,,,,0.12,,0.25,0.07,122277.0,Pectobacterium,Duplodnaviria,Heunggongvirae,Uroviricota,Caudoviricetes,Autographivirales,Autoscriptoviridae,Corkvirinae,Kotilavirus,dsDNA
Kotilavirus,2732921,,,,,,,,,,,0.12,,0.25,0.07,204039.0,Dickeya dianthicola,Duplodnaviria,Heunggongvirae,Uroviricota,Caudoviricetes,Autographivirales,Autoscriptoviridae,Corkvirinae,Kotilavirus,dsDNA
Stompvirus,2732922,0.45,0.19,,,,,0.02,,,,0.6,0.48,1.21,0.39,1778540.0,Dickeya fangzhongdai,Duplodnaviria,Heunggongvirae,Uroviricota,Caudoviricetes,Autographivirales,Autoscriptoviridae,Corkvirinae,Stompvirus,dsDNA
Carltongylesvirus,2732960,,,,,,,,,,,0.12,,0.19,,511145.0,Escherichia coli str. K-12 substr. MG1655,Duplodnaviria,Heunggongvirae,Uroviricota,Caudoviricetes,Caudoviricetes incertae sedis,Chaseviridae,Cleopatravirinae,Carltongylesvirus,dsDNA
Carltongylesvirus,2732960,,,,,,,,,,,0.12,,0.19,,199310.0,Escherichia coli CFT073,Duplodnaviria,Heunggongvirae,Uroviricota,Caudoviricetes,Caudoviricetes incertae sedis,Chaseviridae,Cleopatravirinae,Carltongylesvirus,dsDNA
Carltongylesvirus,2732960,,,,,,,,,,,0.12,,0.19,,2802026.0,Escherichia coli H21,Duplodnaviria,Heunggongvirae,Uroviricota,Caudoviricetes,Caudoviricetes incertae sedis,Chaseviridae,Cleopatravirinae,Carltongylesvirus,dsDNA
Carltongylesvirus,2732960,,,,,,,,,,,0.12,,0.19,,1884818.0,Escherichia sp.,Duplodnaviria,Heunggongvirae,Uroviricota,Caudoviricetes,Caudoviricetes incertae sedis,Chaseviridae,Cleopatravirinae,Carltongylesvirus,dsDNA
Carltongylesvirus,2732960,,,,,,,,,,,0.12,,0.19,,1446604.0,Escherichia coli O156:H25,Duplodnaviria,Heunggongvirae,Uroviricota,Caudoviricetes,Caudoviricetes incertae sedis,Chaseviridae,Cleopatravirinae,Carltongylesvirus,dsDNA
Carltongylesvirus,2732960,,,,,,,,,,,0.12,,0.19,,625.0,Shigella sp.,Duplodnaviria,Heunggongvirae,Uroviricota,Caudoviricetes,Caudoviricetes incertae sedis,Chaseviridae,Cleopatravirinae,Carltongylesvirus,dsDNA
Carltongylesvirus,2732960,,,,,,,,,,,0.12,,0.19,,633.0,Yersinia pseudotuberculosis,Duplodnaviria,Heunggongvirae,Uroviricota,Caudoviricetes,Caudoviricetes incertae sedis,Chaseviridae,Cleopatravirinae,Carltongylesvirus,dsDNA
Pahsextavirus,2732963,,,,,,,,,,,0.12,,,,196024.0,Aeromonas dhakensis,Duplodnaviria,Heunggongvirae,Uroviricota,Caudoviricetes,Caudoviricetes incertae sedis,Chaseviridae,Nefertitivirinae,Pahsextavirus,dsDNA
Pahsextavirus,2732963,,,,,,,,,,,0.12,,,,644.0,Aeromonas hydrophila,Duplodnaviria,Heunggongvirae,Uroviricota,Caudoviricetes,Caudoviricetes incertae sedis,Chaseviridae,Nefertitivirinae,Pahsextavirus,dsDNA
Derbicusvirus,2733102,,,,,,,0.02,,,,,0.12,,,28141.0,Cronobacter sakazakii,Duplodnaviria,Heunggongvirae,Uroviricota,Caudoviricetes,Caudoviricetes incertae sedis,Chimalliviridae,Derbicusvirus,unclassified Derbicusvirus,dsDNA
Derbicusvirus,2733102,,,,,,,0.02,,,,,0.12,,,552.0,Erwinia amylovora,Duplodnaviria,Heunggongvirae,Uroviricota,Caudoviricetes,Caudoviricetes incertae sedis,Chimalliviridae,Derbicusvirus,Derbicusvirus derbicus,dsDNA
Xuquatrovirus,2733151,,,,,,,,,,,0.14,,,0.07,562.0,Escherichia coli,Duplodnaviria,Heunggongvirae,Uroviricota,Caudoviricetes,Caudoviricetes incertae sedis,Xuquatrovirus,unclassified Xuquatrovirus,,dsDNA
Xuquatrovirus,2733151,,,,,,,,,,,0.14,,,0.07,562.0,Escherichia coli,Duplodnaviria,Heunggongvirae,Uroviricota,Caudoviricetes,Caudoviricetes incertae sedis,Xuquatrovirus,Xuquatrovirus PTXU04,,dsDNA
Bertelyvirus,2733152,,,,,,,,,,,,,0.26,0.08,190650.0,Caulobacter vibrioides CB15,Duplodnaviria,Heunggongvirae,Uroviricota,Caudoviricetes,Caudoviricetes incertae sedis,Jeanschmidtviridae,Bertelyvirus,unclassified Bertelyvirus,dsDNA
Lanavirus,2733185,,,,,,,,,,,,,0.15,,306.0,Pseudomonas sp.,Duplodnaviria,Heunggongvirae,Uroviricota,Caudoviricetes,Caudoviricetes incertae sedis,Lanavirus,Lanavirus lana,,dsDNA
Metamorphoovirus,2733195,,,,0.35,,,0.02,,,0.06,,,,0.09,199592.0,Microbacterium paraoxydans,Duplodnaviria,Heunggongvirae,Uroviricota,Caudoviricetes,Caudoviricetes incertae sedis,Hodgkinviridae,Metamorphoovirus,Metamorphoovirus ariadne,dsDNA
Pefuambidensovirus,2733227,,,,,,,0.1,0.22,0.23,0.14,0.18,,,,301905.0,Ortmanniana pectorosa,Monodnaviria,Shotokuvirae,Cossaviricota,Quintoviricetes,Piccovirales,Parvoviridae,Densovirinae,Pefuambidensovirus,
Pefuambidensovirus,2733227,,,,,,,0.1,0.22,0.23,0.14,0.18,,,,36977.0,Validiblatta fuliginosa,Monodnaviria,Shotokuvirae,Cossaviricota,Quintoviricetes,Piccovirales,Parvoviridae,Densovirinae,Pefuambidensovirus,
Protoambidensovirus,2733228,,,,,,,,,,0.06,,,,,1.0,root,Monodnaviria,Shotokuvirae,Cossaviricota,Quintoviricetes,Piccovirales,Parvoviridae,Densovirinae,Protoambidensovirus,
Protoambidensovirus,2733228,,,,,,,,,,0.06,,,,,38569.0,Culex pipiens pipiens,Monodnaviria,Shotokuvirae,Cossaviricota,Quintoviricetes,Piccovirales,Parvoviridae,Densovirinae,Protoambidensovirus,
Protoambidensovirus,2733228,,,,,,,,,,0.06,,,,,75857.0,Anas rubripes,Monodnaviria,Shotokuvirae,Cossaviricota,Quintoviricetes,Piccovirales,Parvoviridae,Densovirinae,Protoambidensovirus,
Protoambidensovirus,2733228,,,,,,,,,,0.06,,,,,7137.0,Galleria mellonella,Monodnaviria,Shotokuvirae,Cossaviricota,Quintoviricetes,Piccovirales,Parvoviridae,Densovirinae,Protoambidensovirus,
Protoambidensovirus,2733228,,,,,,,,,,0.06,,,,,7088.0,Lepidoptera,Monodnaviria,Shotokuvirae,Cossaviricota,Quintoviricetes,Piccovirales,Parvoviridae,Densovirinae,Protoambidensovirus,
Protoambidensovirus,2733228,,,,,,,,,,0.06,,,,,7109.0,Spodoptera littoralis,Monodnaviria,Shotokuvirae,Cossaviricota,Quintoviricetes,Piccovirales,Parvoviridae,Densovirinae,Protoambidensovirus,
Protoambidensovirus,2733228,,,,,,,,,,0.06,,,,,13191.0,Pectinophora gossypiella,Monodnaviria,Shotokuvirae,Cossaviricota,Quintoviricetes,Piccovirales,Parvoviridae,Densovirinae,Protoambidensovirus,
Protoambidensovirus,2733228,,,,,,,,,,0.06,,,,,29057.0,Ostrinia nubilalis,Monodnaviria,Shotokuvirae,Cossaviricota,Quintoviricetes,Piccovirales,Parvoviridae,Densovirinae,Protoambidensovirus,
Protoambidensovirus,2733228,,,,,,,,,,0.06,,,,,236803.0,Sesamia cretica,Monodnaviria,Shotokuvirae,Cossaviricota,Quintoviricetes,Piccovirales,Parvoviridae,Densovirinae,Protoambidensovirus,
Protoambidensovirus,2733228,,,,,,,,,,0.06,,,,,667449.0,Mythimna loreyi,Monodnaviria,Shotokuvirae,Cossaviricota,Quintoviricetes,Piccovirales,Parvoviridae,Densovirinae,Protoambidensovirus,
Protoambidensovirus,2733228,,,,,,,,,,0.06,,,,,689277.0,Chrysodeixis includens,Monodnaviria,Shotokuvirae,Cossaviricota,Quintoviricetes,Piccovirales,Parvoviridae,Densovirinae,Protoambidensovirus,
Hepanhamaparvovirus,2733232,,,,,,,0.22,,,,,,,,139456.0,Penaeus chinensis,Monodnaviria,Shotokuvirae,Cossaviricota,Quintoviricetes,Piccovirales,Parvoviridae,Hamaparvovirinae,Hepanhamaparvovirus,
Hepanhamaparvovirus,2733232,,,,,,,0.22,,,,,,,,6687.0,Penaeus monodon,Monodnaviria,Shotokuvirae,Cossaviricota,Quintoviricetes,Piccovirales,Parvoviridae,Hamaparvovirinae,Hepanhamaparvovirus,
Kujavirus,2841277,,,,,,,,,,,,,,0.11,127906.0,Vibrio cholerae O1,Duplodnaviria,Heunggongvirae,Uroviricota,Caudoviricetes,Pantevenvirales,Ackermannviridae,Kujavirus,Kujavirus kuja,dsDNA
Alehxovirus,2842364,,,,,,,,,,,,0.13,,0.13,1.0,root,Riboviria,Orthornavirae,Lenarviricota,Leviviricetes,Timlovirales,Steitzviridae,Alehxovirus,Alehxovirus humivicinum,+ssRNA
Ashucavirus,2842389,,0.18,,,,,,,,,,,,,1.0,root,Riboviria,Orthornavirae,Lenarviricota,Leviviricetes,Norzivirales,Fiersviridae,Ashucavirus,Ashucavirus caenicola,+ssRNA
Akonivirus,2842540,0.67,0.24,1.05,,0.88,,0.02,0.34,0.13,0.08,0.17,0.16,0.19,0.2,104336.0,Microbacterium foliorum,Duplodnaviria,Heunggongvirae,Uroviricota,Caudoviricetes,Caudoviricetes incertae sedis,Akonivirus,Akonivirus akoni,,dsDNA
Akonivirus,2842540,0.67,0.24,1.05,,0.88,,0.02,0.34,0.13,0.08,0.17,0.16,0.19,0.2,104336.0,Microbacterium foliorum,Duplodnaviria,Heunggongvirae,Uroviricota,Caudoviricetes,Caudoviricetes incertae sedis,Akonivirus,unclassified Akonivirus,,dsDNA
Akonivirus,2842540,0.67,0.24,1.05,,0.88,,0.02,0.34,0.13,0.08,0.17,0.16,0.19,0.2,104336.0,Microbacterium foliorum,Duplodnaviria,Heunggongvirae,Uroviricota,Caudoviricetes,Caudoviricetes incertae sedis,Akonivirus,Akonivirus phedro,,dsDNA
Aorunvirus,2842545,,,,,,,,,,,,,,0.1,246200.0,Ruegeria pomeroyi DSS-3,Duplodnaviria,Heunggongvirae,Uroviricota,Caudoviricetes,Caudoviricetes incertae sedis,Schitoviridae,Rhodovirinae,Aorunvirus,dsDNA
Aorunvirus,2842545,,,,,,,,,,,,,,0.1,52598.0,Sulfitobacter sp. EE-36,Duplodnaviria,Heunggongvirae,Uroviricota,Caudoviricetes,Caudoviricetes incertae sedis,Schitoviridae,Rhodovirinae,Aorunvirus,dsDNA
Cbunavirus,2842586,1.42,0.51,,,,,0.04,0.32,0.43,0.2,1.06,1.17,1.9,0.76,562.0,Escherichia coli,Duplodnaviria,Heunggongvirae,Uroviricota,Caudoviricetes,Caudoviricetes incertae sedis,Schitoviridae,Cbunavirus,unclassified Cbunavirus,dsDNA
Cbunavirus,2842586,1.42,0.51,,,,,0.04,0.32,0.43,0.2,1.06,1.17,1.9,0.76,208223.0,Kosakonia cowanii,Duplodnaviria,Heunggongvirae,Uroviricota,Caudoviricetes,Caudoviricetes incertae sedis,Schitoviridae,Cbunavirus,Cbunavirus Kc283,dsDNA
Cbunavirus,2842586,1.42,0.51,,,,,0.04,0.32,0.43,0.2,1.06,1.17,1.9,0.76,55208.0,Pectobacterium wasabiae,Duplodnaviria,Heunggongvirae,Uroviricota,Caudoviricetes,Caudoviricetes incertae sedis,Schitoviridae,Cbunavirus,Cbunavirus A41,dsDNA
Cbunavirus,2842586,1.42,0.51,,,,,0.04,0.32,0.43,0.2,1.06,1.17,1.9,0.76,29471.0,Pectobacterium atrosepticum,Duplodnaviria,Heunggongvirae,Uroviricota,Caudoviricetes,Caudoviricetes incertae sedis,Schitoviridae,Cbunavirus,unclassified Cbunavirus,dsDNA
Cbunavirus,2842586,1.42,0.51,,,,,0.04,0.32,0.43,0.2,1.06,1.17,1.9,0.76,1089444.0,Dickeya solani,Duplodnaviria,Heunggongvirae,Uroviricota,Caudoviricetes,Caudoviricetes incertae sedis,Schitoviridae,Cbunavirus,unclassified Cbunavirus,dsDNA
Chimpavirus,2842596,,,,,,,0.06,,0.08,0.05,,0.48,,0.16,1.0,root,Riboviria,Orthornavirae,Lenarviricota,Leviviricetes,Timlovirales,Blumeviridae,Chimpavirus,Chimpavirus luticola,+ssRNA
Enterogokushovirus,2842667,,,,,,,,,,0.05,,,,,83333.0,Escherichia coli K-12,Monodnaviria,Sangervirae,Phixviricota,Malgrandaviricetes,Petitvirales,Microviridae,Gokushovirinae,Enterogokushovirus,
Enterogokushovirus,2842667,,,,,,,,,,0.05,,,,,2093884.0,Escherichia sp. MOD1-EC6098,Monodnaviria,Sangervirae,Phixviricota,Malgrandaviricetes,Petitvirales,Microviridae,Gokushovirinae,Enterogokushovirus,
Gihfavirus,2842702,,,,,,,0.03,,,,,,0.14,,1.0,root,Riboviria,Orthornavirae,Lenarviricota,Leviviricetes,Timlovirales,Steitzviridae,Gihfavirus,Gihfavirus chorovivens,+ssRNA
Henunavirus,2842727,,,,,,,,,,,,,0.23,0.07,552.0,Erwinia amylovora,Duplodnaviria,Heunggongvirae,Uroviricota,Caudoviricetes,Caudoviricetes incertae sedis,Henunavirus,Henunavirus hena1,,dsDNA
Henunavirus,2842727,,,,,,,,,,,,,0.23,0.07,552.0,Erwinia amylovora,Duplodnaviria,Heunggongvirae,Uroviricota,Caudoviricetes,Caudoviricetes incertae sedis,Henunavirus,unclassified Henunavirus,,dsDNA
Henunavirus,2842727,,,,,,,,,,,,,0.23,0.07,79967.0,Erwinia pyrifoliae,Duplodnaviria,Heunggongvirae,Uroviricota,Caudoviricetes,Caudoviricetes incertae sedis,Henunavirus,Henunavirus SNUABM01,,dsDNA
Henuseptimavirus,2842728,,,,,,,,,,0.06,,,,,550.0,Enterobacter cloacae,Duplodnaviria,Heunggongvirae,Uroviricota,Caudoviricetes,Caudoviricetes incertae sedis,Drexlerviridae,Tempevirinae,Henuseptimavirus,dsDNA
Hihdivirus,2842731,,,,,,,0.02,,,,,0.19,0.18,0.16,1.0,root,Riboviria,Orthornavirae,Lenarviricota,Leviviricetes,Norzivirales,Fiersviridae,Hihdivirus,Hihdivirus caenenecus,+ssRNA
Icumivirus,2842754,,,,,,,0.03,0.16,,0.09,,,,,1.0,root,Riboviria,Orthornavirae,Lenarviricota,Leviviricetes,Norzivirales,Fiersviridae,Icumivirus,Icumivirus limivivens,+ssRNA
Inbricusvirus,2842758,,,,,,,,,,,0.15,,,0.1,663959.0,Pseudomonas syringae pv. avii,Duplodnaviria,Heunggongvirae,Uroviricota,Caudoviricetes,Caudoviricetes incertae sedis,Schitoviridae,Rothmandenesvirinae,Inbricusvirus,dsDNA
Ineyimevirus,2842759,,,,,,,,,,,,,0.64,0.84,1.0,root,Riboviria,Orthornavirae,Lenarviricota,Leviviricetes,Norzivirales,Fiersviridae,Ineyimevirus,Ineyimevirus lutihabitans,+ssRNA
Ishugivirus,2842767,,,,,,,0.03,,,,0.12,0.13,0.42,0.55,1.0,root,Riboviria,Orthornavirae,Lenarviricota,Leviviricetes,Norzivirales,Fiersviridae,Ishugivirus,Ishugivirus pelohabitans,+ssRNA
Kaypoctavirus,2842786,,,,,,,0.03,0.27,0.25,0.22,0.16,,,0.14,573.0,Klebsiella pneumoniae,Duplodnaviria,Heunggongvirae,Uroviricota,Caudoviricetes,Caudoviricetes incertae sedis,Schitoviridae,Enquatrovirinae,Kaypoctavirus,dsDNA
Kemicevirus,2842792,0.45,0.47,,,,,0.08,0.15,0.31,0.07,0.26,0.37,0.18,0.39,1.0,root,Riboviria,Orthornavirae,Lenarviricota,Leviviricetes,Norzivirales,Fiersviridae,Kemicevirus,Kemicevirus caenicola,+ssRNA
Kenoshavirus,2842796,,0.21,,,0.44,,,,,0.07,0.16,0.17,,0.12,36822.0,Gordonia rubripertincta,Duplodnaviria,Heunggongvirae,Uroviricota,Caudoviricetes,Caudoviricetes incertae sedis,Kenoshavirus,unclassified Kenoshavirus,,dsDNA
Kenoshavirus,2842796,,0.21,,,0.44,,,,,0.07,0.16,0.17,,0.12,2055.0,Gordonia terrae,Duplodnaviria,Heunggongvirae,Uroviricota,Caudoviricetes,Caudoviricetes incertae sedis,Kenoshavirus,Kenoshavirus chikenjars,,dsDNA
Kenoshavirus,2842796,,0.21,,,0.44,,,,,0.07,0.16,0.17,,0.12,36822.0,Gordonia rubripertincta,Duplodnaviria,Heunggongvirae,Uroviricota,Caudoviricetes,Caudoviricetes incertae sedis,Kenoshavirus,Kenoshavirus chikenjars,,dsDNA
Kenoshavirus,2842796,,0.21,,,0.44,,,,,0.07,0.16,0.17,,0.12,36822.0,Gordonia rubripertincta,Duplodnaviria,Heunggongvirae,Uroviricota,Caudoviricetes,Caudoviricetes incertae sedis,Kenoshavirus,Kenoshavirus crocheter,,dsDNA
Kenoshavirus,2842796,,0.21,,,0.44,,,,,0.07,0.16,0.17,,0.12,2055.0,Gordonia terrae,Duplodnaviria,Heunggongvirae,Uroviricota,Caudoviricetes,Caudoviricetes incertae sedis,Kenoshavirus,Kenoshavirus duffington,,dsDNA
Kenoshavirus,2842796,,0.21,,,0.44,,,,,0.07,0.16,0.17,,0.12,36822.0,Gordonia rubripertincta,Duplodnaviria,Heunggongvirae,Uroviricota,Caudoviricetes,Caudoviricetes incertae sedis,Kenoshavirus,Kenoshavirus kenosha,,dsDNA
Kenoshavirus,2842796,,0.21,,,0.44,,,,,0.07,0.16,0.17,,0.12,36822.0,Gordonia rubripertincta,Duplodnaviria,Heunggongvirae,Uroviricota,Caudoviricetes,Caudoviricetes incertae sedis,Kenoshavirus,Kenoshavirus untouchable,,dsDNA
Kenoshavirus,2842796,,0.21,,,0.44,,,,,0.07,0.16,0.17,,0.12,36822.0,Gordonia rubripertincta,Duplodnaviria,Heunggongvirae,Uroviricota,Caudoviricetes,Caudoviricetes incertae sedis,Kenoshavirus,Kenoshavirus ohmyward,,dsDNA
Kenoshavirus,2842796,,0.21,,,0.44,,,,,0.07,0.16,0.17,,0.12,2055.0,Gordonia terrae,Duplodnaviria,Heunggongvirae,Uroviricota,Caudoviricetes,Caudoviricetes incertae sedis,Kenoshavirus,Kenoshavirus rickmore,,dsDNA
Kenoshavirus,2842796,,0.21,,,0.44,,,,,0.07,0.16,0.17,,0.12,2055.0,Gordonia terrae,Duplodnaviria,Heunggongvirae,Uroviricota,Caudoviricetes,Caudoviricetes incertae sedis,Kenoshavirus,unclassified Kenoshavirus,,dsDNA
Kinglevirus,2842802,,,,,,,0.02,,,0.06,,0.13,0.26,,1.0,root,Riboviria,Orthornavirae,Lenarviricota,Leviviricetes,Timlovirales,Steitzviridae,Kinglevirus,Kinglevirus lutadaptatum,+ssRNA
Kohmavirus,2842807,,0.32,,,,,0.04,,,,0.15,0.62,0.39,0.24,1.0,root,Riboviria,Orthornavirae,Lenarviricota,Leviviricetes,Norzivirales,Duinviridae,Kohmavirus,Kohmavirus luticola,+ssRNA
Kowinovirus,2842810,,,,,,,0.02,,,,,,,,1.0,root,Riboviria,Orthornavirae,Lenarviricota,Leviviricetes,Norzivirales,Fiersviridae,Kowinovirus,Kowinovirus pelenecus,+ssRNA
Littlefixvirus,2842828,,,,,,,,,,,,0.75,,,294.0,Pseudomonas fluorescens,Duplodnaviria,Heunggongvirae,Uroviricota,Caudoviricetes,Caudoviricetes incertae sedis,Schitoviridae,Littlefixvirus,Littlefixvirus 98Pflur60pp,dsDNA
Littlefixvirus,2842828,,,,,,,,,,,,0.75,,,306.0,Pseudomonas sp.,Duplodnaviria,Heunggongvirae,Uroviricota,Caudoviricetes,Caudoviricetes incertae sedis,Schitoviridae,Littlefixvirus,Littlefixvirus littlefix,dsDNA
Mydovirus,2842888,,0.15,,,,,0.03,0.18,0.15,0.23,0.17,0.15,,0.18,562.0,Escherichia coli,Duplodnaviria,Heunggongvirae,Uroviricota,Caudoviricetes,Caudoviricetes incertae sedis,Mydovirus,unclassified Mydovirus,,dsDNA
Mydovirus,2842888,,0.15,,,,,0.03,0.18,0.15,0.23,0.17,0.15,,0.18,573.0,Klebsiella pneumoniae,Duplodnaviria,Heunggongvirae,Uroviricota,Caudoviricetes,Caudoviricetes incertae sedis,Mydovirus,unclassified Mydovirus,,dsDNA
Mydovirus,2842888,,0.15,,,,,0.03,0.18,0.15,0.23,0.17,0.15,,0.18,576.0,Klebsiella sp.,Duplodnaviria,Heunggongvirae,Uroviricota,Caudoviricetes,Caudoviricetes incertae sedis,Mydovirus,Mydovirus KNP2,,dsDNA
Mydovirus,2842888,,0.15,,,,,0.03,0.18,0.15,0.23,0.17,0.15,,0.18,573.0,Klebsiella pneumoniae,Duplodnaviria,Heunggongvirae,Uroviricota,Caudoviricetes,Caudoviricetes incertae sedis,Mydovirus,Mydovirus KpS8,,dsDNA
Mydovirus,2842888,,0.15,,,,,0.03,0.18,0.15,0.23,0.17,0.15,,0.18,570.0,Klebsiella,Duplodnaviria,Heunggongvirae,Uroviricota,Caudoviricetes,Caudoviricetes incertae sedis,Mydovirus,unclassified Mydovirus,,dsDNA
Mydovirus,2842888,,0.15,,,,,0.03,0.18,0.15,0.23,0.17,0.15,,0.18,573.0,Klebsiella pneumoniae,Duplodnaviria,Heunggongvirae,Uroviricota,Caudoviricetes,Caudoviricetes incertae sedis,Mydovirus,Mydovirus BIS47,,dsDNA
Mydovirus,2842888,,0.15,,,,,0.03,0.18,0.15,0.23,0.17,0.15,,0.18,573.0,Klebsiella pneumoniae,Duplodnaviria,Heunggongvirae,Uroviricota,Caudoviricetes,Caudoviricetes incertae sedis,Mydovirus,Mydovirus KB57,,dsDNA
Mydovirus,2842888,,0.15,,,,,0.03,0.18,0.15,0.23,0.17,0.15,,0.18,584.0,Proteus mirabilis,Duplodnaviria,Heunggongvirae,Uroviricota,Caudoviricetes,Caudoviricetes incertae sedis,Mydovirus,Mydovirus mydo,,dsDNA
Mydovirus,2842888,,0.15,,,,,0.03,0.18,0.15,0.23,0.17,0.15,,0.18,54291.0,Raoultella ornithinolytica,Duplodnaviria,Heunggongvirae,Uroviricota,Caudoviricetes,Caudoviricetes incertae sedis,Mydovirus,Mydovirus Ro1,,dsDNA
Nehpavirus,2842897,,,,,,,0.03,,,,0.22,0.37,0.38,0.16,1.0,root,Riboviria,Orthornavirae,Lenarviricota,Leviviricetes,Timlovirales,Blumeviridae,Nehpavirus,Nehpavirus caenenecus,+ssRNA
Paysduvirus,2842943,,,,,,,,,0.08,0.05,,,,,1.0,root,Riboviria,Orthornavirae,Lenarviricota,Leviviricetes,Norzivirales,Fiersviridae,Paysduvirus,Paysduvirus asiocola,+ssRNA
Perrunavirus,2842953,,0.21,,,,,,,,,,,,,286.0,Pseudomonas,Riboviria,Orthornavirae,Lenarviricota,Leviviricetes,Norzivirales,Fiersviridae,Perrunavirus,Perrunavirus olsenii,+ssRNA
Pylasvirus,2842993,,,,,,,,0.15,0.19,0.14,0.24,0.17,0.28,,573.0,Klebsiella pneumoniae,Duplodnaviria,Heunggongvirae,Uroviricota,Caudoviricetes,Caudoviricetes incertae sedis,Schitoviridae,Humphriesvirinae,Pylasvirus,dsDNA
Sabourvirus,2843014,,,,,,,,,,,,,0.19,0.08,,,,,,,,,,,
Sholavirus,2843039,,0.18,,,,,,,,,0.11,0.16,0.24,0.09,1.0,root,Riboviria,Orthornavirae,Lenarviricota,Leviviricetes,Norzivirales,Fiersviridae,Sholavirus,unclassified Sholavirus,+ssRNA
Teciucevirus,2843073,,,,,,,,,,,,,0.18,,1.0,root,Riboviria,Orthornavirae,Lenarviricota,Leviviricetes,Norzivirales,Fiersviridae,Teciucevirus,Teciucevirus pelohabitans,+ssRNA
Astrithrvirus,2843350,,,,,,,0.04,,0.13,0.07,0.39,0.37,0.46,0.28,469.0,Acinetobacter,Duplodnaviria,Heunggongvirae,Uroviricota,Caudoviricetes,Caudoviricetes incertae sedis,Astrithrvirus,unclassified Astrithrvirus,,dsDNA
Astrithrvirus,2843350,,,,,,,0.04,,0.13,0.07,0.39,0.37,0.46,0.28,1913084.0,Pectobacterium sp.,Duplodnaviria,Heunggongvirae,Uroviricota,Caudoviricetes,Caudoviricetes incertae sedis,Astrithrvirus,unclassified Astrithrvirus,,dsDNA
Astrithrvirus,2843350,,,,,,,0.04,,0.13,0.07,0.39,0.37,0.46,0.28,149539.0,Salmonella enterica subsp. enterica serovar Enteritidis,Duplodnaviria,Heunggongvirae,Uroviricota,Caudoviricetes,Caudoviricetes incertae sedis,Astrithrvirus,Astrithrvirus astrithr,,dsDNA
Audreyjarvisvirus,2843351,,0.28,,,,,,0.15,0.46,0.28,3.79,2.5,1.57,0.67,1358.0,Lactococcus lactis,Duplodnaviria,Heunggongvirae,Uroviricota,Caudoviricetes,Caudoviricetes incertae sedis,Audreyjarvisvirus,Audreyjarvisvirus av949,,dsDNA
Audreyjarvisvirus,2843351,,0.28,,,,,,0.15,0.46,0.28,3.79,2.5,1.57,0.67,1358.0,Lactococcus lactis,Duplodnaviria,Heunggongvirae,Uroviricota,Caudoviricetes,Caudoviricetes incertae sedis,Audreyjarvisvirus,Audreyjarvisvirus AM1,,dsDNA
Audreyjarvisvirus,2843351,,0.28,,,,,,0.15,0.46,0.28,3.79,2.5,1.57,0.67,1358.0,Lactococcus lactis,Duplodnaviria,Heunggongvirae,Uroviricota,Caudoviricetes,Caudoviricetes incertae sedis,Audreyjarvisvirus,Audreyjarvisvirus AM4,,dsDNA
Audreyjarvisvirus,2843351,,0.28,,,,,,0.15,0.46,0.28,3.79,2.5,1.57,0.67,1358.0,Lactococcus lactis,Duplodnaviria,Heunggongvirae,Uroviricota,Caudoviricetes,Caudoviricetes incertae sedis,Audreyjarvisvirus,Audreyjarvisvirus LW81,,dsDNA
Audreyjarvisvirus,2843351,,0.28,,,,,,0.15,0.46,0.28,3.79,2.5,1.57,0.67,1358.0,Lactococcus lactis,Duplodnaviria,Heunggongvirae,Uroviricota,Caudoviricetes,Caudoviricetes incertae sedis,Audreyjarvisvirus,Audreyjarvisvirus P1048,,dsDNA
Audreyjarvisvirus,2843351,,0.28,,,,,,0.15,0.46,0.28,3.79,2.5,1.57,0.67,1359.0,Lactococcus cremoris,Duplodnaviria,Heunggongvirae,Uroviricota,Caudoviricetes,Caudoviricetes incertae sedis,Audreyjarvisvirus,Audreyjarvisvirus L47,,dsDNA
Audreyjarvisvirus,2843351,,0.28,,,,,,0.15,0.46,0.28,3.79,2.5,1.57,0.67,1358.0,Lactococcus lactis,Duplodnaviria,Heunggongvirae,Uroviricota,Caudoviricetes,Caudoviricetes incertae sedis,Audreyjarvisvirus,Audreyjarvisvirus WRP3,,dsDNA
Burrovirus,2843362,2.63,1.49,3.66,2.7,3.47,1.53,0.05,1.37,0.61,0.36,1.01,0.54,0.62,0.5,104336.0,Microbacterium foliorum,Duplodnaviria,Heunggongvirae,Uroviricota,Caudoviricetes,Caudoviricetes incertae sedis,Burrovirus,Burrovirus araxxi,,dsDNA
Burrovirus,2843362,2.63,1.49,3.66,2.7,3.47,1.53,0.05,1.37,0.61,0.36,1.01,0.54,0.62,0.5,104336.0,Microbacterium foliorum,Duplodnaviria,Heunggongvirae,Uroviricota,Caudoviricetes,Caudoviricetes incertae sedis,Burrovirus,Burrovirus arete,,dsDNA
Burrovirus,2843362,2.63,1.49,3.66,2.7,3.47,1.53,0.05,1.37,0.61,0.36,1.01,0.54,0.62,0.5,199592.0,Microbacterium paraoxydans,Duplodnaviria,Heunggongvirae,Uroviricota,Caudoviricetes,Caudoviricetes incertae sedis,Burrovirus,Burrovirus burro,,dsDNA
Burrovirus,2843362,2.63,1.49,3.66,2.7,3.47,1.53,0.05,1.37,0.61,0.36,1.01,0.54,0.62,0.5,104336.0,Microbacterium foliorum,Duplodnaviria,Heunggongvirae,Uroviricota,Caudoviricetes,Caudoviricetes incertae sedis,Burrovirus,unclassified Burrovirus,,dsDNA
Klausavirus,2843401,,,,,,,,,,,,,0.14,,1667.0,Arthrobacter sp.,Duplodnaviria,Heunggongvirae,Uroviricota,Caudoviricetes,Caudoviricetes incertae sedis,Klausavirus,Klausavirus princesstrina,,dsDNA
Klausavirus,2843401,,,,,,,,,,,,,0.14,,1771959.0,[Arthrobacter] sp. ATCC 21022,Duplodnaviria,Heunggongvirae,Uroviricota,Caudoviricetes,Caudoviricetes incertae sedis,Klausavirus,Klausavirus princesstrina,,dsDNA
Klausavirus,2843401,,,,,,,,,,,,,0.14,,1771959.0,[Arthrobacter] sp. ATCC 21022,Duplodnaviria,Heunggongvirae,Uroviricota,Caudoviricetes,Caudoviricetes incertae sedis,Klausavirus,Klausavirus colucci,,dsDNA
Klausavirus,2843401,,,,,,,,,,,,,0.14,,1667.0,Arthrobacter sp.,Duplodnaviria,Heunggongvirae,Uroviricota,Caudoviricetes,Caudoviricetes incertae sedis,Klausavirus,Klausavirus dryang,,dsDNA
Klausavirus,2843401,,,,,,,,,,,,,0.14,,1771959.0,[Arthrobacter] sp. ATCC 21022,Duplodnaviria,Heunggongvirae,Uroviricota,Caudoviricetes,Caudoviricetes incertae sedis,Klausavirus,Klausavirus dryang,,dsDNA
Klausavirus,2843401,,,,,,,,,,,,,0.14,,1667.0,Arthrobacter sp.,Duplodnaviria,Heunggongvirae,Uroviricota,Caudoviricetes,Caudoviricetes incertae sedis,Klausavirus,Klausavirus kburrousTX,,dsDNA
Klausavirus,2843401,,,,,,,,,,,,,0.14,,1771959.0,[Arthrobacter] sp. ATCC 21022,Duplodnaviria,Heunggongvirae,Uroviricota,Caudoviricetes,Caudoviricetes incertae sedis,Klausavirus,Klausavirus kburrousTX,,dsDNA
Klausavirus,2843401,,,,,,,,,,,,,0.14,,1667.0,Arthrobacter sp.,Duplodnaviria,Heunggongvirae,Uroviricota,Caudoviricetes,Caudoviricetes incertae sedis,Klausavirus,Klausavirus lymara,,dsDNA
Klausavirus,2843401,,,,,,,,,,,,,0.14,,1771959.0,[Arthrobacter] sp. ATCC 21022,Duplodnaviria,Heunggongvirae,Uroviricota,Caudoviricetes,Caudoviricetes incertae sedis,Klausavirus,Klausavirus lymara,,dsDNA
Klausavirus,2843401,,,,,,,,,,,,,0.14,,1667.0,Arthrobacter sp.,Duplodnaviria,Heunggongvirae,Uroviricota,Caudoviricetes,Caudoviricetes incertae sedis,Klausavirus,Klausavirus ArV1,,dsDNA
Lastavirus,2843414,,,,,,,,,,,,,0.15,,573.0,Klebsiella pneumoniae,Duplodnaviria,Heunggongvirae,Uroviricota,Caudoviricetes,Caudoviricetes incertae sedis,Lastavirus,Lastavirus lasta,,dsDNA
Lastavirus,2843414,,,,,,,,,,,,,0.15,,573.0,Klebsiella pneumoniae,Duplodnaviria,Heunggongvirae,Uroviricota,Caudoviricetes,Caudoviricetes incertae sedis,Lastavirus,Lastavirus sopranogao,,dsDNA
Lastavirus,2843414,,,,,,,,,,,,,0.15,,576.0,Klebsiella sp.,Duplodnaviria,Heunggongvirae,Uroviricota,Caudoviricetes,Caudoviricetes incertae sedis,Lastavirus,unclassified Lastavirus,,dsDNA
Lillamyvirus,2843418,,,,,,,,,,,,,0.16,0.1,2654243.0,Flavobacterium sp. LMO6,Duplodnaviria,Heunggongvirae,Uroviricota,Caudoviricetes,Caudoviricetes incertae sedis,Lillamyvirus,Lillamyvirus hemulen,,dsDNA
Lillamyvirus,2843418,,,,,,,,,,,,,0.16,0.1,2654245.0,Flavobacterium sp. LMO9,Duplodnaviria,Heunggongvirae,Uroviricota,Caudoviricetes,Caudoviricetes incertae sedis,Lillamyvirus,unclassified Lillamyvirus,,dsDNA
Lillamyvirus,2843418,,,,,,,,,,,,,0.16,0.1,2654245.0,Flavobacterium sp. LMO9,Duplodnaviria,Heunggongvirae,Uroviricota,Caudoviricetes,Caudoviricetes incertae sedis,Lillamyvirus,Lillamyvirus lillamy,,dsDNA
Lillamyvirus,2843418,,,,,,,,,,,,,0.16,0.1,2654245.0,Flavobacterium sp. LMO9,Duplodnaviria,Heunggongvirae,Uroviricota,Caudoviricetes,Caudoviricetes incertae sedis,Lillamyvirus,Lillamyvirus morran,,dsDNA
Lillamyvirus,2843418,,,,,,,,,,,,,0.16,0.1,2654245.0,Flavobacterium sp. LMO9,Duplodnaviria,Heunggongvirae,Uroviricota,Caudoviricetes,Caudoviricetes incertae sedis,Lillamyvirus,Lillamyvirus sniff,,dsDNA
Lillamyvirus,2843418,,,,,,,,,,,,,0.16,0.1,2654243.0,Flavobacterium sp. LMO6,Duplodnaviria,Heunggongvirae,Uroviricota,Caudoviricetes,Caudoviricetes incertae sedis,Lillamyvirus,Lillamyvirus snork,,dsDNA
Lillamyvirus,2843418,,,,,,,,,,,,,0.16,0.1,2654243.0,Flavobacterium sp. LMO6,Duplodnaviria,Heunggongvirae,Uroviricota,Caudoviricetes,Caudoviricetes incertae sedis,Lillamyvirus,Lillamyvirus sniff,,dsDNA
Lillamyvirus,2843418,,,,,,,,,,,,,0.16,0.1,2654245.0,Flavobacterium sp. LMO9,Duplodnaviria,Heunggongvirae,Uroviricota,Caudoviricetes,Caudoviricetes incertae sedis,Lillamyvirus,Lillamyvirus stinky,,dsDNA
Muminvirus,2843426,,,,,,,,,,0.26,0.5,0.57,0.53,0.44,2654245.0,Flavobacterium sp. LMO9,Duplodnaviria,Heunggongvirae,Uroviricota,Caudoviricetes,Caudoviricetes incertae sedis,Muminvirus,Muminvirus filifjonk,,dsDNA
Muminvirus,2843426,,,,,,,,,,0.26,0.5,0.57,0.53,0.44,2654243.0,Flavobacterium sp. LMO6,Duplodnaviria,Heunggongvirae,Uroviricota,Caudoviricetes,Caudoviricetes incertae sedis,Muminvirus,Muminvirus mumin,,dsDNA
Muminvirus,2843426,,,,,,,,,,0.26,0.5,0.57,0.53,0.44,2654245.0,Flavobacterium sp. LMO9,Duplodnaviria,Heunggongvirae,Uroviricota,Caudoviricetes,Caudoviricetes incertae sedis,Muminvirus,Muminvirus mumin,,dsDNA
Muminvirus,2843426,,,,,,,,,,0.26,0.5,0.57,0.53,0.44,2654243.0,Flavobacterium sp. LMO6,Duplodnaviria,Heunggongvirae,Uroviricota,Caudoviricetes,Caudoviricetes incertae sedis,Muminvirus,Muminvirus mymlan,,dsDNA
Muminvirus,2843426,,,,,,,,,,0.26,0.5,0.57,0.53,0.44,2654243.0,Flavobacterium sp. LMO6,Duplodnaviria,Heunggongvirae,Uroviricota,Caudoviricetes,Caudoviricetes incertae sedis,Muminvirus,Muminvirus snusmum,,dsDNA
Muminvirus,2843426,,,,,,,,,,0.26,0.5,0.57,0.53,0.44,2654245.0,Flavobacterium sp. LMO9,Duplodnaviria,Heunggongvirae,Uroviricota,Caudoviricetes,Caudoviricetes incertae sedis,Muminvirus,unclassified Muminvirus,,dsDNA
Muminvirus,2843426,,,,,,,,,,0.26,0.5,0.57,0.53,0.44,2654243.0,Flavobacterium sp. LMO6,Duplodnaviria,Heunggongvirae,Uroviricota,Caudoviricetes,Caudoviricetes incertae sedis,Muminvirus,Muminvirus tooticki,,dsDNA
Muminvirus,2843426,,,,,,,,,,0.26,0.5,0.57,0.53,0.44,2654245.0,Flavobacterium sp. LMO9,Duplodnaviria,Heunggongvirae,Uroviricota,Caudoviricetes,Caudoviricetes incertae sedis,Muminvirus,Muminvirus tooticki,,dsDNA
Plateaulakevirus,2843436,,,,,,,,,,,0.13,,0.2,,196023.0,Aeromonas hydrophila subsp. hydrophila,Duplodnaviria,Heunggongvirae,Uroviricota,Caudoviricetes,Caudoviricetes incertae sedis,Plateaulakevirus,Plateaulakevirus pv2L372D,,dsDNA
Plateaulakevirus,2843436,,,,,,,,,,,0.13,,0.2,,196023.0,Aeromonas hydrophila subsp. hydrophila,Duplodnaviria,Heunggongvirae,Uroviricota,Caudoviricetes,Caudoviricetes incertae sedis,Plateaulakevirus,Plateaulakevirus pv2L372X,,dsDNA
Plateaulakevirus,2843436,,,,,,,,,,,0.13,,0.2,,196023.0,Aeromonas hydrophila subsp. hydrophila,Duplodnaviria,Heunggongvirae,Uroviricota,Caudoviricetes,Caudoviricetes incertae sedis,Plateaulakevirus,Plateaulakevirus pv4L372D,,dsDNA
Plateaulakevirus,2843436,,,,,,,,,,,0.13,,0.2,,196023.0,Aeromonas hydrophila subsp. hydrophila,Duplodnaviria,Heunggongvirae,Uroviricota,Caudoviricetes,Caudoviricetes incertae sedis,Plateaulakevirus,Plateaulakevirus pv4L372XY,,dsDNA
Plateaulakevirus,2843436,,,,,,,,,,,0.13,,0.2,,647.0,Aeromonas sp.,Duplodnaviria,Heunggongvirae,Uroviricota,Caudoviricetes,Caudoviricetes incertae sedis,Plateaulakevirus,unclassified Plateaulakevirus,,dsDNA
Plateaulakevirus,2843436,,,,,,,,,,,0.13,,0.2,,648.0,Aeromonas caviae,Duplodnaviria,Heunggongvirae,Uroviricota,Caudoviricetes,Caudoviricetes incertae sedis,Plateaulakevirus,unclassified Plateaulakevirus,,dsDNA
Plateaulakevirus,2843436,,,,,,,,,,,0.13,,0.2,,196024.0,Aeromonas dhakensis,Duplodnaviria,Heunggongvirae,Uroviricota,Caudoviricetes,Caudoviricetes incertae sedis,Plateaulakevirus,unclassified Plateaulakevirus,,dsDNA
Questintvirus,2843441,,,,,,,,,,,0.18,,,,1358.0,Lactococcus lactis,Duplodnaviria,Heunggongvirae,Uroviricota,Caudoviricetes,Caudoviricetes incertae sedis,Questintvirus,unclassified Questintvirus,,dsDNA
Questintvirus,2843441,,,,,,,,,,,0.18,,,,1358.0,Lactococcus lactis,Duplodnaviria,Heunggongvirae,Uroviricota,Caudoviricetes,Caudoviricetes incertae sedis,Questintvirus,Questintvirus Q54,,dsDNA
Takahashivirus,2843463,,,,,,,,,,0.05,,,,,224308.0,Bacillus subtilis subsp. subtilis str. 168,Duplodnaviria,Heunggongvirae,Uroviricota,Caudoviricetes,Caudoviricetes incertae sedis,Takahashivirus,Takahashivirus PBS1,,dsDNA
Takahashivirus,2843463,,,,,,,,,,0.05,,,,,1423.0,Bacillus subtilis,Duplodnaviria,Heunggongvirae,Uroviricota,Caudoviricetes,Caudoviricetes incertae sedis,Takahashivirus,Takahashivirus PBS1,,dsDNA
Takahashivirus,2843463,,,,,,,,,,0.05,,,,,1408.0,Bacillus pumilus,Duplodnaviria,Heunggongvirae,Uroviricota,Caudoviricetes,Caudoviricetes incertae sedis,Takahashivirus,unclassified Takahashivirus,,dsDNA
Takahashivirus,2843463,,,,,,,,,,0.05,,,,,1386.0,Bacillus,Duplodnaviria,Heunggongvirae,Uroviricota,Caudoviricetes,Caudoviricetes incertae sedis,Takahashivirus,unclassified Takahashivirus,,dsDNA
Takahashivirus,2843463,,,,,,,,,,0.05,,,,,1423.0,Bacillus subtilis,Duplodnaviria,Heunggongvirae,Uroviricota,Caudoviricetes,Caudoviricetes incertae sedis,Takahashivirus,unclassified Takahashivirus,,dsDNA
Yonseivirus,2843478,0.45,0.31,1.9,0.6,0.78,,0.04,0.43,0.21,0.26,0.18,0.16,0.15,0.13,573.0,Klebsiella pneumoniae,Duplodnaviria,Heunggongvirae,Uroviricota,Caudoviricetes,Caudoviricetes incertae sedis,Casjensviridae,Yonseivirus,Yonseivirus N137,dsDNA
Kahnovirus,2942979,0.67,0.22,0.62,,0.41,,0.03,0.3,0.57,0.42,0.39,0.34,0.42,0.42,,,,,,,,,,,
Kehishuvirus,2942980,2.18,1.27,1.57,1.43,1.99,0.76,0.26,1.56,1.9,2.29,3.53,3.13,2.24,3.15,329854.0,Bacteroides intestinalis,Duplodnaviria,Heunggongvirae,Uroviricota,Caudoviricetes,Crassvirales,Steigviridae,Asinivirinae,Kehishuvirus,dsDNA
Kehishuvirus,2942980,2.18,1.27,1.57,1.43,1.99,0.76,0.26,1.56,1.9,2.29,3.53,3.13,2.24,3.15,246787.0,Bacteroides cellulosilyticus,Duplodnaviria,Heunggongvirae,Uroviricota,Caudoviricetes,Crassvirales,Steigviridae,Asinivirinae,Kehishuvirus,dsDNA
Paundivirus,2942981,,,,,,,,,0.1,0.05,,,,0.1,1.0,root,Duplodnaviria,Heunggongvirae,Uroviricota,Caudoviricetes,Crassvirales,Steigviridae,Asinivirinae,Paundivirus,dsDNA
Wulfhauvirus,2942982,,,,,,,,,,0.06,,,,0.07,226186.0,Bacteroides thetaiotaomicron VPI-5482,Duplodnaviria,Heunggongvirae,Uroviricota,Caudoviricetes,Crassvirales,Steigviridae,Asinivirinae,Wulfhauvirus,dsDNA
Afonbuvirus,2942989,,0.32,0.48,0.39,0.61,,0.04,0.23,0.39,0.52,0.78,0.93,0.79,0.81,1.0,root,Duplodnaviria,Heunggongvirae,Uroviricota,Caudoviricetes,Crassvirales,Suoliviridae,Bearivirinae,Afonbuvirus,dsDNA
Canhaevirus,2942990,,,,,,,0.02,,0.12,0.14,0.23,0.12,0.19,0.1,1.0,root,Duplodnaviria,Heunggongvirae,Uroviricota,Caudoviricetes,Crassvirales,Suoliviridae,Boorivirinae,Canhaevirus,dsDNA
Cohcovirus,2942991,,,,,,,0.02,,0.15,0.13,0.25,0.25,0.19,0.24,,,,,,,,,,,
Culoivirus,2942992,,,,,,,,,,0.05,0.12,,,,818.0,Bacteroides thetaiotaomicron,Duplodnaviria,Heunggongvirae,Uroviricota,Caudoviricetes,Crassvirales,Suoliviridae,Boorivirinae,Culoivirus,dsDNA
Culoivirus,2942992,,,,,,,,,,0.05,0.12,,,,976.0,Bacteroidota,Duplodnaviria,Heunggongvirae,Uroviricota,Caudoviricetes,Crassvirales,Suoliviridae,Boorivirinae,Culoivirus,dsDNA
Culoivirus,2942992,,,,,,,,,,0.05,0.12,,,,76594.0,Cellulophaga baltica,Duplodnaviria,Heunggongvirae,Uroviricota,Caudoviricetes,Crassvirales,Suoliviridae,Boorivirinae,Culoivirus,dsDNA
Culoivirus,2942992,,,,,,,,,,0.05,0.12,,,,329854.0,Bacteroides intestinalis,Duplodnaviria,Heunggongvirae,Uroviricota,Caudoviricetes,Crassvirales,Suoliviridae,Boorivirinae,Culoivirus,dsDNA
Culoivirus,2942992,,,,,,,,,,0.05,0.12,,,,371601.0,Bacteroides xylanisolvens,Duplodnaviria,Heunggongvirae,Uroviricota,Caudoviricetes,Crassvirales,Suoliviridae,Boorivirinae,Culoivirus,dsDNA
Blohavirus,2942993,,0.25,,,,,0.03,0.26,0.29,0.2,0.57,0.43,0.41,0.36,,,,,,,,,,,
Buchavirus,2942994,,,0.48,,0.44,,0.04,0.18,0.38,0.24,0.61,0.48,0.48,0.55,1.0,root,Duplodnaviria,Heunggongvirae,Uroviricota,Caudoviricetes,Crassvirales,Suoliviridae,Loutivirinae,Buchavirus,dsDNA
Salvovirus,2943016,1.96,1.49,4.95,2.98,2.99,1.91,0.08,1.17,0.59,0.35,0.32,0.36,0.22,0.35,33013.0,Clavibacter michiganensis subsp. michiganensis,Duplodnaviria,Heunggongvirae,Uroviricota,Caudoviricetes,Caudoviricetes incertae sedis,Casjensviridae,Salvovirus,unclassified Salvovirus,dsDNA
Salvovirus,2943016,1.96,1.49,4.95,2.98,2.99,1.91,0.08,1.17,0.59,0.35,0.32,0.36,0.22,0.35,314565.0,Xanthomonas campestris pv. campestris str. 8004,Duplodnaviria,Heunggongvirae,Uroviricota,Caudoviricetes,Caudoviricetes incertae sedis,Casjensviridae,Salvovirus,unclassified Salvovirus,dsDNA
Salvovirus,2943016,1.96,1.49,4.95,2.98,2.99,1.91,0.08,1.17,0.59,0.35,0.32,0.36,0.22,0.35,338.0,Xanthomonas,Duplodnaviria,Heunggongvirae,Uroviricota,Caudoviricetes,Caudoviricetes incertae sedis,Casjensviridae,Salvovirus,unclassified Salvovirus,dsDNA
Salvovirus,2943016,1.96,1.49,4.95,2.98,2.99,1.91,0.08,1.17,0.59,0.35,0.32,0.36,0.22,0.35,2371.0,Xylella fastidiosa,Duplodnaviria,Heunggongvirae,Uroviricota,Caudoviricetes,Caudoviricetes incertae sedis,Casjensviridae,Salvovirus,Salvovirus salvo,dsDNA
Sharonstreetvirus,2943019,0.45,,,,0.48,,,,0.11,0.06,0.11,,,0.11,644.0,Aeromonas hydrophila,Duplodnaviria,Heunggongvirae,Uroviricota,Caudoviricetes,Caudoviricetes incertae sedis,Casjensviridae,Sharonstreetvirus,unclassified Sharonstreetvirus,dsDNA
Sharonstreetvirus,2943019,0.45,,,,0.48,,,,0.11,0.06,0.11,,,0.11,654.0,Aeromonas veronii,Duplodnaviria,Heunggongvirae,Uroviricota,Caudoviricetes,Caudoviricetes incertae sedis,Casjensviridae,Sharonstreetvirus,Sharonstreetvirus BUCT551,dsDNA
Sharonstreetvirus,2943019,0.45,,,,0.48,,,,0.11,0.06,0.11,,,0.11,647.0,Aeromonas sp.,Duplodnaviria,Heunggongvirae,Uroviricota,Caudoviricetes,Caudoviricetes incertae sedis,Casjensviridae,Sharonstreetvirus,Sharonstreetvirus xiamensis,dsDNA
Swiduovirus,2944849,,,,,,,0.02,,,0.06,,,,,561.0,Escherichia,Duplodnaviria,Heunggongvirae,Uroviricota,Caudoviricetes,Caudoviricetes incertae sedis,Swiduovirus,Swiduovirus swi2,,dsDNA
Swiduovirus,2944849,,,,,,,0.02,,,0.06,,,,,54388.0,Salmonella enterica subsp. enterica serovar Paratyphi A,Duplodnaviria,Heunggongvirae,Uroviricota,Caudoviricetes,Caudoviricetes incertae sedis,Swiduovirus,unclassified Swiduovirus,,dsDNA
Aurodevirus,2946811,0.89,0.34,,0.46,0.54,,0.04,0.35,0.33,0.54,0.95,0.79,0.75,0.82,1.0,root,Duplodnaviria,Heunggongvirae,Uroviricota,Caudoviricetes,Crassvirales,Suoliviridae,Uncouvirinae,Aurodevirus,dsDNA
Besingivirus,2946821,,,,,,,,,,,0.16,,,0.07,,,,,,,,,,,
Birpovirus,2946830,,,,,0.37,,,,0.15,0.14,0.26,0.2,0.26,0.22,,,,,,,,,,,
Bohxovirus,2946832,,,,,,,,,0.09,0.06,,,,0.08,,,Duplodnaviria,Heunggongvirae,Uroviricota,Caudoviricetes,Crassvirales,Suoliviridae,Oafivirinae,Bohxovirus,dsDNA
Buhlduvirus,2948643,,,,,,,,,,,,,,0.1,,,,,,,,,,,
Buorbuivirus,2948644,,,,,,,0.02,0.18,0.23,0.21,0.35,0.23,0.29,0.34,,,,,,,,,,,
Burzaovirus,2948645,1.2,0.99,1.71,0.84,1.77,0.76,0.06,1.0,1.28,1.16,2.67,2.4,2.29,1.81,1.0,root,Duplodnaviria,Heunggongvirae,Uroviricota,Caudoviricetes,Crassvirales,Suoliviridae,Oafivirinae,Burzaovirus,dsDNA
Carjivirus,2948652,0.71,0.51,1.81,1.09,1.97,1.21,0.04,0.46,0.73,0.89,1.57,1.67,1.44,1.09,1869227.0,bacterium,Duplodnaviria,Heunggongvirae,Uroviricota,Caudoviricetes,Crassvirales,Intestiviridae,Crudevirinae,Carjivirus,dsDNA
Carjivirus,2948652,0.71,0.51,1.81,1.09,1.97,1.21,0.04,0.46,0.73,0.89,1.57,1.67,1.44,1.09,1.0,root,Duplodnaviria,Heunggongvirae,Uroviricota,Caudoviricetes,Crassvirales,Intestiviridae,Crudevirinae,Carjivirus,dsDNA
Carjivirus,2948652,0.71,0.51,1.81,1.09,1.97,1.21,0.04,0.46,0.73,0.89,1.57,1.67,1.44,1.09,976.0,Bacteroidota,Duplodnaviria,Heunggongvirae,Uroviricota,Caudoviricetes,Crassvirales,Intestiviridae,Crudevirinae,Carjivirus,dsDNA
Carjivirus,2948652,0.71,0.51,1.81,1.09,1.97,1.21,0.04,0.46,0.73,0.89,1.57,1.67,1.44,1.09,9606.0,Homo sapiens,Duplodnaviria,Heunggongvirae,Uroviricota,Caudoviricetes,Crassvirales,Intestiviridae,Crudevirinae,Carjivirus,dsDNA
Chuhaivirus,2948663,,,,,,,,,,0.05,,0.15,,,,,,,,,,,,,
Deseoctovirus,2948678,,,,,,,0.02,0.17,,0.1,0.13,,0.14,0.13,562.0,Escherichia coli,Duplodnaviria,Heunggongvirae,Uroviricota,Caudoviricetes,Caudoviricetes incertae sedis,Deseoctovirus,Deseoctovirus C1,,dsDNA
Deseoctovirus,2948678,,,,,,,0.02,0.17,,0.1,0.13,,0.14,0.13,562.0,Escherichia coli,Duplodnaviria,Heunggongvirae,Uroviricota,Caudoviricetes,Caudoviricetes incertae sedis,Deseoctovirus,unclassified Deseoctovirus,,dsDNA
Deseoctovirus,2948678,,,,,,,0.02,0.17,,0.1,0.13,,0.14,0.13,623.0,Shigella flexneri,Duplodnaviria,Heunggongvirae,Uroviricota,Caudoviricetes,Caudoviricetes incertae sedis,Deseoctovirus,Deseoctovirus DS8,,dsDNA
Drivevirus,2948684,,,,,,,,,,0.06,,,0.14,0.12,,,,,,,,,,,
Efbeekayvirus,2948690,3.83,1.31,1.24,0.74,1.97,0.7,0.28,1.89,2.56,1.26,3.5,3.81,3.74,1.73,558.0,Erwinia sp.,Duplodnaviria,Heunggongvirae,Uroviricota,Caudoviricetes,Caudoviricetes incertae sedis,Schitoviridae,Efbeekayvirus,unclassified Efbeekayvirus,dsDNA
Efbeekayvirus,2948690,3.83,1.31,1.24,0.74,1.97,0.7,0.28,1.89,2.56,1.26,3.5,3.81,3.74,1.73,1420013.0,Klebsiella pneumoniae 30684/NJST258_2,Duplodnaviria,Heunggongvirae,Uroviricota,Caudoviricetes,Caudoviricetes incertae sedis,Schitoviridae,Efbeekayvirus,unclassified Efbeekayvirus,dsDNA
Efbeekayvirus,2948690,3.83,1.31,1.24,0.74,1.97,0.7,0.28,1.89,2.56,1.26,3.5,3.81,3.74,1.73,576.0,Klebsiella sp.,Duplodnaviria,Heunggongvirae,Uroviricota,Caudoviricetes,Caudoviricetes incertae sedis,Schitoviridae,Efbeekayvirus,unclassified Efbeekayvirus,dsDNA
Efbeekayvirus,2948690,3.83,1.31,1.24,0.74,1.97,0.7,0.28,1.89,2.56,1.26,3.5,3.81,3.74,1.73,573.0,Klebsiella pneumoniae,Duplodnaviria,Heunggongvirae,Uroviricota,Caudoviricetes,Caudoviricetes incertae sedis,Schitoviridae,Efbeekayvirus,unclassified Efbeekayvirus,dsDNA
Efbeekayvirus,2948690,3.83,1.31,1.24,0.74,1.97,0.7,0.28,1.89,2.56,1.26,3.5,3.81,3.74,1.73,570.0,Klebsiella,Duplodnaviria,Heunggongvirae,Uroviricota,Caudoviricetes,Caudoviricetes incertae sedis,Schitoviridae,Efbeekayvirus,unclassified Efbeekayvirus,dsDNA
Endlipuvirus,2948697,,,,,,,,,,,,,,0.07,,,,,,,,,,,
Exceevirus,2948704,,,,,,,,,,0.06,,,,,470.0,Acinetobacter baumannii,Duplodnaviria,Heunggongvirae,Uroviricota,Caudoviricetes,Caudoviricetes incertae sedis,Schitoviridae,Exceevirus,Exceevirus Xc38,dsDNA
Exceevirus,2948704,,,,,,,,,,0.06,,,,,48296.0,Acinetobacter pittii,Duplodnaviria,Heunggongvirae,Uroviricota,Caudoviricetes,Caudoviricetes incertae sedis,Schitoviridae,Exceevirus,Exceevirus Xc38,dsDNA
Jahgtovirus,2948767,,,,,,,,0.16,0.19,0.18,0.3,0.34,0.38,0.21,371601.0,Bacteroides xylanisolvens,Duplodnaviria,Heunggongvirae,Uroviricota,Caudoviricetes,Crassvirales,Intestiviridae,Churivirinae,Jahgtovirus,dsDNA
Jahgtovirus,2948767,,,,,,,,0.16,0.19,0.18,0.3,0.34,0.38,0.21,1.0,root,Duplodnaviria,Heunggongvirae,Uroviricota,Caudoviricetes,Crassvirales,Intestiviridae,Churivirinae,Jahgtovirus,dsDNA
Jahgtovirus,2948767,,,,,,,,0.16,0.19,0.18,0.3,0.34,0.38,0.21,818.0,Bacteroides thetaiotaomicron,Duplodnaviria,Heunggongvirae,Uroviricota,Caudoviricetes,Crassvirales,Intestiviridae,Churivirinae,Jahgtovirus,dsDNA
Jahgtovirus,2948767,,,,,,,,0.16,0.19,0.18,0.3,0.34,0.38,0.21,976.0,Bacteroidota,Duplodnaviria,Heunggongvirae,Uroviricota,Caudoviricetes,Crassvirales,Intestiviridae,Churivirinae,Jahgtovirus,dsDNA
Jahgtovirus,2948767,,,,,,,,0.16,0.19,0.18,0.3,0.34,0.38,0.21,76594.0,Cellulophaga baltica,Duplodnaviria,Heunggongvirae,Uroviricota,Caudoviricetes,Crassvirales,Intestiviridae,Churivirinae,Jahgtovirus,dsDNA
Jahgtovirus,2948767,,,,,,,,0.16,0.19,0.18,0.3,0.34,0.38,0.21,329854.0,Bacteroides intestinalis,Duplodnaviria,Heunggongvirae,Uroviricota,Caudoviricetes,Crassvirales,Intestiviridae,Churivirinae,Jahgtovirus,dsDNA
Jamesmcgillvirus,2948768,,,,,,,,,0.09,,,,,,287.0,Pseudomonas aeruginosa,Duplodnaviria,Heunggongvirae,Uroviricota,Caudoviricetes,Caudoviricetes incertae sedis,Fredfastierviridae,Jamesmcgillvirus,Jamesmcgillvirus jv119X,dsDNA
Jamesmcgillvirus,2948768,,,,,,,,,0.09,,,,,,306.0,Pseudomonas sp.,Duplodnaviria,Heunggongvirae,Uroviricota,Caudoviricetes,Caudoviricetes incertae sedis,Fredfastierviridae,Jamesmcgillvirus,unclassified Jamesmcgillvirus,dsDNA
Jamesmcgillvirus,2948768,,,,,,,,,0.09,,,,,,286.0,Pseudomonas,Duplodnaviria,Heunggongvirae,Uroviricota,Caudoviricetes,Caudoviricetes incertae sedis,Fredfastierviridae,Jamesmcgillvirus,unclassified Jamesmcgillvirus,dsDNA
Justusliebigvirus,2948775,,,,,,,,,,,,,,0.09,197.0,Campylobacter jejuni,Duplodnaviria,Heunggongvirae,Uroviricota,Caudoviricetes,Caudoviricetes incertae sedis,Justusliebigvirus,unclassified Justusliebigvirus,,dsDNA
Justusliebigvirus,2948775,,,,,,,,,,,,,,0.09,543.0,Enterobacteriaceae,Duplodnaviria,Heunggongvirae,Uroviricota,Caudoviricetes,Caudoviricetes incertae sedis,Justusliebigvirus,unclassified Justusliebigvirus,,dsDNA
Justusliebigvirus,2948775,,,,,,,,,,,,,,0.09,511145.0,Escherichia coli str. K-12 substr. MG1655,Duplodnaviria,Heunggongvirae,Uroviricota,Caudoviricetes,Caudoviricetes incertae sedis,Justusliebigvirus,Justusliebigvirus alia,,dsDNA
Justusliebigvirus,2948775,,,,,,,,,,,,,,0.09,83333.0,Escherichia coli K-12,Duplodnaviria,Heunggongvirae,Uroviricota,Caudoviricetes,Caudoviricetes incertae sedis,Justusliebigvirus,unclassified Justusliebigvirus,,dsDNA
Justusliebigvirus,2948775,,,,,,,,,,,,,,0.09,511145.0,Escherichia coli str. K-12 substr. MG1655,Duplodnaviria,Heunggongvirae,Uroviricota,Caudoviricetes,Caudoviricetes incertae sedis,Justusliebigvirus,unclassified Justusliebigvirus,,dsDNA
Justusliebigvirus,2948775,,,,,,,,,,,,,,0.09,562.0,Escherichia coli,Duplodnaviria,Heunggongvirae,Uroviricota,Caudoviricetes,Caudoviricetes incertae sedis,Justusliebigvirus,unclassified Justusliebigvirus,,dsDNA
Justusliebigvirus,2948775,,,,,,,,,,,,,,0.09,561.0,Escherichia,Duplodnaviria,Heunggongvirae,Uroviricota,Caudoviricetes,Caudoviricetes incertae sedis,Justusliebigvirus,unclassified Justusliebigvirus,,dsDNA
Justusliebigvirus,2948775,,,,,,,,,,,,,,0.09,511145.0,Escherichia coli str. K-12 substr. MG1655,Duplodnaviria,Heunggongvirae,Uroviricota,Caudoviricetes,Caudoviricetes incertae sedis,Justusliebigvirus,Justusliebigvirus muut,,dsDNA
Justusliebigvirus,2948775,,,,,,,,,,,,,,0.09,562.0,Escherichia coli,Duplodnaviria,Heunggongvirae,Uroviricota,Caudoviricetes,Caudoviricetes incertae sedis,Justusliebigvirus,Justusliebigvirus phi92,,dsDNA
Justusliebigvirus,2948775,,,,,,,,,,,,,,0.09,1884818.0,Escherichia sp.,Duplodnaviria,Heunggongvirae,Uroviricota,Caudoviricetes,Caudoviricetes incertae sedis,Justusliebigvirus,unclassified Justusliebigvirus,,dsDNA
Justusliebigvirus,2948775,,,,,,,,,,,,,,0.09,668369.0,Escherichia coli DH5[alpha],Duplodnaviria,Heunggongvirae,Uroviricota,Caudoviricetes,Caudoviricetes incertae sedis,Justusliebigvirus,unclassified Justusliebigvirus,,dsDNA
Justusliebigvirus,2948775,,,,,,,,,,,,,,0.09,561.0,Escherichia,Duplodnaviria,Heunggongvirae,Uroviricota,Caudoviricetes,Caudoviricetes incertae sedis,Justusliebigvirus,Justusliebigvirus PHB05,,dsDNA
Justusliebigvirus,2948775,,,,,,,,,,,,,,0.09,562.0,Escherichia coli,Duplodnaviria,Heunggongvirae,Uroviricota,Caudoviricetes,Caudoviricetes incertae sedis,Justusliebigvirus,Justusliebigvirus PD06,,dsDNA
Justusliebigvirus,2948775,,,,,,,,,,,,,,0.09,562.0,Escherichia coli,Duplodnaviria,Heunggongvirae,Uroviricota,Caudoviricetes,Caudoviricetes incertae sedis,Justusliebigvirus,Justusliebigvirus VEcB,,dsDNA
Justusliebigvirus,2948775,,,,,,,,,,,,,,0.09,562.0,Escherichia coli,Duplodnaviria,Heunggongvirae,Uroviricota,Caudoviricetes,Caudoviricetes incertae sedis,Justusliebigvirus,,,dsDNA
Justusliebigvirus,2948775,,,,,,,,,,,,,,0.09,573.0,Klebsiella pneumoniae,Duplodnaviria,Heunggongvirae,Uroviricota,Caudoviricetes,Caudoviricetes incertae sedis,Justusliebigvirus,unclassified Justusliebigvirus,,dsDNA
Justusliebigvirus,2948775,,,,,,,,,,,,,,0.09,90371.0,Salmonella enterica subsp. enterica serovar Typhimurium,Duplodnaviria,Heunggongvirae,Uroviricota,Caudoviricetes,Caudoviricetes incertae sedis,Justusliebigvirus,unclassified Justusliebigvirus,,dsDNA
Justusliebigvirus,2948775,,,,,,,,,,,,,,0.09,47917.0,Serratia fonticola,Duplodnaviria,Heunggongvirae,Uroviricota,Caudoviricetes,Caudoviricetes incertae sedis,Justusliebigvirus,unclassified Justusliebigvirus,,dsDNA
Kingevirus,2948785,,,,,,,,,,0.1,,0.2,,0.17,818.0,Bacteroides thetaiotaomicron,Duplodnaviria,Heunggongvirae,Uroviricota,Caudoviricetes,Crassvirales,Crevaviridae,Doltivirinae,Kingevirus,dsDNA
Kingevirus,2948785,,,,,,,,,,0.1,,0.2,,0.17,976.0,Bacteroidota,Duplodnaviria,Heunggongvirae,Uroviricota,Caudoviricetes,Crassvirales,Crevaviridae,Doltivirinae,Kingevirus,dsDNA
Kingevirus,2948785,,,,,,,,,,0.1,,0.2,,0.17,76594.0,Cellulophaga baltica,Duplodnaviria,Heunggongvirae,Uroviricota,Caudoviricetes,Crassvirales,Crevaviridae,Doltivirinae,Kingevirus,dsDNA
Kingevirus,2948785,,,,,,,,,,0.1,,0.2,,0.17,329854.0,Bacteroides intestinalis,Duplodnaviria,Heunggongvirae,Uroviricota,Caudoviricetes,Crassvirales,Crevaviridae,Doltivirinae,Kingevirus,dsDNA
Kingevirus,2948785,,,,,,,,,,0.1,,0.2,,0.17,371601.0,Bacteroides xylanisolvens,Duplodnaviria,Heunggongvirae,Uroviricota,Caudoviricetes,Crassvirales,Crevaviridae,Doltivirinae,Kingevirus,dsDNA
Kolpuevirus,2948787,,0.29,0.57,0.46,0.53,,0.05,0.35,0.42,0.36,0.86,0.7,0.49,0.65,818.0,Bacteroides thetaiotaomicron,Duplodnaviria,Heunggongvirae,Uroviricota,Caudoviricetes,Crassvirales,Steigviridae,Asinivirinae,Kolpuevirus,dsDNA
Kolpuevirus,2948787,,0.29,0.57,0.46,0.53,,0.05,0.35,0.42,0.36,0.86,0.7,0.49,0.65,976.0,Bacteroidota,Duplodnaviria,Heunggongvirae,Uroviricota,Caudoviricetes,Crassvirales,Steigviridae,Asinivirinae,Kolpuevirus,dsDNA
Kolpuevirus,2948787,,0.29,0.57,0.46,0.53,,0.05,0.35,0.42,0.36,0.86,0.7,0.49,0.65,371601.0,Bacteroides xylanisolvens,Duplodnaviria,Heunggongvirae,Uroviricota,Caudoviricetes,Crassvirales,Steigviridae,Asinivirinae,Kolpuevirus,dsDNA
Kunmingvirus,2948791,0.57,,,,,,,,,,0.35,0.28,1.05,0.27,948519.0,Aeromonas rivipollensis,Duplodnaviria,Heunggongvirae,Uroviricota,Caudoviricetes,Caudoviricetes incertae sedis,Kunmingvirus,Kunmingvirus kv2D05,,dsDNA
Kunmingvirus,2948791,0.57,,,,,,,,,,0.35,0.28,1.05,0.27,948519.0,Aeromonas rivipollensis,Duplodnaviria,Heunggongvirae,Uroviricota,Caudoviricetes,Caudoviricetes incertae sedis,Kunmingvirus,Kunmingvirus kv4D05,,dsDNA
Lahndsivirus,2948793,,,,,,,,,,0.05,,,,,,,,,,,,,,,
Lebriduvirus,2948797,,,,,,,0.02,,0.08,0.13,0.22,0.19,,0.1,,,,,,,,,,,
Mahlunavirus,2948812,,,,,,,,,,0.07,,,,0.09,,,,,,,,,,,
Mahstovirus,2948813,,,,,,,0.02,,,0.08,0.2,0.12,,0.17,,,,,,,,,,,
Segzyvirus,2948900,,,,,,,,,,,0.12,,,,90371.0,Salmonella enterica subsp. enterica serovar Typhimurium,Duplodnaviria,Heunggongvirae,Uroviricota,Caudoviricetes,Caudoviricetes incertae sedis,Segzyvirus,Segzyvirus LPSTLL,,dsDNA
Segzyvirus,2948900,,,,,,,,,,,0.12,,,,28901.0,Salmonella enterica,Duplodnaviria,Heunggongvirae,Uroviricota,Caudoviricetes,Caudoviricetes incertae sedis,Segzyvirus,Segzyvirus segz1,,dsDNA
Shuimuvirus,2948906,,,,,,,0.03,,,,,,,,573.0,Klebsiella pneumoniae,Duplodnaviria,Heunggongvirae,Uroviricota,Caudoviricetes,Caudoviricetes incertae sedis,Shuimuvirus,Shuimuvirus IME207,,dsDNA
Skatevirus,2948910,,0.58,,,,,0.06,0.59,0.38,0.23,0.29,0.3,0.2,0.23,90371.0,Salmonella enterica subsp. enterica serovar Typhimurium,Duplodnaviria,Heunggongvirae,Uroviricota,Caudoviricetes,Caudoviricetes incertae sedis,Skatevirus,unclassified Skatevirus,,dsDNA
Skatevirus,2948910,,0.58,,,,,0.06,0.59,0.38,0.23,0.29,0.3,0.2,0.23,98360.0,Salmonella enterica subsp. enterica serovar Dublin,Duplodnaviria,Heunggongvirae,Uroviricota,Caudoviricetes,Caudoviricetes incertae sedis,Skatevirus,unclassified Skatevirus,,dsDNA
Skatevirus,2948910,,0.58,,,,,0.06,0.59,0.38,0.23,0.29,0.3,0.2,0.23,599.0,Salmonella sp.,Duplodnaviria,Heunggongvirae,Uroviricota,Caudoviricetes,Caudoviricetes incertae sedis,Skatevirus,unclassified Skatevirus,,dsDNA
Skatevirus,2948910,,0.58,,,,,0.06,0.59,0.38,0.23,0.29,0.3,0.2,0.23,1299114.0,Salmonella enterica subsp. enterica serovar Typhimurium str. ATCC 14028,Duplodnaviria,Heunggongvirae,Uroviricota,Caudoviricetes,Caudoviricetes incertae sedis,Skatevirus,Skatevirus LPST10,,dsDNA
Skatevirus,2948910,,0.58,,,,,0.06,0.59,0.38,0.23,0.29,0.3,0.2,0.23,28901.0,Salmonella enterica,Duplodnaviria,Heunggongvirae,Uroviricota,Caudoviricetes,Caudoviricetes incertae sedis,Skatevirus,Skatevirus SeSz2,,dsDNA
Skatevirus,2948910,,0.58,,,,,0.06,0.59,0.38,0.23,0.29,0.3,0.2,0.23,28901.0,Salmonella enterica,Duplodnaviria,Heunggongvirae,Uroviricota,Caudoviricetes,Caudoviricetes incertae sedis,Skatevirus,Skatevirus Seszw1,,dsDNA
Skatevirus,2948910,,0.58,,,,,0.06,0.59,0.38,0.23,0.29,0.3,0.2,0.23,28901.0,Salmonella enterica,Duplodnaviria,Heunggongvirae,Uroviricota,Caudoviricetes,Caudoviricetes incertae sedis,Skatevirus,unclassified Skatevirus,,dsDNA
Skatevirus,2948910,,0.58,,,,,0.06,0.59,0.38,0.23,0.29,0.3,0.2,0.23,90371.0,Salmonella enterica subsp. enterica serovar Typhimurium,Duplodnaviria,Heunggongvirae,Uroviricota,Caudoviricetes,Caudoviricetes incertae sedis,Skatevirus,Skatevirus skate,,dsDNA
Skatevirus,2948910,,0.58,,,,,0.06,0.59,0.38,0.23,0.29,0.3,0.2,0.23,59201.0,Salmonella enterica subsp. enterica,Duplodnaviria,Heunggongvirae,Uroviricota,Caudoviricetes,Caudoviricetes incertae sedis,Skatevirus,unclassified Skatevirus,,dsDNA
Skatevirus,2948910,,0.58,,,,,0.06,0.59,0.38,0.23,0.29,0.3,0.2,0.23,599.0,Salmonella sp.,Duplodnaviria,Heunggongvirae,Uroviricota,Caudoviricetes,Caudoviricetes incertae sedis,Skatevirus,Skatevirus BS5,,dsDNA
Skatevirus,2948910,,0.58,,,,,0.06,0.59,0.38,0.23,0.29,0.3,0.2,0.23,149539.0,Salmonella enterica subsp. enterica serovar Enteritidis,Duplodnaviria,Heunggongvirae,Uroviricota,Caudoviricetes,Caudoviricetes incertae sedis,Skatevirus,Skatevirus KFSSE2,,dsDNA
Skatevirus,2948910,,0.58,,,,,0.06,0.59,0.38,0.23,0.29,0.3,0.2,0.23,90371.0,Salmonella enterica subsp. enterica serovar Typhimurium,Duplodnaviria,Heunggongvirae,Uroviricota,Caudoviricetes,Caudoviricetes incertae sedis,Skatevirus,Skatevirus VSt472,,dsDNA
Triduovirus,2948933,1.34,0.62,0.71,,0.37,,0.09,0.65,0.79,0.51,1.06,0.93,0.73,0.81,211968.0,Salmonella enterica subsp. enterica serovar Albany,Duplodnaviria,Heunggongvirae,Uroviricota,Caudoviricetes,Caudoviricetes incertae sedis,Schitoviridae,Triduovirus,Triduovirus Tr2,dsDNA
Valinorvirus,2948943,,,,,,,0.06,0.21,0.19,0.18,0.18,,0.18,0.22,,,Monodnaviria,Shotokuvirae,Cressdnaviricota,Arfiviricetes,Rohanvirales,Nenyaviridae,Valinorvirus,,
Axeltriavirus,3044667,,,0.48,,,,,0.15,,,,,,,40324.0,Stenotrophomonas maltophilia,Duplodnaviria,Heunggongvirae,Uroviricota,Caudoviricetes,Caudoviricetes incertae sedis,Axeltriavirus,Axeltriavirus AXL3,,dsDNA
Cobrasixvirus,3044690,0.76,0.36,1.17,,0.48,,0.03,0.27,0.16,0.07,0.26,0.12,0.28,0.15,550.0,Enterobacter cloacae,Duplodnaviria,Heunggongvirae,Uroviricota,Caudoviricetes,Caudoviricetes incertae sedis,Cobrasixvirus,Cobrasixvirus cobrasix,,dsDNA
Moovirus,3044769,,0.19,,,,,0.02,0.14,0.14,0.07,0.53,0.29,0.53,0.19,623.0,Shigella flexneri,Duplodnaviria,Heunggongvirae,Uroviricota,Caudoviricetes,Caudoviricetes incertae sedis,Schitoviridae,Enquatrovirinae,Moovirus,dsDNA
Quivirus,3044799,,,,,,,,,0.08,,,,,,1665.0,Arthrobacter globiformis,Duplodnaviria,Heunggongvirae,Uroviricota,Caudoviricetes,Caudoviricetes incertae sedis,Quivirus,Quivirus qui,,dsDNA
Bimevirus,3152907,,,,,,,,,,,,,0.23,,573.0,Klebsiella pneumoniae,Duplodnaviria,Heunggongvirae,Uroviricota,Caudoviricetes,Caudoviricetes incertae sedis,Bimevirus,Bimevirus bv1611EK21,,dsDNA
Bimevirus,3152907,,,,,,,,,,,,,0.23,,573.0,Klebsiella pneumoniae,Duplodnaviria,Heunggongvirae,Uroviricota,Caudoviricetes,Caudoviricetes incertae sedis,Bimevirus,Bimevirus KB2,,dsDNA
Bimevirus,3152907,,,,,,,,,,,,,0.23,,570.0,Klebsiella,Duplodnaviria,Heunggongvirae,Uroviricota,Caudoviricetes,Caudoviricetes incertae sedis,Bimevirus,Bimevirus IME346,,dsDNA
Geezettvirus,3152909,,,,,,,,,,,0.14,,,,573.0,Klebsiella pneumoniae,Duplodnaviria,Heunggongvirae,Uroviricota,Caudoviricetes,Caudoviricetes incertae sedis,Geezettvirus,Geezettvirus geezett,,dsDNA
Longwangvirus,3153014,,,,,,,,,,,0.47,0.45,0.84,0.19,654.0,Aeromonas veronii,Duplodnaviria,Heunggongvirae,Uroviricota,Caudoviricetes,Caudoviricetes incertae sedis,Chaseviridae,Nefertitivirinae,Longwangvirus,dsDNA
Shockervirus,3153082,,,,,,,,,,,,,,0.1,199592.0,Microbacterium paraoxydans,Duplodnaviria,Heunggongvirae,Uroviricota,Caudoviricetes,Caudoviricetes incertae sedis,Shockervirus,Shockervirus shocker,,dsDNA
