name,taxid,ERR14789307,ERR14789308,ERR14789309,ERR14789310,ERR14789311,ERR14789312,ERR14789313,ERR14789314,ERR14789315,ERR14789316,ERR14789317,ERR14789318,ERR14789319,ERR14789320,ERR14789321,host tax id,host name,realm,kingdom,phylum,class,order,family,genus,species,baltimore_class
Mastadenovirus,10509,,,,,0.28,,,0.24,,,1.67,,0.39,,,9555.0,Papio anubis,Varidnaviria,Bamfordvirae,Preplasmiviricota,Polisuviricotina,Pharingeaviricetes,Rowavirales,Adenoviridae,Mastadenovirus,
Mastadenovirus,10509,,,,,0.28,,,0.24,,,1.67,,0.39,,,59473.0,Pipistrellus nathusii,Varidnaviria,Bamfordvirae,Preplasmiviricota,Polisuviricotina,Pharingeaviricetes,Rowavirales,Adenoviridae,Mastadenovirus,
Mastadenovirus,10509,,,,,0.28,,,0.24,,,1.67,,0.39,,,59474.0,Pipistrellus pipistrellus,Varidnaviria,Bamfordvirae,Preplasmiviricota,Polisuviricotina,Pharingeaviricetes,Rowavirales,Adenoviridae,Mastadenovirus,
Mastadenovirus,10509,,,,,0.28,,,0.24,,,1.67,,0.39,,,9534.0,Chlorocebus aethiops,Varidnaviria,Bamfordvirae,Preplasmiviricota,Polisuviricotina,Pharingeaviricetes,Rowavirales,Adenoviridae,Mastadenovirus,
Mastadenovirus,10509,,,,,0.28,,,0.24,,,1.67,,0.39,,,9606.0,Homo sapiens,Varidnaviria,Bamfordvirae,Preplasmiviricota,Polisuviricotina,Pharingeaviricetes,Rowavirales,Adenoviridae,Mastadenovirus,
Mastadenovirus,10509,,,,,0.28,,,0.24,,,1.67,,0.39,,,9615.0,Canis lupus familiaris,Varidnaviria,Bamfordvirae,Preplasmiviricota,Polisuviricotina,Pharingeaviricetes,Rowavirales,Adenoviridae,Mastadenovirus,
Mastadenovirus,10509,,,,,0.28,,,0.24,,,1.67,,0.39,,,9823.0,Sus scrofa,Varidnaviria,Bamfordvirae,Preplasmiviricota,Polisuviricotina,Pharingeaviricetes,Rowavirales,Adenoviridae,Mastadenovirus,
Mastadenovirus,10509,,,,,0.28,,,0.24,,,1.67,,0.39,,,203696.0,Myotis pilosus,Varidnaviria,Bamfordvirae,Preplasmiviricota,Polisuviricotina,Pharingeaviricetes,Rowavirales,Adenoviridae,Mastadenovirus,
Mastadenovirus,10509,,,,,0.28,,,0.24,,,1.67,,0.39,,,225399.0,Myotis chinensis,Varidnaviria,Bamfordvirae,Preplasmiviricota,Polisuviricotina,Pharingeaviricetes,Rowavirales,Adenoviridae,Mastadenovirus,
Mastadenovirus,10509,,,,,0.28,,,0.24,,,1.67,,0.39,,,105273.0,Vespertilio sinensis,Varidnaviria,Bamfordvirae,Preplasmiviricota,Polisuviricotina,Pharingeaviricetes,Rowavirales,Adenoviridae,Mastadenovirus,
Mastadenovirus,10509,,,,,0.28,,,0.24,,,1.67,,0.39,,,27674.0,Corynorhinus rafinesquii,Varidnaviria,Bamfordvirae,Preplasmiviricota,Polisuviricotina,Pharingeaviricetes,Rowavirales,Adenoviridae,Mastadenovirus,
Mastadenovirus,10509,,,,,0.28,,,0.24,,,1.67,,0.39,,,9402.0,Pteropus alecto,Varidnaviria,Bamfordvirae,Preplasmiviricota,Polisuviricotina,Pharingeaviricetes,Rowavirales,Adenoviridae,Mastadenovirus,
Mastadenovirus,10509,,,,,0.28,,,0.24,,,1.67,,0.39,,,9408.0,Rousettus leschenaultii,Varidnaviria,Bamfordvirae,Preplasmiviricota,Polisuviricotina,Pharingeaviricetes,Rowavirales,Adenoviridae,Mastadenovirus,
Mastadenovirus,10509,,,,,0.28,,,0.24,,,1.67,,0.39,,,9544.0,Macaca mulatta,Varidnaviria,Bamfordvirae,Preplasmiviricota,Polisuviricotina,Pharingeaviricetes,Rowavirales,Adenoviridae,Mastadenovirus,
Mastadenovirus,10509,,,,,0.28,,,0.24,,,1.67,,0.39,,,89399.0,Rhinolophus sinicus,Varidnaviria,Bamfordvirae,Preplasmiviricota,Polisuviricotina,Pharingeaviricetes,Rowavirales,Adenoviridae,Mastadenovirus,
Mastadenovirus,10509,,,,,0.28,,,0.24,,,1.67,,0.39,,,9432.0,Miniopterus,Varidnaviria,Bamfordvirae,Preplasmiviricota,Polisuviricotina,Pharingeaviricetes,Rowavirales,Adenoviridae,Mastadenovirus,
Mastadenovirus,10509,,,,,0.28,,,0.24,,,1.67,,0.39,,,9433.0,Miniopterus schreibersii,Varidnaviria,Bamfordvirae,Preplasmiviricota,Polisuviricotina,Pharingeaviricetes,Rowavirales,Adenoviridae,Mastadenovirus,
Mastadenovirus,10509,,,,,0.28,,,0.24,,,1.67,,0.39,,,9739.0,Tursiops truncatus,Varidnaviria,Bamfordvirae,Preplasmiviricota,Polisuviricotina,Pharingeaviricetes,Rowavirales,Adenoviridae,Mastadenovirus,
Mastadenovirus,10509,,,,,0.28,,,0.24,,,1.67,,0.39,,,9913.0,Bos taurus,Varidnaviria,Bamfordvirae,Preplasmiviricota,Polisuviricotina,Pharingeaviricetes,Rowavirales,Adenoviridae,Mastadenovirus,
Mastadenovirus,10509,,,,,0.28,,,0.24,,,1.67,,0.39,,,9704.0,Zalophus californianus,Varidnaviria,Bamfordvirae,Preplasmiviricota,Polisuviricotina,Pharingeaviricetes,Rowavirales,Adenoviridae,Mastadenovirus,
Mastadenovirus,10509,,,,,0.28,,,0.24,,,1.67,,0.39,,,9598.0,Pan troglodytes,Varidnaviria,Bamfordvirae,Preplasmiviricota,Polisuviricotina,Pharingeaviricetes,Rowavirales,Adenoviridae,Mastadenovirus,
Mastadenovirus,10509,,,,,0.28,,,0.24,,,1.67,,0.39,,,9541.0,Macaca fascicularis,Varidnaviria,Bamfordvirae,Preplasmiviricota,Polisuviricotina,Pharingeaviricetes,Rowavirales,Adenoviridae,Mastadenovirus,
Mastadenovirus,10509,,,,,0.28,,,0.24,,,1.67,,0.39,,,9874.0,Odocoileus virginianus,Varidnaviria,Bamfordvirae,Preplasmiviricota,Polisuviricotina,Pharingeaviricetes,Rowavirales,Adenoviridae,Mastadenovirus,
Mastadenovirus,10509,,,,,0.28,,,0.24,,,1.67,,0.39,,,77214.0,Eidolon helvum,Varidnaviria,Bamfordvirae,Preplasmiviricota,Polisuviricotina,Pharingeaviricetes,Rowavirales,Adenoviridae,Mastadenovirus,
Mastadenovirus,10509,,,,,0.28,,,0.24,,,1.67,,0.39,,,9796.0,Equus caballus,Varidnaviria,Bamfordvirae,Preplasmiviricota,Polisuviricotina,Pharingeaviricetes,Rowavirales,Adenoviridae,Mastadenovirus,
Mastadenovirus,10509,,,,,0.28,,,0.24,,,1.67,,0.39,,,10141.0,Cavia porcellus,Varidnaviria,Bamfordvirae,Preplasmiviricota,Polisuviricotina,Pharingeaviricetes,Rowavirales,Adenoviridae,Mastadenovirus,
Mastadenovirus,10509,,,,,0.28,,,0.24,,,1.67,,0.39,,,10090.0,Mus musculus,Varidnaviria,Bamfordvirae,Preplasmiviricota,Polisuviricotina,Pharingeaviricetes,Rowavirales,Adenoviridae,Mastadenovirus,
Mastadenovirus,10509,,,,,0.28,,,0.24,,,1.67,,0.39,,,39030.0,Apodemus agrarius,Varidnaviria,Bamfordvirae,Preplasmiviricota,Polisuviricotina,Pharingeaviricetes,Rowavirales,Adenoviridae,Mastadenovirus,
Mastadenovirus,10509,,,,,0.28,,,0.24,,,1.67,,0.39,,,29073.0,Ursus maritimus,Varidnaviria,Bamfordvirae,Preplasmiviricota,Polisuviricotina,Pharingeaviricetes,Rowavirales,Adenoviridae,Mastadenovirus,
Mastadenovirus,10509,,,,,0.28,,,0.24,,,1.67,,0.39,,,10009.0,Tamiasciurus hudsonicus,Varidnaviria,Bamfordvirae,Preplasmiviricota,Polisuviricotina,Pharingeaviricetes,Rowavirales,Adenoviridae,Mastadenovirus,
Mastadenovirus,10509,,,,,0.28,,,0.24,,,1.67,,0.39,,,55149.0,Sciurus vulgaris,Varidnaviria,Bamfordvirae,Preplasmiviricota,Polisuviricotina,Pharingeaviricetes,Rowavirales,Adenoviridae,Mastadenovirus,
Mastadenovirus,10509,,,,,0.28,,,0.24,,,1.67,,0.39,,,9407.0,Rousettus aegyptiacus,Varidnaviria,Bamfordvirae,Preplasmiviricota,Polisuviricotina,Pharingeaviricetes,Rowavirales,Adenoviridae,Mastadenovirus,
Mastadenovirus,10509,,,,,0.28,,,0.24,,,1.67,,0.39,,,9539.0,Macaca,Varidnaviria,Bamfordvirae,Preplasmiviricota,Polisuviricotina,Pharingeaviricetes,Rowavirales,Adenoviridae,Mastadenovirus,
Mastadenovirus,10509,,,,,0.28,,,0.24,,,1.67,,0.39,,,9549.0,Macaca sp.,Varidnaviria,Bamfordvirae,Preplasmiviricota,Polisuviricotina,Pharingeaviricetes,Rowavirales,Adenoviridae,Mastadenovirus,
Mastadenovirus,10509,,,,,0.28,,,0.24,,,1.67,,0.39,,,60710.0,Chlorocebus pygerythrus,Varidnaviria,Bamfordvirae,Preplasmiviricota,Polisuviricotina,Pharingeaviricetes,Rowavirales,Adenoviridae,Mastadenovirus,
Mastadenovirus,10509,,,,,0.28,,,0.24,,,1.67,,0.39,,,9556.0,Papio cynocephalus,Varidnaviria,Bamfordvirae,Preplasmiviricota,Polisuviricotina,Pharingeaviricetes,Rowavirales,Adenoviridae,Mastadenovirus,
Mastadenovirus,10509,,,,,0.28,,,0.24,,,1.67,,0.39,,,9592.0,Gorilla,Varidnaviria,Bamfordvirae,Preplasmiviricota,Polisuviricotina,Pharingeaviricetes,Rowavirales,Adenoviridae,Mastadenovirus,
Mastadenovirus,10509,,,,,0.28,,,0.24,,,1.67,,0.39,,,9597.0,Pan paniscus,Varidnaviria,Bamfordvirae,Preplasmiviricota,Polisuviricotina,Pharingeaviricetes,Rowavirales,Adenoviridae,Mastadenovirus,
Mastadenovirus,10509,,,,,0.28,,,0.24,,,1.67,,0.39,,,61622.0,Rhinopithecus roxellana,Varidnaviria,Bamfordvirae,Preplasmiviricota,Polisuviricotina,Pharingeaviricetes,Rowavirales,Adenoviridae,Mastadenovirus,
Mastadenovirus,10509,,,,,0.28,,,0.24,,,1.67,,0.39,,,9528.0,Cercopithecinae,Varidnaviria,Bamfordvirae,Preplasmiviricota,Polisuviricotina,Pharingeaviricetes,Rowavirales,Adenoviridae,Mastadenovirus,
Mastadenovirus,10509,,,,,0.28,,,0.24,,,1.67,,0.39,,,30543.0,Conepatus leuconotus,Varidnaviria,Bamfordvirae,Preplasmiviricota,Polisuviricotina,Pharingeaviricetes,Rowavirales,Adenoviridae,Mastadenovirus,
Mastadenovirus,10509,,,,,0.28,,,0.24,,,1.67,,0.39,,,202457.0,Plecturocebus cupreus,Varidnaviria,Bamfordvirae,Preplasmiviricota,Polisuviricotina,Pharingeaviricetes,Rowavirales,Adenoviridae,Mastadenovirus,
Mastadenovirus,10509,,,,,0.28,,,0.24,,,1.67,,0.39,,,9394.0,Tupaia,Varidnaviria,Bamfordvirae,Preplasmiviricota,Polisuviricotina,Pharingeaviricetes,Rowavirales,Adenoviridae,Mastadenovirus,
Enterovirus,12059,,,,3.86,,,,,,,,,,,,,,,,,,,,,,
Sobemovirus,12137,,,0.4,,,,0.17,,,,,,,,,35608.0,Artemisia annua,Riboviria,Orthornavirae,Pisuviricota,Pisoniviricetes,Sobelivirales,Solemoviridae,Sobemovirus,Sobemovirus ARTVA,
Sobemovirus,12137,,,0.4,,,,0.17,,,,,,,,,69266.0,Vaccinium corymbosum,Riboviria,Orthornavirae,Pisuviricota,Pisoniviricetes,Sobelivirales,Solemoviridae,Sobemovirus,Sobemovirus BSSV,
Sobemovirus,12137,,,0.4,,,,0.17,,,,,,,,,472369.0,Vaccinium angustifolium,Riboviria,Orthornavirae,Pisuviricota,Pisoniviricetes,Sobelivirales,Solemoviridae,Sobemovirus,Sobemovirus BSSV,
Sobemovirus,12137,,,0.4,,,,0.17,,,,,,,,,3394667.0,Vaccinium sp.,Riboviria,Orthornavirae,Pisuviricota,Pisoniviricetes,Sobelivirales,Solemoviridae,Sobemovirus,Sobemovirus BSSV,
Sobemovirus,12137,,,0.4,,,,0.17,,,,,,,,,4509.0,Dactylis glomerata,Riboviria,Orthornavirae,Pisuviricota,Pisoniviricetes,Sobelivirales,Solemoviridae,Sobemovirus,Sobemovirus CFMV,
Sobemovirus,12137,,,0.4,,,,0.17,,,,,,,,,4565.0,Triticum aestivum,Riboviria,Orthornavirae,Pisuviricota,Pisoniviricetes,Sobelivirales,Solemoviridae,Sobemovirus,Sobemovirus CFMV,
Sobemovirus,12137,,,0.4,,,,0.17,,,,,,,,,112607.0,Cymbidium goeringii,Riboviria,Orthornavirae,Pisuviricota,Pisoniviricetes,Sobelivirales,Solemoviridae,Sobemovirus,Sobemovirus CYCMV,
Sobemovirus,12137,,,0.4,,,,0.17,,,,,,,,,80369.0,Imperata cylindrica,Riboviria,Orthornavirae,Pisuviricota,Pisoniviricetes,Sobelivirales,Solemoviridae,Sobemovirus,Sobemovirus IYMV,
Sobemovirus,12137,,,0.4,,,,0.17,,,,,,,,,1056900.0,Ophiuros exaltatus,Riboviria,Orthornavirae,Pisuviricota,Pisoniviricetes,Sobelivirales,Solemoviridae,Sobemovirus,Sobemovirus IYMV,
Sobemovirus,12137,,,0.4,,,,0.17,,,,,,,,,3879.0,Medicago sativa,Riboviria,Orthornavirae,Pisuviricota,Pisoniviricetes,Sobelivirales,Solemoviridae,Sobemovirus,Sobemovirus LTSV,
Sobemovirus,12137,,,0.4,,,,0.17,,,,,,,,,78534.0,Trigonella foenum-graecum,Riboviria,Orthornavirae,Pisuviricota,Pisoniviricetes,Sobelivirales,Solemoviridae,Sobemovirus,Sobemovirus LTSV,
Sobemovirus,12137,,,0.4,,,,0.17,,,,,,,,,3649.0,Carica papaya,Riboviria,Orthornavirae,Pisuviricota,Pisoniviricetes,Sobelivirales,Solemoviridae,Sobemovirus,Sobemovirus PLYV,
Sobemovirus,12137,,,0.4,,,,0.17,,,,,,,,,126903.0,Physalis peruviana,Riboviria,Orthornavirae,Pisuviricota,Pisoniviricetes,Sobelivirales,Solemoviridae,Sobemovirus,Sobemovirus PHYRMV,
Sobemovirus,12137,,,0.4,,,,0.17,,,,,,,,,4530.0,Oryza sativa,Riboviria,Orthornavirae,Pisuviricota,Pisoniviricetes,Sobelivirales,Solemoviridae,Sobemovirus,Sobemovirus RYMV,
Sobemovirus,12137,,,0.4,,,,0.17,,,,,,,,,4577.0,Zea mays,Riboviria,Orthornavirae,Pisuviricota,Pisoniviricetes,Sobelivirales,Solemoviridae,Sobemovirus,Sobemovirus ROMOV,
Sobemovirus,12137,,,0.4,,,,0.17,,,,,,,,,4498.0,Avena sativa,Riboviria,Orthornavirae,Pisuviricota,Pisoniviricetes,Sobelivirales,Solemoviridae,Sobemovirus,Sobemovirus RGMOV,
Sobemovirus,12137,,,0.4,,,,0.17,,,,,,,,,206309.0,Sesbania grandiflora,Riboviria,Orthornavirae,Pisuviricota,Pisoniviricetes,Sobelivirales,Solemoviridae,Sobemovirus,Sobemovirus SEMV,
Sobemovirus,12137,,,0.4,,,,0.17,,,,,,,,,8570.0,Serpentes,Riboviria,Orthornavirae,Pisuviricota,Pisoniviricetes,Sobelivirales,Solemoviridae,Sobemovirus,Sobemovirus SMAMV,
Sobemovirus,12137,,,0.4,,,,0.17,,,,,,,,,81866.0,Nicotiana clevelandii,Riboviria,Orthornavirae,Pisuviricota,Pisoniviricetes,Sobelivirales,Solemoviridae,Sobemovirus,Sobemovirus SNMOV,
Sobemovirus,12137,,,0.4,,,,0.17,,,,,,,,,85267.0,Solanum nodiflorum,Riboviria,Orthornavirae,Pisuviricota,Pisoniviricetes,Sobelivirales,Solemoviridae,Sobemovirus,Sobemovirus SNMOV,
Sobemovirus,12137,,,0.4,,,,0.17,,,,,,,,,3885.0,Phaseolus vulgaris,Riboviria,Orthornavirae,Pisuviricota,Pisoniviricetes,Sobelivirales,Solemoviridae,Sobemovirus,Sobemovirus SBMV,
Sobemovirus,12137,,,0.4,,,,0.17,,,,,,,,,3847.0,Glycine max,Riboviria,Orthornavirae,Pisuviricota,Pisoniviricetes,Sobelivirales,Solemoviridae,Sobemovirus,Sobemovirus SCPMV,
Sobemovirus,12137,,,0.4,,,,0.17,,,,,,,,,3915.0,Vigna mungo,Riboviria,Orthornavirae,Pisuviricota,Pisoniviricetes,Sobelivirales,Solemoviridae,Sobemovirus,Sobemovirus SCPMV,
Sobemovirus,12137,,,0.4,,,,0.17,,,,,,,,,3917.0,Vigna unguiculata,Riboviria,Orthornavirae,Pisuviricota,Pisoniviricetes,Sobelivirales,Solemoviridae,Sobemovirus,Sobemovirus SCPMV,
Sobemovirus,12137,,,0.4,,,,0.17,,,,,,,,,3162414.0,Rubus sp.,Riboviria,Orthornavirae,Pisuviricota,Pisoniviricetes,Sobelivirales,Solemoviridae,Sobemovirus,Sobemovirus SOMV,
Sobemovirus,12137,,,0.4,,,,0.17,,,,,,,,,3900.0,Trifolium subterraneum,Riboviria,Orthornavirae,Pisuviricota,Pisoniviricetes,Sobelivirales,Solemoviridae,Sobemovirus,Sobemovirus SCMOV,
Sobemovirus,12137,,,0.4,,,,0.17,,,,,,,,,3711.0,Brassica rapa,Riboviria,Orthornavirae,Pisuviricota,Pisoniviricetes,Sobelivirales,Solemoviridae,Sobemovirus,Sobemovirus TROV,
Sobemovirus,12137,,,0.4,,,,0.17,,,,,,,,,49454.0,Nicotiana velutina,Riboviria,Orthornavirae,Pisuviricota,Pisoniviricetes,Sobelivirales,Solemoviridae,Sobemovirus,Sobemovirus VTMOV,
Tombusvirus,12141,,,,,,0.25,,,,,,,,,,,,,,,,,,,,
Potexvirus,12176,1.95,0.75,2.3,,0.18,6.48,4.23,9.57,4.8,2.03,1.42,1.65,6.07,2.1,3.8,4686.0,Asparagus officinalis,Riboviria,Orthornavirae,Kitrinoviricota,Alsuviricetes,Tymovirales,Alphaflexiviridae,Potexvirus,Potexvirus triasparagi,+ssRNA
Potexvirus,12176,1.95,0.75,2.3,,0.18,6.48,4.23,9.57,4.8,2.03,1.42,1.65,6.07,2.1,3.8,63459.0,Chenopodium quinoa,Riboviria,Orthornavirae,Kitrinoviricota,Alsuviricetes,Tymovirales,Alphaflexiviridae,Potexvirus,Potexvirus triasparagi,+ssRNA
Potexvirus,12176,1.95,0.75,2.3,,0.18,6.48,4.23,9.57,4.8,2.03,1.42,1.65,6.07,2.1,3.8,130426.0,Allium chinense,Riboviria,Orthornavirae,Kitrinoviricota,Alsuviricetes,Tymovirales,Alphaflexiviridae,Potexvirus,Potexvirus triasparagi,+ssRNA
Potexvirus,12176,1.95,0.75,2.3,,0.18,6.48,4.23,9.57,4.8,2.03,1.42,1.65,6.07,2.1,3.8,3649.0,Carica papaya,Riboviria,Orthornavirae,Kitrinoviricota,Alsuviricetes,Tymovirales,Alphaflexiviridae,Potexvirus,Potexvirus babaci,+ssRNA
Potexvirus,12176,1.95,0.75,2.3,,0.18,6.48,4.23,9.57,4.8,2.03,1.42,1.65,6.07,2.1,3.8,35926.0,Vasconcellea cundinamarcensis,Riboviria,Orthornavirae,Kitrinoviricota,Alsuviricetes,Tymovirales,Alphaflexiviridae,Potexvirus,Potexvirus babaci,+ssRNA
Potexvirus,12176,1.95,0.75,2.3,,0.18,6.48,4.23,9.57,4.8,2.03,1.42,1.65,6.07,2.1,3.8,66262.0,Chenopodium amaranticolor,Riboviria,Orthornavirae,Kitrinoviricota,Alsuviricetes,Tymovirales,Alphaflexiviridae,Potexvirus,Potexvirus babaci,+ssRNA
Potexvirus,12176,1.95,0.75,2.3,,0.18,6.48,4.23,9.57,4.8,2.03,1.42,1.65,6.07,2.1,3.8,126820.0,Senna occidentalis,Riboviria,Orthornavirae,Kitrinoviricota,Alsuviricetes,Tymovirales,Alphaflexiviridae,Potexvirus,Potexvirus babaci,+ssRNA
Potexvirus,12176,1.95,0.75,2.3,,0.18,6.48,4.23,9.57,4.8,2.03,1.42,1.65,6.07,2.1,3.8,262696.0,Vasconcellea x heilbornii,Riboviria,Orthornavirae,Kitrinoviricota,Alsuviricetes,Tymovirales,Alphaflexiviridae,Potexvirus,Potexvirus babaci,+ssRNA
Potexvirus,12176,1.95,0.75,2.3,,0.18,6.48,4.23,9.57,4.8,2.03,1.42,1.65,6.07,2.1,3.8,4513.0,Hordeum vulgare,Riboviria,Orthornavirae,Kitrinoviricota,Alsuviricetes,Tymovirales,Alphaflexiviridae,Potexvirus,Potexvirus bambusae,+ssRNA
Potexvirus,12176,1.95,0.75,2.3,,0.18,6.48,4.23,9.57,4.8,2.03,1.42,1.65,6.07,2.1,3.8,58923.0,Bambusa oldhamii,Riboviria,Orthornavirae,Kitrinoviricota,Alsuviricetes,Tymovirales,Alphaflexiviridae,Potexvirus,Potexvirus bambusae,+ssRNA
Potexvirus,12176,1.95,0.75,2.3,,0.18,6.48,4.23,9.57,4.8,2.03,1.42,1.65,6.07,2.1,3.8,176265.0,Selenicereus undatus,Riboviria,Orthornavirae,Kitrinoviricota,Alsuviricetes,Tymovirales,Alphaflexiviridae,Potexvirus,Potexvirus ecscacti,+ssRNA
Potexvirus,12176,1.95,0.75,2.3,,0.18,6.48,4.23,9.57,4.8,2.03,1.42,1.65,6.07,2.1,3.8,3983.0,Manihot esculenta,Riboviria,Orthornavirae,Kitrinoviricota,Alsuviricetes,Tymovirales,Alphaflexiviridae,Potexvirus,Potexvirus colombiense,+ssRNA
Potexvirus,12176,1.95,0.75,2.3,,0.18,6.48,4.23,9.57,4.8,2.03,1.42,1.65,6.07,2.1,3.8,4100.0,Nicotiana benthamiana,Riboviria,Orthornavirae,Kitrinoviricota,Alsuviricetes,Tymovirales,Alphaflexiviridae,Potexvirus,Potexvirus marmormanihotis,+ssRNA
Potexvirus,12176,1.95,0.75,2.3,,0.18,6.48,4.23,9.57,4.8,2.03,1.42,1.65,6.07,2.1,3.8,85571.0,Citrus reticulata,Riboviria,Orthornavirae,Kitrinoviricota,Alsuviricetes,Tymovirales,Alphaflexiviridae,Potexvirus,Mandarivirus,+ssRNA
Potexvirus,12176,1.95,0.75,2.3,,0.18,6.48,4.23,9.57,4.8,2.03,1.42,1.65,6.07,2.1,3.8,2708.0,Citrus x limon,Riboviria,Orthornavirae,Kitrinoviricota,Alsuviricetes,Tymovirales,Alphaflexiviridae,Potexvirus,Mandarivirus,+ssRNA
Potexvirus,12176,1.95,0.75,2.3,,0.18,6.48,4.23,9.57,4.8,2.03,1.42,1.65,6.07,2.1,3.8,3559.0,Chenopodium album,Riboviria,Orthornavirae,Kitrinoviricota,Alsuviricetes,Tymovirales,Alphaflexiviridae,Potexvirus,Potexvirus flavitrifolii,+ssRNA
Potexvirus,12176,1.95,0.75,2.3,,0.18,6.48,4.23,9.57,4.8,2.03,1.42,1.65,6.07,2.1,3.8,3879.0,Medicago sativa,Riboviria,Orthornavirae,Kitrinoviricota,Alsuviricetes,Tymovirales,Alphaflexiviridae,Potexvirus,Potexvirus flavitrifolii,+ssRNA
Potexvirus,12176,1.95,0.75,2.3,,0.18,6.48,4.23,9.57,4.8,2.03,1.42,1.65,6.07,2.1,3.8,3888.0,Lathyrus oleraceus,Riboviria,Orthornavirae,Kitrinoviricota,Alsuviricetes,Tymovirales,Alphaflexiviridae,Potexvirus,Potexvirus flavitrifolii,+ssRNA
Potexvirus,12176,1.95,0.75,2.3,,0.18,6.48,4.23,9.57,4.8,2.03,1.42,1.65,6.07,2.1,3.8,3898.0,Trifolium,Riboviria,Orthornavirae,Kitrinoviricota,Alsuviricetes,Tymovirales,Alphaflexiviridae,Potexvirus,Potexvirus flavitrifolii,+ssRNA
Potexvirus,12176,1.95,0.75,2.3,,0.18,6.48,4.23,9.57,4.8,2.03,1.42,1.65,6.07,2.1,3.8,3908.0,Vicia sativa,Riboviria,Orthornavirae,Kitrinoviricota,Alsuviricetes,Tymovirales,Alphaflexiviridae,Potexvirus,Potexvirus flavitrifolii,+ssRNA
Potexvirus,12176,1.95,0.75,2.3,,0.18,6.48,4.23,9.57,4.8,2.03,1.42,1.65,6.07,2.1,3.8,13274.0,Stellaria media,Riboviria,Orthornavirae,Kitrinoviricota,Alsuviricetes,Tymovirales,Alphaflexiviridae,Potexvirus,Potexvirus flavitrifolii,+ssRNA
Potexvirus,12176,1.95,0.75,2.3,,0.18,6.48,4.23,9.57,4.8,2.03,1.42,1.65,6.07,2.1,3.8,283210.0,Malus pumila,Riboviria,Orthornavirae,Kitrinoviricota,Alsuviricetes,Tymovirales,Alphaflexiviridae,Potexvirus,Potexvirus flavitrifolii,+ssRNA
Potexvirus,12176,1.95,0.75,2.3,,0.18,6.48,4.23,9.57,4.8,2.03,1.42,1.65,6.07,2.1,3.8,54711.0,Conioselinum officinale,Riboviria,Orthornavirae,Kitrinoviricota,Alsuviricetes,Tymovirales,Alphaflexiviridae,Potexvirus,Potexvirus ecscnidii,+ssRNA
Potexvirus,12176,1.95,0.75,2.3,,0.18,6.48,4.23,9.57,4.8,2.03,1.42,1.65,6.07,2.1,3.8,28471.0,Cymbidium hybrid cultivar,Riboviria,Orthornavirae,Kitrinoviricota,Alsuviricetes,Tymovirales,Alphaflexiviridae,Potexvirus,Potexvirus cymbidii,+ssRNA
Potexvirus,12176,1.95,0.75,2.3,,0.18,6.48,4.23,9.57,4.8,2.03,1.42,1.65,6.07,2.1,3.8,36459.0,Phalaenopsis,Riboviria,Orthornavirae,Kitrinoviricota,Alsuviricetes,Tymovirales,Alphaflexiviridae,Potexvirus,Potexvirus cymbidii,+ssRNA
Potexvirus,12176,1.95,0.75,2.3,,0.18,6.48,4.23,9.57,4.8,2.03,1.42,1.65,6.07,2.1,3.8,38198.0,Vanda,Riboviria,Orthornavirae,Kitrinoviricota,Alsuviricetes,Tymovirales,Alphaflexiviridae,Potexvirus,Potexvirus cymbidii,+ssRNA
Potexvirus,12176,1.95,0.75,2.3,,0.18,6.48,4.23,9.57,4.8,2.03,1.42,1.65,6.07,2.1,3.8,38234.0,Epidendrum,Riboviria,Orthornavirae,Kitrinoviricota,Alsuviricetes,Tymovirales,Alphaflexiviridae,Potexvirus,Potexvirus cymbidii,+ssRNA
Potexvirus,12176,1.95,0.75,2.3,,0.18,6.48,4.23,9.57,4.8,2.03,1.42,1.65,6.07,2.1,3.8,38236.0,Cattleya,Riboviria,Orthornavirae,Kitrinoviricota,Alsuviricetes,Tymovirales,Alphaflexiviridae,Potexvirus,Potexvirus cymbidii,+ssRNA
Potexvirus,12176,1.95,0.75,2.3,,0.18,6.48,4.23,9.57,4.8,2.03,1.42,1.65,6.07,2.1,3.8,45173.0,Oncidium,Riboviria,Orthornavirae,Kitrinoviricota,Alsuviricetes,Tymovirales,Alphaflexiviridae,Potexvirus,Potexvirus cymbidii,+ssRNA
Potexvirus,12176,1.95,0.75,2.3,,0.18,6.48,4.23,9.57,4.8,2.03,1.42,1.65,6.07,2.1,3.8,78858.0,Zygopetalum,Riboviria,Orthornavirae,Kitrinoviricota,Alsuviricetes,Tymovirales,Alphaflexiviridae,Potexvirus,Potexvirus cymbidii,+ssRNA
Potexvirus,12176,1.95,0.75,2.3,,0.18,6.48,4.23,9.57,4.8,2.03,1.42,1.65,6.07,2.1,3.8,112603.0,Cymbidium aloifolium,Riboviria,Orthornavirae,Kitrinoviricota,Alsuviricetes,Tymovirales,Alphaflexiviridae,Potexvirus,Potexvirus cymbidii,+ssRNA
Potexvirus,12176,1.95,0.75,2.3,,0.18,6.48,4.23,9.57,4.8,2.03,1.42,1.65,6.07,2.1,3.8,120015.0,Phaius tancarvilleae,Riboviria,Orthornavirae,Kitrinoviricota,Alsuviricetes,Tymovirales,Alphaflexiviridae,Potexvirus,Potexvirus cymbidii,+ssRNA
Potexvirus,12176,1.95,0.75,2.3,,0.18,6.48,4.23,9.57,4.8,2.03,1.42,1.65,6.07,2.1,3.8,123155.0,Laelia,Riboviria,Orthornavirae,Kitrinoviricota,Alsuviricetes,Tymovirales,Alphaflexiviridae,Potexvirus,Potexvirus cymbidii,+ssRNA
Potexvirus,12176,1.95,0.75,2.3,,0.18,6.48,4.23,9.57,4.8,2.03,1.42,1.65,6.07,2.1,3.8,141750.0,Coelogyne imbricata,Riboviria,Orthornavirae,Kitrinoviricota,Alsuviricetes,Tymovirales,Alphaflexiviridae,Potexvirus,Potexvirus cymbidii,+ssRNA
Potexvirus,12176,1.95,0.75,2.3,,0.18,6.48,4.23,9.57,4.8,2.03,1.42,1.65,6.07,2.1,3.8,160533.0,Cymbidium iridioides,Riboviria,Orthornavirae,Kitrinoviricota,Alsuviricetes,Tymovirales,Alphaflexiviridae,Potexvirus,Potexvirus cymbidii,+ssRNA
Potexvirus,12176,1.95,0.75,2.3,,0.18,6.48,4.23,9.57,4.8,2.03,1.42,1.65,6.07,2.1,3.8,4309.0,Euonymus maackii,Riboviria,Orthornavirae,Kitrinoviricota,Alsuviricetes,Tymovirales,Alphaflexiviridae,Potexvirus,Potexvirus flavimaculae,+ssRNA
Potexvirus,12176,1.95,0.75,2.3,,0.18,6.48,4.23,9.57,4.8,2.03,1.42,1.65,6.07,2.1,3.8,4555.0,Setaria italica,Riboviria,Orthornavirae,Kitrinoviricota,Alsuviricetes,Tymovirales,Alphaflexiviridae,Potexvirus,Potexvirus setariae,+ssRNA
Potexvirus,12176,1.95,0.75,2.3,,0.18,6.48,4.23,9.57,4.8,2.03,1.42,1.65,6.07,2.1,3.8,4556.0,Setaria viridis,Riboviria,Orthornavirae,Kitrinoviricota,Alsuviricetes,Tymovirales,Alphaflexiviridae,Potexvirus,Potexvirus setariae,+ssRNA
Potexvirus,12176,1.95,0.75,2.3,,0.18,6.48,4.23,9.57,4.8,2.03,1.42,1.65,6.07,2.1,3.8,13090.0,Hosta,Riboviria,Orthornavirae,Kitrinoviricota,Alsuviricetes,Tymovirales,Alphaflexiviridae,Potexvirus,Potexvirus ecshostae,+ssRNA
Potexvirus,12176,1.95,0.75,2.3,,0.18,6.48,4.23,9.57,4.8,2.03,1.42,1.65,6.07,2.1,3.8,1035810.0,Hosta minor,Riboviria,Orthornavirae,Kitrinoviricota,Alsuviricetes,Tymovirales,Alphaflexiviridae,Potexvirus,Potexvirus ecshostae,+ssRNA
Potexvirus,12176,1.95,0.75,2.3,,0.18,6.48,4.23,9.57,4.8,2.03,1.42,1.65,6.07,2.1,3.8,23109.0,Hydrangea,Riboviria,Orthornavirae,Kitrinoviricota,Alsuviricetes,Tymovirales,Alphaflexiviridae,Potexvirus,Potexvirus hydrangeae,+ssRNA
Potexvirus,12176,1.95,0.75,2.3,,0.18,6.48,4.23,9.57,4.8,2.03,1.42,1.65,6.07,2.1,3.8,2706.0,Citrus,Riboviria,Orthornavirae,Kitrinoviricota,Alsuviricetes,Tymovirales,Alphaflexiviridae,Potexvirus,Mandarivirus,+ssRNA
Potexvirus,12176,1.95,0.75,2.3,,0.18,6.48,4.23,9.57,4.8,2.03,1.42,1.65,6.07,2.1,3.8,4236.0,Lactuca sativa,Riboviria,Orthornavirae,Kitrinoviricota,Alsuviricetes,Tymovirales,Alphaflexiviridae,Potexvirus,Potexvirus ecslactucae,+ssRNA
Potexvirus,12176,1.95,0.75,2.3,,0.18,6.48,4.23,9.57,4.8,2.03,1.42,1.65,6.07,2.1,3.8,63788.0,Lilium formosanum,Riboviria,Orthornavirae,Kitrinoviricota,Alsuviricetes,Tymovirales,Alphaflexiviridae,Potexvirus,Potexvirus ecslilii,+ssRNA
Potexvirus,12176,1.95,0.75,2.3,,0.18,6.48,4.23,9.57,4.8,2.03,1.42,1.65,6.07,2.1,3.8,183277.0,Malva neglecta,Riboviria,Orthornavirae,Kitrinoviricota,Alsuviricetes,Tymovirales,Alphaflexiviridae,Potexvirus,Potexvirus malvae,+ssRNA
Potexvirus,12176,1.95,0.75,2.3,,0.18,6.48,4.23,9.57,4.8,2.03,1.42,1.65,6.07,2.1,3.8,241069.0,Mentha x gracilis,Riboviria,Orthornavirae,Kitrinoviricota,Alsuviricetes,Tymovirales,Alphaflexiviridae,Potexvirus,Potexvirus ecsmenthae,+ssRNA
Potexvirus,12176,1.95,0.75,2.3,,0.18,6.48,4.23,9.57,4.8,2.03,1.42,1.65,6.07,2.1,3.8,41775.0,Nandina,Riboviria,Orthornavirae,Kitrinoviricota,Alsuviricetes,Tymovirales,Alphaflexiviridae,Potexvirus,Potexvirus marmorplantagonis,+ssRNA
Potexvirus,12176,1.95,0.75,2.3,,0.18,6.48,4.23,9.57,4.8,2.03,1.42,1.65,6.07,2.1,3.8,39639.0,Narcissus pseudonarcissus,Riboviria,Orthornavirae,Kitrinoviricota,Alsuviricetes,Tymovirales,Alphaflexiviridae,Potexvirus,Potexvirus narcissi,+ssRNA
Potexvirus,12176,1.95,0.75,2.3,,0.18,6.48,4.23,9.57,4.8,2.03,1.42,1.65,6.07,2.1,3.8,51427.0,Agapanthus campanulatus,Riboviria,Orthornavirae,Kitrinoviricota,Alsuviricetes,Tymovirales,Alphaflexiviridae,Potexvirus,Potexvirus ecsnerinis,+ssRNA
Potexvirus,12176,1.95,0.75,2.3,,0.18,6.48,4.23,9.57,4.8,2.03,1.42,1.65,6.07,2.1,3.8,180152.0,Nerine sarniensis,Riboviria,Orthornavirae,Kitrinoviricota,Alsuviricetes,Tymovirales,Alphaflexiviridae,Potexvirus,Potexvirus ecsnerinis,+ssRNA
Potexvirus,12176,1.95,0.75,2.3,,0.18,6.48,4.23,9.57,4.8,2.03,1.42,1.65,6.07,2.1,3.8,106975.0,Opuntia,Riboviria,Orthornavirae,Kitrinoviricota,Alsuviricetes,Tymovirales,Alphaflexiviridae,Potexvirus,Potexvirus ecsopuntiae,+ssRNA
Potexvirus,12176,1.95,0.75,2.3,,0.18,6.48,4.23,9.57,4.8,2.03,1.42,1.65,6.07,2.1,3.8,108055.0,Ullucus tuberosus,Riboviria,Orthornavirae,Kitrinoviricota,Alsuviricetes,Tymovirales,Alphaflexiviridae,Potexvirus,Potexvirus papayae,+ssRNA
Potexvirus,12176,1.95,0.75,2.3,,0.18,6.48,4.23,9.57,4.8,2.03,1.42,1.65,6.07,2.1,3.8,4081.0,Solanum lycopersicum,Riboviria,Orthornavirae,Kitrinoviricota,Alsuviricetes,Tymovirales,Alphaflexiviridae,Potexvirus,Potexvirus pepini,+ssRNA
Potexvirus,12176,1.95,0.75,2.3,,0.18,6.48,4.23,9.57,4.8,2.03,1.42,1.65,6.07,2.1,3.8,81866.0,Nicotiana clevelandii,Riboviria,Orthornavirae,Kitrinoviricota,Alsuviricetes,Tymovirales,Alphaflexiviridae,Potexvirus,Potexvirus pepini,+ssRNA
Potexvirus,12176,1.95,0.75,2.3,,0.18,6.48,4.23,9.57,4.8,2.03,1.42,1.65,6.07,2.1,3.8,205567.0,Solanum muricatum,Riboviria,Orthornavirae,Kitrinoviricota,Alsuviricetes,Tymovirales,Alphaflexiviridae,Potexvirus,Potexvirus pepini,+ssRNA
Potexvirus,12176,1.95,0.75,2.3,,0.18,6.48,4.23,9.57,4.8,2.03,1.42,1.65,6.07,2.1,3.8,221775.0,Gomphrena globosa,Riboviria,Orthornavirae,Kitrinoviricota,Alsuviricetes,Tymovirales,Alphaflexiviridae,Potexvirus,Potexvirus pepini,+ssRNA
Potexvirus,12176,1.95,0.75,2.3,,0.18,6.48,4.23,9.57,4.8,2.03,1.42,1.65,6.07,2.1,3.8,3043474.0,Calanthe flava,Riboviria,Orthornavirae,Kitrinoviricota,Alsuviricetes,Tymovirales,Alphaflexiviridae,Potexvirus,Potexvirus ecsphaii,+ssRNA
Potexvirus,12176,1.95,0.75,2.3,,0.18,6.48,4.23,9.57,4.8,2.03,1.42,1.65,6.07,2.1,3.8,3243256.0,Selenicereus sp.,Riboviria,Orthornavirae,Kitrinoviricota,Alsuviricetes,Tymovirales,Alphaflexiviridae,Potexvirus,Potexvirus ecspitayae,+ssRNA
Potexvirus,12176,1.95,0.75,2.3,,0.18,6.48,4.23,9.57,4.8,2.03,1.42,1.65,6.07,2.1,3.8,197796.0,Plantago asiatica,Riboviria,Orthornavirae,Kitrinoviricota,Alsuviricetes,Tymovirales,Alphaflexiviridae,Potexvirus,Potexvirus marmorplantagonis,+ssRNA
Potexvirus,12176,1.95,0.75,2.3,,0.18,6.48,4.23,9.57,4.8,2.03,1.42,1.65,6.07,2.1,3.8,78511.0,Ribes nigrum,Riboviria,Orthornavirae,Kitrinoviricota,Alsuviricetes,Tymovirales,Alphaflexiviridae,Potexvirus,Potexvirus ecsplantagonis,+ssRNA
Potexvirus,12176,1.95,0.75,2.3,,0.18,6.48,4.23,9.57,4.8,2.03,1.42,1.65,6.07,2.1,3.8,4113.0,Solanum tuberosum,Riboviria,Orthornavirae,Kitrinoviricota,Alsuviricetes,Tymovirales,Alphaflexiviridae,Potexvirus,Potexvirus marmoraucuba,+ssRNA
Potexvirus,12176,1.95,0.75,2.3,,0.18,6.48,4.23,9.57,4.8,2.03,1.42,1.65,6.07,2.1,3.8,3711.0,Brassica rapa,Riboviria,Orthornavirae,Kitrinoviricota,Alsuviricetes,Tymovirales,Alphaflexiviridae,Potexvirus,Potexvirus ecspotati,+ssRNA
Potexvirus,12176,1.95,0.75,2.3,,0.18,6.48,4.23,9.57,4.8,2.03,1.42,1.65,6.07,2.1,3.8,103543.0,Phlox stolonifera,Riboviria,Orthornavirae,Kitrinoviricota,Alsuviricetes,Tymovirales,Alphaflexiviridae,Potexvirus,,+ssRNA
Potexvirus,12176,1.95,0.75,2.3,,0.18,6.48,4.23,9.57,4.8,2.03,1.42,1.65,6.07,2.1,3.8,4678.0,Allium,Riboviria,Orthornavirae,Kitrinoviricota,Alsuviricetes,Tymovirales,Alphaflexiviridae,Potexvirus,,+ssRNA
Potexvirus,12176,1.95,0.75,2.3,,0.18,6.48,4.23,9.57,4.8,2.03,1.42,1.65,6.07,2.1,3.8,3542.0,Aizoaceae,Riboviria,Orthornavirae,Kitrinoviricota,Alsuviricetes,Tymovirales,Alphaflexiviridae,Potexvirus,,+ssRNA
Potexvirus,12176,1.95,0.75,2.3,,0.18,6.48,4.23,9.57,4.8,2.03,1.42,1.65,6.07,2.1,3.8,3563.0,Amaranthaceae,Riboviria,Orthornavirae,Kitrinoviricota,Alsuviricetes,Tymovirales,Alphaflexiviridae,Potexvirus,,+ssRNA
Potexvirus,12176,1.95,0.75,2.3,,0.18,6.48,4.23,9.57,4.8,2.03,1.42,1.65,6.07,2.1,3.8,3629.0,Malvaceae,Riboviria,Orthornavirae,Kitrinoviricota,Alsuviricetes,Tymovirales,Alphaflexiviridae,Potexvirus,,+ssRNA
Potexvirus,12176,1.95,0.75,2.3,,0.18,6.48,4.23,9.57,4.8,2.03,1.42,1.65,6.07,2.1,3.8,3650.0,Cucurbitaceae,Riboviria,Orthornavirae,Kitrinoviricota,Alsuviricetes,Tymovirales,Alphaflexiviridae,Potexvirus,,+ssRNA
Potexvirus,12176,1.95,0.75,2.3,,0.18,6.48,4.23,9.57,4.8,2.03,1.42,1.65,6.07,2.1,3.8,3803.0,Fabaceae,Riboviria,Orthornavirae,Kitrinoviricota,Alsuviricetes,Tymovirales,Alphaflexiviridae,Potexvirus,,+ssRNA
Potexvirus,12176,1.95,0.75,2.3,,0.18,6.48,4.23,9.57,4.8,2.03,1.42,1.65,6.07,2.1,3.8,4070.0,Solanaceae,Riboviria,Orthornavirae,Kitrinoviricota,Alsuviricetes,Tymovirales,Alphaflexiviridae,Potexvirus,,+ssRNA
Potexvirus,12176,1.95,0.75,2.3,,0.18,6.48,4.23,9.57,4.8,2.03,1.42,1.65,6.07,2.1,3.8,4180.0,Pedaliaceae,Riboviria,Orthornavirae,Kitrinoviricota,Alsuviricetes,Tymovirales,Alphaflexiviridae,Potexvirus,,+ssRNA
Potexvirus,12176,1.95,0.75,2.3,,0.18,6.48,4.23,9.57,4.8,2.03,1.42,1.65,6.07,2.1,3.8,4210.0,Asteraceae,Riboviria,Orthornavirae,Kitrinoviricota,Alsuviricetes,Tymovirales,Alphaflexiviridae,Potexvirus,,+ssRNA
Potexvirus,12176,1.95,0.75,2.3,,0.18,6.48,4.23,9.57,4.8,2.03,1.42,1.65,6.07,2.1,3.8,4479.0,Poaceae,Riboviria,Orthornavirae,Kitrinoviricota,Alsuviricetes,Tymovirales,Alphaflexiviridae,Potexvirus,,+ssRNA
Potexvirus,12176,1.95,0.75,2.3,,0.18,6.48,4.23,9.57,4.8,2.03,1.42,1.65,6.07,2.1,3.8,56741.0,Alstroemeria,Riboviria,Orthornavirae,Kitrinoviricota,Alsuviricetes,Tymovirales,Alphaflexiviridae,Potexvirus,,+ssRNA
Potexvirus,12176,1.95,0.75,2.3,,0.18,6.48,4.23,9.57,4.8,2.03,1.42,1.65,6.07,2.1,3.8,29715.0,Ambrosia psilostachya,Riboviria,Orthornavirae,Kitrinoviricota,Alsuviricetes,Tymovirales,Alphaflexiviridae,Potexvirus,,+ssRNA
Potexvirus,12176,1.95,0.75,2.3,,0.18,6.48,4.23,9.57,4.8,2.03,1.42,1.65,6.07,2.1,3.8,371859.0,Opuntia ficus-indica,Riboviria,Orthornavirae,Kitrinoviricota,Alsuviricetes,Tymovirales,Alphaflexiviridae,Potexvirus,unclassified Potexvirus,+ssRNA
Potexvirus,12176,1.95,0.75,2.3,,0.18,6.48,4.23,9.57,4.8,2.03,1.42,1.65,6.07,2.1,3.8,3594.0,Schlumbergera,Riboviria,Orthornavirae,Kitrinoviricota,Alsuviricetes,Tymovirales,Alphaflexiviridae,Potexvirus,Potexvirus ecschlumbergerae,+ssRNA
Potexvirus,12176,1.95,0.75,2.3,,0.18,6.48,4.23,9.57,4.8,2.03,1.42,1.65,6.07,2.1,3.8,57918.0,Fragaria vesca,Riboviria,Orthornavirae,Kitrinoviricota,Alsuviricetes,Tymovirales,Alphaflexiviridae,Potexvirus,Potexvirus fragariae,+ssRNA
Potexvirus,12176,1.95,0.75,2.3,,0.18,6.48,4.23,9.57,4.8,2.03,1.42,1.65,6.07,2.1,3.8,59498.0,Rubus rosifolius,Riboviria,Orthornavirae,Kitrinoviricota,Alsuviricetes,Tymovirales,Alphaflexiviridae,Potexvirus,Potexvirus fragariae,+ssRNA
Potexvirus,12176,1.95,0.75,2.3,,0.18,6.48,4.23,9.57,4.8,2.03,1.42,1.65,6.07,2.1,3.8,55634.0,Dioscorea communis,Riboviria,Orthornavirae,Kitrinoviricota,Alsuviricetes,Tymovirales,Alphaflexiviridae,Potexvirus,Potexvirus marmordioscoreae,+ssRNA
Potexvirus,12176,1.95,0.75,2.3,,0.18,6.48,4.23,9.57,4.8,2.03,1.42,1.65,6.07,2.1,3.8,13306.0,Tulipa gesneriana,Riboviria,Orthornavirae,Kitrinoviricota,Alsuviricetes,Tymovirales,Alphaflexiviridae,Potexvirus,Potexvirus ecstulipae,+ssRNA
Potexvirus,12176,1.95,0.75,2.3,,0.18,6.48,4.23,9.57,4.8,2.03,1.42,1.65,6.07,2.1,3.8,55497.0,Thalassia testudinum,Riboviria,Orthornavirae,Kitrinoviricota,Alsuviricetes,Tymovirales,Alphaflexiviridae,Potexvirus,Potexvirus ecsthalassiae,+ssRNA
Potexvirus,12176,1.95,0.75,2.3,,0.18,6.48,4.23,9.57,4.8,2.03,1.42,1.65,6.07,2.1,3.8,51239.0,Vanilla planifolia,Riboviria,Orthornavirae,Kitrinoviricota,Alsuviricetes,Tymovirales,Alphaflexiviridae,Potexvirus,Potexvirus ecsvanillae,+ssRNA
Potexvirus,12176,1.95,0.75,2.3,,0.18,6.48,4.23,9.57,4.8,2.03,1.42,1.65,6.07,2.1,3.8,55581.0,Dioscorea trifida,Riboviria,Orthornavirae,Kitrinoviricota,Alsuviricetes,Tymovirales,Alphaflexiviridae,Potexvirus,Potexvirus ecsdioscoreae,+ssRNA
Tobamovirus,12234,62.74,57.45,47.2,,2.8,51.34,45.74,33.02,44.94,57.96,44.43,44.91,44.28,53.3,43.58,4071.0,Capsicum,Riboviria,Orthornavirae,Kitrinoviricota,Alsuviricetes,Martellivirales,Virgaviridae,Tobamovirus,Tobamovirus maculacapsici,+ssRNA
Tobamovirus,12234,62.74,57.45,47.2,,2.8,51.34,45.74,33.02,44.94,57.96,44.43,44.91,44.28,53.3,43.58,4100.0,Nicotiana benthamiana,Riboviria,Orthornavirae,Kitrinoviricota,Alsuviricetes,Martellivirales,Virgaviridae,Tobamovirus,Tobamovirus maculacapsici,+ssRNA
Tobamovirus,12234,62.74,57.45,47.2,,2.8,51.34,45.74,33.02,44.94,57.96,44.43,44.91,44.28,53.3,43.58,35889.0,Nicotiana glutinosa,Riboviria,Orthornavirae,Kitrinoviricota,Alsuviricetes,Martellivirales,Virgaviridae,Tobamovirus,Tobamovirus maculacapsici,+ssRNA
Tobamovirus,12234,62.74,57.45,47.2,,2.8,51.34,45.74,33.02,44.94,57.96,44.43,44.91,44.28,53.3,43.58,223891.0,Solanum virginianum,Riboviria,Orthornavirae,Kitrinoviricota,Alsuviricetes,Martellivirales,Virgaviridae,Tobamovirus,Tobamovirus maculacapsici,+ssRNA
Tobamovirus,12234,62.74,57.45,47.2,,2.8,51.34,45.74,33.02,44.94,57.96,44.43,44.91,44.28,53.3,43.58,301914.0,Brugmansia,Riboviria,Orthornavirae,Kitrinoviricota,Alsuviricetes,Martellivirales,Virgaviridae,Tobamovirus,Tobamovirus brugmansiae,+ssRNA
Tobamovirus,12234,62.74,57.45,47.2,,2.8,51.34,45.74,33.02,44.94,57.96,44.43,44.91,44.28,53.3,43.58,3342679.0,Brugmansia sp.,Riboviria,Orthornavirae,Kitrinoviricota,Alsuviricetes,Martellivirales,Virgaviridae,Tobamovirus,Tobamovirus brugmansiae,+ssRNA
Tobamovirus,12234,62.74,57.45,47.2,,2.8,51.34,45.74,33.02,44.94,57.96,44.43,44.91,44.28,53.3,43.58,484760.0,Gymnocalycium mihanovichii,Riboviria,Orthornavirae,Kitrinoviricota,Alsuviricetes,Martellivirales,Virgaviridae,Tobamovirus,Tobamovirus cacti,+ssRNA
Tobamovirus,12234,62.74,57.45,47.2,,2.8,51.34,45.74,33.02,44.94,57.96,44.43,44.91,44.28,53.3,43.58,43366.0,Clitoria ternatea,Riboviria,Orthornavirae,Kitrinoviricota,Alsuviricetes,Martellivirales,Virgaviridae,Tobamovirus,Tobamovirus clitoriae,+ssRNA
Tobamovirus,12234,62.74,57.45,47.2,,2.8,51.34,45.74,33.02,44.94,57.96,44.43,44.91,44.28,53.3,43.58,3659.0,Cucumis sativus,Riboviria,Orthornavirae,Kitrinoviricota,Alsuviricetes,Martellivirales,Virgaviridae,Tobamovirus,Tobamovirus maculafructi,+ssRNA
Tobamovirus,12234,62.74,57.45,47.2,,2.8,51.34,45.74,33.02,44.94,57.96,44.43,44.91,44.28,53.3,43.58,869827.0,Cucumis sativus var. sativus,Riboviria,Orthornavirae,Kitrinoviricota,Alsuviricetes,Martellivirales,Virgaviridae,Tobamovirus,Tobamovirus maculafructi,+ssRNA
Tobamovirus,12234,62.74,57.45,47.2,,2.8,51.34,45.74,33.02,44.94,57.96,44.43,44.91,44.28,53.3,43.58,3653.0,Citrullus,Riboviria,Orthornavirae,Kitrinoviricota,Alsuviricetes,Martellivirales,Virgaviridae,Tobamovirus,Tobamovirus viridimaculae,+ssRNA
Tobamovirus,12234,62.74,57.45,47.2,,2.8,51.34,45.74,33.02,44.94,57.96,44.43,44.91,44.28,53.3,43.58,3668.0,Lagenaria siceraria,Riboviria,Orthornavirae,Kitrinoviricota,Alsuviricetes,Martellivirales,Virgaviridae,Tobamovirus,Tobamovirus viridimaculae,+ssRNA
Tobamovirus,12234,62.74,57.45,47.2,,2.8,51.34,45.74,33.02,44.94,57.96,44.43,44.91,44.28,53.3,43.58,3656.0,Cucumis melo,Riboviria,Orthornavirae,Kitrinoviricota,Alsuviricetes,Martellivirales,Virgaviridae,Tobamovirus,Tobamovirus cucumeris,+ssRNA
Tobamovirus,12234,62.74,57.45,47.2,,2.8,51.34,45.74,33.02,44.94,57.96,44.43,44.91,44.28,53.3,43.58,62097.0,Plumeria rubra,Riboviria,Orthornavirae,Kitrinoviricota,Alsuviricetes,Martellivirales,Virgaviridae,Tobamovirus,Tobamovirus frangipani,+ssRNA
Tobamovirus,12234,62.74,57.45,47.2,,2.8,51.34,45.74,33.02,44.94,57.96,44.43,44.91,44.28,53.3,43.58,47605.0,Hibiscus,Riboviria,Orthornavirae,Kitrinoviricota,Alsuviricetes,Martellivirales,Virgaviridae,Tobamovirus,Tobamovirus fortpiercense,+ssRNA
Tobamovirus,12234,62.74,57.45,47.2,,2.8,51.34,45.74,33.02,44.94,57.96,44.43,44.91,44.28,53.3,43.58,1617259.0,Hoya wayetii,Riboviria,Orthornavirae,Kitrinoviricota,Alsuviricetes,Martellivirales,Virgaviridae,Tobamovirus,unclassified Tobamovirus,+ssRNA
Tobamovirus,12234,62.74,57.45,47.2,,2.8,51.34,45.74,33.02,44.94,57.96,44.43,44.91,44.28,53.3,43.58,3654.0,Citrullus lanatus,Riboviria,Orthornavirae,Kitrinoviricota,Alsuviricetes,Martellivirales,Virgaviridae,Tobamovirus,Tobamovirus kyuri,+ssRNA
Tobamovirus,12234,62.74,57.45,47.2,,2.8,51.34,45.74,33.02,44.94,57.96,44.43,44.91,44.28,53.3,43.58,3661.0,Cucurbita maxima,Riboviria,Orthornavirae,Kitrinoviricota,Alsuviricetes,Martellivirales,Virgaviridae,Tobamovirus,Tobamovirus kyuri,+ssRNA
Tobamovirus,12234,62.74,57.45,47.2,,2.8,51.34,45.74,33.02,44.94,57.96,44.43,44.91,44.28,53.3,43.58,3662.0,Cucurbita moschata,Riboviria,Orthornavirae,Kitrinoviricota,Alsuviricetes,Martellivirales,Virgaviridae,Tobamovirus,Tobamovirus kyuri,+ssRNA
Tobamovirus,12234,62.74,57.45,47.2,,2.8,51.34,45.74,33.02,44.94,57.96,44.43,44.91,44.28,53.3,43.58,3663.0,Cucurbita pepo,Riboviria,Orthornavirae,Kitrinoviricota,Alsuviricetes,Martellivirales,Virgaviridae,Tobamovirus,Tobamovirus kyuri,+ssRNA
Tobamovirus,12234,62.74,57.45,47.2,,2.8,51.34,45.74,33.02,44.94,57.96,44.43,44.91,44.28,53.3,43.58,3670.0,Luffa aegyptiaca,Riboviria,Orthornavirae,Kitrinoviricota,Alsuviricetes,Martellivirales,Virgaviridae,Tobamovirus,Tobamovirus kyuri,+ssRNA
Tobamovirus,12234,62.74,57.45,47.2,,2.8,51.34,45.74,33.02,44.94,57.96,44.43,44.91,44.28,53.3,43.58,4076.0,Datura stramonium,Riboviria,Orthornavirae,Kitrinoviricota,Alsuviricetes,Martellivirales,Virgaviridae,Tobamovirus,Tobamovirus kyuri,+ssRNA
Tobamovirus,12234,62.74,57.45,47.2,,2.8,51.34,45.74,33.02,44.94,57.96,44.43,44.91,44.28,53.3,43.58,78168.0,Passiflora edulis,Riboviria,Orthornavirae,Kitrinoviricota,Alsuviricetes,Martellivirales,Virgaviridae,Tobamovirus,Tobamovirus maracujae,+ssRNA
Tobamovirus,12234,62.74,57.45,47.2,,2.8,51.34,45.74,33.02,44.94,57.96,44.43,44.91,44.28,53.3,43.58,4097.0,Nicotiana tabacum,Riboviria,Orthornavirae,Kitrinoviricota,Alsuviricetes,Martellivirales,Virgaviridae,Tobamovirus,Tobamovirus obudae,+ssRNA
Tobamovirus,12234,62.74,57.45,47.2,,2.8,51.34,45.74,33.02,44.94,57.96,44.43,44.91,44.28,53.3,43.58,4112.0,Solanum nigrum,Riboviria,Orthornavirae,Kitrinoviricota,Alsuviricetes,Martellivirales,Virgaviridae,Tobamovirus,Tobamovirus obudae,+ssRNA
Tobamovirus,12234,62.74,57.45,47.2,,2.8,51.34,45.74,33.02,44.94,57.96,44.43,44.91,44.28,53.3,43.58,14366.0,Cymbidium,Riboviria,Orthornavirae,Kitrinoviricota,Alsuviricetes,Martellivirales,Virgaviridae,Tobamovirus,Tobamovirus odontoglossi,+ssRNA
Tobamovirus,12234,62.74,57.45,47.2,,2.8,51.34,45.74,33.02,44.94,57.96,44.43,44.91,44.28,53.3,43.58,45173.0,Oncidium,Riboviria,Orthornavirae,Kitrinoviricota,Alsuviricetes,Martellivirales,Virgaviridae,Tobamovirus,Tobamovirus odontoglossi,+ssRNA
Tobamovirus,12234,62.74,57.45,47.2,,2.8,51.34,45.74,33.02,44.94,57.96,44.43,44.91,44.28,53.3,43.58,371859.0,Opuntia ficus-indica,Riboviria,Orthornavirae,Kitrinoviricota,Alsuviricetes,Martellivirales,Virgaviridae,Tobamovirus,unclassified Tobamovirus,+ssRNA
Tobamovirus,12234,62.74,57.45,47.2,,2.8,51.34,45.74,33.02,44.94,57.96,44.43,44.91,44.28,53.3,43.58,4072.0,Capsicum annuum,Riboviria,Orthornavirae,Kitrinoviricota,Alsuviricetes,Martellivirales,Virgaviridae,Tobamovirus,Tobamovirus paprikae,+ssRNA
Tobamovirus,12234,62.74,57.45,47.2,,2.8,51.34,45.74,33.02,44.94,57.96,44.43,44.91,44.28,53.3,43.58,159425.0,Passiflora incarnata,Riboviria,Orthornavirae,Kitrinoviricota,Alsuviricetes,Martellivirales,Virgaviridae,Tobamovirus,Tobamovirus passiflorae,+ssRNA
Tobamovirus,12234,62.74,57.45,47.2,,2.8,51.34,45.74,33.02,44.94,57.96,44.43,44.91,44.28,53.3,43.58,3906.0,Vicia faba,Riboviria,Orthornavirae,Kitrinoviricota,Alsuviricetes,Martellivirales,Virgaviridae,Tobamovirus,Tobamovirus capsici,+ssRNA
Tobamovirus,12234,62.74,57.45,47.2,,2.8,51.34,45.74,33.02,44.94,57.96,44.43,44.91,44.28,53.3,43.58,1123916.0,Disocactus flagelliformis,Riboviria,Orthornavirae,Kitrinoviricota,Alsuviricetes,Martellivirales,Virgaviridae,Tobamovirus,Tobamovirus muricaudae,+ssRNA
Tobamovirus,12234,62.74,57.45,47.2,,2.8,51.34,45.74,33.02,44.94,57.96,44.43,44.91,44.28,53.3,43.58,99300.0,Rehmannia glutinosa,Riboviria,Orthornavirae,Kitrinoviricota,Alsuviricetes,Martellivirales,Virgaviridae,Tobamovirus,Tobamovirus rehmanniae,+ssRNA
Tobamovirus,12234,62.74,57.45,47.2,,2.8,51.34,45.74,33.02,44.94,57.96,44.43,44.91,44.28,53.3,43.58,29818.0,Plantago major,Riboviria,Orthornavirae,Kitrinoviricota,Alsuviricetes,Martellivirales,Virgaviridae,Tobamovirus,Tobamovirus plantagonis,+ssRNA
Tobamovirus,12234,62.74,57.45,47.2,,2.8,51.34,45.74,33.02,44.94,57.96,44.43,44.91,44.28,53.3,43.58,39414.0,Plantago lanceolata,Riboviria,Orthornavirae,Kitrinoviricota,Alsuviricetes,Martellivirales,Virgaviridae,Tobamovirus,Tobamovirus plantagonis,+ssRNA
Tobamovirus,12234,62.74,57.45,47.2,,2.8,51.34,45.74,33.02,44.94,57.96,44.43,44.91,44.28,53.3,43.58,49450.0,Digitalis lanata,Riboviria,Orthornavirae,Kitrinoviricota,Alsuviricetes,Martellivirales,Virgaviridae,Tobamovirus,Tobamovirus plantagonis,+ssRNA
Tobamovirus,12234,62.74,57.45,47.2,,2.8,51.34,45.74,33.02,44.94,57.96,44.43,44.91,44.28,53.3,43.58,52853.0,Silene latifolia subsp. alba,Riboviria,Orthornavirae,Kitrinoviricota,Alsuviricetes,Martellivirales,Virgaviridae,Tobamovirus,Tobamovirus plantagonis,+ssRNA
Tobamovirus,12234,62.74,57.45,47.2,,2.8,51.34,45.74,33.02,44.94,57.96,44.43,44.91,44.28,53.3,43.58,65951.0,Rorippa amphibia,Riboviria,Orthornavirae,Kitrinoviricota,Alsuviricetes,Martellivirales,Virgaviridae,Tobamovirus,Tobamovirus plantagonis,+ssRNA
Tobamovirus,12234,62.74,57.45,47.2,,2.8,51.34,45.74,33.02,44.94,57.96,44.43,44.91,44.28,53.3,43.58,65952.0,Rorippa sylvestris,Riboviria,Orthornavirae,Kitrinoviricota,Alsuviricetes,Martellivirales,Virgaviridae,Tobamovirus,Tobamovirus plantagonis,+ssRNA
Tobamovirus,12234,62.74,57.45,47.2,,2.8,51.34,45.74,33.02,44.94,57.96,44.43,44.91,44.28,53.3,43.58,75806.0,Eutrema japonicum,Riboviria,Orthornavirae,Kitrinoviricota,Alsuviricetes,Martellivirales,Virgaviridae,Tobamovirus,Tobamovirus plantagonis,+ssRNA
Tobamovirus,12234,62.74,57.45,47.2,,2.8,51.34,45.74,33.02,44.94,57.96,44.43,44.91,44.28,53.3,43.58,203579.0,Sisymbrium loeselii,Riboviria,Orthornavirae,Kitrinoviricota,Alsuviricetes,Martellivirales,Virgaviridae,Tobamovirus,Tobamovirus plantagonis,+ssRNA
Tobamovirus,12234,62.74,57.45,47.2,,2.8,51.34,45.74,33.02,44.94,57.96,44.43,44.91,44.28,53.3,43.58,4093.0,Nicotiana rustica,Riboviria,Orthornavirae,Kitrinoviricota,Alsuviricetes,Martellivirales,Virgaviridae,Tobamovirus,Tobamovirus streptocarpi,+ssRNA
Tobamovirus,12234,62.74,57.45,47.2,,2.8,51.34,45.74,33.02,44.94,57.96,44.43,44.91,44.28,53.3,43.58,4102.0,Petunia x hybrida,Riboviria,Orthornavirae,Kitrinoviricota,Alsuviricetes,Martellivirales,Virgaviridae,Tobamovirus,Tobamovirus streptocarpi,+ssRNA
Tobamovirus,12234,62.74,57.45,47.2,,2.8,51.34,45.74,33.02,44.94,57.96,44.43,44.91,44.28,53.3,43.58,26254.0,Streptocarpus,Riboviria,Orthornavirae,Kitrinoviricota,Alsuviricetes,Martellivirales,Virgaviridae,Tobamovirus,Tobamovirus streptocarpi,+ssRNA
Tobamovirus,12234,62.74,57.45,47.2,,2.8,51.34,45.74,33.02,44.94,57.96,44.43,44.91,44.28,53.3,43.58,63459.0,Chenopodium quinoa,Riboviria,Orthornavirae,Kitrinoviricota,Alsuviricetes,Martellivirales,Virgaviridae,Tobamovirus,Tobamovirus streptocarpi,+ssRNA
Tobamovirus,12234,62.74,57.45,47.2,,2.8,51.34,45.74,33.02,44.94,57.96,44.43,44.91,44.28,53.3,43.58,81866.0,Nicotiana clevelandii,Riboviria,Orthornavirae,Kitrinoviricota,Alsuviricetes,Martellivirales,Virgaviridae,Tobamovirus,Tobamovirus streptocarpi,+ssRNA
Tobamovirus,12234,62.74,57.45,47.2,,2.8,51.34,45.74,33.02,44.94,57.96,44.43,44.91,44.28,53.3,43.58,200313.0,Nicotiana occidentalis,Riboviria,Orthornavirae,Kitrinoviricota,Alsuviricetes,Martellivirales,Virgaviridae,Tobamovirus,Tobamovirus streptocarpi,+ssRNA
Tobamovirus,12234,62.74,57.45,47.2,,2.8,51.34,45.74,33.02,44.94,57.96,44.43,44.91,44.28,53.3,43.58,3829.0,Crotalaria juncea,Riboviria,Orthornavirae,Kitrinoviricota,Alsuviricetes,Martellivirales,Virgaviridae,Tobamovirus,Tobamovirus crotalariae,+ssRNA
Tobamovirus,12234,62.74,57.45,47.2,,2.8,51.34,45.74,33.02,44.94,57.96,44.43,44.91,44.28,53.3,43.58,3885.0,Phaseolus vulgaris,Riboviria,Orthornavirae,Kitrinoviricota,Alsuviricetes,Martellivirales,Virgaviridae,Tobamovirus,Tobamovirus crotalariae,+ssRNA
Tobamovirus,12234,62.74,57.45,47.2,,2.8,51.34,45.74,33.02,44.94,57.96,44.43,44.91,44.28,53.3,43.58,3917.0,Vigna unguiculata,Riboviria,Orthornavirae,Kitrinoviricota,Alsuviricetes,Martellivirales,Virgaviridae,Tobamovirus,Tobamovirus crotalariae,+ssRNA
Tobamovirus,12234,62.74,57.45,47.2,,2.8,51.34,45.74,33.02,44.94,57.96,44.43,44.91,44.28,53.3,43.58,35936.0,Lablab purpureus,Riboviria,Orthornavirae,Kitrinoviricota,Alsuviricetes,Martellivirales,Virgaviridae,Tobamovirus,Tobamovirus crotalariae,+ssRNA
Tobamovirus,12234,62.74,57.45,47.2,,2.8,51.34,45.74,33.02,44.94,57.96,44.43,44.91,44.28,53.3,43.58,40336.0,Mucuna,Riboviria,Orthornavirae,Kitrinoviricota,Alsuviricetes,Martellivirales,Virgaviridae,Tobamovirus,Tobamovirus crotalariae,+ssRNA
Tobamovirus,12234,62.74,57.45,47.2,,2.8,51.34,45.74,33.02,44.94,57.96,44.43,44.91,44.28,53.3,43.58,4090.0,Nicotiana glauca,Riboviria,Orthornavirae,Kitrinoviricota,Alsuviricetes,Martellivirales,Virgaviridae,Tobamovirus,Tobamovirus mititessellati,+ssRNA
Tobamovirus,12234,62.74,57.45,47.2,,2.8,51.34,45.74,33.02,44.94,57.96,44.43,44.91,44.28,53.3,43.58,43071.0,Eryngium planum,Riboviria,Orthornavirae,Kitrinoviricota,Alsuviricetes,Martellivirales,Virgaviridae,Tobamovirus,Tobamovirus mititessellati,+ssRNA
Tobamovirus,12234,62.74,57.45,47.2,,2.8,51.34,45.74,33.02,44.94,57.96,44.43,44.91,44.28,53.3,43.58,4081.0,Solanum lycopersicum,Riboviria,Orthornavirae,Kitrinoviricota,Alsuviricetes,Martellivirales,Virgaviridae,Tobamovirus,Tobamovirus fructirugosum,+ssRNA
Tobamovirus,12234,62.74,57.45,47.2,,2.8,51.34,45.74,33.02,44.94,57.96,44.43,44.91,44.28,53.3,43.58,4101.0,Petunia,Riboviria,Orthornavirae,Kitrinoviricota,Alsuviricetes,Martellivirales,Virgaviridae,Tobamovirus,Tobamovirus tomatotessellati,+ssRNA
Tobamovirus,12234,62.74,57.45,47.2,,2.8,51.34,45.74,33.02,44.94,57.96,44.43,44.91,44.28,53.3,43.58,4151.0,Antirrhinum majus,Riboviria,Orthornavirae,Kitrinoviricota,Alsuviricetes,Martellivirales,Virgaviridae,Tobamovirus,Tobamovirus tomatotessellati,+ssRNA
Tobamovirus,12234,62.74,57.45,47.2,,2.8,51.34,45.74,33.02,44.94,57.96,44.43,44.91,44.28,53.3,43.58,13707.0,Tagetes,Riboviria,Orthornavirae,Kitrinoviricota,Alsuviricetes,Martellivirales,Virgaviridae,Tobamovirus,Tobamovirus tomatotessellati,+ssRNA
Tobamovirus,12234,62.74,57.45,47.2,,2.8,51.34,45.74,33.02,44.94,57.96,44.43,44.91,44.28,53.3,43.58,46246.0,Delphinium,Riboviria,Orthornavirae,Kitrinoviricota,Alsuviricetes,Martellivirales,Virgaviridae,Tobamovirus,Tobamovirus tomatotessellati,+ssRNA
Tobamovirus,12234,62.74,57.45,47.2,,2.8,51.34,45.74,33.02,44.94,57.96,44.43,44.91,44.28,53.3,43.58,215581.0,Solanum viarum,Riboviria,Orthornavirae,Kitrinoviricota,Alsuviricetes,Martellivirales,Virgaviridae,Tobamovirus,Tobamovirus tropici,+ssRNA
Tobamovirus,12234,62.74,57.45,47.2,,2.8,51.34,45.74,33.02,44.94,57.96,44.43,44.91,44.28,53.3,43.58,3700.0,Brassicaceae,Riboviria,Orthornavirae,Kitrinoviricota,Alsuviricetes,Martellivirales,Virgaviridae,Tobamovirus,Tobamovirus rapae,+ssRNA
Tobamovirus,12234,62.74,57.45,47.2,,2.8,51.34,45.74,33.02,44.94,57.96,44.43,44.91,44.28,53.3,43.58,3711.0,Brassica rapa,Riboviria,Orthornavirae,Kitrinoviricota,Alsuviricetes,Martellivirales,Virgaviridae,Tobamovirus,Tobamovirus rapae,+ssRNA
Tobamovirus,12234,62.74,57.45,47.2,,2.8,51.34,45.74,33.02,44.94,57.96,44.43,44.91,44.28,53.3,43.58,195721.0,Anthocercis littorea,Riboviria,Orthornavirae,Kitrinoviricota,Alsuviricetes,Martellivirales,Virgaviridae,Tobamovirus,Tobamovirus anthocercis,+ssRNA
Tobamovirus,12234,62.74,57.45,47.2,,2.8,51.34,45.74,33.02,44.94,57.96,44.43,44.91,44.28,53.3,43.58,3707.0,Brassica juncea,Riboviria,Orthornavirae,Kitrinoviricota,Alsuviricetes,Martellivirales,Virgaviridae,Tobamovirus,Tobamovirus youcai,+ssRNA
Tobamovirus,12234,62.74,57.45,47.2,,2.8,51.34,45.74,33.02,44.94,57.96,44.43,44.91,44.28,53.3,43.58,3708.0,Brassica napus,Riboviria,Orthornavirae,Kitrinoviricota,Alsuviricetes,Martellivirales,Virgaviridae,Tobamovirus,Tobamovirus youcai,+ssRNA
Tobamovirus,12234,62.74,57.45,47.2,,2.8,51.34,45.74,33.02,44.94,57.96,44.43,44.91,44.28,53.3,43.58,3664.0,Cucurbita pepo subsp. pepo,Riboviria,Orthornavirae,Kitrinoviricota,Alsuviricetes,Martellivirales,Virgaviridae,Tobamovirus,Tobamovirus cucurbitae,+ssRNA
Tobamovirus,12234,62.74,57.45,47.2,,2.8,51.34,45.74,33.02,44.94,57.96,44.43,44.91,44.28,53.3,43.58,221775.0,Gomphrena globosa,Riboviria,Orthornavirae,Kitrinoviricota,Alsuviricetes,Martellivirales,Virgaviridae,Tobamovirus,Tobamovirus cucurbitae,+ssRNA
Norovirus,142786,,,,,,,,,,,,,0.14,,,9606.0,Homo sapiens,Riboviria,Orthornavirae,Pisuviricota,Pisoniviricetes,Picornavirales,Caliciviridae,Norovirus,Norovirus norwalkense,
Norovirus,142786,,,,,,,,,,,,,0.14,,,93163.0,Marmota himalayana,Riboviria,Orthornavirae,Pisuviricota,Pisoniviricetes,Picornavirales,Caliciviridae,Norovirus,unclassified Norovirus,
Norovirus,142786,,,,,,,,,,,,,0.14,,,10090.0,Mus musculus,Riboviria,Orthornavirae,Pisuviricota,Pisoniviricetes,Picornavirales,Caliciviridae,Norovirus,Norovirus norwalkense,
Norovirus,142786,,,,,,,,,,,,,0.14,,,10088.0,Mus,Riboviria,Orthornavirae,Pisuviricota,Pisoniviricetes,Picornavirales,Caliciviridae,Norovirus,Norovirus norwalkense,
Norovirus,142786,,,,,,,,,,,,,0.14,,,9685.0,Felis catus,Riboviria,Orthornavirae,Pisuviricota,Pisoniviricetes,Picornavirales,Caliciviridae,Norovirus,Norovirus norwalkense,
Norovirus,142786,,,,,,,,,,,,,0.14,,,9615.0,Canis lupus familiaris,Riboviria,Orthornavirae,Pisuviricota,Pisoniviricetes,Picornavirales,Caliciviridae,Norovirus,Norovirus norwalkense,
Norovirus,142786,,,,,,,,,,,,,0.14,,,9913.0,Bos taurus,Riboviria,Orthornavirae,Pisuviricota,Pisoniviricetes,Picornavirales,Caliciviridae,Norovirus,Norovirus norwalkense,
Norovirus,142786,,,,,,,,,,,,,0.14,,,9823.0,Sus scrofa,Riboviria,Orthornavirae,Pisuviricota,Pisoniviricetes,Picornavirales,Caliciviridae,Norovirus,Norovirus norwalkense,
Norovirus,142786,,,,,,,,,,,,,0.14,,,9443.0,Primates,Riboviria,Orthornavirae,Pisuviricota,Pisoniviricetes,Picornavirales,Caliciviridae,Norovirus,Norovirus norwalkense,
Alphanodavirus,143920,,0.39,,,,0.39,0.2,,,,,,,,,295550.0,Heteronychus arator,Riboviria,Orthornavirae,Kitrinoviricota,Magsaviricetes,Nodamuvirales,Nodaviridae,Alphanodavirus,Alphanodavirus heteronychi,+ssRNA
Alphanodavirus,143920,,0.39,,,,0.39,0.2,,,,,,,,,7227.0,Drosophila melanogaster,Riboviria,Orthornavirae,Kitrinoviricota,Magsaviricetes,Nodamuvirales,Nodaviridae,Alphanodavirus,Alphanodavirus boolarraense,+ssRNA
Alphanodavirus,143920,,0.39,,,,0.39,0.2,,,,,,,,,343455.0,Oncopera intricoides,Riboviria,Orthornavirae,Kitrinoviricota,Magsaviricetes,Nodamuvirales,Nodaviridae,Alphanodavirus,Alphanodavirus boolarraense,+ssRNA
Alphanodavirus,143920,,0.39,,,,0.39,0.2,,,,,,,,,4513.0,Hordeum vulgare,Riboviria,Orthornavirae,Kitrinoviricota,Magsaviricetes,Nodamuvirales,Nodaviridae,Alphanodavirus,Alphanodavirus flockense,+ssRNA
Alphanodavirus,143920,,0.39,,,,0.39,0.2,,,,,,,,,4932.0,Saccharomyces cerevisiae,Riboviria,Orthornavirae,Kitrinoviricota,Magsaviricetes,Nodamuvirales,Nodaviridae,Alphanodavirus,Alphanodavirus flockense,+ssRNA
Alphanodavirus,143920,,0.39,,,,0.39,0.2,,,,,,,,,7137.0,Galleria mellonella,Riboviria,Orthornavirae,Kitrinoviricota,Magsaviricetes,Nodamuvirales,Nodaviridae,Alphanodavirus,Alphanodavirus flockense,+ssRNA
Alphanodavirus,143920,,0.39,,,,0.39,0.2,,,,,,,,,50579.0,Costelytra zealandica,Riboviria,Orthornavirae,Kitrinoviricota,Magsaviricetes,Nodamuvirales,Nodaviridae,Alphanodavirus,Alphanodavirus flockense,+ssRNA
Alphanodavirus,143920,,0.39,,,,0.39,0.2,,,,,,,,,10036.0,Mesocricetus auratus,Riboviria,Orthornavirae,Kitrinoviricota,Magsaviricetes,Nodamuvirales,Nodaviridae,Alphanodavirus,Alphanodavirus nodamuraense,+ssRNA
Alphanodavirus,143920,,0.39,,,,0.39,0.2,,,,,,,,,37547.0,Spodoptera eridania,Riboviria,Orthornavirae,Kitrinoviricota,Magsaviricetes,Nodamuvirales,Nodaviridae,Alphanodavirus,Alphanodavirus pariacotoense,+ssRNA
Cripavirus,144051,,,,,,,0.13,,,,,,,,,7165.0,Anopheles gambiae,Riboviria,Orthornavirae,Pisuviricota,Pisoniviricetes,Picornavirales,Dicistroviridae,Cripavirus,unclassified Cripavirus,
Cripavirus,144051,,,,,,,0.13,,,,,,,,,7168.0,Anopheles dirus,Riboviria,Orthornavirae,Pisuviricota,Pisoniviricetes,Picornavirales,Dicistroviridae,Cripavirus,unclassified Cripavirus,
Cripavirus,144051,,,,,,,0.13,,,,,,,,,1518534.0,Anopheles coluzzii,Riboviria,Orthornavirae,Pisuviricota,Pisoniviricetes,Picornavirales,Dicistroviridae,Cripavirus,unclassified Cripavirus,
Cripavirus,144051,,,,,,,0.13,,,,,,,,,464929.0,Aphis,Riboviria,Orthornavirae,Pisuviricota,Pisoniviricetes,Picornavirales,Dicistroviridae,Cripavirus,Cripavirus mortiferum,
Cripavirus,144051,,,,,,,0.13,,,,,,,,,307491.0,Aphis glycines,Riboviria,Orthornavirae,Pisuviricota,Pisoniviricetes,Picornavirales,Dicistroviridae,Cripavirus,unclassified Cripavirus,
Cripavirus,144051,,,,,,,0.13,,,,,,,,,128161.0,Teleogryllus oceanicus,Riboviria,Orthornavirae,Pisuviricota,Pisoniviricetes,Picornavirales,Dicistroviridae,Cripavirus,Cripavirus grylli,
Cripavirus,144051,,,,,,,0.13,,,,,,,,,59474.0,Pipistrellus pipistrellus,Riboviria,Orthornavirae,Pisuviricota,Pisoniviricetes,Picornavirales,Dicistroviridae,Cripavirus,unclassified Cripavirus,
Cripavirus,144051,,,,,,,0.13,,,,,,,,,7227.0,Drosophila melanogaster,Riboviria,Orthornavirae,Pisuviricota,Pisoniviricetes,Picornavirales,Dicistroviridae,Cripavirus,Cripavirus drosophilae,
Cripavirus,144051,,,,,,,0.13,,,,,,,,,13262.0,Schizaphis graminum,Riboviria,Orthornavirae,Pisuviricota,Pisoniviricetes,Picornavirales,Dicistroviridae,Cripavirus,Cripavirus ropadi,
Cripavirus,144051,,,,,,,0.13,,,,,,,,,40932.0,Rhopalosiphum padi,Riboviria,Orthornavirae,Pisuviricota,Pisoniviricetes,Picornavirales,Dicistroviridae,Cripavirus,Cripavirus ropadi,
Cripavirus,144051,,,,,,,0.13,,,,,,,,,273650.0,Rhopalosiphum rufiabdominalis,Riboviria,Orthornavirae,Pisuviricota,Pisoniviricetes,Picornavirales,Dicistroviridae,Cripavirus,Cripavirus ropadi,
Cripavirus,144051,,,,,,,0.13,,,,,,,,,13686.0,Solenopsis invicta,Riboviria,Orthornavirae,Pisuviricota,Pisoniviricetes,Picornavirales,Dicistroviridae,Cripavirus,Cripavirus porteri,
Phaeovirus,181085,,,,,,,,,,0.17,3.09,,,,,2880.0,Ectocarpus siliculosus,Varidnaviria,Bamfordvirae,Nucleocytoviricota,Megaviricetes,Algavirales,Phycodnaviridae,Phaeovirus,Phaeovirus unasiliculosus,
Phaeovirus,181085,,,,,,,,,,0.17,3.09,,,,,43931.0,Feldmannia,Varidnaviria,Bamfordvirae,Nucleocytoviricota,Megaviricetes,Algavirales,Phycodnaviridae,Phaeovirus,Phaeovirus feldmanniae,
Punavirus,186789,,,,,,0.72,0.17,,,,,,0.16,,,561.0,Escherichia,Duplodnaviria,Heunggongvirae,Uroviricota,Caudoviricetes,Caudoviricetes incertae sedis,Punavirus,Punavirus P1,,dsDNA
Punavirus,186789,,,,,,0.72,0.17,,,,,,0.16,,,562.0,Escherichia coli,Duplodnaviria,Heunggongvirae,Uroviricota,Caudoviricetes,Caudoviricetes incertae sedis,Punavirus,unclassified Punavirus,,dsDNA
Punavirus,186789,,,,,,0.72,0.17,,,,,,0.16,,,543.0,Enterobacteriaceae,Duplodnaviria,Heunggongvirae,Uroviricota,Caudoviricetes,Caudoviricetes incertae sedis,Punavirus,Punavirus P1,,dsDNA
Punavirus,186789,,,,,,0.72,0.17,,,,,,0.16,,,562.0,Escherichia coli,Duplodnaviria,Heunggongvirae,Uroviricota,Caudoviricetes,Caudoviricetes incertae sedis,Punavirus,Punavirus P1,,dsDNA
Punavirus,186789,,,,,,0.72,0.17,,,,,,0.16,,,1211845.0,Escherichia coli MC1061,Duplodnaviria,Heunggongvirae,Uroviricota,Caudoviricetes,Caudoviricetes incertae sedis,Punavirus,Punavirus P1,,dsDNA
Punavirus,186789,,,,,,0.72,0.17,,,,,,0.16,,,562.0,Escherichia coli,Duplodnaviria,Heunggongvirae,Uroviricota,Caudoviricetes,Caudoviricetes incertae sedis,Punavirus,Punavirus RCS47,,dsDNA
Punavirus,186789,,,,,,0.72,0.17,,,,,,0.16,,,1.0,root,Duplodnaviria,Heunggongvirae,Uroviricota,Caudoviricetes,Caudoviricetes incertae sedis,Punavirus,,,dsDNA
Punavirus,186789,,,,,,0.72,0.17,,,,,,0.16,,,2564646.0,Salmonella enterica subsp. enterica serovar Kouka,Duplodnaviria,Heunggongvirae,Uroviricota,Caudoviricetes,Caudoviricetes incertae sedis,Punavirus,unclassified Punavirus,,dsDNA
Punavirus,186789,,,,,,0.72,0.17,,,,,,0.16,,,286783.0,Salmonella enterica subsp. enterica serovar Indiana,Duplodnaviria,Heunggongvirae,Uroviricota,Caudoviricetes,Caudoviricetes incertae sedis,Punavirus,Punavirus SJ46,,dsDNA
Lederbergvirus,186794,,,,,,,,,,,,,0.27,,,439184.0,Escherichia coli RS218,Duplodnaviria,Heunggongvirae,Uroviricota,Caudoviricetes,Caudoviricetes incertae sedis,Lederbergvirus,unclassified Lederbergvirus,,dsDNA
Lederbergvirus,186794,,,,,,,,,,,,,0.27,,,562.0,Escherichia coli,Duplodnaviria,Heunggongvirae,Uroviricota,Caudoviricetes,Caudoviricetes incertae sedis,Lederbergvirus,Lederbergvirus HK620,,dsDNA
Lederbergvirus,186794,,,,,,,,,,,,,0.27,,,562.0,Escherichia coli,Duplodnaviria,Heunggongvirae,Uroviricota,Caudoviricetes,Caudoviricetes incertae sedis,Lederbergvirus,unclassified Lederbergvirus,,dsDNA
Lederbergvirus,186794,,,,,,,,,,,,,0.27,,,59201.0,Salmonella enterica subsp. enterica,Duplodnaviria,Heunggongvirae,Uroviricota,Caudoviricetes,Caudoviricetes incertae sedis,Lederbergvirus,unclassified Lederbergvirus,,dsDNA
Lederbergvirus,186794,,,,,,,,,,,,,0.27,,,1351.0,Enterococcus faecalis,Duplodnaviria,Heunggongvirae,Uroviricota,Caudoviricetes,Caudoviricetes incertae sedis,Lederbergvirus,unclassified Lederbergvirus,,dsDNA
Lederbergvirus,186794,,,,,,,,,,,,,0.27,,,85569.0,Salmonella enterica subsp. enterica serovar Typhimurium str. DT104,Duplodnaviria,Heunggongvirae,Uroviricota,Caudoviricetes,Caudoviricetes incertae sedis,Lederbergvirus,unclassified Lederbergvirus,,dsDNA
Lederbergvirus,186794,,,,,,,,,,,,,0.27,,,561.0,Escherichia,Duplodnaviria,Heunggongvirae,Uroviricota,Caudoviricetes,Caudoviricetes incertae sedis,Lederbergvirus,unclassified Lederbergvirus,,dsDNA
Lederbergvirus,186794,,,,,,,,,,,,,0.27,,,1884818.0,Escherichia sp.,Duplodnaviria,Heunggongvirae,Uroviricota,Caudoviricetes,Caudoviricetes incertae sedis,Lederbergvirus,unclassified Lederbergvirus,,dsDNA
Lederbergvirus,186794,,,,,,,,,,,,,0.27,,,1314835.0,Escherichia coli MP1,Duplodnaviria,Heunggongvirae,Uroviricota,Caudoviricetes,Caudoviricetes incertae sedis,Lederbergvirus,unclassified Lederbergvirus,,dsDNA
Lederbergvirus,186794,,,,,,,,,,,,,0.27,,,573.0,Klebsiella pneumoniae,Duplodnaviria,Heunggongvirae,Uroviricota,Caudoviricetes,Caudoviricetes incertae sedis,Lederbergvirus,unclassified Lederbergvirus,,dsDNA
Lederbergvirus,186794,,,,,,,,,,,,,0.27,,,28901.0,Salmonella enterica,Duplodnaviria,Heunggongvirae,Uroviricota,Caudoviricetes,Caudoviricetes incertae sedis,Lederbergvirus,,,dsDNA
Lederbergvirus,186794,,,,,,,,,,,,,0.27,,,584.0,Proteus mirabilis,Duplodnaviria,Heunggongvirae,Uroviricota,Caudoviricetes,Caudoviricetes incertae sedis,Lederbergvirus,unclassified Lederbergvirus,,dsDNA
Lederbergvirus,186794,,,,,,,,,,,,,0.27,,,28901.0,Salmonella enterica,Duplodnaviria,Heunggongvirae,Uroviricota,Caudoviricetes,Caudoviricetes incertae sedis,Lederbergvirus,unclassified Lederbergvirus,,dsDNA
Lederbergvirus,186794,,,,,,,,,,,,,0.27,,,90371.0,Salmonella enterica subsp. enterica serovar Typhimurium,Duplodnaviria,Heunggongvirae,Uroviricota,Caudoviricetes,Caudoviricetes incertae sedis,Lederbergvirus,Lederbergvirus P22,,dsDNA
Lederbergvirus,186794,,,,,,,,,,,,,0.27,,,90371.0,Salmonella enterica subsp. enterica serovar Typhimurium,Duplodnaviria,Heunggongvirae,Uroviricota,Caudoviricetes,Caudoviricetes incertae sedis,Lederbergvirus,unclassified Lederbergvirus,,dsDNA
Lederbergvirus,186794,,,,,,,,,,,,,0.27,,,605.0,Salmonella enterica subsp. enterica serovar Pullorum,Duplodnaviria,Heunggongvirae,Uroviricota,Caudoviricetes,Caudoviricetes incertae sedis,Lederbergvirus,unclassified Lederbergvirus,,dsDNA
Lederbergvirus,186794,,,,,,,,,,,,,0.27,,,58712.0,Salmonella enterica subsp. enterica serovar Anatum,Duplodnaviria,Heunggongvirae,Uroviricota,Caudoviricetes,Caudoviricetes incertae sedis,Lederbergvirus,unclassified Lederbergvirus,,dsDNA
Lederbergvirus,186794,,,,,,,,,,,,,0.27,,,599.0,Salmonella sp.,Duplodnaviria,Heunggongvirae,Uroviricota,Caudoviricetes,Caudoviricetes incertae sedis,Lederbergvirus,Lederbergvirus P22,,dsDNA
Lederbergvirus,186794,,,,,,,,,,,,,0.27,,,28901.0,Salmonella enterica,Duplodnaviria,Heunggongvirae,Uroviricota,Caudoviricetes,Caudoviricetes incertae sedis,Lederbergvirus,Lederbergvirus ST64T,,dsDNA
Lederbergvirus,186794,,,,,,,,,,,,,0.27,,,1457319.0,Lopadostoma turgidum,Duplodnaviria,Heunggongvirae,Uroviricota,Caudoviricetes,Caudoviricetes incertae sedis,Lederbergvirus,unclassified Lederbergvirus,,dsDNA
Lederbergvirus,186794,,,,,,,,,,,,,0.27,,,599.0,Salmonella sp.,Duplodnaviria,Heunggongvirae,Uroviricota,Caudoviricetes,Caudoviricetes incertae sedis,Lederbergvirus,unclassified Lederbergvirus,,dsDNA
Lederbergvirus,186794,,,,,,,,,,,,,0.27,,,99287.0,Salmonella enterica subsp. enterica serovar Typhimurium str. LT2,Duplodnaviria,Heunggongvirae,Uroviricota,Caudoviricetes,Caudoviricetes incertae sedis,Lederbergvirus,Lederbergvirus P22,,dsDNA
Lederbergvirus,186794,,,,,,,,,,,,,0.27,,,99287.0,Salmonella enterica subsp. enterica serovar Typhimurium str. LT2,Duplodnaviria,Heunggongvirae,Uroviricota,Caudoviricetes,Caudoviricetes incertae sedis,Lederbergvirus,unclassified Lederbergvirus,,dsDNA
Lederbergvirus,186794,,,,,,,,,,,,,0.27,,,28901.0,Salmonella enterica,Duplodnaviria,Heunggongvirae,Uroviricota,Caudoviricetes,Caudoviricetes incertae sedis,Lederbergvirus,Lederbergvirus SE1Spa,,dsDNA
Lederbergvirus,186794,,,,,,,,,,,,,0.27,,,590.0,Salmonella,Duplodnaviria,Heunggongvirae,Uroviricota,Caudoviricetes,Caudoviricetes incertae sedis,Lederbergvirus,unclassified Lederbergvirus,,dsDNA
Lederbergvirus,186794,,,,,,,,,,,,,0.27,,,590.0,Salmonella,Duplodnaviria,Heunggongvirae,Uroviricota,Caudoviricetes,Caudoviricetes incertae sedis,Lederbergvirus,Lederbergvirus SE1Spa,,dsDNA
Lederbergvirus,186794,,,,,,,,,,,,,0.27,,,59204.0,Salmonella enterica subsp. diarizonae,Duplodnaviria,Heunggongvirae,Uroviricota,Caudoviricetes,Caudoviricetes incertae sedis,Lederbergvirus,unclassified Lederbergvirus,,dsDNA
Lederbergvirus,186794,,,,,,,,,,,,,0.27,,,90370.0,Salmonella enterica subsp. enterica serovar Typhi,Duplodnaviria,Heunggongvirae,Uroviricota,Caudoviricetes,Caudoviricetes incertae sedis,Lederbergvirus,unclassified Lederbergvirus,,dsDNA
Lederbergvirus,186794,,,,,,,,,,,,,0.27,,,90371.0,Salmonella enterica subsp. enterica serovar Typhimurium,Duplodnaviria,Heunggongvirae,Uroviricota,Caudoviricetes,Caudoviricetes incertae sedis,Lederbergvirus,Lederbergvirus ST64T,,dsDNA
Lederbergvirus,186794,,,,,,,,,,,,,0.27,,,1160769.0,Salmonella enterica subsp. enterica serovar Worthington,Duplodnaviria,Heunggongvirae,Uroviricota,Caudoviricetes,Caudoviricetes incertae sedis,Lederbergvirus,unclassified Lederbergvirus,,dsDNA
Lederbergvirus,186794,,,,,,,,,,,,,0.27,,,149387.0,Salmonella enterica subsp. enterica serovar Brandenburg,Duplodnaviria,Heunggongvirae,Uroviricota,Caudoviricetes,Caudoviricetes incertae sedis,Lederbergvirus,unclassified Lederbergvirus,,dsDNA
Lederbergvirus,186794,,,,,,,,,,,,,0.27,,,149539.0,Salmonella enterica subsp. enterica serovar Enteritidis,Duplodnaviria,Heunggongvirae,Uroviricota,Caudoviricetes,Caudoviricetes incertae sedis,Lederbergvirus,unclassified Lederbergvirus,,dsDNA
Lederbergvirus,186794,,,,,,,,,,,,,0.27,,,623.0,Shigella flexneri,Duplodnaviria,Heunggongvirae,Uroviricota,Caudoviricetes,Caudoviricetes incertae sedis,Lederbergvirus,Lederbergvirus Sf6,,dsDNA
Mamastrovirus,249588,0.37,1.13,1.98,,,,0.23,1.09,,0.82,1.17,2.55,0.97,0.61,2.12,9606.0,Homo sapiens,Riboviria,Orthornavirae,Pisuviricota,Stelpaviricetes,Stellavirales,Astroviridae,Mamastrovirus,Mamastrovirus melbournense,
Mamastrovirus,249588,0.37,1.13,1.98,,,,0.23,1.09,,0.82,1.17,2.55,0.97,0.61,2.12,10116.0,Rattus norvegicus,Riboviria,Orthornavirae,Pisuviricota,Stelpaviricetes,Stellavirales,Astroviridae,Mamastrovirus,Mamastrovirus melbournense,
Mamastrovirus,249588,0.37,1.13,1.98,,,,0.23,1.09,,0.82,1.17,2.55,0.97,0.61,2.12,9823.0,Sus scrofa,Riboviria,Orthornavirae,Pisuviricota,Stelpaviricetes,Stellavirales,Astroviridae,Mamastrovirus,unclassified Mamastrovirus,
Mamastrovirus,249588,0.37,1.13,1.98,,,,0.23,1.09,,0.82,1.17,2.55,0.97,0.61,2.12,9903.0,Bos,Riboviria,Orthornavirae,Pisuviricota,Stelpaviricetes,Stellavirales,Astroviridae,Mamastrovirus,unclassified Mamastrovirus,
Mamastrovirus,249588,0.37,1.13,1.98,,,,0.23,1.09,,0.82,1.17,2.55,0.97,0.61,2.12,9913.0,Bos taurus,Riboviria,Orthornavirae,Pisuviricota,Stelpaviricetes,Stellavirales,Astroviridae,Mamastrovirus,unclassified Mamastrovirus,
Mamastrovirus,249588,0.37,1.13,1.98,,,,0.23,1.09,,0.82,1.17,2.55,0.97,0.61,2.12,9615.0,Canis lupus familiaris,Riboviria,Orthornavirae,Pisuviricota,Stelpaviricetes,Stellavirales,Astroviridae,Mamastrovirus,unclassified Mamastrovirus,
Mamastrovirus,249588,0.37,1.13,1.98,,,,0.23,1.09,,0.82,1.17,2.55,0.97,0.61,2.12,9838.0,Camelus dromedarius,Riboviria,Orthornavirae,Pisuviricota,Stelpaviricetes,Stellavirales,Astroviridae,Mamastrovirus,unclassified Mamastrovirus,
Mamastrovirus,249588,0.37,1.13,1.98,,,,0.23,1.09,,0.82,1.17,2.55,0.97,0.61,2.12,9685.0,Felis catus,Riboviria,Orthornavirae,Pisuviricota,Stelpaviricetes,Stellavirales,Astroviridae,Mamastrovirus,unclassified Mamastrovirus,
Mamastrovirus,249588,0.37,1.13,1.98,,,,0.23,1.09,,0.82,1.17,2.55,0.97,0.61,2.12,452646.0,Neogale vison,Riboviria,Orthornavirae,Pisuviricota,Stelpaviricetes,Stellavirales,Astroviridae,Mamastrovirus,Mamastrovirus mustelae,
Mamastrovirus,249588,0.37,1.13,1.98,,,,0.23,1.09,,0.82,1.17,2.55,0.97,0.61,2.12,9940.0,Ovis aries,Riboviria,Orthornavirae,Pisuviricota,Stelpaviricetes,Stellavirales,Astroviridae,Mamastrovirus,Mamastrovirus ovis,
Mamastrovirus,249588,0.37,1.13,1.98,,,,0.23,1.09,,0.82,1.17,2.55,0.97,0.61,2.12,1.0,root,Riboviria,Orthornavirae,Pisuviricota,Stelpaviricetes,Stellavirales,Astroviridae,Mamastrovirus,Mamastrovirus melbournense,
Mamastrovirus,249588,0.37,1.13,1.98,,,,0.23,1.09,,0.82,1.17,2.55,0.97,0.61,2.12,93163.0,Marmota himalayana,Riboviria,Orthornavirae,Pisuviricota,Stelpaviricetes,Stellavirales,Astroviridae,Mamastrovirus,unclassified Mamastrovirus,
Mamastrovirus,249588,0.37,1.13,1.98,,,,0.23,1.09,,0.82,1.17,2.55,0.97,0.61,2.12,9986.0,Oryctolagus cuniculus,Riboviria,Orthornavirae,Pisuviricota,Stelpaviricetes,Stellavirales,Astroviridae,Mamastrovirus,unclassified Mamastrovirus,
Mamastrovirus,249588,0.37,1.13,1.98,,,,0.23,1.09,,0.82,1.17,2.55,0.97,0.61,2.12,30521.0,Bos grunniens,Riboviria,Orthornavirae,Pisuviricota,Stelpaviricetes,Stellavirales,Astroviridae,Mamastrovirus,unclassified Mamastrovirus,
Uetakevirus,542960,0.37,0.42,0.84,,0.26,,0.2,0.97,,,,,0.35,,,550.0,Enterobacter cloacae,Duplodnaviria,Heunggongvirae,Uroviricota,Caudoviricetes,Caudoviricetes incertae sedis,Uetakevirus,unclassified Uetakevirus,,dsDNA
Uetakevirus,542960,0.37,0.42,0.84,,0.26,,0.2,0.97,,,,,0.35,,,1676277.0,Enterobacter sp. CT7,Duplodnaviria,Heunggongvirae,Uroviricota,Caudoviricetes,Caudoviricetes incertae sedis,Uetakevirus,unclassified Uetakevirus,,dsDNA
Uetakevirus,542960,0.37,0.42,0.84,,0.26,,0.2,0.97,,,,,0.35,,,83334.0,Escherichia coli O157:H7,Duplodnaviria,Heunggongvirae,Uroviricota,Caudoviricetes,Caudoviricetes incertae sedis,Uetakevirus,Uetakevirus phiV10,,dsDNA
Uetakevirus,542960,0.37,0.42,0.84,,0.26,,0.2,0.97,,,,,0.35,,,83334.0,Escherichia coli O157:H7,Duplodnaviria,Heunggongvirae,Uroviricota,Caudoviricetes,Caudoviricetes incertae sedis,Uetakevirus,unclassified Uetakevirus,,dsDNA
Uetakevirus,542960,0.37,0.42,0.84,,0.26,,0.2,0.97,,,,,0.35,,,561.0,Escherichia,Duplodnaviria,Heunggongvirae,Uroviricota,Caudoviricetes,Caudoviricetes incertae sedis,Uetakevirus,unclassified Uetakevirus,,dsDNA
Uetakevirus,542960,0.37,0.42,0.84,,0.26,,0.2,0.97,,,,,0.35,,,562.0,Escherichia coli,Duplodnaviria,Heunggongvirae,Uroviricota,Caudoviricetes,Caudoviricetes incertae sedis,Uetakevirus,unclassified Uetakevirus,,dsDNA
Uetakevirus,542960,0.37,0.42,0.84,,0.26,,0.2,0.97,,,,,0.35,,,562.0,Escherichia coli,Duplodnaviria,Heunggongvirae,Uroviricota,Caudoviricetes,Caudoviricetes incertae sedis,Uetakevirus,Uetakevirus PAS61,,dsDNA
Uetakevirus,542960,0.37,0.42,0.84,,0.26,,0.2,0.97,,,,,0.35,,,573.0,Klebsiella pneumoniae,Duplodnaviria,Heunggongvirae,Uroviricota,Caudoviricetes,Caudoviricetes incertae sedis,Uetakevirus,unclassified Uetakevirus,,dsDNA
Uetakevirus,542960,0.37,0.42,0.84,,0.26,,0.2,0.97,,,,,0.35,,,611.0,Salmonella enterica subsp. enterica serovar Heidelberg,Duplodnaviria,Heunggongvirae,Uroviricota,Caudoviricetes,Caudoviricetes incertae sedis,Uetakevirus,unclassified Uetakevirus,,dsDNA
Uetakevirus,542960,0.37,0.42,0.84,,0.26,,0.2,0.97,,,,,0.35,,,28901.0,Salmonella enterica,Duplodnaviria,Heunggongvirae,Uroviricota,Caudoviricetes,Caudoviricetes incertae sedis,Uetakevirus,Uetakevirus epsilon15,,dsDNA
Uetakevirus,542960,0.37,0.42,0.84,,0.26,,0.2,0.97,,,,,0.35,,,58712.0,Salmonella enterica subsp. enterica serovar Anatum,Duplodnaviria,Heunggongvirae,Uroviricota,Caudoviricetes,Caudoviricetes incertae sedis,Uetakevirus,Uetakevirus epsilon15,,dsDNA
Uetakevirus,542960,0.37,0.42,0.84,,0.26,,0.2,0.97,,,,,0.35,,,90371.0,Salmonella enterica subsp. enterica serovar Typhimurium,Duplodnaviria,Heunggongvirae,Uroviricota,Caudoviricetes,Caudoviricetes incertae sedis,Uetakevirus,Uetakevirus SPN1S,,dsDNA
Uetakevirus,542960,0.37,0.42,0.84,,0.26,,0.2,0.97,,,,,0.35,,,59201.0,Salmonella enterica subsp. enterica,Duplodnaviria,Heunggongvirae,Uroviricota,Caudoviricetes,Caudoviricetes incertae sedis,Uetakevirus,unclassified Uetakevirus,,dsDNA
Kuravirus,680277,,,,,0.23,,,0.18,,,,,,,,562.0,Escherichia coli,Duplodnaviria,Heunggongvirae,Uroviricota,Caudoviricetes,Caudoviricetes incertae sedis,Mktvariviridae,Gordonclarkvirinae,Kuravirus,dsDNA
Kuravirus,680277,,,,,0.23,,,0.18,,,,,,,,1322345.0,Escherichia coli ATCC 25922,Duplodnaviria,Heunggongvirae,Uroviricota,Caudoviricetes,Caudoviricetes incertae sedis,Mktvariviridae,Gordonclarkvirinae,Kuravirus,dsDNA
Kuravirus,680277,,,,,0.23,,,0.18,,,,,,,,199310.0,Escherichia coli CFT073,Duplodnaviria,Heunggongvirae,Uroviricota,Caudoviricetes,Caudoviricetes incertae sedis,Mktvariviridae,Gordonclarkvirinae,Kuravirus,dsDNA
Kuravirus,680277,,,,,0.23,,,0.18,,,,,,,,561.0,Escherichia,Duplodnaviria,Heunggongvirae,Uroviricota,Caudoviricetes,Caudoviricetes incertae sedis,Mktvariviridae,Gordonclarkvirinae,Kuravirus,dsDNA
Kuravirus,680277,,,,,0.23,,,0.18,,,,,,,,753642.0,Escherichia coli NC101,Duplodnaviria,Heunggongvirae,Uroviricota,Caudoviricetes,Caudoviricetes incertae sedis,Mktvariviridae,Gordonclarkvirinae,Kuravirus,dsDNA
Kuravirus,680277,,,,,0.23,,,0.18,,,,,,,,623.0,Shigella flexneri,Duplodnaviria,Heunggongvirae,Uroviricota,Caudoviricetes,Caudoviricetes incertae sedis,Mktvariviridae,Gordonclarkvirinae,Kuravirus,dsDNA
Salivirus,688449,,,,,,,0.25,,,,,,,,,9598.0,Pan troglodytes,Riboviria,Orthornavirae,Pisuviricota,Pisoniviricetes,Picornavirales,Picornaviridae,Kodimesavirinae,Salivirus,
Cyclovirus,742914,,,,,,0.62,0.18,,,0.33,0.42,,0.16,,,1.0,root,Monodnaviria,Shotokuvirae,Cressdnaviricota,Arfiviricetes,Cirlivirales,Circoviridae,Cyclovirus,Cyclovirus mchwa,
Cyclovirus,742914,,,,,,0.62,0.18,,,0.33,0.42,,0.16,,,2995614.0,Dorylus sp.,Monodnaviria,Shotokuvirae,Cressdnaviricota,Arfiviricetes,Cirlivirales,Circoviridae,Cyclovirus,unclassified Cyclovirus,
Cyclovirus,742914,,,,,,0.62,0.18,,,0.33,0.42,,0.16,,,138978.0,Vespadelus regulus,Monodnaviria,Shotokuvirae,Cressdnaviricota,Arfiviricetes,Cirlivirales,Circoviridae,Cyclovirus,unclassified Cyclovirus,
Cyclovirus,742914,,,,,,0.62,0.18,,,0.33,0.42,,0.16,,,258889.0,Chalinolobus gouldii,Monodnaviria,Shotokuvirae,Cressdnaviricota,Arfiviricetes,Cirlivirales,Circoviridae,Cyclovirus,unclassified Cyclovirus,
Cyclovirus,742914,,,,,,0.62,0.18,,,0.33,0.42,,0.16,,,9397.0,Chiroptera,Monodnaviria,Shotokuvirae,Cressdnaviricota,Arfiviricetes,Cirlivirales,Circoviridae,Cyclovirus,Cyclovirus doi,
Cyclovirus,742914,,,,,,0.62,0.18,,,0.33,0.42,,0.16,,,9438.0,Tadarida brasiliensis,Monodnaviria,Shotokuvirae,Cressdnaviricota,Arfiviricetes,Cirlivirales,Circoviridae,Cyclovirus,Cyclovirus doi,
Cyclovirus,742914,,,,,,0.62,0.18,,,0.33,0.42,,0.16,,,27622.0,Molossus molossus,Monodnaviria,Shotokuvirae,Cressdnaviricota,Arfiviricetes,Cirlivirales,Circoviridae,Cyclovirus,Cyclovirus murcielago,
Cyclovirus,742914,,,,,,0.62,0.18,,,0.33,0.42,,0.16,,,9913.0,Bos taurus,Monodnaviria,Shotokuvirae,Cressdnaviricota,Arfiviricetes,Cirlivirales,Circoviridae,Cyclovirus,Cyclovirus gaaye,
Cyclovirus,742914,,,,,,0.62,0.18,,,0.33,0.42,,0.16,,,191889.0,Libidibia ferrea,Monodnaviria,Shotokuvirae,Cressdnaviricota,Arfiviricetes,Cirlivirales,Circoviridae,Cyclovirus,Cyclovirus pauferro,
Cyclovirus,742914,,,,,,0.62,0.18,,,0.33,0.42,,0.16,,,9031.0,Gallus gallus,Monodnaviria,Shotokuvirae,Cressdnaviricota,Arfiviricetes,Cirlivirales,Circoviridae,Cyclovirus,Cyclovirus adie,
Cyclovirus,742914,,,,,,0.62,0.18,,,0.33,0.42,,0.16,,,27667.0,Lasionycteris noctivagans,Monodnaviria,Shotokuvirae,Cressdnaviricota,Arfiviricetes,Cirlivirales,Circoviridae,Cyclovirus,Cyclovirus liljak,
Cyclovirus,742914,,,,,,0.62,0.18,,,0.33,0.42,,0.16,,,9598.0,Pan troglodytes,Monodnaviria,Shotokuvirae,Cressdnaviricota,Arfiviricetes,Cirlivirales,Circoviridae,Cyclovirus,Cyclovirus ezzike,
Cyclovirus,742914,,,,,,0.62,0.18,,,0.33,0.42,,0.16,,,9796.0,Equus caballus,Monodnaviria,Shotokuvirae,Cressdnaviricota,Arfiviricetes,Cirlivirales,Circoviridae,Cyclovirus,Cyclovirus caballo,
Cyclovirus,742914,,,,,,0.62,0.18,,,0.33,0.42,,0.16,,,9606.0,Homo sapiens,Monodnaviria,Shotokuvirae,Cressdnaviricota,Arfiviricetes,Cirlivirales,Circoviridae,Cyclovirus,Cyclovirus mmadu,
Cyclovirus,742914,,,,,,0.62,0.18,,,0.33,0.42,,0.16,,,9925.0,Capra hircus,Monodnaviria,Shotokuvirae,Cressdnaviricota,Arfiviricetes,Cirlivirales,Circoviridae,Cyclovirus,Cyclovirus bakri,
Cyclovirus,742914,,,,,,0.62,0.18,,,0.33,0.42,,0.16,,,303877.0,Eurycotis floridana,Monodnaviria,Shotokuvirae,Cressdnaviricota,Arfiviricetes,Cirlivirales,Circoviridae,Cyclovirus,,
Cyclovirus,742914,,,,,,0.62,0.18,,,0.33,0.42,,0.16,,,1591310.0,Callosciurus erythraeus thaiwanensis,Monodnaviria,Shotokuvirae,Cressdnaviricota,Arfiviricetes,Cirlivirales,Circoviridae,Cyclovirus,Cyclovirus risi,
Cyclovirus,742914,,,,,,0.62,0.18,,,0.33,0.42,,0.16,,,214444.0,Crocidura hirta,Monodnaviria,Shotokuvirae,Cressdnaviricota,Arfiviricetes,Cirlivirales,Circoviridae,Cyclovirus,Cyclovirus nhanloai,
Cyclovirus,742914,,,,,,0.62,0.18,,,0.33,0.42,,0.16,,,641488.0,Crocidura luna,Monodnaviria,Shotokuvirae,Cressdnaviricota,Arfiviricetes,Cirlivirales,Circoviridae,Cyclovirus,Cyclovirus nhanloai,
Cyclovirus,742914,,,,,,0.62,0.18,,,0.33,0.42,,0.16,,,6962.0,Anisoptera,Monodnaviria,Shotokuvirae,Cressdnaviricota,Arfiviricetes,Cirlivirales,Circoviridae,Cyclovirus,unclassified Cyclovirus,
Cyclovirus,742914,,,,,,0.62,0.18,,,0.33,0.42,,0.16,,,185825.0,Pantala flavescens,Monodnaviria,Shotokuvirae,Cressdnaviricota,Arfiviricetes,Cirlivirales,Circoviridae,Cyclovirus,Cyclovirus kisikisi,
Cyclovirus,742914,,,,,,0.62,0.18,,,0.33,0.42,,0.16,,,447881.0,Tholymis tillarga,Monodnaviria,Shotokuvirae,Cressdnaviricota,Arfiviricetes,Cirlivirales,Circoviridae,Cyclovirus,Cyclovirus kisikisi,
Cyclovirus,742914,,,,,,0.62,0.18,,,0.33,0.42,,0.16,,,70384.0,Erythemis simplicicollis,Monodnaviria,Shotokuvirae,Cressdnaviricota,Arfiviricetes,Cirlivirales,Circoviridae,Cyclovirus,Cyclovirus tonbo,
Cyclovirus,742914,,,,,,0.62,0.18,,,0.33,0.42,,0.16,,,237662.0,Rhionaeschna multicolor,Monodnaviria,Shotokuvirae,Cressdnaviricota,Arfiviricetes,Cirlivirales,Circoviridae,Cyclovirus,Cyclovirus vazka,
Cyclovirus,742914,,,,,,0.62,0.18,,,0.33,0.42,,0.16,,,451475.0,Erythrodiplax umbrata,Monodnaviria,Shotokuvirae,Cressdnaviricota,Arfiviricetes,Cirlivirales,Circoviridae,Cyclovirus,Cyclovirus libelula,
Cyclovirus,742914,,,,,,0.62,0.18,,,0.33,0.42,,0.16,,,481685.0,Xanthocnemis zealandica,Monodnaviria,Shotokuvirae,Cressdnaviricota,Arfiviricetes,Cirlivirales,Circoviridae,Cyclovirus,Cyclovirus namu,
Cyclovirus,742914,,,,,,0.62,0.18,,,0.33,0.42,,0.16,,,320892.0,Orthetrum sabina,Monodnaviria,Shotokuvirae,Cressdnaviricota,Arfiviricetes,Cirlivirales,Circoviridae,Cyclovirus,Cyclovirus tarako,
Cyclovirus,742914,,,,,,0.62,0.18,,,0.33,0.42,,0.16,,,8839.0,Anas platyrhynchos,Monodnaviria,Shotokuvirae,Cressdnaviricota,Arfiviricetes,Cirlivirales,Circoviridae,Cyclovirus,Cyclovirus kacsa,
Cyclovirus,742914,,,,,,0.62,0.18,,,0.33,0.42,,0.16,,,649740.0,Eumops bonariensis,Monodnaviria,Shotokuvirae,Cressdnaviricota,Arfiviricetes,Cirlivirales,Circoviridae,Cyclovirus,Cyclovirus muricec,
Cyclovirus,742914,,,,,,0.62,0.18,,,0.33,0.42,,0.16,,,9685.0,Felis catus,Monodnaviria,Shotokuvirae,Cressdnaviricota,Arfiviricetes,Cirlivirales,Circoviridae,Cyclovirus,Cyclovirus gato,
Cyclovirus,742914,,,,,,0.62,0.18,,,0.33,0.42,,0.16,,,48418.0,Urva auropunctata,Monodnaviria,Shotokuvirae,Cressdnaviricota,Arfiviricetes,Cirlivirales,Circoviridae,Cyclovirus,unclassified Cyclovirus,
Cyclovirus,742914,,,,,,0.62,0.18,,,0.33,0.42,,0.16,,,10088.0,Mus,Monodnaviria,Shotokuvirae,Cressdnaviricota,Arfiviricetes,Cirlivirales,Circoviridae,Cyclovirus,Cyclovirus naastsosi,
Cyclovirus,742914,,,,,,0.62,0.18,,,0.33,0.42,,0.16,,,10090.0,Mus musculus,Monodnaviria,Shotokuvirae,Cressdnaviricota,Arfiviricetes,Cirlivirales,Circoviridae,Cyclovirus,Cyclovirus naastsosi,
Cyclovirus,742914,,,,,,0.62,0.18,,,0.33,0.42,,0.16,,,77217.0,Pteropus tonganus,Monodnaviria,Shotokuvirae,Cressdnaviricota,Arfiviricetes,Cirlivirales,Circoviridae,Cyclovirus,Cyclovirus peka,
Cyclovirus,742914,,,,,,0.62,0.18,,,0.33,0.42,,0.16,,,256038.0,Petroica australis,Monodnaviria,Shotokuvirae,Cressdnaviricota,Arfiviricetes,Cirlivirales,Circoviridae,Cyclovirus,Cyclovirus liepsnele,
Cyclovirus,742914,,,,,,0.62,0.18,,,0.33,0.42,,0.16,,,69074.0,Rattus flavipectus,Monodnaviria,Shotokuvirae,Cressdnaviricota,Arfiviricetes,Cirlivirales,Circoviridae,Cyclovirus,Cyclovirus rata,
Cyclovirus,742914,,,,,,0.62,0.18,,,0.33,0.42,,0.16,,,1167227.0,Rattus tanezumi sladeni,Monodnaviria,Shotokuvirae,Cressdnaviricota,Arfiviricetes,Cirlivirales,Circoviridae,Cyclovirus,Cyclovirus podgana,
Cyclovirus,742914,,,,,,0.62,0.18,,,0.33,0.42,,0.16,,,134569.0,Cybaeidae,Monodnaviria,Shotokuvirae,Cressdnaviricota,Arfiviricetes,Cirlivirales,Circoviridae,Cyclovirus,Cyclovirus aasiak,
Cyclovirus,742914,,,,,,0.62,0.18,,,0.33,0.42,,0.16,,,9823.0,Sus scrofa,Monodnaviria,Shotokuvirae,Cressdnaviricota,Arfiviricetes,Cirlivirales,Circoviridae,Cyclovirus,Cyclovirus nhanloai,
Cyclovirus,742914,,,,,,0.62,0.18,,,0.33,0.42,,0.16,,,9713.0,Leptonychotes weddellii,Monodnaviria,Shotokuvirae,Cressdnaviricota,Arfiviricetes,Cirlivirales,Circoviridae,Cyclovirus,Cyclovirus foca,
Felixounavirus,1198140,,,,,0.08,,,,,,,,,,,991919.0,Escherichia coli O145:NM,Duplodnaviria,Heunggongvirae,Uroviricota,Caudoviricetes,Caudoviricetes incertae sedis,Andersonviridae,Ounavirinae,Felixounavirus,dsDNA
Felixounavirus,1198140,,,,,0.08,,,,,,,,,,,991915.0,Escherichia coli O121:H19,Duplodnaviria,Heunggongvirae,Uroviricota,Caudoviricetes,Caudoviricetes incertae sedis,Andersonviridae,Ounavirinae,Felixounavirus,dsDNA
Felixounavirus,1198140,,,,,0.08,,,,,,,,,,,59201.0,Salmonella enterica subsp. enterica,Duplodnaviria,Heunggongvirae,Uroviricota,Caudoviricetes,Caudoviricetes incertae sedis,Andersonviridae,Ounavirinae,Felixounavirus,dsDNA
Felixounavirus,1198140,,,,,0.08,,,,,,,,,,,469008.0,Escherichia coli BL21(DE3),Duplodnaviria,Heunggongvirae,Uroviricota,Caudoviricetes,Caudoviricetes incertae sedis,Andersonviridae,Ounavirinae,Felixounavirus,dsDNA
Felixounavirus,1198140,,,,,0.08,,,,,,,,,,,83334.0,Escherichia coli O157:H7,Duplodnaviria,Heunggongvirae,Uroviricota,Caudoviricetes,Caudoviricetes incertae sedis,Andersonviridae,Ounavirinae,Felixounavirus,dsDNA
Felixounavirus,1198140,,,,,0.08,,,,,,,,,,,511145.0,Escherichia coli str. K-12 substr. MG1655,Duplodnaviria,Heunggongvirae,Uroviricota,Caudoviricetes,Caudoviricetes incertae sedis,Andersonviridae,Ounavirinae,Felixounavirus,dsDNA
Felixounavirus,1198140,,,,,0.08,,,,,,,,,,,561.0,Escherichia,Duplodnaviria,Heunggongvirae,Uroviricota,Caudoviricetes,Caudoviricetes incertae sedis,Andersonviridae,Ounavirinae,Felixounavirus,dsDNA
Felixounavirus,1198140,,,,,0.08,,,,,,,,,,,83333.0,Escherichia coli K-12,Duplodnaviria,Heunggongvirae,Uroviricota,Caudoviricetes,Caudoviricetes incertae sedis,Andersonviridae,Ounavirinae,Felixounavirus,dsDNA
Felixounavirus,1198140,,,,,0.08,,,,,,,,,,,498388.0,Escherichia coli C,Duplodnaviria,Heunggongvirae,Uroviricota,Caudoviricetes,Caudoviricetes incertae sedis,Andersonviridae,Ounavirinae,Felixounavirus,dsDNA
Felixounavirus,1198140,,,,,0.08,,,,,,,,,,,2184073.0,Escherichia coli O135,Duplodnaviria,Heunggongvirae,Uroviricota,Caudoviricetes,Caudoviricetes incertae sedis,Andersonviridae,Ounavirinae,Felixounavirus,dsDNA
Felixounavirus,1198140,,,,,0.08,,,,,,,,,,,1389955.0,Escherichia coli ATCC 35150,Duplodnaviria,Heunggongvirae,Uroviricota,Caudoviricetes,Caudoviricetes incertae sedis,Andersonviridae,Ounavirinae,Felixounavirus,dsDNA
Felixounavirus,1198140,,,,,0.08,,,,,,,,,,,1884818.0,Escherichia sp.,Duplodnaviria,Heunggongvirae,Uroviricota,Caudoviricetes,Caudoviricetes incertae sedis,Andersonviridae,Ounavirinae,Felixounavirus,dsDNA
Felixounavirus,1198140,,,,,0.08,,,,,,,,,,,1045010.0,Escherichia coli O157,Duplodnaviria,Heunggongvirae,Uroviricota,Caudoviricetes,Caudoviricetes incertae sedis,Andersonviridae,Ounavirinae,Felixounavirus,dsDNA
Felixounavirus,1198140,,,,,0.08,,,,,,,,,,,37762.0,Escherichia coli B,Duplodnaviria,Heunggongvirae,Uroviricota,Caudoviricetes,Caudoviricetes incertae sedis,Andersonviridae,Ounavirinae,Felixounavirus,dsDNA
Felixounavirus,1198140,,,,,0.08,,,,,,,,,,,381476.0,Escherichia coli O1,Duplodnaviria,Heunggongvirae,Uroviricota,Caudoviricetes,Caudoviricetes incertae sedis,Andersonviridae,Ounavirinae,Felixounavirus,dsDNA
Felixounavirus,1198140,,,,,0.08,,,,,,,,,,,585035.0,Escherichia coli S88,Duplodnaviria,Heunggongvirae,Uroviricota,Caudoviricetes,Caudoviricetes incertae sedis,Andersonviridae,Ounavirinae,Felixounavirus,dsDNA
Felixounavirus,1198140,,,,,0.08,,,,,,,,,,,564.0,Escherichia fergusonii,Duplodnaviria,Heunggongvirae,Uroviricota,Caudoviricetes,Caudoviricetes incertae sedis,Andersonviridae,Ounavirinae,Felixounavirus,dsDNA
Felixounavirus,1198140,,,,,0.08,,,,,,,,,,,28901.0,Salmonella enterica,Duplodnaviria,Heunggongvirae,Uroviricota,Caudoviricetes,Caudoviricetes incertae sedis,Andersonviridae,Ounavirinae,Felixounavirus,dsDNA
Felixounavirus,1198140,,,,,0.08,,,,,,,,,,,611.0,Salmonella enterica subsp. enterica serovar Heidelberg,Duplodnaviria,Heunggongvirae,Uroviricota,Caudoviricetes,Caudoviricetes incertae sedis,Andersonviridae,Ounavirinae,Felixounavirus,dsDNA
Felixounavirus,1198140,,,,,0.08,,,,,,,,,,,2565028.0,Salmonella enterica subsp. enterica serovar Shubra,Duplodnaviria,Heunggongvirae,Uroviricota,Caudoviricetes,Caudoviricetes incertae sedis,Andersonviridae,Ounavirinae,Felixounavirus,dsDNA
Felixounavirus,1198140,,,,,0.08,,,,,,,,,,,149539.0,Salmonella enterica subsp. enterica serovar Enteritidis,Duplodnaviria,Heunggongvirae,Uroviricota,Caudoviricetes,Caudoviricetes incertae sedis,Andersonviridae,Ounavirinae,Felixounavirus,dsDNA
Felixounavirus,1198140,,,,,0.08,,,,,,,,,,,98360.0,Salmonella enterica subsp. enterica serovar Dublin,Duplodnaviria,Heunggongvirae,Uroviricota,Caudoviricetes,Caudoviricetes incertae sedis,Andersonviridae,Ounavirinae,Felixounavirus,dsDNA
Felixounavirus,1198140,,,,,0.08,,,,,,,,,,,595.0,Salmonella enterica subsp. enterica serovar Infantis,Duplodnaviria,Heunggongvirae,Uroviricota,Caudoviricetes,Caudoviricetes incertae sedis,Andersonviridae,Ounavirinae,Felixounavirus,dsDNA
Felixounavirus,1198140,,,,,0.08,,,,,,,,,,,590.0,Salmonella,Duplodnaviria,Heunggongvirae,Uroviricota,Caudoviricetes,Caudoviricetes incertae sedis,Andersonviridae,Ounavirinae,Felixounavirus,dsDNA
Felixounavirus,1198140,,,,,0.08,,,,,,,,,,,90371.0,Salmonella enterica subsp. enterica serovar Typhimurium,Duplodnaviria,Heunggongvirae,Uroviricota,Caudoviricetes,Caudoviricetes incertae sedis,Andersonviridae,Ounavirinae,Felixounavirus,dsDNA
Felixounavirus,1198140,,,,,0.08,,,,,,,,,,,599.0,Salmonella sp.,Duplodnaviria,Heunggongvirae,Uroviricota,Caudoviricetes,Caudoviricetes incertae sedis,Andersonviridae,Ounavirinae,Felixounavirus,dsDNA
Felixounavirus,1198140,,,,,0.08,,,,,,,,,,,605.0,Salmonella enterica subsp. enterica serovar Pullorum,Duplodnaviria,Heunggongvirae,Uroviricota,Caudoviricetes,Caudoviricetes incertae sedis,Andersonviridae,Ounavirinae,Felixounavirus,dsDNA
Felixounavirus,1198140,,,,,0.08,,,,,,,,,,,54388.0,Salmonella enterica subsp. enterica serovar Paratyphi A,Duplodnaviria,Heunggongvirae,Uroviricota,Caudoviricetes,Caudoviricetes incertae sedis,Andersonviridae,Ounavirinae,Felixounavirus,dsDNA
Felixounavirus,1198140,,,,,0.08,,,,,,,,,,,358771.0,Salmonella enterica subsp. enterica serovar Kedougou,Duplodnaviria,Heunggongvirae,Uroviricota,Caudoviricetes,Caudoviricetes incertae sedis,Andersonviridae,Ounavirinae,Felixounavirus,dsDNA
Felixounavirus,1198140,,,,,0.08,,,,,,,,,,,668369.0,Escherichia coli DH5[alpha],Duplodnaviria,Heunggongvirae,Uroviricota,Caudoviricetes,Caudoviricetes incertae sedis,Andersonviridae,Ounavirinae,Felixounavirus,dsDNA
Felixounavirus,1198140,,,,,0.08,,,,,,,,,,,1288825.0,Shigella flexneri 2b,Duplodnaviria,Heunggongvirae,Uroviricota,Caudoviricetes,Caudoviricetes incertae sedis,Andersonviridae,Ounavirinae,Felixounavirus,dsDNA
Alphanecrovirus,1299309,,,,,,,,,,,,,0.11,,,,,,,,,,,,,
Protoparvovirus,1506574,,,,,,,0.5,,,,,,,,,9685.0,Felis catus,Monodnaviria,Shotokuvirae,Cossaviricota,Quintoviricetes,Piccovirales,Parvoviridae,Parvovirinae,Protoparvovirus,
Protoparvovirus,1506574,,,,,,,0.5,,,,,,,,,9627.0,Vulpes vulpes,Monodnaviria,Shotokuvirae,Cossaviricota,Quintoviricetes,Piccovirales,Parvoviridae,Parvovirinae,Protoparvovirus,
Protoparvovirus,1506574,,,,,,,0.5,,,,,,,,,9989.0,Rodentia,Monodnaviria,Shotokuvirae,Cossaviricota,Quintoviricetes,Piccovirales,Parvoviridae,Parvovirinae,Protoparvovirus,
Protoparvovirus,1506574,,,,,,,0.5,,,,,,,,,132908.0,Pteropus vampyrus,Monodnaviria,Shotokuvirae,Cossaviricota,Quintoviricetes,Piccovirales,Parvoviridae,Parvovirinae,Protoparvovirus,
Protoparvovirus,1506574,,,,,,,0.5,,,,,,,,,10088.0,Mus,Monodnaviria,Shotokuvirae,Cossaviricota,Quintoviricetes,Piccovirales,Parvoviridae,Parvovirinae,Protoparvovirus,
Protoparvovirus,1506574,,,,,,,0.5,,,,,,,,,214444.0,Crocidura hirta,Monodnaviria,Shotokuvirae,Cossaviricota,Quintoviricetes,Piccovirales,Parvoviridae,Parvovirinae,Protoparvovirus,
Protoparvovirus,1506574,,,,,,,0.5,,,,,,,,,10114.0,Rattus,Monodnaviria,Shotokuvirae,Cossaviricota,Quintoviricetes,Piccovirales,Parvoviridae,Parvovirinae,Protoparvovirus,
Bocaparvovirus,1507401,,0.58,0.69,,0.16,,,,,0.26,0.17,,,,,188568.0,Aselliscus stoliczkanus,Monodnaviria,Shotokuvirae,Cossaviricota,Quintoviricetes,Piccovirales,Parvoviridae,Parvovirinae,Bocaparvovirus,
Bocaparvovirus,1507401,,0.58,0.69,,0.16,,,,,0.26,0.17,,,,,1.0,root,Monodnaviria,Shotokuvirae,Cossaviricota,Quintoviricetes,Piccovirales,Parvoviridae,Parvovirinae,Bocaparvovirus,
Bocaparvovirus,1507401,,0.58,0.69,,0.16,,,,,0.26,0.17,,,,,187007.0,Miniopterus fuliginosus,Monodnaviria,Shotokuvirae,Cossaviricota,Quintoviricetes,Piccovirales,Parvoviridae,Parvovirinae,Bocaparvovirus,
Bocaparvovirus,1507401,,0.58,0.69,,0.16,,,,,0.26,0.17,,,,,9986.0,Oryctolagus cuniculus,Monodnaviria,Shotokuvirae,Cossaviricota,Quintoviricetes,Piccovirales,Parvoviridae,Parvovirinae,Bocaparvovirus,
Bocaparvovirus,1507401,,0.58,0.69,,0.16,,,,,0.26,0.17,,,,,9593.0,Gorilla gorilla,Monodnaviria,Shotokuvirae,Cossaviricota,Quintoviricetes,Piccovirales,Parvoviridae,Parvovirinae,Bocaparvovirus,
Bocaparvovirus,1507401,,0.58,0.69,,0.16,,,,,0.26,0.17,,,,,9825.0,Sus scrofa domesticus,Monodnaviria,Shotokuvirae,Cossaviricota,Quintoviricetes,Piccovirales,Parvoviridae,Parvovirinae,Bocaparvovirus,
Bocaparvovirus,1507401,,0.58,0.69,,0.16,,,,,0.26,0.17,,,,,9615.0,Canis lupus familiaris,Monodnaviria,Shotokuvirae,Cossaviricota,Quintoviricetes,Piccovirales,Parvoviridae,Parvovirinae,Bocaparvovirus,
Bocaparvovirus,1507401,,0.58,0.69,,0.16,,,,,0.26,0.17,,,,,9838.0,Camelus dromedarius,Monodnaviria,Shotokuvirae,Cossaviricota,Quintoviricetes,Piccovirales,Parvoviridae,Parvovirinae,Bocaparvovirus,
Bocaparvovirus,1507401,,0.58,0.69,,0.16,,,,,0.26,0.17,,,,,425934.0,Canis lupus signatus,Monodnaviria,Shotokuvirae,Cossaviricota,Quintoviricetes,Piccovirales,Parvoviridae,Parvovirinae,Bocaparvovirus,
Bocaparvovirus,1507401,,0.58,0.69,,0.16,,,,,0.26,0.17,,,,,9433.0,Miniopterus schreibersii,Monodnaviria,Shotokuvirae,Cossaviricota,Quintoviricetes,Piccovirales,Parvoviridae,Parvovirinae,Bocaparvovirus,
Bocaparvovirus,1507401,,0.58,0.69,,0.16,,,,,0.26,0.17,,,,,9666.0,Mustela lutreola,Monodnaviria,Shotokuvirae,Cossaviricota,Quintoviricetes,Piccovirales,Parvoviridae,Parvovirinae,Bocaparvovirus,
Bocaparvovirus,1507401,,0.58,0.69,,0.16,,,,,0.26,0.17,,,,,51298.0,Myotis myotis,Monodnaviria,Shotokuvirae,Cossaviricota,Quintoviricetes,Piccovirales,Parvoviridae,Parvovirinae,Bocaparvovirus,
Bocaparvovirus,1507401,,0.58,0.69,,0.16,,,,,0.26,0.17,,,,,9823.0,Sus scrofa,Monodnaviria,Shotokuvirae,Cossaviricota,Quintoviricetes,Piccovirales,Parvoviridae,Parvovirinae,Bocaparvovirus,
Bocaparvovirus,1507401,,0.58,0.69,,0.16,,,,,0.26,0.17,,,,,10116.0,Rattus norvegicus,Monodnaviria,Shotokuvirae,Cossaviricota,Quintoviricetes,Piccovirales,Parvoviridae,Parvovirinae,Bocaparvovirus,
Bocaparvovirus,1507401,,0.58,0.69,,0.16,,,,,0.26,0.17,,,,,159858.0,Rhinolophus pusillus,Monodnaviria,Shotokuvirae,Cossaviricota,Quintoviricetes,Piccovirales,Parvoviridae,Parvovirinae,Bocaparvovirus,
Bocaparvovirus,1507401,,0.58,0.69,,0.16,,,,,0.26,0.17,,,,,89399.0,Rhinolophus sinicus,Monodnaviria,Shotokuvirae,Cossaviricota,Quintoviricetes,Piccovirales,Parvoviridae,Parvovirinae,Bocaparvovirus,
Bocaparvovirus,1507401,,0.58,0.69,,0.16,,,,,0.26,0.17,,,,,399316.0,Necromys,Monodnaviria,Shotokuvirae,Cossaviricota,Quintoviricetes,Piccovirales,Parvoviridae,Parvovirinae,Bocaparvovirus,
Bocaparvovirus,1507401,,0.58,0.69,,0.16,,,,,0.26,0.17,,,,,9408.0,Rousettus leschenaultii,Monodnaviria,Shotokuvirae,Cossaviricota,Quintoviricetes,Piccovirales,Parvoviridae,Parvovirinae,Bocaparvovirus,
Bocaparvovirus,1507401,,0.58,0.69,,0.16,,,,,0.26,0.17,,,,,30538.0,Vicugna pacos,Monodnaviria,Shotokuvirae,Cossaviricota,Quintoviricetes,Piccovirales,Parvoviridae,Parvovirinae,Bocaparvovirus,
Gemycircularvirus,1542744,,,,,,1.25,,,0.91,,,,,,,9852.0,Alces alces,Monodnaviria,Shotokuvirae,Cressdnaviricota,Repensiviricetes,Geplafuvirales,Genomoviridae,Gemycircularvirus,Gemycircularvirus lepam1,
Gemycircularvirus,1542744,,,,,,1.25,,,0.91,,,,,,,77160.0,Dendroctonus brevicomis,Monodnaviria,Shotokuvirae,Cressdnaviricota,Repensiviricetes,Geplafuvirales,Genomoviridae,Gemycircularvirus,Gemycircularvirus denbre1,
Gemycircularvirus,1542744,,,,,,1.25,,,0.91,,,,,,,77166.0,Dendroctonus ponderosae,Monodnaviria,Shotokuvirae,Cressdnaviricota,Repensiviricetes,Geplafuvirales,Genomoviridae,Gemycircularvirus,Gemycircularvirus denpo1,
Gemycircularvirus,1542744,,,,,,1.25,,,0.91,,,,,,,7038.0,Bemisia tabaci,Monodnaviria,Shotokuvirae,Cressdnaviricota,Repensiviricetes,Geplafuvirales,Genomoviridae,Gemycircularvirus,Gemycircularvirus bemta1,
Gemycircularvirus,1542744,,,,,,1.25,,,0.91,,,,,,,9940.0,Ovis aries,Monodnaviria,Shotokuvirae,Cressdnaviricota,Repensiviricetes,Geplafuvirales,Genomoviridae,Gemycircularvirus,Gemycircularvirus blabi1,
Gemycircularvirus,1542744,,,,,,1.25,,,0.91,,,,,,,61017.0,Austrosimulium,Monodnaviria,Shotokuvirae,Cressdnaviricota,Repensiviricetes,Geplafuvirales,Genomoviridae,Gemycircularvirus,Gemycircularvirus austro1,
Gemycircularvirus,1542744,,,,,,1.25,,,0.91,,,,,,,52147.0,Bromus hordeaceus,Monodnaviria,Shotokuvirae,Cressdnaviricota,Repensiviricetes,Geplafuvirales,Genomoviridae,Gemycircularvirus,Gemycircularvirus bromas1,
Gemycircularvirus,1542744,,,,,,1.25,,,0.91,,,,,,,1.0,root,Monodnaviria,Shotokuvirae,Cressdnaviricota,Repensiviricetes,Geplafuvirales,Genomoviridae,Gemycircularvirus,Gemycircularvirus hydro1,
Gemycircularvirus,1542744,,,,,,1.25,,,0.91,,,,,,,3983.0,Manihot esculenta,Monodnaviria,Shotokuvirae,Cressdnaviricota,Repensiviricetes,Geplafuvirales,Genomoviridae,Gemycircularvirus,Gemycircularvirus cassa1,
Gemycircularvirus,1542744,,,,,,1.25,,,0.91,,,,,,,2909989.0,Citrus sp.,Monodnaviria,Shotokuvirae,Cressdnaviricota,Repensiviricetes,Geplafuvirales,Genomoviridae,Gemycircularvirus,Gemycircularvirus citas1,
Gemycircularvirus,1542744,,,,,,1.25,,,0.91,,,,,,,3885.0,Phaseolus vulgaris,Monodnaviria,Shotokuvirae,Cressdnaviricota,Repensiviricetes,Geplafuvirales,Genomoviridae,Gemycircularvirus,unclassified Gemycircularvirus,
Gemycircularvirus,1542744,,,,,,1.25,,,0.91,,,,,,,70384.0,Erythemis simplicicollis,Monodnaviria,Shotokuvirae,Cressdnaviricota,Repensiviricetes,Geplafuvirales,Genomoviridae,Gemycircularvirus,Gemycircularvirus draga1,
Gemycircularvirus,1542744,,,,,,1.25,,,0.91,,,,,,,212910.0,Euphorbia heterophylla,Monodnaviria,Shotokuvirae,Cressdnaviricota,Repensiviricetes,Geplafuvirales,Genomoviridae,Gemycircularvirus,Gemycircularvirus euhet1,
Gemycircularvirus,1542744,,,,,,1.25,,,0.91,,,,,,,9187.0,Turdus merula,Monodnaviria,Shotokuvirae,Cressdnaviricota,Repensiviricetes,Geplafuvirales,Genomoviridae,Gemycircularvirus,unclassified Gemycircularvirus,
Gemycircularvirus,1542744,,,,,,1.25,,,0.91,,,,,,,9031.0,Gallus gallus,Monodnaviria,Shotokuvirae,Cressdnaviricota,Repensiviricetes,Geplafuvirales,Genomoviridae,Gemycircularvirus,Gemycircularvirus chicas2,
Gemycircularvirus,1542744,,,,,,1.25,,,0.91,,,,,,,1114792.0,Equus ferus,Monodnaviria,Shotokuvirae,Cressdnaviricota,Repensiviricetes,Geplafuvirales,Genomoviridae,Gemycircularvirus,Gemycircularvirus equas1,
Gemycircularvirus,1542744,,,,,,1.25,,,0.91,,,,,,,9823.0,Sus scrofa,Monodnaviria,Shotokuvirae,Cressdnaviricota,Repensiviricetes,Geplafuvirales,Genomoviridae,Gemycircularvirus,Gemycircularvirus porci1,
Gemycircularvirus,1542744,,,,,,1.25,,,0.91,,,,,,,9913.0,Bos taurus,Monodnaviria,Shotokuvirae,Cressdnaviricota,Repensiviricetes,Geplafuvirales,Genomoviridae,Gemycircularvirus,Gemycircularvirus bovas1,
Gemycircularvirus,1542744,,,,,,1.25,,,0.91,,,,,,,30427.0,Haemorhous mexicanus,Monodnaviria,Shotokuvirae,Cressdnaviricota,Repensiviricetes,Geplafuvirales,Genomoviridae,Gemycircularvirus,Gemycircularvirus haeme1,
Gemycircularvirus,1542744,,,,,,1.25,,,0.91,,,,,,,29084.0,Arctocephalus forsteri,Monodnaviria,Shotokuvirae,Cressdnaviricota,Repensiviricetes,Geplafuvirales,Genomoviridae,Gemycircularvirus,Gemycircularvirus furse1,
Gemycircularvirus,1542744,,,,,,1.25,,,0.91,,,,,,,10114.0,Rattus,Monodnaviria,Shotokuvirae,Cressdnaviricota,Repensiviricetes,Geplafuvirales,Genomoviridae,Gemycircularvirus,Gemycircularvirus ratas1,
Gemycircularvirus,1542744,,,,,,1.25,,,0.91,,,,,,,10116.0,Rattus norvegicus,Monodnaviria,Shotokuvirae,Cressdnaviricota,Repensiviricetes,Geplafuvirales,Genomoviridae,Gemycircularvirus,Gemycircularvirus ratas1,
Gemycircularvirus,1542744,,,,,,1.25,,,0.91,,,,,,,9606.0,Homo sapiens,Monodnaviria,Shotokuvirae,Cressdnaviricota,Repensiviricetes,Geplafuvirales,Genomoviridae,Gemycircularvirus,unclassified Gemycircularvirus,
Gemycircularvirus,1542744,,,,,,1.25,,,0.91,,,,,,,30415.0,Grus japonensis,Monodnaviria,Shotokuvirae,Cressdnaviricota,Repensiviricetes,Geplafuvirales,Genomoviridae,Gemycircularvirus,unclassified Gemycircularvirus,
Gemycircularvirus,1542744,,,,,,1.25,,,0.91,,,,,,,246814.0,Pipistrellus pygmaeus,Monodnaviria,Shotokuvirae,Cressdnaviricota,Repensiviricetes,Geplafuvirales,Genomoviridae,Gemycircularvirus,unclassified Gemycircularvirus,
Gemycircularvirus,1542744,,,,,,1.25,,,0.91,,,,,,,1389957.0,Gerygone albofrontata,Monodnaviria,Shotokuvirae,Cressdnaviricota,Repensiviricetes,Geplafuvirales,Genomoviridae,Gemycircularvirus,Gemycircularvirus geras1,
Gemycircularvirus,1542744,,,,,,1.25,,,0.91,,,,,,,2850379.0,Eratigena duellica,Monodnaviria,Shotokuvirae,Cressdnaviricota,Repensiviricetes,Geplafuvirales,Genomoviridae,Gemycircularvirus,Gemycircularvirus erati1,
Gemycircularvirus,1542744,,,,,,1.25,,,0.91,,,,,,,9646.0,Ailuropoda melanoleuca,Monodnaviria,Shotokuvirae,Cressdnaviricota,Repensiviricetes,Geplafuvirales,Genomoviridae,Gemycircularvirus,unclassified Gemycircularvirus,
Gemycircularvirus,1542744,,,,,,1.25,,,0.91,,,,,,,282542.0,Hypericum japonicum,Monodnaviria,Shotokuvirae,Cressdnaviricota,Repensiviricetes,Geplafuvirales,Genomoviridae,Gemycircularvirus,Gemycircularvirus hypas1,
Gemycircularvirus,1542744,,,,,,1.25,,,0.91,,,,,,,9844.0,Lama glama,Monodnaviria,Shotokuvirae,Cressdnaviricota,Repensiviricetes,Geplafuvirales,Genomoviridae,Gemycircularvirus,Gemycircularvirus lamas1,
Gemycircularvirus,1542744,,,,,,1.25,,,0.91,,,,,,,48086.0,Lepus americanus,Monodnaviria,Shotokuvirae,Cressdnaviricota,Repensiviricetes,Geplafuvirales,Genomoviridae,Gemycircularvirus,Gemycircularvirus lepam3,
Gemycircularvirus,1542744,,,,,,1.25,,,0.91,,,,,,,425934.0,Canis lupus signatus,Monodnaviria,Shotokuvirae,Cressdnaviricota,Repensiviricetes,Geplafuvirales,Genomoviridae,Gemycircularvirus,Gemycircularvirus canlup1,
Gemycircularvirus,1542744,,,,,,1.25,,,0.91,,,,,,,61383.0,Lynx canadensis,Monodnaviria,Shotokuvirae,Cressdnaviricota,Repensiviricetes,Geplafuvirales,Genomoviridae,Gemycircularvirus,Gemycircularvirus lepa2,
Gemycircularvirus,1542744,,,,,,1.25,,,0.91,,,,,,,8839.0,Anas platyrhynchos,Monodnaviria,Shotokuvirae,Cressdnaviricota,Repensiviricetes,Geplafuvirales,Genomoviridae,Gemycircularvirus,Gemycircularvirus malas1,
Gemycircularvirus,1542744,,,,,,1.25,,,0.91,,,,,,,187007.0,Miniopterus fuliginosus,Monodnaviria,Shotokuvirae,Cressdnaviricota,Repensiviricetes,Geplafuvirales,Genomoviridae,Gemycircularvirus,Gemycircularvirus minio1,
Gemycircularvirus,1542744,,,,,,1.25,,,0.91,,,,,,,3673.0,Momordica charantia,Monodnaviria,Shotokuvirae,Cressdnaviricota,Repensiviricetes,Geplafuvirales,Genomoviridae,Gemycircularvirus,Gemycircularvirus mocha1,
Gemycircularvirus,1542744,,,,,,1.25,,,0.91,,,,,,,9700.0,Herpestes ichneumon,Monodnaviria,Shotokuvirae,Cressdnaviricota,Repensiviricetes,Geplafuvirales,Genomoviridae,Gemycircularvirus,Gemycircularvirus monas1,
Gemycircularvirus,1542744,,,,,,1.25,,,0.91,,,,,,,7157.0,Culicidae,Monodnaviria,Shotokuvirae,Cressdnaviricota,Repensiviricetes,Geplafuvirales,Genomoviridae,Gemycircularvirus,Gemycircularvirus mosqi1,
Gemycircularvirus,1542744,,,,,,1.25,,,0.91,,,,,,,537920.0,Clethrionomys rutilus,Monodnaviria,Shotokuvirae,Cressdnaviricota,Repensiviricetes,Geplafuvirales,Genomoviridae,Gemycircularvirus,Gemycircularvirus rebac1,
Gemycircularvirus,1542744,,,,,,1.25,,,0.91,,,,,,,79457.0,Ischnura posita,Monodnaviria,Shotokuvirae,Cressdnaviricota,Repensiviricetes,Geplafuvirales,Genomoviridae,Gemycircularvirus,Gemycircularvirus odona1,
Gemycircularvirus,1542744,,,,,,1.25,,,0.91,,,,,,,237662.0,Rhionaeschna multicolor,Monodnaviria,Shotokuvirae,Cressdnaviricota,Repensiviricetes,Geplafuvirales,Genomoviridae,Gemycircularvirus,Gemycircularvirus odona2,
Gemycircularvirus,1542744,,,,,,1.25,,,0.91,,,,,,,4145.0,Olea,Monodnaviria,Shotokuvirae,Cressdnaviricota,Repensiviricetes,Geplafuvirales,Genomoviridae,Gemycircularvirus,Gemycircularvirus oltre1,
Gemycircularvirus,1542744,,,,,,1.25,,,0.91,,,,,,,212256.0,Oxalis corniculata,Monodnaviria,Shotokuvirae,Cressdnaviricota,Repensiviricetes,Geplafuvirales,Genomoviridae,Gemycircularvirus,Gemycircularvirus oxcor1,
Gemycircularvirus,1542744,,,,,,1.25,,,0.91,,,,,,,77217.0,Pteropus tonganus,Monodnaviria,Shotokuvirae,Cressdnaviricota,Repensiviricetes,Geplafuvirales,Genomoviridae,Gemycircularvirus,Gemycircularvirus ptero1,
Gemycircularvirus,1542744,,,,,,1.25,,,0.91,,,,,,,4070.0,Solanaceae,Monodnaviria,Shotokuvirae,Cressdnaviricota,Repensiviricetes,Geplafuvirales,Genomoviridae,Gemycircularvirus,Gemycircularvirus solas1,
Gemycircularvirus,1542744,,,,,,1.25,,,0.91,,,,,,,136755.0,Willdenowia,Monodnaviria,Shotokuvirae,Cressdnaviricota,Repensiviricetes,Geplafuvirales,Genomoviridae,Gemycircularvirus,Gemycircularvirus willde1,
Gemycircularvirus,1542744,,,,,,1.25,,,0.91,,,,,,,3884.0,Phaseolus lunatus,Monodnaviria,Shotokuvirae,Cressdnaviricota,Repensiviricetes,Geplafuvirales,Genomoviridae,Gemycircularvirus,Gemycircularvirus legle1,
Gemycircularvirus,1542744,,,,,,1.25,,,0.91,,,,,,,267552.0,Salicornia perennis,Monodnaviria,Shotokuvirae,Cressdnaviricota,Repensiviricetes,Geplafuvirales,Genomoviridae,Gemycircularvirus,Gemycircularvirus sarpe1,
Gemycircularvirus,1542744,,,,,,1.25,,,0.91,,,,,,,133374.0,Dischisma,Monodnaviria,Shotokuvirae,Cressdnaviricota,Repensiviricetes,Geplafuvirales,Genomoviridae,Gemycircularvirus,Gemycircularvirus dichism1,
Gemycircularvirus,1542744,,,,,,1.25,,,0.91,,,,,,,140929.0,Lebeckia,Monodnaviria,Shotokuvirae,Cressdnaviricota,Repensiviricetes,Geplafuvirales,Genomoviridae,Gemycircularvirus,Gemycircularvirus lebec1,
Gemycircularvirus,1542744,,,,,,1.25,,,0.91,,,,,,,3366679.0,Asparagus sp.,Monodnaviria,Shotokuvirae,Cressdnaviricota,Repensiviricetes,Geplafuvirales,Genomoviridae,Gemycircularvirus,Gemycircularvirus aspar1,
Gemycircularvirus,1542744,,,,,,1.25,,,0.91,,,,,,,58643.0,Hypochaeris,Monodnaviria,Shotokuvirae,Cressdnaviricota,Repensiviricetes,Geplafuvirales,Genomoviridae,Gemycircularvirus,Gemycircularvirus trilo1,
Gemycircularvirus,1542744,,,,,,1.25,,,0.91,,,,,,,3446230.0,Opuntia sp.,Monodnaviria,Shotokuvirae,Cressdnaviricota,Repensiviricetes,Geplafuvirales,Genomoviridae,Gemycircularvirus,Gemycircularvirus opunt1,
Gemycircularvirus,1542744,,,,,,1.25,,,0.91,,,,,,,4479.0,Poaceae,Monodnaviria,Shotokuvirae,Cressdnaviricota,Repensiviricetes,Geplafuvirales,Genomoviridae,Gemycircularvirus,Gemycircularvirus poass1,
Gemycircularvirus,1542744,,,,,,1.25,,,0.91,,,,,,,240436.0,Urochloa deflexa,Monodnaviria,Shotokuvirae,Cressdnaviricota,Repensiviricetes,Geplafuvirales,Genomoviridae,Gemycircularvirus,Gemycircularvirus poass1,
Gemycircularvirus,1542744,,,,,,1.25,,,0.91,,,,,,,48891.0,Poecile atricapillus,Monodnaviria,Shotokuvirae,Cressdnaviricota,Repensiviricetes,Geplafuvirales,Genomoviridae,Gemycircularvirus,Gemycircularvirus chickad1,
Gemycircularvirus,1542744,,,,,,1.25,,,0.91,,,,,,,5180.0,Sclerotinia sclerotiorum,Monodnaviria,Shotokuvirae,Cressdnaviricota,Repensiviricetes,Geplafuvirales,Genomoviridae,Gemycircularvirus,Gemycircularvirus sclero1,
Gemycircularvirus,1542744,,,,,,1.25,,,0.91,,,,,,,1698887.0,Neriene litigiosa,Monodnaviria,Shotokuvirae,Cressdnaviricota,Repensiviricetes,Geplafuvirales,Genomoviridae,Gemycircularvirus,Gemycircularvirus siedo1,
Gemycircularvirus,1542744,,,,,,1.25,,,0.91,,,,,,,3847.0,Glycine max,Monodnaviria,Shotokuvirae,Cressdnaviricota,Repensiviricetes,Geplafuvirales,Genomoviridae,Gemycircularvirus,Gemycircularvirus soybe1,
Gemycircularvirus,1542744,,,,,,1.25,,,0.91,,,,,,,6893.0,Araneae,Monodnaviria,Shotokuvirae,Cressdnaviricota,Repensiviricetes,Geplafuvirales,Genomoviridae,Gemycircularvirus,Gemycircularvirus cybusi1,
Gemycircularvirus,1542744,,,,,,1.25,,,0.91,,,,,,,60587.0,Odontotermes,Monodnaviria,Shotokuvirae,Cressdnaviricota,Repensiviricetes,Geplafuvirales,Genomoviridae,Gemycircularvirus,Gemycircularvirus termi1,
Gemycircularvirus,1542744,,,,,,1.25,,,0.91,,,,,,,146804.0,Echinothrips americanus,Monodnaviria,Shotokuvirae,Cressdnaviricota,Repensiviricetes,Geplafuvirales,Genomoviridae,Gemycircularvirus,Gemycircularvirus echiam1,
Gemycircularvirus,1542744,,,,,,1.25,,,0.91,,,,,,,34621.0,Dermacentor variabilis,Monodnaviria,Shotokuvirae,Cressdnaviricota,Repensiviricetes,Geplafuvirales,Genomoviridae,Gemycircularvirus,Gemycircularvirus derva1,
Gemycircularvirus,1542744,,,,,,1.25,,,0.91,,,,,,,6945.0,Ixodes scapularis,Monodnaviria,Shotokuvirae,Cressdnaviricota,Repensiviricetes,Geplafuvirales,Genomoviridae,Gemycircularvirus,Gemycircularvirus ixode1,
Gemycircularvirus,1542744,,,,,,1.25,,,0.91,,,,,,,38772.0,Gopherus agassizii,Monodnaviria,Shotokuvirae,Cressdnaviricota,Repensiviricetes,Geplafuvirales,Genomoviridae,Gemycircularvirus,Gemycircularvirus gopha2,
Cheoctovirus,1623281,,,,,0.43,,,,,,,,,,,1763.0,Mycobacterium,Duplodnaviria,Heunggongvirae,Uroviricota,Caudoviricetes,Caudoviricetes incertae sedis,Cheoctovirus,unclassified Cheoctovirus,,dsDNA
Cheoctovirus,1623281,,,,,0.43,,,,,,,,,,,246196.0,Mycolicibacterium smegmatis MC2 155,Duplodnaviria,Heunggongvirae,Uroviricota,Caudoviricetes,Caudoviricetes incertae sedis,Cheoctovirus,unclassified Cheoctovirus,,dsDNA
Cheoctovirus,1623281,,,,,0.43,,,,,,,,,,,1763.0,Mycobacterium,Duplodnaviria,Heunggongvirae,Uroviricota,Caudoviricetes,Caudoviricetes incertae sedis,Cheoctovirus,Cheoctovirus arcusangelus,,dsDNA
Cheoctovirus,1623281,,,,,0.43,,,,,,,,,,,1763.0,Mycobacterium,Duplodnaviria,Heunggongvirae,Uroviricota,Caudoviricetes,Caudoviricetes incertae sedis,Cheoctovirus,Cheoctovirus ardmore,Mycobacterium virus Ardmore,dsDNA
Cheoctovirus,1623281,,,,,0.43,,,,,,,,,,,246196.0,Mycolicibacterium smegmatis MC2 155,Duplodnaviria,Heunggongvirae,Uroviricota,Caudoviricetes,Caudoviricetes incertae sedis,Cheoctovirus,Cheoctovirus batiatus,,dsDNA
Cheoctovirus,1623281,,,,,0.43,,,,,,,,,,,1763.0,Mycobacterium,Duplodnaviria,Heunggongvirae,Uroviricota,Caudoviricetes,Caudoviricetes incertae sedis,Cheoctovirus,Cheoctovirus blexus,,dsDNA
Cheoctovirus,1623281,,,,,0.43,,,,,,,,,,,246196.0,Mycolicibacterium smegmatis MC2 155,Duplodnaviria,Heunggongvirae,Uroviricota,Caudoviricetes,Caudoviricetes incertae sedis,Cheoctovirus,Cheoctovirus bobaphett,,dsDNA
Cheoctovirus,1623281,,,,,0.43,,,,,,,,,,,246196.0,Mycolicibacterium smegmatis MC2 155,Duplodnaviria,Heunggongvirae,Uroviricota,Caudoviricetes,Caudoviricetes incertae sedis,Cheoctovirus,Cheoctovirus bodeinwohner17,,dsDNA
Cheoctovirus,1623281,,,,,0.43,,,,,,,,,,,1763.0,Mycobacterium,Duplodnaviria,Heunggongvirae,Uroviricota,Caudoviricetes,Caudoviricetes incertae sedis,Cheoctovirus,Cheoctovirus boomer,Mycobacterium virus Boomer,dsDNA
Cheoctovirus,1623281,,,,,0.43,,,,,,,,,,,246196.0,Mycolicibacterium smegmatis MC2 155,Duplodnaviria,Heunggongvirae,Uroviricota,Caudoviricetes,Caudoviricetes incertae sedis,Cheoctovirus,Cheoctovirus boomer,Mycobacterium virus Boomer,dsDNA
Cheoctovirus,1623281,,,,,0.43,,,,,,,,,,,246196.0,Mycolicibacterium smegmatis MC2 155,Duplodnaviria,Heunggongvirae,Uroviricota,Caudoviricetes,Caudoviricetes incertae sedis,Cheoctovirus,Cheoctovirus bubbles123,,dsDNA
Cheoctovirus,1623281,,,,,0.43,,,,,,,,,,,246196.0,Mycolicibacterium smegmatis MC2 155,Duplodnaviria,Heunggongvirae,Uroviricota,Caudoviricetes,Caudoviricetes incertae sedis,Cheoctovirus,Cheoctovirus burwell21,,dsDNA
Cheoctovirus,1623281,,,,,0.43,,,,,,,,,,,246196.0,Mycolicibacterium smegmatis MC2 155,Duplodnaviria,Heunggongvirae,Uroviricota,Caudoviricetes,Caudoviricetes incertae sedis,Cheoctovirus,Cheoctovirus buzzlyseyear,,dsDNA
Cheoctovirus,1623281,,,,,0.43,,,,,,,,,,,246196.0,Mycolicibacterium smegmatis MC2 155,Duplodnaviria,Heunggongvirae,Uroviricota,Caudoviricetes,Caudoviricetes incertae sedis,Cheoctovirus,Cheoctovirus byougenkin,,dsDNA
Cheoctovirus,1623281,,,,,0.43,,,,,,,,,,,246196.0,Mycolicibacterium smegmatis MC2 155,Duplodnaviria,Heunggongvirae,Uroviricota,Caudoviricetes,Caudoviricetes incertae sedis,Cheoctovirus,Cheoctovirus captaintrips,,dsDNA
Cheoctovirus,1623281,,,,,0.43,,,,,,,,,,,1763.0,Mycobacterium,Duplodnaviria,Heunggongvirae,Uroviricota,Caudoviricetes,Caudoviricetes incertae sedis,Cheoctovirus,Cheoctovirus che8,Mycobacterium virus Che8,dsDNA
Cheoctovirus,1623281,,,,,0.43,,,,,,,,,,,246196.0,Mycolicibacterium smegmatis MC2 155,Duplodnaviria,Heunggongvirae,Uroviricota,Caudoviricetes,Caudoviricetes incertae sedis,Cheoctovirus,Cheoctovirus chuckly,,dsDNA
Cheoctovirus,1623281,,,,,0.43,,,,,,,,,,,246196.0,Mycolicibacterium smegmatis MC2 155,Duplodnaviria,Heunggongvirae,Uroviricota,Caudoviricetes,Caudoviricetes incertae sedis,Cheoctovirus,Cheoctovirus dante,,dsDNA
Cheoctovirus,1623281,,,,,0.43,,,,,,,,,,,246196.0,Mycolicibacterium smegmatis MC2 155,Duplodnaviria,Heunggongvirae,Uroviricota,Caudoviricetes,Caudoviricetes incertae sedis,Cheoctovirus,Cheoctovirus deadp,Mycobacterium virus DeadP,dsDNA
Cheoctovirus,1623281,,,,,0.43,,,,,,,,,,,246196.0,Mycolicibacterium smegmatis MC2 155,Duplodnaviria,Heunggongvirae,Uroviricota,Caudoviricetes,Caudoviricetes incertae sedis,Cheoctovirus,Cheoctovirus dilltech15,,dsDNA
Cheoctovirus,1623281,,,,,0.43,,,,,,,,,,,1763.0,Mycobacterium,Duplodnaviria,Heunggongvirae,Uroviricota,Caudoviricetes,Caudoviricetes incertae sedis,Cheoctovirus,Cheoctovirus drago,Mycobacterium virus Drago,dsDNA
Cheoctovirus,1623281,,,,,0.43,,,,,,,,,,,246196.0,Mycolicibacterium smegmatis MC2 155,Duplodnaviria,Heunggongvirae,Uroviricota,Caudoviricetes,Caudoviricetes incertae sedis,Cheoctovirus,Cheoctovirus dlane,Mycobacterium virus Dlane,dsDNA
Cheoctovirus,1623281,,,,,0.43,,,,,,,,,,,246196.0,Mycolicibacterium smegmatis MC2 155,Duplodnaviria,Heunggongvirae,Uroviricota,Caudoviricetes,Caudoviricetes incertae sedis,Cheoctovirus,Cheoctovirus donkeykong,,dsDNA
Cheoctovirus,1623281,,,,,0.43,,,,,,,,,,,246196.0,Mycolicibacterium smegmatis MC2 155,Duplodnaviria,Heunggongvirae,Uroviricota,Caudoviricetes,Caudoviricetes incertae sedis,Cheoctovirus,Cheoctovirus dorothy,Mycobacterium virus Dorothy,dsDNA
Cheoctovirus,1623281,,,,,0.43,,,,,,,,,,,246196.0,Mycolicibacterium smegmatis MC2 155,Duplodnaviria,Heunggongvirae,Uroviricota,Caudoviricetes,Caudoviricetes incertae sedis,Cheoctovirus,Cheoctovirus dotproduct,Mycobacterium virus DotProduct,dsDNA
Cheoctovirus,1623281,,,,,0.43,,,,,,,,,,,1763.0,Mycobacterium,Duplodnaviria,Heunggongvirae,Uroviricota,Caudoviricetes,Caudoviricetes incertae sedis,Cheoctovirus,Cheoctovirus doug,,dsDNA
Cheoctovirus,1623281,,,,,0.43,,,,,,,,,,,246196.0,Mycolicibacterium smegmatis MC2 155,Duplodnaviria,Heunggongvirae,Uroviricota,Caudoviricetes,Caudoviricetes incertae sedis,Cheoctovirus,Cheoctovirus drago,Mycobacterium virus Drago,dsDNA
Cheoctovirus,1623281,,,,,0.43,,,,,,,,,,,1763.0,Mycobacterium,Duplodnaviria,Heunggongvirae,Uroviricota,Caudoviricetes,Caudoviricetes incertae sedis,Cheoctovirus,Cheoctovirus DRBy19,,dsDNA
Cheoctovirus,1623281,,,,,0.43,,,,,,,,,,,246196.0,Mycolicibacterium smegmatis MC2 155,Duplodnaviria,Heunggongvirae,Uroviricota,Caudoviricetes,Caudoviricetes incertae sedis,Cheoctovirus,Cheoctovirus eish,,dsDNA
Cheoctovirus,1623281,,,,,0.43,,,,,,,,,,,1763.0,Mycobacterium,Duplodnaviria,Heunggongvirae,Uroviricota,Caudoviricetes,Caudoviricetes incertae sedis,Cheoctovirus,Cheoctovirus eleanorgeorge,,dsDNA
Cheoctovirus,1623281,,,,,0.43,,,,,,,,,,,246196.0,Mycolicibacterium smegmatis MC2 155,Duplodnaviria,Heunggongvirae,Uroviricota,Caudoviricetes,Caudoviricetes incertae sedis,Cheoctovirus,Cheoctovirus emma,,dsDNA
Cheoctovirus,1623281,,,,,0.43,,,,,,,,,,,246196.0,Mycolicibacterium smegmatis MC2 155,Duplodnaviria,Heunggongvirae,Uroviricota,Caudoviricetes,Caudoviricetes incertae sedis,Cheoctovirus,Cheoctovirus empress,,dsDNA
Cheoctovirus,1623281,,,,,0.43,,,,,,,,,,,246196.0,Mycolicibacterium smegmatis MC2 155,Duplodnaviria,Heunggongvirae,Uroviricota,Caudoviricetes,Caudoviricetes incertae sedis,Cheoctovirus,Cheoctovirus estave1,,dsDNA
Cheoctovirus,1623281,,,,,0.43,,,,,,,,,,,246196.0,Mycolicibacterium smegmatis MC2 155,Duplodnaviria,Heunggongvirae,Uroviricota,Caudoviricetes,Caudoviricetes incertae sedis,Cheoctovirus,Cheoctovirus fancypants,,dsDNA
Cheoctovirus,1623281,,,,,0.43,,,,,,,,,,,246196.0,Mycolicibacterium smegmatis MC2 155,Duplodnaviria,Heunggongvirae,Uroviricota,Caudoviricetes,Caudoviricetes incertae sedis,Cheoctovirus,Cheoctovirus filuzino,,dsDNA
Cheoctovirus,1623281,,,,,0.43,,,,,,,,,,,1763.0,Mycobacterium,Duplodnaviria,Heunggongvirae,Uroviricota,Caudoviricetes,Caudoviricetes incertae sedis,Cheoctovirus,Cheoctovirus firehouse51,,dsDNA
Cheoctovirus,1623281,,,,,0.43,,,,,,,,,,,1763.0,Mycobacterium,Duplodnaviria,Heunggongvirae,Uroviricota,Caudoviricetes,Caudoviricetes incertae sedis,Cheoctovirus,Cheoctovirus florinda,,dsDNA
Cheoctovirus,1623281,,,,,0.43,,,,,,,,,,,246196.0,Mycolicibacterium smegmatis MC2 155,Duplodnaviria,Heunggongvirae,Uroviricota,Caudoviricetes,Caudoviricetes incertae sedis,Cheoctovirus,Cheoctovirus florinda,,dsDNA
Cheoctovirus,1623281,,,,,0.43,,,,,,,,,,,1771.0,Mycolicibacterium phlei,Duplodnaviria,Heunggongvirae,Uroviricota,Caudoviricetes,Caudoviricetes incertae sedis,Cheoctovirus,unclassified Cheoctovirus,,dsDNA
Cheoctovirus,1623281,,,,,0.43,,,,,,,,,,,246196.0,Mycolicibacterium smegmatis MC2 155,Duplodnaviria,Heunggongvirae,Uroviricota,Caudoviricetes,Caudoviricetes incertae sedis,Cheoctovirus,Cheoctovirus fruitloop,Mycobacterium virus Fruitloop,dsDNA
Cheoctovirus,1623281,,,,,0.43,,,,,,,,,,,246196.0,Mycolicibacterium smegmatis MC2 155,Duplodnaviria,Heunggongvirae,Uroviricota,Caudoviricetes,Caudoviricetes incertae sedis,Cheoctovirus,Cheoctovirus galactic,,dsDNA
Cheoctovirus,1623281,,,,,0.43,,,,,,,,,,,246196.0,Mycolicibacterium smegmatis MC2 155,Duplodnaviria,Heunggongvirae,Uroviricota,Caudoviricetes,Caudoviricetes incertae sedis,Cheoctovirus,Cheoctovirus gandalph,,dsDNA
Cheoctovirus,1623281,,,,,0.43,,,,,,,,,,,246196.0,Mycolicibacterium smegmatis MC2 155,Duplodnaviria,Heunggongvirae,Uroviricota,Caudoviricetes,Caudoviricetes incertae sedis,Cheoctovirus,Cheoctovirus geralt,,dsDNA
Cheoctovirus,1623281,,,,,0.43,,,,,,,,,,,246196.0,Mycolicibacterium smegmatis MC2 155,Duplodnaviria,Heunggongvirae,Uroviricota,Caudoviricetes,Caudoviricetes incertae sedis,Cheoctovirus,Cheoctovirus girr,,dsDNA
Cheoctovirus,1623281,,,,,0.43,,,,,,,,,,,1763.0,Mycobacterium,Duplodnaviria,Heunggongvirae,Uroviricota,Caudoviricetes,Caudoviricetes incertae sedis,Cheoctovirus,Cheoctovirus gorge,,dsDNA
Cheoctovirus,1623281,,,,,0.43,,,,,,,,,,,246196.0,Mycolicibacterium smegmatis MC2 155,Duplodnaviria,Heunggongvirae,Uroviricota,Caudoviricetes,Caudoviricetes incertae sedis,Cheoctovirus,Cheoctovirus gumbie,Mycobacterium virus GUmbie,dsDNA
Cheoctovirus,1623281,,,,,0.43,,,,,,,,,,,246196.0,Mycolicibacterium smegmatis MC2 155,Duplodnaviria,Heunggongvirae,Uroviricota,Caudoviricetes,Caudoviricetes incertae sedis,Cheoctovirus,Cheoctovirus hades,,dsDNA
Cheoctovirus,1623281,,,,,0.43,,,,,,,,,,,1763.0,Mycobacterium,Duplodnaviria,Heunggongvirae,Uroviricota,Caudoviricetes,Caudoviricetes incertae sedis,Cheoctovirus,Cheoctovirus hamulus,,dsDNA
Cheoctovirus,1623281,,,,,0.43,,,,,,,,,,,246196.0,Mycolicibacterium smegmatis MC2 155,Duplodnaviria,Heunggongvirae,Uroviricota,Caudoviricetes,Caudoviricetes incertae sedis,Cheoctovirus,Cheoctovirus hamulus,,dsDNA
Cheoctovirus,1623281,,,,,0.43,,,,,,,,,,,246196.0,Mycolicibacterium smegmatis MC2 155,Duplodnaviria,Heunggongvirae,Uroviricota,Caudoviricetes,Caudoviricetes incertae sedis,Cheoctovirus,Cheoctovirus harley,,dsDNA
Cheoctovirus,1623281,,,,,0.43,,,,,,,,,,,1763.0,Mycobacterium,Duplodnaviria,Heunggongvirae,Uroviricota,Caudoviricetes,Caudoviricetes incertae sedis,Cheoctovirus,Cheoctovirus hlubikazi,,dsDNA
Cheoctovirus,1623281,,,,,0.43,,,,,,,,,,,246196.0,Mycolicibacterium smegmatis MC2 155,Duplodnaviria,Heunggongvirae,Uroviricota,Caudoviricetes,Caudoviricetes incertae sedis,Cheoctovirus,Cheoctovirus ibhubesi,Mycobacterium virus Ibhubesi,dsDNA
Cheoctovirus,1623281,,,,,0.43,,,,,,,,,,,246196.0,Mycolicibacterium smegmatis MC2 155,Duplodnaviria,Heunggongvirae,Uroviricota,Caudoviricetes,Caudoviricetes incertae sedis,Cheoctovirus,Cheoctovirus inventum,,dsDNA
Cheoctovirus,1623281,,,,,0.43,,,,,,,,,,,1763.0,Mycobacterium,Duplodnaviria,Heunggongvirae,Uroviricota,Caudoviricetes,Caudoviricetes incertae sedis,Cheoctovirus,Cheoctovirus joeyjr,,dsDNA
Cheoctovirus,1623281,,,,,0.43,,,,,,,,,,,246196.0,Mycolicibacterium smegmatis MC2 155,Duplodnaviria,Heunggongvirae,Uroviricota,Caudoviricetes,Caudoviricetes incertae sedis,Cheoctovirus,Cheoctovirus kersh,,dsDNA
Cheoctovirus,1623281,,,,,0.43,,,,,,,,,,,246196.0,Mycolicibacterium smegmatis MC2 155,Duplodnaviria,Heunggongvirae,Uroviricota,Caudoviricetes,Caudoviricetes incertae sedis,Cheoctovirus,Cheoctovirus kimberlium,,dsDNA
Cheoctovirus,1623281,,,,,0.43,,,,,,,,,,,246196.0,Mycolicibacterium smegmatis MC2 155,Duplodnaviria,Heunggongvirae,Uroviricota,Caudoviricetes,Caudoviricetes incertae sedis,Cheoctovirus,Cheoctovirus krakatau,,dsDNA
Cheoctovirus,1623281,,,,,0.43,,,,,,,,,,,246196.0,Mycolicibacterium smegmatis MC2 155,Duplodnaviria,Heunggongvirae,Uroviricota,Caudoviricetes,Caudoviricetes incertae sedis,Cheoctovirus,Cheoctovirus kristaram,,dsDNA
Cheoctovirus,1623281,,,,,0.43,,,,,,,,,,,1763.0,Mycobacterium,Duplodnaviria,Heunggongvirae,Uroviricota,Caudoviricetes,Caudoviricetes incertae sedis,Cheoctovirus,Cheoctovirus lilmoolah,,dsDNA
Cheoctovirus,1623281,,,,,0.43,,,,,,,,,,,246196.0,Mycolicibacterium smegmatis MC2 155,Duplodnaviria,Heunggongvirae,Uroviricota,Caudoviricetes,Caudoviricetes incertae sedis,Cheoctovirus,Cheoctovirus lizziana,,dsDNA
Cheoctovirus,1623281,,,,,0.43,,,,,,,,,,,1763.0,Mycobacterium,Duplodnaviria,Heunggongvirae,Uroviricota,Caudoviricetes,Caudoviricetes incertae sedis,Cheoctovirus,Cheoctovirus llij,Mycobacterium virus Llij,dsDNA
Cheoctovirus,1623281,,,,,0.43,,,,,,,,,,,246196.0,Mycolicibacterium smegmatis MC2 155,Duplodnaviria,Heunggongvirae,Uroviricota,Caudoviricetes,Caudoviricetes incertae sedis,Cheoctovirus,Cheoctovirus mahavrat,,dsDNA
Cheoctovirus,1623281,,,,,0.43,,,,,,,,,,,246196.0,Mycolicibacterium smegmatis MC2 155,Duplodnaviria,Heunggongvirae,Uroviricota,Caudoviricetes,Caudoviricetes incertae sedis,Cheoctovirus,Cheoctovirus mantra,,dsDNA
Cheoctovirus,1623281,,,,,0.43,,,,,,,,,,,246196.0,Mycolicibacterium smegmatis MC2 155,Duplodnaviria,Heunggongvirae,Uroviricota,Caudoviricetes,Caudoviricetes incertae sedis,Cheoctovirus,Cheoctovirus mattes,,dsDNA
Cheoctovirus,1623281,,,,,0.43,,,,,,,,,,,1772.0,Mycolicibacterium smegmatis,Duplodnaviria,Heunggongvirae,Uroviricota,Caudoviricetes,Caudoviricetes incertae sedis,Cheoctovirus,unclassified Cheoctovirus,,dsDNA
Cheoctovirus,1623281,,,,,0.43,,,,,,,,,,,246196.0,Mycolicibacterium smegmatis MC2 155,Duplodnaviria,Heunggongvirae,Uroviricota,Caudoviricetes,Caudoviricetes incertae sedis,Cheoctovirus,Cheoctovirus melissauren88,,dsDNA
Cheoctovirus,1623281,,,,,0.43,,,,,,,,,,,246196.0,Mycolicibacterium smegmatis MC2 155,Duplodnaviria,Heunggongvirae,Uroviricota,Caudoviricetes,Caudoviricetes incertae sedis,Cheoctovirus,Cheoctovirus milleniumforce,,dsDNA
Cheoctovirus,1623281,,,,,0.43,,,,,,,,,,,246196.0,Mycolicibacterium smegmatis MC2 155,Duplodnaviria,Heunggongvirae,Uroviricota,Caudoviricetes,Caudoviricetes incertae sedis,Cheoctovirus,Cheoctovirus miniondave,,dsDNA
Cheoctovirus,1623281,,,,,0.43,,,,,,,,,,,246196.0,Mycolicibacterium smegmatis MC2 155,Duplodnaviria,Heunggongvirae,Uroviricota,Caudoviricetes,Caudoviricetes incertae sedis,Cheoctovirus,Cheoctovirus minnie,,dsDNA
Cheoctovirus,1623281,,,,,0.43,,,,,,,,,,,1763.0,Mycobacterium,Duplodnaviria,Heunggongvirae,Uroviricota,Caudoviricetes,Caudoviricetes incertae sedis,Cheoctovirus,Cheoctovirus moonbeam,,dsDNA
Cheoctovirus,1623281,,,,,0.43,,,,,,,,,,,246196.0,Mycolicibacterium smegmatis MC2 155,Duplodnaviria,Heunggongvirae,Uroviricota,Caudoviricetes,Caudoviricetes incertae sedis,Cheoctovirus,Cheoctovirus mozy,Mycobacterium virus Mozy,dsDNA
Cheoctovirus,1623281,,,,,0.43,,,,,,,,,,,246196.0,Mycolicibacterium smegmatis MC2 155,Duplodnaviria,Heunggongvirae,Uroviricota,Caudoviricetes,Caudoviricetes incertae sedis,Cheoctovirus,Cheoctovirus mutaforma13,Mycobacterium virus Mutaforma13,dsDNA
Cheoctovirus,1623281,,,,,0.43,,,,,,,,,,,1763.0,Mycobacterium,Duplodnaviria,Heunggongvirae,Uroviricota,Caudoviricetes,Caudoviricetes incertae sedis,Cheoctovirus,Cheoctovirus nitzel,,dsDNA
Cheoctovirus,1623281,,,,,0.43,,,,,,,,,,,246196.0,Mycolicibacterium smegmatis MC2 155,Duplodnaviria,Heunggongvirae,Uroviricota,Caudoviricetes,Caudoviricetes incertae sedis,Cheoctovirus,Cheoctovirus nivrat,,dsDNA
Cheoctovirus,1623281,,,,,0.43,,,,,,,,,,,246196.0,Mycolicibacterium smegmatis MC2 155,Duplodnaviria,Heunggongvirae,Uroviricota,Caudoviricetes,Caudoviricetes incertae sedis,Cheoctovirus,Cheoctovirus ochi17,,dsDNA
Cheoctovirus,1623281,,,,,0.43,,,,,,,,,,,246196.0,Mycolicibacterium smegmatis MC2 155,Duplodnaviria,Heunggongvirae,Uroviricota,Caudoviricetes,Caudoviricetes incertae sedis,Cheoctovirus,Cheoctovirus oldben,,dsDNA
Cheoctovirus,1623281,,,,,0.43,,,,,,,,,,,1763.0,Mycobacterium,Duplodnaviria,Heunggongvirae,Uroviricota,Caudoviricetes,Caudoviricetes incertae sedis,Cheoctovirus,Cheoctovirus olympiasaint,,dsDNA
Cheoctovirus,1623281,,,,,0.43,,,,,,,,,,,246196.0,Mycolicibacterium smegmatis MC2 155,Duplodnaviria,Heunggongvirae,Uroviricota,Caudoviricetes,Caudoviricetes incertae sedis,Cheoctovirus,Cheoctovirus ovechkin,,dsDNA
Cheoctovirus,1623281,,,,,0.43,,,,,,,,,,,246196.0,Mycolicibacterium smegmatis MC2 155,Duplodnaviria,Heunggongvirae,Uroviricota,Caudoviricetes,Caudoviricetes incertae sedis,Cheoctovirus,Cheoctovirus owlsT2W,,dsDNA
Cheoctovirus,1623281,,,,,0.43,,,,,,,,,,,246196.0,Mycolicibacterium smegmatis MC2 155,Duplodnaviria,Heunggongvirae,Uroviricota,Caudoviricetes,Caudoviricetes incertae sedis,Cheoctovirus,Cheoctovirus pacc40,Mycobacterium virus Pacc40,dsDNA
Cheoctovirus,1623281,,,,,0.43,,,,,,,,,,,246196.0,Mycolicibacterium smegmatis MC2 155,Duplodnaviria,Heunggongvirae,Uroviricota,Caudoviricetes,Caudoviricetes incertae sedis,Cheoctovirus,Cheoctovirus shauna1,Mycobacterium virus Shauna1,dsDNA
Cheoctovirus,1623281,,,,,0.43,,,,,,,,,,,246196.0,Mycolicibacterium smegmatis MC2 155,Duplodnaviria,Heunggongvirae,Uroviricota,Caudoviricetes,Caudoviricetes incertae sedis,Cheoctovirus,Cheoctovirus phasih,,dsDNA
Cheoctovirus,1623281,,,,,0.43,,,,,,,,,,,246196.0,Mycolicibacterium smegmatis MC2 155,Duplodnaviria,Heunggongvirae,Uroviricota,Caudoviricetes,Caudoviricetes incertae sedis,Cheoctovirus,Cheoctovirus phatniss,,dsDNA
Cheoctovirus,1623281,,,,,0.43,,,,,,,,,,,1763.0,Mycobacterium,Duplodnaviria,Heunggongvirae,Uroviricota,Caudoviricetes,Caudoviricetes incertae sedis,Cheoctovirus,Cheoctovirus plumbus,,dsDNA
Cheoctovirus,1623281,,,,,0.43,,,,,,,,,,,1763.0,Mycobacterium,Duplodnaviria,Heunggongvirae,Uroviricota,Caudoviricetes,Caudoviricetes incertae sedis,Cheoctovirus,Cheoctovirus PMC,Mycobacterium virus PMC,dsDNA
Cheoctovirus,1623281,,,,,0.43,,,,,,,,,,,246196.0,Mycolicibacterium smegmatis MC2 155,Duplodnaviria,Heunggongvirae,Uroviricota,Caudoviricetes,Caudoviricetes incertae sedis,Cheoctovirus,Cheoctovirus poenanya,,dsDNA
Cheoctovirus,1623281,,,,,0.43,,,,,,,,,,,246196.0,Mycolicibacterium smegmatis MC2 155,Duplodnaviria,Heunggongvirae,Uroviricota,Caudoviricetes,Caudoviricetes incertae sedis,Cheoctovirus,Cheoctovirus polka14,,dsDNA
Cheoctovirus,1623281,,,,,0.43,,,,,,,,,,,246196.0,Mycolicibacterium smegmatis MC2 155,Duplodnaviria,Heunggongvirae,Uroviricota,Caudoviricetes,Caudoviricetes incertae sedis,Cheoctovirus,Cheoctovirus poptart,,dsDNA
Cheoctovirus,1623281,,,,,0.43,,,,,,,,,,,246196.0,Mycolicibacterium smegmatis MC2 155,Duplodnaviria,Heunggongvirae,Uroviricota,Caudoviricetes,Caudoviricetes incertae sedis,Cheoctovirus,Cheoctovirus priscilla,,dsDNA
Cheoctovirus,1623281,,,,,0.43,,,,,,,,,,,1763.0,Mycobacterium,Duplodnaviria,Heunggongvirae,Uroviricota,Caudoviricetes,Caudoviricetes incertae sedis,Cheoctovirus,Cheoctovirus quickmath,,dsDNA
Cheoctovirus,1623281,,,,,0.43,,,,,,,,,,,246196.0,Mycolicibacterium smegmatis MC2 155,Duplodnaviria,Heunggongvirae,Uroviricota,Caudoviricetes,Caudoviricetes incertae sedis,Cheoctovirus,Cheoctovirus ramsey,Mycobacterium virus Ramsey,dsDNA
Cheoctovirus,1623281,,,,,0.43,,,,,,,,,,,246196.0,Mycolicibacterium smegmatis MC2 155,Duplodnaviria,Heunggongvirae,Uroviricota,Caudoviricetes,Caudoviricetes incertae sedis,Cheoctovirus,Cheoctovirus ritaG,,dsDNA
Cheoctovirus,1623281,,,,,0.43,,,,,,,,,,,246196.0,Mycolicibacterium smegmatis MC2 155,Duplodnaviria,Heunggongvirae,Uroviricota,Caudoviricetes,Caudoviricetes incertae sedis,Cheoctovirus,Cheoctovirus rockyhorror,Mycobacterium virus RockyHorror,dsDNA
Cheoctovirus,1623281,,,,,0.43,,,,,,,,,,,246196.0,Mycolicibacterium smegmatis MC2 155,Duplodnaviria,Heunggongvirae,Uroviricota,Caudoviricetes,Caudoviricetes incertae sedis,Cheoctovirus,Cheoctovirus royals2015,,dsDNA
Cheoctovirus,1623281,,,,,0.43,,,,,,,,,,,246196.0,Mycolicibacterium smegmatis MC2 155,Duplodnaviria,Heunggongvirae,Uroviricota,Caudoviricetes,Caudoviricetes incertae sedis,Cheoctovirus,Cheoctovirus saal,,dsDNA
Cheoctovirus,1623281,,,,,0.43,,,,,,,,,,,246196.0,Mycolicibacterium smegmatis MC2 155,Duplodnaviria,Heunggongvirae,Uroviricota,Caudoviricetes,Caudoviricetes incertae sedis,Cheoctovirus,Cheoctovirus sandalphon,,dsDNA
Cheoctovirus,1623281,,,,,0.43,,,,,,,,,,,246196.0,Mycolicibacterium smegmatis MC2 155,Duplodnaviria,Heunggongvirae,Uroviricota,Caudoviricetes,Caudoviricetes incertae sedis,Cheoctovirus,Cheoctovirus SG4,Mycobacterium virus SG4,dsDNA
Cheoctovirus,1623281,,,,,0.43,,,,,,,,,,,246196.0,Mycolicibacterium smegmatis MC2 155,Duplodnaviria,Heunggongvirae,Uroviricota,Caudoviricetes,Caudoviricetes incertae sedis,Cheoctovirus,Cheoctovirus shilan,Mycobacterium virus Shilan,dsDNA
Cheoctovirus,1623281,,,,,0.43,,,,,,,,,,,246196.0,Mycolicibacterium smegmatis MC2 155,Duplodnaviria,Heunggongvirae,Uroviricota,Caudoviricetes,Caudoviricetes incertae sedis,Cheoctovirus,Cheoctovirus sisi,,dsDNA
Cheoctovirus,1623281,,,,,0.43,,,,,,,,,,,246196.0,Mycolicibacterium smegmatis MC2 155,Duplodnaviria,Heunggongvirae,Uroviricota,Caudoviricetes,Caudoviricetes incertae sedis,Cheoctovirus,Cheoctovirus sparkdehlily,,dsDNA
Cheoctovirus,1623281,,,,,0.43,,,,,,,,,,,246196.0,Mycolicibacterium smegmatis MC2 155,Duplodnaviria,Heunggongvirae,Uroviricota,Caudoviricetes,Caudoviricetes incertae sedis,Cheoctovirus,Cheoctovirus spartacus,Mycobacterium virus Spartacus,dsDNA
Cheoctovirus,1623281,,,,,0.43,,,,,,,,,,,1763.0,Mycobacterium,Duplodnaviria,Heunggongvirae,Uroviricota,Caudoviricetes,Caudoviricetes incertae sedis,Cheoctovirus,Cheoctovirus spikelee,,dsDNA
Cheoctovirus,1623281,,,,,0.43,,,,,,,,,,,246196.0,Mycolicibacterium smegmatis MC2 155,Duplodnaviria,Heunggongvirae,Uroviricota,Caudoviricetes,Caudoviricetes incertae sedis,Cheoctovirus,Cheoctovirus spoonbill,,dsDNA
Cheoctovirus,1623281,,,,,0.43,,,,,,,,,,,246196.0,Mycolicibacterium smegmatis MC2 155,Duplodnaviria,Heunggongvirae,Uroviricota,Caudoviricetes,Caudoviricetes incertae sedis,Cheoctovirus,Cheoctovirus supergrey,,dsDNA
Cheoctovirus,1623281,,,,,0.43,,,,,,,,,,,1763.0,Mycobacterium,Duplodnaviria,Heunggongvirae,Uroviricota,Caudoviricetes,Caudoviricetes incertae sedis,Cheoctovirus,Cheoctovirus swagpigglett,,dsDNA
Cheoctovirus,1623281,,,,,0.43,,,,,,,,,,,246196.0,Mycolicibacterium smegmatis MC2 155,Duplodnaviria,Heunggongvirae,Uroviricota,Caudoviricetes,Caudoviricetes incertae sedis,Cheoctovirus,Cheoctovirus taj,Mycobacterium virus Taj,dsDNA
Cheoctovirus,1623281,,,,,0.43,,,,,,,,,,,1763.0,Mycobacterium,Duplodnaviria,Heunggongvirae,Uroviricota,Caudoviricetes,Caudoviricetes incertae sedis,Cheoctovirus,Cheoctovirus tweety,Mycobacterium virus Tweety,dsDNA
Cheoctovirus,1623281,,,,,0.43,,,,,,,,,,,246196.0,Mycolicibacterium smegmatis MC2 155,Duplodnaviria,Heunggongvirae,Uroviricota,Caudoviricetes,Caudoviricetes incertae sedis,Cheoctovirus,Cheoctovirus veteran,,dsDNA
Cheoctovirus,1623281,,,,,0.43,,,,,,,,,,,246196.0,Mycolicibacterium smegmatis MC2 155,Duplodnaviria,Heunggongvirae,Uroviricota,Caudoviricetes,Caudoviricetes incertae sedis,Cheoctovirus,Cheoctovirus wachhund,,dsDNA
Cheoctovirus,1623281,,,,,0.43,,,,,,,,,,,1763.0,Mycobacterium,Duplodnaviria,Heunggongvirae,Uroviricota,Caudoviricetes,Caudoviricetes incertae sedis,Cheoctovirus,Cheoctovirus wee,Mycobacterium virus Wee,dsDNA
Cheoctovirus,1623281,,,,,0.43,,,,,,,,,,,246196.0,Mycolicibacterium smegmatis MC2 155,Duplodnaviria,Heunggongvirae,Uroviricota,Caudoviricetes,Caudoviricetes incertae sedis,Cheoctovirus,Cheoctovirus wee,Mycobacterium virus Wee,dsDNA
Cheoctovirus,1623281,,,,,0.43,,,,,,,,,,,246196.0,Mycolicibacterium smegmatis MC2 155,Duplodnaviria,Heunggongvirae,Uroviricota,Caudoviricetes,Caudoviricetes incertae sedis,Cheoctovirus,Cheoctovirus whouxphf,,dsDNA
Cheoctovirus,1623281,,,,,0.43,,,,,,,,,,,246196.0,Mycolicibacterium smegmatis MC2 155,Duplodnaviria,Heunggongvirae,Uroviricota,Caudoviricetes,Caudoviricetes incertae sedis,Cheoctovirus,Cheoctovirus willsterrel,,dsDNA
Cheoctovirus,1623281,,,,,0.43,,,,,,,,,,,246196.0,Mycolicibacterium smegmatis MC2 155,Duplodnaviria,Heunggongvirae,Uroviricota,Caudoviricetes,Caudoviricetes incertae sedis,Cheoctovirus,Cheoctovirus xfactor,,dsDNA
Cheoctovirus,1623281,,,,,0.43,,,,,,,,,,,246196.0,Mycolicibacterium smegmatis MC2 155,Duplodnaviria,Heunggongvirae,Uroviricota,Caudoviricetes,Caudoviricetes incertae sedis,Cheoctovirus,Cheoctovirus zerg,,dsDNA
Chivirus,1623283,,,,,0.09,,,,,,,,,,,28901.0,Salmonella enterica,Duplodnaviria,Heunggongvirae,Uroviricota,Caudoviricetes,Caudoviricetes incertae sedis,Casjensviridae,Chivirus,,dsDNA
Chivirus,1623283,,,,,0.09,,,,,,,,,,,42895.0,Enterobacter sp.,Duplodnaviria,Heunggongvirae,Uroviricota,Caudoviricetes,Caudoviricetes incertae sedis,Casjensviridae,Chivirus,unclassified Chivirus,dsDNA
Chivirus,1623283,,,,,0.09,,,,,,,,,,,562.0,Escherichia coli,Duplodnaviria,Heunggongvirae,Uroviricota,Caudoviricetes,Caudoviricetes incertae sedis,Casjensviridae,Chivirus,unclassified Chivirus,dsDNA
Chivirus,1623283,,,,,0.09,,,,,,,,,,,548.0,Klebsiella aerogenes,Duplodnaviria,Heunggongvirae,Uroviricota,Caudoviricetes,Caudoviricetes incertae sedis,Casjensviridae,Chivirus,unclassified Chivirus,dsDNA
Chivirus,1623283,,,,,0.09,,,,,,,,,,,594.0,Salmonella enterica subsp. enterica serovar Gallinarum,Duplodnaviria,Heunggongvirae,Uroviricota,Caudoviricetes,Caudoviricetes incertae sedis,Casjensviridae,Chivirus,Chivirus cv35,dsDNA
Chivirus,1623283,,,,,0.09,,,,,,,,,,,54388.0,Salmonella enterica subsp. enterica serovar Paratyphi A,Duplodnaviria,Heunggongvirae,Uroviricota,Caudoviricetes,Caudoviricetes incertae sedis,Casjensviridae,Chivirus,Chivirus cv37,dsDNA
Chivirus,1623283,,,,,0.09,,,,,,,,,,,57045.0,Salmonella enterica subsp. enterica serovar Paratyphi B,Duplodnaviria,Heunggongvirae,Uroviricota,Caudoviricetes,Caudoviricetes incertae sedis,Casjensviridae,Chivirus,Chivirus cv37,dsDNA
Chivirus,1623283,,,,,0.09,,,,,,,,,,,90370.0,Salmonella enterica subsp. enterica serovar Typhi,Duplodnaviria,Heunggongvirae,Uroviricota,Caudoviricetes,Caudoviricetes incertae sedis,Casjensviridae,Chivirus,Chivirus cv37,dsDNA
Chivirus,1623283,,,,,0.09,,,,,,,,,,,149539.0,Salmonella enterica subsp. enterica serovar Enteritidis,Duplodnaviria,Heunggongvirae,Uroviricota,Caudoviricetes,Caudoviricetes incertae sedis,Casjensviridae,Chivirus,Chivirus cv37,dsDNA
Chivirus,1623283,,,,,0.09,,,,,,,,,,,85569.0,Salmonella enterica subsp. enterica serovar Typhimurium str. DT104,Duplodnaviria,Heunggongvirae,Uroviricota,Caudoviricetes,Caudoviricetes incertae sedis,Casjensviridae,Chivirus,Chivirus BSPM4,dsDNA
Chivirus,1623283,,,,,0.09,,,,,,,,,,,90371.0,Salmonella enterica subsp. enterica serovar Typhimurium,Duplodnaviria,Heunggongvirae,Uroviricota,Caudoviricetes,Caudoviricetes incertae sedis,Casjensviridae,Chivirus,Chivirus BSPM4,dsDNA
Chivirus,1623283,,,,,0.09,,,,,,,,,,,99287.0,Salmonella enterica subsp. enterica serovar Typhimurium str. LT2,Duplodnaviria,Heunggongvirae,Uroviricota,Caudoviricetes,Caudoviricetes incertae sedis,Casjensviridae,Chivirus,Chivirus BSPM4,dsDNA
Chivirus,1623283,,,,,0.09,,,,,,,,,,,216597.0,Salmonella enterica subsp. enterica serovar Typhimurium str. SL1344,Duplodnaviria,Heunggongvirae,Uroviricota,Caudoviricetes,Caudoviricetes incertae sedis,Casjensviridae,Chivirus,Chivirus BSPM4,dsDNA
Chivirus,1623283,,,,,0.09,,,,,,,,,,,1299114.0,Salmonella enterica subsp. enterica serovar Typhimurium str. ATCC 14028,Duplodnaviria,Heunggongvirae,Uroviricota,Caudoviricetes,Caudoviricetes incertae sedis,Casjensviridae,Chivirus,Chivirus BSPM4,dsDNA
Chivirus,1623283,,,,,0.09,,,,,,,,,,,98360.0,Salmonella enterica subsp. enterica serovar Dublin,Duplodnaviria,Heunggongvirae,Uroviricota,Caudoviricetes,Caudoviricetes incertae sedis,Casjensviridae,Chivirus,Chivirus FSLSP030,dsDNA
Chivirus,1623283,,,,,0.09,,,,,,,,,,,340188.0,Salmonella enterica subsp. enterica serovar Cerro,Duplodnaviria,Heunggongvirae,Uroviricota,Caudoviricetes,Caudoviricetes incertae sedis,Casjensviridae,Chivirus,Chivirus FSLSP030,dsDNA
Chivirus,1623283,,,,,0.09,,,,,,,,,,,599.0,Salmonella sp.,Duplodnaviria,Heunggongvirae,Uroviricota,Caudoviricetes,Caudoviricetes incertae sedis,Casjensviridae,Chivirus,unclassified Chivirus,dsDNA
Chivirus,1623283,,,,,0.09,,,,,,,,,,,590.0,Salmonella,Duplodnaviria,Heunggongvirae,Uroviricota,Caudoviricetes,Caudoviricetes incertae sedis,Casjensviridae,Chivirus,unclassified Chivirus,dsDNA
Chivirus,1623283,,,,,0.09,,,,,,,,,,,108619.0,Salmonella enterica subsp. enterica serovar Newport,Duplodnaviria,Heunggongvirae,Uroviricota,Caudoviricetes,Caudoviricetes incertae sedis,Casjensviridae,Chivirus,Chivirus FSLSP030,dsDNA
Chivirus,1623283,,,,,0.09,,,,,,,,,,,600.0,Salmonella enterica subsp. enterica serovar Thompson,Duplodnaviria,Heunggongvirae,Uroviricota,Caudoviricetes,Caudoviricetes incertae sedis,Casjensviridae,Chivirus,unclassified Chivirus,dsDNA
Chivirus,1623283,,,,,0.09,,,,,,,,,,,573.0,Klebsiella pneumoniae,Duplodnaviria,Heunggongvirae,Uroviricota,Caudoviricetes,Caudoviricetes incertae sedis,Casjensviridae,Chivirus,Chivirus KpYy141,dsDNA
Coetzeevirus,1623300,,,,,0.1,,,,,,,,,,,1582.0,Lacticaseibacillus casei,Duplodnaviria,Heunggongvirae,Uroviricota,Caudoviricetes,Caudoviricetes incertae sedis,Coetzeevirus,unclassified Coetzeevirus,,dsDNA
Coetzeevirus,1623300,,,,,0.1,,,,,,,,,,,1590.0,Lactiplantibacillus plantarum,Duplodnaviria,Heunggongvirae,Uroviricota,Caudoviricetes,Caudoviricetes incertae sedis,Coetzeevirus,Coetzeevirus ATCC8014,,dsDNA
Coetzeevirus,1623300,,,,,0.1,,,,,,,,,,,1578.0,Lactobacillus,Duplodnaviria,Heunggongvirae,Uroviricota,Caudoviricetes,Caudoviricetes incertae sedis,Coetzeevirus,unclassified Coetzeevirus,,dsDNA
Coetzeevirus,1623300,,,,,0.1,,,,,,,,,,,1578.0,Lactobacillus,Duplodnaviria,Heunggongvirae,Uroviricota,Caudoviricetes,Caudoviricetes incertae sedis,Coetzeevirus,Coetzeevirus JL1,,dsDNA
Coetzeevirus,1623300,,,,,0.1,,,,,,,,,,,1590.0,Lactiplantibacillus plantarum,Duplodnaviria,Heunggongvirae,Uroviricota,Caudoviricetes,Caudoviricetes incertae sedis,Coetzeevirus,unclassified Coetzeevirus,,dsDNA
Coetzeevirus,1623300,,,,,0.1,,,,,,,,,,,1253.0,Pediococcus,Duplodnaviria,Heunggongvirae,Uroviricota,Caudoviricetes,Caudoviricetes incertae sedis,Coetzeevirus,Coetzeevirus cIP1,,dsDNA
Skunavirus,1623305,0.27,0.39,,,0.16,,0.11,0.19,,0.25,,,0.22,,,1358.0,Lactococcus lactis,Duplodnaviria,Heunggongvirae,Uroviricota,Caudoviricetes,Caudoviricetes incertae sedis,Skunavirus,unclassified Skunavirus,,dsDNA
Skunavirus,1623305,0.27,0.39,,,0.16,,0.11,0.19,,0.25,,,0.22,,,1358.0,Lactococcus lactis,Duplodnaviria,Heunggongvirae,Uroviricota,Caudoviricetes,Caudoviricetes incertae sedis,Skunavirus,Skunavirus p272,,dsDNA
Skunavirus,1623305,0.27,0.39,,,0.16,,0.11,0.19,,0.25,,,0.22,,,1358.0,Lactococcus lactis,Duplodnaviria,Heunggongvirae,Uroviricota,Caudoviricetes,Caudoviricetes incertae sedis,Skunavirus,Skunavirus P475,,dsDNA
Skunavirus,1623305,0.27,0.39,,,0.16,,0.11,0.19,,0.25,,,0.22,,,1358.0,Lactococcus lactis,Duplodnaviria,Heunggongvirae,Uroviricota,Caudoviricetes,Caudoviricetes incertae sedis,Skunavirus,Skunavirus sv05601,,dsDNA
Skunavirus,1623305,0.27,0.39,,,0.16,,0.11,0.19,,0.25,,,0.22,,,1358.0,Lactococcus lactis,Duplodnaviria,Heunggongvirae,Uroviricota,Caudoviricetes,Caudoviricetes incertae sedis,Skunavirus,Skunavirus sv10W18,,dsDNA
Skunavirus,1623305,0.27,0.39,,,0.16,,0.11,0.19,,0.25,,,0.22,,,1358.0,Lactococcus lactis,Duplodnaviria,Heunggongvirae,Uroviricota,Caudoviricetes,Caudoviricetes incertae sedis,Skunavirus,Skunavirus sv3R16S,,dsDNA
Skunavirus,1623305,0.27,0.39,,,0.16,,0.11,0.19,,0.25,,,0.22,,,1359.0,Lactococcus cremoris,Duplodnaviria,Heunggongvirae,Uroviricota,Caudoviricetes,Caudoviricetes incertae sedis,Skunavirus,Skunavirus sv3R16S,,dsDNA
Skunavirus,1623305,0.27,0.39,,,0.16,,0.11,0.19,,0.25,,,0.22,,,1359.0,Lactococcus cremoris,Duplodnaviria,Heunggongvirae,Uroviricota,Caudoviricetes,Caudoviricetes incertae sedis,Skunavirus,Skunavirus sv13W11L,,dsDNA
Skunavirus,1623305,0.27,0.39,,,0.16,,0.11,0.19,,0.25,,,0.22,,,1358.0,Lactococcus lactis,Duplodnaviria,Heunggongvirae,Uroviricota,Caudoviricetes,Caudoviricetes incertae sedis,Skunavirus,Skunavirus sv13W11L,,dsDNA
Skunavirus,1623305,0.27,0.39,,,0.16,,0.11,0.19,,0.25,,,0.22,,,1358.0,Lactococcus lactis,Duplodnaviria,Heunggongvirae,Uroviricota,Caudoviricetes,Caudoviricetes incertae sedis,Skunavirus,Skunavirus sv16802,,dsDNA
Skunavirus,1623305,0.27,0.39,,,0.16,,0.11,0.19,,0.25,,,0.22,,,1358.0,Lactococcus lactis,Duplodnaviria,Heunggongvirae,Uroviricota,Caudoviricetes,Caudoviricetes incertae sedis,Skunavirus,Skunavirus sv16W23,,dsDNA
Skunavirus,1623305,0.27,0.39,,,0.16,,0.11,0.19,,0.25,,,0.22,,,44688.0,Lactococcus lactis subsp. lactis bv. diacetylactis,Duplodnaviria,Heunggongvirae,Uroviricota,Caudoviricetes,Caudoviricetes incertae sedis,Skunavirus,Skunavirus sv16W23,,dsDNA
Skunavirus,1623305,0.27,0.39,,,0.16,,0.11,0.19,,0.25,,,0.22,,,44688.0,Lactococcus lactis subsp. lactis bv. diacetylactis,Duplodnaviria,Heunggongvirae,Uroviricota,Caudoviricetes,Caudoviricetes incertae sedis,Skunavirus,Skunavirus sv3R16S,,dsDNA
Skunavirus,1623305,0.27,0.39,,,0.16,,0.11,0.19,,0.25,,,0.22,,,44688.0,Lactococcus lactis subsp. lactis bv. diacetylactis,Duplodnaviria,Heunggongvirae,Uroviricota,Caudoviricetes,Caudoviricetes incertae sedis,Skunavirus,Skunavirus sv10W18,,dsDNA
Skunavirus,1623305,0.27,0.39,,,0.16,,0.11,0.19,,0.25,,,0.22,,,44688.0,Lactococcus lactis subsp. lactis bv. diacetylactis,Duplodnaviria,Heunggongvirae,Uroviricota,Caudoviricetes,Caudoviricetes incertae sedis,Skunavirus,unclassified Skunavirus,,dsDNA
Skunavirus,1623305,0.27,0.39,,,0.16,,0.11,0.19,,0.25,,,0.22,,,1358.0,Lactococcus lactis,Duplodnaviria,Heunggongvirae,Uroviricota,Caudoviricetes,Caudoviricetes incertae sedis,Skunavirus,Skunavirus sv30804,,dsDNA
Skunavirus,1623305,0.27,0.39,,,0.16,,0.11,0.19,,0.25,,,0.22,,,1359.0,Lactococcus cremoris,Duplodnaviria,Heunggongvirae,Uroviricota,Caudoviricetes,Caudoviricetes incertae sedis,Skunavirus,Skunavirus sv340,,dsDNA
Skunavirus,1623305,0.27,0.39,,,0.16,,0.11,0.19,,0.25,,,0.22,,,1360.0,Lactococcus lactis subsp. lactis,Duplodnaviria,Heunggongvirae,Uroviricota,Caudoviricetes,Caudoviricetes incertae sedis,Skunavirus,Skunavirus sv340,,dsDNA
Skunavirus,1623305,0.27,0.39,,,0.16,,0.11,0.19,,0.25,,,0.22,,,272623.0,Lactococcus lactis subsp. lactis Il1403,Duplodnaviria,Heunggongvirae,Uroviricota,Caudoviricetes,Caudoviricetes incertae sedis,Skunavirus,Skunavirus sv340,,dsDNA
Skunavirus,1623305,0.27,0.39,,,0.16,,0.11,0.19,,0.25,,,0.22,,,1358.0,Lactococcus lactis,Duplodnaviria,Heunggongvirae,Uroviricota,Caudoviricetes,Caudoviricetes incertae sedis,Skunavirus,Skunavirus sv37201,,dsDNA
Skunavirus,1623305,0.27,0.39,,,0.16,,0.11,0.19,,0.25,,,0.22,,,1358.0,Lactococcus lactis,Duplodnaviria,Heunggongvirae,Uroviricota,Caudoviricetes,Caudoviricetes incertae sedis,Skunavirus,Skunavirus sv38503,,dsDNA
Skunavirus,1623305,0.27,0.39,,,0.16,,0.11,0.19,,0.25,,,0.22,,,1358.0,Lactococcus lactis,Duplodnaviria,Heunggongvirae,Uroviricota,Caudoviricetes,Caudoviricetes incertae sedis,Skunavirus,Skunavirus sv38507,,dsDNA
Skunavirus,1623305,0.27,0.39,,,0.16,,0.11,0.19,,0.25,,,0.22,,,1358.0,Lactococcus lactis,Duplodnaviria,Heunggongvirae,Uroviricota,Caudoviricetes,Caudoviricetes incertae sedis,Skunavirus,Skunavirus sv42,,dsDNA
Skunavirus,1623305,0.27,0.39,,,0.16,,0.11,0.19,,0.25,,,0.22,,,1358.0,Lactococcus lactis,Duplodnaviria,Heunggongvirae,Uroviricota,Caudoviricetes,Caudoviricetes incertae sedis,Skunavirus,Skunavirus sv51701,,dsDNA
Skunavirus,1623305,0.27,0.39,,,0.16,,0.11,0.19,,0.25,,,0.22,,,1358.0,Lactococcus lactis,Duplodnaviria,Heunggongvirae,Uroviricota,Caudoviricetes,Caudoviricetes incertae sedis,Skunavirus,Skunavirus sv56003,,dsDNA
Skunavirus,1623305,0.27,0.39,,,0.16,,0.11,0.19,,0.25,,,0.22,,,1358.0,Lactococcus lactis,Duplodnaviria,Heunggongvirae,Uroviricota,Caudoviricetes,Caudoviricetes incertae sedis,Skunavirus,Skunavirus sv56301,,dsDNA
Skunavirus,1623305,0.27,0.39,,,0.16,,0.11,0.19,,0.25,,,0.22,,,1358.0,Lactococcus lactis,Duplodnaviria,Heunggongvirae,Uroviricota,Caudoviricetes,Caudoviricetes incertae sedis,Skunavirus,Skunavirus sv57001,,dsDNA
Skunavirus,1623305,0.27,0.39,,,0.16,,0.11,0.19,,0.25,,,0.22,,,1358.0,Lactococcus lactis,Duplodnaviria,Heunggongvirae,Uroviricota,Caudoviricetes,Caudoviricetes incertae sedis,Skunavirus,Skunavirus sv62601,,dsDNA
Skunavirus,1623305,0.27,0.39,,,0.16,,0.11,0.19,,0.25,,,0.22,,,1358.0,Lactococcus lactis,Duplodnaviria,Heunggongvirae,Uroviricota,Caudoviricetes,Caudoviricetes incertae sedis,Skunavirus,Skunavirus sv62605,,dsDNA
Skunavirus,1623305,0.27,0.39,,,0.16,,0.11,0.19,,0.25,,,0.22,,,1358.0,Lactococcus lactis,Duplodnaviria,Heunggongvirae,Uroviricota,Caudoviricetes,Caudoviricetes incertae sedis,Skunavirus,Skunavirus sv63302,,dsDNA
Skunavirus,1623305,0.27,0.39,,,0.16,,0.11,0.19,,0.25,,,0.22,,,1358.0,Lactococcus lactis,Duplodnaviria,Heunggongvirae,Uroviricota,Caudoviricetes,Caudoviricetes incertae sedis,Skunavirus,Skunavirus sv66901,,dsDNA
Skunavirus,1623305,0.27,0.39,,,0.16,,0.11,0.19,,0.25,,,0.22,,,1358.0,Lactococcus lactis,Duplodnaviria,Heunggongvirae,Uroviricota,Caudoviricetes,Caudoviricetes incertae sedis,Skunavirus,Skunavirus sv712,,dsDNA
Skunavirus,1623305,0.27,0.39,,,0.16,,0.11,0.19,,0.25,,,0.22,,,1358.0,Lactococcus lactis,Duplodnaviria,Heunggongvirae,Uroviricota,Caudoviricetes,Caudoviricetes incertae sedis,Skunavirus,Skunavirus sv79201,,dsDNA
Skunavirus,1623305,0.27,0.39,,,0.16,,0.11,0.19,,0.25,,,0.22,,,1358.0,Lactococcus lactis,Duplodnaviria,Heunggongvirae,Uroviricota,Caudoviricetes,Caudoviricetes incertae sedis,Skunavirus,Skunavirus sv88605,,dsDNA
Skunavirus,1623305,0.27,0.39,,,0.16,,0.11,0.19,,0.25,,,0.22,,,1358.0,Lactococcus lactis,Duplodnaviria,Heunggongvirae,Uroviricota,Caudoviricetes,Caudoviricetes incertae sedis,Skunavirus,Skunavirus sv8V08,,dsDNA
Skunavirus,1623305,0.27,0.39,,,0.16,,0.11,0.19,,0.25,,,0.22,,,1357.0,Lactococcus,Duplodnaviria,Heunggongvirae,Uroviricota,Caudoviricetes,Caudoviricetes incertae sedis,Skunavirus,Skunavirus sv936,,dsDNA
Skunavirus,1623305,0.27,0.39,,,0.16,,0.11,0.19,,0.25,,,0.22,,,1358.0,Lactococcus lactis,Duplodnaviria,Heunggongvirae,Uroviricota,Caudoviricetes,Caudoviricetes incertae sedis,Skunavirus,Skunavirus L18,,dsDNA
Skunavirus,1623305,0.27,0.39,,,0.16,,0.11,0.19,,0.25,,,0.22,,,1358.0,Lactococcus lactis,Duplodnaviria,Heunggongvirae,Uroviricota,Caudoviricetes,Caudoviricetes incertae sedis,Skunavirus,Skunavirus sv109,,dsDNA
Skunavirus,1623305,0.27,0.39,,,0.16,,0.11,0.19,,0.25,,,0.22,,,1358.0,Lactococcus lactis,Duplodnaviria,Heunggongvirae,Uroviricota,Caudoviricetes,Caudoviricetes incertae sedis,Skunavirus,Skunavirus sv44,,dsDNA
Skunavirus,1623305,0.27,0.39,,,0.16,,0.11,0.19,,0.25,,,0.22,,,1358.0,Lactococcus lactis,Duplodnaviria,Heunggongvirae,Uroviricota,Caudoviricetes,Caudoviricetes incertae sedis,Skunavirus,Skunavirus sv155,,dsDNA
Skunavirus,1623305,0.27,0.39,,,0.16,,0.11,0.19,,0.25,,,0.22,,,1358.0,Lactococcus lactis,Duplodnaviria,Heunggongvirae,Uroviricota,Caudoviricetes,Caudoviricetes incertae sedis,Skunavirus,Skunavirus sv193,,dsDNA
Skunavirus,1623305,0.27,0.39,,,0.16,,0.11,0.19,,0.25,,,0.22,,,1358.0,Lactococcus lactis,Duplodnaviria,Heunggongvirae,Uroviricota,Caudoviricetes,Caudoviricetes incertae sedis,Skunavirus,Skunavirus i0139,,dsDNA
Skunavirus,1623305,0.27,0.39,,,0.16,,0.11,0.19,,0.25,,,0.22,,,1358.0,Lactococcus lactis,Duplodnaviria,Heunggongvirae,Uroviricota,Caudoviricetes,Caudoviricetes incertae sedis,Skunavirus,Skunavirus sv512,,dsDNA
Skunavirus,1623305,0.27,0.39,,,0.16,,0.11,0.19,,0.25,,,0.22,,,1358.0,Lactococcus lactis,Duplodnaviria,Heunggongvirae,Uroviricota,Caudoviricetes,Caudoviricetes incertae sedis,Skunavirus,Skunavirus sv91127,,dsDNA
Skunavirus,1623305,0.27,0.39,,,0.16,,0.11,0.19,,0.25,,,0.22,,,1358.0,Lactococcus lactis,Duplodnaviria,Heunggongvirae,Uroviricota,Caudoviricetes,Caudoviricetes incertae sedis,Skunavirus,Skunavirus A16,,dsDNA
Skunavirus,1623305,0.27,0.39,,,0.16,,0.11,0.19,,0.25,,,0.22,,,1358.0,Lactococcus lactis,Duplodnaviria,Heunggongvirae,Uroviricota,Caudoviricetes,Caudoviricetes incertae sedis,Skunavirus,Skunavirus B1127,,dsDNA
Skunavirus,1623305,0.27,0.39,,,0.16,,0.11,0.19,,0.25,,,0.22,,,1358.0,Lactococcus lactis,Duplodnaviria,Heunggongvirae,Uroviricota,Caudoviricetes,Caudoviricetes incertae sedis,Skunavirus,Skunavirus E1127,,dsDNA
Skunavirus,1623305,0.27,0.39,,,0.16,,0.11,0.19,,0.25,,,0.22,,,1358.0,Lactococcus lactis,Duplodnaviria,Heunggongvirae,Uroviricota,Caudoviricetes,Caudoviricetes incertae sedis,Skunavirus,Skunavirus F0139,,dsDNA
Skunavirus,1623305,0.27,0.39,,,0.16,,0.11,0.19,,0.25,,,0.22,,,1358.0,Lactococcus lactis,Duplodnaviria,Heunggongvirae,Uroviricota,Caudoviricetes,Caudoviricetes incertae sedis,Skunavirus,Skunavirus JF1,,dsDNA
Skunavirus,1623305,0.27,0.39,,,0.16,,0.11,0.19,,0.25,,,0.22,,,1358.0,Lactococcus lactis,Duplodnaviria,Heunggongvirae,Uroviricota,Caudoviricetes,Caudoviricetes incertae sedis,Skunavirus,Skunavirus L6,,dsDNA
Skunavirus,1623305,0.27,0.39,,,0.16,,0.11,0.19,,0.25,,,0.22,,,1358.0,Lactococcus lactis,Duplodnaviria,Heunggongvirae,Uroviricota,Caudoviricetes,Caudoviricetes incertae sedis,Skunavirus,Skunavirus Lj,,dsDNA
Skunavirus,1623305,0.27,0.39,,,0.16,,0.11,0.19,,0.25,,,0.22,,,1358.0,Lactococcus lactis,Duplodnaviria,Heunggongvirae,Uroviricota,Caudoviricetes,Caudoviricetes incertae sedis,Skunavirus,Skunavirus M1127,,dsDNA
Skunavirus,1623305,0.27,0.39,,,0.16,,0.11,0.19,,0.25,,,0.22,,,1358.0,Lactococcus lactis,Duplodnaviria,Heunggongvirae,Uroviricota,Caudoviricetes,Caudoviricetes incertae sedis,Skunavirus,Skunavirus S0139,,dsDNA
Skunavirus,1623305,0.27,0.39,,,0.16,,0.11,0.19,,0.25,,,0.22,,,1358.0,Lactococcus lactis,Duplodnaviria,Heunggongvirae,Uroviricota,Caudoviricetes,Caudoviricetes incertae sedis,Skunavirus,Skunavirus sv96401,,dsDNA
Skunavirus,1623305,0.27,0.39,,,0.16,,0.11,0.19,,0.25,,,0.22,,,1358.0,Lactococcus lactis,Duplodnaviria,Heunggongvirae,Uroviricota,Caudoviricetes,Caudoviricetes incertae sedis,Skunavirus,Skunavirus sv96403,,dsDNA
Skunavirus,1623305,0.27,0.39,,,0.16,,0.11,0.19,,0.25,,,0.22,,,1358.0,Lactococcus lactis,Duplodnaviria,Heunggongvirae,Uroviricota,Caudoviricetes,Caudoviricetes incertae sedis,Skunavirus,Skunavirus sv96603,,dsDNA
Skunavirus,1623305,0.27,0.39,,,0.16,,0.11,0.19,,0.25,,,0.22,,,1358.0,Lactococcus lactis,Duplodnaviria,Heunggongvirae,Uroviricota,Caudoviricetes,Caudoviricetes incertae sedis,Skunavirus,Skunavirus ASCC191,,dsDNA
Skunavirus,1623305,0.27,0.39,,,0.16,,0.11,0.19,,0.25,,,0.22,,,1358.0,Lactococcus lactis,Duplodnaviria,Heunggongvirae,Uroviricota,Caudoviricetes,Caudoviricetes incertae sedis,Skunavirus,Skunavirus ASCC273,,dsDNA
Skunavirus,1623305,0.27,0.39,,,0.16,,0.11,0.19,,0.25,,,0.22,,,1358.0,Lactococcus lactis,Duplodnaviria,Heunggongvirae,Uroviricota,Caudoviricetes,Caudoviricetes incertae sedis,Skunavirus,Skunavirus ASCC281,,dsDNA
Skunavirus,1623305,0.27,0.39,,,0.16,,0.11,0.19,,0.25,,,0.22,,,1358.0,Lactococcus lactis,Duplodnaviria,Heunggongvirae,Uroviricota,Caudoviricetes,Caudoviricetes incertae sedis,Skunavirus,Skunavirus ASCC532,,dsDNA
Skunavirus,1623305,0.27,0.39,,,0.16,,0.11,0.19,,0.25,,,0.22,,,1358.0,Lactococcus lactis,Duplodnaviria,Heunggongvirae,Uroviricota,Caudoviricetes,Caudoviricetes incertae sedis,Skunavirus,Skunavirus ASCC465,,dsDNA
Skunavirus,1623305,0.27,0.39,,,0.16,,0.11,0.19,,0.25,,,0.22,,,1357.0,Lactococcus,Duplodnaviria,Heunggongvirae,Uroviricota,Caudoviricetes,Caudoviricetes incertae sedis,Skunavirus,Skunavirus bibb29,,dsDNA
Skunavirus,1623305,0.27,0.39,,,0.16,,0.11,0.19,,0.25,,,0.22,,,1357.0,Lactococcus,Duplodnaviria,Heunggongvirae,Uroviricota,Caudoviricetes,Caudoviricetes incertae sedis,Skunavirus,Skunavirus bIL170,,dsDNA
Skunavirus,1623305,0.27,0.39,,,0.16,,0.11,0.19,,0.25,,,0.22,,,1359.0,Lactococcus cremoris,Duplodnaviria,Heunggongvirae,Uroviricota,Caudoviricetes,Caudoviricetes incertae sedis,Skunavirus,Skunavirus caseusJM1,,dsDNA
Skunavirus,1623305,0.27,0.39,,,0.16,,0.11,0.19,,0.25,,,0.22,,,1359.0,Lactococcus cremoris,Duplodnaviria,Heunggongvirae,Uroviricota,Caudoviricetes,Caudoviricetes incertae sedis,Skunavirus,Skunavirus CB13,,dsDNA
Skunavirus,1623305,0.27,0.39,,,0.16,,0.11,0.19,,0.25,,,0.22,,,1359.0,Lactococcus cremoris,Duplodnaviria,Heunggongvirae,Uroviricota,Caudoviricetes,Caudoviricetes incertae sedis,Skunavirus,Skunavirus CB14,,dsDNA
Skunavirus,1623305,0.27,0.39,,,0.16,,0.11,0.19,,0.25,,,0.22,,,1359.0,Lactococcus cremoris,Duplodnaviria,Heunggongvirae,Uroviricota,Caudoviricetes,Caudoviricetes incertae sedis,Skunavirus,Skunavirus CB19,,dsDNA
Skunavirus,1623305,0.27,0.39,,,0.16,,0.11,0.19,,0.25,,,0.22,,,2816960.0,Lactococcus cremoris subsp. cremoris,Duplodnaviria,Heunggongvirae,Uroviricota,Caudoviricetes,Caudoviricetes incertae sedis,Skunavirus,Skunavirus CB19,,dsDNA
Skunavirus,1623305,0.27,0.39,,,0.16,,0.11,0.19,,0.25,,,0.22,,,1359.0,Lactococcus cremoris,Duplodnaviria,Heunggongvirae,Uroviricota,Caudoviricetes,Caudoviricetes incertae sedis,Skunavirus,Skunavirus CHPC129,,dsDNA
Skunavirus,1623305,0.27,0.39,,,0.16,,0.11,0.19,,0.25,,,0.22,,,1358.0,Lactococcus lactis,Duplodnaviria,Heunggongvirae,Uroviricota,Caudoviricetes,Caudoviricetes incertae sedis,Skunavirus,Skunavirus CHPC361,,dsDNA
Skunavirus,1623305,0.27,0.39,,,0.16,,0.11,0.19,,0.25,,,0.22,,,1358.0,Lactococcus lactis,Duplodnaviria,Heunggongvirae,Uroviricota,Caudoviricetes,Caudoviricetes incertae sedis,Skunavirus,Skunavirus CHPC362,,dsDNA
Skunavirus,1623305,0.27,0.39,,,0.16,,0.11,0.19,,0.25,,,0.22,,,1359.0,Lactococcus cremoris,Duplodnaviria,Heunggongvirae,Uroviricota,Caudoviricetes,Caudoviricetes incertae sedis,Skunavirus,Skunavirus CHPC52,,dsDNA
Skunavirus,1623305,0.27,0.39,,,0.16,,0.11,0.19,,0.25,,,0.22,,,1359.0,Lactococcus cremoris,Duplodnaviria,Heunggongvirae,Uroviricota,Caudoviricetes,Caudoviricetes incertae sedis,Skunavirus,Skunavirus CHPC781,,dsDNA
Skunavirus,1623305,0.27,0.39,,,0.16,,0.11,0.19,,0.25,,,0.22,,,1359.0,Lactococcus cremoris,Duplodnaviria,Heunggongvirae,Uroviricota,Caudoviricetes,Caudoviricetes incertae sedis,Skunavirus,Skunavirus CHPC958,,dsDNA
Skunavirus,1623305,0.27,0.39,,,0.16,,0.11,0.19,,0.25,,,0.22,,,1359.0,Lactococcus cremoris,Duplodnaviria,Heunggongvirae,Uroviricota,Caudoviricetes,Caudoviricetes incertae sedis,Skunavirus,Skunavirus CHPC959,,dsDNA
Skunavirus,1623305,0.27,0.39,,,0.16,,0.11,0.19,,0.25,,,0.22,,,1359.0,Lactococcus cremoris,Duplodnaviria,Heunggongvirae,Uroviricota,Caudoviricetes,Caudoviricetes incertae sedis,Skunavirus,Skunavirus CHPC964,,dsDNA
Skunavirus,1623305,0.27,0.39,,,0.16,,0.11,0.19,,0.25,,,0.22,,,1359.0,Lactococcus cremoris,Duplodnaviria,Heunggongvirae,Uroviricota,Caudoviricetes,Caudoviricetes incertae sedis,Skunavirus,Skunavirus CHPC965,,dsDNA
Skunavirus,1623305,0.27,0.39,,,0.16,,0.11,0.19,,0.25,,,0.22,,,1359.0,Lactococcus cremoris,Duplodnaviria,Heunggongvirae,Uroviricota,Caudoviricetes,Caudoviricetes incertae sedis,Skunavirus,unclassified Skunavirus,,dsDNA
Skunavirus,1623305,0.27,0.39,,,0.16,,0.11,0.19,,0.25,,,0.22,,,1357.0,Lactococcus,Duplodnaviria,Heunggongvirae,Uroviricota,Caudoviricetes,Caudoviricetes incertae sedis,Skunavirus,Skunavirus fd13,,dsDNA
Skunavirus,1623305,0.27,0.39,,,0.16,,0.11,0.19,,0.25,,,0.22,,,1359.0,Lactococcus cremoris,Duplodnaviria,Heunggongvirae,Uroviricota,Caudoviricetes,Caudoviricetes incertae sedis,Skunavirus,Skunavirus jm2,,dsDNA
Skunavirus,1623305,0.27,0.39,,,0.16,,0.11,0.19,,0.25,,,0.22,,,1359.0,Lactococcus cremoris,Duplodnaviria,Heunggongvirae,Uroviricota,Caudoviricetes,Caudoviricetes incertae sedis,Skunavirus,Skunavirus jm3,,dsDNA
Skunavirus,1623305,0.27,0.39,,,0.16,,0.11,0.19,,0.25,,,0.22,,,1359.0,Lactococcus cremoris,Duplodnaviria,Heunggongvirae,Uroviricota,Caudoviricetes,Caudoviricetes incertae sedis,Skunavirus,Skunavirus LP9903,,dsDNA
Skunavirus,1623305,0.27,0.39,,,0.16,,0.11,0.19,,0.25,,,0.22,,,1359.0,Lactococcus cremoris,Duplodnaviria,Heunggongvirae,Uroviricota,Caudoviricetes,Caudoviricetes incertae sedis,Skunavirus,Skunavirus LP9908,,dsDNA
Skunavirus,1623305,0.27,0.39,,,0.16,,0.11,0.19,,0.25,,,0.22,,,1359.0,Lactococcus cremoris,Duplodnaviria,Heunggongvirae,Uroviricota,Caudoviricetes,Caudoviricetes incertae sedis,Skunavirus,Skunavirus LP0209,,dsDNA
Skunavirus,1623305,0.27,0.39,,,0.16,,0.11,0.19,,0.25,,,0.22,,,1359.0,Lactococcus cremoris,Duplodnaviria,Heunggongvirae,Uroviricota,Caudoviricetes,Caudoviricetes incertae sedis,Skunavirus,Skunavirus LP0903,,dsDNA
Skunavirus,1623305,0.27,0.39,,,0.16,,0.11,0.19,,0.25,,,0.22,,,272623.0,Lactococcus lactis subsp. lactis Il1403,Duplodnaviria,Heunggongvirae,Uroviricota,Caudoviricetes,Caudoviricetes incertae sedis,Skunavirus,Skunavirus LP1502a,,dsDNA
Skunavirus,1623305,0.27,0.39,,,0.16,,0.11,0.19,,0.25,,,0.22,,,1359.0,Lactococcus cremoris,Duplodnaviria,Heunggongvirae,Uroviricota,Caudoviricetes,Caudoviricetes incertae sedis,Skunavirus,Skunavirus LP8511,,dsDNA
Skunavirus,1623305,0.27,0.39,,,0.16,,0.11,0.19,,0.25,,,0.22,,,1359.0,Lactococcus cremoris,Duplodnaviria,Heunggongvirae,Uroviricota,Caudoviricetes,Caudoviricetes incertae sedis,Skunavirus,Skunavirus LP9207,,dsDNA
Skunavirus,1623305,0.27,0.39,,,0.16,,0.11,0.19,,0.25,,,0.22,,,1359.0,Lactococcus cremoris,Duplodnaviria,Heunggongvirae,Uroviricota,Caudoviricetes,Caudoviricetes incertae sedis,Skunavirus,Skunavirus LP9404,,dsDNA
Skunavirus,1623305,0.27,0.39,,,0.16,,0.11,0.19,,0.25,,,0.22,,,1359.0,Lactococcus cremoris,Duplodnaviria,Heunggongvirae,Uroviricota,Caudoviricetes,Caudoviricetes incertae sedis,Skunavirus,Skunavirus LP9609,,dsDNA
Skunavirus,1623305,0.27,0.39,,,0.16,,0.11,0.19,,0.25,,,0.22,,,44273.0,Lactococcus sp.,Duplodnaviria,Heunggongvirae,Uroviricota,Caudoviricetes,Caudoviricetes incertae sedis,Skunavirus,unclassified Skunavirus,,dsDNA
Skunavirus,1623305,0.27,0.39,,,0.16,,0.11,0.19,,0.25,,,0.22,,,44688.0,Lactococcus lactis subsp. lactis bv. diacetylactis,Duplodnaviria,Heunggongvirae,Uroviricota,Caudoviricetes,Caudoviricetes incertae sedis,Skunavirus,Skunavirus MP1,,dsDNA
Skunavirus,1623305,0.27,0.39,,,0.16,,0.11,0.19,,0.25,,,0.22,,,1358.0,Lactococcus lactis,Duplodnaviria,Heunggongvirae,Uroviricota,Caudoviricetes,Caudoviricetes incertae sedis,Skunavirus,Skunavirus MV10L,,dsDNA
Skunavirus,1623305,0.27,0.39,,,0.16,,0.11,0.19,,0.25,,,0.22,,,272623.0,Lactococcus lactis subsp. lactis Il1403,Duplodnaviria,Heunggongvirae,Uroviricota,Caudoviricetes,Caudoviricetes incertae sedis,Skunavirus,Skunavirus P008,,dsDNA
Skunavirus,1623305,0.27,0.39,,,0.16,,0.11,0.19,,0.25,,,0.22,,,1358.0,Lactococcus lactis,Duplodnaviria,Heunggongvirae,Uroviricota,Caudoviricetes,Caudoviricetes incertae sedis,Skunavirus,Skunavirus P1532,,dsDNA
Skunavirus,1623305,0.27,0.39,,,0.16,,0.11,0.19,,0.25,,,0.22,,,1358.0,Lactococcus lactis,Duplodnaviria,Heunggongvirae,Uroviricota,Caudoviricetes,Caudoviricetes incertae sedis,Skunavirus,Skunavirus P4565,,dsDNA
Skunavirus,1623305,0.27,0.39,,,0.16,,0.11,0.19,,0.25,,,0.22,,,1358.0,Lactococcus lactis,Duplodnaviria,Heunggongvirae,Uroviricota,Caudoviricetes,Caudoviricetes incertae sedis,Skunavirus,Skunavirus P656,,dsDNA
Skunavirus,1623305,0.27,0.39,,,0.16,,0.11,0.19,,0.25,,,0.22,,,1360.0,Lactococcus lactis subsp. lactis,Duplodnaviria,Heunggongvirae,Uroviricota,Caudoviricetes,Caudoviricetes incertae sedis,Skunavirus,Skunavirus P680,,dsDNA
Skunavirus,1623305,0.27,0.39,,,0.16,,0.11,0.19,,0.25,,,0.22,,,272623.0,Lactococcus lactis subsp. lactis Il1403,Duplodnaviria,Heunggongvirae,Uroviricota,Caudoviricetes,Caudoviricetes incertae sedis,Skunavirus,Skunavirus P680,,dsDNA
Skunavirus,1623305,0.27,0.39,,,0.16,,0.11,0.19,,0.25,,,0.22,,,44273.0,Lactococcus sp.,Duplodnaviria,Heunggongvirae,Uroviricota,Caudoviricetes,Caudoviricetes incertae sedis,Skunavirus,Skunavirus sv145,,dsDNA
Skunavirus,1623305,0.27,0.39,,,0.16,,0.11,0.19,,0.25,,,0.22,,,44273.0,Lactococcus sp.,Duplodnaviria,Heunggongvirae,Uroviricota,Caudoviricetes,Caudoviricetes incertae sedis,Skunavirus,Skunavirus sv15,,dsDNA
Skunavirus,1623305,0.27,0.39,,,0.16,,0.11,0.19,,0.25,,,0.22,,,1359.0,Lactococcus cremoris,Duplodnaviria,Heunggongvirae,Uroviricota,Caudoviricetes,Caudoviricetes incertae sedis,Skunavirus,Skunavirus sv7,,dsDNA
Skunavirus,1623305,0.27,0.39,,,0.16,,0.11,0.19,,0.25,,,0.22,,,1358.0,Lactococcus lactis,Duplodnaviria,Heunggongvirae,Uroviricota,Caudoviricetes,Caudoviricetes incertae sedis,Skunavirus,Skunavirus R31,,dsDNA
Skunavirus,1623305,0.27,0.39,,,0.16,,0.11,0.19,,0.25,,,0.22,,,1358.0,Lactococcus lactis,Duplodnaviria,Heunggongvirae,Uroviricota,Caudoviricetes,Caudoviricetes incertae sedis,Skunavirus,Skunavirus sk1,,dsDNA
Skunavirus,1623305,0.27,0.39,,,0.16,,0.11,0.19,,0.25,,,0.22,,,2816960.0,Lactococcus cremoris subsp. cremoris,Duplodnaviria,Heunggongvirae,Uroviricota,Caudoviricetes,Caudoviricetes incertae sedis,Skunavirus,Skunavirus Sl4,,dsDNA
Skunavirus,1623305,0.27,0.39,,,0.16,,0.11,0.19,,0.25,,,0.22,,,1358.0,Lactococcus lactis,Duplodnaviria,Heunggongvirae,Uroviricota,Caudoviricetes,Caudoviricetes incertae sedis,Skunavirus,Skunavirus bIBB5g1,,dsDNA
Skunavirus,1623305,0.27,0.39,,,0.16,,0.11,0.19,,0.25,,,0.22,,,1358.0,Lactococcus lactis,Duplodnaviria,Heunggongvirae,Uroviricota,Caudoviricetes,Caudoviricetes incertae sedis,Skunavirus,Skunavirus bibb29,,dsDNA
Skunavirus,1623305,0.27,0.39,,,0.16,,0.11,0.19,,0.25,,,0.22,,,1358.0,Lactococcus lactis,Duplodnaviria,Heunggongvirae,Uroviricota,Caudoviricetes,Caudoviricetes incertae sedis,Skunavirus,Skunavirus bIBBF12,,dsDNA
Skunavirus,1623305,0.27,0.39,,,0.16,,0.11,0.19,,0.25,,,0.22,,,416870.0,Lactococcus cremoris subsp. cremoris MG1363,Duplodnaviria,Heunggongvirae,Uroviricota,Caudoviricetes,Caudoviricetes incertae sedis,Skunavirus,unclassified Skunavirus,,dsDNA
Skunavirus,1623305,0.27,0.39,,,0.16,,0.11,0.19,,0.25,,,0.22,,,1359.0,Lactococcus cremoris,Duplodnaviria,Heunggongvirae,Uroviricota,Caudoviricetes,Caudoviricetes incertae sedis,Skunavirus,,,dsDNA
Hollowayvirus,1720324,,,,,0.12,,,,,,,,,,,287.0,Pseudomonas aeruginosa,Duplodnaviria,Heunggongvirae,Uroviricota,Caudoviricetes,Caudoviricetes incertae sedis,Hollowayvirus,unclassified Hollowayvirus,,dsDNA
Hollowayvirus,1720324,,,,,0.12,,,,,,,,,,,306.0,Pseudomonas sp.,Duplodnaviria,Heunggongvirae,Uroviricota,Caudoviricetes,Caudoviricetes incertae sedis,Hollowayvirus,Hollowayvirus Epa33,,dsDNA
Hollowayvirus,1720324,,,,,0.12,,,,,,,,,,,287.0,Pseudomonas aeruginosa,Duplodnaviria,Heunggongvirae,Uroviricota,Caudoviricetes,Caudoviricetes incertae sedis,Hollowayvirus,Hollowayvirus F116,,dsDNA
Hollowayvirus,1720324,,,,,0.12,,,,,,,,,,,286.0,Pseudomonas,Duplodnaviria,Heunggongvirae,Uroviricota,Caudoviricetes,Caudoviricetes incertae sedis,Hollowayvirus,unclassified Hollowayvirus,,dsDNA
Hollowayvirus,1720324,,,,,0.12,,,,,,,,,,,208964.0,Pseudomonas aeruginosa PAO1,Duplodnaviria,Heunggongvirae,Uroviricota,Caudoviricetes,Caudoviricetes incertae sedis,Hollowayvirus,Hollowayvirus H66,,dsDNA
Hollowayvirus,1720324,,,,,0.12,,,,,,,,,,,208964.0,Pseudomonas aeruginosa PAO1,Duplodnaviria,Heunggongvirae,Uroviricota,Caudoviricetes,Caudoviricetes incertae sedis,Hollowayvirus,Hollowayvirus LKA5,,dsDNA
Hollowayvirus,1720324,,,,,0.12,,,,,,,,,,,208964.0,Pseudomonas aeruginosa PAO1,Duplodnaviria,Heunggongvirae,Uroviricota,Caudoviricetes,Caudoviricetes incertae sedis,Hollowayvirus,Hollowayvirus PA8,,dsDNA
Hollowayvirus,1720324,,,,,0.12,,,,,,,,,,,286.0,Pseudomonas,Duplodnaviria,Heunggongvirae,Uroviricota,Caudoviricetes,Caudoviricetes incertae sedis,Hollowayvirus,Hollowayvirus phiC725A,,dsDNA
Hollowayvirus,1720324,,,,,0.12,,,,,,,,,,,286.0,Pseudomonas,Duplodnaviria,Heunggongvirae,Uroviricota,Caudoviricetes,Caudoviricetes incertae sedis,Hollowayvirus,Hollowayvirus E220,,dsDNA
Alphatrevirus,1910951,,,,,,,,,,,0.17,,,,,561.0,Escherichia,Monodnaviria,Sangervirae,Phixviricota,Malgrandaviricetes,Petitvirales,Microviridae,Bullavirinae,Alphatrevirus,
Alphatrevirus,1910951,,,,,,,,,,,0.17,,,,,83333.0,Escherichia coli K-12,Monodnaviria,Sangervirae,Phixviricota,Malgrandaviricetes,Petitvirales,Microviridae,Bullavirinae,Alphatrevirus,
Gequatrovirus,1910952,,,,,,,,,,,,,,0.57,,562.0,Escherichia coli,Monodnaviria,Sangervirae,Phixviricota,Malgrandaviricetes,Petitvirales,Microviridae,Bullavirinae,Gequatrovirus,
Gequatrovirus,1910952,,,,,,,,,,,,,,0.57,,543.0,Enterobacteriaceae,Monodnaviria,Sangervirae,Phixviricota,Malgrandaviricetes,Petitvirales,Microviridae,Bullavirinae,Gequatrovirus,
Gequatrovirus,1910952,,,,,,,,,,,,,,0.57,,498388.0,Escherichia coli C,Monodnaviria,Sangervirae,Phixviricota,Malgrandaviricetes,Petitvirales,Microviridae,Bullavirinae,Gequatrovirus,
Gequatrovirus,1910952,,,,,,,,,,,,,,0.57,,624.0,Shigella sonnei,Monodnaviria,Sangervirae,Phixviricota,Malgrandaviricetes,Petitvirales,Microviridae,Bullavirinae,Gequatrovirus,
Jerseyvirus,1910991,,,,,,,,0.44,,,,,,,,511145.0,Escherichia coli str. K-12 substr. MG1655,Duplodnaviria,Heunggongvirae,Uroviricota,Caudoviricetes,Caudoviricetes incertae sedis,Sarkviridae,Guernseyvirinae,Jerseyvirus,dsDNA
Jerseyvirus,1910991,,,,,,,,0.44,,,,,,,,149539.0,Salmonella enterica subsp. enterica serovar Enteritidis,Duplodnaviria,Heunggongvirae,Uroviricota,Caudoviricetes,Caudoviricetes incertae sedis,Sarkviridae,Guernseyvirinae,Jerseyvirus,dsDNA
Jerseyvirus,1910991,,,,,,,,0.44,,,,,,,,317.0,Pseudomonas syringae,Duplodnaviria,Heunggongvirae,Uroviricota,Caudoviricetes,Caudoviricetes incertae sedis,Sarkviridae,Guernseyvirinae,Jerseyvirus,dsDNA
Jerseyvirus,1910991,,,,,,,,0.44,,,,,,,,594.0,Salmonella enterica subsp. enterica serovar Gallinarum,Duplodnaviria,Heunggongvirae,Uroviricota,Caudoviricetes,Caudoviricetes incertae sedis,Sarkviridae,Guernseyvirinae,Jerseyvirus,dsDNA
Jerseyvirus,1910991,,,,,,,,0.44,,,,,,,,605.0,Salmonella enterica subsp. enterica serovar Pullorum,Duplodnaviria,Heunggongvirae,Uroviricota,Caudoviricetes,Caudoviricetes incertae sedis,Sarkviridae,Guernseyvirinae,Jerseyvirus,dsDNA
Jerseyvirus,1910991,,,,,,,,0.44,,,,,,,,599.0,Salmonella sp.,Duplodnaviria,Heunggongvirae,Uroviricota,Caudoviricetes,Caudoviricetes incertae sedis,Sarkviridae,Guernseyvirinae,Jerseyvirus,dsDNA
Jerseyvirus,1910991,,,,,,,,0.44,,,,,,,,59201.0,Salmonella enterica subsp. enterica,Duplodnaviria,Heunggongvirae,Uroviricota,Caudoviricetes,Caudoviricetes incertae sedis,Sarkviridae,Guernseyvirinae,Jerseyvirus,dsDNA
Jerseyvirus,1910991,,,,,,,,0.44,,,,,,,,28901.0,Salmonella enterica,Duplodnaviria,Heunggongvirae,Uroviricota,Caudoviricetes,Caudoviricetes incertae sedis,Sarkviridae,Guernseyvirinae,Jerseyvirus,dsDNA
Jerseyvirus,1910991,,,,,,,,0.44,,,,,,,,90371.0,Salmonella enterica subsp. enterica serovar Typhimurium,Duplodnaviria,Heunggongvirae,Uroviricota,Caudoviricetes,Caudoviricetes incertae sedis,Sarkviridae,Guernseyvirinae,Jerseyvirus,dsDNA
Jerseyvirus,1910991,,,,,,,,0.44,,,,,,,,98360.0,Salmonella enterica subsp. enterica serovar Dublin,Duplodnaviria,Heunggongvirae,Uroviricota,Caudoviricetes,Caudoviricetes incertae sedis,Sarkviridae,Guernseyvirinae,Jerseyvirus,dsDNA
Jerseyvirus,1910991,,,,,,,,0.44,,,,,,,,90370.0,Salmonella enterica subsp. enterica serovar Typhi,Duplodnaviria,Heunggongvirae,Uroviricota,Caudoviricetes,Caudoviricetes incertae sedis,Sarkviridae,Guernseyvirinae,Jerseyvirus,dsDNA
Jerseyvirus,1910991,,,,,,,,0.44,,,,,,,,590.0,Salmonella,Duplodnaviria,Heunggongvirae,Uroviricota,Caudoviricetes,Caudoviricetes incertae sedis,Sarkviridae,Guernseyvirinae,Jerseyvirus,dsDNA
Jerseyvirus,1910991,,,,,,,,0.44,,,,,,,,54388.0,Salmonella enterica subsp. enterica serovar Paratyphi A,Duplodnaviria,Heunggongvirae,Uroviricota,Caudoviricetes,Caudoviricetes incertae sedis,Sarkviridae,Guernseyvirinae,Jerseyvirus,dsDNA
Jerseyvirus,1910991,,,,,,,,0.44,,,,,,,,607.0,Salmonella enterica subsp. enterica serovar Abortusequi,Duplodnaviria,Heunggongvirae,Uroviricota,Caudoviricetes,Caudoviricetes incertae sedis,Sarkviridae,Guernseyvirinae,Jerseyvirus,dsDNA
Jerseyvirus,1910991,,,,,,,,0.44,,,,,,,,99287.0,Salmonella enterica subsp. enterica serovar Typhimurium str. LT2,Duplodnaviria,Heunggongvirae,Uroviricota,Caudoviricetes,Caudoviricetes incertae sedis,Sarkviridae,Guernseyvirinae,Jerseyvirus,dsDNA
Jerseyvirus,1910991,,,,,,,,0.44,,,,,,,,363568.0,Salmonella enterica subsp. enterica serovar Sendai,Duplodnaviria,Heunggongvirae,Uroviricota,Caudoviricetes,Caudoviricetes incertae sedis,Sarkviridae,Guernseyvirinae,Jerseyvirus,dsDNA
Jerseyvirus,1910991,,,,,,,,0.44,,,,,,,,367181.0,Salmonella enterica subsp. enterica serovar Newlands,Duplodnaviria,Heunggongvirae,Uroviricota,Caudoviricetes,Caudoviricetes incertae sedis,Sarkviridae,Guernseyvirinae,Jerseyvirus,dsDNA
Jerseyvirus,1910991,,,,,,,,0.44,,,,,,,,1299114.0,Salmonella enterica subsp. enterica serovar Typhimurium str. ATCC 14028,Duplodnaviria,Heunggongvirae,Uroviricota,Caudoviricetes,Caudoviricetes incertae sedis,Sarkviridae,Guernseyvirinae,Jerseyvirus,dsDNA
Jerseyvirus,1910991,,,,,,,,0.44,,,,,,,,149391.0,Salmonella enterica subsp. enterica serovar Braenderup,Duplodnaviria,Heunggongvirae,Uroviricota,Caudoviricetes,Caudoviricetes incertae sedis,Sarkviridae,Guernseyvirinae,Jerseyvirus,dsDNA
Kagunavirus,1910992,1.11,1.32,1.35,,0.79,0.37,0.73,3.06,0.53,0.54,1.0,0.81,1.05,1.24,0.84,562.0,Escherichia coli,Duplodnaviria,Heunggongvirae,Uroviricota,Caudoviricetes,Caudoviricetes incertae sedis,Sarkviridae,Guernseyvirinae,Kagunavirus,dsDNA
Kagunavirus,1910992,1.11,1.32,1.35,,0.79,0.37,0.73,3.06,0.53,0.54,1.0,0.81,1.05,1.24,0.84,1392869.0,Escherichia coli K1,Duplodnaviria,Heunggongvirae,Uroviricota,Caudoviricetes,Caudoviricetes incertae sedis,Sarkviridae,Guernseyvirinae,Kagunavirus,dsDNA
Kagunavirus,1910992,1.11,1.32,1.35,,0.79,0.37,0.73,3.06,0.53,0.54,1.0,0.81,1.05,1.24,0.84,561.0,Escherichia,Duplodnaviria,Heunggongvirae,Uroviricota,Caudoviricetes,Caudoviricetes incertae sedis,Sarkviridae,Guernseyvirinae,Kagunavirus,dsDNA
Kagunavirus,1910992,1.11,1.32,1.35,,0.79,0.37,0.73,3.06,0.53,0.54,1.0,0.81,1.05,1.24,0.84,1055538.0,Escherichia coli O145,Duplodnaviria,Heunggongvirae,Uroviricota,Caudoviricetes,Caudoviricetes incertae sedis,Sarkviridae,Guernseyvirinae,Kagunavirus,dsDNA
Kagunavirus,1910992,1.11,1.32,1.35,,0.79,0.37,0.73,3.06,0.53,0.54,1.0,0.81,1.05,1.24,0.84,83334.0,Escherichia coli O157:H7,Duplodnaviria,Heunggongvirae,Uroviricota,Caudoviricetes,Caudoviricetes incertae sedis,Sarkviridae,Guernseyvirinae,Kagunavirus,dsDNA
Kagunavirus,1910992,1.11,1.32,1.35,,0.79,0.37,0.73,3.06,0.53,0.54,1.0,0.81,1.05,1.24,0.84,511693.0,Escherichia coli BL21,Duplodnaviria,Heunggongvirae,Uroviricota,Caudoviricetes,Caudoviricetes incertae sedis,Sarkviridae,Guernseyvirinae,Kagunavirus,dsDNA
Kagunavirus,1910992,1.11,1.32,1.35,,0.79,0.37,0.73,3.06,0.53,0.54,1.0,0.81,1.05,1.24,0.84,1873496.0,Raoultella sp.,Duplodnaviria,Heunggongvirae,Uroviricota,Caudoviricetes,Caudoviricetes incertae sedis,Sarkviridae,Guernseyvirinae,Kagunavirus,dsDNA
Cornellvirus,1910993,,,,,0.14,,0.12,,,,,,,,,340188.0,Salmonella enterica subsp. enterica serovar Cerro,Duplodnaviria,Heunggongvirae,Uroviricota,Caudoviricetes,Caudoviricetes incertae sedis,Sarkviridae,Guernseyvirinae,Cornellvirus,dsDNA
Cornellvirus,1910993,,,,,0.14,,0.12,,,,,,,,,595.0,Salmonella enterica subsp. enterica serovar Infantis,Duplodnaviria,Heunggongvirae,Uroviricota,Caudoviricetes,Caudoviricetes incertae sedis,Sarkviridae,Guernseyvirinae,Cornellvirus,dsDNA
Gammacarmovirus,1911601,0.76,2.37,0.34,,,1.22,0.65,0.78,0.48,0.69,3.62,2.08,0.27,0.95,,,,,,,,,,,,
Certrevirus,1914850,,,,,0.15,,,,,,,,0.1,,,28141.0,Cronobacter sakazakii,Duplodnaviria,Heunggongvirae,Uroviricota,Caudoviricetes,Caudoviricetes incertae sedis,Certrevirus,Certrevirus CR3,,dsDNA
Certrevirus,1914850,,,,,0.15,,,,,,,,0.1,,,28141.0,Cronobacter sakazakii,Duplodnaviria,Heunggongvirae,Uroviricota,Caudoviricetes,Caudoviricetes incertae sedis,Certrevirus,Certrevirus CR8,,dsDNA
Certrevirus,1914850,,,,,0.15,,,,,,,,0.1,,,28141.0,Cronobacter sakazakii,Duplodnaviria,Heunggongvirae,Uroviricota,Caudoviricetes,Caudoviricetes incertae sedis,Certrevirus,Certrevirus CR9,,dsDNA
Certrevirus,1914850,,,,,0.15,,,,,,,,0.1,,,1888169.0,Cronobacter sp.,Duplodnaviria,Heunggongvirae,Uroviricota,Caudoviricetes,Caudoviricetes incertae sedis,Certrevirus,Certrevirus PBES02,,dsDNA
Certrevirus,1914850,,,,,0.15,,,,,,,,0.1,,,1296536.0,Enterobacter hormaechei subsp. xiangfangensis,Duplodnaviria,Heunggongvirae,Uroviricota,Caudoviricetes,Caudoviricetes incertae sedis,Certrevirus,unclassified Certrevirus,,dsDNA
Certrevirus,1914850,,,,,0.15,,,,,,,,0.1,,,548.0,Klebsiella aerogenes,Duplodnaviria,Heunggongvirae,Uroviricota,Caudoviricetes,Caudoviricetes incertae sedis,Certrevirus,unclassified Certrevirus,,dsDNA
Certrevirus,1914850,,,,,0.15,,,,,,,,0.1,,,59814.0,Pantoea dispersa,Duplodnaviria,Heunggongvirae,Uroviricota,Caudoviricetes,Caudoviricetes incertae sedis,Certrevirus,unclassified Certrevirus,,dsDNA
Certrevirus,1914850,,,,,0.15,,,,,,,,0.1,,,1913084.0,Pectobacterium sp.,Duplodnaviria,Heunggongvirae,Uroviricota,Caudoviricetes,Caudoviricetes incertae sedis,Certrevirus,unclassified Certrevirus,,dsDNA
Certrevirus,1914850,,,,,0.15,,,,,,,,0.1,,,218491.0,Pectobacterium atrosepticum SCRI1043,Duplodnaviria,Heunggongvirae,Uroviricota,Caudoviricetes,Caudoviricetes incertae sedis,Certrevirus,Certrevirus phiTE,,dsDNA
Certrevirus,1914850,,,,,0.15,,,,,,,,0.1,,,555.0,Pectobacterium carotovorum subsp. carotovorum,Duplodnaviria,Heunggongvirae,Uroviricota,Caudoviricetes,Caudoviricetes incertae sedis,Certrevirus,unclassified Certrevirus,,dsDNA
Certrevirus,1914850,,,,,0.15,,,,,,,,0.1,,,29471.0,Pectobacterium atrosepticum,Duplodnaviria,Heunggongvirae,Uroviricota,Caudoviricetes,Caudoviricetes incertae sedis,Certrevirus,unclassified Certrevirus,,dsDNA
Certrevirus,1914850,,,,,0.15,,,,,,,,0.1,,,554.0,Pectobacterium carotovorum,Duplodnaviria,Heunggongvirae,Uroviricota,Caudoviricetes,Caudoviricetes incertae sedis,Certrevirus,unclassified Certrevirus,,dsDNA
Obolenskvirus,1915205,,,,,0.16,,,,,,,,0.16,,,470.0,Acinetobacter baumannii,Duplodnaviria,Heunggongvirae,Uroviricota,Caudoviricetes,Caudoviricetes incertae sedis,Obolenskvirus,unclassified Obolenskvirus,,dsDNA
Obolenskvirus,1915205,,,,,0.16,,,,,,,,0.16,,,470.0,Acinetobacter baumannii,Duplodnaviria,Heunggongvirae,Uroviricota,Caudoviricetes,Caudoviricetes incertae sedis,Obolenskvirus,Obolenskvirus AB1,,dsDNA
Obolenskvirus,1915205,,,,,0.16,,,,,,,,0.16,,,470.0,Acinetobacter baumannii,Duplodnaviria,Heunggongvirae,Uroviricota,Caudoviricetes,Caudoviricetes incertae sedis,Obolenskvirus,Obolenskvirus AbP2,,dsDNA
Obolenskvirus,1915205,,,,,0.16,,,,,,,,0.16,,,470.0,Acinetobacter baumannii,Duplodnaviria,Heunggongvirae,Uroviricota,Caudoviricetes,Caudoviricetes incertae sedis,Obolenskvirus,Obolenskvirus AP22,,dsDNA
Obolenskvirus,1915205,,,,,0.16,,,,,,,,0.16,,,470.0,Acinetobacter baumannii,Duplodnaviria,Heunggongvirae,Uroviricota,Caudoviricetes,Caudoviricetes incertae sedis,Obolenskvirus,Obolenskvirus LZ35,,dsDNA
Obolenskvirus,1915205,,,,,0.16,,,,,,,,0.16,,,470.0,Acinetobacter baumannii,Duplodnaviria,Heunggongvirae,Uroviricota,Caudoviricetes,Caudoviricetes incertae sedis,Obolenskvirus,Obolenskvirus AB2,,dsDNA
Obolenskvirus,1915205,,,,,0.16,,,,,,,,0.16,,,48296.0,Acinetobacter pittii,Duplodnaviria,Heunggongvirae,Uroviricota,Caudoviricetes,Caudoviricetes incertae sedis,Obolenskvirus,unclassified Obolenskvirus,,dsDNA
Obolenskvirus,1915205,,,,,0.16,,,,,,,,0.16,,,470.0,Acinetobacter baumannii,Duplodnaviria,Heunggongvirae,Uroviricota,Caudoviricetes,Caudoviricetes incertae sedis,Obolenskvirus,Obolenskvirus WCHABP1,,dsDNA
Obolenskvirus,1915205,,,,,0.16,,,,,,,,0.16,,,470.0,Acinetobacter baumannii,Duplodnaviria,Heunggongvirae,Uroviricota,Caudoviricetes,Caudoviricetes incertae sedis,Obolenskvirus,Obolenskvirus WCHABP12,,dsDNA
Obolenskvirus,1915205,,,,,0.16,,,,,,,,0.16,,,106654.0,Acinetobacter nosocomialis,Duplodnaviria,Heunggongvirae,Uroviricota,Caudoviricetes,Caudoviricetes incertae sedis,Obolenskvirus,unclassified Obolenskvirus,,dsDNA
Obolenskvirus,1915205,,,,,0.16,,,,,,,,0.16,,,470.0,Acinetobacter baumannii,Duplodnaviria,Heunggongvirae,Uroviricota,Caudoviricetes,Caudoviricetes incertae sedis,Obolenskvirus,Obolenskvirus AbC62,,dsDNA
Obolenskvirus,1915205,,,,,0.16,,,,,,,,0.16,,,1280.0,Staphylococcus aureus,Duplodnaviria,Heunggongvirae,Uroviricota,Caudoviricetes,Caudoviricetes incertae sedis,Obolenskvirus,Obolenskvirus AbC62,,dsDNA
Jilinvirus,1918725,,,,,0.14,,,,,,,,,,,562.0,Escherichia coli,Duplodnaviria,Heunggongvirae,Uroviricota,Caudoviricetes,Caudoviricetes incertae sedis,Jilinvirus,unclassified Jilinvirus,,dsDNA
Jilinvirus,1918725,,,,,0.14,,,,,,,,,,,562.0,Escherichia coli,Duplodnaviria,Heunggongvirae,Uroviricota,Caudoviricetes,Caudoviricetes incertae sedis,Jilinvirus,Jilinvirus ep3,,dsDNA
Jilinvirus,1918725,,,,,0.14,,,,,,,,,,,562.0,Escherichia coli,Duplodnaviria,Heunggongvirae,Uroviricota,Caudoviricetes,Caudoviricetes incertae sedis,Jilinvirus,Jilinvirus CVM10,,dsDNA
Jilinvirus,1918725,,,,,0.14,,,,,,,,,,,2072463.0,Escherichia coli O78,Duplodnaviria,Heunggongvirae,Uroviricota,Caudoviricetes,Caudoviricetes incertae sedis,Jilinvirus,Jilinvirus ECOO78,,dsDNA
Jilinvirus,1918725,,,,,0.14,,,,,,,,,,,28901.0,Salmonella enterica,Duplodnaviria,Heunggongvirae,Uroviricota,Caudoviricetes,Caudoviricetes incertae sedis,Jilinvirus,unclassified Jilinvirus,,dsDNA
Gamaleyavirus,1920753,0.27,,0.32,,0.49,0.21,0.48,0.42,1.05,0.37,0.58,,1.02,,,1884818.0,Escherichia sp.,Duplodnaviria,Heunggongvirae,Uroviricota,Caudoviricetes,Caudoviricetes incertae sedis,Schitoviridae,Enquatrovirinae,Gamaleyavirus,dsDNA
Gamaleyavirus,1920753,0.27,,0.32,,0.49,0.21,0.48,0.42,1.05,0.37,0.58,,1.02,,,561.0,Escherichia,Duplodnaviria,Heunggongvirae,Uroviricota,Caudoviricetes,Caudoviricetes incertae sedis,Schitoviridae,Enquatrovirinae,Gamaleyavirus,dsDNA
Gamaleyavirus,1920753,0.27,,0.32,,0.49,0.21,0.48,0.42,1.05,0.37,0.58,,1.02,,,570.0,Klebsiella,Duplodnaviria,Heunggongvirae,Uroviricota,Caudoviricetes,Caudoviricetes incertae sedis,Schitoviridae,Enquatrovirinae,Gamaleyavirus,dsDNA
Gamaleyavirus,1920753,0.27,,0.32,,0.49,0.21,0.48,0.42,1.05,0.37,0.58,,1.02,,,621.0,Shigella boydii,Duplodnaviria,Heunggongvirae,Uroviricota,Caudoviricetes,Caudoviricetes incertae sedis,Schitoviridae,Enquatrovirinae,Gamaleyavirus,dsDNA
Litunavirus,1920762,,,,,0.08,,,,,,,,,,,208964.0,Pseudomonas aeruginosa PAO1,Duplodnaviria,Heunggongvirae,Uroviricota,Caudoviricetes,Caudoviricetes incertae sedis,Schitoviridae,Migulavirinae,Litunavirus,dsDNA
Litunavirus,1920762,,,,,0.08,,,,,,,,,,,287.0,Pseudomonas aeruginosa,Duplodnaviria,Heunggongvirae,Uroviricota,Caudoviricetes,Caudoviricetes incertae sedis,Schitoviridae,Migulavirinae,Litunavirus,dsDNA
Litunavirus,1920762,,,,,0.08,,,,,,,,,,,286.0,Pseudomonas,Duplodnaviria,Heunggongvirae,Uroviricota,Caudoviricetes,Caudoviricetes incertae sedis,Schitoviridae,Migulavirinae,Litunavirus,dsDNA
Litunavirus,1920762,,,,,0.08,,,,,,,,,,,306.0,Pseudomonas sp.,Duplodnaviria,Heunggongvirae,Uroviricota,Caudoviricetes,Caudoviricetes incertae sedis,Schitoviridae,Migulavirinae,Litunavirus,dsDNA
Litunavirus,1920762,,,,,0.08,,,,,,,,,,,1424337.0,Pseudomonas aeruginosa ATCC 15442,Duplodnaviria,Heunggongvirae,Uroviricota,Caudoviricetes,Caudoviricetes incertae sedis,Schitoviridae,Migulavirinae,Litunavirus,dsDNA
Drulisvirus,1920774,0.96,,0.34,,0.86,,0.55,1.75,1.82,0.26,0.37,0.65,0.34,,0.61,470.0,Acinetobacter baumannii,Duplodnaviria,Heunggongvirae,Uroviricota,Caudoviricetes,Autographivirales,Autoscriptoviridae,Slopekvirinae,Drulisvirus,dsDNA
Drulisvirus,1920774,0.96,,0.34,,0.86,,0.55,1.75,1.82,0.26,0.37,0.65,0.34,,0.61,573.0,Klebsiella pneumoniae,Duplodnaviria,Heunggongvirae,Uroviricota,Caudoviricetes,Autographivirales,Autoscriptoviridae,Slopekvirinae,Drulisvirus,dsDNA
Drulisvirus,1920774,0.96,,0.34,,0.86,,0.55,1.75,1.82,0.26,0.37,0.65,0.34,,0.61,562.0,Escherichia coli,Duplodnaviria,Heunggongvirae,Uroviricota,Caudoviricetes,Autographivirales,Autoscriptoviridae,Slopekvirinae,Drulisvirus,dsDNA
Drulisvirus,1920774,0.96,,0.34,,0.86,,0.55,1.75,1.82,0.26,0.37,0.65,0.34,,0.61,576.0,Klebsiella sp.,Duplodnaviria,Heunggongvirae,Uroviricota,Caudoviricetes,Autographivirales,Autoscriptoviridae,Slopekvirinae,Drulisvirus,dsDNA
Drulisvirus,1920774,0.96,,0.34,,0.86,,0.55,1.75,1.82,0.26,0.37,0.65,0.34,,0.61,484021.0,Klebsiella pneumoniae subsp. pneumoniae NTUH-K2044,Duplodnaviria,Heunggongvirae,Uroviricota,Caudoviricetes,Autographivirales,Autoscriptoviridae,Slopekvirinae,Drulisvirus,dsDNA
Drulisvirus,1920774,0.96,,0.34,,0.86,,0.55,1.75,1.82,0.26,0.37,0.65,0.34,,0.61,72407.0,Klebsiella pneumoniae subsp. pneumoniae,Duplodnaviria,Heunggongvirae,Uroviricota,Caudoviricetes,Autographivirales,Autoscriptoviridae,Slopekvirinae,Drulisvirus,dsDNA
Drulisvirus,1920774,0.96,,0.34,,0.86,,0.55,1.75,1.82,0.26,0.37,0.65,0.34,,0.61,1134687.0,Klebsiella michiganensis,Duplodnaviria,Heunggongvirae,Uroviricota,Caudoviricetes,Autographivirales,Autoscriptoviridae,Slopekvirinae,Drulisvirus,dsDNA
Drulisvirus,1920774,0.96,,0.34,,0.86,,0.55,1.75,1.82,0.26,0.37,0.65,0.34,,0.61,1316582.0,Klebsiella pneumoniae ATCC 43816,Duplodnaviria,Heunggongvirae,Uroviricota,Caudoviricetes,Autographivirales,Autoscriptoviridae,Slopekvirinae,Drulisvirus,dsDNA
Drulisvirus,1920774,0.96,,0.34,,0.86,,0.55,1.75,1.82,0.26,0.37,0.65,0.34,,0.61,1384549.0,Klebsiella pneumoniae subsp. pneumoniae KKBO-1,Duplodnaviria,Heunggongvirae,Uroviricota,Caudoviricetes,Autographivirales,Autoscriptoviridae,Slopekvirinae,Drulisvirus,dsDNA
Drulisvirus,1920774,0.96,,0.34,,0.86,,0.55,1.75,1.82,0.26,0.37,0.65,0.34,,0.61,570.0,Klebsiella,Duplodnaviria,Heunggongvirae,Uroviricota,Caudoviricetes,Autographivirales,Autoscriptoviridae,Slopekvirinae,Drulisvirus,dsDNA
Drulisvirus,1920774,0.96,,0.34,,0.86,,0.55,1.75,1.82,0.26,0.37,0.65,0.34,,0.61,,,Duplodnaviria,Heunggongvirae,Uroviricota,Caudoviricetes,Autographivirales,Autoscriptoviridae,Slopekvirinae,Drulisvirus,dsDNA
Webervirus,1920860,4.41,3.34,3.75,8.42,6.23,4.04,3.13,7.81,6.42,3.46,2.93,3.99,3.86,5.1,5.36,548.0,Klebsiella aerogenes,Duplodnaviria,Heunggongvirae,Uroviricota,Caudoviricetes,Caudoviricetes incertae sedis,Drexlerviridae,Webervirus,Webervirus F20,dsDNA
Webervirus,1920860,4.41,3.34,3.75,8.42,6.23,4.04,3.13,7.81,6.42,3.46,2.93,3.99,3.86,5.1,5.36,573.0,Klebsiella pneumoniae,Duplodnaviria,Heunggongvirae,Uroviricota,Caudoviricetes,Caudoviricetes incertae sedis,Drexlerviridae,Webervirus,Webervirus 066039,dsDNA
Webervirus,1920860,4.41,3.34,3.75,8.42,6.23,4.04,3.13,7.81,6.42,3.46,2.93,3.99,3.86,5.1,5.36,576.0,Klebsiella sp.,Duplodnaviria,Heunggongvirae,Uroviricota,Caudoviricetes,Caudoviricetes incertae sedis,Drexlerviridae,Webervirus,Webervirus wv13,dsDNA
Webervirus,1920860,4.41,3.34,3.75,8.42,6.23,4.04,3.13,7.81,6.42,3.46,2.93,3.99,3.86,5.1,5.36,570.0,Klebsiella,Duplodnaviria,Heunggongvirae,Uroviricota,Caudoviricetes,Caudoviricetes incertae sedis,Drexlerviridae,Webervirus,Webervirus B1,dsDNA
Webervirus,1920860,4.41,3.34,3.75,8.42,6.23,4.04,3.13,7.81,6.42,3.46,2.93,3.99,3.86,5.1,5.36,1205678.0,Klebsiella pneumoniae subsp. pneumoniae CIP 52.145 = B5055,Duplodnaviria,Heunggongvirae,Uroviricota,Caudoviricetes,Caudoviricetes incertae sedis,Drexlerviridae,Webervirus,Webervirus cp1,dsDNA
Webervirus,1920860,4.41,3.34,3.75,8.42,6.23,4.04,3.13,7.81,6.42,3.46,2.93,3.99,3.86,5.1,5.36,1420013.0,Klebsiella pneumoniae 30684/NJST258_2,Duplodnaviria,Heunggongvirae,Uroviricota,Caudoviricetes,Caudoviricetes incertae sedis,Drexlerviridae,Webervirus,Webervirus cp17,dsDNA
Webervirus,1920860,4.41,3.34,3.75,8.42,6.23,4.04,3.13,7.81,6.42,3.46,2.93,3.99,3.86,5.1,5.36,72407.0,Klebsiella pneumoniae subsp. pneumoniae,Duplodnaviria,Heunggongvirae,Uroviricota,Caudoviricetes,Caudoviricetes incertae sedis,Drexlerviridae,Webervirus,Webervirus KLPN1,dsDNA
Webervirus,1920860,4.41,3.34,3.75,8.42,6.23,4.04,3.13,7.81,6.42,3.46,2.93,3.99,3.86,5.1,5.36,571.0,Klebsiella oxytoca,Duplodnaviria,Heunggongvirae,Uroviricota,Caudoviricetes,Caudoviricetes incertae sedis,Drexlerviridae,Webervirus,Webervirus KOX1,dsDNA
Webervirus,1920860,4.41,3.34,3.75,8.42,6.23,4.04,3.13,7.81,6.42,3.46,2.93,3.99,3.86,5.1,5.36,1049565.0,Klebsiella pneumoniae KCTC 2242,Duplodnaviria,Heunggongvirae,Uroviricota,Caudoviricetes,Caudoviricetes incertae sedis,Drexlerviridae,Webervirus,Webervirus KPP2020,dsDNA
Webervirus,1920860,4.41,3.34,3.75,8.42,6.23,4.04,3.13,7.81,6.42,3.46,2.93,3.99,3.86,5.1,5.36,1379687.0,Klebsiella pneumoniae subsp. pneumoniae BJ1-GA,Duplodnaviria,Heunggongvirae,Uroviricota,Caudoviricetes,Caudoviricetes incertae sedis,Drexlerviridae,Webervirus,unclassified Webervirus,dsDNA
Webervirus,1920860,4.41,3.34,3.75,8.42,6.23,4.04,3.13,7.81,6.42,3.46,2.93,3.99,3.86,5.1,5.36,507522.0,Klebsiella variicola 342,Duplodnaviria,Heunggongvirae,Uroviricota,Caudoviricetes,Caudoviricetes incertae sedis,Drexlerviridae,Webervirus,Webervirus mtp17,dsDNA
Webervirus,1920860,4.41,3.34,3.75,8.42,6.23,4.04,3.13,7.81,6.42,3.46,2.93,3.99,3.86,5.1,5.36,1379688.0,Klebsiella pneumoniae subsp. pneumoniae SA1,Duplodnaviria,Heunggongvirae,Uroviricota,Caudoviricetes,Caudoviricetes incertae sedis,Drexlerviridae,Webervirus,unclassified Webervirus,dsDNA
Webervirus,1920860,4.41,3.34,3.75,8.42,6.23,4.04,3.13,7.81,6.42,3.46,2.93,3.99,3.86,5.1,5.36,1244085.0,Klebsiella pneumoniae CG43,Duplodnaviria,Heunggongvirae,Uroviricota,Caudoviricetes,Caudoviricetes incertae sedis,Drexlerviridae,Webervirus,Webervirus mtp31,dsDNA
Webervirus,1920860,4.41,3.34,3.75,8.42,6.23,4.04,3.13,7.81,6.42,3.46,2.93,3.99,3.86,5.1,5.36,1087440.0,Klebsiella pneumoniae subsp. pneumoniae KPNIH1,Duplodnaviria,Heunggongvirae,Uroviricota,Caudoviricetes,Caudoviricetes incertae sedis,Drexlerviridae,Webervirus,Webervirus mezzogao,dsDNA
Webervirus,1920860,4.41,3.34,3.75,8.42,6.23,4.04,3.13,7.81,6.42,3.46,2.93,3.99,3.86,5.1,5.36,244366.0,Klebsiella variicola,Duplodnaviria,Heunggongvirae,Uroviricota,Caudoviricetes,Caudoviricetes incertae sedis,Drexlerviridae,Webervirus,unclassified Webervirus,dsDNA
Webervirus,1920860,4.41,3.34,3.75,8.42,6.23,4.04,3.13,7.81,6.42,3.46,2.93,3.99,3.86,5.1,5.36,484021.0,Klebsiella pneumoniae subsp. pneumoniae NTUH-K2044,Duplodnaviria,Heunggongvirae,Uroviricota,Caudoviricetes,Caudoviricetes incertae sedis,Drexlerviridae,Webervirus,unclassified Webervirus,dsDNA
Webervirus,1920860,4.41,3.34,3.75,8.42,6.23,4.04,3.13,7.81,6.42,3.46,2.93,3.99,3.86,5.1,5.36,625.0,Shigella sp.,Duplodnaviria,Heunggongvirae,Uroviricota,Caudoviricetes,Caudoviricetes incertae sedis,Drexlerviridae,Webervirus,unclassified Webervirus,dsDNA
Webervirus,1920860,4.41,3.34,3.75,8.42,6.23,4.04,3.13,7.81,6.42,3.46,2.93,3.99,3.86,5.1,5.36,40324.0,Stenotrophomonas maltophilia,Duplodnaviria,Heunggongvirae,Uroviricota,Caudoviricetes,Caudoviricetes incertae sedis,Drexlerviridae,Webervirus,Webervirus BUCT705,dsDNA
Gemykibivirus,1941236,,0.47,0.34,,,5.31,0.44,,0.67,0.26,,,,,,9662.0,Meles meles,Monodnaviria,Shotokuvirae,Cressdnaviricota,Repensiviricetes,Geplafuvirales,Genomoviridae,Gemykibivirus,Gemykibivirus badas1,
Gemykibivirus,1941236,,0.47,0.34,,,5.31,0.44,,0.67,0.26,,,,,,175524.0,Hipposideros larvatus,Monodnaviria,Shotokuvirae,Cressdnaviricota,Repensiviricetes,Geplafuvirales,Genomoviridae,Gemykibivirus,Gemykibivirus hipla1,
Gemykibivirus,1941236,,0.47,0.34,,,5.31,0.44,,0.67,0.26,,,,,,7038.0,Bemisia tabaci,Monodnaviria,Shotokuvirae,Cressdnaviricota,Repensiviricetes,Geplafuvirales,Genomoviridae,Gemykibivirus,Gemykibivirus bemta1,
Gemykibivirus,1941236,,0.47,0.34,,,5.31,0.44,,0.67,0.26,,,,,,228564.0,Petroica traversi,Monodnaviria,Shotokuvirae,Cressdnaviricota,Repensiviricetes,Geplafuvirales,Genomoviridae,Gemykibivirus,Gemykibivirus blaro1,
Gemykibivirus,1941236,,0.47,0.34,,,5.31,0.44,,0.67,0.26,,,,,,9187.0,Turdus merula,Monodnaviria,Shotokuvirae,Cressdnaviricota,Repensiviricetes,Geplafuvirales,Genomoviridae,Gemykibivirus,Gemykibivirus blabi1,
Gemykibivirus,1941236,,0.47,0.34,,,5.31,0.44,,0.67,0.26,,,,,,9913.0,Bos taurus,Monodnaviria,Shotokuvirae,Cressdnaviricota,Repensiviricetes,Geplafuvirales,Genomoviridae,Gemykibivirus,Gemykibivirus bovas1,
Gemykibivirus,1941236,,0.47,0.34,,,5.31,0.44,,0.67,0.26,,,,,,9615.0,Canis lupus familiaris,Monodnaviria,Shotokuvirae,Cressdnaviricota,Repensiviricetes,Geplafuvirales,Genomoviridae,Gemykibivirus,Gemykibivirus canfam1,
Gemykibivirus,1941236,,0.47,0.34,,,5.31,0.44,,0.67,0.26,,,,,,1.0,root,Monodnaviria,Shotokuvirae,Cressdnaviricota,Repensiviricetes,Geplafuvirales,Genomoviridae,Gemykibivirus,Gemykibivirus hydro3,
Gemykibivirus,1941236,,0.47,0.34,,,5.31,0.44,,0.67,0.26,,,,,,9903.0,Bos,Monodnaviria,Shotokuvirae,Cressdnaviricota,Repensiviricetes,Geplafuvirales,Genomoviridae,Gemykibivirus,Gemykibivirus cowchi1,
Gemykibivirus,1941236,,0.47,0.34,,,5.31,0.44,,0.67,0.26,,,,,,9031.0,Gallus gallus,Monodnaviria,Shotokuvirae,Cressdnaviricota,Repensiviricetes,Geplafuvirales,Genomoviridae,Gemykibivirus,Gemykibivirus galga3,
Gemykibivirus,1941236,,0.47,0.34,,,5.31,0.44,,0.67,0.26,,,,,,388978.0,Cybaeus,Monodnaviria,Shotokuvirae,Cressdnaviricota,Repensiviricetes,Geplafuvirales,Genomoviridae,Gemykibivirus,Gemykibivirus cybusi1,
Gemykibivirus,1941236,,0.47,0.34,,,5.31,0.44,,0.67,0.26,,,,,,451481.0,Miathyria marcella,Monodnaviria,Shotokuvirae,Cressdnaviricota,Repensiviricetes,Geplafuvirales,Genomoviridae,Gemykibivirus,Gemykibivirus draga1,
Gemykibivirus,1941236,,0.47,0.34,,,5.31,0.44,,0.67,0.26,,,,,,30427.0,Haemorhous mexicanus,Monodnaviria,Shotokuvirae,Cressdnaviricota,Repensiviricetes,Geplafuvirales,Genomoviridae,Gemykibivirus,Gemykibivirus haeme5,
Gemykibivirus,1941236,,0.47,0.34,,,5.31,0.44,,0.67,0.26,,,,,,9606.0,Homo sapiens,Monodnaviria,Shotokuvirae,Cressdnaviricota,Repensiviricetes,Geplafuvirales,Genomoviridae,Gemykibivirus,Gemykibivirus humas3,
Gemykibivirus,1941236,,0.47,0.34,,,5.31,0.44,,0.67,0.26,,,,,,38771.0,Gopherus,Monodnaviria,Shotokuvirae,Cressdnaviricota,Repensiviricetes,Geplafuvirales,Genomoviridae,Gemykibivirus,Gemykibivirus haeme2,
Gemykibivirus,1941236,,0.47,0.34,,,5.31,0.44,,0.67,0.26,,,,,,9700.0,Herpestes ichneumon,Monodnaviria,Shotokuvirae,Cressdnaviricota,Repensiviricetes,Geplafuvirales,Genomoviridae,Gemykibivirus,Gemykibivirus rhina1,
Gemykibivirus,1941236,,0.47,0.34,,,5.31,0.44,,0.67,0.26,,,,,,77217.0,Pteropus tonganus,Monodnaviria,Shotokuvirae,Cressdnaviricota,Repensiviricetes,Geplafuvirales,Genomoviridae,Gemykibivirus,Gemykibivirus ptero1,
Gemykibivirus,1941236,,0.47,0.34,,,5.31,0.44,,0.67,0.26,,,,,,2866903.0,Poaceae sp.,Monodnaviria,Shotokuvirae,Cressdnaviricota,Repensiviricetes,Geplafuvirales,Genomoviridae,Gemykibivirus,Gemykibivirus planta1,
Gemykibivirus,1941236,,0.47,0.34,,,5.31,0.44,,0.67,0.26,,,,,,171969.0,Carnegiea gigantea,Monodnaviria,Shotokuvirae,Cressdnaviricota,Repensiviricetes,Geplafuvirales,Genomoviridae,Gemykibivirus,Gemykibivirus planta2,
Gemykibivirus,1941236,,0.47,0.34,,,5.31,0.44,,0.67,0.26,,,,,,3101841.0,Cynodon sp.,Monodnaviria,Shotokuvirae,Cressdnaviricota,Repensiviricetes,Geplafuvirales,Genomoviridae,Gemykibivirus,Gemykibivirus cynas1,
Gemykibivirus,1941236,,0.47,0.34,,,5.31,0.44,,0.67,0.26,,,,,,9823.0,Sus scrofa,Monodnaviria,Shotokuvirae,Cressdnaviricota,Repensiviricetes,Geplafuvirales,Genomoviridae,Gemykibivirus,Gemykibivirus anima1,
Gemykibivirus,1941236,,0.47,0.34,,,5.31,0.44,,0.67,0.26,,,,,,77218.0,Rhinolophus hipposideros,Monodnaviria,Shotokuvirae,Cressdnaviricota,Repensiviricetes,Geplafuvirales,Genomoviridae,Gemykibivirus,Gemykibivirus rhina1,
Gemykibivirus,1941236,,0.47,0.34,,,5.31,0.44,,0.67,0.26,,,,,,59479.0,Rhinolophus ferrumequinum,Monodnaviria,Shotokuvirae,Cressdnaviricota,Repensiviricetes,Geplafuvirales,Genomoviridae,Gemykibivirus,Gemykibivirus rhina2,
Gemykibivirus,1941236,,0.47,0.34,,,5.31,0.44,,0.67,0.26,,,,,,146804.0,Echinothrips americanus,Monodnaviria,Shotokuvirae,Cressdnaviricota,Repensiviricetes,Geplafuvirales,Genomoviridae,Gemykibivirus,Gemykibivirus echi1,
Mudcatvirus,1982088,,,,,0.14,,,,,,,,0.1,,,1771959.0,[Arthrobacter] sp. ATCC 21022,Duplodnaviria,Heunggongvirae,Uroviricota,Caudoviricetes,Caudoviricetes incertae sedis,Mudcatvirus,Mudcatvirus arcadia,,dsDNA
Mudcatvirus,1982088,,,,,0.14,,,,,,,,0.1,,,1667.0,Arthrobacter sp.,Duplodnaviria,Heunggongvirae,Uroviricota,Caudoviricetes,Caudoviricetes incertae sedis,Mudcatvirus,unclassified Mudcatvirus,,dsDNA
Mudcatvirus,1982088,,,,,0.14,,,,,,,,0.1,,,1771959.0,[Arthrobacter] sp. ATCC 21022,Duplodnaviria,Heunggongvirae,Uroviricota,Caudoviricetes,Caudoviricetes incertae sedis,Mudcatvirus,Mudcatvirus cheesy,,dsDNA
Mudcatvirus,1982088,,,,,0.14,,,,,,,,0.1,,,1771959.0,[Arthrobacter] sp. ATCC 21022,Duplodnaviria,Heunggongvirae,Uroviricota,Caudoviricetes,Caudoviricetes incertae sedis,Mudcatvirus,Mudcatvirus circum,,dsDNA
Mudcatvirus,1982088,,,,,0.14,,,,,,,,0.1,,,1771959.0,[Arthrobacter] sp. ATCC 21022,Duplodnaviria,Heunggongvirae,Uroviricota,Caudoviricetes,Caudoviricetes incertae sedis,Mudcatvirus,Mudcatvirus correa,,dsDNA
Mudcatvirus,1982088,,,,,0.14,,,,,,,,0.1,,,1667.0,Arthrobacter sp.,Duplodnaviria,Heunggongvirae,Uroviricota,Caudoviricetes,Caudoviricetes incertae sedis,Mudcatvirus,Mudcatvirus dynamite,,dsDNA
Mudcatvirus,1982088,,,,,0.14,,,,,,,,0.1,,,1771959.0,[Arthrobacter] sp. ATCC 21022,Duplodnaviria,Heunggongvirae,Uroviricota,Caudoviricetes,Caudoviricetes incertae sedis,Mudcatvirus,unclassified Mudcatvirus,,dsDNA
Mudcatvirus,1982088,,,,,0.14,,,,,,,,0.1,,,1771959.0,[Arthrobacter] sp. ATCC 21022,Duplodnaviria,Heunggongvirae,Uroviricota,Caudoviricetes,Caudoviricetes incertae sedis,Mudcatvirus,Mudcatvirus heisenberger,,dsDNA
Mudcatvirus,1982088,,,,,0.14,,,,,,,,0.1,,,1667.0,Arthrobacter sp.,Duplodnaviria,Heunggongvirae,Uroviricota,Caudoviricetes,Caudoviricetes incertae sedis,Mudcatvirus,Mudcatvirus JEGGS,,dsDNA
Mudcatvirus,1982088,,,,,0.14,,,,,,,,0.1,,,1667.0,Arthrobacter sp.,Duplodnaviria,Heunggongvirae,Uroviricota,Caudoviricetes,Caudoviricetes incertae sedis,Mudcatvirus,Mudcatvirus kardesai,,dsDNA
Mudcatvirus,1982088,,,,,0.14,,,,,,,,0.1,,,1667.0,Arthrobacter sp.,Duplodnaviria,Heunggongvirae,Uroviricota,Caudoviricetes,Caudoviricetes incertae sedis,Mudcatvirus,Mudcatvirus keaneylin,,dsDNA
Mudcatvirus,1982088,,,,,0.14,,,,,,,,0.1,,,1771959.0,[Arthrobacter] sp. ATCC 21022,Duplodnaviria,Heunggongvirae,Uroviricota,Caudoviricetes,Caudoviricetes incertae sedis,Mudcatvirus,Mudcatvirus mudcat,,dsDNA
Mudcatvirus,1982088,,,,,0.14,,,,,,,,0.1,,,1771959.0,[Arthrobacter] sp. ATCC 21022,Duplodnaviria,Heunggongvirae,Uroviricota,Caudoviricetes,Caudoviricetes incertae sedis,Mudcatvirus,Mudcatvirus tribby,,dsDNA
Mudcatvirus,1982088,,,,,0.14,,,,,,,,0.1,,,1667.0,Arthrobacter sp.,Duplodnaviria,Heunggongvirae,Uroviricota,Caudoviricetes,Caudoviricetes incertae sedis,Mudcatvirus,Mudcatvirus xenomorph,,dsDNA
Gordonvirus,1982152,,,,,0.19,,,,,,,,,,,1667.0,Arthrobacter sp.,Duplodnaviria,Heunggongvirae,Uroviricota,Caudoviricetes,Caudoviricetes incertae sedis,Gordonvirus,Gordonvirus breylor17,,dsDNA
Gordonvirus,1982152,,,,,0.19,,,,,,,,,,,1771959.0,[Arthrobacter] sp. ATCC 21022,Duplodnaviria,Heunggongvirae,Uroviricota,Caudoviricetes,Caudoviricetes incertae sedis,Gordonvirus,Gordonvirus captnmurica,,dsDNA
Gordonvirus,1982152,,,,,0.19,,,,,,,,,,,1667.0,Arthrobacter sp.,Duplodnaviria,Heunggongvirae,Uroviricota,Caudoviricetes,Caudoviricetes incertae sedis,Gordonvirus,Gordonvirus castortray,,dsDNA
Gordonvirus,1982152,,,,,0.19,,,,,,,,,,,1667.0,Arthrobacter sp.,Duplodnaviria,Heunggongvirae,Uroviricota,Caudoviricetes,Caudoviricetes incertae sedis,Gordonvirus,unclassified Gordonvirus,,dsDNA
Gordonvirus,1982152,,,,,0.19,,,,,,,,,,,1771959.0,[Arthrobacter] sp. ATCC 21022,Duplodnaviria,Heunggongvirae,Uroviricota,Caudoviricetes,Caudoviricetes incertae sedis,Gordonvirus,Gordonvirus darby,,dsDNA
Gordonvirus,1982152,,,,,0.19,,,,,,,,,,,1667.0,Arthrobacter sp.,Duplodnaviria,Heunggongvirae,Uroviricota,Caudoviricetes,Caudoviricetes incertae sedis,Gordonvirus,Gordonvirus devitoJr,,dsDNA
Gordonvirus,1982152,,,,,0.19,,,,,,,,,,,1771959.0,[Arthrobacter] sp. ATCC 21022,Duplodnaviria,Heunggongvirae,Uroviricota,Caudoviricetes,Caudoviricetes incertae sedis,Gordonvirus,unclassified Gordonvirus,,dsDNA
Gordonvirus,1982152,,,,,0.19,,,,,,,,,,,1665.0,Arthrobacter globiformis,Duplodnaviria,Heunggongvirae,Uroviricota,Caudoviricetes,Caudoviricetes incertae sedis,Gordonvirus,unclassified Gordonvirus,,dsDNA
Gordonvirus,1982152,,,,,0.19,,,,,,,,,,,1771959.0,[Arthrobacter] sp. ATCC 21022,Duplodnaviria,Heunggongvirae,Uroviricota,Caudoviricetes,Caudoviricetes incertae sedis,Gordonvirus,Gordonvirus gordon,,dsDNA
Gordonvirus,1982152,,,,,0.19,,,,,,,,,,,1771959.0,[Arthrobacter] sp. ATCC 21022,Duplodnaviria,Heunggongvirae,Uroviricota,Caudoviricetes,Caudoviricetes incertae sedis,Gordonvirus,Gordonvirus nightmare,,dsDNA
Gordonvirus,1982152,,,,,0.19,,,,,,,,,,,1771959.0,[Arthrobacter] sp. ATCC 21022,Duplodnaviria,Heunggongvirae,Uroviricota,Caudoviricetes,Caudoviricetes incertae sedis,Gordonvirus,Gordonvirus niktson,,dsDNA
Gordonvirus,1982152,,,,,0.19,,,,,,,,,,,1771959.0,[Arthrobacter] sp. ATCC 21022,Duplodnaviria,Heunggongvirae,Uroviricota,Caudoviricetes,Caudoviricetes incertae sedis,Gordonvirus,Gordonvirus sciencewizsam,,dsDNA
Gordonvirus,1982152,,,,,0.19,,,,,,,,,,,1667.0,Arthrobacter sp.,Duplodnaviria,Heunggongvirae,Uroviricota,Caudoviricetes,Caudoviricetes incertae sedis,Gordonvirus,Gordonvirus synepsis,,dsDNA
Gordonvirus,1982152,,,,,0.19,,,,,,,,,,,1667.0,Arthrobacter sp.,Duplodnaviria,Heunggongvirae,Uroviricota,Caudoviricetes,Caudoviricetes incertae sedis,Gordonvirus,Gordonvirus tatanka,,dsDNA
Gordonvirus,1982152,,,,,0.19,,,,,,,,,,,1771959.0,[Arthrobacter] sp. ATCC 21022,Duplodnaviria,Heunggongvirae,Uroviricota,Caudoviricetes,Caudoviricetes incertae sedis,Gordonvirus,Gordonvirus teacup,,dsDNA
Gordonvirus,1982152,,,,,0.19,,,,,,,,,,,1667.0,Arthrobacter sp.,Duplodnaviria,Heunggongvirae,Uroviricota,Caudoviricetes,Caudoviricetes incertae sedis,Gordonvirus,Gordonvirus captnmurica,,dsDNA
Gordonvirus,1982152,,,,,0.19,,,,,,,,,,,1667.0,Arthrobacter sp.,Duplodnaviria,Heunggongvirae,Uroviricota,Caudoviricetes,Caudoviricetes incertae sedis,Gordonvirus,Gordonvirus trustiboi,,dsDNA
Nipunavirus,1982239,,,,,0.08,,,,,,,,,,,287.0,Pseudomonas aeruginosa,Duplodnaviria,Heunggongvirae,Uroviricota,Caudoviricetes,Caudoviricetes incertae sedis,Nipunavirus,Nipunavirus quinobequin,Nipunavirus NP1,dsDNA
Nipunavirus,1982239,,,,,0.08,,,,,,,,,,,287.0,Pseudomonas aeruginosa,Duplodnaviria,Heunggongvirae,Uroviricota,Caudoviricetes,Caudoviricetes incertae sedis,Nipunavirus,Nipunavirus JG054,,dsDNA
Nipunavirus,1982239,,,,,0.08,,,,,,,,,,,286.0,Pseudomonas,Duplodnaviria,Heunggongvirae,Uroviricota,Caudoviricetes,Caudoviricetes incertae sedis,Nipunavirus,Nipunavirus quinobequin,Nipunavirus NP1,dsDNA
Nipunavirus,1982239,,,,,0.08,,,,,,,,,,,287.0,Pseudomonas aeruginosa,Duplodnaviria,Heunggongvirae,Uroviricota,Caudoviricetes,Caudoviricetes incertae sedis,Nipunavirus,Nipunavirus PaMx25,,dsDNA
Nipunavirus,1982239,,,,,0.08,,,,,,,,,,,652611.0,Pseudomonas aeruginosa PA14,Duplodnaviria,Heunggongvirae,Uroviricota,Caudoviricetes,Caudoviricetes incertae sedis,Nipunavirus,unclassified Nipunavirus,,dsDNA
Nipunavirus,1982239,,,,,0.08,,,,,,,,,,,287.0,Pseudomonas aeruginosa,Duplodnaviria,Heunggongvirae,Uroviricota,Caudoviricetes,Caudoviricetes incertae sedis,Nipunavirus,unclassified Nipunavirus,,dsDNA
Nipunavirus,1982239,,,,,0.08,,,,,,,,,,,208963.0,Pseudomonas aeruginosa UCBPP-PA14,Duplodnaviria,Heunggongvirae,Uroviricota,Caudoviricetes,Caudoviricetes incertae sedis,Nipunavirus,Nipunavirus quinobequin,Nipunavirus NP1,dsDNA
Nipunavirus,1982239,,,,,0.08,,,,,,,,,,,208964.0,Pseudomonas aeruginosa PAO1,Duplodnaviria,Heunggongvirae,Uroviricota,Caudoviricetes,Caudoviricetes incertae sedis,Nipunavirus,Nipunavirus PAJD1,,dsDNA
Nipunavirus,1982239,,,,,0.08,,,,,,,,,,,195709.0,Xanthomonas arboricola pv. juglandis,Duplodnaviria,Heunggongvirae,Uroviricota,Caudoviricetes,Caudoviricetes incertae sedis,Nipunavirus,Nipunavirus Doca3,,dsDNA
Pepyhexavirus,1982367,,,,,0.11,,,,,,,,,,,1827.0,Rhodococcus,Duplodnaviria,Heunggongvirae,Uroviricota,Caudoviricetes,Caudoviricetes incertae sedis,Pepyhexavirus,Pepyhexavirus pepy6,,dsDNA
Pepyhexavirus,1982367,,,,,0.11,,,,,,,,,,,1256785.0,Rhodococcus sp. S2,Duplodnaviria,Heunggongvirae,Uroviricota,Caudoviricetes,Caudoviricetes incertae sedis,Pepyhexavirus,Pepyhexavirus pepy6,,dsDNA
Pepyhexavirus,1982367,,,,,0.11,,,,,,,,,,,1827.0,Rhodococcus,Duplodnaviria,Heunggongvirae,Uroviricota,Caudoviricetes,Caudoviricetes incertae sedis,Pepyhexavirus,Pepyhexavirus poco6,,dsDNA
Roufvirus,1982370,,,,,0.15,,0.12,,,,0.11,,0.2,,,728059.0,Aeromonas sp. IS4,Duplodnaviria,Heunggongvirae,Uroviricota,Caudoviricetes,Caudoviricetes incertae sedis,Roufvirus,Roufvirus pIS4A,,dsDNA
Roufvirus,1982370,,,,,0.15,,0.12,,,,0.11,,0.2,,,728064.0,Vibrio sp. YD38,Duplodnaviria,Heunggongvirae,Uroviricota,Caudoviricetes,Caudoviricetes incertae sedis,Roufvirus,Roufvirus pIS4A,,dsDNA
Johnsonvirus,1982576,,,,,0.25,,0.11,,,,,,,0.42,,552.0,Erwinia amylovora,Duplodnaviria,Heunggongvirae,Uroviricota,Caudoviricetes,Caudoviricetes incertae sedis,Schitoviridae,Erskinevirinae,Johnsonvirus,dsDNA
Johnsonvirus,1982576,,,,,0.25,,0.11,,,,,,,0.42,,551.0,Erwinia,Duplodnaviria,Heunggongvirae,Uroviricota,Caudoviricetes,Caudoviricetes incertae sedis,Schitoviridae,Erskinevirinae,Johnsonvirus,dsDNA
Gemyduguivirus,1985365,,,,,,0.39,,,,,,,,,,496566.0,Artemisia carvifolia,Monodnaviria,Shotokuvirae,Cressdnaviricota,Repensiviricetes,Geplafuvirales,Genomoviridae,Gemyduguivirus,Gemyduguivirus arteca1,
Gemyduguivirus,1985365,,,,,,0.39,,,,,,,,,,7038.0,Bemisia tabaci,Monodnaviria,Shotokuvirae,Cressdnaviricota,Repensiviricetes,Geplafuvirales,Genomoviridae,Gemyduguivirus,Gemyduguivirus bemta1,
Gemyduguivirus,1985365,,,,,,0.39,,,,,,,,,,61017.0,Austrosimulium,Monodnaviria,Shotokuvirae,Cressdnaviricota,Repensiviricetes,Geplafuvirales,Genomoviridae,Gemyduguivirus,Gemyduguivirus austo1,
Gemyduguivirus,1985365,,,,,,0.39,,,,,,,,,,1.0,root,Monodnaviria,Shotokuvirae,Cressdnaviricota,Repensiviricetes,Geplafuvirales,Genomoviridae,Gemyduguivirus,Gemyduguivirus hydro1,
Gemyduguivirus,1985365,,,,,,0.39,,,,,,,,,,185825.0,Pantala flavescens,Monodnaviria,Shotokuvirae,Cressdnaviricota,Repensiviricetes,Geplafuvirales,Genomoviridae,Gemyduguivirus,Gemyduguivirus draga1,
Gemyduguivirus,1985365,,,,,,0.39,,,,,,,,,,77316.0,Macroptilium,Monodnaviria,Shotokuvirae,Cressdnaviricota,Repensiviricetes,Geplafuvirales,Genomoviridae,Gemyduguivirus,Gemyduguivirus macra1,
Gemyduguivirus,1985365,,,,,,0.39,,,,,,,,,,4056.0,Apocynaceae,Monodnaviria,Shotokuvirae,Cressdnaviricota,Repensiviricetes,Geplafuvirales,Genomoviridae,Gemyduguivirus,Gemyduguivirus merre1,
Gemygorvirus,1985366,,,,,,0.42,,,,,,,,,,1.0,root,Monodnaviria,Shotokuvirae,Cressdnaviricota,Repensiviricetes,Geplafuvirales,Genomoviridae,Gemygorvirus,Gemygorvirus hydro1,
Gemygorvirus,1985366,,,,,,0.42,,,,,,,,,,9172.0,Sturnus vulgaris,Monodnaviria,Shotokuvirae,Cressdnaviricota,Repensiviricetes,Geplafuvirales,Genomoviridae,Gemygorvirus,Gemygorvirus stara1,
Gemygorvirus,1985366,,,,,,0.42,,,,,,,,,,8839.0,Anas platyrhynchos,Monodnaviria,Shotokuvirae,Cressdnaviricota,Repensiviricetes,Geplafuvirales,Genomoviridae,Gemygorvirus,Gemygorvirus malas1,
Gemygorvirus,1985366,,,,,,0.42,,,,,,,,,,9615.0,Canis lupus familiaris,Monodnaviria,Shotokuvirae,Cressdnaviricota,Repensiviricetes,Geplafuvirales,Genomoviridae,Gemygorvirus,Gemygorvirus cania1,
Gemygorvirus,1985366,,,,,,0.42,,,,,,,,,,9606.0,Homo sapiens,Monodnaviria,Shotokuvirae,Cressdnaviricota,Repensiviricetes,Geplafuvirales,Genomoviridae,Gemygorvirus,Gemygorvirus sewopo1,
Gemygorvirus,1985366,,,,,,0.42,,,,,,,,,,77217.0,Pteropus tonganus,Monodnaviria,Shotokuvirae,Cressdnaviricota,Repensiviricetes,Geplafuvirales,Genomoviridae,Gemygorvirus,Gemygorvirus ptero1,
Gemygorvirus,1985366,,,,,,0.42,,,,,,,,,,2866903.0,Poaceae sp.,Monodnaviria,Shotokuvirae,Cressdnaviricota,Repensiviricetes,Geplafuvirales,Genomoviridae,Gemygorvirus,Gemygorvirus poaspe1,
Gemygorvirus,1985366,,,,,,0.42,,,,,,,,,,3446230.0,Opuntia sp.,Monodnaviria,Shotokuvirae,Cressdnaviricota,Repensiviricetes,Geplafuvirales,Genomoviridae,Gemygorvirus,Gemygorvirus opunt1,
Gemykrogvirus,1985367,,,,,,,,,,,,,,,1.23,7460.0,Apis mellifera,Monodnaviria,Shotokuvirae,Cressdnaviricota,Repensiviricetes,Geplafuvirales,Genomoviridae,Gemykrogvirus,Gemykrogvirus apime1,
Gemykrogvirus,1985367,,,,,,,,,,,,,,,1.23,9870.0,Rangifer tarandus,Monodnaviria,Shotokuvirae,Cressdnaviricota,Repensiviricetes,Geplafuvirales,Genomoviridae,Gemykrogvirus,Gemykrogvirus carib1,
Gemykrogvirus,1985367,,,,,,,,,,,,,,,1.23,9031.0,Gallus gallus,Monodnaviria,Shotokuvirae,Cressdnaviricota,Repensiviricetes,Geplafuvirales,Genomoviridae,Gemykrogvirus,Gemykrogvirus galga5,
Gemykrogvirus,1985367,,,,,,,,,,,,,,,1.23,9913.0,Bos taurus,Monodnaviria,Shotokuvirae,Cressdnaviricota,Repensiviricetes,Geplafuvirales,Genomoviridae,Gemykrogvirus,Gemykrogvirus bovas1,
Gemykrogvirus,1985367,,,,,,,,,,,,,,,1.23,1.0,root,Monodnaviria,Shotokuvirae,Cressdnaviricota,Repensiviricetes,Geplafuvirales,Genomoviridae,Gemykrogvirus,Gemykrogvirus sewopo1,
Przondovirus,1985720,,,,,0.23,,0.16,0.6,1.06,,0.2,0.25,0.22,,,573.0,Klebsiella pneumoniae,Duplodnaviria,Heunggongvirae,Uroviricota,Caudoviricetes,Autographivirales,Autotranscriptaviridae,Studiervirinae,Przondovirus,dsDNA
Przondovirus,1985720,,,,,0.23,,0.16,0.6,1.06,,0.2,0.25,0.22,,,571.0,Klebsiella oxytoca,Duplodnaviria,Heunggongvirae,Uroviricota,Caudoviricetes,Autographivirales,Autotranscriptaviridae,Studiervirinae,Przondovirus,dsDNA
Przondovirus,1985720,,,,,0.23,,0.16,0.6,1.06,,0.2,0.25,0.22,,,1134687.0,Klebsiella michiganensis,Duplodnaviria,Heunggongvirae,Uroviricota,Caudoviricetes,Autographivirales,Autotranscriptaviridae,Studiervirinae,Przondovirus,dsDNA
Przondovirus,1985720,,,,,0.23,,0.16,0.6,1.06,,0.2,0.25,0.22,,,1205678.0,Klebsiella pneumoniae subsp. pneumoniae CIP 52.145 = B5055,Duplodnaviria,Heunggongvirae,Uroviricota,Caudoviricetes,Autographivirales,Autotranscriptaviridae,Studiervirinae,Przondovirus,dsDNA
Przondovirus,1985720,,,,,0.23,,0.16,0.6,1.06,,0.2,0.25,0.22,,,72407.0,Klebsiella pneumoniae subsp. pneumoniae,Duplodnaviria,Heunggongvirae,Uroviricota,Caudoviricetes,Autographivirales,Autotranscriptaviridae,Studiervirinae,Przondovirus,dsDNA
Przondovirus,1985720,,,,,0.23,,0.16,0.6,1.06,,0.2,0.25,0.22,,,570.0,Klebsiella,Duplodnaviria,Heunggongvirae,Uroviricota,Caudoviricetes,Autographivirales,Autotranscriptaviridae,Studiervirinae,Przondovirus,dsDNA
Przondovirus,1985720,,,,,0.23,,0.16,0.6,1.06,,0.2,0.25,0.22,,,1497796.0,Klebsiella sp. 390,Duplodnaviria,Heunggongvirae,Uroviricota,Caudoviricetes,Autographivirales,Autotranscriptaviridae,Studiervirinae,Przondovirus,dsDNA
Przondovirus,1985720,,,,,0.23,,0.16,0.6,1.06,,0.2,0.25,0.22,,,576.0,Klebsiella sp.,Duplodnaviria,Heunggongvirae,Uroviricota,Caudoviricetes,Autographivirales,Autotranscriptaviridae,Studiervirinae,Przondovirus,dsDNA
Przondovirus,1985720,,,,,0.23,,0.16,0.6,1.06,,0.2,0.25,0.22,,,1316582.0,Klebsiella pneumoniae ATCC 43816,Duplodnaviria,Heunggongvirae,Uroviricota,Caudoviricetes,Autographivirales,Autotranscriptaviridae,Studiervirinae,Przondovirus,dsDNA
Przondovirus,1985720,,,,,0.23,,0.16,0.6,1.06,,0.2,0.25,0.22,,,1463165.0,Klebsiella quasipneumoniae,Duplodnaviria,Heunggongvirae,Uroviricota,Caudoviricetes,Autographivirales,Autotranscriptaviridae,Studiervirinae,Przondovirus,dsDNA
Przondovirus,1985720,,,,,0.23,,0.16,0.6,1.06,,0.2,0.25,0.22,,,244366.0,Klebsiella variicola,Duplodnaviria,Heunggongvirae,Uroviricota,Caudoviricetes,Autographivirales,Autotranscriptaviridae,Studiervirinae,Przondovirus,dsDNA
Przondovirus,1985720,,,,,0.23,,0.16,0.6,1.06,,0.2,0.25,0.22,,,614.0,Serratia liquefaciens,Duplodnaviria,Heunggongvirae,Uroviricota,Caudoviricetes,Autographivirales,Autotranscriptaviridae,Studiervirinae,Przondovirus,dsDNA
Pradovirus,1985733,,,,,0.12,0.21,0.11,,,,,,,,,456327.0,Xanthomonas euvesicatoria,Duplodnaviria,Heunggongvirae,Uroviricota,Caudoviricetes,Autographivirales,Autonotataviridae,Gujervirinae,Pradovirus,dsDNA
Pradovirus,1985733,,,,,0.12,0.21,0.11,,,,,,,,,29446.0,Xanthomonas sp.,Duplodnaviria,Heunggongvirae,Uroviricota,Caudoviricetes,Autographivirales,Autonotataviridae,Gujervirinae,Pradovirus,dsDNA
Pradovirus,1985733,,,,,0.12,0.21,0.11,,,,,,,,,195709.0,Xanthomonas arboricola pv. juglandis,Duplodnaviria,Heunggongvirae,Uroviricota,Caudoviricetes,Autographivirales,Autonotataviridae,Gujervirinae,Pradovirus,dsDNA
Pradovirus,1985733,,,,,0.12,0.21,0.11,,,,,,,,,442694.0,Xanthomonas perforans,Duplodnaviria,Heunggongvirae,Uroviricota,Caudoviricetes,Autographivirales,Autonotataviridae,Gujervirinae,Pradovirus,dsDNA
Pradovirus,1985733,,,,,0.12,0.21,0.11,,,,,,,,,339.0,Xanthomonas campestris,Duplodnaviria,Heunggongvirae,Uroviricota,Caudoviricetes,Autographivirales,Autonotataviridae,Gujervirinae,Pradovirus,dsDNA
Pradovirus,1985733,,,,,0.12,0.21,0.11,,,,,,,,,64187.0,Xanthomonas oryzae pv. oryzae,Duplodnaviria,Heunggongvirae,Uroviricota,Caudoviricetes,Autographivirales,Autonotataviridae,Gujervirinae,Pradovirus,dsDNA
Pandoravirus,2060084,,,,,0.16,,,0.44,,,,,0.21,,,,,,,,,,,,,
Husavirus,2219049,,,,,,,0.1,,,0.19,0.22,,,,,9606.0,Homo sapiens,Riboviria,Orthornavirae,Pisuviricota,Pisoniviricetes,Picornavirales,unclassified Picornavirales,Husavirus,unclassified Husavirus,
Husavirus,2219049,,,,,,,0.1,,,0.19,0.22,,,,,9825.0,Sus scrofa domesticus,Riboviria,Orthornavirae,Pisuviricota,Pisoniviricetes,Picornavirales,unclassified Picornavirales,Husavirus,Husa-like virus KS-2016a,
Bingvirus,2560103,,,,,0.12,,,,,,,,,,,1916.0,Streptomyces lividans,Duplodnaviria,Heunggongvirae,Uroviricota,Caudoviricetes,Caudoviricetes incertae sedis,Bingvirus,Bingvirus bing,,dsDNA
Bingvirus,2560103,,,,,0.12,,,,,,,,,,,68239.0,Streptomyces mirabilis,Duplodnaviria,Heunggongvirae,Uroviricota,Caudoviricetes,Caudoviricetes incertae sedis,Bingvirus,unclassified Bingvirus,,dsDNA
Bingvirus,2560103,,,,,0.12,,,,,,,,,,,1930.0,Streptomyces scabiei,Duplodnaviria,Heunggongvirae,Uroviricota,Caudoviricetes,Caudoviricetes incertae sedis,Bingvirus,unclassified Bingvirus,,dsDNA
Bingvirus,2560103,,,,,0.12,,,,,,,,,,,146922.0,Streptomyces griseofuscus,Duplodnaviria,Heunggongvirae,Uroviricota,Caudoviricetes,Caudoviricetes incertae sedis,Bingvirus,unclassified Bingvirus,,dsDNA
Ceetrepovirus,2560111,,,,,0.12,,,,,,,,,,,38305.0,Corynebacterium vitaeruminis,Duplodnaviria,Heunggongvirae,Uroviricota,Caudoviricetes,Caudoviricetes incertae sedis,Zierdtviridae,Toshachvirinae,Ceetrepovirus,dsDNA
Fipvunavirus,2560132,,,,,0.08,,,,,,,,,,,96345.0,Flavobacterium psychrophilum,Duplodnaviria,Heunggongvirae,Uroviricota,Caudoviricetes,Caudoviricetes incertae sedis,Fipvunavirus,unclassified Fipvunavirus,,dsDNA
Fipvunavirus,2560132,,,,,0.08,,,,,,,,,,,96345.0,Flavobacterium psychrophilum,Duplodnaviria,Heunggongvirae,Uroviricota,Caudoviricetes,Caudoviricetes incertae sedis,Fipvunavirus,Fipvunavirus Fpv1,,dsDNA
Fipvunavirus,2560132,,,,,0.08,,,,,,,,,,,96345.0,Flavobacterium psychrophilum,Duplodnaviria,Heunggongvirae,Uroviricota,Caudoviricetes,Caudoviricetes incertae sedis,Fipvunavirus,Fipvunavirus Fpv4,,dsDNA
Rimavirus,2560214,,,,,0.11,,,,,,,,,,,1911.0,Streptomyces griseus,Duplodnaviria,Heunggongvirae,Uroviricota,Caudoviricetes,Caudoviricetes incertae sedis,Rimavirus,Rimavirus rima,,dsDNA
Rimavirus,2560214,,,,,0.11,,,,,,,,,,,1911.0,Streptomyces griseus,Duplodnaviria,Heunggongvirae,Uroviricota,Caudoviricetes,Caudoviricetes incertae sedis,Rimavirus,Rimavirus drgrey,,dsDNA
Rimavirus,2560214,,,,,0.11,,,,,,,,,,,1911.0,Streptomyces griseus,Duplodnaviria,Heunggongvirae,Uroviricota,Caudoviricetes,Caudoviricetes incertae sedis,Rimavirus,unclassified Rimavirus,,dsDNA
Rimavirus,2560214,,,,,0.11,,,,,,,,,,,58346.0,Streptomyces platensis,Duplodnaviria,Heunggongvirae,Uroviricota,Caudoviricetes,Caudoviricetes incertae sedis,Rimavirus,Rimavirus rima,,dsDNA
Rimavirus,2560214,,,,,0.11,,,,,,,,,,,68220.0,Streptomyces indigocolor,Duplodnaviria,Heunggongvirae,Uroviricota,Caudoviricetes,Caudoviricetes incertae sedis,Rimavirus,Rimavirus rima,,dsDNA
Rimavirus,2560214,,,,,0.11,,,,,,,,,,,67263.0,Streptomyces griseus subsp. griseus,Duplodnaviria,Heunggongvirae,Uroviricota,Caudoviricetes,Caudoviricetes incertae sedis,Rimavirus,Rimavirus rima,,dsDNA
Rimavirus,2560214,,,,,0.11,,,,,,,,,,,146820.0,Streptomyces stelliscabiei,Duplodnaviria,Heunggongvirae,Uroviricota,Caudoviricetes,Caudoviricetes incertae sedis,Rimavirus,unclassified Rimavirus,,dsDNA
Rimavirus,2560214,,,,,0.11,,,,,,,,,,,146537.0,Streptomyces azureus,Duplodnaviria,Heunggongvirae,Uroviricota,Caudoviricetes,Caudoviricetes incertae sedis,Rimavirus,Rimavirus rima,,dsDNA
Rimavirus,2560214,,,,,0.11,,,,,,,,,,,68239.0,Streptomyces mirabilis,Duplodnaviria,Heunggongvirae,Uroviricota,Caudoviricetes,Caudoviricetes incertae sedis,Rimavirus,unclassified Rimavirus,,dsDNA
Sanovirus,2560222,,,,,0.1,,0.1,,,,,,,,,40324.0,Stenotrophomonas maltophilia,Duplodnaviria,Heunggongvirae,Uroviricota,Caudoviricetes,Caudoviricetes incertae sedis,Casjensviridae,Sanovirus,unclassified Sanovirus,dsDNA
Sanovirus,2560222,,,,,0.1,,0.1,,,,,,,,,338.0,Xanthomonas,Duplodnaviria,Heunggongvirae,Uroviricota,Caudoviricetes,Caudoviricetes incertae sedis,Casjensviridae,Sanovirus,Sanovirus sano,dsDNA
Sanovirus,2560222,,,,,0.1,,0.1,,,,,,,,,2371.0,Xylella fastidiosa,Duplodnaviria,Heunggongvirae,Uroviricota,Caudoviricetes,Caudoviricetes incertae sedis,Casjensviridae,Sanovirus,Sanovirus sano,dsDNA
Phapecoctavirus,2733124,,,,,0.2,,0.17,0.21,,,0.26,,0.14,,,472.0,Acinetobacter sp.,Duplodnaviria,Heunggongvirae,Uroviricota,Caudoviricetes,Caudoviricetes incertae sedis,Phapecoctavirus,unclassified Phapecoctavirus,,dsDNA
Phapecoctavirus,2733124,,,,,0.2,,0.17,0.21,,,0.26,,0.14,,,197.0,Campylobacter jejuni,Duplodnaviria,Heunggongvirae,Uroviricota,Caudoviricetes,Caudoviricetes incertae sedis,Phapecoctavirus,unclassified Phapecoctavirus,,dsDNA
Phapecoctavirus,2733124,,,,,0.2,,0.17,0.21,,,0.26,,0.14,,,543.0,Enterobacteriaceae,Duplodnaviria,Heunggongvirae,Uroviricota,Caudoviricetes,Caudoviricetes incertae sedis,Phapecoctavirus,Phapecoctavirus TSP7,,dsDNA
Phapecoctavirus,2733124,,,,,0.2,,0.17,0.21,,,0.26,,0.14,,,511145.0,Escherichia coli str. K-12 substr. MG1655,Duplodnaviria,Heunggongvirae,Uroviricota,Caudoviricetes,Caudoviricetes incertae sedis,Phapecoctavirus,Phapecoctavirus anhysbys,,dsDNA
Phapecoctavirus,2733124,,,,,0.2,,0.17,0.21,,,0.26,,0.14,,,562.0,Escherichia coli,Duplodnaviria,Heunggongvirae,Uroviricota,Caudoviricetes,Caudoviricetes incertae sedis,Phapecoctavirus,unclassified Phapecoctavirus,,dsDNA
Phapecoctavirus,2733124,,,,,0.2,,0.17,0.21,,,0.26,,0.14,,,561.0,Escherichia,Duplodnaviria,Heunggongvirae,Uroviricota,Caudoviricetes,Caudoviricetes incertae sedis,Phapecoctavirus,unclassified Phapecoctavirus,,dsDNA
Phapecoctavirus,2733124,,,,,0.2,,0.17,0.21,,,0.26,,0.14,,,623.0,Shigella flexneri,Duplodnaviria,Heunggongvirae,Uroviricota,Caudoviricetes,Caudoviricetes incertae sedis,Phapecoctavirus,unclassified Phapecoctavirus,,dsDNA
Phapecoctavirus,2733124,,,,,0.2,,0.17,0.21,,,0.26,,0.14,,,562.0,Escherichia coli,Duplodnaviria,Heunggongvirae,Uroviricota,Caudoviricetes,Caudoviricetes incertae sedis,Phapecoctavirus,Phapecoctavirus ESCO13,,dsDNA
Phapecoctavirus,2733124,,,,,0.2,,0.17,0.21,,,0.26,,0.14,,,562.0,Escherichia coli,Duplodnaviria,Heunggongvirae,Uroviricota,Caudoviricetes,Caudoviricetes incertae sedis,Phapecoctavirus,Phapecoctavirus ESCO5,Escherichia virus ESCO5,dsDNA
Phapecoctavirus,2733124,,,,,0.2,,0.17,0.21,,,0.26,,0.14,,,1884818.0,Escherichia sp.,Duplodnaviria,Heunggongvirae,Uroviricota,Caudoviricetes,Caudoviricetes incertae sedis,Phapecoctavirus,unclassified Phapecoctavirus,,dsDNA
Phapecoctavirus,2733124,,,,,0.2,,0.17,0.21,,,0.26,,0.14,,,562.0,Escherichia coli,Duplodnaviria,Heunggongvirae,Uroviricota,Caudoviricetes,Caudoviricetes incertae sedis,Phapecoctavirus,Phapecoctavirus Mt1B1P17,,dsDNA
Phapecoctavirus,2733124,,,,,0.2,,0.17,0.21,,,0.26,,0.14,,,511145.0,Escherichia coli str. K-12 substr. MG1655,Duplodnaviria,Heunggongvirae,Uroviricota,Caudoviricetes,Caudoviricetes incertae sedis,Phapecoctavirus,Phapecoctavirus nepoznato,,dsDNA
Phapecoctavirus,2733124,,,,,0.2,,0.17,0.21,,,0.26,,0.14,,,511145.0,Escherichia coli str. K-12 substr. MG1655,Duplodnaviria,Heunggongvirae,Uroviricota,Caudoviricetes,Caudoviricetes incertae sedis,Phapecoctavirus,Phapecoctavirus nieznany,,dsDNA
Phapecoctavirus,2733124,,,,,0.2,,0.17,0.21,,,0.26,,0.14,,,562.0,Escherichia coli,Duplodnaviria,Heunggongvirae,Uroviricota,Caudoviricetes,Caudoviricetes incertae sedis,Phapecoctavirus,Phapecoctavirus phAPEC8,Escherichia virus phAPEC8,dsDNA
Phapecoctavirus,2733124,,,,,0.2,,0.17,0.21,,,0.26,,0.14,,,511145.0,Escherichia coli str. K-12 substr. MG1655,Duplodnaviria,Heunggongvirae,Uroviricota,Caudoviricetes,Caudoviricetes incertae sedis,Phapecoctavirus,Phapecoctavirus tuntematon,,dsDNA
Phapecoctavirus,2733124,,,,,0.2,,0.17,0.21,,,0.26,,0.14,,,511145.0,Escherichia coli str. K-12 substr. MG1655,Duplodnaviria,Heunggongvirae,Uroviricota,Caudoviricetes,Caudoviricetes incertae sedis,Phapecoctavirus,Phapecoctavirus ukendt,,dsDNA
Phapecoctavirus,2733124,,,,,0.2,,0.17,0.21,,,0.26,,0.14,,,562.0,Escherichia coli,Duplodnaviria,Heunggongvirae,Uroviricota,Caudoviricetes,Caudoviricetes incertae sedis,Phapecoctavirus,Phapecoctavirus Ro121c4YLVW,,dsDNA
Phapecoctavirus,2733124,,,,,0.2,,0.17,0.21,,,0.26,,0.14,,,1884818.0,Escherichia sp.,Duplodnaviria,Heunggongvirae,Uroviricota,Caudoviricetes,Caudoviricetes incertae sedis,Phapecoctavirus,Phapecoctavirus ESCO13,,dsDNA
Phapecoctavirus,2733124,,,,,0.2,,0.17,0.21,,,0.26,,0.14,,,2056315.0,Escherichia coli O177,Duplodnaviria,Heunggongvirae,Uroviricota,Caudoviricetes,Caudoviricetes incertae sedis,Phapecoctavirus,unclassified Phapecoctavirus,,dsDNA
Phapecoctavirus,2733124,,,,,0.2,,0.17,0.21,,,0.26,,0.14,,,2067429.0,Escherichia coli O2,Duplodnaviria,Heunggongvirae,Uroviricota,Caudoviricetes,Caudoviricetes incertae sedis,Phapecoctavirus,unclassified Phapecoctavirus,,dsDNA
Phapecoctavirus,2733124,,,,,0.2,,0.17,0.21,,,0.26,,0.14,,,83334.0,Escherichia coli O157:H7,Duplodnaviria,Heunggongvirae,Uroviricota,Caudoviricetes,Caudoviricetes incertae sedis,Phapecoctavirus,unclassified Phapecoctavirus,,dsDNA
Phapecoctavirus,2733124,,,,,0.2,,0.17,0.21,,,0.26,,0.14,,,562.0,Escherichia coli,Duplodnaviria,Heunggongvirae,Uroviricota,Caudoviricetes,Caudoviricetes incertae sedis,Phapecoctavirus,Phapecoctavirus schickermooser,Escherichia virus Schickermooser,dsDNA
Phapecoctavirus,2733124,,,,,0.2,,0.17,0.21,,,0.26,,0.14,,,573.0,Klebsiella pneumoniae,Duplodnaviria,Heunggongvirae,Uroviricota,Caudoviricetes,Caudoviricetes incertae sedis,Phapecoctavirus,Phapecoctavirus ZCKP1,Klebsiella virus ZCKP1,dsDNA
Feofaniavirus,2733174,,,,,0.09,,,,,,,,,,,551.0,Erwinia,Duplodnaviria,Heunggongvirae,Uroviricota,Caudoviricetes,Caudoviricetes incertae sedis,Feofaniavirus,Feofaniavirus Eho49,,dsDNA
Feofaniavirus,2733174,,,,,0.09,,,,,,,,,,,2290876.0,Erwinia horticola,Duplodnaviria,Heunggongvirae,Uroviricota,Caudoviricetes,Caudoviricetes incertae sedis,Feofaniavirus,Feofaniavirus Eho49,,dsDNA
Feofaniavirus,2733174,,,,,0.09,,,,,,,,,,,551.0,Erwinia,Duplodnaviria,Heunggongvirae,Uroviricota,Caudoviricetes,Caudoviricetes incertae sedis,Feofaniavirus,Feofaniavirus Eho59,,dsDNA
Feofaniavirus,2733174,,,,,0.09,,,,,,,,,,,2290876.0,Erwinia horticola,Duplodnaviria,Heunggongvirae,Uroviricota,Caudoviricetes,Caudoviricetes incertae sedis,Feofaniavirus,Feofaniavirus Eho59,,dsDNA
Blattambidensovirus,2733224,0.25,,,,,0.48,0.14,,,,,,,,,9433.0,Miniopterus schreibersii,Monodnaviria,Shotokuvirae,Cossaviricota,Quintoviricetes,Piccovirales,Parvoviridae,Densovirinae,Blattambidensovirus,
Blattambidensovirus,2733224,0.25,,,,,0.48,0.14,,,,,,,,,6973.0,Blattella germanica,Monodnaviria,Shotokuvirae,Cossaviricota,Quintoviricetes,Piccovirales,Parvoviridae,Densovirinae,Blattambidensovirus,
Blattambidensovirus,2733224,0.25,,,,,0.48,0.14,,,,,,,,,9157.0,Parus major,Monodnaviria,Shotokuvirae,Cossaviricota,Quintoviricetes,Piccovirales,Parvoviridae,Densovirinae,Blattambidensovirus,
Pefuambidensovirus,2733227,,,,,,,0.14,,,,,,,,,301905.0,Ortmanniana pectorosa,Monodnaviria,Shotokuvirae,Cossaviricota,Quintoviricetes,Piccovirales,Parvoviridae,Densovirinae,Pefuambidensovirus,
Pefuambidensovirus,2733227,,,,,,,0.14,,,,,,,,,36977.0,Validiblatta fuliginosa,Monodnaviria,Shotokuvirae,Cossaviricota,Quintoviricetes,Piccovirales,Parvoviridae,Densovirinae,Pefuambidensovirus,
Protoambidensovirus,2733228,,,,,,,0.24,0.18,,,,,,1.45,,1.0,root,Monodnaviria,Shotokuvirae,Cossaviricota,Quintoviricetes,Piccovirales,Parvoviridae,Densovirinae,Protoambidensovirus,
Protoambidensovirus,2733228,,,,,,,0.24,0.18,,,,,,1.45,,38569.0,Culex pipiens pipiens,Monodnaviria,Shotokuvirae,Cossaviricota,Quintoviricetes,Piccovirales,Parvoviridae,Densovirinae,Protoambidensovirus,
Protoambidensovirus,2733228,,,,,,,0.24,0.18,,,,,,1.45,,75857.0,Anas rubripes,Monodnaviria,Shotokuvirae,Cossaviricota,Quintoviricetes,Piccovirales,Parvoviridae,Densovirinae,Protoambidensovirus,
Protoambidensovirus,2733228,,,,,,,0.24,0.18,,,,,,1.45,,7137.0,Galleria mellonella,Monodnaviria,Shotokuvirae,Cossaviricota,Quintoviricetes,Piccovirales,Parvoviridae,Densovirinae,Protoambidensovirus,
Protoambidensovirus,2733228,,,,,,,0.24,0.18,,,,,,1.45,,7088.0,Lepidoptera,Monodnaviria,Shotokuvirae,Cossaviricota,Quintoviricetes,Piccovirales,Parvoviridae,Densovirinae,Protoambidensovirus,
Protoambidensovirus,2733228,,,,,,,0.24,0.18,,,,,,1.45,,7109.0,Spodoptera littoralis,Monodnaviria,Shotokuvirae,Cossaviricota,Quintoviricetes,Piccovirales,Parvoviridae,Densovirinae,Protoambidensovirus,
Protoambidensovirus,2733228,,,,,,,0.24,0.18,,,,,,1.45,,13191.0,Pectinophora gossypiella,Monodnaviria,Shotokuvirae,Cossaviricota,Quintoviricetes,Piccovirales,Parvoviridae,Densovirinae,Protoambidensovirus,
Protoambidensovirus,2733228,,,,,,,0.24,0.18,,,,,,1.45,,29057.0,Ostrinia nubilalis,Monodnaviria,Shotokuvirae,Cossaviricota,Quintoviricetes,Piccovirales,Parvoviridae,Densovirinae,Protoambidensovirus,
Protoambidensovirus,2733228,,,,,,,0.24,0.18,,,,,,1.45,,236803.0,Sesamia cretica,Monodnaviria,Shotokuvirae,Cossaviricota,Quintoviricetes,Piccovirales,Parvoviridae,Densovirinae,Protoambidensovirus,
Protoambidensovirus,2733228,,,,,,,0.24,0.18,,,,,,1.45,,667449.0,Mythimna loreyi,Monodnaviria,Shotokuvirae,Cossaviricota,Quintoviricetes,Piccovirales,Parvoviridae,Densovirinae,Protoambidensovirus,
Protoambidensovirus,2733228,,,,,,,0.24,0.18,,,,,,1.45,,689277.0,Chrysodeixis includens,Monodnaviria,Shotokuvirae,Cossaviricota,Quintoviricetes,Piccovirales,Parvoviridae,Densovirinae,Protoambidensovirus,
Fadolivirus,2763561,,,,,0.08,,,,,,,,,,,5778.0,Vermamoeba vermiformis,Varidnaviria,Bamfordvirae,Nucleocytoviricota,Megaviricetes,Imitervirales,Mimiviridae,Klosneuvirinae,Fadolivirus,
Adahmuvirus,2842361,0.66,,,,,,,0.2,,,,0.23,,,,1.0,root,Riboviria,Orthornavirae,Lenarviricota,Leviviricetes,Timlovirales,Steitzviridae,Adahmuvirus,Adahmuvirus asiocola,+ssRNA
Alehxovirus,2842364,,,,,,,0.12,,,,,,,,,1.0,root,Riboviria,Orthornavirae,Lenarviricota,Leviviricetes,Timlovirales,Steitzviridae,Alehxovirus,Alehxovirus humivicinum,+ssRNA
Akonivirus,2842540,0.32,,,,0.35,,0.14,,,,0.16,,0.1,,,104336.0,Microbacterium foliorum,Duplodnaviria,Heunggongvirae,Uroviricota,Caudoviricetes,Caudoviricetes incertae sedis,Akonivirus,Akonivirus akoni,,dsDNA
Akonivirus,2842540,0.32,,,,0.35,,0.14,,,,0.16,,0.1,,,104336.0,Microbacterium foliorum,Duplodnaviria,Heunggongvirae,Uroviricota,Caudoviricetes,Caudoviricetes incertae sedis,Akonivirus,unclassified Akonivirus,,dsDNA
Akonivirus,2842540,0.32,,,,0.35,,0.14,,,,0.16,,0.1,,,104336.0,Microbacterium foliorum,Duplodnaviria,Heunggongvirae,Uroviricota,Caudoviricetes,Caudoviricetes incertae sedis,Akonivirus,Akonivirus phedro,,dsDNA
Dongdastvirus,2842653,,,,,0.13,,,,,,,,,,,,,,,,,,,,,
Gihfavirus,2842702,,,,,,0.58,,0.6,1.82,,0.12,,,,,1.0,root,Riboviria,Orthornavirae,Lenarviricota,Leviviricetes,Timlovirales,Steitzviridae,Gihfavirus,Gihfavirus chorovivens,+ssRNA
Henunavirus,2842727,,,,,0.08,,,,,,,,,,,552.0,Erwinia amylovora,Duplodnaviria,Heunggongvirae,Uroviricota,Caudoviricetes,Caudoviricetes incertae sedis,Henunavirus,Henunavirus hena1,,dsDNA
Henunavirus,2842727,,,,,0.08,,,,,,,,,,,552.0,Erwinia amylovora,Duplodnaviria,Heunggongvirae,Uroviricota,Caudoviricetes,Caudoviricetes incertae sedis,Henunavirus,unclassified Henunavirus,,dsDNA
Henunavirus,2842727,,,,,0.08,,,,,,,,,,,79967.0,Erwinia pyrifoliae,Duplodnaviria,Heunggongvirae,Uroviricota,Caudoviricetes,Caudoviricetes incertae sedis,Henunavirus,Henunavirus SNUABM01,,dsDNA
Henuseptimavirus,2842728,0.32,,,,0.31,,0.35,,,0.59,0.64,,0.17,,0.73,550.0,Enterobacter cloacae,Duplodnaviria,Heunggongvirae,Uroviricota,Caudoviricetes,Caudoviricetes incertae sedis,Drexlerviridae,Tempevirinae,Henuseptimavirus,dsDNA
Icepovirus,2842751,,,,,0.08,,,,,,,,,,,666.0,Vibrio cholerae,Duplodnaviria,Heunggongvirae,Uroviricota,Caudoviricetes,Caudoviricetes incertae sedis,Zobellviridae,Icepovirus,Icepovirus bengalense,dsDNA
Icepovirus,2842751,,,,,0.08,,,,,,,,,,,686.0,Vibrio cholerae O1 biovar El Tor,Duplodnaviria,Heunggongvirae,Uroviricota,Caudoviricetes,Caudoviricetes incertae sedis,Zobellviridae,Icepovirus,Icepovirus bengalense,dsDNA
Icepovirus,2842751,,,,,0.08,,,,,,,,,,,127906.0,Vibrio cholerae O1,Duplodnaviria,Heunggongvirae,Uroviricota,Caudoviricetes,Caudoviricetes incertae sedis,Zobellviridae,Icepovirus,unclassified Icepovirus,dsDNA
Icepovirus,2842751,,,,,0.08,,,,,,,,,,,662.0,Vibrio,Duplodnaviria,Heunggongvirae,Uroviricota,Caudoviricetes,Caudoviricetes incertae sedis,Zobellviridae,Icepovirus,unclassified Icepovirus,dsDNA
Icumivirus,2842754,,,,,,,0.15,,,0.19,,,0.31,0.42,,1.0,root,Riboviria,Orthornavirae,Lenarviricota,Leviviricetes,Norzivirales,Fiersviridae,Icumivirus,Icumivirus limivivens,+ssRNA
Inbricusvirus,2842758,,,,,0.31,,0.14,,,,0.15,0.23,0.17,,,663959.0,Pseudomonas syringae pv. avii,Duplodnaviria,Heunggongvirae,Uroviricota,Caudoviricetes,Caudoviricetes incertae sedis,Schitoviridae,Rothmandenesvirinae,Inbricusvirus,dsDNA
Ishugivirus,2842767,,,,,,,0.18,0.58,0.91,0.17,0.11,,0.11,,,1.0,root,Riboviria,Orthornavirae,Lenarviricota,Leviviricetes,Norzivirales,Fiersviridae,Ishugivirus,Ishugivirus pelohabitans,+ssRNA
Kaypoctavirus,2842786,,,,,0.62,0.23,0.36,,,0.29,0.26,,0.57,,,573.0,Klebsiella pneumoniae,Duplodnaviria,Heunggongvirae,Uroviricota,Caudoviricetes,Caudoviricetes incertae sedis,Schitoviridae,Enquatrovirinae,Kaypoctavirus,dsDNA
Kemicevirus,2842792,0.3,1.08,1.26,,,0.89,1.42,0.84,0.77,1.01,1.05,1.44,0.72,0.5,1.68,1.0,root,Riboviria,Orthornavirae,Lenarviricota,Leviviricetes,Norzivirales,Fiersviridae,Kemicevirus,Kemicevirus caenicola,+ssRNA
Kenoshavirus,2842796,,,,,0.16,,,,,,,,0.19,,,36822.0,Gordonia rubripertincta,Duplodnaviria,Heunggongvirae,Uroviricota,Caudoviricetes,Caudoviricetes incertae sedis,Kenoshavirus,unclassified Kenoshavirus,,dsDNA
Kenoshavirus,2842796,,,,,0.16,,,,,,,,0.19,,,2055.0,Gordonia terrae,Duplodnaviria,Heunggongvirae,Uroviricota,Caudoviricetes,Caudoviricetes incertae sedis,Kenoshavirus,Kenoshavirus chikenjars,,dsDNA
Kenoshavirus,2842796,,,,,0.16,,,,,,,,0.19,,,36822.0,Gordonia rubripertincta,Duplodnaviria,Heunggongvirae,Uroviricota,Caudoviricetes,Caudoviricetes incertae sedis,Kenoshavirus,Kenoshavirus chikenjars,,dsDNA
Kenoshavirus,2842796,,,,,0.16,,,,,,,,0.19,,,36822.0,Gordonia rubripertincta,Duplodnaviria,Heunggongvirae,Uroviricota,Caudoviricetes,Caudoviricetes incertae sedis,Kenoshavirus,Kenoshavirus crocheter,,dsDNA
Kenoshavirus,2842796,,,,,0.16,,,,,,,,0.19,,,2055.0,Gordonia terrae,Duplodnaviria,Heunggongvirae,Uroviricota,Caudoviricetes,Caudoviricetes incertae sedis,Kenoshavirus,Kenoshavirus duffington,,dsDNA
Kenoshavirus,2842796,,,,,0.16,,,,,,,,0.19,,,36822.0,Gordonia rubripertincta,Duplodnaviria,Heunggongvirae,Uroviricota,Caudoviricetes,Caudoviricetes incertae sedis,Kenoshavirus,Kenoshavirus kenosha,,dsDNA
Kenoshavirus,2842796,,,,,0.16,,,,,,,,0.19,,,36822.0,Gordonia rubripertincta,Duplodnaviria,Heunggongvirae,Uroviricota,Caudoviricetes,Caudoviricetes incertae sedis,Kenoshavirus,Kenoshavirus untouchable,,dsDNA
Kenoshavirus,2842796,,,,,0.16,,,,,,,,0.19,,,36822.0,Gordonia rubripertincta,Duplodnaviria,Heunggongvirae,Uroviricota,Caudoviricetes,Caudoviricetes incertae sedis,Kenoshavirus,Kenoshavirus ohmyward,,dsDNA
Kenoshavirus,2842796,,,,,0.16,,,,,,,,0.19,,,2055.0,Gordonia terrae,Duplodnaviria,Heunggongvirae,Uroviricota,Caudoviricetes,Caudoviricetes incertae sedis,Kenoshavirus,Kenoshavirus rickmore,,dsDNA
Kenoshavirus,2842796,,,,,0.16,,,,,,,,0.19,,,2055.0,Gordonia terrae,Duplodnaviria,Heunggongvirae,Uroviricota,Caudoviricetes,Caudoviricetes incertae sedis,Kenoshavirus,unclassified Kenoshavirus,,dsDNA
Kinglevirus,2842802,,,1.01,,,2.03,0.84,1.64,8.78,0.68,0.97,2.37,0.6,1.45,2.4,1.0,root,Riboviria,Orthornavirae,Lenarviricota,Leviviricetes,Timlovirales,Steitzviridae,Kinglevirus,Kinglevirus lutadaptatum,+ssRNA
Kohmavirus,2842807,,,,,,,0.54,,,,,,,,,1.0,root,Riboviria,Orthornavirae,Lenarviricota,Leviviricetes,Norzivirales,Duinviridae,Kohmavirus,Kohmavirus luticola,+ssRNA
Kowinovirus,2842810,,,,,,,,,0.58,,,,,,,1.0,root,Riboviria,Orthornavirae,Lenarviricota,Leviviricetes,Norzivirales,Fiersviridae,Kowinovirus,Kowinovirus pelenecus,+ssRNA
Limaivirus,2842826,,,,,,,,,,,0.23,,,,,1.0,root,Riboviria,Orthornavirae,Lenarviricota,Leviviricetes,Timlovirales,Steitzviridae,Limaivirus,Limaivirus borborocola,+ssRNA
Mydovirus,2842888,0.82,0.36,0.44,,0.29,,0.36,0.83,1.78,0.26,0.32,0.43,0.28,0.89,,562.0,Escherichia coli,Duplodnaviria,Heunggongvirae,Uroviricota,Caudoviricetes,Caudoviricetes incertae sedis,Mydovirus,unclassified Mydovirus,,dsDNA
Mydovirus,2842888,0.82,0.36,0.44,,0.29,,0.36,0.83,1.78,0.26,0.32,0.43,0.28,0.89,,573.0,Klebsiella pneumoniae,Duplodnaviria,Heunggongvirae,Uroviricota,Caudoviricetes,Caudoviricetes incertae sedis,Mydovirus,unclassified Mydovirus,,dsDNA
Mydovirus,2842888,0.82,0.36,0.44,,0.29,,0.36,0.83,1.78,0.26,0.32,0.43,0.28,0.89,,576.0,Klebsiella sp.,Duplodnaviria,Heunggongvirae,Uroviricota,Caudoviricetes,Caudoviricetes incertae sedis,Mydovirus,Mydovirus KNP2,,dsDNA
Mydovirus,2842888,0.82,0.36,0.44,,0.29,,0.36,0.83,1.78,0.26,0.32,0.43,0.28,0.89,,573.0,Klebsiella pneumoniae,Duplodnaviria,Heunggongvirae,Uroviricota,Caudoviricetes,Caudoviricetes incertae sedis,Mydovirus,Mydovirus KpS8,,dsDNA
Mydovirus,2842888,0.82,0.36,0.44,,0.29,,0.36,0.83,1.78,0.26,0.32,0.43,0.28,0.89,,570.0,Klebsiella,Duplodnaviria,Heunggongvirae,Uroviricota,Caudoviricetes,Caudoviricetes incertae sedis,Mydovirus,unclassified Mydovirus,,dsDNA
Mydovirus,2842888,0.82,0.36,0.44,,0.29,,0.36,0.83,1.78,0.26,0.32,0.43,0.28,0.89,,573.0,Klebsiella pneumoniae,Duplodnaviria,Heunggongvirae,Uroviricota,Caudoviricetes,Caudoviricetes incertae sedis,Mydovirus,Mydovirus BIS47,,dsDNA
Mydovirus,2842888,0.82,0.36,0.44,,0.29,,0.36,0.83,1.78,0.26,0.32,0.43,0.28,0.89,,573.0,Klebsiella pneumoniae,Duplodnaviria,Heunggongvirae,Uroviricota,Caudoviricetes,Caudoviricetes incertae sedis,Mydovirus,Mydovirus KB57,,dsDNA
Mydovirus,2842888,0.82,0.36,0.44,,0.29,,0.36,0.83,1.78,0.26,0.32,0.43,0.28,0.89,,584.0,Proteus mirabilis,Duplodnaviria,Heunggongvirae,Uroviricota,Caudoviricetes,Caudoviricetes incertae sedis,Mydovirus,Mydovirus mydo,,dsDNA
Mydovirus,2842888,0.82,0.36,0.44,,0.29,,0.36,0.83,1.78,0.26,0.32,0.43,0.28,0.89,,54291.0,Raoultella ornithinolytica,Duplodnaviria,Heunggongvirae,Uroviricota,Caudoviricetes,Caudoviricetes incertae sedis,Mydovirus,Mydovirus Ro1,,dsDNA
Pokkenvirus,2842972,,,,,0.11,,,,,,,,,,,40324.0,Stenotrophomonas maltophilia,Duplodnaviria,Heunggongvirae,Uroviricota,Caudoviricetes,Caudoviricetes incertae sedis,Schitoviridae,Pokkenvirus,Pokkenvirus paxi,dsDNA
Pokkenvirus,2842972,,,,,0.11,,,,,,,,,,,456327.0,Xanthomonas euvesicatoria,Duplodnaviria,Heunggongvirae,Uroviricota,Caudoviricetes,Caudoviricetes incertae sedis,Schitoviridae,Pokkenvirus,unclassified Pokkenvirus,dsDNA
Pourcelvirus,2842976,,,,,0.12,,,,,,,,,,,,,,,,,,,,,
Pylasvirus,2842993,,,,,0.28,,0.13,,,,,,0.1,,,573.0,Klebsiella pneumoniae,Duplodnaviria,Heunggongvirae,Uroviricota,Caudoviricetes,Caudoviricetes incertae sedis,Schitoviridae,Humphriesvirinae,Pylasvirus,dsDNA
Tanisvirus,2843069,,,,,0.11,,,,,,,,0.33,,,36822.0,Gordonia rubripertincta,Duplodnaviria,Heunggongvirae,Uroviricota,Caudoviricetes,Caudoviricetes incertae sedis,Tanisvirus,unclassified Tanisvirus,,dsDNA
Tanisvirus,2843069,,,,,0.11,,,,,,,,0.33,,,36822.0,Gordonia rubripertincta,Duplodnaviria,Heunggongvirae,Uroviricota,Caudoviricetes,Caudoviricetes incertae sedis,Tanisvirus,Tanisvirus avazak,,dsDNA
Tanisvirus,2843069,,,,,0.11,,,,,,,,0.33,,,2055.0,Gordonia terrae,Duplodnaviria,Heunggongvirae,Uroviricota,Caudoviricetes,Caudoviricetes incertae sedis,Tanisvirus,Tanisvirus tanis,,dsDNA
Tinytimothyvirus,2843096,0.49,,,,0.12,,,,,,,0.27,,,,104336.0,Microbacterium foliorum,Duplodnaviria,Heunggongvirae,Uroviricota,Caudoviricetes,Caudoviricetes incertae sedis,Tinytimothyvirus,Tinytimothyvirus alex44,,dsDNA
Tinytimothyvirus,2843096,0.49,,,,0.12,,,,,,,0.27,,,,104336.0,Microbacterium foliorum,Duplodnaviria,Heunggongvirae,Uroviricota,Caudoviricetes,Caudoviricetes incertae sedis,Tinytimothyvirus,unclassified Tinytimothyvirus,,dsDNA
Tinytimothyvirus,2843096,0.49,,,,0.12,,,,,,,0.27,,,,104336.0,Microbacterium foliorum,Duplodnaviria,Heunggongvirae,Uroviricota,Caudoviricetes,Caudoviricetes incertae sedis,Tinytimothyvirus,Tinytimothyvirus tinytimothy,,dsDNA
Yonginvirus,2843155,,,,,0.18,,,,,,,,0.15,,,79967.0,Erwinia pyrifoliae,Duplodnaviria,Heunggongvirae,Uroviricota,Caudoviricetes,Caudoviricetes incertae sedis,Schitoviridae,Erskinevirinae,Yonginvirus,dsDNA
Zurivirus,2843162,,,,,0.12,,,,,,,,,,,303.0,Pseudomonas putida,Duplodnaviria,Heunggongvirae,Uroviricota,Caudoviricetes,Caudoviricetes incertae sedis,Schitoviridae,Zurivirus,Zurivirus zuri,dsDNA
Astrithrvirus,2843350,,,,,0.21,,0.15,0.46,,,,,0.22,,,469.0,Acinetobacter,Duplodnaviria,Heunggongvirae,Uroviricota,Caudoviricetes,Caudoviricetes incertae sedis,Astrithrvirus,unclassified Astrithrvirus,,dsDNA
Astrithrvirus,2843350,,,,,0.21,,0.15,0.46,,,,,0.22,,,1913084.0,Pectobacterium sp.,Duplodnaviria,Heunggongvirae,Uroviricota,Caudoviricetes,Caudoviricetes incertae sedis,Astrithrvirus,unclassified Astrithrvirus,,dsDNA
Astrithrvirus,2843350,,,,,0.21,,0.15,0.46,,,,,0.22,,,149539.0,Salmonella enterica subsp. enterica serovar Enteritidis,Duplodnaviria,Heunggongvirae,Uroviricota,Caudoviricetes,Caudoviricetes incertae sedis,Astrithrvirus,Astrithrvirus astrithr,,dsDNA
Burrovirus,2843362,0.94,0.77,0.83,,1.72,0.62,0.77,0.67,1.15,0.71,0.68,1.6,0.87,2.13,1.28,104336.0,Microbacterium foliorum,Duplodnaviria,Heunggongvirae,Uroviricota,Caudoviricetes,Caudoviricetes incertae sedis,Burrovirus,Burrovirus araxxi,,dsDNA
Burrovirus,2843362,0.94,0.77,0.83,,1.72,0.62,0.77,0.67,1.15,0.71,0.68,1.6,0.87,2.13,1.28,104336.0,Microbacterium foliorum,Duplodnaviria,Heunggongvirae,Uroviricota,Caudoviricetes,Caudoviricetes incertae sedis,Burrovirus,Burrovirus arete,,dsDNA
Burrovirus,2843362,0.94,0.77,0.83,,1.72,0.62,0.77,0.67,1.15,0.71,0.68,1.6,0.87,2.13,1.28,199592.0,Microbacterium paraoxydans,Duplodnaviria,Heunggongvirae,Uroviricota,Caudoviricetes,Caudoviricetes incertae sedis,Burrovirus,Burrovirus burro,,dsDNA
Burrovirus,2843362,0.94,0.77,0.83,,1.72,0.62,0.77,0.67,1.15,0.71,0.68,1.6,0.87,2.13,1.28,104336.0,Microbacterium foliorum,Duplodnaviria,Heunggongvirae,Uroviricota,Caudoviricetes,Caudoviricetes incertae sedis,Burrovirus,unclassified Burrovirus,,dsDNA
Labanvirus,2843408,,,,,0.08,,,,,,,,,,,2654243.0,Flavobacterium sp. LMO6,Duplodnaviria,Heunggongvirae,Uroviricota,Caudoviricetes,Caudoviricetes incertae sedis,Duneviridae,Labanvirus,Labanvirus laban,dsDNA
Lillamyvirus,2843418,,,,5.26,,,,,,,,,,,,2654243.0,Flavobacterium sp. LMO6,Duplodnaviria,Heunggongvirae,Uroviricota,Caudoviricetes,Caudoviricetes incertae sedis,Lillamyvirus,Lillamyvirus hemulen,,dsDNA
Lillamyvirus,2843418,,,,5.26,,,,,,,,,,,,2654245.0,Flavobacterium sp. LMO9,Duplodnaviria,Heunggongvirae,Uroviricota,Caudoviricetes,Caudoviricetes incertae sedis,Lillamyvirus,unclassified Lillamyvirus,,dsDNA
Lillamyvirus,2843418,,,,5.26,,,,,,,,,,,,2654245.0,Flavobacterium sp. LMO9,Duplodnaviria,Heunggongvirae,Uroviricota,Caudoviricetes,Caudoviricetes incertae sedis,Lillamyvirus,Lillamyvirus lillamy,,dsDNA
Lillamyvirus,2843418,,,,5.26,,,,,,,,,,,,2654245.0,Flavobacterium sp. LMO9,Duplodnaviria,Heunggongvirae,Uroviricota,Caudoviricetes,Caudoviricetes incertae sedis,Lillamyvirus,Lillamyvirus morran,,dsDNA
Lillamyvirus,2843418,,,,5.26,,,,,,,,,,,,2654245.0,Flavobacterium sp. LMO9,Duplodnaviria,Heunggongvirae,Uroviricota,Caudoviricetes,Caudoviricetes incertae sedis,Lillamyvirus,Lillamyvirus sniff,,dsDNA
Lillamyvirus,2843418,,,,5.26,,,,,,,,,,,,2654243.0,Flavobacterium sp. LMO6,Duplodnaviria,Heunggongvirae,Uroviricota,Caudoviricetes,Caudoviricetes incertae sedis,Lillamyvirus,Lillamyvirus snork,,dsDNA
Lillamyvirus,2843418,,,,5.26,,,,,,,,,,,,2654243.0,Flavobacterium sp. LMO6,Duplodnaviria,Heunggongvirae,Uroviricota,Caudoviricetes,Caudoviricetes incertae sedis,Lillamyvirus,Lillamyvirus sniff,,dsDNA
Lillamyvirus,2843418,,,,5.26,,,,,,,,,,,,2654245.0,Flavobacterium sp. LMO9,Duplodnaviria,Heunggongvirae,Uroviricota,Caudoviricetes,Caudoviricetes incertae sedis,Lillamyvirus,Lillamyvirus stinky,,dsDNA
Muminvirus,2843426,,,,8.42,,,0.38,,,,,,,,,2654245.0,Flavobacterium sp. LMO9,Duplodnaviria,Heunggongvirae,Uroviricota,Caudoviricetes,Caudoviricetes incertae sedis,Muminvirus,Muminvirus filifjonk,,dsDNA
Muminvirus,2843426,,,,8.42,,,0.38,,,,,,,,,2654243.0,Flavobacterium sp. LMO6,Duplodnaviria,Heunggongvirae,Uroviricota,Caudoviricetes,Caudoviricetes incertae sedis,Muminvirus,Muminvirus mumin,,dsDNA
Muminvirus,2843426,,,,8.42,,,0.38,,,,,,,,,2654245.0,Flavobacterium sp. LMO9,Duplodnaviria,Heunggongvirae,Uroviricota,Caudoviricetes,Caudoviricetes incertae sedis,Muminvirus,Muminvirus mumin,,dsDNA
Muminvirus,2843426,,,,8.42,,,0.38,,,,,,,,,2654243.0,Flavobacterium sp. LMO6,Duplodnaviria,Heunggongvirae,Uroviricota,Caudoviricetes,Caudoviricetes incertae sedis,Muminvirus,Muminvirus mymlan,,dsDNA
Muminvirus,2843426,,,,8.42,,,0.38,,,,,,,,,2654243.0,Flavobacterium sp. LMO6,Duplodnaviria,Heunggongvirae,Uroviricota,Caudoviricetes,Caudoviricetes incertae sedis,Muminvirus,Muminvirus snusmum,,dsDNA
Muminvirus,2843426,,,,8.42,,,0.38,,,,,,,,,2654245.0,Flavobacterium sp. LMO9,Duplodnaviria,Heunggongvirae,Uroviricota,Caudoviricetes,Caudoviricetes incertae sedis,Muminvirus,unclassified Muminvirus,,dsDNA
Muminvirus,2843426,,,,8.42,,,0.38,,,,,,,,,2654243.0,Flavobacterium sp. LMO6,Duplodnaviria,Heunggongvirae,Uroviricota,Caudoviricetes,Caudoviricetes incertae sedis,Muminvirus,Muminvirus tooticki,,dsDNA
Muminvirus,2843426,,,,8.42,,,0.38,,,,,,,,,2654245.0,Flavobacterium sp. LMO9,Duplodnaviria,Heunggongvirae,Uroviricota,Caudoviricetes,Caudoviricetes incertae sedis,Muminvirus,Muminvirus tooticki,,dsDNA
Yonseivirus,2843478,1.97,0.75,0.6,,1.21,0.48,0.52,0.64,1.2,0.49,0.31,0.86,0.72,1.18,0.61,573.0,Klebsiella pneumoniae,Duplodnaviria,Heunggongvirae,Uroviricota,Caudoviricetes,Caudoviricetes incertae sedis,Casjensviridae,Yonseivirus,Yonseivirus N137,dsDNA
Kahnovirus,2942979,1.4,1.46,1.7,,1.79,0.91,1.19,1.08,0.67,0.85,0.85,0.86,1.38,1.3,,,,,,,,,,,,
Kehishuvirus,2942980,1.01,1.34,1.58,5.61,0.87,0.57,1.03,0.76,,0.61,0.72,0.34,0.96,0.91,0.95,329854.0,Bacteroides intestinalis,Duplodnaviria,Heunggongvirae,Uroviricota,Caudoviricetes,Crassvirales,Steigviridae,Asinivirinae,Kehishuvirus,dsDNA
Kehishuvirus,2942980,1.01,1.34,1.58,5.61,0.87,0.57,1.03,0.76,,0.61,0.72,0.34,0.96,0.91,0.95,246787.0,Bacteroides cellulosilyticus,Duplodnaviria,Heunggongvirae,Uroviricota,Caudoviricetes,Crassvirales,Steigviridae,Asinivirinae,Kehishuvirus,dsDNA
Paundivirus,2942981,,,,,0.17,,0.16,,,,,,,,,1.0,root,Duplodnaviria,Heunggongvirae,Uroviricota,Caudoviricetes,Crassvirales,Steigviridae,Asinivirinae,Paundivirus,dsDNA
Afonbuvirus,2942989,0.84,1.6,2.01,5.96,4.72,1.5,1.94,2.21,0.86,1.51,1.92,2.3,1.51,1.98,2.85,1.0,root,Duplodnaviria,Heunggongvirae,Uroviricota,Caudoviricetes,Crassvirales,Suoliviridae,Bearivirinae,Afonbuvirus,dsDNA
Canhaevirus,2942990,,0.36,0.37,,0.69,0.31,0.47,0.27,,0.26,0.36,0.52,0.42,,0.78,1.0,root,Duplodnaviria,Heunggongvirae,Uroviricota,Caudoviricetes,Crassvirales,Suoliviridae,Boorivirinae,Canhaevirus,dsDNA
Cohcovirus,2942991,0.61,0.86,0.92,,0.91,0.41,0.71,0.38,,0.57,0.62,0.43,0.76,0.8,1.17,,,,,,,,,,,
Culoivirus,2942992,0.28,,0.34,,0.4,,0.15,,,,0.16,0.32,0.17,,,818.0,Bacteroides thetaiotaomicron,Duplodnaviria,Heunggongvirae,Uroviricota,Caudoviricetes,Crassvirales,Suoliviridae,Boorivirinae,Culoivirus,dsDNA
Culoivirus,2942992,0.28,,0.34,,0.4,,0.15,,,,0.16,0.32,0.17,,,976.0,Bacteroidota,Duplodnaviria,Heunggongvirae,Uroviricota,Caudoviricetes,Crassvirales,Suoliviridae,Boorivirinae,Culoivirus,dsDNA
Culoivirus,2942992,0.28,,0.34,,0.4,,0.15,,,,0.16,0.32,0.17,,,76594.0,Cellulophaga baltica,Duplodnaviria,Heunggongvirae,Uroviricota,Caudoviricetes,Crassvirales,Suoliviridae,Boorivirinae,Culoivirus,dsDNA
Culoivirus,2942992,0.28,,0.34,,0.4,,0.15,,,,0.16,0.32,0.17,,,329854.0,Bacteroides intestinalis,Duplodnaviria,Heunggongvirae,Uroviricota,Caudoviricetes,Crassvirales,Suoliviridae,Boorivirinae,Culoivirus,dsDNA
Culoivirus,2942992,0.28,,0.34,,0.4,,0.15,,,,0.16,0.32,0.17,,,371601.0,Bacteroides xylanisolvens,Duplodnaviria,Heunggongvirae,Uroviricota,Caudoviricetes,Crassvirales,Suoliviridae,Boorivirinae,Culoivirus,dsDNA
Blohavirus,2942993,,0.36,0.36,,0.71,,0.28,0.32,,0.27,0.35,0.33,0.4,0.57,,,,,,,,,,,,
Buchavirus,2942994,0.64,1.13,1.03,4.21,1.0,0.54,0.74,0.51,,0.45,0.65,0.65,0.88,0.53,0.84,1.0,root,Duplodnaviria,Heunggongvirae,Uroviricota,Caudoviricetes,Crassvirales,Suoliviridae,Loutivirinae,Buchavirus,dsDNA
Gwanakrovirus,2943008,,,,,0.11,0.25,,,,,,0.27,,,,79967.0,Erwinia pyrifoliae,Duplodnaviria,Heunggongvirae,Uroviricota,Caudoviricetes,Caudoviricetes incertae sedis,Casjensviridae,Gwanakrovirus,Gwanakrovirus SNUABM08,dsDNA
Salvovirus,2943016,1.9,0.8,0.95,,1.26,0.91,1.04,0.86,1.29,1.09,1.19,2.64,1.19,2.51,2.12,33013.0,Clavibacter michiganensis subsp. michiganensis,Duplodnaviria,Heunggongvirae,Uroviricota,Caudoviricetes,Caudoviricetes incertae sedis,Casjensviridae,Salvovirus,unclassified Salvovirus,dsDNA
Salvovirus,2943016,1.9,0.8,0.95,,1.26,0.91,1.04,0.86,1.29,1.09,1.19,2.64,1.19,2.51,2.12,314565.0,Xanthomonas campestris pv. campestris str. 8004,Duplodnaviria,Heunggongvirae,Uroviricota,Caudoviricetes,Caudoviricetes incertae sedis,Casjensviridae,Salvovirus,unclassified Salvovirus,dsDNA
Salvovirus,2943016,1.9,0.8,0.95,,1.26,0.91,1.04,0.86,1.29,1.09,1.19,2.64,1.19,2.51,2.12,338.0,Xanthomonas,Duplodnaviria,Heunggongvirae,Uroviricota,Caudoviricetes,Caudoviricetes incertae sedis,Casjensviridae,Salvovirus,unclassified Salvovirus,dsDNA
Salvovirus,2943016,1.9,0.8,0.95,,1.26,0.91,1.04,0.86,1.29,1.09,1.19,2.64,1.19,2.51,2.12,2371.0,Xylella fastidiosa,Duplodnaviria,Heunggongvirae,Uroviricota,Caudoviricetes,Caudoviricetes incertae sedis,Casjensviridae,Salvovirus,Salvovirus salvo,dsDNA
Sessunavirus,2943018,,,,,0.15,,,,,,,,,,,1131.0,Synechococcus sp.,Duplodnaviria,Heunggongvirae,Uroviricota,Caudoviricetes,Caudoviricetes incertae sedis,Casjensviridae,Sessunavirus,Sessunavirus SESS1,dsDNA
Sharonstreetvirus,2943019,,,,,0.25,,0.14,,,,0.12,0.34,0.18,,,644.0,Aeromonas hydrophila,Duplodnaviria,Heunggongvirae,Uroviricota,Caudoviricetes,Caudoviricetes incertae sedis,Casjensviridae,Sharonstreetvirus,unclassified Sharonstreetvirus,dsDNA
Sharonstreetvirus,2943019,,,,,0.25,,0.14,,,,0.12,0.34,0.18,,,654.0,Aeromonas veronii,Duplodnaviria,Heunggongvirae,Uroviricota,Caudoviricetes,Caudoviricetes incertae sedis,Casjensviridae,Sharonstreetvirus,Sharonstreetvirus BUCT551,dsDNA
Sharonstreetvirus,2943019,,,,,0.25,,0.14,,,,0.12,0.34,0.18,,,647.0,Aeromonas sp.,Duplodnaviria,Heunggongvirae,Uroviricota,Caudoviricetes,Caudoviricetes incertae sedis,Casjensviridae,Sharonstreetvirus,Sharonstreetvirus xiamensis,dsDNA
Aurodevirus,2946811,1.3,2.41,2.51,7.02,5.13,0.7,2.11,2.25,1.82,1.94,2.5,2.05,2.54,2.1,3.07,1.0,root,Duplodnaviria,Heunggongvirae,Uroviricota,Caudoviricetes,Crassvirales,Suoliviridae,Uncouvirinae,Aurodevirus,dsDNA
Birpovirus,2946830,0.33,,0.29,,0.68,0.3,0.21,0.27,,0.24,0.27,0.23,0.41,,,,,,,,,,,,,
Bohxovirus,2946832,,,,,0.09,,0.1,,,,,,,,,,,Duplodnaviria,Heunggongvirae,Uroviricota,Caudoviricetes,Crassvirales,Suoliviridae,Oafivirinae,Bohxovirus,dsDNA
Bracchivirus,2946835,,,,,,,,,,,0.14,,,,,1.0,root,Duplodnaviria,Heunggongvirae,Uroviricota,Caudoviricetes,Caudoviricetes incertae sedis,Peduoviridae,Bracchivirus,Bracchivirus U2F1,dsDNA
Buorbuivirus,2948644,,0.37,0.72,,0.83,0.37,0.59,0.51,,0.43,0.69,0.57,0.41,,,,,,,,,,,,,
Burzaovirus,2948645,5.22,7.86,12.82,28.42,31.97,7.58,13.02,11.27,9.93,11.6,12.24,14.15,12.01,10.17,11.12,1.0,root,Duplodnaviria,Heunggongvirae,Uroviricota,Caudoviricetes,Crassvirales,Suoliviridae,Oafivirinae,Burzaovirus,dsDNA
Cacepaovirus,2948646,,,,,0.18,,,,,,,,,,,,,,,,,,,,,
Carjivirus,2948652,1.63,2.79,4.2,12.98,12.4,3.13,3.24,4.45,2.49,2.97,3.28,3.59,3.45,3.66,5.75,1869227.0,bacterium,Duplodnaviria,Heunggongvirae,Uroviricota,Caudoviricetes,Crassvirales,Intestiviridae,Crudevirinae,Carjivirus,dsDNA
Carjivirus,2948652,1.63,2.79,4.2,12.98,12.4,3.13,3.24,4.45,2.49,2.97,3.28,3.59,3.45,3.66,5.75,1.0,root,Duplodnaviria,Heunggongvirae,Uroviricota,Caudoviricetes,Crassvirales,Intestiviridae,Crudevirinae,Carjivirus,dsDNA
Carjivirus,2948652,1.63,2.79,4.2,12.98,12.4,3.13,3.24,4.45,2.49,2.97,3.28,3.59,3.45,3.66,5.75,976.0,Bacteroidota,Duplodnaviria,Heunggongvirae,Uroviricota,Caudoviricetes,Crassvirales,Intestiviridae,Crudevirinae,Carjivirus,dsDNA
Carjivirus,2948652,1.63,2.79,4.2,12.98,12.4,3.13,3.24,4.45,2.49,2.97,3.28,3.59,3.45,3.66,5.75,9606.0,Homo sapiens,Duplodnaviria,Heunggongvirae,Uroviricota,Caudoviricetes,Crassvirales,Intestiviridae,Crudevirinae,Carjivirus,dsDNA
Chuhaivirus,2948663,,,,,0.18,,0.1,,,,,,,,,,,,,,,,,,,
Dabirmavirus,2948671,,,,,0.28,,,0.18,,0.23,0.12,,0.11,,,,,,,,,,,,,
Deseoctovirus,2948678,,,,,,,,,,,0.18,,0.13,,,562.0,Escherichia coli,Duplodnaviria,Heunggongvirae,Uroviricota,Caudoviricetes,Caudoviricetes incertae sedis,Deseoctovirus,Deseoctovirus C1,,dsDNA
Deseoctovirus,2948678,,,,,,,,,,,0.18,,0.13,,,562.0,Escherichia coli,Duplodnaviria,Heunggongvirae,Uroviricota,Caudoviricetes,Caudoviricetes incertae sedis,Deseoctovirus,unclassified Deseoctovirus,,dsDNA
Deseoctovirus,2948678,,,,,,,,,,,0.18,,0.13,,,623.0,Shigella flexneri,Duplodnaviria,Heunggongvirae,Uroviricota,Caudoviricetes,Caudoviricetes incertae sedis,Deseoctovirus,Deseoctovirus DS8,,dsDNA
Diorhovirus,2948680,0.25,0.47,0.66,,0.76,0.25,0.24,0.31,,0.4,0.36,0.27,0.24,,0.56,,,,,,,,,,,
Drivevirus,2948684,,,,,0.13,,,,,,,,0.3,,,,,,,,,,,,,
Delmidovirus,2948688,,,0.32,,1.43,0.25,0.48,0.31,,0.35,0.4,0.56,0.48,,0.67,818.0,Bacteroides thetaiotaomicron,Duplodnaviria,Heunggongvirae,Uroviricota,Caudoviricetes,Crassvirales,Intestiviridae,Crudevirinae,Delmidovirus,dsDNA
Delmidovirus,2948688,,,0.32,,1.43,0.25,0.48,0.31,,0.35,0.4,0.56,0.48,,0.67,76594.0,Cellulophaga baltica,Duplodnaviria,Heunggongvirae,Uroviricota,Caudoviricetes,Crassvirales,Intestiviridae,Crudevirinae,Delmidovirus,dsDNA
Delmidovirus,2948688,,,0.32,,1.43,0.25,0.48,0.31,,0.35,0.4,0.56,0.48,,0.67,329854.0,Bacteroides intestinalis,Duplodnaviria,Heunggongvirae,Uroviricota,Caudoviricetes,Crassvirales,Intestiviridae,Crudevirinae,Delmidovirus,dsDNA
Delmidovirus,2948688,,,0.32,,1.43,0.25,0.48,0.31,,0.35,0.4,0.56,0.48,,0.67,371601.0,Bacteroides xylanisolvens,Duplodnaviria,Heunggongvirae,Uroviricota,Caudoviricetes,Crassvirales,Intestiviridae,Crudevirinae,Delmidovirus,dsDNA
Efbeekayvirus,2948690,1.55,1.43,1.47,5.96,1.89,0.71,1.73,2.19,1.25,0.8,0.87,0.61,1.11,1.14,1.4,558.0,Erwinia sp.,Duplodnaviria,Heunggongvirae,Uroviricota,Caudoviricetes,Caudoviricetes incertae sedis,Schitoviridae,Efbeekayvirus,unclassified Efbeekayvirus,dsDNA
Efbeekayvirus,2948690,1.55,1.43,1.47,5.96,1.89,0.71,1.73,2.19,1.25,0.8,0.87,0.61,1.11,1.14,1.4,1420013.0,Klebsiella pneumoniae 30684/NJST258_2,Duplodnaviria,Heunggongvirae,Uroviricota,Caudoviricetes,Caudoviricetes incertae sedis,Schitoviridae,Efbeekayvirus,unclassified Efbeekayvirus,dsDNA
Efbeekayvirus,2948690,1.55,1.43,1.47,5.96,1.89,0.71,1.73,2.19,1.25,0.8,0.87,0.61,1.11,1.14,1.4,576.0,Klebsiella sp.,Duplodnaviria,Heunggongvirae,Uroviricota,Caudoviricetes,Caudoviricetes incertae sedis,Schitoviridae,Efbeekayvirus,unclassified Efbeekayvirus,dsDNA
Efbeekayvirus,2948690,1.55,1.43,1.47,5.96,1.89,0.71,1.73,2.19,1.25,0.8,0.87,0.61,1.11,1.14,1.4,573.0,Klebsiella pneumoniae,Duplodnaviria,Heunggongvirae,Uroviricota,Caudoviricetes,Caudoviricetes incertae sedis,Schitoviridae,Efbeekayvirus,unclassified Efbeekayvirus,dsDNA
Efbeekayvirus,2948690,1.55,1.43,1.47,5.96,1.89,0.71,1.73,2.19,1.25,0.8,0.87,0.61,1.11,1.14,1.4,570.0,Klebsiella,Duplodnaviria,Heunggongvirae,Uroviricota,Caudoviricetes,Caudoviricetes incertae sedis,Schitoviridae,Efbeekayvirus,unclassified Efbeekayvirus,dsDNA
Endlipuvirus,2948697,,0.55,0.43,,0.81,0.42,0.29,0.44,,0.68,0.45,0.25,0.16,,,,,,,,,,,,,
Exceevirus,2948704,,,,,0.11,,,,,,,,0.1,,,470.0,Acinetobacter baumannii,Duplodnaviria,Heunggongvirae,Uroviricota,Caudoviricetes,Caudoviricetes incertae sedis,Schitoviridae,Exceevirus,Exceevirus Xc38,dsDNA
Exceevirus,2948704,,,,,0.11,,,,,,,,0.1,,,48296.0,Acinetobacter pittii,Duplodnaviria,Heunggongvirae,Uroviricota,Caudoviricetes,Caudoviricetes incertae sedis,Schitoviridae,Exceevirus,Exceevirus Xc38,dsDNA
Faithunavirus,2948705,,,,,,,,,,,0.19,,,,,1772.0,Mycolicibacterium smegmatis,Duplodnaviria,Heunggongvirae,Uroviricota,Caudoviricetes,Caudoviricetes incertae sedis,Vilmaviridae,Lclasvirinae,Faithunavirus,dsDNA
Fohxhuevirus,2948709,0.42,0.97,0.98,,1.23,0.33,0.61,1.09,0.58,0.68,0.75,1.02,0.62,0.72,0.95,,,,,,,,,,,
Jahgtovirus,2948767,0.71,1.3,1.47,3.86,1.33,0.69,0.88,1.06,0.86,0.89,1.06,1.08,1.03,0.76,1.68,371601.0,Bacteroides xylanisolvens,Duplodnaviria,Heunggongvirae,Uroviricota,Caudoviricetes,Crassvirales,Intestiviridae,Churivirinae,Jahgtovirus,dsDNA
Jahgtovirus,2948767,0.71,1.3,1.47,3.86,1.33,0.69,0.88,1.06,0.86,0.89,1.06,1.08,1.03,0.76,1.68,1.0,root,Duplodnaviria,Heunggongvirae,Uroviricota,Caudoviricetes,Crassvirales,Intestiviridae,Churivirinae,Jahgtovirus,dsDNA
Jahgtovirus,2948767,0.71,1.3,1.47,3.86,1.33,0.69,0.88,1.06,0.86,0.89,1.06,1.08,1.03,0.76,1.68,818.0,Bacteroides thetaiotaomicron,Duplodnaviria,Heunggongvirae,Uroviricota,Caudoviricetes,Crassvirales,Intestiviridae,Churivirinae,Jahgtovirus,dsDNA
Jahgtovirus,2948767,0.71,1.3,1.47,3.86,1.33,0.69,0.88,1.06,0.86,0.89,1.06,1.08,1.03,0.76,1.68,976.0,Bacteroidota,Duplodnaviria,Heunggongvirae,Uroviricota,Caudoviricetes,Crassvirales,Intestiviridae,Churivirinae,Jahgtovirus,dsDNA
Jahgtovirus,2948767,0.71,1.3,1.47,3.86,1.33,0.69,0.88,1.06,0.86,0.89,1.06,1.08,1.03,0.76,1.68,76594.0,Cellulophaga baltica,Duplodnaviria,Heunggongvirae,Uroviricota,Caudoviricetes,Crassvirales,Intestiviridae,Churivirinae,Jahgtovirus,dsDNA
Jahgtovirus,2948767,0.71,1.3,1.47,3.86,1.33,0.69,0.88,1.06,0.86,0.89,1.06,1.08,1.03,0.76,1.68,329854.0,Bacteroides intestinalis,Duplodnaviria,Heunggongvirae,Uroviricota,Caudoviricetes,Crassvirales,Intestiviridae,Churivirinae,Jahgtovirus,dsDNA
Junduvirus,2948774,,,,,0.64,0.23,0.25,0.22,,,0.24,0.29,0.2,,,818.0,Bacteroides thetaiotaomicron,Duplodnaviria,Heunggongvirae,Uroviricota,Caudoviricetes,Crassvirales,Crevaviridae,Coarsevirinae,Junduvirus,dsDNA
Junduvirus,2948774,,,,,0.64,0.23,0.25,0.22,,,0.24,0.29,0.2,,,976.0,Bacteroidota,Duplodnaviria,Heunggongvirae,Uroviricota,Caudoviricetes,Crassvirales,Crevaviridae,Coarsevirinae,Junduvirus,dsDNA
Junduvirus,2948774,,,,,0.64,0.23,0.25,0.22,,,0.24,0.29,0.2,,,76594.0,Cellulophaga baltica,Duplodnaviria,Heunggongvirae,Uroviricota,Caudoviricetes,Crassvirales,Crevaviridae,Coarsevirinae,Junduvirus,dsDNA
Junduvirus,2948774,,,,,0.64,0.23,0.25,0.22,,,0.24,0.29,0.2,,,329854.0,Bacteroides intestinalis,Duplodnaviria,Heunggongvirae,Uroviricota,Caudoviricetes,Crassvirales,Crevaviridae,Coarsevirinae,Junduvirus,dsDNA
Junduvirus,2948774,,,,,0.64,0.23,0.25,0.22,,,0.24,0.29,0.2,,,371601.0,Bacteroides xylanisolvens,Duplodnaviria,Heunggongvirae,Uroviricota,Caudoviricetes,Crassvirales,Crevaviridae,Coarsevirinae,Junduvirus,dsDNA
Kingevirus,2948785,0.42,0.41,0.49,,1.0,0.39,0.42,0.4,,0.24,0.52,0.34,0.53,0.53,0.73,818.0,Bacteroides thetaiotaomicron,Duplodnaviria,Heunggongvirae,Uroviricota,Caudoviricetes,Crassvirales,Crevaviridae,Doltivirinae,Kingevirus,dsDNA
Kingevirus,2948785,0.42,0.41,0.49,,1.0,0.39,0.42,0.4,,0.24,0.52,0.34,0.53,0.53,0.73,976.0,Bacteroidota,Duplodnaviria,Heunggongvirae,Uroviricota,Caudoviricetes,Crassvirales,Crevaviridae,Doltivirinae,Kingevirus,dsDNA
Kingevirus,2948785,0.42,0.41,0.49,,1.0,0.39,0.42,0.4,,0.24,0.52,0.34,0.53,0.53,0.73,76594.0,Cellulophaga baltica,Duplodnaviria,Heunggongvirae,Uroviricota,Caudoviricetes,Crassvirales,Crevaviridae,Doltivirinae,Kingevirus,dsDNA
Kingevirus,2948785,0.42,0.41,0.49,,1.0,0.39,0.42,0.4,,0.24,0.52,0.34,0.53,0.53,0.73,329854.0,Bacteroides intestinalis,Duplodnaviria,Heunggongvirae,Uroviricota,Caudoviricetes,Crassvirales,Crevaviridae,Doltivirinae,Kingevirus,dsDNA
Kingevirus,2948785,0.42,0.41,0.49,,1.0,0.39,0.42,0.4,,0.24,0.52,0.34,0.53,0.53,0.73,371601.0,Bacteroides xylanisolvens,Duplodnaviria,Heunggongvirae,Uroviricota,Caudoviricetes,Crassvirales,Crevaviridae,Doltivirinae,Kingevirus,dsDNA
Kolpuevirus,2948787,,0.43,,,0.37,0.24,0.22,0.19,,,0.27,,0.33,,,818.0,Bacteroides thetaiotaomicron,Duplodnaviria,Heunggongvirae,Uroviricota,Caudoviricetes,Crassvirales,Steigviridae,Asinivirinae,Kolpuevirus,dsDNA
Kolpuevirus,2948787,,0.43,,,0.37,0.24,0.22,0.19,,,0.27,,0.33,,,976.0,Bacteroidota,Duplodnaviria,Heunggongvirae,Uroviricota,Caudoviricetes,Crassvirales,Steigviridae,Asinivirinae,Kolpuevirus,dsDNA
Kolpuevirus,2948787,,0.43,,,0.37,0.24,0.22,0.19,,,0.27,,0.33,,,371601.0,Bacteroides xylanisolvens,Duplodnaviria,Heunggongvirae,Uroviricota,Caudoviricetes,Crassvirales,Steigviridae,Asinivirinae,Kolpuevirus,dsDNA
Lahndsivirus,2948793,,,,,,,0.11,,,,,,,,,,,,,,,,,,,
Lebriduvirus,2948797,,,,,0.13,,0.11,,,,0.11,,0.2,,,,,,,,,,,,,
Mahlunavirus,2948812,,,,,0.13,,,,,,,,0.1,,,,,,,,,,,,,
Mahstovirus,2948813,,,,,0.12,,,,,,,,,,,,,,,,,,,,,
Pamirivirus,2948854,,,,,0.14,,0.13,,,,0.14,,,,,,,,,,,,,,,
Skatevirus,2948910,1.12,1.21,,,0.37,,0.44,,,0.48,0.56,1.09,0.4,,,90371.0,Salmonella enterica subsp. enterica serovar Typhimurium,Duplodnaviria,Heunggongvirae,Uroviricota,Caudoviricetes,Caudoviricetes incertae sedis,Skatevirus,unclassified Skatevirus,,dsDNA
Skatevirus,2948910,1.12,1.21,,,0.37,,0.44,,,0.48,0.56,1.09,0.4,,,98360.0,Salmonella enterica subsp. enterica serovar Dublin,Duplodnaviria,Heunggongvirae,Uroviricota,Caudoviricetes,Caudoviricetes incertae sedis,Skatevirus,unclassified Skatevirus,,dsDNA
Skatevirus,2948910,1.12,1.21,,,0.37,,0.44,,,0.48,0.56,1.09,0.4,,,599.0,Salmonella sp.,Duplodnaviria,Heunggongvirae,Uroviricota,Caudoviricetes,Caudoviricetes incertae sedis,Skatevirus,unclassified Skatevirus,,dsDNA
Skatevirus,2948910,1.12,1.21,,,0.37,,0.44,,,0.48,0.56,1.09,0.4,,,1299114.0,Salmonella enterica subsp. enterica serovar Typhimurium str. ATCC 14028,Duplodnaviria,Heunggongvirae,Uroviricota,Caudoviricetes,Caudoviricetes incertae sedis,Skatevirus,Skatevirus LPST10,,dsDNA
Skatevirus,2948910,1.12,1.21,,,0.37,,0.44,,,0.48,0.56,1.09,0.4,,,28901.0,Salmonella enterica,Duplodnaviria,Heunggongvirae,Uroviricota,Caudoviricetes,Caudoviricetes incertae sedis,Skatevirus,Skatevirus SeSz2,,dsDNA
Skatevirus,2948910,1.12,1.21,,,0.37,,0.44,,,0.48,0.56,1.09,0.4,,,28901.0,Salmonella enterica,Duplodnaviria,Heunggongvirae,Uroviricota,Caudoviricetes,Caudoviricetes incertae sedis,Skatevirus,Skatevirus Seszw1,,dsDNA
Skatevirus,2948910,1.12,1.21,,,0.37,,0.44,,,0.48,0.56,1.09,0.4,,,28901.0,Salmonella enterica,Duplodnaviria,Heunggongvirae,Uroviricota,Caudoviricetes,Caudoviricetes incertae sedis,Skatevirus,unclassified Skatevirus,,dsDNA
Skatevirus,2948910,1.12,1.21,,,0.37,,0.44,,,0.48,0.56,1.09,0.4,,,90371.0,Salmonella enterica subsp. enterica serovar Typhimurium,Duplodnaviria,Heunggongvirae,Uroviricota,Caudoviricetes,Caudoviricetes incertae sedis,Skatevirus,Skatevirus skate,,dsDNA
Skatevirus,2948910,1.12,1.21,,,0.37,,0.44,,,0.48,0.56,1.09,0.4,,,59201.0,Salmonella enterica subsp. enterica,Duplodnaviria,Heunggongvirae,Uroviricota,Caudoviricetes,Caudoviricetes incertae sedis,Skatevirus,unclassified Skatevirus,,dsDNA
Skatevirus,2948910,1.12,1.21,,,0.37,,0.44,,,0.48,0.56,1.09,0.4,,,599.0,Salmonella sp.,Duplodnaviria,Heunggongvirae,Uroviricota,Caudoviricetes,Caudoviricetes incertae sedis,Skatevirus,Skatevirus BS5,,dsDNA
Skatevirus,2948910,1.12,1.21,,,0.37,,0.44,,,0.48,0.56,1.09,0.4,,,149539.0,Salmonella enterica subsp. enterica serovar Enteritidis,Duplodnaviria,Heunggongvirae,Uroviricota,Caudoviricetes,Caudoviricetes incertae sedis,Skatevirus,Skatevirus KFSSE2,,dsDNA
Skatevirus,2948910,1.12,1.21,,,0.37,,0.44,,,0.48,0.56,1.09,0.4,,,90371.0,Salmonella enterica subsp. enterica serovar Typhimurium,Duplodnaviria,Heunggongvirae,Uroviricota,Caudoviricetes,Caudoviricetes incertae sedis,Skatevirus,Skatevirus VSt472,,dsDNA
Triduovirus,2948933,0.39,,,,0.63,,0.16,,,0.3,0.28,,0.21,,,211968.0,Salmonella enterica subsp. enterica serovar Albany,Duplodnaviria,Heunggongvirae,Uroviricota,Caudoviricetes,Caudoviricetes incertae sedis,Schitoviridae,Triduovirus,Triduovirus Tr2,dsDNA
Valinorvirus,2948943,,0.33,,,,,,,,0.19,0.21,0.25,0.13,,0.56,,,Monodnaviria,Shotokuvirae,Cressdnaviricota,Arfiviricetes,Rohanvirales,Nenyaviridae,Valinorvirus,,
Veracruzvirus,2948946,,,,,,,0.12,,,,,,,,,1772.0,Mycolicibacterium smegmatis,Duplodnaviria,Heunggongvirae,Uroviricota,Caudoviricetes,Caudoviricetes incertae sedis,Veracruzvirus,unclassified Veracruzvirus,,dsDNA
Veracruzvirus,2948946,,,,,,,0.12,,,,,,,,,1763.0,Mycobacterium,Duplodnaviria,Heunggongvirae,Uroviricota,Caudoviricetes,Caudoviricetes incertae sedis,Veracruzvirus,unclassified Veracruzvirus,,dsDNA
Veracruzvirus,2948946,,,,,,,0.12,,,,,,,,,246196.0,Mycolicibacterium smegmatis MC2 155,Duplodnaviria,Heunggongvirae,Uroviricota,Caudoviricetes,Caudoviricetes incertae sedis,Veracruzvirus,Veracruzvirus babyboy,,dsDNA
Veracruzvirus,2948946,,,,,,,0.12,,,,,,,,,1763.0,Mycobacterium,Duplodnaviria,Heunggongvirae,Uroviricota,Caudoviricetes,Caudoviricetes incertae sedis,Veracruzvirus,Veracruzvirus BTCU1,,dsDNA
Veracruzvirus,2948946,,,,,,,0.12,,,,,,,,,246196.0,Mycolicibacterium smegmatis MC2 155,Duplodnaviria,Heunggongvirae,Uroviricota,Caudoviricetes,Caudoviricetes incertae sedis,Veracruzvirus,unclassified Veracruzvirus,,dsDNA
Veracruzvirus,2948946,,,,,,,0.12,,,,,,,,,1763.0,Mycobacterium,Duplodnaviria,Heunggongvirae,Uroviricota,Caudoviricetes,Caudoviricetes incertae sedis,Veracruzvirus,Veracruzvirus heldan,,dsDNA
Veracruzvirus,2948946,,,,,,,0.12,,,,,,,,,246196.0,Mycolicibacterium smegmatis MC2 155,Duplodnaviria,Heunggongvirae,Uroviricota,Caudoviricetes,Caudoviricetes incertae sedis,Veracruzvirus,Veracruzvirus heldan,,dsDNA
Veracruzvirus,2948946,,,,,,,0.12,,,,,,,,,36809.0,Mycobacteroides abscessus,Duplodnaviria,Heunggongvirae,Uroviricota,Caudoviricetes,Caudoviricetes incertae sedis,Veracruzvirus,Veracruzvirus rockstar,,dsDNA
Veracruzvirus,2948946,,,,,,,0.12,,,,,,,,,1763.0,Mycobacterium,Duplodnaviria,Heunggongvirae,Uroviricota,Caudoviricetes,Caudoviricetes incertae sedis,Veracruzvirus,Veracruzvirus MA5,,dsDNA
Veracruzvirus,2948946,,,,,,,0.12,,,,,,,,,1763.0,Mycobacterium,Duplodnaviria,Heunggongvirae,Uroviricota,Caudoviricetes,Caudoviricetes incertae sedis,Veracruzvirus,Veracruzvirus rockstar,,dsDNA
Veracruzvirus,2948946,,,,,,,0.12,,,,,,,,,246196.0,Mycolicibacterium smegmatis MC2 155,Duplodnaviria,Heunggongvirae,Uroviricota,Caudoviricetes,Caudoviricetes incertae sedis,Veracruzvirus,Veracruzvirus phantastic,,dsDNA
Veracruzvirus,2948946,,,,,,,0.12,,,,,,,,,1771.0,Mycolicibacterium phlei,Duplodnaviria,Heunggongvirae,Uroviricota,Caudoviricetes,Caudoviricetes incertae sedis,Veracruzvirus,Veracruzvirus pistachio,,dsDNA
Veracruzvirus,2948946,,,,,,,0.12,,,,,,,,,1771.0,Mycolicibacterium phlei,Duplodnaviria,Heunggongvirae,Uroviricota,Caudoviricetes,Caudoviricetes incertae sedis,Veracruzvirus,unclassified Veracruzvirus,,dsDNA
Veracruzvirus,2948946,,,,,,,0.12,,,,,,,,,246196.0,Mycolicibacterium smegmatis MC2 155,Duplodnaviria,Heunggongvirae,Uroviricota,Caudoviricetes,Caudoviricetes incertae sedis,Veracruzvirus,Veracruzvirus rockstar,,dsDNA
Veracruzvirus,2948946,,,,,,,0.12,,,,,,,,,1763.0,Mycobacterium,Duplodnaviria,Heunggongvirae,Uroviricota,Caudoviricetes,Caudoviricetes incertae sedis,Veracruzvirus,Veracruzvirus veracruz,,dsDNA
Axeltriavirus,3044667,,,,,0.08,,,,,,,,0.17,,,40324.0,Stenotrophomonas maltophilia,Duplodnaviria,Heunggongvirae,Uroviricota,Caudoviricetes,Caudoviricetes incertae sedis,Axeltriavirus,Axeltriavirus AXL3,,dsDNA
Carvajevirus,3044683,,,,,0.25,,,,,,,,,,,573.0,Klebsiella pneumoniae,Duplodnaviria,Heunggongvirae,Uroviricota,Caudoviricetes,Caudoviricetes incertae sedis,Carvajevirus,Carvajevirus carvaje,,dsDNA
Citricivirus,3044688,,,,,,,,,0.58,,,,,,,223852.0,Aphis citricidus,Riboviria,Orthornavirae,Negarnaviricota,Polyploviricotina,Bunyaviricetes,Hareavirales,Phenuiviridae,Citricivirus,-ssRNA
Cobrasixvirus,3044690,0.41,,0.38,,0.43,0.29,0.22,0.59,,,0.29,0.33,0.31,,,550.0,Enterobacter cloacae,Duplodnaviria,Heunggongvirae,Uroviricota,Caudoviricetes,Caudoviricetes incertae sedis,Cobrasixvirus,Cobrasixvirus cobrasix,,dsDNA
Moovirus,3044769,,,,,0.15,,0.14,,,,,,0.1,,,623.0,Shigella flexneri,Duplodnaviria,Heunggongvirae,Uroviricota,Caudoviricetes,Caudoviricetes incertae sedis,Schitoviridae,Enquatrovirinae,Moovirus,dsDNA
Purivirus,3044798,0.32,,,,,,,,,,,,,,0.56,294.0,Pseudomonas fluorescens,Duplodnaviria,Heunggongvirae,Uroviricota,Caudoviricetes,Caudoviricetes incertae sedis,Purivirus,Purivirus UFJFPfDIW6,,dsDNA
Quivirus,3044799,,,,,0.08,,,,,,,,,,,1665.0,Arthrobacter globiformis,Duplodnaviria,Heunggongvirae,Uroviricota,Caudoviricetes,Caudoviricetes incertae sedis,Quivirus,Quivirus qui,,dsDNA
Readingvirus,3152626,,,,,0.08,,,0.27,,,,,,,,286.0,Pseudomonas,Duplodnaviria,Heunggongvirae,Uroviricota,Caudoviricetes,Caudoviricetes incertae sedis,Readingvirus,Readingvirus MR15,,dsDNA
Readingvirus,3152626,,,,,0.08,,,0.27,,,,,,,,317.0,Pseudomonas syringae,Duplodnaviria,Heunggongvirae,Uroviricota,Caudoviricetes,Caudoviricetes incertae sedis,Readingvirus,Readingvirus PSA1,,dsDNA
Readingvirus,3152626,,,,,0.08,,,0.27,,,,,,,,103796.0,Pseudomonas syringae pv. actinidiae,Duplodnaviria,Heunggongvirae,Uroviricota,Caudoviricetes,Caudoviricetes incertae sedis,Readingvirus,Readingvirus psageK9,,dsDNA
Miecznikowavirus,3152971,,,,,,,,0.22,,,,,,,,2597349.0,Pseudomonas sp. ANT_H14,Duplodnaviria,Heunggongvirae,Uroviricota,Caudoviricetes,Caudoviricetes incertae sedis,Miecznikowavirus,Miecznikowavirus AH14a,,dsDNA
Longwangvirus,3153014,,,,,0.12,,,,,,,,,,,654.0,Aeromonas veronii,Duplodnaviria,Heunggongvirae,Uroviricota,Caudoviricetes,Caudoviricetes incertae sedis,Chaseviridae,Nefertitivirinae,Longwangvirus,dsDNA
Aspduovirus,3153070,,,,,,0.19,,,,,,,,,,442459.0,Actinoplanes sp. SN223/29,Duplodnaviria,Heunggongvirae,Uroviricota,Caudoviricetes,Caudoviricetes incertae sedis,Aspduovirus,Aspduovirus Asp2,,dsDNA
Peekayseptimavirus,3153273,,,,,,,,,,,0.12,,,,,570.0,Klebsiella,Duplodnaviria,Heunggongvirae,Uroviricota,Caudoviricetes,Caudoviricetes incertae sedis,Drexlerviridae,Tempevirinae,Peekayseptimavirus,dsDNA
