name,taxid,ERR14789259,ERR14789260,ERR14789261,ERR14789262,ERR14789263,ERR14789264,ERR14789265,ERR14789266,ERR14789267,ERR14789268,ERR14789269,ERR14789270,ERR14789271,ERR14789272,ERR14789273,host tax id,host name,realm,kingdom,phylum,class,order,family,genus,species,baltimore_class
Orthopoxvirus,10242,,,,,,,,,,,,,0.11,,,9836.0,Camelus,Varidnaviria,Bamfordvirae,Nucleocytoviricota,Pokkesviricetes,Chitovirales,Poxviridae,Chordopoxvirinae,Orthopoxvirus,
Orthopoxvirus,10242,,,,,,,,,,,,,0.11,,,9483.0,Callithrix jacchus,Varidnaviria,Bamfordvirae,Nucleocytoviricota,Pokkesviricetes,Chitovirales,Poxviridae,Chordopoxvirinae,Orthopoxvirus,
Orthopoxvirus,10242,,,,,,,,,,,,,0.11,,,9615.0,Canis lupus familiaris,Varidnaviria,Bamfordvirae,Nucleocytoviricota,Pokkesviricetes,Chitovirales,Poxviridae,Chordopoxvirinae,Orthopoxvirus,
Orthopoxvirus,10242,,,,,,,,,,,,,0.11,,,9649.0,Ailurus fulgens,Varidnaviria,Bamfordvirae,Nucleocytoviricota,Pokkesviricetes,Chitovirales,Poxviridae,Chordopoxvirinae,Orthopoxvirus,
Orthopoxvirus,10242,,,,,,,,,,,,,0.11,,,9683.0,Felis silvestris,Varidnaviria,Bamfordvirae,Nucleocytoviricota,Pokkesviricetes,Chitovirales,Poxviridae,Chordopoxvirinae,Orthopoxvirus,
Orthopoxvirus,10242,,,,,,,,,,,,,0.11,,,9685.0,Felis catus,Varidnaviria,Bamfordvirae,Nucleocytoviricota,Pokkesviricetes,Chitovirales,Poxviridae,Chordopoxvirinae,Orthopoxvirus,
Orthopoxvirus,10242,,,,,,,,,,,,,0.11,,,9689.0,Panthera leo,Varidnaviria,Bamfordvirae,Nucleocytoviricota,Pokkesviricetes,Chitovirales,Poxviridae,Chordopoxvirinae,Orthopoxvirus,
Orthopoxvirus,10242,,,,,,,,,,,,,0.11,,,9690.0,Panthera onca,Varidnaviria,Bamfordvirae,Nucleocytoviricota,Pokkesviricetes,Chitovirales,Poxviridae,Chordopoxvirinae,Orthopoxvirus,
Orthopoxvirus,10242,,,,,,,,,,,,,0.11,,,9691.0,Panthera pardus,Varidnaviria,Bamfordvirae,Nucleocytoviricota,Pokkesviricetes,Chitovirales,Poxviridae,Chordopoxvirinae,Orthopoxvirus,
Orthopoxvirus,10242,,,,,,,,,,,,,0.11,,,9696.0,Puma concolor,Varidnaviria,Bamfordvirae,Nucleocytoviricota,Pokkesviricetes,Chitovirales,Poxviridae,Chordopoxvirinae,Orthopoxvirus,
Orthopoxvirus,10242,,,,,,,,,,,,,0.11,,,9783.0,Elephas maximus,Varidnaviria,Bamfordvirae,Nucleocytoviricota,Pokkesviricetes,Chitovirales,Poxviridae,Chordopoxvirinae,Orthopoxvirus,
Orthopoxvirus,10242,,,,,,,,,,,,,0.11,,,9785.0,Loxodonta africana,Varidnaviria,Bamfordvirae,Nucleocytoviricota,Pokkesviricetes,Chitovirales,Poxviridae,Chordopoxvirinae,Orthopoxvirus,
Orthopoxvirus,10242,,,,,,,,,,,,,0.11,,,9796.0,Equus caballus,Varidnaviria,Bamfordvirae,Nucleocytoviricota,Pokkesviricetes,Chitovirales,Poxviridae,Chordopoxvirinae,Orthopoxvirus,
Orthopoxvirus,10242,,,,,,,,,,,,,0.11,,,9802.0,Tapirus indicus,Varidnaviria,Bamfordvirae,Nucleocytoviricota,Pokkesviricetes,Chitovirales,Poxviridae,Chordopoxvirinae,Orthopoxvirus,
Orthopoxvirus,10242,,,,,,,,,,,,,0.11,,,9805.0,Diceros bicornis,Varidnaviria,Bamfordvirae,Nucleocytoviricota,Pokkesviricetes,Chitovirales,Poxviridae,Chordopoxvirinae,Orthopoxvirus,
Orthopoxvirus,10242,,,,,,,,,,,,,0.11,,,10129.0,Apodemus sylvaticus,Varidnaviria,Bamfordvirae,Nucleocytoviricota,Pokkesviricetes,Chitovirales,Poxviridae,Chordopoxvirinae,Orthopoxvirus,
Orthopoxvirus,10242,,,,,,,,,,,,,0.11,,,10185.0,Castor fiber,Varidnaviria,Bamfordvirae,Nucleocytoviricota,Pokkesviricetes,Chitovirales,Poxviridae,Chordopoxvirinae,Orthopoxvirus,
Orthopoxvirus,10242,,,,,,,,,,,,,0.11,,,29092.0,Microtus agrestis,Varidnaviria,Bamfordvirae,Nucleocytoviricota,Pokkesviricetes,Chitovirales,Poxviridae,Chordopoxvirinae,Orthopoxvirus,
Orthopoxvirus,10242,,,,,,,,,,,,,0.11,,,32536.0,Acinonyx jubatus,Varidnaviria,Bamfordvirae,Nucleocytoviricota,Pokkesviricetes,Chitovirales,Poxviridae,Chordopoxvirinae,Orthopoxvirus,
Orthopoxvirus,10242,,,,,,,,,,,,,0.11,,,32538.0,Leopardus pardalis,Varidnaviria,Bamfordvirae,Nucleocytoviricota,Pokkesviricetes,Chitovirales,Poxviridae,Chordopoxvirinae,Orthopoxvirus,
Orthopoxvirus,10242,,,,,,,,,,,,,0.11,,,42254.0,Sorex araneus,Varidnaviria,Bamfordvirae,Nucleocytoviricota,Pokkesviricetes,Chitovirales,Poxviridae,Chordopoxvirinae,Orthopoxvirus,
Orthopoxvirus,10242,,,,,,,,,,,,,0.11,,,73337.0,Ceratotherium simum simum,Varidnaviria,Bamfordvirae,Nucleocytoviricota,Pokkesviricetes,Chitovirales,Poxviridae,Chordopoxvirinae,Orthopoxvirus,
Orthopoxvirus,10242,,,,,,,,,,,,,0.11,,,86973.0,Okapia johnstoni,Varidnaviria,Bamfordvirae,Nucleocytoviricota,Pokkesviricetes,Chitovirales,Poxviridae,Chordopoxvirinae,Orthopoxvirus,
Orthopoxvirus,10242,,,,,,,,,,,,,0.11,,,186474.0,Rhombomys opimus,Varidnaviria,Bamfordvirae,Nucleocytoviricota,Pokkesviricetes,Chitovirales,Poxviridae,Chordopoxvirinae,Orthopoxvirus,
Orthopoxvirus,10242,,,,,,,,,,,,,0.11,,,210652.0,Mungos mungo,Varidnaviria,Bamfordvirae,Nucleocytoviricota,Pokkesviricetes,Chitovirales,Poxviridae,Chordopoxvirinae,Orthopoxvirus,
Orthopoxvirus,10242,,,,,,,,,,,,,0.11,,,298886.0,Meriones libycus,Varidnaviria,Bamfordvirae,Nucleocytoviricota,Pokkesviricetes,Chitovirales,Poxviridae,Chordopoxvirinae,Orthopoxvirus,
Orthopoxvirus,10242,,,,,,,,,,,,,0.11,,,447135.0,Myodes glareolus,Varidnaviria,Bamfordvirae,Nucleocytoviricota,Pokkesviricetes,Chitovirales,Poxviridae,Chordopoxvirinae,Orthopoxvirus,
Orthopoxvirus,10242,,,,,,,,,,,,,0.11,,,1608482.0,Herpailurus yagouaroundi,Varidnaviria,Bamfordvirae,Nucleocytoviricota,Pokkesviricetes,Chitovirales,Poxviridae,Chordopoxvirinae,Orthopoxvirus,
Orthopoxvirus,10242,,,,,,,,,,,,,0.11,,,30650.0,Gliridae,Varidnaviria,Bamfordvirae,Nucleocytoviricota,Pokkesviricetes,Chitovirales,Poxviridae,Chordopoxvirinae,Orthopoxvirus,
Orthopoxvirus,10242,,,,,,,,,,,,,0.11,,,45479.0,Cynomys gunnisoni,Varidnaviria,Bamfordvirae,Nucleocytoviricota,Pokkesviricetes,Chitovirales,Poxviridae,Chordopoxvirinae,Orthopoxvirus,
Orthopoxvirus,10242,,,,,,,,,,,,,0.11,,,45480.0,Cynomys ludovicianus,Varidnaviria,Bamfordvirae,Nucleocytoviricota,Pokkesviricetes,Chitovirales,Poxviridae,Chordopoxvirinae,Orthopoxvirus,
Orthopoxvirus,10242,,,,,,,,,,,,,0.11,,,99825.0,Cynomys leucurus,Varidnaviria,Bamfordvirae,Nucleocytoviricota,Pokkesviricetes,Chitovirales,Poxviridae,Chordopoxvirinae,Orthopoxvirus,
Orthopoxvirus,10242,,,,,,,,,,,,,0.11,,,99826.0,Cynomys mexicanus,Varidnaviria,Bamfordvirae,Nucleocytoviricota,Pokkesviricetes,Chitovirales,Poxviridae,Chordopoxvirinae,Orthopoxvirus,
Orthopoxvirus,10242,,,,,,,,,,,,,0.11,,,99827.0,Cynomys parvidens,Varidnaviria,Bamfordvirae,Nucleocytoviricota,Pokkesviricetes,Chitovirales,Poxviridae,Chordopoxvirinae,Orthopoxvirus,
Orthopoxvirus,10242,,,,,,,,,,,,,0.11,,,226685.0,Heliosciurus ruwenzorii,Varidnaviria,Bamfordvirae,Nucleocytoviricota,Pokkesviricetes,Chitovirales,Poxviridae,Chordopoxvirinae,Orthopoxvirus,
Orthopoxvirus,10242,,,,,,,,,,,,,0.11,,,40843.0,Macaca tonkeana,Varidnaviria,Bamfordvirae,Nucleocytoviricota,Pokkesviricetes,Chitovirales,Poxviridae,Chordopoxvirinae,Orthopoxvirus,
Orthopoxvirus,10242,,,,,,,,,,,,,0.11,,,54292.0,Apodemus flavicollis,Varidnaviria,Bamfordvirae,Nucleocytoviricota,Pokkesviricetes,Chitovirales,Poxviridae,Chordopoxvirinae,Orthopoxvirus,
Orthopoxvirus,10242,,,,,,,,,,,,,0.11,,,134910.0,Apodemus uralensis,Varidnaviria,Bamfordvirae,Nucleocytoviricota,Pokkesviricetes,Chitovirales,Poxviridae,Chordopoxvirinae,Orthopoxvirus,
Orthopoxvirus,10242,,,,,,,,,,,,,0.11,,,9823.0,Sus scrofa,Varidnaviria,Bamfordvirae,Nucleocytoviricota,Pokkesviricetes,Chitovirales,Poxviridae,Chordopoxvirinae,Orthopoxvirus,
Orthopoxvirus,10242,,,,,,,,,,,,,0.11,,,9654.0,Procyon lotor,Varidnaviria,Bamfordvirae,Nucleocytoviricota,Pokkesviricetes,Chitovirales,Poxviridae,Chordopoxvirinae,Orthopoxvirus,
Orthopoxvirus,10242,,,,,,,,,,,,,0.11,,,30548.0,Mephitis mephitis,Varidnaviria,Bamfordvirae,Nucleocytoviricota,Pokkesviricetes,Chitovirales,Poxviridae,Chordopoxvirinae,Orthopoxvirus,
Orthopoxvirus,10242,,,,,,,,,,,,,0.11,,,41262.0,Tatera,Varidnaviria,Bamfordvirae,Nucleocytoviricota,Pokkesviricetes,Chitovirales,Poxviridae,Chordopoxvirinae,Orthopoxvirus,
Orthopoxvirus,10242,,,,,,,,,,,,,0.11,,,300414.0,Variola,Varidnaviria,Bamfordvirae,Nucleocytoviricota,Pokkesviricetes,Chitovirales,Poxviridae,Chordopoxvirinae,Orthopoxvirus,
Orthopoxvirus,10242,,,,,,,,,,,,,0.11,,,100895.0,Microtus californicus,Varidnaviria,Bamfordvirae,Nucleocytoviricota,Pokkesviricetes,Chitovirales,Poxviridae,Chordopoxvirinae,Orthopoxvirus,
Rhadinovirus,10379,0.09,,,,,,,,,,,,,,,9506.0,Ateles,Duplodnaviria,Heunggongvirae,Peploviricota,Herviviricetes,Herpesvirales,Orthoherpesviridae,Gammaherpesvirinae,Rhadinovirus,dsDNA
Rhadinovirus,10379,0.09,,,,,,,,,,,,,,,9685.0,Felis catus,Duplodnaviria,Heunggongvirae,Peploviricota,Herviviricetes,Herpesvirales,Orthoherpesviridae,Gammaherpesvirinae,Rhadinovirus,dsDNA
Rhadinovirus,10379,0.09,,,,,,,,,,,,,,,9689.0,Panthera leo,Duplodnaviria,Heunggongvirae,Peploviricota,Herviviricetes,Herpesvirales,Orthoherpesviridae,Gammaherpesvirinae,Rhadinovirus,dsDNA
Rhadinovirus,10379,0.09,,,,,,,,,,,,,,,33548.0,Colobus guereza,Duplodnaviria,Heunggongvirae,Peploviricota,Herviviricetes,Herpesvirales,Orthoherpesviridae,Gammaherpesvirinae,Rhadinovirus,dsDNA
Rhadinovirus,10379,0.09,,,,,,,,,,,,,,,48008.0,Oligoryzomys microtis,Duplodnaviria,Heunggongvirae,Peploviricota,Herviviricetes,Herpesvirales,Orthoherpesviridae,Gammaherpesvirinae,Rhadinovirus,dsDNA
Rhadinovirus,10379,0.09,,,,,,,,,,,,,,,9542.0,Macaca fuscata,Duplodnaviria,Heunggongvirae,Peploviricota,Herviviricetes,Herpesvirales,Orthoherpesviridae,Gammaherpesvirinae,Rhadinovirus,dsDNA
Rhadinovirus,10379,0.09,,,,,,,,,,,,,,,9544.0,Macaca mulatta,Duplodnaviria,Heunggongvirae,Peploviricota,Herviviricetes,Herpesvirales,Orthoherpesviridae,Gammaherpesvirinae,Rhadinovirus,dsDNA
Rhadinovirus,10379,0.09,,,,,,,,,,,,,,,9545.0,Macaca nemestrina,Duplodnaviria,Heunggongvirae,Peploviricota,Herviviricetes,Herpesvirales,Orthoherpesviridae,Gammaherpesvirinae,Rhadinovirus,dsDNA
Rhadinovirus,10379,0.09,,,,,,,,,,,,,,,10129.0,Apodemus sylvaticus,Duplodnaviria,Heunggongvirae,Peploviricota,Herviviricetes,Herpesvirales,Orthoherpesviridae,Gammaherpesvirinae,Rhadinovirus,dsDNA
Rhadinovirus,10379,0.09,,,,,,,,,,,,,,,9521.0,Saimiri sciureus,Duplodnaviria,Heunggongvirae,Peploviricota,Herviviricetes,Herpesvirales,Orthoherpesviridae,Gammaherpesvirinae,Rhadinovirus,dsDNA
Rhadinovirus,10379,0.09,,,,,,,,,,,,,,,10090.0,Mus musculus,Duplodnaviria,Heunggongvirae,Peploviricota,Herviviricetes,Herpesvirales,Orthoherpesviridae,Gammaherpesvirinae,Rhadinovirus,dsDNA
Rhadinovirus,10379,0.09,,,,,,,,,,,,,,,447135.0,Myodes glareolus,Duplodnaviria,Heunggongvirae,Peploviricota,Herviviricetes,Herpesvirales,Orthoherpesviridae,Gammaherpesvirinae,Rhadinovirus,dsDNA
Mastadenovirus,10509,0.36,0.06,0.36,0.17,,0.15,,,,0.21,,0.22,,0.19,,9555.0,Papio anubis,Varidnaviria,Bamfordvirae,Preplasmiviricota,Polisuviricotina,Pharingeaviricetes,Rowavirales,Adenoviridae,Mastadenovirus,
Mastadenovirus,10509,0.36,0.06,0.36,0.17,,0.15,,,,0.21,,0.22,,0.19,,59473.0,Pipistrellus nathusii,Varidnaviria,Bamfordvirae,Preplasmiviricota,Polisuviricotina,Pharingeaviricetes,Rowavirales,Adenoviridae,Mastadenovirus,
Mastadenovirus,10509,0.36,0.06,0.36,0.17,,0.15,,,,0.21,,0.22,,0.19,,59474.0,Pipistrellus pipistrellus,Varidnaviria,Bamfordvirae,Preplasmiviricota,Polisuviricotina,Pharingeaviricetes,Rowavirales,Adenoviridae,Mastadenovirus,
Mastadenovirus,10509,0.36,0.06,0.36,0.17,,0.15,,,,0.21,,0.22,,0.19,,9534.0,Chlorocebus aethiops,Varidnaviria,Bamfordvirae,Preplasmiviricota,Polisuviricotina,Pharingeaviricetes,Rowavirales,Adenoviridae,Mastadenovirus,
Mastadenovirus,10509,0.36,0.06,0.36,0.17,,0.15,,,,0.21,,0.22,,0.19,,9606.0,Homo sapiens,Varidnaviria,Bamfordvirae,Preplasmiviricota,Polisuviricotina,Pharingeaviricetes,Rowavirales,Adenoviridae,Mastadenovirus,
Mastadenovirus,10509,0.36,0.06,0.36,0.17,,0.15,,,,0.21,,0.22,,0.19,,9615.0,Canis lupus familiaris,Varidnaviria,Bamfordvirae,Preplasmiviricota,Polisuviricotina,Pharingeaviricetes,Rowavirales,Adenoviridae,Mastadenovirus,
Mastadenovirus,10509,0.36,0.06,0.36,0.17,,0.15,,,,0.21,,0.22,,0.19,,9823.0,Sus scrofa,Varidnaviria,Bamfordvirae,Preplasmiviricota,Polisuviricotina,Pharingeaviricetes,Rowavirales,Adenoviridae,Mastadenovirus,
Mastadenovirus,10509,0.36,0.06,0.36,0.17,,0.15,,,,0.21,,0.22,,0.19,,203696.0,Myotis pilosus,Varidnaviria,Bamfordvirae,Preplasmiviricota,Polisuviricotina,Pharingeaviricetes,Rowavirales,Adenoviridae,Mastadenovirus,
Mastadenovirus,10509,0.36,0.06,0.36,0.17,,0.15,,,,0.21,,0.22,,0.19,,225399.0,Myotis chinensis,Varidnaviria,Bamfordvirae,Preplasmiviricota,Polisuviricotina,Pharingeaviricetes,Rowavirales,Adenoviridae,Mastadenovirus,
Mastadenovirus,10509,0.36,0.06,0.36,0.17,,0.15,,,,0.21,,0.22,,0.19,,105273.0,Vespertilio sinensis,Varidnaviria,Bamfordvirae,Preplasmiviricota,Polisuviricotina,Pharingeaviricetes,Rowavirales,Adenoviridae,Mastadenovirus,
Mastadenovirus,10509,0.36,0.06,0.36,0.17,,0.15,,,,0.21,,0.22,,0.19,,27674.0,Corynorhinus rafinesquii,Varidnaviria,Bamfordvirae,Preplasmiviricota,Polisuviricotina,Pharingeaviricetes,Rowavirales,Adenoviridae,Mastadenovirus,
Mastadenovirus,10509,0.36,0.06,0.36,0.17,,0.15,,,,0.21,,0.22,,0.19,,9402.0,Pteropus alecto,Varidnaviria,Bamfordvirae,Preplasmiviricota,Polisuviricotina,Pharingeaviricetes,Rowavirales,Adenoviridae,Mastadenovirus,
Mastadenovirus,10509,0.36,0.06,0.36,0.17,,0.15,,,,0.21,,0.22,,0.19,,9408.0,Rousettus leschenaultii,Varidnaviria,Bamfordvirae,Preplasmiviricota,Polisuviricotina,Pharingeaviricetes,Rowavirales,Adenoviridae,Mastadenovirus,
Mastadenovirus,10509,0.36,0.06,0.36,0.17,,0.15,,,,0.21,,0.22,,0.19,,9544.0,Macaca mulatta,Varidnaviria,Bamfordvirae,Preplasmiviricota,Polisuviricotina,Pharingeaviricetes,Rowavirales,Adenoviridae,Mastadenovirus,
Mastadenovirus,10509,0.36,0.06,0.36,0.17,,0.15,,,,0.21,,0.22,,0.19,,89399.0,Rhinolophus sinicus,Varidnaviria,Bamfordvirae,Preplasmiviricota,Polisuviricotina,Pharingeaviricetes,Rowavirales,Adenoviridae,Mastadenovirus,
Mastadenovirus,10509,0.36,0.06,0.36,0.17,,0.15,,,,0.21,,0.22,,0.19,,9432.0,Miniopterus,Varidnaviria,Bamfordvirae,Preplasmiviricota,Polisuviricotina,Pharingeaviricetes,Rowavirales,Adenoviridae,Mastadenovirus,
Mastadenovirus,10509,0.36,0.06,0.36,0.17,,0.15,,,,0.21,,0.22,,0.19,,9433.0,Miniopterus schreibersii,Varidnaviria,Bamfordvirae,Preplasmiviricota,Polisuviricotina,Pharingeaviricetes,Rowavirales,Adenoviridae,Mastadenovirus,
Mastadenovirus,10509,0.36,0.06,0.36,0.17,,0.15,,,,0.21,,0.22,,0.19,,9739.0,Tursiops truncatus,Varidnaviria,Bamfordvirae,Preplasmiviricota,Polisuviricotina,Pharingeaviricetes,Rowavirales,Adenoviridae,Mastadenovirus,
Mastadenovirus,10509,0.36,0.06,0.36,0.17,,0.15,,,,0.21,,0.22,,0.19,,9913.0,Bos taurus,Varidnaviria,Bamfordvirae,Preplasmiviricota,Polisuviricotina,Pharingeaviricetes,Rowavirales,Adenoviridae,Mastadenovirus,
Mastadenovirus,10509,0.36,0.06,0.36,0.17,,0.15,,,,0.21,,0.22,,0.19,,9704.0,Zalophus californianus,Varidnaviria,Bamfordvirae,Preplasmiviricota,Polisuviricotina,Pharingeaviricetes,Rowavirales,Adenoviridae,Mastadenovirus,
Mastadenovirus,10509,0.36,0.06,0.36,0.17,,0.15,,,,0.21,,0.22,,0.19,,9598.0,Pan troglodytes,Varidnaviria,Bamfordvirae,Preplasmiviricota,Polisuviricotina,Pharingeaviricetes,Rowavirales,Adenoviridae,Mastadenovirus,
Mastadenovirus,10509,0.36,0.06,0.36,0.17,,0.15,,,,0.21,,0.22,,0.19,,9541.0,Macaca fascicularis,Varidnaviria,Bamfordvirae,Preplasmiviricota,Polisuviricotina,Pharingeaviricetes,Rowavirales,Adenoviridae,Mastadenovirus,
Mastadenovirus,10509,0.36,0.06,0.36,0.17,,0.15,,,,0.21,,0.22,,0.19,,9874.0,Odocoileus virginianus,Varidnaviria,Bamfordvirae,Preplasmiviricota,Polisuviricotina,Pharingeaviricetes,Rowavirales,Adenoviridae,Mastadenovirus,
Mastadenovirus,10509,0.36,0.06,0.36,0.17,,0.15,,,,0.21,,0.22,,0.19,,77214.0,Eidolon helvum,Varidnaviria,Bamfordvirae,Preplasmiviricota,Polisuviricotina,Pharingeaviricetes,Rowavirales,Adenoviridae,Mastadenovirus,
Mastadenovirus,10509,0.36,0.06,0.36,0.17,,0.15,,,,0.21,,0.22,,0.19,,9796.0,Equus caballus,Varidnaviria,Bamfordvirae,Preplasmiviricota,Polisuviricotina,Pharingeaviricetes,Rowavirales,Adenoviridae,Mastadenovirus,
Mastadenovirus,10509,0.36,0.06,0.36,0.17,,0.15,,,,0.21,,0.22,,0.19,,10141.0,Cavia porcellus,Varidnaviria,Bamfordvirae,Preplasmiviricota,Polisuviricotina,Pharingeaviricetes,Rowavirales,Adenoviridae,Mastadenovirus,
Mastadenovirus,10509,0.36,0.06,0.36,0.17,,0.15,,,,0.21,,0.22,,0.19,,10090.0,Mus musculus,Varidnaviria,Bamfordvirae,Preplasmiviricota,Polisuviricotina,Pharingeaviricetes,Rowavirales,Adenoviridae,Mastadenovirus,
Mastadenovirus,10509,0.36,0.06,0.36,0.17,,0.15,,,,0.21,,0.22,,0.19,,39030.0,Apodemus agrarius,Varidnaviria,Bamfordvirae,Preplasmiviricota,Polisuviricotina,Pharingeaviricetes,Rowavirales,Adenoviridae,Mastadenovirus,
Mastadenovirus,10509,0.36,0.06,0.36,0.17,,0.15,,,,0.21,,0.22,,0.19,,29073.0,Ursus maritimus,Varidnaviria,Bamfordvirae,Preplasmiviricota,Polisuviricotina,Pharingeaviricetes,Rowavirales,Adenoviridae,Mastadenovirus,
Mastadenovirus,10509,0.36,0.06,0.36,0.17,,0.15,,,,0.21,,0.22,,0.19,,10009.0,Tamiasciurus hudsonicus,Varidnaviria,Bamfordvirae,Preplasmiviricota,Polisuviricotina,Pharingeaviricetes,Rowavirales,Adenoviridae,Mastadenovirus,
Mastadenovirus,10509,0.36,0.06,0.36,0.17,,0.15,,,,0.21,,0.22,,0.19,,55149.0,Sciurus vulgaris,Varidnaviria,Bamfordvirae,Preplasmiviricota,Polisuviricotina,Pharingeaviricetes,Rowavirales,Adenoviridae,Mastadenovirus,
Mastadenovirus,10509,0.36,0.06,0.36,0.17,,0.15,,,,0.21,,0.22,,0.19,,9407.0,Rousettus aegyptiacus,Varidnaviria,Bamfordvirae,Preplasmiviricota,Polisuviricotina,Pharingeaviricetes,Rowavirales,Adenoviridae,Mastadenovirus,
Mastadenovirus,10509,0.36,0.06,0.36,0.17,,0.15,,,,0.21,,0.22,,0.19,,9539.0,Macaca,Varidnaviria,Bamfordvirae,Preplasmiviricota,Polisuviricotina,Pharingeaviricetes,Rowavirales,Adenoviridae,Mastadenovirus,
Mastadenovirus,10509,0.36,0.06,0.36,0.17,,0.15,,,,0.21,,0.22,,0.19,,9549.0,Macaca sp.,Varidnaviria,Bamfordvirae,Preplasmiviricota,Polisuviricotina,Pharingeaviricetes,Rowavirales,Adenoviridae,Mastadenovirus,
Mastadenovirus,10509,0.36,0.06,0.36,0.17,,0.15,,,,0.21,,0.22,,0.19,,60710.0,Chlorocebus pygerythrus,Varidnaviria,Bamfordvirae,Preplasmiviricota,Polisuviricotina,Pharingeaviricetes,Rowavirales,Adenoviridae,Mastadenovirus,
Mastadenovirus,10509,0.36,0.06,0.36,0.17,,0.15,,,,0.21,,0.22,,0.19,,9556.0,Papio cynocephalus,Varidnaviria,Bamfordvirae,Preplasmiviricota,Polisuviricotina,Pharingeaviricetes,Rowavirales,Adenoviridae,Mastadenovirus,
Mastadenovirus,10509,0.36,0.06,0.36,0.17,,0.15,,,,0.21,,0.22,,0.19,,9592.0,Gorilla,Varidnaviria,Bamfordvirae,Preplasmiviricota,Polisuviricotina,Pharingeaviricetes,Rowavirales,Adenoviridae,Mastadenovirus,
Mastadenovirus,10509,0.36,0.06,0.36,0.17,,0.15,,,,0.21,,0.22,,0.19,,9597.0,Pan paniscus,Varidnaviria,Bamfordvirae,Preplasmiviricota,Polisuviricotina,Pharingeaviricetes,Rowavirales,Adenoviridae,Mastadenovirus,
Mastadenovirus,10509,0.36,0.06,0.36,0.17,,0.15,,,,0.21,,0.22,,0.19,,61622.0,Rhinopithecus roxellana,Varidnaviria,Bamfordvirae,Preplasmiviricota,Polisuviricotina,Pharingeaviricetes,Rowavirales,Adenoviridae,Mastadenovirus,
Mastadenovirus,10509,0.36,0.06,0.36,0.17,,0.15,,,,0.21,,0.22,,0.19,,9528.0,Cercopithecinae,Varidnaviria,Bamfordvirae,Preplasmiviricota,Polisuviricotina,Pharingeaviricetes,Rowavirales,Adenoviridae,Mastadenovirus,
Mastadenovirus,10509,0.36,0.06,0.36,0.17,,0.15,,,,0.21,,0.22,,0.19,,30543.0,Conepatus leuconotus,Varidnaviria,Bamfordvirae,Preplasmiviricota,Polisuviricotina,Pharingeaviricetes,Rowavirales,Adenoviridae,Mastadenovirus,
Mastadenovirus,10509,0.36,0.06,0.36,0.17,,0.15,,,,0.21,,0.22,,0.19,,202457.0,Plecturocebus cupreus,Varidnaviria,Bamfordvirae,Preplasmiviricota,Polisuviricotina,Pharingeaviricetes,Rowavirales,Adenoviridae,Mastadenovirus,
Mastadenovirus,10509,0.36,0.06,0.36,0.17,,0.15,,,,0.21,,0.22,,0.19,,9394.0,Tupaia,Varidnaviria,Bamfordvirae,Preplasmiviricota,Polisuviricotina,Pharingeaviricetes,Rowavirales,Adenoviridae,Mastadenovirus,
Aviadenovirus,10552,0.07,,,0.09,,,,,,,,,,,,8855.0,Cairina moschata,Varidnaviria,Bamfordvirae,Preplasmiviricota,Polisuviricotina,Pharingeaviricetes,Rowavirales,Adenoviridae,Aviadenovirus,
Aviadenovirus,10552,0.07,,,0.09,,,,,,,,,,,,8843.0,Anser anser,Varidnaviria,Bamfordvirae,Preplasmiviricota,Polisuviricotina,Pharingeaviricetes,Rowavirales,Adenoviridae,Aviadenovirus,
Aviadenovirus,10552,0.07,,,0.09,,,,,,,,,,,,8930.0,Columbidae,Varidnaviria,Bamfordvirae,Preplasmiviricota,Polisuviricotina,Pharingeaviricetes,Rowavirales,Adenoviridae,Aviadenovirus,
Aviadenovirus,10552,0.07,,,0.09,,,,,,,,,,,,8932.0,Columba livia,Varidnaviria,Bamfordvirae,Preplasmiviricota,Polisuviricotina,Pharingeaviricetes,Rowavirales,Adenoviridae,Aviadenovirus,
Aviadenovirus,10552,0.07,,,0.09,,,,,,,,,,,,176045.0,Poicephalus senegalus,Varidnaviria,Bamfordvirae,Preplasmiviricota,Polisuviricotina,Pharingeaviricetes,Rowavirales,Adenoviridae,Aviadenovirus,
Aviadenovirus,10552,0.07,,,0.09,,,,,,,,,,,,523728.0,Poicephalus rufiventris,Varidnaviria,Bamfordvirae,Preplasmiviricota,Polisuviricotina,Pharingeaviricetes,Rowavirales,Adenoviridae,Aviadenovirus,
Aviadenovirus,10552,0.07,,,0.09,,,,,,,,,,,,178885.0,Psittacara leucophthalmus,Varidnaviria,Bamfordvirae,Preplasmiviricota,Polisuviricotina,Pharingeaviricetes,Rowavirales,Adenoviridae,Aviadenovirus,
Aviadenovirus,10552,0.07,,,0.09,,,,,,,,,,,,9103.0,Meleagris gallopavo,Varidnaviria,Bamfordvirae,Preplasmiviricota,Polisuviricotina,Pharingeaviricetes,Rowavirales,Adenoviridae,Aviadenovirus,
Tequatrovirus,10663,0.09,0.09,,,,,,,,,,,0.13,,,67825.0,Citrobacter rodentium,Duplodnaviria,Heunggongvirae,Uroviricota,Caudoviricetes,Pantevenvirales,Straboviridae,Tevenvirinae,Tequatrovirus,dsDNA
Tequatrovirus,10663,0.09,0.09,,,,,,,,,,,0.13,,,870963.0,Escherichia coli O127:B8,Duplodnaviria,Heunggongvirae,Uroviricota,Caudoviricetes,Pantevenvirales,Straboviridae,Tevenvirinae,Tequatrovirus,dsDNA
Tequatrovirus,10663,0.09,0.09,,,,,,,,,,,0.13,,,991915.0,Escherichia coli O121:H19,Duplodnaviria,Heunggongvirae,Uroviricota,Caudoviricetes,Pantevenvirales,Straboviridae,Tevenvirinae,Tequatrovirus,dsDNA
Tequatrovirus,10663,0.09,0.09,,,,,,,,,,,0.13,,,373045.0,Escherichia coli O111:NM,Duplodnaviria,Heunggongvirae,Uroviricota,Caudoviricetes,Pantevenvirales,Straboviridae,Tevenvirinae,Tequatrovirus,dsDNA
Tequatrovirus,10663,0.09,0.09,,,,,,,,,,,0.13,,,376725.0,Escherichia coli O103:H2,Duplodnaviria,Heunggongvirae,Uroviricota,Caudoviricetes,Pantevenvirales,Straboviridae,Tevenvirinae,Tequatrovirus,dsDNA
Tequatrovirus,10663,0.09,0.09,,,,,,,,,,,0.13,,,37762.0,Escherichia coli B,Duplodnaviria,Heunggongvirae,Uroviricota,Caudoviricetes,Pantevenvirales,Straboviridae,Tevenvirinae,Tequatrovirus,dsDNA
Tequatrovirus,10663,0.09,0.09,,,,,,,,,,,0.13,,,543.0,Enterobacteriaceae,Duplodnaviria,Heunggongvirae,Uroviricota,Caudoviricetes,Pantevenvirales,Straboviridae,Tevenvirinae,Tequatrovirus,dsDNA
Tequatrovirus,10663,0.09,0.09,,,,,,,,,,,0.13,,,83333.0,Escherichia coli K-12,Duplodnaviria,Heunggongvirae,Uroviricota,Caudoviricetes,Pantevenvirales,Straboviridae,Tevenvirinae,Tequatrovirus,dsDNA
Tequatrovirus,10663,0.09,0.09,,,,,,,,,,,0.13,,,679895.0,Escherichia coli BW25113,Duplodnaviria,Heunggongvirae,Uroviricota,Caudoviricetes,Pantevenvirales,Straboviridae,Tevenvirinae,Tequatrovirus,dsDNA
Tequatrovirus,10663,0.09,0.09,,,,,,,,,,,0.13,,,511145.0,Escherichia coli str. K-12 substr. MG1655,Duplodnaviria,Heunggongvirae,Uroviricota,Caudoviricetes,Pantevenvirales,Straboviridae,Tevenvirinae,Tequatrovirus,dsDNA
Tequatrovirus,10663,0.09,0.09,,,,,,,,,,,0.13,,,1322345.0,Escherichia coli ATCC 25922,Duplodnaviria,Heunggongvirae,Uroviricota,Caudoviricetes,Pantevenvirales,Straboviridae,Tevenvirinae,Tequatrovirus,dsDNA
Tequatrovirus,10663,0.09,0.09,,,,,,,,,,,0.13,,,564.0,Escherichia fergusonii,Duplodnaviria,Heunggongvirae,Uroviricota,Caudoviricetes,Pantevenvirales,Straboviridae,Tevenvirinae,Tequatrovirus,dsDNA
Tequatrovirus,10663,0.09,0.09,,,,,,,,,,,0.13,,,316385.0,Escherichia coli str. K-12 substr. DH10B,Duplodnaviria,Heunggongvirae,Uroviricota,Caudoviricetes,Pantevenvirales,Straboviridae,Tevenvirinae,Tequatrovirus,dsDNA
Tequatrovirus,10663,0.09,0.09,,,,,,,,,,,0.13,,,1389955.0,Escherichia coli ATCC 35150,Duplodnaviria,Heunggongvirae,Uroviricota,Caudoviricetes,Pantevenvirales,Straboviridae,Tevenvirinae,Tequatrovirus,dsDNA
Tequatrovirus,10663,0.09,0.09,,,,,,,,,,,0.13,,,623.0,Shigella flexneri,Duplodnaviria,Heunggongvirae,Uroviricota,Caudoviricetes,Pantevenvirales,Straboviridae,Tevenvirinae,Tequatrovirus,dsDNA
Tequatrovirus,10663,0.09,0.09,,,,,,,,,,,0.13,,,199310.0,Escherichia coli CFT073,Duplodnaviria,Heunggongvirae,Uroviricota,Caudoviricetes,Pantevenvirales,Straboviridae,Tevenvirinae,Tequatrovirus,dsDNA
Tequatrovirus,10663,0.09,0.09,,,,,,,,,,,0.13,,,1.0,root,Duplodnaviria,Heunggongvirae,Uroviricota,Caudoviricetes,Pantevenvirales,Straboviridae,Tevenvirinae,Tequatrovirus,dsDNA
Tequatrovirus,10663,0.09,0.09,,,,,,,,,,,0.13,,,2056315.0,Escherichia coli O177,Duplodnaviria,Heunggongvirae,Uroviricota,Caudoviricetes,Pantevenvirales,Straboviridae,Tevenvirinae,Tequatrovirus,dsDNA
Tequatrovirus,10663,0.09,0.09,,,,,,,,,,,0.13,,,2072463.0,Escherichia coli O78,Duplodnaviria,Heunggongvirae,Uroviricota,Caudoviricetes,Pantevenvirales,Straboviridae,Tevenvirinae,Tequatrovirus,dsDNA
Tequatrovirus,10663,0.09,0.09,,,,,,,,,,,0.13,,,668369.0,Escherichia coli DH5[alpha],Duplodnaviria,Heunggongvirae,Uroviricota,Caudoviricetes,Pantevenvirales,Straboviridae,Tevenvirinae,Tequatrovirus,dsDNA
Tequatrovirus,10663,0.09,0.09,,,,,,,,,,,0.13,,,1411081.0,Escherichia coli NDM-1,Duplodnaviria,Heunggongvirae,Uroviricota,Caudoviricetes,Pantevenvirales,Straboviridae,Tevenvirinae,Tequatrovirus,dsDNA
Tequatrovirus,10663,0.09,0.09,,,,,,,,,,,0.13,,,2072453.0,Escherichia coli O104,Duplodnaviria,Heunggongvirae,Uroviricota,Caudoviricetes,Pantevenvirales,Straboviridae,Tevenvirinae,Tequatrovirus,dsDNA
Tequatrovirus,10663,0.09,0.09,,,,,,,,,,,0.13,,,1446604.0,Escherichia coli O156:H25,Duplodnaviria,Heunggongvirae,Uroviricota,Caudoviricetes,Pantevenvirales,Straboviridae,Tevenvirinae,Tequatrovirus,dsDNA
Tequatrovirus,10663,0.09,0.09,,,,,,,,,,,0.13,,,546367.0,Hafnia paralvei,Duplodnaviria,Heunggongvirae,Uroviricota,Caudoviricetes,Pantevenvirales,Straboviridae,Tevenvirinae,Tequatrovirus,dsDNA
Tequatrovirus,10663,0.09,0.09,,,,,,,,,,,0.13,,,28901.0,Salmonella enterica,Duplodnaviria,Heunggongvirae,Uroviricota,Caudoviricetes,Pantevenvirales,Straboviridae,Tevenvirinae,Tequatrovirus,dsDNA
Tequatrovirus,10663,0.09,0.09,,,,,,,,,,,0.13,,,149539.0,Salmonella enterica subsp. enterica serovar Enteritidis,Duplodnaviria,Heunggongvirae,Uroviricota,Caudoviricetes,Pantevenvirales,Straboviridae,Tevenvirinae,Tequatrovirus,dsDNA
Tequatrovirus,10663,0.09,0.09,,,,,,,,,,,0.13,,,594.0,Salmonella enterica subsp. enterica serovar Gallinarum,Duplodnaviria,Heunggongvirae,Uroviricota,Caudoviricetes,Pantevenvirales,Straboviridae,Tevenvirinae,Tequatrovirus,dsDNA
Tequatrovirus,10663,0.09,0.09,,,,,,,,,,,0.13,,,272989.0,Salmonella enterica subsp. enterica serovar Enteritidis str. LK5,Duplodnaviria,Heunggongvirae,Uroviricota,Caudoviricetes,Pantevenvirales,Straboviridae,Tevenvirinae,Tequatrovirus,dsDNA
Tequatrovirus,10663,0.09,0.09,,,,,,,,,,,0.13,,,42897.0,Shigella flexneri 2a,Duplodnaviria,Heunggongvirae,Uroviricota,Caudoviricetes,Pantevenvirales,Straboviridae,Tevenvirinae,Tequatrovirus,dsDNA
Tequatrovirus,10663,0.09,0.09,,,,,,,,,,,0.13,,,624.0,Shigella sonnei,Duplodnaviria,Heunggongvirae,Uroviricota,Caudoviricetes,Pantevenvirales,Straboviridae,Tevenvirinae,Tequatrovirus,dsDNA
Tequatrovirus,10663,0.09,0.09,,,,,,,,,,,0.13,,,621.0,Shigella boydii,Duplodnaviria,Heunggongvirae,Uroviricota,Caudoviricetes,Pantevenvirales,Straboviridae,Tevenvirinae,Tequatrovirus,dsDNA
Tequatrovirus,10663,0.09,0.09,,,,,,,,,,,0.13,,,1935181.0,Shigella flexneri 1c,Duplodnaviria,Heunggongvirae,Uroviricota,Caudoviricetes,Pantevenvirales,Straboviridae,Tevenvirinae,Tequatrovirus,dsDNA
Tequatrovirus,10663,0.09,0.09,,,,,,,,,,,0.13,,,620.0,Shigella,Duplodnaviria,Heunggongvirae,Uroviricota,Caudoviricetes,Pantevenvirales,Straboviridae,Tevenvirinae,Tequatrovirus,dsDNA
Tequatrovirus,10663,0.09,0.09,,,,,,,,,,,0.13,,,1280.0,Staphylococcus aureus,Duplodnaviria,Heunggongvirae,Uroviricota,Caudoviricetes,Pantevenvirales,Straboviridae,Tevenvirinae,Tequatrovirus,dsDNA
Tequatrovirus,10663,0.09,0.09,,,,,,,,,,,0.13,,,40323.0,Stenotrophomonas,Duplodnaviria,Heunggongvirae,Uroviricota,Caudoviricetes,Pantevenvirales,Straboviridae,Tevenvirinae,Tequatrovirus,dsDNA
Tequatrovirus,10663,0.09,0.09,,,,,,,,,,,0.13,,,633.0,Yersinia pseudotuberculosis,Duplodnaviria,Heunggongvirae,Uroviricota,Caudoviricetes,Pantevenvirales,Straboviridae,Tevenvirinae,Tequatrovirus,dsDNA
Tequatrovirus,10663,0.09,0.09,,,,,,,,,,,0.13,,,367190.0,Yersinia similis,Duplodnaviria,Heunggongvirae,Uroviricota,Caudoviricetes,Pantevenvirales,Straboviridae,Tevenvirinae,Tequatrovirus,dsDNA
Rotavirus,10912,,,,,,,,,,,2.14,,,,,9606.0,Homo sapiens,Riboviria,Orthornavirae,Duplornaviricota,Resentoviricetes,unclassified Resentoviricetes,Reovirales,Sedoreoviridae,Rotavirus,dsRNA
Rotavirus,10912,,,,,,,,,,,2.14,,,,,9407.0,Rousettus aegyptiacus,Riboviria,Orthornavirae,Duplornaviricota,Resentoviricetes,unclassified Resentoviricetes,Reovirales,Sedoreoviridae,Rotavirus,dsRNA
Rotavirus,10912,,,,,,,,,,,2.14,,,,,60710.0,Chlorocebus pygerythrus,Riboviria,Orthornavirae,Duplornaviricota,Resentoviricetes,unclassified Resentoviricetes,Reovirales,Sedoreoviridae,Rotavirus,dsRNA
Rotavirus,10912,,,,,,,,,,,2.14,,,,,9031.0,Gallus gallus,Riboviria,Orthornavirae,Duplornaviricota,Resentoviricetes,unclassified Resentoviricetes,Reovirales,Sedoreoviridae,Rotavirus,dsRNA
Rotavirus,10912,,,,,,,,,,,2.14,,,,,9433.0,Miniopterus schreibersii,Riboviria,Orthornavirae,Duplornaviricota,Resentoviricetes,unclassified Resentoviricetes,Reovirales,Sedoreoviridae,Rotavirus,dsRNA
Rotavirus,10912,,,,,,,,,,,2.14,,,,,42254.0,Sorex araneus,Riboviria,Orthornavirae,Duplornaviricota,Resentoviricetes,unclassified Resentoviricetes,Reovirales,Sedoreoviridae,Rotavirus,dsRNA
Sobemovirus,12137,0.23,1.24,0.33,,,,0.24,,,,,,,,,35608.0,Artemisia annua,Riboviria,Orthornavirae,Pisuviricota,Pisoniviricetes,Sobelivirales,Solemoviridae,Sobemovirus,Sobemovirus ARTVA,
Sobemovirus,12137,0.23,1.24,0.33,,,,0.24,,,,,,,,,69266.0,Vaccinium corymbosum,Riboviria,Orthornavirae,Pisuviricota,Pisoniviricetes,Sobelivirales,Solemoviridae,Sobemovirus,Sobemovirus BSSV,
Sobemovirus,12137,0.23,1.24,0.33,,,,0.24,,,,,,,,,472369.0,Vaccinium angustifolium,Riboviria,Orthornavirae,Pisuviricota,Pisoniviricetes,Sobelivirales,Solemoviridae,Sobemovirus,Sobemovirus BSSV,
Sobemovirus,12137,0.23,1.24,0.33,,,,0.24,,,,,,,,,3394667.0,Vaccinium sp.,Riboviria,Orthornavirae,Pisuviricota,Pisoniviricetes,Sobelivirales,Solemoviridae,Sobemovirus,Sobemovirus BSSV,
Sobemovirus,12137,0.23,1.24,0.33,,,,0.24,,,,,,,,,4509.0,Dactylis glomerata,Riboviria,Orthornavirae,Pisuviricota,Pisoniviricetes,Sobelivirales,Solemoviridae,Sobemovirus,Sobemovirus CFMV,
Sobemovirus,12137,0.23,1.24,0.33,,,,0.24,,,,,,,,,4565.0,Triticum aestivum,Riboviria,Orthornavirae,Pisuviricota,Pisoniviricetes,Sobelivirales,Solemoviridae,Sobemovirus,Sobemovirus CFMV,
Sobemovirus,12137,0.23,1.24,0.33,,,,0.24,,,,,,,,,112607.0,Cymbidium goeringii,Riboviria,Orthornavirae,Pisuviricota,Pisoniviricetes,Sobelivirales,Solemoviridae,Sobemovirus,Sobemovirus CYCMV,
Sobemovirus,12137,0.23,1.24,0.33,,,,0.24,,,,,,,,,80369.0,Imperata cylindrica,Riboviria,Orthornavirae,Pisuviricota,Pisoniviricetes,Sobelivirales,Solemoviridae,Sobemovirus,Sobemovirus IYMV,
Sobemovirus,12137,0.23,1.24,0.33,,,,0.24,,,,,,,,,1056900.0,Ophiuros exaltatus,Riboviria,Orthornavirae,Pisuviricota,Pisoniviricetes,Sobelivirales,Solemoviridae,Sobemovirus,Sobemovirus IYMV,
Sobemovirus,12137,0.23,1.24,0.33,,,,0.24,,,,,,,,,3879.0,Medicago sativa,Riboviria,Orthornavirae,Pisuviricota,Pisoniviricetes,Sobelivirales,Solemoviridae,Sobemovirus,Sobemovirus LTSV,
Sobemovirus,12137,0.23,1.24,0.33,,,,0.24,,,,,,,,,78534.0,Trigonella foenum-graecum,Riboviria,Orthornavirae,Pisuviricota,Pisoniviricetes,Sobelivirales,Solemoviridae,Sobemovirus,Sobemovirus LTSV,
Sobemovirus,12137,0.23,1.24,0.33,,,,0.24,,,,,,,,,3649.0,Carica papaya,Riboviria,Orthornavirae,Pisuviricota,Pisoniviricetes,Sobelivirales,Solemoviridae,Sobemovirus,Sobemovirus PLYV,
Sobemovirus,12137,0.23,1.24,0.33,,,,0.24,,,,,,,,,126903.0,Physalis peruviana,Riboviria,Orthornavirae,Pisuviricota,Pisoniviricetes,Sobelivirales,Solemoviridae,Sobemovirus,Sobemovirus PHYRMV,
Sobemovirus,12137,0.23,1.24,0.33,,,,0.24,,,,,,,,,4530.0,Oryza sativa,Riboviria,Orthornavirae,Pisuviricota,Pisoniviricetes,Sobelivirales,Solemoviridae,Sobemovirus,Sobemovirus RYMV,
Sobemovirus,12137,0.23,1.24,0.33,,,,0.24,,,,,,,,,4577.0,Zea mays,Riboviria,Orthornavirae,Pisuviricota,Pisoniviricetes,Sobelivirales,Solemoviridae,Sobemovirus,Sobemovirus ROMOV,
Sobemovirus,12137,0.23,1.24,0.33,,,,0.24,,,,,,,,,4498.0,Avena sativa,Riboviria,Orthornavirae,Pisuviricota,Pisoniviricetes,Sobelivirales,Solemoviridae,Sobemovirus,Sobemovirus RGMOV,
Sobemovirus,12137,0.23,1.24,0.33,,,,0.24,,,,,,,,,206309.0,Sesbania grandiflora,Riboviria,Orthornavirae,Pisuviricota,Pisoniviricetes,Sobelivirales,Solemoviridae,Sobemovirus,Sobemovirus SEMV,
Sobemovirus,12137,0.23,1.24,0.33,,,,0.24,,,,,,,,,8570.0,Serpentes,Riboviria,Orthornavirae,Pisuviricota,Pisoniviricetes,Sobelivirales,Solemoviridae,Sobemovirus,Sobemovirus SMAMV,
Sobemovirus,12137,0.23,1.24,0.33,,,,0.24,,,,,,,,,81866.0,Nicotiana clevelandii,Riboviria,Orthornavirae,Pisuviricota,Pisoniviricetes,Sobelivirales,Solemoviridae,Sobemovirus,Sobemovirus SNMOV,
Sobemovirus,12137,0.23,1.24,0.33,,,,0.24,,,,,,,,,85267.0,Solanum nodiflorum,Riboviria,Orthornavirae,Pisuviricota,Pisoniviricetes,Sobelivirales,Solemoviridae,Sobemovirus,Sobemovirus SNMOV,
Sobemovirus,12137,0.23,1.24,0.33,,,,0.24,,,,,,,,,3885.0,Phaseolus vulgaris,Riboviria,Orthornavirae,Pisuviricota,Pisoniviricetes,Sobelivirales,Solemoviridae,Sobemovirus,Sobemovirus SBMV,
Sobemovirus,12137,0.23,1.24,0.33,,,,0.24,,,,,,,,,3847.0,Glycine max,Riboviria,Orthornavirae,Pisuviricota,Pisoniviricetes,Sobelivirales,Solemoviridae,Sobemovirus,Sobemovirus SCPMV,
Sobemovirus,12137,0.23,1.24,0.33,,,,0.24,,,,,,,,,3915.0,Vigna mungo,Riboviria,Orthornavirae,Pisuviricota,Pisoniviricetes,Sobelivirales,Solemoviridae,Sobemovirus,Sobemovirus SCPMV,
Sobemovirus,12137,0.23,1.24,0.33,,,,0.24,,,,,,,,,3917.0,Vigna unguiculata,Riboviria,Orthornavirae,Pisuviricota,Pisoniviricetes,Sobelivirales,Solemoviridae,Sobemovirus,Sobemovirus SCPMV,
Sobemovirus,12137,0.23,1.24,0.33,,,,0.24,,,,,,,,,3162414.0,Rubus sp.,Riboviria,Orthornavirae,Pisuviricota,Pisoniviricetes,Sobelivirales,Solemoviridae,Sobemovirus,Sobemovirus SOMV,
Sobemovirus,12137,0.23,1.24,0.33,,,,0.24,,,,,,,,,3900.0,Trifolium subterraneum,Riboviria,Orthornavirae,Pisuviricota,Pisoniviricetes,Sobelivirales,Solemoviridae,Sobemovirus,Sobemovirus SCMOV,
Sobemovirus,12137,0.23,1.24,0.33,,,,0.24,,,,,,,,,3711.0,Brassica rapa,Riboviria,Orthornavirae,Pisuviricota,Pisoniviricetes,Sobelivirales,Solemoviridae,Sobemovirus,Sobemovirus TROV,
Sobemovirus,12137,0.23,1.24,0.33,,,,0.24,,,,,,,,,49454.0,Nicotiana velutina,Riboviria,Orthornavirae,Pisuviricota,Pisoniviricetes,Sobelivirales,Solemoviridae,Sobemovirus,Sobemovirus VTMOV,
Tombusvirus,12141,,0.25,0.12,,,,,0.28,,,,,,,,,,,,,,,,,,
Carlavirus,12163,0.32,0.1,0.2,0.12,,0.17,,0.22,,0.25,,,0.13,0.26,0.4,85363.0,Aconitum carmichaelii,Riboviria,Orthornavirae,Kitrinoviricota,Alsuviricetes,Tymovirales,Betaflexiviridae,Quinvirinae,Carlavirus,+ssRNA
Carlavirus,12163,0.32,0.1,0.2,0.12,,0.17,,0.22,,0.25,,,0.13,0.26,0.4,51426.0,Agapanthus,Riboviria,Orthornavirae,Kitrinoviricota,Alsuviricetes,Tymovirales,Betaflexiviridae,Quinvirinae,Carlavirus,+ssRNA
Carlavirus,12163,0.32,0.1,0.2,0.12,,0.17,,0.22,,0.25,,,0.13,0.26,0.4,3879.0,Medicago sativa,Riboviria,Orthornavirae,Kitrinoviricota,Alsuviricetes,Tymovirales,Betaflexiviridae,Quinvirinae,Carlavirus,+ssRNA
Carlavirus,12163,0.32,0.1,0.2,0.12,,0.17,,0.22,,0.25,,,0.13,0.26,0.4,3486.0,Humulus lupulus,Riboviria,Orthornavirae,Kitrinoviricota,Alsuviricetes,Tymovirales,Betaflexiviridae,Quinvirinae,Carlavirus,+ssRNA
Carlavirus,12163,0.32,0.1,0.2,0.12,,0.17,,0.22,,0.25,,,0.13,0.26,0.4,265785.0,Atractylodes macrocephala,Riboviria,Orthornavirae,Kitrinoviricota,Alsuviricetes,Tymovirales,Betaflexiviridae,Quinvirinae,Carlavirus,+ssRNA
Carlavirus,12163,0.32,0.1,0.2,0.12,,0.17,,0.22,,0.25,,,0.13,0.26,0.4,3505.0,Betula pendula,Riboviria,Orthornavirae,Kitrinoviricota,Alsuviricetes,Tymovirales,Betaflexiviridae,Quinvirinae,Carlavirus,+ssRNA
Carlavirus,12163,0.32,0.1,0.2,0.12,,0.17,,0.22,,0.25,,,0.13,0.26,0.4,13750.0,Vaccinium macrocarpon,Riboviria,Orthornavirae,Kitrinoviricota,Alsuviricetes,Tymovirales,Betaflexiviridae,Quinvirinae,Carlavirus,+ssRNA
Carlavirus,12163,0.32,0.1,0.2,0.12,,0.17,,0.22,,0.25,,,0.13,0.26,0.4,63459.0,Chenopodium quinoa,Riboviria,Orthornavirae,Kitrinoviricota,Alsuviricetes,Tymovirales,Betaflexiviridae,Quinvirinae,Carlavirus,+ssRNA
Carlavirus,12163,0.32,0.1,0.2,0.12,,0.17,,0.22,,0.25,,,0.13,0.26,0.4,66262.0,Chenopodium amaranticolor,Riboviria,Orthornavirae,Kitrinoviricota,Alsuviricetes,Tymovirales,Betaflexiviridae,Quinvirinae,Carlavirus,+ssRNA
Carlavirus,12163,0.32,0.1,0.2,0.12,,0.17,,0.22,,0.25,,,0.13,0.26,0.4,69266.0,Vaccinium corymbosum,Riboviria,Orthornavirae,Kitrinoviricota,Alsuviricetes,Tymovirales,Betaflexiviridae,Quinvirinae,Carlavirus,+ssRNA
Carlavirus,12163,0.32,0.1,0.2,0.12,,0.17,,0.22,,0.25,,,0.13,0.26,0.4,186965.0,Petasites japonicus,Riboviria,Orthornavirae,Kitrinoviricota,Alsuviricetes,Tymovirales,Betaflexiviridae,Quinvirinae,Carlavirus,+ssRNA
Carlavirus,12163,0.32,0.1,0.2,0.12,,0.17,,0.22,,0.25,,,0.13,0.26,0.4,983927.0,Epiphyllum,Riboviria,Orthornavirae,Kitrinoviricota,Alsuviricetes,Tymovirales,Betaflexiviridae,Quinvirinae,Carlavirus,+ssRNA
Carlavirus,12163,0.32,0.1,0.2,0.12,,0.17,,0.22,,0.25,,,0.13,0.26,0.4,46246.0,Delphinium,Riboviria,Orthornavirae,Kitrinoviricota,Alsuviricetes,Tymovirales,Betaflexiviridae,Quinvirinae,Carlavirus,+ssRNA
Carlavirus,12163,0.32,0.1,0.2,0.12,,0.17,,0.22,,0.25,,,0.13,0.26,0.4,13422.0,Chrysanthemum,Riboviria,Orthornavirae,Kitrinoviricota,Alsuviricetes,Tymovirales,Betaflexiviridae,Quinvirinae,Carlavirus,+ssRNA
Carlavirus,12163,0.32,0.1,0.2,0.12,,0.17,,0.22,,0.25,,,0.13,0.26,0.4,41568.0,Chrysanthemum x morifolium,Riboviria,Orthornavirae,Kitrinoviricota,Alsuviricetes,Tymovirales,Betaflexiviridae,Quinvirinae,Carlavirus,+ssRNA
Carlavirus,12163,0.32,0.1,0.2,0.12,,0.17,,0.22,,0.25,,,0.13,0.26,0.4,109564.0,Gynura,Riboviria,Orthornavirae,Kitrinoviricota,Alsuviricetes,Tymovirales,Betaflexiviridae,Quinvirinae,Carlavirus,+ssRNA
Carlavirus,12163,0.32,0.1,0.2,0.12,,0.17,,0.22,,0.25,,,0.13,0.26,0.4,16049.0,Clivia miniata,Riboviria,Orthornavirae,Kitrinoviricota,Alsuviricetes,Tymovirales,Betaflexiviridae,Quinvirinae,Carlavirus,+ssRNA
Carlavirus,12163,0.32,0.1,0.2,0.12,,0.17,,0.22,,0.25,,,0.13,0.26,0.4,3712.0,Brassica oleracea,Riboviria,Orthornavirae,Kitrinoviricota,Alsuviricetes,Tymovirales,Betaflexiviridae,Quinvirinae,Carlavirus,+ssRNA
Carlavirus,12163,0.32,0.1,0.2,0.12,,0.17,,0.22,,0.25,,,0.13,0.26,0.4,22002.0,Verbena,Riboviria,Orthornavirae,Kitrinoviricota,Alsuviricetes,Tymovirales,Betaflexiviridae,Quinvirinae,Carlavirus,+ssRNA
Carlavirus,12163,0.32,0.1,0.2,0.12,,0.17,,0.22,,0.25,,,0.13,0.26,0.4,3917.0,Vigna unguiculata,Riboviria,Orthornavirae,Kitrinoviricota,Alsuviricetes,Tymovirales,Betaflexiviridae,Quinvirinae,Carlavirus,+ssRNA
Carlavirus,12163,0.32,0.1,0.2,0.12,,0.17,,0.22,,0.25,,,0.13,0.26,0.4,81866.0,Nicotiana clevelandii,Riboviria,Orthornavirae,Kitrinoviricota,Alsuviricetes,Tymovirales,Betaflexiviridae,Quinvirinae,Carlavirus,+ssRNA
Carlavirus,12163,0.32,0.1,0.2,0.12,,0.17,,0.22,,0.25,,,0.13,0.26,0.4,3659.0,Cucumis sativus,Riboviria,Orthornavirae,Kitrinoviricota,Alsuviricetes,Tymovirales,Betaflexiviridae,Quinvirinae,Carlavirus,+ssRNA
Carlavirus,12163,0.32,0.1,0.2,0.12,,0.17,,0.22,,0.25,,,0.13,0.26,0.4,329675.0,Daphne odora,Riboviria,Orthornavirae,Kitrinoviricota,Alsuviricetes,Tymovirales,Betaflexiviridae,Quinvirinae,Carlavirus,+ssRNA
Carlavirus,12163,0.32,0.1,0.2,0.12,,0.17,,0.22,,0.25,,,0.13,0.26,0.4,57008.0,Sambucus canadensis,Riboviria,Orthornavirae,Kitrinoviricota,Alsuviricetes,Tymovirales,Betaflexiviridae,Quinvirinae,Carlavirus,+ssRNA
Carlavirus,12163,0.32,0.1,0.2,0.12,,0.17,,0.22,,0.25,,,0.13,0.26,0.4,4203.0,Sambucus racemosa,Riboviria,Orthornavirae,Kitrinoviricota,Alsuviricetes,Tymovirales,Betaflexiviridae,Quinvirinae,Carlavirus,+ssRNA
Carlavirus,12163,0.32,0.1,0.2,0.12,,0.17,,0.22,,0.25,,,0.13,0.26,0.4,4100.0,Nicotiana benthamiana,Riboviria,Orthornavirae,Kitrinoviricota,Alsuviricetes,Tymovirales,Betaflexiviridae,Quinvirinae,Carlavirus,+ssRNA
Carlavirus,12163,0.32,0.1,0.2,0.12,,0.17,,0.22,,0.25,,,0.13,0.26,0.4,4682.0,Allium sativum,Riboviria,Orthornavirae,Kitrinoviricota,Alsuviricetes,Tymovirales,Betaflexiviridae,Quinvirinae,Carlavirus,+ssRNA
Carlavirus,12163,0.32,0.1,0.2,0.12,,0.17,,0.22,,0.25,,,0.13,0.26,0.4,1406308.0,Helleborus x hybridus,Riboviria,Orthornavirae,Kitrinoviricota,Alsuviricetes,Tymovirales,Betaflexiviridae,Quinvirinae,Carlavirus,+ssRNA
Carlavirus,12163,0.32,0.1,0.2,0.12,,0.17,,0.22,,0.25,,,0.13,0.26,0.4,4695.0,Hippeastrum,Riboviria,Orthornavirae,Kitrinoviricota,Alsuviricetes,Tymovirales,Betaflexiviridae,Quinvirinae,Carlavirus,+ssRNA
Carlavirus,12163,0.32,0.1,0.2,0.12,,0.17,,0.22,,0.25,,,0.13,0.26,0.4,23110.0,Hydrangea macrophylla,Riboviria,Orthornavirae,Kitrinoviricota,Alsuviricetes,Tymovirales,Betaflexiviridae,Quinvirinae,Carlavirus,+ssRNA
Carlavirus,12163,0.32,0.1,0.2,0.12,,0.17,,0.22,,0.25,,,0.13,0.26,0.4,660624.0,Jasminum sambac,Riboviria,Orthornavirae,Kitrinoviricota,Alsuviricetes,Tymovirales,Betaflexiviridae,Quinvirinae,Carlavirus,+ssRNA
Carlavirus,12163,0.32,0.1,0.2,0.12,,0.17,,0.22,,0.25,,,0.13,0.26,0.4,45339.0,Kalanchoe blossfeldiana,Riboviria,Orthornavirae,Kitrinoviricota,Alsuviricetes,Tymovirales,Betaflexiviridae,Quinvirinae,Carlavirus,+ssRNA
Carlavirus,12163,0.32,0.1,0.2,0.12,,0.17,,0.22,,0.25,,,0.13,0.26,0.4,46072.0,Ligustrum japonicum,Riboviria,Orthornavirae,Kitrinoviricota,Alsuviricetes,Tymovirales,Betaflexiviridae,Quinvirinae,Carlavirus,+ssRNA
Carlavirus,12163,0.32,0.1,0.2,0.12,,0.17,,0.22,,0.25,,,0.13,0.26,0.4,178760.0,Ligustrum obtusifolium,Riboviria,Orthornavirae,Kitrinoviricota,Alsuviricetes,Tymovirales,Betaflexiviridae,Quinvirinae,Carlavirus,+ssRNA
Carlavirus,12163,0.32,0.1,0.2,0.12,,0.17,,0.22,,0.25,,,0.13,0.26,0.4,4688.0,Lilium,Riboviria,Orthornavirae,Kitrinoviricota,Alsuviricetes,Tymovirales,Betaflexiviridae,Quinvirinae,Carlavirus,+ssRNA
Carlavirus,12163,0.32,0.1,0.2,0.12,,0.17,,0.22,,0.25,,,0.13,0.26,0.4,3656.0,Cucumis melo,Riboviria,Orthornavirae,Kitrinoviricota,Alsuviricetes,Tymovirales,Betaflexiviridae,Quinvirinae,Carlavirus,+ssRNA
Carlavirus,12163,0.32,0.1,0.2,0.12,,0.17,,0.22,,0.25,,,0.13,0.26,0.4,3538.0,Mirabilis jalapa,Riboviria,Orthornavirae,Kitrinoviricota,Alsuviricetes,Tymovirales,Betaflexiviridae,Quinvirinae,Carlavirus,+ssRNA
Carlavirus,12163,0.32,0.1,0.2,0.12,,0.17,,0.22,,0.25,,,0.13,0.26,0.4,391288.0,Narcissus tazetta subsp. chinensis,Riboviria,Orthornavirae,Kitrinoviricota,Alsuviricetes,Tymovirales,Betaflexiviridae,Quinvirinae,Carlavirus,+ssRNA
Carlavirus,12163,0.32,0.1,0.2,0.12,,0.17,,0.22,,0.25,,,0.13,0.26,0.4,39639.0,Narcissus pseudonarcissus,Riboviria,Orthornavirae,Kitrinoviricota,Alsuviricetes,Tymovirales,Betaflexiviridae,Quinvirinae,Carlavirus,+ssRNA
Carlavirus,12163,0.32,0.1,0.2,0.12,,0.17,,0.22,,0.25,,,0.13,0.26,0.4,4696.0,Hippeastrum sp.,Riboviria,Orthornavirae,Kitrinoviricota,Alsuviricetes,Tymovirales,Betaflexiviridae,Quinvirinae,Carlavirus,+ssRNA
Carlavirus,12163,0.32,0.1,0.2,0.12,,0.17,,0.22,,0.25,,,0.13,0.26,0.4,3649.0,Carica papaya,Riboviria,Orthornavirae,Kitrinoviricota,Alsuviricetes,Tymovirales,Betaflexiviridae,Quinvirinae,Carlavirus,+ssRNA
Carlavirus,12163,0.32,0.1,0.2,0.12,,0.17,,0.22,,0.25,,,0.13,0.26,0.4,46091.0,Chenopodiastrum murale,Riboviria,Orthornavirae,Kitrinoviricota,Alsuviricetes,Tymovirales,Betaflexiviridae,Quinvirinae,Carlavirus,+ssRNA
Carlavirus,12163,0.32,0.1,0.2,0.12,,0.17,,0.22,,0.25,,,0.13,0.26,0.4,78168.0,Passiflora edulis,Riboviria,Orthornavirae,Kitrinoviricota,Alsuviricetes,Tymovirales,Betaflexiviridae,Quinvirinae,Carlavirus,+ssRNA
Carlavirus,12163,0.32,0.1,0.2,0.12,,0.17,,0.22,,0.25,,,0.13,0.26,0.4,3888.0,Lathyrus oleraceus,Riboviria,Orthornavirae,Kitrinoviricota,Alsuviricetes,Tymovirales,Betaflexiviridae,Quinvirinae,Carlavirus,+ssRNA
Carlavirus,12163,0.32,0.1,0.2,0.12,,0.17,,0.22,,0.25,,,0.13,0.26,0.4,3906.0,Vicia faba,Riboviria,Orthornavirae,Kitrinoviricota,Alsuviricetes,Tymovirales,Betaflexiviridae,Quinvirinae,Carlavirus,+ssRNA
Carlavirus,12163,0.32,0.1,0.2,0.12,,0.17,,0.22,,0.25,,,0.13,0.26,0.4,57577.0,Trifolium pratense,Riboviria,Orthornavirae,Kitrinoviricota,Alsuviricetes,Tymovirales,Betaflexiviridae,Quinvirinae,Carlavirus,+ssRNA
Carlavirus,12163,0.32,0.1,0.2,0.12,,0.17,,0.22,,0.25,,,0.13,0.26,0.4,4072.0,Capsicum annuum,Riboviria,Orthornavirae,Kitrinoviricota,Alsuviricetes,Tymovirales,Betaflexiviridae,Quinvirinae,Carlavirus,+ssRNA
Carlavirus,12163,0.32,0.1,0.2,0.12,,0.17,,0.22,,0.25,,,0.13,0.26,0.4,103528.0,Phlox divaricata,Riboviria,Orthornavirae,Kitrinoviricota,Alsuviricetes,Tymovirales,Betaflexiviridae,Quinvirinae,Carlavirus,+ssRNA
Carlavirus,12163,0.32,0.1,0.2,0.12,,0.17,,0.22,,0.25,,,0.13,0.26,0.4,103543.0,Phlox stolonifera,Riboviria,Orthornavirae,Kitrinoviricota,Alsuviricetes,Tymovirales,Betaflexiviridae,Quinvirinae,Carlavirus,+ssRNA
Carlavirus,12163,0.32,0.1,0.2,0.12,,0.17,,0.22,,0.25,,,0.13,0.26,0.4,3689.0,Populus,Riboviria,Orthornavirae,Kitrinoviricota,Alsuviricetes,Tymovirales,Betaflexiviridae,Quinvirinae,Carlavirus,+ssRNA
Carlavirus,12163,0.32,0.1,0.2,0.12,,0.17,,0.22,,0.25,,,0.13,0.26,0.4,118703.0,Nicotiana megalosiphon,Riboviria,Orthornavirae,Kitrinoviricota,Alsuviricetes,Tymovirales,Betaflexiviridae,Quinvirinae,Carlavirus,+ssRNA
Carlavirus,12163,0.32,0.1,0.2,0.12,,0.17,,0.22,,0.25,,,0.13,0.26,0.4,4113.0,Solanum tuberosum,Riboviria,Orthornavirae,Kitrinoviricota,Alsuviricetes,Tymovirales,Betaflexiviridae,Quinvirinae,Carlavirus,+ssRNA
Carlavirus,12163,0.32,0.1,0.2,0.12,,0.17,,0.22,,0.25,,,0.13,0.26,0.4,3827.0,Cicer arietinum,Riboviria,Orthornavirae,Kitrinoviricota,Alsuviricetes,Tymovirales,Betaflexiviridae,Quinvirinae,Carlavirus,+ssRNA
Carlavirus,12163,0.32,0.1,0.2,0.12,,0.17,,0.22,,0.25,,,0.13,0.26,0.4,74648.0,Rosa lucieae,Riboviria,Orthornavirae,Kitrinoviricota,Alsuviricetes,Tymovirales,Betaflexiviridae,Quinvirinae,Carlavirus,+ssRNA
Carlavirus,12163,0.32,0.1,0.2,0.12,,0.17,,0.22,,0.25,,,0.13,0.26,0.4,36598.0,Rosa sp.,Riboviria,Orthornavirae,Kitrinoviricota,Alsuviricetes,Tymovirales,Betaflexiviridae,Quinvirinae,Carlavirus,+ssRNA
Carlavirus,12163,0.32,0.1,0.2,0.12,,0.17,,0.22,,0.25,,,0.13,0.26,0.4,28911.0,Allium cepa var. aggregatum,Riboviria,Orthornavirae,Kitrinoviricota,Alsuviricetes,Tymovirales,Betaflexiviridae,Quinvirinae,Carlavirus,+ssRNA
Carlavirus,12163,0.32,0.1,0.2,0.12,,0.17,,0.22,,0.25,,,0.13,0.26,0.4,3847.0,Glycine max,Riboviria,Orthornavirae,Kitrinoviricota,Alsuviricetes,Tymovirales,Betaflexiviridae,Quinvirinae,Carlavirus,+ssRNA
Carlavirus,12163,0.32,0.1,0.2,0.12,,0.17,,0.22,,0.25,,,0.13,0.26,0.4,4120.0,Ipomoea batatas,Riboviria,Orthornavirae,Kitrinoviricota,Alsuviricetes,Tymovirales,Betaflexiviridae,Quinvirinae,Carlavirus,+ssRNA
Carlavirus,12163,0.32,0.1,0.2,0.12,,0.17,,0.22,,0.25,,,0.13,0.26,0.4,569628.0,Dioscorea oppositifolia,Riboviria,Orthornavirae,Kitrinoviricota,Alsuviricetes,Tymovirales,Betaflexiviridae,Quinvirinae,Carlavirus,+ssRNA
Potexvirus,12176,0.11,0.19,0.17,,,,0.2,,,5.7,,,0.13,0.12,0.22,4686.0,Asparagus officinalis,Riboviria,Orthornavirae,Kitrinoviricota,Alsuviricetes,Tymovirales,Alphaflexiviridae,Potexvirus,Potexvirus triasparagi,+ssRNA
Potexvirus,12176,0.11,0.19,0.17,,,,0.2,,,5.7,,,0.13,0.12,0.22,63459.0,Chenopodium quinoa,Riboviria,Orthornavirae,Kitrinoviricota,Alsuviricetes,Tymovirales,Alphaflexiviridae,Potexvirus,Potexvirus triasparagi,+ssRNA
Potexvirus,12176,0.11,0.19,0.17,,,,0.2,,,5.7,,,0.13,0.12,0.22,130426.0,Allium chinense,Riboviria,Orthornavirae,Kitrinoviricota,Alsuviricetes,Tymovirales,Alphaflexiviridae,Potexvirus,Potexvirus triasparagi,+ssRNA
Potexvirus,12176,0.11,0.19,0.17,,,,0.2,,,5.7,,,0.13,0.12,0.22,3649.0,Carica papaya,Riboviria,Orthornavirae,Kitrinoviricota,Alsuviricetes,Tymovirales,Alphaflexiviridae,Potexvirus,Potexvirus babaci,+ssRNA
Potexvirus,12176,0.11,0.19,0.17,,,,0.2,,,5.7,,,0.13,0.12,0.22,35926.0,Vasconcellea cundinamarcensis,Riboviria,Orthornavirae,Kitrinoviricota,Alsuviricetes,Tymovirales,Alphaflexiviridae,Potexvirus,Potexvirus babaci,+ssRNA
Potexvirus,12176,0.11,0.19,0.17,,,,0.2,,,5.7,,,0.13,0.12,0.22,66262.0,Chenopodium amaranticolor,Riboviria,Orthornavirae,Kitrinoviricota,Alsuviricetes,Tymovirales,Alphaflexiviridae,Potexvirus,Potexvirus babaci,+ssRNA
Potexvirus,12176,0.11,0.19,0.17,,,,0.2,,,5.7,,,0.13,0.12,0.22,126820.0,Senna occidentalis,Riboviria,Orthornavirae,Kitrinoviricota,Alsuviricetes,Tymovirales,Alphaflexiviridae,Potexvirus,Potexvirus babaci,+ssRNA
Potexvirus,12176,0.11,0.19,0.17,,,,0.2,,,5.7,,,0.13,0.12,0.22,262696.0,Vasconcellea x heilbornii,Riboviria,Orthornavirae,Kitrinoviricota,Alsuviricetes,Tymovirales,Alphaflexiviridae,Potexvirus,Potexvirus babaci,+ssRNA
Potexvirus,12176,0.11,0.19,0.17,,,,0.2,,,5.7,,,0.13,0.12,0.22,4513.0,Hordeum vulgare,Riboviria,Orthornavirae,Kitrinoviricota,Alsuviricetes,Tymovirales,Alphaflexiviridae,Potexvirus,Potexvirus bambusae,+ssRNA
Potexvirus,12176,0.11,0.19,0.17,,,,0.2,,,5.7,,,0.13,0.12,0.22,58923.0,Bambusa oldhamii,Riboviria,Orthornavirae,Kitrinoviricota,Alsuviricetes,Tymovirales,Alphaflexiviridae,Potexvirus,Potexvirus bambusae,+ssRNA
Potexvirus,12176,0.11,0.19,0.17,,,,0.2,,,5.7,,,0.13,0.12,0.22,176265.0,Selenicereus undatus,Riboviria,Orthornavirae,Kitrinoviricota,Alsuviricetes,Tymovirales,Alphaflexiviridae,Potexvirus,Potexvirus ecscacti,+ssRNA
Potexvirus,12176,0.11,0.19,0.17,,,,0.2,,,5.7,,,0.13,0.12,0.22,3983.0,Manihot esculenta,Riboviria,Orthornavirae,Kitrinoviricota,Alsuviricetes,Tymovirales,Alphaflexiviridae,Potexvirus,Potexvirus colombiense,+ssRNA
Potexvirus,12176,0.11,0.19,0.17,,,,0.2,,,5.7,,,0.13,0.12,0.22,4100.0,Nicotiana benthamiana,Riboviria,Orthornavirae,Kitrinoviricota,Alsuviricetes,Tymovirales,Alphaflexiviridae,Potexvirus,Potexvirus marmormanihotis,+ssRNA
Potexvirus,12176,0.11,0.19,0.17,,,,0.2,,,5.7,,,0.13,0.12,0.22,85571.0,Citrus reticulata,Riboviria,Orthornavirae,Kitrinoviricota,Alsuviricetes,Tymovirales,Alphaflexiviridae,Potexvirus,Mandarivirus,+ssRNA
Potexvirus,12176,0.11,0.19,0.17,,,,0.2,,,5.7,,,0.13,0.12,0.22,2708.0,Citrus x limon,Riboviria,Orthornavirae,Kitrinoviricota,Alsuviricetes,Tymovirales,Alphaflexiviridae,Potexvirus,Mandarivirus,+ssRNA
Potexvirus,12176,0.11,0.19,0.17,,,,0.2,,,5.7,,,0.13,0.12,0.22,3559.0,Chenopodium album,Riboviria,Orthornavirae,Kitrinoviricota,Alsuviricetes,Tymovirales,Alphaflexiviridae,Potexvirus,Potexvirus flavitrifolii,+ssRNA
Potexvirus,12176,0.11,0.19,0.17,,,,0.2,,,5.7,,,0.13,0.12,0.22,3879.0,Medicago sativa,Riboviria,Orthornavirae,Kitrinoviricota,Alsuviricetes,Tymovirales,Alphaflexiviridae,Potexvirus,Potexvirus flavitrifolii,+ssRNA
Potexvirus,12176,0.11,0.19,0.17,,,,0.2,,,5.7,,,0.13,0.12,0.22,3888.0,Lathyrus oleraceus,Riboviria,Orthornavirae,Kitrinoviricota,Alsuviricetes,Tymovirales,Alphaflexiviridae,Potexvirus,Potexvirus flavitrifolii,+ssRNA
Potexvirus,12176,0.11,0.19,0.17,,,,0.2,,,5.7,,,0.13,0.12,0.22,3898.0,Trifolium,Riboviria,Orthornavirae,Kitrinoviricota,Alsuviricetes,Tymovirales,Alphaflexiviridae,Potexvirus,Potexvirus flavitrifolii,+ssRNA
Potexvirus,12176,0.11,0.19,0.17,,,,0.2,,,5.7,,,0.13,0.12,0.22,3908.0,Vicia sativa,Riboviria,Orthornavirae,Kitrinoviricota,Alsuviricetes,Tymovirales,Alphaflexiviridae,Potexvirus,Potexvirus flavitrifolii,+ssRNA
Potexvirus,12176,0.11,0.19,0.17,,,,0.2,,,5.7,,,0.13,0.12,0.22,13274.0,Stellaria media,Riboviria,Orthornavirae,Kitrinoviricota,Alsuviricetes,Tymovirales,Alphaflexiviridae,Potexvirus,Potexvirus flavitrifolii,+ssRNA
Potexvirus,12176,0.11,0.19,0.17,,,,0.2,,,5.7,,,0.13,0.12,0.22,283210.0,Malus pumila,Riboviria,Orthornavirae,Kitrinoviricota,Alsuviricetes,Tymovirales,Alphaflexiviridae,Potexvirus,Potexvirus flavitrifolii,+ssRNA
Potexvirus,12176,0.11,0.19,0.17,,,,0.2,,,5.7,,,0.13,0.12,0.22,54711.0,Conioselinum officinale,Riboviria,Orthornavirae,Kitrinoviricota,Alsuviricetes,Tymovirales,Alphaflexiviridae,Potexvirus,Potexvirus ecscnidii,+ssRNA
Potexvirus,12176,0.11,0.19,0.17,,,,0.2,,,5.7,,,0.13,0.12,0.22,28471.0,Cymbidium hybrid cultivar,Riboviria,Orthornavirae,Kitrinoviricota,Alsuviricetes,Tymovirales,Alphaflexiviridae,Potexvirus,Potexvirus cymbidii,+ssRNA
Potexvirus,12176,0.11,0.19,0.17,,,,0.2,,,5.7,,,0.13,0.12,0.22,36459.0,Phalaenopsis,Riboviria,Orthornavirae,Kitrinoviricota,Alsuviricetes,Tymovirales,Alphaflexiviridae,Potexvirus,Potexvirus cymbidii,+ssRNA
Potexvirus,12176,0.11,0.19,0.17,,,,0.2,,,5.7,,,0.13,0.12,0.22,38198.0,Vanda,Riboviria,Orthornavirae,Kitrinoviricota,Alsuviricetes,Tymovirales,Alphaflexiviridae,Potexvirus,Potexvirus cymbidii,+ssRNA
Potexvirus,12176,0.11,0.19,0.17,,,,0.2,,,5.7,,,0.13,0.12,0.22,38234.0,Epidendrum,Riboviria,Orthornavirae,Kitrinoviricota,Alsuviricetes,Tymovirales,Alphaflexiviridae,Potexvirus,Potexvirus cymbidii,+ssRNA
Potexvirus,12176,0.11,0.19,0.17,,,,0.2,,,5.7,,,0.13,0.12,0.22,38236.0,Cattleya,Riboviria,Orthornavirae,Kitrinoviricota,Alsuviricetes,Tymovirales,Alphaflexiviridae,Potexvirus,Potexvirus cymbidii,+ssRNA
Potexvirus,12176,0.11,0.19,0.17,,,,0.2,,,5.7,,,0.13,0.12,0.22,45173.0,Oncidium,Riboviria,Orthornavirae,Kitrinoviricota,Alsuviricetes,Tymovirales,Alphaflexiviridae,Potexvirus,Potexvirus cymbidii,+ssRNA
Potexvirus,12176,0.11,0.19,0.17,,,,0.2,,,5.7,,,0.13,0.12,0.22,78858.0,Zygopetalum,Riboviria,Orthornavirae,Kitrinoviricota,Alsuviricetes,Tymovirales,Alphaflexiviridae,Potexvirus,Potexvirus cymbidii,+ssRNA
Potexvirus,12176,0.11,0.19,0.17,,,,0.2,,,5.7,,,0.13,0.12,0.22,112603.0,Cymbidium aloifolium,Riboviria,Orthornavirae,Kitrinoviricota,Alsuviricetes,Tymovirales,Alphaflexiviridae,Potexvirus,Potexvirus cymbidii,+ssRNA
Potexvirus,12176,0.11,0.19,0.17,,,,0.2,,,5.7,,,0.13,0.12,0.22,120015.0,Phaius tancarvilleae,Riboviria,Orthornavirae,Kitrinoviricota,Alsuviricetes,Tymovirales,Alphaflexiviridae,Potexvirus,Potexvirus cymbidii,+ssRNA
Potexvirus,12176,0.11,0.19,0.17,,,,0.2,,,5.7,,,0.13,0.12,0.22,123155.0,Laelia,Riboviria,Orthornavirae,Kitrinoviricota,Alsuviricetes,Tymovirales,Alphaflexiviridae,Potexvirus,Potexvirus cymbidii,+ssRNA
Potexvirus,12176,0.11,0.19,0.17,,,,0.2,,,5.7,,,0.13,0.12,0.22,141750.0,Coelogyne imbricata,Riboviria,Orthornavirae,Kitrinoviricota,Alsuviricetes,Tymovirales,Alphaflexiviridae,Potexvirus,Potexvirus cymbidii,+ssRNA
Potexvirus,12176,0.11,0.19,0.17,,,,0.2,,,5.7,,,0.13,0.12,0.22,160533.0,Cymbidium iridioides,Riboviria,Orthornavirae,Kitrinoviricota,Alsuviricetes,Tymovirales,Alphaflexiviridae,Potexvirus,Potexvirus cymbidii,+ssRNA
Potexvirus,12176,0.11,0.19,0.17,,,,0.2,,,5.7,,,0.13,0.12,0.22,4309.0,Euonymus maackii,Riboviria,Orthornavirae,Kitrinoviricota,Alsuviricetes,Tymovirales,Alphaflexiviridae,Potexvirus,Potexvirus flavimaculae,+ssRNA
Potexvirus,12176,0.11,0.19,0.17,,,,0.2,,,5.7,,,0.13,0.12,0.22,4555.0,Setaria italica,Riboviria,Orthornavirae,Kitrinoviricota,Alsuviricetes,Tymovirales,Alphaflexiviridae,Potexvirus,Potexvirus setariae,+ssRNA
Potexvirus,12176,0.11,0.19,0.17,,,,0.2,,,5.7,,,0.13,0.12,0.22,4556.0,Setaria viridis,Riboviria,Orthornavirae,Kitrinoviricota,Alsuviricetes,Tymovirales,Alphaflexiviridae,Potexvirus,Potexvirus setariae,+ssRNA
Potexvirus,12176,0.11,0.19,0.17,,,,0.2,,,5.7,,,0.13,0.12,0.22,13090.0,Hosta,Riboviria,Orthornavirae,Kitrinoviricota,Alsuviricetes,Tymovirales,Alphaflexiviridae,Potexvirus,Potexvirus ecshostae,+ssRNA
Potexvirus,12176,0.11,0.19,0.17,,,,0.2,,,5.7,,,0.13,0.12,0.22,1035810.0,Hosta minor,Riboviria,Orthornavirae,Kitrinoviricota,Alsuviricetes,Tymovirales,Alphaflexiviridae,Potexvirus,Potexvirus ecshostae,+ssRNA
Potexvirus,12176,0.11,0.19,0.17,,,,0.2,,,5.7,,,0.13,0.12,0.22,23109.0,Hydrangea,Riboviria,Orthornavirae,Kitrinoviricota,Alsuviricetes,Tymovirales,Alphaflexiviridae,Potexvirus,Potexvirus hydrangeae,+ssRNA
Potexvirus,12176,0.11,0.19,0.17,,,,0.2,,,5.7,,,0.13,0.12,0.22,2706.0,Citrus,Riboviria,Orthornavirae,Kitrinoviricota,Alsuviricetes,Tymovirales,Alphaflexiviridae,Potexvirus,Mandarivirus,+ssRNA
Potexvirus,12176,0.11,0.19,0.17,,,,0.2,,,5.7,,,0.13,0.12,0.22,4236.0,Lactuca sativa,Riboviria,Orthornavirae,Kitrinoviricota,Alsuviricetes,Tymovirales,Alphaflexiviridae,Potexvirus,Potexvirus ecslactucae,+ssRNA
Potexvirus,12176,0.11,0.19,0.17,,,,0.2,,,5.7,,,0.13,0.12,0.22,63788.0,Lilium formosanum,Riboviria,Orthornavirae,Kitrinoviricota,Alsuviricetes,Tymovirales,Alphaflexiviridae,Potexvirus,Potexvirus ecslilii,+ssRNA
Potexvirus,12176,0.11,0.19,0.17,,,,0.2,,,5.7,,,0.13,0.12,0.22,183277.0,Malva neglecta,Riboviria,Orthornavirae,Kitrinoviricota,Alsuviricetes,Tymovirales,Alphaflexiviridae,Potexvirus,Potexvirus malvae,+ssRNA
Potexvirus,12176,0.11,0.19,0.17,,,,0.2,,,5.7,,,0.13,0.12,0.22,241069.0,Mentha x gracilis,Riboviria,Orthornavirae,Kitrinoviricota,Alsuviricetes,Tymovirales,Alphaflexiviridae,Potexvirus,Potexvirus ecsmenthae,+ssRNA
Potexvirus,12176,0.11,0.19,0.17,,,,0.2,,,5.7,,,0.13,0.12,0.22,41775.0,Nandina,Riboviria,Orthornavirae,Kitrinoviricota,Alsuviricetes,Tymovirales,Alphaflexiviridae,Potexvirus,Potexvirus marmorplantagonis,+ssRNA
Potexvirus,12176,0.11,0.19,0.17,,,,0.2,,,5.7,,,0.13,0.12,0.22,39639.0,Narcissus pseudonarcissus,Riboviria,Orthornavirae,Kitrinoviricota,Alsuviricetes,Tymovirales,Alphaflexiviridae,Potexvirus,Potexvirus narcissi,+ssRNA
Potexvirus,12176,0.11,0.19,0.17,,,,0.2,,,5.7,,,0.13,0.12,0.22,51427.0,Agapanthus campanulatus,Riboviria,Orthornavirae,Kitrinoviricota,Alsuviricetes,Tymovirales,Alphaflexiviridae,Potexvirus,Potexvirus ecsnerinis,+ssRNA
Potexvirus,12176,0.11,0.19,0.17,,,,0.2,,,5.7,,,0.13,0.12,0.22,180152.0,Nerine sarniensis,Riboviria,Orthornavirae,Kitrinoviricota,Alsuviricetes,Tymovirales,Alphaflexiviridae,Potexvirus,Potexvirus ecsnerinis,+ssRNA
Potexvirus,12176,0.11,0.19,0.17,,,,0.2,,,5.7,,,0.13,0.12,0.22,106975.0,Opuntia,Riboviria,Orthornavirae,Kitrinoviricota,Alsuviricetes,Tymovirales,Alphaflexiviridae,Potexvirus,Potexvirus ecsopuntiae,+ssRNA
Potexvirus,12176,0.11,0.19,0.17,,,,0.2,,,5.7,,,0.13,0.12,0.22,108055.0,Ullucus tuberosus,Riboviria,Orthornavirae,Kitrinoviricota,Alsuviricetes,Tymovirales,Alphaflexiviridae,Potexvirus,Potexvirus papayae,+ssRNA
Potexvirus,12176,0.11,0.19,0.17,,,,0.2,,,5.7,,,0.13,0.12,0.22,4081.0,Solanum lycopersicum,Riboviria,Orthornavirae,Kitrinoviricota,Alsuviricetes,Tymovirales,Alphaflexiviridae,Potexvirus,Potexvirus pepini,+ssRNA
Potexvirus,12176,0.11,0.19,0.17,,,,0.2,,,5.7,,,0.13,0.12,0.22,81866.0,Nicotiana clevelandii,Riboviria,Orthornavirae,Kitrinoviricota,Alsuviricetes,Tymovirales,Alphaflexiviridae,Potexvirus,Potexvirus pepini,+ssRNA
Potexvirus,12176,0.11,0.19,0.17,,,,0.2,,,5.7,,,0.13,0.12,0.22,205567.0,Solanum muricatum,Riboviria,Orthornavirae,Kitrinoviricota,Alsuviricetes,Tymovirales,Alphaflexiviridae,Potexvirus,Potexvirus pepini,+ssRNA
Potexvirus,12176,0.11,0.19,0.17,,,,0.2,,,5.7,,,0.13,0.12,0.22,221775.0,Gomphrena globosa,Riboviria,Orthornavirae,Kitrinoviricota,Alsuviricetes,Tymovirales,Alphaflexiviridae,Potexvirus,Potexvirus pepini,+ssRNA
Potexvirus,12176,0.11,0.19,0.17,,,,0.2,,,5.7,,,0.13,0.12,0.22,3043474.0,Calanthe flava,Riboviria,Orthornavirae,Kitrinoviricota,Alsuviricetes,Tymovirales,Alphaflexiviridae,Potexvirus,Potexvirus ecsphaii,+ssRNA
Potexvirus,12176,0.11,0.19,0.17,,,,0.2,,,5.7,,,0.13,0.12,0.22,3243256.0,Selenicereus sp.,Riboviria,Orthornavirae,Kitrinoviricota,Alsuviricetes,Tymovirales,Alphaflexiviridae,Potexvirus,Potexvirus ecspitayae,+ssRNA
Potexvirus,12176,0.11,0.19,0.17,,,,0.2,,,5.7,,,0.13,0.12,0.22,197796.0,Plantago asiatica,Riboviria,Orthornavirae,Kitrinoviricota,Alsuviricetes,Tymovirales,Alphaflexiviridae,Potexvirus,Potexvirus marmorplantagonis,+ssRNA
Potexvirus,12176,0.11,0.19,0.17,,,,0.2,,,5.7,,,0.13,0.12,0.22,78511.0,Ribes nigrum,Riboviria,Orthornavirae,Kitrinoviricota,Alsuviricetes,Tymovirales,Alphaflexiviridae,Potexvirus,Potexvirus ecsplantagonis,+ssRNA
Potexvirus,12176,0.11,0.19,0.17,,,,0.2,,,5.7,,,0.13,0.12,0.22,4113.0,Solanum tuberosum,Riboviria,Orthornavirae,Kitrinoviricota,Alsuviricetes,Tymovirales,Alphaflexiviridae,Potexvirus,Potexvirus marmoraucuba,+ssRNA
Potexvirus,12176,0.11,0.19,0.17,,,,0.2,,,5.7,,,0.13,0.12,0.22,3711.0,Brassica rapa,Riboviria,Orthornavirae,Kitrinoviricota,Alsuviricetes,Tymovirales,Alphaflexiviridae,Potexvirus,Potexvirus ecspotati,+ssRNA
Potexvirus,12176,0.11,0.19,0.17,,,,0.2,,,5.7,,,0.13,0.12,0.22,103543.0,Phlox stolonifera,Riboviria,Orthornavirae,Kitrinoviricota,Alsuviricetes,Tymovirales,Alphaflexiviridae,Potexvirus,,+ssRNA
Potexvirus,12176,0.11,0.19,0.17,,,,0.2,,,5.7,,,0.13,0.12,0.22,4678.0,Allium,Riboviria,Orthornavirae,Kitrinoviricota,Alsuviricetes,Tymovirales,Alphaflexiviridae,Potexvirus,,+ssRNA
Potexvirus,12176,0.11,0.19,0.17,,,,0.2,,,5.7,,,0.13,0.12,0.22,3542.0,Aizoaceae,Riboviria,Orthornavirae,Kitrinoviricota,Alsuviricetes,Tymovirales,Alphaflexiviridae,Potexvirus,,+ssRNA
Potexvirus,12176,0.11,0.19,0.17,,,,0.2,,,5.7,,,0.13,0.12,0.22,3563.0,Amaranthaceae,Riboviria,Orthornavirae,Kitrinoviricota,Alsuviricetes,Tymovirales,Alphaflexiviridae,Potexvirus,,+ssRNA
Potexvirus,12176,0.11,0.19,0.17,,,,0.2,,,5.7,,,0.13,0.12,0.22,3629.0,Malvaceae,Riboviria,Orthornavirae,Kitrinoviricota,Alsuviricetes,Tymovirales,Alphaflexiviridae,Potexvirus,,+ssRNA
Potexvirus,12176,0.11,0.19,0.17,,,,0.2,,,5.7,,,0.13,0.12,0.22,3650.0,Cucurbitaceae,Riboviria,Orthornavirae,Kitrinoviricota,Alsuviricetes,Tymovirales,Alphaflexiviridae,Potexvirus,,+ssRNA
Potexvirus,12176,0.11,0.19,0.17,,,,0.2,,,5.7,,,0.13,0.12,0.22,3803.0,Fabaceae,Riboviria,Orthornavirae,Kitrinoviricota,Alsuviricetes,Tymovirales,Alphaflexiviridae,Potexvirus,,+ssRNA
Potexvirus,12176,0.11,0.19,0.17,,,,0.2,,,5.7,,,0.13,0.12,0.22,4070.0,Solanaceae,Riboviria,Orthornavirae,Kitrinoviricota,Alsuviricetes,Tymovirales,Alphaflexiviridae,Potexvirus,,+ssRNA
Potexvirus,12176,0.11,0.19,0.17,,,,0.2,,,5.7,,,0.13,0.12,0.22,4180.0,Pedaliaceae,Riboviria,Orthornavirae,Kitrinoviricota,Alsuviricetes,Tymovirales,Alphaflexiviridae,Potexvirus,,+ssRNA
Potexvirus,12176,0.11,0.19,0.17,,,,0.2,,,5.7,,,0.13,0.12,0.22,4210.0,Asteraceae,Riboviria,Orthornavirae,Kitrinoviricota,Alsuviricetes,Tymovirales,Alphaflexiviridae,Potexvirus,,+ssRNA
Potexvirus,12176,0.11,0.19,0.17,,,,0.2,,,5.7,,,0.13,0.12,0.22,4479.0,Poaceae,Riboviria,Orthornavirae,Kitrinoviricota,Alsuviricetes,Tymovirales,Alphaflexiviridae,Potexvirus,,+ssRNA
Potexvirus,12176,0.11,0.19,0.17,,,,0.2,,,5.7,,,0.13,0.12,0.22,56741.0,Alstroemeria,Riboviria,Orthornavirae,Kitrinoviricota,Alsuviricetes,Tymovirales,Alphaflexiviridae,Potexvirus,,+ssRNA
Potexvirus,12176,0.11,0.19,0.17,,,,0.2,,,5.7,,,0.13,0.12,0.22,29715.0,Ambrosia psilostachya,Riboviria,Orthornavirae,Kitrinoviricota,Alsuviricetes,Tymovirales,Alphaflexiviridae,Potexvirus,,+ssRNA
Potexvirus,12176,0.11,0.19,0.17,,,,0.2,,,5.7,,,0.13,0.12,0.22,371859.0,Opuntia ficus-indica,Riboviria,Orthornavirae,Kitrinoviricota,Alsuviricetes,Tymovirales,Alphaflexiviridae,Potexvirus,unclassified Potexvirus,+ssRNA
Potexvirus,12176,0.11,0.19,0.17,,,,0.2,,,5.7,,,0.13,0.12,0.22,3594.0,Schlumbergera,Riboviria,Orthornavirae,Kitrinoviricota,Alsuviricetes,Tymovirales,Alphaflexiviridae,Potexvirus,Potexvirus ecschlumbergerae,+ssRNA
Potexvirus,12176,0.11,0.19,0.17,,,,0.2,,,5.7,,,0.13,0.12,0.22,57918.0,Fragaria vesca,Riboviria,Orthornavirae,Kitrinoviricota,Alsuviricetes,Tymovirales,Alphaflexiviridae,Potexvirus,Potexvirus fragariae,+ssRNA
Potexvirus,12176,0.11,0.19,0.17,,,,0.2,,,5.7,,,0.13,0.12,0.22,59498.0,Rubus rosifolius,Riboviria,Orthornavirae,Kitrinoviricota,Alsuviricetes,Tymovirales,Alphaflexiviridae,Potexvirus,Potexvirus fragariae,+ssRNA
Potexvirus,12176,0.11,0.19,0.17,,,,0.2,,,5.7,,,0.13,0.12,0.22,55634.0,Dioscorea communis,Riboviria,Orthornavirae,Kitrinoviricota,Alsuviricetes,Tymovirales,Alphaflexiviridae,Potexvirus,Potexvirus marmordioscoreae,+ssRNA
Potexvirus,12176,0.11,0.19,0.17,,,,0.2,,,5.7,,,0.13,0.12,0.22,13306.0,Tulipa gesneriana,Riboviria,Orthornavirae,Kitrinoviricota,Alsuviricetes,Tymovirales,Alphaflexiviridae,Potexvirus,Potexvirus ecstulipae,+ssRNA
Potexvirus,12176,0.11,0.19,0.17,,,,0.2,,,5.7,,,0.13,0.12,0.22,55497.0,Thalassia testudinum,Riboviria,Orthornavirae,Kitrinoviricota,Alsuviricetes,Tymovirales,Alphaflexiviridae,Potexvirus,Potexvirus ecsthalassiae,+ssRNA
Potexvirus,12176,0.11,0.19,0.17,,,,0.2,,,5.7,,,0.13,0.12,0.22,51239.0,Vanilla planifolia,Riboviria,Orthornavirae,Kitrinoviricota,Alsuviricetes,Tymovirales,Alphaflexiviridae,Potexvirus,Potexvirus ecsvanillae,+ssRNA
Potexvirus,12176,0.11,0.19,0.17,,,,0.2,,,5.7,,,0.13,0.12,0.22,55581.0,Dioscorea trifida,Riboviria,Orthornavirae,Kitrinoviricota,Alsuviricetes,Tymovirales,Alphaflexiviridae,Potexvirus,Potexvirus ecsdioscoreae,+ssRNA
Potyvirus,12195,,,,0.22,,,,,,,,0.22,,,,384659.0,Achyranthes bidentata,Riboviria,Orthornavirae,Pisuviricota,Stelpaviricetes,Patatavirales,Potyviridae,Potyvirus,Potyvirus achyranthis,
Potyvirus,12195,,,,0.22,,,,,,,,0.22,,,,4071.0,Capsicum,Riboviria,Orthornavirae,Pisuviricota,Stelpaviricetes,Patatavirales,Potyviridae,Potyvirus,Potyvirus melongenae,
Potyvirus,12195,,,,0.22,,,,,,,,0.22,,,,205524.0,Solanum aethiopicum,Riboviria,Orthornavirae,Pisuviricota,Stelpaviricetes,Patatavirales,Potyviridae,Potyvirus,Potyvirus melongenae,
Potyvirus,12195,,,,0.22,,,,,,,,0.22,,,,1008370.0,Amomum subulatum,Riboviria,Orthornavirae,Pisuviricota,Stelpaviricetes,Patatavirales,Potyviridae,Potyvirus,unclassified Potyvirus,
Potyvirus,12195,,,,0.22,,,,,,,,0.22,,,,22869.0,Anemone blanda,Riboviria,Orthornavirae,Pisuviricota,Stelpaviricetes,Patatavirales,Potyviridae,Potyvirus,Potyvirus anemones,
Potyvirus,12195,,,,0.22,,,,,,,,0.22,,,,4100.0,Nicotiana benthamiana,Riboviria,Orthornavirae,Pisuviricota,Stelpaviricetes,Patatavirales,Potyviridae,Potyvirus,Potyvirus arracachae,
Potyvirus,12195,,,,0.22,,,,,,,,0.22,,,,264540.0,Arracacia xanthorrhiza,Riboviria,Orthornavirae,Pisuviricota,Stelpaviricetes,Patatavirales,Potyviridae,Potyvirus,Potyvirus arracachae,
Potyvirus,12195,,,,0.22,,,,,,,,0.22,,,,357850.0,Angelica keiskei,Riboviria,Orthornavirae,Pisuviricota,Stelpaviricetes,Patatavirales,Potyviridae,Potyvirus,Potyvirus ashitabae,
Potyvirus,12195,,,,0.22,,,,,,,,0.22,,,,4686.0,Asparagus officinalis,Riboviria,Orthornavirae,Pisuviricota,Stelpaviricetes,Patatavirales,Potyviridae,Potyvirus,Potyvirus asparagi,
Potyvirus,12195,,,,0.22,,,,,,,,0.22,,,,63459.0,Chenopodium quinoa,Riboviria,Orthornavirae,Pisuviricota,Stelpaviricetes,Patatavirales,Potyviridae,Potyvirus,Potyvirus asparagi,
Potyvirus,12195,,,,0.22,,,,,,,,0.22,,,,4641.0,Musa acuminata,Riboviria,Orthornavirae,Pisuviricota,Stelpaviricetes,Patatavirales,Potyviridae,Potyvirus,Potyvirus musae,
Potyvirus,12195,,,,0.22,,,,,,,,0.22,,,,89151.0,Musa x paradisiaca,Riboviria,Orthornavirae,Pisuviricota,Stelpaviricetes,Patatavirales,Potyviridae,Potyvirus,Potyvirus musae,
Potyvirus,12195,,,,0.22,,,,,,,,0.22,,,,58024.0,Spermatophyta,Riboviria,Orthornavirae,Pisuviricota,Stelpaviricetes,Patatavirales,Potyviridae,Potyvirus,Potyvirus barbacenense,
Potyvirus,12195,,,,0.22,,,,,,,,0.22,,,,46150.0,Anredera cordifolia,Riboviria,Orthornavirae,Pisuviricota,Stelpaviricetes,Patatavirales,Potyviridae,Potyvirus,Potyvirus basellae,
Potyvirus,12195,,,,0.22,,,,,,,,0.22,,,,3885.0,Phaseolus vulgaris,Riboviria,Orthornavirae,Pisuviricota,Stelpaviricetes,Patatavirales,Potyviridae,Potyvirus,Potyvirus phaseoli,
Potyvirus,12195,,,,0.22,,,,,,,,0.22,,,,138955.0,Vigna unguiculata subsp. sesquipedalis,Riboviria,Orthornavirae,Pisuviricota,Stelpaviricetes,Patatavirales,Potyviridae,Potyvirus,Potyvirus phaseovulgaris,
Potyvirus,12195,,,,0.22,,,,,,,,0.22,,,,3906.0,Vicia faba,Riboviria,Orthornavirae,Pisuviricota,Stelpaviricetes,Patatavirales,Potyviridae,Potyvirus,Potyvirus phaseoluteum,
Potyvirus,12195,,,,0.22,,,,,,,,0.22,,,,3562.0,Spinacia oleracea,Riboviria,Orthornavirae,Pisuviricota,Stelpaviricetes,Patatavirales,Potyviridae,Potyvirus,Potyvirus betaceum,
Potyvirus,12195,,,,0.22,,,,,,,,0.22,,,,161934.0,Beta vulgaris,Riboviria,Orthornavirae,Pisuviricota,Stelpaviricetes,Patatavirales,Potyviridae,Potyvirus,Potyvirus betaceum,
Potyvirus,12195,,,,0.22,,,,,,,,0.22,,,,662553.0,Begonia bowerae,Riboviria,Orthornavirae,Pisuviricota,Stelpaviricetes,Patatavirales,Potyviridae,Potyvirus,Potyvirus begoniae,
Potyvirus,12195,,,,0.22,,,,,,,,0.22,,,,42337.0,Bidens pilosa,Riboviria,Orthornavirae,Pisuviricota,Stelpaviricetes,Patatavirales,Potyviridae,Potyvirus,Potyvirus bidensia,
Potyvirus,12195,,,,0.22,,,,,,,,0.22,,,,4232.0,Helianthus annuus,Riboviria,Orthornavirae,Pisuviricota,Stelpaviricetes,Patatavirales,Potyviridae,Potyvirus,Potyvirus bidenstessellati,
Potyvirus,12195,,,,0.22,,,,,,,,0.22,,,,78752.0,Diuris,Riboviria,Orthornavirae,Pisuviricota,Stelpaviricetes,Patatavirales,Potyviridae,Potyvirus,Potyvirus chamaescillae,
Potyvirus,12195,,,,0.22,,,,,,,,0.22,,,,905076.0,Brugmansia suaveolens,Riboviria,Orthornavirae,Pisuviricota,Stelpaviricetes,Patatavirales,Potyviridae,Potyvirus,Potyvirus brugmansiae,
Potyvirus,12195,,,,0.22,,,,,,,,0.22,,,,13379.0,Callistephus chinensis,Riboviria,Orthornavirae,Pisuviricota,Stelpaviricetes,Patatavirales,Potyviridae,Potyvirus,Potyvirus calistephi,
Potyvirus,12195,,,,0.22,,,,,,,,0.22,,,,4627.0,Canna,Riboviria,Orthornavirae,Pisuviricota,Stelpaviricetes,Patatavirales,Potyviridae,Potyvirus,Potyvirus cannae,
Potyvirus,12195,,,,0.22,,,,,,,,0.22,,,,3917.0,Vigna unguiculata,Riboviria,Orthornavirae,Pisuviricota,Stelpaviricetes,Patatavirales,Potyviridae,Potyvirus,Potyvirus dianthi,
Potyvirus,12195,,,,0.22,,,,,,,,0.22,,,,4097.0,Nicotiana tabacum,Riboviria,Orthornavirae,Pisuviricota,Stelpaviricetes,Patatavirales,Potyviridae,Potyvirus,Potyvirus dianthi,
Potyvirus,12195,,,,0.22,,,,,,,,0.22,,,,66262.0,Chenopodium amaranticolor,Riboviria,Orthornavirae,Pisuviricota,Stelpaviricetes,Patatavirales,Potyviridae,Potyvirus,Potyvirus dianthi,
Potyvirus,12195,,,,0.22,,,,,,,,0.22,,,,200313.0,Nicotiana occidentalis,Riboviria,Orthornavirae,Pisuviricota,Stelpaviricetes,Patatavirales,Potyviridae,Potyvirus,Potyvirus dianthi,
Potyvirus,12195,,,,0.22,,,,,,,,0.22,,,,4047.0,Coriandrum sativum,Riboviria,Orthornavirae,Pisuviricota,Stelpaviricetes,Patatavirales,Potyviridae,Potyvirus,Potyvirus carotatenuifoli,
Potyvirus,12195,,,,0.22,,,,,,,,0.22,,,,4039.0,Daucus carota,Riboviria,Orthornavirae,Pisuviricota,Stelpaviricetes,Patatavirales,Potyviridae,Potyvirus,Potyvirus carotae,
Potyvirus,12195,,,,0.22,,,,,,,,0.22,,,,52836.0,Mandevilla,Riboviria,Orthornavirae,Pisuviricota,Stelpaviricetes,Patatavirales,Potyviridae,Potyvirus,Potyvirus catharantessellati,
Potyvirus,12195,,,,0.22,,,,,,,,0.22,,,,4043.0,Petroselinum crispum,Riboviria,Orthornavirae,Pisuviricota,Stelpaviricetes,Patatavirales,Potyviridae,Potyvirus,Potyvirus apiumtessellati,
Potyvirus,12195,,,,0.22,,,,,,,,0.22,,,,4045.0,Apium graveolens,Riboviria,Orthornavirae,Pisuviricota,Stelpaviricetes,Patatavirales,Potyviridae,Potyvirus,Potyvirus apiumtessellati,
Potyvirus,12195,,,,0.22,,,,,,,,0.22,,,,40888.0,Anthriscus cerefolium,Riboviria,Orthornavirae,Pisuviricota,Stelpaviricetes,Patatavirales,Potyviridae,Potyvirus,Potyvirus apiumtessellati,
Potyvirus,12195,,,,0.22,,,,,,,,0.22,,,,117781.0,Apium graveolens Dulce Group,Riboviria,Orthornavirae,Pisuviricota,Stelpaviricetes,Patatavirales,Potyviridae,Potyvirus,Potyvirus apiumtessellati,
Potyvirus,12195,,,,0.22,,,,,,,,0.22,,,,80379.0,Capsicum chinense,Riboviria,Orthornavirae,Pisuviricota,Stelpaviricetes,Patatavirales,Potyviridae,Potyvirus,Potyvirus capsianuli,
Potyvirus,12195,,,,0.22,,,,,,,,0.22,,,,4072.0,Capsicum annuum,Riboviria,Orthornavirae,Pisuviricota,Stelpaviricetes,Patatavirales,Potyviridae,Potyvirus,Potyvirus capsivenamaculae,
Potyvirus,12195,,,,0.22,,,,,,,,0.22,,,,16049.0,Clivia miniata,Riboviria,Orthornavirae,Pisuviricota,Stelpaviricetes,Patatavirales,Potyviridae,Potyvirus,Potyvirus cliviaflavilineae,
Potyvirus,12195,,,,0.22,,,,,,,,0.22,,,,3847.0,Glycine max,Riboviria,Orthornavirae,Pisuviricota,Stelpaviricetes,Patatavirales,Potyviridae,Potyvirus,Potyvirus trifolii,
Potyvirus,12195,,,,0.22,,,,,,,,0.22,,,,3873.0,Lupinus luteus,Riboviria,Orthornavirae,Pisuviricota,Stelpaviricetes,Patatavirales,Potyviridae,Potyvirus,Potyvirus trifolii,
Potyvirus,12195,,,,0.22,,,,,,,,0.22,,,,3888.0,Lathyrus oleraceus,Riboviria,Orthornavirae,Pisuviricota,Stelpaviricetes,Patatavirales,Potyviridae,Potyvirus,Potyvirus trifolii,
Potyvirus,12195,,,,0.22,,,,,,,,0.22,,,,3899.0,Trifolium repens,Riboviria,Orthornavirae,Pisuviricota,Stelpaviricetes,Patatavirales,Potyviridae,Potyvirus,Potyvirus trifolii,
Potyvirus,12195,,,,0.22,,,,,,,,0.22,,,,3900.0,Trifolium subterraneum,Riboviria,Orthornavirae,Pisuviricota,Stelpaviricetes,Patatavirales,Potyviridae,Potyvirus,Potyvirus trifolii,
Potyvirus,12195,,,,0.22,,,,,,,,0.22,,,,57577.0,Trifolium pratense,Riboviria,Orthornavirae,Pisuviricota,Stelpaviricetes,Patatavirales,Potyviridae,Potyvirus,Potyvirus trifolii,
Potyvirus,12195,,,,0.22,,,,,,,,0.22,,,,60916.0,Trifolium incarnatum,Riboviria,Orthornavirae,Pisuviricota,Stelpaviricetes,Patatavirales,Potyviridae,Potyvirus,Potyvirus trifolii,
Potyvirus,12195,,,,0.22,,,,,,,,0.22,,,,70371.0,Limonium sinuatum,Riboviria,Orthornavirae,Pisuviricota,Stelpaviricetes,Patatavirales,Potyviridae,Potyvirus,Potyvirus trifolii,
Potyvirus,12195,,,,0.22,,,,,,,,0.22,,,,74517.0,Trifolium hybridum,Riboviria,Orthornavirae,Pisuviricota,Stelpaviricetes,Patatavirales,Potyviridae,Potyvirus,Potyvirus trifolii,
Potyvirus,12195,,,,0.22,,,,,,,,0.22,,,,97047.0,Trifolium vesiculosum,Riboviria,Orthornavirae,Pisuviricota,Stelpaviricetes,Patatavirales,Potyviridae,Potyvirus,Potyvirus trifolii,
Potyvirus,12195,,,,0.22,,,,,,,,0.22,,,,4479.0,Poaceae,Riboviria,Orthornavirae,Pisuviricota,Stelpaviricetes,Patatavirales,Potyviridae,Potyvirus,Potyvirus dactylis,
Potyvirus,12195,,,,0.22,,,,,,,,0.22,,,,4509.0,Dactylis glomerata,Riboviria,Orthornavirae,Pisuviricota,Stelpaviricetes,Patatavirales,Potyviridae,Potyvirus,Potyvirus dactylis,
Potyvirus,12195,,,,0.22,,,,,,,,0.22,,,,328783.0,Costus spiralis,Riboviria,Orthornavirae,Pisuviricota,Stelpaviricetes,Patatavirales,Potyviridae,Potyvirus,Potyvirus costus,
Potyvirus,12195,,,,0.22,,,,,,,,0.22,,,,3661.0,Cucurbita maxima,Riboviria,Orthornavirae,Pisuviricota,Stelpaviricetes,Patatavirales,Potyviridae,Potyvirus,Potyvirus cucurbitae,
Potyvirus,12195,,,,0.22,,,,,,,,0.22,,,,112543.0,Cyrtanthus elatus,Riboviria,Orthornavirae,Pisuviricota,Stelpaviricetes,Patatavirales,Potyviridae,Potyvirus,Potyvirus cyrtanthi,
Potyvirus,12195,,,,0.22,,,,,,,,0.22,,,,66680.0,Daphne mezereum,Riboviria,Orthornavirae,Pisuviricota,Stelpaviricetes,Patatavirales,Potyviridae,Potyvirus,Potyvirus daphnis,
Potyvirus,12195,,,,0.22,,,,,,,,0.22,,,,329675.0,Daphne odora,Riboviria,Orthornavirae,Pisuviricota,Stelpaviricetes,Patatavirales,Potyviridae,Potyvirus,Potyvirus hiemalisdaphnis,
Potyvirus,12195,,,,0.22,,,,,,,,0.22,,,,69721.0,Zantedeschia aethiopica,Riboviria,Orthornavirae,Pisuviricota,Stelpaviricetes,Patatavirales,Potyviridae,Potyvirus,Potyvirus dasheenis,
Potyvirus,12195,,,,0.22,,,,,,,,0.22,,,,292307.0,Thaumatophyllum bipinnatifidum,Riboviria,Orthornavirae,Pisuviricota,Stelpaviricetes,Patatavirales,Potyviridae,Potyvirus,Potyvirus dasheenis,
Potyvirus,12195,,,,0.22,,,,,,,,0.22,,,,234037.0,Dendrobium smillieae,Riboviria,Orthornavirae,Pisuviricota,Stelpaviricetes,Patatavirales,Potyviridae,Potyvirus,Potyvirus dendrobii,
Potyvirus,12195,,,,0.22,,,,,,,,0.22,,,,35874.0,Dioscorea bulbifera,Riboviria,Orthornavirae,Pisuviricota,Stelpaviricetes,Patatavirales,Potyviridae,Potyvirus,Potyvirus dioscoreae,
Potyvirus,12195,,,,0.22,,,,,,,,0.22,,,,152868.0,Diuris laxiflora,Riboviria,Orthornavirae,Pisuviricota,Stelpaviricetes,Patatavirales,Potyviridae,Potyvirus,Potyvirus adiuris,
Potyvirus,12195,,,,0.22,,,,,,,,0.22,,,,78168.0,Passiflora edulis,Riboviria,Orthornavirae,Pisuviricota,Stelpaviricetes,Patatavirales,Potyviridae,Potyvirus,Potyvirus passifloradistorti,
Potyvirus,12195,,,,0.22,,,,,,,,0.22,,,,4236.0,Lactuca sativa,Riboviria,Orthornavirae,Pisuviricota,Stelpaviricetes,Patatavirales,Potyviridae,Potyvirus,Potyvirus chichorii,
Potyvirus,12195,,,,0.22,,,,,,,,0.22,,,,13427.0,Cichorium intybus,Riboviria,Orthornavirae,Pisuviricota,Stelpaviricetes,Patatavirales,Potyviridae,Potyvirus,Potyvirus chichorii,
Potyvirus,12195,,,,0.22,,,,,,,,0.22,,,,13731.0,Tragopogon porrifolius,Riboviria,Orthornavirae,Pisuviricota,Stelpaviricetes,Patatavirales,Potyviridae,Potyvirus,Potyvirus chichorii,
Potyvirus,12195,,,,0.22,,,,,,,,0.22,,,,34245.0,Zinnia elegans,Riboviria,Orthornavirae,Pisuviricota,Stelpaviricetes,Patatavirales,Potyviridae,Potyvirus,Potyvirus chichorii,
Potyvirus,12195,,,,0.22,,,,,,,,0.22,,,,41522.0,Centaurea cyanus,Riboviria,Orthornavirae,Pisuviricota,Stelpaviricetes,Patatavirales,Potyviridae,Potyvirus,Potyvirus chichorii,
Potyvirus,12195,,,,0.22,,,,,,,,0.22,,,,41653.0,Tragopogon pratensis,Riboviria,Orthornavirae,Pisuviricota,Stelpaviricetes,Patatavirales,Potyviridae,Potyvirus,Potyvirus chichorii,
Potyvirus,12195,,,,0.22,,,,,,,,0.22,,,,75943.0,Lactuca serriola,Riboviria,Orthornavirae,Pisuviricota,Stelpaviricetes,Patatavirales,Potyviridae,Potyvirus,Potyvirus chichorii,
Potyvirus,12195,,,,0.22,,,,,,,,0.22,,,,75947.0,Lactuca virosa,Riboviria,Orthornavirae,Pisuviricota,Stelpaviricetes,Patatavirales,Potyviridae,Potyvirus,Potyvirus chichorii,
Potyvirus,12195,,,,0.22,,,,,,,,0.22,,,,75948.0,Lactuca saligna,Riboviria,Orthornavirae,Pisuviricota,Stelpaviricetes,Patatavirales,Potyviridae,Potyvirus,Potyvirus chichorii,
Potyvirus,12195,,,,0.22,,,,,,,,0.22,,,,99035.0,Calendula arvensis,Riboviria,Orthornavirae,Pisuviricota,Stelpaviricetes,Patatavirales,Potyviridae,Potyvirus,Potyvirus chichorii,
Potyvirus,12195,,,,0.22,,,,,,,,0.22,,,,114280.0,Cichorium endivia,Riboviria,Orthornavirae,Pisuviricota,Stelpaviricetes,Patatavirales,Potyviridae,Potyvirus,Potyvirus chichorii,
Potyvirus,12195,,,,0.22,,,,,,,,0.22,,,,65559.0,Euphorbia milii,Riboviria,Orthornavirae,Pisuviricota,Stelpaviricetes,Patatavirales,Potyviridae,Potyvirus,Potyvirus euphorbiae,
Potyvirus,12195,,,,0.22,,,,,,,,0.22,,,,58987.0,Freesia,Riboviria,Orthornavirae,Pisuviricota,Stelpaviricetes,Patatavirales,Potyviridae,Potyvirus,Potyvirus freesiae,
Potyvirus,12195,,,,0.22,,,,,,,,0.22,,,,108546.0,Fritillaria thunbergii,Riboviria,Orthornavirae,Pisuviricota,Stelpaviricetes,Patatavirales,Potyviridae,Potyvirus,Potyvirus fritillariae,
Potyvirus,12195,,,,0.22,,,,,,,,0.22,,,,3469.0,Papaver somniferum,Riboviria,Orthornavirae,Pisuviricota,Stelpaviricetes,Patatavirales,Potyviridae,Potyvirus,Potyvirus gloriosae,
Potyvirus,12195,,,,0.22,,,,,,,,0.22,,,,3818.0,Arachis hypogaea,Riboviria,Orthornavirae,Pisuviricota,Stelpaviricetes,Patatavirales,Potyviridae,Potyvirus,Potyvirus gloriosae,
Potyvirus,12195,,,,0.22,,,,,,,,0.22,,,,3828.0,Crotalaria,Riboviria,Orthornavirae,Pisuviricota,Stelpaviricetes,Patatavirales,Potyviridae,Potyvirus,Potyvirus gloriosae,
Potyvirus,12195,,,,0.22,,,,,,,,0.22,,,,3879.0,Medicago sativa,Riboviria,Orthornavirae,Pisuviricota,Stelpaviricetes,Patatavirales,Potyviridae,Potyvirus,Potyvirus gloriosae,
Potyvirus,12195,,,,0.22,,,,,,,,0.22,,,,3908.0,Vicia sativa,Riboviria,Orthornavirae,Pisuviricota,Stelpaviricetes,Patatavirales,Potyviridae,Potyvirus,Potyvirus gloriosae,
Potyvirus,12195,,,,0.22,,,,,,,,0.22,,,,35938.0,Robinia pseudoacacia,Riboviria,Orthornavirae,Pisuviricota,Stelpaviricetes,Patatavirales,Potyviridae,Potyvirus,Potyvirus gloriosae,
Potyvirus,12195,,,,0.22,,,,,,,,0.22,,,,49747.0,Gladiolus,Riboviria,Orthornavirae,Pisuviricota,Stelpaviricetes,Patatavirales,Potyviridae,Potyvirus,Potyvirus gloriosae,
Potyvirus,12195,,,,0.22,,,,,,,,0.22,,,,52517.0,Eustoma,Riboviria,Orthornavirae,Pisuviricota,Stelpaviricetes,Patatavirales,Potyviridae,Potyvirus,Potyvirus gloriosae,
Potyvirus,12195,,,,0.22,,,,,,,,0.22,,,,61864.0,Sandersonia aurantiaca,Riboviria,Orthornavirae,Pisuviricota,Stelpaviricetes,Patatavirales,Potyviridae,Potyvirus,Potyvirus gloriosae,
Potyvirus,12195,,,,0.22,,,,,,,,0.22,,,,78534.0,Trigonella foenum-graecum,Riboviria,Orthornavirae,Pisuviricota,Stelpaviricetes,Patatavirales,Potyviridae,Potyvirus,Potyvirus gloriosae,
Potyvirus,12195,,,,0.22,,,,,,,,0.22,,,,126758.0,Gomphocarpus physocarpus,Riboviria,Orthornavirae,Pisuviricota,Stelpaviricetes,Patatavirales,Potyviridae,Potyvirus,Potyvirus gomphocarphi,
Potyvirus,12195,,,,0.22,,,,,,,,0.22,,,,342001.0,Habenaria radiata,Riboviria,Orthornavirae,Pisuviricota,Stelpaviricetes,Patatavirales,Potyviridae,Potyvirus,Potyvirus habenariae,
Potyvirus,12195,,,,0.22,,,,,,,,0.22,,,,459863.0,Hardenbergia comptoniana,Riboviria,Orthornavirae,Pisuviricota,Stelpaviricetes,Patatavirales,Potyviridae,Potyvirus,Potyvirus hardenbergiae,
Potyvirus,12195,,,,0.22,,,,,,,,0.22,,,,4696.0,Hippeastrum sp.,Riboviria,Orthornavirae,Pisuviricota,Stelpaviricetes,Patatavirales,Potyviridae,Potyvirus,Potyvirus hippeastri,
Potyvirus,12195,,,,0.22,,,,,,,,0.22,,,,59072.0,Muscari neglectum,Riboviria,Orthornavirae,Pisuviricota,Stelpaviricetes,Patatavirales,Potyviridae,Potyvirus,Potyvirus hyacinthi,
Potyvirus,12195,,,,0.22,,,,,,,,0.22,,,,127142.0,Impatiens walleriana,Riboviria,Orthornavirae,Pisuviricota,Stelpaviricetes,Patatavirales,Potyviridae,Potyvirus,Potyvirus impatiensis,
Potyvirus,12195,,,,0.22,,,,,,,,0.22,,,,4560.0,Sorghum halepense,Riboviria,Orthornavirae,Pisuviricota,Stelpaviricetes,Patatavirales,Potyviridae,Potyvirus,Potyvirus zeatessellati,
Potyvirus,12195,,,,0.22,,,,,,,,0.22,,,,35876.0,Iris x hollandica,Riboviria,Orthornavirae,Pisuviricota,Stelpaviricetes,Patatavirales,Potyviridae,Potyvirus,Potyvirus iristenuis,
Potyvirus,12195,,,,0.22,,,,,,,,0.22,,,,26378.0,Iris,Riboviria,Orthornavirae,Pisuviricota,Stelpaviricetes,Patatavirales,Potyviridae,Potyvirus,Potyvirus iriseverum,
Potyvirus,12195,,,,0.22,,,,,,,,0.22,,,,4673.0,Dioscorea japonica,Riboviria,Orthornavirae,Pisuviricota,Stelpaviricetes,Patatavirales,Potyviridae,Potyvirus,Potyvirus nippodioscoreae,
Potyvirus,12195,,,,0.22,,,,,,,,0.22,,,,4147.0,Jasminum,Riboviria,Orthornavirae,Pisuviricota,Stelpaviricetes,Patatavirales,Potyviridae,Potyvirus,Potyvirus jasmini,
Potyvirus,12195,,,,0.22,,,,,,,,0.22,,,,264171.0,Graptopetalum paraguayense,Riboviria,Orthornavirae,Pisuviricota,Stelpaviricetes,Patatavirales,Potyviridae,Potyvirus,Potyvirus kalanchoes,
Potyvirus,12195,,,,0.22,,,,,,,,0.22,,,,228709.0,Cynanchum wilfordii,Riboviria,Orthornavirae,Pisuviricota,Stelpaviricetes,Patatavirales,Potyviridae,Potyvirus,Potyvirus cynanchi,
Potyvirus,12195,,,,0.22,,,,,,,,0.22,,,,78372.0,Amorphophallus konjac,Riboviria,Orthornavirae,Pisuviricota,Stelpaviricetes,Patatavirales,Potyviridae,Potyvirus,Potyvirus konjac,
Potyvirus,12195,,,,0.22,,,,,,,,0.22,,,,4682.0,Allium sativum,Riboviria,Orthornavirae,Pisuviricota,Stelpaviricetes,Patatavirales,Potyviridae,Potyvirus,Potyvirus ampeloprasi,
Potyvirus,12195,,,,0.22,,,,,,,,0.22,,,,3827.0,Cicer arietinum,Riboviria,Orthornavirae,Pisuviricota,Stelpaviricetes,Patatavirales,Potyviridae,Potyvirus,Potyvirus lactucae,
Potyvirus,12195,,,,0.22,,,,,,,,0.22,,,,4222.0,Carthamus tinctorius,Riboviria,Orthornavirae,Pisuviricota,Stelpaviricetes,Patatavirales,Potyviridae,Potyvirus,Potyvirus lactucae,
Potyvirus,12195,,,,0.22,,,,,,,,0.22,,,,4235.0,Lactuca,Riboviria,Orthornavirae,Pisuviricota,Stelpaviricetes,Patatavirales,Potyviridae,Potyvirus,Potyvirus lactucae,
Potyvirus,12195,,,,0.22,,,,,,,,0.22,,,,52518.0,Eustoma russellianum,Riboviria,Orthornavirae,Pisuviricota,Stelpaviricetes,Patatavirales,Potyviridae,Potyvirus,Potyvirus lactucae,
Potyvirus,12195,,,,0.22,,,,,,,,0.22,,,,34192.0,Lilium sp.,Riboviria,Orthornavirae,Pisuviricota,Stelpaviricetes,Patatavirales,Potyviridae,Potyvirus,Potyvirus lilimaculae,
Potyvirus,12195,,,,0.22,,,,,,,,0.22,,,,4688.0,Lilium,Riboviria,Orthornavirae,Pisuviricota,Stelpaviricetes,Patatavirales,Potyviridae,Potyvirus,Potyvirus yililii,
Potyvirus,12195,,,,0.22,,,,,,,,0.22,,,,3874.0,Lupinus polyphyllus,Riboviria,Orthornavirae,Pisuviricota,Stelpaviricetes,Patatavirales,Potyviridae,Potyvirus,Potyvirus lupinus,
Potyvirus,12195,,,,0.22,,,,,,,,0.22,,,,4577.0,Zea mays,Riboviria,Orthornavirae,Pisuviricota,Stelpaviricetes,Patatavirales,Potyviridae,Potyvirus,Potyvirus zeananus,
Potyvirus,12195,,,,0.22,,,,,,,,0.22,,,,65557.0,Alcea rosea,Riboviria,Orthornavirae,Pisuviricota,Stelpaviricetes,Patatavirales,Potyviridae,Potyvirus,Potyvirus malvae,
Potyvirus,12195,,,,0.22,,,,,,,,0.22,,,,13707.0,Tagetes,Riboviria,Orthornavirae,Pisuviricota,Stelpaviricetes,Patatavirales,Potyviridae,Potyvirus,Potyvirus tagetis,
Potyvirus,12195,,,,0.22,,,,,,,,0.22,,,,147035.0,Tropaeolum tuberosum,Riboviria,Orthornavirae,Pisuviricota,Stelpaviricetes,Patatavirales,Potyviridae,Potyvirus,Potyvirus tropaeoli,
Potyvirus,12195,,,,0.22,,,,,,,,0.22,,,,4081.0,Solanum lycopersicum,Riboviria,Orthornavirae,Pisuviricota,Stelpaviricetes,Patatavirales,Potyviridae,Potyvirus,Potyvirus rutae,
Potyvirus,12195,,,,0.22,,,,,,,,0.22,,,,266085.0,Ruta montana,Riboviria,Orthornavirae,Pisuviricota,Stelpaviricetes,Patatavirales,Potyviridae,Potyvirus,Potyvirus rutae,
Potyvirus,12195,,,,0.22,,,,,,,,0.22,,,,3538.0,Mirabilis jalapa,Riboviria,Orthornavirae,Pisuviricota,Stelpaviricetes,Patatavirales,Potyviridae,Potyvirus,Potyvirus mirabilis,
Potyvirus,12195,,,,0.22,,,,,,,,0.22,,,,3664.0,Cucurbita pepo subsp. pepo,Riboviria,Orthornavirae,Pisuviricota,Stelpaviricetes,Patatavirales,Potyviridae,Potyvirus,Potyvirus citrullimoroccense,
Potyvirus,12195,,,,0.22,,,,,,,,0.22,,,,54860.0,Narcissus tazetta,Riboviria,Orthornavirae,Pisuviricota,Stelpaviricetes,Patatavirales,Potyviridae,Potyvirus,Potyvirus narcissusdegeneris,
Potyvirus,12195,,,,0.22,,,,,,,,0.22,,,,3141533.0,Narcissus sp.,Riboviria,Orthornavirae,Pisuviricota,Stelpaviricetes,Patatavirales,Potyviridae,Potyvirus,Potyvirus narcissuslineae,
Potyvirus,12195,,,,0.22,,,,,,,,0.22,,,,391288.0,Narcissus tazetta subsp. chinensis,Riboviria,Orthornavirae,Pisuviricota,Stelpaviricetes,Patatavirales,Potyviridae,Potyvirus,Potyvirus narcissus,
Potyvirus,12195,,,,0.22,,,,,,,,0.22,,,,43522.0,Morinda citrifolia,Riboviria,Orthornavirae,Pisuviricota,Stelpaviricetes,Patatavirales,Potyviridae,Potyvirus,Potyvirus morindatessellati,
Potyvirus,12195,,,,0.22,,,,,,,,0.22,,,,51466.0,Ornithogalum,Riboviria,Orthornavirae,Pisuviricota,Stelpaviricetes,Patatavirales,Potyviridae,Potyvirus,Potyvirus ornithogalitessellati,
Potyvirus,12195,,,,0.22,,,,,,,,0.22,,,,81765.0,Lachenalia,Riboviria,Orthornavirae,Pisuviricota,Stelpaviricetes,Patatavirales,Potyviridae,Potyvirus,Potyvirus ornithogalitessellati,
Potyvirus,12195,,,,0.22,,,,,,,,0.22,,,,3136809.0,Gladiolus sp.,Riboviria,Orthornavirae,Pisuviricota,Stelpaviricetes,Patatavirales,Potyviridae,Potyvirus,Potyvirus ornithogalitessellati,
Potyvirus,12195,,,,0.22,,,,,,,,0.22,,,,82017.0,Ornithogalum thyrsoides,Riboviria,Orthornavirae,Pisuviricota,Stelpaviricetes,Patatavirales,Potyviridae,Potyvirus,Potyvirus yiornithogali,
Potyvirus,12195,,,,0.22,,,,,,,,0.22,,,,44586.0,Panax notoginseng,Riboviria,Orthornavirae,Pisuviricota,Stelpaviricetes,Patatavirales,Potyviridae,Potyvirus,Potyvirus panax,
Potyvirus,12195,,,,0.22,,,,,,,,0.22,,,,3649.0,Carica papaya,Riboviria,Orthornavirae,Pisuviricota,Stelpaviricetes,Patatavirales,Potyviridae,Potyvirus,Potyvirus caricae,
Potyvirus,12195,,,,0.22,,,,,,,,0.22,,,,3657.0,Cucumis melo var. conomon,Riboviria,Orthornavirae,Pisuviricota,Stelpaviricetes,Patatavirales,Potyviridae,Potyvirus,Potyvirus caricae,
Potyvirus,12195,,,,0.22,,,,,,,,0.22,,,,3659.0,Cucumis sativus,Riboviria,Orthornavirae,Pisuviricota,Stelpaviricetes,Patatavirales,Potyviridae,Potyvirus,Potyvirus caricae,
Potyvirus,12195,,,,0.22,,,,,,,,0.22,,,,61886.0,Cucumis metuliferus,Riboviria,Orthornavirae,Pisuviricota,Stelpaviricetes,Patatavirales,Potyviridae,Potyvirus,Potyvirus caricae,
Potyvirus,12195,,,,0.22,,,,,,,,0.22,,,,869827.0,Cucumis sativus var. sativus,Riboviria,Orthornavirae,Pisuviricota,Stelpaviricetes,Patatavirales,Potyviridae,Potyvirus,Potyvirus caricae,
Potyvirus,12195,,,,0.22,,,,,,,,0.22,,,,3654.0,Citrullus lanatus,Riboviria,Orthornavirae,Pisuviricota,Stelpaviricetes,Patatavirales,Potyviridae,Potyvirus,Potyvirus papayanuli,
Potyvirus,12195,,,,0.22,,,,,,,,0.22,,,,3663.0,Cucurbita pepo,Riboviria,Orthornavirae,Pisuviricota,Stelpaviricetes,Patatavirales,Potyviridae,Potyvirus,Potyvirus papayanuli,
Potyvirus,12195,,,,0.22,,,,,,,,0.22,,,,3673.0,Momordica charantia,Riboviria,Orthornavirae,Pisuviricota,Stelpaviricetes,Patatavirales,Potyviridae,Potyvirus,Potyvirus papayanuli,
Potyvirus,12195,,,,0.22,,,,,,,,0.22,,,,49666.0,Paris polyphylla,Riboviria,Orthornavirae,Pisuviricota,Stelpaviricetes,Patatavirales,Potyviridae,Potyvirus,Potyvirus parisnecrosis,
Potyvirus,12195,,,,0.22,,,,,,,,0.22,,,,221260.0,Paris polyphylla var. yunnanensis,Riboviria,Orthornavirae,Pisuviricota,Stelpaviricetes,Patatavirales,Potyviridae,Potyvirus,Potyvirus paris,
Potyvirus,12195,,,,0.22,,,,,,,,0.22,,,,159428.0,Passiflora caerulea,Riboviria,Orthornavirae,Pisuviricota,Stelpaviricetes,Patatavirales,Potyviridae,Potyvirus,Potyvirus passiflorae,
Potyvirus,12195,,,,0.22,,,,,,,,0.22,,,,258322.0,Spathiphyllum patinii,Riboviria,Orthornavirae,Pisuviricota,Stelpaviricetes,Patatavirales,Potyviridae,Potyvirus,Potyvirus basellae,
Potyvirus,12195,,,,0.22,,,,,,,,0.22,,,,35627.0,Stylosanthes,Riboviria,Orthornavirae,Pisuviricota,Stelpaviricetes,Patatavirales,Potyviridae,Potyvirus,Potyvirus arachidis,
Potyvirus,12195,,,,0.22,,,,,,,,0.22,,,,53851.0,Cassia,Riboviria,Orthornavirae,Pisuviricota,Stelpaviricetes,Patatavirales,Potyviridae,Potyvirus,Potyvirus arachidis,
Potyvirus,12195,,,,0.22,,,,,,,,0.22,,,,108216.0,Arachis pintoi,Riboviria,Orthornavirae,Pisuviricota,Stelpaviricetes,Patatavirales,Potyviridae,Potyvirus,Potyvirus arachidis,
Potyvirus,12195,,,,0.22,,,,,,,,0.22,,,,32201.0,Carya illinoinensis,Riboviria,Orthornavirae,Pisuviricota,Stelpaviricetes,Patatavirales,Potyviridae,Potyvirus,Potyvirus caryae,
Potyvirus,12195,,,,0.22,,,,,,,,0.22,,,,79853.0,Cenchrus compressus,Riboviria,Orthornavirae,Pisuviricota,Stelpaviricetes,Patatavirales,Potyviridae,Potyvirus,Potyvirus fountaingrassi,
Potyvirus,12195,,,,0.22,,,,,,,,0.22,,,,4539.0,Panicum,Riboviria,Orthornavirae,Pisuviricota,Stelpaviricetes,Patatavirales,Potyviridae,Potyvirus,Potyvirus pennisseti,
Potyvirus,12195,,,,0.22,,,,,,,,0.22,,,,4541.0,Pennisetum,Riboviria,Orthornavirae,Pisuviricota,Stelpaviricetes,Patatavirales,Potyviridae,Potyvirus,Potyvirus pennisseti,
Potyvirus,12195,,,,0.22,,,,,,,,0.22,,,,4554.0,Setaria,Riboviria,Orthornavirae,Pisuviricota,Stelpaviricetes,Patatavirales,Potyviridae,Potyvirus,Potyvirus pennisseti,
Potyvirus,12195,,,,0.22,,,,,,,,0.22,,,,4556.0,Setaria viridis,Riboviria,Orthornavirae,Pisuviricota,Stelpaviricetes,Patatavirales,Potyviridae,Potyvirus,Potyvirus pennisseti,
Potyvirus,12195,,,,0.22,,,,,,,,0.22,,,,4558.0,Sorghum bicolor,Riboviria,Orthornavirae,Pisuviricota,Stelpaviricetes,Patatavirales,Potyviridae,Potyvirus,Potyvirus pennisseti,
Potyvirus,12195,,,,0.22,,,,,,,,0.22,,,,29674.0,Eleusine indica,Riboviria,Orthornavirae,Pisuviricota,Stelpaviricetes,Patatavirales,Potyviridae,Potyvirus,Potyvirus pennisseti,
Potyvirus,12195,,,,0.22,,,,,,,,0.22,,,,200562.0,Spodiopogon sibiricus,Riboviria,Orthornavirae,Pisuviricota,Stelpaviricetes,Patatavirales,Potyviridae,Potyvirus,Potyvirus pennisseti,
Potyvirus,12195,,,,0.22,,,,,,,,0.22,,,,314391.0,Chloris virgata,Riboviria,Orthornavirae,Pisuviricota,Stelpaviricetes,Patatavirales,Potyviridae,Potyvirus,Potyvirus pennisseti,
Potyvirus,12195,,,,0.22,,,,,,,,0.22,,,,1564034.0,Arthraxon prionodes,Riboviria,Orthornavirae,Pisuviricota,Stelpaviricetes,Patatavirales,Potyviridae,Potyvirus,Potyvirus pennisseti,
Potyvirus,12195,,,,0.22,,,,,,,,0.22,,,,4075.0,Datura inoxia,Riboviria,Orthornavirae,Pisuviricota,Stelpaviricetes,Patatavirales,Potyviridae,Potyvirus,Potyvirus capsimaculae,
Potyvirus,12195,,,,0.22,,,,,,,,0.22,,,,4107.0,Solanum,Riboviria,Orthornavirae,Pisuviricota,Stelpaviricetes,Patatavirales,Potyviridae,Potyvirus,Potyvirus capsimaculae,
Potyvirus,12195,,,,0.22,,,,,,,,0.22,,,,4073.0,Capsicum frutescens,Riboviria,Orthornavirae,Pisuviricota,Stelpaviricetes,Patatavirales,Potyviridae,Potyvirus,Potyvirus capsivenae,
Potyvirus,12195,,,,0.22,,,,,,,,0.22,,,,3374349.0,Perus,Riboviria,Orthornavirae,Pisuviricota,Stelpaviricetes,Patatavirales,Potyviridae,Potyvirus,Potyvirus perulycopersici,
Potyvirus,12195,,,,0.22,,,,,,,,0.22,,,,94286.0,Platycodon grandiflorus,Riboviria,Orthornavirae,Pisuviricota,Stelpaviricetes,Patatavirales,Potyviridae,Potyvirus,Potyvirus platycodonis,
Potyvirus,12195,,,,0.22,,,,,,,,0.22,,,,147366.0,Bambusoideae,Riboviria,Orthornavirae,Pisuviricota,Stelpaviricetes,Patatavirales,Potyviridae,Potyvirus,Potyvirus pleioblasti,
Potyvirus,12195,,,,0.22,,,,,,,,0.22,,,,194506.0,Pleione humilis,Riboviria,Orthornavirae,Pisuviricota,Stelpaviricetes,Patatavirales,Potyviridae,Potyvirus,Potyvirus pleionis,
Potyvirus,12195,,,,0.22,,,,,,,,0.22,,,,3758.0,Prunus domestica,Riboviria,Orthornavirae,Pisuviricota,Stelpaviricetes,Patatavirales,Potyviridae,Potyvirus,Potyvirus plumpoxi,
Potyvirus,12195,,,,0.22,,,,,,,,0.22,,,,3760.0,Prunus persica,Riboviria,Orthornavirae,Pisuviricota,Stelpaviricetes,Patatavirales,Potyviridae,Potyvirus,Potyvirus plumpoxi,
Potyvirus,12195,,,,0.22,,,,,,,,0.22,,,,36595.0,Prunus cerasifera,Riboviria,Orthornavirae,Pisuviricota,Stelpaviricetes,Patatavirales,Potyviridae,Potyvirus,Potyvirus plumpoxi,
Potyvirus,12195,,,,0.22,,,,,,,,0.22,,,,36596.0,Prunus armeniaca,Riboviria,Orthornavirae,Pisuviricota,Stelpaviricetes,Patatavirales,Potyviridae,Potyvirus,Potyvirus plumpoxi,
Potyvirus,12195,,,,0.22,,,,,,,,0.22,,,,88123.0,Prunus salicina,Riboviria,Orthornavirae,Pisuviricota,Stelpaviricetes,Patatavirales,Potyviridae,Potyvirus,Potyvirus plumpoxi,
Potyvirus,12195,,,,0.22,,,,,,,,0.22,,,,105665.0,Prunus glandulosa,Riboviria,Orthornavirae,Pisuviricota,Stelpaviricetes,Patatavirales,Potyviridae,Potyvirus,Potyvirus plumpoxi,
Potyvirus,12195,,,,0.22,,,,,,,,0.22,,,,114937.0,Prunus spinosa,Riboviria,Orthornavirae,Pisuviricota,Stelpaviricetes,Patatavirales,Potyviridae,Potyvirus,Potyvirus plumpoxi,
Potyvirus,12195,,,,0.22,,,,,,,,0.22,,,,3527.0,Phytolacca americana,Riboviria,Orthornavirae,Pisuviricota,Stelpaviricetes,Patatavirales,Potyviridae,Potyvirus,Potyvirus phytolaccae,
Potyvirus,12195,,,,0.22,,,,,,,,0.22,,,,4112.0,Solanum nigrum,Riboviria,Orthornavirae,Pisuviricota,Stelpaviricetes,Patatavirales,Potyviridae,Potyvirus,Potyvirus atuberosi,
Potyvirus,12195,,,,0.22,,,,,,,,0.22,,,,4113.0,Solanum tuberosum,Riboviria,Orthornavirae,Pisuviricota,Stelpaviricetes,Patatavirales,Potyviridae,Potyvirus,Potyvirus atuberosi,
Potyvirus,12195,,,,0.22,,,,,,,,0.22,,,,45843.0,Solanum betaceum,Riboviria,Orthornavirae,Pisuviricota,Stelpaviricetes,Patatavirales,Potyviridae,Potyvirus,Potyvirus atuberosi,
Potyvirus,12195,,,,0.22,,,,,,,,0.22,,,,742160.0,Solanum x edinense,Riboviria,Orthornavirae,Pisuviricota,Stelpaviricetes,Patatavirales,Potyviridae,Potyvirus,Potyvirus vetuberosi,
Potyvirus,12195,,,,0.22,,,,,,,,0.22,,,,4085.0,Nicotiana,Riboviria,Orthornavirae,Pisuviricota,Stelpaviricetes,Patatavirales,Potyviridae,Potyvirus,Potyvirus yituberosi,
Potyvirus,12195,,,,0.22,,,,,,,,0.22,,,,3660.0,Cucurbita,Riboviria,Orthornavirae,Pisuviricota,Stelpaviricetes,Patatavirales,Potyviridae,Potyvirus,,
Potyvirus,12195,,,,0.22,,,,,,,,0.22,,,,1231189.0,Alstroemeria pulchella,Riboviria,Orthornavirae,Pisuviricota,Stelpaviricetes,Patatavirales,Potyviridae,Potyvirus,,
Potyvirus,12195,,,,0.22,,,,,,,,0.22,,,,56196.0,Amaranthus viridis,Riboviria,Orthornavirae,Pisuviricota,Stelpaviricetes,Patatavirales,Potyviridae,Potyvirus,,
Potyvirus,12195,,,,0.22,,,,,,,,0.22,,,,221775.0,Gomphrena globosa,Riboviria,Orthornavirae,Pisuviricota,Stelpaviricetes,Patatavirales,Potyviridae,Potyvirus,,
Potyvirus,12195,,,,0.22,,,,,,,,0.22,,,,1053327.0,Amaranthus deflexus,Riboviria,Orthornavirae,Pisuviricota,Stelpaviricetes,Patatavirales,Potyviridae,Potyvirus,,
Potyvirus,12195,,,,0.22,,,,,,,,0.22,,,,82528.0,Crocus sativus,Riboviria,Orthornavirae,Pisuviricota,Stelpaviricetes,Patatavirales,Potyviridae,Potyvirus,Potyvirus croci,
Potyvirus,12195,,,,0.22,,,,,,,,0.22,,,,130426.0,Allium chinense,Riboviria,Orthornavirae,Pisuviricota,Stelpaviricetes,Patatavirales,Potyviridae,Potyvirus,Potyvirus ascaloniavirgae,
Potyvirus,12195,,,,0.22,,,,,,,,0.22,,,,261619.0,Takhtajaniantha austriaca,Riboviria,Orthornavirae,Pisuviricota,Stelpaviricetes,Patatavirales,Potyviridae,Potyvirus,Potyvirus scorzaureum,
Potyvirus,12195,,,,0.22,,,,,,,,0.22,,,,35875.0,Allium fistulosum,Riboviria,Orthornavirae,Pisuviricota,Stelpaviricetes,Patatavirales,Potyviridae,Potyvirus,Potyvirus ascaloniae,
Potyvirus,12195,,,,0.22,,,,,,,,0.22,,,,4547.0,Saccharum officinarum,Riboviria,Orthornavirae,Pisuviricota,Stelpaviricetes,Patatavirales,Potyviridae,Potyvirus,Potyvirus sorghitessellati,
Potyvirus,12195,,,,0.22,,,,,,,,0.22,,,,128810.0,Saccharum hybrid cultivar,Riboviria,Orthornavirae,Pisuviricota,Stelpaviricetes,Patatavirales,Potyviridae,Potyvirus,Potyvirus sorghitessellati,
Potyvirus,12195,,,,0.22,,,,,,,,0.22,,,,1120798.0,Cucumis melo var. flexuosus,Riboviria,Orthornavirae,Pisuviricota,Stelpaviricetes,Patatavirales,Potyviridae,Potyvirus,Potyvirus cordophani,
Potyvirus,12195,,,,0.22,,,,,,,,0.22,,,,381124.0,Zea mays subsp. mays,Riboviria,Orthornavirae,Pisuviricota,Stelpaviricetes,Patatavirales,Potyviridae,Potyvirus,Potyvirus sacchari,
Potyvirus,12195,,,,0.22,,,,,,,,0.22,,,,4120.0,Ipomoea batatas,Riboviria,Orthornavirae,Pisuviricota,Stelpaviricetes,Patatavirales,Potyviridae,Potyvirus,Potyvirus batataplumei,
Potyvirus,12195,,,,0.22,,,,,,,,0.22,,,,35883.0,Ipomoea nil,Riboviria,Orthornavirae,Pisuviricota,Stelpaviricetes,Patatavirales,Potyviridae,Potyvirus,Potyvirus batataplumei,
Potyvirus,12195,,,,0.22,,,,,,,,0.22,,,,84866.0,Telosma cordata,Riboviria,Orthornavirae,Pisuviricota,Stelpaviricetes,Patatavirales,Potyviridae,Potyvirus,Potyvirus telosmae,
Potyvirus,12195,,,,0.22,,,,,,,,0.22,,,,210344.0,Thladiantha dubia,Riboviria,Orthornavirae,Pisuviricota,Stelpaviricetes,Patatavirales,Potyviridae,Potyvirus,Potyvirus thladiatessellati,
Potyvirus,12195,,,,0.22,,,,,,,,0.22,,,,4076.0,Datura stramonium,Riboviria,Orthornavirae,Pisuviricota,Stelpaviricetes,Patatavirales,Potyviridae,Potyvirus,Potyvirus nicotianainsculpentis,
Potyvirus,12195,,,,0.22,,,,,,,,0.22,,,,24663.0,Physalis,Riboviria,Orthornavirae,Pisuviricota,Stelpaviricetes,Patatavirales,Potyviridae,Potyvirus,Potyvirus nicotianainsculpentis,
Potyvirus,12195,,,,0.22,,,,,,,,0.22,,,,3618.0,Rumex,Riboviria,Orthornavirae,Pisuviricota,Stelpaviricetes,Patatavirales,Potyviridae,Potyvirus,Potyvirus nicotianavenamaculae,
Potyvirus,12195,,,,0.22,,,,,,,,0.22,,,,4741.0,Tradescantia,Riboviria,Orthornavirae,Pisuviricota,Stelpaviricetes,Patatavirales,Potyviridae,Potyvirus,Potyvirus tradescantiae,
Potyvirus,12195,,,,0.22,,,,,,,,0.22,,,,82206.0,Agave amica,Riboviria,Orthornavirae,Pisuviricota,Stelpaviricetes,Patatavirales,Potyviridae,Potyvirus,Potyvirus polianthis,
Potyvirus,12195,,,,0.22,,,,,,,,0.22,,,,45423.0,Tulipa hybrid cultivar,Riboviria,Orthornavirae,Pisuviricota,Stelpaviricetes,Patatavirales,Potyviridae,Potyvirus,Potyvirus tulipadefractum,
Potyvirus,12195,,,,0.22,,,,,,,,0.22,,,,3705.0,Brassica,Riboviria,Orthornavirae,Pisuviricota,Stelpaviricetes,Patatavirales,Potyviridae,Potyvirus,Potyvirus rapae,
Potyvirus,12195,,,,0.22,,,,,,,,0.22,,,,3719.0,Capsella bursa-pastoris,Riboviria,Orthornavirae,Pisuviricota,Stelpaviricetes,Patatavirales,Potyviridae,Potyvirus,Potyvirus rapae,
Potyvirus,12195,,,,0.22,,,,,,,,0.22,,,,13274.0,Stellaria media,Riboviria,Orthornavirae,Pisuviricota,Stelpaviricetes,Patatavirales,Potyviridae,Potyvirus,Potyvirus rapae,
Potyvirus,12195,,,,0.22,,,,,,,,0.22,,,,38206.0,Calanthe,Riboviria,Orthornavirae,Pisuviricota,Stelpaviricetes,Patatavirales,Potyviridae,Potyvirus,Potyvirus rapae,
Potyvirus,12195,,,,0.22,,,,,,,,0.22,,,,126270.0,Alliaria petiolata,Riboviria,Orthornavirae,Pisuviricota,Stelpaviricetes,Patatavirales,Potyviridae,Potyvirus,Potyvirus rapae,
Potyvirus,12195,,,,0.22,,,,,,,,0.22,,,,264418.0,Hesperis matronalis,Riboviria,Orthornavirae,Pisuviricota,Stelpaviricetes,Patatavirales,Potyviridae,Potyvirus,Potyvirus rapae,
Potyvirus,12195,,,,0.22,,,,,,,,0.22,,,,51350.0,Brassica rapa subsp. rapa,Riboviria,Orthornavirae,Pisuviricota,Stelpaviricetes,Patatavirales,Potyviridae,Potyvirus,Potyvirus rapae,
Potyvirus,12195,,,,0.22,,,,,,,,0.22,,,,4697.0,Narcissus,Riboviria,Orthornavirae,Pisuviricota,Stelpaviricetes,Patatavirales,Potyviridae,Potyvirus,Potyvirus vallotae,
Potyvirus,12195,,,,0.22,,,,,,,,0.22,,,,22002.0,Verbena,Riboviria,Orthornavirae,Pisuviricota,Stelpaviricetes,Patatavirales,Potyviridae,Potyvirus,Potyvirus verbenae,
Potyvirus,12195,,,,0.22,,,,,,,,0.22,,,,3665.0,Cucurbita melopepo,Riboviria,Orthornavirae,Pisuviricota,Stelpaviricetes,Patatavirales,Potyviridae,Potyvirus,Potyvirus citrulli,
Potyvirus,12195,,,,0.22,,,,,,,,0.22,,,,51238.0,Vanilla,Riboviria,Orthornavirae,Pisuviricota,Stelpaviricetes,Patatavirales,Potyviridae,Potyvirus,Potyvirus citrulli,
Potyvirus,12195,,,,0.22,,,,,,,,0.22,,,,59331.0,Orchis,Riboviria,Orthornavirae,Pisuviricota,Stelpaviricetes,Patatavirales,Potyviridae,Potyvirus,Potyvirus citrulli,
Potyvirus,12195,,,,0.22,,,,,,,,0.22,,,,217619.0,Cucumis melo subsp. agrestis,Riboviria,Orthornavirae,Pisuviricota,Stelpaviricetes,Patatavirales,Potyviridae,Potyvirus,Potyvirus melozonati,
Potyvirus,12195,,,,0.22,,,,,,,,0.22,,,,4678.0,Allium,Riboviria,Orthornavirae,Pisuviricota,Stelpaviricetes,Patatavirales,Potyviridae,Potyvirus,Potyvirus alliumagrestis,
Potyvirus,12195,,,,0.22,,,,,,,,0.22,,,,856887.0,Solanum chancayense,Riboviria,Orthornavirae,Pisuviricota,Stelpaviricetes,Patatavirales,Potyviridae,Potyvirus,Potyvirus muricati,
Potyvirus,12195,,,,0.22,,,,,,,,0.22,,,,119830.0,Solanum torvum,Riboviria,Orthornavirae,Pisuviricota,Stelpaviricetes,Patatavirales,Potyviridae,Potyvirus,Potyvirus torvi,
Potyvirus,12195,,,,0.22,,,,,,,,0.22,,,,3921.0,Wisteria,Riboviria,Orthornavirae,Pisuviricota,Stelpaviricetes,Patatavirales,Potyviridae,Potyvirus,Potyvirus wisteriae,
Potyvirus,12195,,,,0.22,,,,,,,,0.22,,,,55581.0,Dioscorea trifida,Riboviria,Orthornavirae,Pisuviricota,Stelpaviricetes,Patatavirales,Potyviridae,Potyvirus,Potyvirus yamplacidum,
Potyvirus,12195,,,,0.22,,,,,,,,0.22,,,,4671.0,Dioscoreaceae,Riboviria,Orthornavirae,Pisuviricota,Stelpaviricetes,Patatavirales,Potyviridae,Potyvirus,Potyvirus yamtesselati,
Potyvirus,12195,,,,0.22,,,,,,,,0.22,,,,4672.0,Dioscorea,Riboviria,Orthornavirae,Pisuviricota,Stelpaviricetes,Patatavirales,Potyviridae,Potyvirus,Potyvirus yamtesselati,
Potyvirus,12195,,,,0.22,,,,,,,,0.22,,,,55571.0,Dioscorea alata,Riboviria,Orthornavirae,Pisuviricota,Stelpaviricetes,Patatavirales,Potyviridae,Potyvirus,Potyvirus yamtesselati,
Potyvirus,12195,,,,0.22,,,,,,,,0.22,,,,118703.0,Nicotiana megalosiphon,Riboviria,Orthornavirae,Pisuviricota,Stelpaviricetes,Patatavirales,Potyviridae,Potyvirus,Potyvirus yamtesselati,
Potyvirus,12195,,,,0.22,,,,,,,,0.22,,,,205481.0,Pachyrhizus tuberosus,Riboviria,Orthornavirae,Pisuviricota,Stelpaviricetes,Patatavirales,Potyviridae,Potyvirus,Potyvirus pachyrhizus,
Potyvirus,12195,,,,0.22,,,,,,,,0.22,,,,29230.0,Mazzaella flaccida,Riboviria,Orthornavirae,Pisuviricota,Stelpaviricetes,Patatavirales,Potyviridae,Potyvirus,Potyvirus zantedeschiatenuis,
Potyvirus,12195,,,,0.22,,,,,,,,0.22,,,,3670.0,Luffa aegyptiaca,Riboviria,Orthornavirae,Pisuviricota,Stelpaviricetes,Patatavirales,Potyviridae,Potyvirus,Potyvirus cucurbitaflavitesselati,
Tobamovirus,12234,5.28,10.61,7.38,4.75,13.41,9.89,17.29,45.89,26.81,18.35,3.4,19.57,12.0,3.33,10.12,4071.0,Capsicum,Riboviria,Orthornavirae,Kitrinoviricota,Alsuviricetes,Martellivirales,Virgaviridae,Tobamovirus,Tobamovirus maculacapsici,+ssRNA
Tobamovirus,12234,5.28,10.61,7.38,4.75,13.41,9.89,17.29,45.89,26.81,18.35,3.4,19.57,12.0,3.33,10.12,4100.0,Nicotiana benthamiana,Riboviria,Orthornavirae,Kitrinoviricota,Alsuviricetes,Martellivirales,Virgaviridae,Tobamovirus,Tobamovirus maculacapsici,+ssRNA
Tobamovirus,12234,5.28,10.61,7.38,4.75,13.41,9.89,17.29,45.89,26.81,18.35,3.4,19.57,12.0,3.33,10.12,35889.0,Nicotiana glutinosa,Riboviria,Orthornavirae,Kitrinoviricota,Alsuviricetes,Martellivirales,Virgaviridae,Tobamovirus,Tobamovirus maculacapsici,+ssRNA
Tobamovirus,12234,5.28,10.61,7.38,4.75,13.41,9.89,17.29,45.89,26.81,18.35,3.4,19.57,12.0,3.33,10.12,223891.0,Solanum virginianum,Riboviria,Orthornavirae,Kitrinoviricota,Alsuviricetes,Martellivirales,Virgaviridae,Tobamovirus,Tobamovirus maculacapsici,+ssRNA
Tobamovirus,12234,5.28,10.61,7.38,4.75,13.41,9.89,17.29,45.89,26.81,18.35,3.4,19.57,12.0,3.33,10.12,301914.0,Brugmansia,Riboviria,Orthornavirae,Kitrinoviricota,Alsuviricetes,Martellivirales,Virgaviridae,Tobamovirus,Tobamovirus brugmansiae,+ssRNA
Tobamovirus,12234,5.28,10.61,7.38,4.75,13.41,9.89,17.29,45.89,26.81,18.35,3.4,19.57,12.0,3.33,10.12,3342679.0,Brugmansia sp.,Riboviria,Orthornavirae,Kitrinoviricota,Alsuviricetes,Martellivirales,Virgaviridae,Tobamovirus,Tobamovirus brugmansiae,+ssRNA
Tobamovirus,12234,5.28,10.61,7.38,4.75,13.41,9.89,17.29,45.89,26.81,18.35,3.4,19.57,12.0,3.33,10.12,484760.0,Gymnocalycium mihanovichii,Riboviria,Orthornavirae,Kitrinoviricota,Alsuviricetes,Martellivirales,Virgaviridae,Tobamovirus,Tobamovirus cacti,+ssRNA
Tobamovirus,12234,5.28,10.61,7.38,4.75,13.41,9.89,17.29,45.89,26.81,18.35,3.4,19.57,12.0,3.33,10.12,43366.0,Clitoria ternatea,Riboviria,Orthornavirae,Kitrinoviricota,Alsuviricetes,Martellivirales,Virgaviridae,Tobamovirus,Tobamovirus clitoriae,+ssRNA
Tobamovirus,12234,5.28,10.61,7.38,4.75,13.41,9.89,17.29,45.89,26.81,18.35,3.4,19.57,12.0,3.33,10.12,3659.0,Cucumis sativus,Riboviria,Orthornavirae,Kitrinoviricota,Alsuviricetes,Martellivirales,Virgaviridae,Tobamovirus,Tobamovirus maculafructi,+ssRNA
Tobamovirus,12234,5.28,10.61,7.38,4.75,13.41,9.89,17.29,45.89,26.81,18.35,3.4,19.57,12.0,3.33,10.12,869827.0,Cucumis sativus var. sativus,Riboviria,Orthornavirae,Kitrinoviricota,Alsuviricetes,Martellivirales,Virgaviridae,Tobamovirus,Tobamovirus maculafructi,+ssRNA
Tobamovirus,12234,5.28,10.61,7.38,4.75,13.41,9.89,17.29,45.89,26.81,18.35,3.4,19.57,12.0,3.33,10.12,3653.0,Citrullus,Riboviria,Orthornavirae,Kitrinoviricota,Alsuviricetes,Martellivirales,Virgaviridae,Tobamovirus,Tobamovirus viridimaculae,+ssRNA
Tobamovirus,12234,5.28,10.61,7.38,4.75,13.41,9.89,17.29,45.89,26.81,18.35,3.4,19.57,12.0,3.33,10.12,3668.0,Lagenaria siceraria,Riboviria,Orthornavirae,Kitrinoviricota,Alsuviricetes,Martellivirales,Virgaviridae,Tobamovirus,Tobamovirus viridimaculae,+ssRNA
Tobamovirus,12234,5.28,10.61,7.38,4.75,13.41,9.89,17.29,45.89,26.81,18.35,3.4,19.57,12.0,3.33,10.12,3656.0,Cucumis melo,Riboviria,Orthornavirae,Kitrinoviricota,Alsuviricetes,Martellivirales,Virgaviridae,Tobamovirus,Tobamovirus cucumeris,+ssRNA
Tobamovirus,12234,5.28,10.61,7.38,4.75,13.41,9.89,17.29,45.89,26.81,18.35,3.4,19.57,12.0,3.33,10.12,62097.0,Plumeria rubra,Riboviria,Orthornavirae,Kitrinoviricota,Alsuviricetes,Martellivirales,Virgaviridae,Tobamovirus,Tobamovirus frangipani,+ssRNA
Tobamovirus,12234,5.28,10.61,7.38,4.75,13.41,9.89,17.29,45.89,26.81,18.35,3.4,19.57,12.0,3.33,10.12,47605.0,Hibiscus,Riboviria,Orthornavirae,Kitrinoviricota,Alsuviricetes,Martellivirales,Virgaviridae,Tobamovirus,Tobamovirus fortpiercense,+ssRNA
Tobamovirus,12234,5.28,10.61,7.38,4.75,13.41,9.89,17.29,45.89,26.81,18.35,3.4,19.57,12.0,3.33,10.12,1617259.0,Hoya wayetii,Riboviria,Orthornavirae,Kitrinoviricota,Alsuviricetes,Martellivirales,Virgaviridae,Tobamovirus,unclassified Tobamovirus,+ssRNA
Tobamovirus,12234,5.28,10.61,7.38,4.75,13.41,9.89,17.29,45.89,26.81,18.35,3.4,19.57,12.0,3.33,10.12,3654.0,Citrullus lanatus,Riboviria,Orthornavirae,Kitrinoviricota,Alsuviricetes,Martellivirales,Virgaviridae,Tobamovirus,Tobamovirus kyuri,+ssRNA
Tobamovirus,12234,5.28,10.61,7.38,4.75,13.41,9.89,17.29,45.89,26.81,18.35,3.4,19.57,12.0,3.33,10.12,3661.0,Cucurbita maxima,Riboviria,Orthornavirae,Kitrinoviricota,Alsuviricetes,Martellivirales,Virgaviridae,Tobamovirus,Tobamovirus kyuri,+ssRNA
Tobamovirus,12234,5.28,10.61,7.38,4.75,13.41,9.89,17.29,45.89,26.81,18.35,3.4,19.57,12.0,3.33,10.12,3662.0,Cucurbita moschata,Riboviria,Orthornavirae,Kitrinoviricota,Alsuviricetes,Martellivirales,Virgaviridae,Tobamovirus,Tobamovirus kyuri,+ssRNA
Tobamovirus,12234,5.28,10.61,7.38,4.75,13.41,9.89,17.29,45.89,26.81,18.35,3.4,19.57,12.0,3.33,10.12,3663.0,Cucurbita pepo,Riboviria,Orthornavirae,Kitrinoviricota,Alsuviricetes,Martellivirales,Virgaviridae,Tobamovirus,Tobamovirus kyuri,+ssRNA
Tobamovirus,12234,5.28,10.61,7.38,4.75,13.41,9.89,17.29,45.89,26.81,18.35,3.4,19.57,12.0,3.33,10.12,3670.0,Luffa aegyptiaca,Riboviria,Orthornavirae,Kitrinoviricota,Alsuviricetes,Martellivirales,Virgaviridae,Tobamovirus,Tobamovirus kyuri,+ssRNA
Tobamovirus,12234,5.28,10.61,7.38,4.75,13.41,9.89,17.29,45.89,26.81,18.35,3.4,19.57,12.0,3.33,10.12,4076.0,Datura stramonium,Riboviria,Orthornavirae,Kitrinoviricota,Alsuviricetes,Martellivirales,Virgaviridae,Tobamovirus,Tobamovirus kyuri,+ssRNA
Tobamovirus,12234,5.28,10.61,7.38,4.75,13.41,9.89,17.29,45.89,26.81,18.35,3.4,19.57,12.0,3.33,10.12,78168.0,Passiflora edulis,Riboviria,Orthornavirae,Kitrinoviricota,Alsuviricetes,Martellivirales,Virgaviridae,Tobamovirus,Tobamovirus maracujae,+ssRNA
Tobamovirus,12234,5.28,10.61,7.38,4.75,13.41,9.89,17.29,45.89,26.81,18.35,3.4,19.57,12.0,3.33,10.12,4097.0,Nicotiana tabacum,Riboviria,Orthornavirae,Kitrinoviricota,Alsuviricetes,Martellivirales,Virgaviridae,Tobamovirus,Tobamovirus obudae,+ssRNA
Tobamovirus,12234,5.28,10.61,7.38,4.75,13.41,9.89,17.29,45.89,26.81,18.35,3.4,19.57,12.0,3.33,10.12,4112.0,Solanum nigrum,Riboviria,Orthornavirae,Kitrinoviricota,Alsuviricetes,Martellivirales,Virgaviridae,Tobamovirus,Tobamovirus obudae,+ssRNA
Tobamovirus,12234,5.28,10.61,7.38,4.75,13.41,9.89,17.29,45.89,26.81,18.35,3.4,19.57,12.0,3.33,10.12,14366.0,Cymbidium,Riboviria,Orthornavirae,Kitrinoviricota,Alsuviricetes,Martellivirales,Virgaviridae,Tobamovirus,Tobamovirus odontoglossi,+ssRNA
Tobamovirus,12234,5.28,10.61,7.38,4.75,13.41,9.89,17.29,45.89,26.81,18.35,3.4,19.57,12.0,3.33,10.12,45173.0,Oncidium,Riboviria,Orthornavirae,Kitrinoviricota,Alsuviricetes,Martellivirales,Virgaviridae,Tobamovirus,Tobamovirus odontoglossi,+ssRNA
Tobamovirus,12234,5.28,10.61,7.38,4.75,13.41,9.89,17.29,45.89,26.81,18.35,3.4,19.57,12.0,3.33,10.12,371859.0,Opuntia ficus-indica,Riboviria,Orthornavirae,Kitrinoviricota,Alsuviricetes,Martellivirales,Virgaviridae,Tobamovirus,unclassified Tobamovirus,+ssRNA
Tobamovirus,12234,5.28,10.61,7.38,4.75,13.41,9.89,17.29,45.89,26.81,18.35,3.4,19.57,12.0,3.33,10.12,4072.0,Capsicum annuum,Riboviria,Orthornavirae,Kitrinoviricota,Alsuviricetes,Martellivirales,Virgaviridae,Tobamovirus,Tobamovirus paprikae,+ssRNA
Tobamovirus,12234,5.28,10.61,7.38,4.75,13.41,9.89,17.29,45.89,26.81,18.35,3.4,19.57,12.0,3.33,10.12,159425.0,Passiflora incarnata,Riboviria,Orthornavirae,Kitrinoviricota,Alsuviricetes,Martellivirales,Virgaviridae,Tobamovirus,Tobamovirus passiflorae,+ssRNA
Tobamovirus,12234,5.28,10.61,7.38,4.75,13.41,9.89,17.29,45.89,26.81,18.35,3.4,19.57,12.0,3.33,10.12,3906.0,Vicia faba,Riboviria,Orthornavirae,Kitrinoviricota,Alsuviricetes,Martellivirales,Virgaviridae,Tobamovirus,Tobamovirus capsici,+ssRNA
Tobamovirus,12234,5.28,10.61,7.38,4.75,13.41,9.89,17.29,45.89,26.81,18.35,3.4,19.57,12.0,3.33,10.12,1123916.0,Disocactus flagelliformis,Riboviria,Orthornavirae,Kitrinoviricota,Alsuviricetes,Martellivirales,Virgaviridae,Tobamovirus,Tobamovirus muricaudae,+ssRNA
Tobamovirus,12234,5.28,10.61,7.38,4.75,13.41,9.89,17.29,45.89,26.81,18.35,3.4,19.57,12.0,3.33,10.12,99300.0,Rehmannia glutinosa,Riboviria,Orthornavirae,Kitrinoviricota,Alsuviricetes,Martellivirales,Virgaviridae,Tobamovirus,Tobamovirus rehmanniae,+ssRNA
Tobamovirus,12234,5.28,10.61,7.38,4.75,13.41,9.89,17.29,45.89,26.81,18.35,3.4,19.57,12.0,3.33,10.12,29818.0,Plantago major,Riboviria,Orthornavirae,Kitrinoviricota,Alsuviricetes,Martellivirales,Virgaviridae,Tobamovirus,Tobamovirus plantagonis,+ssRNA
Tobamovirus,12234,5.28,10.61,7.38,4.75,13.41,9.89,17.29,45.89,26.81,18.35,3.4,19.57,12.0,3.33,10.12,39414.0,Plantago lanceolata,Riboviria,Orthornavirae,Kitrinoviricota,Alsuviricetes,Martellivirales,Virgaviridae,Tobamovirus,Tobamovirus plantagonis,+ssRNA
Tobamovirus,12234,5.28,10.61,7.38,4.75,13.41,9.89,17.29,45.89,26.81,18.35,3.4,19.57,12.0,3.33,10.12,49450.0,Digitalis lanata,Riboviria,Orthornavirae,Kitrinoviricota,Alsuviricetes,Martellivirales,Virgaviridae,Tobamovirus,Tobamovirus plantagonis,+ssRNA
Tobamovirus,12234,5.28,10.61,7.38,4.75,13.41,9.89,17.29,45.89,26.81,18.35,3.4,19.57,12.0,3.33,10.12,52853.0,Silene latifolia subsp. alba,Riboviria,Orthornavirae,Kitrinoviricota,Alsuviricetes,Martellivirales,Virgaviridae,Tobamovirus,Tobamovirus plantagonis,+ssRNA
Tobamovirus,12234,5.28,10.61,7.38,4.75,13.41,9.89,17.29,45.89,26.81,18.35,3.4,19.57,12.0,3.33,10.12,65951.0,Rorippa amphibia,Riboviria,Orthornavirae,Kitrinoviricota,Alsuviricetes,Martellivirales,Virgaviridae,Tobamovirus,Tobamovirus plantagonis,+ssRNA
Tobamovirus,12234,5.28,10.61,7.38,4.75,13.41,9.89,17.29,45.89,26.81,18.35,3.4,19.57,12.0,3.33,10.12,65952.0,Rorippa sylvestris,Riboviria,Orthornavirae,Kitrinoviricota,Alsuviricetes,Martellivirales,Virgaviridae,Tobamovirus,Tobamovirus plantagonis,+ssRNA
Tobamovirus,12234,5.28,10.61,7.38,4.75,13.41,9.89,17.29,45.89,26.81,18.35,3.4,19.57,12.0,3.33,10.12,75806.0,Eutrema japonicum,Riboviria,Orthornavirae,Kitrinoviricota,Alsuviricetes,Martellivirales,Virgaviridae,Tobamovirus,Tobamovirus plantagonis,+ssRNA
Tobamovirus,12234,5.28,10.61,7.38,4.75,13.41,9.89,17.29,45.89,26.81,18.35,3.4,19.57,12.0,3.33,10.12,203579.0,Sisymbrium loeselii,Riboviria,Orthornavirae,Kitrinoviricota,Alsuviricetes,Martellivirales,Virgaviridae,Tobamovirus,Tobamovirus plantagonis,+ssRNA
Tobamovirus,12234,5.28,10.61,7.38,4.75,13.41,9.89,17.29,45.89,26.81,18.35,3.4,19.57,12.0,3.33,10.12,4093.0,Nicotiana rustica,Riboviria,Orthornavirae,Kitrinoviricota,Alsuviricetes,Martellivirales,Virgaviridae,Tobamovirus,Tobamovirus streptocarpi,+ssRNA
Tobamovirus,12234,5.28,10.61,7.38,4.75,13.41,9.89,17.29,45.89,26.81,18.35,3.4,19.57,12.0,3.33,10.12,4102.0,Petunia x hybrida,Riboviria,Orthornavirae,Kitrinoviricota,Alsuviricetes,Martellivirales,Virgaviridae,Tobamovirus,Tobamovirus streptocarpi,+ssRNA
Tobamovirus,12234,5.28,10.61,7.38,4.75,13.41,9.89,17.29,45.89,26.81,18.35,3.4,19.57,12.0,3.33,10.12,26254.0,Streptocarpus,Riboviria,Orthornavirae,Kitrinoviricota,Alsuviricetes,Martellivirales,Virgaviridae,Tobamovirus,Tobamovirus streptocarpi,+ssRNA
Tobamovirus,12234,5.28,10.61,7.38,4.75,13.41,9.89,17.29,45.89,26.81,18.35,3.4,19.57,12.0,3.33,10.12,63459.0,Chenopodium quinoa,Riboviria,Orthornavirae,Kitrinoviricota,Alsuviricetes,Martellivirales,Virgaviridae,Tobamovirus,Tobamovirus streptocarpi,+ssRNA
Tobamovirus,12234,5.28,10.61,7.38,4.75,13.41,9.89,17.29,45.89,26.81,18.35,3.4,19.57,12.0,3.33,10.12,81866.0,Nicotiana clevelandii,Riboviria,Orthornavirae,Kitrinoviricota,Alsuviricetes,Martellivirales,Virgaviridae,Tobamovirus,Tobamovirus streptocarpi,+ssRNA
Tobamovirus,12234,5.28,10.61,7.38,4.75,13.41,9.89,17.29,45.89,26.81,18.35,3.4,19.57,12.0,3.33,10.12,200313.0,Nicotiana occidentalis,Riboviria,Orthornavirae,Kitrinoviricota,Alsuviricetes,Martellivirales,Virgaviridae,Tobamovirus,Tobamovirus streptocarpi,+ssRNA
Tobamovirus,12234,5.28,10.61,7.38,4.75,13.41,9.89,17.29,45.89,26.81,18.35,3.4,19.57,12.0,3.33,10.12,3829.0,Crotalaria juncea,Riboviria,Orthornavirae,Kitrinoviricota,Alsuviricetes,Martellivirales,Virgaviridae,Tobamovirus,Tobamovirus crotalariae,+ssRNA
Tobamovirus,12234,5.28,10.61,7.38,4.75,13.41,9.89,17.29,45.89,26.81,18.35,3.4,19.57,12.0,3.33,10.12,3885.0,Phaseolus vulgaris,Riboviria,Orthornavirae,Kitrinoviricota,Alsuviricetes,Martellivirales,Virgaviridae,Tobamovirus,Tobamovirus crotalariae,+ssRNA
Tobamovirus,12234,5.28,10.61,7.38,4.75,13.41,9.89,17.29,45.89,26.81,18.35,3.4,19.57,12.0,3.33,10.12,3917.0,Vigna unguiculata,Riboviria,Orthornavirae,Kitrinoviricota,Alsuviricetes,Martellivirales,Virgaviridae,Tobamovirus,Tobamovirus crotalariae,+ssRNA
Tobamovirus,12234,5.28,10.61,7.38,4.75,13.41,9.89,17.29,45.89,26.81,18.35,3.4,19.57,12.0,3.33,10.12,35936.0,Lablab purpureus,Riboviria,Orthornavirae,Kitrinoviricota,Alsuviricetes,Martellivirales,Virgaviridae,Tobamovirus,Tobamovirus crotalariae,+ssRNA
Tobamovirus,12234,5.28,10.61,7.38,4.75,13.41,9.89,17.29,45.89,26.81,18.35,3.4,19.57,12.0,3.33,10.12,40336.0,Mucuna,Riboviria,Orthornavirae,Kitrinoviricota,Alsuviricetes,Martellivirales,Virgaviridae,Tobamovirus,Tobamovirus crotalariae,+ssRNA
Tobamovirus,12234,5.28,10.61,7.38,4.75,13.41,9.89,17.29,45.89,26.81,18.35,3.4,19.57,12.0,3.33,10.12,4090.0,Nicotiana glauca,Riboviria,Orthornavirae,Kitrinoviricota,Alsuviricetes,Martellivirales,Virgaviridae,Tobamovirus,Tobamovirus mititessellati,+ssRNA
Tobamovirus,12234,5.28,10.61,7.38,4.75,13.41,9.89,17.29,45.89,26.81,18.35,3.4,19.57,12.0,3.33,10.12,43071.0,Eryngium planum,Riboviria,Orthornavirae,Kitrinoviricota,Alsuviricetes,Martellivirales,Virgaviridae,Tobamovirus,Tobamovirus mititessellati,+ssRNA
Tobamovirus,12234,5.28,10.61,7.38,4.75,13.41,9.89,17.29,45.89,26.81,18.35,3.4,19.57,12.0,3.33,10.12,4081.0,Solanum lycopersicum,Riboviria,Orthornavirae,Kitrinoviricota,Alsuviricetes,Martellivirales,Virgaviridae,Tobamovirus,Tobamovirus fructirugosum,+ssRNA
Tobamovirus,12234,5.28,10.61,7.38,4.75,13.41,9.89,17.29,45.89,26.81,18.35,3.4,19.57,12.0,3.33,10.12,4101.0,Petunia,Riboviria,Orthornavirae,Kitrinoviricota,Alsuviricetes,Martellivirales,Virgaviridae,Tobamovirus,Tobamovirus tomatotessellati,+ssRNA
Tobamovirus,12234,5.28,10.61,7.38,4.75,13.41,9.89,17.29,45.89,26.81,18.35,3.4,19.57,12.0,3.33,10.12,4151.0,Antirrhinum majus,Riboviria,Orthornavirae,Kitrinoviricota,Alsuviricetes,Martellivirales,Virgaviridae,Tobamovirus,Tobamovirus tomatotessellati,+ssRNA
Tobamovirus,12234,5.28,10.61,7.38,4.75,13.41,9.89,17.29,45.89,26.81,18.35,3.4,19.57,12.0,3.33,10.12,13707.0,Tagetes,Riboviria,Orthornavirae,Kitrinoviricota,Alsuviricetes,Martellivirales,Virgaviridae,Tobamovirus,Tobamovirus tomatotessellati,+ssRNA
Tobamovirus,12234,5.28,10.61,7.38,4.75,13.41,9.89,17.29,45.89,26.81,18.35,3.4,19.57,12.0,3.33,10.12,46246.0,Delphinium,Riboviria,Orthornavirae,Kitrinoviricota,Alsuviricetes,Martellivirales,Virgaviridae,Tobamovirus,Tobamovirus tomatotessellati,+ssRNA
Tobamovirus,12234,5.28,10.61,7.38,4.75,13.41,9.89,17.29,45.89,26.81,18.35,3.4,19.57,12.0,3.33,10.12,215581.0,Solanum viarum,Riboviria,Orthornavirae,Kitrinoviricota,Alsuviricetes,Martellivirales,Virgaviridae,Tobamovirus,Tobamovirus tropici,+ssRNA
Tobamovirus,12234,5.28,10.61,7.38,4.75,13.41,9.89,17.29,45.89,26.81,18.35,3.4,19.57,12.0,3.33,10.12,3700.0,Brassicaceae,Riboviria,Orthornavirae,Kitrinoviricota,Alsuviricetes,Martellivirales,Virgaviridae,Tobamovirus,Tobamovirus rapae,+ssRNA
Tobamovirus,12234,5.28,10.61,7.38,4.75,13.41,9.89,17.29,45.89,26.81,18.35,3.4,19.57,12.0,3.33,10.12,3711.0,Brassica rapa,Riboviria,Orthornavirae,Kitrinoviricota,Alsuviricetes,Martellivirales,Virgaviridae,Tobamovirus,Tobamovirus rapae,+ssRNA
Tobamovirus,12234,5.28,10.61,7.38,4.75,13.41,9.89,17.29,45.89,26.81,18.35,3.4,19.57,12.0,3.33,10.12,195721.0,Anthocercis littorea,Riboviria,Orthornavirae,Kitrinoviricota,Alsuviricetes,Martellivirales,Virgaviridae,Tobamovirus,Tobamovirus anthocercis,+ssRNA
Tobamovirus,12234,5.28,10.61,7.38,4.75,13.41,9.89,17.29,45.89,26.81,18.35,3.4,19.57,12.0,3.33,10.12,3707.0,Brassica juncea,Riboviria,Orthornavirae,Kitrinoviricota,Alsuviricetes,Martellivirales,Virgaviridae,Tobamovirus,Tobamovirus youcai,+ssRNA
Tobamovirus,12234,5.28,10.61,7.38,4.75,13.41,9.89,17.29,45.89,26.81,18.35,3.4,19.57,12.0,3.33,10.12,3708.0,Brassica napus,Riboviria,Orthornavirae,Kitrinoviricota,Alsuviricetes,Martellivirales,Virgaviridae,Tobamovirus,Tobamovirus youcai,+ssRNA
Tobamovirus,12234,5.28,10.61,7.38,4.75,13.41,9.89,17.29,45.89,26.81,18.35,3.4,19.57,12.0,3.33,10.12,3664.0,Cucurbita pepo subsp. pepo,Riboviria,Orthornavirae,Kitrinoviricota,Alsuviricetes,Martellivirales,Virgaviridae,Tobamovirus,Tobamovirus cucurbitae,+ssRNA
Tobamovirus,12234,5.28,10.61,7.38,4.75,13.41,9.89,17.29,45.89,26.81,18.35,3.4,19.57,12.0,3.33,10.12,221775.0,Gomphrena globosa,Riboviria,Orthornavirae,Kitrinoviricota,Alsuviricetes,Martellivirales,Virgaviridae,Tobamovirus,Tobamovirus cucurbitae,+ssRNA
Circovirus,39725,,,,0.38,10.35,,,,,,,,,,,136180.0,Acartia tonsa,Monodnaviria,Shotokuvirae,Cressdnaviricota,Arfiviricetes,Cirlivirales,Circoviridae,Circovirus,unclassified Circovirus,
Circovirus,39725,,,,0.38,10.35,,,,,,,,,,,7936.0,Anguilla anguilla,Monodnaviria,Shotokuvirae,Cressdnaviricota,Arfiviricetes,Cirlivirales,Circoviridae,Circovirus,unclassified Circovirus,
Circovirus,39725,,,,0.38,10.35,,,,,,,,,,,1.0,root,Monodnaviria,Shotokuvirae,Cressdnaviricota,Arfiviricetes,Cirlivirales,Circoviridae,Circovirus,Circovirus yaa,
Circovirus,39725,,,,0.38,10.35,,,,,,,,,,,53275.0,Rhizomys pruinosus,Monodnaviria,Shotokuvirae,Cressdnaviricota,Arfiviricetes,Cirlivirales,Circoviridae,Circovirus,Circovirus gryzon,
Circovirus,39725,,,,0.38,10.35,,,,,,,,,,,9614.0,Canis latrans,Monodnaviria,Shotokuvirae,Cressdnaviricota,Arfiviricetes,Cirlivirales,Circoviridae,Circovirus,Circovirus kukwuria,
Circovirus,39725,,,,0.38,10.35,,,,,,,,,,,40830.0,Barbus barbus,Monodnaviria,Shotokuvirae,Cressdnaviricota,Arfiviricetes,Cirlivirales,Circoviridae,Circovirus,Circovirus barbel,
Circovirus,39725,,,,0.38,10.35,,,,,,,,,,,59479.0,Rhinolophus ferrumequinum,Monodnaviria,Shotokuvirae,Cressdnaviricota,Arfiviricetes,Cirlivirales,Circoviridae,Circovirus,Circovirus chauvesouris,
Circovirus,39725,,,,0.38,10.35,,,,,,,,,,,9438.0,Tadarida brasiliensis,Monodnaviria,Shotokuvirae,Cressdnaviricota,Arfiviricetes,Cirlivirales,Circoviridae,Circovirus,Circovirus bastao,
Circovirus,39725,,,,0.38,10.35,,,,,,,,,,,61862.0,Plecotus auritus,Monodnaviria,Shotokuvirae,Cressdnaviricota,Arfiviricetes,Cirlivirales,Circoviridae,Circovirus,Circovirus saguzarra,
Circovirus,39725,,,,0.38,10.35,,,,,,,,,,,59477.0,Rhinolophus affinis,Monodnaviria,Shotokuvirae,Cressdnaviricota,Arfiviricetes,Cirlivirales,Circoviridae,Circovirus,Circovirus ratpenat,
Circovirus,39725,,,,0.38,10.35,,,,,,,,,,,89399.0,Rhinolophus sinicus,Monodnaviria,Shotokuvirae,Cressdnaviricota,Arfiviricetes,Cirlivirales,Circoviridae,Circovirus,Circovirus lepakko,
Circovirus,39725,,,,0.38,10.35,,,,,,,,,,,203696.0,Myotis pilosus,Monodnaviria,Shotokuvirae,Cressdnaviricota,Arfiviricetes,Cirlivirales,Circoviridae,Circovirus,Circovirus morcego,
Circovirus,39725,,,,0.38,10.35,,,,,,,,,,,105273.0,Vespertilio sinensis,Monodnaviria,Shotokuvirae,Cressdnaviricota,Arfiviricetes,Cirlivirales,Circoviridae,Circovirus,unclassified Circovirus,
Circovirus,39725,,,,0.38,10.35,,,,,,,,,,,186990.0,Hipposideros armiger,Monodnaviria,Shotokuvirae,Cressdnaviricota,Arfiviricetes,Cirlivirales,Circoviridae,Circovirus,unclassified Circovirus,
Circovirus,39725,,,,0.38,10.35,,,,,,,,,,,9223.0,Psittaciformes,Monodnaviria,Shotokuvirae,Cressdnaviricota,Arfiviricetes,Cirlivirales,Circoviridae,Circovirus,Circovirus parrot,
Circovirus,39725,,,,0.38,10.35,,,,,,,,,,,221924.0,Indopacetus pacificus,Monodnaviria,Shotokuvirae,Cressdnaviricota,Arfiviricetes,Cirlivirales,Circoviridae,Circovirus,Circovirus whale,
Circovirus,39725,,,,0.38,10.35,,,,,,,,,,,9913.0,Bos taurus,Monodnaviria,Shotokuvirae,Cressdnaviricota,Arfiviricetes,Cirlivirales,Circoviridae,Circovirus,Circovirus porcine2,
Circovirus,39725,,,,0.38,10.35,,,,,,,,,,,9135.0,Serinus canaria,Monodnaviria,Shotokuvirae,Cressdnaviricota,Arfiviricetes,Cirlivirales,Circoviridae,Circovirus,Circovirus canary,
Circovirus,39725,,,,0.38,10.35,,,,,,,,,,,9615.0,Canis lupus familiaris,Monodnaviria,Shotokuvirae,Cressdnaviricota,Arfiviricetes,Cirlivirales,Circoviridae,Circovirus,Circovirus canine,
Circovirus,39725,,,,0.38,10.35,,,,,,,,,,,9598.0,Pan troglodytes,Monodnaviria,Shotokuvirae,Cressdnaviricota,Arfiviricetes,Cirlivirales,Circoviridae,Circovirus,Circovirus impundu,
Circovirus,39725,,,,0.38,10.35,,,,,,,,,,,265611.0,Merops apiaster,Monodnaviria,Shotokuvirae,Cressdnaviricota,Arfiviricetes,Cirlivirales,Circoviridae,Circovirus,,
Circovirus,39725,,,,0.38,10.35,,,,,,,,,,,9031.0,Gallus gallus,Monodnaviria,Shotokuvirae,Cressdnaviricota,Arfiviricetes,Cirlivirales,Circoviridae,Circovirus,Circovirus pigeon,
Circovirus,39725,,,,0.38,10.35,,,,,,,,,,,6944.0,Ixodes,Monodnaviria,Shotokuvirae,Cressdnaviricota,Arfiviricetes,Cirlivirales,Circoviridae,Circovirus,,
Circovirus,39725,,,,0.38,10.35,,,,,,,,,,,234626.0,Orientallactaga sibirica,Monodnaviria,Shotokuvirae,Cressdnaviricota,Arfiviricetes,Cirlivirales,Circoviridae,Circovirus,,
Circovirus,39725,,,,0.38,10.35,,,,,,,,,,,225400.0,Myotis davidii,Monodnaviria,Shotokuvirae,Cressdnaviricota,Arfiviricetes,Cirlivirales,Circoviridae,Circovirus,unclassified Circovirus,
Circovirus,39725,,,,0.38,10.35,,,,,,,,,,,8932.0,Columba livia,Monodnaviria,Shotokuvirae,Cressdnaviricota,Arfiviricetes,Cirlivirales,Circoviridae,Circovirus,Circovirus pigeon,
Circovirus,39725,,,,0.38,10.35,,,,,,,,,,,8839.0,Anas platyrhynchos,Monodnaviria,Shotokuvirae,Cressdnaviricota,Arfiviricetes,Cirlivirales,Circoviridae,Circovirus,Circovirus duck,
Circovirus,39725,,,,0.38,10.35,,,,,,,,,,,1574408.0,Cervus canadensis,Monodnaviria,Shotokuvirae,Cressdnaviricota,Arfiviricetes,Cirlivirales,Circoviridae,Circovirus,Circovirus elk,
Circovirus,39725,,,,0.38,10.35,,,,,,,,,,,9796.0,Equus caballus,Monodnaviria,Shotokuvirae,Cressdnaviricota,Arfiviricetes,Cirlivirales,Circoviridae,Circovirus,Circovirus lin,
Circovirus,39725,,,,0.38,10.35,,,,,,,,,,,649740.0,Eumops bonariensis,Monodnaviria,Shotokuvirae,Cressdnaviricota,Arfiviricetes,Cirlivirales,Circoviridae,Circovirus,Circovirus tzinaka,
Circovirus,39725,,,,0.38,10.35,,,,,,,,,,,94993.0,Silurus glanis,Monodnaviria,Shotokuvirae,Cressdnaviricota,Arfiviricetes,Cirlivirales,Circoviridae,Circovirus,Circovirus catfish,
Circovirus,39725,,,,0.38,10.35,,,,,,,,,,,64466.0,Penaeus duorarum,Monodnaviria,Shotokuvirae,Cressdnaviricota,Arfiviricetes,Cirlivirales,Circoviridae,Circovirus,unclassified Circovirus,
Circovirus,39725,,,,0.38,10.35,,,,,,,,,,,35669.0,Larus argentatus,Monodnaviria,Shotokuvirae,Cressdnaviricota,Arfiviricetes,Cirlivirales,Circoviridae,Circovirus,Circovirus finch,
Circovirus,39725,,,,0.38,10.35,,,,,,,,,,,44316.0,Chloebia gouldiae,Monodnaviria,Shotokuvirae,Cressdnaviricota,Arfiviricetes,Cirlivirales,Circoviridae,Circovirus,Circovirus finch,
Circovirus,39725,,,,0.38,10.35,,,,,,,,,,,9646.0,Ailuropoda melanoleuca,Monodnaviria,Shotokuvirae,Cressdnaviricota,Arfiviricetes,Cirlivirales,Circoviridae,Circovirus,unclassified Circovirus,
Circovirus,39725,,,,0.38,10.35,,,,,,,,,,,8847.0,Anser sp.,Monodnaviria,Shotokuvirae,Cressdnaviricota,Arfiviricetes,Cirlivirales,Circoviridae,Circovirus,Circovirus goose,
Circovirus,39725,,,,0.38,10.35,,,,,,,,,,,9606.0,Homo sapiens,Monodnaviria,Shotokuvirae,Cressdnaviricota,Arfiviricetes,Cirlivirales,Circoviridae,Circovirus,Circovirus human,
Circovirus,39725,,,,0.38,10.35,,,,,,,,,,,163467.0,Labidocera aestiva,Monodnaviria,Shotokuvirae,Cressdnaviricota,Arfiviricetes,Cirlivirales,Circoviridae,Circovirus,unclassified Circovirus,
Circovirus,39725,,,,0.38,10.35,,,,,,,,,,,498209.0,Ixobrychus minutus,Monodnaviria,Shotokuvirae,Cressdnaviricota,Arfiviricetes,Cirlivirales,Circoviridae,Circovirus,Circovirus torpegem,
Circovirus,39725,,,,0.38,10.35,,,,,,,,,,,30549.0,Mustela sp.,Monodnaviria,Shotokuvirae,Cressdnaviricota,Arfiviricetes,Cirlivirales,Circoviridae,Circovirus,Circovirus mink,
Circovirus,39725,,,,0.38,10.35,,,,,,,,,,,27622.0,Molossus molossus,Monodnaviria,Shotokuvirae,Cressdnaviricota,Arfiviricetes,Cirlivirales,Circoviridae,Circovirus,unclassified Circovirus,
Circovirus,39725,,,,0.38,10.35,,,,,,,,,,,48418.0,Urva auropunctata,Monodnaviria,Shotokuvirae,Cressdnaviricota,Arfiviricetes,Cirlivirales,Circoviridae,Circovirus,unclassified Circovirus,
Circovirus,39725,,,,0.38,10.35,,,,,,,,,,,8855.0,Cairina moschata,Monodnaviria,Shotokuvirae,Cressdnaviricota,Arfiviricetes,Cirlivirales,Circoviridae,Circovirus,Circovirus duck,
Circovirus,39725,,,,0.38,10.35,,,,,,,,,,,9675.0,Paguma larvata,Monodnaviria,Shotokuvirae,Cressdnaviricota,Arfiviricetes,Cirlivirales,Circoviridae,Circovirus,Circovirus civet,
Circovirus,39725,,,,0.38,10.35,,,,,,,,,,,6687.0,Penaeus monodon,Monodnaviria,Shotokuvirae,Cressdnaviricota,Arfiviricetes,Cirlivirales,Circoviridae,Circovirus,unclassified Circovirus,
Circovirus,39725,,,,0.38,10.35,,,,,,,,,,,9238.0,Pygoscelis adeliae,Monodnaviria,Shotokuvirae,Cressdnaviricota,Arfiviricetes,Cirlivirales,Circoviridae,Circovirus,Circovirus penguin,
Circovirus,39725,,,,0.38,10.35,,,,,,,,,,,9823.0,Sus scrofa,Monodnaviria,Shotokuvirae,Cressdnaviricota,Arfiviricetes,Cirlivirales,Circoviridae,Circovirus,unclassified Circovirus,
Circovirus,39725,,,,0.38,10.35,,,,,,,,,,,108826.0,Corvus coronoides,Monodnaviria,Shotokuvirae,Cressdnaviricota,Arfiviricetes,Cirlivirales,Circoviridae,Circovirus,Circovirus raven,
Circovirus,39725,,,,0.38,10.35,,,,,,,,,,,61384.0,Lynx rufus,Monodnaviria,Shotokuvirae,Cressdnaviricota,Arfiviricetes,Cirlivirales,Circoviridae,Circovirus,Circovirus miztli,
Circovirus,39725,,,,0.38,10.35,,,,,,,,,,,9172.0,Sturnus vulgaris,Monodnaviria,Shotokuvirae,Cressdnaviricota,Arfiviricetes,Cirlivirales,Circoviridae,Circovirus,Circovirus starling,
Circovirus,39725,,,,0.38,10.35,,,,,,,,,,,8869.0,Cygnus olor,Monodnaviria,Shotokuvirae,Cressdnaviricota,Arfiviricetes,Cirlivirales,Circoviridae,Circovirus,Circovirus swan,
Circovirus,39725,,,,0.38,10.35,,,,,,,,,,,62692.0,Ursus americanus americanus,Monodnaviria,Shotokuvirae,Cressdnaviricota,Arfiviricetes,Cirlivirales,Circoviridae,Circovirus,Circovirus bear,
Circovirus,39725,,,,0.38,10.35,,,,,,,,,,,9713.0,Leptonychotes weddellii,Monodnaviria,Shotokuvirae,Cressdnaviricota,Arfiviricetes,Cirlivirales,Circoviridae,Circovirus,Circovirus tetning,
Circovirus,39725,,,,0.38,10.35,,,,,,,,,,,75832.0,Mareca americana,Monodnaviria,Shotokuvirae,Cressdnaviricota,Arfiviricetes,Cirlivirales,Circoviridae,Circovirus,Circovirus naaleeli,
Circovirus,39725,,,,0.38,10.35,,,,,,,,,,,48420.0,Gulo gulo,Monodnaviria,Shotokuvirae,Cressdnaviricota,Arfiviricetes,Cirlivirales,Circoviridae,Circovirus,Circovirus gloton,
Circovirus,39725,,,,0.38,10.35,,,,,,,,,,,59729.0,Taeniopygia guttata,Monodnaviria,Shotokuvirae,Cressdnaviricota,Arfiviricetes,Cirlivirales,Circoviridae,Circovirus,Circovirus zebrafinch,
Teseptimavirus,110456,0.79,0.26,0.37,0.46,,0.24,,,0.49,,0.18,0.25,0.21,0.65,,644.0,Aeromonas hydrophila,Duplodnaviria,Heunggongvirae,Uroviricota,Caudoviricetes,Autographivirales,Autotranscriptaviridae,Studiervirinae,Teseptimavirus,dsDNA
Teseptimavirus,110456,0.79,0.26,0.37,0.46,,0.24,,,0.49,,0.18,0.25,0.21,0.65,,158484.0,Cedecea davisae,Duplodnaviria,Heunggongvirae,Uroviricota,Caudoviricetes,Autographivirales,Autotranscriptaviridae,Studiervirinae,Teseptimavirus,dsDNA
Teseptimavirus,110456,0.79,0.26,0.37,0.46,,0.24,,,0.49,,0.18,0.25,0.21,0.65,,67780.0,Edwardsiella ictaluri,Duplodnaviria,Heunggongvirae,Uroviricota,Caudoviricetes,Autographivirales,Autotranscriptaviridae,Studiervirinae,Teseptimavirus,dsDNA
Teseptimavirus,110456,0.79,0.26,0.37,0.46,,0.24,,,0.49,,0.18,0.25,0.21,0.65,,511693.0,Escherichia coli BL21,Duplodnaviria,Heunggongvirae,Uroviricota,Caudoviricetes,Autographivirales,Autotranscriptaviridae,Studiervirinae,Teseptimavirus,dsDNA
Teseptimavirus,110456,0.79,0.26,0.37,0.46,,0.24,,,0.49,,0.18,0.25,0.21,0.65,,511145.0,Escherichia coli str. K-12 substr. MG1655,Duplodnaviria,Heunggongvirae,Uroviricota,Caudoviricetes,Autographivirales,Autotranscriptaviridae,Studiervirinae,Teseptimavirus,dsDNA
Teseptimavirus,110456,0.79,0.26,0.37,0.46,,0.24,,,0.49,,0.18,0.25,0.21,0.65,,753642.0,Escherichia coli NC101,Duplodnaviria,Heunggongvirae,Uroviricota,Caudoviricetes,Autographivirales,Autotranscriptaviridae,Studiervirinae,Teseptimavirus,dsDNA
Teseptimavirus,110456,0.79,0.26,0.37,0.46,,0.24,,,0.49,,0.18,0.25,0.21,0.65,,90370.0,Salmonella enterica subsp. enterica serovar Typhi,Duplodnaviria,Heunggongvirae,Uroviricota,Caudoviricetes,Autographivirales,Autotranscriptaviridae,Studiervirinae,Teseptimavirus,dsDNA
Teseptimavirus,110456,0.79,0.26,0.37,0.46,,0.24,,,0.49,,0.18,0.25,0.21,0.65,,594.0,Salmonella enterica subsp. enterica serovar Gallinarum,Duplodnaviria,Heunggongvirae,Uroviricota,Caudoviricetes,Autographivirales,Autotranscriptaviridae,Studiervirinae,Teseptimavirus,dsDNA
Teseptimavirus,110456,0.79,0.26,0.37,0.46,,0.24,,,0.49,,0.18,0.25,0.21,0.65,,625.0,Shigella sp.,Duplodnaviria,Heunggongvirae,Uroviricota,Caudoviricetes,Autographivirales,Autotranscriptaviridae,Studiervirinae,Teseptimavirus,dsDNA
Teseptimavirus,110456,0.79,0.26,0.37,0.46,,0.24,,,0.49,,0.18,0.25,0.21,0.65,,1035377.0,Yersinia pestis A1122,Duplodnaviria,Heunggongvirae,Uroviricota,Caudoviricetes,Autographivirales,Autotranscriptaviridae,Studiervirinae,Teseptimavirus,dsDNA
Peduovirus,140410,,,,,,,,,,,,,0.18,,,83333.0,Escherichia coli K-12,Duplodnaviria,Heunggongvirae,Uroviricota,Caudoviricetes,Caudoviricetes incertae sedis,Peduoviridae,Peduovirus,Peduovirus P2,dsDNA
Peduovirus,140410,,,,,,,,,,,,,0.18,,,498388.0,Escherichia coli C,Duplodnaviria,Heunggongvirae,Uroviricota,Caudoviricetes,Caudoviricetes incertae sedis,Peduoviridae,Peduovirus,Peduovirus P2,dsDNA
Peduovirus,140410,,,,,,,,,,,,,0.18,,,624.0,Shigella sonnei,Duplodnaviria,Heunggongvirae,Uroviricota,Caudoviricetes,Caudoviricetes incertae sedis,Peduoviridae,Peduovirus,Peduovirus R18C,dsDNA
Peduovirus,140410,,,,,,,,,,,,,0.18,,,67825.0,Citrobacter rodentium,Duplodnaviria,Heunggongvirae,Uroviricota,Caudoviricetes,Caudoviricetes incertae sedis,Peduoviridae,Peduovirus,Peduovirus R18C,dsDNA
Peduovirus,140410,,,,,,,,,,,,,0.18,,,511145.0,Escherichia coli str. K-12 substr. MG1655,Duplodnaviria,Heunggongvirae,Uroviricota,Caudoviricetes,Caudoviricetes incertae sedis,Peduoviridae,Peduovirus,Peduovirus R18C,dsDNA
Peduovirus,140410,,,,,,,,,,,,,0.18,,,83334.0,Escherichia coli O157:H7,Duplodnaviria,Heunggongvirae,Uroviricota,Caudoviricetes,Caudoviricetes incertae sedis,Peduoviridae,Peduovirus,Peduovirus fiAA91ss,dsDNA
Peduovirus,140410,,,,,,,,,,,,,0.18,,,562.0,Escherichia coli,Duplodnaviria,Heunggongvirae,Uroviricota,Caudoviricetes,Caudoviricetes incertae sedis,Peduoviridae,Peduovirus,unclassified Peduovirus,dsDNA
Peduovirus,140410,,,,,,,,,,,,,0.18,,,561.0,Escherichia,Duplodnaviria,Heunggongvirae,Uroviricota,Caudoviricetes,Caudoviricetes incertae sedis,Peduoviridae,Peduovirus,Peduovirus AC1,dsDNA
Peduovirus,140410,,,,,,,,,,,,,0.18,,,566546.0,Escherichia coli W,Duplodnaviria,Heunggongvirae,Uroviricota,Caudoviricetes,Caudoviricetes incertae sedis,Peduoviridae,Peduovirus,Peduovirus Wphi,dsDNA
Peduovirus,140410,,,,,,,,,,,,,0.18,,,108619.0,Salmonella enterica subsp. enterica serovar Newport,Duplodnaviria,Heunggongvirae,Uroviricota,Caudoviricetes,Caudoviricetes incertae sedis,Peduoviridae,Peduovirus,Peduovirus FSLSP004,dsDNA
Peduovirus,140410,,,,,,,,,,,,,0.18,,,590.0,Salmonella,Duplodnaviria,Heunggongvirae,Uroviricota,Caudoviricetes,Caudoviricetes incertae sedis,Peduoviridae,Peduovirus,Peduovirus P110331,dsDNA
Peduovirus,140410,,,,,,,,,,,,,0.18,,,90370.0,Salmonella enterica subsp. enterica serovar Typhi,Duplodnaviria,Heunggongvirae,Uroviricota,Caudoviricetes,Caudoviricetes incertae sedis,Peduoviridae,Peduovirus,Peduovirus STYP1,dsDNA
Peduovirus,140410,,,,,,,,,,,,,0.18,,,632.0,Yersinia pestis,Duplodnaviria,Heunggongvirae,Uroviricota,Caudoviricetes,Caudoviricetes incertae sedis,Peduoviridae,Peduovirus,Peduovirus GMG73,dsDNA
Peduovirus,140410,,,,,,,,,,,,,0.18,,,665028.0,Yersinia pestis EV76-CN,Duplodnaviria,Heunggongvirae,Uroviricota,Caudoviricetes,Caudoviricetes incertae sedis,Peduoviridae,Peduovirus,Peduovirus HQ103,dsDNA
Peduovirus,140410,,,,,,,,,,,,,0.18,,,502801.0,Yersinia pseudotuberculosis PB1/+,Duplodnaviria,Heunggongvirae,Uroviricota,Caudoviricetes,Caudoviricetes incertae sedis,Peduoviridae,Peduovirus,Peduovirus L413C,dsDNA
Norovirus,142786,,,0.09,,,,,,,,,,,,,9606.0,Homo sapiens,Riboviria,Orthornavirae,Pisuviricota,Pisoniviricetes,Picornavirales,Caliciviridae,Norovirus,Norovirus norwalkense,
Norovirus,142786,,,0.09,,,,,,,,,,,,,93163.0,Marmota himalayana,Riboviria,Orthornavirae,Pisuviricota,Pisoniviricetes,Picornavirales,Caliciviridae,Norovirus,unclassified Norovirus,
Norovirus,142786,,,0.09,,,,,,,,,,,,,10090.0,Mus musculus,Riboviria,Orthornavirae,Pisuviricota,Pisoniviricetes,Picornavirales,Caliciviridae,Norovirus,Norovirus norwalkense,
Norovirus,142786,,,0.09,,,,,,,,,,,,,10088.0,Mus,Riboviria,Orthornavirae,Pisuviricota,Pisoniviricetes,Picornavirales,Caliciviridae,Norovirus,Norovirus norwalkense,
Norovirus,142786,,,0.09,,,,,,,,,,,,,9685.0,Felis catus,Riboviria,Orthornavirae,Pisuviricota,Pisoniviricetes,Picornavirales,Caliciviridae,Norovirus,Norovirus norwalkense,
Norovirus,142786,,,0.09,,,,,,,,,,,,,9615.0,Canis lupus familiaris,Riboviria,Orthornavirae,Pisuviricota,Pisoniviricetes,Picornavirales,Caliciviridae,Norovirus,Norovirus norwalkense,
Norovirus,142786,,,0.09,,,,,,,,,,,,,9913.0,Bos taurus,Riboviria,Orthornavirae,Pisuviricota,Pisoniviricetes,Picornavirales,Caliciviridae,Norovirus,Norovirus norwalkense,
Norovirus,142786,,,0.09,,,,,,,,,,,,,9823.0,Sus scrofa,Riboviria,Orthornavirae,Pisuviricota,Pisoniviricetes,Picornavirales,Caliciviridae,Norovirus,Norovirus norwalkense,
Norovirus,142786,,,0.09,,,,,,,,,,,,,9443.0,Primates,Riboviria,Orthornavirae,Pisuviricota,Pisoniviricetes,Picornavirales,Caliciviridae,Norovirus,Norovirus norwalkense,
Alphanodavirus,143920,0.93,4.59,2.46,1.74,11.4,1.36,1.82,0.94,1.29,2.85,0.28,1.91,0.79,0.67,0.51,295550.0,Heteronychus arator,Riboviria,Orthornavirae,Kitrinoviricota,Magsaviricetes,Nodamuvirales,Nodaviridae,Alphanodavirus,Alphanodavirus heteronychi,+ssRNA
Alphanodavirus,143920,0.93,4.59,2.46,1.74,11.4,1.36,1.82,0.94,1.29,2.85,0.28,1.91,0.79,0.67,0.51,7227.0,Drosophila melanogaster,Riboviria,Orthornavirae,Kitrinoviricota,Magsaviricetes,Nodamuvirales,Nodaviridae,Alphanodavirus,Alphanodavirus boolarraense,+ssRNA
Alphanodavirus,143920,0.93,4.59,2.46,1.74,11.4,1.36,1.82,0.94,1.29,2.85,0.28,1.91,0.79,0.67,0.51,343455.0,Oncopera intricoides,Riboviria,Orthornavirae,Kitrinoviricota,Magsaviricetes,Nodamuvirales,Nodaviridae,Alphanodavirus,Alphanodavirus boolarraense,+ssRNA
Alphanodavirus,143920,0.93,4.59,2.46,1.74,11.4,1.36,1.82,0.94,1.29,2.85,0.28,1.91,0.79,0.67,0.51,4513.0,Hordeum vulgare,Riboviria,Orthornavirae,Kitrinoviricota,Magsaviricetes,Nodamuvirales,Nodaviridae,Alphanodavirus,Alphanodavirus flockense,+ssRNA
Alphanodavirus,143920,0.93,4.59,2.46,1.74,11.4,1.36,1.82,0.94,1.29,2.85,0.28,1.91,0.79,0.67,0.51,4932.0,Saccharomyces cerevisiae,Riboviria,Orthornavirae,Kitrinoviricota,Magsaviricetes,Nodamuvirales,Nodaviridae,Alphanodavirus,Alphanodavirus flockense,+ssRNA
Alphanodavirus,143920,0.93,4.59,2.46,1.74,11.4,1.36,1.82,0.94,1.29,2.85,0.28,1.91,0.79,0.67,0.51,7137.0,Galleria mellonella,Riboviria,Orthornavirae,Kitrinoviricota,Magsaviricetes,Nodamuvirales,Nodaviridae,Alphanodavirus,Alphanodavirus flockense,+ssRNA
Alphanodavirus,143920,0.93,4.59,2.46,1.74,11.4,1.36,1.82,0.94,1.29,2.85,0.28,1.91,0.79,0.67,0.51,50579.0,Costelytra zealandica,Riboviria,Orthornavirae,Kitrinoviricota,Magsaviricetes,Nodamuvirales,Nodaviridae,Alphanodavirus,Alphanodavirus flockense,+ssRNA
Alphanodavirus,143920,0.93,4.59,2.46,1.74,11.4,1.36,1.82,0.94,1.29,2.85,0.28,1.91,0.79,0.67,0.51,10036.0,Mesocricetus auratus,Riboviria,Orthornavirae,Kitrinoviricota,Magsaviricetes,Nodamuvirales,Nodaviridae,Alphanodavirus,Alphanodavirus nodamuraense,+ssRNA
Alphanodavirus,143920,0.93,4.59,2.46,1.74,11.4,1.36,1.82,0.94,1.29,2.85,0.28,1.91,0.79,0.67,0.51,37547.0,Spodoptera eridania,Riboviria,Orthornavirae,Kitrinoviricota,Magsaviricetes,Nodamuvirales,Nodaviridae,Alphanodavirus,Alphanodavirus pariacotoense,+ssRNA
Prasinovirus,181084,0.07,,0.2,,,,,,,,,,,,,1075084.0,Bathycoccus prasinos RCC1105,Varidnaviria,Bamfordvirae,Nucleocytoviricota,Megaviricetes,Algavirales,Phycodnaviridae,Prasinovirus,unclassified Prasinovirus,
Prasinovirus,181084,0.07,,0.2,,,,,,,,,,,,,1.0,root,Varidnaviria,Bamfordvirae,Nucleocytoviricota,Megaviricetes,Algavirales,Phycodnaviridae,Prasinovirus,unclassified Prasinovirus,
Prasinovirus,181084,0.07,,0.2,,,,,,,,,,,,,38833.0,Micromonas pusilla,Varidnaviria,Bamfordvirae,Nucleocytoviricota,Megaviricetes,Algavirales,Phycodnaviridae,Prasinovirus,unclassified Prasinovirus,
Prasinovirus,181084,0.07,,0.2,,,,,,,,,,,,,3451506.0,Micromonas sp. RCC1109,Varidnaviria,Bamfordvirae,Nucleocytoviricota,Megaviricetes,Algavirales,Phycodnaviridae,Prasinovirus,unclassified Prasinovirus,
Prasinovirus,181084,0.07,,0.2,,,,,,,,,,,,,242159.0,Ostreococcus sp. 'lucimarinus',Varidnaviria,Bamfordvirae,Nucleocytoviricota,Megaviricetes,Algavirales,Phycodnaviridae,Prasinovirus,unclassified Prasinovirus,
Prasinovirus,181084,0.07,,0.2,,,,,,,,,,,,,1486918.0,Ostreococcus mediterraneus,Varidnaviria,Bamfordvirae,Nucleocytoviricota,Megaviricetes,Algavirales,Phycodnaviridae,Prasinovirus,unclassified Prasinovirus,
Prasinovirus,181084,0.07,,0.2,,,,,,,,,,,,,70448.0,Ostreococcus tauri,Varidnaviria,Bamfordvirae,Nucleocytoviricota,Megaviricetes,Algavirales,Phycodnaviridae,Prasinovirus,unclassified Prasinovirus,
Aureusvirus,186457,,0.06,,,,,,,,,,,,,,,,,,,,,,,,
Ceduovirus,186532,0.24,0.06,0.09,1.6,,,,,,,,0.62,,,,1359.0,Lactococcus cremoris,Duplodnaviria,Heunggongvirae,Uroviricota,Caudoviricetes,Caudoviricetes incertae sedis,Ceduovirus,unclassified Ceduovirus,,dsDNA
Ceduovirus,186532,0.24,0.06,0.09,1.6,,,,,,,,0.62,,,,1358.0,Lactococcus lactis,Duplodnaviria,Heunggongvirae,Uroviricota,Caudoviricetes,Caudoviricetes incertae sedis,Ceduovirus,unclassified Ceduovirus,,dsDNA
Ceduovirus,186532,0.24,0.06,0.09,1.6,,,,,,,,0.62,,,,1358.0,Lactococcus lactis,Duplodnaviria,Heunggongvirae,Uroviricota,Caudoviricetes,Caudoviricetes incertae sedis,Ceduovirus,Ceduovirus cv05802,,dsDNA
Ceduovirus,186532,0.24,0.06,0.09,1.6,,,,,,,,0.62,,,,1358.0,Lactococcus lactis,Duplodnaviria,Heunggongvirae,Uroviricota,Caudoviricetes,Caudoviricetes incertae sedis,Ceduovirus,Ceduovirus cv20R03M,,dsDNA
Ceduovirus,186532,0.24,0.06,0.09,1.6,,,,,,,,0.62,,,,1358.0,Lactococcus lactis,Duplodnaviria,Heunggongvirae,Uroviricota,Caudoviricetes,Caudoviricetes incertae sedis,Ceduovirus,Ceduovirus cv37203,,dsDNA
Ceduovirus,186532,0.24,0.06,0.09,1.6,,,,,,,,0.62,,,,1358.0,Lactococcus lactis,Duplodnaviria,Heunggongvirae,Uroviricota,Caudoviricetes,Caudoviricetes incertae sedis,Ceduovirus,Ceduovirus cv50102,,dsDNA
Ceduovirus,186532,0.24,0.06,0.09,1.6,,,,,,,,0.62,,,,1358.0,Lactococcus lactis,Duplodnaviria,Heunggongvirae,Uroviricota,Caudoviricetes,Caudoviricetes incertae sedis,Ceduovirus,Ceduovirus cv50504,,dsDNA
Ceduovirus,186532,0.24,0.06,0.09,1.6,,,,,,,,0.62,,,,1359.0,Lactococcus cremoris,Duplodnaviria,Heunggongvirae,Uroviricota,Caudoviricetes,Caudoviricetes incertae sedis,Ceduovirus,Ceduovirus cv5171F,,dsDNA
Ceduovirus,186532,0.24,0.06,0.09,1.6,,,,,,,,0.62,,,,1358.0,Lactococcus lactis,Duplodnaviria,Heunggongvirae,Uroviricota,Caudoviricetes,Caudoviricetes incertae sedis,Ceduovirus,Ceduovirus cv62402,,dsDNA
Ceduovirus,186532,0.24,0.06,0.09,1.6,,,,,,,,0.62,,,,1358.0,Lactococcus lactis,Duplodnaviria,Heunggongvirae,Uroviricota,Caudoviricetes,Caudoviricetes incertae sedis,Ceduovirus,Ceduovirus cv62403,,dsDNA
Ceduovirus,186532,0.24,0.06,0.09,1.6,,,,,,,,0.62,,,,1358.0,Lactococcus lactis,Duplodnaviria,Heunggongvirae,Uroviricota,Caudoviricetes,Caudoviricetes incertae sedis,Ceduovirus,Ceduovirus cv62606,,dsDNA
Ceduovirus,186532,0.24,0.06,0.09,1.6,,,,,,,,0.62,,,,1357.0,Lactococcus,Duplodnaviria,Heunggongvirae,Uroviricota,Caudoviricetes,Caudoviricetes incertae sedis,Ceduovirus,Ceduovirus bIL67,,dsDNA
Ceduovirus,186532,0.24,0.06,0.09,1.6,,,,,,,,0.62,,,,1358.0,Lactococcus lactis,Duplodnaviria,Heunggongvirae,Uroviricota,Caudoviricetes,Caudoviricetes incertae sedis,Ceduovirus,Ceduovirus bIL67,,dsDNA
Ceduovirus,186532,0.24,0.06,0.09,1.6,,,,,,,,0.62,,,,1357.0,Lactococcus,Duplodnaviria,Heunggongvirae,Uroviricota,Caudoviricetes,Caudoviricetes incertae sedis,Ceduovirus,Ceduovirus c2,,dsDNA
Ceduovirus,186532,0.24,0.06,0.09,1.6,,,,,,,,0.62,,,,1358.0,Lactococcus lactis,Duplodnaviria,Heunggongvirae,Uroviricota,Caudoviricetes,Caudoviricetes incertae sedis,Ceduovirus,Ceduovirus CHPC1020,,dsDNA
Ceduovirus,186532,0.24,0.06,0.09,1.6,,,,,,,,0.62,,,,1358.0,Lactococcus lactis,Duplodnaviria,Heunggongvirae,Uroviricota,Caudoviricetes,Caudoviricetes incertae sedis,Ceduovirus,Ceduovirus CHPC116,,dsDNA
Ceduovirus,186532,0.24,0.06,0.09,1.6,,,,,,,,0.62,,,,1358.0,Lactococcus lactis,Duplodnaviria,Heunggongvirae,Uroviricota,Caudoviricetes,Caudoviricetes incertae sedis,Ceduovirus,Ceduovirus LacS15,,dsDNA
Ceduovirus,186532,0.24,0.06,0.09,1.6,,,,,,,,0.62,,,,1358.0,Lactococcus lactis,Duplodnaviria,Heunggongvirae,Uroviricota,Caudoviricetes,Caudoviricetes incertae sedis,Ceduovirus,Ceduovirus CHPC1170,,dsDNA
Ceduovirus,186532,0.24,0.06,0.09,1.6,,,,,,,,0.62,,,,1358.0,Lactococcus lactis,Duplodnaviria,Heunggongvirae,Uroviricota,Caudoviricetes,Caudoviricetes incertae sedis,Ceduovirus,Ceduovirus CHPC1182,,dsDNA
Ceduovirus,186532,0.24,0.06,0.09,1.6,,,,,,,,0.62,,,,1359.0,Lactococcus cremoris,Duplodnaviria,Heunggongvirae,Uroviricota,Caudoviricetes,Caudoviricetes incertae sedis,Ceduovirus,Ceduovirus CHPC1183,,dsDNA
Ceduovirus,186532,0.24,0.06,0.09,1.6,,,,,,,,0.62,,,,1358.0,Lactococcus lactis,Duplodnaviria,Heunggongvirae,Uroviricota,Caudoviricetes,Caudoviricetes incertae sedis,Ceduovirus,Ceduovirus CHPC122,,dsDNA
Ceduovirus,186532,0.24,0.06,0.09,1.6,,,,,,,,0.62,,,,1358.0,Lactococcus lactis,Duplodnaviria,Heunggongvirae,Uroviricota,Caudoviricetes,Caudoviricetes incertae sedis,Ceduovirus,Ceduovirus CHPC1242,,dsDNA
Ceduovirus,186532,0.24,0.06,0.09,1.6,,,,,,,,0.62,,,,1358.0,Lactococcus lactis,Duplodnaviria,Heunggongvirae,Uroviricota,Caudoviricetes,Caudoviricetes incertae sedis,Ceduovirus,Ceduovirus PCS1,,dsDNA
Ceduovirus,186532,0.24,0.06,0.09,1.6,,,,,,,,0.62,,,,1358.0,Lactococcus lactis,Duplodnaviria,Heunggongvirae,Uroviricota,Caudoviricetes,Caudoviricetes incertae sedis,Ceduovirus,Ceduovirus CHPC966,,dsDNA
Ceduovirus,186532,0.24,0.06,0.09,1.6,,,,,,,,0.62,,,,1358.0,Lactococcus lactis,Duplodnaviria,Heunggongvirae,Uroviricota,Caudoviricetes,Caudoviricetes incertae sedis,Ceduovirus,Ceduovirus CHPC967,,dsDNA
Ceduovirus,186532,0.24,0.06,0.09,1.6,,,,,,,,0.62,,,,1358.0,Lactococcus lactis,Duplodnaviria,Heunggongvirae,Uroviricota,Caudoviricetes,Caudoviricetes incertae sedis,Ceduovirus,Ceduovirus CHPC972,,dsDNA
Ceduovirus,186532,0.24,0.06,0.09,1.6,,,,,,,,0.62,,,,1358.0,Lactococcus lactis,Duplodnaviria,Heunggongvirae,Uroviricota,Caudoviricetes,Caudoviricetes incertae sedis,Ceduovirus,Ceduovirus D4410,,dsDNA
Ceduovirus,186532,0.24,0.06,0.09,1.6,,,,,,,,0.62,,,,1358.0,Lactococcus lactis,Duplodnaviria,Heunggongvirae,Uroviricota,Caudoviricetes,Caudoviricetes incertae sedis,Ceduovirus,Ceduovirus D4412,,dsDNA
Ceduovirus,186532,0.24,0.06,0.09,1.6,,,,,,,,0.62,,,,1358.0,Lactococcus lactis,Duplodnaviria,Heunggongvirae,Uroviricota,Caudoviricetes,Caudoviricetes incertae sedis,Ceduovirus,Ceduovirus M5938,,dsDNA
Ceduovirus,186532,0.24,0.06,0.09,1.6,,,,,,,,0.62,,,,1358.0,Lactococcus lactis,Duplodnaviria,Heunggongvirae,Uroviricota,Caudoviricetes,Caudoviricetes incertae sedis,Ceduovirus,Ceduovirus PCB1,,dsDNA
Ceduovirus,186532,0.24,0.06,0.09,1.6,,,,,,,,0.62,,,,1359.0,Lactococcus cremoris,Duplodnaviria,Heunggongvirae,Uroviricota,Caudoviricetes,Caudoviricetes incertae sedis,Ceduovirus,Ceduovirus LacS15,,dsDNA
Ceduovirus,186532,0.24,0.06,0.09,1.6,,,,,,,,0.62,,,,1357.0,Lactococcus,Duplodnaviria,Heunggongvirae,Uroviricota,Caudoviricetes,Caudoviricetes incertae sedis,Ceduovirus,Ceduovirus bIBBL12,,dsDNA
Ceduovirus,186532,0.24,0.06,0.09,1.6,,,,,,,,0.62,,,,1357.0,Lactococcus,Duplodnaviria,Heunggongvirae,Uroviricota,Caudoviricetes,Caudoviricetes incertae sedis,Ceduovirus,Ceduovirus bIBB14,,dsDNA
Ceduovirus,186532,0.24,0.06,0.09,1.6,,,,,,,,0.62,,,,1358.0,Lactococcus lactis,Duplodnaviria,Heunggongvirae,Uroviricota,Caudoviricetes,Caudoviricetes incertae sedis,Ceduovirus,Ceduovirus blBB94p4,,dsDNA
Ceduovirus,186532,0.24,0.06,0.09,1.6,,,,,,,,0.62,,,,1358.0,Lactococcus lactis,Duplodnaviria,Heunggongvirae,Uroviricota,Caudoviricetes,Caudoviricetes incertae sedis,Ceduovirus,Ceduovirus bIBBA3,,dsDNA
Ceduovirus,186532,0.24,0.06,0.09,1.6,,,,,,,,0.62,,,,1357.0,Lactococcus,Duplodnaviria,Heunggongvirae,Uroviricota,Caudoviricetes,Caudoviricetes incertae sedis,Ceduovirus,Ceduovirus bIBBAm4,,dsDNA
Ceduovirus,186532,0.24,0.06,0.09,1.6,,,,,,,,0.62,,,,1358.0,Lactococcus lactis,Duplodnaviria,Heunggongvirae,Uroviricota,Caudoviricetes,Caudoviricetes incertae sedis,Ceduovirus,Ceduovirus bIBBE1,,dsDNA
Ceduovirus,186532,0.24,0.06,0.09,1.6,,,,,,,,0.62,,,,1357.0,Lactococcus,Duplodnaviria,Heunggongvirae,Uroviricota,Caudoviricetes,Caudoviricetes incertae sedis,Ceduovirus,Ceduovirus bIBBA3,,dsDNA
Ceduovirus,186532,0.24,0.06,0.09,1.6,,,,,,,,0.62,,,,1358.0,Lactococcus lactis,Duplodnaviria,Heunggongvirae,Uroviricota,Caudoviricetes,Caudoviricetes incertae sedis,Ceduovirus,Ceduovirus bIBBp64,,dsDNA
Fromanvirus,186764,0.11,0.07,,,,,,,,,,,,,,1763.0,Mycobacterium,Duplodnaviria,Heunggongvirae,Uroviricota,Caudoviricetes,Caudoviricetes incertae sedis,Fromanvirus,,,dsDNA
Fromanvirus,186764,0.11,0.07,,,,,,,,,,,,,,1763.0,Mycobacterium,Duplodnaviria,Heunggongvirae,Uroviricota,Caudoviricetes,Caudoviricetes incertae sedis,Fromanvirus,unclassified Fromanvirus,,dsDNA
Fromanvirus,186764,0.11,0.07,,,,,,,,,,,,,,246196.0,Mycolicibacterium smegmatis MC2 155,Duplodnaviria,Heunggongvirae,Uroviricota,Caudoviricetes,Caudoviricetes incertae sedis,Fromanvirus,unclassified Fromanvirus,,dsDNA
Fromanvirus,186764,0.11,0.07,,,,,,,,,,,,,,1772.0,Mycolicibacterium smegmatis,Duplodnaviria,Heunggongvirae,Uroviricota,Caudoviricetes,Caudoviricetes incertae sedis,Fromanvirus,unclassified Fromanvirus,,dsDNA
Fromanvirus,186764,0.11,0.07,,,,,,,,,,,,,,246196.0,Mycolicibacterium smegmatis MC2 155,Duplodnaviria,Heunggongvirae,Uroviricota,Caudoviricetes,Caudoviricetes incertae sedis,Fromanvirus,Fromanvirus nepal,,dsDNA
Fromanvirus,186764,0.11,0.07,,,,,,,,,,,,,,246196.0,Mycolicibacterium smegmatis MC2 155,Duplodnaviria,Heunggongvirae,Uroviricota,Caudoviricetes,Caudoviricetes incertae sedis,Fromanvirus,Fromanvirus alma,,dsDNA
Fromanvirus,186764,0.11,0.07,,,,,,,,,,,,,,246196.0,Mycolicibacterium smegmatis MC2 155,Duplodnaviria,Heunggongvirae,Uroviricota,Caudoviricetes,Caudoviricetes incertae sedis,Fromanvirus,Fromanvirus astro,,dsDNA
Fromanvirus,186764,0.11,0.07,,,,,,,,,,,,,,1763.0,Mycobacterium,Duplodnaviria,Heunggongvirae,Uroviricota,Caudoviricetes,Caudoviricetes incertae sedis,Fromanvirus,Fromanvirus bethlehem,,dsDNA
Fromanvirus,186764,0.11,0.07,,,,,,,,,,,,,,246196.0,Mycolicibacterium smegmatis MC2 155,Duplodnaviria,Heunggongvirae,Uroviricota,Caudoviricetes,Caudoviricetes incertae sedis,Fromanvirus,Fromanvirus bethlehem,,dsDNA
Fromanvirus,186764,0.11,0.07,,,,,,,,,,,,,,246196.0,Mycolicibacterium smegmatis MC2 155,Duplodnaviria,Heunggongvirae,Uroviricota,Caudoviricetes,Caudoviricetes incertae sedis,Fromanvirus,Fromanvirus billknuckles,,dsDNA
Fromanvirus,186764,0.11,0.07,,,,,,,,,,,,,,246196.0,Mycolicibacterium smegmatis MC2 155,Duplodnaviria,Heunggongvirae,Uroviricota,Caudoviricetes,Caudoviricetes incertae sedis,Fromanvirus,Fromanvirus bpbiebs31,,dsDNA
Fromanvirus,186764,0.11,0.07,,,,,,,,,,,,,,246196.0,Mycolicibacterium smegmatis MC2 155,Duplodnaviria,Heunggongvirae,Uroviricota,Caudoviricetes,Caudoviricetes incertae sedis,Fromanvirus,Fromanvirus bruns,,dsDNA
Fromanvirus,186764,0.11,0.07,,,,,,,,,,,,,,1763.0,Mycobacterium,Duplodnaviria,Heunggongvirae,Uroviricota,Caudoviricetes,Caudoviricetes incertae sedis,Fromanvirus,Fromanvirus museum,,dsDNA
Fromanvirus,186764,0.11,0.07,,,,,,,,,,,,,,1763.0,Mycobacterium,Duplodnaviria,Heunggongvirae,Uroviricota,Caudoviricetes,Caudoviricetes incertae sedis,Fromanvirus,Fromanvirus Bxb1,,dsDNA
Fromanvirus,186764,0.11,0.07,,,,,,,,,,,,,,246196.0,Mycolicibacterium smegmatis MC2 155,Duplodnaviria,Heunggongvirae,Uroviricota,Caudoviricetes,Caudoviricetes incertae sedis,Fromanvirus,Fromanvirus Bxb1,,dsDNA
Fromanvirus,186764,0.11,0.07,,,,,,,,,,,,,,246196.0,Mycolicibacterium smegmatis MC2 155,Duplodnaviria,Heunggongvirae,Uroviricota,Caudoviricetes,Caudoviricetes incertae sedis,Fromanvirus,Fromanvirus packman,,dsDNA
Fromanvirus,186764,0.11,0.07,,,,,,,,,,,,,,1763.0,Mycobacterium,Duplodnaviria,Heunggongvirae,Uroviricota,Caudoviricetes,Caudoviricetes incertae sedis,Fromanvirus,Fromanvirus Che12,,dsDNA
Fromanvirus,186764,0.11,0.07,,,,,,,,,,,,,,1773.0,Mycobacterium tuberculosis,Duplodnaviria,Heunggongvirae,Uroviricota,Caudoviricetes,Caudoviricetes incertae sedis,Fromanvirus,Fromanvirus Che12,,dsDNA
Fromanvirus,186764,0.11,0.07,,,,,,,,,,,,,,246196.0,Mycolicibacterium smegmatis MC2 155,Duplodnaviria,Heunggongvirae,Uroviricota,Caudoviricetes,Caudoviricetes incertae sedis,Fromanvirus,Fromanvirus Che12,,dsDNA
Fromanvirus,186764,0.11,0.07,,,,,,,,,,,,,,1763.0,Mycobacterium,Duplodnaviria,Heunggongvirae,Uroviricota,Caudoviricetes,Caudoviricetes incertae sedis,Fromanvirus,Fromanvirus goose,,dsDNA
Fromanvirus,186764,0.11,0.07,,,,,,,,,,,,,,1763.0,Mycobacterium,Duplodnaviria,Heunggongvirae,Uroviricota,Caudoviricetes,Caudoviricetes incertae sedis,Fromanvirus,Fromanvirus D29,,dsDNA
Fromanvirus,186764,0.11,0.07,,,,,,,,,,,,,,1773.0,Mycobacterium tuberculosis,Duplodnaviria,Heunggongvirae,Uroviricota,Caudoviricetes,Caudoviricetes incertae sedis,Fromanvirus,Fromanvirus D29,,dsDNA
Fromanvirus,186764,0.11,0.07,,,,,,,,,,,,,,1773.0,Mycobacterium tuberculosis,Duplodnaviria,Heunggongvirae,Uroviricota,Caudoviricetes,Caudoviricetes incertae sedis,Fromanvirus,unclassified Fromanvirus,,dsDNA
Fromanvirus,186764,0.11,0.07,,,,,,,,,,,,,,246196.0,Mycolicibacterium smegmatis MC2 155,Duplodnaviria,Heunggongvirae,Uroviricota,Caudoviricetes,Caudoviricetes incertae sedis,Fromanvirus,Fromanvirus D29,,dsDNA
Fromanvirus,186764,0.11,0.07,,,,,,,,,,,,,,1785.0,Mycobacterium sp.,Duplodnaviria,Heunggongvirae,Uroviricota,Caudoviricetes,Caudoviricetes incertae sedis,Fromanvirus,Fromanvirus lockley,,dsDNA
Fromanvirus,186764,0.11,0.07,,,,,,,,,,,,,,246196.0,Mycolicibacterium smegmatis MC2 155,Duplodnaviria,Heunggongvirae,Uroviricota,Caudoviricetes,Caudoviricetes incertae sedis,Fromanvirus,Fromanvirus lockley,,dsDNA
Fromanvirus,186764,0.11,0.07,,,,,,,,,,,,,,246196.0,Mycolicibacterium smegmatis MC2 155,Duplodnaviria,Heunggongvirae,Uroviricota,Caudoviricetes,Caudoviricetes incertae sedis,Fromanvirus,Fromanvirus doom,,dsDNA
Fromanvirus,186764,0.11,0.07,,,,,,,,,,,,,,246196.0,Mycolicibacterium smegmatis MC2 155,Duplodnaviria,Heunggongvirae,Uroviricota,Caudoviricetes,Caudoviricetes incertae sedis,Fromanvirus,Fromanvirus jasper,,dsDNA
Fromanvirus,186764,0.11,0.07,,,,,,,,,,,,,,246196.0,Mycolicibacterium smegmatis MC2 155,Duplodnaviria,Heunggongvirae,Uroviricota,Caudoviricetes,Caudoviricetes incertae sedis,Fromanvirus,Fromanvirus euphoria,,dsDNA
Fromanvirus,186764,0.11,0.07,,,,,,,,,,,,,,246196.0,Mycolicibacterium smegmatis MC2 155,Duplodnaviria,Heunggongvirae,Uroviricota,Caudoviricetes,Caudoviricetes incertae sedis,Fromanvirus,Fromanvirus george,,dsDNA
Fromanvirus,186764,0.11,0.07,,,,,,,,,,,,,,246196.0,Mycolicibacterium smegmatis MC2 155,Duplodnaviria,Heunggongvirae,Uroviricota,Caudoviricetes,Caudoviricetes incertae sedis,Fromanvirus,Fromanvirus goose,,dsDNA
Fromanvirus,186764,0.11,0.07,,,,,,,,,,,,,,1799.0,Mycolicibacterium aichiense,Duplodnaviria,Heunggongvirae,Uroviricota,Caudoviricetes,Caudoviricetes incertae sedis,Fromanvirus,unclassified Fromanvirus,,dsDNA
Fromanvirus,186764,0.11,0.07,,,,,,,,,,,,,,1785.0,Mycobacterium sp.,Duplodnaviria,Heunggongvirae,Uroviricota,Caudoviricetes,Caudoviricetes incertae sedis,Fromanvirus,Fromanvirus jasper,,dsDNA
Fromanvirus,186764,0.11,0.07,,,,,,,,,,,,,,246196.0,Mycolicibacterium smegmatis MC2 155,Duplodnaviria,Heunggongvirae,Uroviricota,Caudoviricetes,Caudoviricetes incertae sedis,Fromanvirus,Fromanvirus JC27,,dsDNA
Fromanvirus,186764,0.11,0.07,,,,,,,,,,,,,,1785.0,Mycobacterium sp.,Duplodnaviria,Heunggongvirae,Uroviricota,Caudoviricetes,Caudoviricetes incertae sedis,Fromanvirus,Fromanvirus KBG,,dsDNA
Fromanvirus,186764,0.11,0.07,,,,,,,,,,,,,,246196.0,Mycolicibacterium smegmatis MC2 155,Duplodnaviria,Heunggongvirae,Uroviricota,Caudoviricetes,Caudoviricetes incertae sedis,Fromanvirus,Fromanvirus KBG,,dsDNA
Fromanvirus,186764,0.11,0.07,,,,,,,,,,,,,,246196.0,Mycolicibacterium smegmatis MC2 155,Duplodnaviria,Heunggongvirae,Uroviricota,Caudoviricetes,Caudoviricetes incertae sedis,Fromanvirus,Fromanvirus rebeuca,,dsDNA
Fromanvirus,186764,0.11,0.07,,,,,,,,,,,,,,246196.0,Mycolicibacterium smegmatis MC2 155,Duplodnaviria,Heunggongvirae,Uroviricota,Caudoviricetes,Caudoviricetes incertae sedis,Fromanvirus,Fromanvirus kssjeb,,dsDNA
Fromanvirus,186764,0.11,0.07,,,,,,,,,,,,,,246196.0,Mycolicibacterium smegmatis MC2 155,Duplodnaviria,Heunggongvirae,Uroviricota,Caudoviricetes,Caudoviricetes incertae sedis,Fromanvirus,Fromanvirus kugel,,dsDNA
Fromanvirus,186764,0.11,0.07,,,,,,,,,,,,,,246196.0,Mycolicibacterium smegmatis MC2 155,Duplodnaviria,Heunggongvirae,Uroviricota,Caudoviricetes,Caudoviricetes incertae sedis,Fromanvirus,Fromanvirus lesedi,,dsDNA
Fromanvirus,186764,0.11,0.07,,,,,,,,,,,,,,246196.0,Mycolicibacterium smegmatis MC2 155,Duplodnaviria,Heunggongvirae,Uroviricota,Caudoviricetes,Caudoviricetes incertae sedis,Fromanvirus,Fromanvirus marcell,,dsDNA
Fromanvirus,186764,0.11,0.07,,,,,,,,,,,,,,246196.0,Mycolicibacterium smegmatis MC2 155,Duplodnaviria,Heunggongvirae,Uroviricota,Caudoviricetes,Caudoviricetes incertae sedis,Fromanvirus,Fromanvirus mrgordo,,dsDNA
Fromanvirus,186764,0.11,0.07,,,,,,,,,,,,,,246196.0,Mycolicibacterium smegmatis MC2 155,Duplodnaviria,Heunggongvirae,Uroviricota,Caudoviricetes,Caudoviricetes incertae sedis,Fromanvirus,Fromanvirus museum,,dsDNA
Fromanvirus,186764,0.11,0.07,,,,,,,,,,,,,,246196.0,Mycolicibacterium smegmatis MC2 155,Duplodnaviria,Heunggongvirae,Uroviricota,Caudoviricetes,Caudoviricetes incertae sedis,Fromanvirus,Fromanvirus perseus,,dsDNA
Fromanvirus,186764,0.11,0.07,,,,,,,,,,,,,,1763.0,Mycobacterium,Duplodnaviria,Heunggongvirae,Uroviricota,Caudoviricetes,Caudoviricetes incertae sedis,Fromanvirus,Fromanvirus redrock,,dsDNA
Fromanvirus,186764,0.11,0.07,,,,,,,,,,,,,,246196.0,Mycolicibacterium smegmatis MC2 155,Duplodnaviria,Heunggongvirae,Uroviricota,Caudoviricetes,Caudoviricetes incertae sedis,Fromanvirus,Fromanvirus redrock,,dsDNA
Fromanvirus,186764,0.11,0.07,,,,,,,,,,,,,,246196.0,Mycolicibacterium smegmatis MC2 155,Duplodnaviria,Heunggongvirae,Uroviricota,Caudoviricetes,Caudoviricetes incertae sedis,Fromanvirus,Fromanvirus ridgecb,,dsDNA
Fromanvirus,186764,0.11,0.07,,,,,,,,,,,,,,246196.0,Mycolicibacterium smegmatis MC2 155,Duplodnaviria,Heunggongvirae,Uroviricota,Caudoviricetes,Caudoviricetes incertae sedis,Fromanvirus,Fromanvirus saintus,,dsDNA
Fromanvirus,186764,0.11,0.07,,,,,,,,,,,,,,246196.0,Mycolicibacterium smegmatis MC2 155,Duplodnaviria,Heunggongvirae,Uroviricota,Caudoviricetes,Caudoviricetes incertae sedis,Fromanvirus,Fromanvirus skipole,,dsDNA
Fromanvirus,186764,0.11,0.07,,,,,,,,,,,,,,1785.0,Mycobacterium sp.,Duplodnaviria,Heunggongvirae,Uroviricota,Caudoviricetes,Caudoviricetes incertae sedis,Fromanvirus,Fromanvirus solon,,dsDNA
Fromanvirus,186764,0.11,0.07,,,,,,,,,,,,,,246196.0,Mycolicibacterium smegmatis MC2 155,Duplodnaviria,Heunggongvirae,Uroviricota,Caudoviricetes,Caudoviricetes incertae sedis,Fromanvirus,Fromanvirus solon,,dsDNA
Fromanvirus,186764,0.11,0.07,,,,,,,,,,,,,,246196.0,Mycolicibacterium smegmatis MC2 155,Duplodnaviria,Heunggongvirae,Uroviricota,Caudoviricetes,Caudoviricetes incertae sedis,Fromanvirus,Fromanvirus switzer,,dsDNA
Fromanvirus,186764,0.11,0.07,,,,,,,,,,,,,,246196.0,Mycolicibacterium smegmatis MC2 155,Duplodnaviria,Heunggongvirae,Uroviricota,Caudoviricetes,Caudoviricetes incertae sedis,Fromanvirus,Fromanvirus SWU1,,dsDNA
Fromanvirus,186764,0.11,0.07,,,,,,,,,,,,,,246196.0,Mycolicibacterium smegmatis MC2 155,Duplodnaviria,Heunggongvirae,Uroviricota,Caudoviricetes,Caudoviricetes incertae sedis,Fromanvirus,Fromanvirus trixie,,dsDNA
Fromanvirus,186764,0.11,0.07,,,,,,,,,,,,,,246196.0,Mycolicibacterium smegmatis MC2 155,Duplodnaviria,Heunggongvirae,Uroviricota,Caudoviricetes,Caudoviricetes incertae sedis,Fromanvirus,Fromanvirus twister,,dsDNA
Fromanvirus,186764,0.11,0.07,,,,,,,,,,,,,,1785.0,Mycobacterium sp.,Duplodnaviria,Heunggongvirae,Uroviricota,Caudoviricetes,Caudoviricetes incertae sedis,Fromanvirus,Fromanvirus U2,,dsDNA
Fromanvirus,186764,0.11,0.07,,,,,,,,,,,,,,246196.0,Mycolicibacterium smegmatis MC2 155,Duplodnaviria,Heunggongvirae,Uroviricota,Caudoviricetes,Caudoviricetes incertae sedis,Fromanvirus,Fromanvirus U2,,dsDNA
Fromanvirus,186764,0.11,0.07,,,,,,,,,,,,,,246196.0,Mycolicibacterium smegmatis MC2 155,Duplodnaviria,Heunggongvirae,Uroviricota,Caudoviricetes,Caudoviricetes incertae sedis,Fromanvirus,Fromanvirus violet,,dsDNA
Fromanvirus,186764,0.11,0.07,,,,,,,,,,,,,,1763.0,Mycobacterium,Duplodnaviria,Heunggongvirae,Uroviricota,Caudoviricetes,Caudoviricetes incertae sedis,Fromanvirus,Fromanvirus twister,,dsDNA
Punavirus,186789,,,,,,,,,0.24,,,,0.26,,,561.0,Escherichia,Duplodnaviria,Heunggongvirae,Uroviricota,Caudoviricetes,Caudoviricetes incertae sedis,Punavirus,Punavirus P1,,dsDNA
Punavirus,186789,,,,,,,,,0.24,,,,0.26,,,562.0,Escherichia coli,Duplodnaviria,Heunggongvirae,Uroviricota,Caudoviricetes,Caudoviricetes incertae sedis,Punavirus,unclassified Punavirus,,dsDNA
Punavirus,186789,,,,,,,,,0.24,,,,0.26,,,543.0,Enterobacteriaceae,Duplodnaviria,Heunggongvirae,Uroviricota,Caudoviricetes,Caudoviricetes incertae sedis,Punavirus,Punavirus P1,,dsDNA
Punavirus,186789,,,,,,,,,0.24,,,,0.26,,,562.0,Escherichia coli,Duplodnaviria,Heunggongvirae,Uroviricota,Caudoviricetes,Caudoviricetes incertae sedis,Punavirus,Punavirus P1,,dsDNA
Punavirus,186789,,,,,,,,,0.24,,,,0.26,,,1211845.0,Escherichia coli MC1061,Duplodnaviria,Heunggongvirae,Uroviricota,Caudoviricetes,Caudoviricetes incertae sedis,Punavirus,Punavirus P1,,dsDNA
Punavirus,186789,,,,,,,,,0.24,,,,0.26,,,562.0,Escherichia coli,Duplodnaviria,Heunggongvirae,Uroviricota,Caudoviricetes,Caudoviricetes incertae sedis,Punavirus,Punavirus RCS47,,dsDNA
Punavirus,186789,,,,,,,,,0.24,,,,0.26,,,1.0,root,Duplodnaviria,Heunggongvirae,Uroviricota,Caudoviricetes,Caudoviricetes incertae sedis,Punavirus,,,dsDNA
Punavirus,186789,,,,,,,,,0.24,,,,0.26,,,2564646.0,Salmonella enterica subsp. enterica serovar Kouka,Duplodnaviria,Heunggongvirae,Uroviricota,Caudoviricetes,Caudoviricetes incertae sedis,Punavirus,unclassified Punavirus,,dsDNA
Punavirus,186789,,,,,,,,,0.24,,,,0.26,,,286783.0,Salmonella enterica subsp. enterica serovar Indiana,Duplodnaviria,Heunggongvirae,Uroviricota,Caudoviricetes,Caudoviricetes incertae sedis,Punavirus,Punavirus SJ46,,dsDNA
Lederbergvirus,186794,0.13,0.22,0.32,0.21,,,,,,,,0.35,0.48,0.13,,439184.0,Escherichia coli RS218,Duplodnaviria,Heunggongvirae,Uroviricota,Caudoviricetes,Caudoviricetes incertae sedis,Lederbergvirus,unclassified Lederbergvirus,,dsDNA
Lederbergvirus,186794,0.13,0.22,0.32,0.21,,,,,,,,0.35,0.48,0.13,,562.0,Escherichia coli,Duplodnaviria,Heunggongvirae,Uroviricota,Caudoviricetes,Caudoviricetes incertae sedis,Lederbergvirus,Lederbergvirus HK620,,dsDNA
Lederbergvirus,186794,0.13,0.22,0.32,0.21,,,,,,,,0.35,0.48,0.13,,562.0,Escherichia coli,Duplodnaviria,Heunggongvirae,Uroviricota,Caudoviricetes,Caudoviricetes incertae sedis,Lederbergvirus,unclassified Lederbergvirus,,dsDNA
Lederbergvirus,186794,0.13,0.22,0.32,0.21,,,,,,,,0.35,0.48,0.13,,59201.0,Salmonella enterica subsp. enterica,Duplodnaviria,Heunggongvirae,Uroviricota,Caudoviricetes,Caudoviricetes incertae sedis,Lederbergvirus,unclassified Lederbergvirus,,dsDNA
Lederbergvirus,186794,0.13,0.22,0.32,0.21,,,,,,,,0.35,0.48,0.13,,1351.0,Enterococcus faecalis,Duplodnaviria,Heunggongvirae,Uroviricota,Caudoviricetes,Caudoviricetes incertae sedis,Lederbergvirus,unclassified Lederbergvirus,,dsDNA
Lederbergvirus,186794,0.13,0.22,0.32,0.21,,,,,,,,0.35,0.48,0.13,,85569.0,Salmonella enterica subsp. enterica serovar Typhimurium str. DT104,Duplodnaviria,Heunggongvirae,Uroviricota,Caudoviricetes,Caudoviricetes incertae sedis,Lederbergvirus,unclassified Lederbergvirus,,dsDNA
Lederbergvirus,186794,0.13,0.22,0.32,0.21,,,,,,,,0.35,0.48,0.13,,561.0,Escherichia,Duplodnaviria,Heunggongvirae,Uroviricota,Caudoviricetes,Caudoviricetes incertae sedis,Lederbergvirus,unclassified Lederbergvirus,,dsDNA
Lederbergvirus,186794,0.13,0.22,0.32,0.21,,,,,,,,0.35,0.48,0.13,,1884818.0,Escherichia sp.,Duplodnaviria,Heunggongvirae,Uroviricota,Caudoviricetes,Caudoviricetes incertae sedis,Lederbergvirus,unclassified Lederbergvirus,,dsDNA
Lederbergvirus,186794,0.13,0.22,0.32,0.21,,,,,,,,0.35,0.48,0.13,,1314835.0,Escherichia coli MP1,Duplodnaviria,Heunggongvirae,Uroviricota,Caudoviricetes,Caudoviricetes incertae sedis,Lederbergvirus,unclassified Lederbergvirus,,dsDNA
Lederbergvirus,186794,0.13,0.22,0.32,0.21,,,,,,,,0.35,0.48,0.13,,573.0,Klebsiella pneumoniae,Duplodnaviria,Heunggongvirae,Uroviricota,Caudoviricetes,Caudoviricetes incertae sedis,Lederbergvirus,unclassified Lederbergvirus,,dsDNA
Lederbergvirus,186794,0.13,0.22,0.32,0.21,,,,,,,,0.35,0.48,0.13,,28901.0,Salmonella enterica,Duplodnaviria,Heunggongvirae,Uroviricota,Caudoviricetes,Caudoviricetes incertae sedis,Lederbergvirus,,,dsDNA
Lederbergvirus,186794,0.13,0.22,0.32,0.21,,,,,,,,0.35,0.48,0.13,,584.0,Proteus mirabilis,Duplodnaviria,Heunggongvirae,Uroviricota,Caudoviricetes,Caudoviricetes incertae sedis,Lederbergvirus,unclassified Lederbergvirus,,dsDNA
Lederbergvirus,186794,0.13,0.22,0.32,0.21,,,,,,,,0.35,0.48,0.13,,28901.0,Salmonella enterica,Duplodnaviria,Heunggongvirae,Uroviricota,Caudoviricetes,Caudoviricetes incertae sedis,Lederbergvirus,unclassified Lederbergvirus,,dsDNA
Lederbergvirus,186794,0.13,0.22,0.32,0.21,,,,,,,,0.35,0.48,0.13,,90371.0,Salmonella enterica subsp. enterica serovar Typhimurium,Duplodnaviria,Heunggongvirae,Uroviricota,Caudoviricetes,Caudoviricetes incertae sedis,Lederbergvirus,Lederbergvirus P22,,dsDNA
Lederbergvirus,186794,0.13,0.22,0.32,0.21,,,,,,,,0.35,0.48,0.13,,90371.0,Salmonella enterica subsp. enterica serovar Typhimurium,Duplodnaviria,Heunggongvirae,Uroviricota,Caudoviricetes,Caudoviricetes incertae sedis,Lederbergvirus,unclassified Lederbergvirus,,dsDNA
Lederbergvirus,186794,0.13,0.22,0.32,0.21,,,,,,,,0.35,0.48,0.13,,605.0,Salmonella enterica subsp. enterica serovar Pullorum,Duplodnaviria,Heunggongvirae,Uroviricota,Caudoviricetes,Caudoviricetes incertae sedis,Lederbergvirus,unclassified Lederbergvirus,,dsDNA
Lederbergvirus,186794,0.13,0.22,0.32,0.21,,,,,,,,0.35,0.48,0.13,,58712.0,Salmonella enterica subsp. enterica serovar Anatum,Duplodnaviria,Heunggongvirae,Uroviricota,Caudoviricetes,Caudoviricetes incertae sedis,Lederbergvirus,unclassified Lederbergvirus,,dsDNA
Lederbergvirus,186794,0.13,0.22,0.32,0.21,,,,,,,,0.35,0.48,0.13,,599.0,Salmonella sp.,Duplodnaviria,Heunggongvirae,Uroviricota,Caudoviricetes,Caudoviricetes incertae sedis,Lederbergvirus,Lederbergvirus P22,,dsDNA
Lederbergvirus,186794,0.13,0.22,0.32,0.21,,,,,,,,0.35,0.48,0.13,,28901.0,Salmonella enterica,Duplodnaviria,Heunggongvirae,Uroviricota,Caudoviricetes,Caudoviricetes incertae sedis,Lederbergvirus,Lederbergvirus ST64T,,dsDNA
Lederbergvirus,186794,0.13,0.22,0.32,0.21,,,,,,,,0.35,0.48,0.13,,1457319.0,Lopadostoma turgidum,Duplodnaviria,Heunggongvirae,Uroviricota,Caudoviricetes,Caudoviricetes incertae sedis,Lederbergvirus,unclassified Lederbergvirus,,dsDNA
Lederbergvirus,186794,0.13,0.22,0.32,0.21,,,,,,,,0.35,0.48,0.13,,599.0,Salmonella sp.,Duplodnaviria,Heunggongvirae,Uroviricota,Caudoviricetes,Caudoviricetes incertae sedis,Lederbergvirus,unclassified Lederbergvirus,,dsDNA
Lederbergvirus,186794,0.13,0.22,0.32,0.21,,,,,,,,0.35,0.48,0.13,,99287.0,Salmonella enterica subsp. enterica serovar Typhimurium str. LT2,Duplodnaviria,Heunggongvirae,Uroviricota,Caudoviricetes,Caudoviricetes incertae sedis,Lederbergvirus,Lederbergvirus P22,,dsDNA
Lederbergvirus,186794,0.13,0.22,0.32,0.21,,,,,,,,0.35,0.48,0.13,,99287.0,Salmonella enterica subsp. enterica serovar Typhimurium str. LT2,Duplodnaviria,Heunggongvirae,Uroviricota,Caudoviricetes,Caudoviricetes incertae sedis,Lederbergvirus,unclassified Lederbergvirus,,dsDNA
Lederbergvirus,186794,0.13,0.22,0.32,0.21,,,,,,,,0.35,0.48,0.13,,28901.0,Salmonella enterica,Duplodnaviria,Heunggongvirae,Uroviricota,Caudoviricetes,Caudoviricetes incertae sedis,Lederbergvirus,Lederbergvirus SE1Spa,,dsDNA
Lederbergvirus,186794,0.13,0.22,0.32,0.21,,,,,,,,0.35,0.48,0.13,,590.0,Salmonella,Duplodnaviria,Heunggongvirae,Uroviricota,Caudoviricetes,Caudoviricetes incertae sedis,Lederbergvirus,unclassified Lederbergvirus,,dsDNA
Lederbergvirus,186794,0.13,0.22,0.32,0.21,,,,,,,,0.35,0.48,0.13,,590.0,Salmonella,Duplodnaviria,Heunggongvirae,Uroviricota,Caudoviricetes,Caudoviricetes incertae sedis,Lederbergvirus,Lederbergvirus SE1Spa,,dsDNA
Lederbergvirus,186794,0.13,0.22,0.32,0.21,,,,,,,,0.35,0.48,0.13,,59204.0,Salmonella enterica subsp. diarizonae,Duplodnaviria,Heunggongvirae,Uroviricota,Caudoviricetes,Caudoviricetes incertae sedis,Lederbergvirus,unclassified Lederbergvirus,,dsDNA
Lederbergvirus,186794,0.13,0.22,0.32,0.21,,,,,,,,0.35,0.48,0.13,,90370.0,Salmonella enterica subsp. enterica serovar Typhi,Duplodnaviria,Heunggongvirae,Uroviricota,Caudoviricetes,Caudoviricetes incertae sedis,Lederbergvirus,unclassified Lederbergvirus,,dsDNA
Lederbergvirus,186794,0.13,0.22,0.32,0.21,,,,,,,,0.35,0.48,0.13,,90371.0,Salmonella enterica subsp. enterica serovar Typhimurium,Duplodnaviria,Heunggongvirae,Uroviricota,Caudoviricetes,Caudoviricetes incertae sedis,Lederbergvirus,Lederbergvirus ST64T,,dsDNA
Lederbergvirus,186794,0.13,0.22,0.32,0.21,,,,,,,,0.35,0.48,0.13,,1160769.0,Salmonella enterica subsp. enterica serovar Worthington,Duplodnaviria,Heunggongvirae,Uroviricota,Caudoviricetes,Caudoviricetes incertae sedis,Lederbergvirus,unclassified Lederbergvirus,,dsDNA
Lederbergvirus,186794,0.13,0.22,0.32,0.21,,,,,,,,0.35,0.48,0.13,,149387.0,Salmonella enterica subsp. enterica serovar Brandenburg,Duplodnaviria,Heunggongvirae,Uroviricota,Caudoviricetes,Caudoviricetes incertae sedis,Lederbergvirus,unclassified Lederbergvirus,,dsDNA
Lederbergvirus,186794,0.13,0.22,0.32,0.21,,,,,,,,0.35,0.48,0.13,,149539.0,Salmonella enterica subsp. enterica serovar Enteritidis,Duplodnaviria,Heunggongvirae,Uroviricota,Caudoviricetes,Caudoviricetes incertae sedis,Lederbergvirus,unclassified Lederbergvirus,,dsDNA
Lederbergvirus,186794,0.13,0.22,0.32,0.21,,,,,,,,0.35,0.48,0.13,,623.0,Shigella flexneri,Duplodnaviria,Heunggongvirae,Uroviricota,Caudoviricetes,Caudoviricetes incertae sedis,Lederbergvirus,Lederbergvirus Sf6,,dsDNA
Panicovirus,186844,,0.08,0.35,,,,0.24,,,,,,,,,,,,,,,,,,,
Tequintavirus,187218,0.1,0.36,,,,,,,,,,,,0.25,,562.0,Escherichia coli,Duplodnaviria,Heunggongvirae,Uroviricota,Caudoviricetes,Caudoviricetes incertae sedis,Demerecviridae,Markadamsvirinae,Tequintavirus,dsDNA
Tequintavirus,187218,0.1,0.36,,,,,,,,,,,,0.25,,561.0,Escherichia,Duplodnaviria,Heunggongvirae,Uroviricota,Caudoviricetes,Caudoviricetes incertae sedis,Demerecviridae,Markadamsvirinae,Tequintavirus,dsDNA
Tequintavirus,187218,0.1,0.36,,,,,,,,,,,,0.25,,83334.0,Escherichia coli O157:H7,Duplodnaviria,Heunggongvirae,Uroviricota,Caudoviricetes,Caudoviricetes incertae sedis,Demerecviridae,Markadamsvirinae,Tequintavirus,dsDNA
Tequintavirus,187218,0.1,0.36,,,,,,,,,,,,0.25,,1884818.0,Escherichia sp.,Duplodnaviria,Heunggongvirae,Uroviricota,Caudoviricetes,Caudoviricetes incertae sedis,Demerecviridae,Markadamsvirinae,Tequintavirus,dsDNA
Tequintavirus,187218,0.1,0.36,,,,,,,,,,,,0.25,,599.0,Salmonella sp.,Duplodnaviria,Heunggongvirae,Uroviricota,Caudoviricetes,Caudoviricetes incertae sedis,Demerecviridae,Markadamsvirinae,Tequintavirus,dsDNA
Tequintavirus,187218,0.1,0.36,,,,,,,,,,,,0.25,,1045010.0,Escherichia coli O157,Duplodnaviria,Heunggongvirae,Uroviricota,Caudoviricetes,Caudoviricetes incertae sedis,Demerecviridae,Markadamsvirinae,Tequintavirus,dsDNA
Tequintavirus,187218,0.1,0.36,,,,,,,,,,,,0.25,,1049565.0,Klebsiella pneumoniae KCTC 2242,Duplodnaviria,Heunggongvirae,Uroviricota,Caudoviricetes,Caudoviricetes incertae sedis,Demerecviridae,Markadamsvirinae,Tequintavirus,dsDNA
Tequintavirus,187218,0.1,0.36,,,,,,,,,,,,0.25,,28901.0,Salmonella enterica,Duplodnaviria,Heunggongvirae,Uroviricota,Caudoviricetes,Caudoviricetes incertae sedis,Demerecviridae,Markadamsvirinae,Tequintavirus,dsDNA
Tequintavirus,187218,0.1,0.36,,,,,,,,,,,,0.25,,611.0,Salmonella enterica subsp. enterica serovar Heidelberg,Duplodnaviria,Heunggongvirae,Uroviricota,Caudoviricetes,Caudoviricetes incertae sedis,Demerecviridae,Markadamsvirinae,Tequintavirus,dsDNA
Tequintavirus,187218,0.1,0.36,,,,,,,,,,,,0.25,,119912.0,Salmonella enterica subsp. enterica serovar Choleraesuis,Duplodnaviria,Heunggongvirae,Uroviricota,Caudoviricetes,Caudoviricetes incertae sedis,Demerecviridae,Markadamsvirinae,Tequintavirus,dsDNA
Tequintavirus,187218,0.1,0.36,,,,,,,,,,,,0.25,,9031.0,Gallus gallus,Duplodnaviria,Heunggongvirae,Uroviricota,Caudoviricetes,Caudoviricetes incertae sedis,Demerecviridae,Markadamsvirinae,Tequintavirus,dsDNA
Tequintavirus,187218,0.1,0.36,,,,,,,,,,,,0.25,,54388.0,Salmonella enterica subsp. enterica serovar Paratyphi A,Duplodnaviria,Heunggongvirae,Uroviricota,Caudoviricetes,Caudoviricetes incertae sedis,Demerecviridae,Markadamsvirinae,Tequintavirus,dsDNA
Tequintavirus,187218,0.1,0.36,,,,,,,,,,,,0.25,,600.0,Salmonella enterica subsp. enterica serovar Thompson,Duplodnaviria,Heunggongvirae,Uroviricota,Caudoviricetes,Caudoviricetes incertae sedis,Demerecviridae,Markadamsvirinae,Tequintavirus,dsDNA
Tequintavirus,187218,0.1,0.36,,,,,,,,,,,,0.25,,624.0,Shigella sonnei,Duplodnaviria,Heunggongvirae,Uroviricota,Caudoviricetes,Caudoviricetes incertae sedis,Demerecviridae,Markadamsvirinae,Tequintavirus,dsDNA
Mamastrovirus,249588,0.33,0.43,0.83,0.8,,0.53,,0.48,,0.6,0.52,0.47,0.61,0.45,0.24,9606.0,Homo sapiens,Riboviria,Orthornavirae,Pisuviricota,Stelpaviricetes,Stellavirales,Astroviridae,Mamastrovirus,Mamastrovirus melbournense,
Mamastrovirus,249588,0.33,0.43,0.83,0.8,,0.53,,0.48,,0.6,0.52,0.47,0.61,0.45,0.24,10116.0,Rattus norvegicus,Riboviria,Orthornavirae,Pisuviricota,Stelpaviricetes,Stellavirales,Astroviridae,Mamastrovirus,Mamastrovirus melbournense,
Mamastrovirus,249588,0.33,0.43,0.83,0.8,,0.53,,0.48,,0.6,0.52,0.47,0.61,0.45,0.24,9823.0,Sus scrofa,Riboviria,Orthornavirae,Pisuviricota,Stelpaviricetes,Stellavirales,Astroviridae,Mamastrovirus,unclassified Mamastrovirus,
Mamastrovirus,249588,0.33,0.43,0.83,0.8,,0.53,,0.48,,0.6,0.52,0.47,0.61,0.45,0.24,9903.0,Bos,Riboviria,Orthornavirae,Pisuviricota,Stelpaviricetes,Stellavirales,Astroviridae,Mamastrovirus,unclassified Mamastrovirus,
Mamastrovirus,249588,0.33,0.43,0.83,0.8,,0.53,,0.48,,0.6,0.52,0.47,0.61,0.45,0.24,9913.0,Bos taurus,Riboviria,Orthornavirae,Pisuviricota,Stelpaviricetes,Stellavirales,Astroviridae,Mamastrovirus,unclassified Mamastrovirus,
Mamastrovirus,249588,0.33,0.43,0.83,0.8,,0.53,,0.48,,0.6,0.52,0.47,0.61,0.45,0.24,9615.0,Canis lupus familiaris,Riboviria,Orthornavirae,Pisuviricota,Stelpaviricetes,Stellavirales,Astroviridae,Mamastrovirus,unclassified Mamastrovirus,
Mamastrovirus,249588,0.33,0.43,0.83,0.8,,0.53,,0.48,,0.6,0.52,0.47,0.61,0.45,0.24,9838.0,Camelus dromedarius,Riboviria,Orthornavirae,Pisuviricota,Stelpaviricetes,Stellavirales,Astroviridae,Mamastrovirus,unclassified Mamastrovirus,
Mamastrovirus,249588,0.33,0.43,0.83,0.8,,0.53,,0.48,,0.6,0.52,0.47,0.61,0.45,0.24,9685.0,Felis catus,Riboviria,Orthornavirae,Pisuviricota,Stelpaviricetes,Stellavirales,Astroviridae,Mamastrovirus,unclassified Mamastrovirus,
Mamastrovirus,249588,0.33,0.43,0.83,0.8,,0.53,,0.48,,0.6,0.52,0.47,0.61,0.45,0.24,452646.0,Neogale vison,Riboviria,Orthornavirae,Pisuviricota,Stelpaviricetes,Stellavirales,Astroviridae,Mamastrovirus,Mamastrovirus mustelae,
Mamastrovirus,249588,0.33,0.43,0.83,0.8,,0.53,,0.48,,0.6,0.52,0.47,0.61,0.45,0.24,9940.0,Ovis aries,Riboviria,Orthornavirae,Pisuviricota,Stelpaviricetes,Stellavirales,Astroviridae,Mamastrovirus,Mamastrovirus ovis,
Mamastrovirus,249588,0.33,0.43,0.83,0.8,,0.53,,0.48,,0.6,0.52,0.47,0.61,0.45,0.24,1.0,root,Riboviria,Orthornavirae,Pisuviricota,Stelpaviricetes,Stellavirales,Astroviridae,Mamastrovirus,Mamastrovirus melbournense,
Mamastrovirus,249588,0.33,0.43,0.83,0.8,,0.53,,0.48,,0.6,0.52,0.47,0.61,0.45,0.24,93163.0,Marmota himalayana,Riboviria,Orthornavirae,Pisuviricota,Stelpaviricetes,Stellavirales,Astroviridae,Mamastrovirus,unclassified Mamastrovirus,
Mamastrovirus,249588,0.33,0.43,0.83,0.8,,0.53,,0.48,,0.6,0.52,0.47,0.61,0.45,0.24,9986.0,Oryctolagus cuniculus,Riboviria,Orthornavirae,Pisuviricota,Stelpaviricetes,Stellavirales,Astroviridae,Mamastrovirus,unclassified Mamastrovirus,
Mamastrovirus,249588,0.33,0.43,0.83,0.8,,0.53,,0.48,,0.6,0.52,0.47,0.61,0.45,0.24,30521.0,Bos grunniens,Riboviria,Orthornavirae,Pisuviricota,Stelpaviricetes,Stellavirales,Astroviridae,Mamastrovirus,unclassified Mamastrovirus,
Mimivirus,315393,0.23,0.17,0.23,0.16,,0.34,,,,,,,0.11,0.13,,5755.0,Acanthamoeba castellanii,Varidnaviria,Bamfordvirae,Nucleocytoviricota,Megaviricetes,Imitervirales,Mimiviridae,Megamimivirinae,Mimivirus,
Mimivirus,315393,0.23,0.17,0.23,0.16,,0.34,,,,,,,0.11,0.13,,5757.0,Acanthamoeba polyphaga,Varidnaviria,Bamfordvirae,Nucleocytoviricota,Megaviricetes,Imitervirales,Mimiviridae,Megamimivirinae,Mimivirus,
Enquatrovirus,371730,0.07,0.06,,,,,0.26,,,,,,,,,83333.0,Escherichia coli K-12,Duplodnaviria,Heunggongvirae,Uroviricota,Caudoviricetes,Caudoviricetes incertae sedis,Schitoviridae,Enquatrovirinae,Enquatrovirus,dsDNA
Enquatrovirus,371730,0.07,0.06,,,,,0.26,,,,,,,,,562.0,Escherichia coli,Duplodnaviria,Heunggongvirae,Uroviricota,Caudoviricetes,Caudoviricetes incertae sedis,Schitoviridae,Enquatrovirinae,Enquatrovirus,dsDNA
Enquatrovirus,371730,0.07,0.06,,,,,0.26,,,,,,,,,168927.0,Escherichia coli O111:H-,Duplodnaviria,Heunggongvirae,Uroviricota,Caudoviricetes,Caudoviricetes incertae sedis,Schitoviridae,Enquatrovirinae,Enquatrovirus,dsDNA
Phikmvvirus,477967,,,,,,,,,,,0.19,,0.23,,,287.0,Pseudomonas aeruginosa,Duplodnaviria,Heunggongvirae,Uroviricota,Caudoviricetes,Autographivirales,Autoscriptoviridae,Krylovirinae,Phikmvvirus,dsDNA
Phikmvvirus,477967,,,,,,,,,,,0.19,,0.23,,,208964.0,Pseudomonas aeruginosa PAO1,Duplodnaviria,Heunggongvirae,Uroviricota,Caudoviricetes,Autographivirales,Autoscriptoviridae,Krylovirinae,Phikmvvirus,dsDNA
Phikmvvirus,477967,,,,,,,,,,,0.19,,0.23,,,1009714.0,Pseudomonas aeruginosa PAK,Duplodnaviria,Heunggongvirae,Uroviricota,Caudoviricetes,Autographivirales,Autoscriptoviridae,Krylovirinae,Phikmvvirus,dsDNA
Phikmvvirus,477967,,,,,,,,,,,0.19,,0.23,,,306.0,Pseudomonas sp.,Duplodnaviria,Heunggongvirae,Uroviricota,Caudoviricetes,Autographivirales,Autoscriptoviridae,Krylovirinae,Phikmvvirus,dsDNA
Phikmvvirus,477967,,,,,,,,,,,0.19,,0.23,,,652611.0,Pseudomonas aeruginosa PA14,Duplodnaviria,Heunggongvirae,Uroviricota,Caudoviricetes,Autographivirales,Autoscriptoviridae,Krylovirinae,Phikmvvirus,dsDNA
Rauchvirus,542959,0.38,0.24,0.56,0.59,,0.71,0.61,,0.44,0.2,0.13,0.22,,0.46,0.31,518.0,Bordetella bronchiseptica,Duplodnaviria,Heunggongvirae,Uroviricota,Caudoviricetes,Caudoviricetes incertae sedis,Rauchvirus,Rauchvirus BPP1,,dsDNA
Uetakevirus,542960,0.13,0.36,0.26,0.36,,0.35,0.39,,0.26,0.21,0.23,0.68,0.4,,,550.0,Enterobacter cloacae,Duplodnaviria,Heunggongvirae,Uroviricota,Caudoviricetes,Caudoviricetes incertae sedis,Uetakevirus,unclassified Uetakevirus,,dsDNA
Uetakevirus,542960,0.13,0.36,0.26,0.36,,0.35,0.39,,0.26,0.21,0.23,0.68,0.4,,,1676277.0,Enterobacter sp. CT7,Duplodnaviria,Heunggongvirae,Uroviricota,Caudoviricetes,Caudoviricetes incertae sedis,Uetakevirus,unclassified Uetakevirus,,dsDNA
Uetakevirus,542960,0.13,0.36,0.26,0.36,,0.35,0.39,,0.26,0.21,0.23,0.68,0.4,,,83334.0,Escherichia coli O157:H7,Duplodnaviria,Heunggongvirae,Uroviricota,Caudoviricetes,Caudoviricetes incertae sedis,Uetakevirus,Uetakevirus phiV10,,dsDNA
Uetakevirus,542960,0.13,0.36,0.26,0.36,,0.35,0.39,,0.26,0.21,0.23,0.68,0.4,,,83334.0,Escherichia coli O157:H7,Duplodnaviria,Heunggongvirae,Uroviricota,Caudoviricetes,Caudoviricetes incertae sedis,Uetakevirus,unclassified Uetakevirus,,dsDNA
Uetakevirus,542960,0.13,0.36,0.26,0.36,,0.35,0.39,,0.26,0.21,0.23,0.68,0.4,,,561.0,Escherichia,Duplodnaviria,Heunggongvirae,Uroviricota,Caudoviricetes,Caudoviricetes incertae sedis,Uetakevirus,unclassified Uetakevirus,,dsDNA
Uetakevirus,542960,0.13,0.36,0.26,0.36,,0.35,0.39,,0.26,0.21,0.23,0.68,0.4,,,562.0,Escherichia coli,Duplodnaviria,Heunggongvirae,Uroviricota,Caudoviricetes,Caudoviricetes incertae sedis,Uetakevirus,unclassified Uetakevirus,,dsDNA
Uetakevirus,542960,0.13,0.36,0.26,0.36,,0.35,0.39,,0.26,0.21,0.23,0.68,0.4,,,562.0,Escherichia coli,Duplodnaviria,Heunggongvirae,Uroviricota,Caudoviricetes,Caudoviricetes incertae sedis,Uetakevirus,Uetakevirus PAS61,,dsDNA
Uetakevirus,542960,0.13,0.36,0.26,0.36,,0.35,0.39,,0.26,0.21,0.23,0.68,0.4,,,573.0,Klebsiella pneumoniae,Duplodnaviria,Heunggongvirae,Uroviricota,Caudoviricetes,Caudoviricetes incertae sedis,Uetakevirus,unclassified Uetakevirus,,dsDNA
Uetakevirus,542960,0.13,0.36,0.26,0.36,,0.35,0.39,,0.26,0.21,0.23,0.68,0.4,,,611.0,Salmonella enterica subsp. enterica serovar Heidelberg,Duplodnaviria,Heunggongvirae,Uroviricota,Caudoviricetes,Caudoviricetes incertae sedis,Uetakevirus,unclassified Uetakevirus,,dsDNA
Uetakevirus,542960,0.13,0.36,0.26,0.36,,0.35,0.39,,0.26,0.21,0.23,0.68,0.4,,,28901.0,Salmonella enterica,Duplodnaviria,Heunggongvirae,Uroviricota,Caudoviricetes,Caudoviricetes incertae sedis,Uetakevirus,Uetakevirus epsilon15,,dsDNA
Uetakevirus,542960,0.13,0.36,0.26,0.36,,0.35,0.39,,0.26,0.21,0.23,0.68,0.4,,,58712.0,Salmonella enterica subsp. enterica serovar Anatum,Duplodnaviria,Heunggongvirae,Uroviricota,Caudoviricetes,Caudoviricetes incertae sedis,Uetakevirus,Uetakevirus epsilon15,,dsDNA
Uetakevirus,542960,0.13,0.36,0.26,0.36,,0.35,0.39,,0.26,0.21,0.23,0.68,0.4,,,90371.0,Salmonella enterica subsp. enterica serovar Typhimurium,Duplodnaviria,Heunggongvirae,Uroviricota,Caudoviricetes,Caudoviricetes incertae sedis,Uetakevirus,Uetakevirus SPN1S,,dsDNA
Uetakevirus,542960,0.13,0.36,0.26,0.36,,0.35,0.39,,0.26,0.21,0.23,0.68,0.4,,,59201.0,Salmonella enterica subsp. enterica,Duplodnaviria,Heunggongvirae,Uroviricota,Caudoviricetes,Caudoviricetes incertae sedis,Uetakevirus,unclassified Uetakevirus,,dsDNA
Bruynoghevirus,545932,,,,,,,,,,,,0.24,,,,287.0,Pseudomonas aeruginosa,Duplodnaviria,Heunggongvirae,Uroviricota,Caudoviricetes,Caudoviricetes incertae sedis,Bruynoghevirus,,,dsDNA
Bruynoghevirus,545932,,,,,,,,,,,,0.24,,,,208964.0,Pseudomonas aeruginosa PAO1,Duplodnaviria,Heunggongvirae,Uroviricota,Caudoviricetes,Caudoviricetes incertae sedis,Bruynoghevirus,,,dsDNA
Bruynoghevirus,545932,,,,,,,,,,,,0.24,,,,287.0,Pseudomonas aeruginosa,Duplodnaviria,Heunggongvirae,Uroviricota,Caudoviricetes,Caudoviricetes incertae sedis,Bruynoghevirus,unclassified Bruynoghevirus,,dsDNA
Bruynoghevirus,545932,,,,,,,,,,,,0.24,,,,208964.0,Pseudomonas aeruginosa PAO1,Duplodnaviria,Heunggongvirae,Uroviricota,Caudoviricetes,Caudoviricetes incertae sedis,Bruynoghevirus,unclassified Bruynoghevirus,,dsDNA
Bruynoghevirus,545932,,,,,,,,,,,,0.24,,,,306.0,Pseudomonas sp.,Duplodnaviria,Heunggongvirae,Uroviricota,Caudoviricetes,Caudoviricetes incertae sedis,Bruynoghevirus,Bruynoghevirus PaP3,,dsDNA
Bruynoghevirus,545932,,,,,,,,,,,,0.24,,,,306.0,Pseudomonas sp.,Duplodnaviria,Heunggongvirae,Uroviricota,Caudoviricetes,Caudoviricetes incertae sedis,Bruynoghevirus,unclassified Bruynoghevirus,,dsDNA
Bruynoghevirus,545932,,,,,,,,,,,,0.24,,,,306.0,Pseudomonas sp.,Duplodnaviria,Heunggongvirae,Uroviricota,Caudoviricetes,Caudoviricetes incertae sedis,Bruynoghevirus,Bruynoghevirus PAA2,,dsDNA
Bruynoghevirus,545932,,,,,,,,,,,,0.24,,,,1123015.0,Pseudomonas aeruginosa DSM 50071 = NBRC 12689,Duplodnaviria,Heunggongvirae,Uroviricota,Caudoviricetes,Caudoviricetes incertae sedis,Bruynoghevirus,unclassified Bruynoghevirus,,dsDNA
Bruynoghevirus,545932,,,,,,,,,,,,0.24,,,,286.0,Pseudomonas,Duplodnaviria,Heunggongvirae,Uroviricota,Caudoviricetes,Caudoviricetes incertae sedis,Bruynoghevirus,unclassified Bruynoghevirus,,dsDNA
Bruynoghevirus,545932,,,,,,,,,,,,0.24,,,,208964.0,Pseudomonas aeruginosa PAO1,Duplodnaviria,Heunggongvirae,Uroviricota,Caudoviricetes,Caudoviricetes incertae sedis,Bruynoghevirus,Bruynoghevirus PaP3,,dsDNA
Bruynoghevirus,545932,,,,,,,,,,,,0.24,,,,286.0,Pseudomonas,Duplodnaviria,Heunggongvirae,Uroviricota,Caudoviricetes,Caudoviricetes incertae sedis,Bruynoghevirus,Bruynoghevirus PaP3,,dsDNA
Bruynoghevirus,545932,,,,,,,,,,,,0.24,,,,287.0,Pseudomonas aeruginosa,Duplodnaviria,Heunggongvirae,Uroviricota,Caudoviricetes,Caudoviricetes incertae sedis,Bruynoghevirus,Bruynoghevirus PaP4,,dsDNA
Bruynoghevirus,545932,,,,,,,,,,,,0.24,,,,287.0,Pseudomonas aeruginosa,Duplodnaviria,Heunggongvirae,Uroviricota,Caudoviricetes,Caudoviricetes incertae sedis,Bruynoghevirus,Bruynoghevirus CHU,,dsDNA
Bruynoghevirus,545932,,,,,,,,,,,,0.24,,,,287.0,Pseudomonas aeruginosa,Duplodnaviria,Heunggongvirae,Uroviricota,Caudoviricetes,Caudoviricetes incertae sedis,Bruynoghevirus,Bruynoghevirus PAA2,,dsDNA
Bruynoghevirus,545932,,,,,,,,,,,,0.24,,,,287.0,Pseudomonas aeruginosa,Duplodnaviria,Heunggongvirae,Uroviricota,Caudoviricetes,Caudoviricetes incertae sedis,Bruynoghevirus,Bruynoghevirus TL,,dsDNA
Bruynoghevirus,545932,,,,,,,,,,,,0.24,,,,287.0,Pseudomonas aeruginosa,Duplodnaviria,Heunggongvirae,Uroviricota,Caudoviricetes,Caudoviricetes incertae sedis,Bruynoghevirus,Bruynoghevirus Ab22,,dsDNA
Bruynoghevirus,545932,,,,,,,,,,,,0.24,,,,287.0,Pseudomonas aeruginosa,Duplodnaviria,Heunggongvirae,Uroviricota,Caudoviricetes,Caudoviricetes incertae sedis,Bruynoghevirus,Bruynoghevirus PaP3,,dsDNA
Alphabaculovirus,558016,0.12,0.13,0.15,0.08,,,,,0.25,,0.18,,,0.12,,,,,,,,,,,,
Betabaculovirus,558017,,,,,,,,,,,,,,,0.22,,,,,,,,,,,
Kuravirus,680277,0.07,0.3,,0.1,,0.32,,,0.23,,,0.75,,,,562.0,Escherichia coli,Duplodnaviria,Heunggongvirae,Uroviricota,Caudoviricetes,Caudoviricetes incertae sedis,Mktvariviridae,Gordonclarkvirinae,Kuravirus,dsDNA
Kuravirus,680277,0.07,0.3,,0.1,,0.32,,,0.23,,,0.75,,,,1322345.0,Escherichia coli ATCC 25922,Duplodnaviria,Heunggongvirae,Uroviricota,Caudoviricetes,Caudoviricetes incertae sedis,Mktvariviridae,Gordonclarkvirinae,Kuravirus,dsDNA
Kuravirus,680277,0.07,0.3,,0.1,,0.32,,,0.23,,,0.75,,,,199310.0,Escherichia coli CFT073,Duplodnaviria,Heunggongvirae,Uroviricota,Caudoviricetes,Caudoviricetes incertae sedis,Mktvariviridae,Gordonclarkvirinae,Kuravirus,dsDNA
Kuravirus,680277,0.07,0.3,,0.1,,0.32,,,0.23,,,0.75,,,,561.0,Escherichia,Duplodnaviria,Heunggongvirae,Uroviricota,Caudoviricetes,Caudoviricetes incertae sedis,Mktvariviridae,Gordonclarkvirinae,Kuravirus,dsDNA
Kuravirus,680277,0.07,0.3,,0.1,,0.32,,,0.23,,,0.75,,,,753642.0,Escherichia coli NC101,Duplodnaviria,Heunggongvirae,Uroviricota,Caudoviricetes,Caudoviricetes incertae sedis,Mktvariviridae,Gordonclarkvirinae,Kuravirus,dsDNA
Kuravirus,680277,0.07,0.3,,0.1,,0.32,,,0.23,,,0.75,,,,623.0,Shigella flexneri,Duplodnaviria,Heunggongvirae,Uroviricota,Caudoviricetes,Caudoviricetes incertae sedis,Mktvariviridae,Gordonclarkvirinae,Kuravirus,dsDNA
Felixounavirus,1198140,0.08,0.11,0.09,0.1,,,,0.7,,,,,,0.12,,991919.0,Escherichia coli O145:NM,Duplodnaviria,Heunggongvirae,Uroviricota,Caudoviricetes,Caudoviricetes incertae sedis,Andersonviridae,Ounavirinae,Felixounavirus,dsDNA
Felixounavirus,1198140,0.08,0.11,0.09,0.1,,,,0.7,,,,,,0.12,,991915.0,Escherichia coli O121:H19,Duplodnaviria,Heunggongvirae,Uroviricota,Caudoviricetes,Caudoviricetes incertae sedis,Andersonviridae,Ounavirinae,Felixounavirus,dsDNA
Felixounavirus,1198140,0.08,0.11,0.09,0.1,,,,0.7,,,,,,0.12,,59201.0,Salmonella enterica subsp. enterica,Duplodnaviria,Heunggongvirae,Uroviricota,Caudoviricetes,Caudoviricetes incertae sedis,Andersonviridae,Ounavirinae,Felixounavirus,dsDNA
Felixounavirus,1198140,0.08,0.11,0.09,0.1,,,,0.7,,,,,,0.12,,469008.0,Escherichia coli BL21(DE3),Duplodnaviria,Heunggongvirae,Uroviricota,Caudoviricetes,Caudoviricetes incertae sedis,Andersonviridae,Ounavirinae,Felixounavirus,dsDNA
Felixounavirus,1198140,0.08,0.11,0.09,0.1,,,,0.7,,,,,,0.12,,83334.0,Escherichia coli O157:H7,Duplodnaviria,Heunggongvirae,Uroviricota,Caudoviricetes,Caudoviricetes incertae sedis,Andersonviridae,Ounavirinae,Felixounavirus,dsDNA
Felixounavirus,1198140,0.08,0.11,0.09,0.1,,,,0.7,,,,,,0.12,,511145.0,Escherichia coli str. K-12 substr. MG1655,Duplodnaviria,Heunggongvirae,Uroviricota,Caudoviricetes,Caudoviricetes incertae sedis,Andersonviridae,Ounavirinae,Felixounavirus,dsDNA
Felixounavirus,1198140,0.08,0.11,0.09,0.1,,,,0.7,,,,,,0.12,,561.0,Escherichia,Duplodnaviria,Heunggongvirae,Uroviricota,Caudoviricetes,Caudoviricetes incertae sedis,Andersonviridae,Ounavirinae,Felixounavirus,dsDNA
Felixounavirus,1198140,0.08,0.11,0.09,0.1,,,,0.7,,,,,,0.12,,83333.0,Escherichia coli K-12,Duplodnaviria,Heunggongvirae,Uroviricota,Caudoviricetes,Caudoviricetes incertae sedis,Andersonviridae,Ounavirinae,Felixounavirus,dsDNA
Felixounavirus,1198140,0.08,0.11,0.09,0.1,,,,0.7,,,,,,0.12,,498388.0,Escherichia coli C,Duplodnaviria,Heunggongvirae,Uroviricota,Caudoviricetes,Caudoviricetes incertae sedis,Andersonviridae,Ounavirinae,Felixounavirus,dsDNA
Felixounavirus,1198140,0.08,0.11,0.09,0.1,,,,0.7,,,,,,0.12,,2184073.0,Escherichia coli O135,Duplodnaviria,Heunggongvirae,Uroviricota,Caudoviricetes,Caudoviricetes incertae sedis,Andersonviridae,Ounavirinae,Felixounavirus,dsDNA
Felixounavirus,1198140,0.08,0.11,0.09,0.1,,,,0.7,,,,,,0.12,,1389955.0,Escherichia coli ATCC 35150,Duplodnaviria,Heunggongvirae,Uroviricota,Caudoviricetes,Caudoviricetes incertae sedis,Andersonviridae,Ounavirinae,Felixounavirus,dsDNA
Felixounavirus,1198140,0.08,0.11,0.09,0.1,,,,0.7,,,,,,0.12,,1884818.0,Escherichia sp.,Duplodnaviria,Heunggongvirae,Uroviricota,Caudoviricetes,Caudoviricetes incertae sedis,Andersonviridae,Ounavirinae,Felixounavirus,dsDNA
Felixounavirus,1198140,0.08,0.11,0.09,0.1,,,,0.7,,,,,,0.12,,1045010.0,Escherichia coli O157,Duplodnaviria,Heunggongvirae,Uroviricota,Caudoviricetes,Caudoviricetes incertae sedis,Andersonviridae,Ounavirinae,Felixounavirus,dsDNA
Felixounavirus,1198140,0.08,0.11,0.09,0.1,,,,0.7,,,,,,0.12,,37762.0,Escherichia coli B,Duplodnaviria,Heunggongvirae,Uroviricota,Caudoviricetes,Caudoviricetes incertae sedis,Andersonviridae,Ounavirinae,Felixounavirus,dsDNA
Felixounavirus,1198140,0.08,0.11,0.09,0.1,,,,0.7,,,,,,0.12,,381476.0,Escherichia coli O1,Duplodnaviria,Heunggongvirae,Uroviricota,Caudoviricetes,Caudoviricetes incertae sedis,Andersonviridae,Ounavirinae,Felixounavirus,dsDNA
Felixounavirus,1198140,0.08,0.11,0.09,0.1,,,,0.7,,,,,,0.12,,585035.0,Escherichia coli S88,Duplodnaviria,Heunggongvirae,Uroviricota,Caudoviricetes,Caudoviricetes incertae sedis,Andersonviridae,Ounavirinae,Felixounavirus,dsDNA
Felixounavirus,1198140,0.08,0.11,0.09,0.1,,,,0.7,,,,,,0.12,,564.0,Escherichia fergusonii,Duplodnaviria,Heunggongvirae,Uroviricota,Caudoviricetes,Caudoviricetes incertae sedis,Andersonviridae,Ounavirinae,Felixounavirus,dsDNA
Felixounavirus,1198140,0.08,0.11,0.09,0.1,,,,0.7,,,,,,0.12,,28901.0,Salmonella enterica,Duplodnaviria,Heunggongvirae,Uroviricota,Caudoviricetes,Caudoviricetes incertae sedis,Andersonviridae,Ounavirinae,Felixounavirus,dsDNA
Felixounavirus,1198140,0.08,0.11,0.09,0.1,,,,0.7,,,,,,0.12,,611.0,Salmonella enterica subsp. enterica serovar Heidelberg,Duplodnaviria,Heunggongvirae,Uroviricota,Caudoviricetes,Caudoviricetes incertae sedis,Andersonviridae,Ounavirinae,Felixounavirus,dsDNA
Felixounavirus,1198140,0.08,0.11,0.09,0.1,,,,0.7,,,,,,0.12,,2565028.0,Salmonella enterica subsp. enterica serovar Shubra,Duplodnaviria,Heunggongvirae,Uroviricota,Caudoviricetes,Caudoviricetes incertae sedis,Andersonviridae,Ounavirinae,Felixounavirus,dsDNA
Felixounavirus,1198140,0.08,0.11,0.09,0.1,,,,0.7,,,,,,0.12,,149539.0,Salmonella enterica subsp. enterica serovar Enteritidis,Duplodnaviria,Heunggongvirae,Uroviricota,Caudoviricetes,Caudoviricetes incertae sedis,Andersonviridae,Ounavirinae,Felixounavirus,dsDNA
Felixounavirus,1198140,0.08,0.11,0.09,0.1,,,,0.7,,,,,,0.12,,98360.0,Salmonella enterica subsp. enterica serovar Dublin,Duplodnaviria,Heunggongvirae,Uroviricota,Caudoviricetes,Caudoviricetes incertae sedis,Andersonviridae,Ounavirinae,Felixounavirus,dsDNA
Felixounavirus,1198140,0.08,0.11,0.09,0.1,,,,0.7,,,,,,0.12,,595.0,Salmonella enterica subsp. enterica serovar Infantis,Duplodnaviria,Heunggongvirae,Uroviricota,Caudoviricetes,Caudoviricetes incertae sedis,Andersonviridae,Ounavirinae,Felixounavirus,dsDNA
Felixounavirus,1198140,0.08,0.11,0.09,0.1,,,,0.7,,,,,,0.12,,590.0,Salmonella,Duplodnaviria,Heunggongvirae,Uroviricota,Caudoviricetes,Caudoviricetes incertae sedis,Andersonviridae,Ounavirinae,Felixounavirus,dsDNA
Felixounavirus,1198140,0.08,0.11,0.09,0.1,,,,0.7,,,,,,0.12,,90371.0,Salmonella enterica subsp. enterica serovar Typhimurium,Duplodnaviria,Heunggongvirae,Uroviricota,Caudoviricetes,Caudoviricetes incertae sedis,Andersonviridae,Ounavirinae,Felixounavirus,dsDNA
Felixounavirus,1198140,0.08,0.11,0.09,0.1,,,,0.7,,,,,,0.12,,599.0,Salmonella sp.,Duplodnaviria,Heunggongvirae,Uroviricota,Caudoviricetes,Caudoviricetes incertae sedis,Andersonviridae,Ounavirinae,Felixounavirus,dsDNA
Felixounavirus,1198140,0.08,0.11,0.09,0.1,,,,0.7,,,,,,0.12,,605.0,Salmonella enterica subsp. enterica serovar Pullorum,Duplodnaviria,Heunggongvirae,Uroviricota,Caudoviricetes,Caudoviricetes incertae sedis,Andersonviridae,Ounavirinae,Felixounavirus,dsDNA
Felixounavirus,1198140,0.08,0.11,0.09,0.1,,,,0.7,,,,,,0.12,,54388.0,Salmonella enterica subsp. enterica serovar Paratyphi A,Duplodnaviria,Heunggongvirae,Uroviricota,Caudoviricetes,Caudoviricetes incertae sedis,Andersonviridae,Ounavirinae,Felixounavirus,dsDNA
Felixounavirus,1198140,0.08,0.11,0.09,0.1,,,,0.7,,,,,,0.12,,358771.0,Salmonella enterica subsp. enterica serovar Kedougou,Duplodnaviria,Heunggongvirae,Uroviricota,Caudoviricetes,Caudoviricetes incertae sedis,Andersonviridae,Ounavirinae,Felixounavirus,dsDNA
Felixounavirus,1198140,0.08,0.11,0.09,0.1,,,,0.7,,,,,,0.12,,668369.0,Escherichia coli DH5[alpha],Duplodnaviria,Heunggongvirae,Uroviricota,Caudoviricetes,Caudoviricetes incertae sedis,Andersonviridae,Ounavirinae,Felixounavirus,dsDNA
Felixounavirus,1198140,0.08,0.11,0.09,0.1,,,,0.7,,,,,,0.12,,1288825.0,Shigella flexneri 2b,Duplodnaviria,Heunggongvirae,Uroviricota,Caudoviricetes,Caudoviricetes incertae sedis,Andersonviridae,Ounavirinae,Felixounavirus,dsDNA
Kappatorquevirus,1218487,,,,,,,,,,,,,0.12,,,9823.0,Sus scrofa,Monodnaviria,Shotokuvirae,Commensaviricota,Cardeaviricetes,Sanitavirales,Anelloviridae,Kappatorquevirus,Kappatorquevirus suidak2a,
Alphanecrovirus,1299309,,0.23,,,,,,,,,,,,0.14,,,,,,,,,,,,
Betanecrovirus,1299311,,0.09,,,,,,,,,,,,,,,,,,,,,,,,
Bocaparvovirus,1507401,,,,0.11,,,,,,,,,,,,188568.0,Aselliscus stoliczkanus,Monodnaviria,Shotokuvirae,Cossaviricota,Quintoviricetes,Piccovirales,Parvoviridae,Parvovirinae,Bocaparvovirus,
Bocaparvovirus,1507401,,,,0.11,,,,,,,,,,,,1.0,root,Monodnaviria,Shotokuvirae,Cossaviricota,Quintoviricetes,Piccovirales,Parvoviridae,Parvovirinae,Bocaparvovirus,
Bocaparvovirus,1507401,,,,0.11,,,,,,,,,,,,187007.0,Miniopterus fuliginosus,Monodnaviria,Shotokuvirae,Cossaviricota,Quintoviricetes,Piccovirales,Parvoviridae,Parvovirinae,Bocaparvovirus,
Bocaparvovirus,1507401,,,,0.11,,,,,,,,,,,,9986.0,Oryctolagus cuniculus,Monodnaviria,Shotokuvirae,Cossaviricota,Quintoviricetes,Piccovirales,Parvoviridae,Parvovirinae,Bocaparvovirus,
Bocaparvovirus,1507401,,,,0.11,,,,,,,,,,,,9593.0,Gorilla gorilla,Monodnaviria,Shotokuvirae,Cossaviricota,Quintoviricetes,Piccovirales,Parvoviridae,Parvovirinae,Bocaparvovirus,
Bocaparvovirus,1507401,,,,0.11,,,,,,,,,,,,9825.0,Sus scrofa domesticus,Monodnaviria,Shotokuvirae,Cossaviricota,Quintoviricetes,Piccovirales,Parvoviridae,Parvovirinae,Bocaparvovirus,
Bocaparvovirus,1507401,,,,0.11,,,,,,,,,,,,9615.0,Canis lupus familiaris,Monodnaviria,Shotokuvirae,Cossaviricota,Quintoviricetes,Piccovirales,Parvoviridae,Parvovirinae,Bocaparvovirus,
Bocaparvovirus,1507401,,,,0.11,,,,,,,,,,,,9838.0,Camelus dromedarius,Monodnaviria,Shotokuvirae,Cossaviricota,Quintoviricetes,Piccovirales,Parvoviridae,Parvovirinae,Bocaparvovirus,
Bocaparvovirus,1507401,,,,0.11,,,,,,,,,,,,425934.0,Canis lupus signatus,Monodnaviria,Shotokuvirae,Cossaviricota,Quintoviricetes,Piccovirales,Parvoviridae,Parvovirinae,Bocaparvovirus,
Bocaparvovirus,1507401,,,,0.11,,,,,,,,,,,,9433.0,Miniopterus schreibersii,Monodnaviria,Shotokuvirae,Cossaviricota,Quintoviricetes,Piccovirales,Parvoviridae,Parvovirinae,Bocaparvovirus,
Bocaparvovirus,1507401,,,,0.11,,,,,,,,,,,,9666.0,Mustela lutreola,Monodnaviria,Shotokuvirae,Cossaviricota,Quintoviricetes,Piccovirales,Parvoviridae,Parvovirinae,Bocaparvovirus,
Bocaparvovirus,1507401,,,,0.11,,,,,,,,,,,,51298.0,Myotis myotis,Monodnaviria,Shotokuvirae,Cossaviricota,Quintoviricetes,Piccovirales,Parvoviridae,Parvovirinae,Bocaparvovirus,
Bocaparvovirus,1507401,,,,0.11,,,,,,,,,,,,9823.0,Sus scrofa,Monodnaviria,Shotokuvirae,Cossaviricota,Quintoviricetes,Piccovirales,Parvoviridae,Parvovirinae,Bocaparvovirus,
Bocaparvovirus,1507401,,,,0.11,,,,,,,,,,,,10116.0,Rattus norvegicus,Monodnaviria,Shotokuvirae,Cossaviricota,Quintoviricetes,Piccovirales,Parvoviridae,Parvovirinae,Bocaparvovirus,
Bocaparvovirus,1507401,,,,0.11,,,,,,,,,,,,159858.0,Rhinolophus pusillus,Monodnaviria,Shotokuvirae,Cossaviricota,Quintoviricetes,Piccovirales,Parvoviridae,Parvovirinae,Bocaparvovirus,
Bocaparvovirus,1507401,,,,0.11,,,,,,,,,,,,89399.0,Rhinolophus sinicus,Monodnaviria,Shotokuvirae,Cossaviricota,Quintoviricetes,Piccovirales,Parvoviridae,Parvovirinae,Bocaparvovirus,
Bocaparvovirus,1507401,,,,0.11,,,,,,,,,,,,399316.0,Necromys,Monodnaviria,Shotokuvirae,Cossaviricota,Quintoviricetes,Piccovirales,Parvoviridae,Parvovirinae,Bocaparvovirus,
Bocaparvovirus,1507401,,,,0.11,,,,,,,,,,,,9408.0,Rousettus leschenaultii,Monodnaviria,Shotokuvirae,Cossaviricota,Quintoviricetes,Piccovirales,Parvoviridae,Parvovirinae,Bocaparvovirus,
Bocaparvovirus,1507401,,,,0.11,,,,,,,,,,,,30538.0,Vicugna pacos,Monodnaviria,Shotokuvirae,Cossaviricota,Quintoviricetes,Piccovirales,Parvoviridae,Parvovirinae,Bocaparvovirus,
Gemycircularvirus,1542744,,0.4,0.22,2.18,,,,,,,,,,,0.73,9852.0,Alces alces,Monodnaviria,Shotokuvirae,Cressdnaviricota,Repensiviricetes,Geplafuvirales,Genomoviridae,Gemycircularvirus,Gemycircularvirus lepam1,
Gemycircularvirus,1542744,,0.4,0.22,2.18,,,,,,,,,,,0.73,77160.0,Dendroctonus brevicomis,Monodnaviria,Shotokuvirae,Cressdnaviricota,Repensiviricetes,Geplafuvirales,Genomoviridae,Gemycircularvirus,Gemycircularvirus denbre1,
Gemycircularvirus,1542744,,0.4,0.22,2.18,,,,,,,,,,,0.73,77166.0,Dendroctonus ponderosae,Monodnaviria,Shotokuvirae,Cressdnaviricota,Repensiviricetes,Geplafuvirales,Genomoviridae,Gemycircularvirus,Gemycircularvirus denpo1,
Gemycircularvirus,1542744,,0.4,0.22,2.18,,,,,,,,,,,0.73,7038.0,Bemisia tabaci,Monodnaviria,Shotokuvirae,Cressdnaviricota,Repensiviricetes,Geplafuvirales,Genomoviridae,Gemycircularvirus,Gemycircularvirus bemta1,
Gemycircularvirus,1542744,,0.4,0.22,2.18,,,,,,,,,,,0.73,9940.0,Ovis aries,Monodnaviria,Shotokuvirae,Cressdnaviricota,Repensiviricetes,Geplafuvirales,Genomoviridae,Gemycircularvirus,Gemycircularvirus blabi1,
Gemycircularvirus,1542744,,0.4,0.22,2.18,,,,,,,,,,,0.73,61017.0,Austrosimulium,Monodnaviria,Shotokuvirae,Cressdnaviricota,Repensiviricetes,Geplafuvirales,Genomoviridae,Gemycircularvirus,Gemycircularvirus austro1,
Gemycircularvirus,1542744,,0.4,0.22,2.18,,,,,,,,,,,0.73,52147.0,Bromus hordeaceus,Monodnaviria,Shotokuvirae,Cressdnaviricota,Repensiviricetes,Geplafuvirales,Genomoviridae,Gemycircularvirus,Gemycircularvirus bromas1,
Gemycircularvirus,1542744,,0.4,0.22,2.18,,,,,,,,,,,0.73,1.0,root,Monodnaviria,Shotokuvirae,Cressdnaviricota,Repensiviricetes,Geplafuvirales,Genomoviridae,Gemycircularvirus,Gemycircularvirus hydro1,
Gemycircularvirus,1542744,,0.4,0.22,2.18,,,,,,,,,,,0.73,3983.0,Manihot esculenta,Monodnaviria,Shotokuvirae,Cressdnaviricota,Repensiviricetes,Geplafuvirales,Genomoviridae,Gemycircularvirus,Gemycircularvirus cassa1,
Gemycircularvirus,1542744,,0.4,0.22,2.18,,,,,,,,,,,0.73,2909989.0,Citrus sp.,Monodnaviria,Shotokuvirae,Cressdnaviricota,Repensiviricetes,Geplafuvirales,Genomoviridae,Gemycircularvirus,Gemycircularvirus citas1,
Gemycircularvirus,1542744,,0.4,0.22,2.18,,,,,,,,,,,0.73,3885.0,Phaseolus vulgaris,Monodnaviria,Shotokuvirae,Cressdnaviricota,Repensiviricetes,Geplafuvirales,Genomoviridae,Gemycircularvirus,unclassified Gemycircularvirus,
Gemycircularvirus,1542744,,0.4,0.22,2.18,,,,,,,,,,,0.73,70384.0,Erythemis simplicicollis,Monodnaviria,Shotokuvirae,Cressdnaviricota,Repensiviricetes,Geplafuvirales,Genomoviridae,Gemycircularvirus,Gemycircularvirus draga1,
Gemycircularvirus,1542744,,0.4,0.22,2.18,,,,,,,,,,,0.73,212910.0,Euphorbia heterophylla,Monodnaviria,Shotokuvirae,Cressdnaviricota,Repensiviricetes,Geplafuvirales,Genomoviridae,Gemycircularvirus,Gemycircularvirus euhet1,
Gemycircularvirus,1542744,,0.4,0.22,2.18,,,,,,,,,,,0.73,9187.0,Turdus merula,Monodnaviria,Shotokuvirae,Cressdnaviricota,Repensiviricetes,Geplafuvirales,Genomoviridae,Gemycircularvirus,unclassified Gemycircularvirus,
Gemycircularvirus,1542744,,0.4,0.22,2.18,,,,,,,,,,,0.73,9031.0,Gallus gallus,Monodnaviria,Shotokuvirae,Cressdnaviricota,Repensiviricetes,Geplafuvirales,Genomoviridae,Gemycircularvirus,Gemycircularvirus chicas2,
Gemycircularvirus,1542744,,0.4,0.22,2.18,,,,,,,,,,,0.73,1114792.0,Equus ferus,Monodnaviria,Shotokuvirae,Cressdnaviricota,Repensiviricetes,Geplafuvirales,Genomoviridae,Gemycircularvirus,Gemycircularvirus equas1,
Gemycircularvirus,1542744,,0.4,0.22,2.18,,,,,,,,,,,0.73,9823.0,Sus scrofa,Monodnaviria,Shotokuvirae,Cressdnaviricota,Repensiviricetes,Geplafuvirales,Genomoviridae,Gemycircularvirus,Gemycircularvirus porci1,
Gemycircularvirus,1542744,,0.4,0.22,2.18,,,,,,,,,,,0.73,9913.0,Bos taurus,Monodnaviria,Shotokuvirae,Cressdnaviricota,Repensiviricetes,Geplafuvirales,Genomoviridae,Gemycircularvirus,Gemycircularvirus bovas1,
Gemycircularvirus,1542744,,0.4,0.22,2.18,,,,,,,,,,,0.73,30427.0,Haemorhous mexicanus,Monodnaviria,Shotokuvirae,Cressdnaviricota,Repensiviricetes,Geplafuvirales,Genomoviridae,Gemycircularvirus,Gemycircularvirus haeme1,
Gemycircularvirus,1542744,,0.4,0.22,2.18,,,,,,,,,,,0.73,29084.0,Arctocephalus forsteri,Monodnaviria,Shotokuvirae,Cressdnaviricota,Repensiviricetes,Geplafuvirales,Genomoviridae,Gemycircularvirus,Gemycircularvirus furse1,
Gemycircularvirus,1542744,,0.4,0.22,2.18,,,,,,,,,,,0.73,10114.0,Rattus,Monodnaviria,Shotokuvirae,Cressdnaviricota,Repensiviricetes,Geplafuvirales,Genomoviridae,Gemycircularvirus,Gemycircularvirus ratas1,
Gemycircularvirus,1542744,,0.4,0.22,2.18,,,,,,,,,,,0.73,10116.0,Rattus norvegicus,Monodnaviria,Shotokuvirae,Cressdnaviricota,Repensiviricetes,Geplafuvirales,Genomoviridae,Gemycircularvirus,Gemycircularvirus ratas1,
Gemycircularvirus,1542744,,0.4,0.22,2.18,,,,,,,,,,,0.73,9606.0,Homo sapiens,Monodnaviria,Shotokuvirae,Cressdnaviricota,Repensiviricetes,Geplafuvirales,Genomoviridae,Gemycircularvirus,unclassified Gemycircularvirus,
Gemycircularvirus,1542744,,0.4,0.22,2.18,,,,,,,,,,,0.73,30415.0,Grus japonensis,Monodnaviria,Shotokuvirae,Cressdnaviricota,Repensiviricetes,Geplafuvirales,Genomoviridae,Gemycircularvirus,unclassified Gemycircularvirus,
Gemycircularvirus,1542744,,0.4,0.22,2.18,,,,,,,,,,,0.73,246814.0,Pipistrellus pygmaeus,Monodnaviria,Shotokuvirae,Cressdnaviricota,Repensiviricetes,Geplafuvirales,Genomoviridae,Gemycircularvirus,unclassified Gemycircularvirus,
Gemycircularvirus,1542744,,0.4,0.22,2.18,,,,,,,,,,,0.73,1389957.0,Gerygone albofrontata,Monodnaviria,Shotokuvirae,Cressdnaviricota,Repensiviricetes,Geplafuvirales,Genomoviridae,Gemycircularvirus,Gemycircularvirus geras1,
Gemycircularvirus,1542744,,0.4,0.22,2.18,,,,,,,,,,,0.73,2850379.0,Eratigena duellica,Monodnaviria,Shotokuvirae,Cressdnaviricota,Repensiviricetes,Geplafuvirales,Genomoviridae,Gemycircularvirus,Gemycircularvirus erati1,
Gemycircularvirus,1542744,,0.4,0.22,2.18,,,,,,,,,,,0.73,9646.0,Ailuropoda melanoleuca,Monodnaviria,Shotokuvirae,Cressdnaviricota,Repensiviricetes,Geplafuvirales,Genomoviridae,Gemycircularvirus,unclassified Gemycircularvirus,
Gemycircularvirus,1542744,,0.4,0.22,2.18,,,,,,,,,,,0.73,282542.0,Hypericum japonicum,Monodnaviria,Shotokuvirae,Cressdnaviricota,Repensiviricetes,Geplafuvirales,Genomoviridae,Gemycircularvirus,Gemycircularvirus hypas1,
Gemycircularvirus,1542744,,0.4,0.22,2.18,,,,,,,,,,,0.73,9844.0,Lama glama,Monodnaviria,Shotokuvirae,Cressdnaviricota,Repensiviricetes,Geplafuvirales,Genomoviridae,Gemycircularvirus,Gemycircularvirus lamas1,
Gemycircularvirus,1542744,,0.4,0.22,2.18,,,,,,,,,,,0.73,48086.0,Lepus americanus,Monodnaviria,Shotokuvirae,Cressdnaviricota,Repensiviricetes,Geplafuvirales,Genomoviridae,Gemycircularvirus,Gemycircularvirus lepam3,
Gemycircularvirus,1542744,,0.4,0.22,2.18,,,,,,,,,,,0.73,425934.0,Canis lupus signatus,Monodnaviria,Shotokuvirae,Cressdnaviricota,Repensiviricetes,Geplafuvirales,Genomoviridae,Gemycircularvirus,Gemycircularvirus canlup1,
Gemycircularvirus,1542744,,0.4,0.22,2.18,,,,,,,,,,,0.73,61383.0,Lynx canadensis,Monodnaviria,Shotokuvirae,Cressdnaviricota,Repensiviricetes,Geplafuvirales,Genomoviridae,Gemycircularvirus,Gemycircularvirus lepa2,
Gemycircularvirus,1542744,,0.4,0.22,2.18,,,,,,,,,,,0.73,8839.0,Anas platyrhynchos,Monodnaviria,Shotokuvirae,Cressdnaviricota,Repensiviricetes,Geplafuvirales,Genomoviridae,Gemycircularvirus,Gemycircularvirus malas1,
Gemycircularvirus,1542744,,0.4,0.22,2.18,,,,,,,,,,,0.73,187007.0,Miniopterus fuliginosus,Monodnaviria,Shotokuvirae,Cressdnaviricota,Repensiviricetes,Geplafuvirales,Genomoviridae,Gemycircularvirus,Gemycircularvirus minio1,
Gemycircularvirus,1542744,,0.4,0.22,2.18,,,,,,,,,,,0.73,3673.0,Momordica charantia,Monodnaviria,Shotokuvirae,Cressdnaviricota,Repensiviricetes,Geplafuvirales,Genomoviridae,Gemycircularvirus,Gemycircularvirus mocha1,
Gemycircularvirus,1542744,,0.4,0.22,2.18,,,,,,,,,,,0.73,9700.0,Herpestes ichneumon,Monodnaviria,Shotokuvirae,Cressdnaviricota,Repensiviricetes,Geplafuvirales,Genomoviridae,Gemycircularvirus,Gemycircularvirus monas1,
Gemycircularvirus,1542744,,0.4,0.22,2.18,,,,,,,,,,,0.73,7157.0,Culicidae,Monodnaviria,Shotokuvirae,Cressdnaviricota,Repensiviricetes,Geplafuvirales,Genomoviridae,Gemycircularvirus,Gemycircularvirus mosqi1,
Gemycircularvirus,1542744,,0.4,0.22,2.18,,,,,,,,,,,0.73,537920.0,Clethrionomys rutilus,Monodnaviria,Shotokuvirae,Cressdnaviricota,Repensiviricetes,Geplafuvirales,Genomoviridae,Gemycircularvirus,Gemycircularvirus rebac1,
Gemycircularvirus,1542744,,0.4,0.22,2.18,,,,,,,,,,,0.73,79457.0,Ischnura posita,Monodnaviria,Shotokuvirae,Cressdnaviricota,Repensiviricetes,Geplafuvirales,Genomoviridae,Gemycircularvirus,Gemycircularvirus odona1,
Gemycircularvirus,1542744,,0.4,0.22,2.18,,,,,,,,,,,0.73,237662.0,Rhionaeschna multicolor,Monodnaviria,Shotokuvirae,Cressdnaviricota,Repensiviricetes,Geplafuvirales,Genomoviridae,Gemycircularvirus,Gemycircularvirus odona2,
Gemycircularvirus,1542744,,0.4,0.22,2.18,,,,,,,,,,,0.73,4145.0,Olea,Monodnaviria,Shotokuvirae,Cressdnaviricota,Repensiviricetes,Geplafuvirales,Genomoviridae,Gemycircularvirus,Gemycircularvirus oltre1,
Gemycircularvirus,1542744,,0.4,0.22,2.18,,,,,,,,,,,0.73,212256.0,Oxalis corniculata,Monodnaviria,Shotokuvirae,Cressdnaviricota,Repensiviricetes,Geplafuvirales,Genomoviridae,Gemycircularvirus,Gemycircularvirus oxcor1,
Gemycircularvirus,1542744,,0.4,0.22,2.18,,,,,,,,,,,0.73,77217.0,Pteropus tonganus,Monodnaviria,Shotokuvirae,Cressdnaviricota,Repensiviricetes,Geplafuvirales,Genomoviridae,Gemycircularvirus,Gemycircularvirus ptero1,
Gemycircularvirus,1542744,,0.4,0.22,2.18,,,,,,,,,,,0.73,4070.0,Solanaceae,Monodnaviria,Shotokuvirae,Cressdnaviricota,Repensiviricetes,Geplafuvirales,Genomoviridae,Gemycircularvirus,Gemycircularvirus solas1,
Gemycircularvirus,1542744,,0.4,0.22,2.18,,,,,,,,,,,0.73,136755.0,Willdenowia,Monodnaviria,Shotokuvirae,Cressdnaviricota,Repensiviricetes,Geplafuvirales,Genomoviridae,Gemycircularvirus,Gemycircularvirus willde1,
Gemycircularvirus,1542744,,0.4,0.22,2.18,,,,,,,,,,,0.73,3884.0,Phaseolus lunatus,Monodnaviria,Shotokuvirae,Cressdnaviricota,Repensiviricetes,Geplafuvirales,Genomoviridae,Gemycircularvirus,Gemycircularvirus legle1,
Gemycircularvirus,1542744,,0.4,0.22,2.18,,,,,,,,,,,0.73,267552.0,Salicornia perennis,Monodnaviria,Shotokuvirae,Cressdnaviricota,Repensiviricetes,Geplafuvirales,Genomoviridae,Gemycircularvirus,Gemycircularvirus sarpe1,
Gemycircularvirus,1542744,,0.4,0.22,2.18,,,,,,,,,,,0.73,133374.0,Dischisma,Monodnaviria,Shotokuvirae,Cressdnaviricota,Repensiviricetes,Geplafuvirales,Genomoviridae,Gemycircularvirus,Gemycircularvirus dichism1,
Gemycircularvirus,1542744,,0.4,0.22,2.18,,,,,,,,,,,0.73,140929.0,Lebeckia,Monodnaviria,Shotokuvirae,Cressdnaviricota,Repensiviricetes,Geplafuvirales,Genomoviridae,Gemycircularvirus,Gemycircularvirus lebec1,
Gemycircularvirus,1542744,,0.4,0.22,2.18,,,,,,,,,,,0.73,3366679.0,Asparagus sp.,Monodnaviria,Shotokuvirae,Cressdnaviricota,Repensiviricetes,Geplafuvirales,Genomoviridae,Gemycircularvirus,Gemycircularvirus aspar1,
Gemycircularvirus,1542744,,0.4,0.22,2.18,,,,,,,,,,,0.73,58643.0,Hypochaeris,Monodnaviria,Shotokuvirae,Cressdnaviricota,Repensiviricetes,Geplafuvirales,Genomoviridae,Gemycircularvirus,Gemycircularvirus trilo1,
Gemycircularvirus,1542744,,0.4,0.22,2.18,,,,,,,,,,,0.73,3446230.0,Opuntia sp.,Monodnaviria,Shotokuvirae,Cressdnaviricota,Repensiviricetes,Geplafuvirales,Genomoviridae,Gemycircularvirus,Gemycircularvirus opunt1,
Gemycircularvirus,1542744,,0.4,0.22,2.18,,,,,,,,,,,0.73,4479.0,Poaceae,Monodnaviria,Shotokuvirae,Cressdnaviricota,Repensiviricetes,Geplafuvirales,Genomoviridae,Gemycircularvirus,Gemycircularvirus poass1,
Gemycircularvirus,1542744,,0.4,0.22,2.18,,,,,,,,,,,0.73,240436.0,Urochloa deflexa,Monodnaviria,Shotokuvirae,Cressdnaviricota,Repensiviricetes,Geplafuvirales,Genomoviridae,Gemycircularvirus,Gemycircularvirus poass1,
Gemycircularvirus,1542744,,0.4,0.22,2.18,,,,,,,,,,,0.73,48891.0,Poecile atricapillus,Monodnaviria,Shotokuvirae,Cressdnaviricota,Repensiviricetes,Geplafuvirales,Genomoviridae,Gemycircularvirus,Gemycircularvirus chickad1,
Gemycircularvirus,1542744,,0.4,0.22,2.18,,,,,,,,,,,0.73,5180.0,Sclerotinia sclerotiorum,Monodnaviria,Shotokuvirae,Cressdnaviricota,Repensiviricetes,Geplafuvirales,Genomoviridae,Gemycircularvirus,Gemycircularvirus sclero1,
Gemycircularvirus,1542744,,0.4,0.22,2.18,,,,,,,,,,,0.73,1698887.0,Neriene litigiosa,Monodnaviria,Shotokuvirae,Cressdnaviricota,Repensiviricetes,Geplafuvirales,Genomoviridae,Gemycircularvirus,Gemycircularvirus siedo1,
Gemycircularvirus,1542744,,0.4,0.22,2.18,,,,,,,,,,,0.73,3847.0,Glycine max,Monodnaviria,Shotokuvirae,Cressdnaviricota,Repensiviricetes,Geplafuvirales,Genomoviridae,Gemycircularvirus,Gemycircularvirus soybe1,
Gemycircularvirus,1542744,,0.4,0.22,2.18,,,,,,,,,,,0.73,6893.0,Araneae,Monodnaviria,Shotokuvirae,Cressdnaviricota,Repensiviricetes,Geplafuvirales,Genomoviridae,Gemycircularvirus,Gemycircularvirus cybusi1,
Gemycircularvirus,1542744,,0.4,0.22,2.18,,,,,,,,,,,0.73,60587.0,Odontotermes,Monodnaviria,Shotokuvirae,Cressdnaviricota,Repensiviricetes,Geplafuvirales,Genomoviridae,Gemycircularvirus,Gemycircularvirus termi1,
Gemycircularvirus,1542744,,0.4,0.22,2.18,,,,,,,,,,,0.73,146804.0,Echinothrips americanus,Monodnaviria,Shotokuvirae,Cressdnaviricota,Repensiviricetes,Geplafuvirales,Genomoviridae,Gemycircularvirus,Gemycircularvirus echiam1,
Gemycircularvirus,1542744,,0.4,0.22,2.18,,,,,,,,,,,0.73,34621.0,Dermacentor variabilis,Monodnaviria,Shotokuvirae,Cressdnaviricota,Repensiviricetes,Geplafuvirales,Genomoviridae,Gemycircularvirus,Gemycircularvirus derva1,
Gemycircularvirus,1542744,,0.4,0.22,2.18,,,,,,,,,,,0.73,6945.0,Ixodes scapularis,Monodnaviria,Shotokuvirae,Cressdnaviricota,Repensiviricetes,Geplafuvirales,Genomoviridae,Gemycircularvirus,Gemycircularvirus ixode1,
Gemycircularvirus,1542744,,0.4,0.22,2.18,,,,,,,,,,,0.73,38772.0,Gopherus agassizii,Monodnaviria,Shotokuvirae,Cressdnaviricota,Repensiviricetes,Geplafuvirales,Genomoviridae,Gemycircularvirus,Gemycircularvirus gopha2,
Cheoctovirus,1623281,0.33,0.25,0.33,0.33,,,0.67,,,,,,,,,1763.0,Mycobacterium,Duplodnaviria,Heunggongvirae,Uroviricota,Caudoviricetes,Caudoviricetes incertae sedis,Cheoctovirus,unclassified Cheoctovirus,,dsDNA
Cheoctovirus,1623281,0.33,0.25,0.33,0.33,,,0.67,,,,,,,,,246196.0,Mycolicibacterium smegmatis MC2 155,Duplodnaviria,Heunggongvirae,Uroviricota,Caudoviricetes,Caudoviricetes incertae sedis,Cheoctovirus,unclassified Cheoctovirus,,dsDNA
Cheoctovirus,1623281,0.33,0.25,0.33,0.33,,,0.67,,,,,,,,,1763.0,Mycobacterium,Duplodnaviria,Heunggongvirae,Uroviricota,Caudoviricetes,Caudoviricetes incertae sedis,Cheoctovirus,Cheoctovirus arcusangelus,,dsDNA
Cheoctovirus,1623281,0.33,0.25,0.33,0.33,,,0.67,,,,,,,,,1763.0,Mycobacterium,Duplodnaviria,Heunggongvirae,Uroviricota,Caudoviricetes,Caudoviricetes incertae sedis,Cheoctovirus,Cheoctovirus ardmore,Mycobacterium virus Ardmore,dsDNA
Cheoctovirus,1623281,0.33,0.25,0.33,0.33,,,0.67,,,,,,,,,246196.0,Mycolicibacterium smegmatis MC2 155,Duplodnaviria,Heunggongvirae,Uroviricota,Caudoviricetes,Caudoviricetes incertae sedis,Cheoctovirus,Cheoctovirus batiatus,,dsDNA
Cheoctovirus,1623281,0.33,0.25,0.33,0.33,,,0.67,,,,,,,,,1763.0,Mycobacterium,Duplodnaviria,Heunggongvirae,Uroviricota,Caudoviricetes,Caudoviricetes incertae sedis,Cheoctovirus,Cheoctovirus blexus,,dsDNA
Cheoctovirus,1623281,0.33,0.25,0.33,0.33,,,0.67,,,,,,,,,246196.0,Mycolicibacterium smegmatis MC2 155,Duplodnaviria,Heunggongvirae,Uroviricota,Caudoviricetes,Caudoviricetes incertae sedis,Cheoctovirus,Cheoctovirus bobaphett,,dsDNA
Cheoctovirus,1623281,0.33,0.25,0.33,0.33,,,0.67,,,,,,,,,246196.0,Mycolicibacterium smegmatis MC2 155,Duplodnaviria,Heunggongvirae,Uroviricota,Caudoviricetes,Caudoviricetes incertae sedis,Cheoctovirus,Cheoctovirus bodeinwohner17,,dsDNA
Cheoctovirus,1623281,0.33,0.25,0.33,0.33,,,0.67,,,,,,,,,1763.0,Mycobacterium,Duplodnaviria,Heunggongvirae,Uroviricota,Caudoviricetes,Caudoviricetes incertae sedis,Cheoctovirus,Cheoctovirus boomer,Mycobacterium virus Boomer,dsDNA
Cheoctovirus,1623281,0.33,0.25,0.33,0.33,,,0.67,,,,,,,,,246196.0,Mycolicibacterium smegmatis MC2 155,Duplodnaviria,Heunggongvirae,Uroviricota,Caudoviricetes,Caudoviricetes incertae sedis,Cheoctovirus,Cheoctovirus boomer,Mycobacterium virus Boomer,dsDNA
Cheoctovirus,1623281,0.33,0.25,0.33,0.33,,,0.67,,,,,,,,,246196.0,Mycolicibacterium smegmatis MC2 155,Duplodnaviria,Heunggongvirae,Uroviricota,Caudoviricetes,Caudoviricetes incertae sedis,Cheoctovirus,Cheoctovirus bubbles123,,dsDNA
Cheoctovirus,1623281,0.33,0.25,0.33,0.33,,,0.67,,,,,,,,,246196.0,Mycolicibacterium smegmatis MC2 155,Duplodnaviria,Heunggongvirae,Uroviricota,Caudoviricetes,Caudoviricetes incertae sedis,Cheoctovirus,Cheoctovirus burwell21,,dsDNA
Cheoctovirus,1623281,0.33,0.25,0.33,0.33,,,0.67,,,,,,,,,246196.0,Mycolicibacterium smegmatis MC2 155,Duplodnaviria,Heunggongvirae,Uroviricota,Caudoviricetes,Caudoviricetes incertae sedis,Cheoctovirus,Cheoctovirus buzzlyseyear,,dsDNA
Cheoctovirus,1623281,0.33,0.25,0.33,0.33,,,0.67,,,,,,,,,246196.0,Mycolicibacterium smegmatis MC2 155,Duplodnaviria,Heunggongvirae,Uroviricota,Caudoviricetes,Caudoviricetes incertae sedis,Cheoctovirus,Cheoctovirus byougenkin,,dsDNA
Cheoctovirus,1623281,0.33,0.25,0.33,0.33,,,0.67,,,,,,,,,246196.0,Mycolicibacterium smegmatis MC2 155,Duplodnaviria,Heunggongvirae,Uroviricota,Caudoviricetes,Caudoviricetes incertae sedis,Cheoctovirus,Cheoctovirus captaintrips,,dsDNA
Cheoctovirus,1623281,0.33,0.25,0.33,0.33,,,0.67,,,,,,,,,1763.0,Mycobacterium,Duplodnaviria,Heunggongvirae,Uroviricota,Caudoviricetes,Caudoviricetes incertae sedis,Cheoctovirus,Cheoctovirus che8,Mycobacterium virus Che8,dsDNA
Cheoctovirus,1623281,0.33,0.25,0.33,0.33,,,0.67,,,,,,,,,246196.0,Mycolicibacterium smegmatis MC2 155,Duplodnaviria,Heunggongvirae,Uroviricota,Caudoviricetes,Caudoviricetes incertae sedis,Cheoctovirus,Cheoctovirus chuckly,,dsDNA
Cheoctovirus,1623281,0.33,0.25,0.33,0.33,,,0.67,,,,,,,,,246196.0,Mycolicibacterium smegmatis MC2 155,Duplodnaviria,Heunggongvirae,Uroviricota,Caudoviricetes,Caudoviricetes incertae sedis,Cheoctovirus,Cheoctovirus dante,,dsDNA
Cheoctovirus,1623281,0.33,0.25,0.33,0.33,,,0.67,,,,,,,,,246196.0,Mycolicibacterium smegmatis MC2 155,Duplodnaviria,Heunggongvirae,Uroviricota,Caudoviricetes,Caudoviricetes incertae sedis,Cheoctovirus,Cheoctovirus deadp,Mycobacterium virus DeadP,dsDNA
Cheoctovirus,1623281,0.33,0.25,0.33,0.33,,,0.67,,,,,,,,,246196.0,Mycolicibacterium smegmatis MC2 155,Duplodnaviria,Heunggongvirae,Uroviricota,Caudoviricetes,Caudoviricetes incertae sedis,Cheoctovirus,Cheoctovirus dilltech15,,dsDNA
Cheoctovirus,1623281,0.33,0.25,0.33,0.33,,,0.67,,,,,,,,,1763.0,Mycobacterium,Duplodnaviria,Heunggongvirae,Uroviricota,Caudoviricetes,Caudoviricetes incertae sedis,Cheoctovirus,Cheoctovirus drago,Mycobacterium virus Drago,dsDNA
Cheoctovirus,1623281,0.33,0.25,0.33,0.33,,,0.67,,,,,,,,,246196.0,Mycolicibacterium smegmatis MC2 155,Duplodnaviria,Heunggongvirae,Uroviricota,Caudoviricetes,Caudoviricetes incertae sedis,Cheoctovirus,Cheoctovirus dlane,Mycobacterium virus Dlane,dsDNA
Cheoctovirus,1623281,0.33,0.25,0.33,0.33,,,0.67,,,,,,,,,246196.0,Mycolicibacterium smegmatis MC2 155,Duplodnaviria,Heunggongvirae,Uroviricota,Caudoviricetes,Caudoviricetes incertae sedis,Cheoctovirus,Cheoctovirus donkeykong,,dsDNA
Cheoctovirus,1623281,0.33,0.25,0.33,0.33,,,0.67,,,,,,,,,246196.0,Mycolicibacterium smegmatis MC2 155,Duplodnaviria,Heunggongvirae,Uroviricota,Caudoviricetes,Caudoviricetes incertae sedis,Cheoctovirus,Cheoctovirus dorothy,Mycobacterium virus Dorothy,dsDNA
Cheoctovirus,1623281,0.33,0.25,0.33,0.33,,,0.67,,,,,,,,,246196.0,Mycolicibacterium smegmatis MC2 155,Duplodnaviria,Heunggongvirae,Uroviricota,Caudoviricetes,Caudoviricetes incertae sedis,Cheoctovirus,Cheoctovirus dotproduct,Mycobacterium virus DotProduct,dsDNA
Cheoctovirus,1623281,0.33,0.25,0.33,0.33,,,0.67,,,,,,,,,1763.0,Mycobacterium,Duplodnaviria,Heunggongvirae,Uroviricota,Caudoviricetes,Caudoviricetes incertae sedis,Cheoctovirus,Cheoctovirus doug,,dsDNA
Cheoctovirus,1623281,0.33,0.25,0.33,0.33,,,0.67,,,,,,,,,246196.0,Mycolicibacterium smegmatis MC2 155,Duplodnaviria,Heunggongvirae,Uroviricota,Caudoviricetes,Caudoviricetes incertae sedis,Cheoctovirus,Cheoctovirus drago,Mycobacterium virus Drago,dsDNA
Cheoctovirus,1623281,0.33,0.25,0.33,0.33,,,0.67,,,,,,,,,1763.0,Mycobacterium,Duplodnaviria,Heunggongvirae,Uroviricota,Caudoviricetes,Caudoviricetes incertae sedis,Cheoctovirus,Cheoctovirus DRBy19,,dsDNA
Cheoctovirus,1623281,0.33,0.25,0.33,0.33,,,0.67,,,,,,,,,246196.0,Mycolicibacterium smegmatis MC2 155,Duplodnaviria,Heunggongvirae,Uroviricota,Caudoviricetes,Caudoviricetes incertae sedis,Cheoctovirus,Cheoctovirus eish,,dsDNA
Cheoctovirus,1623281,0.33,0.25,0.33,0.33,,,0.67,,,,,,,,,1763.0,Mycobacterium,Duplodnaviria,Heunggongvirae,Uroviricota,Caudoviricetes,Caudoviricetes incertae sedis,Cheoctovirus,Cheoctovirus eleanorgeorge,,dsDNA
Cheoctovirus,1623281,0.33,0.25,0.33,0.33,,,0.67,,,,,,,,,246196.0,Mycolicibacterium smegmatis MC2 155,Duplodnaviria,Heunggongvirae,Uroviricota,Caudoviricetes,Caudoviricetes incertae sedis,Cheoctovirus,Cheoctovirus emma,,dsDNA
Cheoctovirus,1623281,0.33,0.25,0.33,0.33,,,0.67,,,,,,,,,246196.0,Mycolicibacterium smegmatis MC2 155,Duplodnaviria,Heunggongvirae,Uroviricota,Caudoviricetes,Caudoviricetes incertae sedis,Cheoctovirus,Cheoctovirus empress,,dsDNA
Cheoctovirus,1623281,0.33,0.25,0.33,0.33,,,0.67,,,,,,,,,246196.0,Mycolicibacterium smegmatis MC2 155,Duplodnaviria,Heunggongvirae,Uroviricota,Caudoviricetes,Caudoviricetes incertae sedis,Cheoctovirus,Cheoctovirus estave1,,dsDNA
Cheoctovirus,1623281,0.33,0.25,0.33,0.33,,,0.67,,,,,,,,,246196.0,Mycolicibacterium smegmatis MC2 155,Duplodnaviria,Heunggongvirae,Uroviricota,Caudoviricetes,Caudoviricetes incertae sedis,Cheoctovirus,Cheoctovirus fancypants,,dsDNA
Cheoctovirus,1623281,0.33,0.25,0.33,0.33,,,0.67,,,,,,,,,246196.0,Mycolicibacterium smegmatis MC2 155,Duplodnaviria,Heunggongvirae,Uroviricota,Caudoviricetes,Caudoviricetes incertae sedis,Cheoctovirus,Cheoctovirus filuzino,,dsDNA
Cheoctovirus,1623281,0.33,0.25,0.33,0.33,,,0.67,,,,,,,,,1763.0,Mycobacterium,Duplodnaviria,Heunggongvirae,Uroviricota,Caudoviricetes,Caudoviricetes incertae sedis,Cheoctovirus,Cheoctovirus firehouse51,,dsDNA
Cheoctovirus,1623281,0.33,0.25,0.33,0.33,,,0.67,,,,,,,,,1763.0,Mycobacterium,Duplodnaviria,Heunggongvirae,Uroviricota,Caudoviricetes,Caudoviricetes incertae sedis,Cheoctovirus,Cheoctovirus florinda,,dsDNA
Cheoctovirus,1623281,0.33,0.25,0.33,0.33,,,0.67,,,,,,,,,246196.0,Mycolicibacterium smegmatis MC2 155,Duplodnaviria,Heunggongvirae,Uroviricota,Caudoviricetes,Caudoviricetes incertae sedis,Cheoctovirus,Cheoctovirus florinda,,dsDNA
Cheoctovirus,1623281,0.33,0.25,0.33,0.33,,,0.67,,,,,,,,,1771.0,Mycolicibacterium phlei,Duplodnaviria,Heunggongvirae,Uroviricota,Caudoviricetes,Caudoviricetes incertae sedis,Cheoctovirus,unclassified Cheoctovirus,,dsDNA
Cheoctovirus,1623281,0.33,0.25,0.33,0.33,,,0.67,,,,,,,,,246196.0,Mycolicibacterium smegmatis MC2 155,Duplodnaviria,Heunggongvirae,Uroviricota,Caudoviricetes,Caudoviricetes incertae sedis,Cheoctovirus,Cheoctovirus fruitloop,Mycobacterium virus Fruitloop,dsDNA
Cheoctovirus,1623281,0.33,0.25,0.33,0.33,,,0.67,,,,,,,,,246196.0,Mycolicibacterium smegmatis MC2 155,Duplodnaviria,Heunggongvirae,Uroviricota,Caudoviricetes,Caudoviricetes incertae sedis,Cheoctovirus,Cheoctovirus galactic,,dsDNA
Cheoctovirus,1623281,0.33,0.25,0.33,0.33,,,0.67,,,,,,,,,246196.0,Mycolicibacterium smegmatis MC2 155,Duplodnaviria,Heunggongvirae,Uroviricota,Caudoviricetes,Caudoviricetes incertae sedis,Cheoctovirus,Cheoctovirus gandalph,,dsDNA
Cheoctovirus,1623281,0.33,0.25,0.33,0.33,,,0.67,,,,,,,,,246196.0,Mycolicibacterium smegmatis MC2 155,Duplodnaviria,Heunggongvirae,Uroviricota,Caudoviricetes,Caudoviricetes incertae sedis,Cheoctovirus,Cheoctovirus geralt,,dsDNA
Cheoctovirus,1623281,0.33,0.25,0.33,0.33,,,0.67,,,,,,,,,246196.0,Mycolicibacterium smegmatis MC2 155,Duplodnaviria,Heunggongvirae,Uroviricota,Caudoviricetes,Caudoviricetes incertae sedis,Cheoctovirus,Cheoctovirus girr,,dsDNA
Cheoctovirus,1623281,0.33,0.25,0.33,0.33,,,0.67,,,,,,,,,1763.0,Mycobacterium,Duplodnaviria,Heunggongvirae,Uroviricota,Caudoviricetes,Caudoviricetes incertae sedis,Cheoctovirus,Cheoctovirus gorge,,dsDNA
Cheoctovirus,1623281,0.33,0.25,0.33,0.33,,,0.67,,,,,,,,,246196.0,Mycolicibacterium smegmatis MC2 155,Duplodnaviria,Heunggongvirae,Uroviricota,Caudoviricetes,Caudoviricetes incertae sedis,Cheoctovirus,Cheoctovirus gumbie,Mycobacterium virus GUmbie,dsDNA
Cheoctovirus,1623281,0.33,0.25,0.33,0.33,,,0.67,,,,,,,,,246196.0,Mycolicibacterium smegmatis MC2 155,Duplodnaviria,Heunggongvirae,Uroviricota,Caudoviricetes,Caudoviricetes incertae sedis,Cheoctovirus,Cheoctovirus hades,,dsDNA
Cheoctovirus,1623281,0.33,0.25,0.33,0.33,,,0.67,,,,,,,,,1763.0,Mycobacterium,Duplodnaviria,Heunggongvirae,Uroviricota,Caudoviricetes,Caudoviricetes incertae sedis,Cheoctovirus,Cheoctovirus hamulus,,dsDNA
Cheoctovirus,1623281,0.33,0.25,0.33,0.33,,,0.67,,,,,,,,,246196.0,Mycolicibacterium smegmatis MC2 155,Duplodnaviria,Heunggongvirae,Uroviricota,Caudoviricetes,Caudoviricetes incertae sedis,Cheoctovirus,Cheoctovirus hamulus,,dsDNA
Cheoctovirus,1623281,0.33,0.25,0.33,0.33,,,0.67,,,,,,,,,246196.0,Mycolicibacterium smegmatis MC2 155,Duplodnaviria,Heunggongvirae,Uroviricota,Caudoviricetes,Caudoviricetes incertae sedis,Cheoctovirus,Cheoctovirus harley,,dsDNA
Cheoctovirus,1623281,0.33,0.25,0.33,0.33,,,0.67,,,,,,,,,1763.0,Mycobacterium,Duplodnaviria,Heunggongvirae,Uroviricota,Caudoviricetes,Caudoviricetes incertae sedis,Cheoctovirus,Cheoctovirus hlubikazi,,dsDNA
Cheoctovirus,1623281,0.33,0.25,0.33,0.33,,,0.67,,,,,,,,,246196.0,Mycolicibacterium smegmatis MC2 155,Duplodnaviria,Heunggongvirae,Uroviricota,Caudoviricetes,Caudoviricetes incertae sedis,Cheoctovirus,Cheoctovirus ibhubesi,Mycobacterium virus Ibhubesi,dsDNA
Cheoctovirus,1623281,0.33,0.25,0.33,0.33,,,0.67,,,,,,,,,246196.0,Mycolicibacterium smegmatis MC2 155,Duplodnaviria,Heunggongvirae,Uroviricota,Caudoviricetes,Caudoviricetes incertae sedis,Cheoctovirus,Cheoctovirus inventum,,dsDNA
Cheoctovirus,1623281,0.33,0.25,0.33,0.33,,,0.67,,,,,,,,,1763.0,Mycobacterium,Duplodnaviria,Heunggongvirae,Uroviricota,Caudoviricetes,Caudoviricetes incertae sedis,Cheoctovirus,Cheoctovirus joeyjr,,dsDNA
Cheoctovirus,1623281,0.33,0.25,0.33,0.33,,,0.67,,,,,,,,,246196.0,Mycolicibacterium smegmatis MC2 155,Duplodnaviria,Heunggongvirae,Uroviricota,Caudoviricetes,Caudoviricetes incertae sedis,Cheoctovirus,Cheoctovirus kersh,,dsDNA
Cheoctovirus,1623281,0.33,0.25,0.33,0.33,,,0.67,,,,,,,,,246196.0,Mycolicibacterium smegmatis MC2 155,Duplodnaviria,Heunggongvirae,Uroviricota,Caudoviricetes,Caudoviricetes incertae sedis,Cheoctovirus,Cheoctovirus kimberlium,,dsDNA
Cheoctovirus,1623281,0.33,0.25,0.33,0.33,,,0.67,,,,,,,,,246196.0,Mycolicibacterium smegmatis MC2 155,Duplodnaviria,Heunggongvirae,Uroviricota,Caudoviricetes,Caudoviricetes incertae sedis,Cheoctovirus,Cheoctovirus krakatau,,dsDNA
Cheoctovirus,1623281,0.33,0.25,0.33,0.33,,,0.67,,,,,,,,,246196.0,Mycolicibacterium smegmatis MC2 155,Duplodnaviria,Heunggongvirae,Uroviricota,Caudoviricetes,Caudoviricetes incertae sedis,Cheoctovirus,Cheoctovirus kristaram,,dsDNA
Cheoctovirus,1623281,0.33,0.25,0.33,0.33,,,0.67,,,,,,,,,1763.0,Mycobacterium,Duplodnaviria,Heunggongvirae,Uroviricota,Caudoviricetes,Caudoviricetes incertae sedis,Cheoctovirus,Cheoctovirus lilmoolah,,dsDNA
Cheoctovirus,1623281,0.33,0.25,0.33,0.33,,,0.67,,,,,,,,,246196.0,Mycolicibacterium smegmatis MC2 155,Duplodnaviria,Heunggongvirae,Uroviricota,Caudoviricetes,Caudoviricetes incertae sedis,Cheoctovirus,Cheoctovirus lizziana,,dsDNA
Cheoctovirus,1623281,0.33,0.25,0.33,0.33,,,0.67,,,,,,,,,1763.0,Mycobacterium,Duplodnaviria,Heunggongvirae,Uroviricota,Caudoviricetes,Caudoviricetes incertae sedis,Cheoctovirus,Cheoctovirus llij,Mycobacterium virus Llij,dsDNA
Cheoctovirus,1623281,0.33,0.25,0.33,0.33,,,0.67,,,,,,,,,246196.0,Mycolicibacterium smegmatis MC2 155,Duplodnaviria,Heunggongvirae,Uroviricota,Caudoviricetes,Caudoviricetes incertae sedis,Cheoctovirus,Cheoctovirus mahavrat,,dsDNA
Cheoctovirus,1623281,0.33,0.25,0.33,0.33,,,0.67,,,,,,,,,246196.0,Mycolicibacterium smegmatis MC2 155,Duplodnaviria,Heunggongvirae,Uroviricota,Caudoviricetes,Caudoviricetes incertae sedis,Cheoctovirus,Cheoctovirus mantra,,dsDNA
Cheoctovirus,1623281,0.33,0.25,0.33,0.33,,,0.67,,,,,,,,,246196.0,Mycolicibacterium smegmatis MC2 155,Duplodnaviria,Heunggongvirae,Uroviricota,Caudoviricetes,Caudoviricetes incertae sedis,Cheoctovirus,Cheoctovirus mattes,,dsDNA
Cheoctovirus,1623281,0.33,0.25,0.33,0.33,,,0.67,,,,,,,,,1772.0,Mycolicibacterium smegmatis,Duplodnaviria,Heunggongvirae,Uroviricota,Caudoviricetes,Caudoviricetes incertae sedis,Cheoctovirus,unclassified Cheoctovirus,,dsDNA
Cheoctovirus,1623281,0.33,0.25,0.33,0.33,,,0.67,,,,,,,,,246196.0,Mycolicibacterium smegmatis MC2 155,Duplodnaviria,Heunggongvirae,Uroviricota,Caudoviricetes,Caudoviricetes incertae sedis,Cheoctovirus,Cheoctovirus melissauren88,,dsDNA
Cheoctovirus,1623281,0.33,0.25,0.33,0.33,,,0.67,,,,,,,,,246196.0,Mycolicibacterium smegmatis MC2 155,Duplodnaviria,Heunggongvirae,Uroviricota,Caudoviricetes,Caudoviricetes incertae sedis,Cheoctovirus,Cheoctovirus milleniumforce,,dsDNA
Cheoctovirus,1623281,0.33,0.25,0.33,0.33,,,0.67,,,,,,,,,246196.0,Mycolicibacterium smegmatis MC2 155,Duplodnaviria,Heunggongvirae,Uroviricota,Caudoviricetes,Caudoviricetes incertae sedis,Cheoctovirus,Cheoctovirus miniondave,,dsDNA
Cheoctovirus,1623281,0.33,0.25,0.33,0.33,,,0.67,,,,,,,,,246196.0,Mycolicibacterium smegmatis MC2 155,Duplodnaviria,Heunggongvirae,Uroviricota,Caudoviricetes,Caudoviricetes incertae sedis,Cheoctovirus,Cheoctovirus minnie,,dsDNA
Cheoctovirus,1623281,0.33,0.25,0.33,0.33,,,0.67,,,,,,,,,1763.0,Mycobacterium,Duplodnaviria,Heunggongvirae,Uroviricota,Caudoviricetes,Caudoviricetes incertae sedis,Cheoctovirus,Cheoctovirus moonbeam,,dsDNA
Cheoctovirus,1623281,0.33,0.25,0.33,0.33,,,0.67,,,,,,,,,246196.0,Mycolicibacterium smegmatis MC2 155,Duplodnaviria,Heunggongvirae,Uroviricota,Caudoviricetes,Caudoviricetes incertae sedis,Cheoctovirus,Cheoctovirus mozy,Mycobacterium virus Mozy,dsDNA
Cheoctovirus,1623281,0.33,0.25,0.33,0.33,,,0.67,,,,,,,,,246196.0,Mycolicibacterium smegmatis MC2 155,Duplodnaviria,Heunggongvirae,Uroviricota,Caudoviricetes,Caudoviricetes incertae sedis,Cheoctovirus,Cheoctovirus mutaforma13,Mycobacterium virus Mutaforma13,dsDNA
Cheoctovirus,1623281,0.33,0.25,0.33,0.33,,,0.67,,,,,,,,,1763.0,Mycobacterium,Duplodnaviria,Heunggongvirae,Uroviricota,Caudoviricetes,Caudoviricetes incertae sedis,Cheoctovirus,Cheoctovirus nitzel,,dsDNA
Cheoctovirus,1623281,0.33,0.25,0.33,0.33,,,0.67,,,,,,,,,246196.0,Mycolicibacterium smegmatis MC2 155,Duplodnaviria,Heunggongvirae,Uroviricota,Caudoviricetes,Caudoviricetes incertae sedis,Cheoctovirus,Cheoctovirus nivrat,,dsDNA
Cheoctovirus,1623281,0.33,0.25,0.33,0.33,,,0.67,,,,,,,,,246196.0,Mycolicibacterium smegmatis MC2 155,Duplodnaviria,Heunggongvirae,Uroviricota,Caudoviricetes,Caudoviricetes incertae sedis,Cheoctovirus,Cheoctovirus ochi17,,dsDNA
Cheoctovirus,1623281,0.33,0.25,0.33,0.33,,,0.67,,,,,,,,,246196.0,Mycolicibacterium smegmatis MC2 155,Duplodnaviria,Heunggongvirae,Uroviricota,Caudoviricetes,Caudoviricetes incertae sedis,Cheoctovirus,Cheoctovirus oldben,,dsDNA
Cheoctovirus,1623281,0.33,0.25,0.33,0.33,,,0.67,,,,,,,,,1763.0,Mycobacterium,Duplodnaviria,Heunggongvirae,Uroviricota,Caudoviricetes,Caudoviricetes incertae sedis,Cheoctovirus,Cheoctovirus olympiasaint,,dsDNA
Cheoctovirus,1623281,0.33,0.25,0.33,0.33,,,0.67,,,,,,,,,246196.0,Mycolicibacterium smegmatis MC2 155,Duplodnaviria,Heunggongvirae,Uroviricota,Caudoviricetes,Caudoviricetes incertae sedis,Cheoctovirus,Cheoctovirus ovechkin,,dsDNA
Cheoctovirus,1623281,0.33,0.25,0.33,0.33,,,0.67,,,,,,,,,246196.0,Mycolicibacterium smegmatis MC2 155,Duplodnaviria,Heunggongvirae,Uroviricota,Caudoviricetes,Caudoviricetes incertae sedis,Cheoctovirus,Cheoctovirus owlsT2W,,dsDNA
Cheoctovirus,1623281,0.33,0.25,0.33,0.33,,,0.67,,,,,,,,,246196.0,Mycolicibacterium smegmatis MC2 155,Duplodnaviria,Heunggongvirae,Uroviricota,Caudoviricetes,Caudoviricetes incertae sedis,Cheoctovirus,Cheoctovirus pacc40,Mycobacterium virus Pacc40,dsDNA
Cheoctovirus,1623281,0.33,0.25,0.33,0.33,,,0.67,,,,,,,,,246196.0,Mycolicibacterium smegmatis MC2 155,Duplodnaviria,Heunggongvirae,Uroviricota,Caudoviricetes,Caudoviricetes incertae sedis,Cheoctovirus,Cheoctovirus shauna1,Mycobacterium virus Shauna1,dsDNA
Cheoctovirus,1623281,0.33,0.25,0.33,0.33,,,0.67,,,,,,,,,246196.0,Mycolicibacterium smegmatis MC2 155,Duplodnaviria,Heunggongvirae,Uroviricota,Caudoviricetes,Caudoviricetes incertae sedis,Cheoctovirus,Cheoctovirus phasih,,dsDNA
Cheoctovirus,1623281,0.33,0.25,0.33,0.33,,,0.67,,,,,,,,,246196.0,Mycolicibacterium smegmatis MC2 155,Duplodnaviria,Heunggongvirae,Uroviricota,Caudoviricetes,Caudoviricetes incertae sedis,Cheoctovirus,Cheoctovirus phatniss,,dsDNA
Cheoctovirus,1623281,0.33,0.25,0.33,0.33,,,0.67,,,,,,,,,1763.0,Mycobacterium,Duplodnaviria,Heunggongvirae,Uroviricota,Caudoviricetes,Caudoviricetes incertae sedis,Cheoctovirus,Cheoctovirus plumbus,,dsDNA
Cheoctovirus,1623281,0.33,0.25,0.33,0.33,,,0.67,,,,,,,,,1763.0,Mycobacterium,Duplodnaviria,Heunggongvirae,Uroviricota,Caudoviricetes,Caudoviricetes incertae sedis,Cheoctovirus,Cheoctovirus PMC,Mycobacterium virus PMC,dsDNA
Cheoctovirus,1623281,0.33,0.25,0.33,0.33,,,0.67,,,,,,,,,246196.0,Mycolicibacterium smegmatis MC2 155,Duplodnaviria,Heunggongvirae,Uroviricota,Caudoviricetes,Caudoviricetes incertae sedis,Cheoctovirus,Cheoctovirus poenanya,,dsDNA
Cheoctovirus,1623281,0.33,0.25,0.33,0.33,,,0.67,,,,,,,,,246196.0,Mycolicibacterium smegmatis MC2 155,Duplodnaviria,Heunggongvirae,Uroviricota,Caudoviricetes,Caudoviricetes incertae sedis,Cheoctovirus,Cheoctovirus polka14,,dsDNA
Cheoctovirus,1623281,0.33,0.25,0.33,0.33,,,0.67,,,,,,,,,246196.0,Mycolicibacterium smegmatis MC2 155,Duplodnaviria,Heunggongvirae,Uroviricota,Caudoviricetes,Caudoviricetes incertae sedis,Cheoctovirus,Cheoctovirus poptart,,dsDNA
Cheoctovirus,1623281,0.33,0.25,0.33,0.33,,,0.67,,,,,,,,,246196.0,Mycolicibacterium smegmatis MC2 155,Duplodnaviria,Heunggongvirae,Uroviricota,Caudoviricetes,Caudoviricetes incertae sedis,Cheoctovirus,Cheoctovirus priscilla,,dsDNA
Cheoctovirus,1623281,0.33,0.25,0.33,0.33,,,0.67,,,,,,,,,1763.0,Mycobacterium,Duplodnaviria,Heunggongvirae,Uroviricota,Caudoviricetes,Caudoviricetes incertae sedis,Cheoctovirus,Cheoctovirus quickmath,,dsDNA
Cheoctovirus,1623281,0.33,0.25,0.33,0.33,,,0.67,,,,,,,,,246196.0,Mycolicibacterium smegmatis MC2 155,Duplodnaviria,Heunggongvirae,Uroviricota,Caudoviricetes,Caudoviricetes incertae sedis,Cheoctovirus,Cheoctovirus ramsey,Mycobacterium virus Ramsey,dsDNA
Cheoctovirus,1623281,0.33,0.25,0.33,0.33,,,0.67,,,,,,,,,246196.0,Mycolicibacterium smegmatis MC2 155,Duplodnaviria,Heunggongvirae,Uroviricota,Caudoviricetes,Caudoviricetes incertae sedis,Cheoctovirus,Cheoctovirus ritaG,,dsDNA
Cheoctovirus,1623281,0.33,0.25,0.33,0.33,,,0.67,,,,,,,,,246196.0,Mycolicibacterium smegmatis MC2 155,Duplodnaviria,Heunggongvirae,Uroviricota,Caudoviricetes,Caudoviricetes incertae sedis,Cheoctovirus,Cheoctovirus rockyhorror,Mycobacterium virus RockyHorror,dsDNA
Cheoctovirus,1623281,0.33,0.25,0.33,0.33,,,0.67,,,,,,,,,246196.0,Mycolicibacterium smegmatis MC2 155,Duplodnaviria,Heunggongvirae,Uroviricota,Caudoviricetes,Caudoviricetes incertae sedis,Cheoctovirus,Cheoctovirus royals2015,,dsDNA
Cheoctovirus,1623281,0.33,0.25,0.33,0.33,,,0.67,,,,,,,,,246196.0,Mycolicibacterium smegmatis MC2 155,Duplodnaviria,Heunggongvirae,Uroviricota,Caudoviricetes,Caudoviricetes incertae sedis,Cheoctovirus,Cheoctovirus saal,,dsDNA
Cheoctovirus,1623281,0.33,0.25,0.33,0.33,,,0.67,,,,,,,,,246196.0,Mycolicibacterium smegmatis MC2 155,Duplodnaviria,Heunggongvirae,Uroviricota,Caudoviricetes,Caudoviricetes incertae sedis,Cheoctovirus,Cheoctovirus sandalphon,,dsDNA
Cheoctovirus,1623281,0.33,0.25,0.33,0.33,,,0.67,,,,,,,,,246196.0,Mycolicibacterium smegmatis MC2 155,Duplodnaviria,Heunggongvirae,Uroviricota,Caudoviricetes,Caudoviricetes incertae sedis,Cheoctovirus,Cheoctovirus SG4,Mycobacterium virus SG4,dsDNA
Cheoctovirus,1623281,0.33,0.25,0.33,0.33,,,0.67,,,,,,,,,246196.0,Mycolicibacterium smegmatis MC2 155,Duplodnaviria,Heunggongvirae,Uroviricota,Caudoviricetes,Caudoviricetes incertae sedis,Cheoctovirus,Cheoctovirus shilan,Mycobacterium virus Shilan,dsDNA
Cheoctovirus,1623281,0.33,0.25,0.33,0.33,,,0.67,,,,,,,,,246196.0,Mycolicibacterium smegmatis MC2 155,Duplodnaviria,Heunggongvirae,Uroviricota,Caudoviricetes,Caudoviricetes incertae sedis,Cheoctovirus,Cheoctovirus sisi,,dsDNA
Cheoctovirus,1623281,0.33,0.25,0.33,0.33,,,0.67,,,,,,,,,246196.0,Mycolicibacterium smegmatis MC2 155,Duplodnaviria,Heunggongvirae,Uroviricota,Caudoviricetes,Caudoviricetes incertae sedis,Cheoctovirus,Cheoctovirus sparkdehlily,,dsDNA
Cheoctovirus,1623281,0.33,0.25,0.33,0.33,,,0.67,,,,,,,,,246196.0,Mycolicibacterium smegmatis MC2 155,Duplodnaviria,Heunggongvirae,Uroviricota,Caudoviricetes,Caudoviricetes incertae sedis,Cheoctovirus,Cheoctovirus spartacus,Mycobacterium virus Spartacus,dsDNA
Cheoctovirus,1623281,0.33,0.25,0.33,0.33,,,0.67,,,,,,,,,1763.0,Mycobacterium,Duplodnaviria,Heunggongvirae,Uroviricota,Caudoviricetes,Caudoviricetes incertae sedis,Cheoctovirus,Cheoctovirus spikelee,,dsDNA
Cheoctovirus,1623281,0.33,0.25,0.33,0.33,,,0.67,,,,,,,,,246196.0,Mycolicibacterium smegmatis MC2 155,Duplodnaviria,Heunggongvirae,Uroviricota,Caudoviricetes,Caudoviricetes incertae sedis,Cheoctovirus,Cheoctovirus spoonbill,,dsDNA
Cheoctovirus,1623281,0.33,0.25,0.33,0.33,,,0.67,,,,,,,,,246196.0,Mycolicibacterium smegmatis MC2 155,Duplodnaviria,Heunggongvirae,Uroviricota,Caudoviricetes,Caudoviricetes incertae sedis,Cheoctovirus,Cheoctovirus supergrey,,dsDNA
Cheoctovirus,1623281,0.33,0.25,0.33,0.33,,,0.67,,,,,,,,,1763.0,Mycobacterium,Duplodnaviria,Heunggongvirae,Uroviricota,Caudoviricetes,Caudoviricetes incertae sedis,Cheoctovirus,Cheoctovirus swagpigglett,,dsDNA
Cheoctovirus,1623281,0.33,0.25,0.33,0.33,,,0.67,,,,,,,,,246196.0,Mycolicibacterium smegmatis MC2 155,Duplodnaviria,Heunggongvirae,Uroviricota,Caudoviricetes,Caudoviricetes incertae sedis,Cheoctovirus,Cheoctovirus taj,Mycobacterium virus Taj,dsDNA
Cheoctovirus,1623281,0.33,0.25,0.33,0.33,,,0.67,,,,,,,,,1763.0,Mycobacterium,Duplodnaviria,Heunggongvirae,Uroviricota,Caudoviricetes,Caudoviricetes incertae sedis,Cheoctovirus,Cheoctovirus tweety,Mycobacterium virus Tweety,dsDNA
Cheoctovirus,1623281,0.33,0.25,0.33,0.33,,,0.67,,,,,,,,,246196.0,Mycolicibacterium smegmatis MC2 155,Duplodnaviria,Heunggongvirae,Uroviricota,Caudoviricetes,Caudoviricetes incertae sedis,Cheoctovirus,Cheoctovirus veteran,,dsDNA
Cheoctovirus,1623281,0.33,0.25,0.33,0.33,,,0.67,,,,,,,,,246196.0,Mycolicibacterium smegmatis MC2 155,Duplodnaviria,Heunggongvirae,Uroviricota,Caudoviricetes,Caudoviricetes incertae sedis,Cheoctovirus,Cheoctovirus wachhund,,dsDNA
Cheoctovirus,1623281,0.33,0.25,0.33,0.33,,,0.67,,,,,,,,,1763.0,Mycobacterium,Duplodnaviria,Heunggongvirae,Uroviricota,Caudoviricetes,Caudoviricetes incertae sedis,Cheoctovirus,Cheoctovirus wee,Mycobacterium virus Wee,dsDNA
Cheoctovirus,1623281,0.33,0.25,0.33,0.33,,,0.67,,,,,,,,,246196.0,Mycolicibacterium smegmatis MC2 155,Duplodnaviria,Heunggongvirae,Uroviricota,Caudoviricetes,Caudoviricetes incertae sedis,Cheoctovirus,Cheoctovirus wee,Mycobacterium virus Wee,dsDNA
Cheoctovirus,1623281,0.33,0.25,0.33,0.33,,,0.67,,,,,,,,,246196.0,Mycolicibacterium smegmatis MC2 155,Duplodnaviria,Heunggongvirae,Uroviricota,Caudoviricetes,Caudoviricetes incertae sedis,Cheoctovirus,Cheoctovirus whouxphf,,dsDNA
Cheoctovirus,1623281,0.33,0.25,0.33,0.33,,,0.67,,,,,,,,,246196.0,Mycolicibacterium smegmatis MC2 155,Duplodnaviria,Heunggongvirae,Uroviricota,Caudoviricetes,Caudoviricetes incertae sedis,Cheoctovirus,Cheoctovirus willsterrel,,dsDNA
Cheoctovirus,1623281,0.33,0.25,0.33,0.33,,,0.67,,,,,,,,,246196.0,Mycolicibacterium smegmatis MC2 155,Duplodnaviria,Heunggongvirae,Uroviricota,Caudoviricetes,Caudoviricetes incertae sedis,Cheoctovirus,Cheoctovirus xfactor,,dsDNA
Cheoctovirus,1623281,0.33,0.25,0.33,0.33,,,0.67,,,,,,,,,246196.0,Mycolicibacterium smegmatis MC2 155,Duplodnaviria,Heunggongvirae,Uroviricota,Caudoviricetes,Caudoviricetes incertae sedis,Cheoctovirus,Cheoctovirus zerg,,dsDNA
Chivirus,1623283,1.41,,,,,,,,,,,,,,,28901.0,Salmonella enterica,Duplodnaviria,Heunggongvirae,Uroviricota,Caudoviricetes,Caudoviricetes incertae sedis,Casjensviridae,Chivirus,,dsDNA
Chivirus,1623283,1.41,,,,,,,,,,,,,,,42895.0,Enterobacter sp.,Duplodnaviria,Heunggongvirae,Uroviricota,Caudoviricetes,Caudoviricetes incertae sedis,Casjensviridae,Chivirus,unclassified Chivirus,dsDNA
Chivirus,1623283,1.41,,,,,,,,,,,,,,,562.0,Escherichia coli,Duplodnaviria,Heunggongvirae,Uroviricota,Caudoviricetes,Caudoviricetes incertae sedis,Casjensviridae,Chivirus,unclassified Chivirus,dsDNA
Chivirus,1623283,1.41,,,,,,,,,,,,,,,548.0,Klebsiella aerogenes,Duplodnaviria,Heunggongvirae,Uroviricota,Caudoviricetes,Caudoviricetes incertae sedis,Casjensviridae,Chivirus,unclassified Chivirus,dsDNA
Chivirus,1623283,1.41,,,,,,,,,,,,,,,594.0,Salmonella enterica subsp. enterica serovar Gallinarum,Duplodnaviria,Heunggongvirae,Uroviricota,Caudoviricetes,Caudoviricetes incertae sedis,Casjensviridae,Chivirus,Chivirus cv35,dsDNA
Chivirus,1623283,1.41,,,,,,,,,,,,,,,54388.0,Salmonella enterica subsp. enterica serovar Paratyphi A,Duplodnaviria,Heunggongvirae,Uroviricota,Caudoviricetes,Caudoviricetes incertae sedis,Casjensviridae,Chivirus,Chivirus cv37,dsDNA
Chivirus,1623283,1.41,,,,,,,,,,,,,,,57045.0,Salmonella enterica subsp. enterica serovar Paratyphi B,Duplodnaviria,Heunggongvirae,Uroviricota,Caudoviricetes,Caudoviricetes incertae sedis,Casjensviridae,Chivirus,Chivirus cv37,dsDNA
Chivirus,1623283,1.41,,,,,,,,,,,,,,,90370.0,Salmonella enterica subsp. enterica serovar Typhi,Duplodnaviria,Heunggongvirae,Uroviricota,Caudoviricetes,Caudoviricetes incertae sedis,Casjensviridae,Chivirus,Chivirus cv37,dsDNA
Chivirus,1623283,1.41,,,,,,,,,,,,,,,149539.0,Salmonella enterica subsp. enterica serovar Enteritidis,Duplodnaviria,Heunggongvirae,Uroviricota,Caudoviricetes,Caudoviricetes incertae sedis,Casjensviridae,Chivirus,Chivirus cv37,dsDNA
Chivirus,1623283,1.41,,,,,,,,,,,,,,,85569.0,Salmonella enterica subsp. enterica serovar Typhimurium str. DT104,Duplodnaviria,Heunggongvirae,Uroviricota,Caudoviricetes,Caudoviricetes incertae sedis,Casjensviridae,Chivirus,Chivirus BSPM4,dsDNA
Chivirus,1623283,1.41,,,,,,,,,,,,,,,90371.0,Salmonella enterica subsp. enterica serovar Typhimurium,Duplodnaviria,Heunggongvirae,Uroviricota,Caudoviricetes,Caudoviricetes incertae sedis,Casjensviridae,Chivirus,Chivirus BSPM4,dsDNA
Chivirus,1623283,1.41,,,,,,,,,,,,,,,99287.0,Salmonella enterica subsp. enterica serovar Typhimurium str. LT2,Duplodnaviria,Heunggongvirae,Uroviricota,Caudoviricetes,Caudoviricetes incertae sedis,Casjensviridae,Chivirus,Chivirus BSPM4,dsDNA
Chivirus,1623283,1.41,,,,,,,,,,,,,,,216597.0,Salmonella enterica subsp. enterica serovar Typhimurium str. SL1344,Duplodnaviria,Heunggongvirae,Uroviricota,Caudoviricetes,Caudoviricetes incertae sedis,Casjensviridae,Chivirus,Chivirus BSPM4,dsDNA
Chivirus,1623283,1.41,,,,,,,,,,,,,,,1299114.0,Salmonella enterica subsp. enterica serovar Typhimurium str. ATCC 14028,Duplodnaviria,Heunggongvirae,Uroviricota,Caudoviricetes,Caudoviricetes incertae sedis,Casjensviridae,Chivirus,Chivirus BSPM4,dsDNA
Chivirus,1623283,1.41,,,,,,,,,,,,,,,98360.0,Salmonella enterica subsp. enterica serovar Dublin,Duplodnaviria,Heunggongvirae,Uroviricota,Caudoviricetes,Caudoviricetes incertae sedis,Casjensviridae,Chivirus,Chivirus FSLSP030,dsDNA
Chivirus,1623283,1.41,,,,,,,,,,,,,,,340188.0,Salmonella enterica subsp. enterica serovar Cerro,Duplodnaviria,Heunggongvirae,Uroviricota,Caudoviricetes,Caudoviricetes incertae sedis,Casjensviridae,Chivirus,Chivirus FSLSP030,dsDNA
Chivirus,1623283,1.41,,,,,,,,,,,,,,,599.0,Salmonella sp.,Duplodnaviria,Heunggongvirae,Uroviricota,Caudoviricetes,Caudoviricetes incertae sedis,Casjensviridae,Chivirus,unclassified Chivirus,dsDNA
Chivirus,1623283,1.41,,,,,,,,,,,,,,,590.0,Salmonella,Duplodnaviria,Heunggongvirae,Uroviricota,Caudoviricetes,Caudoviricetes incertae sedis,Casjensviridae,Chivirus,unclassified Chivirus,dsDNA
Chivirus,1623283,1.41,,,,,,,,,,,,,,,108619.0,Salmonella enterica subsp. enterica serovar Newport,Duplodnaviria,Heunggongvirae,Uroviricota,Caudoviricetes,Caudoviricetes incertae sedis,Casjensviridae,Chivirus,Chivirus FSLSP030,dsDNA
Chivirus,1623283,1.41,,,,,,,,,,,,,,,600.0,Salmonella enterica subsp. enterica serovar Thompson,Duplodnaviria,Heunggongvirae,Uroviricota,Caudoviricetes,Caudoviricetes incertae sedis,Casjensviridae,Chivirus,unclassified Chivirus,dsDNA
Chivirus,1623283,1.41,,,,,,,,,,,,,,,573.0,Klebsiella pneumoniae,Duplodnaviria,Heunggongvirae,Uroviricota,Caudoviricetes,Caudoviricetes incertae sedis,Casjensviridae,Chivirus,Chivirus KpYy141,dsDNA
Kostyavirus,1623284,,,0.25,,,,,,,,,,,,,1763.0,Mycobacterium,Duplodnaviria,Heunggongvirae,Uroviricota,Caudoviricetes,Caudoviricetes incertae sedis,Kostyavirus,Kostyavirus kv244,,dsDNA
Kostyavirus,1623284,,,0.25,,,,,,,,,,,,,246196.0,Mycolicibacterium smegmatis MC2 155,Duplodnaviria,Heunggongvirae,Uroviricota,Caudoviricetes,Caudoviricetes incertae sedis,Kostyavirus,unclassified Kostyavirus,,dsDNA
Kostyavirus,1623284,,,0.25,,,,,,,,,,,,,1763.0,Mycobacterium,Duplodnaviria,Heunggongvirae,Uroviricota,Caudoviricetes,Caudoviricetes incertae sedis,Kostyavirus,unclassified Kostyavirus,,dsDNA
Kostyavirus,1623284,,,0.25,,,,,,,,,,,,,246196.0,Mycolicibacterium smegmatis MC2 155,Duplodnaviria,Heunggongvirae,Uroviricota,Caudoviricetes,Caudoviricetes incertae sedis,Kostyavirus,Kostyavirus bask21,,dsDNA
Kostyavirus,1623284,,,0.25,,,,,,,,,,,,,1763.0,Mycobacterium,Duplodnaviria,Heunggongvirae,Uroviricota,Caudoviricetes,Caudoviricetes incertae sedis,Kostyavirus,Kostyavirus CJW1,,dsDNA
Kostyavirus,1623284,,,0.25,,,,,,,,,,,,,246196.0,Mycolicibacterium smegmatis MC2 155,Duplodnaviria,Heunggongvirae,Uroviricota,Caudoviricetes,Caudoviricetes incertae sedis,Kostyavirus,Kostyavirus toto,,dsDNA
Kostyavirus,1623284,,,0.25,,,,,,,,,,,,,1763.0,Mycobacterium,Duplodnaviria,Heunggongvirae,Uroviricota,Caudoviricetes,Caudoviricetes incertae sedis,Kostyavirus,Kostyavirus porky,,dsDNA
Kostyavirus,1623284,,,0.25,,,,,,,,,,,,,246196.0,Mycolicibacterium smegmatis MC2 155,Duplodnaviria,Heunggongvirae,Uroviricota,Caudoviricetes,Caudoviricetes incertae sedis,Kostyavirus,Kostyavirus porky,,dsDNA
Kostyavirus,1623284,,,0.25,,,,,,,,,,,,,246196.0,Mycolicibacterium smegmatis MC2 155,Duplodnaviria,Heunggongvirae,Uroviricota,Caudoviricetes,Caudoviricetes incertae sedis,Kostyavirus,Kostyavirus eureka,,dsDNA
Kostyavirus,1623284,,,0.25,,,,,,,,,,,,,1763.0,Mycobacterium,Duplodnaviria,Heunggongvirae,Uroviricota,Caudoviricetes,Caudoviricetes incertae sedis,Kostyavirus,Kostyavirus toto,,dsDNA
Kostyavirus,1623284,,,0.25,,,,,,,,,,,,,1785.0,Mycobacterium sp.,Duplodnaviria,Heunggongvirae,Uroviricota,Caudoviricetes,Caudoviricetes incertae sedis,Kostyavirus,Kostyavirus kostya,,dsDNA
Kostyavirus,1623284,,,0.25,,,,,,,,,,,,,246196.0,Mycolicibacterium smegmatis MC2 155,Duplodnaviria,Heunggongvirae,Uroviricota,Caudoviricetes,Caudoviricetes incertae sedis,Kostyavirus,Kostyavirus kostya,,dsDNA
Kostyavirus,1623284,,,0.25,,,,,,,,,,,,,1772.0,Mycolicibacterium smegmatis,Duplodnaviria,Heunggongvirae,Uroviricota,Caudoviricetes,Caudoviricetes incertae sedis,Kostyavirus,unclassified Kostyavirus,,dsDNA
Kostyavirus,1623284,,,0.25,,,,,,,,,,,,,1785.0,Mycobacterium sp.,Duplodnaviria,Heunggongvirae,Uroviricota,Caudoviricetes,Caudoviricetes incertae sedis,Kostyavirus,Kostyavirus porky,,dsDNA
Kostyavirus,1623284,,,0.25,,,,,,,,,,,,,246196.0,Mycolicibacterium smegmatis MC2 155,Duplodnaviria,Heunggongvirae,Uroviricota,Caudoviricetes,Caudoviricetes incertae sedis,Kostyavirus,Kostyavirus pumpkin,,dsDNA
Kostyavirus,1623284,,,0.25,,,,,,,,,,,,,246196.0,Mycolicibacterium smegmatis MC2 155,Duplodnaviria,Heunggongvirae,Uroviricota,Caudoviricetes,Caudoviricetes incertae sedis,Kostyavirus,Kostyavirus sirduracell,,dsDNA
Kostyavirus,1623284,,,0.25,,,,,,,,,,,,,246196.0,Mycolicibacterium smegmatis MC2 155,Duplodnaviria,Heunggongvirae,Uroviricota,Caudoviricetes,Caudoviricetes incertae sedis,Kostyavirus,Kostyavirus CJW1,,dsDNA
Detrevirus,1623287,0.11,0.09,,,,,,,,,0.37,0.25,0.42,0.2,,287.0,Pseudomonas aeruginosa,Duplodnaviria,Heunggongvirae,Uroviricota,Caudoviricetes,Caudoviricetes incertae sedis,Detrevirus,Detrevirus D3,,dsDNA
Detrevirus,1623287,0.11,0.09,,,,,,,,,0.37,0.25,0.42,0.2,,208964.0,Pseudomonas aeruginosa PAO1,Duplodnaviria,Heunggongvirae,Uroviricota,Caudoviricetes,Caudoviricetes incertae sedis,Detrevirus,unclassified Detrevirus,,dsDNA
Detrevirus,1623287,0.11,0.09,,,,,,,,,0.37,0.25,0.42,0.2,,287.0,Pseudomonas aeruginosa,Duplodnaviria,Heunggongvirae,Uroviricota,Caudoviricetes,Caudoviricetes incertae sedis,Detrevirus,unclassified Detrevirus,,dsDNA
Detrevirus,1623287,0.11,0.09,,,,,,,,,0.37,0.25,0.42,0.2,,287.0,Pseudomonas aeruginosa,Duplodnaviria,Heunggongvirae,Uroviricota,Caudoviricetes,Caudoviricetes incertae sedis,Detrevirus,Detrevirus PMG1,,dsDNA
Detrevirus,1623287,0.11,0.09,,,,,,,,,0.37,0.25,0.42,0.2,,306.0,Pseudomonas sp.,Duplodnaviria,Heunggongvirae,Uroviricota,Caudoviricetes,Caudoviricetes incertae sedis,Detrevirus,unclassified Detrevirus,,dsDNA
Dhillonvirus,1623289,0.2,0.07,0.2,0.39,,0.15,,,,,0.14,,,,,470.0,Acinetobacter baumannii,Duplodnaviria,Heunggongvirae,Uroviricota,Caudoviricetes,Caudoviricetes incertae sedis,Dhillonvirus,unclassified Dhillonvirus,,dsDNA
Dhillonvirus,1623289,0.2,0.07,0.2,0.39,,0.15,,,,,0.14,,,,,197.0,Campylobacter jejuni,Duplodnaviria,Heunggongvirae,Uroviricota,Caudoviricetes,Caudoviricetes incertae sedis,Dhillonvirus,unclassified Dhillonvirus,,dsDNA
Dhillonvirus,1623289,0.2,0.07,0.2,0.39,,0.15,,,,,0.14,,,,,562.0,Escherichia coli,Duplodnaviria,Heunggongvirae,Uroviricota,Caudoviricetes,Caudoviricetes incertae sedis,Dhillonvirus,unclassified Dhillonvirus,,dsDNA
Dhillonvirus,1623289,0.2,0.07,0.2,0.39,,0.15,,,,,0.14,,,,,511693.0,Escherichia coli BL21,Duplodnaviria,Heunggongvirae,Uroviricota,Caudoviricetes,Caudoviricetes incertae sedis,Dhillonvirus,unclassified Dhillonvirus,,dsDNA
Dhillonvirus,1623289,0.2,0.07,0.2,0.39,,0.15,,,,,0.14,,,,,562.0,Escherichia coli,Duplodnaviria,Heunggongvirae,Uroviricota,Caudoviricetes,Caudoviricetes incertae sedis,Dhillonvirus,,,dsDNA
Dhillonvirus,1623289,0.2,0.07,0.2,0.39,,0.15,,,,,0.14,,,,,,,Duplodnaviria,Heunggongvirae,Uroviricota,Caudoviricetes,Caudoviricetes incertae sedis,Dhillonvirus,unclassified Dhillonvirus,,dsDNA
Dhillonvirus,1623289,0.2,0.07,0.2,0.39,,0.15,,,,,0.14,,,,,1884818.0,Escherichia sp.,Duplodnaviria,Heunggongvirae,Uroviricota,Caudoviricetes,Caudoviricetes incertae sedis,Dhillonvirus,Dhillonvirus B2,,dsDNA
Dhillonvirus,1623289,0.2,0.07,0.2,0.39,,0.15,,,,,0.14,,,,,562.0,Escherichia coli,Duplodnaviria,Heunggongvirae,Uroviricota,Caudoviricetes,Caudoviricetes incertae sedis,Dhillonvirus,Dhillonvirus BF9,,dsDNA
Dhillonvirus,1623289,0.2,0.07,0.2,0.39,,0.15,,,,,0.14,,,,,511145.0,Escherichia coli str. K-12 substr. MG1655,Duplodnaviria,Heunggongvirae,Uroviricota,Caudoviricetes,Caudoviricetes incertae sedis,Dhillonvirus,Dhillonvirus bob,,dsDNA
Dhillonvirus,1623289,0.2,0.07,0.2,0.39,,0.15,,,,,0.14,,,,,562.0,Escherichia coli,Duplodnaviria,Heunggongvirae,Uroviricota,Caudoviricetes,Caudoviricetes incertae sedis,Dhillonvirus,Dhillonvirus CECKaz2018,,dsDNA
Dhillonvirus,1623289,0.2,0.07,0.2,0.39,,0.15,,,,,0.14,,,,,562.0,Escherichia coli,Duplodnaviria,Heunggongvirae,Uroviricota,Caudoviricetes,Caudoviricetes incertae sedis,Dhillonvirus,Dhillonvirus EC115,,dsDNA
Dhillonvirus,1623289,0.2,0.07,0.2,0.39,,0.15,,,,,0.14,,,,,562.0,Escherichia coli,Duplodnaviria,Heunggongvirae,Uroviricota,Caudoviricetes,Caudoviricetes incertae sedis,Dhillonvirus,Dhillonvirus EK99P1,,dsDNA
Dhillonvirus,1623289,0.2,0.07,0.2,0.39,,0.15,,,,,0.14,,,,,562.0,Escherichia coli,Duplodnaviria,Heunggongvirae,Uroviricota,Caudoviricetes,Caudoviricetes incertae sedis,Dhillonvirus,Dhillonvirus envy,,dsDNA
Dhillonvirus,1623289,0.2,0.07,0.2,0.39,,0.15,,,,,0.14,,,,,83333.0,Escherichia coli K-12,Duplodnaviria,Heunggongvirae,Uroviricota,Caudoviricetes,Caudoviricetes incertae sedis,Dhillonvirus,Dhillonvirus georgbuechner,,dsDNA
Dhillonvirus,1623289,0.2,0.07,0.2,0.39,,0.15,,,,,0.14,,,,,562.0,Escherichia coli,Duplodnaviria,Heunggongvirae,Uroviricota,Caudoviricetes,Caudoviricetes incertae sedis,Dhillonvirus,Dhillonvirus gluttony,,dsDNA
Dhillonvirus,1623289,0.2,0.07,0.2,0.39,,0.15,,,,,0.14,,,,,561.0,Escherichia,Duplodnaviria,Heunggongvirae,Uroviricota,Caudoviricetes,Caudoviricetes incertae sedis,Dhillonvirus,Dhillonvirus gluttonyev152,,dsDNA
Dhillonvirus,1623289,0.2,0.07,0.2,0.39,,0.15,,,,,0.14,,,,,679895.0,Escherichia coli BW25113,Duplodnaviria,Heunggongvirae,Uroviricota,Caudoviricetes,Caudoviricetes incertae sedis,Dhillonvirus,unclassified Dhillonvirus,,dsDNA
Dhillonvirus,1623289,0.2,0.07,0.2,0.39,,0.15,,,,,0.14,,,,,1884818.0,Escherichia sp.,Duplodnaviria,Heunggongvirae,Uroviricota,Caudoviricetes,Caudoviricetes incertae sedis,Dhillonvirus,unclassified Dhillonvirus,,dsDNA
Dhillonvirus,1623289,0.2,0.07,0.2,0.39,,0.15,,,,,0.14,,,,,562.0,Escherichia coli,Duplodnaviria,Heunggongvirae,Uroviricota,Caudoviricetes,Caudoviricetes incertae sedis,Dhillonvirus,Dhillonvirus HK578,,dsDNA
Dhillonvirus,1623289,0.2,0.07,0.2,0.39,,0.15,,,,,0.14,,,,,511145.0,Escherichia coli str. K-12 substr. MG1655,Duplodnaviria,Heunggongvirae,Uroviricota,Caudoviricetes,Caudoviricetes incertae sedis,Dhillonvirus,Dhillonvirus jat,,dsDNA
Dhillonvirus,1623289,0.2,0.07,0.2,0.39,,0.15,,,,,0.14,,,,,83334.0,Escherichia coli O157:H7,Duplodnaviria,Heunggongvirae,Uroviricota,Caudoviricetes,Caudoviricetes incertae sedis,Dhillonvirus,Dhillonvirus JL1,,dsDNA
Dhillonvirus,1623289,0.2,0.07,0.2,0.39,,0.15,,,,,0.14,,,,,83333.0,Escherichia coli K-12,Duplodnaviria,Heunggongvirae,Uroviricota,Caudoviricetes,Caudoviricetes incertae sedis,Dhillonvirus,unclassified Dhillonvirus,,dsDNA
Dhillonvirus,1623289,0.2,0.07,0.2,0.39,,0.15,,,,,0.14,,,,,83333.0,Escherichia coli K-12,Duplodnaviria,Heunggongvirae,Uroviricota,Caudoviricetes,Caudoviricetes incertae sedis,Dhillonvirus,Dhillonvirus JLBYU37,,dsDNA
Dhillonvirus,1623289,0.2,0.07,0.2,0.39,,0.15,,,,,0.14,,,,,83333.0,Escherichia coli K-12,Duplodnaviria,Heunggongvirae,Uroviricota,Caudoviricetes,Caudoviricetes incertae sedis,Dhillonvirus,Dhillonvirus JLBYU60,,dsDNA
Dhillonvirus,1623289,0.2,0.07,0.2,0.39,,0.15,,,,,0.14,,,,,83333.0,Escherichia coli K-12,Duplodnaviria,Heunggongvirae,Uroviricota,Caudoviricetes,Caudoviricetes incertae sedis,Dhillonvirus,Dhillonvirus karlbarth,,dsDNA
Dhillonvirus,1623289,0.2,0.07,0.2,0.39,,0.15,,,,,0.14,,,,,511145.0,Escherichia coli str. K-12 substr. MG1655,Duplodnaviria,Heunggongvirae,Uroviricota,Caudoviricetes,Caudoviricetes incertae sedis,Dhillonvirus,Dhillonvirus mckay,,dsDNA
Dhillonvirus,1623289,0.2,0.07,0.2,0.39,,0.15,,,,,0.14,,,,,83333.0,Escherichia coli K-12,Duplodnaviria,Heunggongvirae,Uroviricota,Caudoviricetes,Caudoviricetes incertae sedis,Dhillonvirus,Dhillonvirus oekolampad,,dsDNA
Dhillonvirus,1623289,0.2,0.07,0.2,0.39,,0.15,,,,,0.14,,,,,83333.0,Escherichia coli K-12,Duplodnaviria,Heunggongvirae,Uroviricota,Caudoviricetes,Caudoviricetes incertae sedis,Dhillonvirus,Dhillonvirus paulfeyerabend,,dsDNA
Dhillonvirus,1623289,0.2,0.07,0.2,0.39,,0.15,,,,,0.14,,,,,1884818.0,Escherichia sp.,Duplodnaviria,Heunggongvirae,Uroviricota,Caudoviricetes,Caudoviricetes incertae sedis,Dhillonvirus,Dhillonvirus PC2,,dsDNA
Dhillonvirus,1623289,0.2,0.07,0.2,0.39,,0.15,,,,,0.14,,,,,562.0,Escherichia coli,Duplodnaviria,Heunggongvirae,Uroviricota,Caudoviricetes,Caudoviricetes incertae sedis,Dhillonvirus,Dhillonvirus PEC14,,dsDNA
Dhillonvirus,1623289,0.2,0.07,0.2,0.39,,0.15,,,,,0.14,,,,,511145.0,Escherichia coli str. K-12 substr. MG1655,Duplodnaviria,Heunggongvirae,Uroviricota,Caudoviricetes,Caudoviricetes incertae sedis,Dhillonvirus,Dhillonvirus rolling,,dsDNA
Dhillonvirus,1623289,0.2,0.07,0.2,0.39,,0.15,,,,,0.14,,,,,511145.0,Escherichia coli str. K-12 substr. MG1655,Duplodnaviria,Heunggongvirae,Uroviricota,Caudoviricetes,Caudoviricetes incertae sedis,Dhillonvirus,Dhillonvirus SECphi18,,dsDNA
Dhillonvirus,1623289,0.2,0.07,0.2,0.39,,0.15,,,,,0.14,,,,,511145.0,Escherichia coli str. K-12 substr. MG1655,Duplodnaviria,Heunggongvirae,Uroviricota,Caudoviricetes,Caudoviricetes incertae sedis,Dhillonvirus,unclassified Dhillonvirus,,dsDNA
Dhillonvirus,1623289,0.2,0.07,0.2,0.39,,0.15,,,,,0.14,,,,,511145.0,Escherichia coli str. K-12 substr. MG1655,Duplodnaviria,Heunggongvirae,Uroviricota,Caudoviricetes,Caudoviricetes incertae sedis,Dhillonvirus,Dhillonvirus slur05,,dsDNA
Dhillonvirus,1623289,0.2,0.07,0.2,0.39,,0.15,,,,,0.14,,,,,562.0,Escherichia coli,Duplodnaviria,Heunggongvirae,Uroviricota,Caudoviricetes,Caudoviricetes incertae sedis,Dhillonvirus,Dhillonvirus SSL2009a,,dsDNA
Dhillonvirus,1623289,0.2,0.07,0.2,0.39,,0.15,,,,,0.14,,,,,83333.0,Escherichia coli K-12,Duplodnaviria,Heunggongvirae,Uroviricota,Caudoviricetes,Caudoviricetes incertae sedis,Dhillonvirus,Dhillonvirus theodorherzl,,dsDNA
Dhillonvirus,1623289,0.2,0.07,0.2,0.39,,0.15,,,,,0.14,,,,,83334.0,Escherichia coli O157:H7,Duplodnaviria,Heunggongvirae,Uroviricota,Caudoviricetes,Caudoviricetes incertae sedis,Dhillonvirus,Dhillonvirus UAEM101,,dsDNA
Dhillonvirus,1623289,0.2,0.07,0.2,0.39,,0.15,,,,,0.14,,,,,562.0,Escherichia coli,Duplodnaviria,Heunggongvirae,Uroviricota,Caudoviricetes,Caudoviricetes incertae sedis,Dhillonvirus,Dhillonvirus opt212,,dsDNA
Dhillonvirus,1623289,0.2,0.07,0.2,0.39,,0.15,,,,,0.14,,,,,562.0,Escherichia coli,Duplodnaviria,Heunggongvirae,Uroviricota,Caudoviricetes,Caudoviricetes incertae sedis,Dhillonvirus,Dhillonvirus Over9000,,dsDNA
Dhillonvirus,1623289,0.2,0.07,0.2,0.39,,0.15,,,,,0.14,,,,,562.0,Escherichia coli,Duplodnaviria,Heunggongvirae,Uroviricota,Caudoviricetes,Caudoviricetes incertae sedis,Dhillonvirus,Dhillonvirus pubbukkers,,dsDNA
Dhillonvirus,1623289,0.2,0.07,0.2,0.39,,0.15,,,,,0.14,,,,,562.0,Escherichia coli,Duplodnaviria,Heunggongvirae,Uroviricota,Caudoviricetes,Caudoviricetes incertae sedis,Dhillonvirus,Dhillonvirus teewinot,,dsDNA
Dhillonvirus,1623289,0.2,0.07,0.2,0.39,,0.15,,,,,0.14,,,,,562.0,Escherichia coli,Duplodnaviria,Heunggongvirae,Uroviricota,Caudoviricetes,Caudoviricetes incertae sedis,Dhillonvirus,Dhillonvirus dv 101114BS4,,dsDNA
Dhillonvirus,1623289,0.2,0.07,0.2,0.39,,0.15,,,,,0.14,,,,,562.0,Escherichia coli,Duplodnaviria,Heunggongvirae,Uroviricota,Caudoviricetes,Caudoviricetes incertae sedis,Dhillonvirus,Dhillonvirus CHD5UKE2,,dsDNA
Dhillonvirus,1623289,0.2,0.07,0.2,0.39,,0.15,,,,,0.14,,,,,562.0,Escherichia coli,Duplodnaviria,Heunggongvirae,Uroviricota,Caudoviricetes,Caudoviricetes incertae sedis,Dhillonvirus,Dhillonvirus dv011D5,,dsDNA
Dhillonvirus,1623289,0.2,0.07,0.2,0.39,,0.15,,,,,0.14,,,,,562.0,Escherichia coli,Duplodnaviria,Heunggongvirae,Uroviricota,Caudoviricetes,Caudoviricetes incertae sedis,Dhillonvirus,Dhillonvirus bov221,,dsDNA
Dhillonvirus,1623289,0.2,0.07,0.2,0.39,,0.15,,,,,0.14,,,,,562.0,Escherichia coli,Duplodnaviria,Heunggongvirae,Uroviricota,Caudoviricetes,Caudoviricetes incertae sedis,Dhillonvirus,Dhillonvirus PNS1,,dsDNA
Dhillonvirus,1623289,0.2,0.07,0.2,0.39,,0.15,,,,,0.14,,,,,562.0,Escherichia coli,Duplodnaviria,Heunggongvirae,Uroviricota,Caudoviricetes,Caudoviricetes incertae sedis,Dhillonvirus,Dhillonvirus PTXU06,,dsDNA
Dhillonvirus,1623289,0.2,0.07,0.2,0.39,,0.15,,,,,0.14,,,,,562.0,Escherichia coli,Duplodnaviria,Heunggongvirae,Uroviricota,Caudoviricetes,Caudoviricetes incertae sedis,Dhillonvirus,Dhillonvirus sponge,,dsDNA
Dhillonvirus,1623289,0.2,0.07,0.2,0.39,,0.15,,,,,0.14,,,,,562.0,Escherichia coli,Duplodnaviria,Heunggongvirae,Uroviricota,Caudoviricetes,Caudoviricetes incertae sedis,Dhillonvirus,Dhillonvirus WF5505,,dsDNA
Dhillonvirus,1623289,0.2,0.07,0.2,0.39,,0.15,,,,,0.14,,,,,562.0,Escherichia coli,Duplodnaviria,Heunggongvirae,Uroviricota,Caudoviricetes,Caudoviricetes incertae sedis,Dhillonvirus,Dhillonvirus WF1,,dsDNA
Dhillonvirus,1623289,0.2,0.07,0.2,0.39,,0.15,,,,,0.14,,,,,562.0,Escherichia coli,Duplodnaviria,Heunggongvirae,Uroviricota,Caudoviricetes,Caudoviricetes incertae sedis,Dhillonvirus,Dhillonvirus Zar3M,,dsDNA
Dhillonvirus,1623289,0.2,0.07,0.2,0.39,,0.15,,,,,0.14,,,,,561.0,Escherichia,Duplodnaviria,Heunggongvirae,Uroviricota,Caudoviricetes,Caudoviricetes incertae sedis,Dhillonvirus,unclassified Dhillonvirus,,dsDNA
Dhillonvirus,1623289,0.2,0.07,0.2,0.39,,0.15,,,,,0.14,,,,,561.0,Escherichia,Duplodnaviria,Heunggongvirae,Uroviricota,Caudoviricetes,Caudoviricetes incertae sedis,Dhillonvirus,Dhillonvirus maverick,,dsDNA
Dhillonvirus,1623289,0.2,0.07,0.2,0.39,,0.15,,,,,0.14,,,,,511145.0,Escherichia coli str. K-12 substr. MG1655,Duplodnaviria,Heunggongvirae,Uroviricota,Caudoviricetes,Caudoviricetes incertae sedis,Dhillonvirus,Dhillonvirus welsh,,dsDNA
Dhillonvirus,1623289,0.2,0.07,0.2,0.39,,0.15,,,,,0.14,,,,,562.0,Escherichia coli,Duplodnaviria,Heunggongvirae,Uroviricota,Caudoviricetes,Caudoviricetes incertae sedis,Dhillonvirus,Dhillonvirus YD2008s,,dsDNA
Dhillonvirus,1623289,0.2,0.07,0.2,0.39,,0.15,,,,,0.14,,,,,1095706.0,Escherichia coli O18,Duplodnaviria,Heunggongvirae,Uroviricota,Caudoviricetes,Caudoviricetes incertae sedis,Dhillonvirus,Dhillonvirus ZCEC10,,dsDNA
Dhillonvirus,1623289,0.2,0.07,0.2,0.39,,0.15,,,,,0.14,,,,,1095706.0,Escherichia coli O18,Duplodnaviria,Heunggongvirae,Uroviricota,Caudoviricetes,Caudoviricetes incertae sedis,Dhillonvirus,unclassified Dhillonvirus,,dsDNA
Dhillonvirus,1623289,0.2,0.07,0.2,0.39,,0.15,,,,,0.14,,,,,28901.0,Salmonella enterica,Duplodnaviria,Heunggongvirae,Uroviricota,Caudoviricetes,Caudoviricetes incertae sedis,Dhillonvirus,unclassified Dhillonvirus,,dsDNA
Dhillonvirus,1623289,0.2,0.07,0.2,0.39,,0.15,,,,,0.14,,,,,623.0,Shigella flexneri,Duplodnaviria,Heunggongvirae,Uroviricota,Caudoviricetes,Caudoviricetes incertae sedis,Dhillonvirus,unclassified Dhillonvirus,,dsDNA
Dhillonvirus,1623289,0.2,0.07,0.2,0.39,,0.15,,,,,0.14,,,,,624.0,Shigella sonnei,Duplodnaviria,Heunggongvirae,Uroviricota,Caudoviricetes,Caudoviricetes incertae sedis,Dhillonvirus,Dhillonvirus EP23,,dsDNA
Dhillonvirus,1623289,0.2,0.07,0.2,0.39,,0.15,,,,,0.14,,,,,621.0,Shigella boydii,Duplodnaviria,Heunggongvirae,Uroviricota,Caudoviricetes,Caudoviricetes incertae sedis,Dhillonvirus,Dhillonvirus stardew,,dsDNA
Dhillonvirus,1623289,0.2,0.07,0.2,0.39,,0.15,,,,,0.14,,,,,63612.0,Sodalis glossinidius,Duplodnaviria,Heunggongvirae,Uroviricota,Caudoviricetes,Caudoviricetes incertae sedis,Dhillonvirus,Dhillonvirus SO1,,dsDNA
Brussowvirus,1623303,0.36,0.11,0.23,0.35,,0.29,,,,0.14,,,,0.15,0.28,1308.0,Streptococcus thermophilus,Duplodnaviria,Heunggongvirae,Uroviricota,Caudoviricetes,Caudoviricetes incertae sedis,Aliceevansviridae,Brussowvirus,Brussowvirus bvO1205,dsDNA
Brussowvirus,1623303,0.36,0.11,0.23,0.35,,0.29,,,,0.14,,,,0.15,0.28,1091038.0,Streptococcus thermophilus DSM 20617,Duplodnaviria,Heunggongvirae,Uroviricota,Caudoviricetes,Caudoviricetes incertae sedis,Aliceevansviridae,Brussowvirus,Brussowvirus 20617,dsDNA
Brussowvirus,1623303,0.36,0.11,0.23,0.35,,0.29,,,,0.14,,,,0.15,0.28,1301.0,Streptococcus,Duplodnaviria,Heunggongvirae,Uroviricota,Caudoviricetes,Caudoviricetes incertae sedis,Aliceevansviridae,Brussowvirus,Brussowvirus Sfi11,dsDNA
Moineauvirus,1623304,0.98,0.2,0.34,0.37,,0.46,,0.77,0.6,0.15,,,,0.31,1.16,1308.0,Streptococcus thermophilus,Duplodnaviria,Heunggongvirae,Uroviricota,Caudoviricetes,Caudoviricetes incertae sedis,Aliceevansviridae,Moineauvirus,unclassified Moineauvirus,dsDNA
Moineauvirus,1623304,0.98,0.2,0.34,0.37,,0.46,,0.77,0.6,0.15,,,,0.31,1.16,1306.0,Streptococcus sp.,Duplodnaviria,Heunggongvirae,Uroviricota,Caudoviricetes,Caudoviricetes incertae sedis,Aliceevansviridae,Moineauvirus,unclassified Moineauvirus,dsDNA
Moineauvirus,1623304,0.98,0.2,0.34,0.37,,0.46,,0.77,0.6,0.15,,,,0.31,1.16,59310.0,Streptococcus macedonicus,Duplodnaviria,Heunggongvirae,Uroviricota,Caudoviricetes,Caudoviricetes incertae sedis,Aliceevansviridae,Moineauvirus,unclassified Moineauvirus,dsDNA
Moineauvirus,1623304,0.98,0.2,0.34,0.37,,0.46,,0.77,0.6,0.15,,,,0.31,1.16,1301.0,Streptococcus,Duplodnaviria,Heunggongvirae,Uroviricota,Caudoviricetes,Caudoviricetes incertae sedis,Aliceevansviridae,Moineauvirus,unclassified Moineauvirus,dsDNA
Skunavirus,1623305,0.56,0.23,0.55,0.84,,0.96,0.5,0.21,,0.53,,,0.2,0.3,0.68,1358.0,Lactococcus lactis,Duplodnaviria,Heunggongvirae,Uroviricota,Caudoviricetes,Caudoviricetes incertae sedis,Skunavirus,unclassified Skunavirus,,dsDNA
Skunavirus,1623305,0.56,0.23,0.55,0.84,,0.96,0.5,0.21,,0.53,,,0.2,0.3,0.68,1358.0,Lactococcus lactis,Duplodnaviria,Heunggongvirae,Uroviricota,Caudoviricetes,Caudoviricetes incertae sedis,Skunavirus,Skunavirus p272,,dsDNA
Skunavirus,1623305,0.56,0.23,0.55,0.84,,0.96,0.5,0.21,,0.53,,,0.2,0.3,0.68,1358.0,Lactococcus lactis,Duplodnaviria,Heunggongvirae,Uroviricota,Caudoviricetes,Caudoviricetes incertae sedis,Skunavirus,Skunavirus P475,,dsDNA
Skunavirus,1623305,0.56,0.23,0.55,0.84,,0.96,0.5,0.21,,0.53,,,0.2,0.3,0.68,1358.0,Lactococcus lactis,Duplodnaviria,Heunggongvirae,Uroviricota,Caudoviricetes,Caudoviricetes incertae sedis,Skunavirus,Skunavirus sv05601,,dsDNA
Skunavirus,1623305,0.56,0.23,0.55,0.84,,0.96,0.5,0.21,,0.53,,,0.2,0.3,0.68,1358.0,Lactococcus lactis,Duplodnaviria,Heunggongvirae,Uroviricota,Caudoviricetes,Caudoviricetes incertae sedis,Skunavirus,Skunavirus sv10W18,,dsDNA
Skunavirus,1623305,0.56,0.23,0.55,0.84,,0.96,0.5,0.21,,0.53,,,0.2,0.3,0.68,1358.0,Lactococcus lactis,Duplodnaviria,Heunggongvirae,Uroviricota,Caudoviricetes,Caudoviricetes incertae sedis,Skunavirus,Skunavirus sv3R16S,,dsDNA
Skunavirus,1623305,0.56,0.23,0.55,0.84,,0.96,0.5,0.21,,0.53,,,0.2,0.3,0.68,1359.0,Lactococcus cremoris,Duplodnaviria,Heunggongvirae,Uroviricota,Caudoviricetes,Caudoviricetes incertae sedis,Skunavirus,Skunavirus sv3R16S,,dsDNA
Skunavirus,1623305,0.56,0.23,0.55,0.84,,0.96,0.5,0.21,,0.53,,,0.2,0.3,0.68,1359.0,Lactococcus cremoris,Duplodnaviria,Heunggongvirae,Uroviricota,Caudoviricetes,Caudoviricetes incertae sedis,Skunavirus,Skunavirus sv13W11L,,dsDNA
Skunavirus,1623305,0.56,0.23,0.55,0.84,,0.96,0.5,0.21,,0.53,,,0.2,0.3,0.68,1358.0,Lactococcus lactis,Duplodnaviria,Heunggongvirae,Uroviricota,Caudoviricetes,Caudoviricetes incertae sedis,Skunavirus,Skunavirus sv13W11L,,dsDNA
Skunavirus,1623305,0.56,0.23,0.55,0.84,,0.96,0.5,0.21,,0.53,,,0.2,0.3,0.68,1358.0,Lactococcus lactis,Duplodnaviria,Heunggongvirae,Uroviricota,Caudoviricetes,Caudoviricetes incertae sedis,Skunavirus,Skunavirus sv16802,,dsDNA
Skunavirus,1623305,0.56,0.23,0.55,0.84,,0.96,0.5,0.21,,0.53,,,0.2,0.3,0.68,1358.0,Lactococcus lactis,Duplodnaviria,Heunggongvirae,Uroviricota,Caudoviricetes,Caudoviricetes incertae sedis,Skunavirus,Skunavirus sv16W23,,dsDNA
Skunavirus,1623305,0.56,0.23,0.55,0.84,,0.96,0.5,0.21,,0.53,,,0.2,0.3,0.68,44688.0,Lactococcus lactis subsp. lactis bv. diacetylactis,Duplodnaviria,Heunggongvirae,Uroviricota,Caudoviricetes,Caudoviricetes incertae sedis,Skunavirus,Skunavirus sv16W23,,dsDNA
Skunavirus,1623305,0.56,0.23,0.55,0.84,,0.96,0.5,0.21,,0.53,,,0.2,0.3,0.68,44688.0,Lactococcus lactis subsp. lactis bv. diacetylactis,Duplodnaviria,Heunggongvirae,Uroviricota,Caudoviricetes,Caudoviricetes incertae sedis,Skunavirus,Skunavirus sv3R16S,,dsDNA
Skunavirus,1623305,0.56,0.23,0.55,0.84,,0.96,0.5,0.21,,0.53,,,0.2,0.3,0.68,44688.0,Lactococcus lactis subsp. lactis bv. diacetylactis,Duplodnaviria,Heunggongvirae,Uroviricota,Caudoviricetes,Caudoviricetes incertae sedis,Skunavirus,Skunavirus sv10W18,,dsDNA
Skunavirus,1623305,0.56,0.23,0.55,0.84,,0.96,0.5,0.21,,0.53,,,0.2,0.3,0.68,44688.0,Lactococcus lactis subsp. lactis bv. diacetylactis,Duplodnaviria,Heunggongvirae,Uroviricota,Caudoviricetes,Caudoviricetes incertae sedis,Skunavirus,unclassified Skunavirus,,dsDNA
Skunavirus,1623305,0.56,0.23,0.55,0.84,,0.96,0.5,0.21,,0.53,,,0.2,0.3,0.68,1358.0,Lactococcus lactis,Duplodnaviria,Heunggongvirae,Uroviricota,Caudoviricetes,Caudoviricetes incertae sedis,Skunavirus,Skunavirus sv30804,,dsDNA
Skunavirus,1623305,0.56,0.23,0.55,0.84,,0.96,0.5,0.21,,0.53,,,0.2,0.3,0.68,1359.0,Lactococcus cremoris,Duplodnaviria,Heunggongvirae,Uroviricota,Caudoviricetes,Caudoviricetes incertae sedis,Skunavirus,Skunavirus sv340,,dsDNA
Skunavirus,1623305,0.56,0.23,0.55,0.84,,0.96,0.5,0.21,,0.53,,,0.2,0.3,0.68,1360.0,Lactococcus lactis subsp. lactis,Duplodnaviria,Heunggongvirae,Uroviricota,Caudoviricetes,Caudoviricetes incertae sedis,Skunavirus,Skunavirus sv340,,dsDNA
Skunavirus,1623305,0.56,0.23,0.55,0.84,,0.96,0.5,0.21,,0.53,,,0.2,0.3,0.68,272623.0,Lactococcus lactis subsp. lactis Il1403,Duplodnaviria,Heunggongvirae,Uroviricota,Caudoviricetes,Caudoviricetes incertae sedis,Skunavirus,Skunavirus sv340,,dsDNA
Skunavirus,1623305,0.56,0.23,0.55,0.84,,0.96,0.5,0.21,,0.53,,,0.2,0.3,0.68,1358.0,Lactococcus lactis,Duplodnaviria,Heunggongvirae,Uroviricota,Caudoviricetes,Caudoviricetes incertae sedis,Skunavirus,Skunavirus sv37201,,dsDNA
Skunavirus,1623305,0.56,0.23,0.55,0.84,,0.96,0.5,0.21,,0.53,,,0.2,0.3,0.68,1358.0,Lactococcus lactis,Duplodnaviria,Heunggongvirae,Uroviricota,Caudoviricetes,Caudoviricetes incertae sedis,Skunavirus,Skunavirus sv38503,,dsDNA
Skunavirus,1623305,0.56,0.23,0.55,0.84,,0.96,0.5,0.21,,0.53,,,0.2,0.3,0.68,1358.0,Lactococcus lactis,Duplodnaviria,Heunggongvirae,Uroviricota,Caudoviricetes,Caudoviricetes incertae sedis,Skunavirus,Skunavirus sv38507,,dsDNA
Skunavirus,1623305,0.56,0.23,0.55,0.84,,0.96,0.5,0.21,,0.53,,,0.2,0.3,0.68,1358.0,Lactococcus lactis,Duplodnaviria,Heunggongvirae,Uroviricota,Caudoviricetes,Caudoviricetes incertae sedis,Skunavirus,Skunavirus sv42,,dsDNA
Skunavirus,1623305,0.56,0.23,0.55,0.84,,0.96,0.5,0.21,,0.53,,,0.2,0.3,0.68,1358.0,Lactococcus lactis,Duplodnaviria,Heunggongvirae,Uroviricota,Caudoviricetes,Caudoviricetes incertae sedis,Skunavirus,Skunavirus sv51701,,dsDNA
Skunavirus,1623305,0.56,0.23,0.55,0.84,,0.96,0.5,0.21,,0.53,,,0.2,0.3,0.68,1358.0,Lactococcus lactis,Duplodnaviria,Heunggongvirae,Uroviricota,Caudoviricetes,Caudoviricetes incertae sedis,Skunavirus,Skunavirus sv56003,,dsDNA
Skunavirus,1623305,0.56,0.23,0.55,0.84,,0.96,0.5,0.21,,0.53,,,0.2,0.3,0.68,1358.0,Lactococcus lactis,Duplodnaviria,Heunggongvirae,Uroviricota,Caudoviricetes,Caudoviricetes incertae sedis,Skunavirus,Skunavirus sv56301,,dsDNA
Skunavirus,1623305,0.56,0.23,0.55,0.84,,0.96,0.5,0.21,,0.53,,,0.2,0.3,0.68,1358.0,Lactococcus lactis,Duplodnaviria,Heunggongvirae,Uroviricota,Caudoviricetes,Caudoviricetes incertae sedis,Skunavirus,Skunavirus sv57001,,dsDNA
Skunavirus,1623305,0.56,0.23,0.55,0.84,,0.96,0.5,0.21,,0.53,,,0.2,0.3,0.68,1358.0,Lactococcus lactis,Duplodnaviria,Heunggongvirae,Uroviricota,Caudoviricetes,Caudoviricetes incertae sedis,Skunavirus,Skunavirus sv62601,,dsDNA
Skunavirus,1623305,0.56,0.23,0.55,0.84,,0.96,0.5,0.21,,0.53,,,0.2,0.3,0.68,1358.0,Lactococcus lactis,Duplodnaviria,Heunggongvirae,Uroviricota,Caudoviricetes,Caudoviricetes incertae sedis,Skunavirus,Skunavirus sv62605,,dsDNA
Skunavirus,1623305,0.56,0.23,0.55,0.84,,0.96,0.5,0.21,,0.53,,,0.2,0.3,0.68,1358.0,Lactococcus lactis,Duplodnaviria,Heunggongvirae,Uroviricota,Caudoviricetes,Caudoviricetes incertae sedis,Skunavirus,Skunavirus sv63302,,dsDNA
Skunavirus,1623305,0.56,0.23,0.55,0.84,,0.96,0.5,0.21,,0.53,,,0.2,0.3,0.68,1358.0,Lactococcus lactis,Duplodnaviria,Heunggongvirae,Uroviricota,Caudoviricetes,Caudoviricetes incertae sedis,Skunavirus,Skunavirus sv66901,,dsDNA
Skunavirus,1623305,0.56,0.23,0.55,0.84,,0.96,0.5,0.21,,0.53,,,0.2,0.3,0.68,1358.0,Lactococcus lactis,Duplodnaviria,Heunggongvirae,Uroviricota,Caudoviricetes,Caudoviricetes incertae sedis,Skunavirus,Skunavirus sv712,,dsDNA
Skunavirus,1623305,0.56,0.23,0.55,0.84,,0.96,0.5,0.21,,0.53,,,0.2,0.3,0.68,1358.0,Lactococcus lactis,Duplodnaviria,Heunggongvirae,Uroviricota,Caudoviricetes,Caudoviricetes incertae sedis,Skunavirus,Skunavirus sv79201,,dsDNA
Skunavirus,1623305,0.56,0.23,0.55,0.84,,0.96,0.5,0.21,,0.53,,,0.2,0.3,0.68,1358.0,Lactococcus lactis,Duplodnaviria,Heunggongvirae,Uroviricota,Caudoviricetes,Caudoviricetes incertae sedis,Skunavirus,Skunavirus sv88605,,dsDNA
Skunavirus,1623305,0.56,0.23,0.55,0.84,,0.96,0.5,0.21,,0.53,,,0.2,0.3,0.68,1358.0,Lactococcus lactis,Duplodnaviria,Heunggongvirae,Uroviricota,Caudoviricetes,Caudoviricetes incertae sedis,Skunavirus,Skunavirus sv8V08,,dsDNA
Skunavirus,1623305,0.56,0.23,0.55,0.84,,0.96,0.5,0.21,,0.53,,,0.2,0.3,0.68,1357.0,Lactococcus,Duplodnaviria,Heunggongvirae,Uroviricota,Caudoviricetes,Caudoviricetes incertae sedis,Skunavirus,Skunavirus sv936,,dsDNA
Skunavirus,1623305,0.56,0.23,0.55,0.84,,0.96,0.5,0.21,,0.53,,,0.2,0.3,0.68,1358.0,Lactococcus lactis,Duplodnaviria,Heunggongvirae,Uroviricota,Caudoviricetes,Caudoviricetes incertae sedis,Skunavirus,Skunavirus L18,,dsDNA
Skunavirus,1623305,0.56,0.23,0.55,0.84,,0.96,0.5,0.21,,0.53,,,0.2,0.3,0.68,1358.0,Lactococcus lactis,Duplodnaviria,Heunggongvirae,Uroviricota,Caudoviricetes,Caudoviricetes incertae sedis,Skunavirus,Skunavirus sv109,,dsDNA
Skunavirus,1623305,0.56,0.23,0.55,0.84,,0.96,0.5,0.21,,0.53,,,0.2,0.3,0.68,1358.0,Lactococcus lactis,Duplodnaviria,Heunggongvirae,Uroviricota,Caudoviricetes,Caudoviricetes incertae sedis,Skunavirus,Skunavirus sv44,,dsDNA
Skunavirus,1623305,0.56,0.23,0.55,0.84,,0.96,0.5,0.21,,0.53,,,0.2,0.3,0.68,1358.0,Lactococcus lactis,Duplodnaviria,Heunggongvirae,Uroviricota,Caudoviricetes,Caudoviricetes incertae sedis,Skunavirus,Skunavirus sv155,,dsDNA
Skunavirus,1623305,0.56,0.23,0.55,0.84,,0.96,0.5,0.21,,0.53,,,0.2,0.3,0.68,1358.0,Lactococcus lactis,Duplodnaviria,Heunggongvirae,Uroviricota,Caudoviricetes,Caudoviricetes incertae sedis,Skunavirus,Skunavirus sv193,,dsDNA
Skunavirus,1623305,0.56,0.23,0.55,0.84,,0.96,0.5,0.21,,0.53,,,0.2,0.3,0.68,1358.0,Lactococcus lactis,Duplodnaviria,Heunggongvirae,Uroviricota,Caudoviricetes,Caudoviricetes incertae sedis,Skunavirus,Skunavirus i0139,,dsDNA
Skunavirus,1623305,0.56,0.23,0.55,0.84,,0.96,0.5,0.21,,0.53,,,0.2,0.3,0.68,1358.0,Lactococcus lactis,Duplodnaviria,Heunggongvirae,Uroviricota,Caudoviricetes,Caudoviricetes incertae sedis,Skunavirus,Skunavirus sv512,,dsDNA
Skunavirus,1623305,0.56,0.23,0.55,0.84,,0.96,0.5,0.21,,0.53,,,0.2,0.3,0.68,1358.0,Lactococcus lactis,Duplodnaviria,Heunggongvirae,Uroviricota,Caudoviricetes,Caudoviricetes incertae sedis,Skunavirus,Skunavirus sv91127,,dsDNA
Skunavirus,1623305,0.56,0.23,0.55,0.84,,0.96,0.5,0.21,,0.53,,,0.2,0.3,0.68,1358.0,Lactococcus lactis,Duplodnaviria,Heunggongvirae,Uroviricota,Caudoviricetes,Caudoviricetes incertae sedis,Skunavirus,Skunavirus A16,,dsDNA
Skunavirus,1623305,0.56,0.23,0.55,0.84,,0.96,0.5,0.21,,0.53,,,0.2,0.3,0.68,1358.0,Lactococcus lactis,Duplodnaviria,Heunggongvirae,Uroviricota,Caudoviricetes,Caudoviricetes incertae sedis,Skunavirus,Skunavirus B1127,,dsDNA
Skunavirus,1623305,0.56,0.23,0.55,0.84,,0.96,0.5,0.21,,0.53,,,0.2,0.3,0.68,1358.0,Lactococcus lactis,Duplodnaviria,Heunggongvirae,Uroviricota,Caudoviricetes,Caudoviricetes incertae sedis,Skunavirus,Skunavirus E1127,,dsDNA
Skunavirus,1623305,0.56,0.23,0.55,0.84,,0.96,0.5,0.21,,0.53,,,0.2,0.3,0.68,1358.0,Lactococcus lactis,Duplodnaviria,Heunggongvirae,Uroviricota,Caudoviricetes,Caudoviricetes incertae sedis,Skunavirus,Skunavirus F0139,,dsDNA
Skunavirus,1623305,0.56,0.23,0.55,0.84,,0.96,0.5,0.21,,0.53,,,0.2,0.3,0.68,1358.0,Lactococcus lactis,Duplodnaviria,Heunggongvirae,Uroviricota,Caudoviricetes,Caudoviricetes incertae sedis,Skunavirus,Skunavirus JF1,,dsDNA
Skunavirus,1623305,0.56,0.23,0.55,0.84,,0.96,0.5,0.21,,0.53,,,0.2,0.3,0.68,1358.0,Lactococcus lactis,Duplodnaviria,Heunggongvirae,Uroviricota,Caudoviricetes,Caudoviricetes incertae sedis,Skunavirus,Skunavirus L6,,dsDNA
Skunavirus,1623305,0.56,0.23,0.55,0.84,,0.96,0.5,0.21,,0.53,,,0.2,0.3,0.68,1358.0,Lactococcus lactis,Duplodnaviria,Heunggongvirae,Uroviricota,Caudoviricetes,Caudoviricetes incertae sedis,Skunavirus,Skunavirus Lj,,dsDNA
Skunavirus,1623305,0.56,0.23,0.55,0.84,,0.96,0.5,0.21,,0.53,,,0.2,0.3,0.68,1358.0,Lactococcus lactis,Duplodnaviria,Heunggongvirae,Uroviricota,Caudoviricetes,Caudoviricetes incertae sedis,Skunavirus,Skunavirus M1127,,dsDNA
Skunavirus,1623305,0.56,0.23,0.55,0.84,,0.96,0.5,0.21,,0.53,,,0.2,0.3,0.68,1358.0,Lactococcus lactis,Duplodnaviria,Heunggongvirae,Uroviricota,Caudoviricetes,Caudoviricetes incertae sedis,Skunavirus,Skunavirus S0139,,dsDNA
Skunavirus,1623305,0.56,0.23,0.55,0.84,,0.96,0.5,0.21,,0.53,,,0.2,0.3,0.68,1358.0,Lactococcus lactis,Duplodnaviria,Heunggongvirae,Uroviricota,Caudoviricetes,Caudoviricetes incertae sedis,Skunavirus,Skunavirus sv96401,,dsDNA
Skunavirus,1623305,0.56,0.23,0.55,0.84,,0.96,0.5,0.21,,0.53,,,0.2,0.3,0.68,1358.0,Lactococcus lactis,Duplodnaviria,Heunggongvirae,Uroviricota,Caudoviricetes,Caudoviricetes incertae sedis,Skunavirus,Skunavirus sv96403,,dsDNA
Skunavirus,1623305,0.56,0.23,0.55,0.84,,0.96,0.5,0.21,,0.53,,,0.2,0.3,0.68,1358.0,Lactococcus lactis,Duplodnaviria,Heunggongvirae,Uroviricota,Caudoviricetes,Caudoviricetes incertae sedis,Skunavirus,Skunavirus sv96603,,dsDNA
Skunavirus,1623305,0.56,0.23,0.55,0.84,,0.96,0.5,0.21,,0.53,,,0.2,0.3,0.68,1358.0,Lactococcus lactis,Duplodnaviria,Heunggongvirae,Uroviricota,Caudoviricetes,Caudoviricetes incertae sedis,Skunavirus,Skunavirus ASCC191,,dsDNA
Skunavirus,1623305,0.56,0.23,0.55,0.84,,0.96,0.5,0.21,,0.53,,,0.2,0.3,0.68,1358.0,Lactococcus lactis,Duplodnaviria,Heunggongvirae,Uroviricota,Caudoviricetes,Caudoviricetes incertae sedis,Skunavirus,Skunavirus ASCC273,,dsDNA
Skunavirus,1623305,0.56,0.23,0.55,0.84,,0.96,0.5,0.21,,0.53,,,0.2,0.3,0.68,1358.0,Lactococcus lactis,Duplodnaviria,Heunggongvirae,Uroviricota,Caudoviricetes,Caudoviricetes incertae sedis,Skunavirus,Skunavirus ASCC281,,dsDNA
Skunavirus,1623305,0.56,0.23,0.55,0.84,,0.96,0.5,0.21,,0.53,,,0.2,0.3,0.68,1358.0,Lactococcus lactis,Duplodnaviria,Heunggongvirae,Uroviricota,Caudoviricetes,Caudoviricetes incertae sedis,Skunavirus,Skunavirus ASCC532,,dsDNA
Skunavirus,1623305,0.56,0.23,0.55,0.84,,0.96,0.5,0.21,,0.53,,,0.2,0.3,0.68,1358.0,Lactococcus lactis,Duplodnaviria,Heunggongvirae,Uroviricota,Caudoviricetes,Caudoviricetes incertae sedis,Skunavirus,Skunavirus ASCC465,,dsDNA
Skunavirus,1623305,0.56,0.23,0.55,0.84,,0.96,0.5,0.21,,0.53,,,0.2,0.3,0.68,1357.0,Lactococcus,Duplodnaviria,Heunggongvirae,Uroviricota,Caudoviricetes,Caudoviricetes incertae sedis,Skunavirus,Skunavirus bibb29,,dsDNA
Skunavirus,1623305,0.56,0.23,0.55,0.84,,0.96,0.5,0.21,,0.53,,,0.2,0.3,0.68,1357.0,Lactococcus,Duplodnaviria,Heunggongvirae,Uroviricota,Caudoviricetes,Caudoviricetes incertae sedis,Skunavirus,Skunavirus bIL170,,dsDNA
Skunavirus,1623305,0.56,0.23,0.55,0.84,,0.96,0.5,0.21,,0.53,,,0.2,0.3,0.68,1359.0,Lactococcus cremoris,Duplodnaviria,Heunggongvirae,Uroviricota,Caudoviricetes,Caudoviricetes incertae sedis,Skunavirus,Skunavirus caseusJM1,,dsDNA
Skunavirus,1623305,0.56,0.23,0.55,0.84,,0.96,0.5,0.21,,0.53,,,0.2,0.3,0.68,1359.0,Lactococcus cremoris,Duplodnaviria,Heunggongvirae,Uroviricota,Caudoviricetes,Caudoviricetes incertae sedis,Skunavirus,Skunavirus CB13,,dsDNA
Skunavirus,1623305,0.56,0.23,0.55,0.84,,0.96,0.5,0.21,,0.53,,,0.2,0.3,0.68,1359.0,Lactococcus cremoris,Duplodnaviria,Heunggongvirae,Uroviricota,Caudoviricetes,Caudoviricetes incertae sedis,Skunavirus,Skunavirus CB14,,dsDNA
Skunavirus,1623305,0.56,0.23,0.55,0.84,,0.96,0.5,0.21,,0.53,,,0.2,0.3,0.68,1359.0,Lactococcus cremoris,Duplodnaviria,Heunggongvirae,Uroviricota,Caudoviricetes,Caudoviricetes incertae sedis,Skunavirus,Skunavirus CB19,,dsDNA
Skunavirus,1623305,0.56,0.23,0.55,0.84,,0.96,0.5,0.21,,0.53,,,0.2,0.3,0.68,2816960.0,Lactococcus cremoris subsp. cremoris,Duplodnaviria,Heunggongvirae,Uroviricota,Caudoviricetes,Caudoviricetes incertae sedis,Skunavirus,Skunavirus CB19,,dsDNA
Skunavirus,1623305,0.56,0.23,0.55,0.84,,0.96,0.5,0.21,,0.53,,,0.2,0.3,0.68,1359.0,Lactococcus cremoris,Duplodnaviria,Heunggongvirae,Uroviricota,Caudoviricetes,Caudoviricetes incertae sedis,Skunavirus,Skunavirus CHPC129,,dsDNA
Skunavirus,1623305,0.56,0.23,0.55,0.84,,0.96,0.5,0.21,,0.53,,,0.2,0.3,0.68,1358.0,Lactococcus lactis,Duplodnaviria,Heunggongvirae,Uroviricota,Caudoviricetes,Caudoviricetes incertae sedis,Skunavirus,Skunavirus CHPC361,,dsDNA
Skunavirus,1623305,0.56,0.23,0.55,0.84,,0.96,0.5,0.21,,0.53,,,0.2,0.3,0.68,1358.0,Lactococcus lactis,Duplodnaviria,Heunggongvirae,Uroviricota,Caudoviricetes,Caudoviricetes incertae sedis,Skunavirus,Skunavirus CHPC362,,dsDNA
Skunavirus,1623305,0.56,0.23,0.55,0.84,,0.96,0.5,0.21,,0.53,,,0.2,0.3,0.68,1359.0,Lactococcus cremoris,Duplodnaviria,Heunggongvirae,Uroviricota,Caudoviricetes,Caudoviricetes incertae sedis,Skunavirus,Skunavirus CHPC52,,dsDNA
Skunavirus,1623305,0.56,0.23,0.55,0.84,,0.96,0.5,0.21,,0.53,,,0.2,0.3,0.68,1359.0,Lactococcus cremoris,Duplodnaviria,Heunggongvirae,Uroviricota,Caudoviricetes,Caudoviricetes incertae sedis,Skunavirus,Skunavirus CHPC781,,dsDNA
Skunavirus,1623305,0.56,0.23,0.55,0.84,,0.96,0.5,0.21,,0.53,,,0.2,0.3,0.68,1359.0,Lactococcus cremoris,Duplodnaviria,Heunggongvirae,Uroviricota,Caudoviricetes,Caudoviricetes incertae sedis,Skunavirus,Skunavirus CHPC958,,dsDNA
Skunavirus,1623305,0.56,0.23,0.55,0.84,,0.96,0.5,0.21,,0.53,,,0.2,0.3,0.68,1359.0,Lactococcus cremoris,Duplodnaviria,Heunggongvirae,Uroviricota,Caudoviricetes,Caudoviricetes incertae sedis,Skunavirus,Skunavirus CHPC959,,dsDNA
Skunavirus,1623305,0.56,0.23,0.55,0.84,,0.96,0.5,0.21,,0.53,,,0.2,0.3,0.68,1359.0,Lactococcus cremoris,Duplodnaviria,Heunggongvirae,Uroviricota,Caudoviricetes,Caudoviricetes incertae sedis,Skunavirus,Skunavirus CHPC964,,dsDNA
Skunavirus,1623305,0.56,0.23,0.55,0.84,,0.96,0.5,0.21,,0.53,,,0.2,0.3,0.68,1359.0,Lactococcus cremoris,Duplodnaviria,Heunggongvirae,Uroviricota,Caudoviricetes,Caudoviricetes incertae sedis,Skunavirus,Skunavirus CHPC965,,dsDNA
Skunavirus,1623305,0.56,0.23,0.55,0.84,,0.96,0.5,0.21,,0.53,,,0.2,0.3,0.68,1359.0,Lactococcus cremoris,Duplodnaviria,Heunggongvirae,Uroviricota,Caudoviricetes,Caudoviricetes incertae sedis,Skunavirus,unclassified Skunavirus,,dsDNA
Skunavirus,1623305,0.56,0.23,0.55,0.84,,0.96,0.5,0.21,,0.53,,,0.2,0.3,0.68,1357.0,Lactococcus,Duplodnaviria,Heunggongvirae,Uroviricota,Caudoviricetes,Caudoviricetes incertae sedis,Skunavirus,Skunavirus fd13,,dsDNA
Skunavirus,1623305,0.56,0.23,0.55,0.84,,0.96,0.5,0.21,,0.53,,,0.2,0.3,0.68,1359.0,Lactococcus cremoris,Duplodnaviria,Heunggongvirae,Uroviricota,Caudoviricetes,Caudoviricetes incertae sedis,Skunavirus,Skunavirus jm2,,dsDNA
Skunavirus,1623305,0.56,0.23,0.55,0.84,,0.96,0.5,0.21,,0.53,,,0.2,0.3,0.68,1359.0,Lactococcus cremoris,Duplodnaviria,Heunggongvirae,Uroviricota,Caudoviricetes,Caudoviricetes incertae sedis,Skunavirus,Skunavirus jm3,,dsDNA
Skunavirus,1623305,0.56,0.23,0.55,0.84,,0.96,0.5,0.21,,0.53,,,0.2,0.3,0.68,1359.0,Lactococcus cremoris,Duplodnaviria,Heunggongvirae,Uroviricota,Caudoviricetes,Caudoviricetes incertae sedis,Skunavirus,Skunavirus LP9903,,dsDNA
Skunavirus,1623305,0.56,0.23,0.55,0.84,,0.96,0.5,0.21,,0.53,,,0.2,0.3,0.68,1359.0,Lactococcus cremoris,Duplodnaviria,Heunggongvirae,Uroviricota,Caudoviricetes,Caudoviricetes incertae sedis,Skunavirus,Skunavirus LP9908,,dsDNA
Skunavirus,1623305,0.56,0.23,0.55,0.84,,0.96,0.5,0.21,,0.53,,,0.2,0.3,0.68,1359.0,Lactococcus cremoris,Duplodnaviria,Heunggongvirae,Uroviricota,Caudoviricetes,Caudoviricetes incertae sedis,Skunavirus,Skunavirus LP0209,,dsDNA
Skunavirus,1623305,0.56,0.23,0.55,0.84,,0.96,0.5,0.21,,0.53,,,0.2,0.3,0.68,1359.0,Lactococcus cremoris,Duplodnaviria,Heunggongvirae,Uroviricota,Caudoviricetes,Caudoviricetes incertae sedis,Skunavirus,Skunavirus LP0903,,dsDNA
Skunavirus,1623305,0.56,0.23,0.55,0.84,,0.96,0.5,0.21,,0.53,,,0.2,0.3,0.68,272623.0,Lactococcus lactis subsp. lactis Il1403,Duplodnaviria,Heunggongvirae,Uroviricota,Caudoviricetes,Caudoviricetes incertae sedis,Skunavirus,Skunavirus LP1502a,,dsDNA
Skunavirus,1623305,0.56,0.23,0.55,0.84,,0.96,0.5,0.21,,0.53,,,0.2,0.3,0.68,1359.0,Lactococcus cremoris,Duplodnaviria,Heunggongvirae,Uroviricota,Caudoviricetes,Caudoviricetes incertae sedis,Skunavirus,Skunavirus LP8511,,dsDNA
Skunavirus,1623305,0.56,0.23,0.55,0.84,,0.96,0.5,0.21,,0.53,,,0.2,0.3,0.68,1359.0,Lactococcus cremoris,Duplodnaviria,Heunggongvirae,Uroviricota,Caudoviricetes,Caudoviricetes incertae sedis,Skunavirus,Skunavirus LP9207,,dsDNA
Skunavirus,1623305,0.56,0.23,0.55,0.84,,0.96,0.5,0.21,,0.53,,,0.2,0.3,0.68,1359.0,Lactococcus cremoris,Duplodnaviria,Heunggongvirae,Uroviricota,Caudoviricetes,Caudoviricetes incertae sedis,Skunavirus,Skunavirus LP9404,,dsDNA
Skunavirus,1623305,0.56,0.23,0.55,0.84,,0.96,0.5,0.21,,0.53,,,0.2,0.3,0.68,1359.0,Lactococcus cremoris,Duplodnaviria,Heunggongvirae,Uroviricota,Caudoviricetes,Caudoviricetes incertae sedis,Skunavirus,Skunavirus LP9609,,dsDNA
Skunavirus,1623305,0.56,0.23,0.55,0.84,,0.96,0.5,0.21,,0.53,,,0.2,0.3,0.68,44273.0,Lactococcus sp.,Duplodnaviria,Heunggongvirae,Uroviricota,Caudoviricetes,Caudoviricetes incertae sedis,Skunavirus,unclassified Skunavirus,,dsDNA
Skunavirus,1623305,0.56,0.23,0.55,0.84,,0.96,0.5,0.21,,0.53,,,0.2,0.3,0.68,44688.0,Lactococcus lactis subsp. lactis bv. diacetylactis,Duplodnaviria,Heunggongvirae,Uroviricota,Caudoviricetes,Caudoviricetes incertae sedis,Skunavirus,Skunavirus MP1,,dsDNA
Skunavirus,1623305,0.56,0.23,0.55,0.84,,0.96,0.5,0.21,,0.53,,,0.2,0.3,0.68,1358.0,Lactococcus lactis,Duplodnaviria,Heunggongvirae,Uroviricota,Caudoviricetes,Caudoviricetes incertae sedis,Skunavirus,Skunavirus MV10L,,dsDNA
Skunavirus,1623305,0.56,0.23,0.55,0.84,,0.96,0.5,0.21,,0.53,,,0.2,0.3,0.68,272623.0,Lactococcus lactis subsp. lactis Il1403,Duplodnaviria,Heunggongvirae,Uroviricota,Caudoviricetes,Caudoviricetes incertae sedis,Skunavirus,Skunavirus P008,,dsDNA
Skunavirus,1623305,0.56,0.23,0.55,0.84,,0.96,0.5,0.21,,0.53,,,0.2,0.3,0.68,1358.0,Lactococcus lactis,Duplodnaviria,Heunggongvirae,Uroviricota,Caudoviricetes,Caudoviricetes incertae sedis,Skunavirus,Skunavirus P1532,,dsDNA
Skunavirus,1623305,0.56,0.23,0.55,0.84,,0.96,0.5,0.21,,0.53,,,0.2,0.3,0.68,1358.0,Lactococcus lactis,Duplodnaviria,Heunggongvirae,Uroviricota,Caudoviricetes,Caudoviricetes incertae sedis,Skunavirus,Skunavirus P4565,,dsDNA
Skunavirus,1623305,0.56,0.23,0.55,0.84,,0.96,0.5,0.21,,0.53,,,0.2,0.3,0.68,1358.0,Lactococcus lactis,Duplodnaviria,Heunggongvirae,Uroviricota,Caudoviricetes,Caudoviricetes incertae sedis,Skunavirus,Skunavirus P656,,dsDNA
Skunavirus,1623305,0.56,0.23,0.55,0.84,,0.96,0.5,0.21,,0.53,,,0.2,0.3,0.68,1360.0,Lactococcus lactis subsp. lactis,Duplodnaviria,Heunggongvirae,Uroviricota,Caudoviricetes,Caudoviricetes incertae sedis,Skunavirus,Skunavirus P680,,dsDNA
Skunavirus,1623305,0.56,0.23,0.55,0.84,,0.96,0.5,0.21,,0.53,,,0.2,0.3,0.68,272623.0,Lactococcus lactis subsp. lactis Il1403,Duplodnaviria,Heunggongvirae,Uroviricota,Caudoviricetes,Caudoviricetes incertae sedis,Skunavirus,Skunavirus P680,,dsDNA
Skunavirus,1623305,0.56,0.23,0.55,0.84,,0.96,0.5,0.21,,0.53,,,0.2,0.3,0.68,44273.0,Lactococcus sp.,Duplodnaviria,Heunggongvirae,Uroviricota,Caudoviricetes,Caudoviricetes incertae sedis,Skunavirus,Skunavirus sv145,,dsDNA
Skunavirus,1623305,0.56,0.23,0.55,0.84,,0.96,0.5,0.21,,0.53,,,0.2,0.3,0.68,44273.0,Lactococcus sp.,Duplodnaviria,Heunggongvirae,Uroviricota,Caudoviricetes,Caudoviricetes incertae sedis,Skunavirus,Skunavirus sv15,,dsDNA
Skunavirus,1623305,0.56,0.23,0.55,0.84,,0.96,0.5,0.21,,0.53,,,0.2,0.3,0.68,1359.0,Lactococcus cremoris,Duplodnaviria,Heunggongvirae,Uroviricota,Caudoviricetes,Caudoviricetes incertae sedis,Skunavirus,Skunavirus sv7,,dsDNA
Skunavirus,1623305,0.56,0.23,0.55,0.84,,0.96,0.5,0.21,,0.53,,,0.2,0.3,0.68,1358.0,Lactococcus lactis,Duplodnaviria,Heunggongvirae,Uroviricota,Caudoviricetes,Caudoviricetes incertae sedis,Skunavirus,Skunavirus R31,,dsDNA
Skunavirus,1623305,0.56,0.23,0.55,0.84,,0.96,0.5,0.21,,0.53,,,0.2,0.3,0.68,1358.0,Lactococcus lactis,Duplodnaviria,Heunggongvirae,Uroviricota,Caudoviricetes,Caudoviricetes incertae sedis,Skunavirus,Skunavirus sk1,,dsDNA
Skunavirus,1623305,0.56,0.23,0.55,0.84,,0.96,0.5,0.21,,0.53,,,0.2,0.3,0.68,2816960.0,Lactococcus cremoris subsp. cremoris,Duplodnaviria,Heunggongvirae,Uroviricota,Caudoviricetes,Caudoviricetes incertae sedis,Skunavirus,Skunavirus Sl4,,dsDNA
Skunavirus,1623305,0.56,0.23,0.55,0.84,,0.96,0.5,0.21,,0.53,,,0.2,0.3,0.68,1358.0,Lactococcus lactis,Duplodnaviria,Heunggongvirae,Uroviricota,Caudoviricetes,Caudoviricetes incertae sedis,Skunavirus,Skunavirus bIBB5g1,,dsDNA
Skunavirus,1623305,0.56,0.23,0.55,0.84,,0.96,0.5,0.21,,0.53,,,0.2,0.3,0.68,1358.0,Lactococcus lactis,Duplodnaviria,Heunggongvirae,Uroviricota,Caudoviricetes,Caudoviricetes incertae sedis,Skunavirus,Skunavirus bibb29,,dsDNA
Skunavirus,1623305,0.56,0.23,0.55,0.84,,0.96,0.5,0.21,,0.53,,,0.2,0.3,0.68,1358.0,Lactococcus lactis,Duplodnaviria,Heunggongvirae,Uroviricota,Caudoviricetes,Caudoviricetes incertae sedis,Skunavirus,Skunavirus bIBBF12,,dsDNA
Skunavirus,1623305,0.56,0.23,0.55,0.84,,0.96,0.5,0.21,,0.53,,,0.2,0.3,0.68,416870.0,Lactococcus cremoris subsp. cremoris MG1363,Duplodnaviria,Heunggongvirae,Uroviricota,Caudoviricetes,Caudoviricetes incertae sedis,Skunavirus,unclassified Skunavirus,,dsDNA
Skunavirus,1623305,0.56,0.23,0.55,0.84,,0.96,0.5,0.21,,0.53,,,0.2,0.3,0.68,1359.0,Lactococcus cremoris,Duplodnaviria,Heunggongvirae,Uroviricota,Caudoviricetes,Caudoviricetes incertae sedis,Skunavirus,,,dsDNA
Lessievirus,1720323,0.15,0.16,0.14,0.11,,,,,,,0.18,0.81,,,,32008.0,Burkholderia,Duplodnaviria,Heunggongvirae,Uroviricota,Caudoviricetes,Caudoviricetes incertae sedis,Lessievirus,Lessievirus bcep22,,dsDNA
Lessievirus,1720323,0.15,0.16,0.14,0.11,,,,,,,0.18,0.81,,,,95486.0,Burkholderia cenocepacia,Duplodnaviria,Heunggongvirae,Uroviricota,Caudoviricetes,Caudoviricetes incertae sedis,Lessievirus,Lessievirus bcep22,,dsDNA
Lessievirus,1720323,0.15,0.16,0.14,0.11,,,,,,,0.18,0.81,,,,95486.0,Burkholderia cenocepacia,Duplodnaviria,Heunggongvirae,Uroviricota,Caudoviricetes,Caudoviricetes incertae sedis,Lessievirus,Lessievirus bcepil02,,dsDNA
Lessievirus,1720323,0.15,0.16,0.14,0.11,,,,,,,0.18,0.81,,,,95486.0,Burkholderia cenocepacia,Duplodnaviria,Heunggongvirae,Uroviricota,Caudoviricetes,Caudoviricetes incertae sedis,Lessievirus,Lessievirus bcepmigl,,dsDNA
Lessievirus,1720323,0.15,0.16,0.14,0.11,,,,,,,0.18,0.81,,,,488447.0,Burkholderia contaminans,Duplodnaviria,Heunggongvirae,Uroviricota,Caudoviricetes,Caudoviricetes incertae sedis,Lessievirus,unclassified Lessievirus,,dsDNA
Lessievirus,1720323,0.15,0.16,0.14,0.11,,,,,,,0.18,0.81,,,,292.0,Burkholderia cepacia,Duplodnaviria,Heunggongvirae,Uroviricota,Caudoviricetes,Caudoviricetes incertae sedis,Lessievirus,Lessievirus DC1,,dsDNA
Lessievirus,1720323,0.15,0.16,0.14,0.11,,,,,,,0.18,0.81,,,,95486.0,Burkholderia cenocepacia,Duplodnaviria,Heunggongvirae,Uroviricota,Caudoviricetes,Caudoviricetes incertae sedis,Lessievirus,unclassified Lessievirus,,dsDNA
Hollowayvirus,1720324,0.55,0.38,0.35,0.63,,0.4,0.24,,0.2,0.27,,0.25,,0.23,0.35,287.0,Pseudomonas aeruginosa,Duplodnaviria,Heunggongvirae,Uroviricota,Caudoviricetes,Caudoviricetes incertae sedis,Hollowayvirus,unclassified Hollowayvirus,,dsDNA
Hollowayvirus,1720324,0.55,0.38,0.35,0.63,,0.4,0.24,,0.2,0.27,,0.25,,0.23,0.35,306.0,Pseudomonas sp.,Duplodnaviria,Heunggongvirae,Uroviricota,Caudoviricetes,Caudoviricetes incertae sedis,Hollowayvirus,Hollowayvirus Epa33,,dsDNA
Hollowayvirus,1720324,0.55,0.38,0.35,0.63,,0.4,0.24,,0.2,0.27,,0.25,,0.23,0.35,287.0,Pseudomonas aeruginosa,Duplodnaviria,Heunggongvirae,Uroviricota,Caudoviricetes,Caudoviricetes incertae sedis,Hollowayvirus,Hollowayvirus F116,,dsDNA
Hollowayvirus,1720324,0.55,0.38,0.35,0.63,,0.4,0.24,,0.2,0.27,,0.25,,0.23,0.35,286.0,Pseudomonas,Duplodnaviria,Heunggongvirae,Uroviricota,Caudoviricetes,Caudoviricetes incertae sedis,Hollowayvirus,unclassified Hollowayvirus,,dsDNA
Hollowayvirus,1720324,0.55,0.38,0.35,0.63,,0.4,0.24,,0.2,0.27,,0.25,,0.23,0.35,208964.0,Pseudomonas aeruginosa PAO1,Duplodnaviria,Heunggongvirae,Uroviricota,Caudoviricetes,Caudoviricetes incertae sedis,Hollowayvirus,Hollowayvirus H66,,dsDNA
Hollowayvirus,1720324,0.55,0.38,0.35,0.63,,0.4,0.24,,0.2,0.27,,0.25,,0.23,0.35,208964.0,Pseudomonas aeruginosa PAO1,Duplodnaviria,Heunggongvirae,Uroviricota,Caudoviricetes,Caudoviricetes incertae sedis,Hollowayvirus,Hollowayvirus LKA5,,dsDNA
Hollowayvirus,1720324,0.55,0.38,0.35,0.63,,0.4,0.24,,0.2,0.27,,0.25,,0.23,0.35,208964.0,Pseudomonas aeruginosa PAO1,Duplodnaviria,Heunggongvirae,Uroviricota,Caudoviricetes,Caudoviricetes incertae sedis,Hollowayvirus,Hollowayvirus PA8,,dsDNA
Hollowayvirus,1720324,0.55,0.38,0.35,0.63,,0.4,0.24,,0.2,0.27,,0.25,,0.23,0.35,286.0,Pseudomonas,Duplodnaviria,Heunggongvirae,Uroviricota,Caudoviricetes,Caudoviricetes incertae sedis,Hollowayvirus,Hollowayvirus phiC725A,,dsDNA
Hollowayvirus,1720324,0.55,0.38,0.35,0.63,,0.4,0.24,,0.2,0.27,,0.25,,0.23,0.35,286.0,Pseudomonas,Duplodnaviria,Heunggongvirae,Uroviricota,Caudoviricetes,Caudoviricetes incertae sedis,Hollowayvirus,Hollowayvirus E220,,dsDNA
Silviavirus,1857889,,,,,,,,,,,0.28,,,,,1280.0,Staphylococcus aureus,Duplodnaviria,Heunggongvirae,Uroviricota,Caudoviricetes,Caudoviricetes incertae sedis,Herelleviridae,Twortvirinae,Silviavirus,dsDNA
Silviavirus,1857889,,,,,,,,,,,0.28,,,,,1292.0,Staphylococcus warneri,Duplodnaviria,Heunggongvirae,Uroviricota,Caudoviricetes,Caudoviricetes incertae sedis,Herelleviridae,Twortvirinae,Silviavirus,dsDNA
Silviavirus,1857889,,,,,,,,,,,0.28,,,,,561307.0,Staphylococcus aureus subsp. aureus RN4220,Duplodnaviria,Heunggongvirae,Uroviricota,Caudoviricetes,Caudoviricetes incertae sedis,Herelleviridae,Twortvirinae,Silviavirus,dsDNA
Betapolyomavirus,1891714,,,,,,,,,,,,0.34,,,,9785.0,Loxodonta africana,Monodnaviria,Shotokuvirae,Cossaviricota,Papovaviricetes,Sepolyvirales,Polyomaviridae,Betapolyomavirus,Betapolyomavirus elephanti,
Betapolyomavirus,1891714,,,,,,,,,,,,0.34,,,,9555.0,Papio anubis,Monodnaviria,Shotokuvirae,Cossaviricota,Papovaviricetes,Sepolyvirales,Polyomaviridae,Betapolyomavirus,Betapolyomavirus secupacynocephalus,
Betapolyomavirus,1891714,,,,,,,,,,,,0.34,,,,47230.0,Microtus arvalis,Monodnaviria,Shotokuvirae,Cossaviricota,Papovaviricetes,Sepolyvirales,Polyomaviridae,Betapolyomavirus,Betapolyomavirus myoglareolus,
Betapolyomavirus,1891714,,,,,,,,,,,,0.34,,,,447135.0,Myodes glareolus,Monodnaviria,Shotokuvirae,Cossaviricota,Papovaviricetes,Sepolyvirales,Polyomaviridae,Betapolyomavirus,Betapolyomavirus myoglareolus,
Betapolyomavirus,1891714,,,,,,,,,,,,0.34,,,,9430.0,Desmodus rotundus,Monodnaviria,Shotokuvirae,Cossaviricota,Papovaviricetes,Sepolyvirales,Polyomaviridae,Betapolyomavirus,Betapolyomavirus desrotundus,
Betapolyomavirus,1891714,,,,,,,,,,,,0.34,,,,59476.0,Pteronotus parnellii,Monodnaviria,Shotokuvirae,Cossaviricota,Papovaviricetes,Sepolyvirales,Polyomaviridae,Betapolyomavirus,Betapolyomavirus pteparnellii,
Betapolyomavirus,1891714,,,,,,,,,,,,0.34,,,,1.0,root,Monodnaviria,Shotokuvirae,Cossaviricota,Papovaviricetes,Sepolyvirales,Polyomaviridae,Betapolyomavirus,Betapolyomavirus secacelebensis,
Betapolyomavirus,1891714,,,,,,,,,,,,0.34,,,,40230.0,Artibeus planirostris,Monodnaviria,Shotokuvirae,Cossaviricota,Papovaviricetes,Sepolyvirales,Polyomaviridae,Betapolyomavirus,,
Betapolyomavirus,1891714,,,,,,,,,,,,0.34,,,,9514.0,Cebus albifrons,Monodnaviria,Shotokuvirae,Cossaviricota,Papovaviricetes,Sepolyvirales,Polyomaviridae,Betapolyomavirus,,
Betapolyomavirus,1891714,,,,,,,,,,,,0.34,,,,64676.0,Callosciurus prevostii,Monodnaviria,Shotokuvirae,Cossaviricota,Papovaviricetes,Sepolyvirales,Polyomaviridae,Betapolyomavirus,,
Betapolyomavirus,1891714,,,,,,,,,,,,0.34,,,,9615.0,Canis lupus familiaris,Monodnaviria,Shotokuvirae,Cossaviricota,Papovaviricetes,Sepolyvirales,Polyomaviridae,Betapolyomavirus,,
Betapolyomavirus,1891714,,,,,,,,,,,,0.34,,,,167130.0,Cercopithecus erythrotis,Monodnaviria,Shotokuvirae,Cossaviricota,Papovaviricetes,Sepolyvirales,Polyomaviridae,Betapolyomavirus,,
Betapolyomavirus,1891714,,,,,,,,,,,,0.34,,,,34882.0,Enhydra lutris,Monodnaviria,Shotokuvirae,Cossaviricota,Papovaviricetes,Sepolyvirales,Polyomaviridae,Betapolyomavirus,,
Betapolyomavirus,1891714,,,,,,,,,,,,0.34,,,,9796.0,Equus caballus,Monodnaviria,Shotokuvirae,Cossaviricota,Papovaviricetes,Sepolyvirales,Polyomaviridae,Betapolyomavirus,,
Betapolyomavirus,1891714,,,,,,,,,,,,0.34,,,,9606.0,Homo sapiens,Monodnaviria,Shotokuvirae,Cossaviricota,Papovaviricetes,Sepolyvirales,Polyomaviridae,Betapolyomavirus,,
Betapolyomavirus,1891714,,,,,,,,,,,,0.34,,,,9713.0,Leptonychotes weddellii,Monodnaviria,Shotokuvirae,Cossaviricota,Papovaviricetes,Sepolyvirales,Polyomaviridae,Betapolyomavirus,,
Betapolyomavirus,1891714,,,,,,,,,,,,0.34,,,,9539.0,Macaca,Monodnaviria,Shotokuvirae,Cossaviricota,Papovaviricetes,Sepolyvirales,Polyomaviridae,Betapolyomavirus,,
Betapolyomavirus,1891714,,,,,,,,,,,,0.34,,,,10112.0,Mastomys natalensis,Monodnaviria,Shotokuvirae,Cossaviricota,Papovaviricetes,Sepolyvirales,Polyomaviridae,Betapolyomavirus,,
Betapolyomavirus,1891714,,,,,,,,,,,,0.34,,,,60710.0,Chlorocebus pygerythrus,Monodnaviria,Shotokuvirae,Cossaviricota,Papovaviricetes,Sepolyvirales,Polyomaviridae,Betapolyomavirus,,
Betapolyomavirus,1891714,,,,,,,,,,,,0.34,,,,10090.0,Mus musculus,Monodnaviria,Shotokuvirae,Cossaviricota,Papovaviricetes,Sepolyvirales,Polyomaviridae,Betapolyomavirus,,
Betapolyomavirus,1891714,,,,,,,,,,,,0.34,,,,10114.0,Rattus,Monodnaviria,Shotokuvirae,Cossaviricota,Papovaviricetes,Sepolyvirales,Polyomaviridae,Betapolyomavirus,,
Betapolyomavirus,1891714,,,,,,,,,,,,0.34,,,,10116.0,Rattus norvegicus,Monodnaviria,Shotokuvirae,Cossaviricota,Papovaviricetes,Sepolyvirales,Polyomaviridae,Betapolyomavirus,,
Betapolyomavirus,1891714,,,,,,,,,,,,0.34,,,,30538.0,Vicugna pacos,Monodnaviria,Shotokuvirae,Cossaviricota,Papovaviricetes,Sepolyvirales,Polyomaviridae,Betapolyomavirus,,
Betapolyomavirus,1891714,,,,,,,,,,,,0.34,,,,9704.0,Zalophus californianus,Monodnaviria,Shotokuvirae,Cossaviricota,Papovaviricetes,Sepolyvirales,Polyomaviridae,Betapolyomavirus,Betapolyomavirus zacalifornianus,
Betapolyomavirus,1891714,,,,,,,,,,,,0.34,,,,41261.0,Glis glis,Monodnaviria,Shotokuvirae,Cossaviricota,Papovaviricetes,Sepolyvirales,Polyomaviridae,Betapolyomavirus,Betapolyomavirus gliris,
Betapolyomavirus,1891714,,,,,,,,,,,,0.34,,,,100182.0,Lepus granatensis,Monodnaviria,Shotokuvirae,Cossaviricota,Papovaviricetes,Sepolyvirales,Polyomaviridae,Betapolyomavirus,Betapolyomavirus leporis,
Betapolyomavirus,1891714,,,,,,,,,,,,0.34,,,,9662.0,Meles meles,Monodnaviria,Shotokuvirae,Cossaviricota,Papovaviricetes,Sepolyvirales,Polyomaviridae,Betapolyomavirus,Betapolyomavirus meletis,
Betapolyomavirus,1891714,,,,,,,,,,,,0.34,,,,59463.0,Myotis lucifugus,Monodnaviria,Shotokuvirae,Cossaviricota,Papovaviricetes,Sepolyvirales,Polyomaviridae,Betapolyomavirus,Betapolyomavirus myolucifugus,
Betapolyomavirus,1891714,,,,,,,,,,,,0.34,,,,257882.0,Myotis californicus,Monodnaviria,Shotokuvirae,Cossaviricota,Papovaviricetes,Sepolyvirales,Polyomaviridae,Betapolyomavirus,Betapolyomavirus myolucifugus,
Betapolyomavirus,1891714,,,,,,,,,,,,0.34,,,,37012.0,Pan troglodytes verus,Monodnaviria,Shotokuvirae,Cossaviricota,Papovaviricetes,Sepolyvirales,Polyomaviridae,Betapolyomavirus,Betapolyomavirus octipanos,
Betapolyomavirus,1891714,,,,,,,,,,,,0.34,,,,9689.0,Panthera leo,Monodnaviria,Shotokuvirae,Cossaviricota,Papovaviricetes,Sepolyvirales,Polyomaviridae,Betapolyomavirus,Betapolyomavirus pantherae,
Betapolyomavirus,1891714,,,,,,,,,,,,0.34,,,,9407.0,Rousettus aegyptiacus,Monodnaviria,Shotokuvirae,Cossaviricota,Papovaviricetes,Sepolyvirales,Polyomaviridae,Betapolyomavirus,Betapolyomavirus raegyptiacus,
Betapolyomavirus,1891714,,,,,,,,,,,,0.34,,,,9521.0,Saimiri sciureus,Monodnaviria,Shotokuvirae,Cossaviricota,Papovaviricetes,Sepolyvirales,Polyomaviridae,Betapolyomavirus,Betapolyomavirus sasciureus,
Betapolyomavirus,1891714,,,,,,,,,,,,0.34,,,,30640.0,Sciurus carolinensis,Monodnaviria,Shotokuvirae,Cossaviricota,Papovaviricetes,Sepolyvirales,Polyomaviridae,Betapolyomavirus,Betapolyomavirus sciuri,
Betapolyomavirus,1891714,,,,,,,,,,,,0.34,,,,27679.0,Saimiri boliviensis,Monodnaviria,Shotokuvirae,Cossaviricota,Papovaviricetes,Sepolyvirales,Polyomaviridae,Betapolyomavirus,Betapolyomavirus saboliviensis,
Betapolyomavirus,1891714,,,,,,,,,,,,0.34,,,,39432.0,Saimiri boliviensis boliviensis,Monodnaviria,Shotokuvirae,Cossaviricota,Papovaviricetes,Sepolyvirales,Polyomaviridae,Betapolyomavirus,Betapolyomavirus saboliviensis,
Betapolyomavirus,1891714,,,,,,,,,,,,0.34,,,,9556.0,Papio cynocephalus,Monodnaviria,Shotokuvirae,Cossaviricota,Papovaviricetes,Sepolyvirales,Polyomaviridae,Betapolyomavirus,Betapolyomavirus secupacynocephalus,
Alphatrevirus,1910951,0.12,0.08,0.11,0.13,,,,,,,,,,,,561.0,Escherichia,Monodnaviria,Sangervirae,Phixviricota,Malgrandaviricetes,Petitvirales,Microviridae,Bullavirinae,Alphatrevirus,
Alphatrevirus,1910951,0.12,0.08,0.11,0.13,,,,,,,,,,,,83333.0,Escherichia coli K-12,Monodnaviria,Sangervirae,Phixviricota,Malgrandaviricetes,Petitvirales,Microviridae,Bullavirinae,Alphatrevirus,
Gequatrovirus,1910952,0.12,0.14,,,,,,,,,,,,,,562.0,Escherichia coli,Monodnaviria,Sangervirae,Phixviricota,Malgrandaviricetes,Petitvirales,Microviridae,Bullavirinae,Gequatrovirus,
Gequatrovirus,1910952,0.12,0.14,,,,,,,,,,,,,,543.0,Enterobacteriaceae,Monodnaviria,Sangervirae,Phixviricota,Malgrandaviricetes,Petitvirales,Microviridae,Bullavirinae,Gequatrovirus,
Gequatrovirus,1910952,0.12,0.14,,,,,,,,,,,,,,498388.0,Escherichia coli C,Monodnaviria,Sangervirae,Phixviricota,Malgrandaviricetes,Petitvirales,Microviridae,Bullavirinae,Gequatrovirus,
Gequatrovirus,1910952,0.12,0.14,,,,,,,,,,,,,,624.0,Shigella sonnei,Monodnaviria,Sangervirae,Phixviricota,Malgrandaviricetes,Petitvirales,Microviridae,Bullavirinae,Gequatrovirus,
Sinsheimervirus,1910954,,0.25,,,,,,,,,,,,,,99287.0,Salmonella enterica subsp. enterica serovar Typhimurium str. LT2,Monodnaviria,Sangervirae,Phixviricota,Malgrandaviricetes,Petitvirales,Microviridae,Bullavirinae,Sinsheimervirus,
Sinsheimervirus,1910954,,0.25,,,,,,,,,,,,,,2680004.0,Protaetiibacter,Monodnaviria,Sangervirae,Phixviricota,Malgrandaviricetes,Petitvirales,Microviridae,Bullavirinae,Sinsheimervirus,
Sinsheimervirus,1910954,,0.25,,,,,,,,,,,,,,90371.0,Salmonella enterica subsp. enterica serovar Typhimurium,Monodnaviria,Sangervirae,Phixviricota,Malgrandaviricetes,Petitvirales,Microviridae,Bullavirinae,Sinsheimervirus,
Sinsheimervirus,1910954,,0.25,,,,,,,,,,,,,,623.0,Shigella flexneri,Monodnaviria,Sangervirae,Phixviricota,Malgrandaviricetes,Petitvirales,Microviridae,Bullavirinae,Sinsheimervirus,
Jerseyvirus,1910991,,0.1,0.08,0.08,,0.55,,0.53,,,0.23,,,,,511145.0,Escherichia coli str. K-12 substr. MG1655,Duplodnaviria,Heunggongvirae,Uroviricota,Caudoviricetes,Caudoviricetes incertae sedis,Sarkviridae,Guernseyvirinae,Jerseyvirus,dsDNA
Jerseyvirus,1910991,,0.1,0.08,0.08,,0.55,,0.53,,,0.23,,,,,149539.0,Salmonella enterica subsp. enterica serovar Enteritidis,Duplodnaviria,Heunggongvirae,Uroviricota,Caudoviricetes,Caudoviricetes incertae sedis,Sarkviridae,Guernseyvirinae,Jerseyvirus,dsDNA
Jerseyvirus,1910991,,0.1,0.08,0.08,,0.55,,0.53,,,0.23,,,,,317.0,Pseudomonas syringae,Duplodnaviria,Heunggongvirae,Uroviricota,Caudoviricetes,Caudoviricetes incertae sedis,Sarkviridae,Guernseyvirinae,Jerseyvirus,dsDNA
Jerseyvirus,1910991,,0.1,0.08,0.08,,0.55,,0.53,,,0.23,,,,,594.0,Salmonella enterica subsp. enterica serovar Gallinarum,Duplodnaviria,Heunggongvirae,Uroviricota,Caudoviricetes,Caudoviricetes incertae sedis,Sarkviridae,Guernseyvirinae,Jerseyvirus,dsDNA
Jerseyvirus,1910991,,0.1,0.08,0.08,,0.55,,0.53,,,0.23,,,,,605.0,Salmonella enterica subsp. enterica serovar Pullorum,Duplodnaviria,Heunggongvirae,Uroviricota,Caudoviricetes,Caudoviricetes incertae sedis,Sarkviridae,Guernseyvirinae,Jerseyvirus,dsDNA
Jerseyvirus,1910991,,0.1,0.08,0.08,,0.55,,0.53,,,0.23,,,,,599.0,Salmonella sp.,Duplodnaviria,Heunggongvirae,Uroviricota,Caudoviricetes,Caudoviricetes incertae sedis,Sarkviridae,Guernseyvirinae,Jerseyvirus,dsDNA
Jerseyvirus,1910991,,0.1,0.08,0.08,,0.55,,0.53,,,0.23,,,,,59201.0,Salmonella enterica subsp. enterica,Duplodnaviria,Heunggongvirae,Uroviricota,Caudoviricetes,Caudoviricetes incertae sedis,Sarkviridae,Guernseyvirinae,Jerseyvirus,dsDNA
Jerseyvirus,1910991,,0.1,0.08,0.08,,0.55,,0.53,,,0.23,,,,,28901.0,Salmonella enterica,Duplodnaviria,Heunggongvirae,Uroviricota,Caudoviricetes,Caudoviricetes incertae sedis,Sarkviridae,Guernseyvirinae,Jerseyvirus,dsDNA
Jerseyvirus,1910991,,0.1,0.08,0.08,,0.55,,0.53,,,0.23,,,,,90371.0,Salmonella enterica subsp. enterica serovar Typhimurium,Duplodnaviria,Heunggongvirae,Uroviricota,Caudoviricetes,Caudoviricetes incertae sedis,Sarkviridae,Guernseyvirinae,Jerseyvirus,dsDNA
Jerseyvirus,1910991,,0.1,0.08,0.08,,0.55,,0.53,,,0.23,,,,,98360.0,Salmonella enterica subsp. enterica serovar Dublin,Duplodnaviria,Heunggongvirae,Uroviricota,Caudoviricetes,Caudoviricetes incertae sedis,Sarkviridae,Guernseyvirinae,Jerseyvirus,dsDNA
Jerseyvirus,1910991,,0.1,0.08,0.08,,0.55,,0.53,,,0.23,,,,,90370.0,Salmonella enterica subsp. enterica serovar Typhi,Duplodnaviria,Heunggongvirae,Uroviricota,Caudoviricetes,Caudoviricetes incertae sedis,Sarkviridae,Guernseyvirinae,Jerseyvirus,dsDNA
Jerseyvirus,1910991,,0.1,0.08,0.08,,0.55,,0.53,,,0.23,,,,,590.0,Salmonella,Duplodnaviria,Heunggongvirae,Uroviricota,Caudoviricetes,Caudoviricetes incertae sedis,Sarkviridae,Guernseyvirinae,Jerseyvirus,dsDNA
Jerseyvirus,1910991,,0.1,0.08,0.08,,0.55,,0.53,,,0.23,,,,,54388.0,Salmonella enterica subsp. enterica serovar Paratyphi A,Duplodnaviria,Heunggongvirae,Uroviricota,Caudoviricetes,Caudoviricetes incertae sedis,Sarkviridae,Guernseyvirinae,Jerseyvirus,dsDNA
Jerseyvirus,1910991,,0.1,0.08,0.08,,0.55,,0.53,,,0.23,,,,,607.0,Salmonella enterica subsp. enterica serovar Abortusequi,Duplodnaviria,Heunggongvirae,Uroviricota,Caudoviricetes,Caudoviricetes incertae sedis,Sarkviridae,Guernseyvirinae,Jerseyvirus,dsDNA
Jerseyvirus,1910991,,0.1,0.08,0.08,,0.55,,0.53,,,0.23,,,,,99287.0,Salmonella enterica subsp. enterica serovar Typhimurium str. LT2,Duplodnaviria,Heunggongvirae,Uroviricota,Caudoviricetes,Caudoviricetes incertae sedis,Sarkviridae,Guernseyvirinae,Jerseyvirus,dsDNA
Jerseyvirus,1910991,,0.1,0.08,0.08,,0.55,,0.53,,,0.23,,,,,363568.0,Salmonella enterica subsp. enterica serovar Sendai,Duplodnaviria,Heunggongvirae,Uroviricota,Caudoviricetes,Caudoviricetes incertae sedis,Sarkviridae,Guernseyvirinae,Jerseyvirus,dsDNA
Jerseyvirus,1910991,,0.1,0.08,0.08,,0.55,,0.53,,,0.23,,,,,367181.0,Salmonella enterica subsp. enterica serovar Newlands,Duplodnaviria,Heunggongvirae,Uroviricota,Caudoviricetes,Caudoviricetes incertae sedis,Sarkviridae,Guernseyvirinae,Jerseyvirus,dsDNA
Jerseyvirus,1910991,,0.1,0.08,0.08,,0.55,,0.53,,,0.23,,,,,1299114.0,Salmonella enterica subsp. enterica serovar Typhimurium str. ATCC 14028,Duplodnaviria,Heunggongvirae,Uroviricota,Caudoviricetes,Caudoviricetes incertae sedis,Sarkviridae,Guernseyvirinae,Jerseyvirus,dsDNA
Jerseyvirus,1910991,,0.1,0.08,0.08,,0.55,,0.53,,,0.23,,,,,149391.0,Salmonella enterica subsp. enterica serovar Braenderup,Duplodnaviria,Heunggongvirae,Uroviricota,Caudoviricetes,Caudoviricetes incertae sedis,Sarkviridae,Guernseyvirinae,Jerseyvirus,dsDNA
Kagunavirus,1910992,0.44,0.68,0.5,0.57,1.8,1.43,0.83,0.62,0.52,0.33,0.58,1.02,0.63,1.17,0.46,562.0,Escherichia coli,Duplodnaviria,Heunggongvirae,Uroviricota,Caudoviricetes,Caudoviricetes incertae sedis,Sarkviridae,Guernseyvirinae,Kagunavirus,dsDNA
Kagunavirus,1910992,0.44,0.68,0.5,0.57,1.8,1.43,0.83,0.62,0.52,0.33,0.58,1.02,0.63,1.17,0.46,1392869.0,Escherichia coli K1,Duplodnaviria,Heunggongvirae,Uroviricota,Caudoviricetes,Caudoviricetes incertae sedis,Sarkviridae,Guernseyvirinae,Kagunavirus,dsDNA
Kagunavirus,1910992,0.44,0.68,0.5,0.57,1.8,1.43,0.83,0.62,0.52,0.33,0.58,1.02,0.63,1.17,0.46,561.0,Escherichia,Duplodnaviria,Heunggongvirae,Uroviricota,Caudoviricetes,Caudoviricetes incertae sedis,Sarkviridae,Guernseyvirinae,Kagunavirus,dsDNA
Kagunavirus,1910992,0.44,0.68,0.5,0.57,1.8,1.43,0.83,0.62,0.52,0.33,0.58,1.02,0.63,1.17,0.46,1055538.0,Escherichia coli O145,Duplodnaviria,Heunggongvirae,Uroviricota,Caudoviricetes,Caudoviricetes incertae sedis,Sarkviridae,Guernseyvirinae,Kagunavirus,dsDNA
Kagunavirus,1910992,0.44,0.68,0.5,0.57,1.8,1.43,0.83,0.62,0.52,0.33,0.58,1.02,0.63,1.17,0.46,83334.0,Escherichia coli O157:H7,Duplodnaviria,Heunggongvirae,Uroviricota,Caudoviricetes,Caudoviricetes incertae sedis,Sarkviridae,Guernseyvirinae,Kagunavirus,dsDNA
Kagunavirus,1910992,0.44,0.68,0.5,0.57,1.8,1.43,0.83,0.62,0.52,0.33,0.58,1.02,0.63,1.17,0.46,511693.0,Escherichia coli BL21,Duplodnaviria,Heunggongvirae,Uroviricota,Caudoviricetes,Caudoviricetes incertae sedis,Sarkviridae,Guernseyvirinae,Kagunavirus,dsDNA
Kagunavirus,1910992,0.44,0.68,0.5,0.57,1.8,1.43,0.83,0.62,0.52,0.33,0.58,1.02,0.63,1.17,0.46,1873496.0,Raoultella sp.,Duplodnaviria,Heunggongvirae,Uroviricota,Caudoviricetes,Caudoviricetes incertae sedis,Sarkviridae,Guernseyvirinae,Kagunavirus,dsDNA
Cornellvirus,1910993,0.16,0.56,0.32,0.27,,1.06,0.3,,,0.2,0.69,0.47,1.02,,,340188.0,Salmonella enterica subsp. enterica serovar Cerro,Duplodnaviria,Heunggongvirae,Uroviricota,Caudoviricetes,Caudoviricetes incertae sedis,Sarkviridae,Guernseyvirinae,Cornellvirus,dsDNA
Cornellvirus,1910993,0.16,0.56,0.32,0.27,,1.06,0.3,,,0.2,0.69,0.47,1.02,,,595.0,Salmonella enterica subsp. enterica serovar Infantis,Duplodnaviria,Heunggongvirae,Uroviricota,Caudoviricetes,Caudoviricetes incertae sedis,Sarkviridae,Guernseyvirinae,Cornellvirus,dsDNA
Gammacarmovirus,1911601,0.09,0.18,0.3,0.19,,0.51,1.09,1.55,0.52,1.81,,0.39,0.28,,0.26,,,,,,,,,,,
Caeruleovirus,1911929,,,,,,,,0.56,,,,,,,,1404.0,Priestia megaterium,Duplodnaviria,Heunggongvirae,Uroviricota,Caudoviricetes,Caudoviricetes incertae sedis,Herelleviridae,Bastillevirinae,Caeruleovirus,dsDNA
Caeruleovirus,1911929,,,,,,,,0.56,,,,,,,,1053197.0,Bacillus cereus BtB2-4,Duplodnaviria,Heunggongvirae,Uroviricota,Caudoviricetes,Caudoviricetes incertae sedis,Herelleviridae,Bastillevirinae,Caeruleovirus,dsDNA
Caeruleovirus,1911929,,,,,,,,0.56,,,,,,,,64187.0,Xanthomonas oryzae pv. oryzae,Duplodnaviria,Heunggongvirae,Uroviricota,Caudoviricetes,Caudoviricetes incertae sedis,Herelleviridae,Bastillevirinae,Caeruleovirus,dsDNA
Gaprivervirus,1913654,,0.07,,,,,,,,,,,,,,,,,,,,,,,,
Certrevirus,1914850,0.11,0.06,,0.13,,,0.26,,,,,,,,,28141.0,Cronobacter sakazakii,Duplodnaviria,Heunggongvirae,Uroviricota,Caudoviricetes,Caudoviricetes incertae sedis,Certrevirus,Certrevirus CR3,,dsDNA
Certrevirus,1914850,0.11,0.06,,0.13,,,0.26,,,,,,,,,28141.0,Cronobacter sakazakii,Duplodnaviria,Heunggongvirae,Uroviricota,Caudoviricetes,Caudoviricetes incertae sedis,Certrevirus,Certrevirus CR8,,dsDNA
Certrevirus,1914850,0.11,0.06,,0.13,,,0.26,,,,,,,,,28141.0,Cronobacter sakazakii,Duplodnaviria,Heunggongvirae,Uroviricota,Caudoviricetes,Caudoviricetes incertae sedis,Certrevirus,Certrevirus CR9,,dsDNA
Certrevirus,1914850,0.11,0.06,,0.13,,,0.26,,,,,,,,,1888169.0,Cronobacter sp.,Duplodnaviria,Heunggongvirae,Uroviricota,Caudoviricetes,Caudoviricetes incertae sedis,Certrevirus,Certrevirus PBES02,,dsDNA
Certrevirus,1914850,0.11,0.06,,0.13,,,0.26,,,,,,,,,1296536.0,Enterobacter hormaechei subsp. xiangfangensis,Duplodnaviria,Heunggongvirae,Uroviricota,Caudoviricetes,Caudoviricetes incertae sedis,Certrevirus,unclassified Certrevirus,,dsDNA
Certrevirus,1914850,0.11,0.06,,0.13,,,0.26,,,,,,,,,548.0,Klebsiella aerogenes,Duplodnaviria,Heunggongvirae,Uroviricota,Caudoviricetes,Caudoviricetes incertae sedis,Certrevirus,unclassified Certrevirus,,dsDNA
Certrevirus,1914850,0.11,0.06,,0.13,,,0.26,,,,,,,,,59814.0,Pantoea dispersa,Duplodnaviria,Heunggongvirae,Uroviricota,Caudoviricetes,Caudoviricetes incertae sedis,Certrevirus,unclassified Certrevirus,,dsDNA
Certrevirus,1914850,0.11,0.06,,0.13,,,0.26,,,,,,,,,1913084.0,Pectobacterium sp.,Duplodnaviria,Heunggongvirae,Uroviricota,Caudoviricetes,Caudoviricetes incertae sedis,Certrevirus,unclassified Certrevirus,,dsDNA
Certrevirus,1914850,0.11,0.06,,0.13,,,0.26,,,,,,,,,218491.0,Pectobacterium atrosepticum SCRI1043,Duplodnaviria,Heunggongvirae,Uroviricota,Caudoviricetes,Caudoviricetes incertae sedis,Certrevirus,Certrevirus phiTE,,dsDNA
Certrevirus,1914850,0.11,0.06,,0.13,,,0.26,,,,,,,,,555.0,Pectobacterium carotovorum subsp. carotovorum,Duplodnaviria,Heunggongvirae,Uroviricota,Caudoviricetes,Caudoviricetes incertae sedis,Certrevirus,unclassified Certrevirus,,dsDNA
Certrevirus,1914850,0.11,0.06,,0.13,,,0.26,,,,,,,,,29471.0,Pectobacterium atrosepticum,Duplodnaviria,Heunggongvirae,Uroviricota,Caudoviricetes,Caudoviricetes incertae sedis,Certrevirus,unclassified Certrevirus,,dsDNA
Certrevirus,1914850,0.11,0.06,,0.13,,,0.26,,,,,,,,,554.0,Pectobacterium carotovorum,Duplodnaviria,Heunggongvirae,Uroviricota,Caudoviricetes,Caudoviricetes incertae sedis,Certrevirus,unclassified Certrevirus,,dsDNA
Seunavirus,1914851,,,0.18,0.08,,,,,,,,,,,,28141.0,Cronobacter sakazakii,Duplodnaviria,Heunggongvirae,Uroviricota,Caudoviricetes,Caudoviricetes incertae sedis,Seunavirus,unclassified Seunavirus,,dsDNA
Seunavirus,1914851,,,0.18,0.08,,,,,,,,,,,,28141.0,Cronobacter sakazakii,Duplodnaviria,Heunggongvirae,Uroviricota,Caudoviricetes,Caudoviricetes incertae sedis,Seunavirus,Seunavirus GAP31,,dsDNA
Seunavirus,1914851,,,0.18,0.08,,,,,,,,,,,,550.0,Enterobacter cloacae,Duplodnaviria,Heunggongvirae,Uroviricota,Caudoviricetes,Caudoviricetes incertae sedis,Seunavirus,unclassified Seunavirus,,dsDNA
Seunavirus,1914851,,,0.18,0.08,,,,,,,,,,,,208224.0,Enterobacter kobei,Duplodnaviria,Heunggongvirae,Uroviricota,Caudoviricetes,Caudoviricetes incertae sedis,Seunavirus,unclassified Seunavirus,,dsDNA
Seunavirus,1914851,,,0.18,0.08,,,,,,,,,,,,83333.0,Escherichia coli K-12,Duplodnaviria,Heunggongvirae,Uroviricota,Caudoviricetes,Caudoviricetes incertae sedis,Seunavirus,Seunavirus 4MG,,dsDNA
Seunavirus,1914851,,,0.18,0.08,,,,,,,,,,,,941322.0,Escherichia coli O25b:H4-ST131,Duplodnaviria,Heunggongvirae,Uroviricota,Caudoviricetes,Caudoviricetes incertae sedis,Seunavirus,unclassified Seunavirus,,dsDNA
Seunavirus,1914851,,,0.18,0.08,,,,,,,,,,,,28901.0,Salmonella enterica,Duplodnaviria,Heunggongvirae,Uroviricota,Caudoviricetes,Caudoviricetes incertae sedis,Seunavirus,unclassified Seunavirus,,dsDNA
Seunavirus,1914851,,,0.18,0.08,,,,,,,,,,,,59201.0,Salmonella enterica subsp. enterica,Duplodnaviria,Heunggongvirae,Uroviricota,Caudoviricetes,Caudoviricetes incertae sedis,Seunavirus,unclassified Seunavirus,,dsDNA
Seunavirus,1914851,,,0.18,0.08,,,,,,,,,,,,149539.0,Salmonella enterica subsp. enterica serovar Enteritidis,Duplodnaviria,Heunggongvirae,Uroviricota,Caudoviricetes,Caudoviricetes incertae sedis,Seunavirus,Seunavirus PVPSE1,,dsDNA
Seunavirus,1914851,,,0.18,0.08,,,,,,,,,,,,590.0,Salmonella,Duplodnaviria,Heunggongvirae,Uroviricota,Caudoviricetes,Caudoviricetes incertae sedis,Seunavirus,Seunavirus SSE121,,dsDNA
Seunavirus,1914851,,,0.18,0.08,,,,,,,,,,,,149539.0,Salmonella enterica subsp. enterica serovar Enteritidis,Duplodnaviria,Heunggongvirae,Uroviricota,Caudoviricetes,Caudoviricetes incertae sedis,Seunavirus,unclassified Seunavirus,,dsDNA
Vequintavirus,1914852,0.99,0.22,0.44,0.34,,0.34,0.3,,0.42,0.27,,0.24,0.21,0.4,0.51,197.0,Campylobacter jejuni,Duplodnaviria,Heunggongvirae,Uroviricota,Caudoviricetes,Caudoviricetes incertae sedis,Vequintavirus,Vequintavirus PDX,Vequintavirus FFH2,dsDNA
Vequintavirus,1914852,0.99,0.22,0.44,0.34,,0.34,0.3,,0.42,0.27,,0.24,0.21,0.4,0.51,197.0,Campylobacter jejuni,Duplodnaviria,Heunggongvirae,Uroviricota,Caudoviricetes,Caudoviricetes incertae sedis,Vequintavirus,unclassified Vequintavirus,,dsDNA
Vequintavirus,1914852,0.99,0.22,0.44,0.34,,0.34,0.3,,0.42,0.27,,0.24,0.21,0.4,0.51,197.0,Campylobacter jejuni,Duplodnaviria,Heunggongvirae,Uroviricota,Caudoviricetes,Caudoviricetes incertae sedis,Vequintavirus,Vequintavirus murica,,dsDNA
Vequintavirus,1914852,0.99,0.22,0.44,0.34,,0.34,0.3,,0.42,0.27,,0.24,0.21,0.4,0.51,83334.0,Escherichia coli O157:H7,Duplodnaviria,Heunggongvirae,Uroviricota,Caudoviricetes,Caudoviricetes incertae sedis,Vequintavirus,Vequintavirus TP14,,dsDNA
Vequintavirus,1914852,0.99,0.22,0.44,0.34,,0.34,0.3,,0.42,0.27,,0.24,0.21,0.4,0.51,83334.0,Escherichia coli O157:H7,Duplodnaviria,Heunggongvirae,Uroviricota,Caudoviricetes,Caudoviricetes incertae sedis,Vequintavirus,Vequintavirus JES2013,,dsDNA
Vequintavirus,1914852,0.99,0.22,0.44,0.34,,0.34,0.3,,0.42,0.27,,0.24,0.21,0.4,0.51,83334.0,Escherichia coli O157:H7,Duplodnaviria,Heunggongvirae,Uroviricota,Caudoviricetes,Caudoviricetes incertae sedis,Vequintavirus,Vequintavirus V5,,dsDNA
Vequintavirus,1914852,0.99,0.22,0.44,0.34,,0.34,0.3,,0.42,0.27,,0.24,0.21,0.4,0.51,562.0,Escherichia coli,Duplodnaviria,Heunggongvirae,Uroviricota,Caudoviricetes,Caudoviricetes incertae sedis,Vequintavirus,unclassified Vequintavirus,,dsDNA
Vequintavirus,1914852,0.99,0.22,0.44,0.34,,0.34,0.3,,0.42,0.27,,0.24,0.21,0.4,0.51,591946.0,Escherichia coli LF82,Duplodnaviria,Heunggongvirae,Uroviricota,Caudoviricetes,Caudoviricetes incertae sedis,Vequintavirus,Vequintavirus A512,,dsDNA
Vequintavirus,1914852,0.99,0.22,0.44,0.34,,0.34,0.3,,0.42,0.27,,0.24,0.21,0.4,0.51,83333.0,Escherichia coli K-12,Duplodnaviria,Heunggongvirae,Uroviricota,Caudoviricetes,Caudoviricetes incertae sedis,Vequintavirus,Vequintavirus alexboehm,,dsDNA
Vequintavirus,1914852,0.99,0.22,0.44,0.34,,0.34,0.3,,0.42,0.27,,0.24,0.21,0.4,0.51,562.0,Escherichia coli,Duplodnaviria,Heunggongvirae,Uroviricota,Caudoviricetes,Caudoviricetes incertae sedis,Vequintavirus,Vequintavirus nomine,Vequintavirus APECc02,dsDNA
Vequintavirus,1914852,0.99,0.22,0.44,0.34,,0.34,0.3,,0.42,0.27,,0.24,0.21,0.4,0.51,83333.0,Escherichia coli K-12,Duplodnaviria,Heunggongvirae,Uroviricota,Caudoviricetes,Caudoviricetes incertae sedis,Vequintavirus,Vequintavirus murica,,dsDNA
Vequintavirus,1914852,0.99,0.22,0.44,0.34,,0.34,0.3,,0.42,0.27,,0.24,0.21,0.4,0.51,83333.0,Escherichia coli K-12,Duplodnaviria,Heunggongvirae,Uroviricota,Caudoviricetes,Caudoviricetes incertae sedis,Vequintavirus,Vequintavirus drschubert,,dsDNA
Vequintavirus,1914852,0.99,0.22,0.44,0.34,,0.34,0.3,,0.42,0.27,,0.24,0.21,0.4,0.51,562.0,Escherichia coli,Duplodnaviria,Heunggongvirae,Uroviricota,Caudoviricetes,Caudoviricetes incertae sedis,Vequintavirus,Vequintavirus murica,,dsDNA
Vequintavirus,1914852,0.99,0.22,0.44,0.34,,0.34,0.3,,0.42,0.27,,0.24,0.21,0.4,0.51,83333.0,Escherichia coli K-12,Duplodnaviria,Heunggongvirae,Uroviricota,Caudoviricetes,Caudoviricetes incertae sedis,Vequintavirus,Vequintavirus eduardkellenberger,,dsDNA
Vequintavirus,1914852,0.99,0.22,0.44,0.34,,0.34,0.3,,0.42,0.27,,0.24,0.21,0.4,0.51,83333.0,Escherichia coli K-12,Duplodnaviria,Heunggongvirae,Uroviricota,Caudoviricetes,Caudoviricetes incertae sedis,Vequintavirus,Vequintavirus emilheitz,,dsDNA
Vequintavirus,1914852,0.99,0.22,0.44,0.34,,0.34,0.3,,0.42,0.27,,0.24,0.21,0.4,0.51,83334.0,Escherichia coli O157:H7,Duplodnaviria,Heunggongvirae,Uroviricota,Caudoviricetes,Caudoviricetes incertae sedis,Vequintavirus,Vequintavirus PDX,Vequintavirus FFH2,dsDNA
Vequintavirus,1914852,0.99,0.22,0.44,0.34,,0.34,0.3,,0.42,0.27,,0.24,0.21,0.4,0.51,562.0,Escherichia coli,Duplodnaviria,Heunggongvirae,Uroviricota,Caudoviricetes,Caudoviricetes incertae sedis,Vequintavirus,Vequintavirus SYGMH1,Vequintavirus FV3,dsDNA
Vequintavirus,1914852,0.99,0.22,0.44,0.34,,0.34,0.3,,0.42,0.27,,0.24,0.21,0.4,0.51,591946.0,Escherichia coli LF82,Duplodnaviria,Heunggongvirae,Uroviricota,Caudoviricetes,Caudoviricetes incertae sedis,Vequintavirus,unclassified Vequintavirus,,dsDNA
Vequintavirus,1914852,0.99,0.22,0.44,0.34,,0.34,0.3,,0.42,0.27,,0.24,0.21,0.4,0.51,511145.0,Escherichia coli str. K-12 substr. MG1655,Duplodnaviria,Heunggongvirae,Uroviricota,Caudoviricetes,Caudoviricetes incertae sedis,Vequintavirus,Vequintavirus murica,,dsDNA
Vequintavirus,1914852,0.99,0.22,0.44,0.34,,0.34,0.3,,0.42,0.27,,0.24,0.21,0.4,0.51,511145.0,Escherichia coli str. K-12 substr. MG1655,Duplodnaviria,Heunggongvirae,Uroviricota,Caudoviricetes,Caudoviricetes incertae sedis,Vequintavirus,unclassified Vequintavirus,,dsDNA
Vequintavirus,1914852,0.99,0.22,0.44,0.34,,0.34,0.3,,0.42,0.27,,0.24,0.21,0.4,0.51,83333.0,Escherichia coli K-12,Duplodnaviria,Heunggongvirae,Uroviricota,Caudoviricetes,Caudoviricetes incertae sedis,Vequintavirus,Vequintavirus nomine,Vequintavirus APECc02,dsDNA
Vequintavirus,1914852,0.99,0.22,0.44,0.34,,0.34,0.3,,0.42,0.27,,0.24,0.21,0.4,0.51,562.0,Escherichia coli,Duplodnaviria,Heunggongvirae,Uroviricota,Caudoviricetes,Caudoviricetes incertae sedis,Vequintavirus,Vequintavirus JEP1,,dsDNA
Vequintavirus,1914852,0.99,0.22,0.44,0.34,,0.34,0.3,,0.42,0.27,,0.24,0.21,0.4,0.51,511145.0,Escherichia coli str. K-12 substr. MG1655,Duplodnaviria,Heunggongvirae,Uroviricota,Caudoviricetes,Caudoviricetes incertae sedis,Vequintavirus,Vequintavirus JES2013,,dsDNA
Vequintavirus,1914852,0.99,0.22,0.44,0.34,,0.34,0.3,,0.42,0.27,,0.24,0.21,0.4,0.51,83333.0,Escherichia coli K-12,Duplodnaviria,Heunggongvirae,Uroviricota,Caudoviricetes,Caudoviricetes incertae sedis,Vequintavirus,Vequintavirus slur16,,dsDNA
Vequintavirus,1914852,0.99,0.22,0.44,0.34,,0.34,0.3,,0.42,0.27,,0.24,0.21,0.4,0.51,561.0,Escherichia,Duplodnaviria,Heunggongvirae,Uroviricota,Caudoviricetes,Caudoviricetes incertae sedis,Vequintavirus,Vequintavirus LL12,,dsDNA
Vequintavirus,1914852,0.99,0.22,0.44,0.34,,0.34,0.3,,0.42,0.27,,0.24,0.21,0.4,0.51,564.0,Escherichia fergusonii,Duplodnaviria,Heunggongvirae,Uroviricota,Caudoviricetes,Caudoviricetes incertae sedis,Vequintavirus,unclassified Vequintavirus,,dsDNA
Vequintavirus,1914852,0.99,0.22,0.44,0.34,,0.34,0.3,,0.42,0.27,,0.24,0.21,0.4,0.51,83333.0,Escherichia coli K-12,Duplodnaviria,Heunggongvirae,Uroviricota,Caudoviricetes,Caudoviricetes incertae sedis,Vequintavirus,unclassified Vequintavirus,,dsDNA
Vequintavirus,1914852,0.99,0.22,0.44,0.34,,0.34,0.3,,0.42,0.27,,0.24,0.21,0.4,0.51,83333.0,Escherichia coli K-12,Duplodnaviria,Heunggongvirae,Uroviricota,Caudoviricetes,Caudoviricetes incertae sedis,Vequintavirus,Vequintavirus maxburger,,dsDNA
Vequintavirus,1914852,0.99,0.22,0.44,0.34,,0.34,0.3,,0.42,0.27,,0.24,0.21,0.4,0.51,511145.0,Escherichia coli str. K-12 substr. MG1655,Duplodnaviria,Heunggongvirae,Uroviricota,Caudoviricetes,Caudoviricetes incertae sedis,Vequintavirus,Vequintavirus slur16,,dsDNA
Vequintavirus,1914852,0.99,0.22,0.44,0.34,,0.34,0.3,,0.42,0.27,,0.24,0.21,0.4,0.51,83333.0,Escherichia coli K-12,Duplodnaviria,Heunggongvirae,Uroviricota,Caudoviricetes,Caudoviricetes incertae sedis,Vequintavirus,Vequintavirus navn,,dsDNA
Vequintavirus,1914852,0.99,0.22,0.44,0.34,,0.34,0.3,,0.42,0.27,,0.24,0.21,0.4,0.51,83333.0,Escherichia coli K-12,Duplodnaviria,Heunggongvirae,Uroviricota,Caudoviricetes,Caudoviricetes incertae sedis,Vequintavirus,Vequintavirus nom,,dsDNA
Vequintavirus,1914852,0.99,0.22,0.44,0.34,,0.34,0.3,,0.42,0.27,,0.24,0.21,0.4,0.51,83333.0,Escherichia coli K-12,Duplodnaviria,Heunggongvirae,Uroviricota,Caudoviricetes,Caudoviricetes incertae sedis,Vequintavirus,Vequintavirus pangalan,,dsDNA
Vequintavirus,1914852,0.99,0.22,0.44,0.34,,0.34,0.3,,0.42,0.27,,0.24,0.21,0.4,0.51,562.0,Escherichia coli,Duplodnaviria,Heunggongvirae,Uroviricota,Caudoviricetes,Caudoviricetes incertae sedis,Vequintavirus,Vequintavirus PDX,Vequintavirus FFH2,dsDNA
Vequintavirus,1914852,0.99,0.22,0.44,0.34,,0.34,0.3,,0.42,0.27,,0.24,0.21,0.4,0.51,562.0,Escherichia coli,Duplodnaviria,Heunggongvirae,Uroviricota,Caudoviricetes,Caudoviricetes incertae sedis,Vequintavirus,Vequintavirus phiWec189,,dsDNA
Vequintavirus,1914852,0.99,0.22,0.44,0.34,,0.34,0.3,,0.42,0.27,,0.24,0.21,0.4,0.51,562.0,Escherichia coli,Duplodnaviria,Heunggongvirae,Uroviricota,Caudoviricetes,Caudoviricetes incertae sedis,Vequintavirus,Vequintavirus phiWec191,,dsDNA
Vequintavirus,1914852,0.99,0.22,0.44,0.34,,0.34,0.3,,0.42,0.27,,0.24,0.21,0.4,0.51,562.0,Escherichia coli,Duplodnaviria,Heunggongvirae,Uroviricota,Caudoviricetes,Caudoviricetes incertae sedis,Vequintavirus,Vequintavirus phiWec193,,dsDNA
Vequintavirus,1914852,0.99,0.22,0.44,0.34,,0.34,0.3,,0.42,0.27,,0.24,0.21,0.4,0.51,561.0,Escherichia,Duplodnaviria,Heunggongvirae,Uroviricota,Caudoviricetes,Caudoviricetes incertae sedis,Vequintavirus,Vequintavirus rV5ev146,,dsDNA
Vequintavirus,1914852,0.99,0.22,0.44,0.34,,0.34,0.3,,0.42,0.27,,0.24,0.21,0.4,0.51,561.0,Escherichia,Duplodnaviria,Heunggongvirae,Uroviricota,Caudoviricetes,Caudoviricetes incertae sedis,Vequintavirus,unclassified Vequintavirus,,dsDNA
Vequintavirus,1914852,0.99,0.22,0.44,0.34,,0.34,0.3,,0.42,0.27,,0.24,0.21,0.4,0.51,562.0,Escherichia coli,Duplodnaviria,Heunggongvirae,Uroviricota,Caudoviricetes,Caudoviricetes incertae sedis,Vequintavirus,Vequintavirus slur16,,dsDNA
Vequintavirus,1914852,0.99,0.22,0.44,0.34,,0.34,0.3,,0.42,0.27,,0.24,0.21,0.4,0.51,562.0,Escherichia coli,Duplodnaviria,Heunggongvirae,Uroviricota,Caudoviricetes,Caudoviricetes incertae sedis,Vequintavirus,Vequintavirus V18,,dsDNA
Vequintavirus,1914852,0.99,0.22,0.44,0.34,,0.34,0.3,,0.42,0.27,,0.24,0.21,0.4,0.51,1045010.0,Escherichia coli O157,Duplodnaviria,Heunggongvirae,Uroviricota,Caudoviricetes,Caudoviricetes incertae sedis,Vequintavirus,Vequintavirus V5,,dsDNA
Vequintavirus,1914852,0.99,0.22,0.44,0.34,,0.34,0.3,,0.42,0.27,,0.24,0.21,0.4,0.51,562.0,Escherichia coli,Duplodnaviria,Heunggongvirae,Uroviricota,Caudoviricetes,Caudoviricetes incertae sedis,Vequintavirus,Vequintavirus ECP26,,dsDNA
Vequintavirus,1914852,0.99,0.22,0.44,0.34,,0.34,0.3,,0.42,0.27,,0.24,0.21,0.4,0.51,562.0,Escherichia coli,Duplodnaviria,Heunggongvirae,Uroviricota,Caudoviricetes,Caudoviricetes incertae sedis,Vequintavirus,Vequintavirus ECP32,,dsDNA
Vequintavirus,1914852,0.99,0.22,0.44,0.34,,0.34,0.3,,0.42,0.27,,0.24,0.21,0.4,0.51,2056315.0,Escherichia coli O177,Duplodnaviria,Heunggongvirae,Uroviricota,Caudoviricetes,Caudoviricetes incertae sedis,Vequintavirus,unclassified Vequintavirus,,dsDNA
Vequintavirus,1914852,0.99,0.22,0.44,0.34,,0.34,0.3,,0.42,0.27,,0.24,0.21,0.4,0.51,561.0,Escherichia,Duplodnaviria,Heunggongvirae,Uroviricota,Caudoviricetes,Caudoviricetes incertae sedis,Vequintavirus,Vequintavirus gotham,,dsDNA
Vequintavirus,1914852,0.99,0.22,0.44,0.34,,0.34,0.3,,0.42,0.27,,0.24,0.21,0.4,0.51,562.0,Escherichia coli,Duplodnaviria,Heunggongvirae,Uroviricota,Caudoviricetes,Caudoviricetes incertae sedis,Vequintavirus,Vequintavirus HdK5,,dsDNA
Vequintavirus,1914852,0.99,0.22,0.44,0.34,,0.34,0.3,,0.42,0.27,,0.24,0.21,0.4,0.51,562.0,Escherichia coli,Duplodnaviria,Heunggongvirae,Uroviricota,Caudoviricetes,Caudoviricetes incertae sedis,Vequintavirus,Vequintavirus sophiarose,,dsDNA
Vequintavirus,1914852,0.99,0.22,0.44,0.34,,0.34,0.3,,0.42,0.27,,0.24,0.21,0.4,0.51,83333.0,Escherichia coli K-12,Duplodnaviria,Heunggongvirae,Uroviricota,Caudoviricetes,Caudoviricetes incertae sedis,Vequintavirus,Vequintavirus waltergehring,,dsDNA
Vequintavirus,1914852,0.99,0.22,0.44,0.34,,0.34,0.3,,0.42,0.27,,0.24,0.21,0.4,0.51,562.0,Escherichia coli,Duplodnaviria,Heunggongvirae,Uroviricota,Caudoviricetes,Caudoviricetes incertae sedis,Vequintavirus,Vequintavirus YP6,,dsDNA
Vequintavirus,1914852,0.99,0.22,0.44,0.34,,0.34,0.3,,0.42,0.27,,0.24,0.21,0.4,0.51,1010810.0,Escherichia coli O17 str. K12a,Duplodnaviria,Heunggongvirae,Uroviricota,Caudoviricetes,Caudoviricetes incertae sedis,Vequintavirus,unclassified Vequintavirus,,dsDNA
Vequintavirus,1914852,0.99,0.22,0.44,0.34,,0.34,0.3,,0.42,0.27,,0.24,0.21,0.4,0.51,668369.0,Escherichia coli DH5[alpha],Duplodnaviria,Heunggongvirae,Uroviricota,Caudoviricetes,Caudoviricetes incertae sedis,Vequintavirus,Vequintavirus CM1,,dsDNA
Vequintavirus,1914852,0.99,0.22,0.44,0.34,,0.34,0.3,,0.42,0.27,,0.24,0.21,0.4,0.51,,,Duplodnaviria,Heunggongvirae,Uroviricota,Caudoviricetes,Caudoviricetes incertae sedis,Vequintavirus,Vequintavirus Aya,,dsDNA
Obolenskvirus,1915205,0.24,0.15,0.16,0.23,,,0.23,,,,0.45,0.45,1.34,,,470.0,Acinetobacter baumannii,Duplodnaviria,Heunggongvirae,Uroviricota,Caudoviricetes,Caudoviricetes incertae sedis,Obolenskvirus,unclassified Obolenskvirus,,dsDNA
Obolenskvirus,1915205,0.24,0.15,0.16,0.23,,,0.23,,,,0.45,0.45,1.34,,,470.0,Acinetobacter baumannii,Duplodnaviria,Heunggongvirae,Uroviricota,Caudoviricetes,Caudoviricetes incertae sedis,Obolenskvirus,Obolenskvirus AB1,,dsDNA
Obolenskvirus,1915205,0.24,0.15,0.16,0.23,,,0.23,,,,0.45,0.45,1.34,,,470.0,Acinetobacter baumannii,Duplodnaviria,Heunggongvirae,Uroviricota,Caudoviricetes,Caudoviricetes incertae sedis,Obolenskvirus,Obolenskvirus AbP2,,dsDNA
Obolenskvirus,1915205,0.24,0.15,0.16,0.23,,,0.23,,,,0.45,0.45,1.34,,,470.0,Acinetobacter baumannii,Duplodnaviria,Heunggongvirae,Uroviricota,Caudoviricetes,Caudoviricetes incertae sedis,Obolenskvirus,Obolenskvirus AP22,,dsDNA
Obolenskvirus,1915205,0.24,0.15,0.16,0.23,,,0.23,,,,0.45,0.45,1.34,,,470.0,Acinetobacter baumannii,Duplodnaviria,Heunggongvirae,Uroviricota,Caudoviricetes,Caudoviricetes incertae sedis,Obolenskvirus,Obolenskvirus LZ35,,dsDNA
Obolenskvirus,1915205,0.24,0.15,0.16,0.23,,,0.23,,,,0.45,0.45,1.34,,,470.0,Acinetobacter baumannii,Duplodnaviria,Heunggongvirae,Uroviricota,Caudoviricetes,Caudoviricetes incertae sedis,Obolenskvirus,Obolenskvirus AB2,,dsDNA
Obolenskvirus,1915205,0.24,0.15,0.16,0.23,,,0.23,,,,0.45,0.45,1.34,,,48296.0,Acinetobacter pittii,Duplodnaviria,Heunggongvirae,Uroviricota,Caudoviricetes,Caudoviricetes incertae sedis,Obolenskvirus,unclassified Obolenskvirus,,dsDNA
Obolenskvirus,1915205,0.24,0.15,0.16,0.23,,,0.23,,,,0.45,0.45,1.34,,,470.0,Acinetobacter baumannii,Duplodnaviria,Heunggongvirae,Uroviricota,Caudoviricetes,Caudoviricetes incertae sedis,Obolenskvirus,Obolenskvirus WCHABP1,,dsDNA
Obolenskvirus,1915205,0.24,0.15,0.16,0.23,,,0.23,,,,0.45,0.45,1.34,,,470.0,Acinetobacter baumannii,Duplodnaviria,Heunggongvirae,Uroviricota,Caudoviricetes,Caudoviricetes incertae sedis,Obolenskvirus,Obolenskvirus WCHABP12,,dsDNA
Obolenskvirus,1915205,0.24,0.15,0.16,0.23,,,0.23,,,,0.45,0.45,1.34,,,106654.0,Acinetobacter nosocomialis,Duplodnaviria,Heunggongvirae,Uroviricota,Caudoviricetes,Caudoviricetes incertae sedis,Obolenskvirus,unclassified Obolenskvirus,,dsDNA
Obolenskvirus,1915205,0.24,0.15,0.16,0.23,,,0.23,,,,0.45,0.45,1.34,,,470.0,Acinetobacter baumannii,Duplodnaviria,Heunggongvirae,Uroviricota,Caudoviricetes,Caudoviricetes incertae sedis,Obolenskvirus,Obolenskvirus AbC62,,dsDNA
Obolenskvirus,1915205,0.24,0.15,0.16,0.23,,,0.23,,,,0.45,0.45,1.34,,,1280.0,Staphylococcus aureus,Duplodnaviria,Heunggongvirae,Uroviricota,Caudoviricetes,Caudoviricetes incertae sedis,Obolenskvirus,Obolenskvirus AbC62,,dsDNA
Gamaleyavirus,1920753,1.22,1.62,1.41,0.58,,1.43,0.69,0.88,0.58,0.24,1.43,0.34,0.38,0.67,0.33,1884818.0,Escherichia sp.,Duplodnaviria,Heunggongvirae,Uroviricota,Caudoviricetes,Caudoviricetes incertae sedis,Schitoviridae,Enquatrovirinae,Gamaleyavirus,dsDNA
Gamaleyavirus,1920753,1.22,1.62,1.41,0.58,,1.43,0.69,0.88,0.58,0.24,1.43,0.34,0.38,0.67,0.33,561.0,Escherichia,Duplodnaviria,Heunggongvirae,Uroviricota,Caudoviricetes,Caudoviricetes incertae sedis,Schitoviridae,Enquatrovirinae,Gamaleyavirus,dsDNA
Gamaleyavirus,1920753,1.22,1.62,1.41,0.58,,1.43,0.69,0.88,0.58,0.24,1.43,0.34,0.38,0.67,0.33,570.0,Klebsiella,Duplodnaviria,Heunggongvirae,Uroviricota,Caudoviricetes,Caudoviricetes incertae sedis,Schitoviridae,Enquatrovirinae,Gamaleyavirus,dsDNA
Gamaleyavirus,1920753,1.22,1.62,1.41,0.58,,1.43,0.69,0.88,0.58,0.24,1.43,0.34,0.38,0.67,0.33,621.0,Shigella boydii,Duplodnaviria,Heunggongvirae,Uroviricota,Caudoviricetes,Caudoviricetes incertae sedis,Schitoviridae,Enquatrovirinae,Gamaleyavirus,dsDNA
Litunavirus,1920762,,0.08,0.1,0.1,,,,,,,,0.19,,0.55,,208964.0,Pseudomonas aeruginosa PAO1,Duplodnaviria,Heunggongvirae,Uroviricota,Caudoviricetes,Caudoviricetes incertae sedis,Schitoviridae,Migulavirinae,Litunavirus,dsDNA
Litunavirus,1920762,,0.08,0.1,0.1,,,,,,,,0.19,,0.55,,287.0,Pseudomonas aeruginosa,Duplodnaviria,Heunggongvirae,Uroviricota,Caudoviricetes,Caudoviricetes incertae sedis,Schitoviridae,Migulavirinae,Litunavirus,dsDNA
Litunavirus,1920762,,0.08,0.1,0.1,,,,,,,,0.19,,0.55,,286.0,Pseudomonas,Duplodnaviria,Heunggongvirae,Uroviricota,Caudoviricetes,Caudoviricetes incertae sedis,Schitoviridae,Migulavirinae,Litunavirus,dsDNA
Litunavirus,1920762,,0.08,0.1,0.1,,,,,,,,0.19,,0.55,,306.0,Pseudomonas sp.,Duplodnaviria,Heunggongvirae,Uroviricota,Caudoviricetes,Caudoviricetes incertae sedis,Schitoviridae,Migulavirinae,Litunavirus,dsDNA
Litunavirus,1920762,,0.08,0.1,0.1,,,,,,,,0.19,,0.55,,1424337.0,Pseudomonas aeruginosa ATCC 15442,Duplodnaviria,Heunggongvirae,Uroviricota,Caudoviricetes,Caudoviricetes incertae sedis,Schitoviridae,Migulavirinae,Litunavirus,dsDNA
Drulisvirus,1920774,0.97,2.9,1.92,2.03,,1.83,6.15,2.01,0.98,1.6,1.84,1.52,0.56,1.09,1.43,470.0,Acinetobacter baumannii,Duplodnaviria,Heunggongvirae,Uroviricota,Caudoviricetes,Autographivirales,Autoscriptoviridae,Slopekvirinae,Drulisvirus,dsDNA
Drulisvirus,1920774,0.97,2.9,1.92,2.03,,1.83,6.15,2.01,0.98,1.6,1.84,1.52,0.56,1.09,1.43,573.0,Klebsiella pneumoniae,Duplodnaviria,Heunggongvirae,Uroviricota,Caudoviricetes,Autographivirales,Autoscriptoviridae,Slopekvirinae,Drulisvirus,dsDNA
Drulisvirus,1920774,0.97,2.9,1.92,2.03,,1.83,6.15,2.01,0.98,1.6,1.84,1.52,0.56,1.09,1.43,562.0,Escherichia coli,Duplodnaviria,Heunggongvirae,Uroviricota,Caudoviricetes,Autographivirales,Autoscriptoviridae,Slopekvirinae,Drulisvirus,dsDNA
Drulisvirus,1920774,0.97,2.9,1.92,2.03,,1.83,6.15,2.01,0.98,1.6,1.84,1.52,0.56,1.09,1.43,576.0,Klebsiella sp.,Duplodnaviria,Heunggongvirae,Uroviricota,Caudoviricetes,Autographivirales,Autoscriptoviridae,Slopekvirinae,Drulisvirus,dsDNA
Drulisvirus,1920774,0.97,2.9,1.92,2.03,,1.83,6.15,2.01,0.98,1.6,1.84,1.52,0.56,1.09,1.43,484021.0,Klebsiella pneumoniae subsp. pneumoniae NTUH-K2044,Duplodnaviria,Heunggongvirae,Uroviricota,Caudoviricetes,Autographivirales,Autoscriptoviridae,Slopekvirinae,Drulisvirus,dsDNA
Drulisvirus,1920774,0.97,2.9,1.92,2.03,,1.83,6.15,2.01,0.98,1.6,1.84,1.52,0.56,1.09,1.43,72407.0,Klebsiella pneumoniae subsp. pneumoniae,Duplodnaviria,Heunggongvirae,Uroviricota,Caudoviricetes,Autographivirales,Autoscriptoviridae,Slopekvirinae,Drulisvirus,dsDNA
Drulisvirus,1920774,0.97,2.9,1.92,2.03,,1.83,6.15,2.01,0.98,1.6,1.84,1.52,0.56,1.09,1.43,1134687.0,Klebsiella michiganensis,Duplodnaviria,Heunggongvirae,Uroviricota,Caudoviricetes,Autographivirales,Autoscriptoviridae,Slopekvirinae,Drulisvirus,dsDNA
Drulisvirus,1920774,0.97,2.9,1.92,2.03,,1.83,6.15,2.01,0.98,1.6,1.84,1.52,0.56,1.09,1.43,1316582.0,Klebsiella pneumoniae ATCC 43816,Duplodnaviria,Heunggongvirae,Uroviricota,Caudoviricetes,Autographivirales,Autoscriptoviridae,Slopekvirinae,Drulisvirus,dsDNA
Drulisvirus,1920774,0.97,2.9,1.92,2.03,,1.83,6.15,2.01,0.98,1.6,1.84,1.52,0.56,1.09,1.43,1384549.0,Klebsiella pneumoniae subsp. pneumoniae KKBO-1,Duplodnaviria,Heunggongvirae,Uroviricota,Caudoviricetes,Autographivirales,Autoscriptoviridae,Slopekvirinae,Drulisvirus,dsDNA
Drulisvirus,1920774,0.97,2.9,1.92,2.03,,1.83,6.15,2.01,0.98,1.6,1.84,1.52,0.56,1.09,1.43,570.0,Klebsiella,Duplodnaviria,Heunggongvirae,Uroviricota,Caudoviricetes,Autographivirales,Autoscriptoviridae,Slopekvirinae,Drulisvirus,dsDNA
Drulisvirus,1920774,0.97,2.9,1.92,2.03,,1.83,6.15,2.01,0.98,1.6,1.84,1.52,0.56,1.09,1.43,,,Duplodnaviria,Heunggongvirae,Uroviricota,Caudoviricetes,Autographivirales,Autoscriptoviridae,Slopekvirinae,Drulisvirus,dsDNA
Webervirus,1920860,0.25,0.3,0.3,0.82,,0.22,,,,0.25,,0.28,0.11,2.89,0.38,548.0,Klebsiella aerogenes,Duplodnaviria,Heunggongvirae,Uroviricota,Caudoviricetes,Caudoviricetes incertae sedis,Drexlerviridae,Webervirus,Webervirus F20,dsDNA
Webervirus,1920860,0.25,0.3,0.3,0.82,,0.22,,,,0.25,,0.28,0.11,2.89,0.38,573.0,Klebsiella pneumoniae,Duplodnaviria,Heunggongvirae,Uroviricota,Caudoviricetes,Caudoviricetes incertae sedis,Drexlerviridae,Webervirus,Webervirus 066039,dsDNA
Webervirus,1920860,0.25,0.3,0.3,0.82,,0.22,,,,0.25,,0.28,0.11,2.89,0.38,576.0,Klebsiella sp.,Duplodnaviria,Heunggongvirae,Uroviricota,Caudoviricetes,Caudoviricetes incertae sedis,Drexlerviridae,Webervirus,Webervirus wv13,dsDNA
Webervirus,1920860,0.25,0.3,0.3,0.82,,0.22,,,,0.25,,0.28,0.11,2.89,0.38,570.0,Klebsiella,Duplodnaviria,Heunggongvirae,Uroviricota,Caudoviricetes,Caudoviricetes incertae sedis,Drexlerviridae,Webervirus,Webervirus B1,dsDNA
Webervirus,1920860,0.25,0.3,0.3,0.82,,0.22,,,,0.25,,0.28,0.11,2.89,0.38,1205678.0,Klebsiella pneumoniae subsp. pneumoniae CIP 52.145 = B5055,Duplodnaviria,Heunggongvirae,Uroviricota,Caudoviricetes,Caudoviricetes incertae sedis,Drexlerviridae,Webervirus,Webervirus cp1,dsDNA
Webervirus,1920860,0.25,0.3,0.3,0.82,,0.22,,,,0.25,,0.28,0.11,2.89,0.38,1420013.0,Klebsiella pneumoniae 30684/NJST258_2,Duplodnaviria,Heunggongvirae,Uroviricota,Caudoviricetes,Caudoviricetes incertae sedis,Drexlerviridae,Webervirus,Webervirus cp17,dsDNA
Webervirus,1920860,0.25,0.3,0.3,0.82,,0.22,,,,0.25,,0.28,0.11,2.89,0.38,72407.0,Klebsiella pneumoniae subsp. pneumoniae,Duplodnaviria,Heunggongvirae,Uroviricota,Caudoviricetes,Caudoviricetes incertae sedis,Drexlerviridae,Webervirus,Webervirus KLPN1,dsDNA
Webervirus,1920860,0.25,0.3,0.3,0.82,,0.22,,,,0.25,,0.28,0.11,2.89,0.38,571.0,Klebsiella oxytoca,Duplodnaviria,Heunggongvirae,Uroviricota,Caudoviricetes,Caudoviricetes incertae sedis,Drexlerviridae,Webervirus,Webervirus KOX1,dsDNA
Webervirus,1920860,0.25,0.3,0.3,0.82,,0.22,,,,0.25,,0.28,0.11,2.89,0.38,1049565.0,Klebsiella pneumoniae KCTC 2242,Duplodnaviria,Heunggongvirae,Uroviricota,Caudoviricetes,Caudoviricetes incertae sedis,Drexlerviridae,Webervirus,Webervirus KPP2020,dsDNA
Webervirus,1920860,0.25,0.3,0.3,0.82,,0.22,,,,0.25,,0.28,0.11,2.89,0.38,1379687.0,Klebsiella pneumoniae subsp. pneumoniae BJ1-GA,Duplodnaviria,Heunggongvirae,Uroviricota,Caudoviricetes,Caudoviricetes incertae sedis,Drexlerviridae,Webervirus,unclassified Webervirus,dsDNA
Webervirus,1920860,0.25,0.3,0.3,0.82,,0.22,,,,0.25,,0.28,0.11,2.89,0.38,507522.0,Klebsiella variicola 342,Duplodnaviria,Heunggongvirae,Uroviricota,Caudoviricetes,Caudoviricetes incertae sedis,Drexlerviridae,Webervirus,Webervirus mtp17,dsDNA
Webervirus,1920860,0.25,0.3,0.3,0.82,,0.22,,,,0.25,,0.28,0.11,2.89,0.38,1379688.0,Klebsiella pneumoniae subsp. pneumoniae SA1,Duplodnaviria,Heunggongvirae,Uroviricota,Caudoviricetes,Caudoviricetes incertae sedis,Drexlerviridae,Webervirus,unclassified Webervirus,dsDNA
Webervirus,1920860,0.25,0.3,0.3,0.82,,0.22,,,,0.25,,0.28,0.11,2.89,0.38,1244085.0,Klebsiella pneumoniae CG43,Duplodnaviria,Heunggongvirae,Uroviricota,Caudoviricetes,Caudoviricetes incertae sedis,Drexlerviridae,Webervirus,Webervirus mtp31,dsDNA
Webervirus,1920860,0.25,0.3,0.3,0.82,,0.22,,,,0.25,,0.28,0.11,2.89,0.38,1087440.0,Klebsiella pneumoniae subsp. pneumoniae KPNIH1,Duplodnaviria,Heunggongvirae,Uroviricota,Caudoviricetes,Caudoviricetes incertae sedis,Drexlerviridae,Webervirus,Webervirus mezzogao,dsDNA
Webervirus,1920860,0.25,0.3,0.3,0.82,,0.22,,,,0.25,,0.28,0.11,2.89,0.38,244366.0,Klebsiella variicola,Duplodnaviria,Heunggongvirae,Uroviricota,Caudoviricetes,Caudoviricetes incertae sedis,Drexlerviridae,Webervirus,unclassified Webervirus,dsDNA
Webervirus,1920860,0.25,0.3,0.3,0.82,,0.22,,,,0.25,,0.28,0.11,2.89,0.38,484021.0,Klebsiella pneumoniae subsp. pneumoniae NTUH-K2044,Duplodnaviria,Heunggongvirae,Uroviricota,Caudoviricetes,Caudoviricetes incertae sedis,Drexlerviridae,Webervirus,unclassified Webervirus,dsDNA
Webervirus,1920860,0.25,0.3,0.3,0.82,,0.22,,,,0.25,,0.28,0.11,2.89,0.38,625.0,Shigella sp.,Duplodnaviria,Heunggongvirae,Uroviricota,Caudoviricetes,Caudoviricetes incertae sedis,Drexlerviridae,Webervirus,unclassified Webervirus,dsDNA
Webervirus,1920860,0.25,0.3,0.3,0.82,,0.22,,,,0.25,,0.28,0.11,2.89,0.38,40324.0,Stenotrophomonas maltophilia,Duplodnaviria,Heunggongvirae,Uroviricota,Caudoviricetes,Caudoviricetes incertae sedis,Drexlerviridae,Webervirus,Webervirus BUCT705,dsDNA
Tlsvirus,1920865,,,,0.08,,,,,,,,,,,,184912.0,Citrobacter sp. TSA-1,Duplodnaviria,Heunggongvirae,Uroviricota,Caudoviricetes,Caudoviricetes incertae sedis,Drexlerviridae,Tempevirinae,Tlsvirus,dsDNA
Tlsvirus,1920865,,,,0.08,,,,,,,,,,,,546.0,Citrobacter freundii,Duplodnaviria,Heunggongvirae,Uroviricota,Caudoviricetes,Caudoviricetes incertae sedis,Drexlerviridae,Tempevirinae,Tlsvirus,dsDNA
Tlsvirus,1920865,,,,0.08,,,,,,,,,,,,544.0,Citrobacter,Duplodnaviria,Heunggongvirae,Uroviricota,Caudoviricetes,Caudoviricetes incertae sedis,Drexlerviridae,Tempevirinae,Tlsvirus,dsDNA
Tlsvirus,1920865,,,,0.08,,,,,,,,,,,,679895.0,Escherichia coli BW25113,Duplodnaviria,Heunggongvirae,Uroviricota,Caudoviricetes,Caudoviricetes incertae sedis,Drexlerviridae,Tempevirinae,Tlsvirus,dsDNA
Tlsvirus,1920865,,,,0.08,,,,,,,,,,,,37762.0,Escherichia coli B,Duplodnaviria,Heunggongvirae,Uroviricota,Caudoviricetes,Caudoviricetes incertae sedis,Drexlerviridae,Tempevirinae,Tlsvirus,dsDNA
Tlsvirus,1920865,,,,0.08,,,,,,,,,,,,28901.0,Salmonella enterica,Duplodnaviria,Heunggongvirae,Uroviricota,Caudoviricetes,Caudoviricetes incertae sedis,Drexlerviridae,Tempevirinae,Tlsvirus,dsDNA
Tlsvirus,1920865,,,,0.08,,,,,,,,,,,,594.0,Salmonella enterica subsp. enterica serovar Gallinarum,Duplodnaviria,Heunggongvirae,Uroviricota,Caudoviricetes,Caudoviricetes incertae sedis,Drexlerviridae,Tempevirinae,Tlsvirus,dsDNA
Tlsvirus,1920865,,,,0.08,,,,,,,,,,,,54388.0,Salmonella enterica subsp. enterica serovar Paratyphi A,Duplodnaviria,Heunggongvirae,Uroviricota,Caudoviricetes,Caudoviricetes incertae sedis,Drexlerviridae,Tempevirinae,Tlsvirus,dsDNA
Tlsvirus,1920865,,,,0.08,,,,,,,,,,,,57045.0,Salmonella enterica subsp. enterica serovar Paratyphi B,Duplodnaviria,Heunggongvirae,Uroviricota,Caudoviricetes,Caudoviricetes incertae sedis,Drexlerviridae,Tempevirinae,Tlsvirus,dsDNA
Tlsvirus,1920865,,,,0.08,,,,,,,,,,,,90370.0,Salmonella enterica subsp. enterica serovar Typhi,Duplodnaviria,Heunggongvirae,Uroviricota,Caudoviricetes,Caudoviricetes incertae sedis,Drexlerviridae,Tempevirinae,Tlsvirus,dsDNA
Tlsvirus,1920865,,,,0.08,,,,,,,,,,,,90371.0,Salmonella enterica subsp. enterica serovar Typhimurium,Duplodnaviria,Heunggongvirae,Uroviricota,Caudoviricetes,Caudoviricetes incertae sedis,Drexlerviridae,Tempevirinae,Tlsvirus,dsDNA
Tlsvirus,1920865,,,,0.08,,,,,,,,,,,,149539.0,Salmonella enterica subsp. enterica serovar Enteritidis,Duplodnaviria,Heunggongvirae,Uroviricota,Caudoviricetes,Caudoviricetes incertae sedis,Drexlerviridae,Tempevirinae,Tlsvirus,dsDNA
Tlsvirus,1920865,,,,0.08,,,,,,,,,,,,599.0,Salmonella sp.,Duplodnaviria,Heunggongvirae,Uroviricota,Caudoviricetes,Caudoviricetes incertae sedis,Drexlerviridae,Tempevirinae,Tlsvirus,dsDNA
Tlsvirus,1920865,,,,0.08,,,,,,,,,,,,192955.0,Salmonella enterica subsp. enterica serovar Kentucky,Duplodnaviria,Heunggongvirae,Uroviricota,Caudoviricetes,Caudoviricetes incertae sedis,Drexlerviridae,Tempevirinae,Tlsvirus,dsDNA
Tlsvirus,1920865,,,,0.08,,,,,,,,,,,,605.0,Salmonella enterica subsp. enterica serovar Pullorum,Duplodnaviria,Heunggongvirae,Uroviricota,Caudoviricetes,Caudoviricetes incertae sedis,Drexlerviridae,Tempevirinae,Tlsvirus,dsDNA
Tlsvirus,1920865,,,,0.08,,,,,,,,,,,,595.0,Salmonella enterica subsp. enterica serovar Infantis,Duplodnaviria,Heunggongvirae,Uroviricota,Caudoviricetes,Caudoviricetes incertae sedis,Drexlerviridae,Tempevirinae,Tlsvirus,dsDNA
Tlsvirus,1920865,,,,0.08,,,,,,,,,,,,363569.0,Salmonella enterica subsp. enterica serovar Javiana,Duplodnaviria,Heunggongvirae,Uroviricota,Caudoviricetes,Caudoviricetes incertae sedis,Drexlerviridae,Tempevirinae,Tlsvirus,dsDNA
Tlsvirus,1920865,,,,0.08,,,,,,,,,,,,90105.0,Salmonella enterica subsp. enterica serovar Saintpaul,Duplodnaviria,Heunggongvirae,Uroviricota,Caudoviricetes,Caudoviricetes incertae sedis,Drexlerviridae,Tempevirinae,Tlsvirus,dsDNA
Tlsvirus,1920865,,,,0.08,,,,,,,,,,,,1311.0,Streptococcus agalactiae,Duplodnaviria,Heunggongvirae,Uroviricota,Caudoviricetes,Caudoviricetes incertae sedis,Drexlerviridae,Tempevirinae,Tlsvirus,dsDNA
Nonagvirus,1921117,0.23,0.09,,0.13,,,,,,,,,,,,562.0,Escherichia coli,Duplodnaviria,Heunggongvirae,Uroviricota,Caudoviricetes,Caudoviricetes incertae sedis,Nonagvirus,Nonagvirus nv9g,,dsDNA
Nonagvirus,1921117,0.23,0.09,,0.13,,,,,,,,,,,,83333.0,Escherichia coli K-12,Duplodnaviria,Heunggongvirae,Uroviricota,Caudoviricetes,Caudoviricetes incertae sedis,Nonagvirus,Nonagvirus JenK1,,dsDNA
Nonagvirus,1921117,0.23,0.09,,0.13,,,,,,,,,,,,83333.0,Escherichia coli K-12,Duplodnaviria,Heunggongvirae,Uroviricota,Caudoviricetes,Caudoviricetes incertae sedis,Nonagvirus,Nonagvirus JenP1,,dsDNA
Nonagvirus,1921117,0.23,0.09,,0.13,,,,,,,,,,,,83333.0,Escherichia coli K-12,Duplodnaviria,Heunggongvirae,Uroviricota,Caudoviricetes,Caudoviricetes incertae sedis,Nonagvirus,Nonagvirus JenP2,,dsDNA
Nonagvirus,1921117,0.23,0.09,,0.13,,,,,,,,,,,,562.0,Escherichia coli,Duplodnaviria,Heunggongvirae,Uroviricota,Caudoviricetes,Caudoviricetes incertae sedis,Nonagvirus,unclassified Nonagvirus,,dsDNA
Nonagvirus,1921117,0.23,0.09,,0.13,,,,,,,,,,,,83333.0,Escherichia coli K-12,Duplodnaviria,Heunggongvirae,Uroviricota,Caudoviricetes,Caudoviricetes incertae sedis,Nonagvirus,unclassified Nonagvirus,,dsDNA
Nonagvirus,1921117,0.23,0.09,,0.13,,,,,,,,,,,,1884818.0,Escherichia sp.,Duplodnaviria,Heunggongvirae,Uroviricota,Caudoviricetes,Caudoviricetes incertae sedis,Nonagvirus,unclassified Nonagvirus,,dsDNA
Nonagvirus,1921117,0.23,0.09,,0.13,,,,,,,,,,,,561.0,Escherichia,Duplodnaviria,Heunggongvirae,Uroviricota,Caudoviricetes,Caudoviricetes incertae sedis,Nonagvirus,unclassified Nonagvirus,,dsDNA
Nonagvirus,1921117,0.23,0.09,,0.13,,,,,,,,,,,,90371.0,Salmonella enterica subsp. enterica serovar Typhimurium,Duplodnaviria,Heunggongvirae,Uroviricota,Caudoviricetes,Caudoviricetes incertae sedis,Nonagvirus,Nonagvirus SE1Kor,,dsDNA
Nonagvirus,1921117,0.23,0.09,,0.13,,,,,,,,,,,,149539.0,Salmonella enterica subsp. enterica serovar Enteritidis,Duplodnaviria,Heunggongvirae,Uroviricota,Caudoviricetes,Caudoviricetes incertae sedis,Nonagvirus,Nonagvirus SE1Kor,,dsDNA
Nonanavirus,1921122,,0.07,,,,,,,,,,,,,,2072463.0,Escherichia coli O78,Duplodnaviria,Heunggongvirae,Uroviricota,Caudoviricetes,Caudoviricetes incertae sedis,Nonanavirus,unclassified Nonanavirus,,dsDNA
Nonanavirus,1921122,,0.07,,,,,,,,,,,,,,561.0,Escherichia,Duplodnaviria,Heunggongvirae,Uroviricota,Caudoviricetes,Caudoviricetes incertae sedis,Nonanavirus,unclassified Nonanavirus,,dsDNA
Nonanavirus,1921122,,0.07,,,,,,,,,,,,,,99287.0,Salmonella enterica subsp. enterica serovar Typhimurium str. LT2,Duplodnaviria,Heunggongvirae,Uroviricota,Caudoviricetes,Caudoviricetes incertae sedis,Nonanavirus,Nonanavirus nv9NA,,dsDNA
Nonanavirus,1921122,,0.07,,,,,,,,,,,,,,28901.0,Salmonella enterica,Duplodnaviria,Heunggongvirae,Uroviricota,Caudoviricetes,Caudoviricetes incertae sedis,Nonanavirus,unclassified Nonanavirus,,dsDNA
Nonanavirus,1921122,,0.07,,,,,,,,,,,,,,108619.0,Salmonella enterica subsp. enterica serovar Newport,Duplodnaviria,Heunggongvirae,Uroviricota,Caudoviricetes,Caudoviricetes incertae sedis,Nonanavirus,Nonanavirus SP069,,dsDNA
Pakpunavirus,1921407,,,,,,,,,,,,,0.28,,,3374103.0,Limnohabitans sp. DCL3,Duplodnaviria,Heunggongvirae,Uroviricota,Caudoviricetes,Caudoviricetes incertae sedis,Vandenendeviridae,Skurskavirinae,Pakpunavirus,dsDNA
Pakpunavirus,1921407,,,,,,,,,,,,,0.28,,,287.0,Pseudomonas aeruginosa,Duplodnaviria,Heunggongvirae,Uroviricota,Caudoviricetes,Caudoviricetes incertae sedis,Vandenendeviridae,Skurskavirinae,Pakpunavirus,dsDNA
Pakpunavirus,1921407,,,,,,,,,,,,,0.28,,,208964.0,Pseudomonas aeruginosa PAO1,Duplodnaviria,Heunggongvirae,Uroviricota,Caudoviricetes,Caudoviricetes incertae sedis,Vandenendeviridae,Skurskavirinae,Pakpunavirus,dsDNA
Pakpunavirus,1921407,,,,,,,,,,,,,0.28,,,1009714.0,Pseudomonas aeruginosa PAK,Duplodnaviria,Heunggongvirae,Uroviricota,Caudoviricetes,Caudoviricetes incertae sedis,Vandenendeviridae,Skurskavirinae,Pakpunavirus,dsDNA
Pakpunavirus,1921407,,,,,,,,,,,,,0.28,,,1279007.0,Pseudomonas aeruginosa PA1,Duplodnaviria,Heunggongvirae,Uroviricota,Caudoviricetes,Caudoviricetes incertae sedis,Vandenendeviridae,Skurskavirinae,Pakpunavirus,dsDNA
Pakpunavirus,1921407,,,,,,,,,,,,,0.28,,,1424337.0,Pseudomonas aeruginosa ATCC 15442,Duplodnaviria,Heunggongvirae,Uroviricota,Caudoviricetes,Caudoviricetes incertae sedis,Vandenendeviridae,Skurskavirinae,Pakpunavirus,dsDNA
Kleczkowskavirus,1921525,,,,,,,,,,,,,0.13,,,526947.0,Rhizobium etli GR56,Duplodnaviria,Heunggongvirae,Uroviricota,Caudoviricetes,Caudoviricetes incertae sedis,Kleczkowskavirus,Kleczkowskavirus RHEph4,,dsDNA
Kleczkowskavirus,1921525,,,,,,,,,,,,,0.13,,,526947.0,Rhizobium etli GR56,Duplodnaviria,Heunggongvirae,Uroviricota,Caudoviricetes,Caudoviricetes incertae sedis,Kleczkowskavirus,unclassified Kleczkowskavirus,,dsDNA
Kleczkowskavirus,1921525,,,,,,,,,,,,,0.13,,,396.0,Rhizobium phaseoli,Duplodnaviria,Heunggongvirae,Uroviricota,Caudoviricetes,Caudoviricetes incertae sedis,Kleczkowskavirus,unclassified Kleczkowskavirus,,dsDNA
Kleczkowskavirus,1921525,,,,,,,,,,,,,0.13,,,396.0,Rhizobium phaseoli,Duplodnaviria,Heunggongvirae,Uroviricota,Caudoviricetes,Caudoviricetes incertae sedis,Kleczkowskavirus,Kleczkowskavirus RHEph4,,dsDNA
Kleczkowskavirus,1921525,,,,,,,,,,,,,0.13,,,29449.0,Rhizobium etli,Duplodnaviria,Heunggongvirae,Uroviricota,Caudoviricetes,Caudoviricetes incertae sedis,Kleczkowskavirus,unclassified Kleczkowskavirus,,dsDNA
Septimatrevirus,1921544,0.54,0.34,0.63,0.52,,0.56,0.54,,0.25,0.15,,0.19,,0.48,0.81,287.0,Pseudomonas aeruginosa,Duplodnaviria,Heunggongvirae,Uroviricota,Caudoviricetes,Caudoviricetes incertae sedis,Septimatrevirus,Septimatrevirus C1,Septimatrevirus sv73,dsDNA
Septimatrevirus,1921544,0.54,0.34,0.63,0.52,,0.56,0.54,,0.25,0.15,,0.19,,0.48,0.81,287.0,Pseudomonas aeruginosa,Duplodnaviria,Heunggongvirae,Uroviricota,Caudoviricetes,Caudoviricetes incertae sedis,Septimatrevirus,unclassified Septimatrevirus,,dsDNA
Septimatrevirus,1921544,0.54,0.34,0.63,0.52,,0.56,0.54,,0.25,0.15,,0.19,,0.48,0.81,287.0,Pseudomonas aeruginosa,Duplodnaviria,Heunggongvirae,Uroviricota,Caudoviricetes,Caudoviricetes incertae sedis,Septimatrevirus,Septimatrevirus PX5,,dsDNA
Septimatrevirus,1921544,0.54,0.34,0.63,0.52,,0.56,0.54,,0.25,0.15,,0.19,,0.48,0.81,306.0,Pseudomonas sp.,Duplodnaviria,Heunggongvirae,Uroviricota,Caudoviricetes,Caudoviricetes incertae sedis,Septimatrevirus,Septimatrevirus epa40,,dsDNA
Septimatrevirus,1921544,0.54,0.34,0.63,0.52,,0.56,0.54,,0.25,0.15,,0.19,,0.48,0.81,306.0,Pseudomonas sp.,Duplodnaviria,Heunggongvirae,Uroviricota,Caudoviricetes,Caudoviricetes incertae sedis,Septimatrevirus,unclassified Septimatrevirus,,dsDNA
Septimatrevirus,1921544,0.54,0.34,0.63,0.52,,0.56,0.54,,0.25,0.15,,0.19,,0.48,0.81,287.0,Pseudomonas aeruginosa,Duplodnaviria,Heunggongvirae,Uroviricota,Caudoviricetes,Caudoviricetes incertae sedis,Septimatrevirus,Septimatrevirus guyu,,dsDNA
Septimatrevirus,1921544,0.54,0.34,0.63,0.52,,0.56,0.54,,0.25,0.15,,0.19,,0.48,0.81,1123015.0,Pseudomonas aeruginosa DSM 50071 = NBRC 12689,Duplodnaviria,Heunggongvirae,Uroviricota,Caudoviricetes,Caudoviricetes incertae sedis,Septimatrevirus,unclassified Septimatrevirus,,dsDNA
Septimatrevirus,1921544,0.54,0.34,0.63,0.52,,0.56,0.54,,0.25,0.15,,0.19,,0.48,0.81,287.0,Pseudomonas aeruginosa,Duplodnaviria,Heunggongvirae,Uroviricota,Caudoviricetes,Caudoviricetes incertae sedis,Septimatrevirus,Septimatrevirus kaya,,dsDNA
Septimatrevirus,1921544,0.54,0.34,0.63,0.52,,0.56,0.54,,0.25,0.15,,0.19,,0.48,0.81,287.0,Pseudomonas aeruginosa,Duplodnaviria,Heunggongvirae,Uroviricota,Caudoviricetes,Caudoviricetes incertae sedis,Septimatrevirus,Septimatrevirus kopi,,dsDNA
Septimatrevirus,1921544,0.54,0.34,0.63,0.52,,0.56,0.54,,0.25,0.15,,0.19,,0.48,0.81,287.0,Pseudomonas aeruginosa,Duplodnaviria,Heunggongvirae,Uroviricota,Caudoviricetes,Caudoviricetes incertae sedis,Septimatrevirus,Septimatrevirus kakheti25,,dsDNA
Septimatrevirus,1921544,0.54,0.34,0.63,0.52,,0.56,0.54,,0.25,0.15,,0.19,,0.48,0.81,317.0,Pseudomonas syringae,Duplodnaviria,Heunggongvirae,Uroviricota,Caudoviricetes,Caudoviricetes incertae sedis,Septimatrevirus,unclassified Septimatrevirus,,dsDNA
Septimatrevirus,1921544,0.54,0.34,0.63,0.52,,0.56,0.54,,0.25,0.15,,0.19,,0.48,0.81,287.0,Pseudomonas aeruginosa,Duplodnaviria,Heunggongvirae,Uroviricota,Caudoviricetes,Caudoviricetes incertae sedis,Septimatrevirus,Septimatrevirus tehO,,dsDNA
Septimatrevirus,1921544,0.54,0.34,0.63,0.52,,0.56,0.54,,0.25,0.15,,0.19,,0.48,0.81,287.0,Pseudomonas aeruginosa,Duplodnaviria,Heunggongvirae,Uroviricota,Caudoviricetes,Caudoviricetes incertae sedis,Septimatrevirus,Septimatrevirus UFRH1,,dsDNA
Septimatrevirus,1921544,0.54,0.34,0.63,0.52,,0.56,0.54,,0.25,0.15,,0.19,,0.48,0.81,208964.0,Pseudomonas aeruginosa PAO1,Duplodnaviria,Heunggongvirae,Uroviricota,Caudoviricetes,Caudoviricetes incertae sedis,Septimatrevirus,unclassified Septimatrevirus,,dsDNA
Septimatrevirus,1921544,0.54,0.34,0.63,0.52,,0.56,0.54,,0.25,0.15,,0.19,,0.48,0.81,287.0,Pseudomonas aeruginosa,Duplodnaviria,Heunggongvirae,Uroviricota,Caudoviricetes,Caudoviricetes incertae sedis,Septimatrevirus,Septimatrevirus yazdi,,dsDNA
Septimatrevirus,1921544,0.54,0.34,0.63,0.52,,0.56,0.54,,0.25,0.15,,0.19,,0.48,0.81,287.0,Pseudomonas aeruginosa,Duplodnaviria,Heunggongvirae,Uroviricota,Caudoviricetes,Caudoviricetes incertae sedis,Septimatrevirus,Septimatrevirus Ab26,,dsDNA
Septimatrevirus,1921544,0.54,0.34,0.63,0.52,,0.56,0.54,,0.25,0.15,,0.19,,0.48,0.81,287.0,Pseudomonas aeruginosa,Duplodnaviria,Heunggongvirae,Uroviricota,Caudoviricetes,Caudoviricetes incertae sedis,Septimatrevirus,Septimatrevirus SCUTS3,,dsDNA
Septimatrevirus,1921544,0.54,0.34,0.63,0.52,,0.56,0.54,,0.25,0.15,,0.19,,0.48,0.81,286.0,Pseudomonas,Duplodnaviria,Heunggongvirae,Uroviricota,Caudoviricetes,Caudoviricetes incertae sedis,Septimatrevirus,unclassified Septimatrevirus,,dsDNA
Septimatrevirus,1921544,0.54,0.34,0.63,0.52,,0.56,0.54,,0.25,0.15,,0.19,,0.48,0.81,208964.0,Pseudomonas aeruginosa PAO1,Duplodnaviria,Heunggongvirae,Uroviricota,Caudoviricetes,Caudoviricetes incertae sedis,Septimatrevirus,Septimatrevirus kakheti25,,dsDNA
Septimatrevirus,1921544,0.54,0.34,0.63,0.52,,0.56,0.54,,0.25,0.15,,0.19,,0.48,0.81,317.0,Pseudomonas syringae,Duplodnaviria,Heunggongvirae,Uroviricota,Caudoviricetes,Caudoviricetes incertae sedis,Septimatrevirus,,,dsDNA
Septimatrevirus,1921544,0.54,0.34,0.63,0.52,,0.56,0.54,,0.25,0.15,,0.19,,0.48,0.81,40324.0,Stenotrophomonas maltophilia,Duplodnaviria,Heunggongvirae,Uroviricota,Caudoviricetes,Caudoviricetes incertae sedis,Septimatrevirus,Septimatrevirus DLP1,,dsDNA
Septimatrevirus,1921544,0.54,0.34,0.63,0.52,,0.56,0.54,,0.25,0.15,,0.19,,0.48,0.81,40324.0,Stenotrophomonas maltophilia,Duplodnaviria,Heunggongvirae,Uroviricota,Caudoviricetes,Caudoviricetes incertae sedis,Septimatrevirus,Septimatrevirus DLP2,,dsDNA
Septimatrevirus,1921544,0.54,0.34,0.63,0.52,,0.56,0.54,,0.25,0.15,,0.19,,0.48,0.81,40324.0,Stenotrophomonas maltophilia,Duplodnaviria,Heunggongvirae,Uroviricota,Caudoviricetes,Caudoviricetes incertae sedis,Septimatrevirus,unclassified Septimatrevirus,,dsDNA
Septimatrevirus,1921544,0.54,0.34,0.63,0.52,,0.56,0.54,,0.25,0.15,,0.19,,0.48,0.81,29446.0,Xanthomonas sp.,Duplodnaviria,Heunggongvirae,Uroviricota,Caudoviricetes,Caudoviricetes incertae sedis,Septimatrevirus,unclassified Septimatrevirus,,dsDNA
Septimatrevirus,1921544,0.54,0.34,0.63,0.52,,0.56,0.54,,0.25,0.15,,0.19,,0.48,0.81,29446.0,Xanthomonas sp.,Duplodnaviria,Heunggongvirae,Uroviricota,Caudoviricetes,Caudoviricetes incertae sedis,Septimatrevirus,Septimatrevirus samson,,dsDNA
Septimatrevirus,1921544,0.54,0.34,0.63,0.52,,0.56,0.54,,0.25,0.15,,0.19,,0.48,0.81,195709.0,Xanthomonas arboricola pv. juglandis,Duplodnaviria,Heunggongvirae,Uroviricota,Caudoviricetes,Caudoviricetes incertae sedis,Septimatrevirus,Septimatrevirus DoCa1,,dsDNA
Septimatrevirus,1921544,0.54,0.34,0.63,0.52,,0.56,0.54,,0.25,0.15,,0.19,,0.48,0.81,195709.0,Xanthomonas arboricola pv. juglandis,Duplodnaviria,Heunggongvirae,Uroviricota,Caudoviricetes,Caudoviricetes incertae sedis,Septimatrevirus,unclassified Septimatrevirus,,dsDNA
Enhodamvirus,1922329,,,,,,,,0.24,,,,,,,,666.0,Vibrio cholerae,Duplodnaviria,Heunggongvirae,Uroviricota,Caudoviricetes,Caudoviricetes incertae sedis,Enhodamvirus,unclassified Enhodamvirus,,dsDNA
Enhodamvirus,1922329,,,,,,,,0.24,,,,,,,,666.0,Vibrio cholerae,Duplodnaviria,Heunggongvirae,Uroviricota,Caudoviricetes,Caudoviricetes incertae sedis,Enhodamvirus,Enhodamvirus VP2,,dsDNA
Enhodamvirus,1922329,,,,,,,,0.24,,,,,,,,666.0,Vibrio cholerae,Duplodnaviria,Heunggongvirae,Uroviricota,Caudoviricetes,Caudoviricetes incertae sedis,Enhodamvirus,Enhodamvirus VC8,,dsDNA
Enhodamvirus,1922329,,,,,,,,0.24,,,,,,,,127906.0,Vibrio cholerae O1,Duplodnaviria,Heunggongvirae,Uroviricota,Caudoviricetes,Caudoviricetes incertae sedis,Enhodamvirus,Enhodamvirus VC8,,dsDNA
Enhodamvirus,1922329,,,,,,,,0.24,,,,,,,,670.0,Vibrio parahaemolyticus,Duplodnaviria,Heunggongvirae,Uroviricota,Caudoviricetes,Caudoviricetes incertae sedis,Enhodamvirus,Enhodamvirus VP5,,dsDNA
Gemykibivirus,1941236,0.69,4.53,2.28,2.16,,0.39,0.38,0.68,0.23,0.35,,0.45,0.12,,,9662.0,Meles meles,Monodnaviria,Shotokuvirae,Cressdnaviricota,Repensiviricetes,Geplafuvirales,Genomoviridae,Gemykibivirus,Gemykibivirus badas1,
Gemykibivirus,1941236,0.69,4.53,2.28,2.16,,0.39,0.38,0.68,0.23,0.35,,0.45,0.12,,,175524.0,Hipposideros larvatus,Monodnaviria,Shotokuvirae,Cressdnaviricota,Repensiviricetes,Geplafuvirales,Genomoviridae,Gemykibivirus,Gemykibivirus hipla1,
Gemykibivirus,1941236,0.69,4.53,2.28,2.16,,0.39,0.38,0.68,0.23,0.35,,0.45,0.12,,,7038.0,Bemisia tabaci,Monodnaviria,Shotokuvirae,Cressdnaviricota,Repensiviricetes,Geplafuvirales,Genomoviridae,Gemykibivirus,Gemykibivirus bemta1,
Gemykibivirus,1941236,0.69,4.53,2.28,2.16,,0.39,0.38,0.68,0.23,0.35,,0.45,0.12,,,228564.0,Petroica traversi,Monodnaviria,Shotokuvirae,Cressdnaviricota,Repensiviricetes,Geplafuvirales,Genomoviridae,Gemykibivirus,Gemykibivirus blaro1,
Gemykibivirus,1941236,0.69,4.53,2.28,2.16,,0.39,0.38,0.68,0.23,0.35,,0.45,0.12,,,9187.0,Turdus merula,Monodnaviria,Shotokuvirae,Cressdnaviricota,Repensiviricetes,Geplafuvirales,Genomoviridae,Gemykibivirus,Gemykibivirus blabi1,
Gemykibivirus,1941236,0.69,4.53,2.28,2.16,,0.39,0.38,0.68,0.23,0.35,,0.45,0.12,,,9913.0,Bos taurus,Monodnaviria,Shotokuvirae,Cressdnaviricota,Repensiviricetes,Geplafuvirales,Genomoviridae,Gemykibivirus,Gemykibivirus bovas1,
Gemykibivirus,1941236,0.69,4.53,2.28,2.16,,0.39,0.38,0.68,0.23,0.35,,0.45,0.12,,,9615.0,Canis lupus familiaris,Monodnaviria,Shotokuvirae,Cressdnaviricota,Repensiviricetes,Geplafuvirales,Genomoviridae,Gemykibivirus,Gemykibivirus canfam1,
Gemykibivirus,1941236,0.69,4.53,2.28,2.16,,0.39,0.38,0.68,0.23,0.35,,0.45,0.12,,,1.0,root,Monodnaviria,Shotokuvirae,Cressdnaviricota,Repensiviricetes,Geplafuvirales,Genomoviridae,Gemykibivirus,Gemykibivirus hydro3,
Gemykibivirus,1941236,0.69,4.53,2.28,2.16,,0.39,0.38,0.68,0.23,0.35,,0.45,0.12,,,9903.0,Bos,Monodnaviria,Shotokuvirae,Cressdnaviricota,Repensiviricetes,Geplafuvirales,Genomoviridae,Gemykibivirus,Gemykibivirus cowchi1,
Gemykibivirus,1941236,0.69,4.53,2.28,2.16,,0.39,0.38,0.68,0.23,0.35,,0.45,0.12,,,9031.0,Gallus gallus,Monodnaviria,Shotokuvirae,Cressdnaviricota,Repensiviricetes,Geplafuvirales,Genomoviridae,Gemykibivirus,Gemykibivirus galga3,
Gemykibivirus,1941236,0.69,4.53,2.28,2.16,,0.39,0.38,0.68,0.23,0.35,,0.45,0.12,,,388978.0,Cybaeus,Monodnaviria,Shotokuvirae,Cressdnaviricota,Repensiviricetes,Geplafuvirales,Genomoviridae,Gemykibivirus,Gemykibivirus cybusi1,
Gemykibivirus,1941236,0.69,4.53,2.28,2.16,,0.39,0.38,0.68,0.23,0.35,,0.45,0.12,,,451481.0,Miathyria marcella,Monodnaviria,Shotokuvirae,Cressdnaviricota,Repensiviricetes,Geplafuvirales,Genomoviridae,Gemykibivirus,Gemykibivirus draga1,
Gemykibivirus,1941236,0.69,4.53,2.28,2.16,,0.39,0.38,0.68,0.23,0.35,,0.45,0.12,,,30427.0,Haemorhous mexicanus,Monodnaviria,Shotokuvirae,Cressdnaviricota,Repensiviricetes,Geplafuvirales,Genomoviridae,Gemykibivirus,Gemykibivirus haeme5,
Gemykibivirus,1941236,0.69,4.53,2.28,2.16,,0.39,0.38,0.68,0.23,0.35,,0.45,0.12,,,9606.0,Homo sapiens,Monodnaviria,Shotokuvirae,Cressdnaviricota,Repensiviricetes,Geplafuvirales,Genomoviridae,Gemykibivirus,Gemykibivirus humas3,
Gemykibivirus,1941236,0.69,4.53,2.28,2.16,,0.39,0.38,0.68,0.23,0.35,,0.45,0.12,,,38771.0,Gopherus,Monodnaviria,Shotokuvirae,Cressdnaviricota,Repensiviricetes,Geplafuvirales,Genomoviridae,Gemykibivirus,Gemykibivirus haeme2,
Gemykibivirus,1941236,0.69,4.53,2.28,2.16,,0.39,0.38,0.68,0.23,0.35,,0.45,0.12,,,9700.0,Herpestes ichneumon,Monodnaviria,Shotokuvirae,Cressdnaviricota,Repensiviricetes,Geplafuvirales,Genomoviridae,Gemykibivirus,Gemykibivirus rhina1,
Gemykibivirus,1941236,0.69,4.53,2.28,2.16,,0.39,0.38,0.68,0.23,0.35,,0.45,0.12,,,77217.0,Pteropus tonganus,Monodnaviria,Shotokuvirae,Cressdnaviricota,Repensiviricetes,Geplafuvirales,Genomoviridae,Gemykibivirus,Gemykibivirus ptero1,
Gemykibivirus,1941236,0.69,4.53,2.28,2.16,,0.39,0.38,0.68,0.23,0.35,,0.45,0.12,,,2866903.0,Poaceae sp.,Monodnaviria,Shotokuvirae,Cressdnaviricota,Repensiviricetes,Geplafuvirales,Genomoviridae,Gemykibivirus,Gemykibivirus planta1,
Gemykibivirus,1941236,0.69,4.53,2.28,2.16,,0.39,0.38,0.68,0.23,0.35,,0.45,0.12,,,171969.0,Carnegiea gigantea,Monodnaviria,Shotokuvirae,Cressdnaviricota,Repensiviricetes,Geplafuvirales,Genomoviridae,Gemykibivirus,Gemykibivirus planta2,
Gemykibivirus,1941236,0.69,4.53,2.28,2.16,,0.39,0.38,0.68,0.23,0.35,,0.45,0.12,,,3101841.0,Cynodon sp.,Monodnaviria,Shotokuvirae,Cressdnaviricota,Repensiviricetes,Geplafuvirales,Genomoviridae,Gemykibivirus,Gemykibivirus cynas1,
Gemykibivirus,1941236,0.69,4.53,2.28,2.16,,0.39,0.38,0.68,0.23,0.35,,0.45,0.12,,,9823.0,Sus scrofa,Monodnaviria,Shotokuvirae,Cressdnaviricota,Repensiviricetes,Geplafuvirales,Genomoviridae,Gemykibivirus,Gemykibivirus anima1,
Gemykibivirus,1941236,0.69,4.53,2.28,2.16,,0.39,0.38,0.68,0.23,0.35,,0.45,0.12,,,77218.0,Rhinolophus hipposideros,Monodnaviria,Shotokuvirae,Cressdnaviricota,Repensiviricetes,Geplafuvirales,Genomoviridae,Gemykibivirus,Gemykibivirus rhina1,
Gemykibivirus,1941236,0.69,4.53,2.28,2.16,,0.39,0.38,0.68,0.23,0.35,,0.45,0.12,,,59479.0,Rhinolophus ferrumequinum,Monodnaviria,Shotokuvirae,Cressdnaviricota,Repensiviricetes,Geplafuvirales,Genomoviridae,Gemykibivirus,Gemykibivirus rhina2,
Gemykibivirus,1941236,0.69,4.53,2.28,2.16,,0.39,0.38,0.68,0.23,0.35,,0.45,0.12,,,146804.0,Echinothrips americanus,Monodnaviria,Shotokuvirae,Cressdnaviricota,Repensiviricetes,Geplafuvirales,Genomoviridae,Gemykibivirus,Gemykibivirus echi1,
Mudcatvirus,1982088,0.16,0.07,,0.08,,,,,,,,,,,,1771959.0,[Arthrobacter] sp. ATCC 21022,Duplodnaviria,Heunggongvirae,Uroviricota,Caudoviricetes,Caudoviricetes incertae sedis,Mudcatvirus,Mudcatvirus arcadia,,dsDNA
Mudcatvirus,1982088,0.16,0.07,,0.08,,,,,,,,,,,,1667.0,Arthrobacter sp.,Duplodnaviria,Heunggongvirae,Uroviricota,Caudoviricetes,Caudoviricetes incertae sedis,Mudcatvirus,unclassified Mudcatvirus,,dsDNA
Mudcatvirus,1982088,0.16,0.07,,0.08,,,,,,,,,,,,1771959.0,[Arthrobacter] sp. ATCC 21022,Duplodnaviria,Heunggongvirae,Uroviricota,Caudoviricetes,Caudoviricetes incertae sedis,Mudcatvirus,Mudcatvirus cheesy,,dsDNA
Mudcatvirus,1982088,0.16,0.07,,0.08,,,,,,,,,,,,1771959.0,[Arthrobacter] sp. ATCC 21022,Duplodnaviria,Heunggongvirae,Uroviricota,Caudoviricetes,Caudoviricetes incertae sedis,Mudcatvirus,Mudcatvirus circum,,dsDNA
Mudcatvirus,1982088,0.16,0.07,,0.08,,,,,,,,,,,,1771959.0,[Arthrobacter] sp. ATCC 21022,Duplodnaviria,Heunggongvirae,Uroviricota,Caudoviricetes,Caudoviricetes incertae sedis,Mudcatvirus,Mudcatvirus correa,,dsDNA
Mudcatvirus,1982088,0.16,0.07,,0.08,,,,,,,,,,,,1667.0,Arthrobacter sp.,Duplodnaviria,Heunggongvirae,Uroviricota,Caudoviricetes,Caudoviricetes incertae sedis,Mudcatvirus,Mudcatvirus dynamite,,dsDNA
Mudcatvirus,1982088,0.16,0.07,,0.08,,,,,,,,,,,,1771959.0,[Arthrobacter] sp. ATCC 21022,Duplodnaviria,Heunggongvirae,Uroviricota,Caudoviricetes,Caudoviricetes incertae sedis,Mudcatvirus,unclassified Mudcatvirus,,dsDNA
Mudcatvirus,1982088,0.16,0.07,,0.08,,,,,,,,,,,,1771959.0,[Arthrobacter] sp. ATCC 21022,Duplodnaviria,Heunggongvirae,Uroviricota,Caudoviricetes,Caudoviricetes incertae sedis,Mudcatvirus,Mudcatvirus heisenberger,,dsDNA
Mudcatvirus,1982088,0.16,0.07,,0.08,,,,,,,,,,,,1667.0,Arthrobacter sp.,Duplodnaviria,Heunggongvirae,Uroviricota,Caudoviricetes,Caudoviricetes incertae sedis,Mudcatvirus,Mudcatvirus JEGGS,,dsDNA
Mudcatvirus,1982088,0.16,0.07,,0.08,,,,,,,,,,,,1667.0,Arthrobacter sp.,Duplodnaviria,Heunggongvirae,Uroviricota,Caudoviricetes,Caudoviricetes incertae sedis,Mudcatvirus,Mudcatvirus kardesai,,dsDNA
Mudcatvirus,1982088,0.16,0.07,,0.08,,,,,,,,,,,,1667.0,Arthrobacter sp.,Duplodnaviria,Heunggongvirae,Uroviricota,Caudoviricetes,Caudoviricetes incertae sedis,Mudcatvirus,Mudcatvirus keaneylin,,dsDNA
Mudcatvirus,1982088,0.16,0.07,,0.08,,,,,,,,,,,,1771959.0,[Arthrobacter] sp. ATCC 21022,Duplodnaviria,Heunggongvirae,Uroviricota,Caudoviricetes,Caudoviricetes incertae sedis,Mudcatvirus,Mudcatvirus mudcat,,dsDNA
Mudcatvirus,1982088,0.16,0.07,,0.08,,,,,,,,,,,,1771959.0,[Arthrobacter] sp. ATCC 21022,Duplodnaviria,Heunggongvirae,Uroviricota,Caudoviricetes,Caudoviricetes incertae sedis,Mudcatvirus,Mudcatvirus tribby,,dsDNA
Mudcatvirus,1982088,0.16,0.07,,0.08,,,,,,,,,,,,1667.0,Arthrobacter sp.,Duplodnaviria,Heunggongvirae,Uroviricota,Caudoviricetes,Caudoviricetes incertae sedis,Mudcatvirus,Mudcatvirus xenomorph,,dsDNA
Abidjanvirus,1982095,0.26,0.1,0.17,0.2,,0.5,0.32,,,,,,,0.11,0.18,47886.0,Pseudomonas luteola,Duplodnaviria,Heunggongvirae,Uroviricota,Caudoviricetes,Caudoviricetes incertae sedis,Mesyanzhinovviridae,Bradleyvirinae,Abidjanvirus,dsDNA
Abidjanvirus,1982095,0.26,0.1,0.17,0.2,,0.5,0.32,,,,,,,0.11,0.18,287.0,Pseudomonas aeruginosa,Duplodnaviria,Heunggongvirae,Uroviricota,Caudoviricetes,Caudoviricetes incertae sedis,Mesyanzhinovviridae,Bradleyvirinae,Abidjanvirus,dsDNA
Eiauvirus,1982111,,,,,,,,,,,0.23,,,0.69,,67780.0,Edwardsiella ictaluri,Duplodnaviria,Heunggongvirae,Uroviricota,Caudoviricetes,Caudoviricetes incertae sedis,Eiauvirus,Eiauvirus eiAU,,dsDNA
Gordonvirus,1982152,0.09,0.11,0.09,,,,,,,,,,,,,1667.0,Arthrobacter sp.,Duplodnaviria,Heunggongvirae,Uroviricota,Caudoviricetes,Caudoviricetes incertae sedis,Gordonvirus,Gordonvirus breylor17,,dsDNA
Gordonvirus,1982152,0.09,0.11,0.09,,,,,,,,,,,,,1771959.0,[Arthrobacter] sp. ATCC 21022,Duplodnaviria,Heunggongvirae,Uroviricota,Caudoviricetes,Caudoviricetes incertae sedis,Gordonvirus,Gordonvirus captnmurica,,dsDNA
Gordonvirus,1982152,0.09,0.11,0.09,,,,,,,,,,,,,1667.0,Arthrobacter sp.,Duplodnaviria,Heunggongvirae,Uroviricota,Caudoviricetes,Caudoviricetes incertae sedis,Gordonvirus,Gordonvirus castortray,,dsDNA
Gordonvirus,1982152,0.09,0.11,0.09,,,,,,,,,,,,,1667.0,Arthrobacter sp.,Duplodnaviria,Heunggongvirae,Uroviricota,Caudoviricetes,Caudoviricetes incertae sedis,Gordonvirus,unclassified Gordonvirus,,dsDNA
Gordonvirus,1982152,0.09,0.11,0.09,,,,,,,,,,,,,1771959.0,[Arthrobacter] sp. ATCC 21022,Duplodnaviria,Heunggongvirae,Uroviricota,Caudoviricetes,Caudoviricetes incertae sedis,Gordonvirus,Gordonvirus darby,,dsDNA
Gordonvirus,1982152,0.09,0.11,0.09,,,,,,,,,,,,,1667.0,Arthrobacter sp.,Duplodnaviria,Heunggongvirae,Uroviricota,Caudoviricetes,Caudoviricetes incertae sedis,Gordonvirus,Gordonvirus devitoJr,,dsDNA
Gordonvirus,1982152,0.09,0.11,0.09,,,,,,,,,,,,,1771959.0,[Arthrobacter] sp. ATCC 21022,Duplodnaviria,Heunggongvirae,Uroviricota,Caudoviricetes,Caudoviricetes incertae sedis,Gordonvirus,unclassified Gordonvirus,,dsDNA
Gordonvirus,1982152,0.09,0.11,0.09,,,,,,,,,,,,,1665.0,Arthrobacter globiformis,Duplodnaviria,Heunggongvirae,Uroviricota,Caudoviricetes,Caudoviricetes incertae sedis,Gordonvirus,unclassified Gordonvirus,,dsDNA
Gordonvirus,1982152,0.09,0.11,0.09,,,,,,,,,,,,,1771959.0,[Arthrobacter] sp. ATCC 21022,Duplodnaviria,Heunggongvirae,Uroviricota,Caudoviricetes,Caudoviricetes incertae sedis,Gordonvirus,Gordonvirus gordon,,dsDNA
Gordonvirus,1982152,0.09,0.11,0.09,,,,,,,,,,,,,1771959.0,[Arthrobacter] sp. ATCC 21022,Duplodnaviria,Heunggongvirae,Uroviricota,Caudoviricetes,Caudoviricetes incertae sedis,Gordonvirus,Gordonvirus nightmare,,dsDNA
Gordonvirus,1982152,0.09,0.11,0.09,,,,,,,,,,,,,1771959.0,[Arthrobacter] sp. ATCC 21022,Duplodnaviria,Heunggongvirae,Uroviricota,Caudoviricetes,Caudoviricetes incertae sedis,Gordonvirus,Gordonvirus niktson,,dsDNA
Gordonvirus,1982152,0.09,0.11,0.09,,,,,,,,,,,,,1771959.0,[Arthrobacter] sp. ATCC 21022,Duplodnaviria,Heunggongvirae,Uroviricota,Caudoviricetes,Caudoviricetes incertae sedis,Gordonvirus,Gordonvirus sciencewizsam,,dsDNA
Gordonvirus,1982152,0.09,0.11,0.09,,,,,,,,,,,,,1667.0,Arthrobacter sp.,Duplodnaviria,Heunggongvirae,Uroviricota,Caudoviricetes,Caudoviricetes incertae sedis,Gordonvirus,Gordonvirus synepsis,,dsDNA
Gordonvirus,1982152,0.09,0.11,0.09,,,,,,,,,,,,,1667.0,Arthrobacter sp.,Duplodnaviria,Heunggongvirae,Uroviricota,Caudoviricetes,Caudoviricetes incertae sedis,Gordonvirus,Gordonvirus tatanka,,dsDNA
Gordonvirus,1982152,0.09,0.11,0.09,,,,,,,,,,,,,1771959.0,[Arthrobacter] sp. ATCC 21022,Duplodnaviria,Heunggongvirae,Uroviricota,Caudoviricetes,Caudoviricetes incertae sedis,Gordonvirus,Gordonvirus teacup,,dsDNA
Gordonvirus,1982152,0.09,0.11,0.09,,,,,,,,,,,,,1667.0,Arthrobacter sp.,Duplodnaviria,Heunggongvirae,Uroviricota,Caudoviricetes,Caudoviricetes incertae sedis,Gordonvirus,Gordonvirus captnmurica,,dsDNA
Gordonvirus,1982152,0.09,0.11,0.09,,,,,,,,,,,,,1667.0,Arthrobacter sp.,Duplodnaviria,Heunggongvirae,Uroviricota,Caudoviricetes,Caudoviricetes incertae sedis,Gordonvirus,Gordonvirus trustiboi,,dsDNA
Nipunavirus,1982239,0.33,0.17,0.14,0.27,,0.2,0.28,0.22,0.31,0.16,,,,0.22,0.18,287.0,Pseudomonas aeruginosa,Duplodnaviria,Heunggongvirae,Uroviricota,Caudoviricetes,Caudoviricetes incertae sedis,Nipunavirus,Nipunavirus quinobequin,Nipunavirus NP1,dsDNA
Nipunavirus,1982239,0.33,0.17,0.14,0.27,,0.2,0.28,0.22,0.31,0.16,,,,0.22,0.18,287.0,Pseudomonas aeruginosa,Duplodnaviria,Heunggongvirae,Uroviricota,Caudoviricetes,Caudoviricetes incertae sedis,Nipunavirus,Nipunavirus JG054,,dsDNA
Nipunavirus,1982239,0.33,0.17,0.14,0.27,,0.2,0.28,0.22,0.31,0.16,,,,0.22,0.18,286.0,Pseudomonas,Duplodnaviria,Heunggongvirae,Uroviricota,Caudoviricetes,Caudoviricetes incertae sedis,Nipunavirus,Nipunavirus quinobequin,Nipunavirus NP1,dsDNA
Nipunavirus,1982239,0.33,0.17,0.14,0.27,,0.2,0.28,0.22,0.31,0.16,,,,0.22,0.18,287.0,Pseudomonas aeruginosa,Duplodnaviria,Heunggongvirae,Uroviricota,Caudoviricetes,Caudoviricetes incertae sedis,Nipunavirus,Nipunavirus PaMx25,,dsDNA
Nipunavirus,1982239,0.33,0.17,0.14,0.27,,0.2,0.28,0.22,0.31,0.16,,,,0.22,0.18,652611.0,Pseudomonas aeruginosa PA14,Duplodnaviria,Heunggongvirae,Uroviricota,Caudoviricetes,Caudoviricetes incertae sedis,Nipunavirus,unclassified Nipunavirus,,dsDNA
Nipunavirus,1982239,0.33,0.17,0.14,0.27,,0.2,0.28,0.22,0.31,0.16,,,,0.22,0.18,287.0,Pseudomonas aeruginosa,Duplodnaviria,Heunggongvirae,Uroviricota,Caudoviricetes,Caudoviricetes incertae sedis,Nipunavirus,unclassified Nipunavirus,,dsDNA
Nipunavirus,1982239,0.33,0.17,0.14,0.27,,0.2,0.28,0.22,0.31,0.16,,,,0.22,0.18,208963.0,Pseudomonas aeruginosa UCBPP-PA14,Duplodnaviria,Heunggongvirae,Uroviricota,Caudoviricetes,Caudoviricetes incertae sedis,Nipunavirus,Nipunavirus quinobequin,Nipunavirus NP1,dsDNA
Nipunavirus,1982239,0.33,0.17,0.14,0.27,,0.2,0.28,0.22,0.31,0.16,,,,0.22,0.18,208964.0,Pseudomonas aeruginosa PAO1,Duplodnaviria,Heunggongvirae,Uroviricota,Caudoviricetes,Caudoviricetes incertae sedis,Nipunavirus,Nipunavirus PAJD1,,dsDNA
Nipunavirus,1982239,0.33,0.17,0.14,0.27,,0.2,0.28,0.22,0.31,0.16,,,,0.22,0.18,195709.0,Xanthomonas arboricola pv. juglandis,Duplodnaviria,Heunggongvirae,Uroviricota,Caudoviricetes,Caudoviricetes incertae sedis,Nipunavirus,Nipunavirus Doca3,,dsDNA
Pamexvirus,1982355,,,,0.08,,,,,,,,,,,,652611.0,Pseudomonas aeruginosa PA14,Duplodnaviria,Heunggongvirae,Uroviricota,Caudoviricetes,Caudoviricetes incertae sedis,Mesyanzhinovviridae,Bradleyvirinae,Pamexvirus,dsDNA
Pamexvirus,1982355,,,,0.08,,,,,,,,,,,,208964.0,Pseudomonas aeruginosa PAO1,Duplodnaviria,Heunggongvirae,Uroviricota,Caudoviricetes,Caudoviricetes incertae sedis,Mesyanzhinovviridae,Bradleyvirinae,Pamexvirus,dsDNA
Pepyhexavirus,1982367,0.21,0.14,0.14,0.12,,0.17,,,,,,,,0.13,,1827.0,Rhodococcus,Duplodnaviria,Heunggongvirae,Uroviricota,Caudoviricetes,Caudoviricetes incertae sedis,Pepyhexavirus,Pepyhexavirus pepy6,,dsDNA
Pepyhexavirus,1982367,0.21,0.14,0.14,0.12,,0.17,,,,,,,,0.13,,1256785.0,Rhodococcus sp. S2,Duplodnaviria,Heunggongvirae,Uroviricota,Caudoviricetes,Caudoviricetes incertae sedis,Pepyhexavirus,Pepyhexavirus pepy6,,dsDNA
Pepyhexavirus,1982367,0.21,0.14,0.14,0.12,,0.17,,,,,,,,0.13,,1827.0,Rhodococcus,Duplodnaviria,Heunggongvirae,Uroviricota,Caudoviricetes,Caudoviricetes incertae sedis,Pepyhexavirus,Pepyhexavirus poco6,,dsDNA
Roufvirus,1982370,,0.08,,,,,,,,,,,,,,728059.0,Aeromonas sp. IS4,Duplodnaviria,Heunggongvirae,Uroviricota,Caudoviricetes,Caudoviricetes incertae sedis,Roufvirus,Roufvirus pIS4A,,dsDNA
Roufvirus,1982370,,0.08,,,,,,,,,,,,,,728064.0,Vibrio sp. YD38,Duplodnaviria,Heunggongvirae,Uroviricota,Caudoviricetes,Caudoviricetes incertae sedis,Roufvirus,Roufvirus pIS4A,,dsDNA
Titanvirus,1982573,,,0.08,,,,,,,,,,,,,1414586.0,Rhodobacter capsulatus YW1,Duplodnaviria,Heunggongvirae,Uroviricota,Caudoviricetes,Caudoviricetes incertae sedis,Titanvirus,Titanvirus rcspartan,,dsDNA
Titanvirus,1982573,,,0.08,,,,,,,,,,,,,1414586.0,Rhodobacter capsulatus YW1,Duplodnaviria,Heunggongvirae,Uroviricota,Caudoviricetes,Caudoviricetes incertae sedis,Titanvirus,unclassified Titanvirus,,dsDNA
Titanvirus,1982573,,,0.08,,,,,,,,,,,,,1414586.0,Rhodobacter capsulatus YW1,Duplodnaviria,Heunggongvirae,Uroviricota,Caudoviricetes,Caudoviricetes incertae sedis,Titanvirus,Titanvirus rctitan,,dsDNA
Johnsonvirus,1982576,0.11,0.1,0.1,,,0.15,,,,,,,,,,552.0,Erwinia amylovora,Duplodnaviria,Heunggongvirae,Uroviricota,Caudoviricetes,Caudoviricetes incertae sedis,Schitoviridae,Erskinevirinae,Johnsonvirus,dsDNA
Johnsonvirus,1982576,0.11,0.1,0.1,,,0.15,,,,,,,,,,551.0,Erwinia,Duplodnaviria,Heunggongvirae,Uroviricota,Caudoviricetes,Caudoviricetes incertae sedis,Schitoviridae,Erskinevirinae,Johnsonvirus,dsDNA
Kochitakasuvirus,1982590,0.08,,,,,,,,,,,,,,,287.0,Pseudomonas aeruginosa,Duplodnaviria,Heunggongvirae,Uroviricota,Caudoviricetes,Caudoviricetes incertae sedis,Kochitakasuvirus,Kochitakasuvirus KPP25,,dsDNA
Kochitakasuvirus,1982590,0.08,,,,,,,,,,,,,,,286.0,Pseudomonas,Duplodnaviria,Heunggongvirae,Uroviricota,Caudoviricetes,Caudoviricetes incertae sedis,Kochitakasuvirus,Kochitakasuvirus R18,,dsDNA
Kochitakasuvirus,1982590,0.08,,,,,,,,,,,,,,,287.0,Pseudomonas aeruginosa,Duplodnaviria,Heunggongvirae,Uroviricota,Caudoviricetes,Caudoviricetes incertae sedis,Kochitakasuvirus,unclassified Kochitakasuvirus,,dsDNA
Luzseptimavirus,1982594,0.07,,,,,,,,,,,,,,,,,,,,,,,,,
Likavirus,1982880,,,,,,,,,,,0.28,,,,,1911.0,Streptomyces griseus,Duplodnaviria,Heunggongvirae,Uroviricota,Caudoviricetes,Caudoviricetes incertae sedis,Likavirus,Likavirus aaronocolus,,dsDNA
Likavirus,1982880,,,,,,,,,,,0.28,,,,,1911.0,Streptomyces griseus,Duplodnaviria,Heunggongvirae,Uroviricota,Caudoviricetes,Caudoviricetes incertae sedis,Likavirus,unclassified Likavirus,,dsDNA
Likavirus,1982880,,,,,,,,,,,0.28,,,,,1916.0,Streptomyces lividans,Duplodnaviria,Heunggongvirae,Uroviricota,Caudoviricetes,Caudoviricetes incertae sedis,Likavirus,unclassified Likavirus,,dsDNA
Likavirus,1982880,,,,,,,,,,,0.28,,,,,67384.0,Streptomyces xanthochromogenes,Duplodnaviria,Heunggongvirae,Uroviricota,Caudoviricetes,Caudoviricetes incertae sedis,Likavirus,Likavirus caliburn,,dsDNA
Likavirus,1982880,,,,,,,,,,,0.28,,,,,953739.0,Streptomyces venezuelae ATCC 10712,Duplodnaviria,Heunggongvirae,Uroviricota,Caudoviricetes,Caudoviricetes incertae sedis,Likavirus,Likavirus danzina,,dsDNA
Likavirus,1982880,,,,,,,,,,,0.28,,,,,1911.0,Streptomyces griseus,Duplodnaviria,Heunggongvirae,Uroviricota,Caudoviricetes,Caudoviricetes incertae sedis,Likavirus,Likavirus izzy,,dsDNA
Likavirus,1982880,,,,,,,,,,,0.28,,,,,1911.0,Streptomyces griseus,Duplodnaviria,Heunggongvirae,Uroviricota,Caudoviricetes,Caudoviricetes incertae sedis,Likavirus,Likavirus caliburn,,dsDNA
Likavirus,1982880,,,,,,,,,,,0.28,,,,,67384.0,Streptomyces xanthochromogenes,Duplodnaviria,Heunggongvirae,Uroviricota,Caudoviricetes,Caudoviricetes incertae sedis,Likavirus,Likavirus zemlya,,dsDNA
Likavirus,1982880,,,,,,,,,,,0.28,,,,,953739.0,Streptomyces venezuelae ATCC 10712,Duplodnaviria,Heunggongvirae,Uroviricota,Caudoviricetes,Caudoviricetes incertae sedis,Likavirus,unclassified Likavirus,,dsDNA
Likavirus,1982880,,,,,,,,,,,0.28,,,,,67384.0,Streptomyces xanthochromogenes,Duplodnaviria,Heunggongvirae,Uroviricota,Caudoviricetes,Caudoviricetes incertae sedis,Likavirus,Likavirus aaronocolus,,dsDNA
Likavirus,1982880,,,,,,,,,,,0.28,,,,,67369.0,Streptomyces toxytricini,Duplodnaviria,Heunggongvirae,Uroviricota,Caudoviricetes,Caudoviricetes incertae sedis,Likavirus,Likavirus goby,,dsDNA
Likavirus,1982880,,,,,,,,,,,0.28,,,,,953739.0,Streptomyces venezuelae ATCC 10712,Duplodnaviria,Heunggongvirae,Uroviricota,Caudoviricetes,Caudoviricetes incertae sedis,Likavirus,Likavirus lika,,dsDNA
Likavirus,1982880,,,,,,,,,,,0.28,,,,,1911.0,Streptomyces griseus,Duplodnaviria,Heunggongvirae,Uroviricota,Caudoviricetes,Caudoviricetes incertae sedis,Likavirus,Likavirus hydra,,dsDNA
Likavirus,1982880,,,,,,,,,,,0.28,,,,,953739.0,Streptomyces venezuelae ATCC 10712,Duplodnaviria,Heunggongvirae,Uroviricota,Caudoviricetes,Caudoviricetes incertae sedis,Likavirus,Likavirus lannister,,dsDNA
Likavirus,1982880,,,,,,,,,,,0.28,,,,,1916.0,Streptomyces lividans,Duplodnaviria,Heunggongvirae,Uroviricota,Caudoviricetes,Caudoviricetes incertae sedis,Likavirus,Likavirus lika,,dsDNA
Likavirus,1982880,,,,,,,,,,,0.28,,,,,67263.0,Streptomyces griseus subsp. griseus,Duplodnaviria,Heunggongvirae,Uroviricota,Caudoviricetes,Caudoviricetes incertae sedis,Likavirus,Likavirus lorelei,,dsDNA
Likavirus,1982880,,,,,,,,,,,0.28,,,,,67384.0,Streptomyces xanthochromogenes,Duplodnaviria,Heunggongvirae,Uroviricota,Caudoviricetes,Caudoviricetes incertae sedis,Likavirus,unclassified Likavirus,,dsDNA
Likavirus,1982880,,,,,,,,,,,0.28,,,,,1911.0,Streptomyces griseus,Duplodnaviria,Heunggongvirae,Uroviricota,Caudoviricetes,Caudoviricetes incertae sedis,Likavirus,Likavirus nanodon,,dsDNA
Likavirus,1982880,,,,,,,,,,,0.28,,,,,67384.0,Streptomyces xanthochromogenes,Duplodnaviria,Heunggongvirae,Uroviricota,Caudoviricetes,Caudoviricetes incertae sedis,Likavirus,Likavirus izzy,,dsDNA
Likavirus,1982880,,,,,,,,,,,0.28,,,,,146922.0,Streptomyces griseofuscus,Duplodnaviria,Heunggongvirae,Uroviricota,Caudoviricetes,Caudoviricetes incertae sedis,Likavirus,Likavirus aaronocolus,,dsDNA
Likavirus,1982880,,,,,,,,,,,0.28,,,,,1902.0,Streptomyces coelicolor,Duplodnaviria,Heunggongvirae,Uroviricota,Caudoviricetes,Caudoviricetes incertae sedis,Likavirus,unclassified Likavirus,,dsDNA
Likavirus,1982880,,,,,,,,,,,0.28,,,,,68277.0,Streptomyces tricolor,Duplodnaviria,Heunggongvirae,Uroviricota,Caudoviricetes,Caudoviricetes incertae sedis,Likavirus,Likavirus izzy,,dsDNA
Likavirus,1982880,,,,,,,,,,,0.28,,,,,1916.0,Streptomyces lividans,Duplodnaviria,Heunggongvirae,Uroviricota,Caudoviricetes,Caudoviricetes incertae sedis,Likavirus,Likavirus sujidade,,dsDNA
Likavirus,1982880,,,,,,,,,,,0.28,,,,,67369.0,Streptomyces toxytricini,Duplodnaviria,Heunggongvirae,Uroviricota,Caudoviricetes,Caudoviricetes incertae sedis,Likavirus,unclassified Likavirus,,dsDNA
Likavirus,1982880,,,,,,,,,,,0.28,,,,,1916.0,Streptomyces lividans,Duplodnaviria,Heunggongvirae,Uroviricota,Caudoviricetes,Caudoviricetes incertae sedis,Likavirus,Likavirus werner,,dsDNA
Likavirus,1982880,,,,,,,,,,,0.28,,,,,1911.0,Streptomyces griseus,Duplodnaviria,Heunggongvirae,Uroviricota,Caudoviricetes,Caudoviricetes incertae sedis,Likavirus,Likavirus yasdnil,,dsDNA
Likavirus,1982880,,,,,,,,,,,0.28,,,,,1916.0,Streptomyces lividans,Duplodnaviria,Heunggongvirae,Uroviricota,Caudoviricetes,Caudoviricetes incertae sedis,Likavirus,Likavirus zemlya,,dsDNA
Kolesnikvirus,1985293,,0.07,,,,,,,,,,,,,,28141.0,Cronobacter sakazakii,Duplodnaviria,Heunggongvirae,Uroviricota,Caudoviricetes,Caudoviricetes incertae sedis,Andersonviridae,Ounavirinae,Kolesnikvirus,dsDNA
Kolesnikvirus,1985293,,0.07,,,,,,,,,,,,,,558.0,Erwinia sp.,Duplodnaviria,Heunggongvirae,Uroviricota,Caudoviricetes,Caudoviricetes incertae sedis,Andersonviridae,Ounavirinae,Kolesnikvirus,dsDNA
Kolesnikvirus,1985293,,0.07,,,,,,,,,,,,,,552.0,Erwinia amylovora,Duplodnaviria,Heunggongvirae,Uroviricota,Caudoviricetes,Caudoviricetes incertae sedis,Andersonviridae,Ounavirinae,Kolesnikvirus,dsDNA
Kolesnikvirus,1985293,,0.07,,,,,,,,,,,,,,1219359.0,Erwinia amylovora NBRC 12687 = CFBP 1232,Duplodnaviria,Heunggongvirae,Uroviricota,Caudoviricetes,Caudoviricetes incertae sedis,Andersonviridae,Ounavirinae,Kolesnikvirus,dsDNA
Kolesnikvirus,1985293,,0.07,,,,,,,,,,,,,,569.0,Hafnia alvei,Duplodnaviria,Heunggongvirae,Uroviricota,Caudoviricetes,Caudoviricetes incertae sedis,Andersonviridae,Ounavirinae,Kolesnikvirus,dsDNA
Mooglevirus,1985303,,0.09,,,,,,,,,,,,,,546.0,Citrobacter freundii,Duplodnaviria,Heunggongvirae,Uroviricota,Caudoviricetes,Caudoviricetes incertae sedis,Andersonviridae,Ounavirinae,Mooglevirus,dsDNA
Mooglevirus,1985303,,0.09,,,,,,,,,,,,,,184912.0,Citrobacter sp. TSA-1,Duplodnaviria,Heunggongvirae,Uroviricota,Caudoviricetes,Caudoviricetes incertae sedis,Andersonviridae,Ounavirinae,Mooglevirus,dsDNA
Mooglevirus,1985303,,0.09,,,,,,,,,,,,,,57706.0,Citrobacter braakii,Duplodnaviria,Heunggongvirae,Uroviricota,Caudoviricetes,Caudoviricetes incertae sedis,Andersonviridae,Ounavirinae,Mooglevirus,dsDNA
Mooglevirus,1985303,,0.09,,,,,,,,,,,,,,562.0,Escherichia coli,Duplodnaviria,Heunggongvirae,Uroviricota,Caudoviricetes,Caudoviricetes incertae sedis,Andersonviridae,Ounavirinae,Mooglevirus,dsDNA
Mooglevirus,1985303,,0.09,,,,,,,,,,,,,,624.0,Shigella sonnei,Duplodnaviria,Heunggongvirae,Uroviricota,Caudoviricetes,Caudoviricetes incertae sedis,Andersonviridae,Ounavirinae,Mooglevirus,dsDNA
Mooglevirus,1985303,,0.09,,,,,,,,,,,,,,625.0,Shigella sp.,Duplodnaviria,Heunggongvirae,Uroviricota,Caudoviricetes,Caudoviricetes incertae sedis,Andersonviridae,Ounavirinae,Mooglevirus,dsDNA
Mooglevirus,1985303,,0.09,,,,,,,,,,,,,,622.0,Shigella dysenteriae,Duplodnaviria,Heunggongvirae,Uroviricota,Caudoviricetes,Caudoviricetes incertae sedis,Andersonviridae,Ounavirinae,Mooglevirus,dsDNA
Mooglevirus,1985303,,0.09,,,,,,,,,,,,,,623.0,Shigella flexneri,Duplodnaviria,Heunggongvirae,Uroviricota,Caudoviricetes,Caudoviricetes incertae sedis,Andersonviridae,Ounavirinae,Mooglevirus,dsDNA
Mooglevirus,1985303,,0.09,,,,,,,,,,,,,,621.0,Shigella boydii,Duplodnaviria,Heunggongvirae,Uroviricota,Caudoviricetes,Caudoviricetes incertae sedis,Andersonviridae,Ounavirinae,Mooglevirus,dsDNA
Jiaodavirus,1985325,,,,,,,,,,,,,,0.16,,573.0,Klebsiella pneumoniae,Duplodnaviria,Heunggongvirae,Uroviricota,Caudoviricetes,Pantevenvirales,Straboviridae,Tevenvirinae,Jiaodavirus,dsDNA
Jiaodavirus,1985325,,,,,,,,,,,,,,0.16,,1463165.0,Klebsiella quasipneumoniae,Duplodnaviria,Heunggongvirae,Uroviricota,Caudoviricetes,Pantevenvirales,Straboviridae,Tevenvirinae,Jiaodavirus,dsDNA
Jiaodavirus,1985325,,,,,,,,,,,,,,0.16,,548.0,Klebsiella aerogenes,Duplodnaviria,Heunggongvirae,Uroviricota,Caudoviricetes,Pantevenvirales,Straboviridae,Tevenvirinae,Jiaodavirus,dsDNA
Jiaodavirus,1985325,,,,,,,,,,,,,,0.16,,576.0,Klebsiella sp.,Duplodnaviria,Heunggongvirae,Uroviricota,Caudoviricetes,Pantevenvirales,Straboviridae,Tevenvirinae,Jiaodavirus,dsDNA
Jiaodavirus,1985325,,,,,,,,,,,,,,0.16,,244366.0,Klebsiella variicola,Duplodnaviria,Heunggongvirae,Uroviricota,Caudoviricetes,Pantevenvirales,Straboviridae,Tevenvirinae,Jiaodavirus,dsDNA
Jiaodavirus,1985325,,,,,,,,,,,,,,0.16,,2759708.0,Klebsiella sp. M5a1,Duplodnaviria,Heunggongvirae,Uroviricota,Caudoviricetes,Pantevenvirales,Straboviridae,Tevenvirinae,Jiaodavirus,dsDNA
Jiaodavirus,1985325,,,,,,,,,,,,,,0.16,,570.0,Klebsiella,Duplodnaviria,Heunggongvirae,Uroviricota,Caudoviricetes,Pantevenvirales,Straboviridae,Tevenvirinae,Jiaodavirus,dsDNA
Jiaodavirus,1985325,,,,,,,,,,,,,,0.16,,54291.0,Raoultella ornithinolytica,Duplodnaviria,Heunggongvirae,Uroviricota,Caudoviricetes,Pantevenvirales,Straboviridae,Tevenvirinae,Jiaodavirus,dsDNA
Jiaodavirus,1985325,,,,,,,,,,,,,,0.16,,599.0,Salmonella sp.,Duplodnaviria,Heunggongvirae,Uroviricota,Caudoviricetes,Pantevenvirales,Straboviridae,Tevenvirinae,Jiaodavirus,dsDNA
Slopekvirus,1985328,,0.15,0.12,0.21,,0.62,,,,,,,,,,548.0,Klebsiella aerogenes,Duplodnaviria,Heunggongvirae,Uroviricota,Caudoviricetes,Pantevenvirales,Straboviridae,Slopekvirus,Slopekvirus eap3,dsDNA
Slopekvirus,1985328,,0.15,0.12,0.21,,0.62,,,,,,,,,,562.0,Escherichia coli,Duplodnaviria,Heunggongvirae,Uroviricota,Caudoviricetes,Pantevenvirales,Straboviridae,Slopekvirus,Slopekvirus pht4A,dsDNA
Slopekvirus,1985328,,0.15,0.12,0.21,,0.62,,,,,,,,,,573.0,Klebsiella pneumoniae,Duplodnaviria,Heunggongvirae,Uroviricota,Caudoviricetes,Pantevenvirales,Straboviridae,Slopekvirus,unclassified Slopekvirus,dsDNA
Slopekvirus,1985328,,0.15,0.12,0.21,,0.62,,,,,,,,,,576.0,Klebsiella sp.,Duplodnaviria,Heunggongvirae,Uroviricota,Caudoviricetes,Pantevenvirales,Straboviridae,Slopekvirus,unclassified Slopekvirus,dsDNA
Slopekvirus,1985328,,0.15,0.12,0.21,,0.62,,,,,,,,,,1134687.0,Klebsiella michiganensis,Duplodnaviria,Heunggongvirae,Uroviricota,Caudoviricetes,Pantevenvirales,Straboviridae,Slopekvirus,unclassified Slopekvirus,dsDNA
Slopekvirus,1985328,,0.15,0.12,0.21,,0.62,,,,,,,,,,1379687.0,Klebsiella pneumoniae subsp. pneumoniae BJ1-GA,Duplodnaviria,Heunggongvirae,Uroviricota,Caudoviricetes,Pantevenvirales,Straboviridae,Slopekvirus,unclassified Slopekvirus,dsDNA
Slopekvirus,1985328,,0.15,0.12,0.21,,0.62,,,,,,,,,,1420013.0,Klebsiella pneumoniae 30684/NJST258_2,Duplodnaviria,Heunggongvirae,Uroviricota,Caudoviricetes,Pantevenvirales,Straboviridae,Slopekvirus,unclassified Slopekvirus,dsDNA
Slopekvirus,1985328,,0.15,0.12,0.21,,0.62,,,,,,,,,,570.0,Klebsiella,Duplodnaviria,Heunggongvirae,Uroviricota,Caudoviricetes,Pantevenvirales,Straboviridae,Slopekvirus,unclassified Slopekvirus,dsDNA
Slopekvirus,1985328,,0.15,0.12,0.21,,0.62,,,,,,,,,,2759708.0,Klebsiella sp. M5a1,Duplodnaviria,Heunggongvirae,Uroviricota,Caudoviricetes,Pantevenvirales,Straboviridae,Slopekvirus,unclassified Slopekvirus,dsDNA
Slopekvirus,1985328,,0.15,0.12,0.21,,0.62,,,,,,,,,,575.0,Raoultella planticola,Duplodnaviria,Heunggongvirae,Uroviricota,Caudoviricetes,Pantevenvirales,Straboviridae,Slopekvirus,unclassified Slopekvirus,dsDNA
Gemygorvirus,1985366,,0.11,,0.1,,,,,,,,,,,,1.0,root,Monodnaviria,Shotokuvirae,Cressdnaviricota,Repensiviricetes,Geplafuvirales,Genomoviridae,Gemygorvirus,Gemygorvirus hydro1,
Gemygorvirus,1985366,,0.11,,0.1,,,,,,,,,,,,9172.0,Sturnus vulgaris,Monodnaviria,Shotokuvirae,Cressdnaviricota,Repensiviricetes,Geplafuvirales,Genomoviridae,Gemygorvirus,Gemygorvirus stara1,
Gemygorvirus,1985366,,0.11,,0.1,,,,,,,,,,,,8839.0,Anas platyrhynchos,Monodnaviria,Shotokuvirae,Cressdnaviricota,Repensiviricetes,Geplafuvirales,Genomoviridae,Gemygorvirus,Gemygorvirus malas1,
Gemygorvirus,1985366,,0.11,,0.1,,,,,,,,,,,,9615.0,Canis lupus familiaris,Monodnaviria,Shotokuvirae,Cressdnaviricota,Repensiviricetes,Geplafuvirales,Genomoviridae,Gemygorvirus,Gemygorvirus cania1,
Gemygorvirus,1985366,,0.11,,0.1,,,,,,,,,,,,9606.0,Homo sapiens,Monodnaviria,Shotokuvirae,Cressdnaviricota,Repensiviricetes,Geplafuvirales,Genomoviridae,Gemygorvirus,Gemygorvirus sewopo1,
Gemygorvirus,1985366,,0.11,,0.1,,,,,,,,,,,,77217.0,Pteropus tonganus,Monodnaviria,Shotokuvirae,Cressdnaviricota,Repensiviricetes,Geplafuvirales,Genomoviridae,Gemygorvirus,Gemygorvirus ptero1,
Gemygorvirus,1985366,,0.11,,0.1,,,,,,,,,,,,2866903.0,Poaceae sp.,Monodnaviria,Shotokuvirae,Cressdnaviricota,Repensiviricetes,Geplafuvirales,Genomoviridae,Gemygorvirus,Gemygorvirus poaspe1,
Gemygorvirus,1985366,,0.11,,0.1,,,,,,,,,,,,3446230.0,Opuntia sp.,Monodnaviria,Shotokuvirae,Cressdnaviricota,Repensiviricetes,Geplafuvirales,Genomoviridae,Gemygorvirus,Gemygorvirus opunt1,
Gemykrogvirus,1985367,,0.08,0.3,0.69,,,,,,,,,,,,7460.0,Apis mellifera,Monodnaviria,Shotokuvirae,Cressdnaviricota,Repensiviricetes,Geplafuvirales,Genomoviridae,Gemykrogvirus,Gemykrogvirus apime1,
Gemykrogvirus,1985367,,0.08,0.3,0.69,,,,,,,,,,,,9870.0,Rangifer tarandus,Monodnaviria,Shotokuvirae,Cressdnaviricota,Repensiviricetes,Geplafuvirales,Genomoviridae,Gemykrogvirus,Gemykrogvirus carib1,
Gemykrogvirus,1985367,,0.08,0.3,0.69,,,,,,,,,,,,9031.0,Gallus gallus,Monodnaviria,Shotokuvirae,Cressdnaviricota,Repensiviricetes,Geplafuvirales,Genomoviridae,Gemykrogvirus,Gemykrogvirus galga5,
Gemykrogvirus,1985367,,0.08,0.3,0.69,,,,,,,,,,,,9913.0,Bos taurus,Monodnaviria,Shotokuvirae,Cressdnaviricota,Repensiviricetes,Geplafuvirales,Genomoviridae,Gemykrogvirus,Gemykrogvirus bovas1,
Gemykrogvirus,1985367,,0.08,0.3,0.69,,,,,,,,,,,,1.0,root,Monodnaviria,Shotokuvirae,Cressdnaviricota,Repensiviricetes,Geplafuvirales,Genomoviridae,Gemykrogvirus,Gemykrogvirus sewopo1,
Friunavirus,1985711,0.18,0.18,0.37,0.27,,0.22,0.46,0.23,0.23,0.34,1.54,1.5,5.06,,0.57,470.0,Acinetobacter baumannii,Duplodnaviria,Heunggongvirae,Uroviricota,Caudoviricetes,Autographivirales,Autoscriptoviridae,Beijerinckvirinae,Friunavirus,dsDNA
Friunavirus,1985711,0.18,0.18,0.37,0.27,,0.22,0.46,0.23,0.23,0.34,1.54,1.5,5.06,,0.57,1217628.0,Acinetobacter baumannii NIPH 70,Duplodnaviria,Heunggongvirae,Uroviricota,Caudoviricetes,Autographivirales,Autoscriptoviridae,Beijerinckvirinae,Friunavirus,dsDNA
Friunavirus,1985711,0.18,0.18,0.37,0.27,,0.22,0.46,0.23,0.23,0.34,1.54,1.5,5.06,,0.57,469.0,Acinetobacter,Duplodnaviria,Heunggongvirae,Uroviricota,Caudoviricetes,Autographivirales,Autoscriptoviridae,Beijerinckvirinae,Friunavirus,dsDNA
Friunavirus,1985711,0.18,0.18,0.37,0.27,,0.22,0.46,0.23,0.23,0.34,1.54,1.5,5.06,,0.57,1116235.0,Acinetobacter baumannii AB5256,Duplodnaviria,Heunggongvirae,Uroviricota,Caudoviricetes,Autographivirales,Autoscriptoviridae,Beijerinckvirinae,Friunavirus,dsDNA
Friunavirus,1985711,0.18,0.18,0.37,0.27,,0.22,0.46,0.23,0.23,0.34,1.54,1.5,5.06,,0.57,405416.0,Acinetobacter baumannii ACICU,Duplodnaviria,Heunggongvirae,Uroviricota,Caudoviricetes,Autographivirales,Autoscriptoviridae,Beijerinckvirinae,Friunavirus,dsDNA
Friunavirus,1985711,0.18,0.18,0.37,0.27,,0.22,0.46,0.23,0.23,0.34,1.54,1.5,5.06,,0.57,1217639.0,Acinetobacter baumannii NIPH 146,Duplodnaviria,Heunggongvirae,Uroviricota,Caudoviricetes,Autographivirales,Autoscriptoviridae,Beijerinckvirinae,Friunavirus,dsDNA
Friunavirus,1985711,0.18,0.18,0.37,0.27,,0.22,0.46,0.23,0.23,0.34,1.54,1.5,5.06,,0.57,1217641.0,Acinetobacter baumannii NIPH 615,Duplodnaviria,Heunggongvirae,Uroviricota,Caudoviricetes,Autographivirales,Autoscriptoviridae,Beijerinckvirinae,Friunavirus,dsDNA
Friunavirus,1985711,0.18,0.18,0.37,0.27,,0.22,0.46,0.23,0.23,0.34,1.54,1.5,5.06,,0.57,1217645.0,Acinetobacter baumannii NIPH 2061,Duplodnaviria,Heunggongvirae,Uroviricota,Caudoviricetes,Autographivirales,Autoscriptoviridae,Beijerinckvirinae,Friunavirus,dsDNA
Friunavirus,1985711,0.18,0.18,0.37,0.27,,0.22,0.46,0.23,0.23,0.34,1.54,1.5,5.06,,0.57,106654.0,Acinetobacter nosocomialis,Duplodnaviria,Heunggongvirae,Uroviricota,Caudoviricetes,Autographivirales,Autoscriptoviridae,Beijerinckvirinae,Friunavirus,dsDNA
Friunavirus,1985711,0.18,0.18,0.37,0.27,,0.22,0.46,0.23,0.23,0.34,1.54,1.5,5.06,,0.57,1280.0,Staphylococcus aureus,Duplodnaviria,Heunggongvirae,Uroviricota,Caudoviricetes,Autographivirales,Autoscriptoviridae,Beijerinckvirinae,Friunavirus,dsDNA
Friunavirus,1985711,0.18,0.18,0.37,0.27,,0.22,0.46,0.23,0.23,0.34,1.54,1.5,5.06,,0.57,48296.0,Acinetobacter pittii,Duplodnaviria,Heunggongvirae,Uroviricota,Caudoviricetes,Autographivirales,Autoscriptoviridae,Beijerinckvirinae,Friunavirus,dsDNA
Friunavirus,1985711,0.18,0.18,0.37,0.27,,0.22,0.46,0.23,0.23,0.34,1.54,1.5,5.06,,0.57,1217631.0,Acinetobacter baumannii NIPH 290,Duplodnaviria,Heunggongvirae,Uroviricota,Caudoviricetes,Autographivirales,Autoscriptoviridae,Beijerinckvirinae,Friunavirus,dsDNA
Friunavirus,1985711,0.18,0.18,0.37,0.27,,0.22,0.46,0.23,0.23,0.34,1.54,1.5,5.06,,0.57,575584.0,Acinetobacter baumannii ATCC 19606 = CIP 70.34 = JCM 6841,Duplodnaviria,Heunggongvirae,Uroviricota,Caudoviricetes,Autographivirales,Autoscriptoviridae,Beijerinckvirinae,Friunavirus,dsDNA
Friunavirus,1985711,0.18,0.18,0.37,0.27,,0.22,0.46,0.23,0.23,0.34,1.54,1.5,5.06,,0.57,,,Duplodnaviria,Heunggongvirae,Uroviricota,Caudoviricetes,Autographivirales,Autoscriptoviridae,Beijerinckvirinae,Friunavirus,dsDNA
Przondovirus,1985720,0.7,0.33,0.34,0.38,,0.82,0.38,0.48,0.52,0.13,0.14,,0.53,0.35,0.42,573.0,Klebsiella pneumoniae,Duplodnaviria,Heunggongvirae,Uroviricota,Caudoviricetes,Autographivirales,Autotranscriptaviridae,Studiervirinae,Przondovirus,dsDNA
Przondovirus,1985720,0.7,0.33,0.34,0.38,,0.82,0.38,0.48,0.52,0.13,0.14,,0.53,0.35,0.42,571.0,Klebsiella oxytoca,Duplodnaviria,Heunggongvirae,Uroviricota,Caudoviricetes,Autographivirales,Autotranscriptaviridae,Studiervirinae,Przondovirus,dsDNA
Przondovirus,1985720,0.7,0.33,0.34,0.38,,0.82,0.38,0.48,0.52,0.13,0.14,,0.53,0.35,0.42,1134687.0,Klebsiella michiganensis,Duplodnaviria,Heunggongvirae,Uroviricota,Caudoviricetes,Autographivirales,Autotranscriptaviridae,Studiervirinae,Przondovirus,dsDNA
Przondovirus,1985720,0.7,0.33,0.34,0.38,,0.82,0.38,0.48,0.52,0.13,0.14,,0.53,0.35,0.42,1205678.0,Klebsiella pneumoniae subsp. pneumoniae CIP 52.145 = B5055,Duplodnaviria,Heunggongvirae,Uroviricota,Caudoviricetes,Autographivirales,Autotranscriptaviridae,Studiervirinae,Przondovirus,dsDNA
Przondovirus,1985720,0.7,0.33,0.34,0.38,,0.82,0.38,0.48,0.52,0.13,0.14,,0.53,0.35,0.42,72407.0,Klebsiella pneumoniae subsp. pneumoniae,Duplodnaviria,Heunggongvirae,Uroviricota,Caudoviricetes,Autographivirales,Autotranscriptaviridae,Studiervirinae,Przondovirus,dsDNA
Przondovirus,1985720,0.7,0.33,0.34,0.38,,0.82,0.38,0.48,0.52,0.13,0.14,,0.53,0.35,0.42,570.0,Klebsiella,Duplodnaviria,Heunggongvirae,Uroviricota,Caudoviricetes,Autographivirales,Autotranscriptaviridae,Studiervirinae,Przondovirus,dsDNA
Przondovirus,1985720,0.7,0.33,0.34,0.38,,0.82,0.38,0.48,0.52,0.13,0.14,,0.53,0.35,0.42,1497796.0,Klebsiella sp. 390,Duplodnaviria,Heunggongvirae,Uroviricota,Caudoviricetes,Autographivirales,Autotranscriptaviridae,Studiervirinae,Przondovirus,dsDNA
Przondovirus,1985720,0.7,0.33,0.34,0.38,,0.82,0.38,0.48,0.52,0.13,0.14,,0.53,0.35,0.42,576.0,Klebsiella sp.,Duplodnaviria,Heunggongvirae,Uroviricota,Caudoviricetes,Autographivirales,Autotranscriptaviridae,Studiervirinae,Przondovirus,dsDNA
Przondovirus,1985720,0.7,0.33,0.34,0.38,,0.82,0.38,0.48,0.52,0.13,0.14,,0.53,0.35,0.42,1316582.0,Klebsiella pneumoniae ATCC 43816,Duplodnaviria,Heunggongvirae,Uroviricota,Caudoviricetes,Autographivirales,Autotranscriptaviridae,Studiervirinae,Przondovirus,dsDNA
Przondovirus,1985720,0.7,0.33,0.34,0.38,,0.82,0.38,0.48,0.52,0.13,0.14,,0.53,0.35,0.42,1463165.0,Klebsiella quasipneumoniae,Duplodnaviria,Heunggongvirae,Uroviricota,Caudoviricetes,Autographivirales,Autotranscriptaviridae,Studiervirinae,Przondovirus,dsDNA
Przondovirus,1985720,0.7,0.33,0.34,0.38,,0.82,0.38,0.48,0.52,0.13,0.14,,0.53,0.35,0.42,244366.0,Klebsiella variicola,Duplodnaviria,Heunggongvirae,Uroviricota,Caudoviricetes,Autographivirales,Autotranscriptaviridae,Studiervirinae,Przondovirus,dsDNA
Przondovirus,1985720,0.7,0.33,0.34,0.38,,0.82,0.38,0.48,0.52,0.13,0.14,,0.53,0.35,0.42,614.0,Serratia liquefaciens,Duplodnaviria,Heunggongvirae,Uroviricota,Caudoviricetes,Autographivirales,Autotranscriptaviridae,Studiervirinae,Przondovirus,dsDNA
Pradovirus,1985733,0.11,0.2,0.13,,,,0.22,,0.48,,,,0.22,,0.18,456327.0,Xanthomonas euvesicatoria,Duplodnaviria,Heunggongvirae,Uroviricota,Caudoviricetes,Autographivirales,Autonotataviridae,Gujervirinae,Pradovirus,dsDNA
Pradovirus,1985733,0.11,0.2,0.13,,,,0.22,,0.48,,,,0.22,,0.18,29446.0,Xanthomonas sp.,Duplodnaviria,Heunggongvirae,Uroviricota,Caudoviricetes,Autographivirales,Autonotataviridae,Gujervirinae,Pradovirus,dsDNA
Pradovirus,1985733,0.11,0.2,0.13,,,,0.22,,0.48,,,,0.22,,0.18,195709.0,Xanthomonas arboricola pv. juglandis,Duplodnaviria,Heunggongvirae,Uroviricota,Caudoviricetes,Autographivirales,Autonotataviridae,Gujervirinae,Pradovirus,dsDNA
Pradovirus,1985733,0.11,0.2,0.13,,,,0.22,,0.48,,,,0.22,,0.18,442694.0,Xanthomonas perforans,Duplodnaviria,Heunggongvirae,Uroviricota,Caudoviricetes,Autographivirales,Autonotataviridae,Gujervirinae,Pradovirus,dsDNA
Pradovirus,1985733,0.11,0.2,0.13,,,,0.22,,0.48,,,,0.22,,0.18,339.0,Xanthomonas campestris,Duplodnaviria,Heunggongvirae,Uroviricota,Caudoviricetes,Autographivirales,Autonotataviridae,Gujervirinae,Pradovirus,dsDNA
Pradovirus,1985733,0.11,0.2,0.13,,,,0.22,,0.48,,,,0.22,,0.18,64187.0,Xanthomonas oryzae pv. oryzae,Duplodnaviria,Heunggongvirae,Uroviricota,Caudoviricetes,Autographivirales,Autonotataviridae,Gujervirinae,Pradovirus,dsDNA
Pandoravirus,2060084,0.69,0.63,0.54,0.46,,,0.85,,,,,0.58,,0.7,,,,,,,,,,,,
Tupanvirus,2094720,0.1,0.07,,0.08,,,,,,,,,,,,5756.0,Acanthamoeba sp.,Varidnaviria,Bamfordvirae,Nucleocytoviricota,Megaviricetes,Imitervirales,Mimiviridae,Megamimivirinae,Tupanvirus,
Agtrevirus,2169532,,0.07,,,,,,,,,,,,,,61645.0,Enterobacter asburiae,Duplodnaviria,Heunggongvirae,Uroviricota,Caudoviricetes,Pantevenvirales,Ackermannviridae,Aglimvirinae,Agtrevirus,dsDNA
Agtrevirus,2169532,,0.07,,,,,,,,,,,,,,590.0,Salmonella,Duplodnaviria,Heunggongvirae,Uroviricota,Caudoviricetes,Pantevenvirales,Ackermannviridae,Aglimvirinae,Agtrevirus,dsDNA
Agtrevirus,2169532,,0.07,,,,,,,,,,,,,,599.0,Salmonella sp.,Duplodnaviria,Heunggongvirae,Uroviricota,Caudoviricetes,Pantevenvirales,Ackermannviridae,Aglimvirinae,Agtrevirus,dsDNA
Agtrevirus,2169532,,0.07,,,,,,,,,,,,,,57743.0,Salmonella enterica subsp. enterica serovar Weltevreden,Duplodnaviria,Heunggongvirae,Uroviricota,Caudoviricetes,Pantevenvirales,Ackermannviridae,Aglimvirinae,Agtrevirus,dsDNA
Agtrevirus,2169532,,0.07,,,,,,,,,,,,,,486990.0,Salmonella enterica subsp. enterica serovar Copenhagen,Duplodnaviria,Heunggongvirae,Uroviricota,Caudoviricetes,Pantevenvirales,Ackermannviridae,Aglimvirinae,Agtrevirus,dsDNA
Agtrevirus,2169532,,0.07,,,,,,,,,,,,,,621.0,Shigella boydii,Duplodnaviria,Heunggongvirae,Uroviricota,Caudoviricetes,Pantevenvirales,Ackermannviridae,Aglimvirinae,Agtrevirus,dsDNA
Kuttervirus,2169536,0.08,,,0.08,,,,,,,,,,,,550.0,Enterobacter cloacae,Duplodnaviria,Heunggongvirae,Uroviricota,Caudoviricetes,Pantevenvirales,Ackermannviridae,Cvivirinae,Kuttervirus,dsDNA
Kuttervirus,2169536,0.08,,,0.08,,,,,,,,,,,,83334.0,Escherichia coli O157:H7,Duplodnaviria,Heunggongvirae,Uroviricota,Caudoviricetes,Pantevenvirales,Ackermannviridae,Cvivirinae,Kuttervirus,dsDNA
Kuttervirus,2169536,0.08,,,0.08,,,,,,,,,,,,562.0,Escherichia coli,Duplodnaviria,Heunggongvirae,Uroviricota,Caudoviricetes,Pantevenvirales,Ackermannviridae,Cvivirinae,Kuttervirus,dsDNA
Kuttervirus,2169536,0.08,,,0.08,,,,,,,,,,,,561.0,Escherichia,Duplodnaviria,Heunggongvirae,Uroviricota,Caudoviricetes,Pantevenvirales,Ackermannviridae,Cvivirinae,Kuttervirus,dsDNA
Kuttervirus,2169536,0.08,,,0.08,,,,,,,,,,,,1884818.0,Escherichia sp.,Duplodnaviria,Heunggongvirae,Uroviricota,Caudoviricetes,Pantevenvirales,Ackermannviridae,Cvivirinae,Kuttervirus,dsDNA
Kuttervirus,2169536,0.08,,,0.08,,,,,,,,,,,,1389955.0,Escherichia coli ATCC 35150,Duplodnaviria,Heunggongvirae,Uroviricota,Caudoviricetes,Pantevenvirales,Ackermannviridae,Cvivirinae,Kuttervirus,dsDNA
Kuttervirus,2169536,0.08,,,0.08,,,,,,,,,,,,208964.0,Pseudomonas aeruginosa PAO1,Duplodnaviria,Heunggongvirae,Uroviricota,Caudoviricetes,Pantevenvirales,Ackermannviridae,Cvivirinae,Kuttervirus,dsDNA
Kuttervirus,2169536,0.08,,,0.08,,,,,,,,,,,,599.0,Salmonella sp.,Duplodnaviria,Heunggongvirae,Uroviricota,Caudoviricetes,Pantevenvirales,Ackermannviridae,Cvivirinae,Kuttervirus,dsDNA
Kuttervirus,2169536,0.08,,,0.08,,,,,,,,,,,,54388.0,Salmonella enterica subsp. enterica serovar Paratyphi A,Duplodnaviria,Heunggongvirae,Uroviricota,Caudoviricetes,Pantevenvirales,Ackermannviridae,Cvivirinae,Kuttervirus,dsDNA
Kuttervirus,2169536,0.08,,,0.08,,,,,,,,,,,,57045.0,Salmonella enterica subsp. enterica serovar Paratyphi B,Duplodnaviria,Heunggongvirae,Uroviricota,Caudoviricetes,Pantevenvirales,Ackermannviridae,Cvivirinae,Kuttervirus,dsDNA
Kuttervirus,2169536,0.08,,,0.08,,,,,,,,,,,,90370.0,Salmonella enterica subsp. enterica serovar Typhi,Duplodnaviria,Heunggongvirae,Uroviricota,Caudoviricetes,Pantevenvirales,Ackermannviridae,Cvivirinae,Kuttervirus,dsDNA
Kuttervirus,2169536,0.08,,,0.08,,,,,,,,,,,,149539.0,Salmonella enterica subsp. enterica serovar Enteritidis,Duplodnaviria,Heunggongvirae,Uroviricota,Caudoviricetes,Pantevenvirales,Ackermannviridae,Cvivirinae,Kuttervirus,dsDNA
Kuttervirus,2169536,0.08,,,0.08,,,,,,,,,,,,90371.0,Salmonella enterica subsp. enterica serovar Typhimurium,Duplodnaviria,Heunggongvirae,Uroviricota,Caudoviricetes,Pantevenvirales,Ackermannviridae,Cvivirinae,Kuttervirus,dsDNA
Kuttervirus,2169536,0.08,,,0.08,,,,,,,,,,,,59201.0,Salmonella enterica subsp. enterica,Duplodnaviria,Heunggongvirae,Uroviricota,Caudoviricetes,Pantevenvirales,Ackermannviridae,Cvivirinae,Kuttervirus,dsDNA
Kuttervirus,2169536,0.08,,,0.08,,,,,,,,,,,,85569.0,Salmonella enterica subsp. enterica serovar Typhimurium str. DT104,Duplodnaviria,Heunggongvirae,Uroviricota,Caudoviricetes,Pantevenvirales,Ackermannviridae,Cvivirinae,Kuttervirus,dsDNA
Kuttervirus,2169536,0.08,,,0.08,,,,,,,,,,,,99287.0,Salmonella enterica subsp. enterica serovar Typhimurium str. LT2,Duplodnaviria,Heunggongvirae,Uroviricota,Caudoviricetes,Pantevenvirales,Ackermannviridae,Cvivirinae,Kuttervirus,dsDNA
Kuttervirus,2169536,0.08,,,0.08,,,,,,,,,,,,198215.0,Shigella flexneri 2a str. 2457T,Duplodnaviria,Heunggongvirae,Uroviricota,Caudoviricetes,Pantevenvirales,Ackermannviridae,Cvivirinae,Kuttervirus,dsDNA
Kuttervirus,2169536,0.08,,,0.08,,,,,,,,,,,,216597.0,Salmonella enterica subsp. enterica serovar Typhimurium str. SL1344,Duplodnaviria,Heunggongvirae,Uroviricota,Caudoviricetes,Pantevenvirales,Ackermannviridae,Cvivirinae,Kuttervirus,dsDNA
Kuttervirus,2169536,0.08,,,0.08,,,,,,,,,,,,1045010.0,Escherichia coli O157,Duplodnaviria,Heunggongvirae,Uroviricota,Caudoviricetes,Pantevenvirales,Ackermannviridae,Cvivirinae,Kuttervirus,dsDNA
Kuttervirus,2169536,0.08,,,0.08,,,,,,,,,,,,1299114.0,Salmonella enterica subsp. enterica serovar Typhimurium str. ATCC 14028,Duplodnaviria,Heunggongvirae,Uroviricota,Caudoviricetes,Pantevenvirales,Ackermannviridae,Cvivirinae,Kuttervirus,dsDNA
Kuttervirus,2169536,0.08,,,0.08,,,,,,,,,,,,28901.0,Salmonella enterica,Duplodnaviria,Heunggongvirae,Uroviricota,Caudoviricetes,Pantevenvirales,Ackermannviridae,Cvivirinae,Kuttervirus,dsDNA
Kuttervirus,2169536,0.08,,,0.08,,,,,,,,,,,,611.0,Salmonella enterica subsp. enterica serovar Heidelberg,Duplodnaviria,Heunggongvirae,Uroviricota,Caudoviricetes,Pantevenvirales,Ackermannviridae,Cvivirinae,Kuttervirus,dsDNA
Kuttervirus,2169536,0.08,,,0.08,,,,,,,,,,,,98360.0,Salmonella enterica subsp. enterica serovar Dublin,Duplodnaviria,Heunggongvirae,Uroviricota,Caudoviricetes,Pantevenvirales,Ackermannviridae,Cvivirinae,Kuttervirus,dsDNA
Kuttervirus,2169536,0.08,,,0.08,,,,,,,,,,,,594.0,Salmonella enterica subsp. enterica serovar Gallinarum,Duplodnaviria,Heunggongvirae,Uroviricota,Caudoviricetes,Pantevenvirales,Ackermannviridae,Cvivirinae,Kuttervirus,dsDNA
Kuttervirus,2169536,0.08,,,0.08,,,,,,,,,,,,590.0,Salmonella,Duplodnaviria,Heunggongvirae,Uroviricota,Caudoviricetes,Pantevenvirales,Ackermannviridae,Cvivirinae,Kuttervirus,dsDNA
Kuttervirus,2169536,0.08,,,0.08,,,,,,,,,,,,57046.0,Salmonella enterica subsp. enterica serovar Paratyphi C,Duplodnaviria,Heunggongvirae,Uroviricota,Caudoviricetes,Pantevenvirales,Ackermannviridae,Cvivirinae,Kuttervirus,dsDNA
Kuttervirus,2169536,0.08,,,0.08,,,,,,,,,,,,1248823.0,Escherichia coli O145:H28 str. RM12581,Duplodnaviria,Heunggongvirae,Uroviricota,Caudoviricetes,Pantevenvirales,Ackermannviridae,Cvivirinae,Kuttervirus,dsDNA
Limdunavirus,2169621,,,,0.21,,,,,,,,,,,0.18,1243.0,Leuconostoc,Duplodnaviria,Heunggongvirae,Uroviricota,Caudoviricetes,Caudoviricetes incertae sedis,Limdunavirus,unclassified Limdunavirus,,dsDNA
Limdunavirus,2169621,,,,0.21,,,,,,,,,,,0.18,33968.0,Leuconostoc pseudomesenteroides,Duplodnaviria,Heunggongvirae,Uroviricota,Caudoviricetes,Caudoviricetes incertae sedis,Limdunavirus,Limdunavirus LDG,,dsDNA
Limdunavirus,2169621,,,,0.21,,,,,,,,,,,0.18,33966.0,Leuconostoc mesenteroides subsp. dextranicum,Duplodnaviria,Heunggongvirae,Uroviricota,Caudoviricetes,Caudoviricetes incertae sedis,Limdunavirus,Limdunavirus Lmd1,,dsDNA
Limdunavirus,2169621,,,,0.21,,,,,,,,,,,0.18,33968.0,Leuconostoc pseudomesenteroides,Duplodnaviria,Heunggongvirae,Uroviricota,Caudoviricetes,Caudoviricetes incertae sedis,Limdunavirus,Limdunavirus LN03,,dsDNA
Limdunavirus,2169621,,,,0.21,,,,,,,,,,,0.18,33968.0,Leuconostoc pseudomesenteroides,Duplodnaviria,Heunggongvirae,Uroviricota,Caudoviricetes,Caudoviricetes incertae sedis,Limdunavirus,Limdunavirus LN04,,dsDNA
Limdunavirus,2169621,,,,0.21,,,,,,,,,,,0.18,33968.0,Leuconostoc pseudomesenteroides,Duplodnaviria,Heunggongvirae,Uroviricota,Caudoviricetes,Caudoviricetes incertae sedis,Limdunavirus,Limdunavirus P793,,dsDNA
Limdunavirus,2169621,,,,0.21,,,,,,,,,,,0.18,33968.0,Leuconostoc pseudomesenteroides,Duplodnaviria,Heunggongvirae,Uroviricota,Caudoviricetes,Caudoviricetes incertae sedis,Limdunavirus,Limdunavirus P965,,dsDNA
Limdunavirus,2169621,,,,0.21,,,,,,,,,,,0.18,33968.0,Leuconostoc pseudomesenteroides,Duplodnaviria,Heunggongvirae,Uroviricota,Caudoviricetes,Caudoviricetes incertae sedis,Limdunavirus,Limdunavirus LN12,,dsDNA
Limdunavirus,2169621,,,,0.21,,,,,,,,,,,0.18,33968.0,Leuconostoc pseudomesenteroides,Duplodnaviria,Heunggongvirae,Uroviricota,Caudoviricetes,Caudoviricetes incertae sedis,Limdunavirus,Limdunavirus Lmd1,,dsDNA
Unaquatrovirus,2169622,,,,0.29,,,,,,,,,,,,1245.0,Leuconostoc mesenteroides,Duplodnaviria,Heunggongvirae,Uroviricota,Caudoviricetes,Caudoviricetes incertae sedis,Unaquatrovirus,Unaquatrovirus uv1A4,,dsDNA
Unaquatrovirus,2169622,,,,0.29,,,,,,,,,,,,33967.0,Leuconostoc mesenteroides subsp. mesenteroides,Duplodnaviria,Heunggongvirae,Uroviricota,Caudoviricetes,Caudoviricetes incertae sedis,Unaquatrovirus,unclassified Unaquatrovirus,,dsDNA
Unaquatrovirus,2169622,,,,0.29,,,,,,,,,,,,33967.0,Leuconostoc mesenteroides subsp. mesenteroides,Duplodnaviria,Heunggongvirae,Uroviricota,Caudoviricetes,Caudoviricetes incertae sedis,Unaquatrovirus,Unaquatrovirus LN34,,dsDNA
Unaquatrovirus,2169622,,,,0.29,,,,,,,,,,,,33967.0,Leuconostoc mesenteroides subsp. mesenteroides,Duplodnaviria,Heunggongvirae,Uroviricota,Caudoviricetes,Caudoviricetes incertae sedis,Unaquatrovirus,Unaquatrovirus Ln7,,dsDNA
Unaquatrovirus,2169622,,,,0.29,,,,,,,,,,,,33967.0,Leuconostoc mesenteroides subsp. mesenteroides,Duplodnaviria,Heunggongvirae,Uroviricota,Caudoviricetes,Caudoviricetes incertae sedis,Unaquatrovirus,Unaquatrovirus Ln9,,dsDNA
Unaquatrovirus,2169622,,,,0.29,,,,,,,,,,,,1245.0,Leuconostoc mesenteroides,Duplodnaviria,Heunggongvirae,Uroviricota,Caudoviricetes,Caudoviricetes incertae sedis,Unaquatrovirus,Unaquatrovirus LN25,,dsDNA
Unaquatrovirus,2169622,,,,0.29,,,,,,,,,,,,1245.0,Leuconostoc mesenteroides,Duplodnaviria,Heunggongvirae,Uroviricota,Caudoviricetes,Caudoviricetes incertae sedis,Unaquatrovirus,Unaquatrovirus LN34,,dsDNA
Unaquatrovirus,2169622,,,,0.29,,,,,,,,,,,,1245.0,Leuconostoc mesenteroides,Duplodnaviria,Heunggongvirae,Uroviricota,Caudoviricetes,Caudoviricetes incertae sedis,Unaquatrovirus,unclassified Unaquatrovirus,,dsDNA
Unaquatrovirus,2169622,,,,0.29,,,,,,,,,,,,1618.0,Liquorilactobacillus mali,Duplodnaviria,Heunggongvirae,Uroviricota,Caudoviricetes,Caudoviricetes incertae sedis,Unaquatrovirus,unclassified Unaquatrovirus,,dsDNA
Machinavirus,2169624,0.28,,0.09,0.08,,,,,,0.16,,,,0.13,,552.0,Erwinia amylovora,Duplodnaviria,Heunggongvirae,Uroviricota,Caudoviricetes,Caudoviricetes incertae sedis,Chimalliviridae,Machinavirus,Machinavirus machina,dsDNA
Machinavirus,2169624,0.28,,0.09,0.08,,,,,,0.16,,,,0.13,,28901.0,Salmonella enterica,Duplodnaviria,Heunggongvirae,Uroviricota,Caudoviricetes,Caudoviricetes incertae sedis,Chimalliviridae,Machinavirus,unclassified Machinavirus,dsDNA
Svunavirus,2169625,0.07,,,,,,,,,,,,,,,391289.0,Bacillus sp. 6k512,Duplodnaviria,Heunggongvirae,Uroviricota,Caudoviricetes,Caudoviricetes incertae sedis,Svunavirus,Svunavirus sv1,,dsDNA
Svunavirus,2169625,0.07,,,,,,,,,,,,,,,340407.0,Geobacillus sp. 6k51,Duplodnaviria,Heunggongvirae,Uroviricota,Caudoviricetes,Caudoviricetes incertae sedis,Svunavirus,Svunavirus GBSV1,,dsDNA
Jwalphavirus,2169642,,,,,,,,,,,,,,0.24,,85698.0,Achromobacter xylosoxidans,Duplodnaviria,Heunggongvirae,Uroviricota,Caudoviricetes,Caudoviricetes incertae sedis,Schitoviridae,Rothmandenesvirinae,Jwalphavirus,dsDNA
Ithacavirus,2169643,0.17,0.42,0.31,0.22,,0.3,0.38,,,1.11,,,0.2,0.16,0.29,98360.0,Salmonella enterica subsp. enterica serovar Dublin,Duplodnaviria,Heunggongvirae,Uroviricota,Caudoviricetes,Caudoviricetes incertae sedis,Schitoviridae,Humphriesvirinae,Ithacavirus,dsDNA
Ithacavirus,2169643,0.17,0.42,0.31,0.22,,0.3,0.38,,,1.11,,,0.2,0.16,0.29,599.0,Salmonella sp.,Duplodnaviria,Heunggongvirae,Uroviricota,Caudoviricetes,Caudoviricetes incertae sedis,Schitoviridae,Humphriesvirinae,Ithacavirus,dsDNA
Ithacavirus,2169643,0.17,0.42,0.31,0.22,,0.3,0.38,,,1.11,,,0.2,0.16,0.29,149539.0,Salmonella enterica subsp. enterica serovar Enteritidis,Duplodnaviria,Heunggongvirae,Uroviricota,Caudoviricetes,Caudoviricetes incertae sedis,Schitoviridae,Humphriesvirinae,Ithacavirus,dsDNA
Ithacavirus,2169643,0.17,0.42,0.31,0.22,,0.3,0.38,,,1.11,,,0.2,0.16,0.29,58712.0,Salmonella enterica subsp. enterica serovar Anatum,Duplodnaviria,Heunggongvirae,Uroviricota,Caudoviricetes,Caudoviricetes incertae sedis,Schitoviridae,Humphriesvirinae,Ithacavirus,dsDNA
Ithacavirus,2169643,0.17,0.42,0.31,0.22,,0.3,0.38,,,1.11,,,0.2,0.16,0.29,192953.0,Salmonella enterica subsp. enterica serovar Stanley,Duplodnaviria,Heunggongvirae,Uroviricota,Caudoviricetes,Caudoviricetes incertae sedis,Schitoviridae,Humphriesvirinae,Ithacavirus,dsDNA
Ithacavirus,2169643,0.17,0.42,0.31,0.22,,0.3,0.38,,,1.11,,,0.2,0.16,0.29,623.0,Shigella flexneri,Duplodnaviria,Heunggongvirae,Uroviricota,Caudoviricetes,Caudoviricetes incertae sedis,Schitoviridae,Humphriesvirinae,Ithacavirus,dsDNA
Doucettevirus,2169653,0.11,,0.11,0.07,,,,,,,,,,,,1744.0,Propionibacterium freudenreichii,Duplodnaviria,Heunggongvirae,Uroviricota,Caudoviricetes,Caudoviricetes incertae sedis,Doucettevirus,Doucettevirus B22,,dsDNA
Doucettevirus,2169653,0.11,,0.11,0.07,,,,,,,,,,,,1744.0,Propionibacterium freudenreichii,Duplodnaviria,Heunggongvirae,Uroviricota,Caudoviricetes,Caudoviricetes incertae sedis,Doucettevirus,Doucettevirus doucette,,dsDNA
Doucettevirus,2169653,0.11,,0.11,0.07,,,,,,,,,,,,1744.0,Propionibacterium freudenreichii,Duplodnaviria,Heunggongvirae,Uroviricota,Caudoviricetes,Caudoviricetes incertae sedis,Doucettevirus,Doucettevirus E6,,dsDNA
Doucettevirus,2169653,0.11,,0.11,0.07,,,,,,,,,,,,1744.0,Propionibacterium freudenreichii,Duplodnaviria,Heunggongvirae,Uroviricota,Caudoviricetes,Caudoviricetes incertae sedis,Doucettevirus,Doucettevirus G4,,dsDNA
Wizardvirus,2169658,0.09,,,,,,,,,,,,,,,2055.0,Gordonia terrae,Duplodnaviria,Heunggongvirae,Uroviricota,Caudoviricetes,Caudoviricetes incertae sedis,Stackebrandtviridae,Frickvirinae,Wizardvirus,dsDNA
Alcyoneusvirus,2560086,0.11,0.1,,0.5,,,,,,0.15,,,,,0.18,570.0,Klebsiella,Duplodnaviria,Heunggongvirae,Uroviricota,Caudoviricetes,Caudoviricetes incertae sedis,Alcyoneusvirus,Alcyoneusvirus K641,,dsDNA
Alcyoneusvirus,2560086,0.11,0.1,,0.5,,,,,,0.15,,,,,0.18,573.0,Klebsiella pneumoniae,Duplodnaviria,Heunggongvirae,Uroviricota,Caudoviricetes,Caudoviricetes incertae sedis,Alcyoneusvirus,Alcyoneusvirus K641,,dsDNA
Alcyoneusvirus,2560086,0.11,0.1,,0.5,,,,,,0.15,,,,,0.18,573.0,Klebsiella pneumoniae,Duplodnaviria,Heunggongvirae,Uroviricota,Caudoviricetes,Caudoviricetes incertae sedis,Alcyoneusvirus,unclassified Alcyoneusvirus,,dsDNA
Alcyoneusvirus,2560086,0.11,0.1,,0.5,,,,,,0.15,,,,,0.18,576.0,Klebsiella sp.,Duplodnaviria,Heunggongvirae,Uroviricota,Caudoviricetes,Caudoviricetes incertae sedis,Alcyoneusvirus,Alcyoneusvirus RaK2,,dsDNA
Asteriusvirus,2560094,0.17,0.08,0.37,0.35,,0.17,,,,,0.79,0.58,0.48,0.31,0.37,562.0,Escherichia coli,Duplodnaviria,Heunggongvirae,Uroviricota,Caudoviricetes,Caudoviricetes incertae sedis,Asteriusvirus,Asteriusvirus av121Q,,dsDNA
Asteriusvirus,2560094,0.17,0.08,0.37,0.35,,0.17,,,,,0.79,0.58,0.48,0.31,0.37,591946.0,Escherichia coli LF82,Duplodnaviria,Heunggongvirae,Uroviricota,Caudoviricetes,Caudoviricetes incertae sedis,Asteriusvirus,unclassified Asteriusvirus,,dsDNA
Asteriusvirus,2560094,0.17,0.08,0.37,0.35,,0.17,,,,,0.79,0.58,0.48,0.31,0.37,562.0,Escherichia coli,Duplodnaviria,Heunggongvirae,Uroviricota,Caudoviricetes,Caudoviricetes incertae sedis,Asteriusvirus,unclassified Asteriusvirus,,dsDNA
Asteriusvirus,2560094,0.17,0.08,0.37,0.35,,0.17,,,,,0.79,0.58,0.48,0.31,0.37,83334.0,Escherichia coli O157:H7,Duplodnaviria,Heunggongvirae,Uroviricota,Caudoviricetes,Caudoviricetes incertae sedis,Asteriusvirus,unclassified Asteriusvirus,,dsDNA
Asteriusvirus,2560094,0.17,0.08,0.37,0.35,,0.17,,,,,0.79,0.58,0.48,0.31,0.37,1045010.0,Escherichia coli O157,Duplodnaviria,Heunggongvirae,Uroviricota,Caudoviricetes,Caudoviricetes incertae sedis,Asteriusvirus,Asteriusvirus PBECO4,,dsDNA
Asteriusvirus,2560094,0.17,0.08,0.37,0.35,,0.17,,,,,0.79,0.58,0.48,0.31,0.37,83333.0,Escherichia coli K-12,Duplodnaviria,Heunggongvirae,Uroviricota,Caudoviricetes,Caudoviricetes incertae sedis,Asteriusvirus,unclassified Asteriusvirus,,dsDNA
Asteriusvirus,2560094,0.17,0.08,0.37,0.35,,0.17,,,,,0.79,0.58,0.48,0.31,0.37,561.0,Escherichia,Duplodnaviria,Heunggongvirae,Uroviricota,Caudoviricetes,Caudoviricetes incertae sedis,Asteriusvirus,Asteriusvirus PBECO4,,dsDNA
Asteriusvirus,2560094,0.17,0.08,0.37,0.35,,0.17,,,,,0.79,0.58,0.48,0.31,0.37,83334.0,Escherichia coli O157:H7,Duplodnaviria,Heunggongvirae,Uroviricota,Caudoviricetes,Caudoviricetes incertae sedis,Asteriusvirus,Asteriusvirus PBECO4,,dsDNA
Asteriusvirus,2560094,0.17,0.08,0.37,0.35,,0.17,,,,,0.79,0.58,0.48,0.31,0.37,511145.0,Escherichia coli str. K-12 substr. MG1655,Duplodnaviria,Heunggongvirae,Uroviricota,Caudoviricetes,Caudoviricetes incertae sedis,Asteriusvirus,Asteriusvirus PBECO4,,dsDNA
Asteriusvirus,2560094,0.17,0.08,0.37,0.35,,0.17,,,,,0.79,0.58,0.48,0.31,0.37,90371.0,Salmonella enterica subsp. enterica serovar Typhimurium,Duplodnaviria,Heunggongvirae,Uroviricota,Caudoviricetes,Caudoviricetes incertae sedis,Asteriusvirus,unclassified Asteriusvirus,,dsDNA
Bifseptvirus,2560102,,,,,,,,,,,0.14,,,,,317.0,Pseudomonas syringae,Duplodnaviria,Heunggongvirae,Uroviricota,Caudoviricetes,Autographivirales,Autonotataviridae,Bifseptvirus,Bifseptvirus andromeda,dsDNA
Bifseptvirus,2560102,,,,,,,,,,,0.14,,,,,29442.0,Pseudomonas tolaasii,Duplodnaviria,Heunggongvirae,Uroviricota,Caudoviricetes,Autographivirales,Autonotataviridae,Bifseptvirus,Bifseptvirus Bf7,dsDNA
Bifseptvirus,2560102,,,,,,,,,,,0.14,,,,,294.0,Pseudomonas fluorescens,Duplodnaviria,Heunggongvirae,Uroviricota,Caudoviricetes,Autographivirales,Autonotataviridae,Bifseptvirus,Bifseptvirus BIMBV45,dsDNA
Bifseptvirus,2560102,,,,,,,,,,,0.14,,,,,122355.0,Pseudomonas psychrophila,Duplodnaviria,Heunggongvirae,Uroviricota,Caudoviricetes,Autographivirales,Autonotataviridae,Bifseptvirus,unclassified Bifseptvirus,dsDNA
Bifseptvirus,2560102,,,,,,,,,,,0.14,,,,,321.0,Pseudomonas syringae pv. syringae,Duplodnaviria,Heunggongvirae,Uroviricota,Caudoviricetes,Autographivirales,Autonotataviridae,Bifseptvirus,Bifseptvirus SoKa,dsDNA
Bingvirus,2560103,0.07,0.06,,0.08,,,,,,,,,,,,1916.0,Streptomyces lividans,Duplodnaviria,Heunggongvirae,Uroviricota,Caudoviricetes,Caudoviricetes incertae sedis,Bingvirus,Bingvirus bing,,dsDNA
Bingvirus,2560103,0.07,0.06,,0.08,,,,,,,,,,,,68239.0,Streptomyces mirabilis,Duplodnaviria,Heunggongvirae,Uroviricota,Caudoviricetes,Caudoviricetes incertae sedis,Bingvirus,unclassified Bingvirus,,dsDNA
Bingvirus,2560103,0.07,0.06,,0.08,,,,,,,,,,,,1930.0,Streptomyces scabiei,Duplodnaviria,Heunggongvirae,Uroviricota,Caudoviricetes,Caudoviricetes incertae sedis,Bingvirus,unclassified Bingvirus,,dsDNA
Bingvirus,2560103,0.07,0.06,,0.08,,,,,,,,,,,,146922.0,Streptomyces griseofuscus,Duplodnaviria,Heunggongvirae,Uroviricota,Caudoviricetes,Caudoviricetes incertae sedis,Bingvirus,unclassified Bingvirus,,dsDNA
Brunovirus,2560108,0.11,0.39,0.15,0.09,,0.35,,,,,,,,,,59204.0,Salmonella enterica subsp. diarizonae,Duplodnaviria,Heunggongvirae,Uroviricota,Caudoviricetes,Caudoviricetes incertae sedis,Brunovirus,Brunovirus SEN34,,dsDNA
Ceetrepovirus,2560111,5.71,1.98,0.68,1.21,2.32,,0.6,1.53,7.53,5.96,2.08,3.28,0.47,0.35,0.68,38305.0,Corynebacterium vitaeruminis,Duplodnaviria,Heunggongvirae,Uroviricota,Caudoviricetes,Caudoviricetes incertae sedis,Zierdtviridae,Toshachvirinae,Ceetrepovirus,dsDNA
Eneladusvirus,2560128,,0.09,,,,,,,,,,,,,,552.0,Erwinia amylovora,Duplodnaviria,Heunggongvirae,Uroviricota,Caudoviricetes,Caudoviricetes incertae sedis,Eneladusvirus,Eneladusvirus BF,,dsDNA
Eneladusvirus,2560128,,0.09,,,,,,,,,,,,,,615.0,Serratia marcescens,Duplodnaviria,Heunggongvirae,Uroviricota,Caudoviricetes,Caudoviricetes incertae sedis,Eneladusvirus,Eneladusvirus BF,,dsDNA
Eneladusvirus,2560128,,0.09,,,,,,,,,,,,,,630.0,Yersinia enterocolitica,Duplodnaviria,Heunggongvirae,Uroviricota,Caudoviricetes,Caudoviricetes incertae sedis,Eneladusvirus,Eneladusvirus Yen904,,dsDNA
Eneladusvirus,2560128,,0.09,,,,,,,,,,,,,,631.0,Yersinia intermedia,Duplodnaviria,Heunggongvirae,Uroviricota,Caudoviricetes,Caudoviricetes incertae sedis,Eneladusvirus,Eneladusvirus Yen904,,dsDNA
Eneladusvirus,2560128,,0.09,,,,,,,,,,,,,,633.0,Yersinia pseudotuberculosis,Duplodnaviria,Heunggongvirae,Uroviricota,Caudoviricetes,Caudoviricetes incertae sedis,Eneladusvirus,Eneladusvirus Yen904,,dsDNA
Eneladusvirus,2560128,,0.09,,,,,,,,,,,,,,634.0,Yersinia bercovieri,Duplodnaviria,Heunggongvirae,Uroviricota,Caudoviricetes,Caudoviricetes incertae sedis,Eneladusvirus,Eneladusvirus Yen904,,dsDNA
Eneladusvirus,2560128,,0.09,,,,,,,,,,,,,,29484.0,Yersinia frederiksenii,Duplodnaviria,Heunggongvirae,Uroviricota,Caudoviricetes,Caudoviricetes incertae sedis,Eneladusvirus,Eneladusvirus Yen904,,dsDNA
Eneladusvirus,2560128,,0.09,,,,,,,,,,,,,,33060.0,Yersinia mollaretii,Duplodnaviria,Heunggongvirae,Uroviricota,Caudoviricetes,Caudoviricetes incertae sedis,Eneladusvirus,Eneladusvirus Yen904,,dsDNA
Eneladusvirus,2560128,,0.09,,,,,,,,,,,,,,629.0,Yersinia,Duplodnaviria,Heunggongvirae,Uroviricota,Caudoviricetes,Caudoviricetes incertae sedis,Eneladusvirus,Eneladusvirus Yen904,,dsDNA
Fipvunavirus,2560132,0.12,0.08,,,,,,,,,,,,,,96345.0,Flavobacterium psychrophilum,Duplodnaviria,Heunggongvirae,Uroviricota,Caudoviricetes,Caudoviricetes incertae sedis,Fipvunavirus,unclassified Fipvunavirus,,dsDNA
Fipvunavirus,2560132,0.12,0.08,,,,,,,,,,,,,,96345.0,Flavobacterium psychrophilum,Duplodnaviria,Heunggongvirae,Uroviricota,Caudoviricetes,Caudoviricetes incertae sedis,Fipvunavirus,Fipvunavirus Fpv1,,dsDNA
Fipvunavirus,2560132,0.12,0.08,,,,,,,,,,,,,,96345.0,Flavobacterium psychrophilum,Duplodnaviria,Heunggongvirae,Uroviricota,Caudoviricetes,Caudoviricetes incertae sedis,Fipvunavirus,Fipvunavirus Fpv4,,dsDNA
Flaumdravirus,2560133,,,,,,,,,,,0.22,,0.88,,,83964.0,Pseudomonas coronafaciens pv. porri,Duplodnaviria,Heunggongvirae,Uroviricota,Caudoviricetes,Caudoviricetes incertae sedis,Vandenendeviridae,Gorskivirinae,Flaumdravirus,dsDNA
Gofduovirus,2560141,,,,,,,,,0.43,,,,,,,1821960.0,Edwardsiella anguillarum,Duplodnaviria,Heunggongvirae,Uroviricota,Caudoviricetes,Caudoviricetes incertae sedis,Gofduovirus,Gofduovirus edno5,,dsDNA
Gofduovirus,2560141,,,,,,,,,0.43,,,,,,,636.0,Edwardsiella tarda,Duplodnaviria,Heunggongvirae,Uroviricota,Caudoviricetes,Caudoviricetes incertae sedis,Gofduovirus,Gofduovirus GF2,,dsDNA
Gustavvirus,2560144,,,0.08,,,,,,,,,,,,,2055.0,Gordonia terrae,Duplodnaviria,Heunggongvirae,Uroviricota,Caudoviricetes,Caudoviricetes incertae sedis,Gustavvirus,Gustavvirus gustav,,dsDNA
Gustavvirus,2560144,,,0.08,,,,,,,,,,,,,2055.0,Gordonia terrae,Duplodnaviria,Heunggongvirae,Uroviricota,Caudoviricetes,Caudoviricetes incertae sedis,Gustavvirus,Gustavvirus mahdia,,dsDNA
Gustavvirus,2560144,,,0.08,,,,,,,,,,,,,2055.0,Gordonia terrae,Duplodnaviria,Heunggongvirae,Uroviricota,Caudoviricetes,Caudoviricetes incertae sedis,Gustavvirus,unclassified Gustavvirus,,dsDNA
Gustavvirus,2560144,,,0.08,,,,,,,,,,,,,37332.0,Nocardia seriolae,Duplodnaviria,Heunggongvirae,Uroviricota,Caudoviricetes,Caudoviricetes incertae sedis,Gustavvirus,unclassified Gustavvirus,,dsDNA
Iapetusvirus,2560148,0.07,,,,,,,,,,,,,,,552.0,Erwinia amylovora,Duplodnaviria,Heunggongvirae,Uroviricota,Caudoviricetes,Caudoviricetes incertae sedis,Chimalliviridae,Iapetusvirus,Iapetusvirus EaH1,dsDNA
Ilzatvirus,2560150,,,,,,,,,,,0.14,,,,,104336.0,Microbacterium foliorum,Duplodnaviria,Heunggongvirae,Uroviricota,Caudoviricetes,Caudoviricetes incertae sedis,Ilzatvirus,unclassified Ilzatvirus,,dsDNA
Ilzatvirus,2560150,,,,,,,,,,,0.14,,,,,104336.0,Microbacterium foliorum,Duplodnaviria,Heunggongvirae,Uroviricota,Caudoviricetes,Caudoviricetes incertae sedis,Ilzatvirus,Ilzatvirus teagan,,dsDNA
Ilzatvirus,2560150,,,,,,,,,,,0.14,,,,,104336.0,Microbacterium foliorum,Duplodnaviria,Heunggongvirae,Uroviricota,Caudoviricetes,Caudoviricetes incertae sedis,Ilzatvirus,Ilzatvirus ilzat,,dsDNA
Ilzatvirus,2560150,,,,,,,,,,,0.14,,,,,104336.0,Microbacterium foliorum,Duplodnaviria,Heunggongvirae,Uroviricota,Caudoviricetes,Caudoviricetes incertae sedis,Ilzatvirus,Ilzatvirus hamlet,,dsDNA
Ilzatvirus,2560150,,,,,,,,,,,0.14,,,,,33882.0,Microbacterium,Duplodnaviria,Heunggongvirae,Uroviricota,Caudoviricetes,Caudoviricetes incertae sedis,Ilzatvirus,Ilzatvirus teagan,,dsDNA
Ilzatvirus,2560150,,,,,,,,,,,0.14,,,,,104336.0,Microbacterium foliorum,Duplodnaviria,Heunggongvirae,Uroviricota,Caudoviricetes,Caudoviricetes incertae sedis,Ilzatvirus,Ilzatvirus mcgalleon,,dsDNA
Ilzatvirus,2560150,,,,,,,,,,,0.14,,,,,33918.0,Microbacterium maritypicum,Duplodnaviria,Heunggongvirae,Uroviricota,Caudoviricetes,Caudoviricetes incertae sedis,Ilzatvirus,Ilzatvirus hamlet,,dsDNA
Ilzatvirus,2560150,,,,,,,,,,,0.14,,,,,104336.0,Microbacterium foliorum,Duplodnaviria,Heunggongvirae,Uroviricota,Caudoviricetes,Caudoviricetes incertae sedis,Ilzatvirus,Ilzatvirus monchoix,,dsDNA
Kojivirus,2560161,0.2,0.12,0.08,0.08,,,,,,,,,0.13,,,104336.0,Microbacterium foliorum,Duplodnaviria,Heunggongvirae,Uroviricota,Caudoviricetes,Caudoviricetes incertae sedis,Kojivirus,unclassified Kojivirus,,dsDNA
Kojivirus,2560161,0.2,0.12,0.08,0.08,,,,,,,,,0.13,,,104336.0,Microbacterium foliorum,Duplodnaviria,Heunggongvirae,Uroviricota,Caudoviricetes,Caudoviricetes incertae sedis,Kojivirus,Kojivirus golden,,dsDNA
Kojivirus,2560161,0.2,0.12,0.08,0.08,,,,,,,,,0.13,,,104336.0,Microbacterium foliorum,Duplodnaviria,Heunggongvirae,Uroviricota,Caudoviricetes,Caudoviricetes incertae sedis,Kojivirus,Kojivirus koji,,dsDNA
Krylovvirus,2560162,,,,,,,,,,,0.19,0.79,,,,303.0,Pseudomonas putida,Duplodnaviria,Heunggongvirae,Uroviricota,Caudoviricetes,Caudoviricetes incertae sedis,Krylovvirus,Krylovvirus tf,,dsDNA
Locarnavirus,2560169,,,,,1.69,,,,,,,,,,,1.0,root,Riboviria,Orthornavirae,Pisuviricota,Pisoniviricetes,Picornavirales,Marnaviridae,Locarnavirus,Locarnavirus jerichoensis,
Metrivirus,2560175,0.09,,,,,,,,,,,,,,,470.0,Acinetobacter baumannii,Duplodnaviria,Heunggongvirae,Uroviricota,Caudoviricetes,Caudoviricetes incertae sedis,Metrivirus,Metrivirus ME3,,dsDNA
Mimasvirus,2560176,,0.07,,0.11,,0.17,,,,,,,,,,28141.0,Cronobacter sakazakii,Duplodnaviria,Heunggongvirae,Uroviricota,Caudoviricetes,Caudoviricetes incertae sedis,Mimasvirus,Mimasvirus GAP32,,dsDNA
Mimasvirus,2560176,,0.07,,0.11,,0.17,,,,,,,,,,555.0,Pectobacterium carotovorum subsp. carotovorum,Duplodnaviria,Heunggongvirae,Uroviricota,Caudoviricetes,Caudoviricetes incertae sedis,Mimasvirus,Mimasvirus CBB,,dsDNA
Mimasvirus,2560176,,0.07,,0.11,,0.17,,,,,,,,,,56460.0,Xanthomonas vesicatoria,Duplodnaviria,Heunggongvirae,Uroviricota,Caudoviricetes,Caudoviricetes incertae sedis,Mimasvirus,unclassified Mimasvirus,,dsDNA
Napahaivirus,2560184,,,,,,,,,,,0.47,,,,,286.0,Pseudomonas,Duplodnaviria,Heunggongvirae,Uroviricota,Caudoviricetes,Autographivirales,Autonotataviridae,Napahaivirus,Napahaivirus VSW3,dsDNA
Nickievirus,2560188,,,,0.09,,,,,,,,,,,,103796.0,Pseudomonas syringae pv. actinidiae,Duplodnaviria,Heunggongvirae,Uroviricota,Caudoviricetes,Caudoviricetes incertae sedis,Nickievirus,unclassified Nickievirus,,dsDNA
Nickievirus,2560188,,,,0.09,,,,,,,,,,,,317.0,Pseudomonas syringae,Duplodnaviria,Heunggongvirae,Uroviricota,Caudoviricetes,Caudoviricetes incertae sedis,Nickievirus,unclassified Nickievirus,,dsDNA
Nickievirus,2560188,,,,0.09,,,,,,,,,,,,663959.0,Pseudomonas syringae pv. avii,Duplodnaviria,Heunggongvirae,Uroviricota,Caudoviricetes,Caudoviricetes incertae sedis,Nickievirus,Nickievirus nickie,,dsDNA
Otagovirus,2560197,,,,,,,,,,,0.28,,1.85,0.12,,204039.0,Dickeya dianthicola,Duplodnaviria,Heunggongvirae,Uroviricota,Caudoviricetes,Caudoviricetes incertae sedis,Vandenendeviridae,Gorskivirinae,Otagovirus,dsDNA
Otagovirus,2560197,,,,,,,,,,,0.28,,1.85,0.12,,317.0,Pseudomonas syringae,Duplodnaviria,Heunggongvirae,Uroviricota,Caudoviricetes,Caudoviricetes incertae sedis,Vandenendeviridae,Gorskivirinae,Otagovirus,dsDNA
Otagovirus,2560197,,,,,,,,,,,0.28,,1.85,0.12,,306.0,Pseudomonas sp.,Duplodnaviria,Heunggongvirae,Uroviricota,Caudoviricetes,Caudoviricetes incertae sedis,Vandenendeviridae,Gorskivirinae,Otagovirus,dsDNA
Otagovirus,2560197,,,,,,,,,,,0.28,,1.85,0.12,,103796.0,Pseudomonas syringae pv. actinidiae,Duplodnaviria,Heunggongvirae,Uroviricota,Caudoviricetes,Caudoviricetes incertae sedis,Vandenendeviridae,Gorskivirinae,Otagovirus,dsDNA
Otagovirus,2560197,,,,,,,,,,,0.28,,1.85,0.12,,1104681.0,Pseudomonas syringae pv. actinidiae ICMP 18800,Duplodnaviria,Heunggongvirae,Uroviricota,Caudoviricetes,Caudoviricetes incertae sedis,Vandenendeviridae,Gorskivirinae,Otagovirus,dsDNA
Otagovirus,2560197,,,,,,,,,,,0.28,,1.85,0.12,,319.0,Pseudomonas savastanoi pv. phaseolicola,Duplodnaviria,Heunggongvirae,Uroviricota,Caudoviricetes,Caudoviricetes incertae sedis,Vandenendeviridae,Gorskivirinae,Otagovirus,dsDNA
Peatvirus,2560201,,0.13,,0.15,,,,,,,,,,,,29471.0,Pectobacterium atrosepticum,Duplodnaviria,Heunggongvirae,Uroviricota,Caudoviricetes,Caudoviricetes incertae sedis,Peatvirus,Peatvirus peat2,,dsDNA
Peatvirus,2560201,,0.13,,0.15,,,,,,,,,,,,122277.0,Pectobacterium,Duplodnaviria,Heunggongvirae,Uroviricota,Caudoviricetes,Caudoviricetes incertae sedis,Peatvirus,Peatvirus peat2,,dsDNA
Phimunavirus,2560202,0.13,0.16,0.27,0.22,,0.22,,,,,0.87,0.28,0.7,0.13,,29471.0,Pectobacterium atrosepticum,Duplodnaviria,Heunggongvirae,Uroviricota,Caudoviricetes,Autographivirales,Autoscriptoviridae,Corkvirinae,Phimunavirus,dsDNA
Phimunavirus,2560202,0.13,0.16,0.27,0.22,,0.22,,,,,0.87,0.28,0.7,0.13,,218491.0,Pectobacterium atrosepticum SCRI1043,Duplodnaviria,Heunggongvirae,Uroviricota,Caudoviricetes,Autographivirales,Autoscriptoviridae,Corkvirinae,Phimunavirus,dsDNA
Pikminvirus,2560203,0.07,,,,,,,,,,,,,,,104336.0,Microbacterium foliorum,Duplodnaviria,Heunggongvirae,Uroviricota,Caudoviricetes,Caudoviricetes incertae sedis,Pikminvirus,Pikminvirus pikmin,,dsDNA
Plaisancevirus,2560204,,,,,,,,,,,0.18,,,,,303.0,Pseudomonas putida,Duplodnaviria,Heunggongvirae,Uroviricota,Caudoviricetes,Caudoviricetes incertae sedis,Plaisancevirus,Plaisancevirus PMW,,dsDNA
Popoffvirus,2560208,0.48,1.19,0.79,0.91,,1.21,1.15,,,,1.41,,0.35,0.24,0.37,645.0,Aeromonas salmonicida,Duplodnaviria,Heunggongvirae,Uroviricota,Caudoviricetes,Caudoviricetes incertae sedis,Popoffvirus,Popoffvirus pv56,,dsDNA
Rimavirus,2560214,0.1,,,,,,,,,,,,,,,1911.0,Streptomyces griseus,Duplodnaviria,Heunggongvirae,Uroviricota,Caudoviricetes,Caudoviricetes incertae sedis,Rimavirus,Rimavirus rima,,dsDNA
Rimavirus,2560214,0.1,,,,,,,,,,,,,,,1911.0,Streptomyces griseus,Duplodnaviria,Heunggongvirae,Uroviricota,Caudoviricetes,Caudoviricetes incertae sedis,Rimavirus,Rimavirus drgrey,,dsDNA
Rimavirus,2560214,0.1,,,,,,,,,,,,,,,1911.0,Streptomyces griseus,Duplodnaviria,Heunggongvirae,Uroviricota,Caudoviricetes,Caudoviricetes incertae sedis,Rimavirus,unclassified Rimavirus,,dsDNA
Rimavirus,2560214,0.1,,,,,,,,,,,,,,,58346.0,Streptomyces platensis,Duplodnaviria,Heunggongvirae,Uroviricota,Caudoviricetes,Caudoviricetes incertae sedis,Rimavirus,Rimavirus rima,,dsDNA
Rimavirus,2560214,0.1,,,,,,,,,,,,,,,68220.0,Streptomyces indigocolor,Duplodnaviria,Heunggongvirae,Uroviricota,Caudoviricetes,Caudoviricetes incertae sedis,Rimavirus,Rimavirus rima,,dsDNA
Rimavirus,2560214,0.1,,,,,,,,,,,,,,,67263.0,Streptomyces griseus subsp. griseus,Duplodnaviria,Heunggongvirae,Uroviricota,Caudoviricetes,Caudoviricetes incertae sedis,Rimavirus,Rimavirus rima,,dsDNA
Rimavirus,2560214,0.1,,,,,,,,,,,,,,,146820.0,Streptomyces stelliscabiei,Duplodnaviria,Heunggongvirae,Uroviricota,Caudoviricetes,Caudoviricetes incertae sedis,Rimavirus,unclassified Rimavirus,,dsDNA
Rimavirus,2560214,0.1,,,,,,,,,,,,,,,146537.0,Streptomyces azureus,Duplodnaviria,Heunggongvirae,Uroviricota,Caudoviricetes,Caudoviricetes incertae sedis,Rimavirus,Rimavirus rima,,dsDNA
Rimavirus,2560214,0.1,,,,,,,,,,,,,,,68239.0,Streptomyces mirabilis,Duplodnaviria,Heunggongvirae,Uroviricota,Caudoviricetes,Caudoviricetes incertae sedis,Rimavirus,unclassified Rimavirus,,dsDNA
Sanovirus,2560222,0.15,,,,,,,,,,,,,,,40324.0,Stenotrophomonas maltophilia,Duplodnaviria,Heunggongvirae,Uroviricota,Caudoviricetes,Caudoviricetes incertae sedis,Casjensviridae,Sanovirus,unclassified Sanovirus,dsDNA
Sanovirus,2560222,0.15,,,,,,,,,,,,,,,338.0,Xanthomonas,Duplodnaviria,Heunggongvirae,Uroviricota,Caudoviricetes,Caudoviricetes incertae sedis,Casjensviridae,Sanovirus,Sanovirus sano,dsDNA
Sanovirus,2560222,0.15,,,,,,,,,,,,,,,2371.0,Xylella fastidiosa,Duplodnaviria,Heunggongvirae,Uroviricota,Caudoviricetes,Caudoviricetes incertae sedis,Casjensviridae,Sanovirus,Sanovirus sano,dsDNA
Sugarlandvirus,2560233,0.35,0.34,0.53,0.43,,1.14,0.5,0.5,,0.38,,0.56,0.17,0.35,0.37,573.0,Klebsiella pneumoniae,Duplodnaviria,Heunggongvirae,Uroviricota,Caudoviricetes,Caudoviricetes incertae sedis,Demerecviridae,Sugarlandvirus,Sugarlandvirus AmPhEK80,dsDNA
Sugarlandvirus,2560233,0.35,0.34,0.53,0.43,,1.14,0.5,0.5,,0.38,,0.56,0.17,0.35,0.37,570.0,Klebsiella,Duplodnaviria,Heunggongvirae,Uroviricota,Caudoviricetes,Caudoviricetes incertae sedis,Demerecviridae,Sugarlandvirus,Sugarlandvirus KpGranit,dsDNA
Sugarlandvirus,2560233,0.35,0.34,0.53,0.43,,1.14,0.5,0.5,,0.38,,0.56,0.17,0.35,0.37,571.0,Klebsiella oxytoca,Duplodnaviria,Heunggongvirae,Uroviricota,Caudoviricetes,Caudoviricetes incertae sedis,Demerecviridae,Sugarlandvirus,Sugarlandvirus KPN4,dsDNA
Sugarlandvirus,2560233,0.35,0.34,0.53,0.43,,1.14,0.5,0.5,,0.38,,0.56,0.17,0.35,0.37,244366.0,Klebsiella variicola,Duplodnaviria,Heunggongvirae,Uroviricota,Caudoviricetes,Caudoviricetes incertae sedis,Demerecviridae,Sugarlandvirus,unclassified Sugarlandvirus,dsDNA
Tulanevirus,2560244,0.34,0.28,0.29,0.37,,0.28,0.36,,,,0.19,,,0.3,0.35,645.0,Aeromonas salmonicida,Duplodnaviria,Heunggongvirae,Uroviricota,Caudoviricetes,Pantevenvirales,Straboviridae,Tulanevirus,Tulanevirus bteighttwo,dsDNA
Tulanevirus,2560244,0.34,0.28,0.29,0.37,,0.28,0.36,,,,0.19,,,0.3,0.35,644.0,Aeromonas hydrophila,Duplodnaviria,Heunggongvirae,Uroviricota,Caudoviricetes,Pantevenvirales,Straboviridae,Tulanevirus,Tulanevirus 50ahydr13pp,dsDNA
Tulanevirus,2560244,0.34,0.28,0.29,0.37,,0.28,0.36,,,,0.19,,,0.3,0.35,647.0,Aeromonas sp.,Duplodnaviria,Heunggongvirae,Uroviricota,Caudoviricetes,Pantevenvirales,Straboviridae,Tulanevirus,Tulanevirus aes12,dsDNA
Tulanevirus,2560244,0.34,0.28,0.29,0.37,,0.28,0.36,,,,0.19,,,0.3,0.35,40324.0,Stenotrophomonas maltophilia,Duplodnaviria,Heunggongvirae,Uroviricota,Caudoviricetes,Pantevenvirales,Straboviridae,Tulanevirus,Tulanevirus ime13,dsDNA
Unahavirus,2560245,,0.1,,,,,,,,,,,,,,96345.0,Flavobacterium psychrophilum,Duplodnaviria,Heunggongvirae,Uroviricota,Caudoviricetes,Caudoviricetes incertae sedis,Duneviridae,Unahavirus,Unahavirus uv23T,dsDNA
Vicosavirus,2560248,,,,,,,,,,,,1.35,,,0.24,564423.0,Pseudomonas tolaasii NCPPB 2192,Duplodnaviria,Heunggongvirae,Uroviricota,Caudoviricetes,Caudoviricetes incertae sedis,Vicosavirus,Vicosavirus NV1,,dsDNA
Vicosavirus,2560248,,,,,,,,,,,,1.35,,,0.24,294.0,Pseudomonas fluorescens,Duplodnaviria,Heunggongvirae,Uroviricota,Caudoviricetes,Caudoviricetes incertae sedis,Vicosavirus,Vicosavirus UFVP2,,dsDNA
Pettyvirus,2731671,0.14,0.12,0.15,0.17,,0.76,,0.38,0.52,1.31,0.53,0.56,1.21,0.19,0.29,,,,,,,,,,,
Daemvirus,2731672,0.33,0.52,1.13,0.27,,0.88,0.22,,0.23,0.26,1.65,1.03,4.49,0.99,0.75,40214.0,Acinetobacter johnsonii,Duplodnaviria,Heunggongvirae,Uroviricota,Caudoviricetes,Autographivirales,Autoscriptoviridae,Beijerinckvirinae,Daemvirus,dsDNA
Bonnellvirus,2731932,,0.11,,0.2,,0.51,,,,,,,,,,28141.0,Cronobacter sakazakii,Duplodnaviria,Heunggongvirae,Uroviricota,Caudoviricetes,Autographivirales,Autoscriptoviridae,Stentvirinae,Bonnellvirus,dsDNA
Bonnellvirus,2731932,,0.11,,0.2,,0.51,,,,,,,,,,511145.0,Escherichia coli str. K-12 substr. MG1655,Duplodnaviria,Heunggongvirae,Uroviricota,Caudoviricetes,Autographivirales,Autoscriptoviridae,Stentvirinae,Bonnellvirus,dsDNA
Bonnellvirus,2731932,,0.11,,0.2,,0.51,,,,,,,,,,83333.0,Escherichia coli K-12,Duplodnaviria,Heunggongvirae,Uroviricota,Caudoviricetes,Autographivirales,Autoscriptoviridae,Stentvirinae,Bonnellvirus,dsDNA
Bonnellvirus,2731932,,0.11,,0.2,,0.51,,,,,,,,,,591946.0,Escherichia coli LF82,Duplodnaviria,Heunggongvirae,Uroviricota,Caudoviricetes,Autographivirales,Autoscriptoviridae,Stentvirinae,Bonnellvirus,dsDNA
Bonnellvirus,2731932,,0.11,,0.2,,0.51,,,,,,,,,,208223.0,Kosakonia cowanii,Duplodnaviria,Heunggongvirae,Uroviricota,Caudoviricetes,Autographivirales,Autoscriptoviridae,Stentvirinae,Bonnellvirus,dsDNA
Gajwadongvirus,2731941,,0.14,,0.1,,,,,,,,,,,,562.0,Escherichia coli,Duplodnaviria,Heunggongvirae,Uroviricota,Caudoviricetes,Autographivirales,Autographivirales incertae sedis,Gajwadongvirus,Gajwadongvirus ECBP5,dsDNA
Gajwadongvirus,2731941,,0.14,,0.1,,,,,,,,,,,,573.0,Klebsiella pneumoniae,Duplodnaviria,Heunggongvirae,Uroviricota,Caudoviricetes,Autographivirales,Autographivirales incertae sedis,Gajwadongvirus,unclassified Gajwadongvirus,dsDNA
Gajwadongvirus,2731941,,0.14,,0.1,,,,,,,,,,,,555.0,Pectobacterium carotovorum subsp. carotovorum,Duplodnaviria,Heunggongvirae,Uroviricota,Caudoviricetes,Autographivirales,Autographivirales incertae sedis,Gajwadongvirus,Gajwadongvirus PP99,dsDNA
Gajwadongvirus,2731941,,0.14,,0.1,,,,,,,,,,,,286.0,Pseudomonas,Duplodnaviria,Heunggongvirae,Uroviricota,Caudoviricetes,Autographivirales,Autographivirales incertae sedis,Gajwadongvirus,Gajwadongvirus MR4,dsDNA
Gyeongsanvirus,2731942,,,,,,,,,,,,,0.18,,,305.0,Ralstonia solanacearum,Duplodnaviria,Heunggongvirae,Uroviricota,Caudoviricetes,Autographivirales,Autographivirales incertae sedis,Gyeongsanvirus,Gyeongsanvirus DURPI,dsDNA
Gyeongsanvirus,2731942,,,,,,,,,,,,,0.18,,,48736.0,Ralstonia,Duplodnaviria,Heunggongvirae,Uroviricota,Caudoviricetes,Autographivirales,Autographivirales incertae sedis,Gyeongsanvirus,Gyeongsanvirus RsoP1EGY,dsDNA
Kelmasvirus,2731950,0.17,,,,,,,,,,,,,,,305.0,Ralstonia solanacearum,Duplodnaviria,Heunggongvirae,Uroviricota,Caudoviricetes,Autographivirales,Autotranscriptaviridae,Kelmasvirus,Kelmasvirus RSB2,dsDNA
Paadamvirus,2731961,,,,,,,,,,,0.19,,,,,29449.0,Rhizobium etli,Duplodnaviria,Heunggongvirae,Uroviricota,Caudoviricetes,Autographivirales,Autographivirales incertae sedis,Paadamvirus,Paadamvirus RHEph01,dsDNA
Paadamvirus,2731961,,,,,,,,,,,0.19,,,,,384.0,Rhizobium leguminosarum,Duplodnaviria,Heunggongvirae,Uroviricota,Caudoviricetes,Autographivirales,Autographivirales incertae sedis,Paadamvirus,Paadamvirus TRX321,dsDNA
Piedvirus,2731968,,,,,,,,,,,0.37,0.21,0.19,,,1537702.0,Delftia sp. 670,Duplodnaviria,Heunggongvirae,Uroviricota,Caudoviricetes,Autographivirales,Autotranscriptaviridae,Piedvirus,Piedvirus IMEDE1,dsDNA
Scottvirus,2731973,,,,0.08,,,,,,,,,,,,13689.0,Sphingomonas paucimobilis,Duplodnaviria,Heunggongvirae,Uroviricota,Caudoviricetes,Autographivirales,Autonotataviridae,Scottvirus,Scottvirus scott,dsDNA
Epseptimavirus,2732017,0.07,0.09,0.11,0.07,,0.23,,,,,,,,,,83333.0,Escherichia coli K-12,Duplodnaviria,Heunggongvirae,Uroviricota,Caudoviricetes,Caudoviricetes incertae sedis,Demerecviridae,Markadamsvirinae,Epseptimavirus,dsDNA
Epseptimavirus,2732017,0.07,0.09,0.11,0.07,,0.23,,,,,,,,,,511145.0,Escherichia coli str. K-12 substr. MG1655,Duplodnaviria,Heunggongvirae,Uroviricota,Caudoviricetes,Caudoviricetes incertae sedis,Demerecviridae,Markadamsvirinae,Epseptimavirus,dsDNA
Epseptimavirus,2732017,0.07,0.09,0.11,0.07,,0.23,,,,,,,,,,197.0,Campylobacter jejuni,Duplodnaviria,Heunggongvirae,Uroviricota,Caudoviricetes,Caudoviricetes incertae sedis,Demerecviridae,Markadamsvirinae,Epseptimavirus,dsDNA
Epseptimavirus,2732017,0.07,0.09,0.11,0.07,,0.23,,,,,,,,,,546.0,Citrobacter freundii,Duplodnaviria,Heunggongvirae,Uroviricota,Caudoviricetes,Caudoviricetes incertae sedis,Demerecviridae,Markadamsvirinae,Epseptimavirus,dsDNA
Epseptimavirus,2732017,0.07,0.09,0.11,0.07,,0.23,,,,,,,,,,543.0,Enterobacteriaceae,Duplodnaviria,Heunggongvirae,Uroviricota,Caudoviricetes,Caudoviricetes incertae sedis,Demerecviridae,Markadamsvirinae,Epseptimavirus,dsDNA
Epseptimavirus,2732017,0.07,0.09,0.11,0.07,,0.23,,,,,,,,,,573.0,Klebsiella pneumoniae,Duplodnaviria,Heunggongvirae,Uroviricota,Caudoviricetes,Caudoviricetes incertae sedis,Demerecviridae,Markadamsvirinae,Epseptimavirus,dsDNA
Epseptimavirus,2732017,0.07,0.09,0.11,0.07,,0.23,,,,,,,,,,82983.0,Obesumbacterium proteus,Duplodnaviria,Heunggongvirae,Uroviricota,Caudoviricetes,Caudoviricetes incertae sedis,Demerecviridae,Markadamsvirinae,Epseptimavirus,dsDNA
Epseptimavirus,2732017,0.07,0.09,0.11,0.07,,0.23,,,,,,,,,,,,Duplodnaviria,Heunggongvirae,Uroviricota,Caudoviricetes,Caudoviricetes incertae sedis,Demerecviridae,Markadamsvirinae,Epseptimavirus,dsDNA
Epseptimavirus,2732017,0.07,0.09,0.11,0.07,,0.23,,,,,,,,,,59201.0,Salmonella enterica subsp. enterica,Duplodnaviria,Heunggongvirae,Uroviricota,Caudoviricetes,Caudoviricetes incertae sedis,Demerecviridae,Markadamsvirinae,Epseptimavirus,dsDNA
Epseptimavirus,2732017,0.07,0.09,0.11,0.07,,0.23,,,,,,,,,,594.0,Salmonella enterica subsp. enterica serovar Gallinarum,Duplodnaviria,Heunggongvirae,Uroviricota,Caudoviricetes,Caudoviricetes incertae sedis,Demerecviridae,Markadamsvirinae,Epseptimavirus,dsDNA
Epseptimavirus,2732017,0.07,0.09,0.11,0.07,,0.23,,,,,,,,,,149539.0,Salmonella enterica subsp. enterica serovar Enteritidis,Duplodnaviria,Heunggongvirae,Uroviricota,Caudoviricetes,Caudoviricetes incertae sedis,Demerecviridae,Markadamsvirinae,Epseptimavirus,dsDNA
Epseptimavirus,2732017,0.07,0.09,0.11,0.07,,0.23,,,,,,,,,,90371.0,Salmonella enterica subsp. enterica serovar Typhimurium,Duplodnaviria,Heunggongvirae,Uroviricota,Caudoviricetes,Caudoviricetes incertae sedis,Demerecviridae,Markadamsvirinae,Epseptimavirus,dsDNA
Epseptimavirus,2732017,0.07,0.09,0.11,0.07,,0.23,,,,,,,,,,590.0,Salmonella,Duplodnaviria,Heunggongvirae,Uroviricota,Caudoviricetes,Caudoviricetes incertae sedis,Demerecviridae,Markadamsvirinae,Epseptimavirus,dsDNA
Epseptimavirus,2732017,0.07,0.09,0.11,0.07,,0.23,,,,,,,,,,595.0,Salmonella enterica subsp. enterica serovar Infantis,Duplodnaviria,Heunggongvirae,Uroviricota,Caudoviricetes,Caudoviricetes incertae sedis,Demerecviridae,Markadamsvirinae,Epseptimavirus,dsDNA
Epseptimavirus,2732017,0.07,0.09,0.11,0.07,,0.23,,,,,,,,,,58712.0,Salmonella enterica subsp. enterica serovar Anatum,Duplodnaviria,Heunggongvirae,Uroviricota,Caudoviricetes,Caudoviricetes incertae sedis,Demerecviridae,Markadamsvirinae,Epseptimavirus,dsDNA
Epseptimavirus,2732017,0.07,0.09,0.11,0.07,,0.23,,,,,,,,,,192955.0,Salmonella enterica subsp. enterica serovar Kentucky,Duplodnaviria,Heunggongvirae,Uroviricota,Caudoviricetes,Caudoviricetes incertae sedis,Demerecviridae,Markadamsvirinae,Epseptimavirus,dsDNA
Epseptimavirus,2732017,0.07,0.09,0.11,0.07,,0.23,,,,,,,,,,149385.0,Salmonella enterica subsp. enterica serovar Hadar,Duplodnaviria,Heunggongvirae,Uroviricota,Caudoviricetes,Caudoviricetes incertae sedis,Demerecviridae,Markadamsvirinae,Epseptimavirus,dsDNA
Epseptimavirus,2732017,0.07,0.09,0.11,0.07,,0.23,,,,,,,,,,28147.0,Salmonella enterica subsp. enterica serovar Oranienburg,Duplodnaviria,Heunggongvirae,Uroviricota,Caudoviricetes,Caudoviricetes incertae sedis,Demerecviridae,Markadamsvirinae,Epseptimavirus,dsDNA
Epseptimavirus,2732017,0.07,0.09,0.11,0.07,,0.23,,,,,,,,,,48409.0,Salmonella enterica subsp. enterica serovar Virchow,Duplodnaviria,Heunggongvirae,Uroviricota,Caudoviricetes,Caudoviricetes incertae sedis,Demerecviridae,Markadamsvirinae,Epseptimavirus,dsDNA
Epseptimavirus,2732017,0.07,0.09,0.11,0.07,,0.23,,,,,,,,,,57743.0,Salmonella enterica subsp. enterica serovar Weltevreden,Duplodnaviria,Heunggongvirae,Uroviricota,Caudoviricetes,Caudoviricetes incertae sedis,Demerecviridae,Markadamsvirinae,Epseptimavirus,dsDNA
Epseptimavirus,2732017,0.07,0.09,0.11,0.07,,0.23,,,,,,,,,,90105.0,Salmonella enterica subsp. enterica serovar Saintpaul,Duplodnaviria,Heunggongvirae,Uroviricota,Caudoviricetes,Caudoviricetes incertae sedis,Demerecviridae,Markadamsvirinae,Epseptimavirus,dsDNA
Epseptimavirus,2732017,0.07,0.09,0.11,0.07,,0.23,,,,,,,,,,99287.0,Salmonella enterica subsp. enterica serovar Typhimurium str. LT2,Duplodnaviria,Heunggongvirae,Uroviricota,Caudoviricetes,Caudoviricetes incertae sedis,Demerecviridae,Markadamsvirinae,Epseptimavirus,dsDNA
Epseptimavirus,2732017,0.07,0.09,0.11,0.07,,0.23,,,,,,,,,,108619.0,Salmonella enterica subsp. enterica serovar Newport,Duplodnaviria,Heunggongvirae,Uroviricota,Caudoviricetes,Caudoviricetes incertae sedis,Demerecviridae,Markadamsvirinae,Epseptimavirus,dsDNA
Epseptimavirus,2732017,0.07,0.09,0.11,0.07,,0.23,,,,,,,,,,115981.0,Salmonella enterica subsp. enterica serovar Montevideo,Duplodnaviria,Heunggongvirae,Uroviricota,Caudoviricetes,Caudoviricetes incertae sedis,Demerecviridae,Markadamsvirinae,Epseptimavirus,dsDNA
Epseptimavirus,2732017,0.07,0.09,0.11,0.07,,0.23,,,,,,,,,,436295.0,Salmonella enterica subsp. enterica serovar Poona,Duplodnaviria,Heunggongvirae,Uroviricota,Caudoviricetes,Caudoviricetes incertae sedis,Demerecviridae,Markadamsvirinae,Epseptimavirus,dsDNA
Epseptimavirus,2732017,0.07,0.09,0.11,0.07,,0.23,,,,,,,,,,588858.0,Salmonella enterica subsp. enterica serovar Typhimurium str. 14028S,Duplodnaviria,Heunggongvirae,Uroviricota,Caudoviricetes,Caudoviricetes incertae sedis,Demerecviridae,Markadamsvirinae,Epseptimavirus,dsDNA
Epseptimavirus,2732017,0.07,0.09,0.11,0.07,,0.23,,,,,,,,,,593905.0,Salmonella enterica subsp. enterica serovar Corvallis,Duplodnaviria,Heunggongvirae,Uroviricota,Caudoviricetes,Caudoviricetes incertae sedis,Demerecviridae,Markadamsvirinae,Epseptimavirus,dsDNA
Epseptimavirus,2732017,0.07,0.09,0.11,0.07,,0.23,,,,,,,,,,1331664.0,"Salmonella enterica subsp. enterica serovar Typhimurium var. monophasic 4,5,12:i:-",Duplodnaviria,Heunggongvirae,Uroviricota,Caudoviricetes,Caudoviricetes incertae sedis,Demerecviridae,Markadamsvirinae,Epseptimavirus,dsDNA
Epseptimavirus,2732017,0.07,0.09,0.11,0.07,,0.23,,,,,,,,,,605.0,Salmonella enterica subsp. enterica serovar Pullorum,Duplodnaviria,Heunggongvirae,Uroviricota,Caudoviricetes,Caudoviricetes incertae sedis,Demerecviridae,Markadamsvirinae,Epseptimavirus,dsDNA
Epseptimavirus,2732017,0.07,0.09,0.11,0.07,,0.23,,,,,,,,,,216597.0,Salmonella enterica subsp. enterica serovar Typhimurium str. SL1344,Duplodnaviria,Heunggongvirae,Uroviricota,Caudoviricetes,Caudoviricetes incertae sedis,Demerecviridae,Markadamsvirinae,Epseptimavirus,dsDNA
Epseptimavirus,2732017,0.07,0.09,0.11,0.07,,0.23,,,,,,,,,,909946.0,Salmonella enterica subsp. enterica serovar Typhimurium str. ST4/74,Duplodnaviria,Heunggongvirae,Uroviricota,Caudoviricetes,Caudoviricetes incertae sedis,Demerecviridae,Markadamsvirinae,Epseptimavirus,dsDNA
Epseptimavirus,2732017,0.07,0.09,0.11,0.07,,0.23,,,,,,,,,,28144.0,Salmonella enterica subsp. enterica serovar Derby,Duplodnaviria,Heunggongvirae,Uroviricota,Caudoviricetes,Caudoviricetes incertae sedis,Demerecviridae,Markadamsvirinae,Epseptimavirus,dsDNA
Epseptimavirus,2732017,0.07,0.09,0.11,0.07,,0.23,,,,,,,,,,98360.0,Salmonella enterica subsp. enterica serovar Dublin,Duplodnaviria,Heunggongvirae,Uroviricota,Caudoviricetes,Caudoviricetes incertae sedis,Demerecviridae,Markadamsvirinae,Epseptimavirus,dsDNA
Epseptimavirus,2732017,0.07,0.09,0.11,0.07,,0.23,,,,,,,,,,90370.0,Salmonella enterica subsp. enterica serovar Typhi,Duplodnaviria,Heunggongvirae,Uroviricota,Caudoviricetes,Caudoviricetes incertae sedis,Demerecviridae,Markadamsvirinae,Epseptimavirus,dsDNA
Epseptimavirus,2732017,0.07,0.09,0.11,0.07,,0.23,,,,,,,,,,2583588.0,"Salmonella enterica subsp. enterica serovar 1,4,[5],12:i:-",Duplodnaviria,Heunggongvirae,Uroviricota,Caudoviricetes,Caudoviricetes incertae sedis,Demerecviridae,Markadamsvirinae,Epseptimavirus,dsDNA
Epseptimavirus,2732017,0.07,0.09,0.11,0.07,,0.23,,,,,,,,,,363569.0,Salmonella enterica subsp. enterica serovar Javiana,Duplodnaviria,Heunggongvirae,Uroviricota,Caudoviricetes,Caudoviricetes incertae sedis,Demerecviridae,Markadamsvirinae,Epseptimavirus,dsDNA
Epseptimavirus,2732017,0.07,0.09,0.11,0.07,,0.23,,,,,,,,,,149391.0,Salmonella enterica subsp. enterica serovar Braenderup,Duplodnaviria,Heunggongvirae,Uroviricota,Caudoviricetes,Caudoviricetes incertae sedis,Demerecviridae,Markadamsvirinae,Epseptimavirus,dsDNA
Epseptimavirus,2732017,0.07,0.09,0.11,0.07,,0.23,,,,,,,,,,630.0,Yersinia enterocolitica,Duplodnaviria,Heunggongvirae,Uroviricota,Caudoviricetes,Caudoviricetes incertae sedis,Demerecviridae,Markadamsvirinae,Epseptimavirus,dsDNA
Shenzhenvirus,2732038,0.43,0.17,0.29,0.23,,0.74,0.34,0.2,,,0.29,,,0.24,0.51,196023.0,Aeromonas hydrophila subsp. hydrophila,Duplodnaviria,Heunggongvirae,Uroviricota,Caudoviricetes,Caudoviricetes incertae sedis,Demerecviridae,Shenzhenvirus,unclassified Shenzhenvirus,dsDNA
Shenzhenvirus,2732038,0.43,0.17,0.29,0.23,,0.74,0.34,0.2,,,0.29,,,0.24,0.51,644.0,Aeromonas hydrophila,Duplodnaviria,Heunggongvirae,Uroviricota,Caudoviricetes,Caudoviricetes incertae sedis,Demerecviridae,Shenzhenvirus,Shenzhenvirus AhSzq1,dsDNA
Shenzhenvirus,2732038,0.43,0.17,0.29,0.23,,0.74,0.34,0.2,,,0.29,,,0.24,0.51,196024.0,Aeromonas dhakensis,Duplodnaviria,Heunggongvirae,Uroviricota,Caudoviricetes,Caudoviricetes incertae sedis,Demerecviridae,Shenzhenvirus,unclassified Shenzhenvirus,dsDNA
Nouzillyvirus,2732049,,,0.1,,,,,,,,,,,,,1884818.0,Escherichia sp.,Duplodnaviria,Heunggongvirae,Uroviricota,Caudoviricetes,Caudoviricetes incertae sedis,Drexlerviridae,Nouzillyvirus,unclassified Nouzillyvirus,dsDNA
Nouzillyvirus,2732049,,,0.1,,,,,,,,,,,,,562.0,Escherichia coli,Duplodnaviria,Heunggongvirae,Uroviricota,Caudoviricetes,Caudoviricetes incertae sedis,Drexlerviridae,Nouzillyvirus,unclassified Nouzillyvirus,dsDNA
Nouzillyvirus,2732049,,,0.1,,,,,,,,,,,,,,,Duplodnaviria,Heunggongvirae,Uroviricota,Caudoviricetes,Caudoviricetes incertae sedis,Drexlerviridae,Nouzillyvirus,unclassified Nouzillyvirus,dsDNA
Aarhusvirus,2732675,,,0.1,,,,,,,,,,,,,1089444.0,Dickeya solani,Duplodnaviria,Heunggongvirae,Uroviricota,Caudoviricetes,Autographivirales,Autotranscriptaviridae,Studiervirinae,Aarhusvirus,dsDNA
Apdecimavirus,2732676,1.84,0.2,0.78,1.52,,0.62,0.76,0.35,1.22,1.14,,0.83,0.16,0.98,0.66,,,,,,,,,,,
Berlinvirus,2732677,0.47,0.19,0.82,0.33,,0.64,,,0.43,,,,,0.36,0.46,546.0,Citrobacter freundii,Duplodnaviria,Heunggongvirae,Uroviricota,Caudoviricetes,Autographivirales,Autotranscriptaviridae,Studiervirinae,Berlinvirus,dsDNA
Berlinvirus,2732677,0.47,0.19,0.82,0.33,,0.64,,,0.43,,,,,0.36,0.46,599.0,Salmonella sp.,Duplodnaviria,Heunggongvirae,Uroviricota,Caudoviricetes,Autographivirales,Autotranscriptaviridae,Studiervirinae,Berlinvirus,dsDNA
Berlinvirus,2732677,0.47,0.19,0.82,0.33,,0.64,,,0.43,,,,,0.36,0.46,558.0,Erwinia sp.,Duplodnaviria,Heunggongvirae,Uroviricota,Caudoviricetes,Autographivirales,Autotranscriptaviridae,Studiervirinae,Berlinvirus,dsDNA
Berlinvirus,2732677,0.47,0.19,0.82,0.33,,0.64,,,0.43,,,,,0.36,0.46,552.0,Erwinia amylovora,Duplodnaviria,Heunggongvirae,Uroviricota,Caudoviricetes,Autographivirales,Autotranscriptaviridae,Studiervirinae,Berlinvirus,dsDNA
Berlinvirus,2732677,0.47,0.19,0.82,0.33,,0.64,,,0.43,,,,,0.36,0.46,83333.0,Escherichia coli K-12,Duplodnaviria,Heunggongvirae,Uroviricota,Caudoviricetes,Autographivirales,Autotranscriptaviridae,Studiervirinae,Berlinvirus,dsDNA
Berlinvirus,2732677,0.47,0.19,0.82,0.33,,0.64,,,0.43,,,,,0.36,0.46,1211845.0,Escherichia coli MC1061,Duplodnaviria,Heunggongvirae,Uroviricota,Caudoviricetes,Autographivirales,Autotranscriptaviridae,Studiervirinae,Berlinvirus,dsDNA
Berlinvirus,2732677,0.47,0.19,0.82,0.33,,0.64,,,0.43,,,,,0.36,0.46,580.0,Kluyvera cryocrescens,Duplodnaviria,Heunggongvirae,Uroviricota,Caudoviricetes,Autographivirales,Autotranscriptaviridae,Studiervirinae,Berlinvirus,dsDNA
Berlinvirus,2732677,0.47,0.19,0.82,0.33,,0.64,,,0.43,,,,,0.36,0.46,55208.0,Pectobacterium wasabiae,Duplodnaviria,Heunggongvirae,Uroviricota,Caudoviricetes,Autographivirales,Autotranscriptaviridae,Studiervirinae,Berlinvirus,dsDNA
Berlinvirus,2732677,0.47,0.19,0.82,0.33,,0.64,,,0.43,,,,,0.36,0.46,90371.0,Salmonella enterica subsp. enterica serovar Typhimurium,Duplodnaviria,Heunggongvirae,Uroviricota,Caudoviricetes,Autographivirales,Autotranscriptaviridae,Studiervirinae,Berlinvirus,dsDNA
Berlinvirus,2732677,0.47,0.19,0.82,0.33,,0.64,,,0.43,,,,,0.36,0.46,385964.0,Yersinia pestis subsp. pestis,Duplodnaviria,Heunggongvirae,Uroviricota,Caudoviricetes,Autographivirales,Autotranscriptaviridae,Studiervirinae,Berlinvirus,dsDNA
Berlinvirus,2732677,0.47,0.19,0.82,0.33,,0.64,,,0.43,,,,,0.36,0.46,632.0,Yersinia pestis,Duplodnaviria,Heunggongvirae,Uroviricota,Caudoviricetes,Autographivirales,Autotranscriptaviridae,Studiervirinae,Berlinvirus,dsDNA
Berlinvirus,2732677,0.47,0.19,0.82,0.33,,0.64,,,0.43,,,,,0.36,0.46,633.0,Yersinia pseudotuberculosis,Duplodnaviria,Heunggongvirae,Uroviricota,Caudoviricetes,Autographivirales,Autotranscriptaviridae,Studiervirinae,Berlinvirus,dsDNA
Berlinvirus,2732677,0.47,0.19,0.82,0.33,,0.64,,,0.43,,,,,0.36,0.46,367190.0,Yersinia similis,Duplodnaviria,Heunggongvirae,Uroviricota,Caudoviricetes,Autographivirales,Autotranscriptaviridae,Studiervirinae,Berlinvirus,dsDNA
Berlinvirus,2732677,0.47,0.19,0.82,0.33,,0.64,,,0.43,,,,,0.36,0.46,1341643.0,Yersinia wautersii,Duplodnaviria,Heunggongvirae,Uroviricota,Caudoviricetes,Autographivirales,Autotranscriptaviridae,Studiervirinae,Berlinvirus,dsDNA
Chatterjeevirus,2732679,0.22,,,0.19,,,,,,0.14,,,0.16,0.11,,666.0,Vibrio cholerae,Duplodnaviria,Heunggongvirae,Uroviricota,Caudoviricetes,Autographivirales,Autotranscriptaviridae,Studiervirinae,Chatterjeevirus,dsDNA
Chatterjeevirus,2732679,0.22,,,0.19,,,,,,0.14,,,0.16,0.11,,686.0,Vibrio cholerae O1 biovar El Tor,Duplodnaviria,Heunggongvirae,Uroviricota,Caudoviricetes,Autographivirales,Autotranscriptaviridae,Studiervirinae,Chatterjeevirus,dsDNA
Chatterjeevirus,2732679,0.22,,,0.19,,,,,,0.14,,,0.16,0.11,,678.0,Vibrio sp.,Duplodnaviria,Heunggongvirae,Uroviricota,Caudoviricetes,Autographivirales,Autotranscriptaviridae,Studiervirinae,Chatterjeevirus,dsDNA
Chatterjeevirus,2732679,0.22,,,0.19,,,,,,0.14,,,0.16,0.11,,127906.0,Vibrio cholerae O1,Duplodnaviria,Heunggongvirae,Uroviricota,Caudoviricetes,Autographivirales,Autotranscriptaviridae,Studiervirinae,Chatterjeevirus,dsDNA
Chatterjeevirus,2732679,0.22,,,0.19,,,,,,0.14,,,0.16,0.11,,662.0,Vibrio,Duplodnaviria,Heunggongvirae,Uroviricota,Caudoviricetes,Autographivirales,Autotranscriptaviridae,Studiervirinae,Chatterjeevirus,dsDNA
Foetvirus,2732682,0.37,0.24,0.68,0.12,,1.3,0.26,0.22,0.23,,,,,0.19,0.6,,,,,,,,,,,
Ghunavirus,2732683,,,,,,,,,,,,,0.58,,,317.0,Pseudomonas syringae,Duplodnaviria,Heunggongvirae,Uroviricota,Caudoviricetes,Autographivirales,Autotranscriptaviridae,Studiervirinae,Ghunavirus,dsDNA
Ghunavirus,2732683,,,,,,,,,,,,,0.58,,,204038.0,Dickeya dadantii,Duplodnaviria,Heunggongvirae,Uroviricota,Caudoviricetes,Autographivirales,Autotranscriptaviridae,Studiervirinae,Ghunavirus,dsDNA
Ghunavirus,2732683,,,,,,,,,,,,,0.58,,,2745510.0,Pseudomonas zeae,Duplodnaviria,Heunggongvirae,Uroviricota,Caudoviricetes,Autographivirales,Autotranscriptaviridae,Studiervirinae,Ghunavirus,dsDNA
Ghunavirus,2732683,,,,,,,,,,,,,0.58,,,286.0,Pseudomonas,Duplodnaviria,Heunggongvirae,Uroviricota,Caudoviricetes,Autographivirales,Autotranscriptaviridae,Studiervirinae,Ghunavirus,dsDNA
Ghunavirus,2732683,,,,,,,,,,,,,0.58,,,323.0,Pseudomonas syringae pv. tomato,Duplodnaviria,Heunggongvirae,Uroviricota,Caudoviricetes,Autographivirales,Autotranscriptaviridae,Studiervirinae,Ghunavirus,dsDNA
Ghunavirus,2732683,,,,,,,,,,,,,0.58,,,306.0,Pseudomonas sp.,Duplodnaviria,Heunggongvirae,Uroviricota,Caudoviricetes,Autographivirales,Autotranscriptaviridae,Studiervirinae,Ghunavirus,dsDNA
Ghunavirus,2732683,,,,,,,,,,,,,0.58,,,1094176.0,Pseudomonas syringae pv. actinidiae CFBP 7286,Duplodnaviria,Heunggongvirae,Uroviricota,Caudoviricetes,Autographivirales,Autotranscriptaviridae,Studiervirinae,Ghunavirus,dsDNA
Ghunavirus,2732683,,,,,,,,,,,,,0.58,,,103796.0,Pseudomonas syringae pv. actinidiae,Duplodnaviria,Heunggongvirae,Uroviricota,Caudoviricetes,Autographivirales,Autotranscriptaviridae,Studiervirinae,Ghunavirus,dsDNA
Ghunavirus,2732683,,,,,,,,,,,,,0.58,,,223283.0,Pseudomonas syringae pv. tomato str. DC3000,Duplodnaviria,Heunggongvirae,Uroviricota,Caudoviricetes,Autographivirales,Autotranscriptaviridae,Studiervirinae,Ghunavirus,dsDNA
Ghunavirus,2732683,,,,,,,,,,,,,0.58,,,411899.0,Pseudomonas sp. F,Duplodnaviria,Heunggongvirae,Uroviricota,Caudoviricetes,Autographivirales,Autotranscriptaviridae,Studiervirinae,Ghunavirus,dsDNA
Ghunavirus,2732683,,,,,,,,,,,,,0.58,,,136843.0,Pseudomonas fluorescens group,Duplodnaviria,Heunggongvirae,Uroviricota,Caudoviricetes,Autographivirales,Autotranscriptaviridae,Studiervirinae,Ghunavirus,dsDNA
Ghunavirus,2732683,,,,,,,,,,,,,0.58,,,318.0,Pseudomonas savastanoi pv. glycinea,Duplodnaviria,Heunggongvirae,Uroviricota,Caudoviricetes,Autographivirales,Autotranscriptaviridae,Studiervirinae,Ghunavirus,dsDNA
Ghunavirus,2732683,,,,,,,,,,,,,0.58,,,1104681.0,Pseudomonas syringae pv. actinidiae ICMP 18800,Duplodnaviria,Heunggongvirae,Uroviricota,Caudoviricetes,Autographivirales,Autotranscriptaviridae,Studiervirinae,Ghunavirus,dsDNA
Ghunavirus,2732683,,,,,,,,,,,,,0.58,,,36746.0,Pseudomonas cichorii,Duplodnaviria,Heunggongvirae,Uroviricota,Caudoviricetes,Autographivirales,Autotranscriptaviridae,Studiervirinae,Ghunavirus,dsDNA
Ghunavirus,2732683,,,,,,,,,,,,,0.58,,,343.0,Xanthomonas translucens,Duplodnaviria,Heunggongvirae,Uroviricota,Caudoviricetes,Autographivirales,Autotranscriptaviridae,Studiervirinae,Ghunavirus,dsDNA
Ghunavirus,2732683,,,,,,,,,,,,,0.58,,,134875.0,Xanthomonas translucens pv. translucens,Duplodnaviria,Heunggongvirae,Uroviricota,Caudoviricetes,Autographivirales,Autotranscriptaviridae,Studiervirinae,Ghunavirus,dsDNA
Helsettvirus,2732684,0.07,,0.22,,,,,,,,,,,0.78,1.89,34051.0,Yersinia enterocolitica (type O:3),Duplodnaviria,Heunggongvirae,Uroviricota,Caudoviricetes,Autographivirales,Autotranscriptaviridae,Studiervirinae,Helsettvirus,dsDNA
Helsettvirus,2732684,0.07,,0.22,,,,,,,,,,,0.78,1.89,665028.0,Yersinia pestis EV76-CN,Duplodnaviria,Heunggongvirae,Uroviricota,Caudoviricetes,Autographivirales,Autotranscriptaviridae,Studiervirinae,Helsettvirus,dsDNA
Jarilovirus,2732685,0.13,,,0.14,,,0.26,,,,,,,,,555.0,Pectobacterium carotovorum subsp. carotovorum,Duplodnaviria,Heunggongvirae,Uroviricota,Caudoviricetes,Autographivirales,Autotranscriptaviridae,Studiervirinae,Jarilovirus,dsDNA
Kayfunavirus,2732686,0.53,0.51,0.94,0.43,,0.33,0.34,1.66,0.37,0.27,,,0.19,0.33,0.24,1.0,root,Duplodnaviria,Heunggongvirae,Uroviricota,Caudoviricetes,Autographivirales,Autotranscriptaviridae,Studiervirinae,Kayfunavirus,dsDNA
Kayfunavirus,2732686,0.53,0.51,0.94,0.43,,0.33,0.34,1.66,0.37,0.27,,,0.19,0.33,0.24,287.0,Pseudomonas aeruginosa,Duplodnaviria,Heunggongvirae,Uroviricota,Caudoviricetes,Autographivirales,Autotranscriptaviridae,Studiervirinae,Kayfunavirus,dsDNA
Kayfunavirus,2732686,0.53,0.51,0.94,0.43,,0.33,0.34,1.66,0.37,0.27,,,0.19,0.33,0.24,562.0,Escherichia coli,Duplodnaviria,Heunggongvirae,Uroviricota,Caudoviricetes,Autographivirales,Autotranscriptaviridae,Studiervirinae,Kayfunavirus,dsDNA
Kayfunavirus,2732686,0.53,0.51,0.94,0.43,,0.33,0.34,1.66,0.37,0.27,,,0.19,0.33,0.24,670.0,Vibrio parahaemolyticus,Duplodnaviria,Heunggongvirae,Uroviricota,Caudoviricetes,Autographivirales,Autotranscriptaviridae,Studiervirinae,Kayfunavirus,dsDNA
Kayfunavirus,2732686,0.53,0.51,0.94,0.43,,0.33,0.34,1.66,0.37,0.27,,,0.19,0.33,0.24,672.0,Vibrio vulnificus,Duplodnaviria,Heunggongvirae,Uroviricota,Caudoviricetes,Autographivirales,Autotranscriptaviridae,Studiervirinae,Kayfunavirus,dsDNA
Kayfunavirus,2732686,0.53,0.51,0.94,0.43,,0.33,0.34,1.66,0.37,0.27,,,0.19,0.33,0.24,28901.0,Salmonella enterica,Duplodnaviria,Heunggongvirae,Uroviricota,Caudoviricetes,Autographivirales,Autotranscriptaviridae,Studiervirinae,Kayfunavirus,dsDNA
Kayfunavirus,2732686,0.53,0.51,0.94,0.43,,0.33,0.34,1.66,0.37,0.27,,,0.19,0.33,0.24,67825.0,Citrobacter rodentium,Duplodnaviria,Heunggongvirae,Uroviricota,Caudoviricetes,Autographivirales,Autotranscriptaviridae,Studiervirinae,Kayfunavirus,dsDNA
Kayfunavirus,2732686,0.53,0.51,0.94,0.43,,0.33,0.34,1.66,0.37,0.27,,,0.19,0.33,0.24,413502.0,Cronobacter turicensis,Duplodnaviria,Heunggongvirae,Uroviricota,Caudoviricetes,Autographivirales,Autotranscriptaviridae,Studiervirinae,Kayfunavirus,dsDNA
Kayfunavirus,2732686,0.53,0.51,0.94,0.43,,0.33,0.34,1.66,0.37,0.27,,,0.19,0.33,0.24,1888169.0,Cronobacter sp.,Duplodnaviria,Heunggongvirae,Uroviricota,Caudoviricetes,Autographivirales,Autotranscriptaviridae,Studiervirinae,Kayfunavirus,dsDNA
Kayfunavirus,2732686,0.53,0.51,0.94,0.43,,0.33,0.34,1.66,0.37,0.27,,,0.19,0.33,0.24,2042057.0,Pectobacterium polaris,Duplodnaviria,Heunggongvirae,Uroviricota,Caudoviricetes,Autographivirales,Autotranscriptaviridae,Studiervirinae,Kayfunavirus,dsDNA
Kayfunavirus,2732686,0.53,0.51,0.94,0.43,,0.33,0.34,1.66,0.37,0.27,,,0.19,0.33,0.24,550.0,Enterobacter cloacae,Duplodnaviria,Heunggongvirae,Uroviricota,Caudoviricetes,Autographivirales,Autotranscriptaviridae,Studiervirinae,Kayfunavirus,dsDNA
Kayfunavirus,2732686,0.53,0.51,0.94,0.43,,0.33,0.34,1.66,0.37,0.27,,,0.19,0.33,0.24,547.0,Enterobacter,Duplodnaviria,Heunggongvirae,Uroviricota,Caudoviricetes,Autographivirales,Autotranscriptaviridae,Studiervirinae,Kayfunavirus,dsDNA
Kayfunavirus,2732686,0.53,0.51,0.94,0.43,,0.33,0.34,1.66,0.37,0.27,,,0.19,0.33,0.24,158836.0,Enterobacter hormaechei,Duplodnaviria,Heunggongvirae,Uroviricota,Caudoviricetes,Autographivirales,Autotranscriptaviridae,Studiervirinae,Kayfunavirus,dsDNA
Kayfunavirus,2732686,0.53,0.51,0.94,0.43,,0.33,0.34,1.66,0.37,0.27,,,0.19,0.33,0.24,299767.0,Enterobacter ludwigii,Duplodnaviria,Heunggongvirae,Uroviricota,Caudoviricetes,Autographivirales,Autotranscriptaviridae,Studiervirinae,Kayfunavirus,dsDNA
Kayfunavirus,2732686,0.53,0.51,0.94,0.43,,0.33,0.34,1.66,0.37,0.27,,,0.19,0.33,0.24,1351.0,Enterococcus faecalis,Duplodnaviria,Heunggongvirae,Uroviricota,Caudoviricetes,Autographivirales,Autotranscriptaviridae,Studiervirinae,Kayfunavirus,dsDNA
Kayfunavirus,2732686,0.53,0.51,0.94,0.43,,0.33,0.34,1.66,0.37,0.27,,,0.19,0.33,0.24,561.0,Escherichia,Duplodnaviria,Heunggongvirae,Uroviricota,Caudoviricetes,Autographivirales,Autotranscriptaviridae,Studiervirinae,Kayfunavirus,dsDNA
Kayfunavirus,2732686,0.53,0.51,0.94,0.43,,0.33,0.34,1.66,0.37,0.27,,,0.19,0.33,0.24,2170723.0,Escherichia coli O153,Duplodnaviria,Heunggongvirae,Uroviricota,Caudoviricetes,Autographivirales,Autotranscriptaviridae,Studiervirinae,Kayfunavirus,dsDNA
Kayfunavirus,2732686,0.53,0.51,0.94,0.43,,0.33,0.34,1.66,0.37,0.27,,,0.19,0.33,0.24,1884818.0,Escherichia sp.,Duplodnaviria,Heunggongvirae,Uroviricota,Caudoviricetes,Autographivirales,Autotranscriptaviridae,Studiervirinae,Kayfunavirus,dsDNA
Kayfunavirus,2732686,0.53,0.51,0.94,0.43,,0.33,0.34,1.66,0.37,0.27,,,0.19,0.33,0.24,866789.0,Escherichia coli DSM 30083 = JCM 1649 = ATCC 11775,Duplodnaviria,Heunggongvirae,Uroviricota,Caudoviricetes,Autographivirales,Autotranscriptaviridae,Studiervirinae,Kayfunavirus,dsDNA
Kayfunavirus,2732686,0.53,0.51,0.94,0.43,,0.33,0.34,1.66,0.37,0.27,,,0.19,0.33,0.24,2067429.0,Escherichia coli O2,Duplodnaviria,Heunggongvirae,Uroviricota,Caudoviricetes,Autographivirales,Autotranscriptaviridae,Studiervirinae,Kayfunavirus,dsDNA
Kayfunavirus,2732686,0.53,0.51,0.94,0.43,,0.33,0.34,1.66,0.37,0.27,,,0.19,0.33,0.24,199310.0,Escherichia coli CFT073,Duplodnaviria,Heunggongvirae,Uroviricota,Caudoviricetes,Autographivirales,Autotranscriptaviridae,Studiervirinae,Kayfunavirus,dsDNA
Kayfunavirus,2732686,0.53,0.51,0.94,0.43,,0.33,0.34,1.66,0.37,0.27,,,0.19,0.33,0.24,1055536.0,Escherichia coli O103,Duplodnaviria,Heunggongvirae,Uroviricota,Caudoviricetes,Autographivirales,Autotranscriptaviridae,Studiervirinae,Kayfunavirus,dsDNA
Kayfunavirus,2732686,0.53,0.51,0.94,0.43,,0.33,0.34,1.66,0.37,0.27,,,0.19,0.33,0.24,470.0,Acinetobacter baumannii,Duplodnaviria,Heunggongvirae,Uroviricota,Caudoviricetes,Autographivirales,Autotranscriptaviridae,Studiervirinae,Kayfunavirus,dsDNA
Kayfunavirus,2732686,0.53,0.51,0.94,0.43,,0.33,0.34,1.66,0.37,0.27,,,0.19,0.33,0.24,546367.0,Hafnia paralvei,Duplodnaviria,Heunggongvirae,Uroviricota,Caudoviricetes,Autographivirales,Autotranscriptaviridae,Studiervirinae,Kayfunavirus,dsDNA
Kayfunavirus,2732686,0.53,0.51,0.94,0.43,,0.33,0.34,1.66,0.37,0.27,,,0.19,0.33,0.24,1322345.0,Escherichia coli ATCC 25922,Duplodnaviria,Heunggongvirae,Uroviricota,Caudoviricetes,Autographivirales,Autotranscriptaviridae,Studiervirinae,Kayfunavirus,dsDNA
Kayfunavirus,2732686,0.53,0.51,0.94,0.43,,0.33,0.34,1.66,0.37,0.27,,,0.19,0.33,0.24,208223.0,Kosakonia cowanii,Duplodnaviria,Heunggongvirae,Uroviricota,Caudoviricetes,Autographivirales,Autotranscriptaviridae,Studiervirinae,Kayfunavirus,dsDNA
Kayfunavirus,2732686,0.53,0.51,0.94,0.43,,0.33,0.34,1.66,0.37,0.27,,,0.19,0.33,0.24,587.0,Providencia rettgeri,Duplodnaviria,Heunggongvirae,Uroviricota,Caudoviricetes,Autographivirales,Autotranscriptaviridae,Studiervirinae,Kayfunavirus,dsDNA
Kayfunavirus,2732686,0.53,0.51,0.94,0.43,,0.33,0.34,1.66,0.37,0.27,,,0.19,0.33,0.24,54388.0,Salmonella enterica subsp. enterica serovar Paratyphi A,Duplodnaviria,Heunggongvirae,Uroviricota,Caudoviricetes,Autographivirales,Autotranscriptaviridae,Studiervirinae,Kayfunavirus,dsDNA
Kayfunavirus,2732686,0.53,0.51,0.94,0.43,,0.33,0.34,1.66,0.37,0.27,,,0.19,0.33,0.24,57046.0,Salmonella enterica subsp. enterica serovar Paratyphi C,Duplodnaviria,Heunggongvirae,Uroviricota,Caudoviricetes,Autographivirales,Autotranscriptaviridae,Studiervirinae,Kayfunavirus,dsDNA
Kayfunavirus,2732686,0.53,0.51,0.94,0.43,,0.33,0.34,1.66,0.37,0.27,,,0.19,0.33,0.24,57045.0,Salmonella enterica subsp. enterica serovar Paratyphi B,Duplodnaviria,Heunggongvirae,Uroviricota,Caudoviricetes,Autographivirales,Autotranscriptaviridae,Studiervirinae,Kayfunavirus,dsDNA
Kayfunavirus,2732686,0.53,0.51,0.94,0.43,,0.33,0.34,1.66,0.37,0.27,,,0.19,0.33,0.24,1280.0,Staphylococcus aureus,Duplodnaviria,Heunggongvirae,Uroviricota,Caudoviricetes,Autographivirales,Autotranscriptaviridae,Studiervirinae,Kayfunavirus,dsDNA
Minipunavirus,2732687,0.16,,,0.08,,,,,,,,,,,,582.0,Morganella morganii,Duplodnaviria,Heunggongvirae,Uroviricota,Caudoviricetes,Autographivirales,Autotranscriptaviridae,Studiervirinae,Minipunavirus,dsDNA
Minipunavirus,2732687,0.16,,,0.08,,,,,,,,,,,,581.0,Morganella,Duplodnaviria,Heunggongvirae,Uroviricota,Caudoviricetes,Autographivirales,Autotranscriptaviridae,Studiervirinae,Minipunavirus,dsDNA
Ningirsuvirus,2732688,,,,0.08,,,,,,,,,,0.14,,556.0,Dickeya chrysanthemi,Duplodnaviria,Heunggongvirae,Uroviricota,Caudoviricetes,Autographivirales,Autotranscriptaviridae,Studiervirinae,Ningirsuvirus,dsDNA
Ningirsuvirus,2732688,,,,0.08,,,,,,,,,,0.14,,1224151.0,Dickeya solani MK10,Duplodnaviria,Heunggongvirae,Uroviricota,Caudoviricetes,Autographivirales,Autotranscriptaviridae,Studiervirinae,Ningirsuvirus,dsDNA
Ningirsuvirus,2732688,,,,0.08,,,,,,,,,,0.14,,204039.0,Dickeya dianthicola,Duplodnaviria,Heunggongvirae,Uroviricota,Caudoviricetes,Autographivirales,Autotranscriptaviridae,Studiervirinae,Ningirsuvirus,dsDNA
Pijolavirus,2732692,,,,,,,,,,,0.52,,,5.99,2.53,,,,,,,,,,,
Teetrevirus,2732693,1.37,0.2,0.56,0.6,,0.56,0.45,,1.4,0.41,,0.29,0.18,1.07,0.57,543.0,Enterobacteriaceae,Duplodnaviria,Heunggongvirae,Uroviricota,Caudoviricetes,Autographivirales,Autotranscriptaviridae,Studiervirinae,Teetrevirus,dsDNA
Teetrevirus,2732693,1.37,0.2,0.56,0.6,,0.56,0.45,,1.4,0.41,,0.29,0.18,1.07,0.57,362663.0,Escherichia coli 536,Duplodnaviria,Heunggongvirae,Uroviricota,Caudoviricetes,Autographivirales,Autotranscriptaviridae,Studiervirinae,Teetrevirus,dsDNA
Teetrevirus,2732693,1.37,0.2,0.56,0.6,,0.56,0.45,,1.4,0.41,,0.29,0.18,1.07,0.57,679895.0,Escherichia coli BW25113,Duplodnaviria,Heunggongvirae,Uroviricota,Caudoviricetes,Autographivirales,Autotranscriptaviridae,Studiervirinae,Teetrevirus,dsDNA
Teetrevirus,2732693,1.37,0.2,0.56,0.6,,0.56,0.45,,1.4,0.41,,0.29,0.18,1.07,0.57,1379687.0,Klebsiella pneumoniae subsp. pneumoniae BJ1-GA,Duplodnaviria,Heunggongvirae,Uroviricota,Caudoviricetes,Autographivirales,Autotranscriptaviridae,Studiervirinae,Teetrevirus,dsDNA
Teetrevirus,2732693,1.37,0.2,0.56,0.6,,0.56,0.45,,1.4,0.41,,0.29,0.18,1.07,0.57,484021.0,Klebsiella pneumoniae subsp. pneumoniae NTUH-K2044,Duplodnaviria,Heunggongvirae,Uroviricota,Caudoviricetes,Autographivirales,Autotranscriptaviridae,Studiervirinae,Teetrevirus,dsDNA
Teetrevirus,2732693,1.37,0.2,0.56,0.6,,0.56,0.45,,1.4,0.41,,0.29,0.18,1.07,0.57,2759708.0,Klebsiella sp. M5a1,Duplodnaviria,Heunggongvirae,Uroviricota,Caudoviricetes,Autographivirales,Autotranscriptaviridae,Studiervirinae,Teetrevirus,dsDNA
Teetrevirus,2732693,1.37,0.2,0.56,0.6,,0.56,0.45,,1.4,0.41,,0.29,0.18,1.07,0.57,83655.0,Leclercia adecarboxylata,Duplodnaviria,Heunggongvirae,Uroviricota,Caudoviricetes,Autographivirales,Autotranscriptaviridae,Studiervirinae,Teetrevirus,dsDNA
Teetrevirus,2732693,1.37,0.2,0.56,0.6,,0.56,0.45,,1.4,0.41,,0.29,0.18,1.07,0.57,470932.0,Pantoea deleyi,Duplodnaviria,Heunggongvirae,Uroviricota,Caudoviricetes,Autographivirales,Autotranscriptaviridae,Studiervirinae,Teetrevirus,dsDNA
Teetrevirus,2732693,1.37,0.2,0.56,0.6,,0.56,0.45,,1.4,0.41,,0.29,0.18,1.07,0.57,615.0,Serratia marcescens,Duplodnaviria,Heunggongvirae,Uroviricota,Caudoviricetes,Autographivirales,Autotranscriptaviridae,Studiervirinae,Teetrevirus,dsDNA
Teetrevirus,2732693,1.37,0.2,0.56,0.6,,0.56,0.45,,1.4,0.41,,0.29,0.18,1.07,0.57,623.0,Shigella flexneri,Duplodnaviria,Heunggongvirae,Uroviricota,Caudoviricetes,Autographivirales,Autotranscriptaviridae,Studiervirinae,Teetrevirus,dsDNA
Teetrevirus,2732693,1.37,0.2,0.56,0.6,,0.56,0.45,,1.4,0.41,,0.29,0.18,1.07,0.57,630.0,Yersinia enterocolitica,Duplodnaviria,Heunggongvirae,Uroviricota,Caudoviricetes,Autographivirales,Autotranscriptaviridae,Studiervirinae,Teetrevirus,dsDNA
Tunggulvirus,2732909,,,,,,,,,,,0.58,12.32,0.18,12.47,13.69,287.0,Pseudomonas aeruginosa,Duplodnaviria,Heunggongvirae,Uroviricota,Caudoviricetes,Autographivirales,Autoscriptoviridae,Tunggulvirus,Tunggulvirus f2,dsDNA
Tunggulvirus,2732909,,,,,,,,,,,0.58,12.32,0.18,12.47,13.69,294.0,Pseudomonas fluorescens,Duplodnaviria,Heunggongvirae,Uroviricota,Caudoviricetes,Autographivirales,Autoscriptoviridae,Tunggulvirus,Tunggulvirus f2,dsDNA
Ahphunavirus,2732912,0.07,,,,,0.26,,,,,,,,,0.2,644.0,Aeromonas hydrophila,Duplodnaviria,Heunggongvirae,Uroviricota,Caudoviricetes,Autographivirales,Autonotataviridae,Melnykvirinae,Ahphunavirus,dsDNA
Ahphunavirus,2732912,0.07,,,,,0.26,,,,,,,,,0.2,380703.0,Aeromonas hydrophila subsp. hydrophila ATCC 7966,Duplodnaviria,Heunggongvirae,Uroviricota,Caudoviricetes,Autographivirales,Autonotataviridae,Melnykvirinae,Ahphunavirus,dsDNA
Ahphunavirus,2732912,0.07,,,,,0.26,,,,,,,,,0.2,196023.0,Aeromonas hydrophila subsp. hydrophila,Duplodnaviria,Heunggongvirae,Uroviricota,Caudoviricetes,Autographivirales,Autonotataviridae,Melnykvirinae,Ahphunavirus,dsDNA
Ahphunavirus,2732912,0.07,,,,,0.26,,,,,,,,,0.2,196024.0,Aeromonas dhakensis,Duplodnaviria,Heunggongvirae,Uroviricota,Caudoviricetes,Autographivirales,Autonotataviridae,Melnykvirinae,Ahphunavirus,dsDNA
Ahphunavirus,2732912,0.07,,,,,0.26,,,,,,,,,0.2,562.0,Escherichia coli,Duplodnaviria,Heunggongvirae,Uroviricota,Caudoviricetes,Autographivirales,Autonotataviridae,Melnykvirinae,Ahphunavirus,dsDNA
Kantovirus,2732920,,,,,,,,,,,3.67,,,,,303.0,Pseudomonas putida,Duplodnaviria,Heunggongvirae,Uroviricota,Caudoviricetes,Autographivirales,Autoscriptoviridae,Corkvirinae,Kantovirus,dsDNA
Kotilavirus,2732921,,0.27,0.09,0.13,,,,,,,0.35,,0.54,,,554.0,Pectobacterium carotovorum,Duplodnaviria,Heunggongvirae,Uroviricota,Caudoviricetes,Autographivirales,Autoscriptoviridae,Corkvirinae,Kotilavirus,dsDNA
Kotilavirus,2732921,,0.27,0.09,0.13,,,,,,,0.35,,0.54,,,555.0,Pectobacterium carotovorum subsp. carotovorum,Duplodnaviria,Heunggongvirae,Uroviricota,Caudoviricetes,Autographivirales,Autoscriptoviridae,Corkvirinae,Kotilavirus,dsDNA
Kotilavirus,2732921,,0.27,0.09,0.13,,,,,,,0.35,,0.54,,,122277.0,Pectobacterium,Duplodnaviria,Heunggongvirae,Uroviricota,Caudoviricetes,Autographivirales,Autoscriptoviridae,Corkvirinae,Kotilavirus,dsDNA
Kotilavirus,2732921,,0.27,0.09,0.13,,,,,,,0.35,,0.54,,,204039.0,Dickeya dianthicola,Duplodnaviria,Heunggongvirae,Uroviricota,Caudoviricetes,Autographivirales,Autoscriptoviridae,Corkvirinae,Kotilavirus,dsDNA
Stompvirus,2732922,0.26,0.42,0.41,0.34,,0.22,0.46,,0.21,0.19,1.51,0.3,0.2,0.21,,1778540.0,Dickeya fangzhongdai,Duplodnaviria,Heunggongvirae,Uroviricota,Caudoviricetes,Autographivirales,Autoscriptoviridae,Corkvirinae,Stompvirus,dsDNA
Kirikabuvirus,2732923,,,0.1,,,,0.28,,,,7.17,0.58,19.61,0.3,,46677.0,Pseudomonas agarici,Duplodnaviria,Heunggongvirae,Uroviricota,Caudoviricetes,Autographivirales,Autoscriptoviridae,Krylovirinae,Kirikabuvirus,dsDNA
Stubburvirus,2732924,0.69,0.15,0.27,0.2,,0.26,,,,,,,,0.22,0.24,208964.0,Pseudomonas aeruginosa PAO1,Duplodnaviria,Heunggongvirae,Uroviricota,Caudoviricetes,Autographivirales,Autoscriptoviridae,Stubburvirus,Stubburvirus LKA1,dsDNA
Vectrevirus,2732928,,,,0.08,,,,,,,,,,,,562.0,Escherichia coli,Duplodnaviria,Heunggongvirae,Uroviricota,Caudoviricetes,Autographivirales,Autosignataviridae,Molineuxvirinae,Vectrevirus,dsDNA
Vectrevirus,2732928,,,,0.08,,,,,,,,,,,,561.0,Escherichia,Duplodnaviria,Heunggongvirae,Uroviricota,Caudoviricetes,Autographivirales,Autosignataviridae,Molineuxvirinae,Vectrevirus,dsDNA
Vectrevirus,2732928,,,,0.08,,,,,,,,,,,,1392869.0,Escherichia coli K1,Duplodnaviria,Heunggongvirae,Uroviricota,Caudoviricetes,Autographivirales,Autosignataviridae,Molineuxvirinae,Vectrevirus,dsDNA
Vectrevirus,2732928,,,,0.08,,,,,,,,,,,,199310.0,Escherichia coli CFT073,Duplodnaviria,Heunggongvirae,Uroviricota,Caudoviricetes,Autographivirales,Autosignataviridae,Molineuxvirinae,Vectrevirus,dsDNA
Vectrevirus,2732928,,,,0.08,,,,,,,,,,,,364106.0,Escherichia coli UTI89,Duplodnaviria,Heunggongvirae,Uroviricota,Caudoviricetes,Autographivirales,Autosignataviridae,Molineuxvirinae,Vectrevirus,dsDNA
Vectrevirus,2732928,,,,0.08,,,,,,,,,,,,548.0,Klebsiella aerogenes,Duplodnaviria,Heunggongvirae,Uroviricota,Caudoviricetes,Autographivirales,Autosignataviridae,Molineuxvirinae,Vectrevirus,dsDNA
Vectrevirus,2732928,,,,0.08,,,,,,,,,,,,362663.0,Escherichia coli 536,Duplodnaviria,Heunggongvirae,Uroviricota,Caudoviricetes,Autographivirales,Autosignataviridae,Molineuxvirinae,Vectrevirus,dsDNA
Vectrevirus,2732928,,,,0.08,,,,,,,,,,,,511693.0,Escherichia coli BL21,Duplodnaviria,Heunggongvirae,Uroviricota,Caudoviricetes,Autographivirales,Autosignataviridae,Molineuxvirinae,Vectrevirus,dsDNA
Ampunavirus,2732929,,0.06,0.1,,,,,,,,,,,,,28450.0,Burkholderia pseudomallei,Duplodnaviria,Heunggongvirae,Uroviricota,Caudoviricetes,Autographivirales,Autonotataviridae,Ampunavirus,Ampunavirus BpAMP1,dsDNA
Ampunavirus,2732929,,0.06,0.1,,,,,,,,,,,,,272560.0,Burkholderia pseudomallei K96243,Duplodnaviria,Heunggongvirae,Uroviricota,Caudoviricetes,Autographivirales,Autonotataviridae,Ampunavirus,Ampunavirus BpAMP1,dsDNA
Ampunavirus,2732929,,0.06,0.1,,,,,,,,,,,,,320371.0,Burkholderia pseudomallei 1710a,Duplodnaviria,Heunggongvirae,Uroviricota,Caudoviricetes,Autographivirales,Autonotataviridae,Ampunavirus,Ampunavirus BpAMP1,dsDNA
Ampunavirus,2732929,,0.06,0.1,,,,,,,,,,,,,557724.0,Burkholderia pseudomallei 576,Duplodnaviria,Heunggongvirae,Uroviricota,Caudoviricetes,Autographivirales,Autonotataviridae,Ampunavirus,Ampunavirus BpAMP1,dsDNA
Ampunavirus,2732929,,0.06,0.1,,,,,,,,,,,,,1249473.0,Burkholderia pseudomallei MSHR491,Duplodnaviria,Heunggongvirae,Uroviricota,Caudoviricetes,Autographivirales,Autonotataviridae,Ampunavirus,Ampunavirus BpAMP1,dsDNA
Ampunavirus,2732929,,0.06,0.1,,,,,,,,,,,,,305.0,Ralstonia solanacearum,Duplodnaviria,Heunggongvirae,Uroviricota,Caudoviricetes,Autographivirales,Autonotataviridae,Ampunavirus,Ampunavirus RSPI1,dsDNA
Risjevirus,2732932,,,0.09,,,,,,,,,,,,,305.0,Ralstonia solanacearum,Duplodnaviria,Heunggongvirae,Uroviricota,Caudoviricetes,Autographivirales,Autonotataviridae,Risjevirus,Risjevirus RSJ2,dsDNA
Bucovirus,2732937,,,,0.09,,,,,,,5.96,0.96,,,,623.0,Shigella flexneri,Duplodnaviria,Heunggongvirae,Uroviricota,Caudoviricetes,Autographivirales,Autoscriptoviridae,Slopekvirinae,Bucovirus,dsDNA
Koutsourovirus,2732938,,,,0.76,,,,,,,3.54,0.19,,,,550.0,Enterobacter cloacae,Duplodnaviria,Heunggongvirae,Uroviricota,Caudoviricetes,Autographivirales,Autoscriptoviridae,Slopekvirinae,Koutsourovirus,dsDNA
Koutsourovirus,2732938,,,,0.76,,,,,,,3.54,0.19,,,,158836.0,Enterobacter hormaechei,Duplodnaviria,Heunggongvirae,Uroviricota,Caudoviricetes,Autographivirales,Autoscriptoviridae,Slopekvirinae,Koutsourovirus,dsDNA
Koutsourovirus,2732938,,,,0.76,,,,,,,3.54,0.19,,,,59201.0,Salmonella enterica subsp. enterica,Duplodnaviria,Heunggongvirae,Uroviricota,Caudoviricetes,Autographivirales,Autoscriptoviridae,Slopekvirinae,Koutsourovirus,dsDNA
Carltongylesvirus,2732960,0.26,0.35,0.26,0.22,,0.51,,,,,,,0.15,0.13,0.26,511145.0,Escherichia coli str. K-12 substr. MG1655,Duplodnaviria,Heunggongvirae,Uroviricota,Caudoviricetes,Caudoviricetes incertae sedis,Chaseviridae,Cleopatravirinae,Carltongylesvirus,dsDNA
Carltongylesvirus,2732960,0.26,0.35,0.26,0.22,,0.51,,,,,,,0.15,0.13,0.26,199310.0,Escherichia coli CFT073,Duplodnaviria,Heunggongvirae,Uroviricota,Caudoviricetes,Caudoviricetes incertae sedis,Chaseviridae,Cleopatravirinae,Carltongylesvirus,dsDNA
Carltongylesvirus,2732960,0.26,0.35,0.26,0.22,,0.51,,,,,,,0.15,0.13,0.26,2802026.0,Escherichia coli H21,Duplodnaviria,Heunggongvirae,Uroviricota,Caudoviricetes,Caudoviricetes incertae sedis,Chaseviridae,Cleopatravirinae,Carltongylesvirus,dsDNA
Carltongylesvirus,2732960,0.26,0.35,0.26,0.22,,0.51,,,,,,,0.15,0.13,0.26,1884818.0,Escherichia sp.,Duplodnaviria,Heunggongvirae,Uroviricota,Caudoviricetes,Caudoviricetes incertae sedis,Chaseviridae,Cleopatravirinae,Carltongylesvirus,dsDNA
Carltongylesvirus,2732960,0.26,0.35,0.26,0.22,,0.51,,,,,,,0.15,0.13,0.26,1446604.0,Escherichia coli O156:H25,Duplodnaviria,Heunggongvirae,Uroviricota,Caudoviricetes,Caudoviricetes incertae sedis,Chaseviridae,Cleopatravirinae,Carltongylesvirus,dsDNA
Carltongylesvirus,2732960,0.26,0.35,0.26,0.22,,0.51,,,,,,,0.15,0.13,0.26,625.0,Shigella sp.,Duplodnaviria,Heunggongvirae,Uroviricota,Caudoviricetes,Caudoviricetes incertae sedis,Chaseviridae,Cleopatravirinae,Carltongylesvirus,dsDNA
Carltongylesvirus,2732960,0.26,0.35,0.26,0.22,,0.51,,,,,,,0.15,0.13,0.26,633.0,Yersinia pseudotuberculosis,Duplodnaviria,Heunggongvirae,Uroviricota,Caudoviricetes,Caudoviricetes incertae sedis,Chaseviridae,Cleopatravirinae,Carltongylesvirus,dsDNA
Faunusvirus,2732961,,0.07,,,,,,,,,,,,,,,,,,,,,,,,
Loessnervirus,2732962,,,,0.07,,,,,,,,,,,,552.0,Erwinia amylovora,Duplodnaviria,Heunggongvirae,Uroviricota,Caudoviricetes,Caudoviricetes incertae sedis,Chaseviridae,Cleopatravirinae,Loessnervirus,dsDNA
Loessnervirus,2732962,,,,0.07,,,,,,,,,,,,558.0,Erwinia sp.,Duplodnaviria,Heunggongvirae,Uroviricota,Caudoviricetes,Caudoviricetes incertae sedis,Chaseviridae,Cleopatravirinae,Loessnervirus,dsDNA
Loessnervirus,2732962,,,,0.07,,,,,,,,,,,,549.0,Pantoea agglomerans,Duplodnaviria,Heunggongvirae,Uroviricota,Caudoviricetes,Caudoviricetes incertae sedis,Chaseviridae,Cleopatravirinae,Loessnervirus,dsDNA
Pahsextavirus,2732963,1.34,1.33,1.2,1.3,,0.71,1.01,0.62,0.44,0.35,0.92,0.84,0.34,0.84,0.62,196024.0,Aeromonas dhakensis,Duplodnaviria,Heunggongvirae,Uroviricota,Caudoviricetes,Caudoviricetes incertae sedis,Chaseviridae,Nefertitivirinae,Pahsextavirus,dsDNA
Pahsextavirus,2732963,1.34,1.33,1.2,1.3,,0.71,1.01,0.62,0.44,0.35,0.92,0.84,0.34,0.84,0.62,644.0,Aeromonas hydrophila,Duplodnaviria,Heunggongvirae,Uroviricota,Caudoviricetes,Caudoviricetes incertae sedis,Chaseviridae,Nefertitivirinae,Pahsextavirus,dsDNA
Schiekvirus,2732968,0.12,,,0.23,,,,,,,,,,,,1352.0,Enterococcus faecium,Duplodnaviria,Heunggongvirae,Uroviricota,Caudoviricetes,Caudoviricetes incertae sedis,Herelleviridae,Brockvirinae,Schiekvirus,dsDNA
Schiekvirus,2732968,0.12,,,0.23,,,,,,,,,,,,525279.0,Enterococcus faecium TX1330,Duplodnaviria,Heunggongvirae,Uroviricota,Caudoviricetes,Caudoviricetes incertae sedis,Herelleviridae,Brockvirinae,Schiekvirus,dsDNA
Schiekvirus,2732968,0.12,,,0.23,,,,,,,,,,,,535205.0,Enterococcus faecium E1071,Duplodnaviria,Heunggongvirae,Uroviricota,Caudoviricetes,Caudoviricetes incertae sedis,Herelleviridae,Brockvirinae,Schiekvirus,dsDNA
Schiekvirus,2732968,0.12,,,0.23,,,,,,,,,,,,1157397.0,Enterococcus faecalis EnGen0211,Duplodnaviria,Heunggongvirae,Uroviricota,Caudoviricetes,Caudoviricetes incertae sedis,Herelleviridae,Brockvirinae,Schiekvirus,dsDNA
Harbinvirus,2732970,,,0.25,0.08,,0.56,,,,,,,,,,1590.0,Lactiplantibacillus plantarum,Duplodnaviria,Heunggongvirae,Uroviricota,Caudoviricetes,Caudoviricetes incertae sedis,Herelleviridae,Harbinvirus,Harbinvirus bacchae,dsDNA
Harbinvirus,2732970,,,0.25,0.08,,0.56,,,,,,,,,,1578.0,Lactobacillus,Duplodnaviria,Heunggongvirae,Uroviricota,Caudoviricetes,Caudoviricetes incertae sedis,Herelleviridae,Harbinvirus,Harbinvirus bromius,dsDNA
Bielevirus,2732974,,,0.12,,,,,,,,,,,,,647.0,Aeromonas sp.,Duplodnaviria,Heunggongvirae,Uroviricota,Caudoviricetes,Caudoviricetes incertae sedis,Peduoviridae,Bielevirus,Bielevirus A051,dsDNA
Bielevirus,2732974,,,0.12,,,,,,,,,,,,,654.0,Aeromonas veronii,Duplodnaviria,Heunggongvirae,Uroviricota,Caudoviricetes,Caudoviricetes incertae sedis,Peduoviridae,Bielevirus,unclassified Bielevirus,dsDNA
Bielevirus,2732974,,,0.12,,,,,,,,,,,,,651.0,Aeromonas media,Duplodnaviria,Heunggongvirae,Uroviricota,Caudoviricetes,Caudoviricetes incertae sedis,Peduoviridae,Bielevirus,Bielevirus phiO18P,dsDNA
Alexandravirus,2733088,0.22,0.08,0.13,0.15,,0.15,,,,,,,,0.15,,1224151.0,Dickeya solani MK10,Duplodnaviria,Heunggongvirae,Uroviricota,Caudoviricetes,Caudoviricetes incertae sedis,Alexandravirus,Alexandravirus AD1,,dsDNA
Alexandravirus,2733088,0.22,0.08,0.13,0.15,,0.15,,,,,,,,0.15,,552.0,Erwinia amylovora,Duplodnaviria,Heunggongvirae,Uroviricota,Caudoviricetes,Caudoviricetes incertae sedis,Alexandravirus,Alexandravirus SNUABM1,,dsDNA
Alexandravirus,2733088,0.22,0.08,0.13,0.15,,0.15,,,,,,,,0.15,,552.0,Erwinia amylovora,Duplodnaviria,Heunggongvirae,Uroviricota,Caudoviricetes,Caudoviricetes incertae sedis,Alexandravirus,Alexandravirus SNUABM16,,dsDNA
Alexandravirus,2733088,0.22,0.08,0.13,0.15,,0.15,,,,,,,,0.15,,552.0,Erwinia amylovora,Duplodnaviria,Heunggongvirae,Uroviricota,Caudoviricetes,Caudoviricetes incertae sedis,Alexandravirus,Alexandravirus SNUABM17,,dsDNA
Alexandravirus,2733088,0.22,0.08,0.13,0.15,,0.15,,,,,,,,0.15,,552.0,Erwinia amylovora,Duplodnaviria,Heunggongvirae,Uroviricota,Caudoviricetes,Caudoviricetes incertae sedis,Alexandravirus,unclassified Alexandravirus,,dsDNA
Alexandravirus,2733088,0.22,0.08,0.13,0.15,,0.15,,,,,,,,0.15,,552.0,Erwinia amylovora,Duplodnaviria,Heunggongvirae,Uroviricota,Caudoviricetes,Caudoviricetes incertae sedis,Alexandravirus,Alexandravirus SNUABM2,,dsDNA
Alexandravirus,2733088,0.22,0.08,0.13,0.15,,0.15,,,,,,,,0.15,,552.0,Erwinia amylovora,Duplodnaviria,Heunggongvirae,Uroviricota,Caudoviricetes,Caudoviricetes incertae sedis,Alexandravirus,Alexandravirus SNUABM22,,dsDNA
Alexandravirus,2733088,0.22,0.08,0.13,0.15,,0.15,,,,,,,,0.15,,552.0,Erwinia amylovora,Duplodnaviria,Heunggongvirae,Uroviricota,Caudoviricetes,Caudoviricetes incertae sedis,Alexandravirus,Alexandravirus SNUABM3,,dsDNA
Alexandravirus,2733088,0.22,0.08,0.13,0.15,,0.15,,,,,,,,0.15,,552.0,Erwinia amylovora,Duplodnaviria,Heunggongvirae,Uroviricota,Caudoviricetes,Caudoviricetes incertae sedis,Alexandravirus,Alexandravirus SNUABM30,,dsDNA
Alexandravirus,2733088,0.22,0.08,0.13,0.15,,0.15,,,,,,,,0.15,,552.0,Erwinia amylovora,Duplodnaviria,Heunggongvirae,Uroviricota,Caudoviricetes,Caudoviricetes incertae sedis,Alexandravirus,Alexandravirus SNUABM32,,dsDNA
Alexandravirus,2733088,0.22,0.08,0.13,0.15,,0.15,,,,,,,,0.15,,552.0,Erwinia amylovora,Duplodnaviria,Heunggongvirae,Uroviricota,Caudoviricetes,Caudoviricetes incertae sedis,Alexandravirus,Alexandravirus SNUABM33,,dsDNA
Alexandravirus,2733088,0.22,0.08,0.13,0.15,,0.15,,,,,,,,0.15,,552.0,Erwinia amylovora,Duplodnaviria,Heunggongvirae,Uroviricota,Caudoviricetes,Caudoviricetes incertae sedis,Alexandravirus,Alexandravirus SNUABM35,,dsDNA
Alexandravirus,2733088,0.22,0.08,0.13,0.15,,0.15,,,,,,,,0.15,,552.0,Erwinia amylovora,Duplodnaviria,Heunggongvirae,Uroviricota,Caudoviricetes,Caudoviricetes incertae sedis,Alexandravirus,Alexandravirus alexandra,,dsDNA
Anaposvirus,2733090,0.09,,,,,,,,,,,,,,,1131.0,Synechococcus sp.,Duplodnaviria,Heunggongvirae,Uroviricota,Caudoviricetes,Pantevenvirales,Kyanoviridae,Anaposvirus,Anaposvirus socalone,dsDNA
Baikalvirus,2733094,,,,,,,,,,,,,,0.77,,208964.0,Pseudomonas aeruginosa PAO1,Duplodnaviria,Heunggongvirae,Uroviricota,Caudoviricetes,Caudoviricetes incertae sedis,Baikalvirus,Baikalvirus PaBG,,dsDNA
Barbavirus,2733095,,,,,,,,,,,,,,0.22,,1708203.0,Rheinheimera sp. BAL341,Duplodnaviria,Heunggongvirae,Uroviricota,Caudoviricetes,Caudoviricetes incertae sedis,Barbavirus,Barbavirus barba21A,,dsDNA
Barbavirus,2733095,,,,,,,,,,,,,,0.22,,1708203.0,Rheinheimera sp. BAL341,Duplodnaviria,Heunggongvirae,Uroviricota,Caudoviricetes,Caudoviricetes incertae sedis,Barbavirus,Barbavirus barba5S,,dsDNA
Barbavirus,2733095,,,,,,,,,,,,,,0.22,,1708203.0,Rheinheimera sp. BAL341,Duplodnaviria,Heunggongvirae,Uroviricota,Caudoviricetes,Caudoviricetes incertae sedis,Barbavirus,Barbavirus barba8S,,dsDNA
Barbavirus,2733095,,,,,,,,,,,,,,0.22,,1708203.0,Rheinheimera sp. BAL341,Duplodnaviria,Heunggongvirae,Uroviricota,Caudoviricetes,Caudoviricetes incertae sedis,Barbavirus,Barbavirus barba18A,,dsDNA
Barbavirus,2733095,,,,,,,,,,,,,,0.22,,1708203.0,Rheinheimera sp. BAL341,Duplodnaviria,Heunggongvirae,Uroviricota,Caudoviricetes,Caudoviricetes incertae sedis,Barbavirus,Barbavirus barba19A,,dsDNA
Barbavirus,2733095,,,,,,,,,,,,,,0.22,,1708203.0,Rheinheimera sp. BAL341,Duplodnaviria,Heunggongvirae,Uroviricota,Caudoviricetes,Caudoviricetes incertae sedis,Barbavirus,unclassified Barbavirus,,dsDNA
Loughboroughvirus,2733112,,,,0.08,,,,,,,,,,,,573.0,Klebsiella pneumoniae,Duplodnaviria,Heunggongvirae,Uroviricota,Caudoviricetes,Caudoviricetes incertae sedis,Loughboroughvirus,unclassified Loughboroughvirus,,dsDNA
Loughboroughvirus,2733112,,,,0.08,,,,,,,,,,,,599.0,Salmonella sp.,Duplodnaviria,Heunggongvirae,Uroviricota,Caudoviricetes,Caudoviricetes incertae sedis,Loughboroughvirus,unclassified Loughboroughvirus,,dsDNA
Loughboroughvirus,2733112,,,,0.08,,,,,,,,,,,,28901.0,Salmonella enterica,Duplodnaviria,Heunggongvirae,Uroviricota,Caudoviricetes,Caudoviricetes incertae sedis,Loughboroughvirus,unclassified Loughboroughvirus,,dsDNA
Loughboroughvirus,2733112,,,,0.08,,,,,,,,,,,,595.0,Salmonella enterica subsp. enterica serovar Infantis,Duplodnaviria,Heunggongvirae,Uroviricota,Caudoviricetes,Caudoviricetes incertae sedis,Loughboroughvirus,Loughboroughvirus ZCSE2,,dsDNA
Loughboroughvirus,2733112,,,,0.08,,,,,,,,,,,,590.0,Salmonella,Duplodnaviria,Heunggongvirae,Uroviricota,Caudoviricetes,Caudoviricetes incertae sedis,Loughboroughvirus,unclassified Loughboroughvirus,,dsDNA
Loughboroughvirus,2733112,,,,0.08,,,,,,,,,,,,149539.0,Salmonella enterica subsp. enterica serovar Enteritidis,Duplodnaviria,Heunggongvirae,Uroviricota,Caudoviricetes,Caudoviricetes incertae sedis,Loughboroughvirus,Loughboroughvirus ZCSE2,,dsDNA
Petsuvirus,2733122,,,,,,,,,,0.23,,,,,,636.0,Edwardsiella tarda,Duplodnaviria,Heunggongvirae,Uroviricota,Caudoviricetes,Caudoviricetes incertae sedis,Chimalliviridae,Petsuvirus,Petsuvirus pEtSU,dsDNA
Petsuvirus,2733122,,,,,,,,,,0.23,,,,,,294.0,Pseudomonas fluorescens,Duplodnaviria,Heunggongvirae,Uroviricota,Caudoviricetes,Caudoviricetes incertae sedis,Chimalliviridae,Petsuvirus,unclassified Petsuvirus,dsDNA
Petsuvirus,2733122,,,,,,,,,,0.23,,,,,,615.0,Serratia marcescens,Duplodnaviria,Heunggongvirae,Uroviricota,Caudoviricetes,Caudoviricetes incertae sedis,Chimalliviridae,Petsuvirus,unclassified Petsuvirus,dsDNA
Phapecoctavirus,2733124,,0.08,,0.11,,,,,,,,,,,,472.0,Acinetobacter sp.,Duplodnaviria,Heunggongvirae,Uroviricota,Caudoviricetes,Caudoviricetes incertae sedis,Phapecoctavirus,unclassified Phapecoctavirus,,dsDNA
Phapecoctavirus,2733124,,0.08,,0.11,,,,,,,,,,,,197.0,Campylobacter jejuni,Duplodnaviria,Heunggongvirae,Uroviricota,Caudoviricetes,Caudoviricetes incertae sedis,Phapecoctavirus,unclassified Phapecoctavirus,,dsDNA
Phapecoctavirus,2733124,,0.08,,0.11,,,,,,,,,,,,543.0,Enterobacteriaceae,Duplodnaviria,Heunggongvirae,Uroviricota,Caudoviricetes,Caudoviricetes incertae sedis,Phapecoctavirus,Phapecoctavirus TSP7,,dsDNA
Phapecoctavirus,2733124,,0.08,,0.11,,,,,,,,,,,,511145.0,Escherichia coli str. K-12 substr. MG1655,Duplodnaviria,Heunggongvirae,Uroviricota,Caudoviricetes,Caudoviricetes incertae sedis,Phapecoctavirus,Phapecoctavirus anhysbys,,dsDNA
Phapecoctavirus,2733124,,0.08,,0.11,,,,,,,,,,,,562.0,Escherichia coli,Duplodnaviria,Heunggongvirae,Uroviricota,Caudoviricetes,Caudoviricetes incertae sedis,Phapecoctavirus,unclassified Phapecoctavirus,,dsDNA
Phapecoctavirus,2733124,,0.08,,0.11,,,,,,,,,,,,561.0,Escherichia,Duplodnaviria,Heunggongvirae,Uroviricota,Caudoviricetes,Caudoviricetes incertae sedis,Phapecoctavirus,unclassified Phapecoctavirus,,dsDNA
Phapecoctavirus,2733124,,0.08,,0.11,,,,,,,,,,,,623.0,Shigella flexneri,Duplodnaviria,Heunggongvirae,Uroviricota,Caudoviricetes,Caudoviricetes incertae sedis,Phapecoctavirus,unclassified Phapecoctavirus,,dsDNA
Phapecoctavirus,2733124,,0.08,,0.11,,,,,,,,,,,,562.0,Escherichia coli,Duplodnaviria,Heunggongvirae,Uroviricota,Caudoviricetes,Caudoviricetes incertae sedis,Phapecoctavirus,Phapecoctavirus ESCO13,,dsDNA
Phapecoctavirus,2733124,,0.08,,0.11,,,,,,,,,,,,562.0,Escherichia coli,Duplodnaviria,Heunggongvirae,Uroviricota,Caudoviricetes,Caudoviricetes incertae sedis,Phapecoctavirus,Phapecoctavirus ESCO5,Escherichia virus ESCO5,dsDNA
Phapecoctavirus,2733124,,0.08,,0.11,,,,,,,,,,,,1884818.0,Escherichia sp.,Duplodnaviria,Heunggongvirae,Uroviricota,Caudoviricetes,Caudoviricetes incertae sedis,Phapecoctavirus,unclassified Phapecoctavirus,,dsDNA
Phapecoctavirus,2733124,,0.08,,0.11,,,,,,,,,,,,562.0,Escherichia coli,Duplodnaviria,Heunggongvirae,Uroviricota,Caudoviricetes,Caudoviricetes incertae sedis,Phapecoctavirus,Phapecoctavirus Mt1B1P17,,dsDNA
Phapecoctavirus,2733124,,0.08,,0.11,,,,,,,,,,,,511145.0,Escherichia coli str. K-12 substr. MG1655,Duplodnaviria,Heunggongvirae,Uroviricota,Caudoviricetes,Caudoviricetes incertae sedis,Phapecoctavirus,Phapecoctavirus nepoznato,,dsDNA
Phapecoctavirus,2733124,,0.08,,0.11,,,,,,,,,,,,511145.0,Escherichia coli str. K-12 substr. MG1655,Duplodnaviria,Heunggongvirae,Uroviricota,Caudoviricetes,Caudoviricetes incertae sedis,Phapecoctavirus,Phapecoctavirus nieznany,,dsDNA
Phapecoctavirus,2733124,,0.08,,0.11,,,,,,,,,,,,562.0,Escherichia coli,Duplodnaviria,Heunggongvirae,Uroviricota,Caudoviricetes,Caudoviricetes incertae sedis,Phapecoctavirus,Phapecoctavirus phAPEC8,Escherichia virus phAPEC8,dsDNA
Phapecoctavirus,2733124,,0.08,,0.11,,,,,,,,,,,,511145.0,Escherichia coli str. K-12 substr. MG1655,Duplodnaviria,Heunggongvirae,Uroviricota,Caudoviricetes,Caudoviricetes incertae sedis,Phapecoctavirus,Phapecoctavirus tuntematon,,dsDNA
Phapecoctavirus,2733124,,0.08,,0.11,,,,,,,,,,,,511145.0,Escherichia coli str. K-12 substr. MG1655,Duplodnaviria,Heunggongvirae,Uroviricota,Caudoviricetes,Caudoviricetes incertae sedis,Phapecoctavirus,Phapecoctavirus ukendt,,dsDNA
Phapecoctavirus,2733124,,0.08,,0.11,,,,,,,,,,,,562.0,Escherichia coli,Duplodnaviria,Heunggongvirae,Uroviricota,Caudoviricetes,Caudoviricetes incertae sedis,Phapecoctavirus,Phapecoctavirus Ro121c4YLVW,,dsDNA
Phapecoctavirus,2733124,,0.08,,0.11,,,,,,,,,,,,1884818.0,Escherichia sp.,Duplodnaviria,Heunggongvirae,Uroviricota,Caudoviricetes,Caudoviricetes incertae sedis,Phapecoctavirus,Phapecoctavirus ESCO13,,dsDNA
Phapecoctavirus,2733124,,0.08,,0.11,,,,,,,,,,,,2056315.0,Escherichia coli O177,Duplodnaviria,Heunggongvirae,Uroviricota,Caudoviricetes,Caudoviricetes incertae sedis,Phapecoctavirus,unclassified Phapecoctavirus,,dsDNA
Phapecoctavirus,2733124,,0.08,,0.11,,,,,,,,,,,,2067429.0,Escherichia coli O2,Duplodnaviria,Heunggongvirae,Uroviricota,Caudoviricetes,Caudoviricetes incertae sedis,Phapecoctavirus,unclassified Phapecoctavirus,,dsDNA
Phapecoctavirus,2733124,,0.08,,0.11,,,,,,,,,,,,83334.0,Escherichia coli O157:H7,Duplodnaviria,Heunggongvirae,Uroviricota,Caudoviricetes,Caudoviricetes incertae sedis,Phapecoctavirus,unclassified Phapecoctavirus,,dsDNA
Phapecoctavirus,2733124,,0.08,,0.11,,,,,,,,,,,,562.0,Escherichia coli,Duplodnaviria,Heunggongvirae,Uroviricota,Caudoviricetes,Caudoviricetes incertae sedis,Phapecoctavirus,Phapecoctavirus schickermooser,Escherichia virus Schickermooser,dsDNA
Phapecoctavirus,2733124,,0.08,,0.11,,,,,,,,,,,,573.0,Klebsiella pneumoniae,Duplodnaviria,Heunggongvirae,Uroviricota,Caudoviricetes,Caudoviricetes incertae sedis,Phapecoctavirus,Phapecoctavirus ZCKP1,Klebsiella virus ZCKP1,dsDNA
Rosemountvirus,2733127,,,,0.13,,,,,,,,,,,,562.0,Escherichia coli,Duplodnaviria,Heunggongvirae,Uroviricota,Caudoviricetes,Caudoviricetes incertae sedis,Rosemountvirus,unclassified Rosemountvirus,,dsDNA
Rosemountvirus,2733127,,,,0.13,,,,,,,,,,,,562.0,Escherichia coli,Duplodnaviria,Heunggongvirae,Uroviricota,Caudoviricetes,Caudoviricetes incertae sedis,Rosemountvirus,Rosemountvirus yarpen,,dsDNA
Rosemountvirus,2733127,,,,0.13,,,,,,,,,,,,1884818.0,Escherichia sp.,Duplodnaviria,Heunggongvirae,Uroviricota,Caudoviricetes,Caudoviricetes incertae sedis,Rosemountvirus,unclassified Rosemountvirus,,dsDNA
Rosemountvirus,2733127,,,,0.13,,,,,,,,,,,,561.0,Escherichia,Duplodnaviria,Heunggongvirae,Uroviricota,Caudoviricetes,Caudoviricetes incertae sedis,Rosemountvirus,Rosemountvirus BP63,,dsDNA
Rosemountvirus,2733127,,,,0.13,,,,,,,,,,,,1639.0,Listeria monocytogenes,Duplodnaviria,Heunggongvirae,Uroviricota,Caudoviricetes,Caudoviricetes incertae sedis,Rosemountvirus,unclassified Rosemountvirus,,dsDNA
Rosemountvirus,2733127,,,,0.13,,,,,,,,,,,,,,Duplodnaviria,Heunggongvirae,Uroviricota,Caudoviricetes,Caudoviricetes incertae sedis,Rosemountvirus,unclassified Rosemountvirus,,dsDNA
Rosemountvirus,2733127,,,,0.13,,,,,,,,,,,,59201.0,Salmonella enterica subsp. enterica,Duplodnaviria,Heunggongvirae,Uroviricota,Caudoviricetes,Caudoviricetes incertae sedis,Rosemountvirus,unclassified Rosemountvirus,,dsDNA
Rosemountvirus,2733127,,,,0.13,,,,,,,,,,,,149539.0,Salmonella enterica subsp. enterica serovar Enteritidis,Duplodnaviria,Heunggongvirae,Uroviricota,Caudoviricetes,Caudoviricetes incertae sedis,Rosemountvirus,Rosemountvirus birk,,dsDNA
Rosemountvirus,2733127,,,,0.13,,,,,,,,,,,,28901.0,Salmonella enterica,Duplodnaviria,Heunggongvirae,Uroviricota,Caudoviricetes,Caudoviricetes incertae sedis,Rosemountvirus,Rosemountvirus BP63,,dsDNA
Rosemountvirus,2733127,,,,0.13,,,,,,,,,,,,149539.0,Salmonella enterica subsp. enterica serovar Enteritidis,Duplodnaviria,Heunggongvirae,Uroviricota,Caudoviricetes,Caudoviricetes incertae sedis,Rosemountvirus,Rosemountvirus SE13,,dsDNA
Rosemountvirus,2733127,,,,0.13,,,,,,,,,,,,149539.0,Salmonella enterica subsp. enterica serovar Enteritidis,Duplodnaviria,Heunggongvirae,Uroviricota,Caudoviricetes,Caudoviricetes incertae sedis,Rosemountvirus,Rosemountvirus BP63,,dsDNA
Rosemountvirus,2733127,,,,0.13,,,,,,,,,,,,149539.0,Salmonella enterica subsp. enterica serovar Enteritidis,Duplodnaviria,Heunggongvirae,Uroviricota,Caudoviricetes,Caudoviricetes incertae sedis,Rosemountvirus,unclassified Rosemountvirus,,dsDNA
Rosemountvirus,2733127,,,,0.13,,,,,,,,,,,,149539.0,Salmonella enterica subsp. enterica serovar Enteritidis,Duplodnaviria,Heunggongvirae,Uroviricota,Caudoviricetes,Caudoviricetes incertae sedis,Rosemountvirus,Rosemountvirus yarpen,,dsDNA
Rosemountvirus,2733127,,,,0.13,,,,,,,,,,,,599.0,Salmonella sp.,Duplodnaviria,Heunggongvirae,Uroviricota,Caudoviricetes,Caudoviricetes incertae sedis,Rosemountvirus,unclassified Rosemountvirus,,dsDNA
Rosemountvirus,2733127,,,,0.13,,,,,,,,,,,,590.0,Salmonella,Duplodnaviria,Heunggongvirae,Uroviricota,Caudoviricetes,Caudoviricetes incertae sedis,Rosemountvirus,Rosemountvirus SE13,,dsDNA
Rosemountvirus,2733127,,,,0.13,,,,,,,,,,,,28901.0,Salmonella enterica,Duplodnaviria,Heunggongvirae,Uroviricota,Caudoviricetes,Caudoviricetes incertae sedis,Rosemountvirus,unclassified Rosemountvirus,,dsDNA
Rosemountvirus,2733127,,,,0.13,,,,,,,,,,,,59201.0,Salmonella enterica subsp. enterica,Duplodnaviria,Heunggongvirae,Uroviricota,Caudoviricetes,Caudoviricetes incertae sedis,Rosemountvirus,Rosemountvirus UPFBP2,,dsDNA
Rosemountvirus,2733127,,,,0.13,,,,,,,,,,,,28901.0,Salmonella enterica,Duplodnaviria,Heunggongvirae,Uroviricota,Caudoviricetes,Caudoviricetes incertae sedis,Rosemountvirus,Rosemountvirus SE13,,dsDNA
Rosemountvirus,2733127,,,,0.13,,,,,,,,,,,,595.0,Salmonella enterica subsp. enterica serovar Infantis,Duplodnaviria,Heunggongvirae,Uroviricota,Caudoviricetes,Caudoviricetes incertae sedis,Rosemountvirus,unclassified Rosemountvirus,,dsDNA
Saclayvirus,2733128,0.33,0.21,1.16,0.17,,0.22,,,,0.14,0.22,0.26,,0.43,,470.0,Acinetobacter baumannii,Duplodnaviria,Heunggongvirae,Uroviricota,Caudoviricetes,Caudoviricetes incertae sedis,Saclayvirus,unclassified Saclayvirus,,dsDNA
Saclayvirus,2733128,0.33,0.21,1.16,0.17,,0.22,,,,0.14,0.22,0.26,,0.43,,472.0,Acinetobacter sp.,Duplodnaviria,Heunggongvirae,Uroviricota,Caudoviricetes,Caudoviricetes incertae sedis,Saclayvirus,unclassified Saclayvirus,,dsDNA
Saclayvirus,2733128,0.33,0.21,1.16,0.17,,0.22,,,,0.14,0.22,0.26,,0.43,,470.0,Acinetobacter baumannii,Duplodnaviria,Heunggongvirae,Uroviricota,Caudoviricetes,Caudoviricetes incertae sedis,Saclayvirus,Saclayvirus Aci011,,dsDNA
Saclayvirus,2733128,0.33,0.21,1.16,0.17,,0.22,,,,0.14,0.22,0.26,,0.43,,470.0,Acinetobacter baumannii,Duplodnaviria,Heunggongvirae,Uroviricota,Caudoviricetes,Caudoviricetes incertae sedis,Saclayvirus,Saclayvirus Aci022,,dsDNA
Saclayvirus,2733128,0.33,0.21,1.16,0.17,,0.22,,,,0.14,0.22,0.26,,0.43,,470.0,Acinetobacter baumannii,Duplodnaviria,Heunggongvirae,Uroviricota,Caudoviricetes,Caudoviricetes incertae sedis,Saclayvirus,Saclayvirus Aci05,,dsDNA
Saclayvirus,2733128,0.33,0.21,1.16,0.17,,0.22,,,,0.14,0.22,0.26,,0.43,,469.0,Acinetobacter,Duplodnaviria,Heunggongvirae,Uroviricota,Caudoviricetes,Caudoviricetes incertae sedis,Saclayvirus,unclassified Saclayvirus,,dsDNA
Toutatisvirus,2733138,0.25,0.1,0.17,0.31,,,0.22,,,0.18,,,,0.2,0.26,853.0,Faecalibacterium prausnitzii,Duplodnaviria,Heunggongvirae,Uroviricota,Caudoviricetes,Caudoviricetes incertae sedis,Toutatisvirus,Toutatisvirus toutatis,,dsDNA
Ryyoungvirus,2733147,,,,,,,,,,,,0.37,,,,292.0,Burkholderia cepacia,Duplodnaviria,Heunggongvirae,Uroviricota,Caudoviricetes,Caudoviricetes incertae sedis,Ryyoungvirus,Ryyoungvirus bcepC6B,,dsDNA
Shizishanvirus,2733148,,,,,,,,,,,,,0.22,10.4,2.22,294.0,Pseudomonas fluorescens,Duplodnaviria,Heunggongvirae,Uroviricota,Caudoviricetes,Caudoviricetes incertae sedis,Schitoviridae,Shizishanvirus,Shizishanvirus phCDa,dsDNA
Poindextervirus,2733154,0.07,,,,,,,,,,,,,,,190650.0,Caulobacter vibrioides CB15,Duplodnaviria,Heunggongvirae,Uroviricota,Caudoviricetes,Caudoviricetes incertae sedis,Jeanschmidtviridae,Poindextervirus,Poindextervirus rogue,dsDNA
Lenusvirus,2733160,0.11,,0.09,0.08,,0.19,0.2,,,,,,,0.11,,1578.0,Lactobacillus,Duplodnaviria,Heunggongvirae,Uroviricota,Caudoviricetes,Caudoviricetes incertae sedis,Lenusvirus,Lenusvirus lenus,,dsDNA
Lenusvirus,2733160,0.11,,0.09,0.08,,0.19,0.2,,,,,,,0.11,,1578.0,Lactobacillus,Duplodnaviria,Heunggongvirae,Uroviricota,Caudoviricetes,Caudoviricetes incertae sedis,Lenusvirus,Lenusvirus nyseid,,dsDNA
Lenusvirus,2733160,0.11,,0.09,0.08,,0.19,0.2,,,,,,,0.11,,1580.0,Levilactobacillus brevis,Duplodnaviria,Heunggongvirae,Uroviricota,Caudoviricetes,Caudoviricetes incertae sedis,Lenusvirus,Lenusvirus SAC12,,dsDNA
Lidleunavirus,2733161,0.11,,,,,,,,,,,,,,,29397.0,Lactobacillus delbrueckii subsp. lactis,Duplodnaviria,Heunggongvirae,Uroviricota,Caudoviricetes,Caudoviricetes incertae sedis,Lidleunavirus,Lidleunavirus Ldl1,,dsDNA
Lidleunavirus,2733161,0.11,,,,,,,,,,,,,,,29397.0,Lactobacillus delbrueckii subsp. lactis,Duplodnaviria,Heunggongvirae,Uroviricota,Caudoviricetes,Caudoviricetes incertae sedis,Lidleunavirus,Lidleunavirus ViSo2018a,,dsDNA
Armstrongvirus,2733167,0.17,,0.11,0.2,,0.51,,,,,,,,0.2,0.31,104336.0,Microbacterium foliorum,Duplodnaviria,Heunggongvirae,Uroviricota,Caudoviricetes,Caudoviricetes incertae sedis,Armstrongvirus,Armstrongvirus armstrong,,dsDNA
Armstrongvirus,2733167,0.17,,0.11,0.2,,0.51,,,,,,,,0.2,0.31,104336.0,Microbacterium foliorum,Duplodnaviria,Heunggongvirae,Uroviricota,Caudoviricetes,Caudoviricetes incertae sedis,Armstrongvirus,unclassified Armstrongvirus,,dsDNA
Armstrongvirus,2733167,0.17,,0.11,0.2,,0.51,,,,,,,,0.2,0.31,2033.0,Microbacterium testaceum,Duplodnaviria,Heunggongvirae,Uroviricota,Caudoviricetes,Caudoviricetes incertae sedis,Armstrongvirus,unclassified Armstrongvirus,,dsDNA
Bridgettevirus,2733170,,,,,,,,,,,,,0.12,,,1665.0,Arthrobacter globiformis,Duplodnaviria,Heunggongvirae,Uroviricota,Caudoviricetes,Caudoviricetes incertae sedis,Bridgettevirus,Bridgettevirus bridgette,,dsDNA
Bridgettevirus,2733170,,,,,,,,,,,,,0.12,,,1665.0,Arthrobacter globiformis,Duplodnaviria,Heunggongvirae,Uroviricota,Caudoviricetes,Caudoviricetes incertae sedis,Bridgettevirus,Bridgettevirus constance,,dsDNA
Bridgettevirus,2733170,,,,,,,,,,,,,0.12,,,1665.0,Arthrobacter globiformis,Duplodnaviria,Heunggongvirae,Uroviricota,Caudoviricetes,Caudoviricetes incertae sedis,Bridgettevirus,Bridgettevirus eileen,,dsDNA
Bridgettevirus,2733170,,,,,,,,,,,,,0.12,,,1665.0,Arthrobacter globiformis,Duplodnaviria,Heunggongvirae,Uroviricota,Caudoviricetes,Caudoviricetes incertae sedis,Bridgettevirus,unclassified Bridgettevirus,,dsDNA
Bridgettevirus,2733170,,,,,,,,,,,,,0.12,,,1665.0,Arthrobacter globiformis,Duplodnaviria,Heunggongvirae,Uroviricota,Caudoviricetes,Caudoviricetes incertae sedis,Bridgettevirus,Bridgettevirus judy,,dsDNA
Bridgettevirus,2733170,,,,,,,,,,,,,0.12,,,1665.0,Arthrobacter globiformis,Duplodnaviria,Heunggongvirae,Uroviricota,Caudoviricetes,Caudoviricetes incertae sedis,Bridgettevirus,Bridgettevirus peas,,dsDNA
Feofaniavirus,2733174,,0.08,,,,,,,,,,,,,,551.0,Erwinia,Duplodnaviria,Heunggongvirae,Uroviricota,Caudoviricetes,Caudoviricetes incertae sedis,Feofaniavirus,Feofaniavirus Eho49,,dsDNA
Feofaniavirus,2733174,,0.08,,,,,,,,,,,,,,2290876.0,Erwinia horticola,Duplodnaviria,Heunggongvirae,Uroviricota,Caudoviricetes,Caudoviricetes incertae sedis,Feofaniavirus,Feofaniavirus Eho49,,dsDNA
Feofaniavirus,2733174,,0.08,,,,,,,,,,,,,,551.0,Erwinia,Duplodnaviria,Heunggongvirae,Uroviricota,Caudoviricetes,Caudoviricetes incertae sedis,Feofaniavirus,Feofaniavirus Eho59,,dsDNA
Feofaniavirus,2733174,,0.08,,,,,,,,,,,,,,2290876.0,Erwinia horticola,Duplodnaviria,Heunggongvirae,Uroviricota,Caudoviricetes,Caudoviricetes incertae sedis,Feofaniavirus,Feofaniavirus Eho59,,dsDNA
Goodmanvirus,2733179,0.09,,,,,,,,,,,,,,,104336.0,Microbacterium foliorum,Duplodnaviria,Heunggongvirae,Uroviricota,Caudoviricetes,Caudoviricetes incertae sedis,Goodmanvirus,unclassified Goodmanvirus,,dsDNA
Goodmanvirus,2733179,0.09,,,,,,,,,,,,,,,104336.0,Microbacterium foliorum,Duplodnaviria,Heunggongvirae,Uroviricota,Caudoviricetes,Caudoviricetes incertae sedis,Goodmanvirus,Goodmanvirus goodman,,dsDNA
Kilunavirus,2733183,,,,0.1,,,,,,,,,,,,95486.0,Burkholderia cenocepacia,Duplodnaviria,Heunggongvirae,Uroviricota,Caudoviricetes,Caudoviricetes incertae sedis,Kilunavirus,Kilunavirus KL1,,dsDNA
Krampusvirus,2733184,,,0.08,0.11,,,,,,,,,,,,104336.0,Microbacterium foliorum,Duplodnaviria,Heunggongvirae,Uroviricota,Caudoviricetes,Caudoviricetes incertae sedis,Krampusvirus,unclassified Krampusvirus,,dsDNA
Krampusvirus,2733184,,,0.08,0.11,,,,,,,,,,,,104336.0,Microbacterium foliorum,Duplodnaviria,Heunggongvirae,Uroviricota,Caudoviricetes,Caudoviricetes incertae sedis,Krampusvirus,Krampusvirus krampus,,dsDNA
Lanavirus,2733185,,,,0.08,,,,,,,,,,0.32,,306.0,Pseudomonas sp.,Duplodnaviria,Heunggongvirae,Uroviricota,Caudoviricetes,Caudoviricetes incertae sedis,Lanavirus,Lanavirus lana,,dsDNA
Lentavirus,2733186,,,0.14,0.17,,0.23,,,,,,,,,,84112.0,Eggerthella lenta,Duplodnaviria,Heunggongvirae,Uroviricota,Caudoviricetes,Caudoviricetes incertae sedis,Lentavirus,Lentavirus PMBT5,,dsDNA
Maxrubnervirus,2733193,0.09,,0.16,0.72,,0.15,,,,,,0.19,,0.23,2.73,129847.0,Pseudomonas grimontii,Duplodnaviria,Heunggongvirae,Uroviricota,Caudoviricetes,Caudoviricetes incertae sedis,Maxrubnervirus,Maxrubnervirus PMBT3,,dsDNA
Mementomorivirus,2733194,,,0.14,,,,,,,,,,,,,104336.0,Microbacterium foliorum,Duplodnaviria,Heunggongvirae,Uroviricota,Caudoviricetes,Caudoviricetes incertae sedis,Mementomorivirus,Mementomorivirus cinna,,dsDNA
Mementomorivirus,2733194,,,0.14,,,,,,,,,,,,,199592.0,Microbacterium paraoxydans,Duplodnaviria,Heunggongvirae,Uroviricota,Caudoviricetes,Caudoviricetes incertae sedis,Mementomorivirus,Mementomorivirus cressida,,dsDNA
Mementomorivirus,2733194,,,0.14,,,,,,,,,,,,,199592.0,Microbacterium paraoxydans,Duplodnaviria,Heunggongvirae,Uroviricota,Caudoviricetes,Caudoviricetes incertae sedis,Mementomorivirus,Mementomorivirus matzah,,dsDNA
Mementomorivirus,2733194,,,0.14,,,,,,,,,,,,,199592.0,Microbacterium paraoxydans,Duplodnaviria,Heunggongvirae,Uroviricota,Caudoviricetes,Caudoviricetes incertae sedis,Mementomorivirus,Mementomorivirus mementomori,,dsDNA
Metamorphoovirus,2733195,,0.24,,0.09,,,,,,,,,,,,199592.0,Microbacterium paraoxydans,Duplodnaviria,Heunggongvirae,Uroviricota,Caudoviricetes,Caudoviricetes incertae sedis,Hodgkinviridae,Metamorphoovirus,Metamorphoovirus ariadne,dsDNA
Neferthenavirus,2733198,0.07,,,,,,,,,,,,,,,104336.0,Microbacterium foliorum,Duplodnaviria,Heunggongvirae,Uroviricota,Caudoviricetes,Caudoviricetes incertae sedis,Neferthenavirus,unclassified Neferthenavirus,,dsDNA
Neferthenavirus,2733198,0.07,,,,,,,,,,,,,,,33918.0,Microbacterium maritypicum,Duplodnaviria,Heunggongvirae,Uroviricota,Caudoviricetes,Caudoviricetes incertae sedis,Neferthenavirus,unclassified Neferthenavirus,,dsDNA
Neferthenavirus,2733198,0.07,,,,,,,,,,,,,,,104336.0,Microbacterium foliorum,Duplodnaviria,Heunggongvirae,Uroviricota,Caudoviricetes,Caudoviricetes incertae sedis,Neferthenavirus,Neferthenavirus neferthena,,dsDNA
Neferthenavirus,2733198,0.07,,,,,,,,,,,,,,,199592.0,Microbacterium paraoxydans,Duplodnaviria,Heunggongvirae,Uroviricota,Caudoviricetes,Caudoviricetes incertae sedis,Neferthenavirus,unclassified Neferthenavirus,,dsDNA
Oengusvirus,2733199,0.07,,,0.1,,,,,,,,,,,,853.0,Faecalibacterium prausnitzii,Duplodnaviria,Heunggongvirae,Uroviricota,Caudoviricetes,Caudoviricetes incertae sedis,Oengusvirus,Oengusvirus oengus,,dsDNA
Quhwahvirus,2733202,,0.12,,,,,,,,,,,,,,104336.0,Microbacterium foliorum,Duplodnaviria,Heunggongvirae,Uroviricota,Caudoviricetes,Caudoviricetes incertae sedis,Hodgkinviridae,Quhwahvirus,Quhwahvirus paschalis,dsDNA
Quhwahvirus,2733202,,0.12,,,,,,,,,,,,,,199592.0,Microbacterium paraoxydans,Duplodnaviria,Heunggongvirae,Uroviricota,Caudoviricetes,Caudoviricetes incertae sedis,Hodgkinviridae,Quhwahvirus,unclassified Quhwahvirus,dsDNA
Sashavirus,2733210,,0.22,,,,,,,,,,,,,,192955.0,Salmonella enterica subsp. enterica serovar Kentucky,Duplodnaviria,Heunggongvirae,Uroviricota,Caudoviricetes,Caudoviricetes incertae sedis,Sashavirus,unclassified Sashavirus,,dsDNA
Sashavirus,2733210,,0.22,,,,,,,,,,,,,,192955.0,Salmonella enterica subsp. enterica serovar Kentucky,Duplodnaviria,Heunggongvirae,Uroviricota,Caudoviricetes,Caudoviricetes incertae sedis,Sashavirus,Sashavirus sasha,,dsDNA
Sashavirus,2733210,,0.22,,,,,,,,,,,,,,562.0,Escherichia coli,Duplodnaviria,Heunggongvirae,Uroviricota,Caudoviricetes,Caudoviricetes incertae sedis,Sashavirus,unclassified Sashavirus,,dsDNA
Schubertvirus,2733212,0.39,0.2,0.11,0.2,,0.25,1.05,0.26,,0.15,,0.26,,0.13,,104336.0,Microbacterium foliorum,Duplodnaviria,Heunggongvirae,Uroviricota,Caudoviricetes,Caudoviricetes incertae sedis,Schubertvirus,Schubertvirus schubert,,dsDNA
Seussvirus,2733213,,,,,,,,,,,,,0.16,,,190650.0,Caulobacter vibrioides CB15,Duplodnaviria,Heunggongvirae,Uroviricota,Caudoviricetes,Caudoviricetes incertae sedis,Seussvirus,Seussvirus seuss,,dsDNA
Chaphamaparvovirus,2733231,,,,0.1,,,,,,,,,,,,30462.0,Tytonidae,Monodnaviria,Shotokuvirae,Cossaviricota,Quintoviricetes,Piccovirales,Parvoviridae,Hamaparvovirinae,Chaphamaparvovirus,
Chaphamaparvovirus,2733231,,,,0.1,,,,,,,,,,,,56313.0,Tyto alba,Monodnaviria,Shotokuvirae,Cossaviricota,Quintoviricetes,Piccovirales,Parvoviridae,Hamaparvovirinae,Chaphamaparvovirus,
Chaphamaparvovirus,2733231,,,,0.1,,,,,,,,,,,,9615.0,Canis lupus familiaris,Monodnaviria,Shotokuvirae,Cossaviricota,Quintoviricetes,Piccovirales,Parvoviridae,Hamaparvovirinae,Chaphamaparvovirus,
Chaphamaparvovirus,2733231,,,,0.1,,,,,,,,,,,,2715852.0,Cebus imitator,Monodnaviria,Shotokuvirae,Cossaviricota,Quintoviricetes,Piccovirales,Parvoviridae,Hamaparvovirinae,Chaphamaparvovirus,
Chaphamaparvovirus,2733231,,,,0.1,,,,,,,,,,,,9031.0,Gallus gallus,Monodnaviria,Shotokuvirae,Cossaviricota,Quintoviricetes,Piccovirales,Parvoviridae,Hamaparvovirinae,Chaphamaparvovirus,
Chaphamaparvovirus,2733231,,,,0.1,,,,,,,,,,,,45631.0,Anas castanea,Monodnaviria,Shotokuvirae,Cossaviricota,Quintoviricetes,Piccovirales,Parvoviridae,Hamaparvovirinae,Chaphamaparvovirus,
Chaphamaparvovirus,2733231,,,,0.1,,,,,,,,,,,,75857.0,Anas rubripes,Monodnaviria,Shotokuvirae,Cossaviricota,Quintoviricetes,Piccovirales,Parvoviridae,Hamaparvovirinae,Chaphamaparvovirus,
Chaphamaparvovirus,2733231,,,,0.1,,,,,,,,,,,,9685.0,Felis catus,Monodnaviria,Shotokuvirae,Cossaviricota,Quintoviricetes,Piccovirales,Parvoviridae,Hamaparvovirinae,Chaphamaparvovirus,
Chaphamaparvovirus,2733231,,,,0.1,,,,,,,,,,,,379583.0,Feliformia,Monodnaviria,Shotokuvirae,Cossaviricota,Quintoviricetes,Piccovirales,Parvoviridae,Hamaparvovirinae,Chaphamaparvovirus,
Chaphamaparvovirus,2733231,,,,0.1,,,,,,,,,,,,9541.0,Macaca fascicularis,Monodnaviria,Shotokuvirae,Cossaviricota,Quintoviricetes,Piccovirales,Parvoviridae,Hamaparvovirinae,Chaphamaparvovirus,
Chaphamaparvovirus,2733231,,,,0.1,,,,,,,,,,,,10090.0,Mus musculus,Monodnaviria,Shotokuvirae,Cossaviricota,Quintoviricetes,Piccovirales,Parvoviridae,Hamaparvovirinae,Chaphamaparvovirus,
Chaphamaparvovirus,2733231,,,,0.1,,,,,,,,,,,,45632.0,Anas superciliosa,Monodnaviria,Shotokuvirae,Cossaviricota,Quintoviricetes,Piccovirales,Parvoviridae,Hamaparvovirinae,Chaphamaparvovirus,
Chaphamaparvovirus,2733231,,,,0.1,,,,,,,,,,,,9049.0,Pavo cristatus,Monodnaviria,Shotokuvirae,Cossaviricota,Quintoviricetes,Piccovirales,Parvoviridae,Hamaparvovirinae,Chaphamaparvovirus,
Chaphamaparvovirus,2733231,,,,0.1,,,,,,,,,,,,9823.0,Sus scrofa,Monodnaviria,Shotokuvirae,Cossaviricota,Quintoviricetes,Piccovirales,Parvoviridae,Hamaparvovirinae,Chaphamaparvovirus,
Chaphamaparvovirus,2733231,,,,0.1,,,,,,,,,,,,178885.0,Psittacara leucophthalmus,Monodnaviria,Shotokuvirae,Cossaviricota,Quintoviricetes,Piccovirales,Parvoviridae,Hamaparvovirinae,Chaphamaparvovirus,
Chaphamaparvovirus,2733231,,,,0.1,,,,,,,,,,,,10116.0,Rattus norvegicus,Monodnaviria,Shotokuvirae,Cossaviricota,Quintoviricetes,Piccovirales,Parvoviridae,Hamaparvovirinae,Chaphamaparvovirus,
Chaphamaparvovirus,2733231,,,,0.1,,,,,,,,,,,,9305.0,Sarcophilus harrisii,Monodnaviria,Shotokuvirae,Cossaviricota,Quintoviricetes,Piccovirales,Parvoviridae,Hamaparvovirinae,Chaphamaparvovirus,
Chaphamaparvovirus,2733231,,,,0.1,,,,,,,,,,,,8128.0,Oreochromis niloticus,Monodnaviria,Shotokuvirae,Cossaviricota,Quintoviricetes,Piccovirales,Parvoviridae,Hamaparvovirinae,Chaphamaparvovirus,
Chaphamaparvovirus,2733231,,,,0.1,,,,,,,,,,,,9103.0,Meleagris gallopavo,Monodnaviria,Shotokuvirae,Cossaviricota,Quintoviricetes,Piccovirales,Parvoviridae,Hamaparvovirinae,Chaphamaparvovirus,
Chaphamaparvovirus,2733231,,,,0.1,,,,,,,,,,,,9643.0,Ursus americanus,Monodnaviria,Shotokuvirae,Cossaviricota,Quintoviricetes,Piccovirales,Parvoviridae,Hamaparvovirinae,Chaphamaparvovirus,
Fadolivirus,2763561,,,0.09,,,,,,,,,,,,,5778.0,Vermamoeba vermiformis,Varidnaviria,Bamfordvirae,Nucleocytoviricota,Megaviricetes,Imitervirales,Mimiviridae,Klosneuvirinae,Fadolivirus,
Alehxovirus,2842364,,,,0.07,1.16,,0.69,,,3.59,,,,,,1.0,root,Riboviria,Orthornavirae,Lenarviricota,Leviviricetes,Timlovirales,Steitzviridae,Alehxovirus,Alehxovirus humivicinum,+ssRNA
Anchaingvirus,2842373,,0.1,0.1,0.13,,,,,,,,,,,,1310165.0,Ralstonia pseudosolanacearum,Duplodnaviria,Heunggongvirae,Uroviricota,Caudoviricetes,Autographivirales,Autonotataviridae,Anchaingvirus,Anchaingvirus anchaing,dsDNA
Anchaingvirus,2842373,,0.1,0.1,0.13,,,,,,,,,,,,305.0,Ralstonia solanacearum,Duplodnaviria,Heunggongvirae,Uroviricota,Caudoviricetes,Autographivirales,Autonotataviridae,Anchaingvirus,unclassified Anchaingvirus,dsDNA
Apeevirus,2842379,0.26,0.87,1.02,0.51,1.58,1.08,0.97,0.48,,0.25,0.15,0.71,0.4,0.26,0.95,70347.0,Acinetobacter higginsii,Riboviria,Orthornavirae,Lenarviricota,Leviviricetes,Norzivirales,Duinviridae,Apeevirus,Apeevirus quebecense,+ssRNA
Akonivirus,2842540,0.27,0.27,0.31,0.21,,0.29,0.44,,0.27,0.13,,,,0.26,,104336.0,Microbacterium foliorum,Duplodnaviria,Heunggongvirae,Uroviricota,Caudoviricetes,Caudoviricetes incertae sedis,Akonivirus,Akonivirus akoni,,dsDNA
Akonivirus,2842540,0.27,0.27,0.31,0.21,,0.29,0.44,,0.27,0.13,,,,0.26,,104336.0,Microbacterium foliorum,Duplodnaviria,Heunggongvirae,Uroviricota,Caudoviricetes,Caudoviricetes incertae sedis,Akonivirus,unclassified Akonivirus,,dsDNA
Akonivirus,2842540,0.27,0.27,0.31,0.21,,0.29,0.44,,0.27,0.13,,,,0.26,,104336.0,Microbacterium foliorum,Duplodnaviria,Heunggongvirae,Uroviricota,Caudoviricetes,Caudoviricetes incertae sedis,Akonivirus,Akonivirus phedro,,dsDNA
Aorunvirus,2842545,,,,0.15,,,,,,,,,,,,246200.0,Ruegeria pomeroyi DSS-3,Duplodnaviria,Heunggongvirae,Uroviricota,Caudoviricetes,Caudoviricetes incertae sedis,Schitoviridae,Rhodovirinae,Aorunvirus,dsDNA
Aorunvirus,2842545,,,,0.15,,,,,,,,,,,,52598.0,Sulfitobacter sp. EE-36,Duplodnaviria,Heunggongvirae,Uroviricota,Caudoviricetes,Caudoviricetes incertae sedis,Schitoviridae,Rhodovirinae,Aorunvirus,dsDNA
Cbunavirus,2842586,1.46,3.19,2.63,0.85,2.44,1.84,2.32,1.63,0.77,0.92,1.17,1.01,1.18,0.73,0.6,562.0,Escherichia coli,Duplodnaviria,Heunggongvirae,Uroviricota,Caudoviricetes,Caudoviricetes incertae sedis,Schitoviridae,Cbunavirus,unclassified Cbunavirus,dsDNA
Cbunavirus,2842586,1.46,3.19,2.63,0.85,2.44,1.84,2.32,1.63,0.77,0.92,1.17,1.01,1.18,0.73,0.6,208223.0,Kosakonia cowanii,Duplodnaviria,Heunggongvirae,Uroviricota,Caudoviricetes,Caudoviricetes incertae sedis,Schitoviridae,Cbunavirus,Cbunavirus Kc283,dsDNA
Cbunavirus,2842586,1.46,3.19,2.63,0.85,2.44,1.84,2.32,1.63,0.77,0.92,1.17,1.01,1.18,0.73,0.6,55208.0,Pectobacterium wasabiae,Duplodnaviria,Heunggongvirae,Uroviricota,Caudoviricetes,Caudoviricetes incertae sedis,Schitoviridae,Cbunavirus,Cbunavirus A41,dsDNA
Cbunavirus,2842586,1.46,3.19,2.63,0.85,2.44,1.84,2.32,1.63,0.77,0.92,1.17,1.01,1.18,0.73,0.6,29471.0,Pectobacterium atrosepticum,Duplodnaviria,Heunggongvirae,Uroviricota,Caudoviricetes,Caudoviricetes incertae sedis,Schitoviridae,Cbunavirus,unclassified Cbunavirus,dsDNA
Cbunavirus,2842586,1.46,3.19,2.63,0.85,2.44,1.84,2.32,1.63,0.77,0.92,1.17,1.01,1.18,0.73,0.6,1089444.0,Dickeya solani,Duplodnaviria,Heunggongvirae,Uroviricota,Caudoviricetes,Caudoviricetes incertae sedis,Schitoviridae,Cbunavirus,unclassified Cbunavirus,dsDNA
Citrovirus,2842608,,0.07,,,,,,,,,,,,,,1676276.0,Citrobacter sp. TM1552,Duplodnaviria,Heunggongvirae,Uroviricota,Caudoviricetes,Caudoviricetes incertae sedis,Zobellviridae,Citrovirus,Citrovirus coptotermitis,dsDNA
Citrovirus,2842608,,0.07,,,,,,,,,,,,,,558.0,Erwinia sp.,Duplodnaviria,Heunggongvirae,Uroviricota,Caudoviricetes,Caudoviricetes incertae sedis,Zobellviridae,Citrovirus,unclassified Citrovirus,dsDNA
Citrovirus,2842608,,0.07,,,,,,,,,,,,,,573.0,Klebsiella pneumoniae,Duplodnaviria,Heunggongvirae,Uroviricota,Caudoviricetes,Caudoviricetes incertae sedis,Zobellviridae,Citrovirus,unclassified Citrovirus,dsDNA
Claudivirus,2842609,0.1,,,0.11,,,,,,,,,,,,29339.0,Bacillus thuringiensis serovar kurstaki,Duplodnaviria,Heunggongvirae,Uroviricota,Caudoviricetes,Caudoviricetes incertae sedis,Salasmaviridae,Northropvirinae,Claudivirus,dsDNA
Claudivirus,2842609,0.1,,,0.11,,,,,,,,,,,,260799.0,Bacillus anthracis str. Sterne,Duplodnaviria,Heunggongvirae,Uroviricota,Caudoviricetes,Caudoviricetes incertae sedis,Salasmaviridae,Northropvirinae,Claudivirus,dsDNA
Claudivirus,2842609,0.1,,,0.11,,,,,,,,,,,,1392.0,Bacillus anthracis,Duplodnaviria,Heunggongvirae,Uroviricota,Caudoviricetes,Caudoviricetes incertae sedis,Salasmaviridae,Northropvirinae,Claudivirus,dsDNA
Claudivirus,2842609,0.1,,,0.11,,,,,,,,,,,,180856.0,[Bacillus thuringiensis] serovar konkukian,Duplodnaviria,Heunggongvirae,Uroviricota,Caudoviricetes,Caudoviricetes incertae sedis,Salasmaviridae,Northropvirinae,Claudivirus,dsDNA
Claudivirus,2842609,0.1,,,0.11,,,,,,,,,,,,226900.0,Bacillus cereus ATCC 14579,Duplodnaviria,Heunggongvirae,Uroviricota,Caudoviricetes,Caudoviricetes incertae sedis,Salasmaviridae,Northropvirinae,Claudivirus,dsDNA
Claudivirus,2842609,0.1,,,0.11,,,,,,,,,,,,412694.0,Bacillus thuringiensis str. Al Hakam,Duplodnaviria,Heunggongvirae,Uroviricota,Caudoviricetes,Caudoviricetes incertae sedis,Salasmaviridae,Northropvirinae,Claudivirus,dsDNA
Claudivirus,2842609,0.1,,,0.11,,,,,,,,,,,,1428.0,Bacillus thuringiensis,Duplodnaviria,Heunggongvirae,Uroviricota,Caudoviricetes,Caudoviricetes incertae sedis,Salasmaviridae,Northropvirinae,Claudivirus,dsDNA
Claudivirus,2842609,0.1,,,0.11,,,,,,,,,,,,1261129.0,Bacillus thuringiensis serovar kurstaki str. HD-1,Duplodnaviria,Heunggongvirae,Uroviricota,Caudoviricetes,Caudoviricetes incertae sedis,Salasmaviridae,Northropvirinae,Claudivirus,dsDNA
Dendoorenvirus,2842641,0.09,,,0.08,,,,,,,,,,,,180282.0,Delftia tsuruhatensis,Duplodnaviria,Heunggongvirae,Uroviricota,Caudoviricetes,Caudoviricetes incertae sedis,Schitoviridae,Dendoorenvirus,Dendoorenvirus RG2014,dsDNA
Dongdastvirus,2842653,0.11,0.09,0.09,0.17,,,,,,,0.2,,0.12,,,,,,,,,,,,,
Eceepunavirus,2842661,0.07,0.07,0.19,0.09,,0.23,,,,,,,,0.15,,550.0,Enterobacter cloacae,Duplodnaviria,Heunggongvirae,Uroviricota,Caudoviricetes,Caudoviricetes incertae sedis,Schitoviridae,Eceepunavirus,Eceepunavirus EcP1,dsDNA
Emesvirus,2842664,,1.29,0.27,,,0.15,,,,,,,,,,331112.0,Escherichia coli HS,Riboviria,Orthornavirae,Lenarviricota,Leviviricetes,Norzivirales,Fiersviridae,Emesvirus,,+ssRNA
Emesvirus,2842664,,1.29,0.27,,,0.15,,,,,,,,,,562.0,Escherichia coli,Riboviria,Orthornavirae,Lenarviricota,Leviviricetes,Norzivirales,Fiersviridae,Emesvirus,Emesvirus zinderi,+ssRNA
Emesvirus,2842664,,1.29,0.27,,,0.15,,,,,,,,,,511145.0,Escherichia coli str. K-12 substr. MG1655,Riboviria,Orthornavirae,Lenarviricota,Leviviricetes,Norzivirales,Fiersviridae,Emesvirus,unclassified Emesvirus,+ssRNA
Emesvirus,2842664,,1.29,0.27,,,0.15,,,,,,,,,,1.0,root,Riboviria,Orthornavirae,Lenarviricota,Leviviricetes,Norzivirales,Fiersviridae,Emesvirus,Emesvirus piscicola,+ssRNA
Gihfavirus,2842702,,,,,,,,,,,,0.28,0.18,,,1.0,root,Riboviria,Orthornavirae,Lenarviricota,Leviviricetes,Timlovirales,Steitzviridae,Gihfavirus,Gihfavirus chorovivens,+ssRNA
Hagavirus,2842717,,,0.1,,,,,,,,,,,,,543.0,Enterobacteriaceae,Riboviria,Orthornavirae,Lenarviricota,Leviviricetes,Norzivirales,Fiersviridae,Hagavirus,Hagavirus psychrophilum,+ssRNA
Henunavirus,2842727,,0.08,,,,0.15,,,,,,,,,,552.0,Erwinia amylovora,Duplodnaviria,Heunggongvirae,Uroviricota,Caudoviricetes,Caudoviricetes incertae sedis,Henunavirus,Henunavirus hena1,,dsDNA
Henunavirus,2842727,,0.08,,,,0.15,,,,,,,,,,552.0,Erwinia amylovora,Duplodnaviria,Heunggongvirae,Uroviricota,Caudoviricetes,Caudoviricetes incertae sedis,Henunavirus,unclassified Henunavirus,,dsDNA
Henunavirus,2842727,,0.08,,,,0.15,,,,,,,,,,79967.0,Erwinia pyrifoliae,Duplodnaviria,Heunggongvirae,Uroviricota,Caudoviricetes,Caudoviricetes incertae sedis,Henunavirus,Henunavirus SNUABM01,,dsDNA
Hihdivirus,2842731,,0.62,0.12,,,,0.22,,,0.6,,,,0.11,,1.0,root,Riboviria,Orthornavirae,Lenarviricota,Leviviricetes,Norzivirales,Fiersviridae,Hihdivirus,Hihdivirus caenenecus,+ssRNA
Hohrdovirus,2842736,,,,0.08,1.9,,0.26,,,,,,,,0.29,1.0,root,Riboviria,Orthornavirae,Lenarviricota,Leviviricetes,Timlovirales,Steitzviridae,Hohrdovirus,Hohrdovirus edaphohabitans,+ssRNA
Hopescreekvirus,2842737,0.52,0.36,0.47,0.31,,0.53,0.38,0.26,0.29,0.24,,0.19,0.11,0.15,0.48,1613.0,Limosilactobacillus fermentum,Duplodnaviria,Heunggongvirae,Uroviricota,Caudoviricetes,Caudoviricetes incertae sedis,Herelleviridae,Hopescreekvirus,Hopescreekvirus LfeInf,dsDNA
Huelvavirus,2842739,,,,0.07,,,,,,,,,,,,382.0,Sinorhizobium meliloti,Duplodnaviria,Heunggongvirae,Uroviricota,Caudoviricetes,Caudoviricetes incertae sedis,Schitoviridae,Huelvavirus,Huelvavirus ort11,dsDNA
Inbricusvirus,2842758,0.18,0.64,0.16,0.17,,,,,,0.13,0.16,,0.17,,,663959.0,Pseudomonas syringae pv. avii,Duplodnaviria,Heunggongvirae,Uroviricota,Caudoviricetes,Caudoviricetes incertae sedis,Schitoviridae,Rothmandenesvirinae,Inbricusvirus,dsDNA
Ishugivirus,2842767,0.07,3.22,0.74,0.1,,0.29,0.34,0.36,,0.32,,,,,0.29,1.0,root,Riboviria,Orthornavirae,Lenarviricota,Leviviricetes,Norzivirales,Fiersviridae,Ishugivirus,Ishugivirus pelohabitans,+ssRNA
Kaypoctavirus,2842786,0.2,0.09,,0.1,,0.3,,,,,,,,,,573.0,Klebsiella pneumoniae,Duplodnaviria,Heunggongvirae,Uroviricota,Caudoviricetes,Caudoviricetes incertae sedis,Schitoviridae,Enquatrovirinae,Kaypoctavirus,dsDNA
Kemicevirus,2842792,0.19,0.22,0.22,0.12,4.65,0.17,0.52,0.42,0.31,0.35,,0.22,0.19,0.19,0.18,1.0,root,Riboviria,Orthornavirae,Lenarviricota,Leviviricetes,Norzivirales,Fiersviridae,Kemicevirus,Kemicevirus caenicola,+ssRNA
Kenoshavirus,2842796,0.18,0.15,0.14,0.2,,,,,,,,0.21,0.15,0.18,,36822.0,Gordonia rubripertincta,Duplodnaviria,Heunggongvirae,Uroviricota,Caudoviricetes,Caudoviricetes incertae sedis,Kenoshavirus,unclassified Kenoshavirus,,dsDNA
Kenoshavirus,2842796,0.18,0.15,0.14,0.2,,,,,,,,0.21,0.15,0.18,,2055.0,Gordonia terrae,Duplodnaviria,Heunggongvirae,Uroviricota,Caudoviricetes,Caudoviricetes incertae sedis,Kenoshavirus,Kenoshavirus chikenjars,,dsDNA
Kenoshavirus,2842796,0.18,0.15,0.14,0.2,,,,,,,,0.21,0.15,0.18,,36822.0,Gordonia rubripertincta,Duplodnaviria,Heunggongvirae,Uroviricota,Caudoviricetes,Caudoviricetes incertae sedis,Kenoshavirus,Kenoshavirus chikenjars,,dsDNA
Kenoshavirus,2842796,0.18,0.15,0.14,0.2,,,,,,,,0.21,0.15,0.18,,36822.0,Gordonia rubripertincta,Duplodnaviria,Heunggongvirae,Uroviricota,Caudoviricetes,Caudoviricetes incertae sedis,Kenoshavirus,Kenoshavirus crocheter,,dsDNA
Kenoshavirus,2842796,0.18,0.15,0.14,0.2,,,,,,,,0.21,0.15,0.18,,2055.0,Gordonia terrae,Duplodnaviria,Heunggongvirae,Uroviricota,Caudoviricetes,Caudoviricetes incertae sedis,Kenoshavirus,Kenoshavirus duffington,,dsDNA
Kenoshavirus,2842796,0.18,0.15,0.14,0.2,,,,,,,,0.21,0.15,0.18,,36822.0,Gordonia rubripertincta,Duplodnaviria,Heunggongvirae,Uroviricota,Caudoviricetes,Caudoviricetes incertae sedis,Kenoshavirus,Kenoshavirus kenosha,,dsDNA
Kenoshavirus,2842796,0.18,0.15,0.14,0.2,,,,,,,,0.21,0.15,0.18,,36822.0,Gordonia rubripertincta,Duplodnaviria,Heunggongvirae,Uroviricota,Caudoviricetes,Caudoviricetes incertae sedis,Kenoshavirus,Kenoshavirus untouchable,,dsDNA
Kenoshavirus,2842796,0.18,0.15,0.14,0.2,,,,,,,,0.21,0.15,0.18,,36822.0,Gordonia rubripertincta,Duplodnaviria,Heunggongvirae,Uroviricota,Caudoviricetes,Caudoviricetes incertae sedis,Kenoshavirus,Kenoshavirus ohmyward,,dsDNA
Kenoshavirus,2842796,0.18,0.15,0.14,0.2,,,,,,,,0.21,0.15,0.18,,2055.0,Gordonia terrae,Duplodnaviria,Heunggongvirae,Uroviricota,Caudoviricetes,Caudoviricetes incertae sedis,Kenoshavirus,Kenoshavirus rickmore,,dsDNA
Kenoshavirus,2842796,0.18,0.15,0.14,0.2,,,,,,,,0.21,0.15,0.18,,2055.0,Gordonia terrae,Duplodnaviria,Heunggongvirae,Uroviricota,Caudoviricetes,Caudoviricetes incertae sedis,Kenoshavirus,unclassified Kenoshavirus,,dsDNA
Kinglevirus,2842802,,0.07,,,,,,,,,,0.39,0.53,,0.38,1.0,root,Riboviria,Orthornavirae,Lenarviricota,Leviviricetes,Timlovirales,Steitzviridae,Kinglevirus,Kinglevirus lutadaptatum,+ssRNA
Kowinovirus,2842810,,0.08,,,,,,,,,,,,,,1.0,root,Riboviria,Orthornavirae,Lenarviricota,Leviviricetes,Norzivirales,Fiersviridae,Kowinovirus,Kowinovirus pelenecus,+ssRNA
Lasallevirus,2842819,,,,,,,,,,,,,0.27,,,40214.0,Acinetobacter johnsonii,Duplodnaviria,Heunggongvirae,Uroviricota,Caudoviricetes,Pantevenvirales,Straboviridae,Twarogvirinae,Lasallevirus,dsDNA
Littlefixvirus,2842828,,,0.08,0.1,,,,,,,,0.22,,0.59,,294.0,Pseudomonas fluorescens,Duplodnaviria,Heunggongvirae,Uroviricota,Caudoviricetes,Caudoviricetes incertae sedis,Schitoviridae,Littlefixvirus,Littlefixvirus 98Pflur60pp,dsDNA
Littlefixvirus,2842828,,,0.08,0.1,,,,,,,,0.22,,0.59,,306.0,Pseudomonas sp.,Duplodnaviria,Heunggongvirae,Uroviricota,Caudoviricetes,Caudoviricetes incertae sedis,Schitoviridae,Littlefixvirus,Littlefixvirus littlefix,dsDNA
Luthavirus,2842838,,,,,,,,,,0.97,,,,,0.18,1.0,root,Riboviria,Orthornavirae,Lenarviricota,Leviviricetes,Norzivirales,Fiersviridae,Luthavirus,Luthavirus edaphovicinum,+ssRNA
Mahraivirus,2842846,,0.07,,,,,,,,,,,,,,1.0,root,Riboviria,Orthornavirae,Lenarviricota,Leviviricetes,Norzivirales,Fiersviridae,Mahraivirus,Mahraivirus limivicinum,+ssRNA
Manuelvirus,2842852,,0.1,,,,,,,,,,,,,,1916.0,Streptomyces lividans,Duplodnaviria,Heunggongvirae,Uroviricota,Caudoviricetes,Caudoviricetes incertae sedis,Manuelvirus,Manuelvirus JXY1,,dsDNA
Manuelvirus,2842852,,0.1,,,,,,,,,,,,,,1916.0,Streptomyces lividans,Duplodnaviria,Heunggongvirae,Uroviricota,Caudoviricetes,Caudoviricetes incertae sedis,Manuelvirus,unclassified Manuelvirus,,dsDNA
Manuelvirus,2842852,,0.1,,,,,,,,,,,,,,1916.0,Streptomyces lividans,Duplodnaviria,Heunggongvirae,Uroviricota,Caudoviricetes,Caudoviricetes incertae sedis,Manuelvirus,Manuelvirus manuel,,dsDNA
Manuelvirus,2842852,,0.1,,,,,,,,,,,,,,1938.0,Streptomyces viridochromogenes,Duplodnaviria,Heunggongvirae,Uroviricota,Caudoviricetes,Caudoviricetes incertae sedis,Manuelvirus,Manuelvirus wrighton,,dsDNA
Manuelvirus,2842852,,0.1,,,,,,,,,,,,,,1938.0,Streptomyces viridochromogenes,Duplodnaviria,Heunggongvirae,Uroviricota,Caudoviricetes,Caudoviricetes incertae sedis,Manuelvirus,Manuelvirus JXY1,,dsDNA
Matsuvirus,2842857,,0.06,,,,,,,,,,,,,,728062.0,Pseudoalteromonas sp. YD6,Duplodnaviria,Heunggongvirae,Uroviricota,Caudoviricetes,Caudoviricetes incertae sedis,Schitoviridae,Fuhrmanvirinae,Matsuvirus,dsDNA
Mekintivirus,2842861,0.09,,,0.08,,,,,,,,,,,,1.0,root,Riboviria,Orthornavirae,Lenarviricota,Leviviricetes,Norzivirales,Fiersviridae,Mekintivirus,Mekintivirus lutihabitans,+ssRNA
Melvirus,2842862,,,,,,,,,,,,,0.13,,,,,Duplodnaviria,Heunggongvirae,Uroviricota,Caudoviricetes,Caudoviricetes incertae sedis,Zobellviridae,Melvirus,unclassified Melvirus,dsDNA
Melvirus,2842862,,,,,,,,,,,,,0.13,,,53249.0,Pseudoalteromonas sp.,Duplodnaviria,Heunggongvirae,Uroviricota,Caudoviricetes,Caudoviricetes incertae sedis,Zobellviridae,Melvirus,Melvirus helgolandense,dsDNA
Melvirus,2842862,,,,,,,,,,,,,0.13,,,267375.0,Pseudoalteromonas marina,Duplodnaviria,Heunggongvirae,Uroviricota,Caudoviricetes,Caudoviricetes incertae sedis,Zobellviridae,Melvirus,Melvirus orientalis,dsDNA
Mintuvirus,2842872,,,,,,,,,,,0.51,,,,,1.0,root,Riboviria,Orthornavirae,Lenarviricota,Leviviricetes,Norzivirales,Fiersviridae,Mintuvirus,Mintuvirus pelovivens,+ssRNA
Mooreparkvirus,2842881,,,,,,0.15,,,,,,,,,,1578.0,Lactobacillus,Duplodnaviria,Heunggongvirae,Uroviricota,Caudoviricetes,Caudoviricetes incertae sedis,Herelleviridae,Mooreparkvirus,Mooreparkvirus Lb3381,dsDNA
Mooreparkvirus,2842881,,,,,,0.15,,,,,,,,,,1597.0,Lacticaseibacillus paracasei,Duplodnaviria,Heunggongvirae,Uroviricota,Caudoviricetes,Caudoviricetes incertae sedis,Herelleviridae,Mooreparkvirus,Mooreparkvirus Lb3381,dsDNA
Mooreparkvirus,2842881,,,,,,0.15,,,,,,,,,,543734.0,Lacticaseibacillus casei BL23,Duplodnaviria,Heunggongvirae,Uroviricota,Caudoviricetes,Caudoviricetes incertae sedis,Herelleviridae,Mooreparkvirus,unclassified Mooreparkvirus,dsDNA
Mydovirus,2842888,0.18,0.1,0.13,0.21,,0.31,,,,0.19,,,,,,562.0,Escherichia coli,Duplodnaviria,Heunggongvirae,Uroviricota,Caudoviricetes,Caudoviricetes incertae sedis,Mydovirus,unclassified Mydovirus,,dsDNA
Mydovirus,2842888,0.18,0.1,0.13,0.21,,0.31,,,,0.19,,,,,,573.0,Klebsiella pneumoniae,Duplodnaviria,Heunggongvirae,Uroviricota,Caudoviricetes,Caudoviricetes incertae sedis,Mydovirus,unclassified Mydovirus,,dsDNA
Mydovirus,2842888,0.18,0.1,0.13,0.21,,0.31,,,,0.19,,,,,,576.0,Klebsiella sp.,Duplodnaviria,Heunggongvirae,Uroviricota,Caudoviricetes,Caudoviricetes incertae sedis,Mydovirus,Mydovirus KNP2,,dsDNA
Mydovirus,2842888,0.18,0.1,0.13,0.21,,0.31,,,,0.19,,,,,,573.0,Klebsiella pneumoniae,Duplodnaviria,Heunggongvirae,Uroviricota,Caudoviricetes,Caudoviricetes incertae sedis,Mydovirus,Mydovirus KpS8,,dsDNA
Mydovirus,2842888,0.18,0.1,0.13,0.21,,0.31,,,,0.19,,,,,,570.0,Klebsiella,Duplodnaviria,Heunggongvirae,Uroviricota,Caudoviricetes,Caudoviricetes incertae sedis,Mydovirus,unclassified Mydovirus,,dsDNA
Mydovirus,2842888,0.18,0.1,0.13,0.21,,0.31,,,,0.19,,,,,,573.0,Klebsiella pneumoniae,Duplodnaviria,Heunggongvirae,Uroviricota,Caudoviricetes,Caudoviricetes incertae sedis,Mydovirus,Mydovirus BIS47,,dsDNA
Mydovirus,2842888,0.18,0.1,0.13,0.21,,0.31,,,,0.19,,,,,,573.0,Klebsiella pneumoniae,Duplodnaviria,Heunggongvirae,Uroviricota,Caudoviricetes,Caudoviricetes incertae sedis,Mydovirus,Mydovirus KB57,,dsDNA
Mydovirus,2842888,0.18,0.1,0.13,0.21,,0.31,,,,0.19,,,,,,584.0,Proteus mirabilis,Duplodnaviria,Heunggongvirae,Uroviricota,Caudoviricetes,Caudoviricetes incertae sedis,Mydovirus,Mydovirus mydo,,dsDNA
Mydovirus,2842888,0.18,0.1,0.13,0.21,,0.31,,,,0.19,,,,,,54291.0,Raoultella ornithinolytica,Duplodnaviria,Heunggongvirae,Uroviricota,Caudoviricetes,Caudoviricetes incertae sedis,Mydovirus,Mydovirus Ro1,,dsDNA
Nehpavirus,2842897,0.09,0.36,0.22,0.09,14.89,,3.07,0.8,,0.96,,,,0.19,0.31,1.0,root,Riboviria,Orthornavirae,Lenarviricota,Leviviricetes,Timlovirales,Blumeviridae,Nehpavirus,Nehpavirus caenenecus,+ssRNA
Nochtlivirus,2842908,,0.18,,,,,,,,,,,,,,562.0,Escherichia coli,Duplodnaviria,Heunggongvirae,Uroviricota,Caudoviricetes,Caudoviricetes incertae sedis,Nochtlivirus,Nochtlivirus mEp235,,dsDNA
Pacinivirus,2842934,,0.07,0.09,0.08,,0.16,,,,,,,,,,666.0,Vibrio cholerae,Duplodnaviria,Heunggongvirae,Uroviricota,Caudoviricetes,Caudoviricetes incertae sedis,Schitoviridae,Pacinivirus,unclassified Pacinivirus,dsDNA
Pacinivirus,2842934,,0.07,0.09,0.08,,0.16,,,,,,,,,,45888.0,Vibrio cholerae O139,Duplodnaviria,Heunggongvirae,Uroviricota,Caudoviricetes,Caudoviricetes incertae sedis,Schitoviridae,Pacinivirus,unclassified Pacinivirus,dsDNA
Paundecimvirus,2842942,0.07,0.17,,0.12,,,,,,,,,,,,287.0,Pseudomonas aeruginosa,Duplodnaviria,Heunggongvirae,Uroviricota,Caudoviricetes,Caudoviricetes incertae sedis,Zobellviridae,Paundecimvirus,unclassified Paundecimvirus,dsDNA
Paundecimvirus,2842942,0.07,0.17,,0.12,,,,,,,,,,,,208964.0,Pseudomonas aeruginosa PAO1,Duplodnaviria,Heunggongvirae,Uroviricota,Caudoviricetes,Caudoviricetes incertae sedis,Zobellviridae,Paundecimvirus,unclassified Paundecimvirus,dsDNA
Paundecimvirus,2842942,0.07,0.17,,0.12,,,,,,,,,,,,286.0,Pseudomonas,Duplodnaviria,Heunggongvirae,Uroviricota,Caudoviricetes,Caudoviricetes incertae sedis,Zobellviridae,Paundecimvirus,Paundecimvirus PA11,dsDNA
Paundecimvirus,2842942,0.07,0.17,,0.12,,,,,,,,,,,,1279007.0,Pseudomonas aeruginosa PA1,Duplodnaviria,Heunggongvirae,Uroviricota,Caudoviricetes,Caudoviricetes incertae sedis,Zobellviridae,Paundecimvirus,Paundecimvirus PA11,dsDNA
Paundecimvirus,2842942,0.07,0.17,,0.12,,,,,,,,,,,,306.0,Pseudomonas sp.,Duplodnaviria,Heunggongvirae,Uroviricota,Caudoviricetes,Caudoviricetes incertae sedis,Zobellviridae,Paundecimvirus,unclassified Paundecimvirus,dsDNA
Paysduvirus,2842943,0.6,0.14,,0.78,7.81,,1.21,,,,,,,0.51,0.29,1.0,root,Riboviria,Orthornavirae,Lenarviricota,Leviviricetes,Norzivirales,Fiersviridae,Paysduvirus,Paysduvirus asiocola,+ssRNA
Pokkenvirus,2842972,0.13,0.1,0.12,0.1,,,,,,,,,0.29,0.14,,40324.0,Stenotrophomonas maltophilia,Duplodnaviria,Heunggongvirae,Uroviricota,Caudoviricetes,Caudoviricetes incertae sedis,Schitoviridae,Pokkenvirus,Pokkenvirus paxi,dsDNA
Pokkenvirus,2842972,0.13,0.1,0.12,0.1,,,,,,,,,0.29,0.14,,456327.0,Xanthomonas euvesicatoria,Duplodnaviria,Heunggongvirae,Uroviricota,Caudoviricetes,Caudoviricetes incertae sedis,Schitoviridae,Pokkenvirus,unclassified Pokkenvirus,dsDNA
Pollockvirus,2842973,,0.12,0.18,0.14,,,,,,,,,,,0.6,562.0,Escherichia coli,Duplodnaviria,Heunggongvirae,Uroviricota,Caudoviricetes,Caudoviricetes incertae sedis,Schitoviridae,Humphriesvirinae,Pollockvirus,dsDNA
Pourcelvirus,2842976,0.14,0.13,0.11,0.16,,,,,,,0.24,,0.18,,,,,,,,,,,,,
Presleyvirus,2842977,0.18,0.17,0.23,,,0.2,,0.24,,,,,,,,470.0,Acinetobacter baumannii,Duplodnaviria,Heunggongvirae,Uroviricota,Caudoviricetes,Caudoviricetes incertae sedis,Schitoviridae,Presleyvirus,Presleyvirus presley,dsDNA
Pseudotevenvirus,2842979,0.4,0.13,0.09,,,0.16,0.37,,,,,,,,,1972222.0,Buttiauxella sp.,Duplodnaviria,Heunggongvirae,Uroviricota,Caudoviricetes,Pantevenvirales,Straboviridae,Pseudotevenvirus,unclassified Pseudotevenvirus,dsDNA
Pseudotevenvirus,2842979,0.4,0.13,0.09,,,0.16,0.37,,,,,,,,,546.0,Citrobacter freundii,Duplodnaviria,Heunggongvirae,Uroviricota,Caudoviricetes,Pantevenvirales,Straboviridae,Pseudotevenvirus,unclassified Pseudotevenvirus,dsDNA
Pseudotevenvirus,2842979,0.4,0.13,0.09,,,0.16,0.37,,,,,,,,,544.0,Citrobacter,Duplodnaviria,Heunggongvirae,Uroviricota,Caudoviricetes,Pantevenvirales,Straboviridae,Pseudotevenvirus,Pseudotevenvirus miller,dsDNA
Pseudotevenvirus,2842979,0.4,0.13,0.09,,,0.16,0.37,,,,,,,,,1896336.0,Citrobacter sp.,Duplodnaviria,Heunggongvirae,Uroviricota,Caudoviricetes,Pantevenvirales,Straboviridae,Pseudotevenvirus,unclassified Pseudotevenvirus,dsDNA
Pseudotevenvirus,2842979,0.4,0.13,0.09,,,0.16,0.37,,,,,,,,,1888169.0,Cronobacter sp.,Duplodnaviria,Heunggongvirae,Uroviricota,Caudoviricetes,Pantevenvirales,Straboviridae,Pseudotevenvirus,unclassified Pseudotevenvirus,dsDNA
Pseudotevenvirus,2842979,0.4,0.13,0.09,,,0.16,0.37,,,,,,,,,28141.0,Cronobacter sakazakii,Duplodnaviria,Heunggongvirae,Uroviricota,Caudoviricetes,Pantevenvirales,Straboviridae,Pseudotevenvirus,unclassified Pseudotevenvirus,dsDNA
Pseudotevenvirus,2842979,0.4,0.13,0.09,,,0.16,0.37,,,,,,,,,550.0,Enterobacter cloacae,Duplodnaviria,Heunggongvirae,Uroviricota,Caudoviricetes,Pantevenvirales,Straboviridae,Pseudotevenvirus,Pseudotevenvirus leb,dsDNA
Pseudotevenvirus,2842979,0.4,0.13,0.09,,,0.16,0.37,,,,,,,,,354276.0,Enterobacter cloacae complex,Duplodnaviria,Heunggongvirae,Uroviricota,Caudoviricetes,Pantevenvirales,Straboviridae,Pseudotevenvirus,unclassified Pseudotevenvirus,dsDNA
Pseudotevenvirus,2842979,0.4,0.13,0.09,,,0.16,0.37,,,,,,,,,547.0,Enterobacter,Duplodnaviria,Heunggongvirae,Uroviricota,Caudoviricetes,Pantevenvirales,Straboviridae,Pseudotevenvirus,Pseudotevenvirus leb,dsDNA
Pseudotevenvirus,2842979,0.4,0.13,0.09,,,0.16,0.37,,,,,,,,,208224.0,Enterobacter kobei,Duplodnaviria,Heunggongvirae,Uroviricota,Caudoviricetes,Pantevenvirales,Straboviridae,Pseudotevenvirus,Pseudotevenvirus leb,dsDNA
Pseudotevenvirus,2842979,0.4,0.13,0.09,,,0.16,0.37,,,,,,,,,469008.0,Escherichia coli BL21(DE3),Duplodnaviria,Heunggongvirae,Uroviricota,Caudoviricetes,Pantevenvirales,Straboviridae,Pseudotevenvirus,Pseudotevenvirus lw1,dsDNA
Pseudotevenvirus,2842979,0.4,0.13,0.09,,,0.16,0.37,,,,,,,,,562.0,Escherichia coli,Duplodnaviria,Heunggongvirae,Uroviricota,Caudoviricetes,Pantevenvirales,Straboviridae,Pseudotevenvirus,Pseudotevenvirus RB16,dsDNA
Pseudotevenvirus,2842979,0.4,0.13,0.09,,,0.16,0.37,,,,,,,,,37762.0,Escherichia coli B,Duplodnaviria,Heunggongvirae,Uroviricota,Caudoviricetes,Pantevenvirales,Straboviridae,Pseudotevenvirus,Pseudotevenvirus RB43,dsDNA
Pseudotevenvirus,2842979,0.4,0.13,0.09,,,0.16,0.37,,,,,,,,,573.0,Klebsiella pneumoniae,Duplodnaviria,Heunggongvirae,Uroviricota,Caudoviricetes,Pantevenvirales,Straboviridae,Pseudotevenvirus,unclassified Pseudotevenvirus,dsDNA
Pseudotevenvirus,2842979,0.4,0.13,0.09,,,0.16,0.37,,,,,,,,,316407.0,Escherichia coli str. K-12 substr. W3110,Duplodnaviria,Heunggongvirae,Uroviricota,Caudoviricetes,Pantevenvirales,Straboviridae,Pseudotevenvirus,,dsDNA
Pylasvirus,2842993,0.25,0.56,0.33,0.29,,0.5,0.79,0.42,0.23,1.15,,,,0.13,,573.0,Klebsiella pneumoniae,Duplodnaviria,Heunggongvirae,Uroviricota,Caudoviricetes,Caudoviricetes incertae sedis,Schitoviridae,Humphriesvirinae,Pylasvirus,dsDNA
Qubevirus,2842995,0.07,,,,,,,,,,,,,,,511145.0,Escherichia coli str. K-12 substr. MG1655,Riboviria,Orthornavirae,Lenarviricota,Leviviricetes,Norzivirales,Fiersviridae,Qubevirus,unclassified Qubevirus,+ssRNA
Qubevirus,2842995,0.07,,,,,,,,,,,,,,,562.0,Escherichia coli,Riboviria,Orthornavirae,Lenarviricota,Leviviricetes,Norzivirales,Fiersviridae,Qubevirus,Qubevirus faecium,+ssRNA
Qubevirus,2842995,0.07,,,,,,,,,,,,,,,160488.0,Pseudomonas putida KT2440,Riboviria,Orthornavirae,Lenarviricota,Leviviricetes,Norzivirales,Fiersviridae,Qubevirus,unclassified Qubevirus,+ssRNA
Qubevirus,2842995,0.07,,,,,,,,,,,,,,,331112.0,Escherichia coli HS,Riboviria,Orthornavirae,Lenarviricota,Leviviricetes,Norzivirales,Fiersviridae,Qubevirus,,+ssRNA
Raunefjordenvirus,2843000,,,,,,,,,,,,,,,0.18,1525218.0,Sulfitobacter sp. CB2047,Duplodnaviria,Heunggongvirae,Uroviricota,Caudoviricetes,Caudoviricetes incertae sedis,Schitoviridae,Rhodovirinae,Raunefjordenvirus,dsDNA
Riverridervirus,2843008,0.09,,0.1,,,,,,,,,,,,,48664.0,Xanthomonas fragariae,Duplodnaviria,Heunggongvirae,Uroviricota,Caudoviricetes,Caudoviricetes incertae sedis,Schitoviridae,Riverridervirus,Riverridervirus riverrider,dsDNA
Sabourvirus,2843014,0.39,0.53,0.42,0.33,,0.62,0.63,0.24,,,,0.24,0.23,0.35,0.26,,,,,,,,,,,
Salinovirus,2843017,,0.08,,,,,,,,,,,,,,51367.0,Salinivibrio costicola,Duplodnaviria,Heunggongvirae,Uroviricota,Caudoviricetes,Caudoviricetes incertae sedis,Zobellviridae,Salinovirus,Salinovirus utanense,dsDNA
Stehlmavirus,2843058,,,,,,,0.22,,,,,,,,,1.0,root,Riboviria,Orthornavirae,Lenarviricota,Leviviricetes,Norzivirales,Fiersviridae,Stehlmavirus,Stehlmavirus lutihabitans,+ssRNA
Stoningtonvirus,2843060,,,0.09,,,,,,,,,,,,,670.0,Vibrio parahaemolyticus,Duplodnaviria,Heunggongvirae,Uroviricota,Caudoviricetes,Caudoviricetes incertae sedis,Schitoviridae,Fuhrmanvirinae,Stoningtonvirus,dsDNA
Stoningtonvirus,2843060,,,0.09,,,,,,,,,,,,,223926.0,Vibrio parahaemolyticus RIMD 2210633,Duplodnaviria,Heunggongvirae,Uroviricota,Caudoviricetes,Caudoviricetes incertae sedis,Schitoviridae,Fuhrmanvirinae,Stoningtonvirus,dsDNA
Ticahravirus,2843092,,0.57,0.38,,,,,,,,,,,,,1.0,root,Riboviria,Orthornavirae,Lenarviricota,Leviviricetes,Norzivirales,Fiersviridae,Ticahravirus,Ticahravirus asiovicinum,+ssRNA
Tinytimothyvirus,2843096,0.23,,0.14,0.1,,,0.22,,,,,,,0.15,,104336.0,Microbacterium foliorum,Duplodnaviria,Heunggongvirae,Uroviricota,Caudoviricetes,Caudoviricetes incertae sedis,Tinytimothyvirus,Tinytimothyvirus alex44,,dsDNA
Tinytimothyvirus,2843096,0.23,,0.14,0.1,,,0.22,,,,,,,0.15,,104336.0,Microbacterium foliorum,Duplodnaviria,Heunggongvirae,Uroviricota,Caudoviricetes,Caudoviricetes incertae sedis,Tinytimothyvirus,unclassified Tinytimothyvirus,,dsDNA
Tinytimothyvirus,2843096,0.23,,0.14,0.1,,,0.22,,,,,,,0.15,,104336.0,Microbacterium foliorum,Duplodnaviria,Heunggongvirae,Uroviricota,Caudoviricetes,Caudoviricetes incertae sedis,Tinytimothyvirus,Tinytimothyvirus tinytimothy,,dsDNA
Waedenswilvirus,2843122,0.16,0.15,0.2,0.14,,0.17,,,,0.14,,,,0.16,,552.0,Erwinia amylovora,Duplodnaviria,Heunggongvirae,Uroviricota,Caudoviricetes,Caudoviricetes incertae sedis,Schitoviridae,Waedenswilvirus,unclassified Waedenswilvirus,dsDNA
Wahdswovirus,2843124,,0.07,,,,,,,,,,,,,,1.0,root,Riboviria,Orthornavirae,Lenarviricota,Leviviricetes,Timlovirales,Blumeviridae,Wahdswovirus,Wahdswovirus lutenecus,+ssRNA
Yautsimvirus,2843147,,0.19,,,,,,,,,,,,,,562.0,Escherichia coli,Duplodnaviria,Heunggongvirae,Uroviricota,Caudoviricetes,Caudoviricetes incertae sedis,Yautsimvirus,Yautsimvirus HK140,,dsDNA
Yonginvirus,2843155,0.09,0.08,0.13,0.08,,0.19,0.34,,,,,,0.16,,,79967.0,Erwinia pyrifoliae,Duplodnaviria,Heunggongvirae,Uroviricota,Caudoviricetes,Caudoviricetes incertae sedis,Schitoviridae,Erskinevirinae,Yonginvirus,dsDNA
Zicotriavirus,2843161,0.08,0.13,0.08,0.13,,,,,,,,,,,,287.0,Pseudomonas aeruginosa,Duplodnaviria,Heunggongvirae,Uroviricota,Caudoviricetes,Caudoviricetes incertae sedis,Schitoviridae,Zicotriavirus,Zicotriavirus ZC03,dsDNA
Zurivirus,2843162,0.07,,0.1,0.09,,,,,,,0.32,0.26,0.22,,,303.0,Pseudomonas putida,Duplodnaviria,Heunggongvirae,Uroviricota,Caudoviricetes,Caudoviricetes incertae sedis,Schitoviridae,Zurivirus,Zurivirus zuri,dsDNA
Aguilavirus,2843343,,0.21,,,,,,,,,,,,,,562.0,Escherichia coli,Duplodnaviria,Heunggongvirae,Uroviricota,Caudoviricetes,Caudoviricetes incertae sedis,Aguilavirus,Aguilavirus mEp043,,dsDNA
Aguilavirus,2843343,,0.21,,,,,,,,,,,,,,562.0,Escherichia coli,Duplodnaviria,Heunggongvirae,Uroviricota,Caudoviricetes,Caudoviricetes incertae sedis,Aguilavirus,Aguilavirus mEp213,,dsDNA
Astrithrvirus,2843350,0.52,0.67,0.66,0.82,,1.81,1.41,0.52,0.31,0.4,0.25,0.54,0.37,0.43,0.48,469.0,Acinetobacter,Duplodnaviria,Heunggongvirae,Uroviricota,Caudoviricetes,Caudoviricetes incertae sedis,Astrithrvirus,unclassified Astrithrvirus,,dsDNA
Astrithrvirus,2843350,0.52,0.67,0.66,0.82,,1.81,1.41,0.52,0.31,0.4,0.25,0.54,0.37,0.43,0.48,1913084.0,Pectobacterium sp.,Duplodnaviria,Heunggongvirae,Uroviricota,Caudoviricetes,Caudoviricetes incertae sedis,Astrithrvirus,unclassified Astrithrvirus,,dsDNA
Astrithrvirus,2843350,0.52,0.67,0.66,0.82,,1.81,1.41,0.52,0.31,0.4,0.25,0.54,0.37,0.43,0.48,149539.0,Salmonella enterica subsp. enterica serovar Enteritidis,Duplodnaviria,Heunggongvirae,Uroviricota,Caudoviricetes,Caudoviricetes incertae sedis,Astrithrvirus,Astrithrvirus astrithr,,dsDNA
Audreyjarvisvirus,2843351,4.99,0.7,4.17,4.5,5.59,4.1,1.94,1.75,1.82,0.76,0.65,0.6,0.39,2.63,1.83,1358.0,Lactococcus lactis,Duplodnaviria,Heunggongvirae,Uroviricota,Caudoviricetes,Caudoviricetes incertae sedis,Audreyjarvisvirus,Audreyjarvisvirus av949,,dsDNA
Audreyjarvisvirus,2843351,4.99,0.7,4.17,4.5,5.59,4.1,1.94,1.75,1.82,0.76,0.65,0.6,0.39,2.63,1.83,1358.0,Lactococcus lactis,Duplodnaviria,Heunggongvirae,Uroviricota,Caudoviricetes,Caudoviricetes incertae sedis,Audreyjarvisvirus,Audreyjarvisvirus AM1,,dsDNA
Audreyjarvisvirus,2843351,4.99,0.7,4.17,4.5,5.59,4.1,1.94,1.75,1.82,0.76,0.65,0.6,0.39,2.63,1.83,1358.0,Lactococcus lactis,Duplodnaviria,Heunggongvirae,Uroviricota,Caudoviricetes,Caudoviricetes incertae sedis,Audreyjarvisvirus,Audreyjarvisvirus AM4,,dsDNA
Audreyjarvisvirus,2843351,4.99,0.7,4.17,4.5,5.59,4.1,1.94,1.75,1.82,0.76,0.65,0.6,0.39,2.63,1.83,1358.0,Lactococcus lactis,Duplodnaviria,Heunggongvirae,Uroviricota,Caudoviricetes,Caudoviricetes incertae sedis,Audreyjarvisvirus,Audreyjarvisvirus LW81,,dsDNA
Audreyjarvisvirus,2843351,4.99,0.7,4.17,4.5,5.59,4.1,1.94,1.75,1.82,0.76,0.65,0.6,0.39,2.63,1.83,1358.0,Lactococcus lactis,Duplodnaviria,Heunggongvirae,Uroviricota,Caudoviricetes,Caudoviricetes incertae sedis,Audreyjarvisvirus,Audreyjarvisvirus P1048,,dsDNA
Audreyjarvisvirus,2843351,4.99,0.7,4.17,4.5,5.59,4.1,1.94,1.75,1.82,0.76,0.65,0.6,0.39,2.63,1.83,1359.0,Lactococcus cremoris,Duplodnaviria,Heunggongvirae,Uroviricota,Caudoviricetes,Caudoviricetes incertae sedis,Audreyjarvisvirus,Audreyjarvisvirus L47,,dsDNA
Audreyjarvisvirus,2843351,4.99,0.7,4.17,4.5,5.59,4.1,1.94,1.75,1.82,0.76,0.65,0.6,0.39,2.63,1.83,1358.0,Lactococcus lactis,Duplodnaviria,Heunggongvirae,Uroviricota,Caudoviricetes,Caudoviricetes incertae sedis,Audreyjarvisvirus,Audreyjarvisvirus WRP3,,dsDNA
Bcepfunavirus,2843356,,,,,,,,,,,0.48,,,,,152480.0,Burkholderia ambifaria,Duplodnaviria,Heunggongvirae,Uroviricota,Caudoviricetes,Caudoviricetes incertae sedis,Lindbergviridae,Bcepfunavirus,Bcepfunavirus bcepF1,dsDNA
Burrovirus,2843362,1.97,0.9,1.49,2.64,1.8,1.3,1.67,1.47,1.22,0.79,0.38,0.99,0.7,1.37,1.7,104336.0,Microbacterium foliorum,Duplodnaviria,Heunggongvirae,Uroviricota,Caudoviricetes,Caudoviricetes incertae sedis,Burrovirus,Burrovirus araxxi,,dsDNA
Burrovirus,2843362,1.97,0.9,1.49,2.64,1.8,1.3,1.67,1.47,1.22,0.79,0.38,0.99,0.7,1.37,1.7,104336.0,Microbacterium foliorum,Duplodnaviria,Heunggongvirae,Uroviricota,Caudoviricetes,Caudoviricetes incertae sedis,Burrovirus,Burrovirus arete,,dsDNA
Burrovirus,2843362,1.97,0.9,1.49,2.64,1.8,1.3,1.67,1.47,1.22,0.79,0.38,0.99,0.7,1.37,1.7,199592.0,Microbacterium paraoxydans,Duplodnaviria,Heunggongvirae,Uroviricota,Caudoviricetes,Caudoviricetes incertae sedis,Burrovirus,Burrovirus burro,,dsDNA
Burrovirus,2843362,1.97,0.9,1.49,2.64,1.8,1.3,1.67,1.47,1.22,0.79,0.38,0.99,0.7,1.37,1.7,104336.0,Microbacterium foliorum,Duplodnaviria,Heunggongvirae,Uroviricota,Caudoviricetes,Caudoviricetes incertae sedis,Burrovirus,unclassified Burrovirus,,dsDNA
Chopinvirus,2843365,0.2,0.07,0.12,0.09,,0.34,,,0.23,,,,,0.18,0.44,1358.0,Lactococcus lactis,Duplodnaviria,Heunggongvirae,Uroviricota,Caudoviricetes,Caudoviricetes incertae sedis,Chopinvirus,Chopinvirus KSY1,,dsDNA
Cimandefvirus,2843366,0.15,0.13,0.19,0.12,,,,,0.64,,,,,,,1310165.0,Ralstonia pseudosolanacearum,Duplodnaviria,Heunggongvirae,Uroviricota,Caudoviricetes,Caudoviricetes incertae sedis,Cimandefvirus,Cimandefvirus cimandef,,dsDNA
Cimandefvirus,2843366,0.15,0.13,0.19,0.12,,,,,0.64,,,,,,,1310165.0,Ralstonia pseudosolanacearum,Duplodnaviria,Heunggongvirae,Uroviricota,Caudoviricetes,Caudoviricetes incertae sedis,Cimandefvirus,unclassified Cimandefvirus,,dsDNA
Cimandefvirus,2843366,0.15,0.13,0.19,0.12,,,,,0.64,,,,,,,1310165.0,Ralstonia pseudosolanacearum,Duplodnaviria,Heunggongvirae,Uroviricota,Caudoviricetes,Caudoviricetes incertae sedis,Cimandefvirus,Cimandefvirus eline,,dsDNA
Cimandefvirus,2843366,0.15,0.13,0.19,0.12,,,,,0.64,,,,,,,1310165.0,Ralstonia pseudosolanacearum,Duplodnaviria,Heunggongvirae,Uroviricota,Caudoviricetes,Caudoviricetes incertae sedis,Cimandefvirus,Cimandefvirus gamede,,dsDNA
Cimandefvirus,2843366,0.15,0.13,0.19,0.12,,,,,0.64,,,,,,,1310165.0,Ralstonia pseudosolanacearum,Duplodnaviria,Heunggongvirae,Uroviricota,Caudoviricetes,Caudoviricetes incertae sedis,Cimandefvirus,Cimandefvirus Ggerry,,dsDNA
Cimandefvirus,2843366,0.15,0.13,0.19,0.12,,,,,0.64,,,,,,,1310165.0,Ralstonia pseudosolanacearum,Duplodnaviria,Heunggongvirae,Uroviricota,Caudoviricetes,Caudoviricetes incertae sedis,Cimandefvirus,Cimandefvirus heva,,dsDNA
Fremauxvirus,2843383,1.05,0.21,0.85,0.99,,2.08,0.52,0.27,0.58,,0.17,,0.11,0.97,1.32,1358.0,Lactococcus lactis,Duplodnaviria,Heunggongvirae,Uroviricota,Caudoviricetes,Caudoviricetes incertae sedis,Fremauxvirus,Fremauxvirus fv1706,,dsDNA
Fremauxvirus,2843383,1.05,0.21,0.85,0.99,,2.08,0.52,0.27,0.58,,0.17,,0.11,0.97,1.32,1357.0,Lactococcus,Duplodnaviria,Heunggongvirae,Uroviricota,Caudoviricetes,Caudoviricetes incertae sedis,Fremauxvirus,Fremauxvirus CHPC971,,dsDNA
Fremauxvirus,2843383,1.05,0.21,0.85,0.99,,2.08,0.52,0.27,0.58,,0.17,,0.11,0.97,1.32,1358.0,Lactococcus lactis,Duplodnaviria,Heunggongvirae,Uroviricota,Caudoviricetes,Caudoviricetes incertae sedis,Fremauxvirus,Fremauxvirus CHPC971,,dsDNA
Hattifnattvirus,2843390,,0.15,,,,,,,,,,,,,,2654245.0,Flavobacterium sp. LMO9,Duplodnaviria,Heunggongvirae,Uroviricota,Caudoviricetes,Caudoviricetes incertae sedis,Hattifnattvirus,Hattifnattvirus hattifnatt,,dsDNA
Labanvirus,2843408,,0.07,0.14,,,,,,,,,,,,,2654243.0,Flavobacterium sp. LMO6,Duplodnaviria,Heunggongvirae,Uroviricota,Caudoviricetes,Caudoviricetes incertae sedis,Duneviridae,Labanvirus,Labanvirus laban,dsDNA
Lafunavirus,2843410,,,0.1,,,,,,,,,,,,,1591.0,Lactobacillus sp.,Duplodnaviria,Heunggongvirae,Uroviricota,Caudoviricetes,Caudoviricetes incertae sedis,Lafunavirus,Lafunavirus LF1,,dsDNA
Lahexavirus,2843411,,,,,,,,,,,0.57,,,,,196023.0,Aeromonas hydrophila subsp. hydrophila,Duplodnaviria,Heunggongvirae,Uroviricota,Caudoviricetes,Caudoviricetes incertae sedis,Grimontviridae,Lahexavirus,Lahexavirus lv44572,dsDNA
Lahexavirus,2843411,,,,,,,,,,,0.57,,,,,644.0,Aeromonas hydrophila,Duplodnaviria,Heunggongvirae,Uroviricota,Caudoviricetes,Caudoviricetes incertae sedis,Grimontviridae,Lahexavirus,Lahexavirus LAh6,dsDNA
Lastavirus,2843414,0.24,0.23,0.33,0.5,,0.29,0.6,,0.21,0.18,,,,0.11,0.2,573.0,Klebsiella pneumoniae,Duplodnaviria,Heunggongvirae,Uroviricota,Caudoviricetes,Caudoviricetes incertae sedis,Lastavirus,Lastavirus lasta,,dsDNA
Lastavirus,2843414,0.24,0.23,0.33,0.5,,0.29,0.6,,0.21,0.18,,,,0.11,0.2,573.0,Klebsiella pneumoniae,Duplodnaviria,Heunggongvirae,Uroviricota,Caudoviricetes,Caudoviricetes incertae sedis,Lastavirus,Lastavirus sopranogao,,dsDNA
Lastavirus,2843414,0.24,0.23,0.33,0.5,,0.29,0.6,,0.21,0.18,,,,0.11,0.2,576.0,Klebsiella sp.,Duplodnaviria,Heunggongvirae,Uroviricota,Caudoviricetes,Caudoviricetes incertae sedis,Lastavirus,unclassified Lastavirus,,dsDNA
Lillamyvirus,2843418,0.12,0.66,0.17,0.29,,0.34,0.39,,,,,,,,,2654243.0,Flavobacterium sp. LMO6,Duplodnaviria,Heunggongvirae,Uroviricota,Caudoviricetes,Caudoviricetes incertae sedis,Lillamyvirus,Lillamyvirus hemulen,,dsDNA
Lillamyvirus,2843418,0.12,0.66,0.17,0.29,,0.34,0.39,,,,,,,,,2654245.0,Flavobacterium sp. LMO9,Duplodnaviria,Heunggongvirae,Uroviricota,Caudoviricetes,Caudoviricetes incertae sedis,Lillamyvirus,unclassified Lillamyvirus,,dsDNA
Lillamyvirus,2843418,0.12,0.66,0.17,0.29,,0.34,0.39,,,,,,,,,2654245.0,Flavobacterium sp. LMO9,Duplodnaviria,Heunggongvirae,Uroviricota,Caudoviricetes,Caudoviricetes incertae sedis,Lillamyvirus,Lillamyvirus lillamy,,dsDNA
Lillamyvirus,2843418,0.12,0.66,0.17,0.29,,0.34,0.39,,,,,,,,,2654245.0,Flavobacterium sp. LMO9,Duplodnaviria,Heunggongvirae,Uroviricota,Caudoviricetes,Caudoviricetes incertae sedis,Lillamyvirus,Lillamyvirus morran,,dsDNA
Lillamyvirus,2843418,0.12,0.66,0.17,0.29,,0.34,0.39,,,,,,,,,2654245.0,Flavobacterium sp. LMO9,Duplodnaviria,Heunggongvirae,Uroviricota,Caudoviricetes,Caudoviricetes incertae sedis,Lillamyvirus,Lillamyvirus sniff,,dsDNA
Lillamyvirus,2843418,0.12,0.66,0.17,0.29,,0.34,0.39,,,,,,,,,2654243.0,Flavobacterium sp. LMO6,Duplodnaviria,Heunggongvirae,Uroviricota,Caudoviricetes,Caudoviricetes incertae sedis,Lillamyvirus,Lillamyvirus snork,,dsDNA
Lillamyvirus,2843418,0.12,0.66,0.17,0.29,,0.34,0.39,,,,,,,,,2654243.0,Flavobacterium sp. LMO6,Duplodnaviria,Heunggongvirae,Uroviricota,Caudoviricetes,Caudoviricetes incertae sedis,Lillamyvirus,Lillamyvirus sniff,,dsDNA
Lillamyvirus,2843418,0.12,0.66,0.17,0.29,,0.34,0.39,,,,,,,,,2654245.0,Flavobacterium sp. LMO9,Duplodnaviria,Heunggongvirae,Uroviricota,Caudoviricetes,Caudoviricetes incertae sedis,Lillamyvirus,Lillamyvirus stinky,,dsDNA
Moturavirus,2843423,,0.07,0.17,,,,,,,,,,,,,1389935.0,Achromobacter animicus,Duplodnaviria,Heunggongvirae,Uroviricota,Caudoviricetes,Caudoviricetes incertae sedis,Moturavirus,Moturavirus motura,,dsDNA
Muminvirus,2843426,1.02,1.59,1.11,0.66,,1.56,1.87,,,6.1,,1.43,0.79,0.7,0.82,2654245.0,Flavobacterium sp. LMO9,Duplodnaviria,Heunggongvirae,Uroviricota,Caudoviricetes,Caudoviricetes incertae sedis,Muminvirus,Muminvirus filifjonk,,dsDNA
Muminvirus,2843426,1.02,1.59,1.11,0.66,,1.56,1.87,,,6.1,,1.43,0.79,0.7,0.82,2654243.0,Flavobacterium sp. LMO6,Duplodnaviria,Heunggongvirae,Uroviricota,Caudoviricetes,Caudoviricetes incertae sedis,Muminvirus,Muminvirus mumin,,dsDNA
Muminvirus,2843426,1.02,1.59,1.11,0.66,,1.56,1.87,,,6.1,,1.43,0.79,0.7,0.82,2654245.0,Flavobacterium sp. LMO9,Duplodnaviria,Heunggongvirae,Uroviricota,Caudoviricetes,Caudoviricetes incertae sedis,Muminvirus,Muminvirus mumin,,dsDNA
Muminvirus,2843426,1.02,1.59,1.11,0.66,,1.56,1.87,,,6.1,,1.43,0.79,0.7,0.82,2654243.0,Flavobacterium sp. LMO6,Duplodnaviria,Heunggongvirae,Uroviricota,Caudoviricetes,Caudoviricetes incertae sedis,Muminvirus,Muminvirus mymlan,,dsDNA
Muminvirus,2843426,1.02,1.59,1.11,0.66,,1.56,1.87,,,6.1,,1.43,0.79,0.7,0.82,2654243.0,Flavobacterium sp. LMO6,Duplodnaviria,Heunggongvirae,Uroviricota,Caudoviricetes,Caudoviricetes incertae sedis,Muminvirus,Muminvirus snusmum,,dsDNA
Muminvirus,2843426,1.02,1.59,1.11,0.66,,1.56,1.87,,,6.1,,1.43,0.79,0.7,0.82,2654245.0,Flavobacterium sp. LMO9,Duplodnaviria,Heunggongvirae,Uroviricota,Caudoviricetes,Caudoviricetes incertae sedis,Muminvirus,unclassified Muminvirus,,dsDNA
Muminvirus,2843426,1.02,1.59,1.11,0.66,,1.56,1.87,,,6.1,,1.43,0.79,0.7,0.82,2654243.0,Flavobacterium sp. LMO6,Duplodnaviria,Heunggongvirae,Uroviricota,Caudoviricetes,Caudoviricetes incertae sedis,Muminvirus,Muminvirus tooticki,,dsDNA
Muminvirus,2843426,1.02,1.59,1.11,0.66,,1.56,1.87,,,6.1,,1.43,0.79,0.7,0.82,2654245.0,Flavobacterium sp. LMO9,Duplodnaviria,Heunggongvirae,Uroviricota,Caudoviricetes,Caudoviricetes incertae sedis,Muminvirus,Muminvirus tooticki,,dsDNA
Nevevirus,2843430,,0.08,,0.08,,0.15,,,,,,,,,,1358.0,Lactococcus lactis,Duplodnaviria,Heunggongvirae,Uroviricota,Caudoviricetes,Caudoviricetes incertae sedis,Nevevirus,Nevevirus P078,,dsDNA
Nevevirus,2843430,,0.08,,0.08,,0.15,,,,,,,,,,1358.0,Lactococcus lactis,Duplodnaviria,Heunggongvirae,Uroviricota,Caudoviricetes,Caudoviricetes incertae sedis,Nevevirus,Nevevirus P092,,dsDNA
Nevevirus,2843430,,0.08,,0.08,,0.15,,,,,,,,,,1358.0,Lactococcus lactis,Duplodnaviria,Heunggongvirae,Uroviricota,Caudoviricetes,Caudoviricetes incertae sedis,Nevevirus,Nevevirus P118,,dsDNA
Nevevirus,2843430,,0.08,,0.08,,0.15,,,,,,,,,,1358.0,Lactococcus lactis,Duplodnaviria,Heunggongvirae,Uroviricota,Caudoviricetes,Caudoviricetes incertae sedis,Nevevirus,Nevevirus P162,,dsDNA
Parlovirus,2843433,0.07,0.11,0.21,0.09,,,,,,,0.29,,,,,615.0,Serratia marcescens,Duplodnaviria,Heunggongvirae,Uroviricota,Caudoviricetes,Caudoviricetes incertae sedis,Parlovirus,Parlovirus parlo,,dsDNA
Plateaulakevirus,2843436,0.18,1.19,1.08,0.6,,1.25,0.75,0.26,,0.37,0.14,,,0.16,0.42,196023.0,Aeromonas hydrophila subsp. hydrophila,Duplodnaviria,Heunggongvirae,Uroviricota,Caudoviricetes,Caudoviricetes incertae sedis,Plateaulakevirus,Plateaulakevirus pv2L372D,,dsDNA
Plateaulakevirus,2843436,0.18,1.19,1.08,0.6,,1.25,0.75,0.26,,0.37,0.14,,,0.16,0.42,196023.0,Aeromonas hydrophila subsp. hydrophila,Duplodnaviria,Heunggongvirae,Uroviricota,Caudoviricetes,Caudoviricetes incertae sedis,Plateaulakevirus,Plateaulakevirus pv2L372X,,dsDNA
Plateaulakevirus,2843436,0.18,1.19,1.08,0.6,,1.25,0.75,0.26,,0.37,0.14,,,0.16,0.42,196023.0,Aeromonas hydrophila subsp. hydrophila,Duplodnaviria,Heunggongvirae,Uroviricota,Caudoviricetes,Caudoviricetes incertae sedis,Plateaulakevirus,Plateaulakevirus pv4L372D,,dsDNA
Plateaulakevirus,2843436,0.18,1.19,1.08,0.6,,1.25,0.75,0.26,,0.37,0.14,,,0.16,0.42,196023.0,Aeromonas hydrophila subsp. hydrophila,Duplodnaviria,Heunggongvirae,Uroviricota,Caudoviricetes,Caudoviricetes incertae sedis,Plateaulakevirus,Plateaulakevirus pv4L372XY,,dsDNA
Plateaulakevirus,2843436,0.18,1.19,1.08,0.6,,1.25,0.75,0.26,,0.37,0.14,,,0.16,0.42,647.0,Aeromonas sp.,Duplodnaviria,Heunggongvirae,Uroviricota,Caudoviricetes,Caudoviricetes incertae sedis,Plateaulakevirus,unclassified Plateaulakevirus,,dsDNA
Plateaulakevirus,2843436,0.18,1.19,1.08,0.6,,1.25,0.75,0.26,,0.37,0.14,,,0.16,0.42,648.0,Aeromonas caviae,Duplodnaviria,Heunggongvirae,Uroviricota,Caudoviricetes,Caudoviricetes incertae sedis,Plateaulakevirus,unclassified Plateaulakevirus,,dsDNA
Plateaulakevirus,2843436,0.18,1.19,1.08,0.6,,1.25,0.75,0.26,,0.37,0.14,,,0.16,0.42,196024.0,Aeromonas dhakensis,Duplodnaviria,Heunggongvirae,Uroviricota,Caudoviricetes,Caudoviricetes incertae sedis,Plateaulakevirus,unclassified Plateaulakevirus,,dsDNA
Predatorvirus,2843439,,,,,,,,0.24,0.46,,,,,,,1763.0,Mycobacterium,Duplodnaviria,Heunggongvirae,Uroviricota,Caudoviricetes,Caudoviricetes incertae sedis,Predatorvirus,Predatorvirus predator,,dsDNA
Privateervirus,2843440,,0.06,,,,,,,,2.72,,,,0.14,,28141.0,Cronobacter sakazakii,Duplodnaviria,Heunggongvirae,Uroviricota,Caudoviricetes,Caudoviricetes incertae sedis,Grimontviridae,Privateervirus,Privateervirus pv009,dsDNA
Privateervirus,2843440,,0.06,,,,,,,,2.72,,,,0.14,,584.0,Proteus mirabilis,Duplodnaviria,Heunggongvirae,Uroviricota,Caudoviricetes,Caudoviricetes incertae sedis,Grimontviridae,Privateervirus,Privateervirus 3H1020,dsDNA
Sandinevirus,2843449,0.61,0.22,0.8,0.46,,1.66,0.38,,0.32,0.19,,,,0.87,0.63,1357.0,Lactococcus,Duplodnaviria,Heunggongvirae,Uroviricota,Caudoviricetes,Caudoviricetes incertae sedis,Sandinevirus,unclassified Sandinevirus,,dsDNA
Sandinevirus,2843449,0.61,0.22,0.8,0.46,,1.66,0.38,,0.32,0.19,,,,0.87,0.63,272623.0,Lactococcus lactis subsp. lactis Il1403,Duplodnaviria,Heunggongvirae,Uroviricota,Caudoviricetes,Caudoviricetes incertae sedis,Sandinevirus,unclassified Sandinevirus,,dsDNA
Sandinevirus,2843449,0.61,0.22,0.8,0.46,,1.66,0.38,,0.32,0.19,,,,0.87,0.63,1358.0,Lactococcus lactis,Duplodnaviria,Heunggongvirae,Uroviricota,Caudoviricetes,Caudoviricetes incertae sedis,Sandinevirus,Sandinevirus BK5T,,dsDNA
Sandinevirus,2843449,0.61,0.22,0.8,0.46,,1.66,0.38,,0.32,0.19,,,,0.87,0.63,1358.0,Lactococcus lactis,Duplodnaviria,Heunggongvirae,Uroviricota,Caudoviricetes,Caudoviricetes incertae sedis,Sandinevirus,unclassified Sandinevirus,,dsDNA
Sandinevirus,2843449,0.61,0.22,0.8,0.46,,1.66,0.38,,0.32,0.19,,,,0.87,0.63,44688.0,Lactococcus lactis subsp. lactis bv. diacetylactis,Duplodnaviria,Heunggongvirae,Uroviricota,Caudoviricetes,Caudoviricetes incertae sedis,Sandinevirus,unclassified Sandinevirus,,dsDNA
Shandongvirus,2843454,0.12,,,0.12,,,,,,,,,,,,267375.0,Pseudoalteromonas marina,Duplodnaviria,Heunggongvirae,Uroviricota,Caudoviricetes,Caudoviricetes incertae sedis,Shandongvirus,Shandongvirus H101,,dsDNA
Teubervirus,2843466,0.72,0.31,0.76,0.38,1.16,0.51,0.26,1.08,1.35,0.26,0.29,0.54,0.5,0.33,0.29,1358.0,Lactococcus lactis,Duplodnaviria,Heunggongvirae,Uroviricota,Caudoviricetes,Caudoviricetes incertae sedis,Teubervirus,Teubervirus AM6,,dsDNA
Teubervirus,2843466,0.72,0.31,0.76,0.38,1.16,0.51,0.26,1.08,1.35,0.26,0.29,0.54,0.5,0.33,0.29,1358.0,Lactococcus lactis,Duplodnaviria,Heunggongvirae,Uroviricota,Caudoviricetes,Caudoviricetes incertae sedis,Teubervirus,Teubervirus LW31,,dsDNA
Teubervirus,2843466,0.72,0.31,0.76,0.38,1.16,0.51,0.26,1.08,1.35,0.26,0.29,0.54,0.5,0.33,0.29,1358.0,Lactococcus lactis,Duplodnaviria,Heunggongvirae,Uroviricota,Caudoviricetes,Caudoviricetes incertae sedis,Teubervirus,Teubervirus P087,,dsDNA
Teubervirus,2843466,0.72,0.31,0.76,0.38,1.16,0.51,0.26,1.08,1.35,0.26,0.29,0.54,0.5,0.33,0.29,1358.0,Lactococcus lactis,Duplodnaviria,Heunggongvirae,Uroviricota,Caudoviricetes,Caudoviricetes incertae sedis,Teubervirus,Teubervirus P596,,dsDNA
Teubervirus,2843466,0.72,0.31,0.76,0.38,1.16,0.51,0.26,1.08,1.35,0.26,0.29,0.54,0.5,0.33,0.29,1359.0,Lactococcus cremoris,Duplodnaviria,Heunggongvirae,Uroviricota,Caudoviricetes,Caudoviricetes incertae sedis,Teubervirus,Teubervirus Q1,,dsDNA
Teubervirus,2843466,0.72,0.31,0.76,0.38,1.16,0.51,0.26,1.08,1.35,0.26,0.29,0.54,0.5,0.33,0.29,1359.0,Lactococcus cremoris,Duplodnaviria,Heunggongvirae,Uroviricota,Caudoviricetes,Caudoviricetes incertae sedis,Teubervirus,unclassified Teubervirus,,dsDNA
Vedamuthuvirus,2843470,0.11,,,0.08,,,,,,,,,,,,1358.0,Lactococcus lactis,Duplodnaviria,Heunggongvirae,Uroviricota,Caudoviricetes,Caudoviricetes incertae sedis,Vedamuthuvirus,Vedamuthuvirus vv50902,,dsDNA
Vedamuthuvirus,2843470,0.11,,,0.08,,,,,,,,,,,,1358.0,Lactococcus lactis,Duplodnaviria,Heunggongvirae,Uroviricota,Caudoviricetes,Caudoviricetes incertae sedis,Vedamuthuvirus,unclassified Vedamuthuvirus,,dsDNA
Vedamuthuvirus,2843470,0.11,,,0.08,,,,,,,,,,,,1358.0,Lactococcus lactis,Duplodnaviria,Heunggongvirae,Uroviricota,Caudoviricetes,Caudoviricetes incertae sedis,Vedamuthuvirus,Vedamuthuvirus BM13,,dsDNA
Vedamuthuvirus,2843470,0.11,,,0.08,,,,,,,,,,,,1358.0,Lactococcus lactis,Duplodnaviria,Heunggongvirae,Uroviricota,Caudoviricetes,Caudoviricetes incertae sedis,Vedamuthuvirus,Vedamuthuvirus vv62503,,dsDNA
Vedamuthuvirus,2843470,0.11,,,0.08,,,,,,,,,,,,1358.0,Lactococcus lactis,Duplodnaviria,Heunggongvirae,Uroviricota,Caudoviricetes,Caudoviricetes incertae sedis,Vedamuthuvirus,Vedamuthuvirus P1045,,dsDNA
Vedamuthuvirus,2843470,0.11,,,0.08,,,,,,,,,,,,1358.0,Lactococcus lactis,Duplodnaviria,Heunggongvirae,Uroviricota,Caudoviricetes,Caudoviricetes incertae sedis,Vedamuthuvirus,Vedamuthuvirus Q33,,dsDNA
Yonseivirus,2843478,0.69,0.69,0.9,0.52,,1.13,0.42,0.36,0.79,0.42,,0.26,0.17,0.46,0.62,573.0,Klebsiella pneumoniae,Duplodnaviria,Heunggongvirae,Uroviricota,Caudoviricetes,Caudoviricetes incertae sedis,Casjensviridae,Yonseivirus,Yonseivirus N137,dsDNA
Kahnovirus,2942979,0.47,0.35,0.41,0.45,,0.5,0.6,0.28,1.2,0.52,0.14,0.51,0.19,0.47,0.35,,,,,,,,,,,
Kehishuvirus,2942980,0.31,0.57,0.49,0.53,,0.6,1.08,0.58,0.7,1.09,0.2,0.73,0.36,0.33,0.48,329854.0,Bacteroides intestinalis,Duplodnaviria,Heunggongvirae,Uroviricota,Caudoviricetes,Crassvirales,Steigviridae,Asinivirinae,Kehishuvirus,dsDNA
Kehishuvirus,2942980,0.31,0.57,0.49,0.53,,0.6,1.08,0.58,0.7,1.09,0.2,0.73,0.36,0.33,0.48,246787.0,Bacteroides cellulosilyticus,Duplodnaviria,Heunggongvirae,Uroviricota,Caudoviricetes,Crassvirales,Steigviridae,Asinivirinae,Kehishuvirus,dsDNA
Paundivirus,2942981,0.08,,,0.08,,,,,,,,,,,,1.0,root,Duplodnaviria,Heunggongvirae,Uroviricota,Caudoviricetes,Crassvirales,Steigviridae,Asinivirinae,Paundivirus,dsDNA
Afonbuvirus,2942989,0.91,0.9,0.97,1.14,,0.67,0.89,0.64,1.1,1.26,0.14,1.2,0.53,0.72,0.93,1.0,root,Duplodnaviria,Heunggongvirae,Uroviricota,Caudoviricetes,Crassvirales,Suoliviridae,Bearivirinae,Afonbuvirus,dsDNA
Canhaevirus,2942990,0.24,0.18,0.38,0.24,,0.24,0.52,0.26,0.33,0.32,,0.36,0.22,0.16,0.2,1.0,root,Duplodnaviria,Heunggongvirae,Uroviricota,Caudoviricetes,Crassvirales,Suoliviridae,Boorivirinae,Canhaevirus,dsDNA
Cohcovirus,2942991,0.24,0.25,0.42,0.45,,0.18,0.69,0.23,0.54,0.39,,0.31,0.2,0.3,0.42,,,,,,,,,,,
Culoivirus,2942992,0.11,0.12,0.14,0.1,,0.17,0.24,,0.23,0.26,,,,0.11,,818.0,Bacteroides thetaiotaomicron,Duplodnaviria,Heunggongvirae,Uroviricota,Caudoviricetes,Crassvirales,Suoliviridae,Boorivirinae,Culoivirus,dsDNA
Culoivirus,2942992,0.11,0.12,0.14,0.1,,0.17,0.24,,0.23,0.26,,,,0.11,,976.0,Bacteroidota,Duplodnaviria,Heunggongvirae,Uroviricota,Caudoviricetes,Crassvirales,Suoliviridae,Boorivirinae,Culoivirus,dsDNA
Culoivirus,2942992,0.11,0.12,0.14,0.1,,0.17,0.24,,0.23,0.26,,,,0.11,,76594.0,Cellulophaga baltica,Duplodnaviria,Heunggongvirae,Uroviricota,Caudoviricetes,Crassvirales,Suoliviridae,Boorivirinae,Culoivirus,dsDNA
Culoivirus,2942992,0.11,0.12,0.14,0.1,,0.17,0.24,,0.23,0.26,,,,0.11,,329854.0,Bacteroides intestinalis,Duplodnaviria,Heunggongvirae,Uroviricota,Caudoviricetes,Crassvirales,Suoliviridae,Boorivirinae,Culoivirus,dsDNA
Culoivirus,2942992,0.11,0.12,0.14,0.1,,0.17,0.24,,0.23,0.26,,,,0.11,,371601.0,Bacteroides xylanisolvens,Duplodnaviria,Heunggongvirae,Uroviricota,Caudoviricetes,Crassvirales,Suoliviridae,Boorivirinae,Culoivirus,dsDNA
Blohavirus,2942993,0.67,0.45,0.71,0.93,,0.5,0.61,0.35,0.6,0.78,0.27,1.37,0.41,0.69,0.71,,,,,,,,,,,
Buchavirus,2942994,0.33,0.25,0.34,0.33,,0.31,0.44,0.22,0.42,0.43,0.18,0.49,0.19,0.27,0.24,1.0,root,Duplodnaviria,Heunggongvirae,Uroviricota,Caudoviricetes,Crassvirales,Suoliviridae,Loutivirinae,Buchavirus,dsDNA
Dunedinvirus,2943004,,0.08,,,,,,,,,,,,,,104623.0,Prodigiosinella confusarubida,Duplodnaviria,Heunggongvirae,Uroviricota,Caudoviricetes,Caudoviricetes incertae sedis,Casjensviridae,Dunedinvirus,Dunedinvirus JS26,dsDNA
Gediminasvirus,2943007,,,,,,,,,,,,,0.31,,,217203.0,Achromobacter spanius,Duplodnaviria,Heunggongvirae,Uroviricota,Caudoviricetes,Caudoviricetes incertae sedis,Casjensviridae,Gediminasvirus,Gediminasvirus AchV4,dsDNA
Gwanakrovirus,2943008,,0.08,,0.08,,,,,,,,,,,,79967.0,Erwinia pyrifoliae,Duplodnaviria,Heunggongvirae,Uroviricota,Caudoviricetes,Caudoviricetes incertae sedis,Casjensviridae,Gwanakrovirus,Gwanakrovirus SNUABM08,dsDNA
Phobosvirus,2943014,,,,,,,,,,,,,0.26,,,321.0,Pseudomonas syringae pv. syringae,Duplodnaviria,Heunggongvirae,Uroviricota,Caudoviricetes,Caudoviricetes incertae sedis,Casjensviridae,Phobosvirus,Phobosvirus phobos,dsDNA
Phobosvirus,2943014,,,,,,,,,,,,,0.26,,,323.0,Pseudomonas syringae pv. tomato,Duplodnaviria,Heunggongvirae,Uroviricota,Caudoviricetes,Caudoviricetes incertae sedis,Casjensviridae,Phobosvirus,Phobosvirus phobos,dsDNA
Phobosvirus,2943014,,,,,,,,,,,,,0.26,,,306.0,Pseudomonas sp.,Duplodnaviria,Heunggongvirae,Uroviricota,Caudoviricetes,Caudoviricetes incertae sedis,Casjensviridae,Phobosvirus,unclassified Phobosvirus,dsDNA
Salvovirus,2943016,0.66,0.13,0.25,0.59,,0.32,0.22,0.3,0.54,0.25,,,0.27,0.14,,33013.0,Clavibacter michiganensis subsp. michiganensis,Duplodnaviria,Heunggongvirae,Uroviricota,Caudoviricetes,Caudoviricetes incertae sedis,Casjensviridae,Salvovirus,unclassified Salvovirus,dsDNA
Salvovirus,2943016,0.66,0.13,0.25,0.59,,0.32,0.22,0.3,0.54,0.25,,,0.27,0.14,,314565.0,Xanthomonas campestris pv. campestris str. 8004,Duplodnaviria,Heunggongvirae,Uroviricota,Caudoviricetes,Caudoviricetes incertae sedis,Casjensviridae,Salvovirus,unclassified Salvovirus,dsDNA
Salvovirus,2943016,0.66,0.13,0.25,0.59,,0.32,0.22,0.3,0.54,0.25,,,0.27,0.14,,338.0,Xanthomonas,Duplodnaviria,Heunggongvirae,Uroviricota,Caudoviricetes,Caudoviricetes incertae sedis,Casjensviridae,Salvovirus,unclassified Salvovirus,dsDNA
Salvovirus,2943016,0.66,0.13,0.25,0.59,,0.32,0.22,0.3,0.54,0.25,,,0.27,0.14,,2371.0,Xylella fastidiosa,Duplodnaviria,Heunggongvirae,Uroviricota,Caudoviricetes,Caudoviricetes incertae sedis,Casjensviridae,Salvovirus,Salvovirus salvo,dsDNA
Seodaemunguvirus,2943017,,,,,,,,,,,,,0.67,,,573.0,Klebsiella pneumoniae,Duplodnaviria,Heunggongvirae,Uroviricota,Caudoviricetes,Caudoviricetes incertae sedis,Casjensviridae,Seodaemunguvirus,Seodaemunguvirus YMC16-01N133,dsDNA
Sharonstreetvirus,2943019,1.51,0.24,1.07,0.93,1.8,1.62,0.52,0.3,0.64,0.28,1.29,0.36,0.22,0.85,0.79,644.0,Aeromonas hydrophila,Duplodnaviria,Heunggongvirae,Uroviricota,Caudoviricetes,Caudoviricetes incertae sedis,Casjensviridae,Sharonstreetvirus,unclassified Sharonstreetvirus,dsDNA
Sharonstreetvirus,2943019,1.51,0.24,1.07,0.93,1.8,1.62,0.52,0.3,0.64,0.28,1.29,0.36,0.22,0.85,0.79,654.0,Aeromonas veronii,Duplodnaviria,Heunggongvirae,Uroviricota,Caudoviricetes,Caudoviricetes incertae sedis,Casjensviridae,Sharonstreetvirus,Sharonstreetvirus BUCT551,dsDNA
Sharonstreetvirus,2943019,1.51,0.24,1.07,0.93,1.8,1.62,0.52,0.3,0.64,0.28,1.29,0.36,0.22,0.85,0.79,647.0,Aeromonas sp.,Duplodnaviria,Heunggongvirae,Uroviricota,Caudoviricetes,Caudoviricetes incertae sedis,Casjensviridae,Sharonstreetvirus,Sharonstreetvirus xiamensis,dsDNA
Anayavirus,2946797,,,0.1,,,,,0.28,,,,,,,,246196.0,Mycolicibacterium smegmatis MC2 155,Duplodnaviria,Heunggongvirae,Uroviricota,Caudoviricetes,Caudoviricetes incertae sedis,Anayavirus,unclassified Anayavirus,,dsDNA
Anayavirus,2946797,,,0.1,,,,,0.28,,,,,,,,246196.0,Mycolicibacterium smegmatis MC2 155,Duplodnaviria,Heunggongvirae,Uroviricota,Caudoviricetes,Caudoviricetes incertae sedis,Anayavirus,Anayavirus adephagia,,dsDNA
Anayavirus,2946797,,,0.1,,,,,0.28,,,,,,,,246196.0,Mycolicibacterium smegmatis MC2 155,Duplodnaviria,Heunggongvirae,Uroviricota,Caudoviricetes,Caudoviricetes incertae sedis,Anayavirus,Anayavirus adonis,,dsDNA
Anayavirus,2946797,,,0.1,,,,,0.28,,,,,,,,1763.0,Mycobacterium,Duplodnaviria,Heunggongvirae,Uroviricota,Caudoviricetes,Caudoviricetes incertae sedis,Anayavirus,unclassified Anayavirus,,dsDNA
Anayavirus,2946797,,,0.1,,,,,0.28,,,,,,,,246196.0,Mycolicibacterium smegmatis MC2 155,Duplodnaviria,Heunggongvirae,Uroviricota,Caudoviricetes,Caudoviricetes incertae sedis,Anayavirus,Anayavirus alishaPH,,dsDNA
Anayavirus,2946797,,,0.1,,,,,0.28,,,,,,,,1772.0,Mycolicibacterium smegmatis,Duplodnaviria,Heunggongvirae,Uroviricota,Caudoviricetes,Caudoviricetes incertae sedis,Anayavirus,Anayavirus amelie,,dsDNA
Anayavirus,2946797,,,0.1,,,,,0.28,,,,,,,,246196.0,Mycolicibacterium smegmatis MC2 155,Duplodnaviria,Heunggongvirae,Uroviricota,Caudoviricetes,Caudoviricetes incertae sedis,Anayavirus,Anayavirus anaya,,dsDNA
Anayavirus,2946797,,,0.1,,,,,0.28,,,,,,,,246196.0,Mycolicibacterium smegmatis MC2 155,Duplodnaviria,Heunggongvirae,Uroviricota,Caudoviricetes,Caudoviricetes incertae sedis,Anayavirus,Anayavirus angelica,,dsDNA
Anayavirus,2946797,,,0.1,,,,,0.28,,,,,,,,246196.0,Mycolicibacterium smegmatis MC2 155,Duplodnaviria,Heunggongvirae,Uroviricota,Caudoviricetes,Caudoviricetes incertae sedis,Anayavirus,Anayavirus apocalypse,,dsDNA
Anayavirus,2946797,,,0.1,,,,,0.28,,,,,,,,246196.0,Mycolicibacterium smegmatis MC2 155,Duplodnaviria,Heunggongvirae,Uroviricota,Caudoviricetes,Caudoviricetes incertae sedis,Anayavirus,Anayavirus JAWS,,dsDNA
Anayavirus,2946797,,,0.1,,,,,0.28,,,,,,,,246196.0,Mycolicibacterium smegmatis MC2 155,Duplodnaviria,Heunggongvirae,Uroviricota,Caudoviricetes,Caudoviricetes incertae sedis,Anayavirus,Anayavirus beezoo,,dsDNA
Anayavirus,2946797,,,0.1,,,,,0.28,,,,,,,,246196.0,Mycolicibacterium smegmatis MC2 155,Duplodnaviria,Heunggongvirae,Uroviricota,Caudoviricetes,Caudoviricetes incertae sedis,Anayavirus,Anayavirus bella96,,dsDNA
Anayavirus,2946797,,,0.1,,,,,0.28,,,,,,,,1785.0,Mycobacterium sp.,Duplodnaviria,Heunggongvirae,Uroviricota,Caudoviricetes,Caudoviricetes incertae sedis,Anayavirus,unclassified Anayavirus,,dsDNA
Anayavirus,2946797,,,0.1,,,,,0.28,,,,,,,,246196.0,Mycolicibacterium smegmatis MC2 155,Duplodnaviria,Heunggongvirae,Uroviricota,Caudoviricetes,Caudoviricetes incertae sedis,Anayavirus,Anayavirus chris,,dsDNA
Anayavirus,2946797,,,0.1,,,,,0.28,,,,,,,,246196.0,Mycolicibacterium smegmatis MC2 155,Duplodnaviria,Heunggongvirae,Uroviricota,Caudoviricetes,Caudoviricetes incertae sedis,Anayavirus,Anayavirus crimD,,dsDNA
Anayavirus,2946797,,,0.1,,,,,0.28,,,,,,,,246196.0,Mycolicibacterium smegmatis MC2 155,Duplodnaviria,Heunggongvirae,Uroviricota,Caudoviricetes,Caudoviricetes incertae sedis,Anayavirus,Anayavirus curiosium,,dsDNA
Anayavirus,2946797,,,0.1,,,,,0.28,,,,,,,,1763.0,Mycobacterium,Duplodnaviria,Heunggongvirae,Uroviricota,Caudoviricetes,Caudoviricetes incertae sedis,Anayavirus,Anayavirus angelica,,dsDNA
Anayavirus,2946797,,,0.1,,,,,0.28,,,,,,,,246196.0,Mycolicibacterium smegmatis MC2 155,Duplodnaviria,Heunggongvirae,Uroviricota,Caudoviricetes,Caudoviricetes incertae sedis,Anayavirus,Anayavirus kisi,,dsDNA
Anayavirus,2946797,,,0.1,,,,,0.28,,,,,,,,246196.0,Mycolicibacterium smegmatis MC2 155,Duplodnaviria,Heunggongvirae,Uroviricota,Caudoviricetes,Caudoviricetes incertae sedis,Anayavirus,Anayavirus lasthope,,dsDNA
Anayavirus,2946797,,,0.1,,,,,0.28,,,,,,,,246196.0,Mycolicibacterium smegmatis MC2 155,Duplodnaviria,Heunggongvirae,Uroviricota,Caudoviricetes,Caudoviricetes incertae sedis,Anayavirus,Anayavirus laterM,,dsDNA
Anayavirus,2946797,,,0.1,,,,,0.28,,,,,,,,246196.0,Mycolicibacterium smegmatis MC2 155,Duplodnaviria,Heunggongvirae,Uroviricota,Caudoviricetes,Caudoviricetes incertae sedis,Anayavirus,Anayavirus markphew,,dsDNA
Anayavirus,2946797,,,0.1,,,,,0.28,,,,,,,,246196.0,Mycolicibacterium smegmatis MC2 155,Duplodnaviria,Heunggongvirae,Uroviricota,Caudoviricetes,Caudoviricetes incertae sedis,Anayavirus,Anayavirus marshawn,,dsDNA
Anayavirus,2946797,,,0.1,,,,,0.28,,,,,,,,246196.0,Mycolicibacterium smegmatis MC2 155,Duplodnaviria,Heunggongvirae,Uroviricota,Caudoviricetes,Caudoviricetes incertae sedis,Anayavirus,Anayavirus murucutumbu,,dsDNA
Anayavirus,2946797,,,0.1,,,,,0.28,,,,,,,,246196.0,Mycolicibacterium smegmatis MC2 155,Duplodnaviria,Heunggongvirae,Uroviricota,Caudoviricetes,Caudoviricetes incertae sedis,Anayavirus,Anayavirus nibb,,dsDNA
Anayavirus,2946797,,,0.1,,,,,0.28,,,,,,,,246196.0,Mycolicibacterium smegmatis MC2 155,Duplodnaviria,Heunggongvirae,Uroviricota,Caudoviricetes,Caudoviricetes incertae sedis,Anayavirus,Anayavirus niklas,,dsDNA
Anayavirus,2946797,,,0.1,,,,,0.28,,,,,,,,246196.0,Mycolicibacterium smegmatis MC2 155,Duplodnaviria,Heunggongvirae,Uroviricota,Caudoviricetes,Caudoviricetes incertae sedis,Anayavirus,Anayavirus prithvi,,dsDNA
Anayavirus,2946797,,,0.1,,,,,0.28,,,,,,,,246196.0,Mycolicibacterium smegmatis MC2 155,Duplodnaviria,Heunggongvirae,Uroviricota,Caudoviricetes,Caudoviricetes incertae sedis,Anayavirus,Anayavirus sirphilip,,dsDNA
Anayavirus,2946797,,,0.1,,,,,0.28,,,,,,,,246196.0,Mycolicibacterium smegmatis MC2 155,Duplodnaviria,Heunggongvirae,Uroviricota,Caudoviricetes,Caudoviricetes incertae sedis,Anayavirus,Anayavirus urkel,,dsDNA
Anayavirus,2946797,,,0.1,,,,,0.28,,,,,,,,246196.0,Mycolicibacterium smegmatis MC2 155,Duplodnaviria,Heunggongvirae,Uroviricota,Caudoviricetes,Caudoviricetes incertae sedis,Anayavirus,Anayavirus validus,,dsDNA
Anayavirus,2946797,,,0.1,,,,,0.28,,,,,,,,246196.0,Mycolicibacterium smegmatis MC2 155,Duplodnaviria,Heunggongvirae,Uroviricota,Caudoviricetes,Caudoviricetes incertae sedis,Anayavirus,Anayavirus yuna,,dsDNA
Anayavirus,2946797,,,0.1,,,,,0.28,,,,,,,,246196.0,Mycolicibacterium smegmatis MC2 155,Duplodnaviria,Heunggongvirae,Uroviricota,Caudoviricetes,Caudoviricetes incertae sedis,Anayavirus,Anayavirus yunkel11,,dsDNA
Anayavirus,2946797,,,0.1,,,,,0.28,,,,,,,,246196.0,Mycolicibacterium smegmatis MC2 155,Duplodnaviria,Heunggongvirae,Uroviricota,Caudoviricetes,Caudoviricetes incertae sedis,Anayavirus,Anayavirus zavala,,dsDNA
Aurodevirus,2946811,0.66,1.01,1.32,1.22,1.06,0.88,1.07,0.92,1.34,1.26,0.24,1.51,0.76,0.7,0.85,1.0,root,Duplodnaviria,Heunggongvirae,Uroviricota,Caudoviricetes,Crassvirales,Suoliviridae,Uncouvirinae,Aurodevirus,dsDNA
Birpovirus,2946830,0.47,0.23,0.45,0.51,,0.32,0.31,,0.47,0.4,,0.41,0.2,0.33,0.5,,,,,,,,,,,
Buorbuivirus,2948644,0.19,0.22,0.31,0.21,,,0.27,0.29,0.22,0.43,,,0.2,0.14,0.21,,,,,,,,,,,
Burzaovirus,2948645,7.37,3.64,6.61,5.76,5.17,3.13,2.74,2.13,6.91,4.41,0.73,4.27,3.77,5.63,6.27,1.0,root,Duplodnaviria,Heunggongvirae,Uroviricota,Caudoviricetes,Crassvirales,Suoliviridae,Oafivirinae,Burzaovirus,dsDNA
Cacepaovirus,2948646,,,,,,,,,,,0.13,,,,,,,,,,,,,,,
Carjivirus,2948652,9.54,3.47,7.06,9.09,6.97,6.0,8.71,2.73,7.14,6.69,1.67,8.12,3.87,7.79,5.96,1869227.0,bacterium,Duplodnaviria,Heunggongvirae,Uroviricota,Caudoviricetes,Crassvirales,Intestiviridae,Crudevirinae,Carjivirus,dsDNA
Carjivirus,2948652,9.54,3.47,7.06,9.09,6.97,6.0,8.71,2.73,7.14,6.69,1.67,8.12,3.87,7.79,5.96,1.0,root,Duplodnaviria,Heunggongvirae,Uroviricota,Caudoviricetes,Crassvirales,Intestiviridae,Crudevirinae,Carjivirus,dsDNA
Carjivirus,2948652,9.54,3.47,7.06,9.09,6.97,6.0,8.71,2.73,7.14,6.69,1.67,8.12,3.87,7.79,5.96,976.0,Bacteroidota,Duplodnaviria,Heunggongvirae,Uroviricota,Caudoviricetes,Crassvirales,Intestiviridae,Crudevirinae,Carjivirus,dsDNA
Carjivirus,2948652,9.54,3.47,7.06,9.09,6.97,6.0,8.71,2.73,7.14,6.69,1.67,8.12,3.87,7.79,5.96,9606.0,Homo sapiens,Duplodnaviria,Heunggongvirae,Uroviricota,Caudoviricetes,Crassvirales,Intestiviridae,Crudevirinae,Carjivirus,dsDNA
Chrysonvirus,2948662,,,,,,,,,,,,,0.15,,,644.0,Aeromonas hydrophila,Duplodnaviria,Heunggongvirae,Uroviricota,Caudoviricetes,Pantevenvirales,Straboviridae,Chrysonvirus,unclassified Chrysonvirus,dsDNA
Chrysonvirus,2948662,,,,,,,,,,,,,0.15,,,645.0,Aeromonas salmonicida,Duplodnaviria,Heunggongvirae,Uroviricota,Caudoviricetes,Pantevenvirales,Straboviridae,Chrysonvirus,Chrysonvirus as5,dsDNA
Cinqassovirus,2948665,,,,,,,,,,,,,0.15,,,644.0,Aeromonas hydrophila,Duplodnaviria,Heunggongvirae,Uroviricota,Caudoviricetes,Pantevenvirales,Straboviridae,Cinqassovirus,Cinqassovirus aeh1,dsDNA
Clownvirus,2948667,,,,0.08,,,,,,,,,,,,,,,,,,,,,,
Dabirmavirus,2948671,0.26,0.08,0.26,0.26,,0.15,0.22,,0.27,0.32,,,,0.19,0.26,,,,,,,,,,,
Diorhovirus,2948680,0.32,0.19,0.23,0.18,,,0.44,,0.21,0.15,,0.24,,0.11,,,,,,,,,,,,
Drivevirus,2948684,,0.1,0.11,0.1,,,,,,,,,,,,,,,,,,,,,,
Duodecimduovirus,2948687,,,,,,,,,,,,0.23,,,,28450.0,Burkholderia pseudomallei,Duplodnaviria,Heunggongvirae,Uroviricota,Caudoviricetes,Caudoviricetes incertae sedis,Peduoviridae,Duodecimduovirus,Duodecimduovirus phiE122,dsDNA
Delmidovirus,2948688,0.23,0.13,0.21,0.21,,0.19,0.2,,0.27,0.25,,0.24,0.12,0.21,,818.0,Bacteroides thetaiotaomicron,Duplodnaviria,Heunggongvirae,Uroviricota,Caudoviricetes,Crassvirales,Intestiviridae,Crudevirinae,Delmidovirus,dsDNA
Delmidovirus,2948688,0.23,0.13,0.21,0.21,,0.19,0.2,,0.27,0.25,,0.24,0.12,0.21,,76594.0,Cellulophaga baltica,Duplodnaviria,Heunggongvirae,Uroviricota,Caudoviricetes,Crassvirales,Intestiviridae,Crudevirinae,Delmidovirus,dsDNA
Delmidovirus,2948688,0.23,0.13,0.21,0.21,,0.19,0.2,,0.27,0.25,,0.24,0.12,0.21,,329854.0,Bacteroides intestinalis,Duplodnaviria,Heunggongvirae,Uroviricota,Caudoviricetes,Crassvirales,Intestiviridae,Crudevirinae,Delmidovirus,dsDNA
Delmidovirus,2948688,0.23,0.13,0.21,0.21,,0.19,0.2,,0.27,0.25,,0.24,0.12,0.21,,371601.0,Bacteroides xylanisolvens,Duplodnaviria,Heunggongvirae,Uroviricota,Caudoviricetes,Crassvirales,Intestiviridae,Crudevirinae,Delmidovirus,dsDNA
Efbeekayvirus,2948690,1.02,1.23,0.95,0.85,,1.45,2.08,10.98,0.83,0.58,0.16,0.37,0.6,0.38,0.53,558.0,Erwinia sp.,Duplodnaviria,Heunggongvirae,Uroviricota,Caudoviricetes,Caudoviricetes incertae sedis,Schitoviridae,Efbeekayvirus,unclassified Efbeekayvirus,dsDNA
Efbeekayvirus,2948690,1.02,1.23,0.95,0.85,,1.45,2.08,10.98,0.83,0.58,0.16,0.37,0.6,0.38,0.53,1420013.0,Klebsiella pneumoniae 30684/NJST258_2,Duplodnaviria,Heunggongvirae,Uroviricota,Caudoviricetes,Caudoviricetes incertae sedis,Schitoviridae,Efbeekayvirus,unclassified Efbeekayvirus,dsDNA
Efbeekayvirus,2948690,1.02,1.23,0.95,0.85,,1.45,2.08,10.98,0.83,0.58,0.16,0.37,0.6,0.38,0.53,576.0,Klebsiella sp.,Duplodnaviria,Heunggongvirae,Uroviricota,Caudoviricetes,Caudoviricetes incertae sedis,Schitoviridae,Efbeekayvirus,unclassified Efbeekayvirus,dsDNA
Efbeekayvirus,2948690,1.02,1.23,0.95,0.85,,1.45,2.08,10.98,0.83,0.58,0.16,0.37,0.6,0.38,0.53,573.0,Klebsiella pneumoniae,Duplodnaviria,Heunggongvirae,Uroviricota,Caudoviricetes,Caudoviricetes incertae sedis,Schitoviridae,Efbeekayvirus,unclassified Efbeekayvirus,dsDNA
Efbeekayvirus,2948690,1.02,1.23,0.95,0.85,,1.45,2.08,10.98,0.83,0.58,0.16,0.37,0.6,0.38,0.53,570.0,Klebsiella,Duplodnaviria,Heunggongvirae,Uroviricota,Caudoviricetes,Caudoviricetes incertae sedis,Schitoviridae,Efbeekayvirus,unclassified Efbeekayvirus,dsDNA
Endlipuvirus,2948697,0.27,0.12,0.19,0.17,,0.25,0.26,0.2,0.25,0.33,,0.19,,0.27,0.22,,,,,,,,,,,
Exceevirus,2948704,0.6,0.75,0.92,0.61,,0.99,0.67,0.32,0.48,0.45,0.27,0.22,1.96,0.33,0.68,470.0,Acinetobacter baumannii,Duplodnaviria,Heunggongvirae,Uroviricota,Caudoviricetes,Caudoviricetes incertae sedis,Schitoviridae,Exceevirus,Exceevirus Xc38,dsDNA
Exceevirus,2948704,0.6,0.75,0.92,0.61,,0.99,0.67,0.32,0.48,0.45,0.27,0.22,1.96,0.33,0.68,48296.0,Acinetobacter pittii,Duplodnaviria,Heunggongvirae,Uroviricota,Caudoviricetes,Caudoviricetes incertae sedis,Schitoviridae,Exceevirus,Exceevirus Xc38,dsDNA
Fohxhuevirus,2948709,0.53,0.25,0.41,0.39,,0.22,,0.2,0.44,0.5,,0.39,0.15,0.59,0.37,,,,,,,,,,,
Hacihdavirus,2948736,0.11,,,,,,,,,,,,,,,,,,,,,,,,,
Harrisonburgvirus,2948755,,,,,,,,,,,0.8,,,,,287.0,Pseudomonas aeruginosa,Duplodnaviria,Heunggongvirae,Uroviricota,Caudoviricetes,Caudoviricetes incertae sedis,Harrisonburgvirus,Harrisonburgvirus persinger,,dsDNA
Jahgtovirus,2948767,0.66,0.66,0.66,0.68,1.06,0.4,0.65,0.32,0.62,0.64,,0.79,0.42,0.42,0.59,371601.0,Bacteroides xylanisolvens,Duplodnaviria,Heunggongvirae,Uroviricota,Caudoviricetes,Crassvirales,Intestiviridae,Churivirinae,Jahgtovirus,dsDNA
Jahgtovirus,2948767,0.66,0.66,0.66,0.68,1.06,0.4,0.65,0.32,0.62,0.64,,0.79,0.42,0.42,0.59,1.0,root,Duplodnaviria,Heunggongvirae,Uroviricota,Caudoviricetes,Crassvirales,Intestiviridae,Churivirinae,Jahgtovirus,dsDNA
Jahgtovirus,2948767,0.66,0.66,0.66,0.68,1.06,0.4,0.65,0.32,0.62,0.64,,0.79,0.42,0.42,0.59,818.0,Bacteroides thetaiotaomicron,Duplodnaviria,Heunggongvirae,Uroviricota,Caudoviricetes,Crassvirales,Intestiviridae,Churivirinae,Jahgtovirus,dsDNA
Jahgtovirus,2948767,0.66,0.66,0.66,0.68,1.06,0.4,0.65,0.32,0.62,0.64,,0.79,0.42,0.42,0.59,976.0,Bacteroidota,Duplodnaviria,Heunggongvirae,Uroviricota,Caudoviricetes,Crassvirales,Intestiviridae,Churivirinae,Jahgtovirus,dsDNA
Jahgtovirus,2948767,0.66,0.66,0.66,0.68,1.06,0.4,0.65,0.32,0.62,0.64,,0.79,0.42,0.42,0.59,76594.0,Cellulophaga baltica,Duplodnaviria,Heunggongvirae,Uroviricota,Caudoviricetes,Crassvirales,Intestiviridae,Churivirinae,Jahgtovirus,dsDNA
Jahgtovirus,2948767,0.66,0.66,0.66,0.68,1.06,0.4,0.65,0.32,0.62,0.64,,0.79,0.42,0.42,0.59,329854.0,Bacteroides intestinalis,Duplodnaviria,Heunggongvirae,Uroviricota,Caudoviricetes,Crassvirales,Intestiviridae,Churivirinae,Jahgtovirus,dsDNA
Jiangsuvirus,2948770,,,,,,,,,,,,,,,2.47,306.0,Pseudomonas sp.,Duplodnaviria,Heunggongvirae,Uroviricota,Caudoviricetes,Pantevenvirales,Straboviridae,Jiangsuvirus,Jiangsuvirus pspyzu05,dsDNA
Junduvirus,2948774,0.3,0.11,0.29,0.33,,0.2,0.34,,12.79,0.18,,0.39,0.18,0.32,0.18,818.0,Bacteroides thetaiotaomicron,Duplodnaviria,Heunggongvirae,Uroviricota,Caudoviricetes,Crassvirales,Crevaviridae,Coarsevirinae,Junduvirus,dsDNA
Junduvirus,2948774,0.3,0.11,0.29,0.33,,0.2,0.34,,12.79,0.18,,0.39,0.18,0.32,0.18,976.0,Bacteroidota,Duplodnaviria,Heunggongvirae,Uroviricota,Caudoviricetes,Crassvirales,Crevaviridae,Coarsevirinae,Junduvirus,dsDNA
Junduvirus,2948774,0.3,0.11,0.29,0.33,,0.2,0.34,,12.79,0.18,,0.39,0.18,0.32,0.18,76594.0,Cellulophaga baltica,Duplodnaviria,Heunggongvirae,Uroviricota,Caudoviricetes,Crassvirales,Crevaviridae,Coarsevirinae,Junduvirus,dsDNA
Junduvirus,2948774,0.3,0.11,0.29,0.33,,0.2,0.34,,12.79,0.18,,0.39,0.18,0.32,0.18,329854.0,Bacteroides intestinalis,Duplodnaviria,Heunggongvirae,Uroviricota,Caudoviricetes,Crassvirales,Crevaviridae,Coarsevirinae,Junduvirus,dsDNA
Junduvirus,2948774,0.3,0.11,0.29,0.33,,0.2,0.34,,12.79,0.18,,0.39,0.18,0.32,0.18,371601.0,Bacteroides xylanisolvens,Duplodnaviria,Heunggongvirae,Uroviricota,Caudoviricetes,Crassvirales,Crevaviridae,Coarsevirinae,Junduvirus,dsDNA
Justusliebigvirus,2948775,,0.07,,,,,,,,,,,,,,197.0,Campylobacter jejuni,Duplodnaviria,Heunggongvirae,Uroviricota,Caudoviricetes,Caudoviricetes incertae sedis,Justusliebigvirus,unclassified Justusliebigvirus,,dsDNA
Justusliebigvirus,2948775,,0.07,,,,,,,,,,,,,,543.0,Enterobacteriaceae,Duplodnaviria,Heunggongvirae,Uroviricota,Caudoviricetes,Caudoviricetes incertae sedis,Justusliebigvirus,unclassified Justusliebigvirus,,dsDNA
Justusliebigvirus,2948775,,0.07,,,,,,,,,,,,,,511145.0,Escherichia coli str. K-12 substr. MG1655,Duplodnaviria,Heunggongvirae,Uroviricota,Caudoviricetes,Caudoviricetes incertae sedis,Justusliebigvirus,Justusliebigvirus alia,,dsDNA
Justusliebigvirus,2948775,,0.07,,,,,,,,,,,,,,83333.0,Escherichia coli K-12,Duplodnaviria,Heunggongvirae,Uroviricota,Caudoviricetes,Caudoviricetes incertae sedis,Justusliebigvirus,unclassified Justusliebigvirus,,dsDNA
Justusliebigvirus,2948775,,0.07,,,,,,,,,,,,,,511145.0,Escherichia coli str. K-12 substr. MG1655,Duplodnaviria,Heunggongvirae,Uroviricota,Caudoviricetes,Caudoviricetes incertae sedis,Justusliebigvirus,unclassified Justusliebigvirus,,dsDNA
Justusliebigvirus,2948775,,0.07,,,,,,,,,,,,,,562.0,Escherichia coli,Duplodnaviria,Heunggongvirae,Uroviricota,Caudoviricetes,Caudoviricetes incertae sedis,Justusliebigvirus,unclassified Justusliebigvirus,,dsDNA
Justusliebigvirus,2948775,,0.07,,,,,,,,,,,,,,561.0,Escherichia,Duplodnaviria,Heunggongvirae,Uroviricota,Caudoviricetes,Caudoviricetes incertae sedis,Justusliebigvirus,unclassified Justusliebigvirus,,dsDNA
Justusliebigvirus,2948775,,0.07,,,,,,,,,,,,,,511145.0,Escherichia coli str. K-12 substr. MG1655,Duplodnaviria,Heunggongvirae,Uroviricota,Caudoviricetes,Caudoviricetes incertae sedis,Justusliebigvirus,Justusliebigvirus muut,,dsDNA
Justusliebigvirus,2948775,,0.07,,,,,,,,,,,,,,562.0,Escherichia coli,Duplodnaviria,Heunggongvirae,Uroviricota,Caudoviricetes,Caudoviricetes incertae sedis,Justusliebigvirus,Justusliebigvirus phi92,,dsDNA
Justusliebigvirus,2948775,,0.07,,,,,,,,,,,,,,1884818.0,Escherichia sp.,Duplodnaviria,Heunggongvirae,Uroviricota,Caudoviricetes,Caudoviricetes incertae sedis,Justusliebigvirus,unclassified Justusliebigvirus,,dsDNA
Justusliebigvirus,2948775,,0.07,,,,,,,,,,,,,,668369.0,Escherichia coli DH5[alpha],Duplodnaviria,Heunggongvirae,Uroviricota,Caudoviricetes,Caudoviricetes incertae sedis,Justusliebigvirus,unclassified Justusliebigvirus,,dsDNA
Justusliebigvirus,2948775,,0.07,,,,,,,,,,,,,,561.0,Escherichia,Duplodnaviria,Heunggongvirae,Uroviricota,Caudoviricetes,Caudoviricetes incertae sedis,Justusliebigvirus,Justusliebigvirus PHB05,,dsDNA
Justusliebigvirus,2948775,,0.07,,,,,,,,,,,,,,562.0,Escherichia coli,Duplodnaviria,Heunggongvirae,Uroviricota,Caudoviricetes,Caudoviricetes incertae sedis,Justusliebigvirus,Justusliebigvirus PD06,,dsDNA
Justusliebigvirus,2948775,,0.07,,,,,,,,,,,,,,562.0,Escherichia coli,Duplodnaviria,Heunggongvirae,Uroviricota,Caudoviricetes,Caudoviricetes incertae sedis,Justusliebigvirus,Justusliebigvirus VEcB,,dsDNA
Justusliebigvirus,2948775,,0.07,,,,,,,,,,,,,,562.0,Escherichia coli,Duplodnaviria,Heunggongvirae,Uroviricota,Caudoviricetes,Caudoviricetes incertae sedis,Justusliebigvirus,,,dsDNA
Justusliebigvirus,2948775,,0.07,,,,,,,,,,,,,,573.0,Klebsiella pneumoniae,Duplodnaviria,Heunggongvirae,Uroviricota,Caudoviricetes,Caudoviricetes incertae sedis,Justusliebigvirus,unclassified Justusliebigvirus,,dsDNA
Justusliebigvirus,2948775,,0.07,,,,,,,,,,,,,,90371.0,Salmonella enterica subsp. enterica serovar Typhimurium,Duplodnaviria,Heunggongvirae,Uroviricota,Caudoviricetes,Caudoviricetes incertae sedis,Justusliebigvirus,unclassified Justusliebigvirus,,dsDNA
Justusliebigvirus,2948775,,0.07,,,,,,,,,,,,,,47917.0,Serratia fonticola,Duplodnaviria,Heunggongvirae,Uroviricota,Caudoviricetes,Caudoviricetes incertae sedis,Justusliebigvirus,unclassified Justusliebigvirus,,dsDNA
Kingevirus,2948785,1.23,0.72,1.27,1.6,,0.99,1.98,0.64,1.18,1.36,0.23,1.59,0.95,1.14,1.08,818.0,Bacteroides thetaiotaomicron,Duplodnaviria,Heunggongvirae,Uroviricota,Caudoviricetes,Crassvirales,Crevaviridae,Doltivirinae,Kingevirus,dsDNA
Kingevirus,2948785,1.23,0.72,1.27,1.6,,0.99,1.98,0.64,1.18,1.36,0.23,1.59,0.95,1.14,1.08,976.0,Bacteroidota,Duplodnaviria,Heunggongvirae,Uroviricota,Caudoviricetes,Crassvirales,Crevaviridae,Doltivirinae,Kingevirus,dsDNA
Kingevirus,2948785,1.23,0.72,1.27,1.6,,0.99,1.98,0.64,1.18,1.36,0.23,1.59,0.95,1.14,1.08,76594.0,Cellulophaga baltica,Duplodnaviria,Heunggongvirae,Uroviricota,Caudoviricetes,Crassvirales,Crevaviridae,Doltivirinae,Kingevirus,dsDNA
Kingevirus,2948785,1.23,0.72,1.27,1.6,,0.99,1.98,0.64,1.18,1.36,0.23,1.59,0.95,1.14,1.08,329854.0,Bacteroides intestinalis,Duplodnaviria,Heunggongvirae,Uroviricota,Caudoviricetes,Crassvirales,Crevaviridae,Doltivirinae,Kingevirus,dsDNA
Kingevirus,2948785,1.23,0.72,1.27,1.6,,0.99,1.98,0.64,1.18,1.36,0.23,1.59,0.95,1.14,1.08,371601.0,Bacteroides xylanisolvens,Duplodnaviria,Heunggongvirae,Uroviricota,Caudoviricetes,Crassvirales,Crevaviridae,Doltivirinae,Kingevirus,dsDNA
Kolpuevirus,2948787,0.17,0.21,0.22,0.25,,0.17,0.35,,0.44,0.31,,0.25,,0.19,,818.0,Bacteroides thetaiotaomicron,Duplodnaviria,Heunggongvirae,Uroviricota,Caudoviricetes,Crassvirales,Steigviridae,Asinivirinae,Kolpuevirus,dsDNA
Kolpuevirus,2948787,0.17,0.21,0.22,0.25,,0.17,0.35,,0.44,0.31,,0.25,,0.19,,976.0,Bacteroidota,Duplodnaviria,Heunggongvirae,Uroviricota,Caudoviricetes,Crassvirales,Steigviridae,Asinivirinae,Kolpuevirus,dsDNA
Kolpuevirus,2948787,0.17,0.21,0.22,0.25,,0.17,0.35,,0.44,0.31,,0.25,,0.19,,371601.0,Bacteroides xylanisolvens,Duplodnaviria,Heunggongvirae,Uroviricota,Caudoviricetes,Crassvirales,Steigviridae,Asinivirinae,Kolpuevirus,dsDNA
Kratiovirus,2948788,0.23,0.07,,,,,,,,,,,,,,246196.0,Mycolicibacterium smegmatis MC2 155,Duplodnaviria,Heunggongvirae,Uroviricota,Caudoviricetes,Caudoviricetes incertae sedis,Kratiovirus,Kratiovirus larva,,dsDNA
Kratiovirus,2948788,0.23,0.07,,,,,,,,,,,,,,1763.0,Mycobacterium,Duplodnaviria,Heunggongvirae,Uroviricota,Caudoviricetes,Caudoviricetes incertae sedis,Kratiovirus,Kratiovirus collard,,dsDNA
Kratiovirus,2948788,0.23,0.07,,,,,,,,,,,,,,246196.0,Mycolicibacterium smegmatis MC2 155,Duplodnaviria,Heunggongvirae,Uroviricota,Caudoviricetes,Caudoviricetes incertae sedis,Kratiovirus,unclassified Kratiovirus,,dsDNA
Kratiovirus,2948788,0.23,0.07,,,,,,,,,,,,,,1763.0,Mycobacterium,Duplodnaviria,Heunggongvirae,Uroviricota,Caudoviricetes,Caudoviricetes incertae sedis,Kratiovirus,unclassified Kratiovirus,,dsDNA
Kratiovirus,2948788,0.23,0.07,,,,,,,,,,,,,,246196.0,Mycolicibacterium smegmatis MC2 155,Duplodnaviria,Heunggongvirae,Uroviricota,Caudoviricetes,Caudoviricetes incertae sedis,Kratiovirus,Kratiovirus gengar,,dsDNA
Kratiovirus,2948788,0.23,0.07,,,,,,,,,,,,,,246196.0,Mycolicibacterium smegmatis MC2 155,Duplodnaviria,Heunggongvirae,Uroviricota,Caudoviricetes,Caudoviricetes incertae sedis,Kratiovirus,Kratiovirus kratio,,dsDNA
Kratiovirus,2948788,0.23,0.07,,,,,,,,,,,,,,246196.0,Mycolicibacterium smegmatis MC2 155,Duplodnaviria,Heunggongvirae,Uroviricota,Caudoviricetes,Caudoviricetes incertae sedis,Kratiovirus,Kratiovirus leston,,dsDNA
Kratiovirus,2948788,0.23,0.07,,,,,,,,,,,,,,246196.0,Mycolicibacterium smegmatis MC2 155,Duplodnaviria,Heunggongvirae,Uroviricota,Caudoviricetes,Caudoviricetes incertae sedis,Kratiovirus,Kratiovirus omnicron,,dsDNA
Kratiovirus,2948788,0.23,0.07,,,,,,,,,,,,,,246196.0,Mycolicibacterium smegmatis MC2 155,Duplodnaviria,Heunggongvirae,Uroviricota,Caudoviricetes,Caudoviricetes incertae sedis,Kratiovirus,Kratiovirus paola,,dsDNA
Kratiovirus,2948788,0.23,0.07,,,,,,,,,,,,,,246196.0,Mycolicibacterium smegmatis MC2 155,Duplodnaviria,Heunggongvirae,Uroviricota,Caudoviricetes,Caudoviricetes incertae sedis,Kratiovirus,Kratiovirus rando14,,dsDNA
Kratiovirus,2948788,0.23,0.07,,,,,,,,,,,,,,1763.0,Mycobacterium,Duplodnaviria,Heunggongvirae,Uroviricota,Caudoviricetes,Caudoviricetes incertae sedis,Kratiovirus,Kratiovirus thyatira,,dsDNA
Kratiovirus,2948788,0.23,0.07,,,,,,,,,,,,,,246196.0,Mycolicibacterium smegmatis MC2 155,Duplodnaviria,Heunggongvirae,Uroviricota,Caudoviricetes,Caudoviricetes incertae sedis,Kratiovirus,Kratiovirus thyatira,,dsDNA
Kunmingvirus,2948791,0.42,0.74,0.58,0.62,,1.0,0.5,,,,0.21,,,0.18,0.3,948519.0,Aeromonas rivipollensis,Duplodnaviria,Heunggongvirae,Uroviricota,Caudoviricetes,Caudoviricetes incertae sedis,Kunmingvirus,Kunmingvirus kv2D05,,dsDNA
Kunmingvirus,2948791,0.42,0.74,0.58,0.62,,1.0,0.5,,,,0.21,,,0.18,0.3,948519.0,Aeromonas rivipollensis,Duplodnaviria,Heunggongvirae,Uroviricota,Caudoviricetes,Caudoviricetes incertae sedis,Kunmingvirus,Kunmingvirus kv4D05,,dsDNA
Lebriduvirus,2948797,,0.06,,0.07,,,,,,,,,,,,,,,,,,,,,,
Lilmcdreamyvirus,2948802,,,,,,,,,,,,,0.16,,,246196.0,Mycolicibacterium smegmatis MC2 155,Duplodnaviria,Heunggongvirae,Uroviricota,Caudoviricetes,Caudoviricetes incertae sedis,Lilmcdreamyvirus,Lilmcdreamyvirus lilmcdreamy,,dsDNA
Lowelvirus,2948806,,,,,,,,,,,,0.28,,,,32051.0,Synechococcus sp. WH 7803,Duplodnaviria,Heunggongvirae,Uroviricota,Caudoviricetes,Pantevenvirales,Kyanoviridae,Lowelvirus,Lowelvirus tuscon4d,dsDNA
Mahlunavirus,2948812,,,,0.08,,,,,,,,,,,,,,,,,,,,,,
Pamirivirus,2948854,0.07,,,0.07,,,,,,,,,,,,,,,,,,,,,,
Pharaohvirus,2948861,,,,,,,,,,,,,,0.13,,246196.0,Mycolicibacterium smegmatis MC2 155,Duplodnaviria,Heunggongvirae,Uroviricota,Caudoviricetes,Caudoviricetes incertae sedis,Pharaohvirus,Pharaohvirus pharaoh,,dsDNA
Pharaohvirus,2948861,,,,,,,,,,,,,,0.13,,1763.0,Mycobacterium,Duplodnaviria,Heunggongvirae,Uroviricota,Caudoviricetes,Caudoviricetes incertae sedis,Pharaohvirus,Pharaohvirus steamy,,dsDNA
Pharaohvirus,2948861,,,,,,,,,,,,,,0.13,,246196.0,Mycolicibacterium smegmatis MC2 155,Duplodnaviria,Heunggongvirae,Uroviricota,Caudoviricetes,Caudoviricetes incertae sedis,Pharaohvirus,Pharaohvirus steamy,,dsDNA
Tocinivirus,2948928,0.07,,,,,,,,,,,,,,,,,,,,,,,,,
Triduovirus,2948933,0.51,1.17,0.87,0.47,,0.96,0.67,0.62,,0.64,,,0.63,0.59,,211968.0,Salmonella enterica subsp. enterica serovar Albany,Duplodnaviria,Heunggongvirae,Uroviricota,Caudoviricetes,Caudoviricetes incertae sedis,Schitoviridae,Triduovirus,Triduovirus Tr2,dsDNA
Wotdevirus,2948953,0.09,,,,,,,,,,,,,,,1.0,root,Duplodnaviria,Heunggongvirae,Uroviricota,Caudoviricetes,Crassvirales,Intestiviridae,Obtuvirinae,Wotdevirus,dsDNA
Incheonvirus,2976977,,0.06,,,,,,,,,,,,,,52959.0,Polaribacter,Duplodnaviria,Heunggongvirae,Uroviricota,Caudoviricetes,Caudoviricetes incertae sedis,Incheonvirus,Incheonvirus P12002L,,dsDNA
Incheonvirus,2976977,,0.06,,,,,,,,,,,,,,52959.0,Polaribacter,Duplodnaviria,Heunggongvirae,Uroviricota,Caudoviricetes,Caudoviricetes incertae sedis,Incheonvirus,Incheonvirus P12002S,,dsDNA
Acanvirus,3044653,0.11,,,,,,,,,,,,,,,29449.0,Rhizobium etli,Duplodnaviria,Heunggongvirae,Uroviricota,Caudoviricetes,Caudoviricetes incertae sedis,Schitoviridae,Demetervirinae,Acanvirus,dsDNA
Acanvirus,3044653,0.11,,,,,,,,,,,,,,,396.0,Rhizobium phaseoli,Duplodnaviria,Heunggongvirae,Uroviricota,Caudoviricetes,Caudoviricetes incertae sedis,Schitoviridae,Demetervirinae,Acanvirus,dsDNA
Carvajevirus,3044683,,,,,,,,0.5,,,,,,,,573.0,Klebsiella pneumoniae,Duplodnaviria,Heunggongvirae,Uroviricota,Caudoviricetes,Caudoviricetes incertae sedis,Carvajevirus,Carvajevirus carvaje,,dsDNA
Clawzvirus,3044689,0.08,,,,,,,,0.21,,,,,,,36822.0,Gordonia rubripertincta,Duplodnaviria,Heunggongvirae,Uroviricota,Caudoviricetes,Caudoviricetes incertae sedis,Clawzvirus,Clawzvirus clawz,,dsDNA
Clawzvirus,3044689,0.08,,,,,,,,0.21,,,,,,,36822.0,Gordonia rubripertincta,Duplodnaviria,Heunggongvirae,Uroviricota,Caudoviricetes,Caudoviricetes incertae sedis,Clawzvirus,unclassified Clawzvirus,,dsDNA
Cobrasixvirus,3044690,0.23,0.47,0.49,0.35,,0.34,0.37,0.65,0.2,0.31,0.21,0.4,0.3,0.13,,550.0,Enterobacter cloacae,Duplodnaviria,Heunggongvirae,Uroviricota,Caudoviricetes,Caudoviricetes incertae sedis,Cobrasixvirus,Cobrasixvirus cobrasix,,dsDNA
Ferozepurvirus,3044715,0.11,0.12,,,,0.67,,,,,,,,,,648.0,Aeromonas caviae,Duplodnaviria,Heunggongvirae,Uroviricota,Caudoviricetes,Caudoviricetes incertae sedis,Chimalliviridae,Ferozepurvirus,unclassified Ferozepurvirus,dsDNA
Ferozepurvirus,3044715,0.11,0.12,,,,0.67,,,,,,,,,,654.0,Aeromonas veronii,Duplodnaviria,Heunggongvirae,Uroviricota,Caudoviricetes,Caudoviricetes incertae sedis,Chimalliviridae,Ferozepurvirus,unclassified Ferozepurvirus,dsDNA
Ferozepurvirus,3044715,0.11,0.12,,,,0.67,,,,,,,,,,644.0,Aeromonas hydrophila,Duplodnaviria,Heunggongvirae,Uroviricota,Caudoviricetes,Caudoviricetes incertae sedis,Chimalliviridae,Ferozepurvirus,Ferozepurvirus PS1,dsDNA
Hiroshimavirus,3044731,0.14,,0.08,0.11,,,,,,,0.15,,0.35,,,70775.0,Pseudomonas plecoglossicida,Duplodnaviria,Heunggongvirae,Uroviricota,Caudoviricetes,Caudoviricetes incertae sedis,Hiroshimavirus,Hiroshimavirus PPpW3,,dsDNA
Ittyvirus,3044742,,0.14,0.2,0.13,,0.2,0.2,,,,0.63,,,,,287.0,Pseudomonas aeruginosa,Duplodnaviria,Heunggongvirae,Uroviricota,Caudoviricetes,Caudoviricetes incertae sedis,Ittyvirus,Ittyvirus itty13,,dsDNA
Kratosvirus,3044747,,0.2,,,,,,,0.23,,,,,,,44056.0,Aureococcus anophagefferens,Varidnaviria,Bamfordvirae,Nucleocytoviricota,Megaviricetes,Imitervirales,Schizomimiviridae,Kratosvirus,Kratosvirus quantuckense,
Ludhianavirus,3044751,,,,,,,,,,,,,,,0.22,644.0,Aeromonas hydrophila,Duplodnaviria,Heunggongvirae,Uroviricota,Caudoviricetes,Caudoviricetes incertae sedis,Chimalliviridae,Ludhianavirus,Ludhianavirus D3,dsDNA
Miamivirus,3044763,0.28,0.17,,0.15,,0.26,0.2,,,,0.38,,,0.12,,573.0,Klebsiella pneumoniae,Duplodnaviria,Heunggongvirae,Uroviricota,Caudoviricetes,Caudoviricetes incertae sedis,Chimalliviridae,Miamivirus,Miamivirus miami,dsDNA
Miltoncavirus,3044765,,,,,,,,,,,,,,,0.26,287.0,Pseudomonas aeruginosa,Duplodnaviria,Heunggongvirae,Uroviricota,Caudoviricetes,Caudoviricetes incertae sedis,Chimalliviridae,Miltoncavirus,Miltoncavirus PhiPA3,dsDNA
Moazamivirus,3044766,,0.1,0.37,,,3.28,,,,,,,,,,108619.0,Salmonella enterica subsp. enterica serovar Newport,Duplodnaviria,Heunggongvirae,Uroviricota,Caudoviricetes,Caudoviricetes incertae sedis,Grimontviridae,Moazamivirus,Moazamivirus 711,dsDNA
Moazamivirus,3044766,,0.1,0.37,,,3.28,,,,,,,,,,149539.0,Salmonella enterica subsp. enterica serovar Enteritidis,Duplodnaviria,Heunggongvirae,Uroviricota,Caudoviricetes,Caudoviricetes incertae sedis,Grimontviridae,Moazamivirus,Moazamivirus SE131,dsDNA
Moazamivirus,3044766,,0.1,0.37,,,3.28,,,,,,,,,,590.0,Salmonella,Duplodnaviria,Heunggongvirae,Uroviricota,Caudoviricetes,Caudoviricetes incertae sedis,Grimontviridae,Moazamivirus,unclassified Moazamivirus,dsDNA
Moovirus,3044769,0.43,0.37,0.32,0.14,,0.72,0.22,0.92,,0.19,,,,0.2,,623.0,Shigella flexneri,Duplodnaviria,Heunggongvirae,Uroviricota,Caudoviricetes,Caudoviricetes incertae sedis,Schitoviridae,Enquatrovirinae,Moovirus,dsDNA
Pavtokvirus,3044786,0.18,0.29,0.33,0.34,,0.48,0.34,,,,1.22,,,0.13,0.31,552.0,Erwinia amylovora,Duplodnaviria,Heunggongvirae,Uroviricota,Caudoviricetes,Caudoviricetes incertae sedis,Pavtokvirus,Pavtokvirus pavtok,,dsDNA
Pavtokvirus,3044786,0.18,0.29,0.33,0.34,,0.48,0.34,,,,1.22,,,0.13,0.31,79967.0,Erwinia pyrifoliae,Duplodnaviria,Heunggongvirae,Uroviricota,Caudoviricetes,Caudoviricetes incertae sedis,Pavtokvirus,Pavtokvirus PEp14,,dsDNA
Pavtokvirus,3044786,0.18,0.29,0.33,0.34,,0.48,0.34,,,,1.22,,,0.13,0.31,552.0,Erwinia amylovora,Duplodnaviria,Heunggongvirae,Uroviricota,Caudoviricetes,Caudoviricetes incertae sedis,Pavtokvirus,unclassified Pavtokvirus,,dsDNA
Pawinskivirus,3044787,,,,,,,,,,,,,,0.14,0.48,287.0,Pseudomonas aeruginosa,Duplodnaviria,Heunggongvirae,Uroviricota,Caudoviricetes,Caudoviricetes incertae sedis,Chimalliviridae,Pawinskivirus,unclassified Pawinskivirus,dsDNA
Pawinskivirus,3044787,,,,,,,,,,,,,,0.14,0.48,286.0,Pseudomonas,Duplodnaviria,Heunggongvirae,Uroviricota,Caudoviricetes,Caudoviricetes incertae sedis,Chimalliviridae,Pawinskivirus,Pawinskivirus PS119XW,dsDNA
Phabiovirus,3044790,,,,,,,,,,,,,0.42,0.66,0.92,294.0,Pseudomonas fluorescens,Duplodnaviria,Heunggongvirae,Uroviricota,Caudoviricetes,Caudoviricetes incertae sedis,Chimalliviridae,Phabiovirus,Phabiovirus phabio,dsDNA
Phabiovirus,3044790,,,,,,,,,,,,,0.42,0.66,0.92,216595.0,Pseudomonas [fluorescens] SBW25,Duplodnaviria,Heunggongvirae,Uroviricota,Caudoviricetes,Caudoviricetes incertae sedis,Chimalliviridae,Phabiovirus,Phabiovirus phabio,dsDNA
Piorkowskivirus,3044792,0.11,,,0.13,,,,,,,,,,,,1308.0,Streptococcus thermophilus,Duplodnaviria,Heunggongvirae,Uroviricota,Caudoviricetes,Caudoviricetes incertae sedis,Piorkowskivirus,Piorkowskivirus pv9871,,dsDNA
Piorkowskivirus,3044792,0.11,,,0.13,,,,,,,,,,,,1308.0,Streptococcus thermophilus,Duplodnaviria,Heunggongvirae,Uroviricota,Caudoviricetes,Caudoviricetes incertae sedis,Piorkowskivirus,Piorkowskivirus pv9872,,dsDNA
Piorkowskivirus,3044792,0.11,,,0.13,,,,,,,,,,,,1308.0,Streptococcus thermophilus,Duplodnaviria,Heunggongvirae,Uroviricota,Caudoviricetes,Caudoviricetes incertae sedis,Piorkowskivirus,unclassified Piorkowskivirus,,dsDNA
Piorkowskivirus,3044792,0.11,,,0.13,,,,,,,,,,,,1308.0,Streptococcus thermophilus,Duplodnaviria,Heunggongvirae,Uroviricota,Caudoviricetes,Caudoviricetes incertae sedis,Piorkowskivirus,Piorkowskivirus pv9874,,dsDNA
Piorkowskivirus,3044792,0.11,,,0.13,,,,,,,,,,,,1308.0,Streptococcus thermophilus,Duplodnaviria,Heunggongvirae,Uroviricota,Caudoviricetes,Caudoviricetes incertae sedis,Piorkowskivirus,Piorkowskivirus CHPC577,,dsDNA
Piorkowskivirus,3044792,0.11,,,0.13,,,,,,,,,,,,1308.0,Streptococcus thermophilus,Duplodnaviria,Heunggongvirae,Uroviricota,Caudoviricetes,Caudoviricetes incertae sedis,Piorkowskivirus,Piorkowskivirus CHPC926,,dsDNA
Piorkowskivirus,3044792,0.11,,,0.13,,,,,,,,,,,,1308.0,Streptococcus thermophilus,Duplodnaviria,Heunggongvirae,Uroviricota,Caudoviricetes,Caudoviricetes incertae sedis,Piorkowskivirus,Piorkowskivirus SW16,,dsDNA
Piorkowskivirus,3044792,0.11,,,0.13,,,,,,,,,,,,1308.0,Streptococcus thermophilus,Duplodnaviria,Heunggongvirae,Uroviricota,Caudoviricetes,Caudoviricetes incertae sedis,Piorkowskivirus,Piorkowskivirus SW22,,dsDNA
Piscesmortuivirus,3044793,,,,,,0.15,,,,,,,,,,382245.0,Aeromonas salmonicida subsp. salmonicida A449,Duplodnaviria,Heunggongvirae,Uroviricota,Caudoviricetes,Caudoviricetes incertae sedis,Peduoviridae,Piscesmortuivirus,Piscesmortuivirus LPM4,dsDNA
Puahadnavirus,3044797,,,,,,,,,,1.49,,,,,,1.0,root,Monodnaviria,Shotokuvirae,Cressdnaviricota,Arfiviricetes,Baphyvirales,Bacilladnaviridae,Puahadnavirus,Puahadnavirus inbhir,
Purivirus,3044798,,,,,,,,,,,,0.37,0.11,,0.26,294.0,Pseudomonas fluorescens,Duplodnaviria,Heunggongvirae,Uroviricota,Caudoviricetes,Caudoviricetes incertae sedis,Purivirus,Purivirus UFJFPfDIW6,,dsDNA
Quivirus,3044799,0.09,,,,,,,,,,,,,,,1665.0,Arthrobacter globiformis,Duplodnaviria,Heunggongvirae,Uroviricota,Caudoviricetes,Caudoviricetes incertae sedis,Quivirus,Quivirus qui,,dsDNA
Serwervirus,3044821,,,,,,,,,,,,,,0.12,2.99,587753.0,Pseudomonas chlororaphis,Duplodnaviria,Heunggongvirae,Uroviricota,Caudoviricetes,Caudoviricetes incertae sedis,Chimalliviridae,Serwervirus,Serwervirus 201phi21,dsDNA
Shantouvirus,3044823,,,,,,,,,,,0.25,,,,,,,,,,,,,,,
Skulduggeryvirus,3044832,,,,,,,,,,,0.16,,0.37,,,294.0,Pseudomonas fluorescens,Duplodnaviria,Heunggongvirae,Uroviricota,Caudoviricetes,Caudoviricetes incertae sedis,Skulduggeryvirus,Skulduggeryvirus skulduggery,,dsDNA
Suseptimavirus,3044836,0.07,0.14,0.13,0.11,,0.17,0.26,,,,,,,,,,,,,,,,,,,
Tepukevirus,3044840,,,,,,,,,,,,,,0.15,,287.0,Pseudomonas aeruginosa,Duplodnaviria,Heunggongvirae,Uroviricota,Caudoviricetes,Caudoviricetes incertae sedis,Chimalliviridae,Tepukevirus,Tepukevirus Psa21,dsDNA
Xoxocotlavirus,3044858,,,,0.07,,,,,,,,,,,,194963.0,Sinorhizobium americanum,Duplodnaviria,Heunggongvirae,Uroviricota,Caudoviricetes,Caudoviricetes incertae sedis,Schitoviridae,Xoxocotlavirus,Xoxocotlavirus X228B,dsDNA
Zhangjivirus,3044867,0.07,,,,,,,,,,,,,,,1204342.0,Bacillus subtilis BEST7003,Duplodnaviria,Heunggongvirae,Uroviricota,Caudoviricetes,Caudoviricetes incertae sedis,Zhangjivirus,Zhangjivirus fado,,dsDNA
Zhangjivirus,3044867,0.07,,,,,,,,,,,,,,,1423.0,Bacillus subtilis,Duplodnaviria,Heunggongvirae,Uroviricota,Caudoviricetes,Caudoviricetes incertae sedis,Zhangjivirus,Zhangjivirus PJN02,,dsDNA
Moumouvirus,3080801,0.11,0.08,,0.13,,,,,,,,,,,,,,,,,,,,,,
Medeavirus,3152510,,,,,,,,,,,0.24,,0.22,,,323.0,Pseudomonas syringae pv. tomato,Duplodnaviria,Heunggongvirae,Uroviricota,Caudoviricetes,Caudoviricetes incertae sedis,Medeavirus,Medeavirus medea1,,dsDNA
Cinvestavvirus,3152598,0.11,0.13,0.17,0.09,,0.32,,,,,,,,,0.31,,,,,,,,,,,
Bugaksanvirus,3152615,,,,,,,,,,,0.24,,0.43,,,287.0,Pseudomonas aeruginosa,Duplodnaviria,Heunggongvirae,Uroviricota,Caudoviricetes,Caudoviricetes incertae sedis,Bugaksanvirus,Bugaksanvirus R656,,dsDNA
Pumpernickelvirus,3152625,,,,,,,,,,,,,0.36,,,199592.0,Microbacterium paraoxydans,Duplodnaviria,Heunggongvirae,Uroviricota,Caudoviricetes,Caudoviricetes incertae sedis,Pumpernickelvirus,Pumpernickelvirus pumpernickel,,dsDNA
Readingvirus,3152626,,,,,,,,,,,0.39,1.05,0.45,,,286.0,Pseudomonas,Duplodnaviria,Heunggongvirae,Uroviricota,Caudoviricetes,Caudoviricetes incertae sedis,Readingvirus,Readingvirus MR15,,dsDNA
Readingvirus,3152626,,,,,,,,,,,0.39,1.05,0.45,,,317.0,Pseudomonas syringae,Duplodnaviria,Heunggongvirae,Uroviricota,Caudoviricetes,Caudoviricetes incertae sedis,Readingvirus,Readingvirus PSA1,,dsDNA
Readingvirus,3152626,,,,,,,,,,,0.39,1.05,0.45,,,103796.0,Pseudomonas syringae pv. actinidiae,Duplodnaviria,Heunggongvirae,Uroviricota,Caudoviricetes,Caudoviricetes incertae sedis,Readingvirus,Readingvirus psageK9,,dsDNA
Commandariavirus,3152691,,,,,,,,,,,,0.32,,,,,,,,,,,,,,
Dilongvirus,3152896,,,,,,,,,,,,,0.3,,,,,,,,,,,,,
Kremarvirus,3152897,,,,,,,,,,,0.4,,1.15,,,323.0,Pseudomonas syringae pv. tomato,Duplodnaviria,Heunggongvirae,Uroviricota,Caudoviricetes,Caudoviricetes incertae sedis,Vandenendeviridae,Gorskivirinae,Kremarvirus,dsDNA
Kremarvirus,3152897,,,,,,,,,,,0.4,,1.15,,,286.0,Pseudomonas,Duplodnaviria,Heunggongvirae,Uroviricota,Caudoviricetes,Caudoviricetes incertae sedis,Vandenendeviridae,Gorskivirinae,Kremarvirus,dsDNA
Shenlongvirus,3152898,,,,,,,,,,,,,0.33,,,294.0,Pseudomonas fluorescens,Duplodnaviria,Heunggongvirae,Uroviricota,Caudoviricetes,Caudoviricetes incertae sedis,Vandenendeviridae,Gorskivirinae,Shenlongvirus,dsDNA
Bimevirus,3152907,,0.11,,0.2,,,0.28,,,,,,,,,573.0,Klebsiella pneumoniae,Duplodnaviria,Heunggongvirae,Uroviricota,Caudoviricetes,Caudoviricetes incertae sedis,Bimevirus,Bimevirus bv1611EK21,,dsDNA
Bimevirus,3152907,,0.11,,0.2,,,0.28,,,,,,,,,573.0,Klebsiella pneumoniae,Duplodnaviria,Heunggongvirae,Uroviricota,Caudoviricetes,Caudoviricetes incertae sedis,Bimevirus,Bimevirus KB2,,dsDNA
Bimevirus,3152907,,0.11,,0.2,,,0.28,,,,,,,,,570.0,Klebsiella,Duplodnaviria,Heunggongvirae,Uroviricota,Caudoviricetes,Caudoviricetes incertae sedis,Bimevirus,Bimevirus IME346,,dsDNA
Chaoyangvirus,3152908,,,,0.11,,,,,,,,,,,,573.0,Klebsiella pneumoniae,Duplodnaviria,Heunggongvirae,Uroviricota,Caudoviricetes,Caudoviricetes incertae sedis,Chaoyangvirus,Chaoyangvirus BUCT49532,,dsDNA
Geezettvirus,3152909,,0.09,,0.12,,,,,,,,,,,,573.0,Klebsiella pneumoniae,Duplodnaviria,Heunggongvirae,Uroviricota,Caudoviricetes,Caudoviricetes incertae sedis,Geezettvirus,Geezettvirus geezett,,dsDNA
Mascletvirus,3152910,,,,0.09,,,,,,,,,,,,573.0,Klebsiella pneumoniae,Duplodnaviria,Heunggongvirae,Uroviricota,Caudoviricetes,Caudoviricetes incertae sedis,Mascletvirus,Mascletvirus VLCpiM12a,,dsDNA
Sircambvirus,3152913,,0.17,0.1,0.21,,,,,,,,,,,,573.0,Klebsiella pneumoniae,Duplodnaviria,Heunggongvirae,Uroviricota,Caudoviricetes,Caudoviricetes incertae sedis,Sircambvirus,Sircambvirus MEW1,,dsDNA
Sircambvirus,3152913,,0.17,0.1,0.21,,,,,,,,,,,,573.0,Klebsiella pneumoniae,Duplodnaviria,Heunggongvirae,Uroviricota,Caudoviricetes,Caudoviricetes incertae sedis,Sircambvirus,Sircambvirus pKp383,,dsDNA
Sircambvirus,3152913,,0.17,0.1,0.21,,,,,,,,,,,,573.0,Klebsiella pneumoniae,Duplodnaviria,Heunggongvirae,Uroviricota,Caudoviricetes,Caudoviricetes incertae sedis,Sircambvirus,Sircambvirus FZ14,,dsDNA
Sircambvirus,3152913,,0.17,0.1,0.21,,,,,,,,,,,,570.0,Klebsiella,Duplodnaviria,Heunggongvirae,Uroviricota,Caudoviricetes,Caudoviricetes incertae sedis,Sircambvirus,Sircambvirus justaphage,,dsDNA
Sircambvirus,3152913,,0.17,0.1,0.21,,,,,,,,,,,,573.0,Klebsiella pneumoniae,Duplodnaviria,Heunggongvirae,Uroviricota,Caudoviricetes,Caudoviricetes incertae sedis,Sircambvirus,Sircambvirus KpV52,Jedunavirus KpV80,dsDNA
Sircambvirus,3152913,,0.17,0.1,0.21,,,,,,,,,,,,573.0,Klebsiella pneumoniae,Duplodnaviria,Heunggongvirae,Uroviricota,Caudoviricetes,Caudoviricetes incertae sedis,Sircambvirus,Sircambvirus KpV79,Jedunavirus KpV52,dsDNA
Zewailvirus,3152914,,0.11,,0.15,,,,,,,,,,,,1884818.0,Escherichia sp.,Duplodnaviria,Heunggongvirae,Uroviricota,Caudoviricetes,Caudoviricetes incertae sedis,Zewailvirus,Zewailvirus ZCEC13,,dsDNA
Zewailvirus,3152914,,0.11,,0.15,,,,,,,,,,,,573.0,Klebsiella pneumoniae,Duplodnaviria,Heunggongvirae,Uroviricota,Caudoviricetes,Caudoviricetes incertae sedis,Zewailvirus,Zewailvirus SBP,,dsDNA
Hafyongvirus,3152967,,0.11,,,,,,,,,,,,,,546367.0,Hafnia paralvei,Duplodnaviria,Heunggongvirae,Uroviricota,Caudoviricetes,Caudoviricetes incertae sedis,Hafyongvirus,Hafyongvirus yong1,,dsDNA
Haihevirus,3152968,,0.12,,,,,,,,0.23,,,0.17,,,287.0,Pseudomonas aeruginosa,Duplodnaviria,Heunggongvirae,Uroviricota,Caudoviricetes,Caudoviricetes incertae sedis,Haihevirus,Haihevirus PP9W2,,dsDNA
Miecznikowavirus,3152971,,,,0.07,,,,,,,0.3,0.41,0.54,,0.9,2597349.0,Pseudomonas sp. ANT_H14,Duplodnaviria,Heunggongvirae,Uroviricota,Caudoviricetes,Caudoviricetes incertae sedis,Miecznikowavirus,Miecznikowavirus AH14a,,dsDNA
Otakuvirus,3152972,,0.07,,,,0.32,,,,,,,,,,615.0,Serratia marcescens,Duplodnaviria,Heunggongvirae,Uroviricota,Caudoviricetes,Caudoviricetes incertae sedis,Sarkviridae,Otakuvirus,Otakuvirus Tsm2,dsDNA
Seretavirus,3152998,,0.08,0.11,,,0.15,,,,,,,,,,615.0,Serratia marcescens,Duplodnaviria,Heunggongvirae,Uroviricota,Caudoviricetes,Caudoviricetes incertae sedis,Sarkviridae,Seretavirus,Seretavirus eta,dsDNA
Longwangvirus,3153014,1.88,3.45,2.81,2.08,,4.14,2.52,0.57,0.47,0.33,31.33,0.69,0.29,2.55,0.99,654.0,Aeromonas veronii,Duplodnaviria,Heunggongvirae,Uroviricota,Caudoviricetes,Caudoviricetes incertae sedis,Chaseviridae,Nefertitivirinae,Longwangvirus,dsDNA
Phayathaivirus,3153015,0.09,0.15,0.09,0.09,,0.22,,,,,1.23,,,0.16,,,,,,,,,,,,
Micathvirus,3153077,,,,,,,,,,,,,0.18,,,1215087.0,Pseudomonas putida S12,Duplodnaviria,Heunggongvirae,Uroviricota,Caudoviricetes,Caudoviricetes incertae sedis,Micathvirus,Micathvirus micath,,dsDNA
Shangdongvirus,3153078,,,,,,,,,,,0.22,,,,,40324.0,Stenotrophomonas maltophilia,Duplodnaviria,Heunggongvirae,Uroviricota,Caudoviricetes,Caudoviricetes incertae sedis,Shangdongvirus,Shangdongvirus ply2008005c,,dsDNA
Torvergatavirus,3153079,0.1,0.1,,0.07,,,0.22,,,,,,,,,1888892.0,Sphingomonas turrisvirgatae,Duplodnaviria,Heunggongvirae,Uroviricota,Caudoviricetes,Caudoviricetes incertae sedis,Torvergatavirus,Torvergatavirus MMDA13,,dsDNA
Shockervirus,3153082,0.07,0.58,0.29,0.28,,0.2,0.4,,,,,0.19,,,0.35,199592.0,Microbacterium paraoxydans,Duplodnaviria,Heunggongvirae,Uroviricota,Caudoviricetes,Caudoviricetes incertae sedis,Shockervirus,Shockervirus shocker,,dsDNA
Hodnevirus,3153200,,0.08,,,,,,,,0.19,,,,,,1.0,root,Riboviria,Orthornavirae,Lenarviricota,Leviviricetes,Timlovirales,Steitzviridae,unclassified Steitzviridae,Hodnevirus,+ssRNA
Adrianbuildvirus,3424927,0.15,,,,,,,,,,,,,,,1313.0,Streptococcus pneumoniae,Duplodnaviria,Heunggongvirae,Uroviricota,Caudoviricetes,Caudoviricetes incertae sedis,Adrianbuildvirus,Adrianbuildvirus IPP41,,dsDNA
Adrianbuildvirus,3424927,0.15,,,,,,,,,,,,,,,574093.0,Streptococcus pneumoniae AP200,Duplodnaviria,Heunggongvirae,Uroviricota,Caudoviricetes,Caudoviricetes incertae sedis,Adrianbuildvirus,Adrianbuildvirus IPP42,,dsDNA
Adrianbuildvirus,3424927,0.15,,,,,,,,,,,,,,,1313.0,Streptococcus pneumoniae,Duplodnaviria,Heunggongvirae,Uroviricota,Caudoviricetes,Caudoviricetes incertae sedis,Adrianbuildvirus,Adrianbuildvirus IPP43,,dsDNA
Adrianbuildvirus,3424927,0.15,,,,,,,,,,,,,,,1313.0,Streptococcus pneumoniae,Duplodnaviria,Heunggongvirae,Uroviricota,Caudoviricetes,Caudoviricetes incertae sedis,Adrianbuildvirus,Adrianbuildvirus IPP44,,dsDNA
Adrianbuildvirus,3424927,0.15,,,,,,,,,,,,,,,1313.0,Streptococcus pneumoniae,Duplodnaviria,Heunggongvirae,Uroviricota,Caudoviricetes,Caudoviricetes incertae sedis,Adrianbuildvirus,Adrianbuildvirus IPP5,,dsDNA
Adrianbuildvirus,3424927,0.15,,,,,,,,,,,,,,,1313.0,Streptococcus pneumoniae,Duplodnaviria,Heunggongvirae,Uroviricota,Caudoviricetes,Caudoviricetes incertae sedis,Adrianbuildvirus,Adrianbuildvirus IPP51,,dsDNA
Adrianbuildvirus,3424927,0.15,,,,,,,,,,,,,,,1313.0,Streptococcus pneumoniae,Duplodnaviria,Heunggongvirae,Uroviricota,Caudoviricetes,Caudoviricetes incertae sedis,Adrianbuildvirus,Adrianbuildvirus ARI0923,,dsDNA
Adrianbuildvirus,3424927,0.15,,,,,,,,,,,,,,,1313.0,Streptococcus pneumoniae,Duplodnaviria,Heunggongvirae,Uroviricota,Caudoviricetes,Caudoviricetes incertae sedis,Adrianbuildvirus,Adrianbuildvirus SpSL1,,dsDNA
Ebriosvirus,3424957,0.73,0.07,,0.47,,,,,,,,,,,,498388.0,Escherichia coli C,Duplodnaviria,Heunggongvirae,Uroviricota,Caudoviricetes,Autographivirales,Autotranscriptaviridae,Studiervirinae,Ebriosvirus,dsDNA
Ebriosvirus,3424957,0.73,0.07,,0.47,,,,,,,,,,,,40324.0,Stenotrophomonas maltophilia,Duplodnaviria,Heunggongvirae,Uroviricota,Caudoviricetes,Autographivirales,Autotranscriptaviridae,Studiervirinae,Ebriosvirus,dsDNA
Hennigervirus,3424959,,,,,,,,,,,,2.8,6.93,0.11,,,,,,,,,,,,
Pfluvirus,3424962,,,,,,,,,,,,,,0.39,0.44,294.0,Pseudomonas fluorescens,Duplodnaviria,Heunggongvirae,Uroviricota,Caudoviricetes,Autographivirales,Autotranscriptaviridae,Studiervirinae,Pfluvirus,dsDNA
Risoevirus,3424972,,,,,,,,0.58,,2.84,,,,,0.22,552.0,Erwinia amylovora,Duplodnaviria,Heunggongvirae,Uroviricota,Caudoviricetes,Pantevenvirales,Straboviridae,Tevenvirinae,Risoevirus,dsDNA
