name,taxid,ERR14789334,ERR14789335,ERR14789336,ERR14789337,ERR14789338,ERR14789339,ERR14789340,ERR14789341,ERR14789342,ERR14789343,ERR14789344,ERR14789345,ERR14789346,ERR14789347,ERR14789348,host tax id,host name,realm,kingdom,phylum,class,order,family,genus,species,baltimore_class
Mastadenovirus,10509,0.11,,,,,,0.48,,,,0.3,,,,,9555.0,Papio anubis,Varidnaviria,Bamfordvirae,Preplasmiviricota,Polisuviricotina,Pharingeaviricetes,Rowavirales,Adenoviridae,Mastadenovirus,
Mastadenovirus,10509,0.11,,,,,,0.48,,,,0.3,,,,,59473.0,Pipistrellus nathusii,Varidnaviria,Bamfordvirae,Preplasmiviricota,Polisuviricotina,Pharingeaviricetes,Rowavirales,Adenoviridae,Mastadenovirus,
Mastadenovirus,10509,0.11,,,,,,0.48,,,,0.3,,,,,59474.0,Pipistrellus pipistrellus,Varidnaviria,Bamfordvirae,Preplasmiviricota,Polisuviricotina,Pharingeaviricetes,Rowavirales,Adenoviridae,Mastadenovirus,
Mastadenovirus,10509,0.11,,,,,,0.48,,,,0.3,,,,,9534.0,Chlorocebus aethiops,Varidnaviria,Bamfordvirae,Preplasmiviricota,Polisuviricotina,Pharingeaviricetes,Rowavirales,Adenoviridae,Mastadenovirus,
Mastadenovirus,10509,0.11,,,,,,0.48,,,,0.3,,,,,9606.0,Homo sapiens,Varidnaviria,Bamfordvirae,Preplasmiviricota,Polisuviricotina,Pharingeaviricetes,Rowavirales,Adenoviridae,Mastadenovirus,
Mastadenovirus,10509,0.11,,,,,,0.48,,,,0.3,,,,,9615.0,Canis lupus familiaris,Varidnaviria,Bamfordvirae,Preplasmiviricota,Polisuviricotina,Pharingeaviricetes,Rowavirales,Adenoviridae,Mastadenovirus,
Mastadenovirus,10509,0.11,,,,,,0.48,,,,0.3,,,,,9823.0,Sus scrofa,Varidnaviria,Bamfordvirae,Preplasmiviricota,Polisuviricotina,Pharingeaviricetes,Rowavirales,Adenoviridae,Mastadenovirus,
Mastadenovirus,10509,0.11,,,,,,0.48,,,,0.3,,,,,203696.0,Myotis pilosus,Varidnaviria,Bamfordvirae,Preplasmiviricota,Polisuviricotina,Pharingeaviricetes,Rowavirales,Adenoviridae,Mastadenovirus,
Mastadenovirus,10509,0.11,,,,,,0.48,,,,0.3,,,,,225399.0,Myotis chinensis,Varidnaviria,Bamfordvirae,Preplasmiviricota,Polisuviricotina,Pharingeaviricetes,Rowavirales,Adenoviridae,Mastadenovirus,
Mastadenovirus,10509,0.11,,,,,,0.48,,,,0.3,,,,,105273.0,Vespertilio sinensis,Varidnaviria,Bamfordvirae,Preplasmiviricota,Polisuviricotina,Pharingeaviricetes,Rowavirales,Adenoviridae,Mastadenovirus,
Mastadenovirus,10509,0.11,,,,,,0.48,,,,0.3,,,,,27674.0,Corynorhinus rafinesquii,Varidnaviria,Bamfordvirae,Preplasmiviricota,Polisuviricotina,Pharingeaviricetes,Rowavirales,Adenoviridae,Mastadenovirus,
Mastadenovirus,10509,0.11,,,,,,0.48,,,,0.3,,,,,9402.0,Pteropus alecto,Varidnaviria,Bamfordvirae,Preplasmiviricota,Polisuviricotina,Pharingeaviricetes,Rowavirales,Adenoviridae,Mastadenovirus,
Mastadenovirus,10509,0.11,,,,,,0.48,,,,0.3,,,,,9408.0,Rousettus leschenaultii,Varidnaviria,Bamfordvirae,Preplasmiviricota,Polisuviricotina,Pharingeaviricetes,Rowavirales,Adenoviridae,Mastadenovirus,
Mastadenovirus,10509,0.11,,,,,,0.48,,,,0.3,,,,,9544.0,Macaca mulatta,Varidnaviria,Bamfordvirae,Preplasmiviricota,Polisuviricotina,Pharingeaviricetes,Rowavirales,Adenoviridae,Mastadenovirus,
Mastadenovirus,10509,0.11,,,,,,0.48,,,,0.3,,,,,89399.0,Rhinolophus sinicus,Varidnaviria,Bamfordvirae,Preplasmiviricota,Polisuviricotina,Pharingeaviricetes,Rowavirales,Adenoviridae,Mastadenovirus,
Mastadenovirus,10509,0.11,,,,,,0.48,,,,0.3,,,,,9432.0,Miniopterus,Varidnaviria,Bamfordvirae,Preplasmiviricota,Polisuviricotina,Pharingeaviricetes,Rowavirales,Adenoviridae,Mastadenovirus,
Mastadenovirus,10509,0.11,,,,,,0.48,,,,0.3,,,,,9433.0,Miniopterus schreibersii,Varidnaviria,Bamfordvirae,Preplasmiviricota,Polisuviricotina,Pharingeaviricetes,Rowavirales,Adenoviridae,Mastadenovirus,
Mastadenovirus,10509,0.11,,,,,,0.48,,,,0.3,,,,,9739.0,Tursiops truncatus,Varidnaviria,Bamfordvirae,Preplasmiviricota,Polisuviricotina,Pharingeaviricetes,Rowavirales,Adenoviridae,Mastadenovirus,
Mastadenovirus,10509,0.11,,,,,,0.48,,,,0.3,,,,,9913.0,Bos taurus,Varidnaviria,Bamfordvirae,Preplasmiviricota,Polisuviricotina,Pharingeaviricetes,Rowavirales,Adenoviridae,Mastadenovirus,
Mastadenovirus,10509,0.11,,,,,,0.48,,,,0.3,,,,,9704.0,Zalophus californianus,Varidnaviria,Bamfordvirae,Preplasmiviricota,Polisuviricotina,Pharingeaviricetes,Rowavirales,Adenoviridae,Mastadenovirus,
Mastadenovirus,10509,0.11,,,,,,0.48,,,,0.3,,,,,9598.0,Pan troglodytes,Varidnaviria,Bamfordvirae,Preplasmiviricota,Polisuviricotina,Pharingeaviricetes,Rowavirales,Adenoviridae,Mastadenovirus,
Mastadenovirus,10509,0.11,,,,,,0.48,,,,0.3,,,,,9541.0,Macaca fascicularis,Varidnaviria,Bamfordvirae,Preplasmiviricota,Polisuviricotina,Pharingeaviricetes,Rowavirales,Adenoviridae,Mastadenovirus,
Mastadenovirus,10509,0.11,,,,,,0.48,,,,0.3,,,,,9874.0,Odocoileus virginianus,Varidnaviria,Bamfordvirae,Preplasmiviricota,Polisuviricotina,Pharingeaviricetes,Rowavirales,Adenoviridae,Mastadenovirus,
Mastadenovirus,10509,0.11,,,,,,0.48,,,,0.3,,,,,77214.0,Eidolon helvum,Varidnaviria,Bamfordvirae,Preplasmiviricota,Polisuviricotina,Pharingeaviricetes,Rowavirales,Adenoviridae,Mastadenovirus,
Mastadenovirus,10509,0.11,,,,,,0.48,,,,0.3,,,,,9796.0,Equus caballus,Varidnaviria,Bamfordvirae,Preplasmiviricota,Polisuviricotina,Pharingeaviricetes,Rowavirales,Adenoviridae,Mastadenovirus,
Mastadenovirus,10509,0.11,,,,,,0.48,,,,0.3,,,,,10141.0,Cavia porcellus,Varidnaviria,Bamfordvirae,Preplasmiviricota,Polisuviricotina,Pharingeaviricetes,Rowavirales,Adenoviridae,Mastadenovirus,
Mastadenovirus,10509,0.11,,,,,,0.48,,,,0.3,,,,,10090.0,Mus musculus,Varidnaviria,Bamfordvirae,Preplasmiviricota,Polisuviricotina,Pharingeaviricetes,Rowavirales,Adenoviridae,Mastadenovirus,
Mastadenovirus,10509,0.11,,,,,,0.48,,,,0.3,,,,,39030.0,Apodemus agrarius,Varidnaviria,Bamfordvirae,Preplasmiviricota,Polisuviricotina,Pharingeaviricetes,Rowavirales,Adenoviridae,Mastadenovirus,
Mastadenovirus,10509,0.11,,,,,,0.48,,,,0.3,,,,,29073.0,Ursus maritimus,Varidnaviria,Bamfordvirae,Preplasmiviricota,Polisuviricotina,Pharingeaviricetes,Rowavirales,Adenoviridae,Mastadenovirus,
Mastadenovirus,10509,0.11,,,,,,0.48,,,,0.3,,,,,10009.0,Tamiasciurus hudsonicus,Varidnaviria,Bamfordvirae,Preplasmiviricota,Polisuviricotina,Pharingeaviricetes,Rowavirales,Adenoviridae,Mastadenovirus,
Mastadenovirus,10509,0.11,,,,,,0.48,,,,0.3,,,,,55149.0,Sciurus vulgaris,Varidnaviria,Bamfordvirae,Preplasmiviricota,Polisuviricotina,Pharingeaviricetes,Rowavirales,Adenoviridae,Mastadenovirus,
Mastadenovirus,10509,0.11,,,,,,0.48,,,,0.3,,,,,9407.0,Rousettus aegyptiacus,Varidnaviria,Bamfordvirae,Preplasmiviricota,Polisuviricotina,Pharingeaviricetes,Rowavirales,Adenoviridae,Mastadenovirus,
Mastadenovirus,10509,0.11,,,,,,0.48,,,,0.3,,,,,9539.0,Macaca,Varidnaviria,Bamfordvirae,Preplasmiviricota,Polisuviricotina,Pharingeaviricetes,Rowavirales,Adenoviridae,Mastadenovirus,
Mastadenovirus,10509,0.11,,,,,,0.48,,,,0.3,,,,,9549.0,Macaca sp.,Varidnaviria,Bamfordvirae,Preplasmiviricota,Polisuviricotina,Pharingeaviricetes,Rowavirales,Adenoviridae,Mastadenovirus,
Mastadenovirus,10509,0.11,,,,,,0.48,,,,0.3,,,,,60710.0,Chlorocebus pygerythrus,Varidnaviria,Bamfordvirae,Preplasmiviricota,Polisuviricotina,Pharingeaviricetes,Rowavirales,Adenoviridae,Mastadenovirus,
Mastadenovirus,10509,0.11,,,,,,0.48,,,,0.3,,,,,9556.0,Papio cynocephalus,Varidnaviria,Bamfordvirae,Preplasmiviricota,Polisuviricotina,Pharingeaviricetes,Rowavirales,Adenoviridae,Mastadenovirus,
Mastadenovirus,10509,0.11,,,,,,0.48,,,,0.3,,,,,9592.0,Gorilla,Varidnaviria,Bamfordvirae,Preplasmiviricota,Polisuviricotina,Pharingeaviricetes,Rowavirales,Adenoviridae,Mastadenovirus,
Mastadenovirus,10509,0.11,,,,,,0.48,,,,0.3,,,,,9597.0,Pan paniscus,Varidnaviria,Bamfordvirae,Preplasmiviricota,Polisuviricotina,Pharingeaviricetes,Rowavirales,Adenoviridae,Mastadenovirus,
Mastadenovirus,10509,0.11,,,,,,0.48,,,,0.3,,,,,61622.0,Rhinopithecus roxellana,Varidnaviria,Bamfordvirae,Preplasmiviricota,Polisuviricotina,Pharingeaviricetes,Rowavirales,Adenoviridae,Mastadenovirus,
Mastadenovirus,10509,0.11,,,,,,0.48,,,,0.3,,,,,9528.0,Cercopithecinae,Varidnaviria,Bamfordvirae,Preplasmiviricota,Polisuviricotina,Pharingeaviricetes,Rowavirales,Adenoviridae,Mastadenovirus,
Mastadenovirus,10509,0.11,,,,,,0.48,,,,0.3,,,,,30543.0,Conepatus leuconotus,Varidnaviria,Bamfordvirae,Preplasmiviricota,Polisuviricotina,Pharingeaviricetes,Rowavirales,Adenoviridae,Mastadenovirus,
Mastadenovirus,10509,0.11,,,,,,0.48,,,,0.3,,,,,202457.0,Plecturocebus cupreus,Varidnaviria,Bamfordvirae,Preplasmiviricota,Polisuviricotina,Pharingeaviricetes,Rowavirales,Adenoviridae,Mastadenovirus,
Mastadenovirus,10509,0.11,,,,,,0.48,,,,0.3,,,,,9394.0,Tupaia,Varidnaviria,Bamfordvirae,Preplasmiviricota,Polisuviricotina,Pharingeaviricetes,Rowavirales,Adenoviridae,Mastadenovirus,
Sobemovirus,12137,,1.01,,,,,,1.2,0.93,,0.25,7.41,,,,35608.0,Artemisia annua,Riboviria,Orthornavirae,Pisuviricota,Pisoniviricetes,Sobelivirales,Solemoviridae,Sobemovirus,Sobemovirus ARTVA,
Sobemovirus,12137,,1.01,,,,,,1.2,0.93,,0.25,7.41,,,,69266.0,Vaccinium corymbosum,Riboviria,Orthornavirae,Pisuviricota,Pisoniviricetes,Sobelivirales,Solemoviridae,Sobemovirus,Sobemovirus BSSV,
Sobemovirus,12137,,1.01,,,,,,1.2,0.93,,0.25,7.41,,,,472369.0,Vaccinium angustifolium,Riboviria,Orthornavirae,Pisuviricota,Pisoniviricetes,Sobelivirales,Solemoviridae,Sobemovirus,Sobemovirus BSSV,
Sobemovirus,12137,,1.01,,,,,,1.2,0.93,,0.25,7.41,,,,3394667.0,Vaccinium sp.,Riboviria,Orthornavirae,Pisuviricota,Pisoniviricetes,Sobelivirales,Solemoviridae,Sobemovirus,Sobemovirus BSSV,
Sobemovirus,12137,,1.01,,,,,,1.2,0.93,,0.25,7.41,,,,4509.0,Dactylis glomerata,Riboviria,Orthornavirae,Pisuviricota,Pisoniviricetes,Sobelivirales,Solemoviridae,Sobemovirus,Sobemovirus CFMV,
Sobemovirus,12137,,1.01,,,,,,1.2,0.93,,0.25,7.41,,,,4565.0,Triticum aestivum,Riboviria,Orthornavirae,Pisuviricota,Pisoniviricetes,Sobelivirales,Solemoviridae,Sobemovirus,Sobemovirus CFMV,
Sobemovirus,12137,,1.01,,,,,,1.2,0.93,,0.25,7.41,,,,112607.0,Cymbidium goeringii,Riboviria,Orthornavirae,Pisuviricota,Pisoniviricetes,Sobelivirales,Solemoviridae,Sobemovirus,Sobemovirus CYCMV,
Sobemovirus,12137,,1.01,,,,,,1.2,0.93,,0.25,7.41,,,,80369.0,Imperata cylindrica,Riboviria,Orthornavirae,Pisuviricota,Pisoniviricetes,Sobelivirales,Solemoviridae,Sobemovirus,Sobemovirus IYMV,
Sobemovirus,12137,,1.01,,,,,,1.2,0.93,,0.25,7.41,,,,1056900.0,Ophiuros exaltatus,Riboviria,Orthornavirae,Pisuviricota,Pisoniviricetes,Sobelivirales,Solemoviridae,Sobemovirus,Sobemovirus IYMV,
Sobemovirus,12137,,1.01,,,,,,1.2,0.93,,0.25,7.41,,,,3879.0,Medicago sativa,Riboviria,Orthornavirae,Pisuviricota,Pisoniviricetes,Sobelivirales,Solemoviridae,Sobemovirus,Sobemovirus LTSV,
Sobemovirus,12137,,1.01,,,,,,1.2,0.93,,0.25,7.41,,,,78534.0,Trigonella foenum-graecum,Riboviria,Orthornavirae,Pisuviricota,Pisoniviricetes,Sobelivirales,Solemoviridae,Sobemovirus,Sobemovirus LTSV,
Sobemovirus,12137,,1.01,,,,,,1.2,0.93,,0.25,7.41,,,,3649.0,Carica papaya,Riboviria,Orthornavirae,Pisuviricota,Pisoniviricetes,Sobelivirales,Solemoviridae,Sobemovirus,Sobemovirus PLYV,
Sobemovirus,12137,,1.01,,,,,,1.2,0.93,,0.25,7.41,,,,126903.0,Physalis peruviana,Riboviria,Orthornavirae,Pisuviricota,Pisoniviricetes,Sobelivirales,Solemoviridae,Sobemovirus,Sobemovirus PHYRMV,
Sobemovirus,12137,,1.01,,,,,,1.2,0.93,,0.25,7.41,,,,4530.0,Oryza sativa,Riboviria,Orthornavirae,Pisuviricota,Pisoniviricetes,Sobelivirales,Solemoviridae,Sobemovirus,Sobemovirus RYMV,
Sobemovirus,12137,,1.01,,,,,,1.2,0.93,,0.25,7.41,,,,4577.0,Zea mays,Riboviria,Orthornavirae,Pisuviricota,Pisoniviricetes,Sobelivirales,Solemoviridae,Sobemovirus,Sobemovirus ROMOV,
Sobemovirus,12137,,1.01,,,,,,1.2,0.93,,0.25,7.41,,,,4498.0,Avena sativa,Riboviria,Orthornavirae,Pisuviricota,Pisoniviricetes,Sobelivirales,Solemoviridae,Sobemovirus,Sobemovirus RGMOV,
Sobemovirus,12137,,1.01,,,,,,1.2,0.93,,0.25,7.41,,,,206309.0,Sesbania grandiflora,Riboviria,Orthornavirae,Pisuviricota,Pisoniviricetes,Sobelivirales,Solemoviridae,Sobemovirus,Sobemovirus SEMV,
Sobemovirus,12137,,1.01,,,,,,1.2,0.93,,0.25,7.41,,,,8570.0,Serpentes,Riboviria,Orthornavirae,Pisuviricota,Pisoniviricetes,Sobelivirales,Solemoviridae,Sobemovirus,Sobemovirus SMAMV,
Sobemovirus,12137,,1.01,,,,,,1.2,0.93,,0.25,7.41,,,,81866.0,Nicotiana clevelandii,Riboviria,Orthornavirae,Pisuviricota,Pisoniviricetes,Sobelivirales,Solemoviridae,Sobemovirus,Sobemovirus SNMOV,
Sobemovirus,12137,,1.01,,,,,,1.2,0.93,,0.25,7.41,,,,85267.0,Solanum nodiflorum,Riboviria,Orthornavirae,Pisuviricota,Pisoniviricetes,Sobelivirales,Solemoviridae,Sobemovirus,Sobemovirus SNMOV,
Sobemovirus,12137,,1.01,,,,,,1.2,0.93,,0.25,7.41,,,,3885.0,Phaseolus vulgaris,Riboviria,Orthornavirae,Pisuviricota,Pisoniviricetes,Sobelivirales,Solemoviridae,Sobemovirus,Sobemovirus SBMV,
Sobemovirus,12137,,1.01,,,,,,1.2,0.93,,0.25,7.41,,,,3847.0,Glycine max,Riboviria,Orthornavirae,Pisuviricota,Pisoniviricetes,Sobelivirales,Solemoviridae,Sobemovirus,Sobemovirus SCPMV,
Sobemovirus,12137,,1.01,,,,,,1.2,0.93,,0.25,7.41,,,,3915.0,Vigna mungo,Riboviria,Orthornavirae,Pisuviricota,Pisoniviricetes,Sobelivirales,Solemoviridae,Sobemovirus,Sobemovirus SCPMV,
Sobemovirus,12137,,1.01,,,,,,1.2,0.93,,0.25,7.41,,,,3917.0,Vigna unguiculata,Riboviria,Orthornavirae,Pisuviricota,Pisoniviricetes,Sobelivirales,Solemoviridae,Sobemovirus,Sobemovirus SCPMV,
Sobemovirus,12137,,1.01,,,,,,1.2,0.93,,0.25,7.41,,,,3162414.0,Rubus sp.,Riboviria,Orthornavirae,Pisuviricota,Pisoniviricetes,Sobelivirales,Solemoviridae,Sobemovirus,Sobemovirus SOMV,
Sobemovirus,12137,,1.01,,,,,,1.2,0.93,,0.25,7.41,,,,3900.0,Trifolium subterraneum,Riboviria,Orthornavirae,Pisuviricota,Pisoniviricetes,Sobelivirales,Solemoviridae,Sobemovirus,Sobemovirus SCMOV,
Sobemovirus,12137,,1.01,,,,,,1.2,0.93,,0.25,7.41,,,,3711.0,Brassica rapa,Riboviria,Orthornavirae,Pisuviricota,Pisoniviricetes,Sobelivirales,Solemoviridae,Sobemovirus,Sobemovirus TROV,
Sobemovirus,12137,,1.01,,,,,,1.2,0.93,,0.25,7.41,,,,49454.0,Nicotiana velutina,Riboviria,Orthornavirae,Pisuviricota,Pisoniviricetes,Sobelivirales,Solemoviridae,Sobemovirus,Sobemovirus VTMOV,
Tombusvirus,12141,,,,,,,,,,,,0.3,,,,,,,,,,,,,,
Carlavirus,12163,0.13,,,,,,,,,,,,,,,85363.0,Aconitum carmichaelii,Riboviria,Orthornavirae,Kitrinoviricota,Alsuviricetes,Tymovirales,Betaflexiviridae,Quinvirinae,Carlavirus,+ssRNA
Carlavirus,12163,0.13,,,,,,,,,,,,,,,51426.0,Agapanthus,Riboviria,Orthornavirae,Kitrinoviricota,Alsuviricetes,Tymovirales,Betaflexiviridae,Quinvirinae,Carlavirus,+ssRNA
Carlavirus,12163,0.13,,,,,,,,,,,,,,,3879.0,Medicago sativa,Riboviria,Orthornavirae,Kitrinoviricota,Alsuviricetes,Tymovirales,Betaflexiviridae,Quinvirinae,Carlavirus,+ssRNA
Carlavirus,12163,0.13,,,,,,,,,,,,,,,3486.0,Humulus lupulus,Riboviria,Orthornavirae,Kitrinoviricota,Alsuviricetes,Tymovirales,Betaflexiviridae,Quinvirinae,Carlavirus,+ssRNA
Carlavirus,12163,0.13,,,,,,,,,,,,,,,265785.0,Atractylodes macrocephala,Riboviria,Orthornavirae,Kitrinoviricota,Alsuviricetes,Tymovirales,Betaflexiviridae,Quinvirinae,Carlavirus,+ssRNA
Carlavirus,12163,0.13,,,,,,,,,,,,,,,3505.0,Betula pendula,Riboviria,Orthornavirae,Kitrinoviricota,Alsuviricetes,Tymovirales,Betaflexiviridae,Quinvirinae,Carlavirus,+ssRNA
Carlavirus,12163,0.13,,,,,,,,,,,,,,,13750.0,Vaccinium macrocarpon,Riboviria,Orthornavirae,Kitrinoviricota,Alsuviricetes,Tymovirales,Betaflexiviridae,Quinvirinae,Carlavirus,+ssRNA
Carlavirus,12163,0.13,,,,,,,,,,,,,,,63459.0,Chenopodium quinoa,Riboviria,Orthornavirae,Kitrinoviricota,Alsuviricetes,Tymovirales,Betaflexiviridae,Quinvirinae,Carlavirus,+ssRNA
Carlavirus,12163,0.13,,,,,,,,,,,,,,,66262.0,Chenopodium amaranticolor,Riboviria,Orthornavirae,Kitrinoviricota,Alsuviricetes,Tymovirales,Betaflexiviridae,Quinvirinae,Carlavirus,+ssRNA
Carlavirus,12163,0.13,,,,,,,,,,,,,,,69266.0,Vaccinium corymbosum,Riboviria,Orthornavirae,Kitrinoviricota,Alsuviricetes,Tymovirales,Betaflexiviridae,Quinvirinae,Carlavirus,+ssRNA
Carlavirus,12163,0.13,,,,,,,,,,,,,,,186965.0,Petasites japonicus,Riboviria,Orthornavirae,Kitrinoviricota,Alsuviricetes,Tymovirales,Betaflexiviridae,Quinvirinae,Carlavirus,+ssRNA
Carlavirus,12163,0.13,,,,,,,,,,,,,,,983927.0,Epiphyllum,Riboviria,Orthornavirae,Kitrinoviricota,Alsuviricetes,Tymovirales,Betaflexiviridae,Quinvirinae,Carlavirus,+ssRNA
Carlavirus,12163,0.13,,,,,,,,,,,,,,,46246.0,Delphinium,Riboviria,Orthornavirae,Kitrinoviricota,Alsuviricetes,Tymovirales,Betaflexiviridae,Quinvirinae,Carlavirus,+ssRNA
Carlavirus,12163,0.13,,,,,,,,,,,,,,,13422.0,Chrysanthemum,Riboviria,Orthornavirae,Kitrinoviricota,Alsuviricetes,Tymovirales,Betaflexiviridae,Quinvirinae,Carlavirus,+ssRNA
Carlavirus,12163,0.13,,,,,,,,,,,,,,,41568.0,Chrysanthemum x morifolium,Riboviria,Orthornavirae,Kitrinoviricota,Alsuviricetes,Tymovirales,Betaflexiviridae,Quinvirinae,Carlavirus,+ssRNA
Carlavirus,12163,0.13,,,,,,,,,,,,,,,109564.0,Gynura,Riboviria,Orthornavirae,Kitrinoviricota,Alsuviricetes,Tymovirales,Betaflexiviridae,Quinvirinae,Carlavirus,+ssRNA
Carlavirus,12163,0.13,,,,,,,,,,,,,,,16049.0,Clivia miniata,Riboviria,Orthornavirae,Kitrinoviricota,Alsuviricetes,Tymovirales,Betaflexiviridae,Quinvirinae,Carlavirus,+ssRNA
Carlavirus,12163,0.13,,,,,,,,,,,,,,,3712.0,Brassica oleracea,Riboviria,Orthornavirae,Kitrinoviricota,Alsuviricetes,Tymovirales,Betaflexiviridae,Quinvirinae,Carlavirus,+ssRNA
Carlavirus,12163,0.13,,,,,,,,,,,,,,,22002.0,Verbena,Riboviria,Orthornavirae,Kitrinoviricota,Alsuviricetes,Tymovirales,Betaflexiviridae,Quinvirinae,Carlavirus,+ssRNA
Carlavirus,12163,0.13,,,,,,,,,,,,,,,3917.0,Vigna unguiculata,Riboviria,Orthornavirae,Kitrinoviricota,Alsuviricetes,Tymovirales,Betaflexiviridae,Quinvirinae,Carlavirus,+ssRNA
Carlavirus,12163,0.13,,,,,,,,,,,,,,,81866.0,Nicotiana clevelandii,Riboviria,Orthornavirae,Kitrinoviricota,Alsuviricetes,Tymovirales,Betaflexiviridae,Quinvirinae,Carlavirus,+ssRNA
Carlavirus,12163,0.13,,,,,,,,,,,,,,,3659.0,Cucumis sativus,Riboviria,Orthornavirae,Kitrinoviricota,Alsuviricetes,Tymovirales,Betaflexiviridae,Quinvirinae,Carlavirus,+ssRNA
Carlavirus,12163,0.13,,,,,,,,,,,,,,,329675.0,Daphne odora,Riboviria,Orthornavirae,Kitrinoviricota,Alsuviricetes,Tymovirales,Betaflexiviridae,Quinvirinae,Carlavirus,+ssRNA
Carlavirus,12163,0.13,,,,,,,,,,,,,,,57008.0,Sambucus canadensis,Riboviria,Orthornavirae,Kitrinoviricota,Alsuviricetes,Tymovirales,Betaflexiviridae,Quinvirinae,Carlavirus,+ssRNA
Carlavirus,12163,0.13,,,,,,,,,,,,,,,4203.0,Sambucus racemosa,Riboviria,Orthornavirae,Kitrinoviricota,Alsuviricetes,Tymovirales,Betaflexiviridae,Quinvirinae,Carlavirus,+ssRNA
Carlavirus,12163,0.13,,,,,,,,,,,,,,,4100.0,Nicotiana benthamiana,Riboviria,Orthornavirae,Kitrinoviricota,Alsuviricetes,Tymovirales,Betaflexiviridae,Quinvirinae,Carlavirus,+ssRNA
Carlavirus,12163,0.13,,,,,,,,,,,,,,,4682.0,Allium sativum,Riboviria,Orthornavirae,Kitrinoviricota,Alsuviricetes,Tymovirales,Betaflexiviridae,Quinvirinae,Carlavirus,+ssRNA
Carlavirus,12163,0.13,,,,,,,,,,,,,,,1406308.0,Helleborus x hybridus,Riboviria,Orthornavirae,Kitrinoviricota,Alsuviricetes,Tymovirales,Betaflexiviridae,Quinvirinae,Carlavirus,+ssRNA
Carlavirus,12163,0.13,,,,,,,,,,,,,,,4695.0,Hippeastrum,Riboviria,Orthornavirae,Kitrinoviricota,Alsuviricetes,Tymovirales,Betaflexiviridae,Quinvirinae,Carlavirus,+ssRNA
Carlavirus,12163,0.13,,,,,,,,,,,,,,,23110.0,Hydrangea macrophylla,Riboviria,Orthornavirae,Kitrinoviricota,Alsuviricetes,Tymovirales,Betaflexiviridae,Quinvirinae,Carlavirus,+ssRNA
Carlavirus,12163,0.13,,,,,,,,,,,,,,,660624.0,Jasminum sambac,Riboviria,Orthornavirae,Kitrinoviricota,Alsuviricetes,Tymovirales,Betaflexiviridae,Quinvirinae,Carlavirus,+ssRNA
Carlavirus,12163,0.13,,,,,,,,,,,,,,,45339.0,Kalanchoe blossfeldiana,Riboviria,Orthornavirae,Kitrinoviricota,Alsuviricetes,Tymovirales,Betaflexiviridae,Quinvirinae,Carlavirus,+ssRNA
Carlavirus,12163,0.13,,,,,,,,,,,,,,,46072.0,Ligustrum japonicum,Riboviria,Orthornavirae,Kitrinoviricota,Alsuviricetes,Tymovirales,Betaflexiviridae,Quinvirinae,Carlavirus,+ssRNA
Carlavirus,12163,0.13,,,,,,,,,,,,,,,178760.0,Ligustrum obtusifolium,Riboviria,Orthornavirae,Kitrinoviricota,Alsuviricetes,Tymovirales,Betaflexiviridae,Quinvirinae,Carlavirus,+ssRNA
Carlavirus,12163,0.13,,,,,,,,,,,,,,,4688.0,Lilium,Riboviria,Orthornavirae,Kitrinoviricota,Alsuviricetes,Tymovirales,Betaflexiviridae,Quinvirinae,Carlavirus,+ssRNA
Carlavirus,12163,0.13,,,,,,,,,,,,,,,3656.0,Cucumis melo,Riboviria,Orthornavirae,Kitrinoviricota,Alsuviricetes,Tymovirales,Betaflexiviridae,Quinvirinae,Carlavirus,+ssRNA
Carlavirus,12163,0.13,,,,,,,,,,,,,,,3538.0,Mirabilis jalapa,Riboviria,Orthornavirae,Kitrinoviricota,Alsuviricetes,Tymovirales,Betaflexiviridae,Quinvirinae,Carlavirus,+ssRNA
Carlavirus,12163,0.13,,,,,,,,,,,,,,,391288.0,Narcissus tazetta subsp. chinensis,Riboviria,Orthornavirae,Kitrinoviricota,Alsuviricetes,Tymovirales,Betaflexiviridae,Quinvirinae,Carlavirus,+ssRNA
Carlavirus,12163,0.13,,,,,,,,,,,,,,,39639.0,Narcissus pseudonarcissus,Riboviria,Orthornavirae,Kitrinoviricota,Alsuviricetes,Tymovirales,Betaflexiviridae,Quinvirinae,Carlavirus,+ssRNA
Carlavirus,12163,0.13,,,,,,,,,,,,,,,4696.0,Hippeastrum sp.,Riboviria,Orthornavirae,Kitrinoviricota,Alsuviricetes,Tymovirales,Betaflexiviridae,Quinvirinae,Carlavirus,+ssRNA
Carlavirus,12163,0.13,,,,,,,,,,,,,,,3649.0,Carica papaya,Riboviria,Orthornavirae,Kitrinoviricota,Alsuviricetes,Tymovirales,Betaflexiviridae,Quinvirinae,Carlavirus,+ssRNA
Carlavirus,12163,0.13,,,,,,,,,,,,,,,46091.0,Chenopodiastrum murale,Riboviria,Orthornavirae,Kitrinoviricota,Alsuviricetes,Tymovirales,Betaflexiviridae,Quinvirinae,Carlavirus,+ssRNA
Carlavirus,12163,0.13,,,,,,,,,,,,,,,78168.0,Passiflora edulis,Riboviria,Orthornavirae,Kitrinoviricota,Alsuviricetes,Tymovirales,Betaflexiviridae,Quinvirinae,Carlavirus,+ssRNA
Carlavirus,12163,0.13,,,,,,,,,,,,,,,3888.0,Lathyrus oleraceus,Riboviria,Orthornavirae,Kitrinoviricota,Alsuviricetes,Tymovirales,Betaflexiviridae,Quinvirinae,Carlavirus,+ssRNA
Carlavirus,12163,0.13,,,,,,,,,,,,,,,3906.0,Vicia faba,Riboviria,Orthornavirae,Kitrinoviricota,Alsuviricetes,Tymovirales,Betaflexiviridae,Quinvirinae,Carlavirus,+ssRNA
Carlavirus,12163,0.13,,,,,,,,,,,,,,,57577.0,Trifolium pratense,Riboviria,Orthornavirae,Kitrinoviricota,Alsuviricetes,Tymovirales,Betaflexiviridae,Quinvirinae,Carlavirus,+ssRNA
Carlavirus,12163,0.13,,,,,,,,,,,,,,,4072.0,Capsicum annuum,Riboviria,Orthornavirae,Kitrinoviricota,Alsuviricetes,Tymovirales,Betaflexiviridae,Quinvirinae,Carlavirus,+ssRNA
Carlavirus,12163,0.13,,,,,,,,,,,,,,,103528.0,Phlox divaricata,Riboviria,Orthornavirae,Kitrinoviricota,Alsuviricetes,Tymovirales,Betaflexiviridae,Quinvirinae,Carlavirus,+ssRNA
Carlavirus,12163,0.13,,,,,,,,,,,,,,,103543.0,Phlox stolonifera,Riboviria,Orthornavirae,Kitrinoviricota,Alsuviricetes,Tymovirales,Betaflexiviridae,Quinvirinae,Carlavirus,+ssRNA
Carlavirus,12163,0.13,,,,,,,,,,,,,,,3689.0,Populus,Riboviria,Orthornavirae,Kitrinoviricota,Alsuviricetes,Tymovirales,Betaflexiviridae,Quinvirinae,Carlavirus,+ssRNA
Carlavirus,12163,0.13,,,,,,,,,,,,,,,118703.0,Nicotiana megalosiphon,Riboviria,Orthornavirae,Kitrinoviricota,Alsuviricetes,Tymovirales,Betaflexiviridae,Quinvirinae,Carlavirus,+ssRNA
Carlavirus,12163,0.13,,,,,,,,,,,,,,,4113.0,Solanum tuberosum,Riboviria,Orthornavirae,Kitrinoviricota,Alsuviricetes,Tymovirales,Betaflexiviridae,Quinvirinae,Carlavirus,+ssRNA
Carlavirus,12163,0.13,,,,,,,,,,,,,,,3827.0,Cicer arietinum,Riboviria,Orthornavirae,Kitrinoviricota,Alsuviricetes,Tymovirales,Betaflexiviridae,Quinvirinae,Carlavirus,+ssRNA
Carlavirus,12163,0.13,,,,,,,,,,,,,,,74648.0,Rosa lucieae,Riboviria,Orthornavirae,Kitrinoviricota,Alsuviricetes,Tymovirales,Betaflexiviridae,Quinvirinae,Carlavirus,+ssRNA
Carlavirus,12163,0.13,,,,,,,,,,,,,,,36598.0,Rosa sp.,Riboviria,Orthornavirae,Kitrinoviricota,Alsuviricetes,Tymovirales,Betaflexiviridae,Quinvirinae,Carlavirus,+ssRNA
Carlavirus,12163,0.13,,,,,,,,,,,,,,,28911.0,Allium cepa var. aggregatum,Riboviria,Orthornavirae,Kitrinoviricota,Alsuviricetes,Tymovirales,Betaflexiviridae,Quinvirinae,Carlavirus,+ssRNA
Carlavirus,12163,0.13,,,,,,,,,,,,,,,3847.0,Glycine max,Riboviria,Orthornavirae,Kitrinoviricota,Alsuviricetes,Tymovirales,Betaflexiviridae,Quinvirinae,Carlavirus,+ssRNA
Carlavirus,12163,0.13,,,,,,,,,,,,,,,4120.0,Ipomoea batatas,Riboviria,Orthornavirae,Kitrinoviricota,Alsuviricetes,Tymovirales,Betaflexiviridae,Quinvirinae,Carlavirus,+ssRNA
Carlavirus,12163,0.13,,,,,,,,,,,,,,,569628.0,Dioscorea oppositifolia,Riboviria,Orthornavirae,Kitrinoviricota,Alsuviricetes,Tymovirales,Betaflexiviridae,Quinvirinae,Carlavirus,+ssRNA
Potexvirus,12176,0.14,0.71,,0.03,,,0.26,0.38,,0.24,,2.53,,,0.21,4686.0,Asparagus officinalis,Riboviria,Orthornavirae,Kitrinoviricota,Alsuviricetes,Tymovirales,Alphaflexiviridae,Potexvirus,Potexvirus triasparagi,+ssRNA
Potexvirus,12176,0.14,0.71,,0.03,,,0.26,0.38,,0.24,,2.53,,,0.21,63459.0,Chenopodium quinoa,Riboviria,Orthornavirae,Kitrinoviricota,Alsuviricetes,Tymovirales,Alphaflexiviridae,Potexvirus,Potexvirus triasparagi,+ssRNA
Potexvirus,12176,0.14,0.71,,0.03,,,0.26,0.38,,0.24,,2.53,,,0.21,130426.0,Allium chinense,Riboviria,Orthornavirae,Kitrinoviricota,Alsuviricetes,Tymovirales,Alphaflexiviridae,Potexvirus,Potexvirus triasparagi,+ssRNA
Potexvirus,12176,0.14,0.71,,0.03,,,0.26,0.38,,0.24,,2.53,,,0.21,3649.0,Carica papaya,Riboviria,Orthornavirae,Kitrinoviricota,Alsuviricetes,Tymovirales,Alphaflexiviridae,Potexvirus,Potexvirus babaci,+ssRNA
Potexvirus,12176,0.14,0.71,,0.03,,,0.26,0.38,,0.24,,2.53,,,0.21,35926.0,Vasconcellea cundinamarcensis,Riboviria,Orthornavirae,Kitrinoviricota,Alsuviricetes,Tymovirales,Alphaflexiviridae,Potexvirus,Potexvirus babaci,+ssRNA
Potexvirus,12176,0.14,0.71,,0.03,,,0.26,0.38,,0.24,,2.53,,,0.21,66262.0,Chenopodium amaranticolor,Riboviria,Orthornavirae,Kitrinoviricota,Alsuviricetes,Tymovirales,Alphaflexiviridae,Potexvirus,Potexvirus babaci,+ssRNA
Potexvirus,12176,0.14,0.71,,0.03,,,0.26,0.38,,0.24,,2.53,,,0.21,126820.0,Senna occidentalis,Riboviria,Orthornavirae,Kitrinoviricota,Alsuviricetes,Tymovirales,Alphaflexiviridae,Potexvirus,Potexvirus babaci,+ssRNA
Potexvirus,12176,0.14,0.71,,0.03,,,0.26,0.38,,0.24,,2.53,,,0.21,262696.0,Vasconcellea x heilbornii,Riboviria,Orthornavirae,Kitrinoviricota,Alsuviricetes,Tymovirales,Alphaflexiviridae,Potexvirus,Potexvirus babaci,+ssRNA
Potexvirus,12176,0.14,0.71,,0.03,,,0.26,0.38,,0.24,,2.53,,,0.21,4513.0,Hordeum vulgare,Riboviria,Orthornavirae,Kitrinoviricota,Alsuviricetes,Tymovirales,Alphaflexiviridae,Potexvirus,Potexvirus bambusae,+ssRNA
Potexvirus,12176,0.14,0.71,,0.03,,,0.26,0.38,,0.24,,2.53,,,0.21,58923.0,Bambusa oldhamii,Riboviria,Orthornavirae,Kitrinoviricota,Alsuviricetes,Tymovirales,Alphaflexiviridae,Potexvirus,Potexvirus bambusae,+ssRNA
Potexvirus,12176,0.14,0.71,,0.03,,,0.26,0.38,,0.24,,2.53,,,0.21,176265.0,Selenicereus undatus,Riboviria,Orthornavirae,Kitrinoviricota,Alsuviricetes,Tymovirales,Alphaflexiviridae,Potexvirus,Potexvirus ecscacti,+ssRNA
Potexvirus,12176,0.14,0.71,,0.03,,,0.26,0.38,,0.24,,2.53,,,0.21,3983.0,Manihot esculenta,Riboviria,Orthornavirae,Kitrinoviricota,Alsuviricetes,Tymovirales,Alphaflexiviridae,Potexvirus,Potexvirus colombiense,+ssRNA
Potexvirus,12176,0.14,0.71,,0.03,,,0.26,0.38,,0.24,,2.53,,,0.21,4100.0,Nicotiana benthamiana,Riboviria,Orthornavirae,Kitrinoviricota,Alsuviricetes,Tymovirales,Alphaflexiviridae,Potexvirus,Potexvirus marmormanihotis,+ssRNA
Potexvirus,12176,0.14,0.71,,0.03,,,0.26,0.38,,0.24,,2.53,,,0.21,85571.0,Citrus reticulata,Riboviria,Orthornavirae,Kitrinoviricota,Alsuviricetes,Tymovirales,Alphaflexiviridae,Potexvirus,Mandarivirus,+ssRNA
Potexvirus,12176,0.14,0.71,,0.03,,,0.26,0.38,,0.24,,2.53,,,0.21,2708.0,Citrus x limon,Riboviria,Orthornavirae,Kitrinoviricota,Alsuviricetes,Tymovirales,Alphaflexiviridae,Potexvirus,Mandarivirus,+ssRNA
Potexvirus,12176,0.14,0.71,,0.03,,,0.26,0.38,,0.24,,2.53,,,0.21,3559.0,Chenopodium album,Riboviria,Orthornavirae,Kitrinoviricota,Alsuviricetes,Tymovirales,Alphaflexiviridae,Potexvirus,Potexvirus flavitrifolii,+ssRNA
Potexvirus,12176,0.14,0.71,,0.03,,,0.26,0.38,,0.24,,2.53,,,0.21,3879.0,Medicago sativa,Riboviria,Orthornavirae,Kitrinoviricota,Alsuviricetes,Tymovirales,Alphaflexiviridae,Potexvirus,Potexvirus flavitrifolii,+ssRNA
Potexvirus,12176,0.14,0.71,,0.03,,,0.26,0.38,,0.24,,2.53,,,0.21,3888.0,Lathyrus oleraceus,Riboviria,Orthornavirae,Kitrinoviricota,Alsuviricetes,Tymovirales,Alphaflexiviridae,Potexvirus,Potexvirus flavitrifolii,+ssRNA
Potexvirus,12176,0.14,0.71,,0.03,,,0.26,0.38,,0.24,,2.53,,,0.21,3898.0,Trifolium,Riboviria,Orthornavirae,Kitrinoviricota,Alsuviricetes,Tymovirales,Alphaflexiviridae,Potexvirus,Potexvirus flavitrifolii,+ssRNA
Potexvirus,12176,0.14,0.71,,0.03,,,0.26,0.38,,0.24,,2.53,,,0.21,3908.0,Vicia sativa,Riboviria,Orthornavirae,Kitrinoviricota,Alsuviricetes,Tymovirales,Alphaflexiviridae,Potexvirus,Potexvirus flavitrifolii,+ssRNA
Potexvirus,12176,0.14,0.71,,0.03,,,0.26,0.38,,0.24,,2.53,,,0.21,13274.0,Stellaria media,Riboviria,Orthornavirae,Kitrinoviricota,Alsuviricetes,Tymovirales,Alphaflexiviridae,Potexvirus,Potexvirus flavitrifolii,+ssRNA
Potexvirus,12176,0.14,0.71,,0.03,,,0.26,0.38,,0.24,,2.53,,,0.21,283210.0,Malus pumila,Riboviria,Orthornavirae,Kitrinoviricota,Alsuviricetes,Tymovirales,Alphaflexiviridae,Potexvirus,Potexvirus flavitrifolii,+ssRNA
Potexvirus,12176,0.14,0.71,,0.03,,,0.26,0.38,,0.24,,2.53,,,0.21,54711.0,Conioselinum officinale,Riboviria,Orthornavirae,Kitrinoviricota,Alsuviricetes,Tymovirales,Alphaflexiviridae,Potexvirus,Potexvirus ecscnidii,+ssRNA
Potexvirus,12176,0.14,0.71,,0.03,,,0.26,0.38,,0.24,,2.53,,,0.21,28471.0,Cymbidium hybrid cultivar,Riboviria,Orthornavirae,Kitrinoviricota,Alsuviricetes,Tymovirales,Alphaflexiviridae,Potexvirus,Potexvirus cymbidii,+ssRNA
Potexvirus,12176,0.14,0.71,,0.03,,,0.26,0.38,,0.24,,2.53,,,0.21,36459.0,Phalaenopsis,Riboviria,Orthornavirae,Kitrinoviricota,Alsuviricetes,Tymovirales,Alphaflexiviridae,Potexvirus,Potexvirus cymbidii,+ssRNA
Potexvirus,12176,0.14,0.71,,0.03,,,0.26,0.38,,0.24,,2.53,,,0.21,38198.0,Vanda,Riboviria,Orthornavirae,Kitrinoviricota,Alsuviricetes,Tymovirales,Alphaflexiviridae,Potexvirus,Potexvirus cymbidii,+ssRNA
Potexvirus,12176,0.14,0.71,,0.03,,,0.26,0.38,,0.24,,2.53,,,0.21,38234.0,Epidendrum,Riboviria,Orthornavirae,Kitrinoviricota,Alsuviricetes,Tymovirales,Alphaflexiviridae,Potexvirus,Potexvirus cymbidii,+ssRNA
Potexvirus,12176,0.14,0.71,,0.03,,,0.26,0.38,,0.24,,2.53,,,0.21,38236.0,Cattleya,Riboviria,Orthornavirae,Kitrinoviricota,Alsuviricetes,Tymovirales,Alphaflexiviridae,Potexvirus,Potexvirus cymbidii,+ssRNA
Potexvirus,12176,0.14,0.71,,0.03,,,0.26,0.38,,0.24,,2.53,,,0.21,45173.0,Oncidium,Riboviria,Orthornavirae,Kitrinoviricota,Alsuviricetes,Tymovirales,Alphaflexiviridae,Potexvirus,Potexvirus cymbidii,+ssRNA
Potexvirus,12176,0.14,0.71,,0.03,,,0.26,0.38,,0.24,,2.53,,,0.21,78858.0,Zygopetalum,Riboviria,Orthornavirae,Kitrinoviricota,Alsuviricetes,Tymovirales,Alphaflexiviridae,Potexvirus,Potexvirus cymbidii,+ssRNA
Potexvirus,12176,0.14,0.71,,0.03,,,0.26,0.38,,0.24,,2.53,,,0.21,112603.0,Cymbidium aloifolium,Riboviria,Orthornavirae,Kitrinoviricota,Alsuviricetes,Tymovirales,Alphaflexiviridae,Potexvirus,Potexvirus cymbidii,+ssRNA
Potexvirus,12176,0.14,0.71,,0.03,,,0.26,0.38,,0.24,,2.53,,,0.21,120015.0,Phaius tancarvilleae,Riboviria,Orthornavirae,Kitrinoviricota,Alsuviricetes,Tymovirales,Alphaflexiviridae,Potexvirus,Potexvirus cymbidii,+ssRNA
Potexvirus,12176,0.14,0.71,,0.03,,,0.26,0.38,,0.24,,2.53,,,0.21,123155.0,Laelia,Riboviria,Orthornavirae,Kitrinoviricota,Alsuviricetes,Tymovirales,Alphaflexiviridae,Potexvirus,Potexvirus cymbidii,+ssRNA
Potexvirus,12176,0.14,0.71,,0.03,,,0.26,0.38,,0.24,,2.53,,,0.21,141750.0,Coelogyne imbricata,Riboviria,Orthornavirae,Kitrinoviricota,Alsuviricetes,Tymovirales,Alphaflexiviridae,Potexvirus,Potexvirus cymbidii,+ssRNA
Potexvirus,12176,0.14,0.71,,0.03,,,0.26,0.38,,0.24,,2.53,,,0.21,160533.0,Cymbidium iridioides,Riboviria,Orthornavirae,Kitrinoviricota,Alsuviricetes,Tymovirales,Alphaflexiviridae,Potexvirus,Potexvirus cymbidii,+ssRNA
Potexvirus,12176,0.14,0.71,,0.03,,,0.26,0.38,,0.24,,2.53,,,0.21,4309.0,Euonymus maackii,Riboviria,Orthornavirae,Kitrinoviricota,Alsuviricetes,Tymovirales,Alphaflexiviridae,Potexvirus,Potexvirus flavimaculae,+ssRNA
Potexvirus,12176,0.14,0.71,,0.03,,,0.26,0.38,,0.24,,2.53,,,0.21,4555.0,Setaria italica,Riboviria,Orthornavirae,Kitrinoviricota,Alsuviricetes,Tymovirales,Alphaflexiviridae,Potexvirus,Potexvirus setariae,+ssRNA
Potexvirus,12176,0.14,0.71,,0.03,,,0.26,0.38,,0.24,,2.53,,,0.21,4556.0,Setaria viridis,Riboviria,Orthornavirae,Kitrinoviricota,Alsuviricetes,Tymovirales,Alphaflexiviridae,Potexvirus,Potexvirus setariae,+ssRNA
Potexvirus,12176,0.14,0.71,,0.03,,,0.26,0.38,,0.24,,2.53,,,0.21,13090.0,Hosta,Riboviria,Orthornavirae,Kitrinoviricota,Alsuviricetes,Tymovirales,Alphaflexiviridae,Potexvirus,Potexvirus ecshostae,+ssRNA
Potexvirus,12176,0.14,0.71,,0.03,,,0.26,0.38,,0.24,,2.53,,,0.21,1035810.0,Hosta minor,Riboviria,Orthornavirae,Kitrinoviricota,Alsuviricetes,Tymovirales,Alphaflexiviridae,Potexvirus,Potexvirus ecshostae,+ssRNA
Potexvirus,12176,0.14,0.71,,0.03,,,0.26,0.38,,0.24,,2.53,,,0.21,23109.0,Hydrangea,Riboviria,Orthornavirae,Kitrinoviricota,Alsuviricetes,Tymovirales,Alphaflexiviridae,Potexvirus,Potexvirus hydrangeae,+ssRNA
Potexvirus,12176,0.14,0.71,,0.03,,,0.26,0.38,,0.24,,2.53,,,0.21,2706.0,Citrus,Riboviria,Orthornavirae,Kitrinoviricota,Alsuviricetes,Tymovirales,Alphaflexiviridae,Potexvirus,Mandarivirus,+ssRNA
Potexvirus,12176,0.14,0.71,,0.03,,,0.26,0.38,,0.24,,2.53,,,0.21,4236.0,Lactuca sativa,Riboviria,Orthornavirae,Kitrinoviricota,Alsuviricetes,Tymovirales,Alphaflexiviridae,Potexvirus,Potexvirus ecslactucae,+ssRNA
Potexvirus,12176,0.14,0.71,,0.03,,,0.26,0.38,,0.24,,2.53,,,0.21,63788.0,Lilium formosanum,Riboviria,Orthornavirae,Kitrinoviricota,Alsuviricetes,Tymovirales,Alphaflexiviridae,Potexvirus,Potexvirus ecslilii,+ssRNA
Potexvirus,12176,0.14,0.71,,0.03,,,0.26,0.38,,0.24,,2.53,,,0.21,183277.0,Malva neglecta,Riboviria,Orthornavirae,Kitrinoviricota,Alsuviricetes,Tymovirales,Alphaflexiviridae,Potexvirus,Potexvirus malvae,+ssRNA
Potexvirus,12176,0.14,0.71,,0.03,,,0.26,0.38,,0.24,,2.53,,,0.21,241069.0,Mentha x gracilis,Riboviria,Orthornavirae,Kitrinoviricota,Alsuviricetes,Tymovirales,Alphaflexiviridae,Potexvirus,Potexvirus ecsmenthae,+ssRNA
Potexvirus,12176,0.14,0.71,,0.03,,,0.26,0.38,,0.24,,2.53,,,0.21,41775.0,Nandina,Riboviria,Orthornavirae,Kitrinoviricota,Alsuviricetes,Tymovirales,Alphaflexiviridae,Potexvirus,Potexvirus marmorplantagonis,+ssRNA
Potexvirus,12176,0.14,0.71,,0.03,,,0.26,0.38,,0.24,,2.53,,,0.21,39639.0,Narcissus pseudonarcissus,Riboviria,Orthornavirae,Kitrinoviricota,Alsuviricetes,Tymovirales,Alphaflexiviridae,Potexvirus,Potexvirus narcissi,+ssRNA
Potexvirus,12176,0.14,0.71,,0.03,,,0.26,0.38,,0.24,,2.53,,,0.21,51427.0,Agapanthus campanulatus,Riboviria,Orthornavirae,Kitrinoviricota,Alsuviricetes,Tymovirales,Alphaflexiviridae,Potexvirus,Potexvirus ecsnerinis,+ssRNA
Potexvirus,12176,0.14,0.71,,0.03,,,0.26,0.38,,0.24,,2.53,,,0.21,180152.0,Nerine sarniensis,Riboviria,Orthornavirae,Kitrinoviricota,Alsuviricetes,Tymovirales,Alphaflexiviridae,Potexvirus,Potexvirus ecsnerinis,+ssRNA
Potexvirus,12176,0.14,0.71,,0.03,,,0.26,0.38,,0.24,,2.53,,,0.21,106975.0,Opuntia,Riboviria,Orthornavirae,Kitrinoviricota,Alsuviricetes,Tymovirales,Alphaflexiviridae,Potexvirus,Potexvirus ecsopuntiae,+ssRNA
Potexvirus,12176,0.14,0.71,,0.03,,,0.26,0.38,,0.24,,2.53,,,0.21,108055.0,Ullucus tuberosus,Riboviria,Orthornavirae,Kitrinoviricota,Alsuviricetes,Tymovirales,Alphaflexiviridae,Potexvirus,Potexvirus papayae,+ssRNA
Potexvirus,12176,0.14,0.71,,0.03,,,0.26,0.38,,0.24,,2.53,,,0.21,4081.0,Solanum lycopersicum,Riboviria,Orthornavirae,Kitrinoviricota,Alsuviricetes,Tymovirales,Alphaflexiviridae,Potexvirus,Potexvirus pepini,+ssRNA
Potexvirus,12176,0.14,0.71,,0.03,,,0.26,0.38,,0.24,,2.53,,,0.21,81866.0,Nicotiana clevelandii,Riboviria,Orthornavirae,Kitrinoviricota,Alsuviricetes,Tymovirales,Alphaflexiviridae,Potexvirus,Potexvirus pepini,+ssRNA
Potexvirus,12176,0.14,0.71,,0.03,,,0.26,0.38,,0.24,,2.53,,,0.21,205567.0,Solanum muricatum,Riboviria,Orthornavirae,Kitrinoviricota,Alsuviricetes,Tymovirales,Alphaflexiviridae,Potexvirus,Potexvirus pepini,+ssRNA
Potexvirus,12176,0.14,0.71,,0.03,,,0.26,0.38,,0.24,,2.53,,,0.21,221775.0,Gomphrena globosa,Riboviria,Orthornavirae,Kitrinoviricota,Alsuviricetes,Tymovirales,Alphaflexiviridae,Potexvirus,Potexvirus pepini,+ssRNA
Potexvirus,12176,0.14,0.71,,0.03,,,0.26,0.38,,0.24,,2.53,,,0.21,3043474.0,Calanthe flava,Riboviria,Orthornavirae,Kitrinoviricota,Alsuviricetes,Tymovirales,Alphaflexiviridae,Potexvirus,Potexvirus ecsphaii,+ssRNA
Potexvirus,12176,0.14,0.71,,0.03,,,0.26,0.38,,0.24,,2.53,,,0.21,3243256.0,Selenicereus sp.,Riboviria,Orthornavirae,Kitrinoviricota,Alsuviricetes,Tymovirales,Alphaflexiviridae,Potexvirus,Potexvirus ecspitayae,+ssRNA
Potexvirus,12176,0.14,0.71,,0.03,,,0.26,0.38,,0.24,,2.53,,,0.21,197796.0,Plantago asiatica,Riboviria,Orthornavirae,Kitrinoviricota,Alsuviricetes,Tymovirales,Alphaflexiviridae,Potexvirus,Potexvirus marmorplantagonis,+ssRNA
Potexvirus,12176,0.14,0.71,,0.03,,,0.26,0.38,,0.24,,2.53,,,0.21,78511.0,Ribes nigrum,Riboviria,Orthornavirae,Kitrinoviricota,Alsuviricetes,Tymovirales,Alphaflexiviridae,Potexvirus,Potexvirus ecsplantagonis,+ssRNA
Potexvirus,12176,0.14,0.71,,0.03,,,0.26,0.38,,0.24,,2.53,,,0.21,4113.0,Solanum tuberosum,Riboviria,Orthornavirae,Kitrinoviricota,Alsuviricetes,Tymovirales,Alphaflexiviridae,Potexvirus,Potexvirus marmoraucuba,+ssRNA
Potexvirus,12176,0.14,0.71,,0.03,,,0.26,0.38,,0.24,,2.53,,,0.21,3711.0,Brassica rapa,Riboviria,Orthornavirae,Kitrinoviricota,Alsuviricetes,Tymovirales,Alphaflexiviridae,Potexvirus,Potexvirus ecspotati,+ssRNA
Potexvirus,12176,0.14,0.71,,0.03,,,0.26,0.38,,0.24,,2.53,,,0.21,103543.0,Phlox stolonifera,Riboviria,Orthornavirae,Kitrinoviricota,Alsuviricetes,Tymovirales,Alphaflexiviridae,Potexvirus,,+ssRNA
Potexvirus,12176,0.14,0.71,,0.03,,,0.26,0.38,,0.24,,2.53,,,0.21,4678.0,Allium,Riboviria,Orthornavirae,Kitrinoviricota,Alsuviricetes,Tymovirales,Alphaflexiviridae,Potexvirus,,+ssRNA
Potexvirus,12176,0.14,0.71,,0.03,,,0.26,0.38,,0.24,,2.53,,,0.21,3542.0,Aizoaceae,Riboviria,Orthornavirae,Kitrinoviricota,Alsuviricetes,Tymovirales,Alphaflexiviridae,Potexvirus,,+ssRNA
Potexvirus,12176,0.14,0.71,,0.03,,,0.26,0.38,,0.24,,2.53,,,0.21,3563.0,Amaranthaceae,Riboviria,Orthornavirae,Kitrinoviricota,Alsuviricetes,Tymovirales,Alphaflexiviridae,Potexvirus,,+ssRNA
Potexvirus,12176,0.14,0.71,,0.03,,,0.26,0.38,,0.24,,2.53,,,0.21,3629.0,Malvaceae,Riboviria,Orthornavirae,Kitrinoviricota,Alsuviricetes,Tymovirales,Alphaflexiviridae,Potexvirus,,+ssRNA
Potexvirus,12176,0.14,0.71,,0.03,,,0.26,0.38,,0.24,,2.53,,,0.21,3650.0,Cucurbitaceae,Riboviria,Orthornavirae,Kitrinoviricota,Alsuviricetes,Tymovirales,Alphaflexiviridae,Potexvirus,,+ssRNA
Potexvirus,12176,0.14,0.71,,0.03,,,0.26,0.38,,0.24,,2.53,,,0.21,3803.0,Fabaceae,Riboviria,Orthornavirae,Kitrinoviricota,Alsuviricetes,Tymovirales,Alphaflexiviridae,Potexvirus,,+ssRNA
Potexvirus,12176,0.14,0.71,,0.03,,,0.26,0.38,,0.24,,2.53,,,0.21,4070.0,Solanaceae,Riboviria,Orthornavirae,Kitrinoviricota,Alsuviricetes,Tymovirales,Alphaflexiviridae,Potexvirus,,+ssRNA
Potexvirus,12176,0.14,0.71,,0.03,,,0.26,0.38,,0.24,,2.53,,,0.21,4180.0,Pedaliaceae,Riboviria,Orthornavirae,Kitrinoviricota,Alsuviricetes,Tymovirales,Alphaflexiviridae,Potexvirus,,+ssRNA
Potexvirus,12176,0.14,0.71,,0.03,,,0.26,0.38,,0.24,,2.53,,,0.21,4210.0,Asteraceae,Riboviria,Orthornavirae,Kitrinoviricota,Alsuviricetes,Tymovirales,Alphaflexiviridae,Potexvirus,,+ssRNA
Potexvirus,12176,0.14,0.71,,0.03,,,0.26,0.38,,0.24,,2.53,,,0.21,4479.0,Poaceae,Riboviria,Orthornavirae,Kitrinoviricota,Alsuviricetes,Tymovirales,Alphaflexiviridae,Potexvirus,,+ssRNA
Potexvirus,12176,0.14,0.71,,0.03,,,0.26,0.38,,0.24,,2.53,,,0.21,56741.0,Alstroemeria,Riboviria,Orthornavirae,Kitrinoviricota,Alsuviricetes,Tymovirales,Alphaflexiviridae,Potexvirus,,+ssRNA
Potexvirus,12176,0.14,0.71,,0.03,,,0.26,0.38,,0.24,,2.53,,,0.21,29715.0,Ambrosia psilostachya,Riboviria,Orthornavirae,Kitrinoviricota,Alsuviricetes,Tymovirales,Alphaflexiviridae,Potexvirus,,+ssRNA
Potexvirus,12176,0.14,0.71,,0.03,,,0.26,0.38,,0.24,,2.53,,,0.21,371859.0,Opuntia ficus-indica,Riboviria,Orthornavirae,Kitrinoviricota,Alsuviricetes,Tymovirales,Alphaflexiviridae,Potexvirus,unclassified Potexvirus,+ssRNA
Potexvirus,12176,0.14,0.71,,0.03,,,0.26,0.38,,0.24,,2.53,,,0.21,3594.0,Schlumbergera,Riboviria,Orthornavirae,Kitrinoviricota,Alsuviricetes,Tymovirales,Alphaflexiviridae,Potexvirus,Potexvirus ecschlumbergerae,+ssRNA
Potexvirus,12176,0.14,0.71,,0.03,,,0.26,0.38,,0.24,,2.53,,,0.21,57918.0,Fragaria vesca,Riboviria,Orthornavirae,Kitrinoviricota,Alsuviricetes,Tymovirales,Alphaflexiviridae,Potexvirus,Potexvirus fragariae,+ssRNA
Potexvirus,12176,0.14,0.71,,0.03,,,0.26,0.38,,0.24,,2.53,,,0.21,59498.0,Rubus rosifolius,Riboviria,Orthornavirae,Kitrinoviricota,Alsuviricetes,Tymovirales,Alphaflexiviridae,Potexvirus,Potexvirus fragariae,+ssRNA
Potexvirus,12176,0.14,0.71,,0.03,,,0.26,0.38,,0.24,,2.53,,,0.21,55634.0,Dioscorea communis,Riboviria,Orthornavirae,Kitrinoviricota,Alsuviricetes,Tymovirales,Alphaflexiviridae,Potexvirus,Potexvirus marmordioscoreae,+ssRNA
Potexvirus,12176,0.14,0.71,,0.03,,,0.26,0.38,,0.24,,2.53,,,0.21,13306.0,Tulipa gesneriana,Riboviria,Orthornavirae,Kitrinoviricota,Alsuviricetes,Tymovirales,Alphaflexiviridae,Potexvirus,Potexvirus ecstulipae,+ssRNA
Potexvirus,12176,0.14,0.71,,0.03,,,0.26,0.38,,0.24,,2.53,,,0.21,55497.0,Thalassia testudinum,Riboviria,Orthornavirae,Kitrinoviricota,Alsuviricetes,Tymovirales,Alphaflexiviridae,Potexvirus,Potexvirus ecsthalassiae,+ssRNA
Potexvirus,12176,0.14,0.71,,0.03,,,0.26,0.38,,0.24,,2.53,,,0.21,51239.0,Vanilla planifolia,Riboviria,Orthornavirae,Kitrinoviricota,Alsuviricetes,Tymovirales,Alphaflexiviridae,Potexvirus,Potexvirus ecsvanillae,+ssRNA
Potexvirus,12176,0.14,0.71,,0.03,,,0.26,0.38,,0.24,,2.53,,,0.21,55581.0,Dioscorea trifida,Riboviria,Orthornavirae,Kitrinoviricota,Alsuviricetes,Tymovirales,Alphaflexiviridae,Potexvirus,Potexvirus ecsdioscoreae,+ssRNA
Tobamovirus,12234,22.69,18.71,25.64,0.31,44.43,38.04,11.0,20.06,8.26,22.65,23.73,25.2,0.28,2.08,48.73,4071.0,Capsicum,Riboviria,Orthornavirae,Kitrinoviricota,Alsuviricetes,Martellivirales,Virgaviridae,Tobamovirus,Tobamovirus maculacapsici,+ssRNA
Tobamovirus,12234,22.69,18.71,25.64,0.31,44.43,38.04,11.0,20.06,8.26,22.65,23.73,25.2,0.28,2.08,48.73,4100.0,Nicotiana benthamiana,Riboviria,Orthornavirae,Kitrinoviricota,Alsuviricetes,Martellivirales,Virgaviridae,Tobamovirus,Tobamovirus maculacapsici,+ssRNA
Tobamovirus,12234,22.69,18.71,25.64,0.31,44.43,38.04,11.0,20.06,8.26,22.65,23.73,25.2,0.28,2.08,48.73,35889.0,Nicotiana glutinosa,Riboviria,Orthornavirae,Kitrinoviricota,Alsuviricetes,Martellivirales,Virgaviridae,Tobamovirus,Tobamovirus maculacapsici,+ssRNA
Tobamovirus,12234,22.69,18.71,25.64,0.31,44.43,38.04,11.0,20.06,8.26,22.65,23.73,25.2,0.28,2.08,48.73,223891.0,Solanum virginianum,Riboviria,Orthornavirae,Kitrinoviricota,Alsuviricetes,Martellivirales,Virgaviridae,Tobamovirus,Tobamovirus maculacapsici,+ssRNA
Tobamovirus,12234,22.69,18.71,25.64,0.31,44.43,38.04,11.0,20.06,8.26,22.65,23.73,25.2,0.28,2.08,48.73,301914.0,Brugmansia,Riboviria,Orthornavirae,Kitrinoviricota,Alsuviricetes,Martellivirales,Virgaviridae,Tobamovirus,Tobamovirus brugmansiae,+ssRNA
Tobamovirus,12234,22.69,18.71,25.64,0.31,44.43,38.04,11.0,20.06,8.26,22.65,23.73,25.2,0.28,2.08,48.73,3342679.0,Brugmansia sp.,Riboviria,Orthornavirae,Kitrinoviricota,Alsuviricetes,Martellivirales,Virgaviridae,Tobamovirus,Tobamovirus brugmansiae,+ssRNA
Tobamovirus,12234,22.69,18.71,25.64,0.31,44.43,38.04,11.0,20.06,8.26,22.65,23.73,25.2,0.28,2.08,48.73,484760.0,Gymnocalycium mihanovichii,Riboviria,Orthornavirae,Kitrinoviricota,Alsuviricetes,Martellivirales,Virgaviridae,Tobamovirus,Tobamovirus cacti,+ssRNA
Tobamovirus,12234,22.69,18.71,25.64,0.31,44.43,38.04,11.0,20.06,8.26,22.65,23.73,25.2,0.28,2.08,48.73,43366.0,Clitoria ternatea,Riboviria,Orthornavirae,Kitrinoviricota,Alsuviricetes,Martellivirales,Virgaviridae,Tobamovirus,Tobamovirus clitoriae,+ssRNA
Tobamovirus,12234,22.69,18.71,25.64,0.31,44.43,38.04,11.0,20.06,8.26,22.65,23.73,25.2,0.28,2.08,48.73,3659.0,Cucumis sativus,Riboviria,Orthornavirae,Kitrinoviricota,Alsuviricetes,Martellivirales,Virgaviridae,Tobamovirus,Tobamovirus maculafructi,+ssRNA
Tobamovirus,12234,22.69,18.71,25.64,0.31,44.43,38.04,11.0,20.06,8.26,22.65,23.73,25.2,0.28,2.08,48.73,869827.0,Cucumis sativus var. sativus,Riboviria,Orthornavirae,Kitrinoviricota,Alsuviricetes,Martellivirales,Virgaviridae,Tobamovirus,Tobamovirus maculafructi,+ssRNA
Tobamovirus,12234,22.69,18.71,25.64,0.31,44.43,38.04,11.0,20.06,8.26,22.65,23.73,25.2,0.28,2.08,48.73,3653.0,Citrullus,Riboviria,Orthornavirae,Kitrinoviricota,Alsuviricetes,Martellivirales,Virgaviridae,Tobamovirus,Tobamovirus viridimaculae,+ssRNA
Tobamovirus,12234,22.69,18.71,25.64,0.31,44.43,38.04,11.0,20.06,8.26,22.65,23.73,25.2,0.28,2.08,48.73,3668.0,Lagenaria siceraria,Riboviria,Orthornavirae,Kitrinoviricota,Alsuviricetes,Martellivirales,Virgaviridae,Tobamovirus,Tobamovirus viridimaculae,+ssRNA
Tobamovirus,12234,22.69,18.71,25.64,0.31,44.43,38.04,11.0,20.06,8.26,22.65,23.73,25.2,0.28,2.08,48.73,3656.0,Cucumis melo,Riboviria,Orthornavirae,Kitrinoviricota,Alsuviricetes,Martellivirales,Virgaviridae,Tobamovirus,Tobamovirus cucumeris,+ssRNA
Tobamovirus,12234,22.69,18.71,25.64,0.31,44.43,38.04,11.0,20.06,8.26,22.65,23.73,25.2,0.28,2.08,48.73,62097.0,Plumeria rubra,Riboviria,Orthornavirae,Kitrinoviricota,Alsuviricetes,Martellivirales,Virgaviridae,Tobamovirus,Tobamovirus frangipani,+ssRNA
Tobamovirus,12234,22.69,18.71,25.64,0.31,44.43,38.04,11.0,20.06,8.26,22.65,23.73,25.2,0.28,2.08,48.73,47605.0,Hibiscus,Riboviria,Orthornavirae,Kitrinoviricota,Alsuviricetes,Martellivirales,Virgaviridae,Tobamovirus,Tobamovirus fortpiercense,+ssRNA
Tobamovirus,12234,22.69,18.71,25.64,0.31,44.43,38.04,11.0,20.06,8.26,22.65,23.73,25.2,0.28,2.08,48.73,1617259.0,Hoya wayetii,Riboviria,Orthornavirae,Kitrinoviricota,Alsuviricetes,Martellivirales,Virgaviridae,Tobamovirus,unclassified Tobamovirus,+ssRNA
Tobamovirus,12234,22.69,18.71,25.64,0.31,44.43,38.04,11.0,20.06,8.26,22.65,23.73,25.2,0.28,2.08,48.73,3654.0,Citrullus lanatus,Riboviria,Orthornavirae,Kitrinoviricota,Alsuviricetes,Martellivirales,Virgaviridae,Tobamovirus,Tobamovirus kyuri,+ssRNA
Tobamovirus,12234,22.69,18.71,25.64,0.31,44.43,38.04,11.0,20.06,8.26,22.65,23.73,25.2,0.28,2.08,48.73,3661.0,Cucurbita maxima,Riboviria,Orthornavirae,Kitrinoviricota,Alsuviricetes,Martellivirales,Virgaviridae,Tobamovirus,Tobamovirus kyuri,+ssRNA
Tobamovirus,12234,22.69,18.71,25.64,0.31,44.43,38.04,11.0,20.06,8.26,22.65,23.73,25.2,0.28,2.08,48.73,3662.0,Cucurbita moschata,Riboviria,Orthornavirae,Kitrinoviricota,Alsuviricetes,Martellivirales,Virgaviridae,Tobamovirus,Tobamovirus kyuri,+ssRNA
Tobamovirus,12234,22.69,18.71,25.64,0.31,44.43,38.04,11.0,20.06,8.26,22.65,23.73,25.2,0.28,2.08,48.73,3663.0,Cucurbita pepo,Riboviria,Orthornavirae,Kitrinoviricota,Alsuviricetes,Martellivirales,Virgaviridae,Tobamovirus,Tobamovirus kyuri,+ssRNA
Tobamovirus,12234,22.69,18.71,25.64,0.31,44.43,38.04,11.0,20.06,8.26,22.65,23.73,25.2,0.28,2.08,48.73,3670.0,Luffa aegyptiaca,Riboviria,Orthornavirae,Kitrinoviricota,Alsuviricetes,Martellivirales,Virgaviridae,Tobamovirus,Tobamovirus kyuri,+ssRNA
Tobamovirus,12234,22.69,18.71,25.64,0.31,44.43,38.04,11.0,20.06,8.26,22.65,23.73,25.2,0.28,2.08,48.73,4076.0,Datura stramonium,Riboviria,Orthornavirae,Kitrinoviricota,Alsuviricetes,Martellivirales,Virgaviridae,Tobamovirus,Tobamovirus kyuri,+ssRNA
Tobamovirus,12234,22.69,18.71,25.64,0.31,44.43,38.04,11.0,20.06,8.26,22.65,23.73,25.2,0.28,2.08,48.73,78168.0,Passiflora edulis,Riboviria,Orthornavirae,Kitrinoviricota,Alsuviricetes,Martellivirales,Virgaviridae,Tobamovirus,Tobamovirus maracujae,+ssRNA
Tobamovirus,12234,22.69,18.71,25.64,0.31,44.43,38.04,11.0,20.06,8.26,22.65,23.73,25.2,0.28,2.08,48.73,4097.0,Nicotiana tabacum,Riboviria,Orthornavirae,Kitrinoviricota,Alsuviricetes,Martellivirales,Virgaviridae,Tobamovirus,Tobamovirus obudae,+ssRNA
Tobamovirus,12234,22.69,18.71,25.64,0.31,44.43,38.04,11.0,20.06,8.26,22.65,23.73,25.2,0.28,2.08,48.73,4112.0,Solanum nigrum,Riboviria,Orthornavirae,Kitrinoviricota,Alsuviricetes,Martellivirales,Virgaviridae,Tobamovirus,Tobamovirus obudae,+ssRNA
Tobamovirus,12234,22.69,18.71,25.64,0.31,44.43,38.04,11.0,20.06,8.26,22.65,23.73,25.2,0.28,2.08,48.73,14366.0,Cymbidium,Riboviria,Orthornavirae,Kitrinoviricota,Alsuviricetes,Martellivirales,Virgaviridae,Tobamovirus,Tobamovirus odontoglossi,+ssRNA
Tobamovirus,12234,22.69,18.71,25.64,0.31,44.43,38.04,11.0,20.06,8.26,22.65,23.73,25.2,0.28,2.08,48.73,45173.0,Oncidium,Riboviria,Orthornavirae,Kitrinoviricota,Alsuviricetes,Martellivirales,Virgaviridae,Tobamovirus,Tobamovirus odontoglossi,+ssRNA
Tobamovirus,12234,22.69,18.71,25.64,0.31,44.43,38.04,11.0,20.06,8.26,22.65,23.73,25.2,0.28,2.08,48.73,371859.0,Opuntia ficus-indica,Riboviria,Orthornavirae,Kitrinoviricota,Alsuviricetes,Martellivirales,Virgaviridae,Tobamovirus,unclassified Tobamovirus,+ssRNA
Tobamovirus,12234,22.69,18.71,25.64,0.31,44.43,38.04,11.0,20.06,8.26,22.65,23.73,25.2,0.28,2.08,48.73,4072.0,Capsicum annuum,Riboviria,Orthornavirae,Kitrinoviricota,Alsuviricetes,Martellivirales,Virgaviridae,Tobamovirus,Tobamovirus paprikae,+ssRNA
Tobamovirus,12234,22.69,18.71,25.64,0.31,44.43,38.04,11.0,20.06,8.26,22.65,23.73,25.2,0.28,2.08,48.73,159425.0,Passiflora incarnata,Riboviria,Orthornavirae,Kitrinoviricota,Alsuviricetes,Martellivirales,Virgaviridae,Tobamovirus,Tobamovirus passiflorae,+ssRNA
Tobamovirus,12234,22.69,18.71,25.64,0.31,44.43,38.04,11.0,20.06,8.26,22.65,23.73,25.2,0.28,2.08,48.73,3906.0,Vicia faba,Riboviria,Orthornavirae,Kitrinoviricota,Alsuviricetes,Martellivirales,Virgaviridae,Tobamovirus,Tobamovirus capsici,+ssRNA
Tobamovirus,12234,22.69,18.71,25.64,0.31,44.43,38.04,11.0,20.06,8.26,22.65,23.73,25.2,0.28,2.08,48.73,1123916.0,Disocactus flagelliformis,Riboviria,Orthornavirae,Kitrinoviricota,Alsuviricetes,Martellivirales,Virgaviridae,Tobamovirus,Tobamovirus muricaudae,+ssRNA
Tobamovirus,12234,22.69,18.71,25.64,0.31,44.43,38.04,11.0,20.06,8.26,22.65,23.73,25.2,0.28,2.08,48.73,99300.0,Rehmannia glutinosa,Riboviria,Orthornavirae,Kitrinoviricota,Alsuviricetes,Martellivirales,Virgaviridae,Tobamovirus,Tobamovirus rehmanniae,+ssRNA
Tobamovirus,12234,22.69,18.71,25.64,0.31,44.43,38.04,11.0,20.06,8.26,22.65,23.73,25.2,0.28,2.08,48.73,29818.0,Plantago major,Riboviria,Orthornavirae,Kitrinoviricota,Alsuviricetes,Martellivirales,Virgaviridae,Tobamovirus,Tobamovirus plantagonis,+ssRNA
Tobamovirus,12234,22.69,18.71,25.64,0.31,44.43,38.04,11.0,20.06,8.26,22.65,23.73,25.2,0.28,2.08,48.73,39414.0,Plantago lanceolata,Riboviria,Orthornavirae,Kitrinoviricota,Alsuviricetes,Martellivirales,Virgaviridae,Tobamovirus,Tobamovirus plantagonis,+ssRNA
Tobamovirus,12234,22.69,18.71,25.64,0.31,44.43,38.04,11.0,20.06,8.26,22.65,23.73,25.2,0.28,2.08,48.73,49450.0,Digitalis lanata,Riboviria,Orthornavirae,Kitrinoviricota,Alsuviricetes,Martellivirales,Virgaviridae,Tobamovirus,Tobamovirus plantagonis,+ssRNA
Tobamovirus,12234,22.69,18.71,25.64,0.31,44.43,38.04,11.0,20.06,8.26,22.65,23.73,25.2,0.28,2.08,48.73,52853.0,Silene latifolia subsp. alba,Riboviria,Orthornavirae,Kitrinoviricota,Alsuviricetes,Martellivirales,Virgaviridae,Tobamovirus,Tobamovirus plantagonis,+ssRNA
Tobamovirus,12234,22.69,18.71,25.64,0.31,44.43,38.04,11.0,20.06,8.26,22.65,23.73,25.2,0.28,2.08,48.73,65951.0,Rorippa amphibia,Riboviria,Orthornavirae,Kitrinoviricota,Alsuviricetes,Martellivirales,Virgaviridae,Tobamovirus,Tobamovirus plantagonis,+ssRNA
Tobamovirus,12234,22.69,18.71,25.64,0.31,44.43,38.04,11.0,20.06,8.26,22.65,23.73,25.2,0.28,2.08,48.73,65952.0,Rorippa sylvestris,Riboviria,Orthornavirae,Kitrinoviricota,Alsuviricetes,Martellivirales,Virgaviridae,Tobamovirus,Tobamovirus plantagonis,+ssRNA
Tobamovirus,12234,22.69,18.71,25.64,0.31,44.43,38.04,11.0,20.06,8.26,22.65,23.73,25.2,0.28,2.08,48.73,75806.0,Eutrema japonicum,Riboviria,Orthornavirae,Kitrinoviricota,Alsuviricetes,Martellivirales,Virgaviridae,Tobamovirus,Tobamovirus plantagonis,+ssRNA
Tobamovirus,12234,22.69,18.71,25.64,0.31,44.43,38.04,11.0,20.06,8.26,22.65,23.73,25.2,0.28,2.08,48.73,203579.0,Sisymbrium loeselii,Riboviria,Orthornavirae,Kitrinoviricota,Alsuviricetes,Martellivirales,Virgaviridae,Tobamovirus,Tobamovirus plantagonis,+ssRNA
Tobamovirus,12234,22.69,18.71,25.64,0.31,44.43,38.04,11.0,20.06,8.26,22.65,23.73,25.2,0.28,2.08,48.73,4093.0,Nicotiana rustica,Riboviria,Orthornavirae,Kitrinoviricota,Alsuviricetes,Martellivirales,Virgaviridae,Tobamovirus,Tobamovirus streptocarpi,+ssRNA
Tobamovirus,12234,22.69,18.71,25.64,0.31,44.43,38.04,11.0,20.06,8.26,22.65,23.73,25.2,0.28,2.08,48.73,4102.0,Petunia x hybrida,Riboviria,Orthornavirae,Kitrinoviricota,Alsuviricetes,Martellivirales,Virgaviridae,Tobamovirus,Tobamovirus streptocarpi,+ssRNA
Tobamovirus,12234,22.69,18.71,25.64,0.31,44.43,38.04,11.0,20.06,8.26,22.65,23.73,25.2,0.28,2.08,48.73,26254.0,Streptocarpus,Riboviria,Orthornavirae,Kitrinoviricota,Alsuviricetes,Martellivirales,Virgaviridae,Tobamovirus,Tobamovirus streptocarpi,+ssRNA
Tobamovirus,12234,22.69,18.71,25.64,0.31,44.43,38.04,11.0,20.06,8.26,22.65,23.73,25.2,0.28,2.08,48.73,63459.0,Chenopodium quinoa,Riboviria,Orthornavirae,Kitrinoviricota,Alsuviricetes,Martellivirales,Virgaviridae,Tobamovirus,Tobamovirus streptocarpi,+ssRNA
Tobamovirus,12234,22.69,18.71,25.64,0.31,44.43,38.04,11.0,20.06,8.26,22.65,23.73,25.2,0.28,2.08,48.73,81866.0,Nicotiana clevelandii,Riboviria,Orthornavirae,Kitrinoviricota,Alsuviricetes,Martellivirales,Virgaviridae,Tobamovirus,Tobamovirus streptocarpi,+ssRNA
Tobamovirus,12234,22.69,18.71,25.64,0.31,44.43,38.04,11.0,20.06,8.26,22.65,23.73,25.2,0.28,2.08,48.73,200313.0,Nicotiana occidentalis,Riboviria,Orthornavirae,Kitrinoviricota,Alsuviricetes,Martellivirales,Virgaviridae,Tobamovirus,Tobamovirus streptocarpi,+ssRNA
Tobamovirus,12234,22.69,18.71,25.64,0.31,44.43,38.04,11.0,20.06,8.26,22.65,23.73,25.2,0.28,2.08,48.73,3829.0,Crotalaria juncea,Riboviria,Orthornavirae,Kitrinoviricota,Alsuviricetes,Martellivirales,Virgaviridae,Tobamovirus,Tobamovirus crotalariae,+ssRNA
Tobamovirus,12234,22.69,18.71,25.64,0.31,44.43,38.04,11.0,20.06,8.26,22.65,23.73,25.2,0.28,2.08,48.73,3885.0,Phaseolus vulgaris,Riboviria,Orthornavirae,Kitrinoviricota,Alsuviricetes,Martellivirales,Virgaviridae,Tobamovirus,Tobamovirus crotalariae,+ssRNA
Tobamovirus,12234,22.69,18.71,25.64,0.31,44.43,38.04,11.0,20.06,8.26,22.65,23.73,25.2,0.28,2.08,48.73,3917.0,Vigna unguiculata,Riboviria,Orthornavirae,Kitrinoviricota,Alsuviricetes,Martellivirales,Virgaviridae,Tobamovirus,Tobamovirus crotalariae,+ssRNA
Tobamovirus,12234,22.69,18.71,25.64,0.31,44.43,38.04,11.0,20.06,8.26,22.65,23.73,25.2,0.28,2.08,48.73,35936.0,Lablab purpureus,Riboviria,Orthornavirae,Kitrinoviricota,Alsuviricetes,Martellivirales,Virgaviridae,Tobamovirus,Tobamovirus crotalariae,+ssRNA
Tobamovirus,12234,22.69,18.71,25.64,0.31,44.43,38.04,11.0,20.06,8.26,22.65,23.73,25.2,0.28,2.08,48.73,40336.0,Mucuna,Riboviria,Orthornavirae,Kitrinoviricota,Alsuviricetes,Martellivirales,Virgaviridae,Tobamovirus,Tobamovirus crotalariae,+ssRNA
Tobamovirus,12234,22.69,18.71,25.64,0.31,44.43,38.04,11.0,20.06,8.26,22.65,23.73,25.2,0.28,2.08,48.73,4090.0,Nicotiana glauca,Riboviria,Orthornavirae,Kitrinoviricota,Alsuviricetes,Martellivirales,Virgaviridae,Tobamovirus,Tobamovirus mititessellati,+ssRNA
Tobamovirus,12234,22.69,18.71,25.64,0.31,44.43,38.04,11.0,20.06,8.26,22.65,23.73,25.2,0.28,2.08,48.73,43071.0,Eryngium planum,Riboviria,Orthornavirae,Kitrinoviricota,Alsuviricetes,Martellivirales,Virgaviridae,Tobamovirus,Tobamovirus mititessellati,+ssRNA
Tobamovirus,12234,22.69,18.71,25.64,0.31,44.43,38.04,11.0,20.06,8.26,22.65,23.73,25.2,0.28,2.08,48.73,4081.0,Solanum lycopersicum,Riboviria,Orthornavirae,Kitrinoviricota,Alsuviricetes,Martellivirales,Virgaviridae,Tobamovirus,Tobamovirus fructirugosum,+ssRNA
Tobamovirus,12234,22.69,18.71,25.64,0.31,44.43,38.04,11.0,20.06,8.26,22.65,23.73,25.2,0.28,2.08,48.73,4101.0,Petunia,Riboviria,Orthornavirae,Kitrinoviricota,Alsuviricetes,Martellivirales,Virgaviridae,Tobamovirus,Tobamovirus tomatotessellati,+ssRNA
Tobamovirus,12234,22.69,18.71,25.64,0.31,44.43,38.04,11.0,20.06,8.26,22.65,23.73,25.2,0.28,2.08,48.73,4151.0,Antirrhinum majus,Riboviria,Orthornavirae,Kitrinoviricota,Alsuviricetes,Martellivirales,Virgaviridae,Tobamovirus,Tobamovirus tomatotessellati,+ssRNA
Tobamovirus,12234,22.69,18.71,25.64,0.31,44.43,38.04,11.0,20.06,8.26,22.65,23.73,25.2,0.28,2.08,48.73,13707.0,Tagetes,Riboviria,Orthornavirae,Kitrinoviricota,Alsuviricetes,Martellivirales,Virgaviridae,Tobamovirus,Tobamovirus tomatotessellati,+ssRNA
Tobamovirus,12234,22.69,18.71,25.64,0.31,44.43,38.04,11.0,20.06,8.26,22.65,23.73,25.2,0.28,2.08,48.73,46246.0,Delphinium,Riboviria,Orthornavirae,Kitrinoviricota,Alsuviricetes,Martellivirales,Virgaviridae,Tobamovirus,Tobamovirus tomatotessellati,+ssRNA
Tobamovirus,12234,22.69,18.71,25.64,0.31,44.43,38.04,11.0,20.06,8.26,22.65,23.73,25.2,0.28,2.08,48.73,215581.0,Solanum viarum,Riboviria,Orthornavirae,Kitrinoviricota,Alsuviricetes,Martellivirales,Virgaviridae,Tobamovirus,Tobamovirus tropici,+ssRNA
Tobamovirus,12234,22.69,18.71,25.64,0.31,44.43,38.04,11.0,20.06,8.26,22.65,23.73,25.2,0.28,2.08,48.73,3700.0,Brassicaceae,Riboviria,Orthornavirae,Kitrinoviricota,Alsuviricetes,Martellivirales,Virgaviridae,Tobamovirus,Tobamovirus rapae,+ssRNA
Tobamovirus,12234,22.69,18.71,25.64,0.31,44.43,38.04,11.0,20.06,8.26,22.65,23.73,25.2,0.28,2.08,48.73,3711.0,Brassica rapa,Riboviria,Orthornavirae,Kitrinoviricota,Alsuviricetes,Martellivirales,Virgaviridae,Tobamovirus,Tobamovirus rapae,+ssRNA
Tobamovirus,12234,22.69,18.71,25.64,0.31,44.43,38.04,11.0,20.06,8.26,22.65,23.73,25.2,0.28,2.08,48.73,195721.0,Anthocercis littorea,Riboviria,Orthornavirae,Kitrinoviricota,Alsuviricetes,Martellivirales,Virgaviridae,Tobamovirus,Tobamovirus anthocercis,+ssRNA
Tobamovirus,12234,22.69,18.71,25.64,0.31,44.43,38.04,11.0,20.06,8.26,22.65,23.73,25.2,0.28,2.08,48.73,3707.0,Brassica juncea,Riboviria,Orthornavirae,Kitrinoviricota,Alsuviricetes,Martellivirales,Virgaviridae,Tobamovirus,Tobamovirus youcai,+ssRNA
Tobamovirus,12234,22.69,18.71,25.64,0.31,44.43,38.04,11.0,20.06,8.26,22.65,23.73,25.2,0.28,2.08,48.73,3708.0,Brassica napus,Riboviria,Orthornavirae,Kitrinoviricota,Alsuviricetes,Martellivirales,Virgaviridae,Tobamovirus,Tobamovirus youcai,+ssRNA
Tobamovirus,12234,22.69,18.71,25.64,0.31,44.43,38.04,11.0,20.06,8.26,22.65,23.73,25.2,0.28,2.08,48.73,3664.0,Cucurbita pepo subsp. pepo,Riboviria,Orthornavirae,Kitrinoviricota,Alsuviricetes,Martellivirales,Virgaviridae,Tobamovirus,Tobamovirus cucurbitae,+ssRNA
Tobamovirus,12234,22.69,18.71,25.64,0.31,44.43,38.04,11.0,20.06,8.26,22.65,23.73,25.2,0.28,2.08,48.73,221775.0,Gomphrena globosa,Riboviria,Orthornavirae,Kitrinoviricota,Alsuviricetes,Martellivirales,Virgaviridae,Tobamovirus,Tobamovirus cucurbitae,+ssRNA
Ceduovirus,186532,0.09,,,,,,,,,0.24,,,,,0.15,1359.0,Lactococcus cremoris,Duplodnaviria,Heunggongvirae,Uroviricota,Caudoviricetes,Caudoviricetes incertae sedis,Ceduovirus,unclassified Ceduovirus,,dsDNA
Ceduovirus,186532,0.09,,,,,,,,,0.24,,,,,0.15,1358.0,Lactococcus lactis,Duplodnaviria,Heunggongvirae,Uroviricota,Caudoviricetes,Caudoviricetes incertae sedis,Ceduovirus,unclassified Ceduovirus,,dsDNA
Ceduovirus,186532,0.09,,,,,,,,,0.24,,,,,0.15,1358.0,Lactococcus lactis,Duplodnaviria,Heunggongvirae,Uroviricota,Caudoviricetes,Caudoviricetes incertae sedis,Ceduovirus,Ceduovirus cv05802,,dsDNA
Ceduovirus,186532,0.09,,,,,,,,,0.24,,,,,0.15,1358.0,Lactococcus lactis,Duplodnaviria,Heunggongvirae,Uroviricota,Caudoviricetes,Caudoviricetes incertae sedis,Ceduovirus,Ceduovirus cv20R03M,,dsDNA
Ceduovirus,186532,0.09,,,,,,,,,0.24,,,,,0.15,1358.0,Lactococcus lactis,Duplodnaviria,Heunggongvirae,Uroviricota,Caudoviricetes,Caudoviricetes incertae sedis,Ceduovirus,Ceduovirus cv37203,,dsDNA
Ceduovirus,186532,0.09,,,,,,,,,0.24,,,,,0.15,1358.0,Lactococcus lactis,Duplodnaviria,Heunggongvirae,Uroviricota,Caudoviricetes,Caudoviricetes incertae sedis,Ceduovirus,Ceduovirus cv50102,,dsDNA
Ceduovirus,186532,0.09,,,,,,,,,0.24,,,,,0.15,1358.0,Lactococcus lactis,Duplodnaviria,Heunggongvirae,Uroviricota,Caudoviricetes,Caudoviricetes incertae sedis,Ceduovirus,Ceduovirus cv50504,,dsDNA
Ceduovirus,186532,0.09,,,,,,,,,0.24,,,,,0.15,1359.0,Lactococcus cremoris,Duplodnaviria,Heunggongvirae,Uroviricota,Caudoviricetes,Caudoviricetes incertae sedis,Ceduovirus,Ceduovirus cv5171F,,dsDNA
Ceduovirus,186532,0.09,,,,,,,,,0.24,,,,,0.15,1358.0,Lactococcus lactis,Duplodnaviria,Heunggongvirae,Uroviricota,Caudoviricetes,Caudoviricetes incertae sedis,Ceduovirus,Ceduovirus cv62402,,dsDNA
Ceduovirus,186532,0.09,,,,,,,,,0.24,,,,,0.15,1358.0,Lactococcus lactis,Duplodnaviria,Heunggongvirae,Uroviricota,Caudoviricetes,Caudoviricetes incertae sedis,Ceduovirus,Ceduovirus cv62403,,dsDNA
Ceduovirus,186532,0.09,,,,,,,,,0.24,,,,,0.15,1358.0,Lactococcus lactis,Duplodnaviria,Heunggongvirae,Uroviricota,Caudoviricetes,Caudoviricetes incertae sedis,Ceduovirus,Ceduovirus cv62606,,dsDNA
Ceduovirus,186532,0.09,,,,,,,,,0.24,,,,,0.15,1357.0,Lactococcus,Duplodnaviria,Heunggongvirae,Uroviricota,Caudoviricetes,Caudoviricetes incertae sedis,Ceduovirus,Ceduovirus bIL67,,dsDNA
Ceduovirus,186532,0.09,,,,,,,,,0.24,,,,,0.15,1358.0,Lactococcus lactis,Duplodnaviria,Heunggongvirae,Uroviricota,Caudoviricetes,Caudoviricetes incertae sedis,Ceduovirus,Ceduovirus bIL67,,dsDNA
Ceduovirus,186532,0.09,,,,,,,,,0.24,,,,,0.15,1357.0,Lactococcus,Duplodnaviria,Heunggongvirae,Uroviricota,Caudoviricetes,Caudoviricetes incertae sedis,Ceduovirus,Ceduovirus c2,,dsDNA
Ceduovirus,186532,0.09,,,,,,,,,0.24,,,,,0.15,1358.0,Lactococcus lactis,Duplodnaviria,Heunggongvirae,Uroviricota,Caudoviricetes,Caudoviricetes incertae sedis,Ceduovirus,Ceduovirus CHPC1020,,dsDNA
Ceduovirus,186532,0.09,,,,,,,,,0.24,,,,,0.15,1358.0,Lactococcus lactis,Duplodnaviria,Heunggongvirae,Uroviricota,Caudoviricetes,Caudoviricetes incertae sedis,Ceduovirus,Ceduovirus CHPC116,,dsDNA
Ceduovirus,186532,0.09,,,,,,,,,0.24,,,,,0.15,1358.0,Lactococcus lactis,Duplodnaviria,Heunggongvirae,Uroviricota,Caudoviricetes,Caudoviricetes incertae sedis,Ceduovirus,Ceduovirus LacS15,,dsDNA
Ceduovirus,186532,0.09,,,,,,,,,0.24,,,,,0.15,1358.0,Lactococcus lactis,Duplodnaviria,Heunggongvirae,Uroviricota,Caudoviricetes,Caudoviricetes incertae sedis,Ceduovirus,Ceduovirus CHPC1170,,dsDNA
Ceduovirus,186532,0.09,,,,,,,,,0.24,,,,,0.15,1358.0,Lactococcus lactis,Duplodnaviria,Heunggongvirae,Uroviricota,Caudoviricetes,Caudoviricetes incertae sedis,Ceduovirus,Ceduovirus CHPC1182,,dsDNA
Ceduovirus,186532,0.09,,,,,,,,,0.24,,,,,0.15,1359.0,Lactococcus cremoris,Duplodnaviria,Heunggongvirae,Uroviricota,Caudoviricetes,Caudoviricetes incertae sedis,Ceduovirus,Ceduovirus CHPC1183,,dsDNA
Ceduovirus,186532,0.09,,,,,,,,,0.24,,,,,0.15,1358.0,Lactococcus lactis,Duplodnaviria,Heunggongvirae,Uroviricota,Caudoviricetes,Caudoviricetes incertae sedis,Ceduovirus,Ceduovirus CHPC122,,dsDNA
Ceduovirus,186532,0.09,,,,,,,,,0.24,,,,,0.15,1358.0,Lactococcus lactis,Duplodnaviria,Heunggongvirae,Uroviricota,Caudoviricetes,Caudoviricetes incertae sedis,Ceduovirus,Ceduovirus CHPC1242,,dsDNA
Ceduovirus,186532,0.09,,,,,,,,,0.24,,,,,0.15,1358.0,Lactococcus lactis,Duplodnaviria,Heunggongvirae,Uroviricota,Caudoviricetes,Caudoviricetes incertae sedis,Ceduovirus,Ceduovirus PCS1,,dsDNA
Ceduovirus,186532,0.09,,,,,,,,,0.24,,,,,0.15,1358.0,Lactococcus lactis,Duplodnaviria,Heunggongvirae,Uroviricota,Caudoviricetes,Caudoviricetes incertae sedis,Ceduovirus,Ceduovirus CHPC966,,dsDNA
Ceduovirus,186532,0.09,,,,,,,,,0.24,,,,,0.15,1358.0,Lactococcus lactis,Duplodnaviria,Heunggongvirae,Uroviricota,Caudoviricetes,Caudoviricetes incertae sedis,Ceduovirus,Ceduovirus CHPC967,,dsDNA
Ceduovirus,186532,0.09,,,,,,,,,0.24,,,,,0.15,1358.0,Lactococcus lactis,Duplodnaviria,Heunggongvirae,Uroviricota,Caudoviricetes,Caudoviricetes incertae sedis,Ceduovirus,Ceduovirus CHPC972,,dsDNA
Ceduovirus,186532,0.09,,,,,,,,,0.24,,,,,0.15,1358.0,Lactococcus lactis,Duplodnaviria,Heunggongvirae,Uroviricota,Caudoviricetes,Caudoviricetes incertae sedis,Ceduovirus,Ceduovirus D4410,,dsDNA
Ceduovirus,186532,0.09,,,,,,,,,0.24,,,,,0.15,1358.0,Lactococcus lactis,Duplodnaviria,Heunggongvirae,Uroviricota,Caudoviricetes,Caudoviricetes incertae sedis,Ceduovirus,Ceduovirus D4412,,dsDNA
Ceduovirus,186532,0.09,,,,,,,,,0.24,,,,,0.15,1358.0,Lactococcus lactis,Duplodnaviria,Heunggongvirae,Uroviricota,Caudoviricetes,Caudoviricetes incertae sedis,Ceduovirus,Ceduovirus M5938,,dsDNA
Ceduovirus,186532,0.09,,,,,,,,,0.24,,,,,0.15,1358.0,Lactococcus lactis,Duplodnaviria,Heunggongvirae,Uroviricota,Caudoviricetes,Caudoviricetes incertae sedis,Ceduovirus,Ceduovirus PCB1,,dsDNA
Ceduovirus,186532,0.09,,,,,,,,,0.24,,,,,0.15,1359.0,Lactococcus cremoris,Duplodnaviria,Heunggongvirae,Uroviricota,Caudoviricetes,Caudoviricetes incertae sedis,Ceduovirus,Ceduovirus LacS15,,dsDNA
Ceduovirus,186532,0.09,,,,,,,,,0.24,,,,,0.15,1357.0,Lactococcus,Duplodnaviria,Heunggongvirae,Uroviricota,Caudoviricetes,Caudoviricetes incertae sedis,Ceduovirus,Ceduovirus bIBBL12,,dsDNA
Ceduovirus,186532,0.09,,,,,,,,,0.24,,,,,0.15,1357.0,Lactococcus,Duplodnaviria,Heunggongvirae,Uroviricota,Caudoviricetes,Caudoviricetes incertae sedis,Ceduovirus,Ceduovirus bIBB14,,dsDNA
Ceduovirus,186532,0.09,,,,,,,,,0.24,,,,,0.15,1358.0,Lactococcus lactis,Duplodnaviria,Heunggongvirae,Uroviricota,Caudoviricetes,Caudoviricetes incertae sedis,Ceduovirus,Ceduovirus blBB94p4,,dsDNA
Ceduovirus,186532,0.09,,,,,,,,,0.24,,,,,0.15,1358.0,Lactococcus lactis,Duplodnaviria,Heunggongvirae,Uroviricota,Caudoviricetes,Caudoviricetes incertae sedis,Ceduovirus,Ceduovirus bIBBA3,,dsDNA
Ceduovirus,186532,0.09,,,,,,,,,0.24,,,,,0.15,1357.0,Lactococcus,Duplodnaviria,Heunggongvirae,Uroviricota,Caudoviricetes,Caudoviricetes incertae sedis,Ceduovirus,Ceduovirus bIBBAm4,,dsDNA
Ceduovirus,186532,0.09,,,,,,,,,0.24,,,,,0.15,1358.0,Lactococcus lactis,Duplodnaviria,Heunggongvirae,Uroviricota,Caudoviricetes,Caudoviricetes incertae sedis,Ceduovirus,Ceduovirus bIBBE1,,dsDNA
Ceduovirus,186532,0.09,,,,,,,,,0.24,,,,,0.15,1357.0,Lactococcus,Duplodnaviria,Heunggongvirae,Uroviricota,Caudoviricetes,Caudoviricetes incertae sedis,Ceduovirus,Ceduovirus bIBBA3,,dsDNA
Ceduovirus,186532,0.09,,,,,,,,,0.24,,,,,0.15,1358.0,Lactococcus lactis,Duplodnaviria,Heunggongvirae,Uroviricota,Caudoviricetes,Caudoviricetes incertae sedis,Ceduovirus,Ceduovirus bIBBp64,,dsDNA
Fromanvirus,186764,,,,,,,,,,,,0.76,,,,1763.0,Mycobacterium,Duplodnaviria,Heunggongvirae,Uroviricota,Caudoviricetes,Caudoviricetes incertae sedis,Fromanvirus,,,dsDNA
Fromanvirus,186764,,,,,,,,,,,,0.76,,,,1763.0,Mycobacterium,Duplodnaviria,Heunggongvirae,Uroviricota,Caudoviricetes,Caudoviricetes incertae sedis,Fromanvirus,unclassified Fromanvirus,,dsDNA
Fromanvirus,186764,,,,,,,,,,,,0.76,,,,246196.0,Mycolicibacterium smegmatis MC2 155,Duplodnaviria,Heunggongvirae,Uroviricota,Caudoviricetes,Caudoviricetes incertae sedis,Fromanvirus,unclassified Fromanvirus,,dsDNA
Fromanvirus,186764,,,,,,,,,,,,0.76,,,,1772.0,Mycolicibacterium smegmatis,Duplodnaviria,Heunggongvirae,Uroviricota,Caudoviricetes,Caudoviricetes incertae sedis,Fromanvirus,unclassified Fromanvirus,,dsDNA
Fromanvirus,186764,,,,,,,,,,,,0.76,,,,246196.0,Mycolicibacterium smegmatis MC2 155,Duplodnaviria,Heunggongvirae,Uroviricota,Caudoviricetes,Caudoviricetes incertae sedis,Fromanvirus,Fromanvirus nepal,,dsDNA
Fromanvirus,186764,,,,,,,,,,,,0.76,,,,246196.0,Mycolicibacterium smegmatis MC2 155,Duplodnaviria,Heunggongvirae,Uroviricota,Caudoviricetes,Caudoviricetes incertae sedis,Fromanvirus,Fromanvirus alma,,dsDNA
Fromanvirus,186764,,,,,,,,,,,,0.76,,,,246196.0,Mycolicibacterium smegmatis MC2 155,Duplodnaviria,Heunggongvirae,Uroviricota,Caudoviricetes,Caudoviricetes incertae sedis,Fromanvirus,Fromanvirus astro,,dsDNA
Fromanvirus,186764,,,,,,,,,,,,0.76,,,,1763.0,Mycobacterium,Duplodnaviria,Heunggongvirae,Uroviricota,Caudoviricetes,Caudoviricetes incertae sedis,Fromanvirus,Fromanvirus bethlehem,,dsDNA
Fromanvirus,186764,,,,,,,,,,,,0.76,,,,246196.0,Mycolicibacterium smegmatis MC2 155,Duplodnaviria,Heunggongvirae,Uroviricota,Caudoviricetes,Caudoviricetes incertae sedis,Fromanvirus,Fromanvirus bethlehem,,dsDNA
Fromanvirus,186764,,,,,,,,,,,,0.76,,,,246196.0,Mycolicibacterium smegmatis MC2 155,Duplodnaviria,Heunggongvirae,Uroviricota,Caudoviricetes,Caudoviricetes incertae sedis,Fromanvirus,Fromanvirus billknuckles,,dsDNA
Fromanvirus,186764,,,,,,,,,,,,0.76,,,,246196.0,Mycolicibacterium smegmatis MC2 155,Duplodnaviria,Heunggongvirae,Uroviricota,Caudoviricetes,Caudoviricetes incertae sedis,Fromanvirus,Fromanvirus bpbiebs31,,dsDNA
Fromanvirus,186764,,,,,,,,,,,,0.76,,,,246196.0,Mycolicibacterium smegmatis MC2 155,Duplodnaviria,Heunggongvirae,Uroviricota,Caudoviricetes,Caudoviricetes incertae sedis,Fromanvirus,Fromanvirus bruns,,dsDNA
Fromanvirus,186764,,,,,,,,,,,,0.76,,,,1763.0,Mycobacterium,Duplodnaviria,Heunggongvirae,Uroviricota,Caudoviricetes,Caudoviricetes incertae sedis,Fromanvirus,Fromanvirus museum,,dsDNA
Fromanvirus,186764,,,,,,,,,,,,0.76,,,,1763.0,Mycobacterium,Duplodnaviria,Heunggongvirae,Uroviricota,Caudoviricetes,Caudoviricetes incertae sedis,Fromanvirus,Fromanvirus Bxb1,,dsDNA
Fromanvirus,186764,,,,,,,,,,,,0.76,,,,246196.0,Mycolicibacterium smegmatis MC2 155,Duplodnaviria,Heunggongvirae,Uroviricota,Caudoviricetes,Caudoviricetes incertae sedis,Fromanvirus,Fromanvirus Bxb1,,dsDNA
Fromanvirus,186764,,,,,,,,,,,,0.76,,,,246196.0,Mycolicibacterium smegmatis MC2 155,Duplodnaviria,Heunggongvirae,Uroviricota,Caudoviricetes,Caudoviricetes incertae sedis,Fromanvirus,Fromanvirus packman,,dsDNA
Fromanvirus,186764,,,,,,,,,,,,0.76,,,,1763.0,Mycobacterium,Duplodnaviria,Heunggongvirae,Uroviricota,Caudoviricetes,Caudoviricetes incertae sedis,Fromanvirus,Fromanvirus Che12,,dsDNA
Fromanvirus,186764,,,,,,,,,,,,0.76,,,,1773.0,Mycobacterium tuberculosis,Duplodnaviria,Heunggongvirae,Uroviricota,Caudoviricetes,Caudoviricetes incertae sedis,Fromanvirus,Fromanvirus Che12,,dsDNA
Fromanvirus,186764,,,,,,,,,,,,0.76,,,,246196.0,Mycolicibacterium smegmatis MC2 155,Duplodnaviria,Heunggongvirae,Uroviricota,Caudoviricetes,Caudoviricetes incertae sedis,Fromanvirus,Fromanvirus Che12,,dsDNA
Fromanvirus,186764,,,,,,,,,,,,0.76,,,,1763.0,Mycobacterium,Duplodnaviria,Heunggongvirae,Uroviricota,Caudoviricetes,Caudoviricetes incertae sedis,Fromanvirus,Fromanvirus goose,,dsDNA
Fromanvirus,186764,,,,,,,,,,,,0.76,,,,1763.0,Mycobacterium,Duplodnaviria,Heunggongvirae,Uroviricota,Caudoviricetes,Caudoviricetes incertae sedis,Fromanvirus,Fromanvirus D29,,dsDNA
Fromanvirus,186764,,,,,,,,,,,,0.76,,,,1773.0,Mycobacterium tuberculosis,Duplodnaviria,Heunggongvirae,Uroviricota,Caudoviricetes,Caudoviricetes incertae sedis,Fromanvirus,Fromanvirus D29,,dsDNA
Fromanvirus,186764,,,,,,,,,,,,0.76,,,,1773.0,Mycobacterium tuberculosis,Duplodnaviria,Heunggongvirae,Uroviricota,Caudoviricetes,Caudoviricetes incertae sedis,Fromanvirus,unclassified Fromanvirus,,dsDNA
Fromanvirus,186764,,,,,,,,,,,,0.76,,,,246196.0,Mycolicibacterium smegmatis MC2 155,Duplodnaviria,Heunggongvirae,Uroviricota,Caudoviricetes,Caudoviricetes incertae sedis,Fromanvirus,Fromanvirus D29,,dsDNA
Fromanvirus,186764,,,,,,,,,,,,0.76,,,,1785.0,Mycobacterium sp.,Duplodnaviria,Heunggongvirae,Uroviricota,Caudoviricetes,Caudoviricetes incertae sedis,Fromanvirus,Fromanvirus lockley,,dsDNA
Fromanvirus,186764,,,,,,,,,,,,0.76,,,,246196.0,Mycolicibacterium smegmatis MC2 155,Duplodnaviria,Heunggongvirae,Uroviricota,Caudoviricetes,Caudoviricetes incertae sedis,Fromanvirus,Fromanvirus lockley,,dsDNA
Fromanvirus,186764,,,,,,,,,,,,0.76,,,,246196.0,Mycolicibacterium smegmatis MC2 155,Duplodnaviria,Heunggongvirae,Uroviricota,Caudoviricetes,Caudoviricetes incertae sedis,Fromanvirus,Fromanvirus doom,,dsDNA
Fromanvirus,186764,,,,,,,,,,,,0.76,,,,246196.0,Mycolicibacterium smegmatis MC2 155,Duplodnaviria,Heunggongvirae,Uroviricota,Caudoviricetes,Caudoviricetes incertae sedis,Fromanvirus,Fromanvirus jasper,,dsDNA
Fromanvirus,186764,,,,,,,,,,,,0.76,,,,246196.0,Mycolicibacterium smegmatis MC2 155,Duplodnaviria,Heunggongvirae,Uroviricota,Caudoviricetes,Caudoviricetes incertae sedis,Fromanvirus,Fromanvirus euphoria,,dsDNA
Fromanvirus,186764,,,,,,,,,,,,0.76,,,,246196.0,Mycolicibacterium smegmatis MC2 155,Duplodnaviria,Heunggongvirae,Uroviricota,Caudoviricetes,Caudoviricetes incertae sedis,Fromanvirus,Fromanvirus george,,dsDNA
Fromanvirus,186764,,,,,,,,,,,,0.76,,,,246196.0,Mycolicibacterium smegmatis MC2 155,Duplodnaviria,Heunggongvirae,Uroviricota,Caudoviricetes,Caudoviricetes incertae sedis,Fromanvirus,Fromanvirus goose,,dsDNA
Fromanvirus,186764,,,,,,,,,,,,0.76,,,,1799.0,Mycolicibacterium aichiense,Duplodnaviria,Heunggongvirae,Uroviricota,Caudoviricetes,Caudoviricetes incertae sedis,Fromanvirus,unclassified Fromanvirus,,dsDNA
Fromanvirus,186764,,,,,,,,,,,,0.76,,,,1785.0,Mycobacterium sp.,Duplodnaviria,Heunggongvirae,Uroviricota,Caudoviricetes,Caudoviricetes incertae sedis,Fromanvirus,Fromanvirus jasper,,dsDNA
Fromanvirus,186764,,,,,,,,,,,,0.76,,,,246196.0,Mycolicibacterium smegmatis MC2 155,Duplodnaviria,Heunggongvirae,Uroviricota,Caudoviricetes,Caudoviricetes incertae sedis,Fromanvirus,Fromanvirus JC27,,dsDNA
Fromanvirus,186764,,,,,,,,,,,,0.76,,,,1785.0,Mycobacterium sp.,Duplodnaviria,Heunggongvirae,Uroviricota,Caudoviricetes,Caudoviricetes incertae sedis,Fromanvirus,Fromanvirus KBG,,dsDNA
Fromanvirus,186764,,,,,,,,,,,,0.76,,,,246196.0,Mycolicibacterium smegmatis MC2 155,Duplodnaviria,Heunggongvirae,Uroviricota,Caudoviricetes,Caudoviricetes incertae sedis,Fromanvirus,Fromanvirus KBG,,dsDNA
Fromanvirus,186764,,,,,,,,,,,,0.76,,,,246196.0,Mycolicibacterium smegmatis MC2 155,Duplodnaviria,Heunggongvirae,Uroviricota,Caudoviricetes,Caudoviricetes incertae sedis,Fromanvirus,Fromanvirus rebeuca,,dsDNA
Fromanvirus,186764,,,,,,,,,,,,0.76,,,,246196.0,Mycolicibacterium smegmatis MC2 155,Duplodnaviria,Heunggongvirae,Uroviricota,Caudoviricetes,Caudoviricetes incertae sedis,Fromanvirus,Fromanvirus kssjeb,,dsDNA
Fromanvirus,186764,,,,,,,,,,,,0.76,,,,246196.0,Mycolicibacterium smegmatis MC2 155,Duplodnaviria,Heunggongvirae,Uroviricota,Caudoviricetes,Caudoviricetes incertae sedis,Fromanvirus,Fromanvirus kugel,,dsDNA
Fromanvirus,186764,,,,,,,,,,,,0.76,,,,246196.0,Mycolicibacterium smegmatis MC2 155,Duplodnaviria,Heunggongvirae,Uroviricota,Caudoviricetes,Caudoviricetes incertae sedis,Fromanvirus,Fromanvirus lesedi,,dsDNA
Fromanvirus,186764,,,,,,,,,,,,0.76,,,,246196.0,Mycolicibacterium smegmatis MC2 155,Duplodnaviria,Heunggongvirae,Uroviricota,Caudoviricetes,Caudoviricetes incertae sedis,Fromanvirus,Fromanvirus marcell,,dsDNA
Fromanvirus,186764,,,,,,,,,,,,0.76,,,,246196.0,Mycolicibacterium smegmatis MC2 155,Duplodnaviria,Heunggongvirae,Uroviricota,Caudoviricetes,Caudoviricetes incertae sedis,Fromanvirus,Fromanvirus mrgordo,,dsDNA
Fromanvirus,186764,,,,,,,,,,,,0.76,,,,246196.0,Mycolicibacterium smegmatis MC2 155,Duplodnaviria,Heunggongvirae,Uroviricota,Caudoviricetes,Caudoviricetes incertae sedis,Fromanvirus,Fromanvirus museum,,dsDNA
Fromanvirus,186764,,,,,,,,,,,,0.76,,,,246196.0,Mycolicibacterium smegmatis MC2 155,Duplodnaviria,Heunggongvirae,Uroviricota,Caudoviricetes,Caudoviricetes incertae sedis,Fromanvirus,Fromanvirus perseus,,dsDNA
Fromanvirus,186764,,,,,,,,,,,,0.76,,,,1763.0,Mycobacterium,Duplodnaviria,Heunggongvirae,Uroviricota,Caudoviricetes,Caudoviricetes incertae sedis,Fromanvirus,Fromanvirus redrock,,dsDNA
Fromanvirus,186764,,,,,,,,,,,,0.76,,,,246196.0,Mycolicibacterium smegmatis MC2 155,Duplodnaviria,Heunggongvirae,Uroviricota,Caudoviricetes,Caudoviricetes incertae sedis,Fromanvirus,Fromanvirus redrock,,dsDNA
Fromanvirus,186764,,,,,,,,,,,,0.76,,,,246196.0,Mycolicibacterium smegmatis MC2 155,Duplodnaviria,Heunggongvirae,Uroviricota,Caudoviricetes,Caudoviricetes incertae sedis,Fromanvirus,Fromanvirus ridgecb,,dsDNA
Fromanvirus,186764,,,,,,,,,,,,0.76,,,,246196.0,Mycolicibacterium smegmatis MC2 155,Duplodnaviria,Heunggongvirae,Uroviricota,Caudoviricetes,Caudoviricetes incertae sedis,Fromanvirus,Fromanvirus saintus,,dsDNA
Fromanvirus,186764,,,,,,,,,,,,0.76,,,,246196.0,Mycolicibacterium smegmatis MC2 155,Duplodnaviria,Heunggongvirae,Uroviricota,Caudoviricetes,Caudoviricetes incertae sedis,Fromanvirus,Fromanvirus skipole,,dsDNA
Fromanvirus,186764,,,,,,,,,,,,0.76,,,,1785.0,Mycobacterium sp.,Duplodnaviria,Heunggongvirae,Uroviricota,Caudoviricetes,Caudoviricetes incertae sedis,Fromanvirus,Fromanvirus solon,,dsDNA
Fromanvirus,186764,,,,,,,,,,,,0.76,,,,246196.0,Mycolicibacterium smegmatis MC2 155,Duplodnaviria,Heunggongvirae,Uroviricota,Caudoviricetes,Caudoviricetes incertae sedis,Fromanvirus,Fromanvirus solon,,dsDNA
Fromanvirus,186764,,,,,,,,,,,,0.76,,,,246196.0,Mycolicibacterium smegmatis MC2 155,Duplodnaviria,Heunggongvirae,Uroviricota,Caudoviricetes,Caudoviricetes incertae sedis,Fromanvirus,Fromanvirus switzer,,dsDNA
Fromanvirus,186764,,,,,,,,,,,,0.76,,,,246196.0,Mycolicibacterium smegmatis MC2 155,Duplodnaviria,Heunggongvirae,Uroviricota,Caudoviricetes,Caudoviricetes incertae sedis,Fromanvirus,Fromanvirus SWU1,,dsDNA
Fromanvirus,186764,,,,,,,,,,,,0.76,,,,246196.0,Mycolicibacterium smegmatis MC2 155,Duplodnaviria,Heunggongvirae,Uroviricota,Caudoviricetes,Caudoviricetes incertae sedis,Fromanvirus,Fromanvirus trixie,,dsDNA
Fromanvirus,186764,,,,,,,,,,,,0.76,,,,246196.0,Mycolicibacterium smegmatis MC2 155,Duplodnaviria,Heunggongvirae,Uroviricota,Caudoviricetes,Caudoviricetes incertae sedis,Fromanvirus,Fromanvirus twister,,dsDNA
Fromanvirus,186764,,,,,,,,,,,,0.76,,,,1785.0,Mycobacterium sp.,Duplodnaviria,Heunggongvirae,Uroviricota,Caudoviricetes,Caudoviricetes incertae sedis,Fromanvirus,Fromanvirus U2,,dsDNA
Fromanvirus,186764,,,,,,,,,,,,0.76,,,,246196.0,Mycolicibacterium smegmatis MC2 155,Duplodnaviria,Heunggongvirae,Uroviricota,Caudoviricetes,Caudoviricetes incertae sedis,Fromanvirus,Fromanvirus U2,,dsDNA
Fromanvirus,186764,,,,,,,,,,,,0.76,,,,246196.0,Mycolicibacterium smegmatis MC2 155,Duplodnaviria,Heunggongvirae,Uroviricota,Caudoviricetes,Caudoviricetes incertae sedis,Fromanvirus,Fromanvirus violet,,dsDNA
Fromanvirus,186764,,,,,,,,,,,,0.76,,,,1763.0,Mycobacterium,Duplodnaviria,Heunggongvirae,Uroviricota,Caudoviricetes,Caudoviricetes incertae sedis,Fromanvirus,Fromanvirus twister,,dsDNA
Punavirus,186789,,,,,,,,,,,,0.59,,,,561.0,Escherichia,Duplodnaviria,Heunggongvirae,Uroviricota,Caudoviricetes,Caudoviricetes incertae sedis,Punavirus,Punavirus P1,,dsDNA
Punavirus,186789,,,,,,,,,,,,0.59,,,,562.0,Escherichia coli,Duplodnaviria,Heunggongvirae,Uroviricota,Caudoviricetes,Caudoviricetes incertae sedis,Punavirus,unclassified Punavirus,,dsDNA
Punavirus,186789,,,,,,,,,,,,0.59,,,,543.0,Enterobacteriaceae,Duplodnaviria,Heunggongvirae,Uroviricota,Caudoviricetes,Caudoviricetes incertae sedis,Punavirus,Punavirus P1,,dsDNA
Punavirus,186789,,,,,,,,,,,,0.59,,,,562.0,Escherichia coli,Duplodnaviria,Heunggongvirae,Uroviricota,Caudoviricetes,Caudoviricetes incertae sedis,Punavirus,Punavirus P1,,dsDNA
Punavirus,186789,,,,,,,,,,,,0.59,,,,1211845.0,Escherichia coli MC1061,Duplodnaviria,Heunggongvirae,Uroviricota,Caudoviricetes,Caudoviricetes incertae sedis,Punavirus,Punavirus P1,,dsDNA
Punavirus,186789,,,,,,,,,,,,0.59,,,,562.0,Escherichia coli,Duplodnaviria,Heunggongvirae,Uroviricota,Caudoviricetes,Caudoviricetes incertae sedis,Punavirus,Punavirus RCS47,,dsDNA
Punavirus,186789,,,,,,,,,,,,0.59,,,,1.0,root,Duplodnaviria,Heunggongvirae,Uroviricota,Caudoviricetes,Caudoviricetes incertae sedis,Punavirus,,,dsDNA
Punavirus,186789,,,,,,,,,,,,0.59,,,,2564646.0,Salmonella enterica subsp. enterica serovar Kouka,Duplodnaviria,Heunggongvirae,Uroviricota,Caudoviricetes,Caudoviricetes incertae sedis,Punavirus,unclassified Punavirus,,dsDNA
Punavirus,186789,,,,,,,,,,,,0.59,,,,286783.0,Salmonella enterica subsp. enterica serovar Indiana,Duplodnaviria,Heunggongvirae,Uroviricota,Caudoviricetes,Caudoviricetes incertae sedis,Punavirus,Punavirus SJ46,,dsDNA
Mamastrovirus,249588,0.14,,,,,,0.4,,,0.24,,,,,,9606.0,Homo sapiens,Riboviria,Orthornavirae,Pisuviricota,Stelpaviricetes,Stellavirales,Astroviridae,Mamastrovirus,Mamastrovirus melbournense,
Mamastrovirus,249588,0.14,,,,,,0.4,,,0.24,,,,,,10116.0,Rattus norvegicus,Riboviria,Orthornavirae,Pisuviricota,Stelpaviricetes,Stellavirales,Astroviridae,Mamastrovirus,Mamastrovirus melbournense,
Mamastrovirus,249588,0.14,,,,,,0.4,,,0.24,,,,,,9823.0,Sus scrofa,Riboviria,Orthornavirae,Pisuviricota,Stelpaviricetes,Stellavirales,Astroviridae,Mamastrovirus,unclassified Mamastrovirus,
Mamastrovirus,249588,0.14,,,,,,0.4,,,0.24,,,,,,9903.0,Bos,Riboviria,Orthornavirae,Pisuviricota,Stelpaviricetes,Stellavirales,Astroviridae,Mamastrovirus,unclassified Mamastrovirus,
Mamastrovirus,249588,0.14,,,,,,0.4,,,0.24,,,,,,9913.0,Bos taurus,Riboviria,Orthornavirae,Pisuviricota,Stelpaviricetes,Stellavirales,Astroviridae,Mamastrovirus,unclassified Mamastrovirus,
Mamastrovirus,249588,0.14,,,,,,0.4,,,0.24,,,,,,9615.0,Canis lupus familiaris,Riboviria,Orthornavirae,Pisuviricota,Stelpaviricetes,Stellavirales,Astroviridae,Mamastrovirus,unclassified Mamastrovirus,
Mamastrovirus,249588,0.14,,,,,,0.4,,,0.24,,,,,,9838.0,Camelus dromedarius,Riboviria,Orthornavirae,Pisuviricota,Stelpaviricetes,Stellavirales,Astroviridae,Mamastrovirus,unclassified Mamastrovirus,
Mamastrovirus,249588,0.14,,,,,,0.4,,,0.24,,,,,,9685.0,Felis catus,Riboviria,Orthornavirae,Pisuviricota,Stelpaviricetes,Stellavirales,Astroviridae,Mamastrovirus,unclassified Mamastrovirus,
Mamastrovirus,249588,0.14,,,,,,0.4,,,0.24,,,,,,452646.0,Neogale vison,Riboviria,Orthornavirae,Pisuviricota,Stelpaviricetes,Stellavirales,Astroviridae,Mamastrovirus,Mamastrovirus mustelae,
Mamastrovirus,249588,0.14,,,,,,0.4,,,0.24,,,,,,9940.0,Ovis aries,Riboviria,Orthornavirae,Pisuviricota,Stelpaviricetes,Stellavirales,Astroviridae,Mamastrovirus,Mamastrovirus ovis,
Mamastrovirus,249588,0.14,,,,,,0.4,,,0.24,,,,,,1.0,root,Riboviria,Orthornavirae,Pisuviricota,Stelpaviricetes,Stellavirales,Astroviridae,Mamastrovirus,Mamastrovirus melbournense,
Mamastrovirus,249588,0.14,,,,,,0.4,,,0.24,,,,,,93163.0,Marmota himalayana,Riboviria,Orthornavirae,Pisuviricota,Stelpaviricetes,Stellavirales,Astroviridae,Mamastrovirus,unclassified Mamastrovirus,
Mamastrovirus,249588,0.14,,,,,,0.4,,,0.24,,,,,,9986.0,Oryctolagus cuniculus,Riboviria,Orthornavirae,Pisuviricota,Stelpaviricetes,Stellavirales,Astroviridae,Mamastrovirus,unclassified Mamastrovirus,
Mamastrovirus,249588,0.14,,,,,,0.4,,,0.24,,,,,,30521.0,Bos grunniens,Riboviria,Orthornavirae,Pisuviricota,Stelpaviricetes,Stellavirales,Astroviridae,Mamastrovirus,unclassified Mamastrovirus,
Mimivirus,315393,,,,,,,,,,,0.25,,,,,5755.0,Acanthamoeba castellanii,Varidnaviria,Bamfordvirae,Nucleocytoviricota,Megaviricetes,Imitervirales,Mimiviridae,Megamimivirinae,Mimivirus,
Mimivirus,315393,,,,,,,,,,,0.25,,,,,5757.0,Acanthamoeba polyphaga,Varidnaviria,Bamfordvirae,Nucleocytoviricota,Megaviricetes,Imitervirales,Mimiviridae,Megamimivirinae,Mimivirus,
Phikmvvirus,477967,,,,0.02,,,,,,,,,,2.59,,287.0,Pseudomonas aeruginosa,Duplodnaviria,Heunggongvirae,Uroviricota,Caudoviricetes,Autographivirales,Autoscriptoviridae,Krylovirinae,Phikmvvirus,dsDNA
Phikmvvirus,477967,,,,0.02,,,,,,,,,,2.59,,208964.0,Pseudomonas aeruginosa PAO1,Duplodnaviria,Heunggongvirae,Uroviricota,Caudoviricetes,Autographivirales,Autoscriptoviridae,Krylovirinae,Phikmvvirus,dsDNA
Phikmvvirus,477967,,,,0.02,,,,,,,,,,2.59,,1009714.0,Pseudomonas aeruginosa PAK,Duplodnaviria,Heunggongvirae,Uroviricota,Caudoviricetes,Autographivirales,Autoscriptoviridae,Krylovirinae,Phikmvvirus,dsDNA
Phikmvvirus,477967,,,,0.02,,,,,,,,,,2.59,,306.0,Pseudomonas sp.,Duplodnaviria,Heunggongvirae,Uroviricota,Caudoviricetes,Autographivirales,Autoscriptoviridae,Krylovirinae,Phikmvvirus,dsDNA
Phikmvvirus,477967,,,,0.02,,,,,,,,,,2.59,,652611.0,Pseudomonas aeruginosa PA14,Duplodnaviria,Heunggongvirae,Uroviricota,Caudoviricetes,Autographivirales,Autoscriptoviridae,Krylovirinae,Phikmvvirus,dsDNA
Rauchvirus,542959,,,,,,,0.29,,,,,,,,,518.0,Bordetella bronchiseptica,Duplodnaviria,Heunggongvirae,Uroviricota,Caudoviricetes,Caudoviricetes incertae sedis,Rauchvirus,Rauchvirus BPP1,,dsDNA
Uetakevirus,542960,0.11,,0.39,,,,0.54,,,,,,,,0.1,550.0,Enterobacter cloacae,Duplodnaviria,Heunggongvirae,Uroviricota,Caudoviricetes,Caudoviricetes incertae sedis,Uetakevirus,unclassified Uetakevirus,,dsDNA
Uetakevirus,542960,0.11,,0.39,,,,0.54,,,,,,,,0.1,1676277.0,Enterobacter sp. CT7,Duplodnaviria,Heunggongvirae,Uroviricota,Caudoviricetes,Caudoviricetes incertae sedis,Uetakevirus,unclassified Uetakevirus,,dsDNA
Uetakevirus,542960,0.11,,0.39,,,,0.54,,,,,,,,0.1,83334.0,Escherichia coli O157:H7,Duplodnaviria,Heunggongvirae,Uroviricota,Caudoviricetes,Caudoviricetes incertae sedis,Uetakevirus,Uetakevirus phiV10,,dsDNA
Uetakevirus,542960,0.11,,0.39,,,,0.54,,,,,,,,0.1,83334.0,Escherichia coli O157:H7,Duplodnaviria,Heunggongvirae,Uroviricota,Caudoviricetes,Caudoviricetes incertae sedis,Uetakevirus,unclassified Uetakevirus,,dsDNA
Uetakevirus,542960,0.11,,0.39,,,,0.54,,,,,,,,0.1,561.0,Escherichia,Duplodnaviria,Heunggongvirae,Uroviricota,Caudoviricetes,Caudoviricetes incertae sedis,Uetakevirus,unclassified Uetakevirus,,dsDNA
Uetakevirus,542960,0.11,,0.39,,,,0.54,,,,,,,,0.1,562.0,Escherichia coli,Duplodnaviria,Heunggongvirae,Uroviricota,Caudoviricetes,Caudoviricetes incertae sedis,Uetakevirus,unclassified Uetakevirus,,dsDNA
Uetakevirus,542960,0.11,,0.39,,,,0.54,,,,,,,,0.1,562.0,Escherichia coli,Duplodnaviria,Heunggongvirae,Uroviricota,Caudoviricetes,Caudoviricetes incertae sedis,Uetakevirus,Uetakevirus PAS61,,dsDNA
Uetakevirus,542960,0.11,,0.39,,,,0.54,,,,,,,,0.1,573.0,Klebsiella pneumoniae,Duplodnaviria,Heunggongvirae,Uroviricota,Caudoviricetes,Caudoviricetes incertae sedis,Uetakevirus,unclassified Uetakevirus,,dsDNA
Uetakevirus,542960,0.11,,0.39,,,,0.54,,,,,,,,0.1,611.0,Salmonella enterica subsp. enterica serovar Heidelberg,Duplodnaviria,Heunggongvirae,Uroviricota,Caudoviricetes,Caudoviricetes incertae sedis,Uetakevirus,unclassified Uetakevirus,,dsDNA
Uetakevirus,542960,0.11,,0.39,,,,0.54,,,,,,,,0.1,28901.0,Salmonella enterica,Duplodnaviria,Heunggongvirae,Uroviricota,Caudoviricetes,Caudoviricetes incertae sedis,Uetakevirus,Uetakevirus epsilon15,,dsDNA
Uetakevirus,542960,0.11,,0.39,,,,0.54,,,,,,,,0.1,58712.0,Salmonella enterica subsp. enterica serovar Anatum,Duplodnaviria,Heunggongvirae,Uroviricota,Caudoviricetes,Caudoviricetes incertae sedis,Uetakevirus,Uetakevirus epsilon15,,dsDNA
Uetakevirus,542960,0.11,,0.39,,,,0.54,,,,,,,,0.1,90371.0,Salmonella enterica subsp. enterica serovar Typhimurium,Duplodnaviria,Heunggongvirae,Uroviricota,Caudoviricetes,Caudoviricetes incertae sedis,Uetakevirus,Uetakevirus SPN1S,,dsDNA
Uetakevirus,542960,0.11,,0.39,,,,0.54,,,,,,,,0.1,59201.0,Salmonella enterica subsp. enterica,Duplodnaviria,Heunggongvirae,Uroviricota,Caudoviricetes,Caudoviricetes incertae sedis,Uetakevirus,unclassified Uetakevirus,,dsDNA
Bixzunavirus,680114,0.09,,,,,,,,,,,,,,,246196.0,Mycolicibacterium smegmatis MC2 155,Duplodnaviria,Heunggongvirae,Uroviricota,Caudoviricetes,Caudoviricetes incertae sedis,Bixzunavirus,unclassified Bixzunavirus,,dsDNA
Bixzunavirus,680114,0.09,,,,,,,,,,,,,,,246196.0,Mycolicibacterium smegmatis MC2 155,Duplodnaviria,Heunggongvirae,Uroviricota,Caudoviricetes,Caudoviricetes incertae sedis,Bixzunavirus,Bixzunavirus alice,,dsDNA
Bixzunavirus,680114,0.09,,,,,,,,,,,,,,,246196.0,Mycolicibacterium smegmatis MC2 155,Duplodnaviria,Heunggongvirae,Uroviricota,Caudoviricetes,Caudoviricetes incertae sedis,Bixzunavirus,Bixzunavirus Bxz1,,dsDNA
Bixzunavirus,680114,0.09,,,,,,,,,,,,,,,246196.0,Mycolicibacterium smegmatis MC2 155,Duplodnaviria,Heunggongvirae,Uroviricota,Caudoviricetes,Caudoviricetes incertae sedis,Bixzunavirus,Bixzunavirus astraea,,dsDNA
Bixzunavirus,680114,0.09,,,,,,,,,,,,,,,1763.0,Mycobacterium,Duplodnaviria,Heunggongvirae,Uroviricota,Caudoviricetes,Caudoviricetes incertae sedis,Bixzunavirus,unclassified Bixzunavirus,,dsDNA
Bixzunavirus,680114,0.09,,,,,,,,,,,,,,,246196.0,Mycolicibacterium smegmatis MC2 155,Duplodnaviria,Heunggongvirae,Uroviricota,Caudoviricetes,Caudoviricetes incertae sedis,Bixzunavirus,Bixzunavirus bigswole,,dsDNA
Bixzunavirus,680114,0.09,,,,,,,,,,,,,,,1763.0,Mycobacterium,Duplodnaviria,Heunggongvirae,Uroviricota,Caudoviricetes,Caudoviricetes incertae sedis,Bixzunavirus,Bixzunavirus Bxz1,,dsDNA
Bixzunavirus,680114,0.09,,,,,,,,,,,,,,,1772.0,Mycolicibacterium smegmatis,Duplodnaviria,Heunggongvirae,Uroviricota,Caudoviricetes,Caudoviricetes incertae sedis,Bixzunavirus,Bixzunavirus Bxz1,,dsDNA
Bixzunavirus,680114,0.09,,,,,,,,,,,,,,,1810.0,Mycolicibacterium vaccae,Duplodnaviria,Heunggongvirae,Uroviricota,Caudoviricetes,Caudoviricetes incertae sedis,Bixzunavirus,Bixzunavirus Bxz1,,dsDNA
Bixzunavirus,680114,0.09,,,,,,,,,,,,,,,246196.0,Mycolicibacterium smegmatis MC2 155,Duplodnaviria,Heunggongvirae,Uroviricota,Caudoviricetes,Caudoviricetes incertae sedis,Bixzunavirus,Bixzunavirus cane17,,dsDNA
Bixzunavirus,680114,0.09,,,,,,,,,,,,,,,246196.0,Mycolicibacterium smegmatis MC2 155,Duplodnaviria,Heunggongvirae,Uroviricota,Caudoviricetes,Caudoviricetes incertae sedis,Bixzunavirus,Bixzunavirus charlieB,,dsDNA
Bixzunavirus,680114,0.09,,,,,,,,,,,,,,,246196.0,Mycolicibacterium smegmatis MC2 155,Duplodnaviria,Heunggongvirae,Uroviricota,Caudoviricetes,Caudoviricetes incertae sedis,Bixzunavirus,Bixzunavirus dandelion,,dsDNA
Bixzunavirus,680114,0.09,,,,,,,,,,,,,,,246196.0,Mycolicibacterium smegmatis MC2 155,Duplodnaviria,Heunggongvirae,Uroviricota,Caudoviricetes,Caudoviricetes incertae sedis,Bixzunavirus,Bixzunavirus hyro,,dsDNA
Bixzunavirus,680114,0.09,,,,,,,,,,,,,,,1763.0,Mycobacterium,Duplodnaviria,Heunggongvirae,Uroviricota,Caudoviricetes,Caudoviricetes incertae sedis,Bixzunavirus,Bixzunavirus I3,,dsDNA
Bixzunavirus,680114,0.09,,,,,,,,,,,,,,,246196.0,Mycolicibacterium smegmatis MC2 155,Duplodnaviria,Heunggongvirae,Uroviricota,Caudoviricetes,Caudoviricetes incertae sedis,Bixzunavirus,Bixzunavirus lukilu,,dsDNA
Bixzunavirus,680114,0.09,,,,,,,,,,,,,,,246196.0,Mycolicibacterium smegmatis MC2 155,Duplodnaviria,Heunggongvirae,Uroviricota,Caudoviricetes,Caudoviricetes incertae sedis,Bixzunavirus,Bixzunavirus mangeria,,dsDNA
Bixzunavirus,680114,0.09,,,,,,,,,,,,,,,246196.0,Mycolicibacterium smegmatis MC2 155,Duplodnaviria,Heunggongvirae,Uroviricota,Caudoviricetes,Caudoviricetes incertae sedis,Bixzunavirus,Bixzunavirus nappy,,dsDNA
Bixzunavirus,680114,0.09,,,,,,,,,,,,,,,246196.0,Mycolicibacterium smegmatis MC2 155,Duplodnaviria,Heunggongvirae,Uroviricota,Caudoviricetes,Caudoviricetes incertae sedis,Bixzunavirus,Bixzunavirus noodletree,,dsDNA
Bixzunavirus,680114,0.09,,,,,,,,,,,,,,,1763.0,Mycobacterium,Duplodnaviria,Heunggongvirae,Uroviricota,Caudoviricetes,Caudoviricetes incertae sedis,Bixzunavirus,Bixzunavirus alice,,dsDNA
Bixzunavirus,680114,0.09,,,,,,,,,,,,,,,246196.0,Mycolicibacterium smegmatis MC2 155,Duplodnaviria,Heunggongvirae,Uroviricota,Caudoviricetes,Caudoviricetes incertae sedis,Bixzunavirus,Bixzunavirus qbert,,dsDNA
Bixzunavirus,680114,0.09,,,,,,,,,,,,,,,1763.0,Mycobacterium,Duplodnaviria,Heunggongvirae,Uroviricota,Caudoviricetes,Caudoviricetes incertae sedis,Bixzunavirus,Bixzunavirus quasimodo,,dsDNA
Bixzunavirus,680114,0.09,,,,,,,,,,,,,,,1763.0,Mycobacterium,Duplodnaviria,Heunggongvirae,Uroviricota,Caudoviricetes,Caudoviricetes incertae sedis,Bixzunavirus,Bixzunavirus sauce,,dsDNA
Bixzunavirus,680114,0.09,,,,,,,,,,,,,,,246196.0,Mycolicibacterium smegmatis MC2 155,Duplodnaviria,Heunggongvirae,Uroviricota,Caudoviricetes,Caudoviricetes incertae sedis,Bixzunavirus,Bixzunavirus sauce,,dsDNA
Bixzunavirus,680114,0.09,,,,,,,,,,,,,,,246196.0,Mycolicibacterium smegmatis MC2 155,Duplodnaviria,Heunggongvirae,Uroviricota,Caudoviricetes,Caudoviricetes incertae sedis,Bixzunavirus,Bixzunavirus sebata,,dsDNA
Bixzunavirus,680114,0.09,,,,,,,,,,,,,,,1763.0,Mycobacterium,Duplodnaviria,Heunggongvirae,Uroviricota,Caudoviricetes,Caudoviricetes incertae sedis,Bixzunavirus,Bixzunavirus hyro,,dsDNA
Bixzunavirus,680114,0.09,,,,,,,,,,,,,,,246196.0,Mycolicibacterium smegmatis MC2 155,Duplodnaviria,Heunggongvirae,Uroviricota,Caudoviricetes,Caudoviricetes incertae sedis,Bixzunavirus,Bixzunavirus tonenili,,dsDNA
Phikzvirus,680115,,,,0.01,,,,,,,,,,,,287.0,Pseudomonas aeruginosa,Duplodnaviria,Heunggongvirae,Uroviricota,Caudoviricetes,Caudoviricetes incertae sedis,Chimalliviridae,Phikzvirus,Phikzvirus phiKZ,dsDNA
Phikzvirus,680115,,,,0.01,,,,,,,,,,,,208964.0,Pseudomonas aeruginosa PAO1,Duplodnaviria,Heunggongvirae,Uroviricota,Caudoviricetes,Caudoviricetes incertae sedis,Chimalliviridae,Phikzvirus,Phikzvirus phiKZ,dsDNA
Phikzvirus,680115,,,,0.01,,,,,,,,,,,,306.0,Pseudomonas sp.,Duplodnaviria,Heunggongvirae,Uroviricota,Caudoviricetes,Caudoviricetes incertae sedis,Chimalliviridae,Phikzvirus,unclassified Phikzvirus,dsDNA
Phikzvirus,680115,,,,0.01,,,,,,,,,,,,286.0,Pseudomonas,Duplodnaviria,Heunggongvirae,Uroviricota,Caudoviricetes,Caudoviricetes incertae sedis,Chimalliviridae,Phikzvirus,unclassified Phikzvirus,dsDNA
Alphanecrovirus,1299309,,,,,,,,0.33,,,,0.3,,,,,,,,,,,,,,
Betanecrovirus,1299311,,,,,,,,,,,,0.3,,,,,,,,,,,,,,
Nyavirus,1513295,,,,,,,,,,,,,,0.23,,76058.0,Somateria mollissima,Riboviria,Orthornavirae,Negarnaviricota,Haploviricotina,Monjiviricetes,Mononegavirales,Nyamiviridae,Nyavirus,-ssRNA
Nyavirus,1513295,,,,,,,,,,,,,,0.23,,176285.0,Alectorobius capensis,Riboviria,Orthornavirae,Negarnaviricota,Haploviricotina,Monjiviricetes,Mononegavirales,Nyamiviridae,Nyavirus,-ssRNA
Nyavirus,1513295,,,,,,,,,,,,,,0.23,,6933.0,Acari,Riboviria,Orthornavirae,Negarnaviricota,Haploviricotina,Monjiviricetes,Mononegavirales,Nyamiviridae,Nyavirus,-ssRNA
Nyavirus,1513295,,,,,,,,,,,,,,0.23,,10090.0,Mus musculus,Riboviria,Orthornavirae,Negarnaviricota,Haploviricotina,Monjiviricetes,Mononegavirales,Nyamiviridae,Nyavirus,-ssRNA
Nyavirus,1513295,,,,,,,,,,,,,,0.23,,110668.0,Bubulcus ibis,Riboviria,Orthornavirae,Negarnaviricota,Haploviricotina,Monjiviricetes,Mononegavirales,Nyamiviridae,Nyavirus,-ssRNA
Nyavirus,1513295,,,,,,,,,,,,,,0.23,,906883.0,Argas walkerae,Riboviria,Orthornavirae,Negarnaviricota,Haploviricotina,Monjiviricetes,Mononegavirales,Nyamiviridae,Nyavirus,-ssRNA
Nyavirus,1513295,,,,,,,,,,,,,,0.23,,9172.0,Sturnus vulgaris,Riboviria,Orthornavirae,Negarnaviricota,Haploviricotina,Monjiviricetes,Mononegavirales,Nyamiviridae,Nyavirus,-ssRNA
Nyavirus,1513295,,,,,,,,,,,,,,0.23,,1325862.0,Argas japonicus,Riboviria,Orthornavirae,Negarnaviricota,Haploviricotina,Monjiviricetes,Mononegavirales,Nyamiviridae,Nyavirus,-ssRNA
Nyavirus,1513295,,,,,,,,,,,,,,0.23,,92741.0,Ornithodoros coriaceus,Riboviria,Orthornavirae,Negarnaviricota,Haploviricotina,Monjiviricetes,Mononegavirales,Nyamiviridae,Nyavirus,-ssRNA
Gemycircularvirus,1542744,,3.29,,,,,,1.56,0.86,,,6.1,,,,9852.0,Alces alces,Monodnaviria,Shotokuvirae,Cressdnaviricota,Repensiviricetes,Geplafuvirales,Genomoviridae,Gemycircularvirus,Gemycircularvirus lepam1,
Gemycircularvirus,1542744,,3.29,,,,,,1.56,0.86,,,6.1,,,,77160.0,Dendroctonus brevicomis,Monodnaviria,Shotokuvirae,Cressdnaviricota,Repensiviricetes,Geplafuvirales,Genomoviridae,Gemycircularvirus,Gemycircularvirus denbre1,
Gemycircularvirus,1542744,,3.29,,,,,,1.56,0.86,,,6.1,,,,77166.0,Dendroctonus ponderosae,Monodnaviria,Shotokuvirae,Cressdnaviricota,Repensiviricetes,Geplafuvirales,Genomoviridae,Gemycircularvirus,Gemycircularvirus denpo1,
Gemycircularvirus,1542744,,3.29,,,,,,1.56,0.86,,,6.1,,,,7038.0,Bemisia tabaci,Monodnaviria,Shotokuvirae,Cressdnaviricota,Repensiviricetes,Geplafuvirales,Genomoviridae,Gemycircularvirus,Gemycircularvirus bemta1,
Gemycircularvirus,1542744,,3.29,,,,,,1.56,0.86,,,6.1,,,,9940.0,Ovis aries,Monodnaviria,Shotokuvirae,Cressdnaviricota,Repensiviricetes,Geplafuvirales,Genomoviridae,Gemycircularvirus,Gemycircularvirus blabi1,
Gemycircularvirus,1542744,,3.29,,,,,,1.56,0.86,,,6.1,,,,61017.0,Austrosimulium,Monodnaviria,Shotokuvirae,Cressdnaviricota,Repensiviricetes,Geplafuvirales,Genomoviridae,Gemycircularvirus,Gemycircularvirus austro1,
Gemycircularvirus,1542744,,3.29,,,,,,1.56,0.86,,,6.1,,,,52147.0,Bromus hordeaceus,Monodnaviria,Shotokuvirae,Cressdnaviricota,Repensiviricetes,Geplafuvirales,Genomoviridae,Gemycircularvirus,Gemycircularvirus bromas1,
Gemycircularvirus,1542744,,3.29,,,,,,1.56,0.86,,,6.1,,,,1.0,root,Monodnaviria,Shotokuvirae,Cressdnaviricota,Repensiviricetes,Geplafuvirales,Genomoviridae,Gemycircularvirus,Gemycircularvirus hydro1,
Gemycircularvirus,1542744,,3.29,,,,,,1.56,0.86,,,6.1,,,,3983.0,Manihot esculenta,Monodnaviria,Shotokuvirae,Cressdnaviricota,Repensiviricetes,Geplafuvirales,Genomoviridae,Gemycircularvirus,Gemycircularvirus cassa1,
Gemycircularvirus,1542744,,3.29,,,,,,1.56,0.86,,,6.1,,,,2909989.0,Citrus sp.,Monodnaviria,Shotokuvirae,Cressdnaviricota,Repensiviricetes,Geplafuvirales,Genomoviridae,Gemycircularvirus,Gemycircularvirus citas1,
Gemycircularvirus,1542744,,3.29,,,,,,1.56,0.86,,,6.1,,,,3885.0,Phaseolus vulgaris,Monodnaviria,Shotokuvirae,Cressdnaviricota,Repensiviricetes,Geplafuvirales,Genomoviridae,Gemycircularvirus,unclassified Gemycircularvirus,
Gemycircularvirus,1542744,,3.29,,,,,,1.56,0.86,,,6.1,,,,70384.0,Erythemis simplicicollis,Monodnaviria,Shotokuvirae,Cressdnaviricota,Repensiviricetes,Geplafuvirales,Genomoviridae,Gemycircularvirus,Gemycircularvirus draga1,
Gemycircularvirus,1542744,,3.29,,,,,,1.56,0.86,,,6.1,,,,212910.0,Euphorbia heterophylla,Monodnaviria,Shotokuvirae,Cressdnaviricota,Repensiviricetes,Geplafuvirales,Genomoviridae,Gemycircularvirus,Gemycircularvirus euhet1,
Gemycircularvirus,1542744,,3.29,,,,,,1.56,0.86,,,6.1,,,,9187.0,Turdus merula,Monodnaviria,Shotokuvirae,Cressdnaviricota,Repensiviricetes,Geplafuvirales,Genomoviridae,Gemycircularvirus,unclassified Gemycircularvirus,
Gemycircularvirus,1542744,,3.29,,,,,,1.56,0.86,,,6.1,,,,9031.0,Gallus gallus,Monodnaviria,Shotokuvirae,Cressdnaviricota,Repensiviricetes,Geplafuvirales,Genomoviridae,Gemycircularvirus,Gemycircularvirus chicas2,
Gemycircularvirus,1542744,,3.29,,,,,,1.56,0.86,,,6.1,,,,1114792.0,Equus ferus,Monodnaviria,Shotokuvirae,Cressdnaviricota,Repensiviricetes,Geplafuvirales,Genomoviridae,Gemycircularvirus,Gemycircularvirus equas1,
Gemycircularvirus,1542744,,3.29,,,,,,1.56,0.86,,,6.1,,,,9823.0,Sus scrofa,Monodnaviria,Shotokuvirae,Cressdnaviricota,Repensiviricetes,Geplafuvirales,Genomoviridae,Gemycircularvirus,Gemycircularvirus porci1,
Gemycircularvirus,1542744,,3.29,,,,,,1.56,0.86,,,6.1,,,,9913.0,Bos taurus,Monodnaviria,Shotokuvirae,Cressdnaviricota,Repensiviricetes,Geplafuvirales,Genomoviridae,Gemycircularvirus,Gemycircularvirus bovas1,
Gemycircularvirus,1542744,,3.29,,,,,,1.56,0.86,,,6.1,,,,30427.0,Haemorhous mexicanus,Monodnaviria,Shotokuvirae,Cressdnaviricota,Repensiviricetes,Geplafuvirales,Genomoviridae,Gemycircularvirus,Gemycircularvirus haeme1,
Gemycircularvirus,1542744,,3.29,,,,,,1.56,0.86,,,6.1,,,,29084.0,Arctocephalus forsteri,Monodnaviria,Shotokuvirae,Cressdnaviricota,Repensiviricetes,Geplafuvirales,Genomoviridae,Gemycircularvirus,Gemycircularvirus furse1,
Gemycircularvirus,1542744,,3.29,,,,,,1.56,0.86,,,6.1,,,,10114.0,Rattus,Monodnaviria,Shotokuvirae,Cressdnaviricota,Repensiviricetes,Geplafuvirales,Genomoviridae,Gemycircularvirus,Gemycircularvirus ratas1,
Gemycircularvirus,1542744,,3.29,,,,,,1.56,0.86,,,6.1,,,,10116.0,Rattus norvegicus,Monodnaviria,Shotokuvirae,Cressdnaviricota,Repensiviricetes,Geplafuvirales,Genomoviridae,Gemycircularvirus,Gemycircularvirus ratas1,
Gemycircularvirus,1542744,,3.29,,,,,,1.56,0.86,,,6.1,,,,9606.0,Homo sapiens,Monodnaviria,Shotokuvirae,Cressdnaviricota,Repensiviricetes,Geplafuvirales,Genomoviridae,Gemycircularvirus,unclassified Gemycircularvirus,
Gemycircularvirus,1542744,,3.29,,,,,,1.56,0.86,,,6.1,,,,30415.0,Grus japonensis,Monodnaviria,Shotokuvirae,Cressdnaviricota,Repensiviricetes,Geplafuvirales,Genomoviridae,Gemycircularvirus,unclassified Gemycircularvirus,
Gemycircularvirus,1542744,,3.29,,,,,,1.56,0.86,,,6.1,,,,246814.0,Pipistrellus pygmaeus,Monodnaviria,Shotokuvirae,Cressdnaviricota,Repensiviricetes,Geplafuvirales,Genomoviridae,Gemycircularvirus,unclassified Gemycircularvirus,
Gemycircularvirus,1542744,,3.29,,,,,,1.56,0.86,,,6.1,,,,1389957.0,Gerygone albofrontata,Monodnaviria,Shotokuvirae,Cressdnaviricota,Repensiviricetes,Geplafuvirales,Genomoviridae,Gemycircularvirus,Gemycircularvirus geras1,
Gemycircularvirus,1542744,,3.29,,,,,,1.56,0.86,,,6.1,,,,2850379.0,Eratigena duellica,Monodnaviria,Shotokuvirae,Cressdnaviricota,Repensiviricetes,Geplafuvirales,Genomoviridae,Gemycircularvirus,Gemycircularvirus erati1,
Gemycircularvirus,1542744,,3.29,,,,,,1.56,0.86,,,6.1,,,,9646.0,Ailuropoda melanoleuca,Monodnaviria,Shotokuvirae,Cressdnaviricota,Repensiviricetes,Geplafuvirales,Genomoviridae,Gemycircularvirus,unclassified Gemycircularvirus,
Gemycircularvirus,1542744,,3.29,,,,,,1.56,0.86,,,6.1,,,,282542.0,Hypericum japonicum,Monodnaviria,Shotokuvirae,Cressdnaviricota,Repensiviricetes,Geplafuvirales,Genomoviridae,Gemycircularvirus,Gemycircularvirus hypas1,
Gemycircularvirus,1542744,,3.29,,,,,,1.56,0.86,,,6.1,,,,9844.0,Lama glama,Monodnaviria,Shotokuvirae,Cressdnaviricota,Repensiviricetes,Geplafuvirales,Genomoviridae,Gemycircularvirus,Gemycircularvirus lamas1,
Gemycircularvirus,1542744,,3.29,,,,,,1.56,0.86,,,6.1,,,,48086.0,Lepus americanus,Monodnaviria,Shotokuvirae,Cressdnaviricota,Repensiviricetes,Geplafuvirales,Genomoviridae,Gemycircularvirus,Gemycircularvirus lepam3,
Gemycircularvirus,1542744,,3.29,,,,,,1.56,0.86,,,6.1,,,,425934.0,Canis lupus signatus,Monodnaviria,Shotokuvirae,Cressdnaviricota,Repensiviricetes,Geplafuvirales,Genomoviridae,Gemycircularvirus,Gemycircularvirus canlup1,
Gemycircularvirus,1542744,,3.29,,,,,,1.56,0.86,,,6.1,,,,61383.0,Lynx canadensis,Monodnaviria,Shotokuvirae,Cressdnaviricota,Repensiviricetes,Geplafuvirales,Genomoviridae,Gemycircularvirus,Gemycircularvirus lepa2,
Gemycircularvirus,1542744,,3.29,,,,,,1.56,0.86,,,6.1,,,,8839.0,Anas platyrhynchos,Monodnaviria,Shotokuvirae,Cressdnaviricota,Repensiviricetes,Geplafuvirales,Genomoviridae,Gemycircularvirus,Gemycircularvirus malas1,
Gemycircularvirus,1542744,,3.29,,,,,,1.56,0.86,,,6.1,,,,187007.0,Miniopterus fuliginosus,Monodnaviria,Shotokuvirae,Cressdnaviricota,Repensiviricetes,Geplafuvirales,Genomoviridae,Gemycircularvirus,Gemycircularvirus minio1,
Gemycircularvirus,1542744,,3.29,,,,,,1.56,0.86,,,6.1,,,,3673.0,Momordica charantia,Monodnaviria,Shotokuvirae,Cressdnaviricota,Repensiviricetes,Geplafuvirales,Genomoviridae,Gemycircularvirus,Gemycircularvirus mocha1,
Gemycircularvirus,1542744,,3.29,,,,,,1.56,0.86,,,6.1,,,,9700.0,Herpestes ichneumon,Monodnaviria,Shotokuvirae,Cressdnaviricota,Repensiviricetes,Geplafuvirales,Genomoviridae,Gemycircularvirus,Gemycircularvirus monas1,
Gemycircularvirus,1542744,,3.29,,,,,,1.56,0.86,,,6.1,,,,7157.0,Culicidae,Monodnaviria,Shotokuvirae,Cressdnaviricota,Repensiviricetes,Geplafuvirales,Genomoviridae,Gemycircularvirus,Gemycircularvirus mosqi1,
Gemycircularvirus,1542744,,3.29,,,,,,1.56,0.86,,,6.1,,,,537920.0,Clethrionomys rutilus,Monodnaviria,Shotokuvirae,Cressdnaviricota,Repensiviricetes,Geplafuvirales,Genomoviridae,Gemycircularvirus,Gemycircularvirus rebac1,
Gemycircularvirus,1542744,,3.29,,,,,,1.56,0.86,,,6.1,,,,79457.0,Ischnura posita,Monodnaviria,Shotokuvirae,Cressdnaviricota,Repensiviricetes,Geplafuvirales,Genomoviridae,Gemycircularvirus,Gemycircularvirus odona1,
Gemycircularvirus,1542744,,3.29,,,,,,1.56,0.86,,,6.1,,,,237662.0,Rhionaeschna multicolor,Monodnaviria,Shotokuvirae,Cressdnaviricota,Repensiviricetes,Geplafuvirales,Genomoviridae,Gemycircularvirus,Gemycircularvirus odona2,
Gemycircularvirus,1542744,,3.29,,,,,,1.56,0.86,,,6.1,,,,4145.0,Olea,Monodnaviria,Shotokuvirae,Cressdnaviricota,Repensiviricetes,Geplafuvirales,Genomoviridae,Gemycircularvirus,Gemycircularvirus oltre1,
Gemycircularvirus,1542744,,3.29,,,,,,1.56,0.86,,,6.1,,,,212256.0,Oxalis corniculata,Monodnaviria,Shotokuvirae,Cressdnaviricota,Repensiviricetes,Geplafuvirales,Genomoviridae,Gemycircularvirus,Gemycircularvirus oxcor1,
Gemycircularvirus,1542744,,3.29,,,,,,1.56,0.86,,,6.1,,,,77217.0,Pteropus tonganus,Monodnaviria,Shotokuvirae,Cressdnaviricota,Repensiviricetes,Geplafuvirales,Genomoviridae,Gemycircularvirus,Gemycircularvirus ptero1,
Gemycircularvirus,1542744,,3.29,,,,,,1.56,0.86,,,6.1,,,,4070.0,Solanaceae,Monodnaviria,Shotokuvirae,Cressdnaviricota,Repensiviricetes,Geplafuvirales,Genomoviridae,Gemycircularvirus,Gemycircularvirus solas1,
Gemycircularvirus,1542744,,3.29,,,,,,1.56,0.86,,,6.1,,,,136755.0,Willdenowia,Monodnaviria,Shotokuvirae,Cressdnaviricota,Repensiviricetes,Geplafuvirales,Genomoviridae,Gemycircularvirus,Gemycircularvirus willde1,
Gemycircularvirus,1542744,,3.29,,,,,,1.56,0.86,,,6.1,,,,3884.0,Phaseolus lunatus,Monodnaviria,Shotokuvirae,Cressdnaviricota,Repensiviricetes,Geplafuvirales,Genomoviridae,Gemycircularvirus,Gemycircularvirus legle1,
Gemycircularvirus,1542744,,3.29,,,,,,1.56,0.86,,,6.1,,,,267552.0,Salicornia perennis,Monodnaviria,Shotokuvirae,Cressdnaviricota,Repensiviricetes,Geplafuvirales,Genomoviridae,Gemycircularvirus,Gemycircularvirus sarpe1,
Gemycircularvirus,1542744,,3.29,,,,,,1.56,0.86,,,6.1,,,,133374.0,Dischisma,Monodnaviria,Shotokuvirae,Cressdnaviricota,Repensiviricetes,Geplafuvirales,Genomoviridae,Gemycircularvirus,Gemycircularvirus dichism1,
Gemycircularvirus,1542744,,3.29,,,,,,1.56,0.86,,,6.1,,,,140929.0,Lebeckia,Monodnaviria,Shotokuvirae,Cressdnaviricota,Repensiviricetes,Geplafuvirales,Genomoviridae,Gemycircularvirus,Gemycircularvirus lebec1,
Gemycircularvirus,1542744,,3.29,,,,,,1.56,0.86,,,6.1,,,,3366679.0,Asparagus sp.,Monodnaviria,Shotokuvirae,Cressdnaviricota,Repensiviricetes,Geplafuvirales,Genomoviridae,Gemycircularvirus,Gemycircularvirus aspar1,
Gemycircularvirus,1542744,,3.29,,,,,,1.56,0.86,,,6.1,,,,58643.0,Hypochaeris,Monodnaviria,Shotokuvirae,Cressdnaviricota,Repensiviricetes,Geplafuvirales,Genomoviridae,Gemycircularvirus,Gemycircularvirus trilo1,
Gemycircularvirus,1542744,,3.29,,,,,,1.56,0.86,,,6.1,,,,3446230.0,Opuntia sp.,Monodnaviria,Shotokuvirae,Cressdnaviricota,Repensiviricetes,Geplafuvirales,Genomoviridae,Gemycircularvirus,Gemycircularvirus opunt1,
Gemycircularvirus,1542744,,3.29,,,,,,1.56,0.86,,,6.1,,,,4479.0,Poaceae,Monodnaviria,Shotokuvirae,Cressdnaviricota,Repensiviricetes,Geplafuvirales,Genomoviridae,Gemycircularvirus,Gemycircularvirus poass1,
Gemycircularvirus,1542744,,3.29,,,,,,1.56,0.86,,,6.1,,,,240436.0,Urochloa deflexa,Monodnaviria,Shotokuvirae,Cressdnaviricota,Repensiviricetes,Geplafuvirales,Genomoviridae,Gemycircularvirus,Gemycircularvirus poass1,
Gemycircularvirus,1542744,,3.29,,,,,,1.56,0.86,,,6.1,,,,48891.0,Poecile atricapillus,Monodnaviria,Shotokuvirae,Cressdnaviricota,Repensiviricetes,Geplafuvirales,Genomoviridae,Gemycircularvirus,Gemycircularvirus chickad1,
Gemycircularvirus,1542744,,3.29,,,,,,1.56,0.86,,,6.1,,,,5180.0,Sclerotinia sclerotiorum,Monodnaviria,Shotokuvirae,Cressdnaviricota,Repensiviricetes,Geplafuvirales,Genomoviridae,Gemycircularvirus,Gemycircularvirus sclero1,
Gemycircularvirus,1542744,,3.29,,,,,,1.56,0.86,,,6.1,,,,1698887.0,Neriene litigiosa,Monodnaviria,Shotokuvirae,Cressdnaviricota,Repensiviricetes,Geplafuvirales,Genomoviridae,Gemycircularvirus,Gemycircularvirus siedo1,
Gemycircularvirus,1542744,,3.29,,,,,,1.56,0.86,,,6.1,,,,3847.0,Glycine max,Monodnaviria,Shotokuvirae,Cressdnaviricota,Repensiviricetes,Geplafuvirales,Genomoviridae,Gemycircularvirus,Gemycircularvirus soybe1,
Gemycircularvirus,1542744,,3.29,,,,,,1.56,0.86,,,6.1,,,,6893.0,Araneae,Monodnaviria,Shotokuvirae,Cressdnaviricota,Repensiviricetes,Geplafuvirales,Genomoviridae,Gemycircularvirus,Gemycircularvirus cybusi1,
Gemycircularvirus,1542744,,3.29,,,,,,1.56,0.86,,,6.1,,,,60587.0,Odontotermes,Monodnaviria,Shotokuvirae,Cressdnaviricota,Repensiviricetes,Geplafuvirales,Genomoviridae,Gemycircularvirus,Gemycircularvirus termi1,
Gemycircularvirus,1542744,,3.29,,,,,,1.56,0.86,,,6.1,,,,146804.0,Echinothrips americanus,Monodnaviria,Shotokuvirae,Cressdnaviricota,Repensiviricetes,Geplafuvirales,Genomoviridae,Gemycircularvirus,Gemycircularvirus echiam1,
Gemycircularvirus,1542744,,3.29,,,,,,1.56,0.86,,,6.1,,,,34621.0,Dermacentor variabilis,Monodnaviria,Shotokuvirae,Cressdnaviricota,Repensiviricetes,Geplafuvirales,Genomoviridae,Gemycircularvirus,Gemycircularvirus derva1,
Gemycircularvirus,1542744,,3.29,,,,,,1.56,0.86,,,6.1,,,,6945.0,Ixodes scapularis,Monodnaviria,Shotokuvirae,Cressdnaviricota,Repensiviricetes,Geplafuvirales,Genomoviridae,Gemycircularvirus,Gemycircularvirus ixode1,
Gemycircularvirus,1542744,,3.29,,,,,,1.56,0.86,,,6.1,,,,38772.0,Gopherus agassizii,Monodnaviria,Shotokuvirae,Cressdnaviricota,Repensiviricetes,Geplafuvirales,Genomoviridae,Gemycircularvirus,Gemycircularvirus gopha2,
Cheoctovirus,1623281,0.89,,,,,,1.11,,,,,1.35,,,0.4,1763.0,Mycobacterium,Duplodnaviria,Heunggongvirae,Uroviricota,Caudoviricetes,Caudoviricetes incertae sedis,Cheoctovirus,unclassified Cheoctovirus,,dsDNA
Cheoctovirus,1623281,0.89,,,,,,1.11,,,,,1.35,,,0.4,246196.0,Mycolicibacterium smegmatis MC2 155,Duplodnaviria,Heunggongvirae,Uroviricota,Caudoviricetes,Caudoviricetes incertae sedis,Cheoctovirus,unclassified Cheoctovirus,,dsDNA
Cheoctovirus,1623281,0.89,,,,,,1.11,,,,,1.35,,,0.4,1763.0,Mycobacterium,Duplodnaviria,Heunggongvirae,Uroviricota,Caudoviricetes,Caudoviricetes incertae sedis,Cheoctovirus,Cheoctovirus arcusangelus,,dsDNA
Cheoctovirus,1623281,0.89,,,,,,1.11,,,,,1.35,,,0.4,1763.0,Mycobacterium,Duplodnaviria,Heunggongvirae,Uroviricota,Caudoviricetes,Caudoviricetes incertae sedis,Cheoctovirus,Cheoctovirus ardmore,Mycobacterium virus Ardmore,dsDNA
Cheoctovirus,1623281,0.89,,,,,,1.11,,,,,1.35,,,0.4,246196.0,Mycolicibacterium smegmatis MC2 155,Duplodnaviria,Heunggongvirae,Uroviricota,Caudoviricetes,Caudoviricetes incertae sedis,Cheoctovirus,Cheoctovirus batiatus,,dsDNA
Cheoctovirus,1623281,0.89,,,,,,1.11,,,,,1.35,,,0.4,1763.0,Mycobacterium,Duplodnaviria,Heunggongvirae,Uroviricota,Caudoviricetes,Caudoviricetes incertae sedis,Cheoctovirus,Cheoctovirus blexus,,dsDNA
Cheoctovirus,1623281,0.89,,,,,,1.11,,,,,1.35,,,0.4,246196.0,Mycolicibacterium smegmatis MC2 155,Duplodnaviria,Heunggongvirae,Uroviricota,Caudoviricetes,Caudoviricetes incertae sedis,Cheoctovirus,Cheoctovirus bobaphett,,dsDNA
Cheoctovirus,1623281,0.89,,,,,,1.11,,,,,1.35,,,0.4,246196.0,Mycolicibacterium smegmatis MC2 155,Duplodnaviria,Heunggongvirae,Uroviricota,Caudoviricetes,Caudoviricetes incertae sedis,Cheoctovirus,Cheoctovirus bodeinwohner17,,dsDNA
Cheoctovirus,1623281,0.89,,,,,,1.11,,,,,1.35,,,0.4,1763.0,Mycobacterium,Duplodnaviria,Heunggongvirae,Uroviricota,Caudoviricetes,Caudoviricetes incertae sedis,Cheoctovirus,Cheoctovirus boomer,Mycobacterium virus Boomer,dsDNA
Cheoctovirus,1623281,0.89,,,,,,1.11,,,,,1.35,,,0.4,246196.0,Mycolicibacterium smegmatis MC2 155,Duplodnaviria,Heunggongvirae,Uroviricota,Caudoviricetes,Caudoviricetes incertae sedis,Cheoctovirus,Cheoctovirus boomer,Mycobacterium virus Boomer,dsDNA
Cheoctovirus,1623281,0.89,,,,,,1.11,,,,,1.35,,,0.4,246196.0,Mycolicibacterium smegmatis MC2 155,Duplodnaviria,Heunggongvirae,Uroviricota,Caudoviricetes,Caudoviricetes incertae sedis,Cheoctovirus,Cheoctovirus bubbles123,,dsDNA
Cheoctovirus,1623281,0.89,,,,,,1.11,,,,,1.35,,,0.4,246196.0,Mycolicibacterium smegmatis MC2 155,Duplodnaviria,Heunggongvirae,Uroviricota,Caudoviricetes,Caudoviricetes incertae sedis,Cheoctovirus,Cheoctovirus burwell21,,dsDNA
Cheoctovirus,1623281,0.89,,,,,,1.11,,,,,1.35,,,0.4,246196.0,Mycolicibacterium smegmatis MC2 155,Duplodnaviria,Heunggongvirae,Uroviricota,Caudoviricetes,Caudoviricetes incertae sedis,Cheoctovirus,Cheoctovirus buzzlyseyear,,dsDNA
Cheoctovirus,1623281,0.89,,,,,,1.11,,,,,1.35,,,0.4,246196.0,Mycolicibacterium smegmatis MC2 155,Duplodnaviria,Heunggongvirae,Uroviricota,Caudoviricetes,Caudoviricetes incertae sedis,Cheoctovirus,Cheoctovirus byougenkin,,dsDNA
Cheoctovirus,1623281,0.89,,,,,,1.11,,,,,1.35,,,0.4,246196.0,Mycolicibacterium smegmatis MC2 155,Duplodnaviria,Heunggongvirae,Uroviricota,Caudoviricetes,Caudoviricetes incertae sedis,Cheoctovirus,Cheoctovirus captaintrips,,dsDNA
Cheoctovirus,1623281,0.89,,,,,,1.11,,,,,1.35,,,0.4,1763.0,Mycobacterium,Duplodnaviria,Heunggongvirae,Uroviricota,Caudoviricetes,Caudoviricetes incertae sedis,Cheoctovirus,Cheoctovirus che8,Mycobacterium virus Che8,dsDNA
Cheoctovirus,1623281,0.89,,,,,,1.11,,,,,1.35,,,0.4,246196.0,Mycolicibacterium smegmatis MC2 155,Duplodnaviria,Heunggongvirae,Uroviricota,Caudoviricetes,Caudoviricetes incertae sedis,Cheoctovirus,Cheoctovirus chuckly,,dsDNA
Cheoctovirus,1623281,0.89,,,,,,1.11,,,,,1.35,,,0.4,246196.0,Mycolicibacterium smegmatis MC2 155,Duplodnaviria,Heunggongvirae,Uroviricota,Caudoviricetes,Caudoviricetes incertae sedis,Cheoctovirus,Cheoctovirus dante,,dsDNA
Cheoctovirus,1623281,0.89,,,,,,1.11,,,,,1.35,,,0.4,246196.0,Mycolicibacterium smegmatis MC2 155,Duplodnaviria,Heunggongvirae,Uroviricota,Caudoviricetes,Caudoviricetes incertae sedis,Cheoctovirus,Cheoctovirus deadp,Mycobacterium virus DeadP,dsDNA
Cheoctovirus,1623281,0.89,,,,,,1.11,,,,,1.35,,,0.4,246196.0,Mycolicibacterium smegmatis MC2 155,Duplodnaviria,Heunggongvirae,Uroviricota,Caudoviricetes,Caudoviricetes incertae sedis,Cheoctovirus,Cheoctovirus dilltech15,,dsDNA
Cheoctovirus,1623281,0.89,,,,,,1.11,,,,,1.35,,,0.4,1763.0,Mycobacterium,Duplodnaviria,Heunggongvirae,Uroviricota,Caudoviricetes,Caudoviricetes incertae sedis,Cheoctovirus,Cheoctovirus drago,Mycobacterium virus Drago,dsDNA
Cheoctovirus,1623281,0.89,,,,,,1.11,,,,,1.35,,,0.4,246196.0,Mycolicibacterium smegmatis MC2 155,Duplodnaviria,Heunggongvirae,Uroviricota,Caudoviricetes,Caudoviricetes incertae sedis,Cheoctovirus,Cheoctovirus dlane,Mycobacterium virus Dlane,dsDNA
Cheoctovirus,1623281,0.89,,,,,,1.11,,,,,1.35,,,0.4,246196.0,Mycolicibacterium smegmatis MC2 155,Duplodnaviria,Heunggongvirae,Uroviricota,Caudoviricetes,Caudoviricetes incertae sedis,Cheoctovirus,Cheoctovirus donkeykong,,dsDNA
Cheoctovirus,1623281,0.89,,,,,,1.11,,,,,1.35,,,0.4,246196.0,Mycolicibacterium smegmatis MC2 155,Duplodnaviria,Heunggongvirae,Uroviricota,Caudoviricetes,Caudoviricetes incertae sedis,Cheoctovirus,Cheoctovirus dorothy,Mycobacterium virus Dorothy,dsDNA
Cheoctovirus,1623281,0.89,,,,,,1.11,,,,,1.35,,,0.4,246196.0,Mycolicibacterium smegmatis MC2 155,Duplodnaviria,Heunggongvirae,Uroviricota,Caudoviricetes,Caudoviricetes incertae sedis,Cheoctovirus,Cheoctovirus dotproduct,Mycobacterium virus DotProduct,dsDNA
Cheoctovirus,1623281,0.89,,,,,,1.11,,,,,1.35,,,0.4,1763.0,Mycobacterium,Duplodnaviria,Heunggongvirae,Uroviricota,Caudoviricetes,Caudoviricetes incertae sedis,Cheoctovirus,Cheoctovirus doug,,dsDNA
Cheoctovirus,1623281,0.89,,,,,,1.11,,,,,1.35,,,0.4,246196.0,Mycolicibacterium smegmatis MC2 155,Duplodnaviria,Heunggongvirae,Uroviricota,Caudoviricetes,Caudoviricetes incertae sedis,Cheoctovirus,Cheoctovirus drago,Mycobacterium virus Drago,dsDNA
Cheoctovirus,1623281,0.89,,,,,,1.11,,,,,1.35,,,0.4,1763.0,Mycobacterium,Duplodnaviria,Heunggongvirae,Uroviricota,Caudoviricetes,Caudoviricetes incertae sedis,Cheoctovirus,Cheoctovirus DRBy19,,dsDNA
Cheoctovirus,1623281,0.89,,,,,,1.11,,,,,1.35,,,0.4,246196.0,Mycolicibacterium smegmatis MC2 155,Duplodnaviria,Heunggongvirae,Uroviricota,Caudoviricetes,Caudoviricetes incertae sedis,Cheoctovirus,Cheoctovirus eish,,dsDNA
Cheoctovirus,1623281,0.89,,,,,,1.11,,,,,1.35,,,0.4,1763.0,Mycobacterium,Duplodnaviria,Heunggongvirae,Uroviricota,Caudoviricetes,Caudoviricetes incertae sedis,Cheoctovirus,Cheoctovirus eleanorgeorge,,dsDNA
Cheoctovirus,1623281,0.89,,,,,,1.11,,,,,1.35,,,0.4,246196.0,Mycolicibacterium smegmatis MC2 155,Duplodnaviria,Heunggongvirae,Uroviricota,Caudoviricetes,Caudoviricetes incertae sedis,Cheoctovirus,Cheoctovirus emma,,dsDNA
Cheoctovirus,1623281,0.89,,,,,,1.11,,,,,1.35,,,0.4,246196.0,Mycolicibacterium smegmatis MC2 155,Duplodnaviria,Heunggongvirae,Uroviricota,Caudoviricetes,Caudoviricetes incertae sedis,Cheoctovirus,Cheoctovirus empress,,dsDNA
Cheoctovirus,1623281,0.89,,,,,,1.11,,,,,1.35,,,0.4,246196.0,Mycolicibacterium smegmatis MC2 155,Duplodnaviria,Heunggongvirae,Uroviricota,Caudoviricetes,Caudoviricetes incertae sedis,Cheoctovirus,Cheoctovirus estave1,,dsDNA
Cheoctovirus,1623281,0.89,,,,,,1.11,,,,,1.35,,,0.4,246196.0,Mycolicibacterium smegmatis MC2 155,Duplodnaviria,Heunggongvirae,Uroviricota,Caudoviricetes,Caudoviricetes incertae sedis,Cheoctovirus,Cheoctovirus fancypants,,dsDNA
Cheoctovirus,1623281,0.89,,,,,,1.11,,,,,1.35,,,0.4,246196.0,Mycolicibacterium smegmatis MC2 155,Duplodnaviria,Heunggongvirae,Uroviricota,Caudoviricetes,Caudoviricetes incertae sedis,Cheoctovirus,Cheoctovirus filuzino,,dsDNA
Cheoctovirus,1623281,0.89,,,,,,1.11,,,,,1.35,,,0.4,1763.0,Mycobacterium,Duplodnaviria,Heunggongvirae,Uroviricota,Caudoviricetes,Caudoviricetes incertae sedis,Cheoctovirus,Cheoctovirus firehouse51,,dsDNA
Cheoctovirus,1623281,0.89,,,,,,1.11,,,,,1.35,,,0.4,1763.0,Mycobacterium,Duplodnaviria,Heunggongvirae,Uroviricota,Caudoviricetes,Caudoviricetes incertae sedis,Cheoctovirus,Cheoctovirus florinda,,dsDNA
Cheoctovirus,1623281,0.89,,,,,,1.11,,,,,1.35,,,0.4,246196.0,Mycolicibacterium smegmatis MC2 155,Duplodnaviria,Heunggongvirae,Uroviricota,Caudoviricetes,Caudoviricetes incertae sedis,Cheoctovirus,Cheoctovirus florinda,,dsDNA
Cheoctovirus,1623281,0.89,,,,,,1.11,,,,,1.35,,,0.4,1771.0,Mycolicibacterium phlei,Duplodnaviria,Heunggongvirae,Uroviricota,Caudoviricetes,Caudoviricetes incertae sedis,Cheoctovirus,unclassified Cheoctovirus,,dsDNA
Cheoctovirus,1623281,0.89,,,,,,1.11,,,,,1.35,,,0.4,246196.0,Mycolicibacterium smegmatis MC2 155,Duplodnaviria,Heunggongvirae,Uroviricota,Caudoviricetes,Caudoviricetes incertae sedis,Cheoctovirus,Cheoctovirus fruitloop,Mycobacterium virus Fruitloop,dsDNA
Cheoctovirus,1623281,0.89,,,,,,1.11,,,,,1.35,,,0.4,246196.0,Mycolicibacterium smegmatis MC2 155,Duplodnaviria,Heunggongvirae,Uroviricota,Caudoviricetes,Caudoviricetes incertae sedis,Cheoctovirus,Cheoctovirus galactic,,dsDNA
Cheoctovirus,1623281,0.89,,,,,,1.11,,,,,1.35,,,0.4,246196.0,Mycolicibacterium smegmatis MC2 155,Duplodnaviria,Heunggongvirae,Uroviricota,Caudoviricetes,Caudoviricetes incertae sedis,Cheoctovirus,Cheoctovirus gandalph,,dsDNA
Cheoctovirus,1623281,0.89,,,,,,1.11,,,,,1.35,,,0.4,246196.0,Mycolicibacterium smegmatis MC2 155,Duplodnaviria,Heunggongvirae,Uroviricota,Caudoviricetes,Caudoviricetes incertae sedis,Cheoctovirus,Cheoctovirus geralt,,dsDNA
Cheoctovirus,1623281,0.89,,,,,,1.11,,,,,1.35,,,0.4,246196.0,Mycolicibacterium smegmatis MC2 155,Duplodnaviria,Heunggongvirae,Uroviricota,Caudoviricetes,Caudoviricetes incertae sedis,Cheoctovirus,Cheoctovirus girr,,dsDNA
Cheoctovirus,1623281,0.89,,,,,,1.11,,,,,1.35,,,0.4,1763.0,Mycobacterium,Duplodnaviria,Heunggongvirae,Uroviricota,Caudoviricetes,Caudoviricetes incertae sedis,Cheoctovirus,Cheoctovirus gorge,,dsDNA
Cheoctovirus,1623281,0.89,,,,,,1.11,,,,,1.35,,,0.4,246196.0,Mycolicibacterium smegmatis MC2 155,Duplodnaviria,Heunggongvirae,Uroviricota,Caudoviricetes,Caudoviricetes incertae sedis,Cheoctovirus,Cheoctovirus gumbie,Mycobacterium virus GUmbie,dsDNA
Cheoctovirus,1623281,0.89,,,,,,1.11,,,,,1.35,,,0.4,246196.0,Mycolicibacterium smegmatis MC2 155,Duplodnaviria,Heunggongvirae,Uroviricota,Caudoviricetes,Caudoviricetes incertae sedis,Cheoctovirus,Cheoctovirus hades,,dsDNA
Cheoctovirus,1623281,0.89,,,,,,1.11,,,,,1.35,,,0.4,1763.0,Mycobacterium,Duplodnaviria,Heunggongvirae,Uroviricota,Caudoviricetes,Caudoviricetes incertae sedis,Cheoctovirus,Cheoctovirus hamulus,,dsDNA
Cheoctovirus,1623281,0.89,,,,,,1.11,,,,,1.35,,,0.4,246196.0,Mycolicibacterium smegmatis MC2 155,Duplodnaviria,Heunggongvirae,Uroviricota,Caudoviricetes,Caudoviricetes incertae sedis,Cheoctovirus,Cheoctovirus hamulus,,dsDNA
Cheoctovirus,1623281,0.89,,,,,,1.11,,,,,1.35,,,0.4,246196.0,Mycolicibacterium smegmatis MC2 155,Duplodnaviria,Heunggongvirae,Uroviricota,Caudoviricetes,Caudoviricetes incertae sedis,Cheoctovirus,Cheoctovirus harley,,dsDNA
Cheoctovirus,1623281,0.89,,,,,,1.11,,,,,1.35,,,0.4,1763.0,Mycobacterium,Duplodnaviria,Heunggongvirae,Uroviricota,Caudoviricetes,Caudoviricetes incertae sedis,Cheoctovirus,Cheoctovirus hlubikazi,,dsDNA
Cheoctovirus,1623281,0.89,,,,,,1.11,,,,,1.35,,,0.4,246196.0,Mycolicibacterium smegmatis MC2 155,Duplodnaviria,Heunggongvirae,Uroviricota,Caudoviricetes,Caudoviricetes incertae sedis,Cheoctovirus,Cheoctovirus ibhubesi,Mycobacterium virus Ibhubesi,dsDNA
Cheoctovirus,1623281,0.89,,,,,,1.11,,,,,1.35,,,0.4,246196.0,Mycolicibacterium smegmatis MC2 155,Duplodnaviria,Heunggongvirae,Uroviricota,Caudoviricetes,Caudoviricetes incertae sedis,Cheoctovirus,Cheoctovirus inventum,,dsDNA
Cheoctovirus,1623281,0.89,,,,,,1.11,,,,,1.35,,,0.4,1763.0,Mycobacterium,Duplodnaviria,Heunggongvirae,Uroviricota,Caudoviricetes,Caudoviricetes incertae sedis,Cheoctovirus,Cheoctovirus joeyjr,,dsDNA
Cheoctovirus,1623281,0.89,,,,,,1.11,,,,,1.35,,,0.4,246196.0,Mycolicibacterium smegmatis MC2 155,Duplodnaviria,Heunggongvirae,Uroviricota,Caudoviricetes,Caudoviricetes incertae sedis,Cheoctovirus,Cheoctovirus kersh,,dsDNA
Cheoctovirus,1623281,0.89,,,,,,1.11,,,,,1.35,,,0.4,246196.0,Mycolicibacterium smegmatis MC2 155,Duplodnaviria,Heunggongvirae,Uroviricota,Caudoviricetes,Caudoviricetes incertae sedis,Cheoctovirus,Cheoctovirus kimberlium,,dsDNA
Cheoctovirus,1623281,0.89,,,,,,1.11,,,,,1.35,,,0.4,246196.0,Mycolicibacterium smegmatis MC2 155,Duplodnaviria,Heunggongvirae,Uroviricota,Caudoviricetes,Caudoviricetes incertae sedis,Cheoctovirus,Cheoctovirus krakatau,,dsDNA
Cheoctovirus,1623281,0.89,,,,,,1.11,,,,,1.35,,,0.4,246196.0,Mycolicibacterium smegmatis MC2 155,Duplodnaviria,Heunggongvirae,Uroviricota,Caudoviricetes,Caudoviricetes incertae sedis,Cheoctovirus,Cheoctovirus kristaram,,dsDNA
Cheoctovirus,1623281,0.89,,,,,,1.11,,,,,1.35,,,0.4,1763.0,Mycobacterium,Duplodnaviria,Heunggongvirae,Uroviricota,Caudoviricetes,Caudoviricetes incertae sedis,Cheoctovirus,Cheoctovirus lilmoolah,,dsDNA
Cheoctovirus,1623281,0.89,,,,,,1.11,,,,,1.35,,,0.4,246196.0,Mycolicibacterium smegmatis MC2 155,Duplodnaviria,Heunggongvirae,Uroviricota,Caudoviricetes,Caudoviricetes incertae sedis,Cheoctovirus,Cheoctovirus lizziana,,dsDNA
Cheoctovirus,1623281,0.89,,,,,,1.11,,,,,1.35,,,0.4,1763.0,Mycobacterium,Duplodnaviria,Heunggongvirae,Uroviricota,Caudoviricetes,Caudoviricetes incertae sedis,Cheoctovirus,Cheoctovirus llij,Mycobacterium virus Llij,dsDNA
Cheoctovirus,1623281,0.89,,,,,,1.11,,,,,1.35,,,0.4,246196.0,Mycolicibacterium smegmatis MC2 155,Duplodnaviria,Heunggongvirae,Uroviricota,Caudoviricetes,Caudoviricetes incertae sedis,Cheoctovirus,Cheoctovirus mahavrat,,dsDNA
Cheoctovirus,1623281,0.89,,,,,,1.11,,,,,1.35,,,0.4,246196.0,Mycolicibacterium smegmatis MC2 155,Duplodnaviria,Heunggongvirae,Uroviricota,Caudoviricetes,Caudoviricetes incertae sedis,Cheoctovirus,Cheoctovirus mantra,,dsDNA
Cheoctovirus,1623281,0.89,,,,,,1.11,,,,,1.35,,,0.4,246196.0,Mycolicibacterium smegmatis MC2 155,Duplodnaviria,Heunggongvirae,Uroviricota,Caudoviricetes,Caudoviricetes incertae sedis,Cheoctovirus,Cheoctovirus mattes,,dsDNA
Cheoctovirus,1623281,0.89,,,,,,1.11,,,,,1.35,,,0.4,1772.0,Mycolicibacterium smegmatis,Duplodnaviria,Heunggongvirae,Uroviricota,Caudoviricetes,Caudoviricetes incertae sedis,Cheoctovirus,unclassified Cheoctovirus,,dsDNA
Cheoctovirus,1623281,0.89,,,,,,1.11,,,,,1.35,,,0.4,246196.0,Mycolicibacterium smegmatis MC2 155,Duplodnaviria,Heunggongvirae,Uroviricota,Caudoviricetes,Caudoviricetes incertae sedis,Cheoctovirus,Cheoctovirus melissauren88,,dsDNA
Cheoctovirus,1623281,0.89,,,,,,1.11,,,,,1.35,,,0.4,246196.0,Mycolicibacterium smegmatis MC2 155,Duplodnaviria,Heunggongvirae,Uroviricota,Caudoviricetes,Caudoviricetes incertae sedis,Cheoctovirus,Cheoctovirus milleniumforce,,dsDNA
Cheoctovirus,1623281,0.89,,,,,,1.11,,,,,1.35,,,0.4,246196.0,Mycolicibacterium smegmatis MC2 155,Duplodnaviria,Heunggongvirae,Uroviricota,Caudoviricetes,Caudoviricetes incertae sedis,Cheoctovirus,Cheoctovirus miniondave,,dsDNA
Cheoctovirus,1623281,0.89,,,,,,1.11,,,,,1.35,,,0.4,246196.0,Mycolicibacterium smegmatis MC2 155,Duplodnaviria,Heunggongvirae,Uroviricota,Caudoviricetes,Caudoviricetes incertae sedis,Cheoctovirus,Cheoctovirus minnie,,dsDNA
Cheoctovirus,1623281,0.89,,,,,,1.11,,,,,1.35,,,0.4,1763.0,Mycobacterium,Duplodnaviria,Heunggongvirae,Uroviricota,Caudoviricetes,Caudoviricetes incertae sedis,Cheoctovirus,Cheoctovirus moonbeam,,dsDNA
Cheoctovirus,1623281,0.89,,,,,,1.11,,,,,1.35,,,0.4,246196.0,Mycolicibacterium smegmatis MC2 155,Duplodnaviria,Heunggongvirae,Uroviricota,Caudoviricetes,Caudoviricetes incertae sedis,Cheoctovirus,Cheoctovirus mozy,Mycobacterium virus Mozy,dsDNA
Cheoctovirus,1623281,0.89,,,,,,1.11,,,,,1.35,,,0.4,246196.0,Mycolicibacterium smegmatis MC2 155,Duplodnaviria,Heunggongvirae,Uroviricota,Caudoviricetes,Caudoviricetes incertae sedis,Cheoctovirus,Cheoctovirus mutaforma13,Mycobacterium virus Mutaforma13,dsDNA
Cheoctovirus,1623281,0.89,,,,,,1.11,,,,,1.35,,,0.4,1763.0,Mycobacterium,Duplodnaviria,Heunggongvirae,Uroviricota,Caudoviricetes,Caudoviricetes incertae sedis,Cheoctovirus,Cheoctovirus nitzel,,dsDNA
Cheoctovirus,1623281,0.89,,,,,,1.11,,,,,1.35,,,0.4,246196.0,Mycolicibacterium smegmatis MC2 155,Duplodnaviria,Heunggongvirae,Uroviricota,Caudoviricetes,Caudoviricetes incertae sedis,Cheoctovirus,Cheoctovirus nivrat,,dsDNA
Cheoctovirus,1623281,0.89,,,,,,1.11,,,,,1.35,,,0.4,246196.0,Mycolicibacterium smegmatis MC2 155,Duplodnaviria,Heunggongvirae,Uroviricota,Caudoviricetes,Caudoviricetes incertae sedis,Cheoctovirus,Cheoctovirus ochi17,,dsDNA
Cheoctovirus,1623281,0.89,,,,,,1.11,,,,,1.35,,,0.4,246196.0,Mycolicibacterium smegmatis MC2 155,Duplodnaviria,Heunggongvirae,Uroviricota,Caudoviricetes,Caudoviricetes incertae sedis,Cheoctovirus,Cheoctovirus oldben,,dsDNA
Cheoctovirus,1623281,0.89,,,,,,1.11,,,,,1.35,,,0.4,1763.0,Mycobacterium,Duplodnaviria,Heunggongvirae,Uroviricota,Caudoviricetes,Caudoviricetes incertae sedis,Cheoctovirus,Cheoctovirus olympiasaint,,dsDNA
Cheoctovirus,1623281,0.89,,,,,,1.11,,,,,1.35,,,0.4,246196.0,Mycolicibacterium smegmatis MC2 155,Duplodnaviria,Heunggongvirae,Uroviricota,Caudoviricetes,Caudoviricetes incertae sedis,Cheoctovirus,Cheoctovirus ovechkin,,dsDNA
Cheoctovirus,1623281,0.89,,,,,,1.11,,,,,1.35,,,0.4,246196.0,Mycolicibacterium smegmatis MC2 155,Duplodnaviria,Heunggongvirae,Uroviricota,Caudoviricetes,Caudoviricetes incertae sedis,Cheoctovirus,Cheoctovirus owlsT2W,,dsDNA
Cheoctovirus,1623281,0.89,,,,,,1.11,,,,,1.35,,,0.4,246196.0,Mycolicibacterium smegmatis MC2 155,Duplodnaviria,Heunggongvirae,Uroviricota,Caudoviricetes,Caudoviricetes incertae sedis,Cheoctovirus,Cheoctovirus pacc40,Mycobacterium virus Pacc40,dsDNA
Cheoctovirus,1623281,0.89,,,,,,1.11,,,,,1.35,,,0.4,246196.0,Mycolicibacterium smegmatis MC2 155,Duplodnaviria,Heunggongvirae,Uroviricota,Caudoviricetes,Caudoviricetes incertae sedis,Cheoctovirus,Cheoctovirus shauna1,Mycobacterium virus Shauna1,dsDNA
Cheoctovirus,1623281,0.89,,,,,,1.11,,,,,1.35,,,0.4,246196.0,Mycolicibacterium smegmatis MC2 155,Duplodnaviria,Heunggongvirae,Uroviricota,Caudoviricetes,Caudoviricetes incertae sedis,Cheoctovirus,Cheoctovirus phasih,,dsDNA
Cheoctovirus,1623281,0.89,,,,,,1.11,,,,,1.35,,,0.4,246196.0,Mycolicibacterium smegmatis MC2 155,Duplodnaviria,Heunggongvirae,Uroviricota,Caudoviricetes,Caudoviricetes incertae sedis,Cheoctovirus,Cheoctovirus phatniss,,dsDNA
Cheoctovirus,1623281,0.89,,,,,,1.11,,,,,1.35,,,0.4,1763.0,Mycobacterium,Duplodnaviria,Heunggongvirae,Uroviricota,Caudoviricetes,Caudoviricetes incertae sedis,Cheoctovirus,Cheoctovirus plumbus,,dsDNA
Cheoctovirus,1623281,0.89,,,,,,1.11,,,,,1.35,,,0.4,1763.0,Mycobacterium,Duplodnaviria,Heunggongvirae,Uroviricota,Caudoviricetes,Caudoviricetes incertae sedis,Cheoctovirus,Cheoctovirus PMC,Mycobacterium virus PMC,dsDNA
Cheoctovirus,1623281,0.89,,,,,,1.11,,,,,1.35,,,0.4,246196.0,Mycolicibacterium smegmatis MC2 155,Duplodnaviria,Heunggongvirae,Uroviricota,Caudoviricetes,Caudoviricetes incertae sedis,Cheoctovirus,Cheoctovirus poenanya,,dsDNA
Cheoctovirus,1623281,0.89,,,,,,1.11,,,,,1.35,,,0.4,246196.0,Mycolicibacterium smegmatis MC2 155,Duplodnaviria,Heunggongvirae,Uroviricota,Caudoviricetes,Caudoviricetes incertae sedis,Cheoctovirus,Cheoctovirus polka14,,dsDNA
Cheoctovirus,1623281,0.89,,,,,,1.11,,,,,1.35,,,0.4,246196.0,Mycolicibacterium smegmatis MC2 155,Duplodnaviria,Heunggongvirae,Uroviricota,Caudoviricetes,Caudoviricetes incertae sedis,Cheoctovirus,Cheoctovirus poptart,,dsDNA
Cheoctovirus,1623281,0.89,,,,,,1.11,,,,,1.35,,,0.4,246196.0,Mycolicibacterium smegmatis MC2 155,Duplodnaviria,Heunggongvirae,Uroviricota,Caudoviricetes,Caudoviricetes incertae sedis,Cheoctovirus,Cheoctovirus priscilla,,dsDNA
Cheoctovirus,1623281,0.89,,,,,,1.11,,,,,1.35,,,0.4,1763.0,Mycobacterium,Duplodnaviria,Heunggongvirae,Uroviricota,Caudoviricetes,Caudoviricetes incertae sedis,Cheoctovirus,Cheoctovirus quickmath,,dsDNA
Cheoctovirus,1623281,0.89,,,,,,1.11,,,,,1.35,,,0.4,246196.0,Mycolicibacterium smegmatis MC2 155,Duplodnaviria,Heunggongvirae,Uroviricota,Caudoviricetes,Caudoviricetes incertae sedis,Cheoctovirus,Cheoctovirus ramsey,Mycobacterium virus Ramsey,dsDNA
Cheoctovirus,1623281,0.89,,,,,,1.11,,,,,1.35,,,0.4,246196.0,Mycolicibacterium smegmatis MC2 155,Duplodnaviria,Heunggongvirae,Uroviricota,Caudoviricetes,Caudoviricetes incertae sedis,Cheoctovirus,Cheoctovirus ritaG,,dsDNA
Cheoctovirus,1623281,0.89,,,,,,1.11,,,,,1.35,,,0.4,246196.0,Mycolicibacterium smegmatis MC2 155,Duplodnaviria,Heunggongvirae,Uroviricota,Caudoviricetes,Caudoviricetes incertae sedis,Cheoctovirus,Cheoctovirus rockyhorror,Mycobacterium virus RockyHorror,dsDNA
Cheoctovirus,1623281,0.89,,,,,,1.11,,,,,1.35,,,0.4,246196.0,Mycolicibacterium smegmatis MC2 155,Duplodnaviria,Heunggongvirae,Uroviricota,Caudoviricetes,Caudoviricetes incertae sedis,Cheoctovirus,Cheoctovirus royals2015,,dsDNA
Cheoctovirus,1623281,0.89,,,,,,1.11,,,,,1.35,,,0.4,246196.0,Mycolicibacterium smegmatis MC2 155,Duplodnaviria,Heunggongvirae,Uroviricota,Caudoviricetes,Caudoviricetes incertae sedis,Cheoctovirus,Cheoctovirus saal,,dsDNA
Cheoctovirus,1623281,0.89,,,,,,1.11,,,,,1.35,,,0.4,246196.0,Mycolicibacterium smegmatis MC2 155,Duplodnaviria,Heunggongvirae,Uroviricota,Caudoviricetes,Caudoviricetes incertae sedis,Cheoctovirus,Cheoctovirus sandalphon,,dsDNA
Cheoctovirus,1623281,0.89,,,,,,1.11,,,,,1.35,,,0.4,246196.0,Mycolicibacterium smegmatis MC2 155,Duplodnaviria,Heunggongvirae,Uroviricota,Caudoviricetes,Caudoviricetes incertae sedis,Cheoctovirus,Cheoctovirus SG4,Mycobacterium virus SG4,dsDNA
Cheoctovirus,1623281,0.89,,,,,,1.11,,,,,1.35,,,0.4,246196.0,Mycolicibacterium smegmatis MC2 155,Duplodnaviria,Heunggongvirae,Uroviricota,Caudoviricetes,Caudoviricetes incertae sedis,Cheoctovirus,Cheoctovirus shilan,Mycobacterium virus Shilan,dsDNA
Cheoctovirus,1623281,0.89,,,,,,1.11,,,,,1.35,,,0.4,246196.0,Mycolicibacterium smegmatis MC2 155,Duplodnaviria,Heunggongvirae,Uroviricota,Caudoviricetes,Caudoviricetes incertae sedis,Cheoctovirus,Cheoctovirus sisi,,dsDNA
Cheoctovirus,1623281,0.89,,,,,,1.11,,,,,1.35,,,0.4,246196.0,Mycolicibacterium smegmatis MC2 155,Duplodnaviria,Heunggongvirae,Uroviricota,Caudoviricetes,Caudoviricetes incertae sedis,Cheoctovirus,Cheoctovirus sparkdehlily,,dsDNA
Cheoctovirus,1623281,0.89,,,,,,1.11,,,,,1.35,,,0.4,246196.0,Mycolicibacterium smegmatis MC2 155,Duplodnaviria,Heunggongvirae,Uroviricota,Caudoviricetes,Caudoviricetes incertae sedis,Cheoctovirus,Cheoctovirus spartacus,Mycobacterium virus Spartacus,dsDNA
Cheoctovirus,1623281,0.89,,,,,,1.11,,,,,1.35,,,0.4,1763.0,Mycobacterium,Duplodnaviria,Heunggongvirae,Uroviricota,Caudoviricetes,Caudoviricetes incertae sedis,Cheoctovirus,Cheoctovirus spikelee,,dsDNA
Cheoctovirus,1623281,0.89,,,,,,1.11,,,,,1.35,,,0.4,246196.0,Mycolicibacterium smegmatis MC2 155,Duplodnaviria,Heunggongvirae,Uroviricota,Caudoviricetes,Caudoviricetes incertae sedis,Cheoctovirus,Cheoctovirus spoonbill,,dsDNA
Cheoctovirus,1623281,0.89,,,,,,1.11,,,,,1.35,,,0.4,246196.0,Mycolicibacterium smegmatis MC2 155,Duplodnaviria,Heunggongvirae,Uroviricota,Caudoviricetes,Caudoviricetes incertae sedis,Cheoctovirus,Cheoctovirus supergrey,,dsDNA
Cheoctovirus,1623281,0.89,,,,,,1.11,,,,,1.35,,,0.4,1763.0,Mycobacterium,Duplodnaviria,Heunggongvirae,Uroviricota,Caudoviricetes,Caudoviricetes incertae sedis,Cheoctovirus,Cheoctovirus swagpigglett,,dsDNA
Cheoctovirus,1623281,0.89,,,,,,1.11,,,,,1.35,,,0.4,246196.0,Mycolicibacterium smegmatis MC2 155,Duplodnaviria,Heunggongvirae,Uroviricota,Caudoviricetes,Caudoviricetes incertae sedis,Cheoctovirus,Cheoctovirus taj,Mycobacterium virus Taj,dsDNA
Cheoctovirus,1623281,0.89,,,,,,1.11,,,,,1.35,,,0.4,1763.0,Mycobacterium,Duplodnaviria,Heunggongvirae,Uroviricota,Caudoviricetes,Caudoviricetes incertae sedis,Cheoctovirus,Cheoctovirus tweety,Mycobacterium virus Tweety,dsDNA
Cheoctovirus,1623281,0.89,,,,,,1.11,,,,,1.35,,,0.4,246196.0,Mycolicibacterium smegmatis MC2 155,Duplodnaviria,Heunggongvirae,Uroviricota,Caudoviricetes,Caudoviricetes incertae sedis,Cheoctovirus,Cheoctovirus veteran,,dsDNA
Cheoctovirus,1623281,0.89,,,,,,1.11,,,,,1.35,,,0.4,246196.0,Mycolicibacterium smegmatis MC2 155,Duplodnaviria,Heunggongvirae,Uroviricota,Caudoviricetes,Caudoviricetes incertae sedis,Cheoctovirus,Cheoctovirus wachhund,,dsDNA
Cheoctovirus,1623281,0.89,,,,,,1.11,,,,,1.35,,,0.4,1763.0,Mycobacterium,Duplodnaviria,Heunggongvirae,Uroviricota,Caudoviricetes,Caudoviricetes incertae sedis,Cheoctovirus,Cheoctovirus wee,Mycobacterium virus Wee,dsDNA
Cheoctovirus,1623281,0.89,,,,,,1.11,,,,,1.35,,,0.4,246196.0,Mycolicibacterium smegmatis MC2 155,Duplodnaviria,Heunggongvirae,Uroviricota,Caudoviricetes,Caudoviricetes incertae sedis,Cheoctovirus,Cheoctovirus wee,Mycobacterium virus Wee,dsDNA
Cheoctovirus,1623281,0.89,,,,,,1.11,,,,,1.35,,,0.4,246196.0,Mycolicibacterium smegmatis MC2 155,Duplodnaviria,Heunggongvirae,Uroviricota,Caudoviricetes,Caudoviricetes incertae sedis,Cheoctovirus,Cheoctovirus whouxphf,,dsDNA
Cheoctovirus,1623281,0.89,,,,,,1.11,,,,,1.35,,,0.4,246196.0,Mycolicibacterium smegmatis MC2 155,Duplodnaviria,Heunggongvirae,Uroviricota,Caudoviricetes,Caudoviricetes incertae sedis,Cheoctovirus,Cheoctovirus willsterrel,,dsDNA
Cheoctovirus,1623281,0.89,,,,,,1.11,,,,,1.35,,,0.4,246196.0,Mycolicibacterium smegmatis MC2 155,Duplodnaviria,Heunggongvirae,Uroviricota,Caudoviricetes,Caudoviricetes incertae sedis,Cheoctovirus,Cheoctovirus xfactor,,dsDNA
Cheoctovirus,1623281,0.89,,,,,,1.11,,,,,1.35,,,0.4,246196.0,Mycolicibacterium smegmatis MC2 155,Duplodnaviria,Heunggongvirae,Uroviricota,Caudoviricetes,Caudoviricetes incertae sedis,Cheoctovirus,Cheoctovirus zerg,,dsDNA
Liefievirus,1623288,0.13,,,,,,,,,,,,,,,246196.0,Mycolicibacterium smegmatis MC2 155,Duplodnaviria,Heunggongvirae,Uroviricota,Caudoviricetes,Caudoviricetes incertae sedis,Liefievirus,Liefievirus halo,Mycobacterium virus Halo,dsDNA
Liefievirus,1623288,0.13,,,,,,,,,,,,,,,246196.0,Mycolicibacterium smegmatis MC2 155,Duplodnaviria,Heunggongvirae,Uroviricota,Caudoviricetes,Caudoviricetes incertae sedis,Liefievirus,unclassified Liefievirus,,dsDNA
Liefievirus,1623288,0.13,,,,,,,,,,,,,,,1763.0,Mycobacterium,Duplodnaviria,Heunggongvirae,Uroviricota,Caudoviricetes,Caudoviricetes incertae sedis,Liefievirus,unclassified Liefievirus,,dsDNA
Liefievirus,1623288,0.13,,,,,,,,,,,,,,,1773.0,Mycobacterium tuberculosis,Duplodnaviria,Heunggongvirae,Uroviricota,Caudoviricetes,Caudoviricetes incertae sedis,Liefievirus,unclassified Liefievirus,,dsDNA
Liefievirus,1623288,0.13,,,,,,,,,,,,,,,1785.0,Mycobacterium sp.,Duplodnaviria,Heunggongvirae,Uroviricota,Caudoviricetes,Caudoviricetes incertae sedis,Liefievirus,unclassified Liefievirus,,dsDNA
Liefievirus,1623288,0.13,,,,,,,,,,,,,,,1763.0,Mycobacterium,Duplodnaviria,Heunggongvirae,Uroviricota,Caudoviricetes,Caudoviricetes incertae sedis,Liefievirus,Liefievirus grizzly,,dsDNA
Liefievirus,1623288,0.13,,,,,,,,,,,,,,,1763.0,Mycobacterium,Duplodnaviria,Heunggongvirae,Uroviricota,Caudoviricetes,Caudoviricetes incertae sedis,Liefievirus,Liefievirus halo,Mycobacterium virus Halo,dsDNA
Liefievirus,1623288,0.13,,,,,,,,,,,,,,,85007.0,Mycobacteriales,Duplodnaviria,Heunggongvirae,Uroviricota,Caudoviricetes,Caudoviricetes incertae sedis,Liefievirus,Liefievirus halo,Mycobacterium virus Halo,dsDNA
Liefievirus,1623288,0.13,,,,,,,,,,,,,,,246196.0,Mycolicibacterium smegmatis MC2 155,Duplodnaviria,Heunggongvirae,Uroviricota,Caudoviricetes,Caudoviricetes incertae sedis,Liefievirus,Liefievirus liefie,Mycobacterium virus Liefie,dsDNA
Liefievirus,1623288,0.13,,,,,,,,,,,,,,,1772.0,Mycolicibacterium smegmatis,Duplodnaviria,Heunggongvirae,Uroviricota,Caudoviricetes,Caudoviricetes incertae sedis,Liefievirus,unclassified Liefievirus,,dsDNA
Liefievirus,1623288,0.13,,,,,,,,,,,,,,,1763.0,Mycobacterium,Duplodnaviria,Heunggongvirae,Uroviricota,Caudoviricetes,Caudoviricetes incertae sedis,Liefievirus,Liefievirus paito,,dsDNA
Liefievirus,1623288,0.13,,,,,,,,,,,,,,,1763.0,Mycobacterium,Duplodnaviria,Heunggongvirae,Uroviricota,Caudoviricetes,Caudoviricetes incertae sedis,Liefievirus,Liefievirus rabbs,,dsDNA
Liefievirus,1623288,0.13,,,,,,,,,,,,,,,246196.0,Mycolicibacterium smegmatis MC2 155,Duplodnaviria,Heunggongvirae,Uroviricota,Caudoviricetes,Caudoviricetes incertae sedis,Liefievirus,Liefievirus taheera,,dsDNA
Skunavirus,1623305,0.22,,,0.01,0.37,,0.45,1.44,,0.37,0.99,,,,0.18,1358.0,Lactococcus lactis,Duplodnaviria,Heunggongvirae,Uroviricota,Caudoviricetes,Caudoviricetes incertae sedis,Skunavirus,unclassified Skunavirus,,dsDNA
Skunavirus,1623305,0.22,,,0.01,0.37,,0.45,1.44,,0.37,0.99,,,,0.18,1358.0,Lactococcus lactis,Duplodnaviria,Heunggongvirae,Uroviricota,Caudoviricetes,Caudoviricetes incertae sedis,Skunavirus,Skunavirus p272,,dsDNA
Skunavirus,1623305,0.22,,,0.01,0.37,,0.45,1.44,,0.37,0.99,,,,0.18,1358.0,Lactococcus lactis,Duplodnaviria,Heunggongvirae,Uroviricota,Caudoviricetes,Caudoviricetes incertae sedis,Skunavirus,Skunavirus P475,,dsDNA
Skunavirus,1623305,0.22,,,0.01,0.37,,0.45,1.44,,0.37,0.99,,,,0.18,1358.0,Lactococcus lactis,Duplodnaviria,Heunggongvirae,Uroviricota,Caudoviricetes,Caudoviricetes incertae sedis,Skunavirus,Skunavirus sv05601,,dsDNA
Skunavirus,1623305,0.22,,,0.01,0.37,,0.45,1.44,,0.37,0.99,,,,0.18,1358.0,Lactococcus lactis,Duplodnaviria,Heunggongvirae,Uroviricota,Caudoviricetes,Caudoviricetes incertae sedis,Skunavirus,Skunavirus sv10W18,,dsDNA
Skunavirus,1623305,0.22,,,0.01,0.37,,0.45,1.44,,0.37,0.99,,,,0.18,1358.0,Lactococcus lactis,Duplodnaviria,Heunggongvirae,Uroviricota,Caudoviricetes,Caudoviricetes incertae sedis,Skunavirus,Skunavirus sv3R16S,,dsDNA
Skunavirus,1623305,0.22,,,0.01,0.37,,0.45,1.44,,0.37,0.99,,,,0.18,1359.0,Lactococcus cremoris,Duplodnaviria,Heunggongvirae,Uroviricota,Caudoviricetes,Caudoviricetes incertae sedis,Skunavirus,Skunavirus sv3R16S,,dsDNA
Skunavirus,1623305,0.22,,,0.01,0.37,,0.45,1.44,,0.37,0.99,,,,0.18,1359.0,Lactococcus cremoris,Duplodnaviria,Heunggongvirae,Uroviricota,Caudoviricetes,Caudoviricetes incertae sedis,Skunavirus,Skunavirus sv13W11L,,dsDNA
Skunavirus,1623305,0.22,,,0.01,0.37,,0.45,1.44,,0.37,0.99,,,,0.18,1358.0,Lactococcus lactis,Duplodnaviria,Heunggongvirae,Uroviricota,Caudoviricetes,Caudoviricetes incertae sedis,Skunavirus,Skunavirus sv13W11L,,dsDNA
Skunavirus,1623305,0.22,,,0.01,0.37,,0.45,1.44,,0.37,0.99,,,,0.18,1358.0,Lactococcus lactis,Duplodnaviria,Heunggongvirae,Uroviricota,Caudoviricetes,Caudoviricetes incertae sedis,Skunavirus,Skunavirus sv16802,,dsDNA
Skunavirus,1623305,0.22,,,0.01,0.37,,0.45,1.44,,0.37,0.99,,,,0.18,1358.0,Lactococcus lactis,Duplodnaviria,Heunggongvirae,Uroviricota,Caudoviricetes,Caudoviricetes incertae sedis,Skunavirus,Skunavirus sv16W23,,dsDNA
Skunavirus,1623305,0.22,,,0.01,0.37,,0.45,1.44,,0.37,0.99,,,,0.18,44688.0,Lactococcus lactis subsp. lactis bv. diacetylactis,Duplodnaviria,Heunggongvirae,Uroviricota,Caudoviricetes,Caudoviricetes incertae sedis,Skunavirus,Skunavirus sv16W23,,dsDNA
Skunavirus,1623305,0.22,,,0.01,0.37,,0.45,1.44,,0.37,0.99,,,,0.18,44688.0,Lactococcus lactis subsp. lactis bv. diacetylactis,Duplodnaviria,Heunggongvirae,Uroviricota,Caudoviricetes,Caudoviricetes incertae sedis,Skunavirus,Skunavirus sv3R16S,,dsDNA
Skunavirus,1623305,0.22,,,0.01,0.37,,0.45,1.44,,0.37,0.99,,,,0.18,44688.0,Lactococcus lactis subsp. lactis bv. diacetylactis,Duplodnaviria,Heunggongvirae,Uroviricota,Caudoviricetes,Caudoviricetes incertae sedis,Skunavirus,Skunavirus sv10W18,,dsDNA
Skunavirus,1623305,0.22,,,0.01,0.37,,0.45,1.44,,0.37,0.99,,,,0.18,44688.0,Lactococcus lactis subsp. lactis bv. diacetylactis,Duplodnaviria,Heunggongvirae,Uroviricota,Caudoviricetes,Caudoviricetes incertae sedis,Skunavirus,unclassified Skunavirus,,dsDNA
Skunavirus,1623305,0.22,,,0.01,0.37,,0.45,1.44,,0.37,0.99,,,,0.18,1358.0,Lactococcus lactis,Duplodnaviria,Heunggongvirae,Uroviricota,Caudoviricetes,Caudoviricetes incertae sedis,Skunavirus,Skunavirus sv30804,,dsDNA
Skunavirus,1623305,0.22,,,0.01,0.37,,0.45,1.44,,0.37,0.99,,,,0.18,1359.0,Lactococcus cremoris,Duplodnaviria,Heunggongvirae,Uroviricota,Caudoviricetes,Caudoviricetes incertae sedis,Skunavirus,Skunavirus sv340,,dsDNA
Skunavirus,1623305,0.22,,,0.01,0.37,,0.45,1.44,,0.37,0.99,,,,0.18,1360.0,Lactococcus lactis subsp. lactis,Duplodnaviria,Heunggongvirae,Uroviricota,Caudoviricetes,Caudoviricetes incertae sedis,Skunavirus,Skunavirus sv340,,dsDNA
Skunavirus,1623305,0.22,,,0.01,0.37,,0.45,1.44,,0.37,0.99,,,,0.18,272623.0,Lactococcus lactis subsp. lactis Il1403,Duplodnaviria,Heunggongvirae,Uroviricota,Caudoviricetes,Caudoviricetes incertae sedis,Skunavirus,Skunavirus sv340,,dsDNA
Skunavirus,1623305,0.22,,,0.01,0.37,,0.45,1.44,,0.37,0.99,,,,0.18,1358.0,Lactococcus lactis,Duplodnaviria,Heunggongvirae,Uroviricota,Caudoviricetes,Caudoviricetes incertae sedis,Skunavirus,Skunavirus sv37201,,dsDNA
Skunavirus,1623305,0.22,,,0.01,0.37,,0.45,1.44,,0.37,0.99,,,,0.18,1358.0,Lactococcus lactis,Duplodnaviria,Heunggongvirae,Uroviricota,Caudoviricetes,Caudoviricetes incertae sedis,Skunavirus,Skunavirus sv38503,,dsDNA
Skunavirus,1623305,0.22,,,0.01,0.37,,0.45,1.44,,0.37,0.99,,,,0.18,1358.0,Lactococcus lactis,Duplodnaviria,Heunggongvirae,Uroviricota,Caudoviricetes,Caudoviricetes incertae sedis,Skunavirus,Skunavirus sv38507,,dsDNA
Skunavirus,1623305,0.22,,,0.01,0.37,,0.45,1.44,,0.37,0.99,,,,0.18,1358.0,Lactococcus lactis,Duplodnaviria,Heunggongvirae,Uroviricota,Caudoviricetes,Caudoviricetes incertae sedis,Skunavirus,Skunavirus sv42,,dsDNA
Skunavirus,1623305,0.22,,,0.01,0.37,,0.45,1.44,,0.37,0.99,,,,0.18,1358.0,Lactococcus lactis,Duplodnaviria,Heunggongvirae,Uroviricota,Caudoviricetes,Caudoviricetes incertae sedis,Skunavirus,Skunavirus sv51701,,dsDNA
Skunavirus,1623305,0.22,,,0.01,0.37,,0.45,1.44,,0.37,0.99,,,,0.18,1358.0,Lactococcus lactis,Duplodnaviria,Heunggongvirae,Uroviricota,Caudoviricetes,Caudoviricetes incertae sedis,Skunavirus,Skunavirus sv56003,,dsDNA
Skunavirus,1623305,0.22,,,0.01,0.37,,0.45,1.44,,0.37,0.99,,,,0.18,1358.0,Lactococcus lactis,Duplodnaviria,Heunggongvirae,Uroviricota,Caudoviricetes,Caudoviricetes incertae sedis,Skunavirus,Skunavirus sv56301,,dsDNA
Skunavirus,1623305,0.22,,,0.01,0.37,,0.45,1.44,,0.37,0.99,,,,0.18,1358.0,Lactococcus lactis,Duplodnaviria,Heunggongvirae,Uroviricota,Caudoviricetes,Caudoviricetes incertae sedis,Skunavirus,Skunavirus sv57001,,dsDNA
Skunavirus,1623305,0.22,,,0.01,0.37,,0.45,1.44,,0.37,0.99,,,,0.18,1358.0,Lactococcus lactis,Duplodnaviria,Heunggongvirae,Uroviricota,Caudoviricetes,Caudoviricetes incertae sedis,Skunavirus,Skunavirus sv62601,,dsDNA
Skunavirus,1623305,0.22,,,0.01,0.37,,0.45,1.44,,0.37,0.99,,,,0.18,1358.0,Lactococcus lactis,Duplodnaviria,Heunggongvirae,Uroviricota,Caudoviricetes,Caudoviricetes incertae sedis,Skunavirus,Skunavirus sv62605,,dsDNA
Skunavirus,1623305,0.22,,,0.01,0.37,,0.45,1.44,,0.37,0.99,,,,0.18,1358.0,Lactococcus lactis,Duplodnaviria,Heunggongvirae,Uroviricota,Caudoviricetes,Caudoviricetes incertae sedis,Skunavirus,Skunavirus sv63302,,dsDNA
Skunavirus,1623305,0.22,,,0.01,0.37,,0.45,1.44,,0.37,0.99,,,,0.18,1358.0,Lactococcus lactis,Duplodnaviria,Heunggongvirae,Uroviricota,Caudoviricetes,Caudoviricetes incertae sedis,Skunavirus,Skunavirus sv66901,,dsDNA
Skunavirus,1623305,0.22,,,0.01,0.37,,0.45,1.44,,0.37,0.99,,,,0.18,1358.0,Lactococcus lactis,Duplodnaviria,Heunggongvirae,Uroviricota,Caudoviricetes,Caudoviricetes incertae sedis,Skunavirus,Skunavirus sv712,,dsDNA
Skunavirus,1623305,0.22,,,0.01,0.37,,0.45,1.44,,0.37,0.99,,,,0.18,1358.0,Lactococcus lactis,Duplodnaviria,Heunggongvirae,Uroviricota,Caudoviricetes,Caudoviricetes incertae sedis,Skunavirus,Skunavirus sv79201,,dsDNA
Skunavirus,1623305,0.22,,,0.01,0.37,,0.45,1.44,,0.37,0.99,,,,0.18,1358.0,Lactococcus lactis,Duplodnaviria,Heunggongvirae,Uroviricota,Caudoviricetes,Caudoviricetes incertae sedis,Skunavirus,Skunavirus sv88605,,dsDNA
Skunavirus,1623305,0.22,,,0.01,0.37,,0.45,1.44,,0.37,0.99,,,,0.18,1358.0,Lactococcus lactis,Duplodnaviria,Heunggongvirae,Uroviricota,Caudoviricetes,Caudoviricetes incertae sedis,Skunavirus,Skunavirus sv8V08,,dsDNA
Skunavirus,1623305,0.22,,,0.01,0.37,,0.45,1.44,,0.37,0.99,,,,0.18,1357.0,Lactococcus,Duplodnaviria,Heunggongvirae,Uroviricota,Caudoviricetes,Caudoviricetes incertae sedis,Skunavirus,Skunavirus sv936,,dsDNA
Skunavirus,1623305,0.22,,,0.01,0.37,,0.45,1.44,,0.37,0.99,,,,0.18,1358.0,Lactococcus lactis,Duplodnaviria,Heunggongvirae,Uroviricota,Caudoviricetes,Caudoviricetes incertae sedis,Skunavirus,Skunavirus L18,,dsDNA
Skunavirus,1623305,0.22,,,0.01,0.37,,0.45,1.44,,0.37,0.99,,,,0.18,1358.0,Lactococcus lactis,Duplodnaviria,Heunggongvirae,Uroviricota,Caudoviricetes,Caudoviricetes incertae sedis,Skunavirus,Skunavirus sv109,,dsDNA
Skunavirus,1623305,0.22,,,0.01,0.37,,0.45,1.44,,0.37,0.99,,,,0.18,1358.0,Lactococcus lactis,Duplodnaviria,Heunggongvirae,Uroviricota,Caudoviricetes,Caudoviricetes incertae sedis,Skunavirus,Skunavirus sv44,,dsDNA
Skunavirus,1623305,0.22,,,0.01,0.37,,0.45,1.44,,0.37,0.99,,,,0.18,1358.0,Lactococcus lactis,Duplodnaviria,Heunggongvirae,Uroviricota,Caudoviricetes,Caudoviricetes incertae sedis,Skunavirus,Skunavirus sv155,,dsDNA
Skunavirus,1623305,0.22,,,0.01,0.37,,0.45,1.44,,0.37,0.99,,,,0.18,1358.0,Lactococcus lactis,Duplodnaviria,Heunggongvirae,Uroviricota,Caudoviricetes,Caudoviricetes incertae sedis,Skunavirus,Skunavirus sv193,,dsDNA
Skunavirus,1623305,0.22,,,0.01,0.37,,0.45,1.44,,0.37,0.99,,,,0.18,1358.0,Lactococcus lactis,Duplodnaviria,Heunggongvirae,Uroviricota,Caudoviricetes,Caudoviricetes incertae sedis,Skunavirus,Skunavirus i0139,,dsDNA
Skunavirus,1623305,0.22,,,0.01,0.37,,0.45,1.44,,0.37,0.99,,,,0.18,1358.0,Lactococcus lactis,Duplodnaviria,Heunggongvirae,Uroviricota,Caudoviricetes,Caudoviricetes incertae sedis,Skunavirus,Skunavirus sv512,,dsDNA
Skunavirus,1623305,0.22,,,0.01,0.37,,0.45,1.44,,0.37,0.99,,,,0.18,1358.0,Lactococcus lactis,Duplodnaviria,Heunggongvirae,Uroviricota,Caudoviricetes,Caudoviricetes incertae sedis,Skunavirus,Skunavirus sv91127,,dsDNA
Skunavirus,1623305,0.22,,,0.01,0.37,,0.45,1.44,,0.37,0.99,,,,0.18,1358.0,Lactococcus lactis,Duplodnaviria,Heunggongvirae,Uroviricota,Caudoviricetes,Caudoviricetes incertae sedis,Skunavirus,Skunavirus A16,,dsDNA
Skunavirus,1623305,0.22,,,0.01,0.37,,0.45,1.44,,0.37,0.99,,,,0.18,1358.0,Lactococcus lactis,Duplodnaviria,Heunggongvirae,Uroviricota,Caudoviricetes,Caudoviricetes incertae sedis,Skunavirus,Skunavirus B1127,,dsDNA
Skunavirus,1623305,0.22,,,0.01,0.37,,0.45,1.44,,0.37,0.99,,,,0.18,1358.0,Lactococcus lactis,Duplodnaviria,Heunggongvirae,Uroviricota,Caudoviricetes,Caudoviricetes incertae sedis,Skunavirus,Skunavirus E1127,,dsDNA
Skunavirus,1623305,0.22,,,0.01,0.37,,0.45,1.44,,0.37,0.99,,,,0.18,1358.0,Lactococcus lactis,Duplodnaviria,Heunggongvirae,Uroviricota,Caudoviricetes,Caudoviricetes incertae sedis,Skunavirus,Skunavirus F0139,,dsDNA
Skunavirus,1623305,0.22,,,0.01,0.37,,0.45,1.44,,0.37,0.99,,,,0.18,1358.0,Lactococcus lactis,Duplodnaviria,Heunggongvirae,Uroviricota,Caudoviricetes,Caudoviricetes incertae sedis,Skunavirus,Skunavirus JF1,,dsDNA
Skunavirus,1623305,0.22,,,0.01,0.37,,0.45,1.44,,0.37,0.99,,,,0.18,1358.0,Lactococcus lactis,Duplodnaviria,Heunggongvirae,Uroviricota,Caudoviricetes,Caudoviricetes incertae sedis,Skunavirus,Skunavirus L6,,dsDNA
Skunavirus,1623305,0.22,,,0.01,0.37,,0.45,1.44,,0.37,0.99,,,,0.18,1358.0,Lactococcus lactis,Duplodnaviria,Heunggongvirae,Uroviricota,Caudoviricetes,Caudoviricetes incertae sedis,Skunavirus,Skunavirus Lj,,dsDNA
Skunavirus,1623305,0.22,,,0.01,0.37,,0.45,1.44,,0.37,0.99,,,,0.18,1358.0,Lactococcus lactis,Duplodnaviria,Heunggongvirae,Uroviricota,Caudoviricetes,Caudoviricetes incertae sedis,Skunavirus,Skunavirus M1127,,dsDNA
Skunavirus,1623305,0.22,,,0.01,0.37,,0.45,1.44,,0.37,0.99,,,,0.18,1358.0,Lactococcus lactis,Duplodnaviria,Heunggongvirae,Uroviricota,Caudoviricetes,Caudoviricetes incertae sedis,Skunavirus,Skunavirus S0139,,dsDNA
Skunavirus,1623305,0.22,,,0.01,0.37,,0.45,1.44,,0.37,0.99,,,,0.18,1358.0,Lactococcus lactis,Duplodnaviria,Heunggongvirae,Uroviricota,Caudoviricetes,Caudoviricetes incertae sedis,Skunavirus,Skunavirus sv96401,,dsDNA
Skunavirus,1623305,0.22,,,0.01,0.37,,0.45,1.44,,0.37,0.99,,,,0.18,1358.0,Lactococcus lactis,Duplodnaviria,Heunggongvirae,Uroviricota,Caudoviricetes,Caudoviricetes incertae sedis,Skunavirus,Skunavirus sv96403,,dsDNA
Skunavirus,1623305,0.22,,,0.01,0.37,,0.45,1.44,,0.37,0.99,,,,0.18,1358.0,Lactococcus lactis,Duplodnaviria,Heunggongvirae,Uroviricota,Caudoviricetes,Caudoviricetes incertae sedis,Skunavirus,Skunavirus sv96603,,dsDNA
Skunavirus,1623305,0.22,,,0.01,0.37,,0.45,1.44,,0.37,0.99,,,,0.18,1358.0,Lactococcus lactis,Duplodnaviria,Heunggongvirae,Uroviricota,Caudoviricetes,Caudoviricetes incertae sedis,Skunavirus,Skunavirus ASCC191,,dsDNA
Skunavirus,1623305,0.22,,,0.01,0.37,,0.45,1.44,,0.37,0.99,,,,0.18,1358.0,Lactococcus lactis,Duplodnaviria,Heunggongvirae,Uroviricota,Caudoviricetes,Caudoviricetes incertae sedis,Skunavirus,Skunavirus ASCC273,,dsDNA
Skunavirus,1623305,0.22,,,0.01,0.37,,0.45,1.44,,0.37,0.99,,,,0.18,1358.0,Lactococcus lactis,Duplodnaviria,Heunggongvirae,Uroviricota,Caudoviricetes,Caudoviricetes incertae sedis,Skunavirus,Skunavirus ASCC281,,dsDNA
Skunavirus,1623305,0.22,,,0.01,0.37,,0.45,1.44,,0.37,0.99,,,,0.18,1358.0,Lactococcus lactis,Duplodnaviria,Heunggongvirae,Uroviricota,Caudoviricetes,Caudoviricetes incertae sedis,Skunavirus,Skunavirus ASCC532,,dsDNA
Skunavirus,1623305,0.22,,,0.01,0.37,,0.45,1.44,,0.37,0.99,,,,0.18,1358.0,Lactococcus lactis,Duplodnaviria,Heunggongvirae,Uroviricota,Caudoviricetes,Caudoviricetes incertae sedis,Skunavirus,Skunavirus ASCC465,,dsDNA
Skunavirus,1623305,0.22,,,0.01,0.37,,0.45,1.44,,0.37,0.99,,,,0.18,1357.0,Lactococcus,Duplodnaviria,Heunggongvirae,Uroviricota,Caudoviricetes,Caudoviricetes incertae sedis,Skunavirus,Skunavirus bibb29,,dsDNA
Skunavirus,1623305,0.22,,,0.01,0.37,,0.45,1.44,,0.37,0.99,,,,0.18,1357.0,Lactococcus,Duplodnaviria,Heunggongvirae,Uroviricota,Caudoviricetes,Caudoviricetes incertae sedis,Skunavirus,Skunavirus bIL170,,dsDNA
Skunavirus,1623305,0.22,,,0.01,0.37,,0.45,1.44,,0.37,0.99,,,,0.18,1359.0,Lactococcus cremoris,Duplodnaviria,Heunggongvirae,Uroviricota,Caudoviricetes,Caudoviricetes incertae sedis,Skunavirus,Skunavirus caseusJM1,,dsDNA
Skunavirus,1623305,0.22,,,0.01,0.37,,0.45,1.44,,0.37,0.99,,,,0.18,1359.0,Lactococcus cremoris,Duplodnaviria,Heunggongvirae,Uroviricota,Caudoviricetes,Caudoviricetes incertae sedis,Skunavirus,Skunavirus CB13,,dsDNA
Skunavirus,1623305,0.22,,,0.01,0.37,,0.45,1.44,,0.37,0.99,,,,0.18,1359.0,Lactococcus cremoris,Duplodnaviria,Heunggongvirae,Uroviricota,Caudoviricetes,Caudoviricetes incertae sedis,Skunavirus,Skunavirus CB14,,dsDNA
Skunavirus,1623305,0.22,,,0.01,0.37,,0.45,1.44,,0.37,0.99,,,,0.18,1359.0,Lactococcus cremoris,Duplodnaviria,Heunggongvirae,Uroviricota,Caudoviricetes,Caudoviricetes incertae sedis,Skunavirus,Skunavirus CB19,,dsDNA
Skunavirus,1623305,0.22,,,0.01,0.37,,0.45,1.44,,0.37,0.99,,,,0.18,2816960.0,Lactococcus cremoris subsp. cremoris,Duplodnaviria,Heunggongvirae,Uroviricota,Caudoviricetes,Caudoviricetes incertae sedis,Skunavirus,Skunavirus CB19,,dsDNA
Skunavirus,1623305,0.22,,,0.01,0.37,,0.45,1.44,,0.37,0.99,,,,0.18,1359.0,Lactococcus cremoris,Duplodnaviria,Heunggongvirae,Uroviricota,Caudoviricetes,Caudoviricetes incertae sedis,Skunavirus,Skunavirus CHPC129,,dsDNA
Skunavirus,1623305,0.22,,,0.01,0.37,,0.45,1.44,,0.37,0.99,,,,0.18,1358.0,Lactococcus lactis,Duplodnaviria,Heunggongvirae,Uroviricota,Caudoviricetes,Caudoviricetes incertae sedis,Skunavirus,Skunavirus CHPC361,,dsDNA
Skunavirus,1623305,0.22,,,0.01,0.37,,0.45,1.44,,0.37,0.99,,,,0.18,1358.0,Lactococcus lactis,Duplodnaviria,Heunggongvirae,Uroviricota,Caudoviricetes,Caudoviricetes incertae sedis,Skunavirus,Skunavirus CHPC362,,dsDNA
Skunavirus,1623305,0.22,,,0.01,0.37,,0.45,1.44,,0.37,0.99,,,,0.18,1359.0,Lactococcus cremoris,Duplodnaviria,Heunggongvirae,Uroviricota,Caudoviricetes,Caudoviricetes incertae sedis,Skunavirus,Skunavirus CHPC52,,dsDNA
Skunavirus,1623305,0.22,,,0.01,0.37,,0.45,1.44,,0.37,0.99,,,,0.18,1359.0,Lactococcus cremoris,Duplodnaviria,Heunggongvirae,Uroviricota,Caudoviricetes,Caudoviricetes incertae sedis,Skunavirus,Skunavirus CHPC781,,dsDNA
Skunavirus,1623305,0.22,,,0.01,0.37,,0.45,1.44,,0.37,0.99,,,,0.18,1359.0,Lactococcus cremoris,Duplodnaviria,Heunggongvirae,Uroviricota,Caudoviricetes,Caudoviricetes incertae sedis,Skunavirus,Skunavirus CHPC958,,dsDNA
Skunavirus,1623305,0.22,,,0.01,0.37,,0.45,1.44,,0.37,0.99,,,,0.18,1359.0,Lactococcus cremoris,Duplodnaviria,Heunggongvirae,Uroviricota,Caudoviricetes,Caudoviricetes incertae sedis,Skunavirus,Skunavirus CHPC959,,dsDNA
Skunavirus,1623305,0.22,,,0.01,0.37,,0.45,1.44,,0.37,0.99,,,,0.18,1359.0,Lactococcus cremoris,Duplodnaviria,Heunggongvirae,Uroviricota,Caudoviricetes,Caudoviricetes incertae sedis,Skunavirus,Skunavirus CHPC964,,dsDNA
Skunavirus,1623305,0.22,,,0.01,0.37,,0.45,1.44,,0.37,0.99,,,,0.18,1359.0,Lactococcus cremoris,Duplodnaviria,Heunggongvirae,Uroviricota,Caudoviricetes,Caudoviricetes incertae sedis,Skunavirus,Skunavirus CHPC965,,dsDNA
Skunavirus,1623305,0.22,,,0.01,0.37,,0.45,1.44,,0.37,0.99,,,,0.18,1359.0,Lactococcus cremoris,Duplodnaviria,Heunggongvirae,Uroviricota,Caudoviricetes,Caudoviricetes incertae sedis,Skunavirus,unclassified Skunavirus,,dsDNA
Skunavirus,1623305,0.22,,,0.01,0.37,,0.45,1.44,,0.37,0.99,,,,0.18,1357.0,Lactococcus,Duplodnaviria,Heunggongvirae,Uroviricota,Caudoviricetes,Caudoviricetes incertae sedis,Skunavirus,Skunavirus fd13,,dsDNA
Skunavirus,1623305,0.22,,,0.01,0.37,,0.45,1.44,,0.37,0.99,,,,0.18,1359.0,Lactococcus cremoris,Duplodnaviria,Heunggongvirae,Uroviricota,Caudoviricetes,Caudoviricetes incertae sedis,Skunavirus,Skunavirus jm2,,dsDNA
Skunavirus,1623305,0.22,,,0.01,0.37,,0.45,1.44,,0.37,0.99,,,,0.18,1359.0,Lactococcus cremoris,Duplodnaviria,Heunggongvirae,Uroviricota,Caudoviricetes,Caudoviricetes incertae sedis,Skunavirus,Skunavirus jm3,,dsDNA
Skunavirus,1623305,0.22,,,0.01,0.37,,0.45,1.44,,0.37,0.99,,,,0.18,1359.0,Lactococcus cremoris,Duplodnaviria,Heunggongvirae,Uroviricota,Caudoviricetes,Caudoviricetes incertae sedis,Skunavirus,Skunavirus LP9903,,dsDNA
Skunavirus,1623305,0.22,,,0.01,0.37,,0.45,1.44,,0.37,0.99,,,,0.18,1359.0,Lactococcus cremoris,Duplodnaviria,Heunggongvirae,Uroviricota,Caudoviricetes,Caudoviricetes incertae sedis,Skunavirus,Skunavirus LP9908,,dsDNA
Skunavirus,1623305,0.22,,,0.01,0.37,,0.45,1.44,,0.37,0.99,,,,0.18,1359.0,Lactococcus cremoris,Duplodnaviria,Heunggongvirae,Uroviricota,Caudoviricetes,Caudoviricetes incertae sedis,Skunavirus,Skunavirus LP0209,,dsDNA
Skunavirus,1623305,0.22,,,0.01,0.37,,0.45,1.44,,0.37,0.99,,,,0.18,1359.0,Lactococcus cremoris,Duplodnaviria,Heunggongvirae,Uroviricota,Caudoviricetes,Caudoviricetes incertae sedis,Skunavirus,Skunavirus LP0903,,dsDNA
Skunavirus,1623305,0.22,,,0.01,0.37,,0.45,1.44,,0.37,0.99,,,,0.18,272623.0,Lactococcus lactis subsp. lactis Il1403,Duplodnaviria,Heunggongvirae,Uroviricota,Caudoviricetes,Caudoviricetes incertae sedis,Skunavirus,Skunavirus LP1502a,,dsDNA
Skunavirus,1623305,0.22,,,0.01,0.37,,0.45,1.44,,0.37,0.99,,,,0.18,1359.0,Lactococcus cremoris,Duplodnaviria,Heunggongvirae,Uroviricota,Caudoviricetes,Caudoviricetes incertae sedis,Skunavirus,Skunavirus LP8511,,dsDNA
Skunavirus,1623305,0.22,,,0.01,0.37,,0.45,1.44,,0.37,0.99,,,,0.18,1359.0,Lactococcus cremoris,Duplodnaviria,Heunggongvirae,Uroviricota,Caudoviricetes,Caudoviricetes incertae sedis,Skunavirus,Skunavirus LP9207,,dsDNA
Skunavirus,1623305,0.22,,,0.01,0.37,,0.45,1.44,,0.37,0.99,,,,0.18,1359.0,Lactococcus cremoris,Duplodnaviria,Heunggongvirae,Uroviricota,Caudoviricetes,Caudoviricetes incertae sedis,Skunavirus,Skunavirus LP9404,,dsDNA
Skunavirus,1623305,0.22,,,0.01,0.37,,0.45,1.44,,0.37,0.99,,,,0.18,1359.0,Lactococcus cremoris,Duplodnaviria,Heunggongvirae,Uroviricota,Caudoviricetes,Caudoviricetes incertae sedis,Skunavirus,Skunavirus LP9609,,dsDNA
Skunavirus,1623305,0.22,,,0.01,0.37,,0.45,1.44,,0.37,0.99,,,,0.18,44273.0,Lactococcus sp.,Duplodnaviria,Heunggongvirae,Uroviricota,Caudoviricetes,Caudoviricetes incertae sedis,Skunavirus,unclassified Skunavirus,,dsDNA
Skunavirus,1623305,0.22,,,0.01,0.37,,0.45,1.44,,0.37,0.99,,,,0.18,44688.0,Lactococcus lactis subsp. lactis bv. diacetylactis,Duplodnaviria,Heunggongvirae,Uroviricota,Caudoviricetes,Caudoviricetes incertae sedis,Skunavirus,Skunavirus MP1,,dsDNA
Skunavirus,1623305,0.22,,,0.01,0.37,,0.45,1.44,,0.37,0.99,,,,0.18,1358.0,Lactococcus lactis,Duplodnaviria,Heunggongvirae,Uroviricota,Caudoviricetes,Caudoviricetes incertae sedis,Skunavirus,Skunavirus MV10L,,dsDNA
Skunavirus,1623305,0.22,,,0.01,0.37,,0.45,1.44,,0.37,0.99,,,,0.18,272623.0,Lactococcus lactis subsp. lactis Il1403,Duplodnaviria,Heunggongvirae,Uroviricota,Caudoviricetes,Caudoviricetes incertae sedis,Skunavirus,Skunavirus P008,,dsDNA
Skunavirus,1623305,0.22,,,0.01,0.37,,0.45,1.44,,0.37,0.99,,,,0.18,1358.0,Lactococcus lactis,Duplodnaviria,Heunggongvirae,Uroviricota,Caudoviricetes,Caudoviricetes incertae sedis,Skunavirus,Skunavirus P1532,,dsDNA
Skunavirus,1623305,0.22,,,0.01,0.37,,0.45,1.44,,0.37,0.99,,,,0.18,1358.0,Lactococcus lactis,Duplodnaviria,Heunggongvirae,Uroviricota,Caudoviricetes,Caudoviricetes incertae sedis,Skunavirus,Skunavirus P4565,,dsDNA
Skunavirus,1623305,0.22,,,0.01,0.37,,0.45,1.44,,0.37,0.99,,,,0.18,1358.0,Lactococcus lactis,Duplodnaviria,Heunggongvirae,Uroviricota,Caudoviricetes,Caudoviricetes incertae sedis,Skunavirus,Skunavirus P656,,dsDNA
Skunavirus,1623305,0.22,,,0.01,0.37,,0.45,1.44,,0.37,0.99,,,,0.18,1360.0,Lactococcus lactis subsp. lactis,Duplodnaviria,Heunggongvirae,Uroviricota,Caudoviricetes,Caudoviricetes incertae sedis,Skunavirus,Skunavirus P680,,dsDNA
Skunavirus,1623305,0.22,,,0.01,0.37,,0.45,1.44,,0.37,0.99,,,,0.18,272623.0,Lactococcus lactis subsp. lactis Il1403,Duplodnaviria,Heunggongvirae,Uroviricota,Caudoviricetes,Caudoviricetes incertae sedis,Skunavirus,Skunavirus P680,,dsDNA
Skunavirus,1623305,0.22,,,0.01,0.37,,0.45,1.44,,0.37,0.99,,,,0.18,44273.0,Lactococcus sp.,Duplodnaviria,Heunggongvirae,Uroviricota,Caudoviricetes,Caudoviricetes incertae sedis,Skunavirus,Skunavirus sv145,,dsDNA
Skunavirus,1623305,0.22,,,0.01,0.37,,0.45,1.44,,0.37,0.99,,,,0.18,44273.0,Lactococcus sp.,Duplodnaviria,Heunggongvirae,Uroviricota,Caudoviricetes,Caudoviricetes incertae sedis,Skunavirus,Skunavirus sv15,,dsDNA
Skunavirus,1623305,0.22,,,0.01,0.37,,0.45,1.44,,0.37,0.99,,,,0.18,1359.0,Lactococcus cremoris,Duplodnaviria,Heunggongvirae,Uroviricota,Caudoviricetes,Caudoviricetes incertae sedis,Skunavirus,Skunavirus sv7,,dsDNA
Skunavirus,1623305,0.22,,,0.01,0.37,,0.45,1.44,,0.37,0.99,,,,0.18,1358.0,Lactococcus lactis,Duplodnaviria,Heunggongvirae,Uroviricota,Caudoviricetes,Caudoviricetes incertae sedis,Skunavirus,Skunavirus R31,,dsDNA
Skunavirus,1623305,0.22,,,0.01,0.37,,0.45,1.44,,0.37,0.99,,,,0.18,1358.0,Lactococcus lactis,Duplodnaviria,Heunggongvirae,Uroviricota,Caudoviricetes,Caudoviricetes incertae sedis,Skunavirus,Skunavirus sk1,,dsDNA
Skunavirus,1623305,0.22,,,0.01,0.37,,0.45,1.44,,0.37,0.99,,,,0.18,2816960.0,Lactococcus cremoris subsp. cremoris,Duplodnaviria,Heunggongvirae,Uroviricota,Caudoviricetes,Caudoviricetes incertae sedis,Skunavirus,Skunavirus Sl4,,dsDNA
Skunavirus,1623305,0.22,,,0.01,0.37,,0.45,1.44,,0.37,0.99,,,,0.18,1358.0,Lactococcus lactis,Duplodnaviria,Heunggongvirae,Uroviricota,Caudoviricetes,Caudoviricetes incertae sedis,Skunavirus,Skunavirus bIBB5g1,,dsDNA
Skunavirus,1623305,0.22,,,0.01,0.37,,0.45,1.44,,0.37,0.99,,,,0.18,1358.0,Lactococcus lactis,Duplodnaviria,Heunggongvirae,Uroviricota,Caudoviricetes,Caudoviricetes incertae sedis,Skunavirus,Skunavirus bibb29,,dsDNA
Skunavirus,1623305,0.22,,,0.01,0.37,,0.45,1.44,,0.37,0.99,,,,0.18,1358.0,Lactococcus lactis,Duplodnaviria,Heunggongvirae,Uroviricota,Caudoviricetes,Caudoviricetes incertae sedis,Skunavirus,Skunavirus bIBBF12,,dsDNA
Skunavirus,1623305,0.22,,,0.01,0.37,,0.45,1.44,,0.37,0.99,,,,0.18,416870.0,Lactococcus cremoris subsp. cremoris MG1363,Duplodnaviria,Heunggongvirae,Uroviricota,Caudoviricetes,Caudoviricetes incertae sedis,Skunavirus,unclassified Skunavirus,,dsDNA
Skunavirus,1623305,0.22,,,0.01,0.37,,0.45,1.44,,0.37,0.99,,,,0.18,1359.0,Lactococcus cremoris,Duplodnaviria,Heunggongvirae,Uroviricota,Caudoviricetes,Caudoviricetes incertae sedis,Skunavirus,,,dsDNA
Hollowayvirus,1720324,0.1,,0.44,,,,0.31,,,,,,,,0.09,287.0,Pseudomonas aeruginosa,Duplodnaviria,Heunggongvirae,Uroviricota,Caudoviricetes,Caudoviricetes incertae sedis,Hollowayvirus,unclassified Hollowayvirus,,dsDNA
Hollowayvirus,1720324,0.1,,0.44,,,,0.31,,,,,,,,0.09,306.0,Pseudomonas sp.,Duplodnaviria,Heunggongvirae,Uroviricota,Caudoviricetes,Caudoviricetes incertae sedis,Hollowayvirus,Hollowayvirus Epa33,,dsDNA
Hollowayvirus,1720324,0.1,,0.44,,,,0.31,,,,,,,,0.09,287.0,Pseudomonas aeruginosa,Duplodnaviria,Heunggongvirae,Uroviricota,Caudoviricetes,Caudoviricetes incertae sedis,Hollowayvirus,Hollowayvirus F116,,dsDNA
Hollowayvirus,1720324,0.1,,0.44,,,,0.31,,,,,,,,0.09,286.0,Pseudomonas,Duplodnaviria,Heunggongvirae,Uroviricota,Caudoviricetes,Caudoviricetes incertae sedis,Hollowayvirus,unclassified Hollowayvirus,,dsDNA
Hollowayvirus,1720324,0.1,,0.44,,,,0.31,,,,,,,,0.09,208964.0,Pseudomonas aeruginosa PAO1,Duplodnaviria,Heunggongvirae,Uroviricota,Caudoviricetes,Caudoviricetes incertae sedis,Hollowayvirus,Hollowayvirus H66,,dsDNA
Hollowayvirus,1720324,0.1,,0.44,,,,0.31,,,,,,,,0.09,208964.0,Pseudomonas aeruginosa PAO1,Duplodnaviria,Heunggongvirae,Uroviricota,Caudoviricetes,Caudoviricetes incertae sedis,Hollowayvirus,Hollowayvirus LKA5,,dsDNA
Hollowayvirus,1720324,0.1,,0.44,,,,0.31,,,,,,,,0.09,208964.0,Pseudomonas aeruginosa PAO1,Duplodnaviria,Heunggongvirae,Uroviricota,Caudoviricetes,Caudoviricetes incertae sedis,Hollowayvirus,Hollowayvirus PA8,,dsDNA
Hollowayvirus,1720324,0.1,,0.44,,,,0.31,,,,,,,,0.09,286.0,Pseudomonas,Duplodnaviria,Heunggongvirae,Uroviricota,Caudoviricetes,Caudoviricetes incertae sedis,Hollowayvirus,Hollowayvirus phiC725A,,dsDNA
Hollowayvirus,1720324,0.1,,0.44,,,,0.31,,,,,,,,0.09,286.0,Pseudomonas,Duplodnaviria,Heunggongvirae,Uroviricota,Caudoviricetes,Caudoviricetes incertae sedis,Hollowayvirus,Hollowayvirus E220,,dsDNA
Alphatrevirus,1910951,0.12,,,,,,0.24,,,0.22,0.25,,,,,561.0,Escherichia,Monodnaviria,Sangervirae,Phixviricota,Malgrandaviricetes,Petitvirales,Microviridae,Bullavirinae,Alphatrevirus,
Alphatrevirus,1910951,0.12,,,,,,0.24,,,0.22,0.25,,,,,83333.0,Escherichia coli K-12,Monodnaviria,Sangervirae,Phixviricota,Malgrandaviricetes,Petitvirales,Microviridae,Bullavirinae,Alphatrevirus,
Kagunavirus,1910992,0.67,1.55,0.67,,0.78,,0.73,0.49,,0.64,0.5,0.64,,0.04,0.24,562.0,Escherichia coli,Duplodnaviria,Heunggongvirae,Uroviricota,Caudoviricetes,Caudoviricetes incertae sedis,Sarkviridae,Guernseyvirinae,Kagunavirus,dsDNA
Kagunavirus,1910992,0.67,1.55,0.67,,0.78,,0.73,0.49,,0.64,0.5,0.64,,0.04,0.24,1392869.0,Escherichia coli K1,Duplodnaviria,Heunggongvirae,Uroviricota,Caudoviricetes,Caudoviricetes incertae sedis,Sarkviridae,Guernseyvirinae,Kagunavirus,dsDNA
Kagunavirus,1910992,0.67,1.55,0.67,,0.78,,0.73,0.49,,0.64,0.5,0.64,,0.04,0.24,561.0,Escherichia,Duplodnaviria,Heunggongvirae,Uroviricota,Caudoviricetes,Caudoviricetes incertae sedis,Sarkviridae,Guernseyvirinae,Kagunavirus,dsDNA
Kagunavirus,1910992,0.67,1.55,0.67,,0.78,,0.73,0.49,,0.64,0.5,0.64,,0.04,0.24,1055538.0,Escherichia coli O145,Duplodnaviria,Heunggongvirae,Uroviricota,Caudoviricetes,Caudoviricetes incertae sedis,Sarkviridae,Guernseyvirinae,Kagunavirus,dsDNA
Kagunavirus,1910992,0.67,1.55,0.67,,0.78,,0.73,0.49,,0.64,0.5,0.64,,0.04,0.24,83334.0,Escherichia coli O157:H7,Duplodnaviria,Heunggongvirae,Uroviricota,Caudoviricetes,Caudoviricetes incertae sedis,Sarkviridae,Guernseyvirinae,Kagunavirus,dsDNA
Kagunavirus,1910992,0.67,1.55,0.67,,0.78,,0.73,0.49,,0.64,0.5,0.64,,0.04,0.24,511693.0,Escherichia coli BL21,Duplodnaviria,Heunggongvirae,Uroviricota,Caudoviricetes,Caudoviricetes incertae sedis,Sarkviridae,Guernseyvirinae,Kagunavirus,dsDNA
Kagunavirus,1910992,0.67,1.55,0.67,,0.78,,0.73,0.49,,0.64,0.5,0.64,,0.04,0.24,1873496.0,Raoultella sp.,Duplodnaviria,Heunggongvirae,Uroviricota,Caudoviricetes,Caudoviricetes incertae sedis,Sarkviridae,Guernseyvirinae,Kagunavirus,dsDNA
Cornellvirus,1910993,,0.88,,,,,0.96,,,,,,,,0.23,340188.0,Salmonella enterica subsp. enterica serovar Cerro,Duplodnaviria,Heunggongvirae,Uroviricota,Caudoviricetes,Caudoviricetes incertae sedis,Sarkviridae,Guernseyvirinae,Cornellvirus,dsDNA
Cornellvirus,1910993,,0.88,,,,,0.96,,,,,,,,0.23,595.0,Salmonella enterica subsp. enterica serovar Infantis,Duplodnaviria,Heunggongvirae,Uroviricota,Caudoviricetes,Caudoviricetes incertae sedis,Sarkviridae,Guernseyvirinae,Cornellvirus,dsDNA
Alphacarmovirus,1911599,0.1,,,,,,,,,0.22,,,,,,,,,,,,,,,,
Gammacarmovirus,1911601,1.64,,,,0.92,,,,0.4,0.29,0.4,0.37,0.01,,0.24,,,,,,,,,,,
Mosigvirus,1913652,,,,,,,,,,,,,0.01,,,244319.0,Escherichia coli O26:H11,Duplodnaviria,Heunggongvirae,Uroviricota,Caudoviricetes,Pantevenvirales,Straboviridae,Tevenvirinae,Mosigvirus,dsDNA
Mosigvirus,1913652,,,,,,,,,,,,,0.01,,,83334.0,Escherichia coli O157:H7,Duplodnaviria,Heunggongvirae,Uroviricota,Caudoviricetes,Pantevenvirales,Straboviridae,Tevenvirinae,Mosigvirus,dsDNA
Mosigvirus,1913652,,,,,,,,,,,,,0.01,,,561.0,Escherichia,Duplodnaviria,Heunggongvirae,Uroviricota,Caudoviricetes,Pantevenvirales,Straboviridae,Tevenvirinae,Mosigvirus,dsDNA
Mosigvirus,1913652,,,,,,,,,,,,,0.01,,,591946.0,Escherichia coli LF82,Duplodnaviria,Heunggongvirae,Uroviricota,Caudoviricetes,Pantevenvirales,Straboviridae,Tevenvirinae,Mosigvirus,dsDNA
Mosigvirus,1913652,,,,,,,,,,,,,0.01,,,2072452.0,Escherichia coli H8,Duplodnaviria,Heunggongvirae,Uroviricota,Caudoviricetes,Pantevenvirales,Straboviridae,Tevenvirinae,Mosigvirus,dsDNA
Mosigvirus,1913652,,,,,,,,,,,,,0.01,,,941322.0,Escherichia coli O25b:H4-ST131,Duplodnaviria,Heunggongvirae,Uroviricota,Caudoviricetes,Pantevenvirales,Straboviridae,Tevenvirinae,Mosigvirus,dsDNA
Mosigvirus,1913652,,,,,,,,,,,,,0.01,,,,,Duplodnaviria,Heunggongvirae,Uroviricota,Caudoviricetes,Pantevenvirales,Straboviridae,Tevenvirinae,Mosigvirus,dsDNA
Mosigvirus,1913652,,,,,,,,,,,,,0.01,,,625.0,Shigella sp.,Duplodnaviria,Heunggongvirae,Uroviricota,Caudoviricetes,Pantevenvirales,Straboviridae,Tevenvirinae,Mosigvirus,dsDNA
Vequintavirus,1914852,0.15,,,,,,0.26,,,0.19,0.36,,,,0.25,197.0,Campylobacter jejuni,Duplodnaviria,Heunggongvirae,Uroviricota,Caudoviricetes,Caudoviricetes incertae sedis,Vequintavirus,Vequintavirus PDX,Vequintavirus FFH2,dsDNA
Vequintavirus,1914852,0.15,,,,,,0.26,,,0.19,0.36,,,,0.25,197.0,Campylobacter jejuni,Duplodnaviria,Heunggongvirae,Uroviricota,Caudoviricetes,Caudoviricetes incertae sedis,Vequintavirus,unclassified Vequintavirus,,dsDNA
Vequintavirus,1914852,0.15,,,,,,0.26,,,0.19,0.36,,,,0.25,197.0,Campylobacter jejuni,Duplodnaviria,Heunggongvirae,Uroviricota,Caudoviricetes,Caudoviricetes incertae sedis,Vequintavirus,Vequintavirus murica,,dsDNA
Vequintavirus,1914852,0.15,,,,,,0.26,,,0.19,0.36,,,,0.25,83334.0,Escherichia coli O157:H7,Duplodnaviria,Heunggongvirae,Uroviricota,Caudoviricetes,Caudoviricetes incertae sedis,Vequintavirus,Vequintavirus TP14,,dsDNA
Vequintavirus,1914852,0.15,,,,,,0.26,,,0.19,0.36,,,,0.25,83334.0,Escherichia coli O157:H7,Duplodnaviria,Heunggongvirae,Uroviricota,Caudoviricetes,Caudoviricetes incertae sedis,Vequintavirus,Vequintavirus JES2013,,dsDNA
Vequintavirus,1914852,0.15,,,,,,0.26,,,0.19,0.36,,,,0.25,83334.0,Escherichia coli O157:H7,Duplodnaviria,Heunggongvirae,Uroviricota,Caudoviricetes,Caudoviricetes incertae sedis,Vequintavirus,Vequintavirus V5,,dsDNA
Vequintavirus,1914852,0.15,,,,,,0.26,,,0.19,0.36,,,,0.25,562.0,Escherichia coli,Duplodnaviria,Heunggongvirae,Uroviricota,Caudoviricetes,Caudoviricetes incertae sedis,Vequintavirus,unclassified Vequintavirus,,dsDNA
Vequintavirus,1914852,0.15,,,,,,0.26,,,0.19,0.36,,,,0.25,591946.0,Escherichia coli LF82,Duplodnaviria,Heunggongvirae,Uroviricota,Caudoviricetes,Caudoviricetes incertae sedis,Vequintavirus,Vequintavirus A512,,dsDNA
Vequintavirus,1914852,0.15,,,,,,0.26,,,0.19,0.36,,,,0.25,83333.0,Escherichia coli K-12,Duplodnaviria,Heunggongvirae,Uroviricota,Caudoviricetes,Caudoviricetes incertae sedis,Vequintavirus,Vequintavirus alexboehm,,dsDNA
Vequintavirus,1914852,0.15,,,,,,0.26,,,0.19,0.36,,,,0.25,562.0,Escherichia coli,Duplodnaviria,Heunggongvirae,Uroviricota,Caudoviricetes,Caudoviricetes incertae sedis,Vequintavirus,Vequintavirus nomine,Vequintavirus APECc02,dsDNA
Vequintavirus,1914852,0.15,,,,,,0.26,,,0.19,0.36,,,,0.25,83333.0,Escherichia coli K-12,Duplodnaviria,Heunggongvirae,Uroviricota,Caudoviricetes,Caudoviricetes incertae sedis,Vequintavirus,Vequintavirus murica,,dsDNA
Vequintavirus,1914852,0.15,,,,,,0.26,,,0.19,0.36,,,,0.25,83333.0,Escherichia coli K-12,Duplodnaviria,Heunggongvirae,Uroviricota,Caudoviricetes,Caudoviricetes incertae sedis,Vequintavirus,Vequintavirus drschubert,,dsDNA
Vequintavirus,1914852,0.15,,,,,,0.26,,,0.19,0.36,,,,0.25,562.0,Escherichia coli,Duplodnaviria,Heunggongvirae,Uroviricota,Caudoviricetes,Caudoviricetes incertae sedis,Vequintavirus,Vequintavirus murica,,dsDNA
Vequintavirus,1914852,0.15,,,,,,0.26,,,0.19,0.36,,,,0.25,83333.0,Escherichia coli K-12,Duplodnaviria,Heunggongvirae,Uroviricota,Caudoviricetes,Caudoviricetes incertae sedis,Vequintavirus,Vequintavirus eduardkellenberger,,dsDNA
Vequintavirus,1914852,0.15,,,,,,0.26,,,0.19,0.36,,,,0.25,83333.0,Escherichia coli K-12,Duplodnaviria,Heunggongvirae,Uroviricota,Caudoviricetes,Caudoviricetes incertae sedis,Vequintavirus,Vequintavirus emilheitz,,dsDNA
Vequintavirus,1914852,0.15,,,,,,0.26,,,0.19,0.36,,,,0.25,83334.0,Escherichia coli O157:H7,Duplodnaviria,Heunggongvirae,Uroviricota,Caudoviricetes,Caudoviricetes incertae sedis,Vequintavirus,Vequintavirus PDX,Vequintavirus FFH2,dsDNA
Vequintavirus,1914852,0.15,,,,,,0.26,,,0.19,0.36,,,,0.25,562.0,Escherichia coli,Duplodnaviria,Heunggongvirae,Uroviricota,Caudoviricetes,Caudoviricetes incertae sedis,Vequintavirus,Vequintavirus SYGMH1,Vequintavirus FV3,dsDNA
Vequintavirus,1914852,0.15,,,,,,0.26,,,0.19,0.36,,,,0.25,591946.0,Escherichia coli LF82,Duplodnaviria,Heunggongvirae,Uroviricota,Caudoviricetes,Caudoviricetes incertae sedis,Vequintavirus,unclassified Vequintavirus,,dsDNA
Vequintavirus,1914852,0.15,,,,,,0.26,,,0.19,0.36,,,,0.25,511145.0,Escherichia coli str. K-12 substr. MG1655,Duplodnaviria,Heunggongvirae,Uroviricota,Caudoviricetes,Caudoviricetes incertae sedis,Vequintavirus,Vequintavirus murica,,dsDNA
Vequintavirus,1914852,0.15,,,,,,0.26,,,0.19,0.36,,,,0.25,511145.0,Escherichia coli str. K-12 substr. MG1655,Duplodnaviria,Heunggongvirae,Uroviricota,Caudoviricetes,Caudoviricetes incertae sedis,Vequintavirus,unclassified Vequintavirus,,dsDNA
Vequintavirus,1914852,0.15,,,,,,0.26,,,0.19,0.36,,,,0.25,83333.0,Escherichia coli K-12,Duplodnaviria,Heunggongvirae,Uroviricota,Caudoviricetes,Caudoviricetes incertae sedis,Vequintavirus,Vequintavirus nomine,Vequintavirus APECc02,dsDNA
Vequintavirus,1914852,0.15,,,,,,0.26,,,0.19,0.36,,,,0.25,562.0,Escherichia coli,Duplodnaviria,Heunggongvirae,Uroviricota,Caudoviricetes,Caudoviricetes incertae sedis,Vequintavirus,Vequintavirus JEP1,,dsDNA
Vequintavirus,1914852,0.15,,,,,,0.26,,,0.19,0.36,,,,0.25,511145.0,Escherichia coli str. K-12 substr. MG1655,Duplodnaviria,Heunggongvirae,Uroviricota,Caudoviricetes,Caudoviricetes incertae sedis,Vequintavirus,Vequintavirus JES2013,,dsDNA
Vequintavirus,1914852,0.15,,,,,,0.26,,,0.19,0.36,,,,0.25,83333.0,Escherichia coli K-12,Duplodnaviria,Heunggongvirae,Uroviricota,Caudoviricetes,Caudoviricetes incertae sedis,Vequintavirus,Vequintavirus slur16,,dsDNA
Vequintavirus,1914852,0.15,,,,,,0.26,,,0.19,0.36,,,,0.25,561.0,Escherichia,Duplodnaviria,Heunggongvirae,Uroviricota,Caudoviricetes,Caudoviricetes incertae sedis,Vequintavirus,Vequintavirus LL12,,dsDNA
Vequintavirus,1914852,0.15,,,,,,0.26,,,0.19,0.36,,,,0.25,564.0,Escherichia fergusonii,Duplodnaviria,Heunggongvirae,Uroviricota,Caudoviricetes,Caudoviricetes incertae sedis,Vequintavirus,unclassified Vequintavirus,,dsDNA
Vequintavirus,1914852,0.15,,,,,,0.26,,,0.19,0.36,,,,0.25,83333.0,Escherichia coli K-12,Duplodnaviria,Heunggongvirae,Uroviricota,Caudoviricetes,Caudoviricetes incertae sedis,Vequintavirus,unclassified Vequintavirus,,dsDNA
Vequintavirus,1914852,0.15,,,,,,0.26,,,0.19,0.36,,,,0.25,83333.0,Escherichia coli K-12,Duplodnaviria,Heunggongvirae,Uroviricota,Caudoviricetes,Caudoviricetes incertae sedis,Vequintavirus,Vequintavirus maxburger,,dsDNA
Vequintavirus,1914852,0.15,,,,,,0.26,,,0.19,0.36,,,,0.25,511145.0,Escherichia coli str. K-12 substr. MG1655,Duplodnaviria,Heunggongvirae,Uroviricota,Caudoviricetes,Caudoviricetes incertae sedis,Vequintavirus,Vequintavirus slur16,,dsDNA
Vequintavirus,1914852,0.15,,,,,,0.26,,,0.19,0.36,,,,0.25,83333.0,Escherichia coli K-12,Duplodnaviria,Heunggongvirae,Uroviricota,Caudoviricetes,Caudoviricetes incertae sedis,Vequintavirus,Vequintavirus navn,,dsDNA
Vequintavirus,1914852,0.15,,,,,,0.26,,,0.19,0.36,,,,0.25,83333.0,Escherichia coli K-12,Duplodnaviria,Heunggongvirae,Uroviricota,Caudoviricetes,Caudoviricetes incertae sedis,Vequintavirus,Vequintavirus nom,,dsDNA
Vequintavirus,1914852,0.15,,,,,,0.26,,,0.19,0.36,,,,0.25,83333.0,Escherichia coli K-12,Duplodnaviria,Heunggongvirae,Uroviricota,Caudoviricetes,Caudoviricetes incertae sedis,Vequintavirus,Vequintavirus pangalan,,dsDNA
Vequintavirus,1914852,0.15,,,,,,0.26,,,0.19,0.36,,,,0.25,562.0,Escherichia coli,Duplodnaviria,Heunggongvirae,Uroviricota,Caudoviricetes,Caudoviricetes incertae sedis,Vequintavirus,Vequintavirus PDX,Vequintavirus FFH2,dsDNA
Vequintavirus,1914852,0.15,,,,,,0.26,,,0.19,0.36,,,,0.25,562.0,Escherichia coli,Duplodnaviria,Heunggongvirae,Uroviricota,Caudoviricetes,Caudoviricetes incertae sedis,Vequintavirus,Vequintavirus phiWec189,,dsDNA
Vequintavirus,1914852,0.15,,,,,,0.26,,,0.19,0.36,,,,0.25,562.0,Escherichia coli,Duplodnaviria,Heunggongvirae,Uroviricota,Caudoviricetes,Caudoviricetes incertae sedis,Vequintavirus,Vequintavirus phiWec191,,dsDNA
Vequintavirus,1914852,0.15,,,,,,0.26,,,0.19,0.36,,,,0.25,562.0,Escherichia coli,Duplodnaviria,Heunggongvirae,Uroviricota,Caudoviricetes,Caudoviricetes incertae sedis,Vequintavirus,Vequintavirus phiWec193,,dsDNA
Vequintavirus,1914852,0.15,,,,,,0.26,,,0.19,0.36,,,,0.25,561.0,Escherichia,Duplodnaviria,Heunggongvirae,Uroviricota,Caudoviricetes,Caudoviricetes incertae sedis,Vequintavirus,Vequintavirus rV5ev146,,dsDNA
Vequintavirus,1914852,0.15,,,,,,0.26,,,0.19,0.36,,,,0.25,561.0,Escherichia,Duplodnaviria,Heunggongvirae,Uroviricota,Caudoviricetes,Caudoviricetes incertae sedis,Vequintavirus,unclassified Vequintavirus,,dsDNA
Vequintavirus,1914852,0.15,,,,,,0.26,,,0.19,0.36,,,,0.25,562.0,Escherichia coli,Duplodnaviria,Heunggongvirae,Uroviricota,Caudoviricetes,Caudoviricetes incertae sedis,Vequintavirus,Vequintavirus slur16,,dsDNA
Vequintavirus,1914852,0.15,,,,,,0.26,,,0.19,0.36,,,,0.25,562.0,Escherichia coli,Duplodnaviria,Heunggongvirae,Uroviricota,Caudoviricetes,Caudoviricetes incertae sedis,Vequintavirus,Vequintavirus V18,,dsDNA
Vequintavirus,1914852,0.15,,,,,,0.26,,,0.19,0.36,,,,0.25,1045010.0,Escherichia coli O157,Duplodnaviria,Heunggongvirae,Uroviricota,Caudoviricetes,Caudoviricetes incertae sedis,Vequintavirus,Vequintavirus V5,,dsDNA
Vequintavirus,1914852,0.15,,,,,,0.26,,,0.19,0.36,,,,0.25,562.0,Escherichia coli,Duplodnaviria,Heunggongvirae,Uroviricota,Caudoviricetes,Caudoviricetes incertae sedis,Vequintavirus,Vequintavirus ECP26,,dsDNA
Vequintavirus,1914852,0.15,,,,,,0.26,,,0.19,0.36,,,,0.25,562.0,Escherichia coli,Duplodnaviria,Heunggongvirae,Uroviricota,Caudoviricetes,Caudoviricetes incertae sedis,Vequintavirus,Vequintavirus ECP32,,dsDNA
Vequintavirus,1914852,0.15,,,,,,0.26,,,0.19,0.36,,,,0.25,2056315.0,Escherichia coli O177,Duplodnaviria,Heunggongvirae,Uroviricota,Caudoviricetes,Caudoviricetes incertae sedis,Vequintavirus,unclassified Vequintavirus,,dsDNA
Vequintavirus,1914852,0.15,,,,,,0.26,,,0.19,0.36,,,,0.25,561.0,Escherichia,Duplodnaviria,Heunggongvirae,Uroviricota,Caudoviricetes,Caudoviricetes incertae sedis,Vequintavirus,Vequintavirus gotham,,dsDNA
Vequintavirus,1914852,0.15,,,,,,0.26,,,0.19,0.36,,,,0.25,562.0,Escherichia coli,Duplodnaviria,Heunggongvirae,Uroviricota,Caudoviricetes,Caudoviricetes incertae sedis,Vequintavirus,Vequintavirus HdK5,,dsDNA
Vequintavirus,1914852,0.15,,,,,,0.26,,,0.19,0.36,,,,0.25,562.0,Escherichia coli,Duplodnaviria,Heunggongvirae,Uroviricota,Caudoviricetes,Caudoviricetes incertae sedis,Vequintavirus,Vequintavirus sophiarose,,dsDNA
Vequintavirus,1914852,0.15,,,,,,0.26,,,0.19,0.36,,,,0.25,83333.0,Escherichia coli K-12,Duplodnaviria,Heunggongvirae,Uroviricota,Caudoviricetes,Caudoviricetes incertae sedis,Vequintavirus,Vequintavirus waltergehring,,dsDNA
Vequintavirus,1914852,0.15,,,,,,0.26,,,0.19,0.36,,,,0.25,562.0,Escherichia coli,Duplodnaviria,Heunggongvirae,Uroviricota,Caudoviricetes,Caudoviricetes incertae sedis,Vequintavirus,Vequintavirus YP6,,dsDNA
Vequintavirus,1914852,0.15,,,,,,0.26,,,0.19,0.36,,,,0.25,1010810.0,Escherichia coli O17 str. K12a,Duplodnaviria,Heunggongvirae,Uroviricota,Caudoviricetes,Caudoviricetes incertae sedis,Vequintavirus,unclassified Vequintavirus,,dsDNA
Vequintavirus,1914852,0.15,,,,,,0.26,,,0.19,0.36,,,,0.25,668369.0,Escherichia coli DH5[alpha],Duplodnaviria,Heunggongvirae,Uroviricota,Caudoviricetes,Caudoviricetes incertae sedis,Vequintavirus,Vequintavirus CM1,,dsDNA
Vequintavirus,1914852,0.15,,,,,,0.26,,,0.19,0.36,,,,0.25,,,Duplodnaviria,Heunggongvirae,Uroviricota,Caudoviricetes,Caudoviricetes incertae sedis,Vequintavirus,Vequintavirus Aya,,dsDNA
Obolenskvirus,1915205,,,,,,,0.39,,,,,,,,,470.0,Acinetobacter baumannii,Duplodnaviria,Heunggongvirae,Uroviricota,Caudoviricetes,Caudoviricetes incertae sedis,Obolenskvirus,unclassified Obolenskvirus,,dsDNA
Obolenskvirus,1915205,,,,,,,0.39,,,,,,,,,470.0,Acinetobacter baumannii,Duplodnaviria,Heunggongvirae,Uroviricota,Caudoviricetes,Caudoviricetes incertae sedis,Obolenskvirus,Obolenskvirus AB1,,dsDNA
Obolenskvirus,1915205,,,,,,,0.39,,,,,,,,,470.0,Acinetobacter baumannii,Duplodnaviria,Heunggongvirae,Uroviricota,Caudoviricetes,Caudoviricetes incertae sedis,Obolenskvirus,Obolenskvirus AbP2,,dsDNA
Obolenskvirus,1915205,,,,,,,0.39,,,,,,,,,470.0,Acinetobacter baumannii,Duplodnaviria,Heunggongvirae,Uroviricota,Caudoviricetes,Caudoviricetes incertae sedis,Obolenskvirus,Obolenskvirus AP22,,dsDNA
Obolenskvirus,1915205,,,,,,,0.39,,,,,,,,,470.0,Acinetobacter baumannii,Duplodnaviria,Heunggongvirae,Uroviricota,Caudoviricetes,Caudoviricetes incertae sedis,Obolenskvirus,Obolenskvirus LZ35,,dsDNA
Obolenskvirus,1915205,,,,,,,0.39,,,,,,,,,470.0,Acinetobacter baumannii,Duplodnaviria,Heunggongvirae,Uroviricota,Caudoviricetes,Caudoviricetes incertae sedis,Obolenskvirus,Obolenskvirus AB2,,dsDNA
Obolenskvirus,1915205,,,,,,,0.39,,,,,,,,,48296.0,Acinetobacter pittii,Duplodnaviria,Heunggongvirae,Uroviricota,Caudoviricetes,Caudoviricetes incertae sedis,Obolenskvirus,unclassified Obolenskvirus,,dsDNA
Obolenskvirus,1915205,,,,,,,0.39,,,,,,,,,470.0,Acinetobacter baumannii,Duplodnaviria,Heunggongvirae,Uroviricota,Caudoviricetes,Caudoviricetes incertae sedis,Obolenskvirus,Obolenskvirus WCHABP1,,dsDNA
Obolenskvirus,1915205,,,,,,,0.39,,,,,,,,,470.0,Acinetobacter baumannii,Duplodnaviria,Heunggongvirae,Uroviricota,Caudoviricetes,Caudoviricetes incertae sedis,Obolenskvirus,Obolenskvirus WCHABP12,,dsDNA
Obolenskvirus,1915205,,,,,,,0.39,,,,,,,,,106654.0,Acinetobacter nosocomialis,Duplodnaviria,Heunggongvirae,Uroviricota,Caudoviricetes,Caudoviricetes incertae sedis,Obolenskvirus,unclassified Obolenskvirus,,dsDNA
Obolenskvirus,1915205,,,,,,,0.39,,,,,,,,,470.0,Acinetobacter baumannii,Duplodnaviria,Heunggongvirae,Uroviricota,Caudoviricetes,Caudoviricetes incertae sedis,Obolenskvirus,Obolenskvirus AbC62,,dsDNA
Obolenskvirus,1915205,,,,,,,0.39,,,,,,,,,1280.0,Staphylococcus aureus,Duplodnaviria,Heunggongvirae,Uroviricota,Caudoviricetes,Caudoviricetes incertae sedis,Obolenskvirus,Obolenskvirus AbC62,,dsDNA
Mapvirus,1920750,0.13,,,,,,,,,,,,,,,1770.0,Mycobacterium avium subsp. paratuberculosis,Duplodnaviria,Heunggongvirae,Uroviricota,Caudoviricetes,Caudoviricetes incertae sedis,Mapvirus,Mapvirus Ff47,,dsDNA
Mapvirus,1920750,0.13,,,,,,,,,,,,,,,246196.0,Mycolicibacterium smegmatis MC2 155,Duplodnaviria,Heunggongvirae,Uroviricota,Caudoviricetes,Caudoviricetes incertae sedis,Mapvirus,Mapvirus Ff47,,dsDNA
Mapvirus,1920750,0.13,,,,,,,,,,,,,,,1074454.0,Mycobacterium avium subsp. paratuberculosis ATCC 19698,Duplodnaviria,Heunggongvirae,Uroviricota,Caudoviricetes,Caudoviricetes incertae sedis,Mapvirus,Mapvirus Ff47,,dsDNA
Mapvirus,1920750,0.13,,,,,,,,,,,,,,,246196.0,Mycolicibacterium smegmatis MC2 155,Duplodnaviria,Heunggongvirae,Uroviricota,Caudoviricetes,Caudoviricetes incertae sedis,Mapvirus,unclassified Mapvirus,,dsDNA
Mapvirus,1920750,0.13,,,,,,,,,,,,,,,36809.0,Mycobacteroides abscessus,Duplodnaviria,Heunggongvirae,Uroviricota,Caudoviricetes,Caudoviricetes incertae sedis,Mapvirus,Mapvirus Ff47,,dsDNA
Mapvirus,1920750,0.13,,,,,,,,,,,,,,,36809.0,Mycobacteroides abscessus,Duplodnaviria,Heunggongvirae,Uroviricota,Caudoviricetes,Caudoviricetes incertae sedis,Mapvirus,unclassified Mapvirus,,dsDNA
Mapvirus,1920750,0.13,,,,,,,,,,,,,,,1763.0,Mycobacterium,Duplodnaviria,Heunggongvirae,Uroviricota,Caudoviricetes,Caudoviricetes incertae sedis,Mapvirus,Mapvirus muddy,,dsDNA
Mapvirus,1920750,0.13,,,,,,,,,,,,,,,246196.0,Mycolicibacterium smegmatis MC2 155,Duplodnaviria,Heunggongvirae,Uroviricota,Caudoviricetes,Caudoviricetes incertae sedis,Mapvirus,Mapvirus muddy,,dsDNA
Mapvirus,1920750,0.13,,,,,,,,,,,,,,,1763.0,Mycobacterium,Duplodnaviria,Heunggongvirae,Uroviricota,Caudoviricetes,Caudoviricetes incertae sedis,Mapvirus,unclassified Mapvirus,,dsDNA
Gamaleyavirus,1920753,0.19,,,0.02,,,,,,0.21,,,,,0.15,1884818.0,Escherichia sp.,Duplodnaviria,Heunggongvirae,Uroviricota,Caudoviricetes,Caudoviricetes incertae sedis,Schitoviridae,Enquatrovirinae,Gamaleyavirus,dsDNA
Gamaleyavirus,1920753,0.19,,,0.02,,,,,,0.21,,,,,0.15,561.0,Escherichia,Duplodnaviria,Heunggongvirae,Uroviricota,Caudoviricetes,Caudoviricetes incertae sedis,Schitoviridae,Enquatrovirinae,Gamaleyavirus,dsDNA
Gamaleyavirus,1920753,0.19,,,0.02,,,,,,0.21,,,,,0.15,570.0,Klebsiella,Duplodnaviria,Heunggongvirae,Uroviricota,Caudoviricetes,Caudoviricetes incertae sedis,Schitoviridae,Enquatrovirinae,Gamaleyavirus,dsDNA
Gamaleyavirus,1920753,0.19,,,0.02,,,,,,0.21,,,,,0.15,621.0,Shigella boydii,Duplodnaviria,Heunggongvirae,Uroviricota,Caudoviricetes,Caudoviricetes incertae sedis,Schitoviridae,Enquatrovirinae,Gamaleyavirus,dsDNA
Litunavirus,1920762,0.24,,,,,,,,,,,,0.01,,,208964.0,Pseudomonas aeruginosa PAO1,Duplodnaviria,Heunggongvirae,Uroviricota,Caudoviricetes,Caudoviricetes incertae sedis,Schitoviridae,Migulavirinae,Litunavirus,dsDNA
Litunavirus,1920762,0.24,,,,,,,,,,,,0.01,,,287.0,Pseudomonas aeruginosa,Duplodnaviria,Heunggongvirae,Uroviricota,Caudoviricetes,Caudoviricetes incertae sedis,Schitoviridae,Migulavirinae,Litunavirus,dsDNA
Litunavirus,1920762,0.24,,,,,,,,,,,,0.01,,,286.0,Pseudomonas,Duplodnaviria,Heunggongvirae,Uroviricota,Caudoviricetes,Caudoviricetes incertae sedis,Schitoviridae,Migulavirinae,Litunavirus,dsDNA
Litunavirus,1920762,0.24,,,,,,,,,,,,0.01,,,306.0,Pseudomonas sp.,Duplodnaviria,Heunggongvirae,Uroviricota,Caudoviricetes,Caudoviricetes incertae sedis,Schitoviridae,Migulavirinae,Litunavirus,dsDNA
Litunavirus,1920762,0.24,,,,,,,,,,,,0.01,,,1424337.0,Pseudomonas aeruginosa ATCC 15442,Duplodnaviria,Heunggongvirae,Uroviricota,Caudoviricetes,Caudoviricetes incertae sedis,Schitoviridae,Migulavirinae,Litunavirus,dsDNA
Drulisvirus,1920774,0.2,,0.42,0.02,,,0.26,,,,,,,0.09,0.19,470.0,Acinetobacter baumannii,Duplodnaviria,Heunggongvirae,Uroviricota,Caudoviricetes,Autographivirales,Autoscriptoviridae,Slopekvirinae,Drulisvirus,dsDNA
Drulisvirus,1920774,0.2,,0.42,0.02,,,0.26,,,,,,,0.09,0.19,573.0,Klebsiella pneumoniae,Duplodnaviria,Heunggongvirae,Uroviricota,Caudoviricetes,Autographivirales,Autoscriptoviridae,Slopekvirinae,Drulisvirus,dsDNA
Drulisvirus,1920774,0.2,,0.42,0.02,,,0.26,,,,,,,0.09,0.19,562.0,Escherichia coli,Duplodnaviria,Heunggongvirae,Uroviricota,Caudoviricetes,Autographivirales,Autoscriptoviridae,Slopekvirinae,Drulisvirus,dsDNA
Drulisvirus,1920774,0.2,,0.42,0.02,,,0.26,,,,,,,0.09,0.19,576.0,Klebsiella sp.,Duplodnaviria,Heunggongvirae,Uroviricota,Caudoviricetes,Autographivirales,Autoscriptoviridae,Slopekvirinae,Drulisvirus,dsDNA
Drulisvirus,1920774,0.2,,0.42,0.02,,,0.26,,,,,,,0.09,0.19,484021.0,Klebsiella pneumoniae subsp. pneumoniae NTUH-K2044,Duplodnaviria,Heunggongvirae,Uroviricota,Caudoviricetes,Autographivirales,Autoscriptoviridae,Slopekvirinae,Drulisvirus,dsDNA
Drulisvirus,1920774,0.2,,0.42,0.02,,,0.26,,,,,,,0.09,0.19,72407.0,Klebsiella pneumoniae subsp. pneumoniae,Duplodnaviria,Heunggongvirae,Uroviricota,Caudoviricetes,Autographivirales,Autoscriptoviridae,Slopekvirinae,Drulisvirus,dsDNA
Drulisvirus,1920774,0.2,,0.42,0.02,,,0.26,,,,,,,0.09,0.19,1134687.0,Klebsiella michiganensis,Duplodnaviria,Heunggongvirae,Uroviricota,Caudoviricetes,Autographivirales,Autoscriptoviridae,Slopekvirinae,Drulisvirus,dsDNA
Drulisvirus,1920774,0.2,,0.42,0.02,,,0.26,,,,,,,0.09,0.19,1316582.0,Klebsiella pneumoniae ATCC 43816,Duplodnaviria,Heunggongvirae,Uroviricota,Caudoviricetes,Autographivirales,Autoscriptoviridae,Slopekvirinae,Drulisvirus,dsDNA
Drulisvirus,1920774,0.2,,0.42,0.02,,,0.26,,,,,,,0.09,0.19,1384549.0,Klebsiella pneumoniae subsp. pneumoniae KKBO-1,Duplodnaviria,Heunggongvirae,Uroviricota,Caudoviricetes,Autographivirales,Autoscriptoviridae,Slopekvirinae,Drulisvirus,dsDNA
Drulisvirus,1920774,0.2,,0.42,0.02,,,0.26,,,,,,,0.09,0.19,570.0,Klebsiella,Duplodnaviria,Heunggongvirae,Uroviricota,Caudoviricetes,Autographivirales,Autoscriptoviridae,Slopekvirinae,Drulisvirus,dsDNA
Drulisvirus,1920774,0.2,,0.42,0.02,,,0.26,,,,,,,0.09,0.19,,,Duplodnaviria,Heunggongvirae,Uroviricota,Caudoviricetes,Autographivirales,Autoscriptoviridae,Slopekvirinae,Drulisvirus,dsDNA
Webervirus,1920860,0.17,0.41,,0.02,0.41,,1.85,,,0.26,0.4,0.34,,,0.35,548.0,Klebsiella aerogenes,Duplodnaviria,Heunggongvirae,Uroviricota,Caudoviricetes,Caudoviricetes incertae sedis,Drexlerviridae,Webervirus,Webervirus F20,dsDNA
Webervirus,1920860,0.17,0.41,,0.02,0.41,,1.85,,,0.26,0.4,0.34,,,0.35,573.0,Klebsiella pneumoniae,Duplodnaviria,Heunggongvirae,Uroviricota,Caudoviricetes,Caudoviricetes incertae sedis,Drexlerviridae,Webervirus,Webervirus 066039,dsDNA
Webervirus,1920860,0.17,0.41,,0.02,0.41,,1.85,,,0.26,0.4,0.34,,,0.35,576.0,Klebsiella sp.,Duplodnaviria,Heunggongvirae,Uroviricota,Caudoviricetes,Caudoviricetes incertae sedis,Drexlerviridae,Webervirus,Webervirus wv13,dsDNA
Webervirus,1920860,0.17,0.41,,0.02,0.41,,1.85,,,0.26,0.4,0.34,,,0.35,570.0,Klebsiella,Duplodnaviria,Heunggongvirae,Uroviricota,Caudoviricetes,Caudoviricetes incertae sedis,Drexlerviridae,Webervirus,Webervirus B1,dsDNA
Webervirus,1920860,0.17,0.41,,0.02,0.41,,1.85,,,0.26,0.4,0.34,,,0.35,1205678.0,Klebsiella pneumoniae subsp. pneumoniae CIP 52.145 = B5055,Duplodnaviria,Heunggongvirae,Uroviricota,Caudoviricetes,Caudoviricetes incertae sedis,Drexlerviridae,Webervirus,Webervirus cp1,dsDNA
Webervirus,1920860,0.17,0.41,,0.02,0.41,,1.85,,,0.26,0.4,0.34,,,0.35,1420013.0,Klebsiella pneumoniae 30684/NJST258_2,Duplodnaviria,Heunggongvirae,Uroviricota,Caudoviricetes,Caudoviricetes incertae sedis,Drexlerviridae,Webervirus,Webervirus cp17,dsDNA
Webervirus,1920860,0.17,0.41,,0.02,0.41,,1.85,,,0.26,0.4,0.34,,,0.35,72407.0,Klebsiella pneumoniae subsp. pneumoniae,Duplodnaviria,Heunggongvirae,Uroviricota,Caudoviricetes,Caudoviricetes incertae sedis,Drexlerviridae,Webervirus,Webervirus KLPN1,dsDNA
Webervirus,1920860,0.17,0.41,,0.02,0.41,,1.85,,,0.26,0.4,0.34,,,0.35,571.0,Klebsiella oxytoca,Duplodnaviria,Heunggongvirae,Uroviricota,Caudoviricetes,Caudoviricetes incertae sedis,Drexlerviridae,Webervirus,Webervirus KOX1,dsDNA
Webervirus,1920860,0.17,0.41,,0.02,0.41,,1.85,,,0.26,0.4,0.34,,,0.35,1049565.0,Klebsiella pneumoniae KCTC 2242,Duplodnaviria,Heunggongvirae,Uroviricota,Caudoviricetes,Caudoviricetes incertae sedis,Drexlerviridae,Webervirus,Webervirus KPP2020,dsDNA
Webervirus,1920860,0.17,0.41,,0.02,0.41,,1.85,,,0.26,0.4,0.34,,,0.35,1379687.0,Klebsiella pneumoniae subsp. pneumoniae BJ1-GA,Duplodnaviria,Heunggongvirae,Uroviricota,Caudoviricetes,Caudoviricetes incertae sedis,Drexlerviridae,Webervirus,unclassified Webervirus,dsDNA
Webervirus,1920860,0.17,0.41,,0.02,0.41,,1.85,,,0.26,0.4,0.34,,,0.35,507522.0,Klebsiella variicola 342,Duplodnaviria,Heunggongvirae,Uroviricota,Caudoviricetes,Caudoviricetes incertae sedis,Drexlerviridae,Webervirus,Webervirus mtp17,dsDNA
Webervirus,1920860,0.17,0.41,,0.02,0.41,,1.85,,,0.26,0.4,0.34,,,0.35,1379688.0,Klebsiella pneumoniae subsp. pneumoniae SA1,Duplodnaviria,Heunggongvirae,Uroviricota,Caudoviricetes,Caudoviricetes incertae sedis,Drexlerviridae,Webervirus,unclassified Webervirus,dsDNA
Webervirus,1920860,0.17,0.41,,0.02,0.41,,1.85,,,0.26,0.4,0.34,,,0.35,1244085.0,Klebsiella pneumoniae CG43,Duplodnaviria,Heunggongvirae,Uroviricota,Caudoviricetes,Caudoviricetes incertae sedis,Drexlerviridae,Webervirus,Webervirus mtp31,dsDNA
Webervirus,1920860,0.17,0.41,,0.02,0.41,,1.85,,,0.26,0.4,0.34,,,0.35,1087440.0,Klebsiella pneumoniae subsp. pneumoniae KPNIH1,Duplodnaviria,Heunggongvirae,Uroviricota,Caudoviricetes,Caudoviricetes incertae sedis,Drexlerviridae,Webervirus,Webervirus mezzogao,dsDNA
Webervirus,1920860,0.17,0.41,,0.02,0.41,,1.85,,,0.26,0.4,0.34,,,0.35,244366.0,Klebsiella variicola,Duplodnaviria,Heunggongvirae,Uroviricota,Caudoviricetes,Caudoviricetes incertae sedis,Drexlerviridae,Webervirus,unclassified Webervirus,dsDNA
Webervirus,1920860,0.17,0.41,,0.02,0.41,,1.85,,,0.26,0.4,0.34,,,0.35,484021.0,Klebsiella pneumoniae subsp. pneumoniae NTUH-K2044,Duplodnaviria,Heunggongvirae,Uroviricota,Caudoviricetes,Caudoviricetes incertae sedis,Drexlerviridae,Webervirus,unclassified Webervirus,dsDNA
Webervirus,1920860,0.17,0.41,,0.02,0.41,,1.85,,,0.26,0.4,0.34,,,0.35,625.0,Shigella sp.,Duplodnaviria,Heunggongvirae,Uroviricota,Caudoviricetes,Caudoviricetes incertae sedis,Drexlerviridae,Webervirus,unclassified Webervirus,dsDNA
Webervirus,1920860,0.17,0.41,,0.02,0.41,,1.85,,,0.26,0.4,0.34,,,0.35,40324.0,Stenotrophomonas maltophilia,Duplodnaviria,Heunggongvirae,Uroviricota,Caudoviricetes,Caudoviricetes incertae sedis,Drexlerviridae,Webervirus,Webervirus BUCT705,dsDNA
Tlsvirus,1920865,,,0.39,,,,,,,,,,,,,184912.0,Citrobacter sp. TSA-1,Duplodnaviria,Heunggongvirae,Uroviricota,Caudoviricetes,Caudoviricetes incertae sedis,Drexlerviridae,Tempevirinae,Tlsvirus,dsDNA
Tlsvirus,1920865,,,0.39,,,,,,,,,,,,,546.0,Citrobacter freundii,Duplodnaviria,Heunggongvirae,Uroviricota,Caudoviricetes,Caudoviricetes incertae sedis,Drexlerviridae,Tempevirinae,Tlsvirus,dsDNA
Tlsvirus,1920865,,,0.39,,,,,,,,,,,,,544.0,Citrobacter,Duplodnaviria,Heunggongvirae,Uroviricota,Caudoviricetes,Caudoviricetes incertae sedis,Drexlerviridae,Tempevirinae,Tlsvirus,dsDNA
Tlsvirus,1920865,,,0.39,,,,,,,,,,,,,679895.0,Escherichia coli BW25113,Duplodnaviria,Heunggongvirae,Uroviricota,Caudoviricetes,Caudoviricetes incertae sedis,Drexlerviridae,Tempevirinae,Tlsvirus,dsDNA
Tlsvirus,1920865,,,0.39,,,,,,,,,,,,,37762.0,Escherichia coli B,Duplodnaviria,Heunggongvirae,Uroviricota,Caudoviricetes,Caudoviricetes incertae sedis,Drexlerviridae,Tempevirinae,Tlsvirus,dsDNA
Tlsvirus,1920865,,,0.39,,,,,,,,,,,,,28901.0,Salmonella enterica,Duplodnaviria,Heunggongvirae,Uroviricota,Caudoviricetes,Caudoviricetes incertae sedis,Drexlerviridae,Tempevirinae,Tlsvirus,dsDNA
Tlsvirus,1920865,,,0.39,,,,,,,,,,,,,594.0,Salmonella enterica subsp. enterica serovar Gallinarum,Duplodnaviria,Heunggongvirae,Uroviricota,Caudoviricetes,Caudoviricetes incertae sedis,Drexlerviridae,Tempevirinae,Tlsvirus,dsDNA
Tlsvirus,1920865,,,0.39,,,,,,,,,,,,,54388.0,Salmonella enterica subsp. enterica serovar Paratyphi A,Duplodnaviria,Heunggongvirae,Uroviricota,Caudoviricetes,Caudoviricetes incertae sedis,Drexlerviridae,Tempevirinae,Tlsvirus,dsDNA
Tlsvirus,1920865,,,0.39,,,,,,,,,,,,,57045.0,Salmonella enterica subsp. enterica serovar Paratyphi B,Duplodnaviria,Heunggongvirae,Uroviricota,Caudoviricetes,Caudoviricetes incertae sedis,Drexlerviridae,Tempevirinae,Tlsvirus,dsDNA
Tlsvirus,1920865,,,0.39,,,,,,,,,,,,,90370.0,Salmonella enterica subsp. enterica serovar Typhi,Duplodnaviria,Heunggongvirae,Uroviricota,Caudoviricetes,Caudoviricetes incertae sedis,Drexlerviridae,Tempevirinae,Tlsvirus,dsDNA
Tlsvirus,1920865,,,0.39,,,,,,,,,,,,,90371.0,Salmonella enterica subsp. enterica serovar Typhimurium,Duplodnaviria,Heunggongvirae,Uroviricota,Caudoviricetes,Caudoviricetes incertae sedis,Drexlerviridae,Tempevirinae,Tlsvirus,dsDNA
Tlsvirus,1920865,,,0.39,,,,,,,,,,,,,149539.0,Salmonella enterica subsp. enterica serovar Enteritidis,Duplodnaviria,Heunggongvirae,Uroviricota,Caudoviricetes,Caudoviricetes incertae sedis,Drexlerviridae,Tempevirinae,Tlsvirus,dsDNA
Tlsvirus,1920865,,,0.39,,,,,,,,,,,,,599.0,Salmonella sp.,Duplodnaviria,Heunggongvirae,Uroviricota,Caudoviricetes,Caudoviricetes incertae sedis,Drexlerviridae,Tempevirinae,Tlsvirus,dsDNA
Tlsvirus,1920865,,,0.39,,,,,,,,,,,,,192955.0,Salmonella enterica subsp. enterica serovar Kentucky,Duplodnaviria,Heunggongvirae,Uroviricota,Caudoviricetes,Caudoviricetes incertae sedis,Drexlerviridae,Tempevirinae,Tlsvirus,dsDNA
Tlsvirus,1920865,,,0.39,,,,,,,,,,,,,605.0,Salmonella enterica subsp. enterica serovar Pullorum,Duplodnaviria,Heunggongvirae,Uroviricota,Caudoviricetes,Caudoviricetes incertae sedis,Drexlerviridae,Tempevirinae,Tlsvirus,dsDNA
Tlsvirus,1920865,,,0.39,,,,,,,,,,,,,595.0,Salmonella enterica subsp. enterica serovar Infantis,Duplodnaviria,Heunggongvirae,Uroviricota,Caudoviricetes,Caudoviricetes incertae sedis,Drexlerviridae,Tempevirinae,Tlsvirus,dsDNA
Tlsvirus,1920865,,,0.39,,,,,,,,,,,,,363569.0,Salmonella enterica subsp. enterica serovar Javiana,Duplodnaviria,Heunggongvirae,Uroviricota,Caudoviricetes,Caudoviricetes incertae sedis,Drexlerviridae,Tempevirinae,Tlsvirus,dsDNA
Tlsvirus,1920865,,,0.39,,,,,,,,,,,,,90105.0,Salmonella enterica subsp. enterica serovar Saintpaul,Duplodnaviria,Heunggongvirae,Uroviricota,Caudoviricetes,Caudoviricetes incertae sedis,Drexlerviridae,Tempevirinae,Tlsvirus,dsDNA
Tlsvirus,1920865,,,0.39,,,,,,,,,,,,,1311.0,Streptococcus agalactiae,Duplodnaviria,Heunggongvirae,Uroviricota,Caudoviricetes,Caudoviricetes incertae sedis,Drexlerviridae,Tempevirinae,Tlsvirus,dsDNA
Pakpunavirus,1921407,0.11,,,,,,,,,,,,,,,3374103.0,Limnohabitans sp. DCL3,Duplodnaviria,Heunggongvirae,Uroviricota,Caudoviricetes,Caudoviricetes incertae sedis,Vandenendeviridae,Skurskavirinae,Pakpunavirus,dsDNA
Pakpunavirus,1921407,0.11,,,,,,,,,,,,,,,287.0,Pseudomonas aeruginosa,Duplodnaviria,Heunggongvirae,Uroviricota,Caudoviricetes,Caudoviricetes incertae sedis,Vandenendeviridae,Skurskavirinae,Pakpunavirus,dsDNA
Pakpunavirus,1921407,0.11,,,,,,,,,,,,,,,208964.0,Pseudomonas aeruginosa PAO1,Duplodnaviria,Heunggongvirae,Uroviricota,Caudoviricetes,Caudoviricetes incertae sedis,Vandenendeviridae,Skurskavirinae,Pakpunavirus,dsDNA
Pakpunavirus,1921407,0.11,,,,,,,,,,,,,,,1009714.0,Pseudomonas aeruginosa PAK,Duplodnaviria,Heunggongvirae,Uroviricota,Caudoviricetes,Caudoviricetes incertae sedis,Vandenendeviridae,Skurskavirinae,Pakpunavirus,dsDNA
Pakpunavirus,1921407,0.11,,,,,,,,,,,,,,,1279007.0,Pseudomonas aeruginosa PA1,Duplodnaviria,Heunggongvirae,Uroviricota,Caudoviricetes,Caudoviricetes incertae sedis,Vandenendeviridae,Skurskavirinae,Pakpunavirus,dsDNA
Pakpunavirus,1921407,0.11,,,,,,,,,,,,,,,1424337.0,Pseudomonas aeruginosa ATCC 15442,Duplodnaviria,Heunggongvirae,Uroviricota,Caudoviricetes,Caudoviricetes incertae sedis,Vandenendeviridae,Skurskavirinae,Pakpunavirus,dsDNA
Septimatrevirus,1921544,0.1,,,,,,0.81,,,,,,,,0.1,287.0,Pseudomonas aeruginosa,Duplodnaviria,Heunggongvirae,Uroviricota,Caudoviricetes,Caudoviricetes incertae sedis,Septimatrevirus,Septimatrevirus C1,Septimatrevirus sv73,dsDNA
Septimatrevirus,1921544,0.1,,,,,,0.81,,,,,,,,0.1,287.0,Pseudomonas aeruginosa,Duplodnaviria,Heunggongvirae,Uroviricota,Caudoviricetes,Caudoviricetes incertae sedis,Septimatrevirus,unclassified Septimatrevirus,,dsDNA
Septimatrevirus,1921544,0.1,,,,,,0.81,,,,,,,,0.1,287.0,Pseudomonas aeruginosa,Duplodnaviria,Heunggongvirae,Uroviricota,Caudoviricetes,Caudoviricetes incertae sedis,Septimatrevirus,Septimatrevirus PX5,,dsDNA
Septimatrevirus,1921544,0.1,,,,,,0.81,,,,,,,,0.1,306.0,Pseudomonas sp.,Duplodnaviria,Heunggongvirae,Uroviricota,Caudoviricetes,Caudoviricetes incertae sedis,Septimatrevirus,Septimatrevirus epa40,,dsDNA
Septimatrevirus,1921544,0.1,,,,,,0.81,,,,,,,,0.1,306.0,Pseudomonas sp.,Duplodnaviria,Heunggongvirae,Uroviricota,Caudoviricetes,Caudoviricetes incertae sedis,Septimatrevirus,unclassified Septimatrevirus,,dsDNA
Septimatrevirus,1921544,0.1,,,,,,0.81,,,,,,,,0.1,287.0,Pseudomonas aeruginosa,Duplodnaviria,Heunggongvirae,Uroviricota,Caudoviricetes,Caudoviricetes incertae sedis,Septimatrevirus,Septimatrevirus guyu,,dsDNA
Septimatrevirus,1921544,0.1,,,,,,0.81,,,,,,,,0.1,1123015.0,Pseudomonas aeruginosa DSM 50071 = NBRC 12689,Duplodnaviria,Heunggongvirae,Uroviricota,Caudoviricetes,Caudoviricetes incertae sedis,Septimatrevirus,unclassified Septimatrevirus,,dsDNA
Septimatrevirus,1921544,0.1,,,,,,0.81,,,,,,,,0.1,287.0,Pseudomonas aeruginosa,Duplodnaviria,Heunggongvirae,Uroviricota,Caudoviricetes,Caudoviricetes incertae sedis,Septimatrevirus,Septimatrevirus kaya,,dsDNA
Septimatrevirus,1921544,0.1,,,,,,0.81,,,,,,,,0.1,287.0,Pseudomonas aeruginosa,Duplodnaviria,Heunggongvirae,Uroviricota,Caudoviricetes,Caudoviricetes incertae sedis,Septimatrevirus,Septimatrevirus kopi,,dsDNA
Septimatrevirus,1921544,0.1,,,,,,0.81,,,,,,,,0.1,287.0,Pseudomonas aeruginosa,Duplodnaviria,Heunggongvirae,Uroviricota,Caudoviricetes,Caudoviricetes incertae sedis,Septimatrevirus,Septimatrevirus kakheti25,,dsDNA
Septimatrevirus,1921544,0.1,,,,,,0.81,,,,,,,,0.1,317.0,Pseudomonas syringae,Duplodnaviria,Heunggongvirae,Uroviricota,Caudoviricetes,Caudoviricetes incertae sedis,Septimatrevirus,unclassified Septimatrevirus,,dsDNA
Septimatrevirus,1921544,0.1,,,,,,0.81,,,,,,,,0.1,287.0,Pseudomonas aeruginosa,Duplodnaviria,Heunggongvirae,Uroviricota,Caudoviricetes,Caudoviricetes incertae sedis,Septimatrevirus,Septimatrevirus tehO,,dsDNA
Septimatrevirus,1921544,0.1,,,,,,0.81,,,,,,,,0.1,287.0,Pseudomonas aeruginosa,Duplodnaviria,Heunggongvirae,Uroviricota,Caudoviricetes,Caudoviricetes incertae sedis,Septimatrevirus,Septimatrevirus UFRH1,,dsDNA
Septimatrevirus,1921544,0.1,,,,,,0.81,,,,,,,,0.1,208964.0,Pseudomonas aeruginosa PAO1,Duplodnaviria,Heunggongvirae,Uroviricota,Caudoviricetes,Caudoviricetes incertae sedis,Septimatrevirus,unclassified Septimatrevirus,,dsDNA
Septimatrevirus,1921544,0.1,,,,,,0.81,,,,,,,,0.1,287.0,Pseudomonas aeruginosa,Duplodnaviria,Heunggongvirae,Uroviricota,Caudoviricetes,Caudoviricetes incertae sedis,Septimatrevirus,Septimatrevirus yazdi,,dsDNA
Septimatrevirus,1921544,0.1,,,,,,0.81,,,,,,,,0.1,287.0,Pseudomonas aeruginosa,Duplodnaviria,Heunggongvirae,Uroviricota,Caudoviricetes,Caudoviricetes incertae sedis,Septimatrevirus,Septimatrevirus Ab26,,dsDNA
Septimatrevirus,1921544,0.1,,,,,,0.81,,,,,,,,0.1,287.0,Pseudomonas aeruginosa,Duplodnaviria,Heunggongvirae,Uroviricota,Caudoviricetes,Caudoviricetes incertae sedis,Septimatrevirus,Septimatrevirus SCUTS3,,dsDNA
Septimatrevirus,1921544,0.1,,,,,,0.81,,,,,,,,0.1,286.0,Pseudomonas,Duplodnaviria,Heunggongvirae,Uroviricota,Caudoviricetes,Caudoviricetes incertae sedis,Septimatrevirus,unclassified Septimatrevirus,,dsDNA
Septimatrevirus,1921544,0.1,,,,,,0.81,,,,,,,,0.1,208964.0,Pseudomonas aeruginosa PAO1,Duplodnaviria,Heunggongvirae,Uroviricota,Caudoviricetes,Caudoviricetes incertae sedis,Septimatrevirus,Septimatrevirus kakheti25,,dsDNA
Septimatrevirus,1921544,0.1,,,,,,0.81,,,,,,,,0.1,317.0,Pseudomonas syringae,Duplodnaviria,Heunggongvirae,Uroviricota,Caudoviricetes,Caudoviricetes incertae sedis,Septimatrevirus,,,dsDNA
Septimatrevirus,1921544,0.1,,,,,,0.81,,,,,,,,0.1,40324.0,Stenotrophomonas maltophilia,Duplodnaviria,Heunggongvirae,Uroviricota,Caudoviricetes,Caudoviricetes incertae sedis,Septimatrevirus,Septimatrevirus DLP1,,dsDNA
Septimatrevirus,1921544,0.1,,,,,,0.81,,,,,,,,0.1,40324.0,Stenotrophomonas maltophilia,Duplodnaviria,Heunggongvirae,Uroviricota,Caudoviricetes,Caudoviricetes incertae sedis,Septimatrevirus,Septimatrevirus DLP2,,dsDNA
Septimatrevirus,1921544,0.1,,,,,,0.81,,,,,,,,0.1,40324.0,Stenotrophomonas maltophilia,Duplodnaviria,Heunggongvirae,Uroviricota,Caudoviricetes,Caudoviricetes incertae sedis,Septimatrevirus,unclassified Septimatrevirus,,dsDNA
Septimatrevirus,1921544,0.1,,,,,,0.81,,,,,,,,0.1,29446.0,Xanthomonas sp.,Duplodnaviria,Heunggongvirae,Uroviricota,Caudoviricetes,Caudoviricetes incertae sedis,Septimatrevirus,unclassified Septimatrevirus,,dsDNA
Septimatrevirus,1921544,0.1,,,,,,0.81,,,,,,,,0.1,29446.0,Xanthomonas sp.,Duplodnaviria,Heunggongvirae,Uroviricota,Caudoviricetes,Caudoviricetes incertae sedis,Septimatrevirus,Septimatrevirus samson,,dsDNA
Septimatrevirus,1921544,0.1,,,,,,0.81,,,,,,,,0.1,195709.0,Xanthomonas arboricola pv. juglandis,Duplodnaviria,Heunggongvirae,Uroviricota,Caudoviricetes,Caudoviricetes incertae sedis,Septimatrevirus,Septimatrevirus DoCa1,,dsDNA
Septimatrevirus,1921544,0.1,,,,,,0.81,,,,,,,,0.1,195709.0,Xanthomonas arboricola pv. juglandis,Duplodnaviria,Heunggongvirae,Uroviricota,Caudoviricetes,Caudoviricetes incertae sedis,Septimatrevirus,unclassified Septimatrevirus,,dsDNA
Gemykibivirus,1941236,0.37,2.24,,,0.75,,0.57,5.26,2.39,0.19,0.35,3.97,,,0.37,9662.0,Meles meles,Monodnaviria,Shotokuvirae,Cressdnaviricota,Repensiviricetes,Geplafuvirales,Genomoviridae,Gemykibivirus,Gemykibivirus badas1,
Gemykibivirus,1941236,0.37,2.24,,,0.75,,0.57,5.26,2.39,0.19,0.35,3.97,,,0.37,175524.0,Hipposideros larvatus,Monodnaviria,Shotokuvirae,Cressdnaviricota,Repensiviricetes,Geplafuvirales,Genomoviridae,Gemykibivirus,Gemykibivirus hipla1,
Gemykibivirus,1941236,0.37,2.24,,,0.75,,0.57,5.26,2.39,0.19,0.35,3.97,,,0.37,7038.0,Bemisia tabaci,Monodnaviria,Shotokuvirae,Cressdnaviricota,Repensiviricetes,Geplafuvirales,Genomoviridae,Gemykibivirus,Gemykibivirus bemta1,
Gemykibivirus,1941236,0.37,2.24,,,0.75,,0.57,5.26,2.39,0.19,0.35,3.97,,,0.37,228564.0,Petroica traversi,Monodnaviria,Shotokuvirae,Cressdnaviricota,Repensiviricetes,Geplafuvirales,Genomoviridae,Gemykibivirus,Gemykibivirus blaro1,
Gemykibivirus,1941236,0.37,2.24,,,0.75,,0.57,5.26,2.39,0.19,0.35,3.97,,,0.37,9187.0,Turdus merula,Monodnaviria,Shotokuvirae,Cressdnaviricota,Repensiviricetes,Geplafuvirales,Genomoviridae,Gemykibivirus,Gemykibivirus blabi1,
Gemykibivirus,1941236,0.37,2.24,,,0.75,,0.57,5.26,2.39,0.19,0.35,3.97,,,0.37,9913.0,Bos taurus,Monodnaviria,Shotokuvirae,Cressdnaviricota,Repensiviricetes,Geplafuvirales,Genomoviridae,Gemykibivirus,Gemykibivirus bovas1,
Gemykibivirus,1941236,0.37,2.24,,,0.75,,0.57,5.26,2.39,0.19,0.35,3.97,,,0.37,9615.0,Canis lupus familiaris,Monodnaviria,Shotokuvirae,Cressdnaviricota,Repensiviricetes,Geplafuvirales,Genomoviridae,Gemykibivirus,Gemykibivirus canfam1,
Gemykibivirus,1941236,0.37,2.24,,,0.75,,0.57,5.26,2.39,0.19,0.35,3.97,,,0.37,1.0,root,Monodnaviria,Shotokuvirae,Cressdnaviricota,Repensiviricetes,Geplafuvirales,Genomoviridae,Gemykibivirus,Gemykibivirus hydro3,
Gemykibivirus,1941236,0.37,2.24,,,0.75,,0.57,5.26,2.39,0.19,0.35,3.97,,,0.37,9903.0,Bos,Monodnaviria,Shotokuvirae,Cressdnaviricota,Repensiviricetes,Geplafuvirales,Genomoviridae,Gemykibivirus,Gemykibivirus cowchi1,
Gemykibivirus,1941236,0.37,2.24,,,0.75,,0.57,5.26,2.39,0.19,0.35,3.97,,,0.37,9031.0,Gallus gallus,Monodnaviria,Shotokuvirae,Cressdnaviricota,Repensiviricetes,Geplafuvirales,Genomoviridae,Gemykibivirus,Gemykibivirus galga3,
Gemykibivirus,1941236,0.37,2.24,,,0.75,,0.57,5.26,2.39,0.19,0.35,3.97,,,0.37,388978.0,Cybaeus,Monodnaviria,Shotokuvirae,Cressdnaviricota,Repensiviricetes,Geplafuvirales,Genomoviridae,Gemykibivirus,Gemykibivirus cybusi1,
Gemykibivirus,1941236,0.37,2.24,,,0.75,,0.57,5.26,2.39,0.19,0.35,3.97,,,0.37,451481.0,Miathyria marcella,Monodnaviria,Shotokuvirae,Cressdnaviricota,Repensiviricetes,Geplafuvirales,Genomoviridae,Gemykibivirus,Gemykibivirus draga1,
Gemykibivirus,1941236,0.37,2.24,,,0.75,,0.57,5.26,2.39,0.19,0.35,3.97,,,0.37,30427.0,Haemorhous mexicanus,Monodnaviria,Shotokuvirae,Cressdnaviricota,Repensiviricetes,Geplafuvirales,Genomoviridae,Gemykibivirus,Gemykibivirus haeme5,
Gemykibivirus,1941236,0.37,2.24,,,0.75,,0.57,5.26,2.39,0.19,0.35,3.97,,,0.37,9606.0,Homo sapiens,Monodnaviria,Shotokuvirae,Cressdnaviricota,Repensiviricetes,Geplafuvirales,Genomoviridae,Gemykibivirus,Gemykibivirus humas3,
Gemykibivirus,1941236,0.37,2.24,,,0.75,,0.57,5.26,2.39,0.19,0.35,3.97,,,0.37,38771.0,Gopherus,Monodnaviria,Shotokuvirae,Cressdnaviricota,Repensiviricetes,Geplafuvirales,Genomoviridae,Gemykibivirus,Gemykibivirus haeme2,
Gemykibivirus,1941236,0.37,2.24,,,0.75,,0.57,5.26,2.39,0.19,0.35,3.97,,,0.37,9700.0,Herpestes ichneumon,Monodnaviria,Shotokuvirae,Cressdnaviricota,Repensiviricetes,Geplafuvirales,Genomoviridae,Gemykibivirus,Gemykibivirus rhina1,
Gemykibivirus,1941236,0.37,2.24,,,0.75,,0.57,5.26,2.39,0.19,0.35,3.97,,,0.37,77217.0,Pteropus tonganus,Monodnaviria,Shotokuvirae,Cressdnaviricota,Repensiviricetes,Geplafuvirales,Genomoviridae,Gemykibivirus,Gemykibivirus ptero1,
Gemykibivirus,1941236,0.37,2.24,,,0.75,,0.57,5.26,2.39,0.19,0.35,3.97,,,0.37,2866903.0,Poaceae sp.,Monodnaviria,Shotokuvirae,Cressdnaviricota,Repensiviricetes,Geplafuvirales,Genomoviridae,Gemykibivirus,Gemykibivirus planta1,
Gemykibivirus,1941236,0.37,2.24,,,0.75,,0.57,5.26,2.39,0.19,0.35,3.97,,,0.37,171969.0,Carnegiea gigantea,Monodnaviria,Shotokuvirae,Cressdnaviricota,Repensiviricetes,Geplafuvirales,Genomoviridae,Gemykibivirus,Gemykibivirus planta2,
Gemykibivirus,1941236,0.37,2.24,,,0.75,,0.57,5.26,2.39,0.19,0.35,3.97,,,0.37,3101841.0,Cynodon sp.,Monodnaviria,Shotokuvirae,Cressdnaviricota,Repensiviricetes,Geplafuvirales,Genomoviridae,Gemykibivirus,Gemykibivirus cynas1,
Gemykibivirus,1941236,0.37,2.24,,,0.75,,0.57,5.26,2.39,0.19,0.35,3.97,,,0.37,9823.0,Sus scrofa,Monodnaviria,Shotokuvirae,Cressdnaviricota,Repensiviricetes,Geplafuvirales,Genomoviridae,Gemykibivirus,Gemykibivirus anima1,
Gemykibivirus,1941236,0.37,2.24,,,0.75,,0.57,5.26,2.39,0.19,0.35,3.97,,,0.37,77218.0,Rhinolophus hipposideros,Monodnaviria,Shotokuvirae,Cressdnaviricota,Repensiviricetes,Geplafuvirales,Genomoviridae,Gemykibivirus,Gemykibivirus rhina1,
Gemykibivirus,1941236,0.37,2.24,,,0.75,,0.57,5.26,2.39,0.19,0.35,3.97,,,0.37,59479.0,Rhinolophus ferrumequinum,Monodnaviria,Shotokuvirae,Cressdnaviricota,Repensiviricetes,Geplafuvirales,Genomoviridae,Gemykibivirus,Gemykibivirus rhina2,
Gemykibivirus,1941236,0.37,2.24,,,0.75,,0.57,5.26,2.39,0.19,0.35,3.97,,,0.37,146804.0,Echinothrips americanus,Monodnaviria,Shotokuvirae,Cressdnaviricota,Repensiviricetes,Geplafuvirales,Genomoviridae,Gemykibivirus,Gemykibivirus echi1,
Mudcatvirus,1982088,,,,,,,,0.28,1.7,,,,,,,1771959.0,[Arthrobacter] sp. ATCC 21022,Duplodnaviria,Heunggongvirae,Uroviricota,Caudoviricetes,Caudoviricetes incertae sedis,Mudcatvirus,Mudcatvirus arcadia,,dsDNA
Mudcatvirus,1982088,,,,,,,,0.28,1.7,,,,,,,1667.0,Arthrobacter sp.,Duplodnaviria,Heunggongvirae,Uroviricota,Caudoviricetes,Caudoviricetes incertae sedis,Mudcatvirus,unclassified Mudcatvirus,,dsDNA
Mudcatvirus,1982088,,,,,,,,0.28,1.7,,,,,,,1771959.0,[Arthrobacter] sp. ATCC 21022,Duplodnaviria,Heunggongvirae,Uroviricota,Caudoviricetes,Caudoviricetes incertae sedis,Mudcatvirus,Mudcatvirus cheesy,,dsDNA
Mudcatvirus,1982088,,,,,,,,0.28,1.7,,,,,,,1771959.0,[Arthrobacter] sp. ATCC 21022,Duplodnaviria,Heunggongvirae,Uroviricota,Caudoviricetes,Caudoviricetes incertae sedis,Mudcatvirus,Mudcatvirus circum,,dsDNA
Mudcatvirus,1982088,,,,,,,,0.28,1.7,,,,,,,1771959.0,[Arthrobacter] sp. ATCC 21022,Duplodnaviria,Heunggongvirae,Uroviricota,Caudoviricetes,Caudoviricetes incertae sedis,Mudcatvirus,Mudcatvirus correa,,dsDNA
Mudcatvirus,1982088,,,,,,,,0.28,1.7,,,,,,,1667.0,Arthrobacter sp.,Duplodnaviria,Heunggongvirae,Uroviricota,Caudoviricetes,Caudoviricetes incertae sedis,Mudcatvirus,Mudcatvirus dynamite,,dsDNA
Mudcatvirus,1982088,,,,,,,,0.28,1.7,,,,,,,1771959.0,[Arthrobacter] sp. ATCC 21022,Duplodnaviria,Heunggongvirae,Uroviricota,Caudoviricetes,Caudoviricetes incertae sedis,Mudcatvirus,unclassified Mudcatvirus,,dsDNA
Mudcatvirus,1982088,,,,,,,,0.28,1.7,,,,,,,1771959.0,[Arthrobacter] sp. ATCC 21022,Duplodnaviria,Heunggongvirae,Uroviricota,Caudoviricetes,Caudoviricetes incertae sedis,Mudcatvirus,Mudcatvirus heisenberger,,dsDNA
Mudcatvirus,1982088,,,,,,,,0.28,1.7,,,,,,,1667.0,Arthrobacter sp.,Duplodnaviria,Heunggongvirae,Uroviricota,Caudoviricetes,Caudoviricetes incertae sedis,Mudcatvirus,Mudcatvirus JEGGS,,dsDNA
Mudcatvirus,1982088,,,,,,,,0.28,1.7,,,,,,,1667.0,Arthrobacter sp.,Duplodnaviria,Heunggongvirae,Uroviricota,Caudoviricetes,Caudoviricetes incertae sedis,Mudcatvirus,Mudcatvirus kardesai,,dsDNA
Mudcatvirus,1982088,,,,,,,,0.28,1.7,,,,,,,1667.0,Arthrobacter sp.,Duplodnaviria,Heunggongvirae,Uroviricota,Caudoviricetes,Caudoviricetes incertae sedis,Mudcatvirus,Mudcatvirus keaneylin,,dsDNA
Mudcatvirus,1982088,,,,,,,,0.28,1.7,,,,,,,1771959.0,[Arthrobacter] sp. ATCC 21022,Duplodnaviria,Heunggongvirae,Uroviricota,Caudoviricetes,Caudoviricetes incertae sedis,Mudcatvirus,Mudcatvirus mudcat,,dsDNA
Mudcatvirus,1982088,,,,,,,,0.28,1.7,,,,,,,1771959.0,[Arthrobacter] sp. ATCC 21022,Duplodnaviria,Heunggongvirae,Uroviricota,Caudoviricetes,Caudoviricetes incertae sedis,Mudcatvirus,Mudcatvirus tribby,,dsDNA
Mudcatvirus,1982088,,,,,,,,0.28,1.7,,,,,,,1667.0,Arthrobacter sp.,Duplodnaviria,Heunggongvirae,Uroviricota,Caudoviricetes,Caudoviricetes incertae sedis,Mudcatvirus,Mudcatvirus xenomorph,,dsDNA
Gordonvirus,1982152,0.12,,,,,,,0.26,6.65,,,,,,0.1,1667.0,Arthrobacter sp.,Duplodnaviria,Heunggongvirae,Uroviricota,Caudoviricetes,Caudoviricetes incertae sedis,Gordonvirus,Gordonvirus breylor17,,dsDNA
Gordonvirus,1982152,0.12,,,,,,,0.26,6.65,,,,,,0.1,1771959.0,[Arthrobacter] sp. ATCC 21022,Duplodnaviria,Heunggongvirae,Uroviricota,Caudoviricetes,Caudoviricetes incertae sedis,Gordonvirus,Gordonvirus captnmurica,,dsDNA
Gordonvirus,1982152,0.12,,,,,,,0.26,6.65,,,,,,0.1,1667.0,Arthrobacter sp.,Duplodnaviria,Heunggongvirae,Uroviricota,Caudoviricetes,Caudoviricetes incertae sedis,Gordonvirus,Gordonvirus castortray,,dsDNA
Gordonvirus,1982152,0.12,,,,,,,0.26,6.65,,,,,,0.1,1667.0,Arthrobacter sp.,Duplodnaviria,Heunggongvirae,Uroviricota,Caudoviricetes,Caudoviricetes incertae sedis,Gordonvirus,unclassified Gordonvirus,,dsDNA
Gordonvirus,1982152,0.12,,,,,,,0.26,6.65,,,,,,0.1,1771959.0,[Arthrobacter] sp. ATCC 21022,Duplodnaviria,Heunggongvirae,Uroviricota,Caudoviricetes,Caudoviricetes incertae sedis,Gordonvirus,Gordonvirus darby,,dsDNA
Gordonvirus,1982152,0.12,,,,,,,0.26,6.65,,,,,,0.1,1667.0,Arthrobacter sp.,Duplodnaviria,Heunggongvirae,Uroviricota,Caudoviricetes,Caudoviricetes incertae sedis,Gordonvirus,Gordonvirus devitoJr,,dsDNA
Gordonvirus,1982152,0.12,,,,,,,0.26,6.65,,,,,,0.1,1771959.0,[Arthrobacter] sp. ATCC 21022,Duplodnaviria,Heunggongvirae,Uroviricota,Caudoviricetes,Caudoviricetes incertae sedis,Gordonvirus,unclassified Gordonvirus,,dsDNA
Gordonvirus,1982152,0.12,,,,,,,0.26,6.65,,,,,,0.1,1665.0,Arthrobacter globiformis,Duplodnaviria,Heunggongvirae,Uroviricota,Caudoviricetes,Caudoviricetes incertae sedis,Gordonvirus,unclassified Gordonvirus,,dsDNA
Gordonvirus,1982152,0.12,,,,,,,0.26,6.65,,,,,,0.1,1771959.0,[Arthrobacter] sp. ATCC 21022,Duplodnaviria,Heunggongvirae,Uroviricota,Caudoviricetes,Caudoviricetes incertae sedis,Gordonvirus,Gordonvirus gordon,,dsDNA
Gordonvirus,1982152,0.12,,,,,,,0.26,6.65,,,,,,0.1,1771959.0,[Arthrobacter] sp. ATCC 21022,Duplodnaviria,Heunggongvirae,Uroviricota,Caudoviricetes,Caudoviricetes incertae sedis,Gordonvirus,Gordonvirus nightmare,,dsDNA
Gordonvirus,1982152,0.12,,,,,,,0.26,6.65,,,,,,0.1,1771959.0,[Arthrobacter] sp. ATCC 21022,Duplodnaviria,Heunggongvirae,Uroviricota,Caudoviricetes,Caudoviricetes incertae sedis,Gordonvirus,Gordonvirus niktson,,dsDNA
Gordonvirus,1982152,0.12,,,,,,,0.26,6.65,,,,,,0.1,1771959.0,[Arthrobacter] sp. ATCC 21022,Duplodnaviria,Heunggongvirae,Uroviricota,Caudoviricetes,Caudoviricetes incertae sedis,Gordonvirus,Gordonvirus sciencewizsam,,dsDNA
Gordonvirus,1982152,0.12,,,,,,,0.26,6.65,,,,,,0.1,1667.0,Arthrobacter sp.,Duplodnaviria,Heunggongvirae,Uroviricota,Caudoviricetes,Caudoviricetes incertae sedis,Gordonvirus,Gordonvirus synepsis,,dsDNA
Gordonvirus,1982152,0.12,,,,,,,0.26,6.65,,,,,,0.1,1667.0,Arthrobacter sp.,Duplodnaviria,Heunggongvirae,Uroviricota,Caudoviricetes,Caudoviricetes incertae sedis,Gordonvirus,Gordonvirus tatanka,,dsDNA
Gordonvirus,1982152,0.12,,,,,,,0.26,6.65,,,,,,0.1,1771959.0,[Arthrobacter] sp. ATCC 21022,Duplodnaviria,Heunggongvirae,Uroviricota,Caudoviricetes,Caudoviricetes incertae sedis,Gordonvirus,Gordonvirus teacup,,dsDNA
Gordonvirus,1982152,0.12,,,,,,,0.26,6.65,,,,,,0.1,1667.0,Arthrobacter sp.,Duplodnaviria,Heunggongvirae,Uroviricota,Caudoviricetes,Caudoviricetes incertae sedis,Gordonvirus,Gordonvirus captnmurica,,dsDNA
Gordonvirus,1982152,0.12,,,,,,,0.26,6.65,,,,,,0.1,1667.0,Arthrobacter sp.,Duplodnaviria,Heunggongvirae,Uroviricota,Caudoviricetes,Caudoviricetes incertae sedis,Gordonvirus,Gordonvirus trustiboi,,dsDNA
Nipunavirus,1982239,,,,,0.78,,0.24,,,,,,,,,287.0,Pseudomonas aeruginosa,Duplodnaviria,Heunggongvirae,Uroviricota,Caudoviricetes,Caudoviricetes incertae sedis,Nipunavirus,Nipunavirus quinobequin,Nipunavirus NP1,dsDNA
Nipunavirus,1982239,,,,,0.78,,0.24,,,,,,,,,287.0,Pseudomonas aeruginosa,Duplodnaviria,Heunggongvirae,Uroviricota,Caudoviricetes,Caudoviricetes incertae sedis,Nipunavirus,Nipunavirus JG054,,dsDNA
Nipunavirus,1982239,,,,,0.78,,0.24,,,,,,,,,286.0,Pseudomonas,Duplodnaviria,Heunggongvirae,Uroviricota,Caudoviricetes,Caudoviricetes incertae sedis,Nipunavirus,Nipunavirus quinobequin,Nipunavirus NP1,dsDNA
Nipunavirus,1982239,,,,,0.78,,0.24,,,,,,,,,287.0,Pseudomonas aeruginosa,Duplodnaviria,Heunggongvirae,Uroviricota,Caudoviricetes,Caudoviricetes incertae sedis,Nipunavirus,Nipunavirus PaMx25,,dsDNA
Nipunavirus,1982239,,,,,0.78,,0.24,,,,,,,,,652611.0,Pseudomonas aeruginosa PA14,Duplodnaviria,Heunggongvirae,Uroviricota,Caudoviricetes,Caudoviricetes incertae sedis,Nipunavirus,unclassified Nipunavirus,,dsDNA
Nipunavirus,1982239,,,,,0.78,,0.24,,,,,,,,,287.0,Pseudomonas aeruginosa,Duplodnaviria,Heunggongvirae,Uroviricota,Caudoviricetes,Caudoviricetes incertae sedis,Nipunavirus,unclassified Nipunavirus,,dsDNA
Nipunavirus,1982239,,,,,0.78,,0.24,,,,,,,,,208963.0,Pseudomonas aeruginosa UCBPP-PA14,Duplodnaviria,Heunggongvirae,Uroviricota,Caudoviricetes,Caudoviricetes incertae sedis,Nipunavirus,Nipunavirus quinobequin,Nipunavirus NP1,dsDNA
Nipunavirus,1982239,,,,,0.78,,0.24,,,,,,,,,208964.0,Pseudomonas aeruginosa PAO1,Duplodnaviria,Heunggongvirae,Uroviricota,Caudoviricetes,Caudoviricetes incertae sedis,Nipunavirus,Nipunavirus PAJD1,,dsDNA
Nipunavirus,1982239,,,,,0.78,,0.24,,,,,,,,,195709.0,Xanthomonas arboricola pv. juglandis,Duplodnaviria,Heunggongvirae,Uroviricota,Caudoviricetes,Caudoviricetes incertae sedis,Nipunavirus,Nipunavirus Doca3,,dsDNA
Pepyhexavirus,1982367,1.57,1.98,0.45,,,,,2.7,0.53,,1.78,,,0.04,0.82,1827.0,Rhodococcus,Duplodnaviria,Heunggongvirae,Uroviricota,Caudoviricetes,Caudoviricetes incertae sedis,Pepyhexavirus,Pepyhexavirus pepy6,,dsDNA
Pepyhexavirus,1982367,1.57,1.98,0.45,,,,,2.7,0.53,,1.78,,,0.04,0.82,1256785.0,Rhodococcus sp. S2,Duplodnaviria,Heunggongvirae,Uroviricota,Caudoviricetes,Caudoviricetes incertae sedis,Pepyhexavirus,Pepyhexavirus pepy6,,dsDNA
Pepyhexavirus,1982367,1.57,1.98,0.45,,,,,2.7,0.53,,1.78,,,0.04,0.82,1827.0,Rhodococcus,Duplodnaviria,Heunggongvirae,Uroviricota,Caudoviricetes,Caudoviricetes incertae sedis,Pepyhexavirus,Pepyhexavirus poco6,,dsDNA
Johnsonvirus,1982576,0.1,,,,,,,,,,,,0.02,,,552.0,Erwinia amylovora,Duplodnaviria,Heunggongvirae,Uroviricota,Caudoviricetes,Caudoviricetes incertae sedis,Schitoviridae,Erskinevirinae,Johnsonvirus,dsDNA
Johnsonvirus,1982576,0.1,,,,,,,,,,,,0.02,,,551.0,Erwinia,Duplodnaviria,Heunggongvirae,Uroviricota,Caudoviricetes,Caudoviricetes incertae sedis,Schitoviridae,Erskinevirinae,Johnsonvirus,dsDNA
Luzseptimavirus,1982594,,,,,,,,,,,,,0.23,,,,,,,,,,,,,
Slopekvirus,1985328,,,,,,,,,,,,,0.04,,,548.0,Klebsiella aerogenes,Duplodnaviria,Heunggongvirae,Uroviricota,Caudoviricetes,Pantevenvirales,Straboviridae,Slopekvirus,Slopekvirus eap3,dsDNA
Slopekvirus,1985328,,,,,,,,,,,,,0.04,,,562.0,Escherichia coli,Duplodnaviria,Heunggongvirae,Uroviricota,Caudoviricetes,Pantevenvirales,Straboviridae,Slopekvirus,Slopekvirus pht4A,dsDNA
Slopekvirus,1985328,,,,,,,,,,,,,0.04,,,573.0,Klebsiella pneumoniae,Duplodnaviria,Heunggongvirae,Uroviricota,Caudoviricetes,Pantevenvirales,Straboviridae,Slopekvirus,unclassified Slopekvirus,dsDNA
Slopekvirus,1985328,,,,,,,,,,,,,0.04,,,576.0,Klebsiella sp.,Duplodnaviria,Heunggongvirae,Uroviricota,Caudoviricetes,Pantevenvirales,Straboviridae,Slopekvirus,unclassified Slopekvirus,dsDNA
Slopekvirus,1985328,,,,,,,,,,,,,0.04,,,1134687.0,Klebsiella michiganensis,Duplodnaviria,Heunggongvirae,Uroviricota,Caudoviricetes,Pantevenvirales,Straboviridae,Slopekvirus,unclassified Slopekvirus,dsDNA
Slopekvirus,1985328,,,,,,,,,,,,,0.04,,,1379687.0,Klebsiella pneumoniae subsp. pneumoniae BJ1-GA,Duplodnaviria,Heunggongvirae,Uroviricota,Caudoviricetes,Pantevenvirales,Straboviridae,Slopekvirus,unclassified Slopekvirus,dsDNA
Slopekvirus,1985328,,,,,,,,,,,,,0.04,,,1420013.0,Klebsiella pneumoniae 30684/NJST258_2,Duplodnaviria,Heunggongvirae,Uroviricota,Caudoviricetes,Pantevenvirales,Straboviridae,Slopekvirus,unclassified Slopekvirus,dsDNA
Slopekvirus,1985328,,,,,,,,,,,,,0.04,,,570.0,Klebsiella,Duplodnaviria,Heunggongvirae,Uroviricota,Caudoviricetes,Pantevenvirales,Straboviridae,Slopekvirus,unclassified Slopekvirus,dsDNA
Slopekvirus,1985328,,,,,,,,,,,,,0.04,,,2759708.0,Klebsiella sp. M5a1,Duplodnaviria,Heunggongvirae,Uroviricota,Caudoviricetes,Pantevenvirales,Straboviridae,Slopekvirus,unclassified Slopekvirus,dsDNA
Slopekvirus,1985328,,,,,,,,,,,,,0.04,,,575.0,Raoultella planticola,Duplodnaviria,Heunggongvirae,Uroviricota,Caudoviricetes,Pantevenvirales,Straboviridae,Slopekvirus,unclassified Slopekvirus,dsDNA
Gemygorvirus,1985366,,,,,,,,0.47,,,,0.32,,,,1.0,root,Monodnaviria,Shotokuvirae,Cressdnaviricota,Repensiviricetes,Geplafuvirales,Genomoviridae,Gemygorvirus,Gemygorvirus hydro1,
Gemygorvirus,1985366,,,,,,,,0.47,,,,0.32,,,,9172.0,Sturnus vulgaris,Monodnaviria,Shotokuvirae,Cressdnaviricota,Repensiviricetes,Geplafuvirales,Genomoviridae,Gemygorvirus,Gemygorvirus stara1,
Gemygorvirus,1985366,,,,,,,,0.47,,,,0.32,,,,8839.0,Anas platyrhynchos,Monodnaviria,Shotokuvirae,Cressdnaviricota,Repensiviricetes,Geplafuvirales,Genomoviridae,Gemygorvirus,Gemygorvirus malas1,
Gemygorvirus,1985366,,,,,,,,0.47,,,,0.32,,,,9615.0,Canis lupus familiaris,Monodnaviria,Shotokuvirae,Cressdnaviricota,Repensiviricetes,Geplafuvirales,Genomoviridae,Gemygorvirus,Gemygorvirus cania1,
Gemygorvirus,1985366,,,,,,,,0.47,,,,0.32,,,,9606.0,Homo sapiens,Monodnaviria,Shotokuvirae,Cressdnaviricota,Repensiviricetes,Geplafuvirales,Genomoviridae,Gemygorvirus,Gemygorvirus sewopo1,
Gemygorvirus,1985366,,,,,,,,0.47,,,,0.32,,,,77217.0,Pteropus tonganus,Monodnaviria,Shotokuvirae,Cressdnaviricota,Repensiviricetes,Geplafuvirales,Genomoviridae,Gemygorvirus,Gemygorvirus ptero1,
Gemygorvirus,1985366,,,,,,,,0.47,,,,0.32,,,,2866903.0,Poaceae sp.,Monodnaviria,Shotokuvirae,Cressdnaviricota,Repensiviricetes,Geplafuvirales,Genomoviridae,Gemygorvirus,Gemygorvirus poaspe1,
Gemygorvirus,1985366,,,,,,,,0.47,,,,0.32,,,,3446230.0,Opuntia sp.,Monodnaviria,Shotokuvirae,Cressdnaviricota,Repensiviricetes,Geplafuvirales,Genomoviridae,Gemygorvirus,Gemygorvirus opunt1,
Gemykrogvirus,1985367,,,,,,,,0.42,,0.29,,0.34,,,,7460.0,Apis mellifera,Monodnaviria,Shotokuvirae,Cressdnaviricota,Repensiviricetes,Geplafuvirales,Genomoviridae,Gemykrogvirus,Gemykrogvirus apime1,
Gemykrogvirus,1985367,,,,,,,,0.42,,0.29,,0.34,,,,9870.0,Rangifer tarandus,Monodnaviria,Shotokuvirae,Cressdnaviricota,Repensiviricetes,Geplafuvirales,Genomoviridae,Gemykrogvirus,Gemykrogvirus carib1,
Gemykrogvirus,1985367,,,,,,,,0.42,,0.29,,0.34,,,,9031.0,Gallus gallus,Monodnaviria,Shotokuvirae,Cressdnaviricota,Repensiviricetes,Geplafuvirales,Genomoviridae,Gemykrogvirus,Gemykrogvirus galga5,
Gemykrogvirus,1985367,,,,,,,,0.42,,0.29,,0.34,,,,9913.0,Bos taurus,Monodnaviria,Shotokuvirae,Cressdnaviricota,Repensiviricetes,Geplafuvirales,Genomoviridae,Gemykrogvirus,Gemykrogvirus bovas1,
Gemykrogvirus,1985367,,,,,,,,0.42,,0.29,,0.34,,,,1.0,root,Monodnaviria,Shotokuvirae,Cressdnaviricota,Repensiviricetes,Geplafuvirales,Genomoviridae,Gemykrogvirus,Gemykrogvirus sewopo1,
Friunavirus,1985711,,,,,,,,,,,0.28,,,,,470.0,Acinetobacter baumannii,Duplodnaviria,Heunggongvirae,Uroviricota,Caudoviricetes,Autographivirales,Autoscriptoviridae,Beijerinckvirinae,Friunavirus,dsDNA
Friunavirus,1985711,,,,,,,,,,,0.28,,,,,1217628.0,Acinetobacter baumannii NIPH 70,Duplodnaviria,Heunggongvirae,Uroviricota,Caudoviricetes,Autographivirales,Autoscriptoviridae,Beijerinckvirinae,Friunavirus,dsDNA
Friunavirus,1985711,,,,,,,,,,,0.28,,,,,469.0,Acinetobacter,Duplodnaviria,Heunggongvirae,Uroviricota,Caudoviricetes,Autographivirales,Autoscriptoviridae,Beijerinckvirinae,Friunavirus,dsDNA
Friunavirus,1985711,,,,,,,,,,,0.28,,,,,1116235.0,Acinetobacter baumannii AB5256,Duplodnaviria,Heunggongvirae,Uroviricota,Caudoviricetes,Autographivirales,Autoscriptoviridae,Beijerinckvirinae,Friunavirus,dsDNA
Friunavirus,1985711,,,,,,,,,,,0.28,,,,,405416.0,Acinetobacter baumannii ACICU,Duplodnaviria,Heunggongvirae,Uroviricota,Caudoviricetes,Autographivirales,Autoscriptoviridae,Beijerinckvirinae,Friunavirus,dsDNA
Friunavirus,1985711,,,,,,,,,,,0.28,,,,,1217639.0,Acinetobacter baumannii NIPH 146,Duplodnaviria,Heunggongvirae,Uroviricota,Caudoviricetes,Autographivirales,Autoscriptoviridae,Beijerinckvirinae,Friunavirus,dsDNA
Friunavirus,1985711,,,,,,,,,,,0.28,,,,,1217641.0,Acinetobacter baumannii NIPH 615,Duplodnaviria,Heunggongvirae,Uroviricota,Caudoviricetes,Autographivirales,Autoscriptoviridae,Beijerinckvirinae,Friunavirus,dsDNA
Friunavirus,1985711,,,,,,,,,,,0.28,,,,,1217645.0,Acinetobacter baumannii NIPH 2061,Duplodnaviria,Heunggongvirae,Uroviricota,Caudoviricetes,Autographivirales,Autoscriptoviridae,Beijerinckvirinae,Friunavirus,dsDNA
Friunavirus,1985711,,,,,,,,,,,0.28,,,,,106654.0,Acinetobacter nosocomialis,Duplodnaviria,Heunggongvirae,Uroviricota,Caudoviricetes,Autographivirales,Autoscriptoviridae,Beijerinckvirinae,Friunavirus,dsDNA
Friunavirus,1985711,,,,,,,,,,,0.28,,,,,1280.0,Staphylococcus aureus,Duplodnaviria,Heunggongvirae,Uroviricota,Caudoviricetes,Autographivirales,Autoscriptoviridae,Beijerinckvirinae,Friunavirus,dsDNA
Friunavirus,1985711,,,,,,,,,,,0.28,,,,,48296.0,Acinetobacter pittii,Duplodnaviria,Heunggongvirae,Uroviricota,Caudoviricetes,Autographivirales,Autoscriptoviridae,Beijerinckvirinae,Friunavirus,dsDNA
Friunavirus,1985711,,,,,,,,,,,0.28,,,,,1217631.0,Acinetobacter baumannii NIPH 290,Duplodnaviria,Heunggongvirae,Uroviricota,Caudoviricetes,Autographivirales,Autoscriptoviridae,Beijerinckvirinae,Friunavirus,dsDNA
Friunavirus,1985711,,,,,,,,,,,0.28,,,,,575584.0,Acinetobacter baumannii ATCC 19606 = CIP 70.34 = JCM 6841,Duplodnaviria,Heunggongvirae,Uroviricota,Caudoviricetes,Autographivirales,Autoscriptoviridae,Beijerinckvirinae,Friunavirus,dsDNA
Friunavirus,1985711,,,,,,,,,,,0.28,,,,,,,Duplodnaviria,Heunggongvirae,Uroviricota,Caudoviricetes,Autographivirales,Autoscriptoviridae,Beijerinckvirinae,Friunavirus,dsDNA
Przondovirus,1985720,,,,,,,,,,,,,0.04,0.39,,573.0,Klebsiella pneumoniae,Duplodnaviria,Heunggongvirae,Uroviricota,Caudoviricetes,Autographivirales,Autotranscriptaviridae,Studiervirinae,Przondovirus,dsDNA
Przondovirus,1985720,,,,,,,,,,,,,0.04,0.39,,571.0,Klebsiella oxytoca,Duplodnaviria,Heunggongvirae,Uroviricota,Caudoviricetes,Autographivirales,Autotranscriptaviridae,Studiervirinae,Przondovirus,dsDNA
Przondovirus,1985720,,,,,,,,,,,,,0.04,0.39,,1134687.0,Klebsiella michiganensis,Duplodnaviria,Heunggongvirae,Uroviricota,Caudoviricetes,Autographivirales,Autotranscriptaviridae,Studiervirinae,Przondovirus,dsDNA
Przondovirus,1985720,,,,,,,,,,,,,0.04,0.39,,1205678.0,Klebsiella pneumoniae subsp. pneumoniae CIP 52.145 = B5055,Duplodnaviria,Heunggongvirae,Uroviricota,Caudoviricetes,Autographivirales,Autotranscriptaviridae,Studiervirinae,Przondovirus,dsDNA
Przondovirus,1985720,,,,,,,,,,,,,0.04,0.39,,72407.0,Klebsiella pneumoniae subsp. pneumoniae,Duplodnaviria,Heunggongvirae,Uroviricota,Caudoviricetes,Autographivirales,Autotranscriptaviridae,Studiervirinae,Przondovirus,dsDNA
Przondovirus,1985720,,,,,,,,,,,,,0.04,0.39,,570.0,Klebsiella,Duplodnaviria,Heunggongvirae,Uroviricota,Caudoviricetes,Autographivirales,Autotranscriptaviridae,Studiervirinae,Przondovirus,dsDNA
Przondovirus,1985720,,,,,,,,,,,,,0.04,0.39,,1497796.0,Klebsiella sp. 390,Duplodnaviria,Heunggongvirae,Uroviricota,Caudoviricetes,Autographivirales,Autotranscriptaviridae,Studiervirinae,Przondovirus,dsDNA
Przondovirus,1985720,,,,,,,,,,,,,0.04,0.39,,576.0,Klebsiella sp.,Duplodnaviria,Heunggongvirae,Uroviricota,Caudoviricetes,Autographivirales,Autotranscriptaviridae,Studiervirinae,Przondovirus,dsDNA
Przondovirus,1985720,,,,,,,,,,,,,0.04,0.39,,1316582.0,Klebsiella pneumoniae ATCC 43816,Duplodnaviria,Heunggongvirae,Uroviricota,Caudoviricetes,Autographivirales,Autotranscriptaviridae,Studiervirinae,Przondovirus,dsDNA
Przondovirus,1985720,,,,,,,,,,,,,0.04,0.39,,1463165.0,Klebsiella quasipneumoniae,Duplodnaviria,Heunggongvirae,Uroviricota,Caudoviricetes,Autographivirales,Autotranscriptaviridae,Studiervirinae,Przondovirus,dsDNA
Przondovirus,1985720,,,,,,,,,,,,,0.04,0.39,,244366.0,Klebsiella variicola,Duplodnaviria,Heunggongvirae,Uroviricota,Caudoviricetes,Autographivirales,Autotranscriptaviridae,Studiervirinae,Przondovirus,dsDNA
Przondovirus,1985720,,,,,,,,,,,,,0.04,0.39,,614.0,Serratia liquefaciens,Duplodnaviria,Heunggongvirae,Uroviricota,Caudoviricetes,Autographivirales,Autotranscriptaviridae,Studiervirinae,Przondovirus,dsDNA
Pradovirus,1985733,,,,0.16,,,0.24,,,,,,,,,456327.0,Xanthomonas euvesicatoria,Duplodnaviria,Heunggongvirae,Uroviricota,Caudoviricetes,Autographivirales,Autonotataviridae,Gujervirinae,Pradovirus,dsDNA
Pradovirus,1985733,,,,0.16,,,0.24,,,,,,,,,29446.0,Xanthomonas sp.,Duplodnaviria,Heunggongvirae,Uroviricota,Caudoviricetes,Autographivirales,Autonotataviridae,Gujervirinae,Pradovirus,dsDNA
Pradovirus,1985733,,,,0.16,,,0.24,,,,,,,,,195709.0,Xanthomonas arboricola pv. juglandis,Duplodnaviria,Heunggongvirae,Uroviricota,Caudoviricetes,Autographivirales,Autonotataviridae,Gujervirinae,Pradovirus,dsDNA
Pradovirus,1985733,,,,0.16,,,0.24,,,,,,,,,442694.0,Xanthomonas perforans,Duplodnaviria,Heunggongvirae,Uroviricota,Caudoviricetes,Autographivirales,Autonotataviridae,Gujervirinae,Pradovirus,dsDNA
Pradovirus,1985733,,,,0.16,,,0.24,,,,,,,,,339.0,Xanthomonas campestris,Duplodnaviria,Heunggongvirae,Uroviricota,Caudoviricetes,Autographivirales,Autonotataviridae,Gujervirinae,Pradovirus,dsDNA
Pradovirus,1985733,,,,0.16,,,0.24,,,,,,,,,64187.0,Xanthomonas oryzae pv. oryzae,Duplodnaviria,Heunggongvirae,Uroviricota,Caudoviricetes,Autographivirales,Autonotataviridae,Gujervirinae,Pradovirus,dsDNA
Wildcatvirus,1993858,,,,,,,,0.26,,,,,,,,1763.0,Mycobacterium,Duplodnaviria,Heunggongvirae,Uroviricota,Caudoviricetes,Caudoviricetes incertae sedis,Vilmaviridae,Wildcatvirus,unclassified Wildcatvirus,dsDNA
Wildcatvirus,1993858,,,,,,,,0.26,,,,,,,,246196.0,Mycolicibacterium smegmatis MC2 155,Duplodnaviria,Heunggongvirae,Uroviricota,Caudoviricetes,Caudoviricetes incertae sedis,Vilmaviridae,Wildcatvirus,Wildcatvirus wildcat,dsDNA
Wildcatvirus,1993858,,,,,,,,0.26,,,,,,,,1785.0,Mycobacterium sp.,Duplodnaviria,Heunggongvirae,Uroviricota,Caudoviricetes,Caudoviricetes incertae sedis,Vilmaviridae,Wildcatvirus,Wildcatvirus wildcat,dsDNA
Wildcatvirus,1993858,,,,,,,,0.26,,,,,,,,85007.0,Mycobacteriales,Duplodnaviria,Heunggongvirae,Uroviricota,Caudoviricetes,Caudoviricetes incertae sedis,Vilmaviridae,Wildcatvirus,Wildcatvirus wildcat,dsDNA
Pandoravirus,2060084,,,,,,,1.38,,,,,1.21,0.03,,0.27,,,,,,,,,,,
Ithacavirus,2169643,,,,,,,,,,0.41,,,,,,98360.0,Salmonella enterica subsp. enterica serovar Dublin,Duplodnaviria,Heunggongvirae,Uroviricota,Caudoviricetes,Caudoviricetes incertae sedis,Schitoviridae,Humphriesvirinae,Ithacavirus,dsDNA
Ithacavirus,2169643,,,,,,,,,,0.41,,,,,,599.0,Salmonella sp.,Duplodnaviria,Heunggongvirae,Uroviricota,Caudoviricetes,Caudoviricetes incertae sedis,Schitoviridae,Humphriesvirinae,Ithacavirus,dsDNA
Ithacavirus,2169643,,,,,,,,,,0.41,,,,,,149539.0,Salmonella enterica subsp. enterica serovar Enteritidis,Duplodnaviria,Heunggongvirae,Uroviricota,Caudoviricetes,Caudoviricetes incertae sedis,Schitoviridae,Humphriesvirinae,Ithacavirus,dsDNA
Ithacavirus,2169643,,,,,,,,,,0.41,,,,,,58712.0,Salmonella enterica subsp. enterica serovar Anatum,Duplodnaviria,Heunggongvirae,Uroviricota,Caudoviricetes,Caudoviricetes incertae sedis,Schitoviridae,Humphriesvirinae,Ithacavirus,dsDNA
Ithacavirus,2169643,,,,,,,,,,0.41,,,,,,192953.0,Salmonella enterica subsp. enterica serovar Stanley,Duplodnaviria,Heunggongvirae,Uroviricota,Caudoviricetes,Caudoviricetes incertae sedis,Schitoviridae,Humphriesvirinae,Ithacavirus,dsDNA
Ithacavirus,2169643,,,,,,,,,,0.41,,,,,,623.0,Shigella flexneri,Duplodnaviria,Heunggongvirae,Uroviricota,Caudoviricetes,Caudoviricetes incertae sedis,Schitoviridae,Humphriesvirinae,Ithacavirus,dsDNA
Bingvirus,2560103,,,,,,,,,,,,,0.02,,0.08,1916.0,Streptomyces lividans,Duplodnaviria,Heunggongvirae,Uroviricota,Caudoviricetes,Caudoviricetes incertae sedis,Bingvirus,Bingvirus bing,,dsDNA
Bingvirus,2560103,,,,,,,,,,,,,0.02,,0.08,68239.0,Streptomyces mirabilis,Duplodnaviria,Heunggongvirae,Uroviricota,Caudoviricetes,Caudoviricetes incertae sedis,Bingvirus,unclassified Bingvirus,,dsDNA
Bingvirus,2560103,,,,,,,,,,,,,0.02,,0.08,1930.0,Streptomyces scabiei,Duplodnaviria,Heunggongvirae,Uroviricota,Caudoviricetes,Caudoviricetes incertae sedis,Bingvirus,unclassified Bingvirus,,dsDNA
Bingvirus,2560103,,,,,,,,,,,,,0.02,,0.08,146922.0,Streptomyces griseofuscus,Duplodnaviria,Heunggongvirae,Uroviricota,Caudoviricetes,Caudoviricetes incertae sedis,Bingvirus,unclassified Bingvirus,,dsDNA
Chakrabartyvirus,2560113,,,,,,,,,,,,,0.1,,,303.0,Pseudomonas putida,Duplodnaviria,Heunggongvirae,Uroviricota,Caudoviricetes,Caudoviricetes incertae sedis,Chakrabartyvirus,Chakrabartyvirus pf16,,dsDNA
Coguvirus,2560118,0.51,,,,,,,,,,,,,,,93385.0,Brassica rapa subsp. chinensis,Riboviria,Orthornavirae,Negarnaviricota,Polyploviricotina,Bunyaviricetes,Hareavirales,Phenuiviridae,Coguvirus,-ssRNA
Coguvirus,2560118,0.51,,,,,,,,,,,,,,,2711.0,Citrus sinensis,Riboviria,Orthornavirae,Negarnaviricota,Polyploviricotina,Bunyaviricetes,Hareavirales,Phenuiviridae,Coguvirus,-ssRNA
Coguvirus,2560118,0.51,,,,,,,,,,,,,,,3654.0,Citrullus lanatus,Riboviria,Orthornavirae,Negarnaviricota,Polyploviricotina,Bunyaviricetes,Hareavirales,Phenuiviridae,Coguvirus,-ssRNA
Coguvirus,2560118,0.51,,,,,,,,,,,,,,,49666.0,Paris polyphylla,Riboviria,Orthornavirae,Negarnaviricota,Polyploviricotina,Bunyaviricetes,Hareavirales,Phenuiviridae,Coguvirus,-ssRNA
Dismasvirus,2560122,0.13,16.92,,,,,2.04,1.06,1.33,0.19,,,,,0.18,104336.0,Microbacterium foliorum,Duplodnaviria,Heunggongvirae,Uroviricota,Caudoviricetes,Caudoviricetes incertae sedis,Dismasvirus,unclassified Dismasvirus,,dsDNA
Dismasvirus,2560122,0.13,16.92,,,,,2.04,1.06,1.33,0.19,,,,,0.18,104336.0,Microbacterium foliorum,Duplodnaviria,Heunggongvirae,Uroviricota,Caudoviricetes,Caudoviricetes incertae sedis,Dismasvirus,Dismasvirus dismas,,dsDNA
Dismasvirus,2560122,0.13,16.92,,,,,2.04,1.06,1.33,0.19,,,,,0.18,33882.0,Microbacterium,Duplodnaviria,Heunggongvirae,Uroviricota,Caudoviricetes,Caudoviricetes incertae sedis,Dismasvirus,unclassified Dismasvirus,,dsDNA
Farahnazvirus,2560130,0.09,,,,,,0.33,0.85,0.87,,,,,,,82380.0,Microbacterium oxydans,Duplodnaviria,Heunggongvirae,Uroviricota,Caudoviricetes,Caudoviricetes incertae sedis,Farahnazvirus,Farahnazvirus ISF9,,dsDNA
Fipvunavirus,2560132,0.09,,,,,,,,,0.17,,,,,,96345.0,Flavobacterium psychrophilum,Duplodnaviria,Heunggongvirae,Uroviricota,Caudoviricetes,Caudoviricetes incertae sedis,Fipvunavirus,unclassified Fipvunavirus,,dsDNA
Fipvunavirus,2560132,0.09,,,,,,,,,0.17,,,,,,96345.0,Flavobacterium psychrophilum,Duplodnaviria,Heunggongvirae,Uroviricota,Caudoviricetes,Caudoviricetes incertae sedis,Fipvunavirus,Fipvunavirus Fpv1,,dsDNA
Fipvunavirus,2560132,0.09,,,,,,,,,0.17,,,,,,96345.0,Flavobacterium psychrophilum,Duplodnaviria,Heunggongvirae,Uroviricota,Caudoviricetes,Caudoviricetes incertae sedis,Fipvunavirus,Fipvunavirus Fpv4,,dsDNA
Flaumdravirus,2560133,1.0,,,,,,,,,,,,1.5,,,83964.0,Pseudomonas coronafaciens pv. porri,Duplodnaviria,Heunggongvirae,Uroviricota,Caudoviricetes,Caudoviricetes incertae sedis,Vandenendeviridae,Gorskivirinae,Flaumdravirus,dsDNA
Gustavvirus,2560144,,,,,,0.75,,,,,,,,,,2055.0,Gordonia terrae,Duplodnaviria,Heunggongvirae,Uroviricota,Caudoviricetes,Caudoviricetes incertae sedis,Gustavvirus,Gustavvirus gustav,,dsDNA
Gustavvirus,2560144,,,,,,0.75,,,,,,,,,,2055.0,Gordonia terrae,Duplodnaviria,Heunggongvirae,Uroviricota,Caudoviricetes,Caudoviricetes incertae sedis,Gustavvirus,Gustavvirus mahdia,,dsDNA
Gustavvirus,2560144,,,,,,0.75,,,,,,,,,,2055.0,Gordonia terrae,Duplodnaviria,Heunggongvirae,Uroviricota,Caudoviricetes,Caudoviricetes incertae sedis,Gustavvirus,unclassified Gustavvirus,,dsDNA
Gustavvirus,2560144,,,,,,0.75,,,,,,,,,,37332.0,Nocardia seriolae,Duplodnaviria,Heunggongvirae,Uroviricota,Caudoviricetes,Caudoviricetes incertae sedis,Gustavvirus,unclassified Gustavvirus,,dsDNA
Locarnavirus,2560169,,,,,,,,,,0.4,,,,,,1.0,root,Riboviria,Orthornavirae,Pisuviricota,Pisoniviricetes,Picornavirales,Marnaviridae,Locarnavirus,Locarnavirus jerichoensis,
Napahaivirus,2560184,,,,,,,,,,,,,,0.14,,286.0,Pseudomonas,Duplodnaviria,Heunggongvirae,Uroviricota,Caudoviricetes,Autographivirales,Autonotataviridae,Napahaivirus,Napahaivirus VSW3,dsDNA
Otagovirus,2560197,0.29,,,,,,0.48,,,,,,3.96,,,204039.0,Dickeya dianthicola,Duplodnaviria,Heunggongvirae,Uroviricota,Caudoviricetes,Caudoviricetes incertae sedis,Vandenendeviridae,Gorskivirinae,Otagovirus,dsDNA
Otagovirus,2560197,0.29,,,,,,0.48,,,,,,3.96,,,317.0,Pseudomonas syringae,Duplodnaviria,Heunggongvirae,Uroviricota,Caudoviricetes,Caudoviricetes incertae sedis,Vandenendeviridae,Gorskivirinae,Otagovirus,dsDNA
Otagovirus,2560197,0.29,,,,,,0.48,,,,,,3.96,,,306.0,Pseudomonas sp.,Duplodnaviria,Heunggongvirae,Uroviricota,Caudoviricetes,Caudoviricetes incertae sedis,Vandenendeviridae,Gorskivirinae,Otagovirus,dsDNA
Otagovirus,2560197,0.29,,,,,,0.48,,,,,,3.96,,,103796.0,Pseudomonas syringae pv. actinidiae,Duplodnaviria,Heunggongvirae,Uroviricota,Caudoviricetes,Caudoviricetes incertae sedis,Vandenendeviridae,Gorskivirinae,Otagovirus,dsDNA
Otagovirus,2560197,0.29,,,,,,0.48,,,,,,3.96,,,1104681.0,Pseudomonas syringae pv. actinidiae ICMP 18800,Duplodnaviria,Heunggongvirae,Uroviricota,Caudoviricetes,Caudoviricetes incertae sedis,Vandenendeviridae,Gorskivirinae,Otagovirus,dsDNA
Otagovirus,2560197,0.29,,,,,,0.48,,,,,,3.96,,,319.0,Pseudomonas savastanoi pv. phaseolicola,Duplodnaviria,Heunggongvirae,Uroviricota,Caudoviricetes,Caudoviricetes incertae sedis,Vandenendeviridae,Gorskivirinae,Otagovirus,dsDNA
Peatvirus,2560201,,,,,,,,,,,,,,,3.33,29471.0,Pectobacterium atrosepticum,Duplodnaviria,Heunggongvirae,Uroviricota,Caudoviricetes,Caudoviricetes incertae sedis,Peatvirus,Peatvirus peat2,,dsDNA
Peatvirus,2560201,,,,,,,,,,,,,,,3.33,122277.0,Pectobacterium,Duplodnaviria,Heunggongvirae,Uroviricota,Caudoviricetes,Caudoviricetes incertae sedis,Peatvirus,Peatvirus peat2,,dsDNA
Phimunavirus,2560202,0.26,,0.66,0.46,,0.78,0.36,,,0.37,0.28,,,,,29471.0,Pectobacterium atrosepticum,Duplodnaviria,Heunggongvirae,Uroviricota,Caudoviricetes,Autographivirales,Autoscriptoviridae,Corkvirinae,Phimunavirus,dsDNA
Phimunavirus,2560202,0.26,,0.66,0.46,,0.78,0.36,,,0.37,0.28,,,,,218491.0,Pectobacterium atrosepticum SCRI1043,Duplodnaviria,Heunggongvirae,Uroviricota,Caudoviricetes,Autographivirales,Autoscriptoviridae,Corkvirinae,Phimunavirus,dsDNA
Plaisancevirus,2560204,0.66,,,,,,,,,,,,,,0.09,303.0,Pseudomonas putida,Duplodnaviria,Heunggongvirae,Uroviricota,Caudoviricetes,Caudoviricetes incertae sedis,Plaisancevirus,Plaisancevirus PMW,,dsDNA
Popoffvirus,2560208,0.16,,,0.01,,,1.08,,,0.38,0.45,,,,0.1,645.0,Aeromonas salmonicida,Duplodnaviria,Heunggongvirae,Uroviricota,Caudoviricetes,Caudoviricetes incertae sedis,Popoffvirus,Popoffvirus pv56,,dsDNA
Scapunavirus,2560225,,,,,,,,,,,,,,,0.08,1930.0,Streptomyces scabiei,Duplodnaviria,Heunggongvirae,Uroviricota,Caudoviricetes,Caudoviricetes incertae sedis,Scapunavirus,unclassified Scapunavirus,,dsDNA
Scapunavirus,2560225,,,,,,,,,,,,,,,0.08,1916.0,Streptomyces lividans,Duplodnaviria,Heunggongvirae,Uroviricota,Caudoviricetes,Caudoviricetes incertae sedis,Scapunavirus,unclassified Scapunavirus,,dsDNA
Scapunavirus,2560225,,,,,,,,,,,,,,,0.08,68239.0,Streptomyces mirabilis,Duplodnaviria,Heunggongvirae,Uroviricota,Caudoviricetes,Caudoviricetes incertae sedis,Scapunavirus,unclassified Scapunavirus,,dsDNA
Scapunavirus,2560225,,,,,,,,,,,,,,,0.08,1930.0,Streptomyces scabiei,Duplodnaviria,Heunggongvirae,Uroviricota,Caudoviricetes,Caudoviricetes incertae sedis,Scapunavirus,Scapunavirus scap1,,dsDNA
Scapunavirus,2560225,,,,,,,,,,,,,,,0.08,66874.0,Streptomyces bicolor,Duplodnaviria,Heunggongvirae,Uroviricota,Caudoviricetes,Caudoviricetes incertae sedis,Scapunavirus,unclassified Scapunavirus,,dsDNA
Sugarlandvirus,2560233,,,,0.01,,,,,,,,,,0.03,,573.0,Klebsiella pneumoniae,Duplodnaviria,Heunggongvirae,Uroviricota,Caudoviricetes,Caudoviricetes incertae sedis,Demerecviridae,Sugarlandvirus,Sugarlandvirus AmPhEK80,dsDNA
Sugarlandvirus,2560233,,,,0.01,,,,,,,,,,0.03,,570.0,Klebsiella,Duplodnaviria,Heunggongvirae,Uroviricota,Caudoviricetes,Caudoviricetes incertae sedis,Demerecviridae,Sugarlandvirus,Sugarlandvirus KpGranit,dsDNA
Sugarlandvirus,2560233,,,,0.01,,,,,,,,,,0.03,,571.0,Klebsiella oxytoca,Duplodnaviria,Heunggongvirae,Uroviricota,Caudoviricetes,Caudoviricetes incertae sedis,Demerecviridae,Sugarlandvirus,Sugarlandvirus KPN4,dsDNA
Sugarlandvirus,2560233,,,,0.01,,,,,,,,,,0.03,,244366.0,Klebsiella variicola,Duplodnaviria,Heunggongvirae,Uroviricota,Caudoviricetes,Caudoviricetes incertae sedis,Demerecviridae,Sugarlandvirus,unclassified Sugarlandvirus,dsDNA
Tulanevirus,2560244,0.12,,,,,,,,,0.24,,,,,0.09,645.0,Aeromonas salmonicida,Duplodnaviria,Heunggongvirae,Uroviricota,Caudoviricetes,Pantevenvirales,Straboviridae,Tulanevirus,Tulanevirus bteighttwo,dsDNA
Tulanevirus,2560244,0.12,,,,,,,,,0.24,,,,,0.09,644.0,Aeromonas hydrophila,Duplodnaviria,Heunggongvirae,Uroviricota,Caudoviricetes,Pantevenvirales,Straboviridae,Tulanevirus,Tulanevirus 50ahydr13pp,dsDNA
Tulanevirus,2560244,0.12,,,,,,,,,0.24,,,,,0.09,647.0,Aeromonas sp.,Duplodnaviria,Heunggongvirae,Uroviricota,Caudoviricetes,Pantevenvirales,Straboviridae,Tulanevirus,Tulanevirus aes12,dsDNA
Tulanevirus,2560244,0.12,,,,,,,,,0.24,,,,,0.09,40324.0,Stenotrophomonas maltophilia,Duplodnaviria,Heunggongvirae,Uroviricota,Caudoviricetes,Pantevenvirales,Straboviridae,Tulanevirus,Tulanevirus ime13,dsDNA
Vicosavirus,2560248,,,,0.07,,,,,,,,,,,,564423.0,Pseudomonas tolaasii NCPPB 2192,Duplodnaviria,Heunggongvirae,Uroviricota,Caudoviricetes,Caudoviricetes incertae sedis,Vicosavirus,Vicosavirus NV1,,dsDNA
Vicosavirus,2560248,,,,0.07,,,,,,,,,,,,294.0,Pseudomonas fluorescens,Duplodnaviria,Heunggongvirae,Uroviricota,Caudoviricetes,Caudoviricetes incertae sedis,Vicosavirus,Vicosavirus UFVP2,,dsDNA
Epseptimavirus,2732017,,,,0.01,,,,,,,,,,,,83333.0,Escherichia coli K-12,Duplodnaviria,Heunggongvirae,Uroviricota,Caudoviricetes,Caudoviricetes incertae sedis,Demerecviridae,Markadamsvirinae,Epseptimavirus,dsDNA
Epseptimavirus,2732017,,,,0.01,,,,,,,,,,,,511145.0,Escherichia coli str. K-12 substr. MG1655,Duplodnaviria,Heunggongvirae,Uroviricota,Caudoviricetes,Caudoviricetes incertae sedis,Demerecviridae,Markadamsvirinae,Epseptimavirus,dsDNA
Epseptimavirus,2732017,,,,0.01,,,,,,,,,,,,197.0,Campylobacter jejuni,Duplodnaviria,Heunggongvirae,Uroviricota,Caudoviricetes,Caudoviricetes incertae sedis,Demerecviridae,Markadamsvirinae,Epseptimavirus,dsDNA
Epseptimavirus,2732017,,,,0.01,,,,,,,,,,,,546.0,Citrobacter freundii,Duplodnaviria,Heunggongvirae,Uroviricota,Caudoviricetes,Caudoviricetes incertae sedis,Demerecviridae,Markadamsvirinae,Epseptimavirus,dsDNA
Epseptimavirus,2732017,,,,0.01,,,,,,,,,,,,543.0,Enterobacteriaceae,Duplodnaviria,Heunggongvirae,Uroviricota,Caudoviricetes,Caudoviricetes incertae sedis,Demerecviridae,Markadamsvirinae,Epseptimavirus,dsDNA
Epseptimavirus,2732017,,,,0.01,,,,,,,,,,,,573.0,Klebsiella pneumoniae,Duplodnaviria,Heunggongvirae,Uroviricota,Caudoviricetes,Caudoviricetes incertae sedis,Demerecviridae,Markadamsvirinae,Epseptimavirus,dsDNA
Epseptimavirus,2732017,,,,0.01,,,,,,,,,,,,82983.0,Obesumbacterium proteus,Duplodnaviria,Heunggongvirae,Uroviricota,Caudoviricetes,Caudoviricetes incertae sedis,Demerecviridae,Markadamsvirinae,Epseptimavirus,dsDNA
Epseptimavirus,2732017,,,,0.01,,,,,,,,,,,,,,Duplodnaviria,Heunggongvirae,Uroviricota,Caudoviricetes,Caudoviricetes incertae sedis,Demerecviridae,Markadamsvirinae,Epseptimavirus,dsDNA
Epseptimavirus,2732017,,,,0.01,,,,,,,,,,,,59201.0,Salmonella enterica subsp. enterica,Duplodnaviria,Heunggongvirae,Uroviricota,Caudoviricetes,Caudoviricetes incertae sedis,Demerecviridae,Markadamsvirinae,Epseptimavirus,dsDNA
Epseptimavirus,2732017,,,,0.01,,,,,,,,,,,,594.0,Salmonella enterica subsp. enterica serovar Gallinarum,Duplodnaviria,Heunggongvirae,Uroviricota,Caudoviricetes,Caudoviricetes incertae sedis,Demerecviridae,Markadamsvirinae,Epseptimavirus,dsDNA
Epseptimavirus,2732017,,,,0.01,,,,,,,,,,,,149539.0,Salmonella enterica subsp. enterica serovar Enteritidis,Duplodnaviria,Heunggongvirae,Uroviricota,Caudoviricetes,Caudoviricetes incertae sedis,Demerecviridae,Markadamsvirinae,Epseptimavirus,dsDNA
Epseptimavirus,2732017,,,,0.01,,,,,,,,,,,,90371.0,Salmonella enterica subsp. enterica serovar Typhimurium,Duplodnaviria,Heunggongvirae,Uroviricota,Caudoviricetes,Caudoviricetes incertae sedis,Demerecviridae,Markadamsvirinae,Epseptimavirus,dsDNA
Epseptimavirus,2732017,,,,0.01,,,,,,,,,,,,590.0,Salmonella,Duplodnaviria,Heunggongvirae,Uroviricota,Caudoviricetes,Caudoviricetes incertae sedis,Demerecviridae,Markadamsvirinae,Epseptimavirus,dsDNA
Epseptimavirus,2732017,,,,0.01,,,,,,,,,,,,595.0,Salmonella enterica subsp. enterica serovar Infantis,Duplodnaviria,Heunggongvirae,Uroviricota,Caudoviricetes,Caudoviricetes incertae sedis,Demerecviridae,Markadamsvirinae,Epseptimavirus,dsDNA
Epseptimavirus,2732017,,,,0.01,,,,,,,,,,,,58712.0,Salmonella enterica subsp. enterica serovar Anatum,Duplodnaviria,Heunggongvirae,Uroviricota,Caudoviricetes,Caudoviricetes incertae sedis,Demerecviridae,Markadamsvirinae,Epseptimavirus,dsDNA
Epseptimavirus,2732017,,,,0.01,,,,,,,,,,,,192955.0,Salmonella enterica subsp. enterica serovar Kentucky,Duplodnaviria,Heunggongvirae,Uroviricota,Caudoviricetes,Caudoviricetes incertae sedis,Demerecviridae,Markadamsvirinae,Epseptimavirus,dsDNA
Epseptimavirus,2732017,,,,0.01,,,,,,,,,,,,149385.0,Salmonella enterica subsp. enterica serovar Hadar,Duplodnaviria,Heunggongvirae,Uroviricota,Caudoviricetes,Caudoviricetes incertae sedis,Demerecviridae,Markadamsvirinae,Epseptimavirus,dsDNA
Epseptimavirus,2732017,,,,0.01,,,,,,,,,,,,28147.0,Salmonella enterica subsp. enterica serovar Oranienburg,Duplodnaviria,Heunggongvirae,Uroviricota,Caudoviricetes,Caudoviricetes incertae sedis,Demerecviridae,Markadamsvirinae,Epseptimavirus,dsDNA
Epseptimavirus,2732017,,,,0.01,,,,,,,,,,,,48409.0,Salmonella enterica subsp. enterica serovar Virchow,Duplodnaviria,Heunggongvirae,Uroviricota,Caudoviricetes,Caudoviricetes incertae sedis,Demerecviridae,Markadamsvirinae,Epseptimavirus,dsDNA
Epseptimavirus,2732017,,,,0.01,,,,,,,,,,,,57743.0,Salmonella enterica subsp. enterica serovar Weltevreden,Duplodnaviria,Heunggongvirae,Uroviricota,Caudoviricetes,Caudoviricetes incertae sedis,Demerecviridae,Markadamsvirinae,Epseptimavirus,dsDNA
Epseptimavirus,2732017,,,,0.01,,,,,,,,,,,,90105.0,Salmonella enterica subsp. enterica serovar Saintpaul,Duplodnaviria,Heunggongvirae,Uroviricota,Caudoviricetes,Caudoviricetes incertae sedis,Demerecviridae,Markadamsvirinae,Epseptimavirus,dsDNA
Epseptimavirus,2732017,,,,0.01,,,,,,,,,,,,99287.0,Salmonella enterica subsp. enterica serovar Typhimurium str. LT2,Duplodnaviria,Heunggongvirae,Uroviricota,Caudoviricetes,Caudoviricetes incertae sedis,Demerecviridae,Markadamsvirinae,Epseptimavirus,dsDNA
Epseptimavirus,2732017,,,,0.01,,,,,,,,,,,,108619.0,Salmonella enterica subsp. enterica serovar Newport,Duplodnaviria,Heunggongvirae,Uroviricota,Caudoviricetes,Caudoviricetes incertae sedis,Demerecviridae,Markadamsvirinae,Epseptimavirus,dsDNA
Epseptimavirus,2732017,,,,0.01,,,,,,,,,,,,115981.0,Salmonella enterica subsp. enterica serovar Montevideo,Duplodnaviria,Heunggongvirae,Uroviricota,Caudoviricetes,Caudoviricetes incertae sedis,Demerecviridae,Markadamsvirinae,Epseptimavirus,dsDNA
Epseptimavirus,2732017,,,,0.01,,,,,,,,,,,,436295.0,Salmonella enterica subsp. enterica serovar Poona,Duplodnaviria,Heunggongvirae,Uroviricota,Caudoviricetes,Caudoviricetes incertae sedis,Demerecviridae,Markadamsvirinae,Epseptimavirus,dsDNA
Epseptimavirus,2732017,,,,0.01,,,,,,,,,,,,588858.0,Salmonella enterica subsp. enterica serovar Typhimurium str. 14028S,Duplodnaviria,Heunggongvirae,Uroviricota,Caudoviricetes,Caudoviricetes incertae sedis,Demerecviridae,Markadamsvirinae,Epseptimavirus,dsDNA
Epseptimavirus,2732017,,,,0.01,,,,,,,,,,,,593905.0,Salmonella enterica subsp. enterica serovar Corvallis,Duplodnaviria,Heunggongvirae,Uroviricota,Caudoviricetes,Caudoviricetes incertae sedis,Demerecviridae,Markadamsvirinae,Epseptimavirus,dsDNA
Epseptimavirus,2732017,,,,0.01,,,,,,,,,,,,1331664.0,"Salmonella enterica subsp. enterica serovar Typhimurium var. monophasic 4,5,12:i:-",Duplodnaviria,Heunggongvirae,Uroviricota,Caudoviricetes,Caudoviricetes incertae sedis,Demerecviridae,Markadamsvirinae,Epseptimavirus,dsDNA
Epseptimavirus,2732017,,,,0.01,,,,,,,,,,,,605.0,Salmonella enterica subsp. enterica serovar Pullorum,Duplodnaviria,Heunggongvirae,Uroviricota,Caudoviricetes,Caudoviricetes incertae sedis,Demerecviridae,Markadamsvirinae,Epseptimavirus,dsDNA
Epseptimavirus,2732017,,,,0.01,,,,,,,,,,,,216597.0,Salmonella enterica subsp. enterica serovar Typhimurium str. SL1344,Duplodnaviria,Heunggongvirae,Uroviricota,Caudoviricetes,Caudoviricetes incertae sedis,Demerecviridae,Markadamsvirinae,Epseptimavirus,dsDNA
Epseptimavirus,2732017,,,,0.01,,,,,,,,,,,,909946.0,Salmonella enterica subsp. enterica serovar Typhimurium str. ST4/74,Duplodnaviria,Heunggongvirae,Uroviricota,Caudoviricetes,Caudoviricetes incertae sedis,Demerecviridae,Markadamsvirinae,Epseptimavirus,dsDNA
Epseptimavirus,2732017,,,,0.01,,,,,,,,,,,,28144.0,Salmonella enterica subsp. enterica serovar Derby,Duplodnaviria,Heunggongvirae,Uroviricota,Caudoviricetes,Caudoviricetes incertae sedis,Demerecviridae,Markadamsvirinae,Epseptimavirus,dsDNA
Epseptimavirus,2732017,,,,0.01,,,,,,,,,,,,98360.0,Salmonella enterica subsp. enterica serovar Dublin,Duplodnaviria,Heunggongvirae,Uroviricota,Caudoviricetes,Caudoviricetes incertae sedis,Demerecviridae,Markadamsvirinae,Epseptimavirus,dsDNA
Epseptimavirus,2732017,,,,0.01,,,,,,,,,,,,90370.0,Salmonella enterica subsp. enterica serovar Typhi,Duplodnaviria,Heunggongvirae,Uroviricota,Caudoviricetes,Caudoviricetes incertae sedis,Demerecviridae,Markadamsvirinae,Epseptimavirus,dsDNA
Epseptimavirus,2732017,,,,0.01,,,,,,,,,,,,2583588.0,"Salmonella enterica subsp. enterica serovar 1,4,[5],12:i:-",Duplodnaviria,Heunggongvirae,Uroviricota,Caudoviricetes,Caudoviricetes incertae sedis,Demerecviridae,Markadamsvirinae,Epseptimavirus,dsDNA
Epseptimavirus,2732017,,,,0.01,,,,,,,,,,,,363569.0,Salmonella enterica subsp. enterica serovar Javiana,Duplodnaviria,Heunggongvirae,Uroviricota,Caudoviricetes,Caudoviricetes incertae sedis,Demerecviridae,Markadamsvirinae,Epseptimavirus,dsDNA
Epseptimavirus,2732017,,,,0.01,,,,,,,,,,,,149391.0,Salmonella enterica subsp. enterica serovar Braenderup,Duplodnaviria,Heunggongvirae,Uroviricota,Caudoviricetes,Caudoviricetes incertae sedis,Demerecviridae,Markadamsvirinae,Epseptimavirus,dsDNA
Epseptimavirus,2732017,,,,0.01,,,,,,,,,,,,630.0,Yersinia enterocolitica,Duplodnaviria,Heunggongvirae,Uroviricota,Caudoviricetes,Caudoviricetes incertae sedis,Demerecviridae,Markadamsvirinae,Epseptimavirus,dsDNA
Apdecimavirus,2732676,0.15,,,,,,,,,,,,,,,,,,,,,,,,,
Berlinvirus,2732677,,,,,,,,,,,,,0.01,0.15,,546.0,Citrobacter freundii,Duplodnaviria,Heunggongvirae,Uroviricota,Caudoviricetes,Autographivirales,Autotranscriptaviridae,Studiervirinae,Berlinvirus,dsDNA
Berlinvirus,2732677,,,,,,,,,,,,,0.01,0.15,,599.0,Salmonella sp.,Duplodnaviria,Heunggongvirae,Uroviricota,Caudoviricetes,Autographivirales,Autotranscriptaviridae,Studiervirinae,Berlinvirus,dsDNA
Berlinvirus,2732677,,,,,,,,,,,,,0.01,0.15,,558.0,Erwinia sp.,Duplodnaviria,Heunggongvirae,Uroviricota,Caudoviricetes,Autographivirales,Autotranscriptaviridae,Studiervirinae,Berlinvirus,dsDNA
Berlinvirus,2732677,,,,,,,,,,,,,0.01,0.15,,552.0,Erwinia amylovora,Duplodnaviria,Heunggongvirae,Uroviricota,Caudoviricetes,Autographivirales,Autotranscriptaviridae,Studiervirinae,Berlinvirus,dsDNA
Berlinvirus,2732677,,,,,,,,,,,,,0.01,0.15,,83333.0,Escherichia coli K-12,Duplodnaviria,Heunggongvirae,Uroviricota,Caudoviricetes,Autographivirales,Autotranscriptaviridae,Studiervirinae,Berlinvirus,dsDNA
Berlinvirus,2732677,,,,,,,,,,,,,0.01,0.15,,1211845.0,Escherichia coli MC1061,Duplodnaviria,Heunggongvirae,Uroviricota,Caudoviricetes,Autographivirales,Autotranscriptaviridae,Studiervirinae,Berlinvirus,dsDNA
Berlinvirus,2732677,,,,,,,,,,,,,0.01,0.15,,580.0,Kluyvera cryocrescens,Duplodnaviria,Heunggongvirae,Uroviricota,Caudoviricetes,Autographivirales,Autotranscriptaviridae,Studiervirinae,Berlinvirus,dsDNA
Berlinvirus,2732677,,,,,,,,,,,,,0.01,0.15,,55208.0,Pectobacterium wasabiae,Duplodnaviria,Heunggongvirae,Uroviricota,Caudoviricetes,Autographivirales,Autotranscriptaviridae,Studiervirinae,Berlinvirus,dsDNA
Berlinvirus,2732677,,,,,,,,,,,,,0.01,0.15,,90371.0,Salmonella enterica subsp. enterica serovar Typhimurium,Duplodnaviria,Heunggongvirae,Uroviricota,Caudoviricetes,Autographivirales,Autotranscriptaviridae,Studiervirinae,Berlinvirus,dsDNA
Berlinvirus,2732677,,,,,,,,,,,,,0.01,0.15,,385964.0,Yersinia pestis subsp. pestis,Duplodnaviria,Heunggongvirae,Uroviricota,Caudoviricetes,Autographivirales,Autotranscriptaviridae,Studiervirinae,Berlinvirus,dsDNA
Berlinvirus,2732677,,,,,,,,,,,,,0.01,0.15,,632.0,Yersinia pestis,Duplodnaviria,Heunggongvirae,Uroviricota,Caudoviricetes,Autographivirales,Autotranscriptaviridae,Studiervirinae,Berlinvirus,dsDNA
Berlinvirus,2732677,,,,,,,,,,,,,0.01,0.15,,633.0,Yersinia pseudotuberculosis,Duplodnaviria,Heunggongvirae,Uroviricota,Caudoviricetes,Autographivirales,Autotranscriptaviridae,Studiervirinae,Berlinvirus,dsDNA
Berlinvirus,2732677,,,,,,,,,,,,,0.01,0.15,,367190.0,Yersinia similis,Duplodnaviria,Heunggongvirae,Uroviricota,Caudoviricetes,Autographivirales,Autotranscriptaviridae,Studiervirinae,Berlinvirus,dsDNA
Berlinvirus,2732677,,,,,,,,,,,,,0.01,0.15,,1341643.0,Yersinia wautersii,Duplodnaviria,Heunggongvirae,Uroviricota,Caudoviricetes,Autographivirales,Autotranscriptaviridae,Studiervirinae,Berlinvirus,dsDNA
Caroctavirus,2732678,,,,,,,,,,,,,0.01,,,,,,,,,,,,,
Ghunavirus,2732683,,,,,,,,,,,,,4.64,0.81,,317.0,Pseudomonas syringae,Duplodnaviria,Heunggongvirae,Uroviricota,Caudoviricetes,Autographivirales,Autotranscriptaviridae,Studiervirinae,Ghunavirus,dsDNA
Ghunavirus,2732683,,,,,,,,,,,,,4.64,0.81,,204038.0,Dickeya dadantii,Duplodnaviria,Heunggongvirae,Uroviricota,Caudoviricetes,Autographivirales,Autotranscriptaviridae,Studiervirinae,Ghunavirus,dsDNA
Ghunavirus,2732683,,,,,,,,,,,,,4.64,0.81,,2745510.0,Pseudomonas zeae,Duplodnaviria,Heunggongvirae,Uroviricota,Caudoviricetes,Autographivirales,Autotranscriptaviridae,Studiervirinae,Ghunavirus,dsDNA
Ghunavirus,2732683,,,,,,,,,,,,,4.64,0.81,,286.0,Pseudomonas,Duplodnaviria,Heunggongvirae,Uroviricota,Caudoviricetes,Autographivirales,Autotranscriptaviridae,Studiervirinae,Ghunavirus,dsDNA
Ghunavirus,2732683,,,,,,,,,,,,,4.64,0.81,,323.0,Pseudomonas syringae pv. tomato,Duplodnaviria,Heunggongvirae,Uroviricota,Caudoviricetes,Autographivirales,Autotranscriptaviridae,Studiervirinae,Ghunavirus,dsDNA
Ghunavirus,2732683,,,,,,,,,,,,,4.64,0.81,,306.0,Pseudomonas sp.,Duplodnaviria,Heunggongvirae,Uroviricota,Caudoviricetes,Autographivirales,Autotranscriptaviridae,Studiervirinae,Ghunavirus,dsDNA
Ghunavirus,2732683,,,,,,,,,,,,,4.64,0.81,,1094176.0,Pseudomonas syringae pv. actinidiae CFBP 7286,Duplodnaviria,Heunggongvirae,Uroviricota,Caudoviricetes,Autographivirales,Autotranscriptaviridae,Studiervirinae,Ghunavirus,dsDNA
Ghunavirus,2732683,,,,,,,,,,,,,4.64,0.81,,103796.0,Pseudomonas syringae pv. actinidiae,Duplodnaviria,Heunggongvirae,Uroviricota,Caudoviricetes,Autographivirales,Autotranscriptaviridae,Studiervirinae,Ghunavirus,dsDNA
Ghunavirus,2732683,,,,,,,,,,,,,4.64,0.81,,223283.0,Pseudomonas syringae pv. tomato str. DC3000,Duplodnaviria,Heunggongvirae,Uroviricota,Caudoviricetes,Autographivirales,Autotranscriptaviridae,Studiervirinae,Ghunavirus,dsDNA
Ghunavirus,2732683,,,,,,,,,,,,,4.64,0.81,,411899.0,Pseudomonas sp. F,Duplodnaviria,Heunggongvirae,Uroviricota,Caudoviricetes,Autographivirales,Autotranscriptaviridae,Studiervirinae,Ghunavirus,dsDNA
Ghunavirus,2732683,,,,,,,,,,,,,4.64,0.81,,136843.0,Pseudomonas fluorescens group,Duplodnaviria,Heunggongvirae,Uroviricota,Caudoviricetes,Autographivirales,Autotranscriptaviridae,Studiervirinae,Ghunavirus,dsDNA
Ghunavirus,2732683,,,,,,,,,,,,,4.64,0.81,,318.0,Pseudomonas savastanoi pv. glycinea,Duplodnaviria,Heunggongvirae,Uroviricota,Caudoviricetes,Autographivirales,Autotranscriptaviridae,Studiervirinae,Ghunavirus,dsDNA
Ghunavirus,2732683,,,,,,,,,,,,,4.64,0.81,,1104681.0,Pseudomonas syringae pv. actinidiae ICMP 18800,Duplodnaviria,Heunggongvirae,Uroviricota,Caudoviricetes,Autographivirales,Autotranscriptaviridae,Studiervirinae,Ghunavirus,dsDNA
Ghunavirus,2732683,,,,,,,,,,,,,4.64,0.81,,36746.0,Pseudomonas cichorii,Duplodnaviria,Heunggongvirae,Uroviricota,Caudoviricetes,Autographivirales,Autotranscriptaviridae,Studiervirinae,Ghunavirus,dsDNA
Ghunavirus,2732683,,,,,,,,,,,,,4.64,0.81,,343.0,Xanthomonas translucens,Duplodnaviria,Heunggongvirae,Uroviricota,Caudoviricetes,Autographivirales,Autotranscriptaviridae,Studiervirinae,Ghunavirus,dsDNA
Ghunavirus,2732683,,,,,,,,,,,,,4.64,0.81,,134875.0,Xanthomonas translucens pv. translucens,Duplodnaviria,Heunggongvirae,Uroviricota,Caudoviricetes,Autographivirales,Autotranscriptaviridae,Studiervirinae,Ghunavirus,dsDNA
Jarilovirus,2732685,,,,,,,,,,,,,,0.06,,555.0,Pectobacterium carotovorum subsp. carotovorum,Duplodnaviria,Heunggongvirae,Uroviricota,Caudoviricetes,Autographivirales,Autotranscriptaviridae,Studiervirinae,Jarilovirus,dsDNA
Kayfunavirus,2732686,,,,,,,,,,,,,0.02,0.54,,1.0,root,Duplodnaviria,Heunggongvirae,Uroviricota,Caudoviricetes,Autographivirales,Autotranscriptaviridae,Studiervirinae,Kayfunavirus,dsDNA
Kayfunavirus,2732686,,,,,,,,,,,,,0.02,0.54,,287.0,Pseudomonas aeruginosa,Duplodnaviria,Heunggongvirae,Uroviricota,Caudoviricetes,Autographivirales,Autotranscriptaviridae,Studiervirinae,Kayfunavirus,dsDNA
Kayfunavirus,2732686,,,,,,,,,,,,,0.02,0.54,,562.0,Escherichia coli,Duplodnaviria,Heunggongvirae,Uroviricota,Caudoviricetes,Autographivirales,Autotranscriptaviridae,Studiervirinae,Kayfunavirus,dsDNA
Kayfunavirus,2732686,,,,,,,,,,,,,0.02,0.54,,670.0,Vibrio parahaemolyticus,Duplodnaviria,Heunggongvirae,Uroviricota,Caudoviricetes,Autographivirales,Autotranscriptaviridae,Studiervirinae,Kayfunavirus,dsDNA
Kayfunavirus,2732686,,,,,,,,,,,,,0.02,0.54,,672.0,Vibrio vulnificus,Duplodnaviria,Heunggongvirae,Uroviricota,Caudoviricetes,Autographivirales,Autotranscriptaviridae,Studiervirinae,Kayfunavirus,dsDNA
Kayfunavirus,2732686,,,,,,,,,,,,,0.02,0.54,,28901.0,Salmonella enterica,Duplodnaviria,Heunggongvirae,Uroviricota,Caudoviricetes,Autographivirales,Autotranscriptaviridae,Studiervirinae,Kayfunavirus,dsDNA
Kayfunavirus,2732686,,,,,,,,,,,,,0.02,0.54,,67825.0,Citrobacter rodentium,Duplodnaviria,Heunggongvirae,Uroviricota,Caudoviricetes,Autographivirales,Autotranscriptaviridae,Studiervirinae,Kayfunavirus,dsDNA
Kayfunavirus,2732686,,,,,,,,,,,,,0.02,0.54,,413502.0,Cronobacter turicensis,Duplodnaviria,Heunggongvirae,Uroviricota,Caudoviricetes,Autographivirales,Autotranscriptaviridae,Studiervirinae,Kayfunavirus,dsDNA
Kayfunavirus,2732686,,,,,,,,,,,,,0.02,0.54,,1888169.0,Cronobacter sp.,Duplodnaviria,Heunggongvirae,Uroviricota,Caudoviricetes,Autographivirales,Autotranscriptaviridae,Studiervirinae,Kayfunavirus,dsDNA
Kayfunavirus,2732686,,,,,,,,,,,,,0.02,0.54,,2042057.0,Pectobacterium polaris,Duplodnaviria,Heunggongvirae,Uroviricota,Caudoviricetes,Autographivirales,Autotranscriptaviridae,Studiervirinae,Kayfunavirus,dsDNA
Kayfunavirus,2732686,,,,,,,,,,,,,0.02,0.54,,550.0,Enterobacter cloacae,Duplodnaviria,Heunggongvirae,Uroviricota,Caudoviricetes,Autographivirales,Autotranscriptaviridae,Studiervirinae,Kayfunavirus,dsDNA
Kayfunavirus,2732686,,,,,,,,,,,,,0.02,0.54,,547.0,Enterobacter,Duplodnaviria,Heunggongvirae,Uroviricota,Caudoviricetes,Autographivirales,Autotranscriptaviridae,Studiervirinae,Kayfunavirus,dsDNA
Kayfunavirus,2732686,,,,,,,,,,,,,0.02,0.54,,158836.0,Enterobacter hormaechei,Duplodnaviria,Heunggongvirae,Uroviricota,Caudoviricetes,Autographivirales,Autotranscriptaviridae,Studiervirinae,Kayfunavirus,dsDNA
Kayfunavirus,2732686,,,,,,,,,,,,,0.02,0.54,,299767.0,Enterobacter ludwigii,Duplodnaviria,Heunggongvirae,Uroviricota,Caudoviricetes,Autographivirales,Autotranscriptaviridae,Studiervirinae,Kayfunavirus,dsDNA
Kayfunavirus,2732686,,,,,,,,,,,,,0.02,0.54,,1351.0,Enterococcus faecalis,Duplodnaviria,Heunggongvirae,Uroviricota,Caudoviricetes,Autographivirales,Autotranscriptaviridae,Studiervirinae,Kayfunavirus,dsDNA
Kayfunavirus,2732686,,,,,,,,,,,,,0.02,0.54,,561.0,Escherichia,Duplodnaviria,Heunggongvirae,Uroviricota,Caudoviricetes,Autographivirales,Autotranscriptaviridae,Studiervirinae,Kayfunavirus,dsDNA
Kayfunavirus,2732686,,,,,,,,,,,,,0.02,0.54,,2170723.0,Escherichia coli O153,Duplodnaviria,Heunggongvirae,Uroviricota,Caudoviricetes,Autographivirales,Autotranscriptaviridae,Studiervirinae,Kayfunavirus,dsDNA
Kayfunavirus,2732686,,,,,,,,,,,,,0.02,0.54,,1884818.0,Escherichia sp.,Duplodnaviria,Heunggongvirae,Uroviricota,Caudoviricetes,Autographivirales,Autotranscriptaviridae,Studiervirinae,Kayfunavirus,dsDNA
Kayfunavirus,2732686,,,,,,,,,,,,,0.02,0.54,,866789.0,Escherichia coli DSM 30083 = JCM 1649 = ATCC 11775,Duplodnaviria,Heunggongvirae,Uroviricota,Caudoviricetes,Autographivirales,Autotranscriptaviridae,Studiervirinae,Kayfunavirus,dsDNA
Kayfunavirus,2732686,,,,,,,,,,,,,0.02,0.54,,2067429.0,Escherichia coli O2,Duplodnaviria,Heunggongvirae,Uroviricota,Caudoviricetes,Autographivirales,Autotranscriptaviridae,Studiervirinae,Kayfunavirus,dsDNA
Kayfunavirus,2732686,,,,,,,,,,,,,0.02,0.54,,199310.0,Escherichia coli CFT073,Duplodnaviria,Heunggongvirae,Uroviricota,Caudoviricetes,Autographivirales,Autotranscriptaviridae,Studiervirinae,Kayfunavirus,dsDNA
Kayfunavirus,2732686,,,,,,,,,,,,,0.02,0.54,,1055536.0,Escherichia coli O103,Duplodnaviria,Heunggongvirae,Uroviricota,Caudoviricetes,Autographivirales,Autotranscriptaviridae,Studiervirinae,Kayfunavirus,dsDNA
Kayfunavirus,2732686,,,,,,,,,,,,,0.02,0.54,,470.0,Acinetobacter baumannii,Duplodnaviria,Heunggongvirae,Uroviricota,Caudoviricetes,Autographivirales,Autotranscriptaviridae,Studiervirinae,Kayfunavirus,dsDNA
Kayfunavirus,2732686,,,,,,,,,,,,,0.02,0.54,,546367.0,Hafnia paralvei,Duplodnaviria,Heunggongvirae,Uroviricota,Caudoviricetes,Autographivirales,Autotranscriptaviridae,Studiervirinae,Kayfunavirus,dsDNA
Kayfunavirus,2732686,,,,,,,,,,,,,0.02,0.54,,1322345.0,Escherichia coli ATCC 25922,Duplodnaviria,Heunggongvirae,Uroviricota,Caudoviricetes,Autographivirales,Autotranscriptaviridae,Studiervirinae,Kayfunavirus,dsDNA
Kayfunavirus,2732686,,,,,,,,,,,,,0.02,0.54,,208223.0,Kosakonia cowanii,Duplodnaviria,Heunggongvirae,Uroviricota,Caudoviricetes,Autographivirales,Autotranscriptaviridae,Studiervirinae,Kayfunavirus,dsDNA
Kayfunavirus,2732686,,,,,,,,,,,,,0.02,0.54,,587.0,Providencia rettgeri,Duplodnaviria,Heunggongvirae,Uroviricota,Caudoviricetes,Autographivirales,Autotranscriptaviridae,Studiervirinae,Kayfunavirus,dsDNA
Kayfunavirus,2732686,,,,,,,,,,,,,0.02,0.54,,54388.0,Salmonella enterica subsp. enterica serovar Paratyphi A,Duplodnaviria,Heunggongvirae,Uroviricota,Caudoviricetes,Autographivirales,Autotranscriptaviridae,Studiervirinae,Kayfunavirus,dsDNA
Kayfunavirus,2732686,,,,,,,,,,,,,0.02,0.54,,57046.0,Salmonella enterica subsp. enterica serovar Paratyphi C,Duplodnaviria,Heunggongvirae,Uroviricota,Caudoviricetes,Autographivirales,Autotranscriptaviridae,Studiervirinae,Kayfunavirus,dsDNA
Kayfunavirus,2732686,,,,,,,,,,,,,0.02,0.54,,57045.0,Salmonella enterica subsp. enterica serovar Paratyphi B,Duplodnaviria,Heunggongvirae,Uroviricota,Caudoviricetes,Autographivirales,Autotranscriptaviridae,Studiervirinae,Kayfunavirus,dsDNA
Kayfunavirus,2732686,,,,,,,,,,,,,0.02,0.54,,1280.0,Staphylococcus aureus,Duplodnaviria,Heunggongvirae,Uroviricota,Caudoviricetes,Autographivirales,Autotranscriptaviridae,Studiervirinae,Kayfunavirus,dsDNA
Pektosvirus,2732689,,,,,,,,,,,,,,0.12,,29471.0,Pectobacterium atrosepticum,Duplodnaviria,Heunggongvirae,Uroviricota,Caudoviricetes,Autographivirales,Autotranscriptaviridae,Studiervirinae,Pektosvirus,dsDNA
Pektosvirus,2732689,,,,,,,,,,,,,,0.12,,122277.0,Pectobacterium,Duplodnaviria,Heunggongvirae,Uroviricota,Caudoviricetes,Autographivirales,Autotranscriptaviridae,Studiervirinae,Pektosvirus,dsDNA
Phutvirus,2732690,,,,,1.9,,,,,,,,,0.03,,70775.0,Pseudomonas plecoglossicida,Duplodnaviria,Heunggongvirae,Uroviricota,Caudoviricetes,Autographivirales,Autotranscriptaviridae,Studiervirinae,Phutvirus,dsDNA
Pifdecavirus,2732691,,,,,,,,,,,,,4.86,,,1211579.0,Pseudomonas putida NBRC 14164,Duplodnaviria,Heunggongvirae,Uroviricota,Caudoviricetes,Autographivirales,Autotranscriptaviridae,Studiervirinae,Pifdecavirus,dsDNA
Pifdecavirus,2732691,,,,,,,,,,,,,4.86,,,160488.0,Pseudomonas putida KT2440,Duplodnaviria,Heunggongvirae,Uroviricota,Caudoviricetes,Autographivirales,Autotranscriptaviridae,Studiervirinae,Pifdecavirus,dsDNA
Pijolavirus,2732692,,,,1.38,,,0.78,,,,,,0.35,8.68,,,,,,,,,,,,
Teetrevirus,2732693,,,,,,,,,,,,,0.01,0.36,,543.0,Enterobacteriaceae,Duplodnaviria,Heunggongvirae,Uroviricota,Caudoviricetes,Autographivirales,Autotranscriptaviridae,Studiervirinae,Teetrevirus,dsDNA
Teetrevirus,2732693,,,,,,,,,,,,,0.01,0.36,,362663.0,Escherichia coli 536,Duplodnaviria,Heunggongvirae,Uroviricota,Caudoviricetes,Autographivirales,Autotranscriptaviridae,Studiervirinae,Teetrevirus,dsDNA
Teetrevirus,2732693,,,,,,,,,,,,,0.01,0.36,,679895.0,Escherichia coli BW25113,Duplodnaviria,Heunggongvirae,Uroviricota,Caudoviricetes,Autographivirales,Autotranscriptaviridae,Studiervirinae,Teetrevirus,dsDNA
Teetrevirus,2732693,,,,,,,,,,,,,0.01,0.36,,1379687.0,Klebsiella pneumoniae subsp. pneumoniae BJ1-GA,Duplodnaviria,Heunggongvirae,Uroviricota,Caudoviricetes,Autographivirales,Autotranscriptaviridae,Studiervirinae,Teetrevirus,dsDNA
Teetrevirus,2732693,,,,,,,,,,,,,0.01,0.36,,484021.0,Klebsiella pneumoniae subsp. pneumoniae NTUH-K2044,Duplodnaviria,Heunggongvirae,Uroviricota,Caudoviricetes,Autographivirales,Autotranscriptaviridae,Studiervirinae,Teetrevirus,dsDNA
Teetrevirus,2732693,,,,,,,,,,,,,0.01,0.36,,2759708.0,Klebsiella sp. M5a1,Duplodnaviria,Heunggongvirae,Uroviricota,Caudoviricetes,Autographivirales,Autotranscriptaviridae,Studiervirinae,Teetrevirus,dsDNA
Teetrevirus,2732693,,,,,,,,,,,,,0.01,0.36,,83655.0,Leclercia adecarboxylata,Duplodnaviria,Heunggongvirae,Uroviricota,Caudoviricetes,Autographivirales,Autotranscriptaviridae,Studiervirinae,Teetrevirus,dsDNA
Teetrevirus,2732693,,,,,,,,,,,,,0.01,0.36,,470932.0,Pantoea deleyi,Duplodnaviria,Heunggongvirae,Uroviricota,Caudoviricetes,Autographivirales,Autotranscriptaviridae,Studiervirinae,Teetrevirus,dsDNA
Teetrevirus,2732693,,,,,,,,,,,,,0.01,0.36,,615.0,Serratia marcescens,Duplodnaviria,Heunggongvirae,Uroviricota,Caudoviricetes,Autographivirales,Autotranscriptaviridae,Studiervirinae,Teetrevirus,dsDNA
Teetrevirus,2732693,,,,,,,,,,,,,0.01,0.36,,623.0,Shigella flexneri,Duplodnaviria,Heunggongvirae,Uroviricota,Caudoviricetes,Autographivirales,Autotranscriptaviridae,Studiervirinae,Teetrevirus,dsDNA
Teetrevirus,2732693,,,,,,,,,,,,,0.01,0.36,,630.0,Yersinia enterocolitica,Duplodnaviria,Heunggongvirae,Uroviricota,Caudoviricetes,Autographivirales,Autotranscriptaviridae,Studiervirinae,Teetrevirus,dsDNA
Troedvirus,2732694,,,,,,,,,,,,,0.01,0.14,,,,,,,,,,,,
Tunggulvirus,2732909,1.14,,,94.62,,,,,0.83,,,,,0.55,0.51,287.0,Pseudomonas aeruginosa,Duplodnaviria,Heunggongvirae,Uroviricota,Caudoviricetes,Autographivirales,Autoscriptoviridae,Tunggulvirus,Tunggulvirus f2,dsDNA
Tunggulvirus,2732909,1.14,,,94.62,,,,,0.83,,,,,0.55,0.51,294.0,Pseudomonas fluorescens,Duplodnaviria,Heunggongvirae,Uroviricota,Caudoviricetes,Autographivirales,Autoscriptoviridae,Tunggulvirus,Tunggulvirus f2,dsDNA
Kantovirus,2732920,,,,,,,,,,,,,,1.12,,303.0,Pseudomonas putida,Duplodnaviria,Heunggongvirae,Uroviricota,Caudoviricetes,Autographivirales,Autoscriptoviridae,Corkvirinae,Kantovirus,dsDNA
Kotilavirus,2732921,,,,,,,,,,,,,,0.56,,554.0,Pectobacterium carotovorum,Duplodnaviria,Heunggongvirae,Uroviricota,Caudoviricetes,Autographivirales,Autoscriptoviridae,Corkvirinae,Kotilavirus,dsDNA
Kotilavirus,2732921,,,,,,,,,,,,,,0.56,,555.0,Pectobacterium carotovorum subsp. carotovorum,Duplodnaviria,Heunggongvirae,Uroviricota,Caudoviricetes,Autographivirales,Autoscriptoviridae,Corkvirinae,Kotilavirus,dsDNA
Kotilavirus,2732921,,,,,,,,,,,,,,0.56,,122277.0,Pectobacterium,Duplodnaviria,Heunggongvirae,Uroviricota,Caudoviricetes,Autographivirales,Autoscriptoviridae,Corkvirinae,Kotilavirus,dsDNA
Kotilavirus,2732921,,,,,,,,,,,,,,0.56,,204039.0,Dickeya dianthicola,Duplodnaviria,Heunggongvirae,Uroviricota,Caudoviricetes,Autographivirales,Autoscriptoviridae,Corkvirinae,Kotilavirus,dsDNA
Stompvirus,2732922,,,,,,,,,,0.17,,,,,,1778540.0,Dickeya fangzhongdai,Duplodnaviria,Heunggongvirae,Uroviricota,Caudoviricetes,Autographivirales,Autoscriptoviridae,Corkvirinae,Stompvirus,dsDNA
Kirikabuvirus,2732923,,,,0.29,,,,,,,,,,73.12,,46677.0,Pseudomonas agarici,Duplodnaviria,Heunggongvirae,Uroviricota,Caudoviricetes,Autographivirales,Autoscriptoviridae,Krylovirinae,Kirikabuvirus,dsDNA
Stubburvirus,2732924,,,,,,,,,,0.98,,,,,,208964.0,Pseudomonas aeruginosa PAO1,Duplodnaviria,Heunggongvirae,Uroviricota,Caudoviricetes,Autographivirales,Autoscriptoviridae,Stubburvirus,Stubburvirus LKA1,dsDNA
Carltongylesvirus,2732960,0.11,,,,,,,,,,,,,,,511145.0,Escherichia coli str. K-12 substr. MG1655,Duplodnaviria,Heunggongvirae,Uroviricota,Caudoviricetes,Caudoviricetes incertae sedis,Chaseviridae,Cleopatravirinae,Carltongylesvirus,dsDNA
Carltongylesvirus,2732960,0.11,,,,,,,,,,,,,,,199310.0,Escherichia coli CFT073,Duplodnaviria,Heunggongvirae,Uroviricota,Caudoviricetes,Caudoviricetes incertae sedis,Chaseviridae,Cleopatravirinae,Carltongylesvirus,dsDNA
Carltongylesvirus,2732960,0.11,,,,,,,,,,,,,,,2802026.0,Escherichia coli H21,Duplodnaviria,Heunggongvirae,Uroviricota,Caudoviricetes,Caudoviricetes incertae sedis,Chaseviridae,Cleopatravirinae,Carltongylesvirus,dsDNA
Carltongylesvirus,2732960,0.11,,,,,,,,,,,,,,,1884818.0,Escherichia sp.,Duplodnaviria,Heunggongvirae,Uroviricota,Caudoviricetes,Caudoviricetes incertae sedis,Chaseviridae,Cleopatravirinae,Carltongylesvirus,dsDNA
Carltongylesvirus,2732960,0.11,,,,,,,,,,,,,,,1446604.0,Escherichia coli O156:H25,Duplodnaviria,Heunggongvirae,Uroviricota,Caudoviricetes,Caudoviricetes incertae sedis,Chaseviridae,Cleopatravirinae,Carltongylesvirus,dsDNA
Carltongylesvirus,2732960,0.11,,,,,,,,,,,,,,,625.0,Shigella sp.,Duplodnaviria,Heunggongvirae,Uroviricota,Caudoviricetes,Caudoviricetes incertae sedis,Chaseviridae,Cleopatravirinae,Carltongylesvirus,dsDNA
Carltongylesvirus,2732960,0.11,,,,,,,,,,,,,,,633.0,Yersinia pseudotuberculosis,Duplodnaviria,Heunggongvirae,Uroviricota,Caudoviricetes,Caudoviricetes incertae sedis,Chaseviridae,Cleopatravirinae,Carltongylesvirus,dsDNA
Pahsextavirus,2732963,0.14,,,,,0.64,,,,,,,,,0.29,196024.0,Aeromonas dhakensis,Duplodnaviria,Heunggongvirae,Uroviricota,Caudoviricetes,Caudoviricetes incertae sedis,Chaseviridae,Nefertitivirinae,Pahsextavirus,dsDNA
Pahsextavirus,2732963,0.14,,,,,0.64,,,,,,,,,0.29,644.0,Aeromonas hydrophila,Duplodnaviria,Heunggongvirae,Uroviricota,Caudoviricetes,Caudoviricetes incertae sedis,Chaseviridae,Nefertitivirinae,Pahsextavirus,dsDNA
Saclayvirus,2733128,,,,,,,0.33,,,,,,,,,470.0,Acinetobacter baumannii,Duplodnaviria,Heunggongvirae,Uroviricota,Caudoviricetes,Caudoviricetes incertae sedis,Saclayvirus,unclassified Saclayvirus,,dsDNA
Saclayvirus,2733128,,,,,,,0.33,,,,,,,,,472.0,Acinetobacter sp.,Duplodnaviria,Heunggongvirae,Uroviricota,Caudoviricetes,Caudoviricetes incertae sedis,Saclayvirus,unclassified Saclayvirus,,dsDNA
Saclayvirus,2733128,,,,,,,0.33,,,,,,,,,470.0,Acinetobacter baumannii,Duplodnaviria,Heunggongvirae,Uroviricota,Caudoviricetes,Caudoviricetes incertae sedis,Saclayvirus,Saclayvirus Aci011,,dsDNA
Saclayvirus,2733128,,,,,,,0.33,,,,,,,,,470.0,Acinetobacter baumannii,Duplodnaviria,Heunggongvirae,Uroviricota,Caudoviricetes,Caudoviricetes incertae sedis,Saclayvirus,Saclayvirus Aci022,,dsDNA
Saclayvirus,2733128,,,,,,,0.33,,,,,,,,,470.0,Acinetobacter baumannii,Duplodnaviria,Heunggongvirae,Uroviricota,Caudoviricetes,Caudoviricetes incertae sedis,Saclayvirus,Saclayvirus Aci05,,dsDNA
Saclayvirus,2733128,,,,,,,0.33,,,,,,,,,469.0,Acinetobacter,Duplodnaviria,Heunggongvirae,Uroviricota,Caudoviricetes,Caudoviricetes incertae sedis,Saclayvirus,unclassified Saclayvirus,,dsDNA
Shizishanvirus,2733148,,,,,,,,,,,,,10.37,,,294.0,Pseudomonas fluorescens,Duplodnaviria,Heunggongvirae,Uroviricota,Caudoviricetes,Caudoviricetes incertae sedis,Schitoviridae,Shizishanvirus,Shizishanvirus phCDa,dsDNA
Apricotvirus,2733166,0.31,,,,,,,,,,,,,,,2055.0,Gordonia terrae,Duplodnaviria,Heunggongvirae,Uroviricota,Caudoviricetes,Caudoviricetes incertae sedis,Apricotvirus,Apricotvirus apricot,,dsDNA
Apricotvirus,2733166,0.31,,,,,,,,,,,,,,,2055.0,Gordonia terrae,Duplodnaviria,Heunggongvirae,Uroviricota,Caudoviricetes,Caudoviricetes incertae sedis,Apricotvirus,unclassified Apricotvirus,,dsDNA
Feofaniavirus,2733174,,7.02,,,,,,0.89,,,,,,,0.36,551.0,Erwinia,Duplodnaviria,Heunggongvirae,Uroviricota,Caudoviricetes,Caudoviricetes incertae sedis,Feofaniavirus,Feofaniavirus Eho49,,dsDNA
Feofaniavirus,2733174,,7.02,,,,,,0.89,,,,,,,0.36,2290876.0,Erwinia horticola,Duplodnaviria,Heunggongvirae,Uroviricota,Caudoviricetes,Caudoviricetes incertae sedis,Feofaniavirus,Feofaniavirus Eho49,,dsDNA
Feofaniavirus,2733174,,7.02,,,,,,0.89,,,,,,,0.36,551.0,Erwinia,Duplodnaviria,Heunggongvirae,Uroviricota,Caudoviricetes,Caudoviricetes incertae sedis,Feofaniavirus,Feofaniavirus Eho59,,dsDNA
Feofaniavirus,2733174,,7.02,,,,,,0.89,,,,,,,0.36,2290876.0,Erwinia horticola,Duplodnaviria,Heunggongvirae,Uroviricota,Caudoviricetes,Caudoviricetes incertae sedis,Feofaniavirus,Feofaniavirus Eho59,,dsDNA
Krampusvirus,2733184,,,,,,,0.48,1.2,,,,,,,,104336.0,Microbacterium foliorum,Duplodnaviria,Heunggongvirae,Uroviricota,Caudoviricetes,Caudoviricetes incertae sedis,Krampusvirus,unclassified Krampusvirus,,dsDNA
Krampusvirus,2733184,,,,,,,0.48,1.2,,,,,,,,104336.0,Microbacterium foliorum,Duplodnaviria,Heunggongvirae,Uroviricota,Caudoviricetes,Caudoviricetes incertae sedis,Krampusvirus,Krampusvirus krampus,,dsDNA
Maxrubnervirus,2733193,,,,,,,0.24,0.28,,,,,,,,129847.0,Pseudomonas grimontii,Duplodnaviria,Heunggongvirae,Uroviricota,Caudoviricetes,Caudoviricetes incertae sedis,Maxrubnervirus,Maxrubnervirus PMBT3,,dsDNA
Rogerhendrixvirus,2733204,,,,,,,,,,,,,,,0.12,199592.0,Microbacterium paraoxydans,Duplodnaviria,Heunggongvirae,Uroviricota,Caudoviricetes,Caudoviricetes incertae sedis,Rogerhendrixvirus,unclassified Rogerhendrixvirus,,dsDNA
Rogerhendrixvirus,2733204,,,,,,,,,,,,,,,0.12,104336.0,Microbacterium foliorum,Duplodnaviria,Heunggongvirae,Uroviricota,Caudoviricetes,Caudoviricetes incertae sedis,Rogerhendrixvirus,Rogerhendrixvirus hendrix,,dsDNA
Rogerhendrixvirus,2733204,,,,,,,,,,,,,,,0.12,104336.0,Microbacterium foliorum,Duplodnaviria,Heunggongvirae,Uroviricota,Caudoviricetes,Caudoviricetes incertae sedis,Rogerhendrixvirus,unclassified Rogerhendrixvirus,,dsDNA
Squashvirus,2733215,,,,,,,,,,,0.33,,,,,104336.0,Microbacterium foliorum,Duplodnaviria,Heunggongvirae,Uroviricota,Caudoviricetes,Caudoviricetes incertae sedis,Squashvirus,unclassified Squashvirus,,dsDNA
Squashvirus,2733215,,,,,,,,,,,0.33,,,,,104336.0,Microbacterium foliorum,Duplodnaviria,Heunggongvirae,Uroviricota,Caudoviricetes,Caudoviricetes incertae sedis,Squashvirus,Squashvirus hyperion,,dsDNA
Squashvirus,2733215,,,,,,,,,,,0.33,,,,,104336.0,Microbacterium foliorum,Duplodnaviria,Heunggongvirae,Uroviricota,Caudoviricetes,Caudoviricetes incertae sedis,Squashvirus,Squashvirus squash,,dsDNA
Betanucleorhabdovirus,2733248,,,,0.06,,,,,,,,,,,,,,,,,,,,,,
Fadolivirus,2763561,,,,0.04,,,,,,,,,,,,5778.0,Vermamoeba vermiformis,Varidnaviria,Bamfordvirae,Nucleocytoviricota,Megaviricetes,Imitervirales,Mimiviridae,Klosneuvirinae,Fadolivirus,
Alehxovirus,2842364,0.11,,1.8,,0.64,,,,,,0.45,,,0.04,,1.0,root,Riboviria,Orthornavirae,Lenarviricota,Leviviricetes,Timlovirales,Steitzviridae,Alehxovirus,Alehxovirus humivicinum,+ssRNA
Andihavirus,2842377,0.96,,,,,,,,,,,,,,,1.0,root,Riboviria,Orthornavirae,Lenarviricota,Leviviricetes,Norzivirales,Solspiviridae,Andihavirus,Andihavirus borborohabitans,+ssRNA
Apeevirus,2842379,,,,,0.37,,,,,,,,,,0.08,70347.0,Acinetobacter higginsii,Riboviria,Orthornavirae,Lenarviricota,Leviviricetes,Norzivirales,Duinviridae,Apeevirus,Apeevirus quebecense,+ssRNA
Ashucavirus,2842389,,,,,,,,,,,,,,,0.18,1.0,root,Riboviria,Orthornavirae,Lenarviricota,Leviviricetes,Norzivirales,Fiersviridae,Ashucavirus,Ashucavirus caenicola,+ssRNA
Akonivirus,2842540,0.11,,,,,,0.86,,,0.24,,,,,0.11,104336.0,Microbacterium foliorum,Duplodnaviria,Heunggongvirae,Uroviricota,Caudoviricetes,Caudoviricetes incertae sedis,Akonivirus,Akonivirus akoni,,dsDNA
Akonivirus,2842540,0.11,,,,,,0.86,,,0.24,,,,,0.11,104336.0,Microbacterium foliorum,Duplodnaviria,Heunggongvirae,Uroviricota,Caudoviricetes,Caudoviricetes incertae sedis,Akonivirus,unclassified Akonivirus,,dsDNA
Akonivirus,2842540,0.11,,,,,,0.86,,,0.24,,,,,0.11,104336.0,Microbacterium foliorum,Duplodnaviria,Heunggongvirae,Uroviricota,Caudoviricetes,Caudoviricetes incertae sedis,Akonivirus,Akonivirus phedro,,dsDNA
Aoqinvirus,2842544,,,,,,,,,,,,,0.01,,,375451.0,Roseobacter denitrificans OCh 114,Duplodnaviria,Heunggongvirae,Uroviricota,Caudoviricetes,Caudoviricetes incertae sedis,Schitoviridae,Rhodovirinae,Aoqinvirus,dsDNA
Cbunavirus,2842586,0.7,0.41,0.45,0.03,1.01,1.17,0.4,0.59,,1.04,0.35,,0.01,0.04,0.37,562.0,Escherichia coli,Duplodnaviria,Heunggongvirae,Uroviricota,Caudoviricetes,Caudoviricetes incertae sedis,Schitoviridae,Cbunavirus,unclassified Cbunavirus,dsDNA
Cbunavirus,2842586,0.7,0.41,0.45,0.03,1.01,1.17,0.4,0.59,,1.04,0.35,,0.01,0.04,0.37,208223.0,Kosakonia cowanii,Duplodnaviria,Heunggongvirae,Uroviricota,Caudoviricetes,Caudoviricetes incertae sedis,Schitoviridae,Cbunavirus,Cbunavirus Kc283,dsDNA
Cbunavirus,2842586,0.7,0.41,0.45,0.03,1.01,1.17,0.4,0.59,,1.04,0.35,,0.01,0.04,0.37,55208.0,Pectobacterium wasabiae,Duplodnaviria,Heunggongvirae,Uroviricota,Caudoviricetes,Caudoviricetes incertae sedis,Schitoviridae,Cbunavirus,Cbunavirus A41,dsDNA
Cbunavirus,2842586,0.7,0.41,0.45,0.03,1.01,1.17,0.4,0.59,,1.04,0.35,,0.01,0.04,0.37,29471.0,Pectobacterium atrosepticum,Duplodnaviria,Heunggongvirae,Uroviricota,Caudoviricetes,Caudoviricetes incertae sedis,Schitoviridae,Cbunavirus,unclassified Cbunavirus,dsDNA
Cbunavirus,2842586,0.7,0.41,0.45,0.03,1.01,1.17,0.4,0.59,,1.04,0.35,,0.01,0.04,0.37,1089444.0,Dickeya solani,Duplodnaviria,Heunggongvirae,Uroviricota,Caudoviricetes,Caudoviricetes incertae sedis,Schitoviridae,Cbunavirus,unclassified Cbunavirus,dsDNA
Cehakivirus,2842589,0.09,,,,,,,,,,,,,,,1.0,root,Riboviria,Orthornavirae,Lenarviricota,Leviviricetes,Norzivirales,Fiersviridae,Cehakivirus,Cehakivirus limihabitans,+ssRNA
Dongdastvirus,2842653,0.12,,,,,,,,,,,,,,,,,,,,,,,,,
Gihfavirus,2842702,3.34,5.79,18.51,0.07,1.93,,1.26,3.69,21.1,7.41,9.61,3.3,0.44,1.24,1.45,1.0,root,Riboviria,Orthornavirae,Lenarviricota,Leviviricetes,Timlovirales,Steitzviridae,Gihfavirus,Gihfavirus chorovivens,+ssRNA
Hohrdovirus,2842736,0.42,,,,,,,,,,0.33,,,,0.08,1.0,root,Riboviria,Orthornavirae,Lenarviricota,Leviviricetes,Timlovirales,Steitzviridae,Hohrdovirus,Hohrdovirus edaphohabitans,+ssRNA
Inbricusvirus,2842758,0.12,,,,,,,,,,,,,,0.08,663959.0,Pseudomonas syringae pv. avii,Duplodnaviria,Heunggongvirae,Uroviricota,Caudoviricetes,Caudoviricetes incertae sedis,Schitoviridae,Rothmandenesvirinae,Inbricusvirus,dsDNA
Ineyimevirus,2842759,0.12,,,,,,,,,,,,,,,1.0,root,Riboviria,Orthornavirae,Lenarviricota,Leviviricetes,Norzivirales,Fiersviridae,Ineyimevirus,Ineyimevirus lutihabitans,+ssRNA
Ishugivirus,2842767,0.4,0.86,0.32,,,,,,,,,,,0.06,0.14,1.0,root,Riboviria,Orthornavirae,Lenarviricota,Leviviricetes,Norzivirales,Fiersviridae,Ishugivirus,Ishugivirus pelohabitans,+ssRNA
Kehmevirus,2842790,,,,,,,,,1.24,,,,,,,1.0,root,Riboviria,Orthornavirae,Lenarviricota,Leviviricetes,Norzivirales,Fiersviridae,Kehmevirus,Kehmevirus defluviicola,+ssRNA
Kemicevirus,2842792,0.92,,0.71,,0.61,,,0.49,,0.28,,0.25,,,0.2,1.0,root,Riboviria,Orthornavirae,Lenarviricota,Leviviricetes,Norzivirales,Fiersviridae,Kemicevirus,Kemicevirus caenicola,+ssRNA
Kenoshavirus,2842796,1.58,1.7,0.51,,,,,3.41,,0.17,1.52,,,0.07,1.13,36822.0,Gordonia rubripertincta,Duplodnaviria,Heunggongvirae,Uroviricota,Caudoviricetes,Caudoviricetes incertae sedis,Kenoshavirus,unclassified Kenoshavirus,,dsDNA
Kenoshavirus,2842796,1.58,1.7,0.51,,,,,3.41,,0.17,1.52,,,0.07,1.13,2055.0,Gordonia terrae,Duplodnaviria,Heunggongvirae,Uroviricota,Caudoviricetes,Caudoviricetes incertae sedis,Kenoshavirus,Kenoshavirus chikenjars,,dsDNA
Kenoshavirus,2842796,1.58,1.7,0.51,,,,,3.41,,0.17,1.52,,,0.07,1.13,36822.0,Gordonia rubripertincta,Duplodnaviria,Heunggongvirae,Uroviricota,Caudoviricetes,Caudoviricetes incertae sedis,Kenoshavirus,Kenoshavirus chikenjars,,dsDNA
Kenoshavirus,2842796,1.58,1.7,0.51,,,,,3.41,,0.17,1.52,,,0.07,1.13,36822.0,Gordonia rubripertincta,Duplodnaviria,Heunggongvirae,Uroviricota,Caudoviricetes,Caudoviricetes incertae sedis,Kenoshavirus,Kenoshavirus crocheter,,dsDNA
Kenoshavirus,2842796,1.58,1.7,0.51,,,,,3.41,,0.17,1.52,,,0.07,1.13,2055.0,Gordonia terrae,Duplodnaviria,Heunggongvirae,Uroviricota,Caudoviricetes,Caudoviricetes incertae sedis,Kenoshavirus,Kenoshavirus duffington,,dsDNA
Kenoshavirus,2842796,1.58,1.7,0.51,,,,,3.41,,0.17,1.52,,,0.07,1.13,36822.0,Gordonia rubripertincta,Duplodnaviria,Heunggongvirae,Uroviricota,Caudoviricetes,Caudoviricetes incertae sedis,Kenoshavirus,Kenoshavirus kenosha,,dsDNA
Kenoshavirus,2842796,1.58,1.7,0.51,,,,,3.41,,0.17,1.52,,,0.07,1.13,36822.0,Gordonia rubripertincta,Duplodnaviria,Heunggongvirae,Uroviricota,Caudoviricetes,Caudoviricetes incertae sedis,Kenoshavirus,Kenoshavirus untouchable,,dsDNA
Kenoshavirus,2842796,1.58,1.7,0.51,,,,,3.41,,0.17,1.52,,,0.07,1.13,36822.0,Gordonia rubripertincta,Duplodnaviria,Heunggongvirae,Uroviricota,Caudoviricetes,Caudoviricetes incertae sedis,Kenoshavirus,Kenoshavirus ohmyward,,dsDNA
Kenoshavirus,2842796,1.58,1.7,0.51,,,,,3.41,,0.17,1.52,,,0.07,1.13,2055.0,Gordonia terrae,Duplodnaviria,Heunggongvirae,Uroviricota,Caudoviricetes,Caudoviricetes incertae sedis,Kenoshavirus,Kenoshavirus rickmore,,dsDNA
Kenoshavirus,2842796,1.58,1.7,0.51,,,,,3.41,,0.17,1.52,,,0.07,1.13,2055.0,Gordonia terrae,Duplodnaviria,Heunggongvirae,Uroviricota,Caudoviricetes,Caudoviricetes incertae sedis,Kenoshavirus,unclassified Kenoshavirus,,dsDNA
Kinglevirus,2842802,1.48,7.17,2.19,0.01,4.89,3.77,,3.53,9.34,1.64,0.83,1.57,0.51,0.73,0.57,1.0,root,Riboviria,Orthornavirae,Lenarviricota,Leviviricetes,Timlovirales,Steitzviridae,Kinglevirus,Kinglevirus lutadaptatum,+ssRNA
Kohmavirus,2842807,,,,,,,,,,,0.35,,,,,1.0,root,Riboviria,Orthornavirae,Lenarviricota,Leviviricetes,Norzivirales,Duinviridae,Kohmavirus,Kohmavirus luticola,+ssRNA
Littlefixvirus,2842828,,,,,,,,,,,,,0.07,,,294.0,Pseudomonas fluorescens,Duplodnaviria,Heunggongvirae,Uroviricota,Caudoviricetes,Caudoviricetes incertae sedis,Schitoviridae,Littlefixvirus,Littlefixvirus 98Pflur60pp,dsDNA
Littlefixvirus,2842828,,,,,,,,,,,,,0.07,,,306.0,Pseudomonas sp.,Duplodnaviria,Heunggongvirae,Uroviricota,Caudoviricetes,Caudoviricetes incertae sedis,Schitoviridae,Littlefixvirus,Littlefixvirus littlefix,dsDNA
Mekintivirus,2842861,0.53,,,,,,,,,,,,,,,1.0,root,Riboviria,Orthornavirae,Lenarviricota,Leviviricetes,Norzivirales,Fiersviridae,Mekintivirus,Mekintivirus lutihabitans,+ssRNA
Mooreparkvirus,2842881,0.29,,,,,,1.07,,,0.24,,,,,0.09,1578.0,Lactobacillus,Duplodnaviria,Heunggongvirae,Uroviricota,Caudoviricetes,Caudoviricetes incertae sedis,Herelleviridae,Mooreparkvirus,Mooreparkvirus Lb3381,dsDNA
Mooreparkvirus,2842881,0.29,,,,,,1.07,,,0.24,,,,,0.09,1597.0,Lacticaseibacillus paracasei,Duplodnaviria,Heunggongvirae,Uroviricota,Caudoviricetes,Caudoviricetes incertae sedis,Herelleviridae,Mooreparkvirus,Mooreparkvirus Lb3381,dsDNA
Mooreparkvirus,2842881,0.29,,,,,,1.07,,,0.24,,,,,0.09,543734.0,Lacticaseibacillus casei BL23,Duplodnaviria,Heunggongvirae,Uroviricota,Caudoviricetes,Caudoviricetes incertae sedis,Herelleviridae,Mooreparkvirus,unclassified Mooreparkvirus,dsDNA
Mydovirus,2842888,,,,,,,,,0.74,,,,,,,562.0,Escherichia coli,Duplodnaviria,Heunggongvirae,Uroviricota,Caudoviricetes,Caudoviricetes incertae sedis,Mydovirus,unclassified Mydovirus,,dsDNA
Mydovirus,2842888,,,,,,,,,0.74,,,,,,,573.0,Klebsiella pneumoniae,Duplodnaviria,Heunggongvirae,Uroviricota,Caudoviricetes,Caudoviricetes incertae sedis,Mydovirus,unclassified Mydovirus,,dsDNA
Mydovirus,2842888,,,,,,,,,0.74,,,,,,,576.0,Klebsiella sp.,Duplodnaviria,Heunggongvirae,Uroviricota,Caudoviricetes,Caudoviricetes incertae sedis,Mydovirus,Mydovirus KNP2,,dsDNA
Mydovirus,2842888,,,,,,,,,0.74,,,,,,,573.0,Klebsiella pneumoniae,Duplodnaviria,Heunggongvirae,Uroviricota,Caudoviricetes,Caudoviricetes incertae sedis,Mydovirus,Mydovirus KpS8,,dsDNA
Mydovirus,2842888,,,,,,,,,0.74,,,,,,,570.0,Klebsiella,Duplodnaviria,Heunggongvirae,Uroviricota,Caudoviricetes,Caudoviricetes incertae sedis,Mydovirus,unclassified Mydovirus,,dsDNA
Mydovirus,2842888,,,,,,,,,0.74,,,,,,,573.0,Klebsiella pneumoniae,Duplodnaviria,Heunggongvirae,Uroviricota,Caudoviricetes,Caudoviricetes incertae sedis,Mydovirus,Mydovirus BIS47,,dsDNA
Mydovirus,2842888,,,,,,,,,0.74,,,,,,,573.0,Klebsiella pneumoniae,Duplodnaviria,Heunggongvirae,Uroviricota,Caudoviricetes,Caudoviricetes incertae sedis,Mydovirus,Mydovirus KB57,,dsDNA
Mydovirus,2842888,,,,,,,,,0.74,,,,,,,584.0,Proteus mirabilis,Duplodnaviria,Heunggongvirae,Uroviricota,Caudoviricetes,Caudoviricetes incertae sedis,Mydovirus,Mydovirus mydo,,dsDNA
Mydovirus,2842888,,,,,,,,,0.74,,,,,,,54291.0,Raoultella ornithinolytica,Duplodnaviria,Heunggongvirae,Uroviricota,Caudoviricetes,Caudoviricetes incertae sedis,Mydovirus,Mydovirus Ro1,,dsDNA
Nahantvirus,2842892,,,,,,,,,,,,,0.04,,,29497.0,Vibrio splendidus,Duplodnaviria,Heunggongvirae,Uroviricota,Caudoviricetes,Caudoviricetes incertae sedis,Schitoviridae,Pontosvirinae,Nahantvirus,dsDNA
Nehpavirus,2842897,,,,,,,,,,,,,,,0.14,1.0,root,Riboviria,Orthornavirae,Lenarviricota,Leviviricetes,Timlovirales,Blumeviridae,Nehpavirus,Nehpavirus caenenecus,+ssRNA
Paysduvirus,2842943,0.2,,0.84,,,,,,,,,,,0.07,0.2,1.0,root,Riboviria,Orthornavirae,Lenarviricota,Leviviricetes,Norzivirales,Fiersviridae,Paysduvirus,Paysduvirus asiocola,+ssRNA
Riverridervirus,2843008,,,,,,,,,,,,,0.07,,,48664.0,Xanthomonas fragariae,Duplodnaviria,Heunggongvirae,Uroviricota,Caudoviricetes,Caudoviricetes incertae sedis,Schitoviridae,Riverridervirus,Riverridervirus riverrider,dsDNA
Sabourvirus,2843014,,,,,,,,,,0.26,,,,,0.09,,,,,,,,,,,
Secretariatvirus,2843027,0.9,0.86,0.35,,,,,1.34,,,1.25,,,0.04,0.58,36822.0,Gordonia rubripertincta,Duplodnaviria,Heunggongvirae,Uroviricota,Caudoviricetes,Caudoviricetes incertae sedis,Secretariatvirus,Secretariatvirus secretariat,,dsDNA
Shebanavirus,2843035,0.1,,,,,,,,,,,,,,,1.0,root,Riboviria,Orthornavirae,Lenarviricota,Leviviricetes,Norzivirales,Fiersviridae,Shebanavirus,Shebanavirus borborovicinum,+ssRNA
Suhnsivirus,2843062,,,,,,,,,,,,0.27,,,,1.0,root,Riboviria,Orthornavirae,Lenarviricota,Leviviricetes,Timlovirales,Steitzviridae,Suhnsivirus,Suhnsivirus arvicola,+ssRNA
Tanisvirus,2843069,3.15,0.65,,,,,,1.46,1.36,,0.64,,,0.19,0.36,36822.0,Gordonia rubripertincta,Duplodnaviria,Heunggongvirae,Uroviricota,Caudoviricetes,Caudoviricetes incertae sedis,Tanisvirus,unclassified Tanisvirus,,dsDNA
Tanisvirus,2843069,3.15,0.65,,,,,,1.46,1.36,,0.64,,,0.19,0.36,36822.0,Gordonia rubripertincta,Duplodnaviria,Heunggongvirae,Uroviricota,Caudoviricetes,Caudoviricetes incertae sedis,Tanisvirus,Tanisvirus avazak,,dsDNA
Tanisvirus,2843069,3.15,0.65,,,,,,1.46,1.36,,0.64,,,0.19,0.36,2055.0,Gordonia terrae,Duplodnaviria,Heunggongvirae,Uroviricota,Caudoviricetes,Caudoviricetes incertae sedis,Tanisvirus,Tanisvirus tanis,,dsDNA
Tinytimothyvirus,2843096,0.13,,,,,,0.52,,,,,,,,,104336.0,Microbacterium foliorum,Duplodnaviria,Heunggongvirae,Uroviricota,Caudoviricetes,Caudoviricetes incertae sedis,Tinytimothyvirus,Tinytimothyvirus alex44,,dsDNA
Tinytimothyvirus,2843096,0.13,,,,,,0.52,,,,,,,,,104336.0,Microbacterium foliorum,Duplodnaviria,Heunggongvirae,Uroviricota,Caudoviricetes,Caudoviricetes incertae sedis,Tinytimothyvirus,unclassified Tinytimothyvirus,,dsDNA
Tinytimothyvirus,2843096,0.13,,,,,,0.52,,,,,,,,,104336.0,Microbacterium foliorum,Duplodnaviria,Heunggongvirae,Uroviricota,Caudoviricetes,Caudoviricetes incertae sedis,Tinytimothyvirus,Tinytimothyvirus tinytimothy,,dsDNA
Warsawvirus,2843128,,,,,,,,,,,,,0.03,0.39,,53407.0,Pseudomonas asplenii,Duplodnaviria,Heunggongvirae,Uroviricota,Caudoviricetes,Autographivirales,Autotranscriptaviridae,Studiervirinae,Warsawvirus,dsDNA
Yonginvirus,2843155,,,,,,,,,,0.19,,,0.03,,,79967.0,Erwinia pyrifoliae,Duplodnaviria,Heunggongvirae,Uroviricota,Caudoviricetes,Caudoviricetes incertae sedis,Schitoviridae,Erskinevirinae,Yonginvirus,dsDNA
Astrithrvirus,2843350,0.22,,0.39,0.01,0.44,,0.29,,,0.24,0.45,,,0.03,0.13,469.0,Acinetobacter,Duplodnaviria,Heunggongvirae,Uroviricota,Caudoviricetes,Caudoviricetes incertae sedis,Astrithrvirus,unclassified Astrithrvirus,,dsDNA
Astrithrvirus,2843350,0.22,,0.39,0.01,0.44,,0.29,,,0.24,0.45,,,0.03,0.13,1913084.0,Pectobacterium sp.,Duplodnaviria,Heunggongvirae,Uroviricota,Caudoviricetes,Caudoviricetes incertae sedis,Astrithrvirus,unclassified Astrithrvirus,,dsDNA
Astrithrvirus,2843350,0.22,,0.39,0.01,0.44,,0.29,,,0.24,0.45,,,0.03,0.13,149539.0,Salmonella enterica subsp. enterica serovar Enteritidis,Duplodnaviria,Heunggongvirae,Uroviricota,Caudoviricetes,Caudoviricetes incertae sedis,Astrithrvirus,Astrithrvirus astrithr,,dsDNA
Audreyjarvisvirus,2843351,0.18,,,0.02,1.63,,0.59,,,0.48,0.55,0.43,,,0.35,1358.0,Lactococcus lactis,Duplodnaviria,Heunggongvirae,Uroviricota,Caudoviricetes,Caudoviricetes incertae sedis,Audreyjarvisvirus,Audreyjarvisvirus av949,,dsDNA
Audreyjarvisvirus,2843351,0.18,,,0.02,1.63,,0.59,,,0.48,0.55,0.43,,,0.35,1358.0,Lactococcus lactis,Duplodnaviria,Heunggongvirae,Uroviricota,Caudoviricetes,Caudoviricetes incertae sedis,Audreyjarvisvirus,Audreyjarvisvirus AM1,,dsDNA
Audreyjarvisvirus,2843351,0.18,,,0.02,1.63,,0.59,,,0.48,0.55,0.43,,,0.35,1358.0,Lactococcus lactis,Duplodnaviria,Heunggongvirae,Uroviricota,Caudoviricetes,Caudoviricetes incertae sedis,Audreyjarvisvirus,Audreyjarvisvirus AM4,,dsDNA
Audreyjarvisvirus,2843351,0.18,,,0.02,1.63,,0.59,,,0.48,0.55,0.43,,,0.35,1358.0,Lactococcus lactis,Duplodnaviria,Heunggongvirae,Uroviricota,Caudoviricetes,Caudoviricetes incertae sedis,Audreyjarvisvirus,Audreyjarvisvirus LW81,,dsDNA
Audreyjarvisvirus,2843351,0.18,,,0.02,1.63,,0.59,,,0.48,0.55,0.43,,,0.35,1358.0,Lactococcus lactis,Duplodnaviria,Heunggongvirae,Uroviricota,Caudoviricetes,Caudoviricetes incertae sedis,Audreyjarvisvirus,Audreyjarvisvirus P1048,,dsDNA
Audreyjarvisvirus,2843351,0.18,,,0.02,1.63,,0.59,,,0.48,0.55,0.43,,,0.35,1359.0,Lactococcus cremoris,Duplodnaviria,Heunggongvirae,Uroviricota,Caudoviricetes,Caudoviricetes incertae sedis,Audreyjarvisvirus,Audreyjarvisvirus L47,,dsDNA
Audreyjarvisvirus,2843351,0.18,,,0.02,1.63,,0.59,,,0.48,0.55,0.43,,,0.35,1358.0,Lactococcus lactis,Duplodnaviria,Heunggongvirae,Uroviricota,Caudoviricetes,Caudoviricetes incertae sedis,Audreyjarvisvirus,Audreyjarvisvirus WRP3,,dsDNA
Avanivirus,2843352,0.31,,,,,,,,,,,0.48,,,,246196.0,Mycolicibacterium smegmatis MC2 155,Duplodnaviria,Heunggongvirae,Uroviricota,Caudoviricetes,Caudoviricetes incertae sedis,Avanivirus,Avanivirus avani,,dsDNA
Avanivirus,2843352,0.31,,,,,,,,,,,0.48,,,,1763.0,Mycobacterium,Duplodnaviria,Heunggongvirae,Uroviricota,Caudoviricetes,Caudoviricetes incertae sedis,Avanivirus,Avanivirus Che9d,,dsDNA
Avanivirus,2843352,0.31,,,,,,,,,,,0.48,,,,246196.0,Mycolicibacterium smegmatis MC2 155,Duplodnaviria,Heunggongvirae,Uroviricota,Caudoviricetes,Caudoviricetes incertae sedis,Avanivirus,Avanivirus demsculpinboyz,,dsDNA
Avanivirus,2843352,0.31,,,,,,,,,,,0.48,,,,246196.0,Mycolicibacterium smegmatis MC2 155,Duplodnaviria,Heunggongvirae,Uroviricota,Caudoviricetes,Caudoviricetes incertae sedis,Avanivirus,unclassified Avanivirus,,dsDNA
Avanivirus,2843352,0.31,,,,,,,,,,,0.48,,,,1772.0,Mycolicibacterium smegmatis,Duplodnaviria,Heunggongvirae,Uroviricota,Caudoviricetes,Caudoviricetes incertae sedis,Avanivirus,unclassified Avanivirus,,dsDNA
Avanivirus,2843352,0.31,,,,,,,,,,,0.48,,,,246196.0,Mycolicibacterium smegmatis MC2 155,Duplodnaviria,Heunggongvirae,Uroviricota,Caudoviricetes,Caudoviricetes incertae sedis,Avanivirus,Avanivirus soul22,,dsDNA
Avanivirus,2843352,0.31,,,,,,,,,,,0.48,,,,246196.0,Mycolicibacterium smegmatis MC2 155,Duplodnaviria,Heunggongvirae,Uroviricota,Caudoviricetes,Caudoviricetes incertae sedis,Avanivirus,Avanivirus yoshi,,dsDNA
Avanivirus,2843352,0.31,,,,,,,,,,,0.48,,,,246196.0,Mycolicibacterium smegmatis MC2 155,Duplodnaviria,Heunggongvirae,Uroviricota,Caudoviricetes,Caudoviricetes incertae sedis,Avanivirus,Avanivirus zapner,,dsDNA
Burrovirus,2843362,0.47,1.16,1.32,0.03,0.78,,4.97,4.37,0.31,0.67,0.78,0.52,0.01,0.08,0.38,104336.0,Microbacterium foliorum,Duplodnaviria,Heunggongvirae,Uroviricota,Caudoviricetes,Caudoviricetes incertae sedis,Burrovirus,Burrovirus araxxi,,dsDNA
Burrovirus,2843362,0.47,1.16,1.32,0.03,0.78,,4.97,4.37,0.31,0.67,0.78,0.52,0.01,0.08,0.38,104336.0,Microbacterium foliorum,Duplodnaviria,Heunggongvirae,Uroviricota,Caudoviricetes,Caudoviricetes incertae sedis,Burrovirus,Burrovirus arete,,dsDNA
Burrovirus,2843362,0.47,1.16,1.32,0.03,0.78,,4.97,4.37,0.31,0.67,0.78,0.52,0.01,0.08,0.38,199592.0,Microbacterium paraoxydans,Duplodnaviria,Heunggongvirae,Uroviricota,Caudoviricetes,Caudoviricetes incertae sedis,Burrovirus,Burrovirus burro,,dsDNA
Burrovirus,2843362,0.47,1.16,1.32,0.03,0.78,,4.97,4.37,0.31,0.67,0.78,0.52,0.01,0.08,0.38,104336.0,Microbacterium foliorum,Duplodnaviria,Heunggongvirae,Uroviricota,Caudoviricetes,Caudoviricetes incertae sedis,Burrovirus,unclassified Burrovirus,,dsDNA
Fremauxvirus,2843383,0.13,,,0.02,,,0.36,,,0.33,0.33,,,,0.09,1358.0,Lactococcus lactis,Duplodnaviria,Heunggongvirae,Uroviricota,Caudoviricetes,Caudoviricetes incertae sedis,Fremauxvirus,Fremauxvirus fv1706,,dsDNA
Fremauxvirus,2843383,0.13,,,0.02,,,0.36,,,0.33,0.33,,,,0.09,1357.0,Lactococcus,Duplodnaviria,Heunggongvirae,Uroviricota,Caudoviricetes,Caudoviricetes incertae sedis,Fremauxvirus,Fremauxvirus CHPC971,,dsDNA
Fremauxvirus,2843383,0.13,,,0.02,,,0.36,,,0.33,0.33,,,,0.09,1358.0,Lactococcus lactis,Duplodnaviria,Heunggongvirae,Uroviricota,Caudoviricetes,Caudoviricetes incertae sedis,Fremauxvirus,Fremauxvirus CHPC971,,dsDNA
Hattifnattvirus,2843390,,,,,,,,,,0.3,,,,,,2654245.0,Flavobacterium sp. LMO9,Duplodnaviria,Heunggongvirae,Uroviricota,Caudoviricetes,Caudoviricetes incertae sedis,Hattifnattvirus,Hattifnattvirus hattifnatt,,dsDNA
Klausavirus,2843401,,,,,,,,,0.8,,,,,,,1667.0,Arthrobacter sp.,Duplodnaviria,Heunggongvirae,Uroviricota,Caudoviricetes,Caudoviricetes incertae sedis,Klausavirus,Klausavirus princesstrina,,dsDNA
Klausavirus,2843401,,,,,,,,,0.8,,,,,,,1771959.0,[Arthrobacter] sp. ATCC 21022,Duplodnaviria,Heunggongvirae,Uroviricota,Caudoviricetes,Caudoviricetes incertae sedis,Klausavirus,Klausavirus princesstrina,,dsDNA
Klausavirus,2843401,,,,,,,,,0.8,,,,,,,1771959.0,[Arthrobacter] sp. ATCC 21022,Duplodnaviria,Heunggongvirae,Uroviricota,Caudoviricetes,Caudoviricetes incertae sedis,Klausavirus,Klausavirus colucci,,dsDNA
Klausavirus,2843401,,,,,,,,,0.8,,,,,,,1667.0,Arthrobacter sp.,Duplodnaviria,Heunggongvirae,Uroviricota,Caudoviricetes,Caudoviricetes incertae sedis,Klausavirus,Klausavirus dryang,,dsDNA
Klausavirus,2843401,,,,,,,,,0.8,,,,,,,1771959.0,[Arthrobacter] sp. ATCC 21022,Duplodnaviria,Heunggongvirae,Uroviricota,Caudoviricetes,Caudoviricetes incertae sedis,Klausavirus,Klausavirus dryang,,dsDNA
Klausavirus,2843401,,,,,,,,,0.8,,,,,,,1667.0,Arthrobacter sp.,Duplodnaviria,Heunggongvirae,Uroviricota,Caudoviricetes,Caudoviricetes incertae sedis,Klausavirus,Klausavirus kburrousTX,,dsDNA
Klausavirus,2843401,,,,,,,,,0.8,,,,,,,1771959.0,[Arthrobacter] sp. ATCC 21022,Duplodnaviria,Heunggongvirae,Uroviricota,Caudoviricetes,Caudoviricetes incertae sedis,Klausavirus,Klausavirus kburrousTX,,dsDNA
Klausavirus,2843401,,,,,,,,,0.8,,,,,,,1667.0,Arthrobacter sp.,Duplodnaviria,Heunggongvirae,Uroviricota,Caudoviricetes,Caudoviricetes incertae sedis,Klausavirus,Klausavirus lymara,,dsDNA
Klausavirus,2843401,,,,,,,,,0.8,,,,,,,1771959.0,[Arthrobacter] sp. ATCC 21022,Duplodnaviria,Heunggongvirae,Uroviricota,Caudoviricetes,Caudoviricetes incertae sedis,Klausavirus,Klausavirus lymara,,dsDNA
Klausavirus,2843401,,,,,,,,,0.8,,,,,,,1667.0,Arthrobacter sp.,Duplodnaviria,Heunggongvirae,Uroviricota,Caudoviricetes,Caudoviricetes incertae sedis,Klausavirus,Klausavirus ArV1,,dsDNA
Lillamyvirus,2843418,0.43,0.55,1.03,,,,0.48,,,1.17,0.76,,,,0.14,2654243.0,Flavobacterium sp. LMO6,Duplodnaviria,Heunggongvirae,Uroviricota,Caudoviricetes,Caudoviricetes incertae sedis,Lillamyvirus,Lillamyvirus hemulen,,dsDNA
Lillamyvirus,2843418,0.43,0.55,1.03,,,,0.48,,,1.17,0.76,,,,0.14,2654245.0,Flavobacterium sp. LMO9,Duplodnaviria,Heunggongvirae,Uroviricota,Caudoviricetes,Caudoviricetes incertae sedis,Lillamyvirus,unclassified Lillamyvirus,,dsDNA
Lillamyvirus,2843418,0.43,0.55,1.03,,,,0.48,,,1.17,0.76,,,,0.14,2654245.0,Flavobacterium sp. LMO9,Duplodnaviria,Heunggongvirae,Uroviricota,Caudoviricetes,Caudoviricetes incertae sedis,Lillamyvirus,Lillamyvirus lillamy,,dsDNA
Lillamyvirus,2843418,0.43,0.55,1.03,,,,0.48,,,1.17,0.76,,,,0.14,2654245.0,Flavobacterium sp. LMO9,Duplodnaviria,Heunggongvirae,Uroviricota,Caudoviricetes,Caudoviricetes incertae sedis,Lillamyvirus,Lillamyvirus morran,,dsDNA
Lillamyvirus,2843418,0.43,0.55,1.03,,,,0.48,,,1.17,0.76,,,,0.14,2654245.0,Flavobacterium sp. LMO9,Duplodnaviria,Heunggongvirae,Uroviricota,Caudoviricetes,Caudoviricetes incertae sedis,Lillamyvirus,Lillamyvirus sniff,,dsDNA
Lillamyvirus,2843418,0.43,0.55,1.03,,,,0.48,,,1.17,0.76,,,,0.14,2654243.0,Flavobacterium sp. LMO6,Duplodnaviria,Heunggongvirae,Uroviricota,Caudoviricetes,Caudoviricetes incertae sedis,Lillamyvirus,Lillamyvirus snork,,dsDNA
Lillamyvirus,2843418,0.43,0.55,1.03,,,,0.48,,,1.17,0.76,,,,0.14,2654243.0,Flavobacterium sp. LMO6,Duplodnaviria,Heunggongvirae,Uroviricota,Caudoviricetes,Caudoviricetes incertae sedis,Lillamyvirus,Lillamyvirus sniff,,dsDNA
Lillamyvirus,2843418,0.43,0.55,1.03,,,,0.48,,,1.17,0.76,,,,0.14,2654245.0,Flavobacterium sp. LMO9,Duplodnaviria,Heunggongvirae,Uroviricota,Caudoviricetes,Caudoviricetes incertae sedis,Lillamyvirus,Lillamyvirus stinky,,dsDNA
Muldoonvirus,2843425,0.12,,,,0.51,,,,,,,,,,,413497.0,Cronobacter dublinensis,Duplodnaviria,Heunggongvirae,Uroviricota,Caudoviricetes,Caudoviricetes incertae sedis,Muldoonvirus,unclassified Muldoonvirus,,dsDNA
Muldoonvirus,2843425,0.12,,,,0.51,,,,,,,,,,,615.0,Serratia marcescens,Duplodnaviria,Heunggongvirae,Uroviricota,Caudoviricetes,Caudoviricetes incertae sedis,Muldoonvirus,Muldoonvirus muldoon,,dsDNA
Muldoonvirus,2843425,0.12,,,,0.51,,,,,,,,,,,615.0,Serratia marcescens,Duplodnaviria,Heunggongvirae,Uroviricota,Caudoviricetes,Caudoviricetes incertae sedis,Muldoonvirus,Muldoonvirus PS2,,dsDNA
Muldoonvirus,2843425,0.12,,,,0.51,,,,,,,,,,,613.0,Serratia,Duplodnaviria,Heunggongvirae,Uroviricota,Caudoviricetes,Caudoviricetes incertae sedis,Muldoonvirus,unclassified Muldoonvirus,,dsDNA
Muldoonvirus,2843425,0.12,,,,0.51,,,,,,,,,,,615.0,Serratia marcescens,Duplodnaviria,Heunggongvirae,Uroviricota,Caudoviricetes,Caudoviricetes incertae sedis,Muldoonvirus,unclassified Muldoonvirus,,dsDNA
Muminvirus,2843426,0.88,1.13,1.5,,,,2.0,,,1.65,0.94,,,,0.45,2654245.0,Flavobacterium sp. LMO9,Duplodnaviria,Heunggongvirae,Uroviricota,Caudoviricetes,Caudoviricetes incertae sedis,Muminvirus,Muminvirus filifjonk,,dsDNA
Muminvirus,2843426,0.88,1.13,1.5,,,,2.0,,,1.65,0.94,,,,0.45,2654243.0,Flavobacterium sp. LMO6,Duplodnaviria,Heunggongvirae,Uroviricota,Caudoviricetes,Caudoviricetes incertae sedis,Muminvirus,Muminvirus mumin,,dsDNA
Muminvirus,2843426,0.88,1.13,1.5,,,,2.0,,,1.65,0.94,,,,0.45,2654245.0,Flavobacterium sp. LMO9,Duplodnaviria,Heunggongvirae,Uroviricota,Caudoviricetes,Caudoviricetes incertae sedis,Muminvirus,Muminvirus mumin,,dsDNA
Muminvirus,2843426,0.88,1.13,1.5,,,,2.0,,,1.65,0.94,,,,0.45,2654243.0,Flavobacterium sp. LMO6,Duplodnaviria,Heunggongvirae,Uroviricota,Caudoviricetes,Caudoviricetes incertae sedis,Muminvirus,Muminvirus mymlan,,dsDNA
Muminvirus,2843426,0.88,1.13,1.5,,,,2.0,,,1.65,0.94,,,,0.45,2654243.0,Flavobacterium sp. LMO6,Duplodnaviria,Heunggongvirae,Uroviricota,Caudoviricetes,Caudoviricetes incertae sedis,Muminvirus,Muminvirus snusmum,,dsDNA
Muminvirus,2843426,0.88,1.13,1.5,,,,2.0,,,1.65,0.94,,,,0.45,2654245.0,Flavobacterium sp. LMO9,Duplodnaviria,Heunggongvirae,Uroviricota,Caudoviricetes,Caudoviricetes incertae sedis,Muminvirus,unclassified Muminvirus,,dsDNA
Muminvirus,2843426,0.88,1.13,1.5,,,,2.0,,,1.65,0.94,,,,0.45,2654243.0,Flavobacterium sp. LMO6,Duplodnaviria,Heunggongvirae,Uroviricota,Caudoviricetes,Caudoviricetes incertae sedis,Muminvirus,Muminvirus tooticki,,dsDNA
Muminvirus,2843426,0.88,1.13,1.5,,,,2.0,,,1.65,0.94,,,,0.45,2654245.0,Flavobacterium sp. LMO9,Duplodnaviria,Heunggongvirae,Uroviricota,Caudoviricetes,Caudoviricetes incertae sedis,Muminvirus,Muminvirus tooticki,,dsDNA
Parlovirus,2843433,,,,,0.48,,,,,,,,,,,615.0,Serratia marcescens,Duplodnaviria,Heunggongvirae,Uroviricota,Caudoviricetes,Caudoviricetes incertae sedis,Parlovirus,Parlovirus parlo,,dsDNA
Plateaulakevirus,2843436,,,,0.01,,,,,,,,,,,,196023.0,Aeromonas hydrophila subsp. hydrophila,Duplodnaviria,Heunggongvirae,Uroviricota,Caudoviricetes,Caudoviricetes incertae sedis,Plateaulakevirus,Plateaulakevirus pv2L372D,,dsDNA
Plateaulakevirus,2843436,,,,0.01,,,,,,,,,,,,196023.0,Aeromonas hydrophila subsp. hydrophila,Duplodnaviria,Heunggongvirae,Uroviricota,Caudoviricetes,Caudoviricetes incertae sedis,Plateaulakevirus,Plateaulakevirus pv2L372X,,dsDNA
Plateaulakevirus,2843436,,,,0.01,,,,,,,,,,,,196023.0,Aeromonas hydrophila subsp. hydrophila,Duplodnaviria,Heunggongvirae,Uroviricota,Caudoviricetes,Caudoviricetes incertae sedis,Plateaulakevirus,Plateaulakevirus pv4L372D,,dsDNA
Plateaulakevirus,2843436,,,,0.01,,,,,,,,,,,,196023.0,Aeromonas hydrophila subsp. hydrophila,Duplodnaviria,Heunggongvirae,Uroviricota,Caudoviricetes,Caudoviricetes incertae sedis,Plateaulakevirus,Plateaulakevirus pv4L372XY,,dsDNA
Plateaulakevirus,2843436,,,,0.01,,,,,,,,,,,,647.0,Aeromonas sp.,Duplodnaviria,Heunggongvirae,Uroviricota,Caudoviricetes,Caudoviricetes incertae sedis,Plateaulakevirus,unclassified Plateaulakevirus,,dsDNA
Plateaulakevirus,2843436,,,,0.01,,,,,,,,,,,,648.0,Aeromonas caviae,Duplodnaviria,Heunggongvirae,Uroviricota,Caudoviricetes,Caudoviricetes incertae sedis,Plateaulakevirus,unclassified Plateaulakevirus,,dsDNA
Plateaulakevirus,2843436,,,,0.01,,,,,,,,,,,,196024.0,Aeromonas dhakensis,Duplodnaviria,Heunggongvirae,Uroviricota,Caudoviricetes,Caudoviricetes incertae sedis,Plateaulakevirus,unclassified Plateaulakevirus,,dsDNA
Predatorvirus,2843439,0.23,,,,,,,,,,,0.25,,,0.13,1763.0,Mycobacterium,Duplodnaviria,Heunggongvirae,Uroviricota,Caudoviricetes,Caudoviricetes incertae sedis,Predatorvirus,Predatorvirus predator,,dsDNA
Sandinevirus,2843449,,,,,,,,,,0.41,,,,,,1357.0,Lactococcus,Duplodnaviria,Heunggongvirae,Uroviricota,Caudoviricetes,Caudoviricetes incertae sedis,Sandinevirus,unclassified Sandinevirus,,dsDNA
Sandinevirus,2843449,,,,,,,,,,0.41,,,,,,272623.0,Lactococcus lactis subsp. lactis Il1403,Duplodnaviria,Heunggongvirae,Uroviricota,Caudoviricetes,Caudoviricetes incertae sedis,Sandinevirus,unclassified Sandinevirus,,dsDNA
Sandinevirus,2843449,,,,,,,,,,0.41,,,,,,1358.0,Lactococcus lactis,Duplodnaviria,Heunggongvirae,Uroviricota,Caudoviricetes,Caudoviricetes incertae sedis,Sandinevirus,Sandinevirus BK5T,,dsDNA
Sandinevirus,2843449,,,,,,,,,,0.41,,,,,,1358.0,Lactococcus lactis,Duplodnaviria,Heunggongvirae,Uroviricota,Caudoviricetes,Caudoviricetes incertae sedis,Sandinevirus,unclassified Sandinevirus,,dsDNA
Sandinevirus,2843449,,,,,,,,,,0.41,,,,,,44688.0,Lactococcus lactis subsp. lactis bv. diacetylactis,Duplodnaviria,Heunggongvirae,Uroviricota,Caudoviricetes,Caudoviricetes incertae sedis,Sandinevirus,unclassified Sandinevirus,,dsDNA
Whackvirus,2843473,0.12,,,,,,,,,,,,,,,1833.0,Rhodococcus erythropolis,Duplodnaviria,Heunggongvirae,Uroviricota,Caudoviricetes,Caudoviricetes incertae sedis,Whackvirus,Whackvirus whack,,dsDNA
Yonseivirus,2843478,1.68,0.78,6.46,0.01,,,0.83,0.61,0.8,0.6,0.35,,,0.13,0.31,573.0,Klebsiella pneumoniae,Duplodnaviria,Heunggongvirae,Uroviricota,Caudoviricetes,Caudoviricetes incertae sedis,Casjensviridae,Yonseivirus,Yonseivirus N137,dsDNA
Kahnovirus,2942979,0.21,,,0.01,,0.59,0.48,0.24,,0.45,0.55,,,,0.32,,,,,,,,,,,
Kehishuvirus,2942980,0.25,,,0.01,0.54,,0.24,,,0.46,,0.3,,,0.25,329854.0,Bacteroides intestinalis,Duplodnaviria,Heunggongvirae,Uroviricota,Caudoviricetes,Crassvirales,Steigviridae,Asinivirinae,Kehishuvirus,dsDNA
Kehishuvirus,2942980,0.25,,,0.01,0.54,,0.24,,,0.46,,0.3,,,0.25,246787.0,Bacteroides cellulosilyticus,Duplodnaviria,Heunggongvirae,Uroviricota,Caudoviricetes,Crassvirales,Steigviridae,Asinivirinae,Kehishuvirus,dsDNA
Afonbuvirus,2942989,1.59,2.13,2.44,0.09,2.68,5.18,3.66,2.42,1.27,3.76,3.16,1.18,0.02,0.16,1.37,1.0,root,Duplodnaviria,Heunggongvirae,Uroviricota,Caudoviricetes,Crassvirales,Suoliviridae,Bearivirinae,Afonbuvirus,dsDNA
Canhaevirus,2942990,0.31,,0.42,0.02,0.39,0.71,0.48,0.46,,0.69,0.65,0.35,,0.04,0.34,1.0,root,Duplodnaviria,Heunggongvirae,Uroviricota,Caudoviricetes,Crassvirales,Suoliviridae,Boorivirinae,Canhaevirus,dsDNA
Cohcovirus,2942991,0.64,0.75,0.48,0.02,0.63,1.25,0.72,0.93,0.74,1.33,0.75,0.65,,0.04,0.58,,,,,,,,,,,
Culoivirus,2942992,0.24,,,,,,0.58,,,0.33,0.4,,,,0.16,818.0,Bacteroides thetaiotaomicron,Duplodnaviria,Heunggongvirae,Uroviricota,Caudoviricetes,Crassvirales,Suoliviridae,Boorivirinae,Culoivirus,dsDNA
Culoivirus,2942992,0.24,,,,,,0.58,,,0.33,0.4,,,,0.16,976.0,Bacteroidota,Duplodnaviria,Heunggongvirae,Uroviricota,Caudoviricetes,Crassvirales,Suoliviridae,Boorivirinae,Culoivirus,dsDNA
Culoivirus,2942992,0.24,,,,,,0.58,,,0.33,0.4,,,,0.16,76594.0,Cellulophaga baltica,Duplodnaviria,Heunggongvirae,Uroviricota,Caudoviricetes,Crassvirales,Suoliviridae,Boorivirinae,Culoivirus,dsDNA
Culoivirus,2942992,0.24,,,,,,0.58,,,0.33,0.4,,,,0.16,329854.0,Bacteroides intestinalis,Duplodnaviria,Heunggongvirae,Uroviricota,Caudoviricetes,Crassvirales,Suoliviridae,Boorivirinae,Culoivirus,dsDNA
Culoivirus,2942992,0.24,,,,,,0.58,,,0.33,0.4,,,,0.16,371601.0,Bacteroides xylanisolvens,Duplodnaviria,Heunggongvirae,Uroviricota,Caudoviricetes,Crassvirales,Suoliviridae,Boorivirinae,Culoivirus,dsDNA
Blohavirus,2942993,1.32,0.97,1.87,0.08,1.87,3.81,3.02,1.2,0.77,2.53,2.19,1.31,0.01,0.08,1.06,,,,,,,,,,,
Buchavirus,2942994,0.57,,0.71,0.02,0.88,1.23,1.52,0.88,0.53,1.42,1.03,0.57,0.01,0.03,0.56,1.0,root,Duplodnaviria,Heunggongvirae,Uroviricota,Caudoviricetes,Crassvirales,Suoliviridae,Loutivirinae,Buchavirus,dsDNA
Gwanakrovirus,2943008,0.12,,0.35,,,,0.57,0.28,,,0.33,0.3,,,0.12,79967.0,Erwinia pyrifoliae,Duplodnaviria,Heunggongvirae,Uroviricota,Caudoviricetes,Caudoviricetes incertae sedis,Casjensviridae,Gwanakrovirus,Gwanakrovirus SNUABM08,dsDNA
Salvovirus,2943016,0.11,,,,,,0.48,,,,,,,,0.17,33013.0,Clavibacter michiganensis subsp. michiganensis,Duplodnaviria,Heunggongvirae,Uroviricota,Caudoviricetes,Caudoviricetes incertae sedis,Casjensviridae,Salvovirus,unclassified Salvovirus,dsDNA
Salvovirus,2943016,0.11,,,,,,0.48,,,,,,,,0.17,314565.0,Xanthomonas campestris pv. campestris str. 8004,Duplodnaviria,Heunggongvirae,Uroviricota,Caudoviricetes,Caudoviricetes incertae sedis,Casjensviridae,Salvovirus,unclassified Salvovirus,dsDNA
Salvovirus,2943016,0.11,,,,,,0.48,,,,,,,,0.17,338.0,Xanthomonas,Duplodnaviria,Heunggongvirae,Uroviricota,Caudoviricetes,Caudoviricetes incertae sedis,Casjensviridae,Salvovirus,unclassified Salvovirus,dsDNA
Salvovirus,2943016,0.11,,,,,,0.48,,,,,,,,0.17,2371.0,Xylella fastidiosa,Duplodnaviria,Heunggongvirae,Uroviricota,Caudoviricetes,Caudoviricetes incertae sedis,Casjensviridae,Salvovirus,Salvovirus salvo,dsDNA
Sharonstreetvirus,2943019,,,,0.01,,,0.93,,,,0.25,,,,0.18,644.0,Aeromonas hydrophila,Duplodnaviria,Heunggongvirae,Uroviricota,Caudoviricetes,Caudoviricetes incertae sedis,Casjensviridae,Sharonstreetvirus,unclassified Sharonstreetvirus,dsDNA
Sharonstreetvirus,2943019,,,,0.01,,,0.93,,,,0.25,,,,0.18,654.0,Aeromonas veronii,Duplodnaviria,Heunggongvirae,Uroviricota,Caudoviricetes,Caudoviricetes incertae sedis,Casjensviridae,Sharonstreetvirus,Sharonstreetvirus BUCT551,dsDNA
Sharonstreetvirus,2943019,,,,0.01,,,0.93,,,,0.25,,,,0.18,647.0,Aeromonas sp.,Duplodnaviria,Heunggongvirae,Uroviricota,Caudoviricetes,Caudoviricetes incertae sedis,Casjensviridae,Sharonstreetvirus,Sharonstreetvirus xiamensis,dsDNA
Aurodevirus,2946811,1.21,1.19,1.29,0.05,2.14,2.72,2.67,1.46,0.84,2.67,2.42,0.62,0.01,0.08,1.2,1.0,root,Duplodnaviria,Heunggongvirae,Uroviricota,Caudoviricetes,Crassvirales,Suoliviridae,Uncouvirinae,Aurodevirus,dsDNA
Beograduvirus,2946820,,,,,,,,,,,,,0.01,,,456327.0,Xanthomonas euvesicatoria,Duplodnaviria,Heunggongvirae,Uroviricota,Caudoviricetes,Caudoviricetes incertae sedis,Beograduvirus,unclassified Beograduvirus,,dsDNA
Beograduvirus,2946820,,,,,,,,,,,,,0.01,,,456327.0,Xanthomonas euvesicatoria,Duplodnaviria,Heunggongvirae,Uroviricota,Caudoviricetes,Caudoviricetes incertae sedis,Beograduvirus,Beograduvirus KPhi1,,dsDNA
Beograduvirus,2946820,,,,,,,,,,,,,0.01,,,29446.0,Xanthomonas sp.,Duplodnaviria,Heunggongvirae,Uroviricota,Caudoviricetes,Caudoviricetes incertae sedis,Beograduvirus,unclassified Beograduvirus,,dsDNA
Beograduvirus,2946820,,,,,,,,,,,,,0.01,,,56460.0,Xanthomonas vesicatoria,Duplodnaviria,Heunggongvirae,Uroviricota,Caudoviricetes,Caudoviricetes incertae sedis,Beograduvirus,Beograduvirus Xaf18,,dsDNA
Birpovirus,2946830,0.45,0.37,0.64,0.03,0.9,1.55,1.32,0.36,,1.0,0.91,0.46,,,0.36,,,,,,,,,,,
Bluvavirus,2946831,,,,,,,,,,,,,,0.13,,69266.0,Vaccinium corymbosum,Riboviria,Orthornavirae,Kitrinoviricota,Alsuviricetes,Martellivirales,Closteroviridae,Bluvavirus,Bluvavirus vaccinii,+ssRNA
Buorbuivirus,2948644,0.23,0.52,0.34,,0.49,,0.4,,,0.54,0.39,,,,0.28,,,,,,,,,,,
Burzaovirus,2948645,5.3,8.14,5.98,0.33,6.79,16.19,17.3,9.88,9.19,17.61,17.34,14.74,0.08,0.36,9.09,1.0,root,Duplodnaviria,Heunggongvirae,Uroviricota,Caudoviricetes,Crassvirales,Suoliviridae,Oafivirinae,Burzaovirus,dsDNA
Carjivirus,2948652,4.93,3.88,7.33,0.41,9.37,14.33,11.14,4.99,3.62,10.22,9.81,4.33,0.05,0.37,4.9,1869227.0,bacterium,Duplodnaviria,Heunggongvirae,Uroviricota,Caudoviricetes,Crassvirales,Intestiviridae,Crudevirinae,Carjivirus,dsDNA
Carjivirus,2948652,4.93,3.88,7.33,0.41,9.37,14.33,11.14,4.99,3.62,10.22,9.81,4.33,0.05,0.37,4.9,1.0,root,Duplodnaviria,Heunggongvirae,Uroviricota,Caudoviricetes,Crassvirales,Intestiviridae,Crudevirinae,Carjivirus,dsDNA
Carjivirus,2948652,4.93,3.88,7.33,0.41,9.37,14.33,11.14,4.99,3.62,10.22,9.81,4.33,0.05,0.37,4.9,976.0,Bacteroidota,Duplodnaviria,Heunggongvirae,Uroviricota,Caudoviricetes,Crassvirales,Intestiviridae,Crudevirinae,Carjivirus,dsDNA
Carjivirus,2948652,4.93,3.88,7.33,0.41,9.37,14.33,11.14,4.99,3.62,10.22,9.81,4.33,0.05,0.37,4.9,9606.0,Homo sapiens,Duplodnaviria,Heunggongvirae,Uroviricota,Caudoviricetes,Crassvirales,Intestiviridae,Crudevirinae,Carjivirus,dsDNA
Chrysonvirus,2948662,,,,,,,,,,,,,0.04,,1.64,644.0,Aeromonas hydrophila,Duplodnaviria,Heunggongvirae,Uroviricota,Caudoviricetes,Pantevenvirales,Straboviridae,Chrysonvirus,unclassified Chrysonvirus,dsDNA
Chrysonvirus,2948662,,,,,,,,,,,,,0.04,,1.64,645.0,Aeromonas salmonicida,Duplodnaviria,Heunggongvirae,Uroviricota,Caudoviricetes,Pantevenvirales,Straboviridae,Chrysonvirus,Chrysonvirus as5,dsDNA
Diorhovirus,2948680,0.12,,,,,,0.33,,,0.35,,,,,0.15,,,,,,,,,,,
Delmidovirus,2948688,,,,,,,0.36,,,0.35,,,,,0.19,818.0,Bacteroides thetaiotaomicron,Duplodnaviria,Heunggongvirae,Uroviricota,Caudoviricetes,Crassvirales,Intestiviridae,Crudevirinae,Delmidovirus,dsDNA
Delmidovirus,2948688,,,,,,,0.36,,,0.35,,,,,0.19,76594.0,Cellulophaga baltica,Duplodnaviria,Heunggongvirae,Uroviricota,Caudoviricetes,Crassvirales,Intestiviridae,Crudevirinae,Delmidovirus,dsDNA
Delmidovirus,2948688,,,,,,,0.36,,,0.35,,,,,0.19,329854.0,Bacteroides intestinalis,Duplodnaviria,Heunggongvirae,Uroviricota,Caudoviricetes,Crassvirales,Intestiviridae,Crudevirinae,Delmidovirus,dsDNA
Delmidovirus,2948688,,,,,,,0.36,,,0.35,,,,,0.19,371601.0,Bacteroides xylanisolvens,Duplodnaviria,Heunggongvirae,Uroviricota,Caudoviricetes,Crassvirales,Intestiviridae,Crudevirinae,Delmidovirus,dsDNA
Efbeekayvirus,2948690,0.29,,,,0.37,,0.36,,,0.71,,,,0.1,0.15,558.0,Erwinia sp.,Duplodnaviria,Heunggongvirae,Uroviricota,Caudoviricetes,Caudoviricetes incertae sedis,Schitoviridae,Efbeekayvirus,unclassified Efbeekayvirus,dsDNA
Efbeekayvirus,2948690,0.29,,,,0.37,,0.36,,,0.71,,,,0.1,0.15,1420013.0,Klebsiella pneumoniae 30684/NJST258_2,Duplodnaviria,Heunggongvirae,Uroviricota,Caudoviricetes,Caudoviricetes incertae sedis,Schitoviridae,Efbeekayvirus,unclassified Efbeekayvirus,dsDNA
Efbeekayvirus,2948690,0.29,,,,0.37,,0.36,,,0.71,,,,0.1,0.15,576.0,Klebsiella sp.,Duplodnaviria,Heunggongvirae,Uroviricota,Caudoviricetes,Caudoviricetes incertae sedis,Schitoviridae,Efbeekayvirus,unclassified Efbeekayvirus,dsDNA
Efbeekayvirus,2948690,0.29,,,,0.37,,0.36,,,0.71,,,,0.1,0.15,573.0,Klebsiella pneumoniae,Duplodnaviria,Heunggongvirae,Uroviricota,Caudoviricetes,Caudoviricetes incertae sedis,Schitoviridae,Efbeekayvirus,unclassified Efbeekayvirus,dsDNA
Efbeekayvirus,2948690,0.29,,,,0.37,,0.36,,,0.71,,,,0.1,0.15,570.0,Klebsiella,Duplodnaviria,Heunggongvirae,Uroviricota,Caudoviricetes,Caudoviricetes incertae sedis,Schitoviridae,Efbeekayvirus,unclassified Efbeekayvirus,dsDNA
Endlipuvirus,2948697,0.18,,,,,0.68,,,,0.31,0.28,,,,0.14,,,,,,,,,,,
Exceevirus,2948704,,,,,,,,,,,,,,,0.1,470.0,Acinetobacter baumannii,Duplodnaviria,Heunggongvirae,Uroviricota,Caudoviricetes,Caudoviricetes incertae sedis,Schitoviridae,Exceevirus,Exceevirus Xc38,dsDNA
Exceevirus,2948704,,,,,,,,,,,,,,,0.1,48296.0,Acinetobacter pittii,Duplodnaviria,Heunggongvirae,Uroviricota,Caudoviricetes,Caudoviricetes incertae sedis,Schitoviridae,Exceevirus,Exceevirus Xc38,dsDNA
Finchvirus,2948706,,,,,,,,0.28,,,,,,,0.13,1833.0,Rhodococcus erythropolis,Duplodnaviria,Heunggongvirae,Uroviricota,Caudoviricetes,Caudoviricetes incertae sedis,Finchvirus,Finchvirus finch,,dsDNA
Fohxhuevirus,2948709,0.24,,,0.01,,,0.36,,,0.43,0.65,0.49,,,0.2,,,,,,,,,,,
Gruunavirus,2948731,,,,0.01,,,,,,,,,,,,36822.0,Gordonia rubripertincta,Duplodnaviria,Heunggongvirae,Uroviricota,Caudoviricetes,Caudoviricetes incertae sedis,Zierdtviridae,Emilbogenvirinae,Gruunavirus,dsDNA
Hungariovirus,2948761,,,,,,,,,,,,,0.05,,,543.0,Enterobacteriaceae,Duplodnaviria,Heunggongvirae,Uroviricota,Caudoviricetes,Caudoviricetes incertae sedis,Hungariovirus,Hungariovirus C1302,,dsDNA
Jahgtovirus,2948767,1.01,1.23,1.03,0.04,1.49,1.89,3.06,1.92,0.93,2.37,2.11,1.5,0.01,0.1,1.16,371601.0,Bacteroides xylanisolvens,Duplodnaviria,Heunggongvirae,Uroviricota,Caudoviricetes,Crassvirales,Intestiviridae,Churivirinae,Jahgtovirus,dsDNA
Jahgtovirus,2948767,1.01,1.23,1.03,0.04,1.49,1.89,3.06,1.92,0.93,2.37,2.11,1.5,0.01,0.1,1.16,1.0,root,Duplodnaviria,Heunggongvirae,Uroviricota,Caudoviricetes,Crassvirales,Intestiviridae,Churivirinae,Jahgtovirus,dsDNA
Jahgtovirus,2948767,1.01,1.23,1.03,0.04,1.49,1.89,3.06,1.92,0.93,2.37,2.11,1.5,0.01,0.1,1.16,818.0,Bacteroides thetaiotaomicron,Duplodnaviria,Heunggongvirae,Uroviricota,Caudoviricetes,Crassvirales,Intestiviridae,Churivirinae,Jahgtovirus,dsDNA
Jahgtovirus,2948767,1.01,1.23,1.03,0.04,1.49,1.89,3.06,1.92,0.93,2.37,2.11,1.5,0.01,0.1,1.16,976.0,Bacteroidota,Duplodnaviria,Heunggongvirae,Uroviricota,Caudoviricetes,Crassvirales,Intestiviridae,Churivirinae,Jahgtovirus,dsDNA
Jahgtovirus,2948767,1.01,1.23,1.03,0.04,1.49,1.89,3.06,1.92,0.93,2.37,2.11,1.5,0.01,0.1,1.16,76594.0,Cellulophaga baltica,Duplodnaviria,Heunggongvirae,Uroviricota,Caudoviricetes,Crassvirales,Intestiviridae,Churivirinae,Jahgtovirus,dsDNA
Jahgtovirus,2948767,1.01,1.23,1.03,0.04,1.49,1.89,3.06,1.92,0.93,2.37,2.11,1.5,0.01,0.1,1.16,329854.0,Bacteroides intestinalis,Duplodnaviria,Heunggongvirae,Uroviricota,Caudoviricetes,Crassvirales,Intestiviridae,Churivirinae,Jahgtovirus,dsDNA
Junduvirus,2948774,0.1,,,,,,0.24,,,0.26,,,,,0.19,818.0,Bacteroides thetaiotaomicron,Duplodnaviria,Heunggongvirae,Uroviricota,Caudoviricetes,Crassvirales,Crevaviridae,Coarsevirinae,Junduvirus,dsDNA
Junduvirus,2948774,0.1,,,,,,0.24,,,0.26,,,,,0.19,976.0,Bacteroidota,Duplodnaviria,Heunggongvirae,Uroviricota,Caudoviricetes,Crassvirales,Crevaviridae,Coarsevirinae,Junduvirus,dsDNA
Junduvirus,2948774,0.1,,,,,,0.24,,,0.26,,,,,0.19,76594.0,Cellulophaga baltica,Duplodnaviria,Heunggongvirae,Uroviricota,Caudoviricetes,Crassvirales,Crevaviridae,Coarsevirinae,Junduvirus,dsDNA
Junduvirus,2948774,0.1,,,,,,0.24,,,0.26,,,,,0.19,329854.0,Bacteroides intestinalis,Duplodnaviria,Heunggongvirae,Uroviricota,Caudoviricetes,Crassvirales,Crevaviridae,Coarsevirinae,Junduvirus,dsDNA
Junduvirus,2948774,0.1,,,,,,0.24,,,0.26,,,,,0.19,371601.0,Bacteroides xylanisolvens,Duplodnaviria,Heunggongvirae,Uroviricota,Caudoviricetes,Crassvirales,Crevaviridae,Coarsevirinae,Junduvirus,dsDNA
Kablunavirus,2948776,,,,0.02,,,,,,,,,,,,,,,,,,,,,,
Kingevirus,2948785,0.58,0.41,1.32,0.02,1.39,3.33,1.26,0.56,0.4,1.28,1.25,0.37,,0.06,0.59,818.0,Bacteroides thetaiotaomicron,Duplodnaviria,Heunggongvirae,Uroviricota,Caudoviricetes,Crassvirales,Crevaviridae,Doltivirinae,Kingevirus,dsDNA
Kingevirus,2948785,0.58,0.41,1.32,0.02,1.39,3.33,1.26,0.56,0.4,1.28,1.25,0.37,,0.06,0.59,976.0,Bacteroidota,Duplodnaviria,Heunggongvirae,Uroviricota,Caudoviricetes,Crassvirales,Crevaviridae,Doltivirinae,Kingevirus,dsDNA
Kingevirus,2948785,0.58,0.41,1.32,0.02,1.39,3.33,1.26,0.56,0.4,1.28,1.25,0.37,,0.06,0.59,76594.0,Cellulophaga baltica,Duplodnaviria,Heunggongvirae,Uroviricota,Caudoviricetes,Crassvirales,Crevaviridae,Doltivirinae,Kingevirus,dsDNA
Kingevirus,2948785,0.58,0.41,1.32,0.02,1.39,3.33,1.26,0.56,0.4,1.28,1.25,0.37,,0.06,0.59,329854.0,Bacteroides intestinalis,Duplodnaviria,Heunggongvirae,Uroviricota,Caudoviricetes,Crassvirales,Crevaviridae,Doltivirinae,Kingevirus,dsDNA
Kingevirus,2948785,0.58,0.41,1.32,0.02,1.39,3.33,1.26,0.56,0.4,1.28,1.25,0.37,,0.06,0.59,371601.0,Bacteroides xylanisolvens,Duplodnaviria,Heunggongvirae,Uroviricota,Caudoviricetes,Crassvirales,Crevaviridae,Doltivirinae,Kingevirus,dsDNA
Kolpuevirus,2948787,0.11,,,,,,,,,0.2,,,,,0.14,818.0,Bacteroides thetaiotaomicron,Duplodnaviria,Heunggongvirae,Uroviricota,Caudoviricetes,Crassvirales,Steigviridae,Asinivirinae,Kolpuevirus,dsDNA
Kolpuevirus,2948787,0.11,,,,,,,,,0.2,,,,,0.14,976.0,Bacteroidota,Duplodnaviria,Heunggongvirae,Uroviricota,Caudoviricetes,Crassvirales,Steigviridae,Asinivirinae,Kolpuevirus,dsDNA
Kolpuevirus,2948787,0.11,,,,,,,,,0.2,,,,,0.14,371601.0,Bacteroides xylanisolvens,Duplodnaviria,Heunggongvirae,Uroviricota,Caudoviricetes,Crassvirales,Steigviridae,Asinivirinae,Kolpuevirus,dsDNA
Kunmingvirus,2948791,0.11,,,0.01,,,0.88,,,0.31,0.43,,,0.06,,948519.0,Aeromonas rivipollensis,Duplodnaviria,Heunggongvirae,Uroviricota,Caudoviricetes,Caudoviricetes incertae sedis,Kunmingvirus,Kunmingvirus kv2D05,,dsDNA
Kunmingvirus,2948791,0.11,,,0.01,,,0.88,,,0.31,0.43,,,0.06,,948519.0,Aeromonas rivipollensis,Duplodnaviria,Heunggongvirae,Uroviricota,Caudoviricetes,Caudoviricetes incertae sedis,Kunmingvirus,Kunmingvirus kv4D05,,dsDNA
Lebriduvirus,2948797,,,,,,,,,,,,,,,0.12,,,,,,,,,,,
Mahlunavirus,2948812,,,,,,,,,,,,,,,0.09,,,,,,,,,,,
Myrnavirus,2948833,0.77,,,,,,,,,,,0.39,,,,1763.0,Mycobacterium,Duplodnaviria,Heunggongvirae,Uroviricota,Caudoviricetes,Caudoviricetes incertae sedis,Myrnavirus,Myrnavirus myrna,,dsDNA
Myrnavirus,2948833,0.77,,,,,,,,,,,0.39,,,,246196.0,Mycolicibacterium smegmatis MC2 155,Duplodnaviria,Heunggongvirae,Uroviricota,Caudoviricetes,Caudoviricetes incertae sedis,Myrnavirus,Myrnavirus phabba,Myranavirus phabba,dsDNA
Myrnavirus,2948833,0.77,,,,,,,,,,,0.39,,,,246196.0,Mycolicibacterium smegmatis MC2 155,Duplodnaviria,Heunggongvirae,Uroviricota,Caudoviricetes,Caudoviricetes incertae sedis,Myrnavirus,unclassified Myrnavirus,,dsDNA
Pleakleyvirus,2948869,,,,0.01,,,,,,,,,,,,,,,,,,,,,,
Saltrevirus,2948889,,,,0.03,,,,,,,,,,,,28901.0,Salmonella enterica,Duplodnaviria,Heunggongvirae,Uroviricota,Caudoviricetes,Caudoviricetes incertae sedis,Saltrevirus,Saltrevirus sv64795sal3,,dsDNA
Skysandvirus,2948912,,,,0.02,,,,,,,,,,,,,,,,,,,,,,
Sukkupivirus,2948917,,,,0.02,,,,,,,,,,,,,,,,,,,,,,
Triduovirus,2948933,,,,,0.51,,,,,0.33,,,,,0.13,211968.0,Salmonella enterica subsp. enterica serovar Albany,Duplodnaviria,Heunggongvirae,Uroviricota,Caudoviricetes,Caudoviricetes incertae sedis,Schitoviridae,Triduovirus,Triduovirus Tr2,dsDNA
Acanvirus,3044653,,,,,0.44,,,,,,,,,,,29449.0,Rhizobium etli,Duplodnaviria,Heunggongvirae,Uroviricota,Caudoviricetes,Caudoviricetes incertae sedis,Schitoviridae,Demetervirinae,Acanvirus,dsDNA
Acanvirus,3044653,,,,,0.44,,,,,,,,,,,396.0,Rhizobium phaseoli,Duplodnaviria,Heunggongvirae,Uroviricota,Caudoviricetes,Caudoviricetes incertae sedis,Schitoviridae,Demetervirinae,Acanvirus,dsDNA
Citricivirus,3044688,,,,,,,,,,,0.6,,,0.04,,223852.0,Aphis citricidus,Riboviria,Orthornavirae,Negarnaviricota,Polyploviricotina,Bunyaviricetes,Hareavirales,Phenuiviridae,Citricivirus,-ssRNA
Cobrasixvirus,3044690,0.17,,0.83,,,,,,,,,,,,0.17,550.0,Enterobacter cloacae,Duplodnaviria,Heunggongvirae,Uroviricota,Caudoviricetes,Caudoviricetes incertae sedis,Cobrasixvirus,Cobrasixvirus cobrasix,,dsDNA
Haetaevirus,3044726,,,,,0.76,,,,,,,,,,,1396.0,Bacillus cereus,Duplodnaviria,Heunggongvirae,Uroviricota,Caudoviricetes,Caudoviricetes incertae sedis,Haetaevirus,Haetaevirus PBC2,,dsDNA
Mcgonagallvirus,3044757,,,,0.01,,,0.26,,,,,,,,,945692.0,Gordonia neofelifaecis,Duplodnaviria,Heunggongvirae,Uroviricota,Caudoviricetes,Caudoviricetes incertae sedis,Mcgonagallvirus,unclassified Mcgonagallvirus,,dsDNA
Mcgonagallvirus,3044757,,,,0.01,,,0.26,,,,,,,,,945692.0,Gordonia neofelifaecis,Duplodnaviria,Heunggongvirae,Uroviricota,Caudoviricetes,Caudoviricetes incertae sedis,Mcgonagallvirus,Mcgonagallvirus macgonagall,,dsDNA
Midgardsormrvirus,3044764,,,,,,,,,,,,,,,0.7,55211.0,Erwinia persicina,Duplodnaviria,Heunggongvirae,Uroviricota,Caudoviricetes,Caudoviricetes incertae sedis,Midgardsormrvirus,Midgardsormrvirus midgardsormr38,,dsDNA
Miltoncavirus,3044765,,,,0.02,,,,,,,,,,,,287.0,Pseudomonas aeruginosa,Duplodnaviria,Heunggongvirae,Uroviricota,Caudoviricetes,Caudoviricetes incertae sedis,Chimalliviridae,Miltoncavirus,Miltoncavirus PhiPA3,dsDNA
Moazamivirus,3044766,,,,,,,0.26,,,,,,,,0.14,108619.0,Salmonella enterica subsp. enterica serovar Newport,Duplodnaviria,Heunggongvirae,Uroviricota,Caudoviricetes,Caudoviricetes incertae sedis,Grimontviridae,Moazamivirus,Moazamivirus 711,dsDNA
Moazamivirus,3044766,,,,,,,0.26,,,,,,,,0.14,149539.0,Salmonella enterica subsp. enterica serovar Enteritidis,Duplodnaviria,Heunggongvirae,Uroviricota,Caudoviricetes,Caudoviricetes incertae sedis,Grimontviridae,Moazamivirus,Moazamivirus SE131,dsDNA
Moazamivirus,3044766,,,,,,,0.26,,,,,,,,0.14,590.0,Salmonella,Duplodnaviria,Heunggongvirae,Uroviricota,Caudoviricetes,Caudoviricetes incertae sedis,Grimontviridae,Moazamivirus,unclassified Moazamivirus,dsDNA
Pavtokvirus,3044786,0.19,,,,,,,,,,,,,,,552.0,Erwinia amylovora,Duplodnaviria,Heunggongvirae,Uroviricota,Caudoviricetes,Caudoviricetes incertae sedis,Pavtokvirus,Pavtokvirus pavtok,,dsDNA
Pavtokvirus,3044786,0.19,,,,,,,,,,,,,,,79967.0,Erwinia pyrifoliae,Duplodnaviria,Heunggongvirae,Uroviricota,Caudoviricetes,Caudoviricetes incertae sedis,Pavtokvirus,Pavtokvirus PEp14,,dsDNA
Pavtokvirus,3044786,0.19,,,,,,,,,,,,,,,552.0,Erwinia amylovora,Duplodnaviria,Heunggongvirae,Uroviricota,Caudoviricetes,Caudoviricetes incertae sedis,Pavtokvirus,unclassified Pavtokvirus,,dsDNA
Pawinskivirus,3044787,,,,0.05,,,,,,,,,,,,287.0,Pseudomonas aeruginosa,Duplodnaviria,Heunggongvirae,Uroviricota,Caudoviricetes,Caudoviricetes incertae sedis,Chimalliviridae,Pawinskivirus,unclassified Pawinskivirus,dsDNA
Pawinskivirus,3044787,,,,0.05,,,,,,,,,,,,286.0,Pseudomonas,Duplodnaviria,Heunggongvirae,Uroviricota,Caudoviricetes,Caudoviricetes incertae sedis,Chimalliviridae,Pawinskivirus,Pawinskivirus PS119XW,dsDNA
Phabiovirus,3044790,,,,0.09,,,,,,,,,,,,294.0,Pseudomonas fluorescens,Duplodnaviria,Heunggongvirae,Uroviricota,Caudoviricetes,Caudoviricetes incertae sedis,Chimalliviridae,Phabiovirus,Phabiovirus phabio,dsDNA
Phabiovirus,3044790,,,,0.09,,,,,,,,,,,,216595.0,Pseudomonas [fluorescens] SBW25,Duplodnaviria,Heunggongvirae,Uroviricota,Caudoviricetes,Caudoviricetes incertae sedis,Chimalliviridae,Phabiovirus,Phabiovirus phabio,dsDNA
Purivirus,3044798,6.19,0.97,0.93,,0.44,,0.9,2.38,11.94,0.48,0.33,1.53,,0.1,0.37,294.0,Pseudomonas fluorescens,Duplodnaviria,Heunggongvirae,Uroviricota,Caudoviricetes,Caudoviricetes incertae sedis,Purivirus,Purivirus UFJFPfDIW6,,dsDNA
Quivirus,3044799,,,,,,,,0.28,1.67,,,,,,,1665.0,Arthrobacter globiformis,Duplodnaviria,Heunggongvirae,Uroviricota,Caudoviricetes,Caudoviricetes incertae sedis,Quivirus,Quivirus qui,,dsDNA
Serwervirus,3044821,,,,0.02,,,,,,,,,,,,587753.0,Pseudomonas chlororaphis,Duplodnaviria,Heunggongvirae,Uroviricota,Caudoviricetes,Caudoviricetes incertae sedis,Chimalliviridae,Serwervirus,Serwervirus 201phi21,dsDNA
Syrbvirus,3044838,0.81,0.52,,,,,,1.27,,,0.43,,,,,322686.0,Microbacterium sp. R1,Duplodnaviria,Heunggongvirae,Uroviricota,Caudoviricetes,Caudoviricetes incertae sedis,Syrbvirus,Syrbvirus R1,,dsDNA
Tepukevirus,3044840,,,,0.56,,,,,,,,,,0.08,,287.0,Pseudomonas aeruginosa,Duplodnaviria,Heunggongvirae,Uroviricota,Caudoviricetes,Caudoviricetes incertae sedis,Chimalliviridae,Tepukevirus,Tepukevirus Psa21,dsDNA
Theiavirus,3044842,0.09,,,,,,,,,,,,,,,75058.0,Bodo saltans,Varidnaviria,Bamfordvirae,Nucleocytoviricota,Megaviricetes,Imitervirales,Mimiviridae,Klosneuvirinae,Theiavirus,
Xoxocotlavirus,3044858,,,,,,,,,,,0.4,,,,,194963.0,Sinorhizobium americanum,Duplodnaviria,Heunggongvirae,Uroviricota,Caudoviricetes,Caudoviricetes incertae sedis,Schitoviridae,Xoxocotlavirus,Xoxocotlavirus X228B,dsDNA
Medeavirus,3152510,0.17,,,,,,0.24,,0.47,,,0.33,,,,323.0,Pseudomonas syringae pv. tomato,Duplodnaviria,Heunggongvirae,Uroviricota,Caudoviricetes,Caudoviricetes incertae sedis,Medeavirus,Medeavirus medea1,,dsDNA
Cinvestavvirus,3152598,,,,,,,,,,,,,,,0.12,,,,,,,,,,,
Bugaksanvirus,3152615,0.44,,,,,,,,,,,,,,,287.0,Pseudomonas aeruginosa,Duplodnaviria,Heunggongvirae,Uroviricota,Caudoviricetes,Caudoviricetes incertae sedis,Bugaksanvirus,Bugaksanvirus R656,,dsDNA
Lilspottyvirus,3152623,0.47,,,,,,,,,,,,,,,246196.0,Mycolicibacterium smegmatis MC2 155,Duplodnaviria,Heunggongvirae,Uroviricota,Caudoviricetes,Caudoviricetes incertae sedis,Lilspottyvirus,Lilspottyvirus lilspotty,,dsDNA
Pumpernickelvirus,3152625,0.12,,,,,,,0.8,,0.19,,,,,,199592.0,Microbacterium paraoxydans,Duplodnaviria,Heunggongvirae,Uroviricota,Caudoviricetes,Caudoviricetes incertae sedis,Pumpernickelvirus,Pumpernickelvirus pumpernickel,,dsDNA
Readingvirus,3152626,6.95,0.71,0.35,,0.54,,1.24,1.05,0.68,0.29,0.3,1.68,,0.16,0.29,286.0,Pseudomonas,Duplodnaviria,Heunggongvirae,Uroviricota,Caudoviricetes,Caudoviricetes incertae sedis,Readingvirus,Readingvirus MR15,,dsDNA
Readingvirus,3152626,6.95,0.71,0.35,,0.54,,1.24,1.05,0.68,0.29,0.3,1.68,,0.16,0.29,317.0,Pseudomonas syringae,Duplodnaviria,Heunggongvirae,Uroviricota,Caudoviricetes,Caudoviricetes incertae sedis,Readingvirus,Readingvirus PSA1,,dsDNA
Readingvirus,3152626,6.95,0.71,0.35,,0.54,,1.24,1.05,0.68,0.29,0.3,1.68,,0.16,0.29,103796.0,Pseudomonas syringae pv. actinidiae,Duplodnaviria,Heunggongvirae,Uroviricota,Caudoviricetes,Caudoviricetes incertae sedis,Readingvirus,Readingvirus psageK9,,dsDNA
Ulinhavirus,3152864,0.1,0.49,,,,,,,,,,,,,,1.0,root,Riboviria,Orthornavirae,Lenarviricota,Leviviricetes,Norzivirales,Fiersviridae,Ulinhavirus,Ulinhavirus borborohabitans,+ssRNA
Dilongvirus,3152896,,,,0.04,,,,,,,,,1.31,,,,,,,,,,,,,
Kremarvirus,3152897,0.58,,,,,,,,,,,,13.14,,,323.0,Pseudomonas syringae pv. tomato,Duplodnaviria,Heunggongvirae,Uroviricota,Caudoviricetes,Caudoviricetes incertae sedis,Vandenendeviridae,Gorskivirinae,Kremarvirus,dsDNA
Kremarvirus,3152897,0.58,,,,,,,,,,,,13.14,,,286.0,Pseudomonas,Duplodnaviria,Heunggongvirae,Uroviricota,Caudoviricetes,Caudoviricetes incertae sedis,Vandenendeviridae,Gorskivirinae,Kremarvirus,dsDNA
Shenlongvirus,3152898,0.14,,,0.02,,,,,,,,,3.57,,,294.0,Pseudomonas fluorescens,Duplodnaviria,Heunggongvirae,Uroviricota,Caudoviricetes,Caudoviricetes incertae sedis,Vandenendeviridae,Gorskivirinae,Shenlongvirus,dsDNA
Eidolonvirus,3152915,0.63,,,,,,,,,,0.28,0.25,,,,28214.0,Sphingomonas sp.,Duplodnaviria,Heunggongvirae,Uroviricota,Caudoviricetes,Caudoviricetes incertae sedis,Eidolonvirus,Eidolonvirus eidolon,,dsDNA
Kharnvirus,3152916,,,,,1.29,,,,,,,,,,,28214.0,Sphingomonas sp.,Duplodnaviria,Heunggongvirae,Uroviricota,Caudoviricetes,Caudoviricetes incertae sedis,Kharnvirus,Kharnvirus kharn,,dsDNA
Kharnvirus,3152916,,,,,1.29,,,,,,,,,,,28214.0,Sphingomonas sp.,Duplodnaviria,Heunggongvirae,Uroviricota,Caudoviricetes,Caudoviricetes incertae sedis,Kharnvirus,Kharnvirus lucius,,dsDNA
Footloosevirus,3152965,,,,,,,,0.28,,,,,,,,199592.0,Microbacterium paraoxydans,Duplodnaviria,Heunggongvirae,Uroviricota,Caudoviricetes,Caudoviricetes incertae sedis,Footloosevirus,Footloosevirus footloose,,dsDNA
Miecznikowavirus,3152971,5.01,1.46,7.81,0.01,1.19,,1.76,1.83,5.01,1.05,0.9,3.08,,0.98,5.73,2597349.0,Pseudomonas sp. ANT_H14,Duplodnaviria,Heunggongvirae,Uroviricota,Caudoviricetes,Caudoviricetes incertae sedis,Miecznikowavirus,Miecznikowavirus AH14a,,dsDNA
Acamarivirus,3152979,,,,,,,,,,,,1.01,,,,27462.0,Austrosimulium,Monodnaviria,Shotokuvirae,Cressdnaviricota,Arfiviricetes,Saturnivirales,Mahapunaviridae,Acamarivirus,Acamarivirus perigeeis,
Acamarivirus,3152979,,,,,,,,,,,,1.01,,,,61017.0,Austrosimulium,Monodnaviria,Shotokuvirae,Cressdnaviricota,Arfiviricetes,Saturnivirales,Mahapunaviridae,Acamarivirus,Acamarivirus perigeeis,
Acamarivirus,3152979,,,,,,,,,,,,1.01,,,,1.0,root,Monodnaviria,Shotokuvirae,Cressdnaviricota,Arfiviricetes,Saturnivirales,Mahapunaviridae,Acamarivirus,Acamarivirus parsecis,
Acamarivirus,3152979,,,,,,,,,,,,1.01,,,,9844.0,Lama glama,Monodnaviria,Shotokuvirae,Cressdnaviricota,Arfiviricetes,Saturnivirales,Mahapunaviridae,Acamarivirus,Acamarivirus solis,
Anthevirus,3152981,,,,,,,,2.07,1.18,,,5.49,,,,1.0,root,Monodnaviria,Shotokuvirae,Cressdnaviricota,Arfiviricetes,Saturnivirales,Mahapunaviridae,Anthevirus,,
Anthevirus,3152981,,,,,,,,2.07,1.18,,,5.49,,,,2850379.0,Eratigena duellica,Monodnaviria,Shotokuvirae,Cressdnaviricota,Arfiviricetes,Saturnivirales,Mahapunaviridae,Anthevirus,Anthevirus beronis,
Anthevirus,3152981,,,,,,,,2.07,1.18,,,5.49,,,,75832.0,Mareca americana,Monodnaviria,Shotokuvirae,Cressdnaviricota,Arfiviricetes,Saturnivirales,Mahapunaviridae,Anthevirus,Anthevirus cielois,
Chewyvirus,3152994,,,,,,,,5.29,,0.43,0.5,,,,,1833.0,Rhodococcus erythropolis,Duplodnaviria,Heunggongvirae,Uroviricota,Caudoviricetes,Caudoviricetes incertae sedis,Chewyvirus,Chewyvirus chewyVIII,,dsDNA
Seretavirus,3152998,,0.49,,,,,,,,,,,,,,615.0,Serratia marcescens,Duplodnaviria,Heunggongvirae,Uroviricota,Caudoviricetes,Caudoviricetes incertae sedis,Sarkviridae,Seretavirus,Seretavirus eta,dsDNA
Longwangvirus,3153014,0.28,,0.45,0.03,,1.41,0.5,,,0.76,0.95,,0.02,,0.09,654.0,Aeromonas veronii,Duplodnaviria,Heunggongvirae,Uroviricota,Caudoviricetes,Caudoviricetes incertae sedis,Chaseviridae,Nefertitivirinae,Longwangvirus,dsDNA
Torvergatavirus,3153079,,,,,1.26,,,,,,,,,,0.11,1888892.0,Sphingomonas turrisvirgatae,Duplodnaviria,Heunggongvirae,Uroviricota,Caudoviricetes,Caudoviricetes incertae sedis,Torvergatavirus,Torvergatavirus MMDA13,,dsDNA
Shockervirus,3153082,0.16,,,,,,,,0.31,,,,,,,199592.0,Microbacterium paraoxydans,Duplodnaviria,Heunggongvirae,Uroviricota,Caudoviricetes,Caudoviricetes incertae sedis,Shockervirus,Shockervirus shocker,,dsDNA
Ebriosvirus,3424957,,,,,,,,,,,,,0.05,0.05,,498388.0,Escherichia coli C,Duplodnaviria,Heunggongvirae,Uroviricota,Caudoviricetes,Autographivirales,Autotranscriptaviridae,Studiervirinae,Ebriosvirus,dsDNA
Ebriosvirus,3424957,,,,,,,,,,,,,0.05,0.05,,40324.0,Stenotrophomonas maltophilia,Duplodnaviria,Heunggongvirae,Uroviricota,Caudoviricetes,Autographivirales,Autotranscriptaviridae,Studiervirinae,Ebriosvirus,dsDNA
Hennigervirus,3424959,,,,,,,,,,,,,52.81,0.9,,,,,,,,,,,,
Pfluvirus,3424962,,,,0.12,,,,,,,,,1.06,0.73,,294.0,Pseudomonas fluorescens,Duplodnaviria,Heunggongvirae,Uroviricota,Caudoviricetes,Autographivirales,Autotranscriptaviridae,Studiervirinae,Pfluvirus,dsDNA
Unosvirus,3424968,,,,,,,,,,,,,0.03,0.37,,,,,,,,,,,,
