name,taxid,ERR14789282,ERR14789283,ERR14789284,ERR14789285,ERR14789286,ERR14789287,ERR14789288,ERR14789289,ERR14789290,ERR14789291,ERR14789292,ERR14789293,ERR14789294,ERR14789295,ERR14789296,ERR14789297,host tax id,host name,realm,kingdom,phylum,class,order,family,genus,species,baltimore_class
Varicellovirus,10319,,,,,,,,,,,0.02,,,,,,9749.0,Delphinapterus leucas,Duplodnaviria,Heunggongvirae,Peploviricota,Herviviricetes,Herpesvirales,Orthoherpesviridae,Alphaherpesvirinae,Varicellovirus,dsDNA
Varicellovirus,10319,,,,,,,,,,,0.02,,,,,,89462.0,Bubalus bubalis,Duplodnaviria,Heunggongvirae,Peploviricota,Herviviricetes,Herpesvirales,Orthoherpesviridae,Alphaherpesvirinae,Varicellovirus,dsDNA
Varicellovirus,10319,,,,,,,,,,,0.02,,,,,,9615.0,Canis lupus familiaris,Duplodnaviria,Heunggongvirae,Peploviricota,Herviviricetes,Herpesvirales,Orthoherpesviridae,Alphaherpesvirinae,Varicellovirus,dsDNA
Varicellovirus,10319,,,,,,,,,,,0.02,,,,,,9925.0,Capra hircus,Duplodnaviria,Heunggongvirae,Peploviricota,Herviviricetes,Herpesvirales,Orthoherpesviridae,Alphaherpesvirinae,Varicellovirus,dsDNA
Varicellovirus,10319,,,,,,,,,,,0.02,,,,,,9538.0,Erythrocebus patas,Duplodnaviria,Heunggongvirae,Peploviricota,Herviviricetes,Herpesvirales,Orthoherpesviridae,Alphaherpesvirinae,Varicellovirus,dsDNA
Varicellovirus,10319,,,,,,,,,,,0.02,,,,,,9860.0,Cervus elaphus,Duplodnaviria,Heunggongvirae,Peploviricota,Herviviricetes,Herpesvirales,Orthoherpesviridae,Alphaherpesvirinae,Varicellovirus,dsDNA
Varicellovirus,10319,,,,,,,,,,,0.02,,,,,,86329.0,Rangifer tarandus tarandus,Duplodnaviria,Heunggongvirae,Peploviricota,Herviviricetes,Herpesvirales,Orthoherpesviridae,Alphaherpesvirinae,Varicellovirus,dsDNA
Varicellovirus,10319,,,,,,,,,,,0.02,,,,,,1574408.0,Cervus canadensis,Duplodnaviria,Heunggongvirae,Peploviricota,Herviviricetes,Herpesvirales,Orthoherpesviridae,Alphaherpesvirinae,Varicellovirus,dsDNA
Varicellovirus,10319,,,,,,,,,,,0.02,,,,,,9796.0,Equus caballus,Duplodnaviria,Heunggongvirae,Peploviricota,Herviviricetes,Herpesvirales,Orthoherpesviridae,Alphaherpesvirinae,Varicellovirus,dsDNA
Varicellovirus,10319,,,,,,,,,,,0.02,,,,,,1114792.0,Equus ferus,Duplodnaviria,Heunggongvirae,Peploviricota,Herviviricetes,Herpesvirales,Orthoherpesviridae,Alphaherpesvirinae,Varicellovirus,dsDNA
Varicellovirus,10319,,,,,,,,,,,0.02,,,,,,9789.0,Equus,Duplodnaviria,Heunggongvirae,Peploviricota,Herviviricetes,Herpesvirales,Orthoherpesviridae,Alphaherpesvirinae,Varicellovirus,dsDNA
Varicellovirus,10319,,,,,,,,,,,0.02,,,,,,9793.0,Equus asinus,Duplodnaviria,Heunggongvirae,Peploviricota,Herviviricetes,Herpesvirales,Orthoherpesviridae,Alphaherpesvirinae,Varicellovirus,dsDNA
Varicellovirus,10319,,,,,,,,,,,0.02,,,,,,9681.0,Felidae,Duplodnaviria,Heunggongvirae,Peploviricota,Herviviricetes,Herpesvirales,Orthoherpesviridae,Alphaherpesvirinae,Varicellovirus,dsDNA
Varicellovirus,10319,,,,,,,,,,,0.02,,,,,,9720.0,Phoca vitulina,Duplodnaviria,Heunggongvirae,Peploviricota,Herviviricetes,Herpesvirales,Orthoherpesviridae,Alphaherpesvirinae,Varicellovirus,dsDNA
Varicellovirus,10319,,,,,,,,,,,0.02,,,,,,9823.0,Sus scrofa,Duplodnaviria,Heunggongvirae,Peploviricota,Herviviricetes,Herpesvirales,Orthoherpesviridae,Alphaherpesvirinae,Varicellovirus,dsDNA
Cytomegalovirus,10358,,,,,,,,,,,0.02,,,,,,9505.0,Aotus trivirgatus,Duplodnaviria,Heunggongvirae,Peploviricota,Herviviricetes,Herpesvirales,Orthoherpesviridae,Betaherpesvirinae,Cytomegalovirus,dsDNA
Cytomegalovirus,10358,,,,,,,,,,,0.02,,,,,,9533.0,Cercopithecus,Duplodnaviria,Heunggongvirae,Peploviricota,Herviviricetes,Herpesvirales,Orthoherpesviridae,Betaherpesvirinae,Cytomegalovirus,dsDNA
Cytomegalovirus,10358,,,,,,,,,,,0.02,,,,,,9539.0,Macaca,Duplodnaviria,Heunggongvirae,Peploviricota,Herviviricetes,Herpesvirales,Orthoherpesviridae,Betaherpesvirinae,Cytomegalovirus,dsDNA
Cytomegalovirus,10358,,,,,,,,,,,0.02,,,,,,9606.0,Homo sapiens,Duplodnaviria,Heunggongvirae,Peploviricota,Herviviricetes,Herpesvirales,Orthoherpesviridae,Betaherpesvirinae,Cytomegalovirus,dsDNA
Cytomegalovirus,10358,,,,,,,,,,,0.02,,,,,,9541.0,Macaca fascicularis,Duplodnaviria,Heunggongvirae,Peploviricota,Herviviricetes,Herpesvirales,Orthoherpesviridae,Betaherpesvirinae,Cytomegalovirus,dsDNA
Cytomegalovirus,10358,,,,,,,,,,,0.02,,,,,,9544.0,Macaca mulatta,Duplodnaviria,Heunggongvirae,Peploviricota,Herviviricetes,Herpesvirales,Orthoherpesviridae,Betaherpesvirinae,Cytomegalovirus,dsDNA
Cytomegalovirus,10358,,,,,,,,,,,0.02,,,,,,9568.0,Mandrillus leucophaeus,Duplodnaviria,Heunggongvirae,Peploviricota,Herviviricetes,Herpesvirales,Orthoherpesviridae,Betaherpesvirinae,Cytomegalovirus,dsDNA
Cytomegalovirus,10358,,,,,,,,,,,0.02,,,,,,9598.0,Pan troglodytes,Duplodnaviria,Heunggongvirae,Peploviricota,Herviviricetes,Herpesvirales,Orthoherpesviridae,Betaherpesvirinae,Cytomegalovirus,dsDNA
Cytomegalovirus,10358,,,,,,,,,,,0.02,,,,,,9555.0,Papio anubis,Duplodnaviria,Heunggongvirae,Peploviricota,Herviviricetes,Herpesvirales,Orthoherpesviridae,Betaherpesvirinae,Cytomegalovirus,dsDNA
Cytomegalovirus,10358,,,,,,,,,,,0.02,,,,,,9556.0,Papio cynocephalus,Duplodnaviria,Heunggongvirae,Peploviricota,Herviviricetes,Herpesvirales,Orthoherpesviridae,Betaherpesvirinae,Cytomegalovirus,dsDNA
Cytomegalovirus,10358,,,,,,,,,,,0.02,,,,,,36229.0,Papio ursinus,Duplodnaviria,Heunggongvirae,Peploviricota,Herviviricetes,Herpesvirales,Orthoherpesviridae,Betaherpesvirinae,Cytomegalovirus,dsDNA
Cytomegalovirus,10358,,,,,,,,,,,0.02,,,,,,9521.0,Saimiri sciureus,Duplodnaviria,Heunggongvirae,Peploviricota,Herviviricetes,Herpesvirales,Orthoherpesviridae,Betaherpesvirinae,Cytomegalovirus,dsDNA
Mastadenovirus,10509,,0.34,,0.28,0.9,18.36,,0.29,0.12,0.44,9.99,,0.93,0.28,,,9555.0,Papio anubis,Varidnaviria,Bamfordvirae,Preplasmiviricota,Polisuviricotina,Pharingeaviricetes,Rowavirales,Adenoviridae,Mastadenovirus,
Mastadenovirus,10509,,0.34,,0.28,0.9,18.36,,0.29,0.12,0.44,9.99,,0.93,0.28,,,59473.0,Pipistrellus nathusii,Varidnaviria,Bamfordvirae,Preplasmiviricota,Polisuviricotina,Pharingeaviricetes,Rowavirales,Adenoviridae,Mastadenovirus,
Mastadenovirus,10509,,0.34,,0.28,0.9,18.36,,0.29,0.12,0.44,9.99,,0.93,0.28,,,59474.0,Pipistrellus pipistrellus,Varidnaviria,Bamfordvirae,Preplasmiviricota,Polisuviricotina,Pharingeaviricetes,Rowavirales,Adenoviridae,Mastadenovirus,
Mastadenovirus,10509,,0.34,,0.28,0.9,18.36,,0.29,0.12,0.44,9.99,,0.93,0.28,,,9534.0,Chlorocebus aethiops,Varidnaviria,Bamfordvirae,Preplasmiviricota,Polisuviricotina,Pharingeaviricetes,Rowavirales,Adenoviridae,Mastadenovirus,
Mastadenovirus,10509,,0.34,,0.28,0.9,18.36,,0.29,0.12,0.44,9.99,,0.93,0.28,,,9606.0,Homo sapiens,Varidnaviria,Bamfordvirae,Preplasmiviricota,Polisuviricotina,Pharingeaviricetes,Rowavirales,Adenoviridae,Mastadenovirus,
Mastadenovirus,10509,,0.34,,0.28,0.9,18.36,,0.29,0.12,0.44,9.99,,0.93,0.28,,,9615.0,Canis lupus familiaris,Varidnaviria,Bamfordvirae,Preplasmiviricota,Polisuviricotina,Pharingeaviricetes,Rowavirales,Adenoviridae,Mastadenovirus,
Mastadenovirus,10509,,0.34,,0.28,0.9,18.36,,0.29,0.12,0.44,9.99,,0.93,0.28,,,9823.0,Sus scrofa,Varidnaviria,Bamfordvirae,Preplasmiviricota,Polisuviricotina,Pharingeaviricetes,Rowavirales,Adenoviridae,Mastadenovirus,
Mastadenovirus,10509,,0.34,,0.28,0.9,18.36,,0.29,0.12,0.44,9.99,,0.93,0.28,,,203696.0,Myotis pilosus,Varidnaviria,Bamfordvirae,Preplasmiviricota,Polisuviricotina,Pharingeaviricetes,Rowavirales,Adenoviridae,Mastadenovirus,
Mastadenovirus,10509,,0.34,,0.28,0.9,18.36,,0.29,0.12,0.44,9.99,,0.93,0.28,,,225399.0,Myotis chinensis,Varidnaviria,Bamfordvirae,Preplasmiviricota,Polisuviricotina,Pharingeaviricetes,Rowavirales,Adenoviridae,Mastadenovirus,
Mastadenovirus,10509,,0.34,,0.28,0.9,18.36,,0.29,0.12,0.44,9.99,,0.93,0.28,,,105273.0,Vespertilio sinensis,Varidnaviria,Bamfordvirae,Preplasmiviricota,Polisuviricotina,Pharingeaviricetes,Rowavirales,Adenoviridae,Mastadenovirus,
Mastadenovirus,10509,,0.34,,0.28,0.9,18.36,,0.29,0.12,0.44,9.99,,0.93,0.28,,,27674.0,Corynorhinus rafinesquii,Varidnaviria,Bamfordvirae,Preplasmiviricota,Polisuviricotina,Pharingeaviricetes,Rowavirales,Adenoviridae,Mastadenovirus,
Mastadenovirus,10509,,0.34,,0.28,0.9,18.36,,0.29,0.12,0.44,9.99,,0.93,0.28,,,9402.0,Pteropus alecto,Varidnaviria,Bamfordvirae,Preplasmiviricota,Polisuviricotina,Pharingeaviricetes,Rowavirales,Adenoviridae,Mastadenovirus,
Mastadenovirus,10509,,0.34,,0.28,0.9,18.36,,0.29,0.12,0.44,9.99,,0.93,0.28,,,9408.0,Rousettus leschenaultii,Varidnaviria,Bamfordvirae,Preplasmiviricota,Polisuviricotina,Pharingeaviricetes,Rowavirales,Adenoviridae,Mastadenovirus,
Mastadenovirus,10509,,0.34,,0.28,0.9,18.36,,0.29,0.12,0.44,9.99,,0.93,0.28,,,9544.0,Macaca mulatta,Varidnaviria,Bamfordvirae,Preplasmiviricota,Polisuviricotina,Pharingeaviricetes,Rowavirales,Adenoviridae,Mastadenovirus,
Mastadenovirus,10509,,0.34,,0.28,0.9,18.36,,0.29,0.12,0.44,9.99,,0.93,0.28,,,89399.0,Rhinolophus sinicus,Varidnaviria,Bamfordvirae,Preplasmiviricota,Polisuviricotina,Pharingeaviricetes,Rowavirales,Adenoviridae,Mastadenovirus,
Mastadenovirus,10509,,0.34,,0.28,0.9,18.36,,0.29,0.12,0.44,9.99,,0.93,0.28,,,9432.0,Miniopterus,Varidnaviria,Bamfordvirae,Preplasmiviricota,Polisuviricotina,Pharingeaviricetes,Rowavirales,Adenoviridae,Mastadenovirus,
Mastadenovirus,10509,,0.34,,0.28,0.9,18.36,,0.29,0.12,0.44,9.99,,0.93,0.28,,,9433.0,Miniopterus schreibersii,Varidnaviria,Bamfordvirae,Preplasmiviricota,Polisuviricotina,Pharingeaviricetes,Rowavirales,Adenoviridae,Mastadenovirus,
Mastadenovirus,10509,,0.34,,0.28,0.9,18.36,,0.29,0.12,0.44,9.99,,0.93,0.28,,,9739.0,Tursiops truncatus,Varidnaviria,Bamfordvirae,Preplasmiviricota,Polisuviricotina,Pharingeaviricetes,Rowavirales,Adenoviridae,Mastadenovirus,
Mastadenovirus,10509,,0.34,,0.28,0.9,18.36,,0.29,0.12,0.44,9.99,,0.93,0.28,,,9913.0,Bos taurus,Varidnaviria,Bamfordvirae,Preplasmiviricota,Polisuviricotina,Pharingeaviricetes,Rowavirales,Adenoviridae,Mastadenovirus,
Mastadenovirus,10509,,0.34,,0.28,0.9,18.36,,0.29,0.12,0.44,9.99,,0.93,0.28,,,9704.0,Zalophus californianus,Varidnaviria,Bamfordvirae,Preplasmiviricota,Polisuviricotina,Pharingeaviricetes,Rowavirales,Adenoviridae,Mastadenovirus,
Mastadenovirus,10509,,0.34,,0.28,0.9,18.36,,0.29,0.12,0.44,9.99,,0.93,0.28,,,9598.0,Pan troglodytes,Varidnaviria,Bamfordvirae,Preplasmiviricota,Polisuviricotina,Pharingeaviricetes,Rowavirales,Adenoviridae,Mastadenovirus,
Mastadenovirus,10509,,0.34,,0.28,0.9,18.36,,0.29,0.12,0.44,9.99,,0.93,0.28,,,9541.0,Macaca fascicularis,Varidnaviria,Bamfordvirae,Preplasmiviricota,Polisuviricotina,Pharingeaviricetes,Rowavirales,Adenoviridae,Mastadenovirus,
Mastadenovirus,10509,,0.34,,0.28,0.9,18.36,,0.29,0.12,0.44,9.99,,0.93,0.28,,,9874.0,Odocoileus virginianus,Varidnaviria,Bamfordvirae,Preplasmiviricota,Polisuviricotina,Pharingeaviricetes,Rowavirales,Adenoviridae,Mastadenovirus,
Mastadenovirus,10509,,0.34,,0.28,0.9,18.36,,0.29,0.12,0.44,9.99,,0.93,0.28,,,77214.0,Eidolon helvum,Varidnaviria,Bamfordvirae,Preplasmiviricota,Polisuviricotina,Pharingeaviricetes,Rowavirales,Adenoviridae,Mastadenovirus,
Mastadenovirus,10509,,0.34,,0.28,0.9,18.36,,0.29,0.12,0.44,9.99,,0.93,0.28,,,9796.0,Equus caballus,Varidnaviria,Bamfordvirae,Preplasmiviricota,Polisuviricotina,Pharingeaviricetes,Rowavirales,Adenoviridae,Mastadenovirus,
Mastadenovirus,10509,,0.34,,0.28,0.9,18.36,,0.29,0.12,0.44,9.99,,0.93,0.28,,,10141.0,Cavia porcellus,Varidnaviria,Bamfordvirae,Preplasmiviricota,Polisuviricotina,Pharingeaviricetes,Rowavirales,Adenoviridae,Mastadenovirus,
Mastadenovirus,10509,,0.34,,0.28,0.9,18.36,,0.29,0.12,0.44,9.99,,0.93,0.28,,,10090.0,Mus musculus,Varidnaviria,Bamfordvirae,Preplasmiviricota,Polisuviricotina,Pharingeaviricetes,Rowavirales,Adenoviridae,Mastadenovirus,
Mastadenovirus,10509,,0.34,,0.28,0.9,18.36,,0.29,0.12,0.44,9.99,,0.93,0.28,,,39030.0,Apodemus agrarius,Varidnaviria,Bamfordvirae,Preplasmiviricota,Polisuviricotina,Pharingeaviricetes,Rowavirales,Adenoviridae,Mastadenovirus,
Mastadenovirus,10509,,0.34,,0.28,0.9,18.36,,0.29,0.12,0.44,9.99,,0.93,0.28,,,29073.0,Ursus maritimus,Varidnaviria,Bamfordvirae,Preplasmiviricota,Polisuviricotina,Pharingeaviricetes,Rowavirales,Adenoviridae,Mastadenovirus,
Mastadenovirus,10509,,0.34,,0.28,0.9,18.36,,0.29,0.12,0.44,9.99,,0.93,0.28,,,10009.0,Tamiasciurus hudsonicus,Varidnaviria,Bamfordvirae,Preplasmiviricota,Polisuviricotina,Pharingeaviricetes,Rowavirales,Adenoviridae,Mastadenovirus,
Mastadenovirus,10509,,0.34,,0.28,0.9,18.36,,0.29,0.12,0.44,9.99,,0.93,0.28,,,55149.0,Sciurus vulgaris,Varidnaviria,Bamfordvirae,Preplasmiviricota,Polisuviricotina,Pharingeaviricetes,Rowavirales,Adenoviridae,Mastadenovirus,
Mastadenovirus,10509,,0.34,,0.28,0.9,18.36,,0.29,0.12,0.44,9.99,,0.93,0.28,,,9407.0,Rousettus aegyptiacus,Varidnaviria,Bamfordvirae,Preplasmiviricota,Polisuviricotina,Pharingeaviricetes,Rowavirales,Adenoviridae,Mastadenovirus,
Mastadenovirus,10509,,0.34,,0.28,0.9,18.36,,0.29,0.12,0.44,9.99,,0.93,0.28,,,9539.0,Macaca,Varidnaviria,Bamfordvirae,Preplasmiviricota,Polisuviricotina,Pharingeaviricetes,Rowavirales,Adenoviridae,Mastadenovirus,
Mastadenovirus,10509,,0.34,,0.28,0.9,18.36,,0.29,0.12,0.44,9.99,,0.93,0.28,,,9549.0,Macaca sp.,Varidnaviria,Bamfordvirae,Preplasmiviricota,Polisuviricotina,Pharingeaviricetes,Rowavirales,Adenoviridae,Mastadenovirus,
Mastadenovirus,10509,,0.34,,0.28,0.9,18.36,,0.29,0.12,0.44,9.99,,0.93,0.28,,,60710.0,Chlorocebus pygerythrus,Varidnaviria,Bamfordvirae,Preplasmiviricota,Polisuviricotina,Pharingeaviricetes,Rowavirales,Adenoviridae,Mastadenovirus,
Mastadenovirus,10509,,0.34,,0.28,0.9,18.36,,0.29,0.12,0.44,9.99,,0.93,0.28,,,9556.0,Papio cynocephalus,Varidnaviria,Bamfordvirae,Preplasmiviricota,Polisuviricotina,Pharingeaviricetes,Rowavirales,Adenoviridae,Mastadenovirus,
Mastadenovirus,10509,,0.34,,0.28,0.9,18.36,,0.29,0.12,0.44,9.99,,0.93,0.28,,,9592.0,Gorilla,Varidnaviria,Bamfordvirae,Preplasmiviricota,Polisuviricotina,Pharingeaviricetes,Rowavirales,Adenoviridae,Mastadenovirus,
Mastadenovirus,10509,,0.34,,0.28,0.9,18.36,,0.29,0.12,0.44,9.99,,0.93,0.28,,,9597.0,Pan paniscus,Varidnaviria,Bamfordvirae,Preplasmiviricota,Polisuviricotina,Pharingeaviricetes,Rowavirales,Adenoviridae,Mastadenovirus,
Mastadenovirus,10509,,0.34,,0.28,0.9,18.36,,0.29,0.12,0.44,9.99,,0.93,0.28,,,61622.0,Rhinopithecus roxellana,Varidnaviria,Bamfordvirae,Preplasmiviricota,Polisuviricotina,Pharingeaviricetes,Rowavirales,Adenoviridae,Mastadenovirus,
Mastadenovirus,10509,,0.34,,0.28,0.9,18.36,,0.29,0.12,0.44,9.99,,0.93,0.28,,,9528.0,Cercopithecinae,Varidnaviria,Bamfordvirae,Preplasmiviricota,Polisuviricotina,Pharingeaviricetes,Rowavirales,Adenoviridae,Mastadenovirus,
Mastadenovirus,10509,,0.34,,0.28,0.9,18.36,,0.29,0.12,0.44,9.99,,0.93,0.28,,,30543.0,Conepatus leuconotus,Varidnaviria,Bamfordvirae,Preplasmiviricota,Polisuviricotina,Pharingeaviricetes,Rowavirales,Adenoviridae,Mastadenovirus,
Mastadenovirus,10509,,0.34,,0.28,0.9,18.36,,0.29,0.12,0.44,9.99,,0.93,0.28,,,202457.0,Plecturocebus cupreus,Varidnaviria,Bamfordvirae,Preplasmiviricota,Polisuviricotina,Pharingeaviricetes,Rowavirales,Adenoviridae,Mastadenovirus,
Mastadenovirus,10509,,0.34,,0.28,0.9,18.36,,0.29,0.12,0.44,9.99,,0.93,0.28,,,9394.0,Tupaia,Varidnaviria,Bamfordvirae,Preplasmiviricota,Polisuviricotina,Pharingeaviricetes,Rowavirales,Adenoviridae,Mastadenovirus,
Tequatrovirus,10663,,,,,,,,,,,0.02,,,,,,67825.0,Citrobacter rodentium,Duplodnaviria,Heunggongvirae,Uroviricota,Caudoviricetes,Pantevenvirales,Straboviridae,Tevenvirinae,Tequatrovirus,dsDNA
Tequatrovirus,10663,,,,,,,,,,,0.02,,,,,,870963.0,Escherichia coli O127:B8,Duplodnaviria,Heunggongvirae,Uroviricota,Caudoviricetes,Pantevenvirales,Straboviridae,Tevenvirinae,Tequatrovirus,dsDNA
Tequatrovirus,10663,,,,,,,,,,,0.02,,,,,,991915.0,Escherichia coli O121:H19,Duplodnaviria,Heunggongvirae,Uroviricota,Caudoviricetes,Pantevenvirales,Straboviridae,Tevenvirinae,Tequatrovirus,dsDNA
Tequatrovirus,10663,,,,,,,,,,,0.02,,,,,,373045.0,Escherichia coli O111:NM,Duplodnaviria,Heunggongvirae,Uroviricota,Caudoviricetes,Pantevenvirales,Straboviridae,Tevenvirinae,Tequatrovirus,dsDNA
Tequatrovirus,10663,,,,,,,,,,,0.02,,,,,,376725.0,Escherichia coli O103:H2,Duplodnaviria,Heunggongvirae,Uroviricota,Caudoviricetes,Pantevenvirales,Straboviridae,Tevenvirinae,Tequatrovirus,dsDNA
Tequatrovirus,10663,,,,,,,,,,,0.02,,,,,,37762.0,Escherichia coli B,Duplodnaviria,Heunggongvirae,Uroviricota,Caudoviricetes,Pantevenvirales,Straboviridae,Tevenvirinae,Tequatrovirus,dsDNA
Tequatrovirus,10663,,,,,,,,,,,0.02,,,,,,543.0,Enterobacteriaceae,Duplodnaviria,Heunggongvirae,Uroviricota,Caudoviricetes,Pantevenvirales,Straboviridae,Tevenvirinae,Tequatrovirus,dsDNA
Tequatrovirus,10663,,,,,,,,,,,0.02,,,,,,83333.0,Escherichia coli K-12,Duplodnaviria,Heunggongvirae,Uroviricota,Caudoviricetes,Pantevenvirales,Straboviridae,Tevenvirinae,Tequatrovirus,dsDNA
Tequatrovirus,10663,,,,,,,,,,,0.02,,,,,,679895.0,Escherichia coli BW25113,Duplodnaviria,Heunggongvirae,Uroviricota,Caudoviricetes,Pantevenvirales,Straboviridae,Tevenvirinae,Tequatrovirus,dsDNA
Tequatrovirus,10663,,,,,,,,,,,0.02,,,,,,511145.0,Escherichia coli str. K-12 substr. MG1655,Duplodnaviria,Heunggongvirae,Uroviricota,Caudoviricetes,Pantevenvirales,Straboviridae,Tevenvirinae,Tequatrovirus,dsDNA
Tequatrovirus,10663,,,,,,,,,,,0.02,,,,,,1322345.0,Escherichia coli ATCC 25922,Duplodnaviria,Heunggongvirae,Uroviricota,Caudoviricetes,Pantevenvirales,Straboviridae,Tevenvirinae,Tequatrovirus,dsDNA
Tequatrovirus,10663,,,,,,,,,,,0.02,,,,,,564.0,Escherichia fergusonii,Duplodnaviria,Heunggongvirae,Uroviricota,Caudoviricetes,Pantevenvirales,Straboviridae,Tevenvirinae,Tequatrovirus,dsDNA
Tequatrovirus,10663,,,,,,,,,,,0.02,,,,,,316385.0,Escherichia coli str. K-12 substr. DH10B,Duplodnaviria,Heunggongvirae,Uroviricota,Caudoviricetes,Pantevenvirales,Straboviridae,Tevenvirinae,Tequatrovirus,dsDNA
Tequatrovirus,10663,,,,,,,,,,,0.02,,,,,,1389955.0,Escherichia coli ATCC 35150,Duplodnaviria,Heunggongvirae,Uroviricota,Caudoviricetes,Pantevenvirales,Straboviridae,Tevenvirinae,Tequatrovirus,dsDNA
Tequatrovirus,10663,,,,,,,,,,,0.02,,,,,,623.0,Shigella flexneri,Duplodnaviria,Heunggongvirae,Uroviricota,Caudoviricetes,Pantevenvirales,Straboviridae,Tevenvirinae,Tequatrovirus,dsDNA
Tequatrovirus,10663,,,,,,,,,,,0.02,,,,,,199310.0,Escherichia coli CFT073,Duplodnaviria,Heunggongvirae,Uroviricota,Caudoviricetes,Pantevenvirales,Straboviridae,Tevenvirinae,Tequatrovirus,dsDNA
Tequatrovirus,10663,,,,,,,,,,,0.02,,,,,,1.0,root,Duplodnaviria,Heunggongvirae,Uroviricota,Caudoviricetes,Pantevenvirales,Straboviridae,Tevenvirinae,Tequatrovirus,dsDNA
Tequatrovirus,10663,,,,,,,,,,,0.02,,,,,,2056315.0,Escherichia coli O177,Duplodnaviria,Heunggongvirae,Uroviricota,Caudoviricetes,Pantevenvirales,Straboviridae,Tevenvirinae,Tequatrovirus,dsDNA
Tequatrovirus,10663,,,,,,,,,,,0.02,,,,,,2072463.0,Escherichia coli O78,Duplodnaviria,Heunggongvirae,Uroviricota,Caudoviricetes,Pantevenvirales,Straboviridae,Tevenvirinae,Tequatrovirus,dsDNA
Tequatrovirus,10663,,,,,,,,,,,0.02,,,,,,668369.0,Escherichia coli DH5[alpha],Duplodnaviria,Heunggongvirae,Uroviricota,Caudoviricetes,Pantevenvirales,Straboviridae,Tevenvirinae,Tequatrovirus,dsDNA
Tequatrovirus,10663,,,,,,,,,,,0.02,,,,,,1411081.0,Escherichia coli NDM-1,Duplodnaviria,Heunggongvirae,Uroviricota,Caudoviricetes,Pantevenvirales,Straboviridae,Tevenvirinae,Tequatrovirus,dsDNA
Tequatrovirus,10663,,,,,,,,,,,0.02,,,,,,2072453.0,Escherichia coli O104,Duplodnaviria,Heunggongvirae,Uroviricota,Caudoviricetes,Pantevenvirales,Straboviridae,Tevenvirinae,Tequatrovirus,dsDNA
Tequatrovirus,10663,,,,,,,,,,,0.02,,,,,,1446604.0,Escherichia coli O156:H25,Duplodnaviria,Heunggongvirae,Uroviricota,Caudoviricetes,Pantevenvirales,Straboviridae,Tevenvirinae,Tequatrovirus,dsDNA
Tequatrovirus,10663,,,,,,,,,,,0.02,,,,,,546367.0,Hafnia paralvei,Duplodnaviria,Heunggongvirae,Uroviricota,Caudoviricetes,Pantevenvirales,Straboviridae,Tevenvirinae,Tequatrovirus,dsDNA
Tequatrovirus,10663,,,,,,,,,,,0.02,,,,,,28901.0,Salmonella enterica,Duplodnaviria,Heunggongvirae,Uroviricota,Caudoviricetes,Pantevenvirales,Straboviridae,Tevenvirinae,Tequatrovirus,dsDNA
Tequatrovirus,10663,,,,,,,,,,,0.02,,,,,,149539.0,Salmonella enterica subsp. enterica serovar Enteritidis,Duplodnaviria,Heunggongvirae,Uroviricota,Caudoviricetes,Pantevenvirales,Straboviridae,Tevenvirinae,Tequatrovirus,dsDNA
Tequatrovirus,10663,,,,,,,,,,,0.02,,,,,,594.0,Salmonella enterica subsp. enterica serovar Gallinarum,Duplodnaviria,Heunggongvirae,Uroviricota,Caudoviricetes,Pantevenvirales,Straboviridae,Tevenvirinae,Tequatrovirus,dsDNA
Tequatrovirus,10663,,,,,,,,,,,0.02,,,,,,272989.0,Salmonella enterica subsp. enterica serovar Enteritidis str. LK5,Duplodnaviria,Heunggongvirae,Uroviricota,Caudoviricetes,Pantevenvirales,Straboviridae,Tevenvirinae,Tequatrovirus,dsDNA
Tequatrovirus,10663,,,,,,,,,,,0.02,,,,,,42897.0,Shigella flexneri 2a,Duplodnaviria,Heunggongvirae,Uroviricota,Caudoviricetes,Pantevenvirales,Straboviridae,Tevenvirinae,Tequatrovirus,dsDNA
Tequatrovirus,10663,,,,,,,,,,,0.02,,,,,,624.0,Shigella sonnei,Duplodnaviria,Heunggongvirae,Uroviricota,Caudoviricetes,Pantevenvirales,Straboviridae,Tevenvirinae,Tequatrovirus,dsDNA
Tequatrovirus,10663,,,,,,,,,,,0.02,,,,,,621.0,Shigella boydii,Duplodnaviria,Heunggongvirae,Uroviricota,Caudoviricetes,Pantevenvirales,Straboviridae,Tevenvirinae,Tequatrovirus,dsDNA
Tequatrovirus,10663,,,,,,,,,,,0.02,,,,,,1935181.0,Shigella flexneri 1c,Duplodnaviria,Heunggongvirae,Uroviricota,Caudoviricetes,Pantevenvirales,Straboviridae,Tevenvirinae,Tequatrovirus,dsDNA
Tequatrovirus,10663,,,,,,,,,,,0.02,,,,,,620.0,Shigella,Duplodnaviria,Heunggongvirae,Uroviricota,Caudoviricetes,Pantevenvirales,Straboviridae,Tevenvirinae,Tequatrovirus,dsDNA
Tequatrovirus,10663,,,,,,,,,,,0.02,,,,,,1280.0,Staphylococcus aureus,Duplodnaviria,Heunggongvirae,Uroviricota,Caudoviricetes,Pantevenvirales,Straboviridae,Tevenvirinae,Tequatrovirus,dsDNA
Tequatrovirus,10663,,,,,,,,,,,0.02,,,,,,40323.0,Stenotrophomonas,Duplodnaviria,Heunggongvirae,Uroviricota,Caudoviricetes,Pantevenvirales,Straboviridae,Tevenvirinae,Tequatrovirus,dsDNA
Tequatrovirus,10663,,,,,,,,,,,0.02,,,,,,633.0,Yersinia pseudotuberculosis,Duplodnaviria,Heunggongvirae,Uroviricota,Caudoviricetes,Pantevenvirales,Straboviridae,Tevenvirinae,Tequatrovirus,dsDNA
Tequatrovirus,10663,,,,,,,,,,,0.02,,,,,,367190.0,Yersinia similis,Duplodnaviria,Heunggongvirae,Uroviricota,Caudoviricetes,Pantevenvirales,Straboviridae,Tevenvirinae,Tequatrovirus,dsDNA
Dependoparvovirus,10803,,,0.12,,,,,,,,,,,,0.13,,8855.0,Cairina moschata,Monodnaviria,Shotokuvirae,Cossaviricota,Quintoviricetes,Piccovirales,Parvoviridae,Parvovirinae,Dependoparvovirus,
Dependoparvovirus,10803,,,0.12,,,,,,,,,,,,0.13,,9544.0,Macaca mulatta,Monodnaviria,Shotokuvirae,Cossaviricota,Quintoviricetes,Piccovirales,Parvoviridae,Parvovirinae,Dependoparvovirus,
Dependoparvovirus,10803,,,0.12,,,,,,,,,,,,0.13,,60711.0,Chlorocebus sabaeus,Monodnaviria,Shotokuvirae,Cossaviricota,Quintoviricetes,Piccovirales,Parvoviridae,Parvovirinae,Dependoparvovirus,
Dependoparvovirus,10803,,,0.12,,,,,,,,,,,,0.13,,9606.0,Homo sapiens,Monodnaviria,Shotokuvirae,Cossaviricota,Quintoviricetes,Piccovirales,Parvoviridae,Parvovirinae,Dependoparvovirus,
Dependoparvovirus,10803,,,0.12,,,,,,,,,,,,0.13,,40674.0,Mammalia,Monodnaviria,Shotokuvirae,Cossaviricota,Quintoviricetes,Piccovirales,Parvoviridae,Parvovirinae,Dependoparvovirus,
Dependoparvovirus,10803,,,0.12,,,,,,,,,,,,0.13,,9925.0,Capra hircus,Monodnaviria,Shotokuvirae,Cossaviricota,Quintoviricetes,Piccovirales,Parvoviridae,Parvovirinae,Dependoparvovirus,
Dependoparvovirus,10803,,,0.12,,,,,,,,,,,,0.13,,8782.0,Aves,Monodnaviria,Shotokuvirae,Cossaviricota,Quintoviricetes,Piccovirales,Parvoviridae,Parvovirinae,Dependoparvovirus,
Dependoparvovirus,10803,,,0.12,,,,,,,,,,,,0.13,,9031.0,Gallus gallus,Monodnaviria,Shotokuvirae,Cossaviricota,Quintoviricetes,Piccovirales,Parvoviridae,Parvovirinae,Dependoparvovirus,
Dependoparvovirus,10803,,,0.12,,,,,,,,,,,,0.13,,9534.0,Chlorocebus aethiops,Monodnaviria,Shotokuvirae,Cossaviricota,Quintoviricetes,Piccovirales,Parvoviridae,Parvovirinae,Dependoparvovirus,
Dependoparvovirus,10803,,,0.12,,,,,,,,,,,,0.13,,93934.0,Coturnix japonica,Monodnaviria,Shotokuvirae,Cossaviricota,Quintoviricetes,Piccovirales,Parvoviridae,Parvovirinae,Dependoparvovirus,
Dependoparvovirus,10803,,,0.12,,,,,,,,,,,,0.13,,203696.0,Myotis pilosus,Monodnaviria,Shotokuvirae,Cossaviricota,Quintoviricetes,Piccovirales,Parvoviridae,Parvovirinae,Dependoparvovirus,
Dependoparvovirus,10803,,,0.12,,,,,,,,,,,,0.13,,103695.0,Pogona vitticeps,Monodnaviria,Shotokuvirae,Cossaviricota,Quintoviricetes,Piccovirales,Parvoviridae,Parvovirinae,Dependoparvovirus,
Dependoparvovirus,10803,,,0.12,,,,,,,,,,,,0.13,,10090.0,Mus musculus,Monodnaviria,Shotokuvirae,Cossaviricota,Quintoviricetes,Piccovirales,Parvoviridae,Parvovirinae,Dependoparvovirus,
Dependoparvovirus,10803,,,0.12,,,,,,,,,,,,0.13,,9704.0,Zalophus californianus,Monodnaviria,Shotokuvirae,Cossaviricota,Quintoviricetes,Piccovirales,Parvoviridae,Parvovirinae,Dependoparvovirus,
Dependoparvovirus,10803,,,0.12,,,,,,,,,,,,0.13,,9430.0,Desmodus rotundus,Monodnaviria,Shotokuvirae,Cossaviricota,Quintoviricetes,Piccovirales,Parvoviridae,Parvovirinae,Dependoparvovirus,
Dependoparvovirus,10803,,,0.12,,,,,,,,,,,,0.13,,8843.0,Anser anser,Monodnaviria,Shotokuvirae,Cossaviricota,Quintoviricetes,Piccovirales,Parvoviridae,Parvovirinae,Dependoparvovirus,
Dependoparvovirus,10803,,,0.12,,,,,,,,,,,,0.13,,176066.0,Myiopsitta monachus,Monodnaviria,Shotokuvirae,Cossaviricota,Quintoviricetes,Piccovirales,Parvoviridae,Parvovirinae,Dependoparvovirus,
Dependoparvovirus,10803,,,0.12,,,,,,,,,,,,0.13,,8516.0,Iguana,Monodnaviria,Shotokuvirae,Cossaviricota,Quintoviricetes,Piccovirales,Parvoviridae,Parvovirinae,Dependoparvovirus,
Dependoparvovirus,10803,,,0.12,,,,,,,,,,,,0.13,,8574.0,Boa constrictor,Monodnaviria,Shotokuvirae,Cossaviricota,Quintoviricetes,Piccovirales,Parvoviridae,Parvovirinae,Dependoparvovirus,
Dependoparvovirus,10803,,,0.12,,,,,,,,,,,,0.13,,8690.0,Viperinae,Monodnaviria,Shotokuvirae,Cossaviricota,Quintoviricetes,Piccovirales,Parvoviridae,Parvovirinae,Dependoparvovirus,
Dependoparvovirus,10803,,,0.12,,,,,,,,,,,,0.13,,51751.0,Python regius,Monodnaviria,Shotokuvirae,Cossaviricota,Quintoviricetes,Piccovirales,Parvoviridae,Parvovirinae,Dependoparvovirus,
Morbillivirus,11229,,,,,,,,,,,0.04,,,,,,,,,,,,,,,,
Orthobunyavirus,11572,,,,,,,,,,,0.02,,,,,,53527.0,Culex,Riboviria,Orthornavirae,Negarnaviricota,Polyploviricotina,Bunyaviricetes,Elliovirales,Peribunyaviridae,Orthobunyavirus,-ssRNA
Orthobunyavirus,11572,,,,,,,,,,,0.02,,,,,,10090.0,Mus musculus,Riboviria,Orthornavirae,Negarnaviricota,Polyploviricotina,Bunyaviricetes,Elliovirales,Peribunyaviridae,Orthobunyavirus,-ssRNA
Orthobunyavirus,11572,,,,,,,,,,,0.02,,,,,,9913.0,Bos taurus,Riboviria,Orthornavirae,Negarnaviricota,Polyploviricotina,Bunyaviricetes,Elliovirales,Peribunyaviridae,Orthobunyavirus,-ssRNA
Orthobunyavirus,11572,,,,,,,,,,,0.02,,,,,,9925.0,Capra hircus,Riboviria,Orthornavirae,Negarnaviricota,Polyploviricotina,Bunyaviricetes,Elliovirales,Peribunyaviridae,Orthobunyavirus,-ssRNA
Orthobunyavirus,11572,,,,,,,,,,,0.02,,,,,,9940.0,Ovis aries,Riboviria,Orthornavirae,Negarnaviricota,Polyploviricotina,Bunyaviricetes,Elliovirales,Peribunyaviridae,Orthobunyavirus,-ssRNA
Orthobunyavirus,11572,,,,,,,,,,,0.02,,,,,,10036.0,Mesocricetus auratus,Riboviria,Orthornavirae,Negarnaviricota,Polyploviricotina,Bunyaviricetes,Elliovirales,Peribunyaviridae,Orthobunyavirus,-ssRNA
Orthobunyavirus,11572,,,,,,,,,,,0.02,,,,,,139058.0,Aedeomyia squamipennis,Riboviria,Orthornavirae,Negarnaviricota,Polyploviricotina,Bunyaviricetes,Elliovirales,Peribunyaviridae,Orthobunyavirus,-ssRNA
Orthobunyavirus,11572,,,,,,,,,,,0.02,,,,,,37951.0,Aedes sp.,Riboviria,Orthornavirae,Negarnaviricota,Polyploviricotina,Bunyaviricetes,Elliovirales,Peribunyaviridae,Orthobunyavirus,-ssRNA
Orthobunyavirus,11572,,,,,,,,,,,0.02,,,,,,9534.0,Chlorocebus aethiops,Riboviria,Orthornavirae,Negarnaviricota,Polyploviricotina,Bunyaviricetes,Elliovirales,Peribunyaviridae,Orthobunyavirus,-ssRNA
Orthobunyavirus,11572,,,,,,,,,,,0.02,,,,,,70610.0,Caluromys philander,Riboviria,Orthornavirae,Negarnaviricota,Polyploviricotina,Bunyaviricetes,Elliovirales,Peribunyaviridae,Orthobunyavirus,-ssRNA
Orthobunyavirus,11572,,,,,,,,,,,0.02,,,,,,2044755.0,Anopheles boliviensis,Riboviria,Orthornavirae,Negarnaviricota,Polyploviricotina,Bunyaviricetes,Elliovirales,Peribunyaviridae,Orthobunyavirus,-ssRNA
Orthobunyavirus,11572,,,,,,,,,,,0.02,,,,,,9515.0,Sapajus apella,Riboviria,Orthornavirae,Negarnaviricota,Polyploviricotina,Bunyaviricetes,Elliovirales,Peribunyaviridae,Orthobunyavirus,-ssRNA
Orthobunyavirus,11572,,,,,,,,,,,0.02,,,,,,9438.0,Tadarida brasiliensis,Riboviria,Orthornavirae,Negarnaviricota,Polyploviricotina,Bunyaviricetes,Elliovirales,Peribunyaviridae,Orthobunyavirus,-ssRNA
Orthobunyavirus,11572,,,,,,,,,,,0.02,,,,,,9606.0,Homo sapiens,Riboviria,Orthornavirae,Negarnaviricota,Polyploviricotina,Bunyaviricetes,Elliovirales,Peribunyaviridae,Orthobunyavirus,-ssRNA
Orthobunyavirus,11572,,,,,,,,,,,0.02,,,,,,42415.0,Sigmodon hispidus,Riboviria,Orthornavirae,Negarnaviricota,Polyploviricotina,Bunyaviricetes,Elliovirales,Peribunyaviridae,Orthobunyavirus,-ssRNA
Orthobunyavirus,11572,,,,,,,,,,,0.02,,,,,,42429.0,Culex nigripalpus,Riboviria,Orthornavirae,Negarnaviricota,Polyploviricotina,Bunyaviricetes,Elliovirales,Peribunyaviridae,Orthobunyavirus,-ssRNA
Orthobunyavirus,11572,,,,,,,,,,,0.02,,,,,,1158920.0,Ardeola grayii,Riboviria,Orthornavirae,Negarnaviricota,Polyploviricotina,Bunyaviricetes,Elliovirales,Peribunyaviridae,Orthobunyavirus,-ssRNA
Orthobunyavirus,11572,,,,,,,,,,,0.02,,,,,,1263930.0,Aedes curtipes,Riboviria,Orthornavirae,Negarnaviricota,Polyploviricotina,Bunyaviricetes,Elliovirales,Peribunyaviridae,Orthobunyavirus,-ssRNA
Orthobunyavirus,11572,,,,,,,,,,,0.02,,,,,,229097.0,Euplectes afer,Riboviria,Orthornavirae,Negarnaviricota,Polyploviricotina,Bunyaviricetes,Elliovirales,Peribunyaviridae,Orthobunyavirus,-ssRNA
Orthobunyavirus,11572,,,,,,,,,,,0.02,,,,,,10088.0,Mus,Riboviria,Orthornavirae,Negarnaviricota,Polyploviricotina,Bunyaviricetes,Elliovirales,Peribunyaviridae,Orthobunyavirus,-ssRNA
Orthobunyavirus,11572,,,,,,,,,,,0.02,,,,,,265639.0,Pyriglena leucoptera,Riboviria,Orthornavirae,Negarnaviricota,Polyploviricotina,Bunyaviricetes,Elliovirales,Peribunyaviridae,Orthobunyavirus,-ssRNA
Orthobunyavirus,11572,,,,,,,,,,,0.02,,,,,,7160.0,Aedes albopictus,Riboviria,Orthornavirae,Negarnaviricota,Polyploviricotina,Bunyaviricetes,Elliovirales,Peribunyaviridae,Orthobunyavirus,-ssRNA
Orthobunyavirus,11572,,,,,,,,,,,0.02,,,,,,284563.0,Culex portesi,Riboviria,Orthornavirae,Negarnaviricota,Polyploviricotina,Bunyaviricetes,Elliovirales,Peribunyaviridae,Orthobunyavirus,-ssRNA
Orthobunyavirus,11572,,,,,,,,,,,0.02,,,,,,10026.0,Cricetinae,Riboviria,Orthornavirae,Negarnaviricota,Polyploviricotina,Bunyaviricetes,Elliovirales,Peribunyaviridae,Orthobunyavirus,-ssRNA
Orthobunyavirus,11572,,,,,,,,,,,0.02,,,,,,284565.0,Culex spissipes,Riboviria,Orthornavirae,Negarnaviricota,Polyploviricotina,Bunyaviricetes,Elliovirales,Peribunyaviridae,Orthobunyavirus,-ssRNA
Orthobunyavirus,11572,,,,,,,,,,,0.02,,,,,,221566.0,Anopheles pharoensis,Riboviria,Orthornavirae,Negarnaviricota,Polyploviricotina,Bunyaviricetes,Elliovirales,Peribunyaviridae,Orthobunyavirus,-ssRNA
Orthobunyavirus,11572,,,,,,,,,,,0.02,,,,,,411517.0,Turdus libonyana,Riboviria,Orthornavirae,Negarnaviricota,Polyploviricotina,Bunyaviricetes,Elliovirales,Peribunyaviridae,Orthobunyavirus,-ssRNA
Orthobunyavirus,11572,,,,,,,,,,,0.02,,,,,,68878.0,Anopheles cruzii,Riboviria,Orthornavirae,Negarnaviricota,Polyploviricotina,Bunyaviricetes,Elliovirales,Peribunyaviridae,Orthobunyavirus,-ssRNA
Orthobunyavirus,11572,,,,,,,,,,,0.02,,,,,,7174.0,Culex,Riboviria,Orthornavirae,Negarnaviricota,Polyploviricotina,Bunyaviricetes,Elliovirales,Peribunyaviridae,Orthobunyavirus,-ssRNA
Orthobunyavirus,11572,,,,,,,,,,,0.02,,,,,,9544.0,Macaca mulatta,Riboviria,Orthornavirae,Negarnaviricota,Polyploviricotina,Bunyaviricetes,Elliovirales,Peribunyaviridae,Orthobunyavirus,-ssRNA
Orthobunyavirus,11572,,,,,,,,,,,0.02,,,,,,2912049.0,Culex sp.,Riboviria,Orthornavirae,Negarnaviricota,Polyploviricotina,Bunyaviricetes,Elliovirales,Peribunyaviridae,Orthobunyavirus,-ssRNA
Orthobunyavirus,11572,,,,,,,,,,,0.02,,,,,,59157.0,Anopheles meraukensis,Riboviria,Orthornavirae,Negarnaviricota,Polyploviricotina,Bunyaviricetes,Elliovirales,Peribunyaviridae,Orthobunyavirus,-ssRNA
Orthobunyavirus,11572,,,,,,,,,,,0.02,,,,,,7159.0,Aedes aegypti,Riboviria,Orthornavirae,Negarnaviricota,Polyploviricotina,Bunyaviricetes,Elliovirales,Peribunyaviridae,Orthobunyavirus,-ssRNA
Orthobunyavirus,11572,,,,,,,,,,,0.02,,,,,,1640511.0,Culex accelerans,Riboviria,Orthornavirae,Negarnaviricota,Polyploviricotina,Bunyaviricetes,Elliovirales,Peribunyaviridae,Orthobunyavirus,-ssRNA
Orthobunyavirus,11572,,,,,,,,,,,0.02,,,,,,2726158.0,Culicoides sp.,Riboviria,Orthornavirae,Negarnaviricota,Polyploviricotina,Bunyaviricetes,Elliovirales,Peribunyaviridae,Orthobunyavirus,-ssRNA
Orthobunyavirus,11572,,,,,,,,,,,0.02,,,,,,7177.0,Culex tarsalis,Riboviria,Orthornavirae,Negarnaviricota,Polyploviricotina,Bunyaviricetes,Elliovirales,Peribunyaviridae,Orthobunyavirus,-ssRNA
Orthobunyavirus,11572,,,,,,,,,,,0.02,,,,,,704160.0,Culiseta inornata,Riboviria,Orthornavirae,Negarnaviricota,Polyploviricotina,Bunyaviricetes,Elliovirales,Peribunyaviridae,Orthobunyavirus,-ssRNA
Orthobunyavirus,11572,,,,,,,,,,,0.02,,,,,,2153043.0,Sabethes glaucodaemon,Riboviria,Orthornavirae,Negarnaviricota,Polyploviricotina,Bunyaviricetes,Elliovirales,Peribunyaviridae,Orthobunyavirus,-ssRNA
Orthobunyavirus,11572,,,,,,,,,,,0.02,,,,,,663928.0,Ochlerotatus dorsalis,Riboviria,Orthornavirae,Negarnaviricota,Polyploviricotina,Bunyaviricetes,Elliovirales,Peribunyaviridae,Orthobunyavirus,-ssRNA
Orthobunyavirus,11572,,,,,,,,,,,0.02,,,,,,1821542.0,Culex epanatasis,Riboviria,Orthornavirae,Negarnaviricota,Polyploviricotina,Bunyaviricetes,Elliovirales,Peribunyaviridae,Orthobunyavirus,-ssRNA
Orthobunyavirus,11572,,,,,,,,,,,0.02,,,,,,162997.0,Culex annulirostris,Riboviria,Orthornavirae,Negarnaviricota,Polyploviricotina,Bunyaviricetes,Elliovirales,Peribunyaviridae,Orthobunyavirus,-ssRNA
Orthobunyavirus,11572,,,,,,,,,,,0.02,,,,,,666361.0,Ochlerotatus normanensis,Riboviria,Orthornavirae,Negarnaviricota,Polyploviricotina,Bunyaviricetes,Elliovirales,Peribunyaviridae,Orthobunyavirus,-ssRNA
Orthobunyavirus,11572,,,,,,,,,,,0.02,,,,,,571209.0,Ochlerotatus albifasciatus,Riboviria,Orthornavirae,Negarnaviricota,Polyploviricotina,Bunyaviricetes,Elliovirales,Peribunyaviridae,Orthobunyavirus,-ssRNA
Orthobunyavirus,11572,,,,,,,,,,,0.02,,,,,,933869.0,Psorophora varinervis,Riboviria,Orthornavirae,Negarnaviricota,Polyploviricotina,Bunyaviricetes,Elliovirales,Peribunyaviridae,Orthobunyavirus,-ssRNA
Orthobunyavirus,11572,,,,,,,,,,,0.02,,,,,,569589.0,Ochlerotatus vigilax,Riboviria,Orthornavirae,Negarnaviricota,Polyploviricotina,Bunyaviricetes,Elliovirales,Peribunyaviridae,Orthobunyavirus,-ssRNA
Orthobunyavirus,11572,,,,,,,,,,,0.02,,,,,,284566.0,Culex taeniopus,Riboviria,Orthornavirae,Negarnaviricota,Polyploviricotina,Bunyaviricetes,Elliovirales,Peribunyaviridae,Orthobunyavirus,-ssRNA
Orthobunyavirus,11572,,,,,,,,,,,0.02,,,,,,174620.0,Wyeomyia,Riboviria,Orthornavirae,Negarnaviricota,Polyploviricotina,Bunyaviricetes,Elliovirales,Peribunyaviridae,Orthobunyavirus,-ssRNA
Orthobunyavirus,11572,,,,,,,,,,,0.02,,,,,,980429.0,Ochlerotatus infirmatus,Riboviria,Orthornavirae,Negarnaviricota,Polyploviricotina,Bunyaviricetes,Elliovirales,Peribunyaviridae,Orthobunyavirus,-ssRNA
Orthobunyavirus,11572,,,,,,,,,,,0.02,,,,,,187443.0,Ploceus ocularis,Riboviria,Orthornavirae,Negarnaviricota,Polyploviricotina,Bunyaviricetes,Elliovirales,Peribunyaviridae,Orthobunyavirus,-ssRNA
Orthobunyavirus,11572,,,,,,,,,,,0.02,,,,,,9651.0,Nasua nasua,Riboviria,Orthornavirae,Negarnaviricota,Polyploviricotina,Bunyaviricetes,Elliovirales,Peribunyaviridae,Orthobunyavirus,-ssRNA
Orthobunyavirus,11572,,,,,,,,,,,0.02,,,,,,30079.0,Cimex,Riboviria,Orthornavirae,Negarnaviricota,Polyploviricotina,Bunyaviricetes,Elliovirales,Peribunyaviridae,Orthobunyavirus,-ssRNA
Orthobunyavirus,11572,,,,,,,,,,,0.02,,,,,,2029311.0,Taphozous theobaldi,Riboviria,Orthornavirae,Negarnaviricota,Polyploviricotina,Bunyaviricetes,Elliovirales,Peribunyaviridae,Orthobunyavirus,-ssRNA
Orthobunyavirus,11572,,,,,,,,,,,0.02,,,,,,3370289.0,Mops plicatus,Riboviria,Orthornavirae,Negarnaviricota,Polyploviricotina,Bunyaviricetes,Elliovirales,Peribunyaviridae,Orthobunyavirus,-ssRNA
Orthobunyavirus,11572,,,,,,,,,,,0.02,,,,,,571210.0,Ochlerotatus scapularis,Riboviria,Orthornavirae,Negarnaviricota,Polyploviricotina,Bunyaviricetes,Elliovirales,Peribunyaviridae,Orthobunyavirus,-ssRNA
Orthobunyavirus,11572,,,,,,,,,,,0.02,,,,,,3038203.0,Culex (Lophoceraomyia) sp.,Riboviria,Orthornavirae,Negarnaviricota,Polyploviricotina,Bunyaviricetes,Elliovirales,Peribunyaviridae,Orthobunyavirus,-ssRNA
Orthobunyavirus,11572,,,,,,,,,,,0.02,,,,,,1205936.0,Ochlerotatus atlanticus,Riboviria,Orthornavirae,Negarnaviricota,Polyploviricotina,Bunyaviricetes,Elliovirales,Peribunyaviridae,Orthobunyavirus,-ssRNA
Orthobunyavirus,11572,,,,,,,,,,,0.02,,,,,,59117.0,Anopheles amictus,Riboviria,Orthornavirae,Negarnaviricota,Polyploviricotina,Bunyaviricetes,Elliovirales,Peribunyaviridae,Orthobunyavirus,-ssRNA
Orthobunyavirus,11572,,,,,,,,,,,0.02,,,,,,7162.0,Ochlerotatus triseriatus,Riboviria,Orthornavirae,Negarnaviricota,Polyploviricotina,Bunyaviricetes,Elliovirales,Peribunyaviridae,Orthobunyavirus,-ssRNA
Orthobunyavirus,11572,,,,,,,,,,,0.02,,,,,,9850.0,Cervidae,Riboviria,Orthornavirae,Negarnaviricota,Polyploviricotina,Bunyaviricetes,Elliovirales,Peribunyaviridae,Orthobunyavirus,-ssRNA
Orthobunyavirus,11572,,,,,,,,,,,0.02,,,,,,13712.0,Tamias,Riboviria,Orthornavirae,Negarnaviricota,Polyploviricotina,Bunyaviricetes,Elliovirales,Peribunyaviridae,Orthobunyavirus,-ssRNA
Orthobunyavirus,11572,,,,,,,,,,,0.02,,,,,,30640.0,Sciurus carolinensis,Riboviria,Orthornavirae,Negarnaviricota,Polyploviricotina,Bunyaviricetes,Elliovirales,Peribunyaviridae,Orthobunyavirus,-ssRNA
Orthobunyavirus,11572,,,,,,,,,,,0.02,,,,,,3079495.0,Tamias striatus griseus,Riboviria,Orthornavirae,Negarnaviricota,Polyploviricotina,Bunyaviricetes,Elliovirales,Peribunyaviridae,Orthobunyavirus,-ssRNA
Orthobunyavirus,11572,,,,,,,,,,,0.02,,,,,,58236.0,Anopheles albitarsis,Riboviria,Orthornavirae,Negarnaviricota,Polyploviricotina,Bunyaviricetes,Elliovirales,Peribunyaviridae,Orthobunyavirus,-ssRNA
Orthobunyavirus,11572,,,,,,,,,,,0.02,,,,,,908885.0,Culicoides marksi,Riboviria,Orthornavirae,Negarnaviricota,Polyploviricotina,Bunyaviricetes,Elliovirales,Peribunyaviridae,Orthobunyavirus,-ssRNA
Orthobunyavirus,11572,,,,,,,,,,,0.02,,,,,,545656.0,Culex modestus,Riboviria,Orthornavirae,Negarnaviricota,Polyploviricotina,Bunyaviricetes,Elliovirales,Peribunyaviridae,Orthobunyavirus,-ssRNA
Orthobunyavirus,11572,,,,,,,,,,,0.02,,,,,,1914964.0,Aedes pembaensis,Riboviria,Orthornavirae,Negarnaviricota,Polyploviricotina,Bunyaviricetes,Elliovirales,Peribunyaviridae,Orthobunyavirus,-ssRNA
Orthobunyavirus,11572,,,,,,,,,,,0.02,,,,,,2007218.0,Sabethes soperi,Riboviria,Orthornavirae,Negarnaviricota,Polyploviricotina,Bunyaviricetes,Elliovirales,Peribunyaviridae,Orthobunyavirus,-ssRNA
Orthobunyavirus,11572,,,,,,,,,,,0.02,,,,,,7163.0,Aedes vexans,Riboviria,Orthornavirae,Negarnaviricota,Polyploviricotina,Bunyaviricetes,Elliovirales,Peribunyaviridae,Orthobunyavirus,-ssRNA
Orthobunyavirus,11572,,,,,,,,,,,0.02,,,,,,7170.0,Anopheles freeborni,Riboviria,Orthornavirae,Negarnaviricota,Polyploviricotina,Bunyaviricetes,Elliovirales,Peribunyaviridae,Orthobunyavirus,-ssRNA
Orthobunyavirus,11572,,,,,,,,,,,0.02,,,,,,9503.0,Alouatta seniculus,Riboviria,Orthornavirae,Negarnaviricota,Polyploviricotina,Bunyaviricetes,Elliovirales,Peribunyaviridae,Orthobunyavirus,-ssRNA
Orthobunyavirus,11572,,,,,,,,,,,0.02,,,,,,1590998.0,Verrallina funerea,Riboviria,Orthornavirae,Negarnaviricota,Polyploviricotina,Bunyaviricetes,Elliovirales,Peribunyaviridae,Orthobunyavirus,-ssRNA
Orthobunyavirus,11572,,,,,,,,,,,0.02,,,,,,43163.0,Curruca curruca,Riboviria,Orthornavirae,Negarnaviricota,Polyploviricotina,Bunyaviricetes,Elliovirales,Peribunyaviridae,Orthobunyavirus,-ssRNA
Orthobunyavirus,11572,,,,,,,,,,,0.02,,,,,,7182.0,Psorophora,Riboviria,Orthornavirae,Negarnaviricota,Polyploviricotina,Bunyaviricetes,Elliovirales,Peribunyaviridae,Orthobunyavirus,-ssRNA
Orthobunyavirus,11572,,,,,,,,,,,0.02,,,,,,173220.0,Progne subis,Riboviria,Orthornavirae,Negarnaviricota,Polyploviricotina,Bunyaviricetes,Elliovirales,Peribunyaviridae,Orthobunyavirus,-ssRNA
Orthobunyavirus,11572,,,,,,,,,,,0.02,,,,,,376584.0,Anopheles annulipes,Riboviria,Orthornavirae,Negarnaviricota,Polyploviricotina,Bunyaviricetes,Elliovirales,Peribunyaviridae,Orthobunyavirus,-ssRNA
Orthobunyavirus,11572,,,,,,,,,,,0.02,,,,,,9796.0,Equus caballus,Riboviria,Orthornavirae,Negarnaviricota,Polyploviricotina,Bunyaviricetes,Elliovirales,Peribunyaviridae,Orthobunyavirus,-ssRNA
Orthobunyavirus,11572,,,,,,,,,,,0.02,,,,,,864588.0,Culex perfuscus,Riboviria,Orthornavirae,Negarnaviricota,Polyploviricotina,Bunyaviricetes,Elliovirales,Peribunyaviridae,Orthobunyavirus,-ssRNA
Orthobunyavirus,11572,,,,,,,,,,,0.02,,,,,,7157.0,Culicidae,Riboviria,Orthornavirae,Negarnaviricota,Polyploviricotina,Bunyaviricetes,Elliovirales,Peribunyaviridae,Orthobunyavirus,-ssRNA
Orthobunyavirus,11572,,,,,,,,,,,0.02,,,,,,62324.0,Anopheles funestus,Riboviria,Orthornavirae,Negarnaviricota,Polyploviricotina,Bunyaviricetes,Elliovirales,Peribunyaviridae,Orthobunyavirus,-ssRNA
Orthobunyavirus,11572,,,,,,,,,,,0.02,,,,,,2665659.0,Eretmapodites chrysogaster,Riboviria,Orthornavirae,Negarnaviricota,Polyploviricotina,Bunyaviricetes,Elliovirales,Peribunyaviridae,Orthobunyavirus,-ssRNA
Orthobunyavirus,11572,,,,,,,,,,,0.02,,,,,,9354.0,Bradypus tridactylus,Riboviria,Orthornavirae,Negarnaviricota,Polyploviricotina,Bunyaviricetes,Elliovirales,Peribunyaviridae,Orthobunyavirus,-ssRNA
Orthobunyavirus,11572,,,,,,,,,,,0.02,,,,,,7742.0,Vertebrata,Riboviria,Orthornavirae,Negarnaviricota,Polyploviricotina,Bunyaviricetes,Elliovirales,Peribunyaviridae,Orthobunyavirus,-ssRNA
Orthobunyavirus,11572,,,,,,,,,,,0.02,,,,,,135448.0,Ploceus cucullatus,Riboviria,Orthornavirae,Negarnaviricota,Polyploviricotina,Bunyaviricetes,Elliovirales,Peribunyaviridae,Orthobunyavirus,-ssRNA
Orthobunyavirus,11572,,,,,,,,,,,0.02,,,,,,1819548.0,Culicoides histrio,Riboviria,Orthornavirae,Negarnaviricota,Polyploviricotina,Bunyaviricetes,Elliovirales,Peribunyaviridae,Orthobunyavirus,-ssRNA
Orthobunyavirus,11572,,,,,,,,,,,0.02,,,,,,629757.0,Wyeomyia melanocephala,Riboviria,Orthornavirae,Negarnaviricota,Polyploviricotina,Bunyaviricetes,Elliovirales,Peribunyaviridae,Orthobunyavirus,-ssRNA
Orthobunyavirus,11572,,,,,,,,,,,0.02,,,,,,,,Riboviria,Orthornavirae,Negarnaviricota,Polyploviricotina,Bunyaviricetes,Elliovirales,Peribunyaviridae,Orthobunyavirus,-ssRNA
Orthobunyavirus,11572,,,,,,,,,,,0.02,,,,,,9825.0,Sus scrofa domesticus,Riboviria,Orthornavirae,Negarnaviricota,Polyploviricotina,Bunyaviricetes,Elliovirales,Peribunyaviridae,Orthobunyavirus,-ssRNA
Orthobunyavirus,11572,,,,,,,,,,,0.02,,,,,,89462.0,Bubalus bubalis,Riboviria,Orthornavirae,Negarnaviricota,Polyploviricotina,Bunyaviricetes,Elliovirales,Peribunyaviridae,Orthobunyavirus,-ssRNA
Orthobunyavirus,11572,,,,,,,,,,,0.02,,,,,,469753.0,Culicoides brevitarsis,Riboviria,Orthornavirae,Negarnaviricota,Polyploviricotina,Bunyaviricetes,Elliovirales,Peribunyaviridae,Orthobunyavirus,-ssRNA
Orthobunyavirus,11572,,,,,,,,,,,0.02,,,,,,46955.0,Anopheles pseudopunctipennis,Riboviria,Orthornavirae,Negarnaviricota,Polyploviricotina,Bunyaviricetes,Elliovirales,Peribunyaviridae,Orthobunyavirus,-ssRNA
Orthobunyavirus,11572,,,,,,,,,,,0.02,,,,,,308735.0,Mansonia uniformis,Riboviria,Orthornavirae,Negarnaviricota,Polyploviricotina,Bunyaviricetes,Elliovirales,Peribunyaviridae,Orthobunyavirus,-ssRNA
Orthobunyavirus,11572,,,,,,,,,,,0.02,,,,,,48156.0,Acrocephalus scirpaceus,Riboviria,Orthornavirae,Negarnaviricota,Polyploviricotina,Bunyaviricetes,Elliovirales,Peribunyaviridae,Orthobunyavirus,-ssRNA
Orthobunyavirus,11572,,,,,,,,,,,0.02,,,,,,1285602.0,Ochlerotatus fulvus,Riboviria,Orthornavirae,Negarnaviricota,Polyploviricotina,Bunyaviricetes,Elliovirales,Peribunyaviridae,Orthobunyavirus,-ssRNA
Orthobunyavirus,11572,,,,,,,,,,,0.02,,,,,,119203.0,Selachii,Riboviria,Orthornavirae,Negarnaviricota,Polyploviricotina,Bunyaviricetes,Elliovirales,Peribunyaviridae,Orthobunyavirus,-ssRNA
Orthobunyavirus,11572,,,,,,,,,,,0.02,,,,,,503354.0,Aedes cumminsii,Riboviria,Orthornavirae,Negarnaviricota,Polyploviricotina,Bunyaviricetes,Elliovirales,Peribunyaviridae,Orthobunyavirus,-ssRNA
Orthobunyavirus,11572,,,,,,,,,,,0.02,,,,,,7158.0,Aedes,Riboviria,Orthornavirae,Negarnaviricota,Polyploviricotina,Bunyaviricetes,Elliovirales,Peribunyaviridae,Orthobunyavirus,-ssRNA
Orthobunyavirus,11572,,,,,,,,,,,0.02,,,,,,9031.0,Gallus gallus,Riboviria,Orthornavirae,Negarnaviricota,Polyploviricotina,Bunyaviricetes,Elliovirales,Peribunyaviridae,Orthobunyavirus,-ssRNA
Orthobunyavirus,11572,,,,,,,,,,,0.02,,,,,,9615.0,Canis lupus familiaris,Riboviria,Orthornavirae,Negarnaviricota,Polyploviricotina,Bunyaviricetes,Elliovirales,Peribunyaviridae,Orthobunyavirus,-ssRNA
Orthobunyavirus,11572,,,,,,,,,,,0.02,,,,,,48086.0,Lepus americanus,Riboviria,Orthornavirae,Negarnaviricota,Polyploviricotina,Bunyaviricetes,Elliovirales,Peribunyaviridae,Orthobunyavirus,-ssRNA
Orthobunyavirus,11572,,,,,,,,,,,0.02,,,,,,174825.0,Culiseta,Riboviria,Orthornavirae,Negarnaviricota,Polyploviricotina,Bunyaviricetes,Elliovirales,Peribunyaviridae,Orthobunyavirus,-ssRNA
Orthobunyavirus,11572,,,,,,,,,,,0.02,,,,,,53549.0,Sabethini,Riboviria,Orthornavirae,Negarnaviricota,Polyploviricotina,Bunyaviricetes,Elliovirales,Peribunyaviridae,Orthobunyavirus,-ssRNA
Orthobunyavirus,11572,,,,,,,,,,,0.02,,,,,,7175.0,Culex pipiens,Riboviria,Orthornavirae,Negarnaviricota,Polyploviricotina,Bunyaviricetes,Elliovirales,Peribunyaviridae,Orthobunyavirus,-ssRNA
Orthobunyavirus,11572,,,,,,,,,,,0.02,,,,,,7176.0,Culex quinquefasciatus,Riboviria,Orthornavirae,Negarnaviricota,Polyploviricotina,Bunyaviricetes,Elliovirales,Peribunyaviridae,Orthobunyavirus,-ssRNA
Orthobunyavirus,11572,,,,,,,,,,,0.02,,,,,,44484.0,Anopheles,Riboviria,Orthornavirae,Negarnaviricota,Polyploviricotina,Bunyaviricetes,Elliovirales,Peribunyaviridae,Orthobunyavirus,-ssRNA
Orthobunyavirus,11572,,,,,,,,,,,0.02,,,,,,9545.0,Macaca nemestrina,Riboviria,Orthornavirae,Negarnaviricota,Polyploviricotina,Bunyaviricetes,Elliovirales,Peribunyaviridae,Orthobunyavirus,-ssRNA
Orthobunyavirus,11572,,,,,,,,,,,0.02,,,,,,869064.0,Anopheles crucians,Riboviria,Orthornavirae,Negarnaviricota,Polyploviricotina,Bunyaviricetes,Elliovirales,Peribunyaviridae,Orthobunyavirus,-ssRNA
Orthobunyavirus,11572,,,,,,,,,,,0.02,,,,,,644619.0,Ochlerotatus camptorhynchus,Riboviria,Orthornavirae,Negarnaviricota,Polyploviricotina,Bunyaviricetes,Elliovirales,Peribunyaviridae,Orthobunyavirus,-ssRNA
Orthobunyavirus,11572,,,,,,,,,,,0.02,,,,,,8782.0,Aves,Riboviria,Orthornavirae,Negarnaviricota,Polyploviricotina,Bunyaviricetes,Elliovirales,Peribunyaviridae,Orthobunyavirus,-ssRNA
Orthobunyavirus,11572,,,,,,,,,,,0.02,,,,,,704162.0,Trichoprosopon,Riboviria,Orthornavirae,Negarnaviricota,Polyploviricotina,Bunyaviricetes,Elliovirales,Peribunyaviridae,Orthobunyavirus,-ssRNA
Orthobunyavirus,11572,,,,,,,,,,,0.02,,,,,,228918.0,Ochlerotatus trivittatus,Riboviria,Orthornavirae,Negarnaviricota,Polyploviricotina,Bunyaviricetes,Elliovirales,Peribunyaviridae,Orthobunyavirus,-ssRNA
Orthobunyavirus,11572,,,,,,,,,,,0.02,,,,,,8839.0,Anas platyrhynchos,Riboviria,Orthornavirae,Negarnaviricota,Polyploviricotina,Bunyaviricetes,Elliovirales,Peribunyaviridae,Orthobunyavirus,-ssRNA
Orthobunyavirus,11572,,,,,,,,,,,0.02,,,,,,69822.0,Culex bitaeniorhynchus,Riboviria,Orthornavirae,Negarnaviricota,Polyploviricotina,Bunyaviricetes,Elliovirales,Peribunyaviridae,Orthobunyavirus,-ssRNA
Orthobunyavirus,11572,,,,,,,,,,,0.02,,,,,,1678250.0,Culex rubinotus,Riboviria,Orthornavirae,Negarnaviricota,Polyploviricotina,Bunyaviricetes,Elliovirales,Peribunyaviridae,Orthobunyavirus,-ssRNA
Orthobunyavirus,11572,,,,,,,,,,,0.02,,,,,,1321405.0,Eucampsipoda africana,Riboviria,Orthornavirae,Negarnaviricota,Polyploviricotina,Bunyaviricetes,Elliovirales,Peribunyaviridae,Orthobunyavirus,-ssRNA
Orthobunyavirus,11572,,,,,,,,,,,0.02,,,,,,667564.0,Mansonia africana,Riboviria,Orthornavirae,Negarnaviricota,Polyploviricotina,Bunyaviricetes,Elliovirales,Peribunyaviridae,Orthobunyavirus,-ssRNA
Enterovirus,12059,,,,0.58,0.45,,,,,,0.02,,,,,0.08,,,,,,,,,,,
Sobemovirus,12137,,,,,0.19,,,,0.68,,,0.32,,,,0.47,35608.0,Artemisia annua,Riboviria,Orthornavirae,Pisuviricota,Pisoniviricetes,Sobelivirales,Solemoviridae,Sobemovirus,Sobemovirus ARTVA,
Sobemovirus,12137,,,,,0.19,,,,0.68,,,0.32,,,,0.47,69266.0,Vaccinium corymbosum,Riboviria,Orthornavirae,Pisuviricota,Pisoniviricetes,Sobelivirales,Solemoviridae,Sobemovirus,Sobemovirus BSSV,
Sobemovirus,12137,,,,,0.19,,,,0.68,,,0.32,,,,0.47,472369.0,Vaccinium angustifolium,Riboviria,Orthornavirae,Pisuviricota,Pisoniviricetes,Sobelivirales,Solemoviridae,Sobemovirus,Sobemovirus BSSV,
Sobemovirus,12137,,,,,0.19,,,,0.68,,,0.32,,,,0.47,3394667.0,Vaccinium sp.,Riboviria,Orthornavirae,Pisuviricota,Pisoniviricetes,Sobelivirales,Solemoviridae,Sobemovirus,Sobemovirus BSSV,
Sobemovirus,12137,,,,,0.19,,,,0.68,,,0.32,,,,0.47,4509.0,Dactylis glomerata,Riboviria,Orthornavirae,Pisuviricota,Pisoniviricetes,Sobelivirales,Solemoviridae,Sobemovirus,Sobemovirus CFMV,
Sobemovirus,12137,,,,,0.19,,,,0.68,,,0.32,,,,0.47,4565.0,Triticum aestivum,Riboviria,Orthornavirae,Pisuviricota,Pisoniviricetes,Sobelivirales,Solemoviridae,Sobemovirus,Sobemovirus CFMV,
Sobemovirus,12137,,,,,0.19,,,,0.68,,,0.32,,,,0.47,112607.0,Cymbidium goeringii,Riboviria,Orthornavirae,Pisuviricota,Pisoniviricetes,Sobelivirales,Solemoviridae,Sobemovirus,Sobemovirus CYCMV,
Sobemovirus,12137,,,,,0.19,,,,0.68,,,0.32,,,,0.47,80369.0,Imperata cylindrica,Riboviria,Orthornavirae,Pisuviricota,Pisoniviricetes,Sobelivirales,Solemoviridae,Sobemovirus,Sobemovirus IYMV,
Sobemovirus,12137,,,,,0.19,,,,0.68,,,0.32,,,,0.47,1056900.0,Ophiuros exaltatus,Riboviria,Orthornavirae,Pisuviricota,Pisoniviricetes,Sobelivirales,Solemoviridae,Sobemovirus,Sobemovirus IYMV,
Sobemovirus,12137,,,,,0.19,,,,0.68,,,0.32,,,,0.47,3879.0,Medicago sativa,Riboviria,Orthornavirae,Pisuviricota,Pisoniviricetes,Sobelivirales,Solemoviridae,Sobemovirus,Sobemovirus LTSV,
Sobemovirus,12137,,,,,0.19,,,,0.68,,,0.32,,,,0.47,78534.0,Trigonella foenum-graecum,Riboviria,Orthornavirae,Pisuviricota,Pisoniviricetes,Sobelivirales,Solemoviridae,Sobemovirus,Sobemovirus LTSV,
Sobemovirus,12137,,,,,0.19,,,,0.68,,,0.32,,,,0.47,3649.0,Carica papaya,Riboviria,Orthornavirae,Pisuviricota,Pisoniviricetes,Sobelivirales,Solemoviridae,Sobemovirus,Sobemovirus PLYV,
Sobemovirus,12137,,,,,0.19,,,,0.68,,,0.32,,,,0.47,126903.0,Physalis peruviana,Riboviria,Orthornavirae,Pisuviricota,Pisoniviricetes,Sobelivirales,Solemoviridae,Sobemovirus,Sobemovirus PHYRMV,
Sobemovirus,12137,,,,,0.19,,,,0.68,,,0.32,,,,0.47,4530.0,Oryza sativa,Riboviria,Orthornavirae,Pisuviricota,Pisoniviricetes,Sobelivirales,Solemoviridae,Sobemovirus,Sobemovirus RYMV,
Sobemovirus,12137,,,,,0.19,,,,0.68,,,0.32,,,,0.47,4577.0,Zea mays,Riboviria,Orthornavirae,Pisuviricota,Pisoniviricetes,Sobelivirales,Solemoviridae,Sobemovirus,Sobemovirus ROMOV,
Sobemovirus,12137,,,,,0.19,,,,0.68,,,0.32,,,,0.47,4498.0,Avena sativa,Riboviria,Orthornavirae,Pisuviricota,Pisoniviricetes,Sobelivirales,Solemoviridae,Sobemovirus,Sobemovirus RGMOV,
Sobemovirus,12137,,,,,0.19,,,,0.68,,,0.32,,,,0.47,206309.0,Sesbania grandiflora,Riboviria,Orthornavirae,Pisuviricota,Pisoniviricetes,Sobelivirales,Solemoviridae,Sobemovirus,Sobemovirus SEMV,
Sobemovirus,12137,,,,,0.19,,,,0.68,,,0.32,,,,0.47,8570.0,Serpentes,Riboviria,Orthornavirae,Pisuviricota,Pisoniviricetes,Sobelivirales,Solemoviridae,Sobemovirus,Sobemovirus SMAMV,
Sobemovirus,12137,,,,,0.19,,,,0.68,,,0.32,,,,0.47,81866.0,Nicotiana clevelandii,Riboviria,Orthornavirae,Pisuviricota,Pisoniviricetes,Sobelivirales,Solemoviridae,Sobemovirus,Sobemovirus SNMOV,
Sobemovirus,12137,,,,,0.19,,,,0.68,,,0.32,,,,0.47,85267.0,Solanum nodiflorum,Riboviria,Orthornavirae,Pisuviricota,Pisoniviricetes,Sobelivirales,Solemoviridae,Sobemovirus,Sobemovirus SNMOV,
Sobemovirus,12137,,,,,0.19,,,,0.68,,,0.32,,,,0.47,3885.0,Phaseolus vulgaris,Riboviria,Orthornavirae,Pisuviricota,Pisoniviricetes,Sobelivirales,Solemoviridae,Sobemovirus,Sobemovirus SBMV,
Sobemovirus,12137,,,,,0.19,,,,0.68,,,0.32,,,,0.47,3847.0,Glycine max,Riboviria,Orthornavirae,Pisuviricota,Pisoniviricetes,Sobelivirales,Solemoviridae,Sobemovirus,Sobemovirus SCPMV,
Sobemovirus,12137,,,,,0.19,,,,0.68,,,0.32,,,,0.47,3915.0,Vigna mungo,Riboviria,Orthornavirae,Pisuviricota,Pisoniviricetes,Sobelivirales,Solemoviridae,Sobemovirus,Sobemovirus SCPMV,
Sobemovirus,12137,,,,,0.19,,,,0.68,,,0.32,,,,0.47,3917.0,Vigna unguiculata,Riboviria,Orthornavirae,Pisuviricota,Pisoniviricetes,Sobelivirales,Solemoviridae,Sobemovirus,Sobemovirus SCPMV,
Sobemovirus,12137,,,,,0.19,,,,0.68,,,0.32,,,,0.47,3162414.0,Rubus sp.,Riboviria,Orthornavirae,Pisuviricota,Pisoniviricetes,Sobelivirales,Solemoviridae,Sobemovirus,Sobemovirus SOMV,
Sobemovirus,12137,,,,,0.19,,,,0.68,,,0.32,,,,0.47,3900.0,Trifolium subterraneum,Riboviria,Orthornavirae,Pisuviricota,Pisoniviricetes,Sobelivirales,Solemoviridae,Sobemovirus,Sobemovirus SCMOV,
Sobemovirus,12137,,,,,0.19,,,,0.68,,,0.32,,,,0.47,3711.0,Brassica rapa,Riboviria,Orthornavirae,Pisuviricota,Pisoniviricetes,Sobelivirales,Solemoviridae,Sobemovirus,Sobemovirus TROV,
Sobemovirus,12137,,,,,0.19,,,,0.68,,,0.32,,,,0.47,49454.0,Nicotiana velutina,Riboviria,Orthornavirae,Pisuviricota,Pisoniviricetes,Sobelivirales,Solemoviridae,Sobemovirus,Sobemovirus VTMOV,
Carlavirus,12163,,,,,,,,,,,,,,0.08,,,85363.0,Aconitum carmichaelii,Riboviria,Orthornavirae,Kitrinoviricota,Alsuviricetes,Tymovirales,Betaflexiviridae,Quinvirinae,Carlavirus,+ssRNA
Carlavirus,12163,,,,,,,,,,,,,,0.08,,,51426.0,Agapanthus,Riboviria,Orthornavirae,Kitrinoviricota,Alsuviricetes,Tymovirales,Betaflexiviridae,Quinvirinae,Carlavirus,+ssRNA
Carlavirus,12163,,,,,,,,,,,,,,0.08,,,3879.0,Medicago sativa,Riboviria,Orthornavirae,Kitrinoviricota,Alsuviricetes,Tymovirales,Betaflexiviridae,Quinvirinae,Carlavirus,+ssRNA
Carlavirus,12163,,,,,,,,,,,,,,0.08,,,3486.0,Humulus lupulus,Riboviria,Orthornavirae,Kitrinoviricota,Alsuviricetes,Tymovirales,Betaflexiviridae,Quinvirinae,Carlavirus,+ssRNA
Carlavirus,12163,,,,,,,,,,,,,,0.08,,,265785.0,Atractylodes macrocephala,Riboviria,Orthornavirae,Kitrinoviricota,Alsuviricetes,Tymovirales,Betaflexiviridae,Quinvirinae,Carlavirus,+ssRNA
Carlavirus,12163,,,,,,,,,,,,,,0.08,,,3505.0,Betula pendula,Riboviria,Orthornavirae,Kitrinoviricota,Alsuviricetes,Tymovirales,Betaflexiviridae,Quinvirinae,Carlavirus,+ssRNA
Carlavirus,12163,,,,,,,,,,,,,,0.08,,,13750.0,Vaccinium macrocarpon,Riboviria,Orthornavirae,Kitrinoviricota,Alsuviricetes,Tymovirales,Betaflexiviridae,Quinvirinae,Carlavirus,+ssRNA
Carlavirus,12163,,,,,,,,,,,,,,0.08,,,63459.0,Chenopodium quinoa,Riboviria,Orthornavirae,Kitrinoviricota,Alsuviricetes,Tymovirales,Betaflexiviridae,Quinvirinae,Carlavirus,+ssRNA
Carlavirus,12163,,,,,,,,,,,,,,0.08,,,66262.0,Chenopodium amaranticolor,Riboviria,Orthornavirae,Kitrinoviricota,Alsuviricetes,Tymovirales,Betaflexiviridae,Quinvirinae,Carlavirus,+ssRNA
Carlavirus,12163,,,,,,,,,,,,,,0.08,,,69266.0,Vaccinium corymbosum,Riboviria,Orthornavirae,Kitrinoviricota,Alsuviricetes,Tymovirales,Betaflexiviridae,Quinvirinae,Carlavirus,+ssRNA
Carlavirus,12163,,,,,,,,,,,,,,0.08,,,186965.0,Petasites japonicus,Riboviria,Orthornavirae,Kitrinoviricota,Alsuviricetes,Tymovirales,Betaflexiviridae,Quinvirinae,Carlavirus,+ssRNA
Carlavirus,12163,,,,,,,,,,,,,,0.08,,,983927.0,Epiphyllum,Riboviria,Orthornavirae,Kitrinoviricota,Alsuviricetes,Tymovirales,Betaflexiviridae,Quinvirinae,Carlavirus,+ssRNA
Carlavirus,12163,,,,,,,,,,,,,,0.08,,,46246.0,Delphinium,Riboviria,Orthornavirae,Kitrinoviricota,Alsuviricetes,Tymovirales,Betaflexiviridae,Quinvirinae,Carlavirus,+ssRNA
Carlavirus,12163,,,,,,,,,,,,,,0.08,,,13422.0,Chrysanthemum,Riboviria,Orthornavirae,Kitrinoviricota,Alsuviricetes,Tymovirales,Betaflexiviridae,Quinvirinae,Carlavirus,+ssRNA
Carlavirus,12163,,,,,,,,,,,,,,0.08,,,41568.0,Chrysanthemum x morifolium,Riboviria,Orthornavirae,Kitrinoviricota,Alsuviricetes,Tymovirales,Betaflexiviridae,Quinvirinae,Carlavirus,+ssRNA
Carlavirus,12163,,,,,,,,,,,,,,0.08,,,109564.0,Gynura,Riboviria,Orthornavirae,Kitrinoviricota,Alsuviricetes,Tymovirales,Betaflexiviridae,Quinvirinae,Carlavirus,+ssRNA
Carlavirus,12163,,,,,,,,,,,,,,0.08,,,16049.0,Clivia miniata,Riboviria,Orthornavirae,Kitrinoviricota,Alsuviricetes,Tymovirales,Betaflexiviridae,Quinvirinae,Carlavirus,+ssRNA
Carlavirus,12163,,,,,,,,,,,,,,0.08,,,3712.0,Brassica oleracea,Riboviria,Orthornavirae,Kitrinoviricota,Alsuviricetes,Tymovirales,Betaflexiviridae,Quinvirinae,Carlavirus,+ssRNA
Carlavirus,12163,,,,,,,,,,,,,,0.08,,,22002.0,Verbena,Riboviria,Orthornavirae,Kitrinoviricota,Alsuviricetes,Tymovirales,Betaflexiviridae,Quinvirinae,Carlavirus,+ssRNA
Carlavirus,12163,,,,,,,,,,,,,,0.08,,,3917.0,Vigna unguiculata,Riboviria,Orthornavirae,Kitrinoviricota,Alsuviricetes,Tymovirales,Betaflexiviridae,Quinvirinae,Carlavirus,+ssRNA
Carlavirus,12163,,,,,,,,,,,,,,0.08,,,81866.0,Nicotiana clevelandii,Riboviria,Orthornavirae,Kitrinoviricota,Alsuviricetes,Tymovirales,Betaflexiviridae,Quinvirinae,Carlavirus,+ssRNA
Carlavirus,12163,,,,,,,,,,,,,,0.08,,,3659.0,Cucumis sativus,Riboviria,Orthornavirae,Kitrinoviricota,Alsuviricetes,Tymovirales,Betaflexiviridae,Quinvirinae,Carlavirus,+ssRNA
Carlavirus,12163,,,,,,,,,,,,,,0.08,,,329675.0,Daphne odora,Riboviria,Orthornavirae,Kitrinoviricota,Alsuviricetes,Tymovirales,Betaflexiviridae,Quinvirinae,Carlavirus,+ssRNA
Carlavirus,12163,,,,,,,,,,,,,,0.08,,,57008.0,Sambucus canadensis,Riboviria,Orthornavirae,Kitrinoviricota,Alsuviricetes,Tymovirales,Betaflexiviridae,Quinvirinae,Carlavirus,+ssRNA
Carlavirus,12163,,,,,,,,,,,,,,0.08,,,4203.0,Sambucus racemosa,Riboviria,Orthornavirae,Kitrinoviricota,Alsuviricetes,Tymovirales,Betaflexiviridae,Quinvirinae,Carlavirus,+ssRNA
Carlavirus,12163,,,,,,,,,,,,,,0.08,,,4100.0,Nicotiana benthamiana,Riboviria,Orthornavirae,Kitrinoviricota,Alsuviricetes,Tymovirales,Betaflexiviridae,Quinvirinae,Carlavirus,+ssRNA
Carlavirus,12163,,,,,,,,,,,,,,0.08,,,4682.0,Allium sativum,Riboviria,Orthornavirae,Kitrinoviricota,Alsuviricetes,Tymovirales,Betaflexiviridae,Quinvirinae,Carlavirus,+ssRNA
Carlavirus,12163,,,,,,,,,,,,,,0.08,,,1406308.0,Helleborus x hybridus,Riboviria,Orthornavirae,Kitrinoviricota,Alsuviricetes,Tymovirales,Betaflexiviridae,Quinvirinae,Carlavirus,+ssRNA
Carlavirus,12163,,,,,,,,,,,,,,0.08,,,4695.0,Hippeastrum,Riboviria,Orthornavirae,Kitrinoviricota,Alsuviricetes,Tymovirales,Betaflexiviridae,Quinvirinae,Carlavirus,+ssRNA
Carlavirus,12163,,,,,,,,,,,,,,0.08,,,23110.0,Hydrangea macrophylla,Riboviria,Orthornavirae,Kitrinoviricota,Alsuviricetes,Tymovirales,Betaflexiviridae,Quinvirinae,Carlavirus,+ssRNA
Carlavirus,12163,,,,,,,,,,,,,,0.08,,,660624.0,Jasminum sambac,Riboviria,Orthornavirae,Kitrinoviricota,Alsuviricetes,Tymovirales,Betaflexiviridae,Quinvirinae,Carlavirus,+ssRNA
Carlavirus,12163,,,,,,,,,,,,,,0.08,,,45339.0,Kalanchoe blossfeldiana,Riboviria,Orthornavirae,Kitrinoviricota,Alsuviricetes,Tymovirales,Betaflexiviridae,Quinvirinae,Carlavirus,+ssRNA
Carlavirus,12163,,,,,,,,,,,,,,0.08,,,46072.0,Ligustrum japonicum,Riboviria,Orthornavirae,Kitrinoviricota,Alsuviricetes,Tymovirales,Betaflexiviridae,Quinvirinae,Carlavirus,+ssRNA
Carlavirus,12163,,,,,,,,,,,,,,0.08,,,178760.0,Ligustrum obtusifolium,Riboviria,Orthornavirae,Kitrinoviricota,Alsuviricetes,Tymovirales,Betaflexiviridae,Quinvirinae,Carlavirus,+ssRNA
Carlavirus,12163,,,,,,,,,,,,,,0.08,,,4688.0,Lilium,Riboviria,Orthornavirae,Kitrinoviricota,Alsuviricetes,Tymovirales,Betaflexiviridae,Quinvirinae,Carlavirus,+ssRNA
Carlavirus,12163,,,,,,,,,,,,,,0.08,,,3656.0,Cucumis melo,Riboviria,Orthornavirae,Kitrinoviricota,Alsuviricetes,Tymovirales,Betaflexiviridae,Quinvirinae,Carlavirus,+ssRNA
Carlavirus,12163,,,,,,,,,,,,,,0.08,,,3538.0,Mirabilis jalapa,Riboviria,Orthornavirae,Kitrinoviricota,Alsuviricetes,Tymovirales,Betaflexiviridae,Quinvirinae,Carlavirus,+ssRNA
Carlavirus,12163,,,,,,,,,,,,,,0.08,,,391288.0,Narcissus tazetta subsp. chinensis,Riboviria,Orthornavirae,Kitrinoviricota,Alsuviricetes,Tymovirales,Betaflexiviridae,Quinvirinae,Carlavirus,+ssRNA
Carlavirus,12163,,,,,,,,,,,,,,0.08,,,39639.0,Narcissus pseudonarcissus,Riboviria,Orthornavirae,Kitrinoviricota,Alsuviricetes,Tymovirales,Betaflexiviridae,Quinvirinae,Carlavirus,+ssRNA
Carlavirus,12163,,,,,,,,,,,,,,0.08,,,4696.0,Hippeastrum sp.,Riboviria,Orthornavirae,Kitrinoviricota,Alsuviricetes,Tymovirales,Betaflexiviridae,Quinvirinae,Carlavirus,+ssRNA
Carlavirus,12163,,,,,,,,,,,,,,0.08,,,3649.0,Carica papaya,Riboviria,Orthornavirae,Kitrinoviricota,Alsuviricetes,Tymovirales,Betaflexiviridae,Quinvirinae,Carlavirus,+ssRNA
Carlavirus,12163,,,,,,,,,,,,,,0.08,,,46091.0,Chenopodiastrum murale,Riboviria,Orthornavirae,Kitrinoviricota,Alsuviricetes,Tymovirales,Betaflexiviridae,Quinvirinae,Carlavirus,+ssRNA
Carlavirus,12163,,,,,,,,,,,,,,0.08,,,78168.0,Passiflora edulis,Riboviria,Orthornavirae,Kitrinoviricota,Alsuviricetes,Tymovirales,Betaflexiviridae,Quinvirinae,Carlavirus,+ssRNA
Carlavirus,12163,,,,,,,,,,,,,,0.08,,,3888.0,Lathyrus oleraceus,Riboviria,Orthornavirae,Kitrinoviricota,Alsuviricetes,Tymovirales,Betaflexiviridae,Quinvirinae,Carlavirus,+ssRNA
Carlavirus,12163,,,,,,,,,,,,,,0.08,,,3906.0,Vicia faba,Riboviria,Orthornavirae,Kitrinoviricota,Alsuviricetes,Tymovirales,Betaflexiviridae,Quinvirinae,Carlavirus,+ssRNA
Carlavirus,12163,,,,,,,,,,,,,,0.08,,,57577.0,Trifolium pratense,Riboviria,Orthornavirae,Kitrinoviricota,Alsuviricetes,Tymovirales,Betaflexiviridae,Quinvirinae,Carlavirus,+ssRNA
Carlavirus,12163,,,,,,,,,,,,,,0.08,,,4072.0,Capsicum annuum,Riboviria,Orthornavirae,Kitrinoviricota,Alsuviricetes,Tymovirales,Betaflexiviridae,Quinvirinae,Carlavirus,+ssRNA
Carlavirus,12163,,,,,,,,,,,,,,0.08,,,103528.0,Phlox divaricata,Riboviria,Orthornavirae,Kitrinoviricota,Alsuviricetes,Tymovirales,Betaflexiviridae,Quinvirinae,Carlavirus,+ssRNA
Carlavirus,12163,,,,,,,,,,,,,,0.08,,,103543.0,Phlox stolonifera,Riboviria,Orthornavirae,Kitrinoviricota,Alsuviricetes,Tymovirales,Betaflexiviridae,Quinvirinae,Carlavirus,+ssRNA
Carlavirus,12163,,,,,,,,,,,,,,0.08,,,3689.0,Populus,Riboviria,Orthornavirae,Kitrinoviricota,Alsuviricetes,Tymovirales,Betaflexiviridae,Quinvirinae,Carlavirus,+ssRNA
Carlavirus,12163,,,,,,,,,,,,,,0.08,,,118703.0,Nicotiana megalosiphon,Riboviria,Orthornavirae,Kitrinoviricota,Alsuviricetes,Tymovirales,Betaflexiviridae,Quinvirinae,Carlavirus,+ssRNA
Carlavirus,12163,,,,,,,,,,,,,,0.08,,,4113.0,Solanum tuberosum,Riboviria,Orthornavirae,Kitrinoviricota,Alsuviricetes,Tymovirales,Betaflexiviridae,Quinvirinae,Carlavirus,+ssRNA
Carlavirus,12163,,,,,,,,,,,,,,0.08,,,3827.0,Cicer arietinum,Riboviria,Orthornavirae,Kitrinoviricota,Alsuviricetes,Tymovirales,Betaflexiviridae,Quinvirinae,Carlavirus,+ssRNA
Carlavirus,12163,,,,,,,,,,,,,,0.08,,,74648.0,Rosa lucieae,Riboviria,Orthornavirae,Kitrinoviricota,Alsuviricetes,Tymovirales,Betaflexiviridae,Quinvirinae,Carlavirus,+ssRNA
Carlavirus,12163,,,,,,,,,,,,,,0.08,,,36598.0,Rosa sp.,Riboviria,Orthornavirae,Kitrinoviricota,Alsuviricetes,Tymovirales,Betaflexiviridae,Quinvirinae,Carlavirus,+ssRNA
Carlavirus,12163,,,,,,,,,,,,,,0.08,,,28911.0,Allium cepa var. aggregatum,Riboviria,Orthornavirae,Kitrinoviricota,Alsuviricetes,Tymovirales,Betaflexiviridae,Quinvirinae,Carlavirus,+ssRNA
Carlavirus,12163,,,,,,,,,,,,,,0.08,,,3847.0,Glycine max,Riboviria,Orthornavirae,Kitrinoviricota,Alsuviricetes,Tymovirales,Betaflexiviridae,Quinvirinae,Carlavirus,+ssRNA
Carlavirus,12163,,,,,,,,,,,,,,0.08,,,4120.0,Ipomoea batatas,Riboviria,Orthornavirae,Kitrinoviricota,Alsuviricetes,Tymovirales,Betaflexiviridae,Quinvirinae,Carlavirus,+ssRNA
Carlavirus,12163,,,,,,,,,,,,,,0.08,,,569628.0,Dioscorea oppositifolia,Riboviria,Orthornavirae,Kitrinoviricota,Alsuviricetes,Tymovirales,Betaflexiviridae,Quinvirinae,Carlavirus,+ssRNA
Tobamovirus,12234,5.86,0.81,0.96,1.17,2.74,0.21,6.17,3.95,4.38,35.07,0.19,4.03,27.52,3.21,0.7,3.82,4071.0,Capsicum,Riboviria,Orthornavirae,Kitrinoviricota,Alsuviricetes,Martellivirales,Virgaviridae,Tobamovirus,Tobamovirus maculacapsici,+ssRNA
Tobamovirus,12234,5.86,0.81,0.96,1.17,2.74,0.21,6.17,3.95,4.38,35.07,0.19,4.03,27.52,3.21,0.7,3.82,4100.0,Nicotiana benthamiana,Riboviria,Orthornavirae,Kitrinoviricota,Alsuviricetes,Martellivirales,Virgaviridae,Tobamovirus,Tobamovirus maculacapsici,+ssRNA
Tobamovirus,12234,5.86,0.81,0.96,1.17,2.74,0.21,6.17,3.95,4.38,35.07,0.19,4.03,27.52,3.21,0.7,3.82,35889.0,Nicotiana glutinosa,Riboviria,Orthornavirae,Kitrinoviricota,Alsuviricetes,Martellivirales,Virgaviridae,Tobamovirus,Tobamovirus maculacapsici,+ssRNA
Tobamovirus,12234,5.86,0.81,0.96,1.17,2.74,0.21,6.17,3.95,4.38,35.07,0.19,4.03,27.52,3.21,0.7,3.82,223891.0,Solanum virginianum,Riboviria,Orthornavirae,Kitrinoviricota,Alsuviricetes,Martellivirales,Virgaviridae,Tobamovirus,Tobamovirus maculacapsici,+ssRNA
Tobamovirus,12234,5.86,0.81,0.96,1.17,2.74,0.21,6.17,3.95,4.38,35.07,0.19,4.03,27.52,3.21,0.7,3.82,301914.0,Brugmansia,Riboviria,Orthornavirae,Kitrinoviricota,Alsuviricetes,Martellivirales,Virgaviridae,Tobamovirus,Tobamovirus brugmansiae,+ssRNA
Tobamovirus,12234,5.86,0.81,0.96,1.17,2.74,0.21,6.17,3.95,4.38,35.07,0.19,4.03,27.52,3.21,0.7,3.82,3342679.0,Brugmansia sp.,Riboviria,Orthornavirae,Kitrinoviricota,Alsuviricetes,Martellivirales,Virgaviridae,Tobamovirus,Tobamovirus brugmansiae,+ssRNA
Tobamovirus,12234,5.86,0.81,0.96,1.17,2.74,0.21,6.17,3.95,4.38,35.07,0.19,4.03,27.52,3.21,0.7,3.82,484760.0,Gymnocalycium mihanovichii,Riboviria,Orthornavirae,Kitrinoviricota,Alsuviricetes,Martellivirales,Virgaviridae,Tobamovirus,Tobamovirus cacti,+ssRNA
Tobamovirus,12234,5.86,0.81,0.96,1.17,2.74,0.21,6.17,3.95,4.38,35.07,0.19,4.03,27.52,3.21,0.7,3.82,43366.0,Clitoria ternatea,Riboviria,Orthornavirae,Kitrinoviricota,Alsuviricetes,Martellivirales,Virgaviridae,Tobamovirus,Tobamovirus clitoriae,+ssRNA
Tobamovirus,12234,5.86,0.81,0.96,1.17,2.74,0.21,6.17,3.95,4.38,35.07,0.19,4.03,27.52,3.21,0.7,3.82,3659.0,Cucumis sativus,Riboviria,Orthornavirae,Kitrinoviricota,Alsuviricetes,Martellivirales,Virgaviridae,Tobamovirus,Tobamovirus maculafructi,+ssRNA
Tobamovirus,12234,5.86,0.81,0.96,1.17,2.74,0.21,6.17,3.95,4.38,35.07,0.19,4.03,27.52,3.21,0.7,3.82,869827.0,Cucumis sativus var. sativus,Riboviria,Orthornavirae,Kitrinoviricota,Alsuviricetes,Martellivirales,Virgaviridae,Tobamovirus,Tobamovirus maculafructi,+ssRNA
Tobamovirus,12234,5.86,0.81,0.96,1.17,2.74,0.21,6.17,3.95,4.38,35.07,0.19,4.03,27.52,3.21,0.7,3.82,3653.0,Citrullus,Riboviria,Orthornavirae,Kitrinoviricota,Alsuviricetes,Martellivirales,Virgaviridae,Tobamovirus,Tobamovirus viridimaculae,+ssRNA
Tobamovirus,12234,5.86,0.81,0.96,1.17,2.74,0.21,6.17,3.95,4.38,35.07,0.19,4.03,27.52,3.21,0.7,3.82,3668.0,Lagenaria siceraria,Riboviria,Orthornavirae,Kitrinoviricota,Alsuviricetes,Martellivirales,Virgaviridae,Tobamovirus,Tobamovirus viridimaculae,+ssRNA
Tobamovirus,12234,5.86,0.81,0.96,1.17,2.74,0.21,6.17,3.95,4.38,35.07,0.19,4.03,27.52,3.21,0.7,3.82,3656.0,Cucumis melo,Riboviria,Orthornavirae,Kitrinoviricota,Alsuviricetes,Martellivirales,Virgaviridae,Tobamovirus,Tobamovirus cucumeris,+ssRNA
Tobamovirus,12234,5.86,0.81,0.96,1.17,2.74,0.21,6.17,3.95,4.38,35.07,0.19,4.03,27.52,3.21,0.7,3.82,62097.0,Plumeria rubra,Riboviria,Orthornavirae,Kitrinoviricota,Alsuviricetes,Martellivirales,Virgaviridae,Tobamovirus,Tobamovirus frangipani,+ssRNA
Tobamovirus,12234,5.86,0.81,0.96,1.17,2.74,0.21,6.17,3.95,4.38,35.07,0.19,4.03,27.52,3.21,0.7,3.82,47605.0,Hibiscus,Riboviria,Orthornavirae,Kitrinoviricota,Alsuviricetes,Martellivirales,Virgaviridae,Tobamovirus,Tobamovirus fortpiercense,+ssRNA
Tobamovirus,12234,5.86,0.81,0.96,1.17,2.74,0.21,6.17,3.95,4.38,35.07,0.19,4.03,27.52,3.21,0.7,3.82,1617259.0,Hoya wayetii,Riboviria,Orthornavirae,Kitrinoviricota,Alsuviricetes,Martellivirales,Virgaviridae,Tobamovirus,unclassified Tobamovirus,+ssRNA
Tobamovirus,12234,5.86,0.81,0.96,1.17,2.74,0.21,6.17,3.95,4.38,35.07,0.19,4.03,27.52,3.21,0.7,3.82,3654.0,Citrullus lanatus,Riboviria,Orthornavirae,Kitrinoviricota,Alsuviricetes,Martellivirales,Virgaviridae,Tobamovirus,Tobamovirus kyuri,+ssRNA
Tobamovirus,12234,5.86,0.81,0.96,1.17,2.74,0.21,6.17,3.95,4.38,35.07,0.19,4.03,27.52,3.21,0.7,3.82,3661.0,Cucurbita maxima,Riboviria,Orthornavirae,Kitrinoviricota,Alsuviricetes,Martellivirales,Virgaviridae,Tobamovirus,Tobamovirus kyuri,+ssRNA
Tobamovirus,12234,5.86,0.81,0.96,1.17,2.74,0.21,6.17,3.95,4.38,35.07,0.19,4.03,27.52,3.21,0.7,3.82,3662.0,Cucurbita moschata,Riboviria,Orthornavirae,Kitrinoviricota,Alsuviricetes,Martellivirales,Virgaviridae,Tobamovirus,Tobamovirus kyuri,+ssRNA
Tobamovirus,12234,5.86,0.81,0.96,1.17,2.74,0.21,6.17,3.95,4.38,35.07,0.19,4.03,27.52,3.21,0.7,3.82,3663.0,Cucurbita pepo,Riboviria,Orthornavirae,Kitrinoviricota,Alsuviricetes,Martellivirales,Virgaviridae,Tobamovirus,Tobamovirus kyuri,+ssRNA
Tobamovirus,12234,5.86,0.81,0.96,1.17,2.74,0.21,6.17,3.95,4.38,35.07,0.19,4.03,27.52,3.21,0.7,3.82,3670.0,Luffa aegyptiaca,Riboviria,Orthornavirae,Kitrinoviricota,Alsuviricetes,Martellivirales,Virgaviridae,Tobamovirus,Tobamovirus kyuri,+ssRNA
Tobamovirus,12234,5.86,0.81,0.96,1.17,2.74,0.21,6.17,3.95,4.38,35.07,0.19,4.03,27.52,3.21,0.7,3.82,4076.0,Datura stramonium,Riboviria,Orthornavirae,Kitrinoviricota,Alsuviricetes,Martellivirales,Virgaviridae,Tobamovirus,Tobamovirus kyuri,+ssRNA
Tobamovirus,12234,5.86,0.81,0.96,1.17,2.74,0.21,6.17,3.95,4.38,35.07,0.19,4.03,27.52,3.21,0.7,3.82,78168.0,Passiflora edulis,Riboviria,Orthornavirae,Kitrinoviricota,Alsuviricetes,Martellivirales,Virgaviridae,Tobamovirus,Tobamovirus maracujae,+ssRNA
Tobamovirus,12234,5.86,0.81,0.96,1.17,2.74,0.21,6.17,3.95,4.38,35.07,0.19,4.03,27.52,3.21,0.7,3.82,4097.0,Nicotiana tabacum,Riboviria,Orthornavirae,Kitrinoviricota,Alsuviricetes,Martellivirales,Virgaviridae,Tobamovirus,Tobamovirus obudae,+ssRNA
Tobamovirus,12234,5.86,0.81,0.96,1.17,2.74,0.21,6.17,3.95,4.38,35.07,0.19,4.03,27.52,3.21,0.7,3.82,4112.0,Solanum nigrum,Riboviria,Orthornavirae,Kitrinoviricota,Alsuviricetes,Martellivirales,Virgaviridae,Tobamovirus,Tobamovirus obudae,+ssRNA
Tobamovirus,12234,5.86,0.81,0.96,1.17,2.74,0.21,6.17,3.95,4.38,35.07,0.19,4.03,27.52,3.21,0.7,3.82,14366.0,Cymbidium,Riboviria,Orthornavirae,Kitrinoviricota,Alsuviricetes,Martellivirales,Virgaviridae,Tobamovirus,Tobamovirus odontoglossi,+ssRNA
Tobamovirus,12234,5.86,0.81,0.96,1.17,2.74,0.21,6.17,3.95,4.38,35.07,0.19,4.03,27.52,3.21,0.7,3.82,45173.0,Oncidium,Riboviria,Orthornavirae,Kitrinoviricota,Alsuviricetes,Martellivirales,Virgaviridae,Tobamovirus,Tobamovirus odontoglossi,+ssRNA
Tobamovirus,12234,5.86,0.81,0.96,1.17,2.74,0.21,6.17,3.95,4.38,35.07,0.19,4.03,27.52,3.21,0.7,3.82,371859.0,Opuntia ficus-indica,Riboviria,Orthornavirae,Kitrinoviricota,Alsuviricetes,Martellivirales,Virgaviridae,Tobamovirus,unclassified Tobamovirus,+ssRNA
Tobamovirus,12234,5.86,0.81,0.96,1.17,2.74,0.21,6.17,3.95,4.38,35.07,0.19,4.03,27.52,3.21,0.7,3.82,4072.0,Capsicum annuum,Riboviria,Orthornavirae,Kitrinoviricota,Alsuviricetes,Martellivirales,Virgaviridae,Tobamovirus,Tobamovirus paprikae,+ssRNA
Tobamovirus,12234,5.86,0.81,0.96,1.17,2.74,0.21,6.17,3.95,4.38,35.07,0.19,4.03,27.52,3.21,0.7,3.82,159425.0,Passiflora incarnata,Riboviria,Orthornavirae,Kitrinoviricota,Alsuviricetes,Martellivirales,Virgaviridae,Tobamovirus,Tobamovirus passiflorae,+ssRNA
Tobamovirus,12234,5.86,0.81,0.96,1.17,2.74,0.21,6.17,3.95,4.38,35.07,0.19,4.03,27.52,3.21,0.7,3.82,3906.0,Vicia faba,Riboviria,Orthornavirae,Kitrinoviricota,Alsuviricetes,Martellivirales,Virgaviridae,Tobamovirus,Tobamovirus capsici,+ssRNA
Tobamovirus,12234,5.86,0.81,0.96,1.17,2.74,0.21,6.17,3.95,4.38,35.07,0.19,4.03,27.52,3.21,0.7,3.82,1123916.0,Disocactus flagelliformis,Riboviria,Orthornavirae,Kitrinoviricota,Alsuviricetes,Martellivirales,Virgaviridae,Tobamovirus,Tobamovirus muricaudae,+ssRNA
Tobamovirus,12234,5.86,0.81,0.96,1.17,2.74,0.21,6.17,3.95,4.38,35.07,0.19,4.03,27.52,3.21,0.7,3.82,99300.0,Rehmannia glutinosa,Riboviria,Orthornavirae,Kitrinoviricota,Alsuviricetes,Martellivirales,Virgaviridae,Tobamovirus,Tobamovirus rehmanniae,+ssRNA
Tobamovirus,12234,5.86,0.81,0.96,1.17,2.74,0.21,6.17,3.95,4.38,35.07,0.19,4.03,27.52,3.21,0.7,3.82,29818.0,Plantago major,Riboviria,Orthornavirae,Kitrinoviricota,Alsuviricetes,Martellivirales,Virgaviridae,Tobamovirus,Tobamovirus plantagonis,+ssRNA
Tobamovirus,12234,5.86,0.81,0.96,1.17,2.74,0.21,6.17,3.95,4.38,35.07,0.19,4.03,27.52,3.21,0.7,3.82,39414.0,Plantago lanceolata,Riboviria,Orthornavirae,Kitrinoviricota,Alsuviricetes,Martellivirales,Virgaviridae,Tobamovirus,Tobamovirus plantagonis,+ssRNA
Tobamovirus,12234,5.86,0.81,0.96,1.17,2.74,0.21,6.17,3.95,4.38,35.07,0.19,4.03,27.52,3.21,0.7,3.82,49450.0,Digitalis lanata,Riboviria,Orthornavirae,Kitrinoviricota,Alsuviricetes,Martellivirales,Virgaviridae,Tobamovirus,Tobamovirus plantagonis,+ssRNA
Tobamovirus,12234,5.86,0.81,0.96,1.17,2.74,0.21,6.17,3.95,4.38,35.07,0.19,4.03,27.52,3.21,0.7,3.82,52853.0,Silene latifolia subsp. alba,Riboviria,Orthornavirae,Kitrinoviricota,Alsuviricetes,Martellivirales,Virgaviridae,Tobamovirus,Tobamovirus plantagonis,+ssRNA
Tobamovirus,12234,5.86,0.81,0.96,1.17,2.74,0.21,6.17,3.95,4.38,35.07,0.19,4.03,27.52,3.21,0.7,3.82,65951.0,Rorippa amphibia,Riboviria,Orthornavirae,Kitrinoviricota,Alsuviricetes,Martellivirales,Virgaviridae,Tobamovirus,Tobamovirus plantagonis,+ssRNA
Tobamovirus,12234,5.86,0.81,0.96,1.17,2.74,0.21,6.17,3.95,4.38,35.07,0.19,4.03,27.52,3.21,0.7,3.82,65952.0,Rorippa sylvestris,Riboviria,Orthornavirae,Kitrinoviricota,Alsuviricetes,Martellivirales,Virgaviridae,Tobamovirus,Tobamovirus plantagonis,+ssRNA
Tobamovirus,12234,5.86,0.81,0.96,1.17,2.74,0.21,6.17,3.95,4.38,35.07,0.19,4.03,27.52,3.21,0.7,3.82,75806.0,Eutrema japonicum,Riboviria,Orthornavirae,Kitrinoviricota,Alsuviricetes,Martellivirales,Virgaviridae,Tobamovirus,Tobamovirus plantagonis,+ssRNA
Tobamovirus,12234,5.86,0.81,0.96,1.17,2.74,0.21,6.17,3.95,4.38,35.07,0.19,4.03,27.52,3.21,0.7,3.82,203579.0,Sisymbrium loeselii,Riboviria,Orthornavirae,Kitrinoviricota,Alsuviricetes,Martellivirales,Virgaviridae,Tobamovirus,Tobamovirus plantagonis,+ssRNA
Tobamovirus,12234,5.86,0.81,0.96,1.17,2.74,0.21,6.17,3.95,4.38,35.07,0.19,4.03,27.52,3.21,0.7,3.82,4093.0,Nicotiana rustica,Riboviria,Orthornavirae,Kitrinoviricota,Alsuviricetes,Martellivirales,Virgaviridae,Tobamovirus,Tobamovirus streptocarpi,+ssRNA
Tobamovirus,12234,5.86,0.81,0.96,1.17,2.74,0.21,6.17,3.95,4.38,35.07,0.19,4.03,27.52,3.21,0.7,3.82,4102.0,Petunia x hybrida,Riboviria,Orthornavirae,Kitrinoviricota,Alsuviricetes,Martellivirales,Virgaviridae,Tobamovirus,Tobamovirus streptocarpi,+ssRNA
Tobamovirus,12234,5.86,0.81,0.96,1.17,2.74,0.21,6.17,3.95,4.38,35.07,0.19,4.03,27.52,3.21,0.7,3.82,26254.0,Streptocarpus,Riboviria,Orthornavirae,Kitrinoviricota,Alsuviricetes,Martellivirales,Virgaviridae,Tobamovirus,Tobamovirus streptocarpi,+ssRNA
Tobamovirus,12234,5.86,0.81,0.96,1.17,2.74,0.21,6.17,3.95,4.38,35.07,0.19,4.03,27.52,3.21,0.7,3.82,63459.0,Chenopodium quinoa,Riboviria,Orthornavirae,Kitrinoviricota,Alsuviricetes,Martellivirales,Virgaviridae,Tobamovirus,Tobamovirus streptocarpi,+ssRNA
Tobamovirus,12234,5.86,0.81,0.96,1.17,2.74,0.21,6.17,3.95,4.38,35.07,0.19,4.03,27.52,3.21,0.7,3.82,81866.0,Nicotiana clevelandii,Riboviria,Orthornavirae,Kitrinoviricota,Alsuviricetes,Martellivirales,Virgaviridae,Tobamovirus,Tobamovirus streptocarpi,+ssRNA
Tobamovirus,12234,5.86,0.81,0.96,1.17,2.74,0.21,6.17,3.95,4.38,35.07,0.19,4.03,27.52,3.21,0.7,3.82,200313.0,Nicotiana occidentalis,Riboviria,Orthornavirae,Kitrinoviricota,Alsuviricetes,Martellivirales,Virgaviridae,Tobamovirus,Tobamovirus streptocarpi,+ssRNA
Tobamovirus,12234,5.86,0.81,0.96,1.17,2.74,0.21,6.17,3.95,4.38,35.07,0.19,4.03,27.52,3.21,0.7,3.82,3829.0,Crotalaria juncea,Riboviria,Orthornavirae,Kitrinoviricota,Alsuviricetes,Martellivirales,Virgaviridae,Tobamovirus,Tobamovirus crotalariae,+ssRNA
Tobamovirus,12234,5.86,0.81,0.96,1.17,2.74,0.21,6.17,3.95,4.38,35.07,0.19,4.03,27.52,3.21,0.7,3.82,3885.0,Phaseolus vulgaris,Riboviria,Orthornavirae,Kitrinoviricota,Alsuviricetes,Martellivirales,Virgaviridae,Tobamovirus,Tobamovirus crotalariae,+ssRNA
Tobamovirus,12234,5.86,0.81,0.96,1.17,2.74,0.21,6.17,3.95,4.38,35.07,0.19,4.03,27.52,3.21,0.7,3.82,3917.0,Vigna unguiculata,Riboviria,Orthornavirae,Kitrinoviricota,Alsuviricetes,Martellivirales,Virgaviridae,Tobamovirus,Tobamovirus crotalariae,+ssRNA
Tobamovirus,12234,5.86,0.81,0.96,1.17,2.74,0.21,6.17,3.95,4.38,35.07,0.19,4.03,27.52,3.21,0.7,3.82,35936.0,Lablab purpureus,Riboviria,Orthornavirae,Kitrinoviricota,Alsuviricetes,Martellivirales,Virgaviridae,Tobamovirus,Tobamovirus crotalariae,+ssRNA
Tobamovirus,12234,5.86,0.81,0.96,1.17,2.74,0.21,6.17,3.95,4.38,35.07,0.19,4.03,27.52,3.21,0.7,3.82,40336.0,Mucuna,Riboviria,Orthornavirae,Kitrinoviricota,Alsuviricetes,Martellivirales,Virgaviridae,Tobamovirus,Tobamovirus crotalariae,+ssRNA
Tobamovirus,12234,5.86,0.81,0.96,1.17,2.74,0.21,6.17,3.95,4.38,35.07,0.19,4.03,27.52,3.21,0.7,3.82,4090.0,Nicotiana glauca,Riboviria,Orthornavirae,Kitrinoviricota,Alsuviricetes,Martellivirales,Virgaviridae,Tobamovirus,Tobamovirus mititessellati,+ssRNA
Tobamovirus,12234,5.86,0.81,0.96,1.17,2.74,0.21,6.17,3.95,4.38,35.07,0.19,4.03,27.52,3.21,0.7,3.82,43071.0,Eryngium planum,Riboviria,Orthornavirae,Kitrinoviricota,Alsuviricetes,Martellivirales,Virgaviridae,Tobamovirus,Tobamovirus mititessellati,+ssRNA
Tobamovirus,12234,5.86,0.81,0.96,1.17,2.74,0.21,6.17,3.95,4.38,35.07,0.19,4.03,27.52,3.21,0.7,3.82,4081.0,Solanum lycopersicum,Riboviria,Orthornavirae,Kitrinoviricota,Alsuviricetes,Martellivirales,Virgaviridae,Tobamovirus,Tobamovirus fructirugosum,+ssRNA
Tobamovirus,12234,5.86,0.81,0.96,1.17,2.74,0.21,6.17,3.95,4.38,35.07,0.19,4.03,27.52,3.21,0.7,3.82,4101.0,Petunia,Riboviria,Orthornavirae,Kitrinoviricota,Alsuviricetes,Martellivirales,Virgaviridae,Tobamovirus,Tobamovirus tomatotessellati,+ssRNA
Tobamovirus,12234,5.86,0.81,0.96,1.17,2.74,0.21,6.17,3.95,4.38,35.07,0.19,4.03,27.52,3.21,0.7,3.82,4151.0,Antirrhinum majus,Riboviria,Orthornavirae,Kitrinoviricota,Alsuviricetes,Martellivirales,Virgaviridae,Tobamovirus,Tobamovirus tomatotessellati,+ssRNA
Tobamovirus,12234,5.86,0.81,0.96,1.17,2.74,0.21,6.17,3.95,4.38,35.07,0.19,4.03,27.52,3.21,0.7,3.82,13707.0,Tagetes,Riboviria,Orthornavirae,Kitrinoviricota,Alsuviricetes,Martellivirales,Virgaviridae,Tobamovirus,Tobamovirus tomatotessellati,+ssRNA
Tobamovirus,12234,5.86,0.81,0.96,1.17,2.74,0.21,6.17,3.95,4.38,35.07,0.19,4.03,27.52,3.21,0.7,3.82,46246.0,Delphinium,Riboviria,Orthornavirae,Kitrinoviricota,Alsuviricetes,Martellivirales,Virgaviridae,Tobamovirus,Tobamovirus tomatotessellati,+ssRNA
Tobamovirus,12234,5.86,0.81,0.96,1.17,2.74,0.21,6.17,3.95,4.38,35.07,0.19,4.03,27.52,3.21,0.7,3.82,215581.0,Solanum viarum,Riboviria,Orthornavirae,Kitrinoviricota,Alsuviricetes,Martellivirales,Virgaviridae,Tobamovirus,Tobamovirus tropici,+ssRNA
Tobamovirus,12234,5.86,0.81,0.96,1.17,2.74,0.21,6.17,3.95,4.38,35.07,0.19,4.03,27.52,3.21,0.7,3.82,3700.0,Brassicaceae,Riboviria,Orthornavirae,Kitrinoviricota,Alsuviricetes,Martellivirales,Virgaviridae,Tobamovirus,Tobamovirus rapae,+ssRNA
Tobamovirus,12234,5.86,0.81,0.96,1.17,2.74,0.21,6.17,3.95,4.38,35.07,0.19,4.03,27.52,3.21,0.7,3.82,3711.0,Brassica rapa,Riboviria,Orthornavirae,Kitrinoviricota,Alsuviricetes,Martellivirales,Virgaviridae,Tobamovirus,Tobamovirus rapae,+ssRNA
Tobamovirus,12234,5.86,0.81,0.96,1.17,2.74,0.21,6.17,3.95,4.38,35.07,0.19,4.03,27.52,3.21,0.7,3.82,195721.0,Anthocercis littorea,Riboviria,Orthornavirae,Kitrinoviricota,Alsuviricetes,Martellivirales,Virgaviridae,Tobamovirus,Tobamovirus anthocercis,+ssRNA
Tobamovirus,12234,5.86,0.81,0.96,1.17,2.74,0.21,6.17,3.95,4.38,35.07,0.19,4.03,27.52,3.21,0.7,3.82,3707.0,Brassica juncea,Riboviria,Orthornavirae,Kitrinoviricota,Alsuviricetes,Martellivirales,Virgaviridae,Tobamovirus,Tobamovirus youcai,+ssRNA
Tobamovirus,12234,5.86,0.81,0.96,1.17,2.74,0.21,6.17,3.95,4.38,35.07,0.19,4.03,27.52,3.21,0.7,3.82,3708.0,Brassica napus,Riboviria,Orthornavirae,Kitrinoviricota,Alsuviricetes,Martellivirales,Virgaviridae,Tobamovirus,Tobamovirus youcai,+ssRNA
Tobamovirus,12234,5.86,0.81,0.96,1.17,2.74,0.21,6.17,3.95,4.38,35.07,0.19,4.03,27.52,3.21,0.7,3.82,3664.0,Cucurbita pepo subsp. pepo,Riboviria,Orthornavirae,Kitrinoviricota,Alsuviricetes,Martellivirales,Virgaviridae,Tobamovirus,Tobamovirus cucurbitae,+ssRNA
Tobamovirus,12234,5.86,0.81,0.96,1.17,2.74,0.21,6.17,3.95,4.38,35.07,0.19,4.03,27.52,3.21,0.7,3.82,221775.0,Gomphrena globosa,Riboviria,Orthornavirae,Kitrinoviricota,Alsuviricetes,Martellivirales,Virgaviridae,Tobamovirus,Tobamovirus cucurbitae,+ssRNA
Comovirus,12258,,,0.37,,0.29,,,,,,,,,,0.35,,4113.0,Solanum tuberosum,Riboviria,Orthornavirae,Pisuviricota,Pisoniviricetes,Picornavirales,Secoviridae,Comovirinae,Comovirus,
Comovirus,12258,,,0.37,,0.29,,,,,,,,,,0.35,,3702.0,Arabidopsis thaliana,Riboviria,Orthornavirae,Pisuviricota,Pisoniviricetes,Picornavirales,Secoviridae,Comovirinae,Comovirus,
Comovirus,12258,,,0.37,,0.29,,,,,,,,,,0.35,,3847.0,Glycine max,Riboviria,Orthornavirae,Pisuviricota,Pisoniviricetes,Picornavirales,Secoviridae,Comovirinae,Comovirus,
Comovirus,12258,,,0.37,,0.29,,,,,,,,,,0.35,,53866.0,Desmodium,Riboviria,Orthornavirae,Pisuviricota,Pisoniviricetes,Picornavirales,Secoviridae,Comovirinae,Comovirus,
Comovirus,12258,,,0.37,,0.29,,,,,,,,,,0.35,,53892.0,Lespedeza,Riboviria,Orthornavirae,Pisuviricota,Pisoniviricetes,Picornavirales,Secoviridae,Comovirinae,Comovirus,
Comovirus,12258,,,0.37,,0.29,,,,,,,,,,0.35,,60916.0,Trifolium incarnatum,Riboviria,Orthornavirae,Pisuviricota,Pisoniviricetes,Picornavirales,Secoviridae,Comovirinae,Comovirus,
Comovirus,12258,,,0.37,,0.29,,,,,,,,,,0.35,,157652.0,Mucuna pruriens,Riboviria,Orthornavirae,Pisuviricota,Pisoniviricetes,Picornavirales,Secoviridae,Comovirinae,Comovirus,
Comovirus,12258,,,0.37,,0.29,,,,,,,,,,0.35,,1715245.0,Phomopsis sp.,Riboviria,Orthornavirae,Pisuviricota,Pisoniviricetes,Picornavirales,Secoviridae,Comovirinae,Comovirus,
Comovirus,12258,,,0.37,,0.29,,,,,,,,,,0.35,,3906.0,Vicia faba,Riboviria,Orthornavirae,Pisuviricota,Pisoniviricetes,Picornavirales,Secoviridae,Comovirinae,Comovirus,
Comovirus,12258,,,0.37,,0.29,,,,,,,,,,0.35,,3821.0,Cajanus cajan,Riboviria,Orthornavirae,Pisuviricota,Pisoniviricetes,Picornavirales,Secoviridae,Comovirinae,Comovirus,
Comovirus,12258,,,0.37,,0.29,,,,,,,,,,0.35,,3829.0,Crotalaria juncea,Riboviria,Orthornavirae,Pisuviricota,Pisoniviricetes,Picornavirales,Secoviridae,Comovirinae,Comovirus,
Comovirus,12258,,,0.37,,0.29,,,,,,,,,,0.35,,3917.0,Vigna unguiculata,Riboviria,Orthornavirae,Pisuviricota,Pisoniviricetes,Picornavirales,Secoviridae,Comovirinae,Comovirus,
Comovirus,12258,,,0.37,,0.29,,,,,,,,,,0.35,,4073.0,Capsicum frutescens,Riboviria,Orthornavirae,Pisuviricota,Pisoniviricetes,Picornavirales,Secoviridae,Comovirinae,Comovirus,
Comovirus,12258,,,0.37,,0.29,,,,,,,,,,0.35,,3700.0,Brassicaceae,Riboviria,Orthornavirae,Pisuviricota,Pisoniviricetes,Picornavirales,Secoviridae,Comovirinae,Comovirus,
Comovirus,12258,,,0.37,,0.29,,,,,,,,,,0.35,,3726.0,Raphanus sativus,Riboviria,Orthornavirae,Pisuviricota,Pisoniviricetes,Picornavirales,Secoviridae,Comovirinae,Comovirus,
Comovirus,12258,,,0.37,,0.29,,,,,,,,,,0.35,,3888.0,Lathyrus oleraceus,Riboviria,Orthornavirae,Pisuviricota,Pisoniviricetes,Picornavirales,Secoviridae,Comovirinae,Comovirus,
Comovirus,12258,,,0.37,,0.29,,,,,,,,,,0.35,,57577.0,Trifolium pratense,Riboviria,Orthornavirae,Pisuviricota,Pisoniviricetes,Picornavirales,Secoviridae,Comovirinae,Comovirus,
Comovirus,12258,,,0.37,,0.29,,,,,,,,,,0.35,,3654.0,Citrullus lanatus,Riboviria,Orthornavirae,Pisuviricota,Pisoniviricetes,Picornavirales,Secoviridae,Comovirinae,Comovirus,
Comovirus,12258,,,0.37,,0.29,,,,,,,,,,0.35,,3660.0,Cucurbita,Riboviria,Orthornavirae,Pisuviricota,Pisoniviricetes,Picornavirales,Secoviridae,Comovirinae,Comovirus,
Comovirus,12258,,,0.37,,0.29,,,,,,,,,,0.35,,3715.0,Brassica oleracea var. botrytis,Riboviria,Orthornavirae,Pisuviricota,Pisoniviricetes,Picornavirales,Secoviridae,Comovirinae,Comovirus,
Comovirus,12258,,,0.37,,0.29,,,,,,,,,,0.35,,51350.0,Brassica rapa subsp. rapa,Riboviria,Orthornavirae,Pisuviricota,Pisoniviricetes,Picornavirales,Secoviridae,Comovirinae,Comovirus,
Teseptimavirus,110456,,,,,0.36,0.58,,,,0.21,0.65,,,,,,644.0,Aeromonas hydrophila,Duplodnaviria,Heunggongvirae,Uroviricota,Caudoviricetes,Autographivirales,Autotranscriptaviridae,Studiervirinae,Teseptimavirus,dsDNA
Teseptimavirus,110456,,,,,0.36,0.58,,,,0.21,0.65,,,,,,158484.0,Cedecea davisae,Duplodnaviria,Heunggongvirae,Uroviricota,Caudoviricetes,Autographivirales,Autotranscriptaviridae,Studiervirinae,Teseptimavirus,dsDNA
Teseptimavirus,110456,,,,,0.36,0.58,,,,0.21,0.65,,,,,,67780.0,Edwardsiella ictaluri,Duplodnaviria,Heunggongvirae,Uroviricota,Caudoviricetes,Autographivirales,Autotranscriptaviridae,Studiervirinae,Teseptimavirus,dsDNA
Teseptimavirus,110456,,,,,0.36,0.58,,,,0.21,0.65,,,,,,511693.0,Escherichia coli BL21,Duplodnaviria,Heunggongvirae,Uroviricota,Caudoviricetes,Autographivirales,Autotranscriptaviridae,Studiervirinae,Teseptimavirus,dsDNA
Teseptimavirus,110456,,,,,0.36,0.58,,,,0.21,0.65,,,,,,511145.0,Escherichia coli str. K-12 substr. MG1655,Duplodnaviria,Heunggongvirae,Uroviricota,Caudoviricetes,Autographivirales,Autotranscriptaviridae,Studiervirinae,Teseptimavirus,dsDNA
Teseptimavirus,110456,,,,,0.36,0.58,,,,0.21,0.65,,,,,,753642.0,Escherichia coli NC101,Duplodnaviria,Heunggongvirae,Uroviricota,Caudoviricetes,Autographivirales,Autotranscriptaviridae,Studiervirinae,Teseptimavirus,dsDNA
Teseptimavirus,110456,,,,,0.36,0.58,,,,0.21,0.65,,,,,,90370.0,Salmonella enterica subsp. enterica serovar Typhi,Duplodnaviria,Heunggongvirae,Uroviricota,Caudoviricetes,Autographivirales,Autotranscriptaviridae,Studiervirinae,Teseptimavirus,dsDNA
Teseptimavirus,110456,,,,,0.36,0.58,,,,0.21,0.65,,,,,,594.0,Salmonella enterica subsp. enterica serovar Gallinarum,Duplodnaviria,Heunggongvirae,Uroviricota,Caudoviricetes,Autographivirales,Autotranscriptaviridae,Studiervirinae,Teseptimavirus,dsDNA
Teseptimavirus,110456,,,,,0.36,0.58,,,,0.21,0.65,,,,,,625.0,Shigella sp.,Duplodnaviria,Heunggongvirae,Uroviricota,Caudoviricetes,Autographivirales,Autotranscriptaviridae,Studiervirinae,Teseptimavirus,dsDNA
Teseptimavirus,110456,,,,,0.36,0.58,,,,0.21,0.65,,,,,,1035377.0,Yersinia pestis A1122,Duplodnaviria,Heunggongvirae,Uroviricota,Caudoviricetes,Autographivirales,Autotranscriptaviridae,Studiervirinae,Teseptimavirus,dsDNA
Allexivirus,140568,,,,,,,,,,,,,,,,0.1,3879.0,Medicago sativa,Riboviria,Orthornavirae,Kitrinoviricota,Alsuviricetes,Tymovirales,Alphaflexiviridae,Allexivirus,,+ssRNA
Allexivirus,140568,,,,,,,,,,,,,,,,0.1,108216.0,Arachis pintoi,Riboviria,Orthornavirae,Kitrinoviricota,Alsuviricetes,Tymovirales,Alphaflexiviridae,Allexivirus,Allexivirus pintoi,+ssRNA
Allexivirus,140568,,,,,,,,,,,,,,,,0.1,23216.0,Rubus,Riboviria,Orthornavirae,Kitrinoviricota,Alsuviricetes,Tymovirales,Alphaflexiviridae,Allexivirus,Allexivirus epsilonrubi,+ssRNA
Allexivirus,140568,,,,,,,,,,,,,,,,0.1,4682.0,Allium sativum,Riboviria,Orthornavirae,Kitrinoviricota,Alsuviricetes,Tymovirales,Alphaflexiviridae,Allexivirus,Acarallexivirus,+ssRNA
Allexivirus,140568,,,,,,,,,,,,,,,,0.1,346408.0,Senna rizzinii,Riboviria,Orthornavirae,Kitrinoviricota,Alsuviricetes,Tymovirales,Alphaflexiviridae,Allexivirus,Allexivirus sennae,+ssRNA
Allexivirus,140568,,,,,,,,,,,,,,,,0.1,28911.0,Allium cepa var. aggregatum,Riboviria,Orthornavirae,Kitrinoviricota,Alsuviricetes,Tymovirales,Alphaflexiviridae,Allexivirus,Acarallexivirus,+ssRNA
Allexivirus,140568,,,,,,,,,,,,,,,,0.1,51239.0,Vanilla planifolia,Riboviria,Orthornavirae,Kitrinoviricota,Alsuviricetes,Tymovirales,Alphaflexiviridae,Allexivirus,Allexivirus latensvanillae,+ssRNA
Norovirus,142786,,0.39,0.42,,1.65,,,,,,0.02,,,,0.31,,9606.0,Homo sapiens,Riboviria,Orthornavirae,Pisuviricota,Pisoniviricetes,Picornavirales,Caliciviridae,Norovirus,Norovirus norwalkense,
Norovirus,142786,,0.39,0.42,,1.65,,,,,,0.02,,,,0.31,,93163.0,Marmota himalayana,Riboviria,Orthornavirae,Pisuviricota,Pisoniviricetes,Picornavirales,Caliciviridae,Norovirus,unclassified Norovirus,
Norovirus,142786,,0.39,0.42,,1.65,,,,,,0.02,,,,0.31,,10090.0,Mus musculus,Riboviria,Orthornavirae,Pisuviricota,Pisoniviricetes,Picornavirales,Caliciviridae,Norovirus,Norovirus norwalkense,
Norovirus,142786,,0.39,0.42,,1.65,,,,,,0.02,,,,0.31,,10088.0,Mus,Riboviria,Orthornavirae,Pisuviricota,Pisoniviricetes,Picornavirales,Caliciviridae,Norovirus,Norovirus norwalkense,
Norovirus,142786,,0.39,0.42,,1.65,,,,,,0.02,,,,0.31,,9685.0,Felis catus,Riboviria,Orthornavirae,Pisuviricota,Pisoniviricetes,Picornavirales,Caliciviridae,Norovirus,Norovirus norwalkense,
Norovirus,142786,,0.39,0.42,,1.65,,,,,,0.02,,,,0.31,,9615.0,Canis lupus familiaris,Riboviria,Orthornavirae,Pisuviricota,Pisoniviricetes,Picornavirales,Caliciviridae,Norovirus,Norovirus norwalkense,
Norovirus,142786,,0.39,0.42,,1.65,,,,,,0.02,,,,0.31,,9913.0,Bos taurus,Riboviria,Orthornavirae,Pisuviricota,Pisoniviricetes,Picornavirales,Caliciviridae,Norovirus,Norovirus norwalkense,
Norovirus,142786,,0.39,0.42,,1.65,,,,,,0.02,,,,0.31,,9823.0,Sus scrofa,Riboviria,Orthornavirae,Pisuviricota,Pisoniviricetes,Picornavirales,Caliciviridae,Norovirus,Norovirus norwalkense,
Norovirus,142786,,0.39,0.42,,1.65,,,,,,0.02,,,,0.31,,9443.0,Primates,Riboviria,Orthornavirae,Pisuviricota,Pisoniviricetes,Picornavirales,Caliciviridae,Norovirus,Norovirus norwalkense,
Cripavirus,144051,,,,,0.27,,,,,,0.03,,,,,,7165.0,Anopheles gambiae,Riboviria,Orthornavirae,Pisuviricota,Pisoniviricetes,Picornavirales,Dicistroviridae,Cripavirus,unclassified Cripavirus,
Cripavirus,144051,,,,,0.27,,,,,,0.03,,,,,,7168.0,Anopheles dirus,Riboviria,Orthornavirae,Pisuviricota,Pisoniviricetes,Picornavirales,Dicistroviridae,Cripavirus,unclassified Cripavirus,
Cripavirus,144051,,,,,0.27,,,,,,0.03,,,,,,1518534.0,Anopheles coluzzii,Riboviria,Orthornavirae,Pisuviricota,Pisoniviricetes,Picornavirales,Dicistroviridae,Cripavirus,unclassified Cripavirus,
Cripavirus,144051,,,,,0.27,,,,,,0.03,,,,,,464929.0,Aphis,Riboviria,Orthornavirae,Pisuviricota,Pisoniviricetes,Picornavirales,Dicistroviridae,Cripavirus,Cripavirus mortiferum,
Cripavirus,144051,,,,,0.27,,,,,,0.03,,,,,,307491.0,Aphis glycines,Riboviria,Orthornavirae,Pisuviricota,Pisoniviricetes,Picornavirales,Dicistroviridae,Cripavirus,unclassified Cripavirus,
Cripavirus,144051,,,,,0.27,,,,,,0.03,,,,,,128161.0,Teleogryllus oceanicus,Riboviria,Orthornavirae,Pisuviricota,Pisoniviricetes,Picornavirales,Dicistroviridae,Cripavirus,Cripavirus grylli,
Cripavirus,144051,,,,,0.27,,,,,,0.03,,,,,,59474.0,Pipistrellus pipistrellus,Riboviria,Orthornavirae,Pisuviricota,Pisoniviricetes,Picornavirales,Dicistroviridae,Cripavirus,unclassified Cripavirus,
Cripavirus,144051,,,,,0.27,,,,,,0.03,,,,,,7227.0,Drosophila melanogaster,Riboviria,Orthornavirae,Pisuviricota,Pisoniviricetes,Picornavirales,Dicistroviridae,Cripavirus,Cripavirus drosophilae,
Cripavirus,144051,,,,,0.27,,,,,,0.03,,,,,,13262.0,Schizaphis graminum,Riboviria,Orthornavirae,Pisuviricota,Pisoniviricetes,Picornavirales,Dicistroviridae,Cripavirus,Cripavirus ropadi,
Cripavirus,144051,,,,,0.27,,,,,,0.03,,,,,,40932.0,Rhopalosiphum padi,Riboviria,Orthornavirae,Pisuviricota,Pisoniviricetes,Picornavirales,Dicistroviridae,Cripavirus,Cripavirus ropadi,
Cripavirus,144051,,,,,0.27,,,,,,0.03,,,,,,273650.0,Rhopalosiphum rufiabdominalis,Riboviria,Orthornavirae,Pisuviricota,Pisoniviricetes,Picornavirales,Dicistroviridae,Cripavirus,Cripavirus ropadi,
Cripavirus,144051,,,,,0.27,,,,,,0.03,,,,,,13686.0,Solenopsis invicta,Riboviria,Orthornavirae,Pisuviricota,Pisoniviricetes,Picornavirales,Dicistroviridae,Cripavirus,Cripavirus porteri,
Chlorovirus,181083,,,,,,,,,,,0.03,,,,,,554066.0,Chlorella heliozoae,Varidnaviria,Bamfordvirae,Nucleocytoviricota,Megaviricetes,Algavirales,Phycodnaviridae,Chlorovirus,Chlorovirus heliozoae,
Chlorovirus,181083,,,,,,,,,,,0.03,,,,,,554065.0,Chlorella variabilis,Varidnaviria,Bamfordvirae,Nucleocytoviricota,Megaviricetes,Algavirales,Phycodnaviridae,Chlorovirus,unclassified Chlorovirus,
Chlorovirus,181083,,,,,,,,,,,0.03,,,,,,3071.0,Chlorella,Varidnaviria,Bamfordvirae,Nucleocytoviricota,Megaviricetes,Algavirales,Phycodnaviridae,Chlorovirus,Chlorovirus vanettense,
Chlorovirus,181083,,,,,,,,,,,0.03,,,,,,554055.0,Micractinium conductrix,Varidnaviria,Bamfordvirae,Nucleocytoviricota,Megaviricetes,Algavirales,Phycodnaviridae,Chlorovirus,Chlorovirus conductrix,
Chlorovirus,181083,,,,,,,,,,,0.03,,,,,,3168.0,cf. Chlorella sp.,Varidnaviria,Bamfordvirae,Nucleocytoviricota,Megaviricetes,Algavirales,Phycodnaviridae,Chlorovirus,Chlorovirus newyorkense,
Ceduovirus,186532,,0.15,,,,,,,,0.12,0.09,,,,,,1359.0,Lactococcus cremoris,Duplodnaviria,Heunggongvirae,Uroviricota,Caudoviricetes,Caudoviricetes incertae sedis,Ceduovirus,unclassified Ceduovirus,,dsDNA
Ceduovirus,186532,,0.15,,,,,,,,0.12,0.09,,,,,,1358.0,Lactococcus lactis,Duplodnaviria,Heunggongvirae,Uroviricota,Caudoviricetes,Caudoviricetes incertae sedis,Ceduovirus,unclassified Ceduovirus,,dsDNA
Ceduovirus,186532,,0.15,,,,,,,,0.12,0.09,,,,,,1358.0,Lactococcus lactis,Duplodnaviria,Heunggongvirae,Uroviricota,Caudoviricetes,Caudoviricetes incertae sedis,Ceduovirus,Ceduovirus cv05802,,dsDNA
Ceduovirus,186532,,0.15,,,,,,,,0.12,0.09,,,,,,1358.0,Lactococcus lactis,Duplodnaviria,Heunggongvirae,Uroviricota,Caudoviricetes,Caudoviricetes incertae sedis,Ceduovirus,Ceduovirus cv20R03M,,dsDNA
Ceduovirus,186532,,0.15,,,,,,,,0.12,0.09,,,,,,1358.0,Lactococcus lactis,Duplodnaviria,Heunggongvirae,Uroviricota,Caudoviricetes,Caudoviricetes incertae sedis,Ceduovirus,Ceduovirus cv37203,,dsDNA
Ceduovirus,186532,,0.15,,,,,,,,0.12,0.09,,,,,,1358.0,Lactococcus lactis,Duplodnaviria,Heunggongvirae,Uroviricota,Caudoviricetes,Caudoviricetes incertae sedis,Ceduovirus,Ceduovirus cv50102,,dsDNA
Ceduovirus,186532,,0.15,,,,,,,,0.12,0.09,,,,,,1358.0,Lactococcus lactis,Duplodnaviria,Heunggongvirae,Uroviricota,Caudoviricetes,Caudoviricetes incertae sedis,Ceduovirus,Ceduovirus cv50504,,dsDNA
Ceduovirus,186532,,0.15,,,,,,,,0.12,0.09,,,,,,1359.0,Lactococcus cremoris,Duplodnaviria,Heunggongvirae,Uroviricota,Caudoviricetes,Caudoviricetes incertae sedis,Ceduovirus,Ceduovirus cv5171F,,dsDNA
Ceduovirus,186532,,0.15,,,,,,,,0.12,0.09,,,,,,1358.0,Lactococcus lactis,Duplodnaviria,Heunggongvirae,Uroviricota,Caudoviricetes,Caudoviricetes incertae sedis,Ceduovirus,Ceduovirus cv62402,,dsDNA
Ceduovirus,186532,,0.15,,,,,,,,0.12,0.09,,,,,,1358.0,Lactococcus lactis,Duplodnaviria,Heunggongvirae,Uroviricota,Caudoviricetes,Caudoviricetes incertae sedis,Ceduovirus,Ceduovirus cv62403,,dsDNA
Ceduovirus,186532,,0.15,,,,,,,,0.12,0.09,,,,,,1358.0,Lactococcus lactis,Duplodnaviria,Heunggongvirae,Uroviricota,Caudoviricetes,Caudoviricetes incertae sedis,Ceduovirus,Ceduovirus cv62606,,dsDNA
Ceduovirus,186532,,0.15,,,,,,,,0.12,0.09,,,,,,1357.0,Lactococcus,Duplodnaviria,Heunggongvirae,Uroviricota,Caudoviricetes,Caudoviricetes incertae sedis,Ceduovirus,Ceduovirus bIL67,,dsDNA
Ceduovirus,186532,,0.15,,,,,,,,0.12,0.09,,,,,,1358.0,Lactococcus lactis,Duplodnaviria,Heunggongvirae,Uroviricota,Caudoviricetes,Caudoviricetes incertae sedis,Ceduovirus,Ceduovirus bIL67,,dsDNA
Ceduovirus,186532,,0.15,,,,,,,,0.12,0.09,,,,,,1357.0,Lactococcus,Duplodnaviria,Heunggongvirae,Uroviricota,Caudoviricetes,Caudoviricetes incertae sedis,Ceduovirus,Ceduovirus c2,,dsDNA
Ceduovirus,186532,,0.15,,,,,,,,0.12,0.09,,,,,,1358.0,Lactococcus lactis,Duplodnaviria,Heunggongvirae,Uroviricota,Caudoviricetes,Caudoviricetes incertae sedis,Ceduovirus,Ceduovirus CHPC1020,,dsDNA
Ceduovirus,186532,,0.15,,,,,,,,0.12,0.09,,,,,,1358.0,Lactococcus lactis,Duplodnaviria,Heunggongvirae,Uroviricota,Caudoviricetes,Caudoviricetes incertae sedis,Ceduovirus,Ceduovirus CHPC116,,dsDNA
Ceduovirus,186532,,0.15,,,,,,,,0.12,0.09,,,,,,1358.0,Lactococcus lactis,Duplodnaviria,Heunggongvirae,Uroviricota,Caudoviricetes,Caudoviricetes incertae sedis,Ceduovirus,Ceduovirus LacS15,,dsDNA
Ceduovirus,186532,,0.15,,,,,,,,0.12,0.09,,,,,,1358.0,Lactococcus lactis,Duplodnaviria,Heunggongvirae,Uroviricota,Caudoviricetes,Caudoviricetes incertae sedis,Ceduovirus,Ceduovirus CHPC1170,,dsDNA
Ceduovirus,186532,,0.15,,,,,,,,0.12,0.09,,,,,,1358.0,Lactococcus lactis,Duplodnaviria,Heunggongvirae,Uroviricota,Caudoviricetes,Caudoviricetes incertae sedis,Ceduovirus,Ceduovirus CHPC1182,,dsDNA
Ceduovirus,186532,,0.15,,,,,,,,0.12,0.09,,,,,,1359.0,Lactococcus cremoris,Duplodnaviria,Heunggongvirae,Uroviricota,Caudoviricetes,Caudoviricetes incertae sedis,Ceduovirus,Ceduovirus CHPC1183,,dsDNA
Ceduovirus,186532,,0.15,,,,,,,,0.12,0.09,,,,,,1358.0,Lactococcus lactis,Duplodnaviria,Heunggongvirae,Uroviricota,Caudoviricetes,Caudoviricetes incertae sedis,Ceduovirus,Ceduovirus CHPC122,,dsDNA
Ceduovirus,186532,,0.15,,,,,,,,0.12,0.09,,,,,,1358.0,Lactococcus lactis,Duplodnaviria,Heunggongvirae,Uroviricota,Caudoviricetes,Caudoviricetes incertae sedis,Ceduovirus,Ceduovirus CHPC1242,,dsDNA
Ceduovirus,186532,,0.15,,,,,,,,0.12,0.09,,,,,,1358.0,Lactococcus lactis,Duplodnaviria,Heunggongvirae,Uroviricota,Caudoviricetes,Caudoviricetes incertae sedis,Ceduovirus,Ceduovirus PCS1,,dsDNA
Ceduovirus,186532,,0.15,,,,,,,,0.12,0.09,,,,,,1358.0,Lactococcus lactis,Duplodnaviria,Heunggongvirae,Uroviricota,Caudoviricetes,Caudoviricetes incertae sedis,Ceduovirus,Ceduovirus CHPC966,,dsDNA
Ceduovirus,186532,,0.15,,,,,,,,0.12,0.09,,,,,,1358.0,Lactococcus lactis,Duplodnaviria,Heunggongvirae,Uroviricota,Caudoviricetes,Caudoviricetes incertae sedis,Ceduovirus,Ceduovirus CHPC967,,dsDNA
Ceduovirus,186532,,0.15,,,,,,,,0.12,0.09,,,,,,1358.0,Lactococcus lactis,Duplodnaviria,Heunggongvirae,Uroviricota,Caudoviricetes,Caudoviricetes incertae sedis,Ceduovirus,Ceduovirus CHPC972,,dsDNA
Ceduovirus,186532,,0.15,,,,,,,,0.12,0.09,,,,,,1358.0,Lactococcus lactis,Duplodnaviria,Heunggongvirae,Uroviricota,Caudoviricetes,Caudoviricetes incertae sedis,Ceduovirus,Ceduovirus D4410,,dsDNA
Ceduovirus,186532,,0.15,,,,,,,,0.12,0.09,,,,,,1358.0,Lactococcus lactis,Duplodnaviria,Heunggongvirae,Uroviricota,Caudoviricetes,Caudoviricetes incertae sedis,Ceduovirus,Ceduovirus D4412,,dsDNA
Ceduovirus,186532,,0.15,,,,,,,,0.12,0.09,,,,,,1358.0,Lactococcus lactis,Duplodnaviria,Heunggongvirae,Uroviricota,Caudoviricetes,Caudoviricetes incertae sedis,Ceduovirus,Ceduovirus M5938,,dsDNA
Ceduovirus,186532,,0.15,,,,,,,,0.12,0.09,,,,,,1358.0,Lactococcus lactis,Duplodnaviria,Heunggongvirae,Uroviricota,Caudoviricetes,Caudoviricetes incertae sedis,Ceduovirus,Ceduovirus PCB1,,dsDNA
Ceduovirus,186532,,0.15,,,,,,,,0.12,0.09,,,,,,1359.0,Lactococcus cremoris,Duplodnaviria,Heunggongvirae,Uroviricota,Caudoviricetes,Caudoviricetes incertae sedis,Ceduovirus,Ceduovirus LacS15,,dsDNA
Ceduovirus,186532,,0.15,,,,,,,,0.12,0.09,,,,,,1357.0,Lactococcus,Duplodnaviria,Heunggongvirae,Uroviricota,Caudoviricetes,Caudoviricetes incertae sedis,Ceduovirus,Ceduovirus bIBBL12,,dsDNA
Ceduovirus,186532,,0.15,,,,,,,,0.12,0.09,,,,,,1357.0,Lactococcus,Duplodnaviria,Heunggongvirae,Uroviricota,Caudoviricetes,Caudoviricetes incertae sedis,Ceduovirus,Ceduovirus bIBB14,,dsDNA
Ceduovirus,186532,,0.15,,,,,,,,0.12,0.09,,,,,,1358.0,Lactococcus lactis,Duplodnaviria,Heunggongvirae,Uroviricota,Caudoviricetes,Caudoviricetes incertae sedis,Ceduovirus,Ceduovirus blBB94p4,,dsDNA
Ceduovirus,186532,,0.15,,,,,,,,0.12,0.09,,,,,,1358.0,Lactococcus lactis,Duplodnaviria,Heunggongvirae,Uroviricota,Caudoviricetes,Caudoviricetes incertae sedis,Ceduovirus,Ceduovirus bIBBA3,,dsDNA
Ceduovirus,186532,,0.15,,,,,,,,0.12,0.09,,,,,,1357.0,Lactococcus,Duplodnaviria,Heunggongvirae,Uroviricota,Caudoviricetes,Caudoviricetes incertae sedis,Ceduovirus,Ceduovirus bIBBAm4,,dsDNA
Ceduovirus,186532,,0.15,,,,,,,,0.12,0.09,,,,,,1358.0,Lactococcus lactis,Duplodnaviria,Heunggongvirae,Uroviricota,Caudoviricetes,Caudoviricetes incertae sedis,Ceduovirus,Ceduovirus bIBBE1,,dsDNA
Ceduovirus,186532,,0.15,,,,,,,,0.12,0.09,,,,,,1357.0,Lactococcus,Duplodnaviria,Heunggongvirae,Uroviricota,Caudoviricetes,Caudoviricetes incertae sedis,Ceduovirus,Ceduovirus bIBBA3,,dsDNA
Ceduovirus,186532,,0.15,,,,,,,,0.12,0.09,,,,,,1358.0,Lactococcus lactis,Duplodnaviria,Heunggongvirae,Uroviricota,Caudoviricetes,Caudoviricetes incertae sedis,Ceduovirus,Ceduovirus bIBBp64,,dsDNA
Fromanvirus,186764,,,,,,,,,,,0.04,0.23,,0.09,,,1763.0,Mycobacterium,Duplodnaviria,Heunggongvirae,Uroviricota,Caudoviricetes,Caudoviricetes incertae sedis,Fromanvirus,,,dsDNA
Fromanvirus,186764,,,,,,,,,,,0.04,0.23,,0.09,,,1763.0,Mycobacterium,Duplodnaviria,Heunggongvirae,Uroviricota,Caudoviricetes,Caudoviricetes incertae sedis,Fromanvirus,unclassified Fromanvirus,,dsDNA
Fromanvirus,186764,,,,,,,,,,,0.04,0.23,,0.09,,,246196.0,Mycolicibacterium smegmatis MC2 155,Duplodnaviria,Heunggongvirae,Uroviricota,Caudoviricetes,Caudoviricetes incertae sedis,Fromanvirus,unclassified Fromanvirus,,dsDNA
Fromanvirus,186764,,,,,,,,,,,0.04,0.23,,0.09,,,1772.0,Mycolicibacterium smegmatis,Duplodnaviria,Heunggongvirae,Uroviricota,Caudoviricetes,Caudoviricetes incertae sedis,Fromanvirus,unclassified Fromanvirus,,dsDNA
Fromanvirus,186764,,,,,,,,,,,0.04,0.23,,0.09,,,246196.0,Mycolicibacterium smegmatis MC2 155,Duplodnaviria,Heunggongvirae,Uroviricota,Caudoviricetes,Caudoviricetes incertae sedis,Fromanvirus,Fromanvirus nepal,,dsDNA
Fromanvirus,186764,,,,,,,,,,,0.04,0.23,,0.09,,,246196.0,Mycolicibacterium smegmatis MC2 155,Duplodnaviria,Heunggongvirae,Uroviricota,Caudoviricetes,Caudoviricetes incertae sedis,Fromanvirus,Fromanvirus alma,,dsDNA
Fromanvirus,186764,,,,,,,,,,,0.04,0.23,,0.09,,,246196.0,Mycolicibacterium smegmatis MC2 155,Duplodnaviria,Heunggongvirae,Uroviricota,Caudoviricetes,Caudoviricetes incertae sedis,Fromanvirus,Fromanvirus astro,,dsDNA
Fromanvirus,186764,,,,,,,,,,,0.04,0.23,,0.09,,,1763.0,Mycobacterium,Duplodnaviria,Heunggongvirae,Uroviricota,Caudoviricetes,Caudoviricetes incertae sedis,Fromanvirus,Fromanvirus bethlehem,,dsDNA
Fromanvirus,186764,,,,,,,,,,,0.04,0.23,,0.09,,,246196.0,Mycolicibacterium smegmatis MC2 155,Duplodnaviria,Heunggongvirae,Uroviricota,Caudoviricetes,Caudoviricetes incertae sedis,Fromanvirus,Fromanvirus bethlehem,,dsDNA
Fromanvirus,186764,,,,,,,,,,,0.04,0.23,,0.09,,,246196.0,Mycolicibacterium smegmatis MC2 155,Duplodnaviria,Heunggongvirae,Uroviricota,Caudoviricetes,Caudoviricetes incertae sedis,Fromanvirus,Fromanvirus billknuckles,,dsDNA
Fromanvirus,186764,,,,,,,,,,,0.04,0.23,,0.09,,,246196.0,Mycolicibacterium smegmatis MC2 155,Duplodnaviria,Heunggongvirae,Uroviricota,Caudoviricetes,Caudoviricetes incertae sedis,Fromanvirus,Fromanvirus bpbiebs31,,dsDNA
Fromanvirus,186764,,,,,,,,,,,0.04,0.23,,0.09,,,246196.0,Mycolicibacterium smegmatis MC2 155,Duplodnaviria,Heunggongvirae,Uroviricota,Caudoviricetes,Caudoviricetes incertae sedis,Fromanvirus,Fromanvirus bruns,,dsDNA
Fromanvirus,186764,,,,,,,,,,,0.04,0.23,,0.09,,,1763.0,Mycobacterium,Duplodnaviria,Heunggongvirae,Uroviricota,Caudoviricetes,Caudoviricetes incertae sedis,Fromanvirus,Fromanvirus museum,,dsDNA
Fromanvirus,186764,,,,,,,,,,,0.04,0.23,,0.09,,,1763.0,Mycobacterium,Duplodnaviria,Heunggongvirae,Uroviricota,Caudoviricetes,Caudoviricetes incertae sedis,Fromanvirus,Fromanvirus Bxb1,,dsDNA
Fromanvirus,186764,,,,,,,,,,,0.04,0.23,,0.09,,,246196.0,Mycolicibacterium smegmatis MC2 155,Duplodnaviria,Heunggongvirae,Uroviricota,Caudoviricetes,Caudoviricetes incertae sedis,Fromanvirus,Fromanvirus Bxb1,,dsDNA
Fromanvirus,186764,,,,,,,,,,,0.04,0.23,,0.09,,,246196.0,Mycolicibacterium smegmatis MC2 155,Duplodnaviria,Heunggongvirae,Uroviricota,Caudoviricetes,Caudoviricetes incertae sedis,Fromanvirus,Fromanvirus packman,,dsDNA
Fromanvirus,186764,,,,,,,,,,,0.04,0.23,,0.09,,,1763.0,Mycobacterium,Duplodnaviria,Heunggongvirae,Uroviricota,Caudoviricetes,Caudoviricetes incertae sedis,Fromanvirus,Fromanvirus Che12,,dsDNA
Fromanvirus,186764,,,,,,,,,,,0.04,0.23,,0.09,,,1773.0,Mycobacterium tuberculosis,Duplodnaviria,Heunggongvirae,Uroviricota,Caudoviricetes,Caudoviricetes incertae sedis,Fromanvirus,Fromanvirus Che12,,dsDNA
Fromanvirus,186764,,,,,,,,,,,0.04,0.23,,0.09,,,246196.0,Mycolicibacterium smegmatis MC2 155,Duplodnaviria,Heunggongvirae,Uroviricota,Caudoviricetes,Caudoviricetes incertae sedis,Fromanvirus,Fromanvirus Che12,,dsDNA
Fromanvirus,186764,,,,,,,,,,,0.04,0.23,,0.09,,,1763.0,Mycobacterium,Duplodnaviria,Heunggongvirae,Uroviricota,Caudoviricetes,Caudoviricetes incertae sedis,Fromanvirus,Fromanvirus goose,,dsDNA
Fromanvirus,186764,,,,,,,,,,,0.04,0.23,,0.09,,,1763.0,Mycobacterium,Duplodnaviria,Heunggongvirae,Uroviricota,Caudoviricetes,Caudoviricetes incertae sedis,Fromanvirus,Fromanvirus D29,,dsDNA
Fromanvirus,186764,,,,,,,,,,,0.04,0.23,,0.09,,,1773.0,Mycobacterium tuberculosis,Duplodnaviria,Heunggongvirae,Uroviricota,Caudoviricetes,Caudoviricetes incertae sedis,Fromanvirus,Fromanvirus D29,,dsDNA
Fromanvirus,186764,,,,,,,,,,,0.04,0.23,,0.09,,,1773.0,Mycobacterium tuberculosis,Duplodnaviria,Heunggongvirae,Uroviricota,Caudoviricetes,Caudoviricetes incertae sedis,Fromanvirus,unclassified Fromanvirus,,dsDNA
Fromanvirus,186764,,,,,,,,,,,0.04,0.23,,0.09,,,246196.0,Mycolicibacterium smegmatis MC2 155,Duplodnaviria,Heunggongvirae,Uroviricota,Caudoviricetes,Caudoviricetes incertae sedis,Fromanvirus,Fromanvirus D29,,dsDNA
Fromanvirus,186764,,,,,,,,,,,0.04,0.23,,0.09,,,1785.0,Mycobacterium sp.,Duplodnaviria,Heunggongvirae,Uroviricota,Caudoviricetes,Caudoviricetes incertae sedis,Fromanvirus,Fromanvirus lockley,,dsDNA
Fromanvirus,186764,,,,,,,,,,,0.04,0.23,,0.09,,,246196.0,Mycolicibacterium smegmatis MC2 155,Duplodnaviria,Heunggongvirae,Uroviricota,Caudoviricetes,Caudoviricetes incertae sedis,Fromanvirus,Fromanvirus lockley,,dsDNA
Fromanvirus,186764,,,,,,,,,,,0.04,0.23,,0.09,,,246196.0,Mycolicibacterium smegmatis MC2 155,Duplodnaviria,Heunggongvirae,Uroviricota,Caudoviricetes,Caudoviricetes incertae sedis,Fromanvirus,Fromanvirus doom,,dsDNA
Fromanvirus,186764,,,,,,,,,,,0.04,0.23,,0.09,,,246196.0,Mycolicibacterium smegmatis MC2 155,Duplodnaviria,Heunggongvirae,Uroviricota,Caudoviricetes,Caudoviricetes incertae sedis,Fromanvirus,Fromanvirus jasper,,dsDNA
Fromanvirus,186764,,,,,,,,,,,0.04,0.23,,0.09,,,246196.0,Mycolicibacterium smegmatis MC2 155,Duplodnaviria,Heunggongvirae,Uroviricota,Caudoviricetes,Caudoviricetes incertae sedis,Fromanvirus,Fromanvirus euphoria,,dsDNA
Fromanvirus,186764,,,,,,,,,,,0.04,0.23,,0.09,,,246196.0,Mycolicibacterium smegmatis MC2 155,Duplodnaviria,Heunggongvirae,Uroviricota,Caudoviricetes,Caudoviricetes incertae sedis,Fromanvirus,Fromanvirus george,,dsDNA
Fromanvirus,186764,,,,,,,,,,,0.04,0.23,,0.09,,,246196.0,Mycolicibacterium smegmatis MC2 155,Duplodnaviria,Heunggongvirae,Uroviricota,Caudoviricetes,Caudoviricetes incertae sedis,Fromanvirus,Fromanvirus goose,,dsDNA
Fromanvirus,186764,,,,,,,,,,,0.04,0.23,,0.09,,,1799.0,Mycolicibacterium aichiense,Duplodnaviria,Heunggongvirae,Uroviricota,Caudoviricetes,Caudoviricetes incertae sedis,Fromanvirus,unclassified Fromanvirus,,dsDNA
Fromanvirus,186764,,,,,,,,,,,0.04,0.23,,0.09,,,1785.0,Mycobacterium sp.,Duplodnaviria,Heunggongvirae,Uroviricota,Caudoviricetes,Caudoviricetes incertae sedis,Fromanvirus,Fromanvirus jasper,,dsDNA
Fromanvirus,186764,,,,,,,,,,,0.04,0.23,,0.09,,,246196.0,Mycolicibacterium smegmatis MC2 155,Duplodnaviria,Heunggongvirae,Uroviricota,Caudoviricetes,Caudoviricetes incertae sedis,Fromanvirus,Fromanvirus JC27,,dsDNA
Fromanvirus,186764,,,,,,,,,,,0.04,0.23,,0.09,,,1785.0,Mycobacterium sp.,Duplodnaviria,Heunggongvirae,Uroviricota,Caudoviricetes,Caudoviricetes incertae sedis,Fromanvirus,Fromanvirus KBG,,dsDNA
Fromanvirus,186764,,,,,,,,,,,0.04,0.23,,0.09,,,246196.0,Mycolicibacterium smegmatis MC2 155,Duplodnaviria,Heunggongvirae,Uroviricota,Caudoviricetes,Caudoviricetes incertae sedis,Fromanvirus,Fromanvirus KBG,,dsDNA
Fromanvirus,186764,,,,,,,,,,,0.04,0.23,,0.09,,,246196.0,Mycolicibacterium smegmatis MC2 155,Duplodnaviria,Heunggongvirae,Uroviricota,Caudoviricetes,Caudoviricetes incertae sedis,Fromanvirus,Fromanvirus rebeuca,,dsDNA
Fromanvirus,186764,,,,,,,,,,,0.04,0.23,,0.09,,,246196.0,Mycolicibacterium smegmatis MC2 155,Duplodnaviria,Heunggongvirae,Uroviricota,Caudoviricetes,Caudoviricetes incertae sedis,Fromanvirus,Fromanvirus kssjeb,,dsDNA
Fromanvirus,186764,,,,,,,,,,,0.04,0.23,,0.09,,,246196.0,Mycolicibacterium smegmatis MC2 155,Duplodnaviria,Heunggongvirae,Uroviricota,Caudoviricetes,Caudoviricetes incertae sedis,Fromanvirus,Fromanvirus kugel,,dsDNA
Fromanvirus,186764,,,,,,,,,,,0.04,0.23,,0.09,,,246196.0,Mycolicibacterium smegmatis MC2 155,Duplodnaviria,Heunggongvirae,Uroviricota,Caudoviricetes,Caudoviricetes incertae sedis,Fromanvirus,Fromanvirus lesedi,,dsDNA
Fromanvirus,186764,,,,,,,,,,,0.04,0.23,,0.09,,,246196.0,Mycolicibacterium smegmatis MC2 155,Duplodnaviria,Heunggongvirae,Uroviricota,Caudoviricetes,Caudoviricetes incertae sedis,Fromanvirus,Fromanvirus marcell,,dsDNA
Fromanvirus,186764,,,,,,,,,,,0.04,0.23,,0.09,,,246196.0,Mycolicibacterium smegmatis MC2 155,Duplodnaviria,Heunggongvirae,Uroviricota,Caudoviricetes,Caudoviricetes incertae sedis,Fromanvirus,Fromanvirus mrgordo,,dsDNA
Fromanvirus,186764,,,,,,,,,,,0.04,0.23,,0.09,,,246196.0,Mycolicibacterium smegmatis MC2 155,Duplodnaviria,Heunggongvirae,Uroviricota,Caudoviricetes,Caudoviricetes incertae sedis,Fromanvirus,Fromanvirus museum,,dsDNA
Fromanvirus,186764,,,,,,,,,,,0.04,0.23,,0.09,,,246196.0,Mycolicibacterium smegmatis MC2 155,Duplodnaviria,Heunggongvirae,Uroviricota,Caudoviricetes,Caudoviricetes incertae sedis,Fromanvirus,Fromanvirus perseus,,dsDNA
Fromanvirus,186764,,,,,,,,,,,0.04,0.23,,0.09,,,1763.0,Mycobacterium,Duplodnaviria,Heunggongvirae,Uroviricota,Caudoviricetes,Caudoviricetes incertae sedis,Fromanvirus,Fromanvirus redrock,,dsDNA
Fromanvirus,186764,,,,,,,,,,,0.04,0.23,,0.09,,,246196.0,Mycolicibacterium smegmatis MC2 155,Duplodnaviria,Heunggongvirae,Uroviricota,Caudoviricetes,Caudoviricetes incertae sedis,Fromanvirus,Fromanvirus redrock,,dsDNA
Fromanvirus,186764,,,,,,,,,,,0.04,0.23,,0.09,,,246196.0,Mycolicibacterium smegmatis MC2 155,Duplodnaviria,Heunggongvirae,Uroviricota,Caudoviricetes,Caudoviricetes incertae sedis,Fromanvirus,Fromanvirus ridgecb,,dsDNA
Fromanvirus,186764,,,,,,,,,,,0.04,0.23,,0.09,,,246196.0,Mycolicibacterium smegmatis MC2 155,Duplodnaviria,Heunggongvirae,Uroviricota,Caudoviricetes,Caudoviricetes incertae sedis,Fromanvirus,Fromanvirus saintus,,dsDNA
Fromanvirus,186764,,,,,,,,,,,0.04,0.23,,0.09,,,246196.0,Mycolicibacterium smegmatis MC2 155,Duplodnaviria,Heunggongvirae,Uroviricota,Caudoviricetes,Caudoviricetes incertae sedis,Fromanvirus,Fromanvirus skipole,,dsDNA
Fromanvirus,186764,,,,,,,,,,,0.04,0.23,,0.09,,,1785.0,Mycobacterium sp.,Duplodnaviria,Heunggongvirae,Uroviricota,Caudoviricetes,Caudoviricetes incertae sedis,Fromanvirus,Fromanvirus solon,,dsDNA
Fromanvirus,186764,,,,,,,,,,,0.04,0.23,,0.09,,,246196.0,Mycolicibacterium smegmatis MC2 155,Duplodnaviria,Heunggongvirae,Uroviricota,Caudoviricetes,Caudoviricetes incertae sedis,Fromanvirus,Fromanvirus solon,,dsDNA
Fromanvirus,186764,,,,,,,,,,,0.04,0.23,,0.09,,,246196.0,Mycolicibacterium smegmatis MC2 155,Duplodnaviria,Heunggongvirae,Uroviricota,Caudoviricetes,Caudoviricetes incertae sedis,Fromanvirus,Fromanvirus switzer,,dsDNA
Fromanvirus,186764,,,,,,,,,,,0.04,0.23,,0.09,,,246196.0,Mycolicibacterium smegmatis MC2 155,Duplodnaviria,Heunggongvirae,Uroviricota,Caudoviricetes,Caudoviricetes incertae sedis,Fromanvirus,Fromanvirus SWU1,,dsDNA
Fromanvirus,186764,,,,,,,,,,,0.04,0.23,,0.09,,,246196.0,Mycolicibacterium smegmatis MC2 155,Duplodnaviria,Heunggongvirae,Uroviricota,Caudoviricetes,Caudoviricetes incertae sedis,Fromanvirus,Fromanvirus trixie,,dsDNA
Fromanvirus,186764,,,,,,,,,,,0.04,0.23,,0.09,,,246196.0,Mycolicibacterium smegmatis MC2 155,Duplodnaviria,Heunggongvirae,Uroviricota,Caudoviricetes,Caudoviricetes incertae sedis,Fromanvirus,Fromanvirus twister,,dsDNA
Fromanvirus,186764,,,,,,,,,,,0.04,0.23,,0.09,,,1785.0,Mycobacterium sp.,Duplodnaviria,Heunggongvirae,Uroviricota,Caudoviricetes,Caudoviricetes incertae sedis,Fromanvirus,Fromanvirus U2,,dsDNA
Fromanvirus,186764,,,,,,,,,,,0.04,0.23,,0.09,,,246196.0,Mycolicibacterium smegmatis MC2 155,Duplodnaviria,Heunggongvirae,Uroviricota,Caudoviricetes,Caudoviricetes incertae sedis,Fromanvirus,Fromanvirus U2,,dsDNA
Fromanvirus,186764,,,,,,,,,,,0.04,0.23,,0.09,,,246196.0,Mycolicibacterium smegmatis MC2 155,Duplodnaviria,Heunggongvirae,Uroviricota,Caudoviricetes,Caudoviricetes incertae sedis,Fromanvirus,Fromanvirus violet,,dsDNA
Fromanvirus,186764,,,,,,,,,,,0.04,0.23,,0.09,,,1763.0,Mycobacterium,Duplodnaviria,Heunggongvirae,Uroviricota,Caudoviricetes,Caudoviricetes incertae sedis,Fromanvirus,Fromanvirus twister,,dsDNA
Punavirus,186789,,,,,,,,,,,0.04,,,,,,561.0,Escherichia,Duplodnaviria,Heunggongvirae,Uroviricota,Caudoviricetes,Caudoviricetes incertae sedis,Punavirus,Punavirus P1,,dsDNA
Punavirus,186789,,,,,,,,,,,0.04,,,,,,562.0,Escherichia coli,Duplodnaviria,Heunggongvirae,Uroviricota,Caudoviricetes,Caudoviricetes incertae sedis,Punavirus,unclassified Punavirus,,dsDNA
Punavirus,186789,,,,,,,,,,,0.04,,,,,,543.0,Enterobacteriaceae,Duplodnaviria,Heunggongvirae,Uroviricota,Caudoviricetes,Caudoviricetes incertae sedis,Punavirus,Punavirus P1,,dsDNA
Punavirus,186789,,,,,,,,,,,0.04,,,,,,562.0,Escherichia coli,Duplodnaviria,Heunggongvirae,Uroviricota,Caudoviricetes,Caudoviricetes incertae sedis,Punavirus,Punavirus P1,,dsDNA
Punavirus,186789,,,,,,,,,,,0.04,,,,,,1211845.0,Escherichia coli MC1061,Duplodnaviria,Heunggongvirae,Uroviricota,Caudoviricetes,Caudoviricetes incertae sedis,Punavirus,Punavirus P1,,dsDNA
Punavirus,186789,,,,,,,,,,,0.04,,,,,,562.0,Escherichia coli,Duplodnaviria,Heunggongvirae,Uroviricota,Caudoviricetes,Caudoviricetes incertae sedis,Punavirus,Punavirus RCS47,,dsDNA
Punavirus,186789,,,,,,,,,,,0.04,,,,,,1.0,root,Duplodnaviria,Heunggongvirae,Uroviricota,Caudoviricetes,Caudoviricetes incertae sedis,Punavirus,,,dsDNA
Punavirus,186789,,,,,,,,,,,0.04,,,,,,2564646.0,Salmonella enterica subsp. enterica serovar Kouka,Duplodnaviria,Heunggongvirae,Uroviricota,Caudoviricetes,Caudoviricetes incertae sedis,Punavirus,unclassified Punavirus,,dsDNA
Punavirus,186789,,,,,,,,,,,0.04,,,,,,286783.0,Salmonella enterica subsp. enterica serovar Indiana,Duplodnaviria,Heunggongvirae,Uroviricota,Caudoviricetes,Caudoviricetes incertae sedis,Punavirus,Punavirus SJ46,,dsDNA
Lederbergvirus,186794,,,,,,,,,,0.22,,,,,,,439184.0,Escherichia coli RS218,Duplodnaviria,Heunggongvirae,Uroviricota,Caudoviricetes,Caudoviricetes incertae sedis,Lederbergvirus,unclassified Lederbergvirus,,dsDNA
Lederbergvirus,186794,,,,,,,,,,0.22,,,,,,,562.0,Escherichia coli,Duplodnaviria,Heunggongvirae,Uroviricota,Caudoviricetes,Caudoviricetes incertae sedis,Lederbergvirus,Lederbergvirus HK620,,dsDNA
Lederbergvirus,186794,,,,,,,,,,0.22,,,,,,,562.0,Escherichia coli,Duplodnaviria,Heunggongvirae,Uroviricota,Caudoviricetes,Caudoviricetes incertae sedis,Lederbergvirus,unclassified Lederbergvirus,,dsDNA
Lederbergvirus,186794,,,,,,,,,,0.22,,,,,,,59201.0,Salmonella enterica subsp. enterica,Duplodnaviria,Heunggongvirae,Uroviricota,Caudoviricetes,Caudoviricetes incertae sedis,Lederbergvirus,unclassified Lederbergvirus,,dsDNA
Lederbergvirus,186794,,,,,,,,,,0.22,,,,,,,1351.0,Enterococcus faecalis,Duplodnaviria,Heunggongvirae,Uroviricota,Caudoviricetes,Caudoviricetes incertae sedis,Lederbergvirus,unclassified Lederbergvirus,,dsDNA
Lederbergvirus,186794,,,,,,,,,,0.22,,,,,,,85569.0,Salmonella enterica subsp. enterica serovar Typhimurium str. DT104,Duplodnaviria,Heunggongvirae,Uroviricota,Caudoviricetes,Caudoviricetes incertae sedis,Lederbergvirus,unclassified Lederbergvirus,,dsDNA
Lederbergvirus,186794,,,,,,,,,,0.22,,,,,,,561.0,Escherichia,Duplodnaviria,Heunggongvirae,Uroviricota,Caudoviricetes,Caudoviricetes incertae sedis,Lederbergvirus,unclassified Lederbergvirus,,dsDNA
Lederbergvirus,186794,,,,,,,,,,0.22,,,,,,,1884818.0,Escherichia sp.,Duplodnaviria,Heunggongvirae,Uroviricota,Caudoviricetes,Caudoviricetes incertae sedis,Lederbergvirus,unclassified Lederbergvirus,,dsDNA
Lederbergvirus,186794,,,,,,,,,,0.22,,,,,,,1314835.0,Escherichia coli MP1,Duplodnaviria,Heunggongvirae,Uroviricota,Caudoviricetes,Caudoviricetes incertae sedis,Lederbergvirus,unclassified Lederbergvirus,,dsDNA
Lederbergvirus,186794,,,,,,,,,,0.22,,,,,,,573.0,Klebsiella pneumoniae,Duplodnaviria,Heunggongvirae,Uroviricota,Caudoviricetes,Caudoviricetes incertae sedis,Lederbergvirus,unclassified Lederbergvirus,,dsDNA
Lederbergvirus,186794,,,,,,,,,,0.22,,,,,,,28901.0,Salmonella enterica,Duplodnaviria,Heunggongvirae,Uroviricota,Caudoviricetes,Caudoviricetes incertae sedis,Lederbergvirus,,,dsDNA
Lederbergvirus,186794,,,,,,,,,,0.22,,,,,,,584.0,Proteus mirabilis,Duplodnaviria,Heunggongvirae,Uroviricota,Caudoviricetes,Caudoviricetes incertae sedis,Lederbergvirus,unclassified Lederbergvirus,,dsDNA
Lederbergvirus,186794,,,,,,,,,,0.22,,,,,,,28901.0,Salmonella enterica,Duplodnaviria,Heunggongvirae,Uroviricota,Caudoviricetes,Caudoviricetes incertae sedis,Lederbergvirus,unclassified Lederbergvirus,,dsDNA
Lederbergvirus,186794,,,,,,,,,,0.22,,,,,,,90371.0,Salmonella enterica subsp. enterica serovar Typhimurium,Duplodnaviria,Heunggongvirae,Uroviricota,Caudoviricetes,Caudoviricetes incertae sedis,Lederbergvirus,Lederbergvirus P22,,dsDNA
Lederbergvirus,186794,,,,,,,,,,0.22,,,,,,,90371.0,Salmonella enterica subsp. enterica serovar Typhimurium,Duplodnaviria,Heunggongvirae,Uroviricota,Caudoviricetes,Caudoviricetes incertae sedis,Lederbergvirus,unclassified Lederbergvirus,,dsDNA
Lederbergvirus,186794,,,,,,,,,,0.22,,,,,,,605.0,Salmonella enterica subsp. enterica serovar Pullorum,Duplodnaviria,Heunggongvirae,Uroviricota,Caudoviricetes,Caudoviricetes incertae sedis,Lederbergvirus,unclassified Lederbergvirus,,dsDNA
Lederbergvirus,186794,,,,,,,,,,0.22,,,,,,,58712.0,Salmonella enterica subsp. enterica serovar Anatum,Duplodnaviria,Heunggongvirae,Uroviricota,Caudoviricetes,Caudoviricetes incertae sedis,Lederbergvirus,unclassified Lederbergvirus,,dsDNA
Lederbergvirus,186794,,,,,,,,,,0.22,,,,,,,599.0,Salmonella sp.,Duplodnaviria,Heunggongvirae,Uroviricota,Caudoviricetes,Caudoviricetes incertae sedis,Lederbergvirus,Lederbergvirus P22,,dsDNA
Lederbergvirus,186794,,,,,,,,,,0.22,,,,,,,28901.0,Salmonella enterica,Duplodnaviria,Heunggongvirae,Uroviricota,Caudoviricetes,Caudoviricetes incertae sedis,Lederbergvirus,Lederbergvirus ST64T,,dsDNA
Lederbergvirus,186794,,,,,,,,,,0.22,,,,,,,1457319.0,Lopadostoma turgidum,Duplodnaviria,Heunggongvirae,Uroviricota,Caudoviricetes,Caudoviricetes incertae sedis,Lederbergvirus,unclassified Lederbergvirus,,dsDNA
Lederbergvirus,186794,,,,,,,,,,0.22,,,,,,,599.0,Salmonella sp.,Duplodnaviria,Heunggongvirae,Uroviricota,Caudoviricetes,Caudoviricetes incertae sedis,Lederbergvirus,unclassified Lederbergvirus,,dsDNA
Lederbergvirus,186794,,,,,,,,,,0.22,,,,,,,99287.0,Salmonella enterica subsp. enterica serovar Typhimurium str. LT2,Duplodnaviria,Heunggongvirae,Uroviricota,Caudoviricetes,Caudoviricetes incertae sedis,Lederbergvirus,Lederbergvirus P22,,dsDNA
Lederbergvirus,186794,,,,,,,,,,0.22,,,,,,,99287.0,Salmonella enterica subsp. enterica serovar Typhimurium str. LT2,Duplodnaviria,Heunggongvirae,Uroviricota,Caudoviricetes,Caudoviricetes incertae sedis,Lederbergvirus,unclassified Lederbergvirus,,dsDNA
Lederbergvirus,186794,,,,,,,,,,0.22,,,,,,,28901.0,Salmonella enterica,Duplodnaviria,Heunggongvirae,Uroviricota,Caudoviricetes,Caudoviricetes incertae sedis,Lederbergvirus,Lederbergvirus SE1Spa,,dsDNA
Lederbergvirus,186794,,,,,,,,,,0.22,,,,,,,590.0,Salmonella,Duplodnaviria,Heunggongvirae,Uroviricota,Caudoviricetes,Caudoviricetes incertae sedis,Lederbergvirus,unclassified Lederbergvirus,,dsDNA
Lederbergvirus,186794,,,,,,,,,,0.22,,,,,,,590.0,Salmonella,Duplodnaviria,Heunggongvirae,Uroviricota,Caudoviricetes,Caudoviricetes incertae sedis,Lederbergvirus,Lederbergvirus SE1Spa,,dsDNA
Lederbergvirus,186794,,,,,,,,,,0.22,,,,,,,59204.0,Salmonella enterica subsp. diarizonae,Duplodnaviria,Heunggongvirae,Uroviricota,Caudoviricetes,Caudoviricetes incertae sedis,Lederbergvirus,unclassified Lederbergvirus,,dsDNA
Lederbergvirus,186794,,,,,,,,,,0.22,,,,,,,90370.0,Salmonella enterica subsp. enterica serovar Typhi,Duplodnaviria,Heunggongvirae,Uroviricota,Caudoviricetes,Caudoviricetes incertae sedis,Lederbergvirus,unclassified Lederbergvirus,,dsDNA
Lederbergvirus,186794,,,,,,,,,,0.22,,,,,,,90371.0,Salmonella enterica subsp. enterica serovar Typhimurium,Duplodnaviria,Heunggongvirae,Uroviricota,Caudoviricetes,Caudoviricetes incertae sedis,Lederbergvirus,Lederbergvirus ST64T,,dsDNA
Lederbergvirus,186794,,,,,,,,,,0.22,,,,,,,1160769.0,Salmonella enterica subsp. enterica serovar Worthington,Duplodnaviria,Heunggongvirae,Uroviricota,Caudoviricetes,Caudoviricetes incertae sedis,Lederbergvirus,unclassified Lederbergvirus,,dsDNA
Lederbergvirus,186794,,,,,,,,,,0.22,,,,,,,149387.0,Salmonella enterica subsp. enterica serovar Brandenburg,Duplodnaviria,Heunggongvirae,Uroviricota,Caudoviricetes,Caudoviricetes incertae sedis,Lederbergvirus,unclassified Lederbergvirus,,dsDNA
Lederbergvirus,186794,,,,,,,,,,0.22,,,,,,,149539.0,Salmonella enterica subsp. enterica serovar Enteritidis,Duplodnaviria,Heunggongvirae,Uroviricota,Caudoviricetes,Caudoviricetes incertae sedis,Lederbergvirus,unclassified Lederbergvirus,,dsDNA
Lederbergvirus,186794,,,,,,,,,,0.22,,,,,,,623.0,Shigella flexneri,Duplodnaviria,Heunggongvirae,Uroviricota,Caudoviricetes,Caudoviricetes incertae sedis,Lederbergvirus,Lederbergvirus Sf6,,dsDNA
Tunavirus,187217,,,,0.28,,,,,,0.32,,,,,,,469008.0,Escherichia coli BL21(DE3),Duplodnaviria,Heunggongvirae,Uroviricota,Caudoviricetes,Caudoviricetes incertae sedis,Drexlerviridae,Tunavirinae,Tunavirus,dsDNA
Tunavirus,187217,,,,0.28,,,,,,0.32,,,,,,,562.0,Escherichia coli,Duplodnaviria,Heunggongvirae,Uroviricota,Caudoviricetes,Caudoviricetes incertae sedis,Drexlerviridae,Tunavirinae,Tunavirus,dsDNA
Tunavirus,187217,,,,0.28,,,,,,0.32,,,,,,,585055.0,Escherichia coli 55989,Duplodnaviria,Heunggongvirae,Uroviricota,Caudoviricetes,Caudoviricetes incertae sedis,Drexlerviridae,Tunavirinae,Tunavirus,dsDNA
Tunavirus,187217,,,,0.28,,,,,,0.32,,,,,,,511693.0,Escherichia coli BL21,Duplodnaviria,Heunggongvirae,Uroviricota,Caudoviricetes,Caudoviricetes incertae sedis,Drexlerviridae,Tunavirinae,Tunavirus,dsDNA
Tunavirus,187217,,,,0.28,,,,,,0.32,,,,,,,561.0,Escherichia,Duplodnaviria,Heunggongvirae,Uroviricota,Caudoviricetes,Caudoviricetes incertae sedis,Drexlerviridae,Tunavirinae,Tunavirus,dsDNA
Tunavirus,187217,,,,0.28,,,,,,0.32,,,,,,,1211845.0,Escherichia coli MC1061,Duplodnaviria,Heunggongvirae,Uroviricota,Caudoviricetes,Caudoviricetes incertae sedis,Drexlerviridae,Tunavirinae,Tunavirus,dsDNA
Tunavirus,187217,,,,0.28,,,,,,0.32,,,,,,,1884818.0,Escherichia sp.,Duplodnaviria,Heunggongvirae,Uroviricota,Caudoviricetes,Caudoviricetes incertae sedis,Drexlerviridae,Tunavirinae,Tunavirus,dsDNA
Tunavirus,187217,,,,0.28,,,,,,0.32,,,,,,,679895.0,Escherichia coli BW25113,Duplodnaviria,Heunggongvirae,Uroviricota,Caudoviricetes,Caudoviricetes incertae sedis,Drexlerviridae,Tunavirinae,Tunavirus,dsDNA
Tunavirus,187217,,,,0.28,,,,,,0.32,,,,,,,42897.0,Shigella flexneri 2a,Duplodnaviria,Heunggongvirae,Uroviricota,Caudoviricetes,Caudoviricetes incertae sedis,Drexlerviridae,Tunavirinae,Tunavirus,dsDNA
Tunavirus,187217,,,,0.28,,,,,,0.32,,,,,,,1288825.0,Shigella flexneri 2b,Duplodnaviria,Heunggongvirae,Uroviricota,Caudoviricetes,Caudoviricetes incertae sedis,Drexlerviridae,Tunavirinae,Tunavirus,dsDNA
Tunavirus,187217,,,,0.28,,,,,,0.32,,,,,,,623.0,Shigella flexneri,Duplodnaviria,Heunggongvirae,Uroviricota,Caudoviricetes,Caudoviricetes incertae sedis,Drexlerviridae,Tunavirinae,Tunavirus,dsDNA
Tunavirus,187217,,,,0.28,,,,,,0.32,,,,,,,625.0,Shigella sp.,Duplodnaviria,Heunggongvirae,Uroviricota,Caudoviricetes,Caudoviricetes incertae sedis,Drexlerviridae,Tunavirinae,Tunavirus,dsDNA
Tunavirus,187217,,,,0.28,,,,,,0.32,,,,,,,620.0,Shigella,Duplodnaviria,Heunggongvirae,Uroviricota,Caudoviricetes,Caudoviricetes incertae sedis,Drexlerviridae,Tunavirinae,Tunavirus,dsDNA
Tunavirus,187217,,,,0.28,,,,,,0.32,,,,,,,622.0,Shigella dysenteriae,Duplodnaviria,Heunggongvirae,Uroviricota,Caudoviricetes,Caudoviricetes incertae sedis,Drexlerviridae,Tunavirinae,Tunavirus,dsDNA
Tunavirus,187217,,,,0.28,,,,,,0.32,,,,,,,624.0,Shigella sonnei,Duplodnaviria,Heunggongvirae,Uroviricota,Caudoviricetes,Caudoviricetes incertae sedis,Drexlerviridae,Tunavirinae,Tunavirus,dsDNA
Tequintavirus,187218,,,,,,,,,,,0.04,,,,,,562.0,Escherichia coli,Duplodnaviria,Heunggongvirae,Uroviricota,Caudoviricetes,Caudoviricetes incertae sedis,Demerecviridae,Markadamsvirinae,Tequintavirus,dsDNA
Tequintavirus,187218,,,,,,,,,,,0.04,,,,,,561.0,Escherichia,Duplodnaviria,Heunggongvirae,Uroviricota,Caudoviricetes,Caudoviricetes incertae sedis,Demerecviridae,Markadamsvirinae,Tequintavirus,dsDNA
Tequintavirus,187218,,,,,,,,,,,0.04,,,,,,83334.0,Escherichia coli O157:H7,Duplodnaviria,Heunggongvirae,Uroviricota,Caudoviricetes,Caudoviricetes incertae sedis,Demerecviridae,Markadamsvirinae,Tequintavirus,dsDNA
Tequintavirus,187218,,,,,,,,,,,0.04,,,,,,1884818.0,Escherichia sp.,Duplodnaviria,Heunggongvirae,Uroviricota,Caudoviricetes,Caudoviricetes incertae sedis,Demerecviridae,Markadamsvirinae,Tequintavirus,dsDNA
Tequintavirus,187218,,,,,,,,,,,0.04,,,,,,599.0,Salmonella sp.,Duplodnaviria,Heunggongvirae,Uroviricota,Caudoviricetes,Caudoviricetes incertae sedis,Demerecviridae,Markadamsvirinae,Tequintavirus,dsDNA
Tequintavirus,187218,,,,,,,,,,,0.04,,,,,,1045010.0,Escherichia coli O157,Duplodnaviria,Heunggongvirae,Uroviricota,Caudoviricetes,Caudoviricetes incertae sedis,Demerecviridae,Markadamsvirinae,Tequintavirus,dsDNA
Tequintavirus,187218,,,,,,,,,,,0.04,,,,,,1049565.0,Klebsiella pneumoniae KCTC 2242,Duplodnaviria,Heunggongvirae,Uroviricota,Caudoviricetes,Caudoviricetes incertae sedis,Demerecviridae,Markadamsvirinae,Tequintavirus,dsDNA
Tequintavirus,187218,,,,,,,,,,,0.04,,,,,,28901.0,Salmonella enterica,Duplodnaviria,Heunggongvirae,Uroviricota,Caudoviricetes,Caudoviricetes incertae sedis,Demerecviridae,Markadamsvirinae,Tequintavirus,dsDNA
Tequintavirus,187218,,,,,,,,,,,0.04,,,,,,611.0,Salmonella enterica subsp. enterica serovar Heidelberg,Duplodnaviria,Heunggongvirae,Uroviricota,Caudoviricetes,Caudoviricetes incertae sedis,Demerecviridae,Markadamsvirinae,Tequintavirus,dsDNA
Tequintavirus,187218,,,,,,,,,,,0.04,,,,,,119912.0,Salmonella enterica subsp. enterica serovar Choleraesuis,Duplodnaviria,Heunggongvirae,Uroviricota,Caudoviricetes,Caudoviricetes incertae sedis,Demerecviridae,Markadamsvirinae,Tequintavirus,dsDNA
Tequintavirus,187218,,,,,,,,,,,0.04,,,,,,9031.0,Gallus gallus,Duplodnaviria,Heunggongvirae,Uroviricota,Caudoviricetes,Caudoviricetes incertae sedis,Demerecviridae,Markadamsvirinae,Tequintavirus,dsDNA
Tequintavirus,187218,,,,,,,,,,,0.04,,,,,,54388.0,Salmonella enterica subsp. enterica serovar Paratyphi A,Duplodnaviria,Heunggongvirae,Uroviricota,Caudoviricetes,Caudoviricetes incertae sedis,Demerecviridae,Markadamsvirinae,Tequintavirus,dsDNA
Tequintavirus,187218,,,,,,,,,,,0.04,,,,,,600.0,Salmonella enterica subsp. enterica serovar Thompson,Duplodnaviria,Heunggongvirae,Uroviricota,Caudoviricetes,Caudoviricetes incertae sedis,Demerecviridae,Markadamsvirinae,Tequintavirus,dsDNA
Tequintavirus,187218,,,,,,,,,,,0.04,,,,,,624.0,Shigella sonnei,Duplodnaviria,Heunggongvirae,Uroviricota,Caudoviricetes,Caudoviricetes incertae sedis,Demerecviridae,Markadamsvirinae,Tequintavirus,dsDNA
Kobuvirus,194960,2.12,,,,,,,,,,,,,,,,9534.0,Chlorocebus aethiops,Riboviria,Orthornavirae,Pisuviricota,Pisoniviricetes,Picornavirales,Picornaviridae,Kodimesavirinae,Kobuvirus,
Kobuvirus,194960,2.12,,,,,,,,,,,,,,,,9606.0,Homo sapiens,Riboviria,Orthornavirae,Pisuviricota,Pisoniviricetes,Picornavirales,Picornaviridae,Kodimesavirinae,Kobuvirus,
Kobuvirus,194960,2.12,,,,,,,,,,,,,,,,144753.0,Peromyscus crinitus,Riboviria,Orthornavirae,Pisuviricota,Pisoniviricetes,Picornavirales,Picornaviridae,Kodimesavirinae,Kobuvirus,
Kobuvirus,194960,2.12,,,,,,,,,,,,,,,,9685.0,Felis catus,Riboviria,Orthornavirae,Pisuviricota,Pisoniviricetes,Picornavirales,Picornaviridae,Kodimesavirinae,Kobuvirus,
Kobuvirus,194960,2.12,,,,,,,,,,,,,,,,61294.0,Capra sp.,Riboviria,Orthornavirae,Pisuviricota,Pisoniviricetes,Picornavirales,Picornaviridae,Kodimesavirinae,Kobuvirus,
Kobuvirus,194960,2.12,,,,,,,,,,,,,,,,9925.0,Capra hircus,Riboviria,Orthornavirae,Pisuviricota,Pisoniviricetes,Picornavirales,Picornaviridae,Kodimesavirinae,Kobuvirus,
Kobuvirus,194960,2.12,,,,,,,,,,,,,,,,9913.0,Bos taurus,Riboviria,Orthornavirae,Pisuviricota,Pisoniviricetes,Picornavirales,Picornaviridae,Kodimesavirinae,Kobuvirus,
Kobuvirus,194960,2.12,,,,,,,,,,,,,,,,9823.0,Sus scrofa,Riboviria,Orthornavirae,Pisuviricota,Pisoniviricetes,Picornavirales,Picornaviridae,Kodimesavirinae,Kobuvirus,
Kobuvirus,194960,2.12,,,,,,,,,,,,,,,,9825.0,Sus scrofa domesticus,Riboviria,Orthornavirae,Pisuviricota,Pisoniviricetes,Picornavirales,Picornaviridae,Kodimesavirinae,Kobuvirus,
Mamastrovirus,249588,,0.63,0.48,0.5,2.51,0.24,,0.16,0.61,,0.24,,2.41,,0.35,0.54,9606.0,Homo sapiens,Riboviria,Orthornavirae,Pisuviricota,Stelpaviricetes,Stellavirales,Astroviridae,Mamastrovirus,Mamastrovirus melbournense,
Mamastrovirus,249588,,0.63,0.48,0.5,2.51,0.24,,0.16,0.61,,0.24,,2.41,,0.35,0.54,10116.0,Rattus norvegicus,Riboviria,Orthornavirae,Pisuviricota,Stelpaviricetes,Stellavirales,Astroviridae,Mamastrovirus,Mamastrovirus melbournense,
Mamastrovirus,249588,,0.63,0.48,0.5,2.51,0.24,,0.16,0.61,,0.24,,2.41,,0.35,0.54,9823.0,Sus scrofa,Riboviria,Orthornavirae,Pisuviricota,Stelpaviricetes,Stellavirales,Astroviridae,Mamastrovirus,unclassified Mamastrovirus,
Mamastrovirus,249588,,0.63,0.48,0.5,2.51,0.24,,0.16,0.61,,0.24,,2.41,,0.35,0.54,9903.0,Bos,Riboviria,Orthornavirae,Pisuviricota,Stelpaviricetes,Stellavirales,Astroviridae,Mamastrovirus,unclassified Mamastrovirus,
Mamastrovirus,249588,,0.63,0.48,0.5,2.51,0.24,,0.16,0.61,,0.24,,2.41,,0.35,0.54,9913.0,Bos taurus,Riboviria,Orthornavirae,Pisuviricota,Stelpaviricetes,Stellavirales,Astroviridae,Mamastrovirus,unclassified Mamastrovirus,
Mamastrovirus,249588,,0.63,0.48,0.5,2.51,0.24,,0.16,0.61,,0.24,,2.41,,0.35,0.54,9615.0,Canis lupus familiaris,Riboviria,Orthornavirae,Pisuviricota,Stelpaviricetes,Stellavirales,Astroviridae,Mamastrovirus,unclassified Mamastrovirus,
Mamastrovirus,249588,,0.63,0.48,0.5,2.51,0.24,,0.16,0.61,,0.24,,2.41,,0.35,0.54,9838.0,Camelus dromedarius,Riboviria,Orthornavirae,Pisuviricota,Stelpaviricetes,Stellavirales,Astroviridae,Mamastrovirus,unclassified Mamastrovirus,
Mamastrovirus,249588,,0.63,0.48,0.5,2.51,0.24,,0.16,0.61,,0.24,,2.41,,0.35,0.54,9685.0,Felis catus,Riboviria,Orthornavirae,Pisuviricota,Stelpaviricetes,Stellavirales,Astroviridae,Mamastrovirus,unclassified Mamastrovirus,
Mamastrovirus,249588,,0.63,0.48,0.5,2.51,0.24,,0.16,0.61,,0.24,,2.41,,0.35,0.54,452646.0,Neogale vison,Riboviria,Orthornavirae,Pisuviricota,Stelpaviricetes,Stellavirales,Astroviridae,Mamastrovirus,Mamastrovirus mustelae,
Mamastrovirus,249588,,0.63,0.48,0.5,2.51,0.24,,0.16,0.61,,0.24,,2.41,,0.35,0.54,9940.0,Ovis aries,Riboviria,Orthornavirae,Pisuviricota,Stelpaviricetes,Stellavirales,Astroviridae,Mamastrovirus,Mamastrovirus ovis,
Mamastrovirus,249588,,0.63,0.48,0.5,2.51,0.24,,0.16,0.61,,0.24,,2.41,,0.35,0.54,1.0,root,Riboviria,Orthornavirae,Pisuviricota,Stelpaviricetes,Stellavirales,Astroviridae,Mamastrovirus,Mamastrovirus melbournense,
Mamastrovirus,249588,,0.63,0.48,0.5,2.51,0.24,,0.16,0.61,,0.24,,2.41,,0.35,0.54,93163.0,Marmota himalayana,Riboviria,Orthornavirae,Pisuviricota,Stelpaviricetes,Stellavirales,Astroviridae,Mamastrovirus,unclassified Mamastrovirus,
Mamastrovirus,249588,,0.63,0.48,0.5,2.51,0.24,,0.16,0.61,,0.24,,2.41,,0.35,0.54,9986.0,Oryctolagus cuniculus,Riboviria,Orthornavirae,Pisuviricota,Stelpaviricetes,Stellavirales,Astroviridae,Mamastrovirus,unclassified Mamastrovirus,
Mamastrovirus,249588,,0.63,0.48,0.5,2.51,0.24,,0.16,0.61,,0.24,,2.41,,0.35,0.54,30521.0,Bos grunniens,Riboviria,Orthornavirae,Pisuviricota,Stelpaviricetes,Stellavirales,Astroviridae,Mamastrovirus,unclassified Mamastrovirus,
Mimivirus,315393,,,,,,,,,,0.09,0.04,,,,,,5755.0,Acanthamoeba castellanii,Varidnaviria,Bamfordvirae,Nucleocytoviricota,Megaviricetes,Imitervirales,Mimiviridae,Megamimivirinae,Mimivirus,
Mimivirus,315393,,,,,,,,,,0.09,0.04,,,,,,5757.0,Acanthamoeba polyphaga,Varidnaviria,Bamfordvirae,Nucleocytoviricota,Megaviricetes,Imitervirales,Mimiviridae,Megamimivirinae,Mimivirus,
Rauchvirus,542959,,,0.14,,,,,,,0.08,0.07,,,,0.06,0.12,518.0,Bordetella bronchiseptica,Duplodnaviria,Heunggongvirae,Uroviricota,Caudoviricetes,Caudoviricetes incertae sedis,Rauchvirus,Rauchvirus BPP1,,dsDNA
Uetakevirus,542960,,,,,,,,,,,0.07,,,,,,550.0,Enterobacter cloacae,Duplodnaviria,Heunggongvirae,Uroviricota,Caudoviricetes,Caudoviricetes incertae sedis,Uetakevirus,unclassified Uetakevirus,,dsDNA
Uetakevirus,542960,,,,,,,,,,,0.07,,,,,,1676277.0,Enterobacter sp. CT7,Duplodnaviria,Heunggongvirae,Uroviricota,Caudoviricetes,Caudoviricetes incertae sedis,Uetakevirus,unclassified Uetakevirus,,dsDNA
Uetakevirus,542960,,,,,,,,,,,0.07,,,,,,83334.0,Escherichia coli O157:H7,Duplodnaviria,Heunggongvirae,Uroviricota,Caudoviricetes,Caudoviricetes incertae sedis,Uetakevirus,Uetakevirus phiV10,,dsDNA
Uetakevirus,542960,,,,,,,,,,,0.07,,,,,,83334.0,Escherichia coli O157:H7,Duplodnaviria,Heunggongvirae,Uroviricota,Caudoviricetes,Caudoviricetes incertae sedis,Uetakevirus,unclassified Uetakevirus,,dsDNA
Uetakevirus,542960,,,,,,,,,,,0.07,,,,,,561.0,Escherichia,Duplodnaviria,Heunggongvirae,Uroviricota,Caudoviricetes,Caudoviricetes incertae sedis,Uetakevirus,unclassified Uetakevirus,,dsDNA
Uetakevirus,542960,,,,,,,,,,,0.07,,,,,,562.0,Escherichia coli,Duplodnaviria,Heunggongvirae,Uroviricota,Caudoviricetes,Caudoviricetes incertae sedis,Uetakevirus,unclassified Uetakevirus,,dsDNA
Uetakevirus,542960,,,,,,,,,,,0.07,,,,,,562.0,Escherichia coli,Duplodnaviria,Heunggongvirae,Uroviricota,Caudoviricetes,Caudoviricetes incertae sedis,Uetakevirus,Uetakevirus PAS61,,dsDNA
Uetakevirus,542960,,,,,,,,,,,0.07,,,,,,573.0,Klebsiella pneumoniae,Duplodnaviria,Heunggongvirae,Uroviricota,Caudoviricetes,Caudoviricetes incertae sedis,Uetakevirus,unclassified Uetakevirus,,dsDNA
Uetakevirus,542960,,,,,,,,,,,0.07,,,,,,611.0,Salmonella enterica subsp. enterica serovar Heidelberg,Duplodnaviria,Heunggongvirae,Uroviricota,Caudoviricetes,Caudoviricetes incertae sedis,Uetakevirus,unclassified Uetakevirus,,dsDNA
Uetakevirus,542960,,,,,,,,,,,0.07,,,,,,28901.0,Salmonella enterica,Duplodnaviria,Heunggongvirae,Uroviricota,Caudoviricetes,Caudoviricetes incertae sedis,Uetakevirus,Uetakevirus epsilon15,,dsDNA
Uetakevirus,542960,,,,,,,,,,,0.07,,,,,,58712.0,Salmonella enterica subsp. enterica serovar Anatum,Duplodnaviria,Heunggongvirae,Uroviricota,Caudoviricetes,Caudoviricetes incertae sedis,Uetakevirus,Uetakevirus epsilon15,,dsDNA
Uetakevirus,542960,,,,,,,,,,,0.07,,,,,,90371.0,Salmonella enterica subsp. enterica serovar Typhimurium,Duplodnaviria,Heunggongvirae,Uroviricota,Caudoviricetes,Caudoviricetes incertae sedis,Uetakevirus,Uetakevirus SPN1S,,dsDNA
Uetakevirus,542960,,,,,,,,,,,0.07,,,,,,59201.0,Salmonella enterica subsp. enterica,Duplodnaviria,Heunggongvirae,Uroviricota,Caudoviricetes,Caudoviricetes incertae sedis,Uetakevirus,unclassified Uetakevirus,,dsDNA
Percavirus,548688,,,0.12,,,,,,,,,,,,,,9796.0,Equus caballus,Duplodnaviria,Heunggongvirae,Peploviricota,Herviviricetes,Herpesvirales,Orthoherpesviridae,Gammaherpesvirinae,Percavirus,dsDNA
Percavirus,548688,,,0.12,,,,,,,,,,,,,,39089.0,Phoca groenlandica,Duplodnaviria,Heunggongvirae,Peploviricota,Herviviricetes,Herpesvirales,Orthoherpesviridae,Gammaherpesvirinae,Percavirus,dsDNA
Percavirus,548688,,,0.12,,,,,,,,,,,,,,59479.0,Rhinolophus ferrumequinum,Duplodnaviria,Heunggongvirae,Peploviricota,Herviviricetes,Herpesvirales,Orthoherpesviridae,Gammaherpesvirinae,Percavirus,dsDNA
Alphabaculovirus,558016,,,,,,0.22,,,0.15,0.07,0.13,,,,0.08,0.15,,,,,,,,,,,
Betabaculovirus,558017,,,,,,,,,,,0.02,,,,,,,,,,,,,,,,
Bixzunavirus,680114,,,,,,,,,,,0.02,,,,,,246196.0,Mycolicibacterium smegmatis MC2 155,Duplodnaviria,Heunggongvirae,Uroviricota,Caudoviricetes,Caudoviricetes incertae sedis,Bixzunavirus,unclassified Bixzunavirus,,dsDNA
Bixzunavirus,680114,,,,,,,,,,,0.02,,,,,,246196.0,Mycolicibacterium smegmatis MC2 155,Duplodnaviria,Heunggongvirae,Uroviricota,Caudoviricetes,Caudoviricetes incertae sedis,Bixzunavirus,Bixzunavirus alice,,dsDNA
Bixzunavirus,680114,,,,,,,,,,,0.02,,,,,,246196.0,Mycolicibacterium smegmatis MC2 155,Duplodnaviria,Heunggongvirae,Uroviricota,Caudoviricetes,Caudoviricetes incertae sedis,Bixzunavirus,Bixzunavirus Bxz1,,dsDNA
Bixzunavirus,680114,,,,,,,,,,,0.02,,,,,,246196.0,Mycolicibacterium smegmatis MC2 155,Duplodnaviria,Heunggongvirae,Uroviricota,Caudoviricetes,Caudoviricetes incertae sedis,Bixzunavirus,Bixzunavirus astraea,,dsDNA
Bixzunavirus,680114,,,,,,,,,,,0.02,,,,,,1763.0,Mycobacterium,Duplodnaviria,Heunggongvirae,Uroviricota,Caudoviricetes,Caudoviricetes incertae sedis,Bixzunavirus,unclassified Bixzunavirus,,dsDNA
Bixzunavirus,680114,,,,,,,,,,,0.02,,,,,,246196.0,Mycolicibacterium smegmatis MC2 155,Duplodnaviria,Heunggongvirae,Uroviricota,Caudoviricetes,Caudoviricetes incertae sedis,Bixzunavirus,Bixzunavirus bigswole,,dsDNA
Bixzunavirus,680114,,,,,,,,,,,0.02,,,,,,1763.0,Mycobacterium,Duplodnaviria,Heunggongvirae,Uroviricota,Caudoviricetes,Caudoviricetes incertae sedis,Bixzunavirus,Bixzunavirus Bxz1,,dsDNA
Bixzunavirus,680114,,,,,,,,,,,0.02,,,,,,1772.0,Mycolicibacterium smegmatis,Duplodnaviria,Heunggongvirae,Uroviricota,Caudoviricetes,Caudoviricetes incertae sedis,Bixzunavirus,Bixzunavirus Bxz1,,dsDNA
Bixzunavirus,680114,,,,,,,,,,,0.02,,,,,,1810.0,Mycolicibacterium vaccae,Duplodnaviria,Heunggongvirae,Uroviricota,Caudoviricetes,Caudoviricetes incertae sedis,Bixzunavirus,Bixzunavirus Bxz1,,dsDNA
Bixzunavirus,680114,,,,,,,,,,,0.02,,,,,,246196.0,Mycolicibacterium smegmatis MC2 155,Duplodnaviria,Heunggongvirae,Uroviricota,Caudoviricetes,Caudoviricetes incertae sedis,Bixzunavirus,Bixzunavirus cane17,,dsDNA
Bixzunavirus,680114,,,,,,,,,,,0.02,,,,,,246196.0,Mycolicibacterium smegmatis MC2 155,Duplodnaviria,Heunggongvirae,Uroviricota,Caudoviricetes,Caudoviricetes incertae sedis,Bixzunavirus,Bixzunavirus charlieB,,dsDNA
Bixzunavirus,680114,,,,,,,,,,,0.02,,,,,,246196.0,Mycolicibacterium smegmatis MC2 155,Duplodnaviria,Heunggongvirae,Uroviricota,Caudoviricetes,Caudoviricetes incertae sedis,Bixzunavirus,Bixzunavirus dandelion,,dsDNA
Bixzunavirus,680114,,,,,,,,,,,0.02,,,,,,246196.0,Mycolicibacterium smegmatis MC2 155,Duplodnaviria,Heunggongvirae,Uroviricota,Caudoviricetes,Caudoviricetes incertae sedis,Bixzunavirus,Bixzunavirus hyro,,dsDNA
Bixzunavirus,680114,,,,,,,,,,,0.02,,,,,,1763.0,Mycobacterium,Duplodnaviria,Heunggongvirae,Uroviricota,Caudoviricetes,Caudoviricetes incertae sedis,Bixzunavirus,Bixzunavirus I3,,dsDNA
Bixzunavirus,680114,,,,,,,,,,,0.02,,,,,,246196.0,Mycolicibacterium smegmatis MC2 155,Duplodnaviria,Heunggongvirae,Uroviricota,Caudoviricetes,Caudoviricetes incertae sedis,Bixzunavirus,Bixzunavirus lukilu,,dsDNA
Bixzunavirus,680114,,,,,,,,,,,0.02,,,,,,246196.0,Mycolicibacterium smegmatis MC2 155,Duplodnaviria,Heunggongvirae,Uroviricota,Caudoviricetes,Caudoviricetes incertae sedis,Bixzunavirus,Bixzunavirus mangeria,,dsDNA
Bixzunavirus,680114,,,,,,,,,,,0.02,,,,,,246196.0,Mycolicibacterium smegmatis MC2 155,Duplodnaviria,Heunggongvirae,Uroviricota,Caudoviricetes,Caudoviricetes incertae sedis,Bixzunavirus,Bixzunavirus nappy,,dsDNA
Bixzunavirus,680114,,,,,,,,,,,0.02,,,,,,246196.0,Mycolicibacterium smegmatis MC2 155,Duplodnaviria,Heunggongvirae,Uroviricota,Caudoviricetes,Caudoviricetes incertae sedis,Bixzunavirus,Bixzunavirus noodletree,,dsDNA
Bixzunavirus,680114,,,,,,,,,,,0.02,,,,,,1763.0,Mycobacterium,Duplodnaviria,Heunggongvirae,Uroviricota,Caudoviricetes,Caudoviricetes incertae sedis,Bixzunavirus,Bixzunavirus alice,,dsDNA
Bixzunavirus,680114,,,,,,,,,,,0.02,,,,,,246196.0,Mycolicibacterium smegmatis MC2 155,Duplodnaviria,Heunggongvirae,Uroviricota,Caudoviricetes,Caudoviricetes incertae sedis,Bixzunavirus,Bixzunavirus qbert,,dsDNA
Bixzunavirus,680114,,,,,,,,,,,0.02,,,,,,1763.0,Mycobacterium,Duplodnaviria,Heunggongvirae,Uroviricota,Caudoviricetes,Caudoviricetes incertae sedis,Bixzunavirus,Bixzunavirus quasimodo,,dsDNA
Bixzunavirus,680114,,,,,,,,,,,0.02,,,,,,1763.0,Mycobacterium,Duplodnaviria,Heunggongvirae,Uroviricota,Caudoviricetes,Caudoviricetes incertae sedis,Bixzunavirus,Bixzunavirus sauce,,dsDNA
Bixzunavirus,680114,,,,,,,,,,,0.02,,,,,,246196.0,Mycolicibacterium smegmatis MC2 155,Duplodnaviria,Heunggongvirae,Uroviricota,Caudoviricetes,Caudoviricetes incertae sedis,Bixzunavirus,Bixzunavirus sauce,,dsDNA
Bixzunavirus,680114,,,,,,,,,,,0.02,,,,,,246196.0,Mycolicibacterium smegmatis MC2 155,Duplodnaviria,Heunggongvirae,Uroviricota,Caudoviricetes,Caudoviricetes incertae sedis,Bixzunavirus,Bixzunavirus sebata,,dsDNA
Bixzunavirus,680114,,,,,,,,,,,0.02,,,,,,1763.0,Mycobacterium,Duplodnaviria,Heunggongvirae,Uroviricota,Caudoviricetes,Caudoviricetes incertae sedis,Bixzunavirus,Bixzunavirus hyro,,dsDNA
Bixzunavirus,680114,,,,,,,,,,,0.02,,,,,,246196.0,Mycolicibacterium smegmatis MC2 155,Duplodnaviria,Heunggongvirae,Uroviricota,Caudoviricetes,Caudoviricetes incertae sedis,Bixzunavirus,Bixzunavirus tonenili,,dsDNA
Kuravirus,680277,0.56,,0.18,,0.18,,,0.19,0.44,0.23,0.05,,0.32,0.08,0.24,0.43,562.0,Escherichia coli,Duplodnaviria,Heunggongvirae,Uroviricota,Caudoviricetes,Caudoviricetes incertae sedis,Mktvariviridae,Gordonclarkvirinae,Kuravirus,dsDNA
Kuravirus,680277,0.56,,0.18,,0.18,,,0.19,0.44,0.23,0.05,,0.32,0.08,0.24,0.43,1322345.0,Escherichia coli ATCC 25922,Duplodnaviria,Heunggongvirae,Uroviricota,Caudoviricetes,Caudoviricetes incertae sedis,Mktvariviridae,Gordonclarkvirinae,Kuravirus,dsDNA
Kuravirus,680277,0.56,,0.18,,0.18,,,0.19,0.44,0.23,0.05,,0.32,0.08,0.24,0.43,199310.0,Escherichia coli CFT073,Duplodnaviria,Heunggongvirae,Uroviricota,Caudoviricetes,Caudoviricetes incertae sedis,Mktvariviridae,Gordonclarkvirinae,Kuravirus,dsDNA
Kuravirus,680277,0.56,,0.18,,0.18,,,0.19,0.44,0.23,0.05,,0.32,0.08,0.24,0.43,561.0,Escherichia,Duplodnaviria,Heunggongvirae,Uroviricota,Caudoviricetes,Caudoviricetes incertae sedis,Mktvariviridae,Gordonclarkvirinae,Kuravirus,dsDNA
Kuravirus,680277,0.56,,0.18,,0.18,,,0.19,0.44,0.23,0.05,,0.32,0.08,0.24,0.43,753642.0,Escherichia coli NC101,Duplodnaviria,Heunggongvirae,Uroviricota,Caudoviricetes,Caudoviricetes incertae sedis,Mktvariviridae,Gordonclarkvirinae,Kuravirus,dsDNA
Kuravirus,680277,0.56,,0.18,,0.18,,,0.19,0.44,0.23,0.05,,0.32,0.08,0.24,0.43,623.0,Shigella flexneri,Duplodnaviria,Heunggongvirae,Uroviricota,Caudoviricetes,Caudoviricetes incertae sedis,Mktvariviridae,Gordonclarkvirinae,Kuravirus,dsDNA
Salivirus,688449,8.43,,,,,,,,,,,,,0.07,,0.1,9598.0,Pan troglodytes,Riboviria,Orthornavirae,Pisuviricota,Pisoniviricetes,Picornavirales,Picornaviridae,Kodimesavirinae,Salivirus,
Betacoronavirus,694002,0.56,,,,,,,,,,,,,,,,,,,,,,,,,,
Cyclovirus,742914,5.47,31.23,18.74,21.95,19.54,2.79,9.73,30.71,15.32,18.38,3.84,41.75,28.89,25.74,12.0,22.21,1.0,root,Monodnaviria,Shotokuvirae,Cressdnaviricota,Arfiviricetes,Cirlivirales,Circoviridae,Cyclovirus,Cyclovirus mchwa,
Cyclovirus,742914,5.47,31.23,18.74,21.95,19.54,2.79,9.73,30.71,15.32,18.38,3.84,41.75,28.89,25.74,12.0,22.21,2995614.0,Dorylus sp.,Monodnaviria,Shotokuvirae,Cressdnaviricota,Arfiviricetes,Cirlivirales,Circoviridae,Cyclovirus,unclassified Cyclovirus,
Cyclovirus,742914,5.47,31.23,18.74,21.95,19.54,2.79,9.73,30.71,15.32,18.38,3.84,41.75,28.89,25.74,12.0,22.21,138978.0,Vespadelus regulus,Monodnaviria,Shotokuvirae,Cressdnaviricota,Arfiviricetes,Cirlivirales,Circoviridae,Cyclovirus,unclassified Cyclovirus,
Cyclovirus,742914,5.47,31.23,18.74,21.95,19.54,2.79,9.73,30.71,15.32,18.38,3.84,41.75,28.89,25.74,12.0,22.21,258889.0,Chalinolobus gouldii,Monodnaviria,Shotokuvirae,Cressdnaviricota,Arfiviricetes,Cirlivirales,Circoviridae,Cyclovirus,unclassified Cyclovirus,
Cyclovirus,742914,5.47,31.23,18.74,21.95,19.54,2.79,9.73,30.71,15.32,18.38,3.84,41.75,28.89,25.74,12.0,22.21,9397.0,Chiroptera,Monodnaviria,Shotokuvirae,Cressdnaviricota,Arfiviricetes,Cirlivirales,Circoviridae,Cyclovirus,Cyclovirus doi,
Cyclovirus,742914,5.47,31.23,18.74,21.95,19.54,2.79,9.73,30.71,15.32,18.38,3.84,41.75,28.89,25.74,12.0,22.21,9438.0,Tadarida brasiliensis,Monodnaviria,Shotokuvirae,Cressdnaviricota,Arfiviricetes,Cirlivirales,Circoviridae,Cyclovirus,Cyclovirus doi,
Cyclovirus,742914,5.47,31.23,18.74,21.95,19.54,2.79,9.73,30.71,15.32,18.38,3.84,41.75,28.89,25.74,12.0,22.21,27622.0,Molossus molossus,Monodnaviria,Shotokuvirae,Cressdnaviricota,Arfiviricetes,Cirlivirales,Circoviridae,Cyclovirus,Cyclovirus murcielago,
Cyclovirus,742914,5.47,31.23,18.74,21.95,19.54,2.79,9.73,30.71,15.32,18.38,3.84,41.75,28.89,25.74,12.0,22.21,9913.0,Bos taurus,Monodnaviria,Shotokuvirae,Cressdnaviricota,Arfiviricetes,Cirlivirales,Circoviridae,Cyclovirus,Cyclovirus gaaye,
Cyclovirus,742914,5.47,31.23,18.74,21.95,19.54,2.79,9.73,30.71,15.32,18.38,3.84,41.75,28.89,25.74,12.0,22.21,191889.0,Libidibia ferrea,Monodnaviria,Shotokuvirae,Cressdnaviricota,Arfiviricetes,Cirlivirales,Circoviridae,Cyclovirus,Cyclovirus pauferro,
Cyclovirus,742914,5.47,31.23,18.74,21.95,19.54,2.79,9.73,30.71,15.32,18.38,3.84,41.75,28.89,25.74,12.0,22.21,9031.0,Gallus gallus,Monodnaviria,Shotokuvirae,Cressdnaviricota,Arfiviricetes,Cirlivirales,Circoviridae,Cyclovirus,Cyclovirus adie,
Cyclovirus,742914,5.47,31.23,18.74,21.95,19.54,2.79,9.73,30.71,15.32,18.38,3.84,41.75,28.89,25.74,12.0,22.21,27667.0,Lasionycteris noctivagans,Monodnaviria,Shotokuvirae,Cressdnaviricota,Arfiviricetes,Cirlivirales,Circoviridae,Cyclovirus,Cyclovirus liljak,
Cyclovirus,742914,5.47,31.23,18.74,21.95,19.54,2.79,9.73,30.71,15.32,18.38,3.84,41.75,28.89,25.74,12.0,22.21,9598.0,Pan troglodytes,Monodnaviria,Shotokuvirae,Cressdnaviricota,Arfiviricetes,Cirlivirales,Circoviridae,Cyclovirus,Cyclovirus ezzike,
Cyclovirus,742914,5.47,31.23,18.74,21.95,19.54,2.79,9.73,30.71,15.32,18.38,3.84,41.75,28.89,25.74,12.0,22.21,9796.0,Equus caballus,Monodnaviria,Shotokuvirae,Cressdnaviricota,Arfiviricetes,Cirlivirales,Circoviridae,Cyclovirus,Cyclovirus caballo,
Cyclovirus,742914,5.47,31.23,18.74,21.95,19.54,2.79,9.73,30.71,15.32,18.38,3.84,41.75,28.89,25.74,12.0,22.21,9606.0,Homo sapiens,Monodnaviria,Shotokuvirae,Cressdnaviricota,Arfiviricetes,Cirlivirales,Circoviridae,Cyclovirus,Cyclovirus mmadu,
Cyclovirus,742914,5.47,31.23,18.74,21.95,19.54,2.79,9.73,30.71,15.32,18.38,3.84,41.75,28.89,25.74,12.0,22.21,9925.0,Capra hircus,Monodnaviria,Shotokuvirae,Cressdnaviricota,Arfiviricetes,Cirlivirales,Circoviridae,Cyclovirus,Cyclovirus bakri,
Cyclovirus,742914,5.47,31.23,18.74,21.95,19.54,2.79,9.73,30.71,15.32,18.38,3.84,41.75,28.89,25.74,12.0,22.21,303877.0,Eurycotis floridana,Monodnaviria,Shotokuvirae,Cressdnaviricota,Arfiviricetes,Cirlivirales,Circoviridae,Cyclovirus,,
Cyclovirus,742914,5.47,31.23,18.74,21.95,19.54,2.79,9.73,30.71,15.32,18.38,3.84,41.75,28.89,25.74,12.0,22.21,1591310.0,Callosciurus erythraeus thaiwanensis,Monodnaviria,Shotokuvirae,Cressdnaviricota,Arfiviricetes,Cirlivirales,Circoviridae,Cyclovirus,Cyclovirus risi,
Cyclovirus,742914,5.47,31.23,18.74,21.95,19.54,2.79,9.73,30.71,15.32,18.38,3.84,41.75,28.89,25.74,12.0,22.21,214444.0,Crocidura hirta,Monodnaviria,Shotokuvirae,Cressdnaviricota,Arfiviricetes,Cirlivirales,Circoviridae,Cyclovirus,Cyclovirus nhanloai,
Cyclovirus,742914,5.47,31.23,18.74,21.95,19.54,2.79,9.73,30.71,15.32,18.38,3.84,41.75,28.89,25.74,12.0,22.21,641488.0,Crocidura luna,Monodnaviria,Shotokuvirae,Cressdnaviricota,Arfiviricetes,Cirlivirales,Circoviridae,Cyclovirus,Cyclovirus nhanloai,
Cyclovirus,742914,5.47,31.23,18.74,21.95,19.54,2.79,9.73,30.71,15.32,18.38,3.84,41.75,28.89,25.74,12.0,22.21,6962.0,Anisoptera,Monodnaviria,Shotokuvirae,Cressdnaviricota,Arfiviricetes,Cirlivirales,Circoviridae,Cyclovirus,unclassified Cyclovirus,
Cyclovirus,742914,5.47,31.23,18.74,21.95,19.54,2.79,9.73,30.71,15.32,18.38,3.84,41.75,28.89,25.74,12.0,22.21,185825.0,Pantala flavescens,Monodnaviria,Shotokuvirae,Cressdnaviricota,Arfiviricetes,Cirlivirales,Circoviridae,Cyclovirus,Cyclovirus kisikisi,
Cyclovirus,742914,5.47,31.23,18.74,21.95,19.54,2.79,9.73,30.71,15.32,18.38,3.84,41.75,28.89,25.74,12.0,22.21,447881.0,Tholymis tillarga,Monodnaviria,Shotokuvirae,Cressdnaviricota,Arfiviricetes,Cirlivirales,Circoviridae,Cyclovirus,Cyclovirus kisikisi,
Cyclovirus,742914,5.47,31.23,18.74,21.95,19.54,2.79,9.73,30.71,15.32,18.38,3.84,41.75,28.89,25.74,12.0,22.21,70384.0,Erythemis simplicicollis,Monodnaviria,Shotokuvirae,Cressdnaviricota,Arfiviricetes,Cirlivirales,Circoviridae,Cyclovirus,Cyclovirus tonbo,
Cyclovirus,742914,5.47,31.23,18.74,21.95,19.54,2.79,9.73,30.71,15.32,18.38,3.84,41.75,28.89,25.74,12.0,22.21,237662.0,Rhionaeschna multicolor,Monodnaviria,Shotokuvirae,Cressdnaviricota,Arfiviricetes,Cirlivirales,Circoviridae,Cyclovirus,Cyclovirus vazka,
Cyclovirus,742914,5.47,31.23,18.74,21.95,19.54,2.79,9.73,30.71,15.32,18.38,3.84,41.75,28.89,25.74,12.0,22.21,451475.0,Erythrodiplax umbrata,Monodnaviria,Shotokuvirae,Cressdnaviricota,Arfiviricetes,Cirlivirales,Circoviridae,Cyclovirus,Cyclovirus libelula,
Cyclovirus,742914,5.47,31.23,18.74,21.95,19.54,2.79,9.73,30.71,15.32,18.38,3.84,41.75,28.89,25.74,12.0,22.21,481685.0,Xanthocnemis zealandica,Monodnaviria,Shotokuvirae,Cressdnaviricota,Arfiviricetes,Cirlivirales,Circoviridae,Cyclovirus,Cyclovirus namu,
Cyclovirus,742914,5.47,31.23,18.74,21.95,19.54,2.79,9.73,30.71,15.32,18.38,3.84,41.75,28.89,25.74,12.0,22.21,320892.0,Orthetrum sabina,Monodnaviria,Shotokuvirae,Cressdnaviricota,Arfiviricetes,Cirlivirales,Circoviridae,Cyclovirus,Cyclovirus tarako,
Cyclovirus,742914,5.47,31.23,18.74,21.95,19.54,2.79,9.73,30.71,15.32,18.38,3.84,41.75,28.89,25.74,12.0,22.21,8839.0,Anas platyrhynchos,Monodnaviria,Shotokuvirae,Cressdnaviricota,Arfiviricetes,Cirlivirales,Circoviridae,Cyclovirus,Cyclovirus kacsa,
Cyclovirus,742914,5.47,31.23,18.74,21.95,19.54,2.79,9.73,30.71,15.32,18.38,3.84,41.75,28.89,25.74,12.0,22.21,649740.0,Eumops bonariensis,Monodnaviria,Shotokuvirae,Cressdnaviricota,Arfiviricetes,Cirlivirales,Circoviridae,Cyclovirus,Cyclovirus muricec,
Cyclovirus,742914,5.47,31.23,18.74,21.95,19.54,2.79,9.73,30.71,15.32,18.38,3.84,41.75,28.89,25.74,12.0,22.21,9685.0,Felis catus,Monodnaviria,Shotokuvirae,Cressdnaviricota,Arfiviricetes,Cirlivirales,Circoviridae,Cyclovirus,Cyclovirus gato,
Cyclovirus,742914,5.47,31.23,18.74,21.95,19.54,2.79,9.73,30.71,15.32,18.38,3.84,41.75,28.89,25.74,12.0,22.21,48418.0,Urva auropunctata,Monodnaviria,Shotokuvirae,Cressdnaviricota,Arfiviricetes,Cirlivirales,Circoviridae,Cyclovirus,unclassified Cyclovirus,
Cyclovirus,742914,5.47,31.23,18.74,21.95,19.54,2.79,9.73,30.71,15.32,18.38,3.84,41.75,28.89,25.74,12.0,22.21,10088.0,Mus,Monodnaviria,Shotokuvirae,Cressdnaviricota,Arfiviricetes,Cirlivirales,Circoviridae,Cyclovirus,Cyclovirus naastsosi,
Cyclovirus,742914,5.47,31.23,18.74,21.95,19.54,2.79,9.73,30.71,15.32,18.38,3.84,41.75,28.89,25.74,12.0,22.21,10090.0,Mus musculus,Monodnaviria,Shotokuvirae,Cressdnaviricota,Arfiviricetes,Cirlivirales,Circoviridae,Cyclovirus,Cyclovirus naastsosi,
Cyclovirus,742914,5.47,31.23,18.74,21.95,19.54,2.79,9.73,30.71,15.32,18.38,3.84,41.75,28.89,25.74,12.0,22.21,77217.0,Pteropus tonganus,Monodnaviria,Shotokuvirae,Cressdnaviricota,Arfiviricetes,Cirlivirales,Circoviridae,Cyclovirus,Cyclovirus peka,
Cyclovirus,742914,5.47,31.23,18.74,21.95,19.54,2.79,9.73,30.71,15.32,18.38,3.84,41.75,28.89,25.74,12.0,22.21,256038.0,Petroica australis,Monodnaviria,Shotokuvirae,Cressdnaviricota,Arfiviricetes,Cirlivirales,Circoviridae,Cyclovirus,Cyclovirus liepsnele,
Cyclovirus,742914,5.47,31.23,18.74,21.95,19.54,2.79,9.73,30.71,15.32,18.38,3.84,41.75,28.89,25.74,12.0,22.21,69074.0,Rattus flavipectus,Monodnaviria,Shotokuvirae,Cressdnaviricota,Arfiviricetes,Cirlivirales,Circoviridae,Cyclovirus,Cyclovirus rata,
Cyclovirus,742914,5.47,31.23,18.74,21.95,19.54,2.79,9.73,30.71,15.32,18.38,3.84,41.75,28.89,25.74,12.0,22.21,1167227.0,Rattus tanezumi sladeni,Monodnaviria,Shotokuvirae,Cressdnaviricota,Arfiviricetes,Cirlivirales,Circoviridae,Cyclovirus,Cyclovirus podgana,
Cyclovirus,742914,5.47,31.23,18.74,21.95,19.54,2.79,9.73,30.71,15.32,18.38,3.84,41.75,28.89,25.74,12.0,22.21,134569.0,Cybaeidae,Monodnaviria,Shotokuvirae,Cressdnaviricota,Arfiviricetes,Cirlivirales,Circoviridae,Cyclovirus,Cyclovirus aasiak,
Cyclovirus,742914,5.47,31.23,18.74,21.95,19.54,2.79,9.73,30.71,15.32,18.38,3.84,41.75,28.89,25.74,12.0,22.21,9823.0,Sus scrofa,Monodnaviria,Shotokuvirae,Cressdnaviricota,Arfiviricetes,Cirlivirales,Circoviridae,Cyclovirus,Cyclovirus nhanloai,
Cyclovirus,742914,5.47,31.23,18.74,21.95,19.54,2.79,9.73,30.71,15.32,18.38,3.84,41.75,28.89,25.74,12.0,22.21,9713.0,Leptonychotes weddellii,Monodnaviria,Shotokuvirae,Cressdnaviricota,Arfiviricetes,Cirlivirales,Circoviridae,Cyclovirus,Cyclovirus foca,
Felixounavirus,1198140,,,,,,1.08,,,,,1.44,0.47,,,,0.08,991919.0,Escherichia coli O145:NM,Duplodnaviria,Heunggongvirae,Uroviricota,Caudoviricetes,Caudoviricetes incertae sedis,Andersonviridae,Ounavirinae,Felixounavirus,dsDNA
Felixounavirus,1198140,,,,,,1.08,,,,,1.44,0.47,,,,0.08,991915.0,Escherichia coli O121:H19,Duplodnaviria,Heunggongvirae,Uroviricota,Caudoviricetes,Caudoviricetes incertae sedis,Andersonviridae,Ounavirinae,Felixounavirus,dsDNA
Felixounavirus,1198140,,,,,,1.08,,,,,1.44,0.47,,,,0.08,59201.0,Salmonella enterica subsp. enterica,Duplodnaviria,Heunggongvirae,Uroviricota,Caudoviricetes,Caudoviricetes incertae sedis,Andersonviridae,Ounavirinae,Felixounavirus,dsDNA
Felixounavirus,1198140,,,,,,1.08,,,,,1.44,0.47,,,,0.08,469008.0,Escherichia coli BL21(DE3),Duplodnaviria,Heunggongvirae,Uroviricota,Caudoviricetes,Caudoviricetes incertae sedis,Andersonviridae,Ounavirinae,Felixounavirus,dsDNA
Felixounavirus,1198140,,,,,,1.08,,,,,1.44,0.47,,,,0.08,83334.0,Escherichia coli O157:H7,Duplodnaviria,Heunggongvirae,Uroviricota,Caudoviricetes,Caudoviricetes incertae sedis,Andersonviridae,Ounavirinae,Felixounavirus,dsDNA
Felixounavirus,1198140,,,,,,1.08,,,,,1.44,0.47,,,,0.08,511145.0,Escherichia coli str. K-12 substr. MG1655,Duplodnaviria,Heunggongvirae,Uroviricota,Caudoviricetes,Caudoviricetes incertae sedis,Andersonviridae,Ounavirinae,Felixounavirus,dsDNA
Felixounavirus,1198140,,,,,,1.08,,,,,1.44,0.47,,,,0.08,561.0,Escherichia,Duplodnaviria,Heunggongvirae,Uroviricota,Caudoviricetes,Caudoviricetes incertae sedis,Andersonviridae,Ounavirinae,Felixounavirus,dsDNA
Felixounavirus,1198140,,,,,,1.08,,,,,1.44,0.47,,,,0.08,83333.0,Escherichia coli K-12,Duplodnaviria,Heunggongvirae,Uroviricota,Caudoviricetes,Caudoviricetes incertae sedis,Andersonviridae,Ounavirinae,Felixounavirus,dsDNA
Felixounavirus,1198140,,,,,,1.08,,,,,1.44,0.47,,,,0.08,498388.0,Escherichia coli C,Duplodnaviria,Heunggongvirae,Uroviricota,Caudoviricetes,Caudoviricetes incertae sedis,Andersonviridae,Ounavirinae,Felixounavirus,dsDNA
Felixounavirus,1198140,,,,,,1.08,,,,,1.44,0.47,,,,0.08,2184073.0,Escherichia coli O135,Duplodnaviria,Heunggongvirae,Uroviricota,Caudoviricetes,Caudoviricetes incertae sedis,Andersonviridae,Ounavirinae,Felixounavirus,dsDNA
Felixounavirus,1198140,,,,,,1.08,,,,,1.44,0.47,,,,0.08,1389955.0,Escherichia coli ATCC 35150,Duplodnaviria,Heunggongvirae,Uroviricota,Caudoviricetes,Caudoviricetes incertae sedis,Andersonviridae,Ounavirinae,Felixounavirus,dsDNA
Felixounavirus,1198140,,,,,,1.08,,,,,1.44,0.47,,,,0.08,1884818.0,Escherichia sp.,Duplodnaviria,Heunggongvirae,Uroviricota,Caudoviricetes,Caudoviricetes incertae sedis,Andersonviridae,Ounavirinae,Felixounavirus,dsDNA
Felixounavirus,1198140,,,,,,1.08,,,,,1.44,0.47,,,,0.08,1045010.0,Escherichia coli O157,Duplodnaviria,Heunggongvirae,Uroviricota,Caudoviricetes,Caudoviricetes incertae sedis,Andersonviridae,Ounavirinae,Felixounavirus,dsDNA
Felixounavirus,1198140,,,,,,1.08,,,,,1.44,0.47,,,,0.08,37762.0,Escherichia coli B,Duplodnaviria,Heunggongvirae,Uroviricota,Caudoviricetes,Caudoviricetes incertae sedis,Andersonviridae,Ounavirinae,Felixounavirus,dsDNA
Felixounavirus,1198140,,,,,,1.08,,,,,1.44,0.47,,,,0.08,381476.0,Escherichia coli O1,Duplodnaviria,Heunggongvirae,Uroviricota,Caudoviricetes,Caudoviricetes incertae sedis,Andersonviridae,Ounavirinae,Felixounavirus,dsDNA
Felixounavirus,1198140,,,,,,1.08,,,,,1.44,0.47,,,,0.08,585035.0,Escherichia coli S88,Duplodnaviria,Heunggongvirae,Uroviricota,Caudoviricetes,Caudoviricetes incertae sedis,Andersonviridae,Ounavirinae,Felixounavirus,dsDNA
Felixounavirus,1198140,,,,,,1.08,,,,,1.44,0.47,,,,0.08,564.0,Escherichia fergusonii,Duplodnaviria,Heunggongvirae,Uroviricota,Caudoviricetes,Caudoviricetes incertae sedis,Andersonviridae,Ounavirinae,Felixounavirus,dsDNA
Felixounavirus,1198140,,,,,,1.08,,,,,1.44,0.47,,,,0.08,28901.0,Salmonella enterica,Duplodnaviria,Heunggongvirae,Uroviricota,Caudoviricetes,Caudoviricetes incertae sedis,Andersonviridae,Ounavirinae,Felixounavirus,dsDNA
Felixounavirus,1198140,,,,,,1.08,,,,,1.44,0.47,,,,0.08,611.0,Salmonella enterica subsp. enterica serovar Heidelberg,Duplodnaviria,Heunggongvirae,Uroviricota,Caudoviricetes,Caudoviricetes incertae sedis,Andersonviridae,Ounavirinae,Felixounavirus,dsDNA
Felixounavirus,1198140,,,,,,1.08,,,,,1.44,0.47,,,,0.08,2565028.0,Salmonella enterica subsp. enterica serovar Shubra,Duplodnaviria,Heunggongvirae,Uroviricota,Caudoviricetes,Caudoviricetes incertae sedis,Andersonviridae,Ounavirinae,Felixounavirus,dsDNA
Felixounavirus,1198140,,,,,,1.08,,,,,1.44,0.47,,,,0.08,149539.0,Salmonella enterica subsp. enterica serovar Enteritidis,Duplodnaviria,Heunggongvirae,Uroviricota,Caudoviricetes,Caudoviricetes incertae sedis,Andersonviridae,Ounavirinae,Felixounavirus,dsDNA
Felixounavirus,1198140,,,,,,1.08,,,,,1.44,0.47,,,,0.08,98360.0,Salmonella enterica subsp. enterica serovar Dublin,Duplodnaviria,Heunggongvirae,Uroviricota,Caudoviricetes,Caudoviricetes incertae sedis,Andersonviridae,Ounavirinae,Felixounavirus,dsDNA
Felixounavirus,1198140,,,,,,1.08,,,,,1.44,0.47,,,,0.08,595.0,Salmonella enterica subsp. enterica serovar Infantis,Duplodnaviria,Heunggongvirae,Uroviricota,Caudoviricetes,Caudoviricetes incertae sedis,Andersonviridae,Ounavirinae,Felixounavirus,dsDNA
Felixounavirus,1198140,,,,,,1.08,,,,,1.44,0.47,,,,0.08,590.0,Salmonella,Duplodnaviria,Heunggongvirae,Uroviricota,Caudoviricetes,Caudoviricetes incertae sedis,Andersonviridae,Ounavirinae,Felixounavirus,dsDNA
Felixounavirus,1198140,,,,,,1.08,,,,,1.44,0.47,,,,0.08,90371.0,Salmonella enterica subsp. enterica serovar Typhimurium,Duplodnaviria,Heunggongvirae,Uroviricota,Caudoviricetes,Caudoviricetes incertae sedis,Andersonviridae,Ounavirinae,Felixounavirus,dsDNA
Felixounavirus,1198140,,,,,,1.08,,,,,1.44,0.47,,,,0.08,599.0,Salmonella sp.,Duplodnaviria,Heunggongvirae,Uroviricota,Caudoviricetes,Caudoviricetes incertae sedis,Andersonviridae,Ounavirinae,Felixounavirus,dsDNA
Felixounavirus,1198140,,,,,,1.08,,,,,1.44,0.47,,,,0.08,605.0,Salmonella enterica subsp. enterica serovar Pullorum,Duplodnaviria,Heunggongvirae,Uroviricota,Caudoviricetes,Caudoviricetes incertae sedis,Andersonviridae,Ounavirinae,Felixounavirus,dsDNA
Felixounavirus,1198140,,,,,,1.08,,,,,1.44,0.47,,,,0.08,54388.0,Salmonella enterica subsp. enterica serovar Paratyphi A,Duplodnaviria,Heunggongvirae,Uroviricota,Caudoviricetes,Caudoviricetes incertae sedis,Andersonviridae,Ounavirinae,Felixounavirus,dsDNA
Felixounavirus,1198140,,,,,,1.08,,,,,1.44,0.47,,,,0.08,358771.0,Salmonella enterica subsp. enterica serovar Kedougou,Duplodnaviria,Heunggongvirae,Uroviricota,Caudoviricetes,Caudoviricetes incertae sedis,Andersonviridae,Ounavirinae,Felixounavirus,dsDNA
Felixounavirus,1198140,,,,,,1.08,,,,,1.44,0.47,,,,0.08,668369.0,Escherichia coli DH5[alpha],Duplodnaviria,Heunggongvirae,Uroviricota,Caudoviricetes,Caudoviricetes incertae sedis,Andersonviridae,Ounavirinae,Felixounavirus,dsDNA
Felixounavirus,1198140,,,,,,1.08,,,,,1.44,0.47,,,,0.08,1288825.0,Shigella flexneri 2b,Duplodnaviria,Heunggongvirae,Uroviricota,Caudoviricetes,Caudoviricetes incertae sedis,Andersonviridae,Ounavirinae,Felixounavirus,dsDNA
Yuavirus,1299429,,,,,,,,,,,0.04,,,,,,208964.0,Pseudomonas aeruginosa PAO1,Duplodnaviria,Heunggongvirae,Uroviricota,Caudoviricetes,Caudoviricetes incertae sedis,Mesyanzhinovviridae,Rabinowitzvirinae,Yuavirus,dsDNA
Yuavirus,1299429,,,,,,,,,,,0.04,,,,,,287.0,Pseudomonas aeruginosa,Duplodnaviria,Heunggongvirae,Uroviricota,Caudoviricetes,Caudoviricetes incertae sedis,Mesyanzhinovviridae,Rabinowitzvirinae,Yuavirus,dsDNA
Yuavirus,1299429,,,,,,,,,,,0.04,,,,,,652611.0,Pseudomonas aeruginosa PA14,Duplodnaviria,Heunggongvirae,Uroviricota,Caudoviricetes,Caudoviricetes incertae sedis,Mesyanzhinovviridae,Rabinowitzvirinae,Yuavirus,dsDNA
Yuavirus,1299429,,,,,,,,,,,0.04,,,,,,306.0,Pseudomonas sp.,Duplodnaviria,Heunggongvirae,Uroviricota,Caudoviricetes,Caudoviricetes incertae sedis,Mesyanzhinovviridae,Rabinowitzvirinae,Yuavirus,dsDNA
Yuavirus,1299429,,,,,,,,,,,0.04,,,,,,286.0,Pseudomonas,Duplodnaviria,Heunggongvirae,Uroviricota,Caudoviricetes,Caudoviricetes incertae sedis,Mesyanzhinovviridae,Rabinowitzvirinae,Yuavirus,dsDNA
Yuavirus,1299429,,,,,,,,,,,0.04,,,,,,34103.0,Sphaerotilus natans,Duplodnaviria,Heunggongvirae,Uroviricota,Caudoviricetes,Caudoviricetes incertae sedis,Mesyanzhinovviridae,Rabinowitzvirinae,Yuavirus,dsDNA
Hunnivirus,1431456,,,,,,,,0.1,,,,,,0.09,,,,,,,,,,,,,
Bocaparvovirus,1507401,,,,,0.72,,,3.48,,0.08,,,,2.86,,,188568.0,Aselliscus stoliczkanus,Monodnaviria,Shotokuvirae,Cossaviricota,Quintoviricetes,Piccovirales,Parvoviridae,Parvovirinae,Bocaparvovirus,
Bocaparvovirus,1507401,,,,,0.72,,,3.48,,0.08,,,,2.86,,,1.0,root,Monodnaviria,Shotokuvirae,Cossaviricota,Quintoviricetes,Piccovirales,Parvoviridae,Parvovirinae,Bocaparvovirus,
Bocaparvovirus,1507401,,,,,0.72,,,3.48,,0.08,,,,2.86,,,187007.0,Miniopterus fuliginosus,Monodnaviria,Shotokuvirae,Cossaviricota,Quintoviricetes,Piccovirales,Parvoviridae,Parvovirinae,Bocaparvovirus,
Bocaparvovirus,1507401,,,,,0.72,,,3.48,,0.08,,,,2.86,,,9986.0,Oryctolagus cuniculus,Monodnaviria,Shotokuvirae,Cossaviricota,Quintoviricetes,Piccovirales,Parvoviridae,Parvovirinae,Bocaparvovirus,
Bocaparvovirus,1507401,,,,,0.72,,,3.48,,0.08,,,,2.86,,,9593.0,Gorilla gorilla,Monodnaviria,Shotokuvirae,Cossaviricota,Quintoviricetes,Piccovirales,Parvoviridae,Parvovirinae,Bocaparvovirus,
Bocaparvovirus,1507401,,,,,0.72,,,3.48,,0.08,,,,2.86,,,9825.0,Sus scrofa domesticus,Monodnaviria,Shotokuvirae,Cossaviricota,Quintoviricetes,Piccovirales,Parvoviridae,Parvovirinae,Bocaparvovirus,
Bocaparvovirus,1507401,,,,,0.72,,,3.48,,0.08,,,,2.86,,,9615.0,Canis lupus familiaris,Monodnaviria,Shotokuvirae,Cossaviricota,Quintoviricetes,Piccovirales,Parvoviridae,Parvovirinae,Bocaparvovirus,
Bocaparvovirus,1507401,,,,,0.72,,,3.48,,0.08,,,,2.86,,,9838.0,Camelus dromedarius,Monodnaviria,Shotokuvirae,Cossaviricota,Quintoviricetes,Piccovirales,Parvoviridae,Parvovirinae,Bocaparvovirus,
Bocaparvovirus,1507401,,,,,0.72,,,3.48,,0.08,,,,2.86,,,425934.0,Canis lupus signatus,Monodnaviria,Shotokuvirae,Cossaviricota,Quintoviricetes,Piccovirales,Parvoviridae,Parvovirinae,Bocaparvovirus,
Bocaparvovirus,1507401,,,,,0.72,,,3.48,,0.08,,,,2.86,,,9433.0,Miniopterus schreibersii,Monodnaviria,Shotokuvirae,Cossaviricota,Quintoviricetes,Piccovirales,Parvoviridae,Parvovirinae,Bocaparvovirus,
Bocaparvovirus,1507401,,,,,0.72,,,3.48,,0.08,,,,2.86,,,9666.0,Mustela lutreola,Monodnaviria,Shotokuvirae,Cossaviricota,Quintoviricetes,Piccovirales,Parvoviridae,Parvovirinae,Bocaparvovirus,
Bocaparvovirus,1507401,,,,,0.72,,,3.48,,0.08,,,,2.86,,,51298.0,Myotis myotis,Monodnaviria,Shotokuvirae,Cossaviricota,Quintoviricetes,Piccovirales,Parvoviridae,Parvovirinae,Bocaparvovirus,
Bocaparvovirus,1507401,,,,,0.72,,,3.48,,0.08,,,,2.86,,,9823.0,Sus scrofa,Monodnaviria,Shotokuvirae,Cossaviricota,Quintoviricetes,Piccovirales,Parvoviridae,Parvovirinae,Bocaparvovirus,
Bocaparvovirus,1507401,,,,,0.72,,,3.48,,0.08,,,,2.86,,,10116.0,Rattus norvegicus,Monodnaviria,Shotokuvirae,Cossaviricota,Quintoviricetes,Piccovirales,Parvoviridae,Parvovirinae,Bocaparvovirus,
Bocaparvovirus,1507401,,,,,0.72,,,3.48,,0.08,,,,2.86,,,159858.0,Rhinolophus pusillus,Monodnaviria,Shotokuvirae,Cossaviricota,Quintoviricetes,Piccovirales,Parvoviridae,Parvovirinae,Bocaparvovirus,
Bocaparvovirus,1507401,,,,,0.72,,,3.48,,0.08,,,,2.86,,,89399.0,Rhinolophus sinicus,Monodnaviria,Shotokuvirae,Cossaviricota,Quintoviricetes,Piccovirales,Parvoviridae,Parvovirinae,Bocaparvovirus,
Bocaparvovirus,1507401,,,,,0.72,,,3.48,,0.08,,,,2.86,,,399316.0,Necromys,Monodnaviria,Shotokuvirae,Cossaviricota,Quintoviricetes,Piccovirales,Parvoviridae,Parvovirinae,Bocaparvovirus,
Bocaparvovirus,1507401,,,,,0.72,,,3.48,,0.08,,,,2.86,,,9408.0,Rousettus leschenaultii,Monodnaviria,Shotokuvirae,Cossaviricota,Quintoviricetes,Piccovirales,Parvoviridae,Parvovirinae,Bocaparvovirus,
Bocaparvovirus,1507401,,,,,0.72,,,3.48,,0.08,,,,2.86,,,30538.0,Vicugna pacos,Monodnaviria,Shotokuvirae,Cossaviricota,Quintoviricetes,Piccovirales,Parvoviridae,Parvovirinae,Bocaparvovirus,
Gemycircularvirus,1542744,1.34,,0.1,,,,0.69,,,,,,,0.06,0.08,,9852.0,Alces alces,Monodnaviria,Shotokuvirae,Cressdnaviricota,Repensiviricetes,Geplafuvirales,Genomoviridae,Gemycircularvirus,Gemycircularvirus lepam1,
Gemycircularvirus,1542744,1.34,,0.1,,,,0.69,,,,,,,0.06,0.08,,77160.0,Dendroctonus brevicomis,Monodnaviria,Shotokuvirae,Cressdnaviricota,Repensiviricetes,Geplafuvirales,Genomoviridae,Gemycircularvirus,Gemycircularvirus denbre1,
Gemycircularvirus,1542744,1.34,,0.1,,,,0.69,,,,,,,0.06,0.08,,77166.0,Dendroctonus ponderosae,Monodnaviria,Shotokuvirae,Cressdnaviricota,Repensiviricetes,Geplafuvirales,Genomoviridae,Gemycircularvirus,Gemycircularvirus denpo1,
Gemycircularvirus,1542744,1.34,,0.1,,,,0.69,,,,,,,0.06,0.08,,7038.0,Bemisia tabaci,Monodnaviria,Shotokuvirae,Cressdnaviricota,Repensiviricetes,Geplafuvirales,Genomoviridae,Gemycircularvirus,Gemycircularvirus bemta1,
Gemycircularvirus,1542744,1.34,,0.1,,,,0.69,,,,,,,0.06,0.08,,9940.0,Ovis aries,Monodnaviria,Shotokuvirae,Cressdnaviricota,Repensiviricetes,Geplafuvirales,Genomoviridae,Gemycircularvirus,Gemycircularvirus blabi1,
Gemycircularvirus,1542744,1.34,,0.1,,,,0.69,,,,,,,0.06,0.08,,61017.0,Austrosimulium,Monodnaviria,Shotokuvirae,Cressdnaviricota,Repensiviricetes,Geplafuvirales,Genomoviridae,Gemycircularvirus,Gemycircularvirus austro1,
Gemycircularvirus,1542744,1.34,,0.1,,,,0.69,,,,,,,0.06,0.08,,52147.0,Bromus hordeaceus,Monodnaviria,Shotokuvirae,Cressdnaviricota,Repensiviricetes,Geplafuvirales,Genomoviridae,Gemycircularvirus,Gemycircularvirus bromas1,
Gemycircularvirus,1542744,1.34,,0.1,,,,0.69,,,,,,,0.06,0.08,,1.0,root,Monodnaviria,Shotokuvirae,Cressdnaviricota,Repensiviricetes,Geplafuvirales,Genomoviridae,Gemycircularvirus,Gemycircularvirus hydro1,
Gemycircularvirus,1542744,1.34,,0.1,,,,0.69,,,,,,,0.06,0.08,,3983.0,Manihot esculenta,Monodnaviria,Shotokuvirae,Cressdnaviricota,Repensiviricetes,Geplafuvirales,Genomoviridae,Gemycircularvirus,Gemycircularvirus cassa1,
Gemycircularvirus,1542744,1.34,,0.1,,,,0.69,,,,,,,0.06,0.08,,2909989.0,Citrus sp.,Monodnaviria,Shotokuvirae,Cressdnaviricota,Repensiviricetes,Geplafuvirales,Genomoviridae,Gemycircularvirus,Gemycircularvirus citas1,
Gemycircularvirus,1542744,1.34,,0.1,,,,0.69,,,,,,,0.06,0.08,,3885.0,Phaseolus vulgaris,Monodnaviria,Shotokuvirae,Cressdnaviricota,Repensiviricetes,Geplafuvirales,Genomoviridae,Gemycircularvirus,unclassified Gemycircularvirus,
Gemycircularvirus,1542744,1.34,,0.1,,,,0.69,,,,,,,0.06,0.08,,70384.0,Erythemis simplicicollis,Monodnaviria,Shotokuvirae,Cressdnaviricota,Repensiviricetes,Geplafuvirales,Genomoviridae,Gemycircularvirus,Gemycircularvirus draga1,
Gemycircularvirus,1542744,1.34,,0.1,,,,0.69,,,,,,,0.06,0.08,,212910.0,Euphorbia heterophylla,Monodnaviria,Shotokuvirae,Cressdnaviricota,Repensiviricetes,Geplafuvirales,Genomoviridae,Gemycircularvirus,Gemycircularvirus euhet1,
Gemycircularvirus,1542744,1.34,,0.1,,,,0.69,,,,,,,0.06,0.08,,9187.0,Turdus merula,Monodnaviria,Shotokuvirae,Cressdnaviricota,Repensiviricetes,Geplafuvirales,Genomoviridae,Gemycircularvirus,unclassified Gemycircularvirus,
Gemycircularvirus,1542744,1.34,,0.1,,,,0.69,,,,,,,0.06,0.08,,9031.0,Gallus gallus,Monodnaviria,Shotokuvirae,Cressdnaviricota,Repensiviricetes,Geplafuvirales,Genomoviridae,Gemycircularvirus,Gemycircularvirus chicas2,
Gemycircularvirus,1542744,1.34,,0.1,,,,0.69,,,,,,,0.06,0.08,,1114792.0,Equus ferus,Monodnaviria,Shotokuvirae,Cressdnaviricota,Repensiviricetes,Geplafuvirales,Genomoviridae,Gemycircularvirus,Gemycircularvirus equas1,
Gemycircularvirus,1542744,1.34,,0.1,,,,0.69,,,,,,,0.06,0.08,,9823.0,Sus scrofa,Monodnaviria,Shotokuvirae,Cressdnaviricota,Repensiviricetes,Geplafuvirales,Genomoviridae,Gemycircularvirus,Gemycircularvirus porci1,
Gemycircularvirus,1542744,1.34,,0.1,,,,0.69,,,,,,,0.06,0.08,,9913.0,Bos taurus,Monodnaviria,Shotokuvirae,Cressdnaviricota,Repensiviricetes,Geplafuvirales,Genomoviridae,Gemycircularvirus,Gemycircularvirus bovas1,
Gemycircularvirus,1542744,1.34,,0.1,,,,0.69,,,,,,,0.06,0.08,,30427.0,Haemorhous mexicanus,Monodnaviria,Shotokuvirae,Cressdnaviricota,Repensiviricetes,Geplafuvirales,Genomoviridae,Gemycircularvirus,Gemycircularvirus haeme1,
Gemycircularvirus,1542744,1.34,,0.1,,,,0.69,,,,,,,0.06,0.08,,29084.0,Arctocephalus forsteri,Monodnaviria,Shotokuvirae,Cressdnaviricota,Repensiviricetes,Geplafuvirales,Genomoviridae,Gemycircularvirus,Gemycircularvirus furse1,
Gemycircularvirus,1542744,1.34,,0.1,,,,0.69,,,,,,,0.06,0.08,,10114.0,Rattus,Monodnaviria,Shotokuvirae,Cressdnaviricota,Repensiviricetes,Geplafuvirales,Genomoviridae,Gemycircularvirus,Gemycircularvirus ratas1,
Gemycircularvirus,1542744,1.34,,0.1,,,,0.69,,,,,,,0.06,0.08,,10116.0,Rattus norvegicus,Monodnaviria,Shotokuvirae,Cressdnaviricota,Repensiviricetes,Geplafuvirales,Genomoviridae,Gemycircularvirus,Gemycircularvirus ratas1,
Gemycircularvirus,1542744,1.34,,0.1,,,,0.69,,,,,,,0.06,0.08,,9606.0,Homo sapiens,Monodnaviria,Shotokuvirae,Cressdnaviricota,Repensiviricetes,Geplafuvirales,Genomoviridae,Gemycircularvirus,unclassified Gemycircularvirus,
Gemycircularvirus,1542744,1.34,,0.1,,,,0.69,,,,,,,0.06,0.08,,30415.0,Grus japonensis,Monodnaviria,Shotokuvirae,Cressdnaviricota,Repensiviricetes,Geplafuvirales,Genomoviridae,Gemycircularvirus,unclassified Gemycircularvirus,
Gemycircularvirus,1542744,1.34,,0.1,,,,0.69,,,,,,,0.06,0.08,,246814.0,Pipistrellus pygmaeus,Monodnaviria,Shotokuvirae,Cressdnaviricota,Repensiviricetes,Geplafuvirales,Genomoviridae,Gemycircularvirus,unclassified Gemycircularvirus,
Gemycircularvirus,1542744,1.34,,0.1,,,,0.69,,,,,,,0.06,0.08,,1389957.0,Gerygone albofrontata,Monodnaviria,Shotokuvirae,Cressdnaviricota,Repensiviricetes,Geplafuvirales,Genomoviridae,Gemycircularvirus,Gemycircularvirus geras1,
Gemycircularvirus,1542744,1.34,,0.1,,,,0.69,,,,,,,0.06,0.08,,2850379.0,Eratigena duellica,Monodnaviria,Shotokuvirae,Cressdnaviricota,Repensiviricetes,Geplafuvirales,Genomoviridae,Gemycircularvirus,Gemycircularvirus erati1,
Gemycircularvirus,1542744,1.34,,0.1,,,,0.69,,,,,,,0.06,0.08,,9646.0,Ailuropoda melanoleuca,Monodnaviria,Shotokuvirae,Cressdnaviricota,Repensiviricetes,Geplafuvirales,Genomoviridae,Gemycircularvirus,unclassified Gemycircularvirus,
Gemycircularvirus,1542744,1.34,,0.1,,,,0.69,,,,,,,0.06,0.08,,282542.0,Hypericum japonicum,Monodnaviria,Shotokuvirae,Cressdnaviricota,Repensiviricetes,Geplafuvirales,Genomoviridae,Gemycircularvirus,Gemycircularvirus hypas1,
Gemycircularvirus,1542744,1.34,,0.1,,,,0.69,,,,,,,0.06,0.08,,9844.0,Lama glama,Monodnaviria,Shotokuvirae,Cressdnaviricota,Repensiviricetes,Geplafuvirales,Genomoviridae,Gemycircularvirus,Gemycircularvirus lamas1,
Gemycircularvirus,1542744,1.34,,0.1,,,,0.69,,,,,,,0.06,0.08,,48086.0,Lepus americanus,Monodnaviria,Shotokuvirae,Cressdnaviricota,Repensiviricetes,Geplafuvirales,Genomoviridae,Gemycircularvirus,Gemycircularvirus lepam3,
Gemycircularvirus,1542744,1.34,,0.1,,,,0.69,,,,,,,0.06,0.08,,425934.0,Canis lupus signatus,Monodnaviria,Shotokuvirae,Cressdnaviricota,Repensiviricetes,Geplafuvirales,Genomoviridae,Gemycircularvirus,Gemycircularvirus canlup1,
Gemycircularvirus,1542744,1.34,,0.1,,,,0.69,,,,,,,0.06,0.08,,61383.0,Lynx canadensis,Monodnaviria,Shotokuvirae,Cressdnaviricota,Repensiviricetes,Geplafuvirales,Genomoviridae,Gemycircularvirus,Gemycircularvirus lepa2,
Gemycircularvirus,1542744,1.34,,0.1,,,,0.69,,,,,,,0.06,0.08,,8839.0,Anas platyrhynchos,Monodnaviria,Shotokuvirae,Cressdnaviricota,Repensiviricetes,Geplafuvirales,Genomoviridae,Gemycircularvirus,Gemycircularvirus malas1,
Gemycircularvirus,1542744,1.34,,0.1,,,,0.69,,,,,,,0.06,0.08,,187007.0,Miniopterus fuliginosus,Monodnaviria,Shotokuvirae,Cressdnaviricota,Repensiviricetes,Geplafuvirales,Genomoviridae,Gemycircularvirus,Gemycircularvirus minio1,
Gemycircularvirus,1542744,1.34,,0.1,,,,0.69,,,,,,,0.06,0.08,,3673.0,Momordica charantia,Monodnaviria,Shotokuvirae,Cressdnaviricota,Repensiviricetes,Geplafuvirales,Genomoviridae,Gemycircularvirus,Gemycircularvirus mocha1,
Gemycircularvirus,1542744,1.34,,0.1,,,,0.69,,,,,,,0.06,0.08,,9700.0,Herpestes ichneumon,Monodnaviria,Shotokuvirae,Cressdnaviricota,Repensiviricetes,Geplafuvirales,Genomoviridae,Gemycircularvirus,Gemycircularvirus monas1,
Gemycircularvirus,1542744,1.34,,0.1,,,,0.69,,,,,,,0.06,0.08,,7157.0,Culicidae,Monodnaviria,Shotokuvirae,Cressdnaviricota,Repensiviricetes,Geplafuvirales,Genomoviridae,Gemycircularvirus,Gemycircularvirus mosqi1,
Gemycircularvirus,1542744,1.34,,0.1,,,,0.69,,,,,,,0.06,0.08,,537920.0,Clethrionomys rutilus,Monodnaviria,Shotokuvirae,Cressdnaviricota,Repensiviricetes,Geplafuvirales,Genomoviridae,Gemycircularvirus,Gemycircularvirus rebac1,
Gemycircularvirus,1542744,1.34,,0.1,,,,0.69,,,,,,,0.06,0.08,,79457.0,Ischnura posita,Monodnaviria,Shotokuvirae,Cressdnaviricota,Repensiviricetes,Geplafuvirales,Genomoviridae,Gemycircularvirus,Gemycircularvirus odona1,
Gemycircularvirus,1542744,1.34,,0.1,,,,0.69,,,,,,,0.06,0.08,,237662.0,Rhionaeschna multicolor,Monodnaviria,Shotokuvirae,Cressdnaviricota,Repensiviricetes,Geplafuvirales,Genomoviridae,Gemycircularvirus,Gemycircularvirus odona2,
Gemycircularvirus,1542744,1.34,,0.1,,,,0.69,,,,,,,0.06,0.08,,4145.0,Olea,Monodnaviria,Shotokuvirae,Cressdnaviricota,Repensiviricetes,Geplafuvirales,Genomoviridae,Gemycircularvirus,Gemycircularvirus oltre1,
Gemycircularvirus,1542744,1.34,,0.1,,,,0.69,,,,,,,0.06,0.08,,212256.0,Oxalis corniculata,Monodnaviria,Shotokuvirae,Cressdnaviricota,Repensiviricetes,Geplafuvirales,Genomoviridae,Gemycircularvirus,Gemycircularvirus oxcor1,
Gemycircularvirus,1542744,1.34,,0.1,,,,0.69,,,,,,,0.06,0.08,,77217.0,Pteropus tonganus,Monodnaviria,Shotokuvirae,Cressdnaviricota,Repensiviricetes,Geplafuvirales,Genomoviridae,Gemycircularvirus,Gemycircularvirus ptero1,
Gemycircularvirus,1542744,1.34,,0.1,,,,0.69,,,,,,,0.06,0.08,,4070.0,Solanaceae,Monodnaviria,Shotokuvirae,Cressdnaviricota,Repensiviricetes,Geplafuvirales,Genomoviridae,Gemycircularvirus,Gemycircularvirus solas1,
Gemycircularvirus,1542744,1.34,,0.1,,,,0.69,,,,,,,0.06,0.08,,136755.0,Willdenowia,Monodnaviria,Shotokuvirae,Cressdnaviricota,Repensiviricetes,Geplafuvirales,Genomoviridae,Gemycircularvirus,Gemycircularvirus willde1,
Gemycircularvirus,1542744,1.34,,0.1,,,,0.69,,,,,,,0.06,0.08,,3884.0,Phaseolus lunatus,Monodnaviria,Shotokuvirae,Cressdnaviricota,Repensiviricetes,Geplafuvirales,Genomoviridae,Gemycircularvirus,Gemycircularvirus legle1,
Gemycircularvirus,1542744,1.34,,0.1,,,,0.69,,,,,,,0.06,0.08,,267552.0,Salicornia perennis,Monodnaviria,Shotokuvirae,Cressdnaviricota,Repensiviricetes,Geplafuvirales,Genomoviridae,Gemycircularvirus,Gemycircularvirus sarpe1,
Gemycircularvirus,1542744,1.34,,0.1,,,,0.69,,,,,,,0.06,0.08,,133374.0,Dischisma,Monodnaviria,Shotokuvirae,Cressdnaviricota,Repensiviricetes,Geplafuvirales,Genomoviridae,Gemycircularvirus,Gemycircularvirus dichism1,
Gemycircularvirus,1542744,1.34,,0.1,,,,0.69,,,,,,,0.06,0.08,,140929.0,Lebeckia,Monodnaviria,Shotokuvirae,Cressdnaviricota,Repensiviricetes,Geplafuvirales,Genomoviridae,Gemycircularvirus,Gemycircularvirus lebec1,
Gemycircularvirus,1542744,1.34,,0.1,,,,0.69,,,,,,,0.06,0.08,,3366679.0,Asparagus sp.,Monodnaviria,Shotokuvirae,Cressdnaviricota,Repensiviricetes,Geplafuvirales,Genomoviridae,Gemycircularvirus,Gemycircularvirus aspar1,
Gemycircularvirus,1542744,1.34,,0.1,,,,0.69,,,,,,,0.06,0.08,,58643.0,Hypochaeris,Monodnaviria,Shotokuvirae,Cressdnaviricota,Repensiviricetes,Geplafuvirales,Genomoviridae,Gemycircularvirus,Gemycircularvirus trilo1,
Gemycircularvirus,1542744,1.34,,0.1,,,,0.69,,,,,,,0.06,0.08,,3446230.0,Opuntia sp.,Monodnaviria,Shotokuvirae,Cressdnaviricota,Repensiviricetes,Geplafuvirales,Genomoviridae,Gemycircularvirus,Gemycircularvirus opunt1,
Gemycircularvirus,1542744,1.34,,0.1,,,,0.69,,,,,,,0.06,0.08,,4479.0,Poaceae,Monodnaviria,Shotokuvirae,Cressdnaviricota,Repensiviricetes,Geplafuvirales,Genomoviridae,Gemycircularvirus,Gemycircularvirus poass1,
Gemycircularvirus,1542744,1.34,,0.1,,,,0.69,,,,,,,0.06,0.08,,240436.0,Urochloa deflexa,Monodnaviria,Shotokuvirae,Cressdnaviricota,Repensiviricetes,Geplafuvirales,Genomoviridae,Gemycircularvirus,Gemycircularvirus poass1,
Gemycircularvirus,1542744,1.34,,0.1,,,,0.69,,,,,,,0.06,0.08,,48891.0,Poecile atricapillus,Monodnaviria,Shotokuvirae,Cressdnaviricota,Repensiviricetes,Geplafuvirales,Genomoviridae,Gemycircularvirus,Gemycircularvirus chickad1,
Gemycircularvirus,1542744,1.34,,0.1,,,,0.69,,,,,,,0.06,0.08,,5180.0,Sclerotinia sclerotiorum,Monodnaviria,Shotokuvirae,Cressdnaviricota,Repensiviricetes,Geplafuvirales,Genomoviridae,Gemycircularvirus,Gemycircularvirus sclero1,
Gemycircularvirus,1542744,1.34,,0.1,,,,0.69,,,,,,,0.06,0.08,,1698887.0,Neriene litigiosa,Monodnaviria,Shotokuvirae,Cressdnaviricota,Repensiviricetes,Geplafuvirales,Genomoviridae,Gemycircularvirus,Gemycircularvirus siedo1,
Gemycircularvirus,1542744,1.34,,0.1,,,,0.69,,,,,,,0.06,0.08,,3847.0,Glycine max,Monodnaviria,Shotokuvirae,Cressdnaviricota,Repensiviricetes,Geplafuvirales,Genomoviridae,Gemycircularvirus,Gemycircularvirus soybe1,
Gemycircularvirus,1542744,1.34,,0.1,,,,0.69,,,,,,,0.06,0.08,,6893.0,Araneae,Monodnaviria,Shotokuvirae,Cressdnaviricota,Repensiviricetes,Geplafuvirales,Genomoviridae,Gemycircularvirus,Gemycircularvirus cybusi1,
Gemycircularvirus,1542744,1.34,,0.1,,,,0.69,,,,,,,0.06,0.08,,60587.0,Odontotermes,Monodnaviria,Shotokuvirae,Cressdnaviricota,Repensiviricetes,Geplafuvirales,Genomoviridae,Gemycircularvirus,Gemycircularvirus termi1,
Gemycircularvirus,1542744,1.34,,0.1,,,,0.69,,,,,,,0.06,0.08,,146804.0,Echinothrips americanus,Monodnaviria,Shotokuvirae,Cressdnaviricota,Repensiviricetes,Geplafuvirales,Genomoviridae,Gemycircularvirus,Gemycircularvirus echiam1,
Gemycircularvirus,1542744,1.34,,0.1,,,,0.69,,,,,,,0.06,0.08,,34621.0,Dermacentor variabilis,Monodnaviria,Shotokuvirae,Cressdnaviricota,Repensiviricetes,Geplafuvirales,Genomoviridae,Gemycircularvirus,Gemycircularvirus derva1,
Gemycircularvirus,1542744,1.34,,0.1,,,,0.69,,,,,,,0.06,0.08,,6945.0,Ixodes scapularis,Monodnaviria,Shotokuvirae,Cressdnaviricota,Repensiviricetes,Geplafuvirales,Genomoviridae,Gemycircularvirus,Gemycircularvirus ixode1,
Gemycircularvirus,1542744,1.34,,0.1,,,,0.69,,,,,,,0.06,0.08,,38772.0,Gopherus agassizii,Monodnaviria,Shotokuvirae,Cressdnaviricota,Repensiviricetes,Geplafuvirales,Genomoviridae,Gemycircularvirus,Gemycircularvirus gopha2,
Bignuzvirus,1623277,,,,,,,,,,,0.01,,,,,,246196.0,Mycolicibacterium smegmatis MC2 155,Duplodnaviria,Heunggongvirae,Uroviricota,Caudoviricetes,Caudoviricetes incertae sedis,Bignuzvirus,Bignuzvirus bignuz,,dsDNA
Bronvirus,1623278,,,,,,,,,,,0.04,,,,,,246196.0,Mycolicibacterium smegmatis MC2 155,Duplodnaviria,Heunggongvirae,Uroviricota,Caudoviricetes,Caudoviricetes incertae sedis,Vilmaviridae,Lclasvirinae,Bronvirus,dsDNA
Charlievirus,1623280,,,,,,,,,,,0.02,,,,,,246196.0,Mycolicibacterium smegmatis MC2 155,Duplodnaviria,Heunggongvirae,Uroviricota,Caudoviricetes,Caudoviricetes incertae sedis,Charlievirus,Charlievirus Aggie,,dsDNA
Charlievirus,1623280,,,,,,,,,,,0.02,,,,,,246196.0,Mycolicibacterium smegmatis MC2 155,Duplodnaviria,Heunggongvirae,Uroviricota,Caudoviricetes,Caudoviricetes incertae sedis,Charlievirus,Charlievirus Andies,,dsDNA
Charlievirus,1623280,,,,,,,,,,,0.02,,,,,,246196.0,Mycolicibacterium smegmatis MC2 155,Duplodnaviria,Heunggongvirae,Uroviricota,Caudoviricetes,Caudoviricetes incertae sedis,Charlievirus,Charlievirus redi,,dsDNA
Charlievirus,1623280,,,,,,,,,,,0.02,,,,,,246196.0,Mycolicibacterium smegmatis MC2 155,Duplodnaviria,Heunggongvirae,Uroviricota,Caudoviricetes,Caudoviricetes incertae sedis,Charlievirus,unclassified Charlievirus,,dsDNA
Charlievirus,1623280,,,,,,,,,,,0.02,,,,,,10239.0,Viruses,Duplodnaviria,Heunggongvirae,Uroviricota,Caudoviricetes,Caudoviricetes incertae sedis,Charlievirus,unclassified Charlievirus,,dsDNA
Charlievirus,1623280,,,,,,,,,,,0.02,,,,,,51368.0,unclassified dsDNA viruses,Duplodnaviria,Heunggongvirae,Uroviricota,Caudoviricetes,Caudoviricetes incertae sedis,Charlievirus,unclassified Charlievirus,,dsDNA
Charlievirus,1623280,,,,,,,,,,,0.02,,,,,,2731619.0,Caudoviricetes,Duplodnaviria,Heunggongvirae,Uroviricota,Caudoviricetes,Caudoviricetes incertae sedis,Charlievirus,unclassified Charlievirus,,dsDNA
Charlievirus,1623280,,,,,,,,,,,0.02,,,,,,246196.0,Mycolicibacterium smegmatis MC2 155,Duplodnaviria,Heunggongvirae,Uroviricota,Caudoviricetes,Caudoviricetes incertae sedis,Charlievirus,Charlievirus butters,,dsDNA
Charlievirus,1623280,,,,,,,,,,,0.02,,,,,,246196.0,Mycolicibacterium smegmatis MC2 155,Duplodnaviria,Heunggongvirae,Uroviricota,Caudoviricetes,Caudoviricetes incertae sedis,Charlievirus,Charlievirus Pipsqueaks,,dsDNA
Charlievirus,1623280,,,,,,,,,,,0.02,,,,,,246196.0,Mycolicibacterium smegmatis MC2 155,Duplodnaviria,Heunggongvirae,Uroviricota,Caudoviricetes,Caudoviricetes incertae sedis,Charlievirus,Charlievirus Charlie,,dsDNA
Charlievirus,1623280,,,,,,,,,,,0.02,,,,,,246196.0,Mycolicibacterium smegmatis MC2 155,Duplodnaviria,Heunggongvirae,Uroviricota,Caudoviricetes,Caudoviricetes incertae sedis,Charlievirus,Charlievirus Fulbright,,dsDNA
Charlievirus,1623280,,,,,,,,,,,0.02,,,,,,246196.0,Mycolicibacterium smegmatis MC2 155,Duplodnaviria,Heunggongvirae,Uroviricota,Caudoviricetes,Caudoviricetes incertae sedis,Charlievirus,Charlievirus Jamie19,,dsDNA
Charlievirus,1623280,,,,,,,,,,,0.02,,,,,,246196.0,Mycolicibacterium smegmatis MC2 155,Duplodnaviria,Heunggongvirae,Uroviricota,Caudoviricetes,Caudoviricetes incertae sedis,Charlievirus,Charlievirus Kevin1,,dsDNA
Charlievirus,1623280,,,,,,,,,,,0.02,,,,,,246196.0,Mycolicibacterium smegmatis MC2 155,Duplodnaviria,Heunggongvirae,Uroviricota,Caudoviricetes,Caudoviricetes incertae sedis,Charlievirus,Charlievirus michellemybell,,dsDNA
Charlievirus,1623280,,,,,,,,,,,0.02,,,,,,246196.0,Mycolicibacterium smegmatis MC2 155,Duplodnaviria,Heunggongvirae,Uroviricota,Caudoviricetes,Caudoviricetes incertae sedis,Charlievirus,Charlievirus panchino,,dsDNA
Charlievirus,1623280,,,,,,,,,,,0.02,,,,,,246196.0,Mycolicibacterium smegmatis MC2 155,Duplodnaviria,Heunggongvirae,Uroviricota,Caudoviricetes,Caudoviricetes incertae sedis,Charlievirus,Charlievirus Philonius,,dsDNA
Charlievirus,1623280,,,,,,,,,,,0.02,,,,,,246196.0,Mycolicibacterium smegmatis MC2 155,Duplodnaviria,Heunggongvirae,Uroviricota,Caudoviricetes,Caudoviricetes incertae sedis,Charlievirus,Charlievirus phrann,,dsDNA
Charlievirus,1623280,,,,,,,,,,,0.02,,,,,,246196.0,Mycolicibacterium smegmatis MC2 155,Duplodnaviria,Heunggongvirae,Uroviricota,Caudoviricetes,Caudoviricetes incertae sedis,Charlievirus,Charlievirus Raymond7,,dsDNA
Charlievirus,1623280,,,,,,,,,,,0.02,,,,,,246196.0,Mycolicibacterium smegmatis MC2 155,Duplodnaviria,Heunggongvirae,Uroviricota,Caudoviricetes,Caudoviricetes incertae sedis,Charlievirus,Charlievirus Rebel,,dsDNA
Charlievirus,1623280,,,,,,,,,,,0.02,,,,,,1763.0,Mycobacterium,Duplodnaviria,Heunggongvirae,Uroviricota,Caudoviricetes,Caudoviricetes incertae sedis,Charlievirus,Charlievirus butters,,dsDNA
Charlievirus,1623280,,,,,,,,,,,0.02,,,,,,1763.0,Mycobacterium,Duplodnaviria,Heunggongvirae,Uroviricota,Caudoviricetes,Caudoviricetes incertae sedis,Charlievirus,unclassified Charlievirus,,dsDNA
Charlievirus,1623280,,,,,,,,,,,0.02,,,,,,246196.0,Mycolicibacterium smegmatis MC2 155,Duplodnaviria,Heunggongvirae,Uroviricota,Caudoviricetes,Caudoviricetes incertae sedis,Charlievirus,Charlievirus skinnypete,,dsDNA
Charlievirus,1623280,,,,,,,,,,,0.02,,,,,,246196.0,Mycolicibacterium smegmatis MC2 155,Duplodnaviria,Heunggongvirae,Uroviricota,Caudoviricetes,Caudoviricetes incertae sedis,Charlievirus,Charlievirus Tapioca,,dsDNA
Charlievirus,1623280,,,,,,,,,,,0.02,,,,,,246196.0,Mycolicibacterium smegmatis MC2 155,Duplodnaviria,Heunggongvirae,Uroviricota,Caudoviricetes,Caudoviricetes incertae sedis,Charlievirus,Charlievirus Xeno,,dsDNA
Cheoctovirus,1623281,,,,,,0.41,,,0.48,0.24,0.15,,,,,0.3,1763.0,Mycobacterium,Duplodnaviria,Heunggongvirae,Uroviricota,Caudoviricetes,Caudoviricetes incertae sedis,Cheoctovirus,unclassified Cheoctovirus,,dsDNA
Cheoctovirus,1623281,,,,,,0.41,,,0.48,0.24,0.15,,,,,0.3,246196.0,Mycolicibacterium smegmatis MC2 155,Duplodnaviria,Heunggongvirae,Uroviricota,Caudoviricetes,Caudoviricetes incertae sedis,Cheoctovirus,unclassified Cheoctovirus,,dsDNA
Cheoctovirus,1623281,,,,,,0.41,,,0.48,0.24,0.15,,,,,0.3,1763.0,Mycobacterium,Duplodnaviria,Heunggongvirae,Uroviricota,Caudoviricetes,Caudoviricetes incertae sedis,Cheoctovirus,Cheoctovirus arcusangelus,,dsDNA
Cheoctovirus,1623281,,,,,,0.41,,,0.48,0.24,0.15,,,,,0.3,1763.0,Mycobacterium,Duplodnaviria,Heunggongvirae,Uroviricota,Caudoviricetes,Caudoviricetes incertae sedis,Cheoctovirus,Cheoctovirus ardmore,Mycobacterium virus Ardmore,dsDNA
Cheoctovirus,1623281,,,,,,0.41,,,0.48,0.24,0.15,,,,,0.3,246196.0,Mycolicibacterium smegmatis MC2 155,Duplodnaviria,Heunggongvirae,Uroviricota,Caudoviricetes,Caudoviricetes incertae sedis,Cheoctovirus,Cheoctovirus batiatus,,dsDNA
Cheoctovirus,1623281,,,,,,0.41,,,0.48,0.24,0.15,,,,,0.3,1763.0,Mycobacterium,Duplodnaviria,Heunggongvirae,Uroviricota,Caudoviricetes,Caudoviricetes incertae sedis,Cheoctovirus,Cheoctovirus blexus,,dsDNA
Cheoctovirus,1623281,,,,,,0.41,,,0.48,0.24,0.15,,,,,0.3,246196.0,Mycolicibacterium smegmatis MC2 155,Duplodnaviria,Heunggongvirae,Uroviricota,Caudoviricetes,Caudoviricetes incertae sedis,Cheoctovirus,Cheoctovirus bobaphett,,dsDNA
Cheoctovirus,1623281,,,,,,0.41,,,0.48,0.24,0.15,,,,,0.3,246196.0,Mycolicibacterium smegmatis MC2 155,Duplodnaviria,Heunggongvirae,Uroviricota,Caudoviricetes,Caudoviricetes incertae sedis,Cheoctovirus,Cheoctovirus bodeinwohner17,,dsDNA
Cheoctovirus,1623281,,,,,,0.41,,,0.48,0.24,0.15,,,,,0.3,1763.0,Mycobacterium,Duplodnaviria,Heunggongvirae,Uroviricota,Caudoviricetes,Caudoviricetes incertae sedis,Cheoctovirus,Cheoctovirus boomer,Mycobacterium virus Boomer,dsDNA
Cheoctovirus,1623281,,,,,,0.41,,,0.48,0.24,0.15,,,,,0.3,246196.0,Mycolicibacterium smegmatis MC2 155,Duplodnaviria,Heunggongvirae,Uroviricota,Caudoviricetes,Caudoviricetes incertae sedis,Cheoctovirus,Cheoctovirus boomer,Mycobacterium virus Boomer,dsDNA
Cheoctovirus,1623281,,,,,,0.41,,,0.48,0.24,0.15,,,,,0.3,246196.0,Mycolicibacterium smegmatis MC2 155,Duplodnaviria,Heunggongvirae,Uroviricota,Caudoviricetes,Caudoviricetes incertae sedis,Cheoctovirus,Cheoctovirus bubbles123,,dsDNA
Cheoctovirus,1623281,,,,,,0.41,,,0.48,0.24,0.15,,,,,0.3,246196.0,Mycolicibacterium smegmatis MC2 155,Duplodnaviria,Heunggongvirae,Uroviricota,Caudoviricetes,Caudoviricetes incertae sedis,Cheoctovirus,Cheoctovirus burwell21,,dsDNA
Cheoctovirus,1623281,,,,,,0.41,,,0.48,0.24,0.15,,,,,0.3,246196.0,Mycolicibacterium smegmatis MC2 155,Duplodnaviria,Heunggongvirae,Uroviricota,Caudoviricetes,Caudoviricetes incertae sedis,Cheoctovirus,Cheoctovirus buzzlyseyear,,dsDNA
Cheoctovirus,1623281,,,,,,0.41,,,0.48,0.24,0.15,,,,,0.3,246196.0,Mycolicibacterium smegmatis MC2 155,Duplodnaviria,Heunggongvirae,Uroviricota,Caudoviricetes,Caudoviricetes incertae sedis,Cheoctovirus,Cheoctovirus byougenkin,,dsDNA
Cheoctovirus,1623281,,,,,,0.41,,,0.48,0.24,0.15,,,,,0.3,246196.0,Mycolicibacterium smegmatis MC2 155,Duplodnaviria,Heunggongvirae,Uroviricota,Caudoviricetes,Caudoviricetes incertae sedis,Cheoctovirus,Cheoctovirus captaintrips,,dsDNA
Cheoctovirus,1623281,,,,,,0.41,,,0.48,0.24,0.15,,,,,0.3,1763.0,Mycobacterium,Duplodnaviria,Heunggongvirae,Uroviricota,Caudoviricetes,Caudoviricetes incertae sedis,Cheoctovirus,Cheoctovirus che8,Mycobacterium virus Che8,dsDNA
Cheoctovirus,1623281,,,,,,0.41,,,0.48,0.24,0.15,,,,,0.3,246196.0,Mycolicibacterium smegmatis MC2 155,Duplodnaviria,Heunggongvirae,Uroviricota,Caudoviricetes,Caudoviricetes incertae sedis,Cheoctovirus,Cheoctovirus chuckly,,dsDNA
Cheoctovirus,1623281,,,,,,0.41,,,0.48,0.24,0.15,,,,,0.3,246196.0,Mycolicibacterium smegmatis MC2 155,Duplodnaviria,Heunggongvirae,Uroviricota,Caudoviricetes,Caudoviricetes incertae sedis,Cheoctovirus,Cheoctovirus dante,,dsDNA
Cheoctovirus,1623281,,,,,,0.41,,,0.48,0.24,0.15,,,,,0.3,246196.0,Mycolicibacterium smegmatis MC2 155,Duplodnaviria,Heunggongvirae,Uroviricota,Caudoviricetes,Caudoviricetes incertae sedis,Cheoctovirus,Cheoctovirus deadp,Mycobacterium virus DeadP,dsDNA
Cheoctovirus,1623281,,,,,,0.41,,,0.48,0.24,0.15,,,,,0.3,246196.0,Mycolicibacterium smegmatis MC2 155,Duplodnaviria,Heunggongvirae,Uroviricota,Caudoviricetes,Caudoviricetes incertae sedis,Cheoctovirus,Cheoctovirus dilltech15,,dsDNA
Cheoctovirus,1623281,,,,,,0.41,,,0.48,0.24,0.15,,,,,0.3,1763.0,Mycobacterium,Duplodnaviria,Heunggongvirae,Uroviricota,Caudoviricetes,Caudoviricetes incertae sedis,Cheoctovirus,Cheoctovirus drago,Mycobacterium virus Drago,dsDNA
Cheoctovirus,1623281,,,,,,0.41,,,0.48,0.24,0.15,,,,,0.3,246196.0,Mycolicibacterium smegmatis MC2 155,Duplodnaviria,Heunggongvirae,Uroviricota,Caudoviricetes,Caudoviricetes incertae sedis,Cheoctovirus,Cheoctovirus dlane,Mycobacterium virus Dlane,dsDNA
Cheoctovirus,1623281,,,,,,0.41,,,0.48,0.24,0.15,,,,,0.3,246196.0,Mycolicibacterium smegmatis MC2 155,Duplodnaviria,Heunggongvirae,Uroviricota,Caudoviricetes,Caudoviricetes incertae sedis,Cheoctovirus,Cheoctovirus donkeykong,,dsDNA
Cheoctovirus,1623281,,,,,,0.41,,,0.48,0.24,0.15,,,,,0.3,246196.0,Mycolicibacterium smegmatis MC2 155,Duplodnaviria,Heunggongvirae,Uroviricota,Caudoviricetes,Caudoviricetes incertae sedis,Cheoctovirus,Cheoctovirus dorothy,Mycobacterium virus Dorothy,dsDNA
Cheoctovirus,1623281,,,,,,0.41,,,0.48,0.24,0.15,,,,,0.3,246196.0,Mycolicibacterium smegmatis MC2 155,Duplodnaviria,Heunggongvirae,Uroviricota,Caudoviricetes,Caudoviricetes incertae sedis,Cheoctovirus,Cheoctovirus dotproduct,Mycobacterium virus DotProduct,dsDNA
Cheoctovirus,1623281,,,,,,0.41,,,0.48,0.24,0.15,,,,,0.3,1763.0,Mycobacterium,Duplodnaviria,Heunggongvirae,Uroviricota,Caudoviricetes,Caudoviricetes incertae sedis,Cheoctovirus,Cheoctovirus doug,,dsDNA
Cheoctovirus,1623281,,,,,,0.41,,,0.48,0.24,0.15,,,,,0.3,246196.0,Mycolicibacterium smegmatis MC2 155,Duplodnaviria,Heunggongvirae,Uroviricota,Caudoviricetes,Caudoviricetes incertae sedis,Cheoctovirus,Cheoctovirus drago,Mycobacterium virus Drago,dsDNA
Cheoctovirus,1623281,,,,,,0.41,,,0.48,0.24,0.15,,,,,0.3,1763.0,Mycobacterium,Duplodnaviria,Heunggongvirae,Uroviricota,Caudoviricetes,Caudoviricetes incertae sedis,Cheoctovirus,Cheoctovirus DRBy19,,dsDNA
Cheoctovirus,1623281,,,,,,0.41,,,0.48,0.24,0.15,,,,,0.3,246196.0,Mycolicibacterium smegmatis MC2 155,Duplodnaviria,Heunggongvirae,Uroviricota,Caudoviricetes,Caudoviricetes incertae sedis,Cheoctovirus,Cheoctovirus eish,,dsDNA
Cheoctovirus,1623281,,,,,,0.41,,,0.48,0.24,0.15,,,,,0.3,1763.0,Mycobacterium,Duplodnaviria,Heunggongvirae,Uroviricota,Caudoviricetes,Caudoviricetes incertae sedis,Cheoctovirus,Cheoctovirus eleanorgeorge,,dsDNA
Cheoctovirus,1623281,,,,,,0.41,,,0.48,0.24,0.15,,,,,0.3,246196.0,Mycolicibacterium smegmatis MC2 155,Duplodnaviria,Heunggongvirae,Uroviricota,Caudoviricetes,Caudoviricetes incertae sedis,Cheoctovirus,Cheoctovirus emma,,dsDNA
Cheoctovirus,1623281,,,,,,0.41,,,0.48,0.24,0.15,,,,,0.3,246196.0,Mycolicibacterium smegmatis MC2 155,Duplodnaviria,Heunggongvirae,Uroviricota,Caudoviricetes,Caudoviricetes incertae sedis,Cheoctovirus,Cheoctovirus empress,,dsDNA
Cheoctovirus,1623281,,,,,,0.41,,,0.48,0.24,0.15,,,,,0.3,246196.0,Mycolicibacterium smegmatis MC2 155,Duplodnaviria,Heunggongvirae,Uroviricota,Caudoviricetes,Caudoviricetes incertae sedis,Cheoctovirus,Cheoctovirus estave1,,dsDNA
Cheoctovirus,1623281,,,,,,0.41,,,0.48,0.24,0.15,,,,,0.3,246196.0,Mycolicibacterium smegmatis MC2 155,Duplodnaviria,Heunggongvirae,Uroviricota,Caudoviricetes,Caudoviricetes incertae sedis,Cheoctovirus,Cheoctovirus fancypants,,dsDNA
Cheoctovirus,1623281,,,,,,0.41,,,0.48,0.24,0.15,,,,,0.3,246196.0,Mycolicibacterium smegmatis MC2 155,Duplodnaviria,Heunggongvirae,Uroviricota,Caudoviricetes,Caudoviricetes incertae sedis,Cheoctovirus,Cheoctovirus filuzino,,dsDNA
Cheoctovirus,1623281,,,,,,0.41,,,0.48,0.24,0.15,,,,,0.3,1763.0,Mycobacterium,Duplodnaviria,Heunggongvirae,Uroviricota,Caudoviricetes,Caudoviricetes incertae sedis,Cheoctovirus,Cheoctovirus firehouse51,,dsDNA
Cheoctovirus,1623281,,,,,,0.41,,,0.48,0.24,0.15,,,,,0.3,1763.0,Mycobacterium,Duplodnaviria,Heunggongvirae,Uroviricota,Caudoviricetes,Caudoviricetes incertae sedis,Cheoctovirus,Cheoctovirus florinda,,dsDNA
Cheoctovirus,1623281,,,,,,0.41,,,0.48,0.24,0.15,,,,,0.3,246196.0,Mycolicibacterium smegmatis MC2 155,Duplodnaviria,Heunggongvirae,Uroviricota,Caudoviricetes,Caudoviricetes incertae sedis,Cheoctovirus,Cheoctovirus florinda,,dsDNA
Cheoctovirus,1623281,,,,,,0.41,,,0.48,0.24,0.15,,,,,0.3,1771.0,Mycolicibacterium phlei,Duplodnaviria,Heunggongvirae,Uroviricota,Caudoviricetes,Caudoviricetes incertae sedis,Cheoctovirus,unclassified Cheoctovirus,,dsDNA
Cheoctovirus,1623281,,,,,,0.41,,,0.48,0.24,0.15,,,,,0.3,246196.0,Mycolicibacterium smegmatis MC2 155,Duplodnaviria,Heunggongvirae,Uroviricota,Caudoviricetes,Caudoviricetes incertae sedis,Cheoctovirus,Cheoctovirus fruitloop,Mycobacterium virus Fruitloop,dsDNA
Cheoctovirus,1623281,,,,,,0.41,,,0.48,0.24,0.15,,,,,0.3,246196.0,Mycolicibacterium smegmatis MC2 155,Duplodnaviria,Heunggongvirae,Uroviricota,Caudoviricetes,Caudoviricetes incertae sedis,Cheoctovirus,Cheoctovirus galactic,,dsDNA
Cheoctovirus,1623281,,,,,,0.41,,,0.48,0.24,0.15,,,,,0.3,246196.0,Mycolicibacterium smegmatis MC2 155,Duplodnaviria,Heunggongvirae,Uroviricota,Caudoviricetes,Caudoviricetes incertae sedis,Cheoctovirus,Cheoctovirus gandalph,,dsDNA
Cheoctovirus,1623281,,,,,,0.41,,,0.48,0.24,0.15,,,,,0.3,246196.0,Mycolicibacterium smegmatis MC2 155,Duplodnaviria,Heunggongvirae,Uroviricota,Caudoviricetes,Caudoviricetes incertae sedis,Cheoctovirus,Cheoctovirus geralt,,dsDNA
Cheoctovirus,1623281,,,,,,0.41,,,0.48,0.24,0.15,,,,,0.3,246196.0,Mycolicibacterium smegmatis MC2 155,Duplodnaviria,Heunggongvirae,Uroviricota,Caudoviricetes,Caudoviricetes incertae sedis,Cheoctovirus,Cheoctovirus girr,,dsDNA
Cheoctovirus,1623281,,,,,,0.41,,,0.48,0.24,0.15,,,,,0.3,1763.0,Mycobacterium,Duplodnaviria,Heunggongvirae,Uroviricota,Caudoviricetes,Caudoviricetes incertae sedis,Cheoctovirus,Cheoctovirus gorge,,dsDNA
Cheoctovirus,1623281,,,,,,0.41,,,0.48,0.24,0.15,,,,,0.3,246196.0,Mycolicibacterium smegmatis MC2 155,Duplodnaviria,Heunggongvirae,Uroviricota,Caudoviricetes,Caudoviricetes incertae sedis,Cheoctovirus,Cheoctovirus gumbie,Mycobacterium virus GUmbie,dsDNA
Cheoctovirus,1623281,,,,,,0.41,,,0.48,0.24,0.15,,,,,0.3,246196.0,Mycolicibacterium smegmatis MC2 155,Duplodnaviria,Heunggongvirae,Uroviricota,Caudoviricetes,Caudoviricetes incertae sedis,Cheoctovirus,Cheoctovirus hades,,dsDNA
Cheoctovirus,1623281,,,,,,0.41,,,0.48,0.24,0.15,,,,,0.3,1763.0,Mycobacterium,Duplodnaviria,Heunggongvirae,Uroviricota,Caudoviricetes,Caudoviricetes incertae sedis,Cheoctovirus,Cheoctovirus hamulus,,dsDNA
Cheoctovirus,1623281,,,,,,0.41,,,0.48,0.24,0.15,,,,,0.3,246196.0,Mycolicibacterium smegmatis MC2 155,Duplodnaviria,Heunggongvirae,Uroviricota,Caudoviricetes,Caudoviricetes incertae sedis,Cheoctovirus,Cheoctovirus hamulus,,dsDNA
Cheoctovirus,1623281,,,,,,0.41,,,0.48,0.24,0.15,,,,,0.3,246196.0,Mycolicibacterium smegmatis MC2 155,Duplodnaviria,Heunggongvirae,Uroviricota,Caudoviricetes,Caudoviricetes incertae sedis,Cheoctovirus,Cheoctovirus harley,,dsDNA
Cheoctovirus,1623281,,,,,,0.41,,,0.48,0.24,0.15,,,,,0.3,1763.0,Mycobacterium,Duplodnaviria,Heunggongvirae,Uroviricota,Caudoviricetes,Caudoviricetes incertae sedis,Cheoctovirus,Cheoctovirus hlubikazi,,dsDNA
Cheoctovirus,1623281,,,,,,0.41,,,0.48,0.24,0.15,,,,,0.3,246196.0,Mycolicibacterium smegmatis MC2 155,Duplodnaviria,Heunggongvirae,Uroviricota,Caudoviricetes,Caudoviricetes incertae sedis,Cheoctovirus,Cheoctovirus ibhubesi,Mycobacterium virus Ibhubesi,dsDNA
Cheoctovirus,1623281,,,,,,0.41,,,0.48,0.24,0.15,,,,,0.3,246196.0,Mycolicibacterium smegmatis MC2 155,Duplodnaviria,Heunggongvirae,Uroviricota,Caudoviricetes,Caudoviricetes incertae sedis,Cheoctovirus,Cheoctovirus inventum,,dsDNA
Cheoctovirus,1623281,,,,,,0.41,,,0.48,0.24,0.15,,,,,0.3,1763.0,Mycobacterium,Duplodnaviria,Heunggongvirae,Uroviricota,Caudoviricetes,Caudoviricetes incertae sedis,Cheoctovirus,Cheoctovirus joeyjr,,dsDNA
Cheoctovirus,1623281,,,,,,0.41,,,0.48,0.24,0.15,,,,,0.3,246196.0,Mycolicibacterium smegmatis MC2 155,Duplodnaviria,Heunggongvirae,Uroviricota,Caudoviricetes,Caudoviricetes incertae sedis,Cheoctovirus,Cheoctovirus kersh,,dsDNA
Cheoctovirus,1623281,,,,,,0.41,,,0.48,0.24,0.15,,,,,0.3,246196.0,Mycolicibacterium smegmatis MC2 155,Duplodnaviria,Heunggongvirae,Uroviricota,Caudoviricetes,Caudoviricetes incertae sedis,Cheoctovirus,Cheoctovirus kimberlium,,dsDNA
Cheoctovirus,1623281,,,,,,0.41,,,0.48,0.24,0.15,,,,,0.3,246196.0,Mycolicibacterium smegmatis MC2 155,Duplodnaviria,Heunggongvirae,Uroviricota,Caudoviricetes,Caudoviricetes incertae sedis,Cheoctovirus,Cheoctovirus krakatau,,dsDNA
Cheoctovirus,1623281,,,,,,0.41,,,0.48,0.24,0.15,,,,,0.3,246196.0,Mycolicibacterium smegmatis MC2 155,Duplodnaviria,Heunggongvirae,Uroviricota,Caudoviricetes,Caudoviricetes incertae sedis,Cheoctovirus,Cheoctovirus kristaram,,dsDNA
Cheoctovirus,1623281,,,,,,0.41,,,0.48,0.24,0.15,,,,,0.3,1763.0,Mycobacterium,Duplodnaviria,Heunggongvirae,Uroviricota,Caudoviricetes,Caudoviricetes incertae sedis,Cheoctovirus,Cheoctovirus lilmoolah,,dsDNA
Cheoctovirus,1623281,,,,,,0.41,,,0.48,0.24,0.15,,,,,0.3,246196.0,Mycolicibacterium smegmatis MC2 155,Duplodnaviria,Heunggongvirae,Uroviricota,Caudoviricetes,Caudoviricetes incertae sedis,Cheoctovirus,Cheoctovirus lizziana,,dsDNA
Cheoctovirus,1623281,,,,,,0.41,,,0.48,0.24,0.15,,,,,0.3,1763.0,Mycobacterium,Duplodnaviria,Heunggongvirae,Uroviricota,Caudoviricetes,Caudoviricetes incertae sedis,Cheoctovirus,Cheoctovirus llij,Mycobacterium virus Llij,dsDNA
Cheoctovirus,1623281,,,,,,0.41,,,0.48,0.24,0.15,,,,,0.3,246196.0,Mycolicibacterium smegmatis MC2 155,Duplodnaviria,Heunggongvirae,Uroviricota,Caudoviricetes,Caudoviricetes incertae sedis,Cheoctovirus,Cheoctovirus mahavrat,,dsDNA
Cheoctovirus,1623281,,,,,,0.41,,,0.48,0.24,0.15,,,,,0.3,246196.0,Mycolicibacterium smegmatis MC2 155,Duplodnaviria,Heunggongvirae,Uroviricota,Caudoviricetes,Caudoviricetes incertae sedis,Cheoctovirus,Cheoctovirus mantra,,dsDNA
Cheoctovirus,1623281,,,,,,0.41,,,0.48,0.24,0.15,,,,,0.3,246196.0,Mycolicibacterium smegmatis MC2 155,Duplodnaviria,Heunggongvirae,Uroviricota,Caudoviricetes,Caudoviricetes incertae sedis,Cheoctovirus,Cheoctovirus mattes,,dsDNA
Cheoctovirus,1623281,,,,,,0.41,,,0.48,0.24,0.15,,,,,0.3,1772.0,Mycolicibacterium smegmatis,Duplodnaviria,Heunggongvirae,Uroviricota,Caudoviricetes,Caudoviricetes incertae sedis,Cheoctovirus,unclassified Cheoctovirus,,dsDNA
Cheoctovirus,1623281,,,,,,0.41,,,0.48,0.24,0.15,,,,,0.3,246196.0,Mycolicibacterium smegmatis MC2 155,Duplodnaviria,Heunggongvirae,Uroviricota,Caudoviricetes,Caudoviricetes incertae sedis,Cheoctovirus,Cheoctovirus melissauren88,,dsDNA
Cheoctovirus,1623281,,,,,,0.41,,,0.48,0.24,0.15,,,,,0.3,246196.0,Mycolicibacterium smegmatis MC2 155,Duplodnaviria,Heunggongvirae,Uroviricota,Caudoviricetes,Caudoviricetes incertae sedis,Cheoctovirus,Cheoctovirus milleniumforce,,dsDNA
Cheoctovirus,1623281,,,,,,0.41,,,0.48,0.24,0.15,,,,,0.3,246196.0,Mycolicibacterium smegmatis MC2 155,Duplodnaviria,Heunggongvirae,Uroviricota,Caudoviricetes,Caudoviricetes incertae sedis,Cheoctovirus,Cheoctovirus miniondave,,dsDNA
Cheoctovirus,1623281,,,,,,0.41,,,0.48,0.24,0.15,,,,,0.3,246196.0,Mycolicibacterium smegmatis MC2 155,Duplodnaviria,Heunggongvirae,Uroviricota,Caudoviricetes,Caudoviricetes incertae sedis,Cheoctovirus,Cheoctovirus minnie,,dsDNA
Cheoctovirus,1623281,,,,,,0.41,,,0.48,0.24,0.15,,,,,0.3,1763.0,Mycobacterium,Duplodnaviria,Heunggongvirae,Uroviricota,Caudoviricetes,Caudoviricetes incertae sedis,Cheoctovirus,Cheoctovirus moonbeam,,dsDNA
Cheoctovirus,1623281,,,,,,0.41,,,0.48,0.24,0.15,,,,,0.3,246196.0,Mycolicibacterium smegmatis MC2 155,Duplodnaviria,Heunggongvirae,Uroviricota,Caudoviricetes,Caudoviricetes incertae sedis,Cheoctovirus,Cheoctovirus mozy,Mycobacterium virus Mozy,dsDNA
Cheoctovirus,1623281,,,,,,0.41,,,0.48,0.24,0.15,,,,,0.3,246196.0,Mycolicibacterium smegmatis MC2 155,Duplodnaviria,Heunggongvirae,Uroviricota,Caudoviricetes,Caudoviricetes incertae sedis,Cheoctovirus,Cheoctovirus mutaforma13,Mycobacterium virus Mutaforma13,dsDNA
Cheoctovirus,1623281,,,,,,0.41,,,0.48,0.24,0.15,,,,,0.3,1763.0,Mycobacterium,Duplodnaviria,Heunggongvirae,Uroviricota,Caudoviricetes,Caudoviricetes incertae sedis,Cheoctovirus,Cheoctovirus nitzel,,dsDNA
Cheoctovirus,1623281,,,,,,0.41,,,0.48,0.24,0.15,,,,,0.3,246196.0,Mycolicibacterium smegmatis MC2 155,Duplodnaviria,Heunggongvirae,Uroviricota,Caudoviricetes,Caudoviricetes incertae sedis,Cheoctovirus,Cheoctovirus nivrat,,dsDNA
Cheoctovirus,1623281,,,,,,0.41,,,0.48,0.24,0.15,,,,,0.3,246196.0,Mycolicibacterium smegmatis MC2 155,Duplodnaviria,Heunggongvirae,Uroviricota,Caudoviricetes,Caudoviricetes incertae sedis,Cheoctovirus,Cheoctovirus ochi17,,dsDNA
Cheoctovirus,1623281,,,,,,0.41,,,0.48,0.24,0.15,,,,,0.3,246196.0,Mycolicibacterium smegmatis MC2 155,Duplodnaviria,Heunggongvirae,Uroviricota,Caudoviricetes,Caudoviricetes incertae sedis,Cheoctovirus,Cheoctovirus oldben,,dsDNA
Cheoctovirus,1623281,,,,,,0.41,,,0.48,0.24,0.15,,,,,0.3,1763.0,Mycobacterium,Duplodnaviria,Heunggongvirae,Uroviricota,Caudoviricetes,Caudoviricetes incertae sedis,Cheoctovirus,Cheoctovirus olympiasaint,,dsDNA
Cheoctovirus,1623281,,,,,,0.41,,,0.48,0.24,0.15,,,,,0.3,246196.0,Mycolicibacterium smegmatis MC2 155,Duplodnaviria,Heunggongvirae,Uroviricota,Caudoviricetes,Caudoviricetes incertae sedis,Cheoctovirus,Cheoctovirus ovechkin,,dsDNA
Cheoctovirus,1623281,,,,,,0.41,,,0.48,0.24,0.15,,,,,0.3,246196.0,Mycolicibacterium smegmatis MC2 155,Duplodnaviria,Heunggongvirae,Uroviricota,Caudoviricetes,Caudoviricetes incertae sedis,Cheoctovirus,Cheoctovirus owlsT2W,,dsDNA
Cheoctovirus,1623281,,,,,,0.41,,,0.48,0.24,0.15,,,,,0.3,246196.0,Mycolicibacterium smegmatis MC2 155,Duplodnaviria,Heunggongvirae,Uroviricota,Caudoviricetes,Caudoviricetes incertae sedis,Cheoctovirus,Cheoctovirus pacc40,Mycobacterium virus Pacc40,dsDNA
Cheoctovirus,1623281,,,,,,0.41,,,0.48,0.24,0.15,,,,,0.3,246196.0,Mycolicibacterium smegmatis MC2 155,Duplodnaviria,Heunggongvirae,Uroviricota,Caudoviricetes,Caudoviricetes incertae sedis,Cheoctovirus,Cheoctovirus shauna1,Mycobacterium virus Shauna1,dsDNA
Cheoctovirus,1623281,,,,,,0.41,,,0.48,0.24,0.15,,,,,0.3,246196.0,Mycolicibacterium smegmatis MC2 155,Duplodnaviria,Heunggongvirae,Uroviricota,Caudoviricetes,Caudoviricetes incertae sedis,Cheoctovirus,Cheoctovirus phasih,,dsDNA
Cheoctovirus,1623281,,,,,,0.41,,,0.48,0.24,0.15,,,,,0.3,246196.0,Mycolicibacterium smegmatis MC2 155,Duplodnaviria,Heunggongvirae,Uroviricota,Caudoviricetes,Caudoviricetes incertae sedis,Cheoctovirus,Cheoctovirus phatniss,,dsDNA
Cheoctovirus,1623281,,,,,,0.41,,,0.48,0.24,0.15,,,,,0.3,1763.0,Mycobacterium,Duplodnaviria,Heunggongvirae,Uroviricota,Caudoviricetes,Caudoviricetes incertae sedis,Cheoctovirus,Cheoctovirus plumbus,,dsDNA
Cheoctovirus,1623281,,,,,,0.41,,,0.48,0.24,0.15,,,,,0.3,1763.0,Mycobacterium,Duplodnaviria,Heunggongvirae,Uroviricota,Caudoviricetes,Caudoviricetes incertae sedis,Cheoctovirus,Cheoctovirus PMC,Mycobacterium virus PMC,dsDNA
Cheoctovirus,1623281,,,,,,0.41,,,0.48,0.24,0.15,,,,,0.3,246196.0,Mycolicibacterium smegmatis MC2 155,Duplodnaviria,Heunggongvirae,Uroviricota,Caudoviricetes,Caudoviricetes incertae sedis,Cheoctovirus,Cheoctovirus poenanya,,dsDNA
Cheoctovirus,1623281,,,,,,0.41,,,0.48,0.24,0.15,,,,,0.3,246196.0,Mycolicibacterium smegmatis MC2 155,Duplodnaviria,Heunggongvirae,Uroviricota,Caudoviricetes,Caudoviricetes incertae sedis,Cheoctovirus,Cheoctovirus polka14,,dsDNA
Cheoctovirus,1623281,,,,,,0.41,,,0.48,0.24,0.15,,,,,0.3,246196.0,Mycolicibacterium smegmatis MC2 155,Duplodnaviria,Heunggongvirae,Uroviricota,Caudoviricetes,Caudoviricetes incertae sedis,Cheoctovirus,Cheoctovirus poptart,,dsDNA
Cheoctovirus,1623281,,,,,,0.41,,,0.48,0.24,0.15,,,,,0.3,246196.0,Mycolicibacterium smegmatis MC2 155,Duplodnaviria,Heunggongvirae,Uroviricota,Caudoviricetes,Caudoviricetes incertae sedis,Cheoctovirus,Cheoctovirus priscilla,,dsDNA
Cheoctovirus,1623281,,,,,,0.41,,,0.48,0.24,0.15,,,,,0.3,1763.0,Mycobacterium,Duplodnaviria,Heunggongvirae,Uroviricota,Caudoviricetes,Caudoviricetes incertae sedis,Cheoctovirus,Cheoctovirus quickmath,,dsDNA
Cheoctovirus,1623281,,,,,,0.41,,,0.48,0.24,0.15,,,,,0.3,246196.0,Mycolicibacterium smegmatis MC2 155,Duplodnaviria,Heunggongvirae,Uroviricota,Caudoviricetes,Caudoviricetes incertae sedis,Cheoctovirus,Cheoctovirus ramsey,Mycobacterium virus Ramsey,dsDNA
Cheoctovirus,1623281,,,,,,0.41,,,0.48,0.24,0.15,,,,,0.3,246196.0,Mycolicibacterium smegmatis MC2 155,Duplodnaviria,Heunggongvirae,Uroviricota,Caudoviricetes,Caudoviricetes incertae sedis,Cheoctovirus,Cheoctovirus ritaG,,dsDNA
Cheoctovirus,1623281,,,,,,0.41,,,0.48,0.24,0.15,,,,,0.3,246196.0,Mycolicibacterium smegmatis MC2 155,Duplodnaviria,Heunggongvirae,Uroviricota,Caudoviricetes,Caudoviricetes incertae sedis,Cheoctovirus,Cheoctovirus rockyhorror,Mycobacterium virus RockyHorror,dsDNA
Cheoctovirus,1623281,,,,,,0.41,,,0.48,0.24,0.15,,,,,0.3,246196.0,Mycolicibacterium smegmatis MC2 155,Duplodnaviria,Heunggongvirae,Uroviricota,Caudoviricetes,Caudoviricetes incertae sedis,Cheoctovirus,Cheoctovirus royals2015,,dsDNA
Cheoctovirus,1623281,,,,,,0.41,,,0.48,0.24,0.15,,,,,0.3,246196.0,Mycolicibacterium smegmatis MC2 155,Duplodnaviria,Heunggongvirae,Uroviricota,Caudoviricetes,Caudoviricetes incertae sedis,Cheoctovirus,Cheoctovirus saal,,dsDNA
Cheoctovirus,1623281,,,,,,0.41,,,0.48,0.24,0.15,,,,,0.3,246196.0,Mycolicibacterium smegmatis MC2 155,Duplodnaviria,Heunggongvirae,Uroviricota,Caudoviricetes,Caudoviricetes incertae sedis,Cheoctovirus,Cheoctovirus sandalphon,,dsDNA
Cheoctovirus,1623281,,,,,,0.41,,,0.48,0.24,0.15,,,,,0.3,246196.0,Mycolicibacterium smegmatis MC2 155,Duplodnaviria,Heunggongvirae,Uroviricota,Caudoviricetes,Caudoviricetes incertae sedis,Cheoctovirus,Cheoctovirus SG4,Mycobacterium virus SG4,dsDNA
Cheoctovirus,1623281,,,,,,0.41,,,0.48,0.24,0.15,,,,,0.3,246196.0,Mycolicibacterium smegmatis MC2 155,Duplodnaviria,Heunggongvirae,Uroviricota,Caudoviricetes,Caudoviricetes incertae sedis,Cheoctovirus,Cheoctovirus shilan,Mycobacterium virus Shilan,dsDNA
Cheoctovirus,1623281,,,,,,0.41,,,0.48,0.24,0.15,,,,,0.3,246196.0,Mycolicibacterium smegmatis MC2 155,Duplodnaviria,Heunggongvirae,Uroviricota,Caudoviricetes,Caudoviricetes incertae sedis,Cheoctovirus,Cheoctovirus sisi,,dsDNA
Cheoctovirus,1623281,,,,,,0.41,,,0.48,0.24,0.15,,,,,0.3,246196.0,Mycolicibacterium smegmatis MC2 155,Duplodnaviria,Heunggongvirae,Uroviricota,Caudoviricetes,Caudoviricetes incertae sedis,Cheoctovirus,Cheoctovirus sparkdehlily,,dsDNA
Cheoctovirus,1623281,,,,,,0.41,,,0.48,0.24,0.15,,,,,0.3,246196.0,Mycolicibacterium smegmatis MC2 155,Duplodnaviria,Heunggongvirae,Uroviricota,Caudoviricetes,Caudoviricetes incertae sedis,Cheoctovirus,Cheoctovirus spartacus,Mycobacterium virus Spartacus,dsDNA
Cheoctovirus,1623281,,,,,,0.41,,,0.48,0.24,0.15,,,,,0.3,1763.0,Mycobacterium,Duplodnaviria,Heunggongvirae,Uroviricota,Caudoviricetes,Caudoviricetes incertae sedis,Cheoctovirus,Cheoctovirus spikelee,,dsDNA
Cheoctovirus,1623281,,,,,,0.41,,,0.48,0.24,0.15,,,,,0.3,246196.0,Mycolicibacterium smegmatis MC2 155,Duplodnaviria,Heunggongvirae,Uroviricota,Caudoviricetes,Caudoviricetes incertae sedis,Cheoctovirus,Cheoctovirus spoonbill,,dsDNA
Cheoctovirus,1623281,,,,,,0.41,,,0.48,0.24,0.15,,,,,0.3,246196.0,Mycolicibacterium smegmatis MC2 155,Duplodnaviria,Heunggongvirae,Uroviricota,Caudoviricetes,Caudoviricetes incertae sedis,Cheoctovirus,Cheoctovirus supergrey,,dsDNA
Cheoctovirus,1623281,,,,,,0.41,,,0.48,0.24,0.15,,,,,0.3,1763.0,Mycobacterium,Duplodnaviria,Heunggongvirae,Uroviricota,Caudoviricetes,Caudoviricetes incertae sedis,Cheoctovirus,Cheoctovirus swagpigglett,,dsDNA
Cheoctovirus,1623281,,,,,,0.41,,,0.48,0.24,0.15,,,,,0.3,246196.0,Mycolicibacterium smegmatis MC2 155,Duplodnaviria,Heunggongvirae,Uroviricota,Caudoviricetes,Caudoviricetes incertae sedis,Cheoctovirus,Cheoctovirus taj,Mycobacterium virus Taj,dsDNA
Cheoctovirus,1623281,,,,,,0.41,,,0.48,0.24,0.15,,,,,0.3,1763.0,Mycobacterium,Duplodnaviria,Heunggongvirae,Uroviricota,Caudoviricetes,Caudoviricetes incertae sedis,Cheoctovirus,Cheoctovirus tweety,Mycobacterium virus Tweety,dsDNA
Cheoctovirus,1623281,,,,,,0.41,,,0.48,0.24,0.15,,,,,0.3,246196.0,Mycolicibacterium smegmatis MC2 155,Duplodnaviria,Heunggongvirae,Uroviricota,Caudoviricetes,Caudoviricetes incertae sedis,Cheoctovirus,Cheoctovirus veteran,,dsDNA
Cheoctovirus,1623281,,,,,,0.41,,,0.48,0.24,0.15,,,,,0.3,246196.0,Mycolicibacterium smegmatis MC2 155,Duplodnaviria,Heunggongvirae,Uroviricota,Caudoviricetes,Caudoviricetes incertae sedis,Cheoctovirus,Cheoctovirus wachhund,,dsDNA
Cheoctovirus,1623281,,,,,,0.41,,,0.48,0.24,0.15,,,,,0.3,1763.0,Mycobacterium,Duplodnaviria,Heunggongvirae,Uroviricota,Caudoviricetes,Caudoviricetes incertae sedis,Cheoctovirus,Cheoctovirus wee,Mycobacterium virus Wee,dsDNA
Cheoctovirus,1623281,,,,,,0.41,,,0.48,0.24,0.15,,,,,0.3,246196.0,Mycolicibacterium smegmatis MC2 155,Duplodnaviria,Heunggongvirae,Uroviricota,Caudoviricetes,Caudoviricetes incertae sedis,Cheoctovirus,Cheoctovirus wee,Mycobacterium virus Wee,dsDNA
Cheoctovirus,1623281,,,,,,0.41,,,0.48,0.24,0.15,,,,,0.3,246196.0,Mycolicibacterium smegmatis MC2 155,Duplodnaviria,Heunggongvirae,Uroviricota,Caudoviricetes,Caudoviricetes incertae sedis,Cheoctovirus,Cheoctovirus whouxphf,,dsDNA
Cheoctovirus,1623281,,,,,,0.41,,,0.48,0.24,0.15,,,,,0.3,246196.0,Mycolicibacterium smegmatis MC2 155,Duplodnaviria,Heunggongvirae,Uroviricota,Caudoviricetes,Caudoviricetes incertae sedis,Cheoctovirus,Cheoctovirus willsterrel,,dsDNA
Cheoctovirus,1623281,,,,,,0.41,,,0.48,0.24,0.15,,,,,0.3,246196.0,Mycolicibacterium smegmatis MC2 155,Duplodnaviria,Heunggongvirae,Uroviricota,Caudoviricetes,Caudoviricetes incertae sedis,Cheoctovirus,Cheoctovirus xfactor,,dsDNA
Cheoctovirus,1623281,,,,,,0.41,,,0.48,0.24,0.15,,,,,0.3,246196.0,Mycolicibacterium smegmatis MC2 155,Duplodnaviria,Heunggongvirae,Uroviricota,Caudoviricetes,Caudoviricetes incertae sedis,Cheoctovirus,Cheoctovirus zerg,,dsDNA
Chivirus,1623283,,,0.08,,,,,,0.52,,,,,,,0.26,28901.0,Salmonella enterica,Duplodnaviria,Heunggongvirae,Uroviricota,Caudoviricetes,Caudoviricetes incertae sedis,Casjensviridae,Chivirus,,dsDNA
Chivirus,1623283,,,0.08,,,,,,0.52,,,,,,,0.26,42895.0,Enterobacter sp.,Duplodnaviria,Heunggongvirae,Uroviricota,Caudoviricetes,Caudoviricetes incertae sedis,Casjensviridae,Chivirus,unclassified Chivirus,dsDNA
Chivirus,1623283,,,0.08,,,,,,0.52,,,,,,,0.26,562.0,Escherichia coli,Duplodnaviria,Heunggongvirae,Uroviricota,Caudoviricetes,Caudoviricetes incertae sedis,Casjensviridae,Chivirus,unclassified Chivirus,dsDNA
Chivirus,1623283,,,0.08,,,,,,0.52,,,,,,,0.26,548.0,Klebsiella aerogenes,Duplodnaviria,Heunggongvirae,Uroviricota,Caudoviricetes,Caudoviricetes incertae sedis,Casjensviridae,Chivirus,unclassified Chivirus,dsDNA
Chivirus,1623283,,,0.08,,,,,,0.52,,,,,,,0.26,594.0,Salmonella enterica subsp. enterica serovar Gallinarum,Duplodnaviria,Heunggongvirae,Uroviricota,Caudoviricetes,Caudoviricetes incertae sedis,Casjensviridae,Chivirus,Chivirus cv35,dsDNA
Chivirus,1623283,,,0.08,,,,,,0.52,,,,,,,0.26,54388.0,Salmonella enterica subsp. enterica serovar Paratyphi A,Duplodnaviria,Heunggongvirae,Uroviricota,Caudoviricetes,Caudoviricetes incertae sedis,Casjensviridae,Chivirus,Chivirus cv37,dsDNA
Chivirus,1623283,,,0.08,,,,,,0.52,,,,,,,0.26,57045.0,Salmonella enterica subsp. enterica serovar Paratyphi B,Duplodnaviria,Heunggongvirae,Uroviricota,Caudoviricetes,Caudoviricetes incertae sedis,Casjensviridae,Chivirus,Chivirus cv37,dsDNA
Chivirus,1623283,,,0.08,,,,,,0.52,,,,,,,0.26,90370.0,Salmonella enterica subsp. enterica serovar Typhi,Duplodnaviria,Heunggongvirae,Uroviricota,Caudoviricetes,Caudoviricetes incertae sedis,Casjensviridae,Chivirus,Chivirus cv37,dsDNA
Chivirus,1623283,,,0.08,,,,,,0.52,,,,,,,0.26,149539.0,Salmonella enterica subsp. enterica serovar Enteritidis,Duplodnaviria,Heunggongvirae,Uroviricota,Caudoviricetes,Caudoviricetes incertae sedis,Casjensviridae,Chivirus,Chivirus cv37,dsDNA
Chivirus,1623283,,,0.08,,,,,,0.52,,,,,,,0.26,85569.0,Salmonella enterica subsp. enterica serovar Typhimurium str. DT104,Duplodnaviria,Heunggongvirae,Uroviricota,Caudoviricetes,Caudoviricetes incertae sedis,Casjensviridae,Chivirus,Chivirus BSPM4,dsDNA
Chivirus,1623283,,,0.08,,,,,,0.52,,,,,,,0.26,90371.0,Salmonella enterica subsp. enterica serovar Typhimurium,Duplodnaviria,Heunggongvirae,Uroviricota,Caudoviricetes,Caudoviricetes incertae sedis,Casjensviridae,Chivirus,Chivirus BSPM4,dsDNA
Chivirus,1623283,,,0.08,,,,,,0.52,,,,,,,0.26,99287.0,Salmonella enterica subsp. enterica serovar Typhimurium str. LT2,Duplodnaviria,Heunggongvirae,Uroviricota,Caudoviricetes,Caudoviricetes incertae sedis,Casjensviridae,Chivirus,Chivirus BSPM4,dsDNA
Chivirus,1623283,,,0.08,,,,,,0.52,,,,,,,0.26,216597.0,Salmonella enterica subsp. enterica serovar Typhimurium str. SL1344,Duplodnaviria,Heunggongvirae,Uroviricota,Caudoviricetes,Caudoviricetes incertae sedis,Casjensviridae,Chivirus,Chivirus BSPM4,dsDNA
Chivirus,1623283,,,0.08,,,,,,0.52,,,,,,,0.26,1299114.0,Salmonella enterica subsp. enterica serovar Typhimurium str. ATCC 14028,Duplodnaviria,Heunggongvirae,Uroviricota,Caudoviricetes,Caudoviricetes incertae sedis,Casjensviridae,Chivirus,Chivirus BSPM4,dsDNA
Chivirus,1623283,,,0.08,,,,,,0.52,,,,,,,0.26,98360.0,Salmonella enterica subsp. enterica serovar Dublin,Duplodnaviria,Heunggongvirae,Uroviricota,Caudoviricetes,Caudoviricetes incertae sedis,Casjensviridae,Chivirus,Chivirus FSLSP030,dsDNA
Chivirus,1623283,,,0.08,,,,,,0.52,,,,,,,0.26,340188.0,Salmonella enterica subsp. enterica serovar Cerro,Duplodnaviria,Heunggongvirae,Uroviricota,Caudoviricetes,Caudoviricetes incertae sedis,Casjensviridae,Chivirus,Chivirus FSLSP030,dsDNA
Chivirus,1623283,,,0.08,,,,,,0.52,,,,,,,0.26,599.0,Salmonella sp.,Duplodnaviria,Heunggongvirae,Uroviricota,Caudoviricetes,Caudoviricetes incertae sedis,Casjensviridae,Chivirus,unclassified Chivirus,dsDNA
Chivirus,1623283,,,0.08,,,,,,0.52,,,,,,,0.26,590.0,Salmonella,Duplodnaviria,Heunggongvirae,Uroviricota,Caudoviricetes,Caudoviricetes incertae sedis,Casjensviridae,Chivirus,unclassified Chivirus,dsDNA
Chivirus,1623283,,,0.08,,,,,,0.52,,,,,,,0.26,108619.0,Salmonella enterica subsp. enterica serovar Newport,Duplodnaviria,Heunggongvirae,Uroviricota,Caudoviricetes,Caudoviricetes incertae sedis,Casjensviridae,Chivirus,Chivirus FSLSP030,dsDNA
Chivirus,1623283,,,0.08,,,,,,0.52,,,,,,,0.26,600.0,Salmonella enterica subsp. enterica serovar Thompson,Duplodnaviria,Heunggongvirae,Uroviricota,Caudoviricetes,Caudoviricetes incertae sedis,Casjensviridae,Chivirus,unclassified Chivirus,dsDNA
Chivirus,1623283,,,0.08,,,,,,0.52,,,,,,,0.26,573.0,Klebsiella pneumoniae,Duplodnaviria,Heunggongvirae,Uroviricota,Caudoviricetes,Caudoviricetes incertae sedis,Casjensviridae,Chivirus,Chivirus KpYy141,dsDNA
Corndogvirus,1623285,,,,,,,,,,,0.02,,,,,,1763.0,Mycobacterium,Duplodnaviria,Heunggongvirae,Uroviricota,Caudoviricetes,Caudoviricetes incertae sedis,Corndogvirus,unclassified Corndogvirus,,dsDNA
Corndogvirus,1623285,,,,,,,,,,,0.02,,,,,,246196.0,Mycolicibacterium smegmatis MC2 155,Duplodnaviria,Heunggongvirae,Uroviricota,Caudoviricetes,Caudoviricetes incertae sedis,Corndogvirus,Corndogvirus catdawg,,dsDNA
Corndogvirus,1623285,,,,,,,,,,,0.02,,,,,,1763.0,Mycobacterium,Duplodnaviria,Heunggongvirae,Uroviricota,Caudoviricetes,Caudoviricetes incertae sedis,Corndogvirus,Corndogvirus corndog,,dsDNA
Corndogvirus,1623285,,,,,,,,,,,0.02,,,,,,246196.0,Mycolicibacterium smegmatis MC2 155,Duplodnaviria,Heunggongvirae,Uroviricota,Caudoviricetes,Caudoviricetes incertae sedis,Corndogvirus,Corndogvirus corndog,,dsDNA
Corndogvirus,1623285,,,,,,,,,,,0.02,,,,,,246196.0,Mycolicibacterium smegmatis MC2 155,Duplodnaviria,Heunggongvirae,Uroviricota,Caudoviricetes,Caudoviricetes incertae sedis,Corndogvirus,Corndogvirus firecracker,,dsDNA
Corndogvirus,1623285,,,,,,,,,,,0.02,,,,,,246196.0,Mycolicibacterium smegmatis MC2 155,Duplodnaviria,Heunggongvirae,Uroviricota,Caudoviricetes,Caudoviricetes incertae sedis,Corndogvirus,unclassified Corndogvirus,,dsDNA
Corndogvirus,1623285,,,,,,,,,,,0.02,,,,,,246196.0,Mycolicibacterium smegmatis MC2 155,Duplodnaviria,Heunggongvirae,Uroviricota,Caudoviricetes,Caudoviricetes incertae sedis,Corndogvirus,Corndogvirus ryadel,,dsDNA
Liefievirus,1623288,,,,,,,,,,,0.02,,,,,,246196.0,Mycolicibacterium smegmatis MC2 155,Duplodnaviria,Heunggongvirae,Uroviricota,Caudoviricetes,Caudoviricetes incertae sedis,Liefievirus,Liefievirus halo,Mycobacterium virus Halo,dsDNA
Liefievirus,1623288,,,,,,,,,,,0.02,,,,,,246196.0,Mycolicibacterium smegmatis MC2 155,Duplodnaviria,Heunggongvirae,Uroviricota,Caudoviricetes,Caudoviricetes incertae sedis,Liefievirus,unclassified Liefievirus,,dsDNA
Liefievirus,1623288,,,,,,,,,,,0.02,,,,,,1763.0,Mycobacterium,Duplodnaviria,Heunggongvirae,Uroviricota,Caudoviricetes,Caudoviricetes incertae sedis,Liefievirus,unclassified Liefievirus,,dsDNA
Liefievirus,1623288,,,,,,,,,,,0.02,,,,,,1773.0,Mycobacterium tuberculosis,Duplodnaviria,Heunggongvirae,Uroviricota,Caudoviricetes,Caudoviricetes incertae sedis,Liefievirus,unclassified Liefievirus,,dsDNA
Liefievirus,1623288,,,,,,,,,,,0.02,,,,,,1785.0,Mycobacterium sp.,Duplodnaviria,Heunggongvirae,Uroviricota,Caudoviricetes,Caudoviricetes incertae sedis,Liefievirus,unclassified Liefievirus,,dsDNA
Liefievirus,1623288,,,,,,,,,,,0.02,,,,,,1763.0,Mycobacterium,Duplodnaviria,Heunggongvirae,Uroviricota,Caudoviricetes,Caudoviricetes incertae sedis,Liefievirus,Liefievirus grizzly,,dsDNA
Liefievirus,1623288,,,,,,,,,,,0.02,,,,,,1763.0,Mycobacterium,Duplodnaviria,Heunggongvirae,Uroviricota,Caudoviricetes,Caudoviricetes incertae sedis,Liefievirus,Liefievirus halo,Mycobacterium virus Halo,dsDNA
Liefievirus,1623288,,,,,,,,,,,0.02,,,,,,85007.0,Mycobacteriales,Duplodnaviria,Heunggongvirae,Uroviricota,Caudoviricetes,Caudoviricetes incertae sedis,Liefievirus,Liefievirus halo,Mycobacterium virus Halo,dsDNA
Liefievirus,1623288,,,,,,,,,,,0.02,,,,,,246196.0,Mycolicibacterium smegmatis MC2 155,Duplodnaviria,Heunggongvirae,Uroviricota,Caudoviricetes,Caudoviricetes incertae sedis,Liefievirus,Liefievirus liefie,Mycobacterium virus Liefie,dsDNA
Liefievirus,1623288,,,,,,,,,,,0.02,,,,,,1772.0,Mycolicibacterium smegmatis,Duplodnaviria,Heunggongvirae,Uroviricota,Caudoviricetes,Caudoviricetes incertae sedis,Liefievirus,unclassified Liefievirus,,dsDNA
Liefievirus,1623288,,,,,,,,,,,0.02,,,,,,1763.0,Mycobacterium,Duplodnaviria,Heunggongvirae,Uroviricota,Caudoviricetes,Caudoviricetes incertae sedis,Liefievirus,Liefievirus paito,,dsDNA
Liefievirus,1623288,,,,,,,,,,,0.02,,,,,,1763.0,Mycobacterium,Duplodnaviria,Heunggongvirae,Uroviricota,Caudoviricetes,Caudoviricetes incertae sedis,Liefievirus,Liefievirus rabbs,,dsDNA
Liefievirus,1623288,,,,,,,,,,,0.02,,,,,,246196.0,Mycolicibacterium smegmatis MC2 155,Duplodnaviria,Heunggongvirae,Uroviricota,Caudoviricetes,Caudoviricetes incertae sedis,Liefievirus,Liefievirus taheera,,dsDNA
Dhillonvirus,1623289,,,,,,0.17,,,0.16,,0.12,,,,,0.08,470.0,Acinetobacter baumannii,Duplodnaviria,Heunggongvirae,Uroviricota,Caudoviricetes,Caudoviricetes incertae sedis,Dhillonvirus,unclassified Dhillonvirus,,dsDNA
Dhillonvirus,1623289,,,,,,0.17,,,0.16,,0.12,,,,,0.08,197.0,Campylobacter jejuni,Duplodnaviria,Heunggongvirae,Uroviricota,Caudoviricetes,Caudoviricetes incertae sedis,Dhillonvirus,unclassified Dhillonvirus,,dsDNA
Dhillonvirus,1623289,,,,,,0.17,,,0.16,,0.12,,,,,0.08,562.0,Escherichia coli,Duplodnaviria,Heunggongvirae,Uroviricota,Caudoviricetes,Caudoviricetes incertae sedis,Dhillonvirus,unclassified Dhillonvirus,,dsDNA
Dhillonvirus,1623289,,,,,,0.17,,,0.16,,0.12,,,,,0.08,511693.0,Escherichia coli BL21,Duplodnaviria,Heunggongvirae,Uroviricota,Caudoviricetes,Caudoviricetes incertae sedis,Dhillonvirus,unclassified Dhillonvirus,,dsDNA
Dhillonvirus,1623289,,,,,,0.17,,,0.16,,0.12,,,,,0.08,562.0,Escherichia coli,Duplodnaviria,Heunggongvirae,Uroviricota,Caudoviricetes,Caudoviricetes incertae sedis,Dhillonvirus,,,dsDNA
Dhillonvirus,1623289,,,,,,0.17,,,0.16,,0.12,,,,,0.08,,,Duplodnaviria,Heunggongvirae,Uroviricota,Caudoviricetes,Caudoviricetes incertae sedis,Dhillonvirus,unclassified Dhillonvirus,,dsDNA
Dhillonvirus,1623289,,,,,,0.17,,,0.16,,0.12,,,,,0.08,1884818.0,Escherichia sp.,Duplodnaviria,Heunggongvirae,Uroviricota,Caudoviricetes,Caudoviricetes incertae sedis,Dhillonvirus,Dhillonvirus B2,,dsDNA
Dhillonvirus,1623289,,,,,,0.17,,,0.16,,0.12,,,,,0.08,562.0,Escherichia coli,Duplodnaviria,Heunggongvirae,Uroviricota,Caudoviricetes,Caudoviricetes incertae sedis,Dhillonvirus,Dhillonvirus BF9,,dsDNA
Dhillonvirus,1623289,,,,,,0.17,,,0.16,,0.12,,,,,0.08,511145.0,Escherichia coli str. K-12 substr. MG1655,Duplodnaviria,Heunggongvirae,Uroviricota,Caudoviricetes,Caudoviricetes incertae sedis,Dhillonvirus,Dhillonvirus bob,,dsDNA
Dhillonvirus,1623289,,,,,,0.17,,,0.16,,0.12,,,,,0.08,562.0,Escherichia coli,Duplodnaviria,Heunggongvirae,Uroviricota,Caudoviricetes,Caudoviricetes incertae sedis,Dhillonvirus,Dhillonvirus CECKaz2018,,dsDNA
Dhillonvirus,1623289,,,,,,0.17,,,0.16,,0.12,,,,,0.08,562.0,Escherichia coli,Duplodnaviria,Heunggongvirae,Uroviricota,Caudoviricetes,Caudoviricetes incertae sedis,Dhillonvirus,Dhillonvirus EC115,,dsDNA
Dhillonvirus,1623289,,,,,,0.17,,,0.16,,0.12,,,,,0.08,562.0,Escherichia coli,Duplodnaviria,Heunggongvirae,Uroviricota,Caudoviricetes,Caudoviricetes incertae sedis,Dhillonvirus,Dhillonvirus EK99P1,,dsDNA
Dhillonvirus,1623289,,,,,,0.17,,,0.16,,0.12,,,,,0.08,562.0,Escherichia coli,Duplodnaviria,Heunggongvirae,Uroviricota,Caudoviricetes,Caudoviricetes incertae sedis,Dhillonvirus,Dhillonvirus envy,,dsDNA
Dhillonvirus,1623289,,,,,,0.17,,,0.16,,0.12,,,,,0.08,83333.0,Escherichia coli K-12,Duplodnaviria,Heunggongvirae,Uroviricota,Caudoviricetes,Caudoviricetes incertae sedis,Dhillonvirus,Dhillonvirus georgbuechner,,dsDNA
Dhillonvirus,1623289,,,,,,0.17,,,0.16,,0.12,,,,,0.08,562.0,Escherichia coli,Duplodnaviria,Heunggongvirae,Uroviricota,Caudoviricetes,Caudoviricetes incertae sedis,Dhillonvirus,Dhillonvirus gluttony,,dsDNA
Dhillonvirus,1623289,,,,,,0.17,,,0.16,,0.12,,,,,0.08,561.0,Escherichia,Duplodnaviria,Heunggongvirae,Uroviricota,Caudoviricetes,Caudoviricetes incertae sedis,Dhillonvirus,Dhillonvirus gluttonyev152,,dsDNA
Dhillonvirus,1623289,,,,,,0.17,,,0.16,,0.12,,,,,0.08,679895.0,Escherichia coli BW25113,Duplodnaviria,Heunggongvirae,Uroviricota,Caudoviricetes,Caudoviricetes incertae sedis,Dhillonvirus,unclassified Dhillonvirus,,dsDNA
Dhillonvirus,1623289,,,,,,0.17,,,0.16,,0.12,,,,,0.08,1884818.0,Escherichia sp.,Duplodnaviria,Heunggongvirae,Uroviricota,Caudoviricetes,Caudoviricetes incertae sedis,Dhillonvirus,unclassified Dhillonvirus,,dsDNA
Dhillonvirus,1623289,,,,,,0.17,,,0.16,,0.12,,,,,0.08,562.0,Escherichia coli,Duplodnaviria,Heunggongvirae,Uroviricota,Caudoviricetes,Caudoviricetes incertae sedis,Dhillonvirus,Dhillonvirus HK578,,dsDNA
Dhillonvirus,1623289,,,,,,0.17,,,0.16,,0.12,,,,,0.08,511145.0,Escherichia coli str. K-12 substr. MG1655,Duplodnaviria,Heunggongvirae,Uroviricota,Caudoviricetes,Caudoviricetes incertae sedis,Dhillonvirus,Dhillonvirus jat,,dsDNA
Dhillonvirus,1623289,,,,,,0.17,,,0.16,,0.12,,,,,0.08,83334.0,Escherichia coli O157:H7,Duplodnaviria,Heunggongvirae,Uroviricota,Caudoviricetes,Caudoviricetes incertae sedis,Dhillonvirus,Dhillonvirus JL1,,dsDNA
Dhillonvirus,1623289,,,,,,0.17,,,0.16,,0.12,,,,,0.08,83333.0,Escherichia coli K-12,Duplodnaviria,Heunggongvirae,Uroviricota,Caudoviricetes,Caudoviricetes incertae sedis,Dhillonvirus,unclassified Dhillonvirus,,dsDNA
Dhillonvirus,1623289,,,,,,0.17,,,0.16,,0.12,,,,,0.08,83333.0,Escherichia coli K-12,Duplodnaviria,Heunggongvirae,Uroviricota,Caudoviricetes,Caudoviricetes incertae sedis,Dhillonvirus,Dhillonvirus JLBYU37,,dsDNA
Dhillonvirus,1623289,,,,,,0.17,,,0.16,,0.12,,,,,0.08,83333.0,Escherichia coli K-12,Duplodnaviria,Heunggongvirae,Uroviricota,Caudoviricetes,Caudoviricetes incertae sedis,Dhillonvirus,Dhillonvirus JLBYU60,,dsDNA
Dhillonvirus,1623289,,,,,,0.17,,,0.16,,0.12,,,,,0.08,83333.0,Escherichia coli K-12,Duplodnaviria,Heunggongvirae,Uroviricota,Caudoviricetes,Caudoviricetes incertae sedis,Dhillonvirus,Dhillonvirus karlbarth,,dsDNA
Dhillonvirus,1623289,,,,,,0.17,,,0.16,,0.12,,,,,0.08,511145.0,Escherichia coli str. K-12 substr. MG1655,Duplodnaviria,Heunggongvirae,Uroviricota,Caudoviricetes,Caudoviricetes incertae sedis,Dhillonvirus,Dhillonvirus mckay,,dsDNA
Dhillonvirus,1623289,,,,,,0.17,,,0.16,,0.12,,,,,0.08,83333.0,Escherichia coli K-12,Duplodnaviria,Heunggongvirae,Uroviricota,Caudoviricetes,Caudoviricetes incertae sedis,Dhillonvirus,Dhillonvirus oekolampad,,dsDNA
Dhillonvirus,1623289,,,,,,0.17,,,0.16,,0.12,,,,,0.08,83333.0,Escherichia coli K-12,Duplodnaviria,Heunggongvirae,Uroviricota,Caudoviricetes,Caudoviricetes incertae sedis,Dhillonvirus,Dhillonvirus paulfeyerabend,,dsDNA
Dhillonvirus,1623289,,,,,,0.17,,,0.16,,0.12,,,,,0.08,1884818.0,Escherichia sp.,Duplodnaviria,Heunggongvirae,Uroviricota,Caudoviricetes,Caudoviricetes incertae sedis,Dhillonvirus,Dhillonvirus PC2,,dsDNA
Dhillonvirus,1623289,,,,,,0.17,,,0.16,,0.12,,,,,0.08,562.0,Escherichia coli,Duplodnaviria,Heunggongvirae,Uroviricota,Caudoviricetes,Caudoviricetes incertae sedis,Dhillonvirus,Dhillonvirus PEC14,,dsDNA
Dhillonvirus,1623289,,,,,,0.17,,,0.16,,0.12,,,,,0.08,511145.0,Escherichia coli str. K-12 substr. MG1655,Duplodnaviria,Heunggongvirae,Uroviricota,Caudoviricetes,Caudoviricetes incertae sedis,Dhillonvirus,Dhillonvirus rolling,,dsDNA
Dhillonvirus,1623289,,,,,,0.17,,,0.16,,0.12,,,,,0.08,511145.0,Escherichia coli str. K-12 substr. MG1655,Duplodnaviria,Heunggongvirae,Uroviricota,Caudoviricetes,Caudoviricetes incertae sedis,Dhillonvirus,Dhillonvirus SECphi18,,dsDNA
Dhillonvirus,1623289,,,,,,0.17,,,0.16,,0.12,,,,,0.08,511145.0,Escherichia coli str. K-12 substr. MG1655,Duplodnaviria,Heunggongvirae,Uroviricota,Caudoviricetes,Caudoviricetes incertae sedis,Dhillonvirus,unclassified Dhillonvirus,,dsDNA
Dhillonvirus,1623289,,,,,,0.17,,,0.16,,0.12,,,,,0.08,511145.0,Escherichia coli str. K-12 substr. MG1655,Duplodnaviria,Heunggongvirae,Uroviricota,Caudoviricetes,Caudoviricetes incertae sedis,Dhillonvirus,Dhillonvirus slur05,,dsDNA
Dhillonvirus,1623289,,,,,,0.17,,,0.16,,0.12,,,,,0.08,562.0,Escherichia coli,Duplodnaviria,Heunggongvirae,Uroviricota,Caudoviricetes,Caudoviricetes incertae sedis,Dhillonvirus,Dhillonvirus SSL2009a,,dsDNA
Dhillonvirus,1623289,,,,,,0.17,,,0.16,,0.12,,,,,0.08,83333.0,Escherichia coli K-12,Duplodnaviria,Heunggongvirae,Uroviricota,Caudoviricetes,Caudoviricetes incertae sedis,Dhillonvirus,Dhillonvirus theodorherzl,,dsDNA
Dhillonvirus,1623289,,,,,,0.17,,,0.16,,0.12,,,,,0.08,83334.0,Escherichia coli O157:H7,Duplodnaviria,Heunggongvirae,Uroviricota,Caudoviricetes,Caudoviricetes incertae sedis,Dhillonvirus,Dhillonvirus UAEM101,,dsDNA
Dhillonvirus,1623289,,,,,,0.17,,,0.16,,0.12,,,,,0.08,562.0,Escherichia coli,Duplodnaviria,Heunggongvirae,Uroviricota,Caudoviricetes,Caudoviricetes incertae sedis,Dhillonvirus,Dhillonvirus opt212,,dsDNA
Dhillonvirus,1623289,,,,,,0.17,,,0.16,,0.12,,,,,0.08,562.0,Escherichia coli,Duplodnaviria,Heunggongvirae,Uroviricota,Caudoviricetes,Caudoviricetes incertae sedis,Dhillonvirus,Dhillonvirus Over9000,,dsDNA
Dhillonvirus,1623289,,,,,,0.17,,,0.16,,0.12,,,,,0.08,562.0,Escherichia coli,Duplodnaviria,Heunggongvirae,Uroviricota,Caudoviricetes,Caudoviricetes incertae sedis,Dhillonvirus,Dhillonvirus pubbukkers,,dsDNA
Dhillonvirus,1623289,,,,,,0.17,,,0.16,,0.12,,,,,0.08,562.0,Escherichia coli,Duplodnaviria,Heunggongvirae,Uroviricota,Caudoviricetes,Caudoviricetes incertae sedis,Dhillonvirus,Dhillonvirus teewinot,,dsDNA
Dhillonvirus,1623289,,,,,,0.17,,,0.16,,0.12,,,,,0.08,562.0,Escherichia coli,Duplodnaviria,Heunggongvirae,Uroviricota,Caudoviricetes,Caudoviricetes incertae sedis,Dhillonvirus,Dhillonvirus dv 101114BS4,,dsDNA
Dhillonvirus,1623289,,,,,,0.17,,,0.16,,0.12,,,,,0.08,562.0,Escherichia coli,Duplodnaviria,Heunggongvirae,Uroviricota,Caudoviricetes,Caudoviricetes incertae sedis,Dhillonvirus,Dhillonvirus CHD5UKE2,,dsDNA
Dhillonvirus,1623289,,,,,,0.17,,,0.16,,0.12,,,,,0.08,562.0,Escherichia coli,Duplodnaviria,Heunggongvirae,Uroviricota,Caudoviricetes,Caudoviricetes incertae sedis,Dhillonvirus,Dhillonvirus dv011D5,,dsDNA
Dhillonvirus,1623289,,,,,,0.17,,,0.16,,0.12,,,,,0.08,562.0,Escherichia coli,Duplodnaviria,Heunggongvirae,Uroviricota,Caudoviricetes,Caudoviricetes incertae sedis,Dhillonvirus,Dhillonvirus bov221,,dsDNA
Dhillonvirus,1623289,,,,,,0.17,,,0.16,,0.12,,,,,0.08,562.0,Escherichia coli,Duplodnaviria,Heunggongvirae,Uroviricota,Caudoviricetes,Caudoviricetes incertae sedis,Dhillonvirus,Dhillonvirus PNS1,,dsDNA
Dhillonvirus,1623289,,,,,,0.17,,,0.16,,0.12,,,,,0.08,562.0,Escherichia coli,Duplodnaviria,Heunggongvirae,Uroviricota,Caudoviricetes,Caudoviricetes incertae sedis,Dhillonvirus,Dhillonvirus PTXU06,,dsDNA
Dhillonvirus,1623289,,,,,,0.17,,,0.16,,0.12,,,,,0.08,562.0,Escherichia coli,Duplodnaviria,Heunggongvirae,Uroviricota,Caudoviricetes,Caudoviricetes incertae sedis,Dhillonvirus,Dhillonvirus sponge,,dsDNA
Dhillonvirus,1623289,,,,,,0.17,,,0.16,,0.12,,,,,0.08,562.0,Escherichia coli,Duplodnaviria,Heunggongvirae,Uroviricota,Caudoviricetes,Caudoviricetes incertae sedis,Dhillonvirus,Dhillonvirus WF5505,,dsDNA
Dhillonvirus,1623289,,,,,,0.17,,,0.16,,0.12,,,,,0.08,562.0,Escherichia coli,Duplodnaviria,Heunggongvirae,Uroviricota,Caudoviricetes,Caudoviricetes incertae sedis,Dhillonvirus,Dhillonvirus WF1,,dsDNA
Dhillonvirus,1623289,,,,,,0.17,,,0.16,,0.12,,,,,0.08,562.0,Escherichia coli,Duplodnaviria,Heunggongvirae,Uroviricota,Caudoviricetes,Caudoviricetes incertae sedis,Dhillonvirus,Dhillonvirus Zar3M,,dsDNA
Dhillonvirus,1623289,,,,,,0.17,,,0.16,,0.12,,,,,0.08,561.0,Escherichia,Duplodnaviria,Heunggongvirae,Uroviricota,Caudoviricetes,Caudoviricetes incertae sedis,Dhillonvirus,unclassified Dhillonvirus,,dsDNA
Dhillonvirus,1623289,,,,,,0.17,,,0.16,,0.12,,,,,0.08,561.0,Escherichia,Duplodnaviria,Heunggongvirae,Uroviricota,Caudoviricetes,Caudoviricetes incertae sedis,Dhillonvirus,Dhillonvirus maverick,,dsDNA
Dhillonvirus,1623289,,,,,,0.17,,,0.16,,0.12,,,,,0.08,511145.0,Escherichia coli str. K-12 substr. MG1655,Duplodnaviria,Heunggongvirae,Uroviricota,Caudoviricetes,Caudoviricetes incertae sedis,Dhillonvirus,Dhillonvirus welsh,,dsDNA
Dhillonvirus,1623289,,,,,,0.17,,,0.16,,0.12,,,,,0.08,562.0,Escherichia coli,Duplodnaviria,Heunggongvirae,Uroviricota,Caudoviricetes,Caudoviricetes incertae sedis,Dhillonvirus,Dhillonvirus YD2008s,,dsDNA
Dhillonvirus,1623289,,,,,,0.17,,,0.16,,0.12,,,,,0.08,1095706.0,Escherichia coli O18,Duplodnaviria,Heunggongvirae,Uroviricota,Caudoviricetes,Caudoviricetes incertae sedis,Dhillonvirus,Dhillonvirus ZCEC10,,dsDNA
Dhillonvirus,1623289,,,,,,0.17,,,0.16,,0.12,,,,,0.08,1095706.0,Escherichia coli O18,Duplodnaviria,Heunggongvirae,Uroviricota,Caudoviricetes,Caudoviricetes incertae sedis,Dhillonvirus,unclassified Dhillonvirus,,dsDNA
Dhillonvirus,1623289,,,,,,0.17,,,0.16,,0.12,,,,,0.08,28901.0,Salmonella enterica,Duplodnaviria,Heunggongvirae,Uroviricota,Caudoviricetes,Caudoviricetes incertae sedis,Dhillonvirus,unclassified Dhillonvirus,,dsDNA
Dhillonvirus,1623289,,,,,,0.17,,,0.16,,0.12,,,,,0.08,623.0,Shigella flexneri,Duplodnaviria,Heunggongvirae,Uroviricota,Caudoviricetes,Caudoviricetes incertae sedis,Dhillonvirus,unclassified Dhillonvirus,,dsDNA
Dhillonvirus,1623289,,,,,,0.17,,,0.16,,0.12,,,,,0.08,624.0,Shigella sonnei,Duplodnaviria,Heunggongvirae,Uroviricota,Caudoviricetes,Caudoviricetes incertae sedis,Dhillonvirus,Dhillonvirus EP23,,dsDNA
Dhillonvirus,1623289,,,,,,0.17,,,0.16,,0.12,,,,,0.08,621.0,Shigella boydii,Duplodnaviria,Heunggongvirae,Uroviricota,Caudoviricetes,Caudoviricetes incertae sedis,Dhillonvirus,Dhillonvirus stardew,,dsDNA
Dhillonvirus,1623289,,,,,,0.17,,,0.16,,0.12,,,,,0.08,63612.0,Sodalis glossinidius,Duplodnaviria,Heunggongvirae,Uroviricota,Caudoviricetes,Caudoviricetes incertae sedis,Dhillonvirus,Dhillonvirus SO1,,dsDNA
Brussowvirus,1623303,,,0.35,0.34,,,,,,,0.08,,,0.11,0.19,,1308.0,Streptococcus thermophilus,Duplodnaviria,Heunggongvirae,Uroviricota,Caudoviricetes,Caudoviricetes incertae sedis,Aliceevansviridae,Brussowvirus,Brussowvirus bvO1205,dsDNA
Brussowvirus,1623303,,,0.35,0.34,,,,,,,0.08,,,0.11,0.19,,1091038.0,Streptococcus thermophilus DSM 20617,Duplodnaviria,Heunggongvirae,Uroviricota,Caudoviricetes,Caudoviricetes incertae sedis,Aliceevansviridae,Brussowvirus,Brussowvirus 20617,dsDNA
Brussowvirus,1623303,,,0.35,0.34,,,,,,,0.08,,,0.11,0.19,,1301.0,Streptococcus,Duplodnaviria,Heunggongvirae,Uroviricota,Caudoviricetes,Caudoviricetes incertae sedis,Aliceevansviridae,Brussowvirus,Brussowvirus Sfi11,dsDNA
Moineauvirus,1623304,,,,,,,,,,,0.06,,,,,,1308.0,Streptococcus thermophilus,Duplodnaviria,Heunggongvirae,Uroviricota,Caudoviricetes,Caudoviricetes incertae sedis,Aliceevansviridae,Moineauvirus,unclassified Moineauvirus,dsDNA
Moineauvirus,1623304,,,,,,,,,,,0.06,,,,,,1306.0,Streptococcus sp.,Duplodnaviria,Heunggongvirae,Uroviricota,Caudoviricetes,Caudoviricetes incertae sedis,Aliceevansviridae,Moineauvirus,unclassified Moineauvirus,dsDNA
Moineauvirus,1623304,,,,,,,,,,,0.06,,,,,,59310.0,Streptococcus macedonicus,Duplodnaviria,Heunggongvirae,Uroviricota,Caudoviricetes,Caudoviricetes incertae sedis,Aliceevansviridae,Moineauvirus,unclassified Moineauvirus,dsDNA
Moineauvirus,1623304,,,,,,,,,,,0.06,,,,,,1301.0,Streptococcus,Duplodnaviria,Heunggongvirae,Uroviricota,Caudoviricetes,Caudoviricetes incertae sedis,Aliceevansviridae,Moineauvirus,unclassified Moineauvirus,dsDNA
Skunavirus,1623305,,0.36,0.33,0.36,0.29,0.22,0.7,0.14,0.13,0.15,0.21,0.38,0.12,0.08,0.28,0.17,1358.0,Lactococcus lactis,Duplodnaviria,Heunggongvirae,Uroviricota,Caudoviricetes,Caudoviricetes incertae sedis,Skunavirus,unclassified Skunavirus,,dsDNA
Skunavirus,1623305,,0.36,0.33,0.36,0.29,0.22,0.7,0.14,0.13,0.15,0.21,0.38,0.12,0.08,0.28,0.17,1358.0,Lactococcus lactis,Duplodnaviria,Heunggongvirae,Uroviricota,Caudoviricetes,Caudoviricetes incertae sedis,Skunavirus,Skunavirus p272,,dsDNA
Skunavirus,1623305,,0.36,0.33,0.36,0.29,0.22,0.7,0.14,0.13,0.15,0.21,0.38,0.12,0.08,0.28,0.17,1358.0,Lactococcus lactis,Duplodnaviria,Heunggongvirae,Uroviricota,Caudoviricetes,Caudoviricetes incertae sedis,Skunavirus,Skunavirus P475,,dsDNA
Skunavirus,1623305,,0.36,0.33,0.36,0.29,0.22,0.7,0.14,0.13,0.15,0.21,0.38,0.12,0.08,0.28,0.17,1358.0,Lactococcus lactis,Duplodnaviria,Heunggongvirae,Uroviricota,Caudoviricetes,Caudoviricetes incertae sedis,Skunavirus,Skunavirus sv05601,,dsDNA
Skunavirus,1623305,,0.36,0.33,0.36,0.29,0.22,0.7,0.14,0.13,0.15,0.21,0.38,0.12,0.08,0.28,0.17,1358.0,Lactococcus lactis,Duplodnaviria,Heunggongvirae,Uroviricota,Caudoviricetes,Caudoviricetes incertae sedis,Skunavirus,Skunavirus sv10W18,,dsDNA
Skunavirus,1623305,,0.36,0.33,0.36,0.29,0.22,0.7,0.14,0.13,0.15,0.21,0.38,0.12,0.08,0.28,0.17,1358.0,Lactococcus lactis,Duplodnaviria,Heunggongvirae,Uroviricota,Caudoviricetes,Caudoviricetes incertae sedis,Skunavirus,Skunavirus sv3R16S,,dsDNA
Skunavirus,1623305,,0.36,0.33,0.36,0.29,0.22,0.7,0.14,0.13,0.15,0.21,0.38,0.12,0.08,0.28,0.17,1359.0,Lactococcus cremoris,Duplodnaviria,Heunggongvirae,Uroviricota,Caudoviricetes,Caudoviricetes incertae sedis,Skunavirus,Skunavirus sv3R16S,,dsDNA
Skunavirus,1623305,,0.36,0.33,0.36,0.29,0.22,0.7,0.14,0.13,0.15,0.21,0.38,0.12,0.08,0.28,0.17,1359.0,Lactococcus cremoris,Duplodnaviria,Heunggongvirae,Uroviricota,Caudoviricetes,Caudoviricetes incertae sedis,Skunavirus,Skunavirus sv13W11L,,dsDNA
Skunavirus,1623305,,0.36,0.33,0.36,0.29,0.22,0.7,0.14,0.13,0.15,0.21,0.38,0.12,0.08,0.28,0.17,1358.0,Lactococcus lactis,Duplodnaviria,Heunggongvirae,Uroviricota,Caudoviricetes,Caudoviricetes incertae sedis,Skunavirus,Skunavirus sv13W11L,,dsDNA
Skunavirus,1623305,,0.36,0.33,0.36,0.29,0.22,0.7,0.14,0.13,0.15,0.21,0.38,0.12,0.08,0.28,0.17,1358.0,Lactococcus lactis,Duplodnaviria,Heunggongvirae,Uroviricota,Caudoviricetes,Caudoviricetes incertae sedis,Skunavirus,Skunavirus sv16802,,dsDNA
Skunavirus,1623305,,0.36,0.33,0.36,0.29,0.22,0.7,0.14,0.13,0.15,0.21,0.38,0.12,0.08,0.28,0.17,1358.0,Lactococcus lactis,Duplodnaviria,Heunggongvirae,Uroviricota,Caudoviricetes,Caudoviricetes incertae sedis,Skunavirus,Skunavirus sv16W23,,dsDNA
Skunavirus,1623305,,0.36,0.33,0.36,0.29,0.22,0.7,0.14,0.13,0.15,0.21,0.38,0.12,0.08,0.28,0.17,44688.0,Lactococcus lactis subsp. lactis bv. diacetylactis,Duplodnaviria,Heunggongvirae,Uroviricota,Caudoviricetes,Caudoviricetes incertae sedis,Skunavirus,Skunavirus sv16W23,,dsDNA
Skunavirus,1623305,,0.36,0.33,0.36,0.29,0.22,0.7,0.14,0.13,0.15,0.21,0.38,0.12,0.08,0.28,0.17,44688.0,Lactococcus lactis subsp. lactis bv. diacetylactis,Duplodnaviria,Heunggongvirae,Uroviricota,Caudoviricetes,Caudoviricetes incertae sedis,Skunavirus,Skunavirus sv3R16S,,dsDNA
Skunavirus,1623305,,0.36,0.33,0.36,0.29,0.22,0.7,0.14,0.13,0.15,0.21,0.38,0.12,0.08,0.28,0.17,44688.0,Lactococcus lactis subsp. lactis bv. diacetylactis,Duplodnaviria,Heunggongvirae,Uroviricota,Caudoviricetes,Caudoviricetes incertae sedis,Skunavirus,Skunavirus sv10W18,,dsDNA
Skunavirus,1623305,,0.36,0.33,0.36,0.29,0.22,0.7,0.14,0.13,0.15,0.21,0.38,0.12,0.08,0.28,0.17,44688.0,Lactococcus lactis subsp. lactis bv. diacetylactis,Duplodnaviria,Heunggongvirae,Uroviricota,Caudoviricetes,Caudoviricetes incertae sedis,Skunavirus,unclassified Skunavirus,,dsDNA
Skunavirus,1623305,,0.36,0.33,0.36,0.29,0.22,0.7,0.14,0.13,0.15,0.21,0.38,0.12,0.08,0.28,0.17,1358.0,Lactococcus lactis,Duplodnaviria,Heunggongvirae,Uroviricota,Caudoviricetes,Caudoviricetes incertae sedis,Skunavirus,Skunavirus sv30804,,dsDNA
Skunavirus,1623305,,0.36,0.33,0.36,0.29,0.22,0.7,0.14,0.13,0.15,0.21,0.38,0.12,0.08,0.28,0.17,1359.0,Lactococcus cremoris,Duplodnaviria,Heunggongvirae,Uroviricota,Caudoviricetes,Caudoviricetes incertae sedis,Skunavirus,Skunavirus sv340,,dsDNA
Skunavirus,1623305,,0.36,0.33,0.36,0.29,0.22,0.7,0.14,0.13,0.15,0.21,0.38,0.12,0.08,0.28,0.17,1360.0,Lactococcus lactis subsp. lactis,Duplodnaviria,Heunggongvirae,Uroviricota,Caudoviricetes,Caudoviricetes incertae sedis,Skunavirus,Skunavirus sv340,,dsDNA
Skunavirus,1623305,,0.36,0.33,0.36,0.29,0.22,0.7,0.14,0.13,0.15,0.21,0.38,0.12,0.08,0.28,0.17,272623.0,Lactococcus lactis subsp. lactis Il1403,Duplodnaviria,Heunggongvirae,Uroviricota,Caudoviricetes,Caudoviricetes incertae sedis,Skunavirus,Skunavirus sv340,,dsDNA
Skunavirus,1623305,,0.36,0.33,0.36,0.29,0.22,0.7,0.14,0.13,0.15,0.21,0.38,0.12,0.08,0.28,0.17,1358.0,Lactococcus lactis,Duplodnaviria,Heunggongvirae,Uroviricota,Caudoviricetes,Caudoviricetes incertae sedis,Skunavirus,Skunavirus sv37201,,dsDNA
Skunavirus,1623305,,0.36,0.33,0.36,0.29,0.22,0.7,0.14,0.13,0.15,0.21,0.38,0.12,0.08,0.28,0.17,1358.0,Lactococcus lactis,Duplodnaviria,Heunggongvirae,Uroviricota,Caudoviricetes,Caudoviricetes incertae sedis,Skunavirus,Skunavirus sv38503,,dsDNA
Skunavirus,1623305,,0.36,0.33,0.36,0.29,0.22,0.7,0.14,0.13,0.15,0.21,0.38,0.12,0.08,0.28,0.17,1358.0,Lactococcus lactis,Duplodnaviria,Heunggongvirae,Uroviricota,Caudoviricetes,Caudoviricetes incertae sedis,Skunavirus,Skunavirus sv38507,,dsDNA
Skunavirus,1623305,,0.36,0.33,0.36,0.29,0.22,0.7,0.14,0.13,0.15,0.21,0.38,0.12,0.08,0.28,0.17,1358.0,Lactococcus lactis,Duplodnaviria,Heunggongvirae,Uroviricota,Caudoviricetes,Caudoviricetes incertae sedis,Skunavirus,Skunavirus sv42,,dsDNA
Skunavirus,1623305,,0.36,0.33,0.36,0.29,0.22,0.7,0.14,0.13,0.15,0.21,0.38,0.12,0.08,0.28,0.17,1358.0,Lactococcus lactis,Duplodnaviria,Heunggongvirae,Uroviricota,Caudoviricetes,Caudoviricetes incertae sedis,Skunavirus,Skunavirus sv51701,,dsDNA
Skunavirus,1623305,,0.36,0.33,0.36,0.29,0.22,0.7,0.14,0.13,0.15,0.21,0.38,0.12,0.08,0.28,0.17,1358.0,Lactococcus lactis,Duplodnaviria,Heunggongvirae,Uroviricota,Caudoviricetes,Caudoviricetes incertae sedis,Skunavirus,Skunavirus sv56003,,dsDNA
Skunavirus,1623305,,0.36,0.33,0.36,0.29,0.22,0.7,0.14,0.13,0.15,0.21,0.38,0.12,0.08,0.28,0.17,1358.0,Lactococcus lactis,Duplodnaviria,Heunggongvirae,Uroviricota,Caudoviricetes,Caudoviricetes incertae sedis,Skunavirus,Skunavirus sv56301,,dsDNA
Skunavirus,1623305,,0.36,0.33,0.36,0.29,0.22,0.7,0.14,0.13,0.15,0.21,0.38,0.12,0.08,0.28,0.17,1358.0,Lactococcus lactis,Duplodnaviria,Heunggongvirae,Uroviricota,Caudoviricetes,Caudoviricetes incertae sedis,Skunavirus,Skunavirus sv57001,,dsDNA
Skunavirus,1623305,,0.36,0.33,0.36,0.29,0.22,0.7,0.14,0.13,0.15,0.21,0.38,0.12,0.08,0.28,0.17,1358.0,Lactococcus lactis,Duplodnaviria,Heunggongvirae,Uroviricota,Caudoviricetes,Caudoviricetes incertae sedis,Skunavirus,Skunavirus sv62601,,dsDNA
Skunavirus,1623305,,0.36,0.33,0.36,0.29,0.22,0.7,0.14,0.13,0.15,0.21,0.38,0.12,0.08,0.28,0.17,1358.0,Lactococcus lactis,Duplodnaviria,Heunggongvirae,Uroviricota,Caudoviricetes,Caudoviricetes incertae sedis,Skunavirus,Skunavirus sv62605,,dsDNA
Skunavirus,1623305,,0.36,0.33,0.36,0.29,0.22,0.7,0.14,0.13,0.15,0.21,0.38,0.12,0.08,0.28,0.17,1358.0,Lactococcus lactis,Duplodnaviria,Heunggongvirae,Uroviricota,Caudoviricetes,Caudoviricetes incertae sedis,Skunavirus,Skunavirus sv63302,,dsDNA
Skunavirus,1623305,,0.36,0.33,0.36,0.29,0.22,0.7,0.14,0.13,0.15,0.21,0.38,0.12,0.08,0.28,0.17,1358.0,Lactococcus lactis,Duplodnaviria,Heunggongvirae,Uroviricota,Caudoviricetes,Caudoviricetes incertae sedis,Skunavirus,Skunavirus sv66901,,dsDNA
Skunavirus,1623305,,0.36,0.33,0.36,0.29,0.22,0.7,0.14,0.13,0.15,0.21,0.38,0.12,0.08,0.28,0.17,1358.0,Lactococcus lactis,Duplodnaviria,Heunggongvirae,Uroviricota,Caudoviricetes,Caudoviricetes incertae sedis,Skunavirus,Skunavirus sv712,,dsDNA
Skunavirus,1623305,,0.36,0.33,0.36,0.29,0.22,0.7,0.14,0.13,0.15,0.21,0.38,0.12,0.08,0.28,0.17,1358.0,Lactococcus lactis,Duplodnaviria,Heunggongvirae,Uroviricota,Caudoviricetes,Caudoviricetes incertae sedis,Skunavirus,Skunavirus sv79201,,dsDNA
Skunavirus,1623305,,0.36,0.33,0.36,0.29,0.22,0.7,0.14,0.13,0.15,0.21,0.38,0.12,0.08,0.28,0.17,1358.0,Lactococcus lactis,Duplodnaviria,Heunggongvirae,Uroviricota,Caudoviricetes,Caudoviricetes incertae sedis,Skunavirus,Skunavirus sv88605,,dsDNA
Skunavirus,1623305,,0.36,0.33,0.36,0.29,0.22,0.7,0.14,0.13,0.15,0.21,0.38,0.12,0.08,0.28,0.17,1358.0,Lactococcus lactis,Duplodnaviria,Heunggongvirae,Uroviricota,Caudoviricetes,Caudoviricetes incertae sedis,Skunavirus,Skunavirus sv8V08,,dsDNA
Skunavirus,1623305,,0.36,0.33,0.36,0.29,0.22,0.7,0.14,0.13,0.15,0.21,0.38,0.12,0.08,0.28,0.17,1357.0,Lactococcus,Duplodnaviria,Heunggongvirae,Uroviricota,Caudoviricetes,Caudoviricetes incertae sedis,Skunavirus,Skunavirus sv936,,dsDNA
Skunavirus,1623305,,0.36,0.33,0.36,0.29,0.22,0.7,0.14,0.13,0.15,0.21,0.38,0.12,0.08,0.28,0.17,1358.0,Lactococcus lactis,Duplodnaviria,Heunggongvirae,Uroviricota,Caudoviricetes,Caudoviricetes incertae sedis,Skunavirus,Skunavirus L18,,dsDNA
Skunavirus,1623305,,0.36,0.33,0.36,0.29,0.22,0.7,0.14,0.13,0.15,0.21,0.38,0.12,0.08,0.28,0.17,1358.0,Lactococcus lactis,Duplodnaviria,Heunggongvirae,Uroviricota,Caudoviricetes,Caudoviricetes incertae sedis,Skunavirus,Skunavirus sv109,,dsDNA
Skunavirus,1623305,,0.36,0.33,0.36,0.29,0.22,0.7,0.14,0.13,0.15,0.21,0.38,0.12,0.08,0.28,0.17,1358.0,Lactococcus lactis,Duplodnaviria,Heunggongvirae,Uroviricota,Caudoviricetes,Caudoviricetes incertae sedis,Skunavirus,Skunavirus sv44,,dsDNA
Skunavirus,1623305,,0.36,0.33,0.36,0.29,0.22,0.7,0.14,0.13,0.15,0.21,0.38,0.12,0.08,0.28,0.17,1358.0,Lactococcus lactis,Duplodnaviria,Heunggongvirae,Uroviricota,Caudoviricetes,Caudoviricetes incertae sedis,Skunavirus,Skunavirus sv155,,dsDNA
Skunavirus,1623305,,0.36,0.33,0.36,0.29,0.22,0.7,0.14,0.13,0.15,0.21,0.38,0.12,0.08,0.28,0.17,1358.0,Lactococcus lactis,Duplodnaviria,Heunggongvirae,Uroviricota,Caudoviricetes,Caudoviricetes incertae sedis,Skunavirus,Skunavirus sv193,,dsDNA
Skunavirus,1623305,,0.36,0.33,0.36,0.29,0.22,0.7,0.14,0.13,0.15,0.21,0.38,0.12,0.08,0.28,0.17,1358.0,Lactococcus lactis,Duplodnaviria,Heunggongvirae,Uroviricota,Caudoviricetes,Caudoviricetes incertae sedis,Skunavirus,Skunavirus i0139,,dsDNA
Skunavirus,1623305,,0.36,0.33,0.36,0.29,0.22,0.7,0.14,0.13,0.15,0.21,0.38,0.12,0.08,0.28,0.17,1358.0,Lactococcus lactis,Duplodnaviria,Heunggongvirae,Uroviricota,Caudoviricetes,Caudoviricetes incertae sedis,Skunavirus,Skunavirus sv512,,dsDNA
Skunavirus,1623305,,0.36,0.33,0.36,0.29,0.22,0.7,0.14,0.13,0.15,0.21,0.38,0.12,0.08,0.28,0.17,1358.0,Lactococcus lactis,Duplodnaviria,Heunggongvirae,Uroviricota,Caudoviricetes,Caudoviricetes incertae sedis,Skunavirus,Skunavirus sv91127,,dsDNA
Skunavirus,1623305,,0.36,0.33,0.36,0.29,0.22,0.7,0.14,0.13,0.15,0.21,0.38,0.12,0.08,0.28,0.17,1358.0,Lactococcus lactis,Duplodnaviria,Heunggongvirae,Uroviricota,Caudoviricetes,Caudoviricetes incertae sedis,Skunavirus,Skunavirus A16,,dsDNA
Skunavirus,1623305,,0.36,0.33,0.36,0.29,0.22,0.7,0.14,0.13,0.15,0.21,0.38,0.12,0.08,0.28,0.17,1358.0,Lactococcus lactis,Duplodnaviria,Heunggongvirae,Uroviricota,Caudoviricetes,Caudoviricetes incertae sedis,Skunavirus,Skunavirus B1127,,dsDNA
Skunavirus,1623305,,0.36,0.33,0.36,0.29,0.22,0.7,0.14,0.13,0.15,0.21,0.38,0.12,0.08,0.28,0.17,1358.0,Lactococcus lactis,Duplodnaviria,Heunggongvirae,Uroviricota,Caudoviricetes,Caudoviricetes incertae sedis,Skunavirus,Skunavirus E1127,,dsDNA
Skunavirus,1623305,,0.36,0.33,0.36,0.29,0.22,0.7,0.14,0.13,0.15,0.21,0.38,0.12,0.08,0.28,0.17,1358.0,Lactococcus lactis,Duplodnaviria,Heunggongvirae,Uroviricota,Caudoviricetes,Caudoviricetes incertae sedis,Skunavirus,Skunavirus F0139,,dsDNA
Skunavirus,1623305,,0.36,0.33,0.36,0.29,0.22,0.7,0.14,0.13,0.15,0.21,0.38,0.12,0.08,0.28,0.17,1358.0,Lactococcus lactis,Duplodnaviria,Heunggongvirae,Uroviricota,Caudoviricetes,Caudoviricetes incertae sedis,Skunavirus,Skunavirus JF1,,dsDNA
Skunavirus,1623305,,0.36,0.33,0.36,0.29,0.22,0.7,0.14,0.13,0.15,0.21,0.38,0.12,0.08,0.28,0.17,1358.0,Lactococcus lactis,Duplodnaviria,Heunggongvirae,Uroviricota,Caudoviricetes,Caudoviricetes incertae sedis,Skunavirus,Skunavirus L6,,dsDNA
Skunavirus,1623305,,0.36,0.33,0.36,0.29,0.22,0.7,0.14,0.13,0.15,0.21,0.38,0.12,0.08,0.28,0.17,1358.0,Lactococcus lactis,Duplodnaviria,Heunggongvirae,Uroviricota,Caudoviricetes,Caudoviricetes incertae sedis,Skunavirus,Skunavirus Lj,,dsDNA
Skunavirus,1623305,,0.36,0.33,0.36,0.29,0.22,0.7,0.14,0.13,0.15,0.21,0.38,0.12,0.08,0.28,0.17,1358.0,Lactococcus lactis,Duplodnaviria,Heunggongvirae,Uroviricota,Caudoviricetes,Caudoviricetes incertae sedis,Skunavirus,Skunavirus M1127,,dsDNA
Skunavirus,1623305,,0.36,0.33,0.36,0.29,0.22,0.7,0.14,0.13,0.15,0.21,0.38,0.12,0.08,0.28,0.17,1358.0,Lactococcus lactis,Duplodnaviria,Heunggongvirae,Uroviricota,Caudoviricetes,Caudoviricetes incertae sedis,Skunavirus,Skunavirus S0139,,dsDNA
Skunavirus,1623305,,0.36,0.33,0.36,0.29,0.22,0.7,0.14,0.13,0.15,0.21,0.38,0.12,0.08,0.28,0.17,1358.0,Lactococcus lactis,Duplodnaviria,Heunggongvirae,Uroviricota,Caudoviricetes,Caudoviricetes incertae sedis,Skunavirus,Skunavirus sv96401,,dsDNA
Skunavirus,1623305,,0.36,0.33,0.36,0.29,0.22,0.7,0.14,0.13,0.15,0.21,0.38,0.12,0.08,0.28,0.17,1358.0,Lactococcus lactis,Duplodnaviria,Heunggongvirae,Uroviricota,Caudoviricetes,Caudoviricetes incertae sedis,Skunavirus,Skunavirus sv96403,,dsDNA
Skunavirus,1623305,,0.36,0.33,0.36,0.29,0.22,0.7,0.14,0.13,0.15,0.21,0.38,0.12,0.08,0.28,0.17,1358.0,Lactococcus lactis,Duplodnaviria,Heunggongvirae,Uroviricota,Caudoviricetes,Caudoviricetes incertae sedis,Skunavirus,Skunavirus sv96603,,dsDNA
Skunavirus,1623305,,0.36,0.33,0.36,0.29,0.22,0.7,0.14,0.13,0.15,0.21,0.38,0.12,0.08,0.28,0.17,1358.0,Lactococcus lactis,Duplodnaviria,Heunggongvirae,Uroviricota,Caudoviricetes,Caudoviricetes incertae sedis,Skunavirus,Skunavirus ASCC191,,dsDNA
Skunavirus,1623305,,0.36,0.33,0.36,0.29,0.22,0.7,0.14,0.13,0.15,0.21,0.38,0.12,0.08,0.28,0.17,1358.0,Lactococcus lactis,Duplodnaviria,Heunggongvirae,Uroviricota,Caudoviricetes,Caudoviricetes incertae sedis,Skunavirus,Skunavirus ASCC273,,dsDNA
Skunavirus,1623305,,0.36,0.33,0.36,0.29,0.22,0.7,0.14,0.13,0.15,0.21,0.38,0.12,0.08,0.28,0.17,1358.0,Lactococcus lactis,Duplodnaviria,Heunggongvirae,Uroviricota,Caudoviricetes,Caudoviricetes incertae sedis,Skunavirus,Skunavirus ASCC281,,dsDNA
Skunavirus,1623305,,0.36,0.33,0.36,0.29,0.22,0.7,0.14,0.13,0.15,0.21,0.38,0.12,0.08,0.28,0.17,1358.0,Lactococcus lactis,Duplodnaviria,Heunggongvirae,Uroviricota,Caudoviricetes,Caudoviricetes incertae sedis,Skunavirus,Skunavirus ASCC532,,dsDNA
Skunavirus,1623305,,0.36,0.33,0.36,0.29,0.22,0.7,0.14,0.13,0.15,0.21,0.38,0.12,0.08,0.28,0.17,1358.0,Lactococcus lactis,Duplodnaviria,Heunggongvirae,Uroviricota,Caudoviricetes,Caudoviricetes incertae sedis,Skunavirus,Skunavirus ASCC465,,dsDNA
Skunavirus,1623305,,0.36,0.33,0.36,0.29,0.22,0.7,0.14,0.13,0.15,0.21,0.38,0.12,0.08,0.28,0.17,1357.0,Lactococcus,Duplodnaviria,Heunggongvirae,Uroviricota,Caudoviricetes,Caudoviricetes incertae sedis,Skunavirus,Skunavirus bibb29,,dsDNA
Skunavirus,1623305,,0.36,0.33,0.36,0.29,0.22,0.7,0.14,0.13,0.15,0.21,0.38,0.12,0.08,0.28,0.17,1357.0,Lactococcus,Duplodnaviria,Heunggongvirae,Uroviricota,Caudoviricetes,Caudoviricetes incertae sedis,Skunavirus,Skunavirus bIL170,,dsDNA
Skunavirus,1623305,,0.36,0.33,0.36,0.29,0.22,0.7,0.14,0.13,0.15,0.21,0.38,0.12,0.08,0.28,0.17,1359.0,Lactococcus cremoris,Duplodnaviria,Heunggongvirae,Uroviricota,Caudoviricetes,Caudoviricetes incertae sedis,Skunavirus,Skunavirus caseusJM1,,dsDNA
Skunavirus,1623305,,0.36,0.33,0.36,0.29,0.22,0.7,0.14,0.13,0.15,0.21,0.38,0.12,0.08,0.28,0.17,1359.0,Lactococcus cremoris,Duplodnaviria,Heunggongvirae,Uroviricota,Caudoviricetes,Caudoviricetes incertae sedis,Skunavirus,Skunavirus CB13,,dsDNA
Skunavirus,1623305,,0.36,0.33,0.36,0.29,0.22,0.7,0.14,0.13,0.15,0.21,0.38,0.12,0.08,0.28,0.17,1359.0,Lactococcus cremoris,Duplodnaviria,Heunggongvirae,Uroviricota,Caudoviricetes,Caudoviricetes incertae sedis,Skunavirus,Skunavirus CB14,,dsDNA
Skunavirus,1623305,,0.36,0.33,0.36,0.29,0.22,0.7,0.14,0.13,0.15,0.21,0.38,0.12,0.08,0.28,0.17,1359.0,Lactococcus cremoris,Duplodnaviria,Heunggongvirae,Uroviricota,Caudoviricetes,Caudoviricetes incertae sedis,Skunavirus,Skunavirus CB19,,dsDNA
Skunavirus,1623305,,0.36,0.33,0.36,0.29,0.22,0.7,0.14,0.13,0.15,0.21,0.38,0.12,0.08,0.28,0.17,2816960.0,Lactococcus cremoris subsp. cremoris,Duplodnaviria,Heunggongvirae,Uroviricota,Caudoviricetes,Caudoviricetes incertae sedis,Skunavirus,Skunavirus CB19,,dsDNA
Skunavirus,1623305,,0.36,0.33,0.36,0.29,0.22,0.7,0.14,0.13,0.15,0.21,0.38,0.12,0.08,0.28,0.17,1359.0,Lactococcus cremoris,Duplodnaviria,Heunggongvirae,Uroviricota,Caudoviricetes,Caudoviricetes incertae sedis,Skunavirus,Skunavirus CHPC129,,dsDNA
Skunavirus,1623305,,0.36,0.33,0.36,0.29,0.22,0.7,0.14,0.13,0.15,0.21,0.38,0.12,0.08,0.28,0.17,1358.0,Lactococcus lactis,Duplodnaviria,Heunggongvirae,Uroviricota,Caudoviricetes,Caudoviricetes incertae sedis,Skunavirus,Skunavirus CHPC361,,dsDNA
Skunavirus,1623305,,0.36,0.33,0.36,0.29,0.22,0.7,0.14,0.13,0.15,0.21,0.38,0.12,0.08,0.28,0.17,1358.0,Lactococcus lactis,Duplodnaviria,Heunggongvirae,Uroviricota,Caudoviricetes,Caudoviricetes incertae sedis,Skunavirus,Skunavirus CHPC362,,dsDNA
Skunavirus,1623305,,0.36,0.33,0.36,0.29,0.22,0.7,0.14,0.13,0.15,0.21,0.38,0.12,0.08,0.28,0.17,1359.0,Lactococcus cremoris,Duplodnaviria,Heunggongvirae,Uroviricota,Caudoviricetes,Caudoviricetes incertae sedis,Skunavirus,Skunavirus CHPC52,,dsDNA
Skunavirus,1623305,,0.36,0.33,0.36,0.29,0.22,0.7,0.14,0.13,0.15,0.21,0.38,0.12,0.08,0.28,0.17,1359.0,Lactococcus cremoris,Duplodnaviria,Heunggongvirae,Uroviricota,Caudoviricetes,Caudoviricetes incertae sedis,Skunavirus,Skunavirus CHPC781,,dsDNA
Skunavirus,1623305,,0.36,0.33,0.36,0.29,0.22,0.7,0.14,0.13,0.15,0.21,0.38,0.12,0.08,0.28,0.17,1359.0,Lactococcus cremoris,Duplodnaviria,Heunggongvirae,Uroviricota,Caudoviricetes,Caudoviricetes incertae sedis,Skunavirus,Skunavirus CHPC958,,dsDNA
Skunavirus,1623305,,0.36,0.33,0.36,0.29,0.22,0.7,0.14,0.13,0.15,0.21,0.38,0.12,0.08,0.28,0.17,1359.0,Lactococcus cremoris,Duplodnaviria,Heunggongvirae,Uroviricota,Caudoviricetes,Caudoviricetes incertae sedis,Skunavirus,Skunavirus CHPC959,,dsDNA
Skunavirus,1623305,,0.36,0.33,0.36,0.29,0.22,0.7,0.14,0.13,0.15,0.21,0.38,0.12,0.08,0.28,0.17,1359.0,Lactococcus cremoris,Duplodnaviria,Heunggongvirae,Uroviricota,Caudoviricetes,Caudoviricetes incertae sedis,Skunavirus,Skunavirus CHPC964,,dsDNA
Skunavirus,1623305,,0.36,0.33,0.36,0.29,0.22,0.7,0.14,0.13,0.15,0.21,0.38,0.12,0.08,0.28,0.17,1359.0,Lactococcus cremoris,Duplodnaviria,Heunggongvirae,Uroviricota,Caudoviricetes,Caudoviricetes incertae sedis,Skunavirus,Skunavirus CHPC965,,dsDNA
Skunavirus,1623305,,0.36,0.33,0.36,0.29,0.22,0.7,0.14,0.13,0.15,0.21,0.38,0.12,0.08,0.28,0.17,1359.0,Lactococcus cremoris,Duplodnaviria,Heunggongvirae,Uroviricota,Caudoviricetes,Caudoviricetes incertae sedis,Skunavirus,unclassified Skunavirus,,dsDNA
Skunavirus,1623305,,0.36,0.33,0.36,0.29,0.22,0.7,0.14,0.13,0.15,0.21,0.38,0.12,0.08,0.28,0.17,1357.0,Lactococcus,Duplodnaviria,Heunggongvirae,Uroviricota,Caudoviricetes,Caudoviricetes incertae sedis,Skunavirus,Skunavirus fd13,,dsDNA
Skunavirus,1623305,,0.36,0.33,0.36,0.29,0.22,0.7,0.14,0.13,0.15,0.21,0.38,0.12,0.08,0.28,0.17,1359.0,Lactococcus cremoris,Duplodnaviria,Heunggongvirae,Uroviricota,Caudoviricetes,Caudoviricetes incertae sedis,Skunavirus,Skunavirus jm2,,dsDNA
Skunavirus,1623305,,0.36,0.33,0.36,0.29,0.22,0.7,0.14,0.13,0.15,0.21,0.38,0.12,0.08,0.28,0.17,1359.0,Lactococcus cremoris,Duplodnaviria,Heunggongvirae,Uroviricota,Caudoviricetes,Caudoviricetes incertae sedis,Skunavirus,Skunavirus jm3,,dsDNA
Skunavirus,1623305,,0.36,0.33,0.36,0.29,0.22,0.7,0.14,0.13,0.15,0.21,0.38,0.12,0.08,0.28,0.17,1359.0,Lactococcus cremoris,Duplodnaviria,Heunggongvirae,Uroviricota,Caudoviricetes,Caudoviricetes incertae sedis,Skunavirus,Skunavirus LP9903,,dsDNA
Skunavirus,1623305,,0.36,0.33,0.36,0.29,0.22,0.7,0.14,0.13,0.15,0.21,0.38,0.12,0.08,0.28,0.17,1359.0,Lactococcus cremoris,Duplodnaviria,Heunggongvirae,Uroviricota,Caudoviricetes,Caudoviricetes incertae sedis,Skunavirus,Skunavirus LP9908,,dsDNA
Skunavirus,1623305,,0.36,0.33,0.36,0.29,0.22,0.7,0.14,0.13,0.15,0.21,0.38,0.12,0.08,0.28,0.17,1359.0,Lactococcus cremoris,Duplodnaviria,Heunggongvirae,Uroviricota,Caudoviricetes,Caudoviricetes incertae sedis,Skunavirus,Skunavirus LP0209,,dsDNA
Skunavirus,1623305,,0.36,0.33,0.36,0.29,0.22,0.7,0.14,0.13,0.15,0.21,0.38,0.12,0.08,0.28,0.17,1359.0,Lactococcus cremoris,Duplodnaviria,Heunggongvirae,Uroviricota,Caudoviricetes,Caudoviricetes incertae sedis,Skunavirus,Skunavirus LP0903,,dsDNA
Skunavirus,1623305,,0.36,0.33,0.36,0.29,0.22,0.7,0.14,0.13,0.15,0.21,0.38,0.12,0.08,0.28,0.17,272623.0,Lactococcus lactis subsp. lactis Il1403,Duplodnaviria,Heunggongvirae,Uroviricota,Caudoviricetes,Caudoviricetes incertae sedis,Skunavirus,Skunavirus LP1502a,,dsDNA
Skunavirus,1623305,,0.36,0.33,0.36,0.29,0.22,0.7,0.14,0.13,0.15,0.21,0.38,0.12,0.08,0.28,0.17,1359.0,Lactococcus cremoris,Duplodnaviria,Heunggongvirae,Uroviricota,Caudoviricetes,Caudoviricetes incertae sedis,Skunavirus,Skunavirus LP8511,,dsDNA
Skunavirus,1623305,,0.36,0.33,0.36,0.29,0.22,0.7,0.14,0.13,0.15,0.21,0.38,0.12,0.08,0.28,0.17,1359.0,Lactococcus cremoris,Duplodnaviria,Heunggongvirae,Uroviricota,Caudoviricetes,Caudoviricetes incertae sedis,Skunavirus,Skunavirus LP9207,,dsDNA
Skunavirus,1623305,,0.36,0.33,0.36,0.29,0.22,0.7,0.14,0.13,0.15,0.21,0.38,0.12,0.08,0.28,0.17,1359.0,Lactococcus cremoris,Duplodnaviria,Heunggongvirae,Uroviricota,Caudoviricetes,Caudoviricetes incertae sedis,Skunavirus,Skunavirus LP9404,,dsDNA
Skunavirus,1623305,,0.36,0.33,0.36,0.29,0.22,0.7,0.14,0.13,0.15,0.21,0.38,0.12,0.08,0.28,0.17,1359.0,Lactococcus cremoris,Duplodnaviria,Heunggongvirae,Uroviricota,Caudoviricetes,Caudoviricetes incertae sedis,Skunavirus,Skunavirus LP9609,,dsDNA
Skunavirus,1623305,,0.36,0.33,0.36,0.29,0.22,0.7,0.14,0.13,0.15,0.21,0.38,0.12,0.08,0.28,0.17,44273.0,Lactococcus sp.,Duplodnaviria,Heunggongvirae,Uroviricota,Caudoviricetes,Caudoviricetes incertae sedis,Skunavirus,unclassified Skunavirus,,dsDNA
Skunavirus,1623305,,0.36,0.33,0.36,0.29,0.22,0.7,0.14,0.13,0.15,0.21,0.38,0.12,0.08,0.28,0.17,44688.0,Lactococcus lactis subsp. lactis bv. diacetylactis,Duplodnaviria,Heunggongvirae,Uroviricota,Caudoviricetes,Caudoviricetes incertae sedis,Skunavirus,Skunavirus MP1,,dsDNA
Skunavirus,1623305,,0.36,0.33,0.36,0.29,0.22,0.7,0.14,0.13,0.15,0.21,0.38,0.12,0.08,0.28,0.17,1358.0,Lactococcus lactis,Duplodnaviria,Heunggongvirae,Uroviricota,Caudoviricetes,Caudoviricetes incertae sedis,Skunavirus,Skunavirus MV10L,,dsDNA
Skunavirus,1623305,,0.36,0.33,0.36,0.29,0.22,0.7,0.14,0.13,0.15,0.21,0.38,0.12,0.08,0.28,0.17,272623.0,Lactococcus lactis subsp. lactis Il1403,Duplodnaviria,Heunggongvirae,Uroviricota,Caudoviricetes,Caudoviricetes incertae sedis,Skunavirus,Skunavirus P008,,dsDNA
Skunavirus,1623305,,0.36,0.33,0.36,0.29,0.22,0.7,0.14,0.13,0.15,0.21,0.38,0.12,0.08,0.28,0.17,1358.0,Lactococcus lactis,Duplodnaviria,Heunggongvirae,Uroviricota,Caudoviricetes,Caudoviricetes incertae sedis,Skunavirus,Skunavirus P1532,,dsDNA
Skunavirus,1623305,,0.36,0.33,0.36,0.29,0.22,0.7,0.14,0.13,0.15,0.21,0.38,0.12,0.08,0.28,0.17,1358.0,Lactococcus lactis,Duplodnaviria,Heunggongvirae,Uroviricota,Caudoviricetes,Caudoviricetes incertae sedis,Skunavirus,Skunavirus P4565,,dsDNA
Skunavirus,1623305,,0.36,0.33,0.36,0.29,0.22,0.7,0.14,0.13,0.15,0.21,0.38,0.12,0.08,0.28,0.17,1358.0,Lactococcus lactis,Duplodnaviria,Heunggongvirae,Uroviricota,Caudoviricetes,Caudoviricetes incertae sedis,Skunavirus,Skunavirus P656,,dsDNA
Skunavirus,1623305,,0.36,0.33,0.36,0.29,0.22,0.7,0.14,0.13,0.15,0.21,0.38,0.12,0.08,0.28,0.17,1360.0,Lactococcus lactis subsp. lactis,Duplodnaviria,Heunggongvirae,Uroviricota,Caudoviricetes,Caudoviricetes incertae sedis,Skunavirus,Skunavirus P680,,dsDNA
Skunavirus,1623305,,0.36,0.33,0.36,0.29,0.22,0.7,0.14,0.13,0.15,0.21,0.38,0.12,0.08,0.28,0.17,272623.0,Lactococcus lactis subsp. lactis Il1403,Duplodnaviria,Heunggongvirae,Uroviricota,Caudoviricetes,Caudoviricetes incertae sedis,Skunavirus,Skunavirus P680,,dsDNA
Skunavirus,1623305,,0.36,0.33,0.36,0.29,0.22,0.7,0.14,0.13,0.15,0.21,0.38,0.12,0.08,0.28,0.17,44273.0,Lactococcus sp.,Duplodnaviria,Heunggongvirae,Uroviricota,Caudoviricetes,Caudoviricetes incertae sedis,Skunavirus,Skunavirus sv145,,dsDNA
Skunavirus,1623305,,0.36,0.33,0.36,0.29,0.22,0.7,0.14,0.13,0.15,0.21,0.38,0.12,0.08,0.28,0.17,44273.0,Lactococcus sp.,Duplodnaviria,Heunggongvirae,Uroviricota,Caudoviricetes,Caudoviricetes incertae sedis,Skunavirus,Skunavirus sv15,,dsDNA
Skunavirus,1623305,,0.36,0.33,0.36,0.29,0.22,0.7,0.14,0.13,0.15,0.21,0.38,0.12,0.08,0.28,0.17,1359.0,Lactococcus cremoris,Duplodnaviria,Heunggongvirae,Uroviricota,Caudoviricetes,Caudoviricetes incertae sedis,Skunavirus,Skunavirus sv7,,dsDNA
Skunavirus,1623305,,0.36,0.33,0.36,0.29,0.22,0.7,0.14,0.13,0.15,0.21,0.38,0.12,0.08,0.28,0.17,1358.0,Lactococcus lactis,Duplodnaviria,Heunggongvirae,Uroviricota,Caudoviricetes,Caudoviricetes incertae sedis,Skunavirus,Skunavirus R31,,dsDNA
Skunavirus,1623305,,0.36,0.33,0.36,0.29,0.22,0.7,0.14,0.13,0.15,0.21,0.38,0.12,0.08,0.28,0.17,1358.0,Lactococcus lactis,Duplodnaviria,Heunggongvirae,Uroviricota,Caudoviricetes,Caudoviricetes incertae sedis,Skunavirus,Skunavirus sk1,,dsDNA
Skunavirus,1623305,,0.36,0.33,0.36,0.29,0.22,0.7,0.14,0.13,0.15,0.21,0.38,0.12,0.08,0.28,0.17,2816960.0,Lactococcus cremoris subsp. cremoris,Duplodnaviria,Heunggongvirae,Uroviricota,Caudoviricetes,Caudoviricetes incertae sedis,Skunavirus,Skunavirus Sl4,,dsDNA
Skunavirus,1623305,,0.36,0.33,0.36,0.29,0.22,0.7,0.14,0.13,0.15,0.21,0.38,0.12,0.08,0.28,0.17,1358.0,Lactococcus lactis,Duplodnaviria,Heunggongvirae,Uroviricota,Caudoviricetes,Caudoviricetes incertae sedis,Skunavirus,Skunavirus bIBB5g1,,dsDNA
Skunavirus,1623305,,0.36,0.33,0.36,0.29,0.22,0.7,0.14,0.13,0.15,0.21,0.38,0.12,0.08,0.28,0.17,1358.0,Lactococcus lactis,Duplodnaviria,Heunggongvirae,Uroviricota,Caudoviricetes,Caudoviricetes incertae sedis,Skunavirus,Skunavirus bibb29,,dsDNA
Skunavirus,1623305,,0.36,0.33,0.36,0.29,0.22,0.7,0.14,0.13,0.15,0.21,0.38,0.12,0.08,0.28,0.17,1358.0,Lactococcus lactis,Duplodnaviria,Heunggongvirae,Uroviricota,Caudoviricetes,Caudoviricetes incertae sedis,Skunavirus,Skunavirus bIBBF12,,dsDNA
Skunavirus,1623305,,0.36,0.33,0.36,0.29,0.22,0.7,0.14,0.13,0.15,0.21,0.38,0.12,0.08,0.28,0.17,416870.0,Lactococcus cremoris subsp. cremoris MG1363,Duplodnaviria,Heunggongvirae,Uroviricota,Caudoviricetes,Caudoviricetes incertae sedis,Skunavirus,unclassified Skunavirus,,dsDNA
Skunavirus,1623305,,0.36,0.33,0.36,0.29,0.22,0.7,0.14,0.13,0.15,0.21,0.38,0.12,0.08,0.28,0.17,1359.0,Lactococcus cremoris,Duplodnaviria,Heunggongvirae,Uroviricota,Caudoviricetes,Caudoviricetes incertae sedis,Skunavirus,,,dsDNA
Mammarenavirus,1653394,,,,,,,,,,,,,,,0.08,,1.0,root,Riboviria,Orthornavirae,Negarnaviricota,Polyploviricotina,Bunyaviricetes,Hareavirales,Arenaviridae,Mammarenavirus,-ssRNA
Mammarenavirus,1653394,,,,,,,,,,,,,,,0.08,,9534.0,Chlorocebus aethiops,Riboviria,Orthornavirae,Negarnaviricota,Polyploviricotina,Bunyaviricetes,Hareavirales,Arenaviridae,Mammarenavirus,-ssRNA
Mammarenavirus,1653394,,,,,,,,,,,,,,,0.08,,10090.0,Mus musculus,Riboviria,Orthornavirae,Negarnaviricota,Polyploviricotina,Bunyaviricetes,Hareavirales,Arenaviridae,Mammarenavirus,-ssRNA
Mammarenavirus,1653394,,,,,,,,,,,,,,,0.08,,2034202.0,Oligoryzomys mattogrossae,Riboviria,Orthornavirae,Negarnaviricota,Polyploviricotina,Bunyaviricetes,Hareavirales,Arenaviridae,Mammarenavirus,-ssRNA
Mammarenavirus,1653394,,,,,,,,,,,,,,,0.08,,121589.0,Grammomys sp.,Riboviria,Orthornavirae,Negarnaviricota,Polyploviricotina,Bunyaviricetes,Hareavirales,Arenaviridae,Mammarenavirus,-ssRNA
Mammarenavirus,1653394,,,,,,,,,,,,,,,0.08,,472707.0,Micaelamys namaquensis,Riboviria,Orthornavirae,Negarnaviricota,Polyploviricotina,Bunyaviricetes,Hareavirales,Arenaviridae,Mammarenavirus,-ssRNA
Mammarenavirus,1653394,,,,,,,,,,,,,,,0.08,,10112.0,Mastomys natalensis,Riboviria,Orthornavirae,Negarnaviricota,Polyploviricotina,Bunyaviricetes,Hareavirales,Arenaviridae,Mammarenavirus,-ssRNA
Mammarenavirus,1653394,,,,,,,,,,,,,,,0.08,,248794.0,Grammomys macmillani,Riboviria,Orthornavirae,Negarnaviricota,Polyploviricotina,Bunyaviricetes,Hareavirales,Arenaviridae,Mammarenavirus,-ssRNA
Mammarenavirus,1653394,,,,,,,,,,,,,,,0.08,,473865.0,Mus triton,Riboviria,Orthornavirae,Negarnaviricota,Polyploviricotina,Bunyaviricetes,Hareavirales,Arenaviridae,Mammarenavirus,-ssRNA
Mammarenavirus,1653394,,,,,,,,,,,,,,,0.08,,129246.0,Apodemus chevrieri,Riboviria,Orthornavirae,Negarnaviricota,Polyploviricotina,Bunyaviricetes,Hareavirales,Arenaviridae,Mammarenavirus,-ssRNA
Mammarenavirus,1653394,,,,,,,,,,,,,,,0.08,,10105.0,Mus minutoides,Riboviria,Orthornavirae,Negarnaviricota,Polyploviricotina,Bunyaviricetes,Hareavirales,Arenaviridae,Mammarenavirus,-ssRNA
Mammarenavirus,1653394,,,,,,,,,,,,,,,0.08,,48011.0,Oecomys bicolor,Riboviria,Orthornavirae,Negarnaviricota,Polyploviricotina,Bunyaviricetes,Hareavirales,Arenaviridae,Mammarenavirus,-ssRNA
Mammarenavirus,1653394,,,,,,,,,,,,,,,0.08,,48012.0,Oecomys roberti,Riboviria,Orthornavirae,Negarnaviricota,Polyploviricotina,Bunyaviricetes,Hareavirales,Arenaviridae,Mammarenavirus,-ssRNA
Mammarenavirus,1653394,,,,,,,,,,,,,,,0.08,,42520.0,Peromyscus californicus,Riboviria,Orthornavirae,Negarnaviricota,Polyploviricotina,Bunyaviricetes,Hareavirales,Arenaviridae,Mammarenavirus,-ssRNA
Mammarenavirus,1653394,,,,,,,,,,,,,,,0.08,,9606.0,Homo sapiens,Riboviria,Orthornavirae,Negarnaviricota,Polyploviricotina,Bunyaviricetes,Hareavirales,Arenaviridae,Mammarenavirus,-ssRNA
Mammarenavirus,1653394,,,,,,,,,,,,,,,0.08,,10036.0,Mesocricetus auratus,Riboviria,Orthornavirae,Negarnaviricota,Polyploviricotina,Bunyaviricetes,Hareavirales,Arenaviridae,Mammarenavirus,-ssRNA
Mammarenavirus,1653394,,,,,,,,,,,,,,,0.08,,89099.0,Hylaeamys megacephalus,Riboviria,Orthornavirae,Negarnaviricota,Polyploviricotina,Bunyaviricetes,Hareavirales,Arenaviridae,Mammarenavirus,-ssRNA
Mammarenavirus,1653394,,,,,,,,,,,,,,,0.08,,184063.0,Oryzomys sp.,Riboviria,Orthornavirae,Negarnaviricota,Polyploviricotina,Bunyaviricetes,Hareavirales,Arenaviridae,Mammarenavirus,-ssRNA
Mammarenavirus,1653394,,,,,,,,,,,,,,,0.08,,157541.0,Zygodontomys brevicauda,Riboviria,Orthornavirae,Negarnaviricota,Polyploviricotina,Bunyaviricetes,Hareavirales,Arenaviridae,Mammarenavirus,-ssRNA
Mammarenavirus,1653394,,,,,,,,,,,,,,,0.08,,10111.0,Praomys,Riboviria,Orthornavirae,Negarnaviricota,Polyploviricotina,Bunyaviricetes,Hareavirales,Arenaviridae,Mammarenavirus,-ssRNA
Mammarenavirus,1653394,,,,,,,,,,,,,,,0.08,,29095.0,Akodon azarae,Riboviria,Orthornavirae,Negarnaviricota,Polyploviricotina,Bunyaviricetes,Hareavirales,Arenaviridae,Mammarenavirus,-ssRNA
Mammarenavirus,1653394,,,,,,,,,,,,,,,0.08,,56211.0,Calomys laucha,Riboviria,Orthornavirae,Negarnaviricota,Polyploviricotina,Bunyaviricetes,Hareavirales,Arenaviridae,Mammarenavirus,-ssRNA
Mammarenavirus,1653394,,,,,,,,,,,,,,,0.08,,56212.0,Calomys musculinus,Riboviria,Orthornavirae,Negarnaviricota,Polyploviricotina,Bunyaviricetes,Hareavirales,Arenaviridae,Mammarenavirus,-ssRNA
Mammarenavirus,1653394,,,,,,,,,,,,,,,0.08,,399316.0,Necromys,Riboviria,Orthornavirae,Negarnaviricota,Polyploviricotina,Bunyaviricetes,Hareavirales,Arenaviridae,Mammarenavirus,-ssRNA
Mammarenavirus,1653394,,,,,,,,,,,,,,,0.08,,10114.0,Rattus,Riboviria,Orthornavirae,Negarnaviricota,Polyploviricotina,Bunyaviricetes,Hareavirales,Arenaviridae,Mammarenavirus,-ssRNA
Mammarenavirus,1653394,,,,,,,,,,,,,,,0.08,,56210.0,Calomys callosus,Riboviria,Orthornavirae,Negarnaviricota,Polyploviricotina,Bunyaviricetes,Hareavirales,Arenaviridae,Mammarenavirus,-ssRNA
Mammarenavirus,1653394,,,,,,,,,,,,,,,0.08,,1542950.0,Bandicota sp.,Riboviria,Orthornavirae,Negarnaviricota,Polyploviricotina,Bunyaviricetes,Hareavirales,Arenaviridae,Mammarenavirus,-ssRNA
Mammarenavirus,1653394,,,,,,,,,,,,,,,0.08,,190455.0,Otomys unisulcatus,Riboviria,Orthornavirae,Negarnaviricota,Polyploviricotina,Bunyaviricetes,Hareavirales,Arenaviridae,Mammarenavirus,-ssRNA
Mammarenavirus,1653394,,,,,,,,,,,,,,,0.08,,134742.0,Sigmodon alstoni,Riboviria,Orthornavirae,Negarnaviricota,Polyploviricotina,Bunyaviricetes,Hareavirales,Arenaviridae,Mammarenavirus,-ssRNA
Mammarenavirus,1653394,,,,,,,,,,,,,,,0.08,,10089.0,Mus caroli,Riboviria,Orthornavirae,Negarnaviricota,Polyploviricotina,Bunyaviricetes,Hareavirales,Arenaviridae,Mammarenavirus,-ssRNA
Mammarenavirus,1653394,,,,,,,,,,,,,,,0.08,,9416.0,Artibeus,Riboviria,Orthornavirae,Negarnaviricota,Polyploviricotina,Bunyaviricetes,Hareavirales,Arenaviridae,Mammarenavirus,-ssRNA
Mammarenavirus,1653394,,,,,,,,,,,,,,,0.08,,42415.0,Sigmodon hispidus,Riboviria,Orthornavirae,Negarnaviricota,Polyploviricotina,Bunyaviricetes,Hareavirales,Arenaviridae,Mammarenavirus,-ssRNA
Mammarenavirus,1653394,,,,,,,,,,,,,,,0.08,,10116.0,Rattus norvegicus,Riboviria,Orthornavirae,Negarnaviricota,Polyploviricotina,Bunyaviricetes,Hareavirales,Arenaviridae,Mammarenavirus,-ssRNA
Mammarenavirus,1653394,,,,,,,,,,,,,,,0.08,,42408.0,Neotoma albigula,Riboviria,Orthornavirae,Negarnaviricota,Polyploviricotina,Bunyaviricetes,Hareavirales,Arenaviridae,Mammarenavirus,-ssRNA
Mammarenavirus,1653394,,,,,,,,,,,,,,,0.08,,530180.0,Sooretamys angouya,Riboviria,Orthornavirae,Negarnaviricota,Polyploviricotina,Bunyaviricetes,Hareavirales,Arenaviridae,Mammarenavirus,-ssRNA
Mammarenavirus,1653394,,,,,,,,,,,,,,,0.08,,3081538.0,Parana,Riboviria,Orthornavirae,Negarnaviricota,Polyploviricotina,Bunyaviricetes,Hareavirales,Arenaviridae,Mammarenavirus,-ssRNA
Mammarenavirus,1653394,,,,,,,,,,,,,,,0.08,,10144.0,Cavia cutleri,Riboviria,Orthornavirae,Negarnaviricota,Polyploviricotina,Bunyaviricetes,Hareavirales,Arenaviridae,Mammarenavirus,-ssRNA
Mammarenavirus,1653394,,,,,,,,,,,,,,,0.08,,530178.0,Nephelomys albigularis,Riboviria,Orthornavirae,Negarnaviricota,Polyploviricotina,Bunyaviricetes,Hareavirales,Arenaviridae,Mammarenavirus,-ssRNA
Mammarenavirus,1653394,,,,,,,,,,,,,,,0.08,,30627.0,Mesomys hispidus,Riboviria,Orthornavirae,Negarnaviricota,Polyploviricotina,Bunyaviricetes,Hareavirales,Arenaviridae,Mammarenavirus,-ssRNA
Mammarenavirus,1653394,,,,,,,,,,,,,,,0.08,,48005.0,Neacomys spinosus,Riboviria,Orthornavirae,Negarnaviricota,Polyploviricotina,Bunyaviricetes,Hareavirales,Arenaviridae,Mammarenavirus,-ssRNA
Mammarenavirus,1653394,,,,,,,,,,,,,,,0.08,,48006.0,Euryoryzomys macconnelli,Riboviria,Orthornavirae,Negarnaviricota,Polyploviricotina,Bunyaviricetes,Hareavirales,Arenaviridae,Mammarenavirus,-ssRNA
Mammarenavirus,1653394,,,,,,,,,,,,,,,0.08,,530176.0,Hylaeamys yunganus,Riboviria,Orthornavirae,Negarnaviricota,Polyploviricotina,Bunyaviricetes,Hareavirales,Arenaviridae,Mammarenavirus,-ssRNA
Mammarenavirus,1653394,,,,,,,,,,,,,,,0.08,,655593.0,Hylaeamys perenensis,Riboviria,Orthornavirae,Negarnaviricota,Polyploviricotina,Bunyaviricetes,Hareavirales,Arenaviridae,Mammarenavirus,-ssRNA
Mammarenavirus,1653394,,,,,,,,,,,,,,,0.08,,1437471.0,Oecomys sp.,Riboviria,Orthornavirae,Negarnaviricota,Polyploviricotina,Bunyaviricetes,Hareavirales,Arenaviridae,Mammarenavirus,-ssRNA
Mammarenavirus,1653394,,,,,,,,,,,,,,,0.08,,3370639.0,Pseudohydromys musseri,Riboviria,Orthornavirae,Negarnaviricota,Polyploviricotina,Bunyaviricetes,Hareavirales,Arenaviridae,Mammarenavirus,-ssRNA
Lessievirus,1720323,,,,,,,,,,,0.03,,,,,,32008.0,Burkholderia,Duplodnaviria,Heunggongvirae,Uroviricota,Caudoviricetes,Caudoviricetes incertae sedis,Lessievirus,Lessievirus bcep22,,dsDNA
Lessievirus,1720323,,,,,,,,,,,0.03,,,,,,95486.0,Burkholderia cenocepacia,Duplodnaviria,Heunggongvirae,Uroviricota,Caudoviricetes,Caudoviricetes incertae sedis,Lessievirus,Lessievirus bcep22,,dsDNA
Lessievirus,1720323,,,,,,,,,,,0.03,,,,,,95486.0,Burkholderia cenocepacia,Duplodnaviria,Heunggongvirae,Uroviricota,Caudoviricetes,Caudoviricetes incertae sedis,Lessievirus,Lessievirus bcepil02,,dsDNA
Lessievirus,1720323,,,,,,,,,,,0.03,,,,,,95486.0,Burkholderia cenocepacia,Duplodnaviria,Heunggongvirae,Uroviricota,Caudoviricetes,Caudoviricetes incertae sedis,Lessievirus,Lessievirus bcepmigl,,dsDNA
Lessievirus,1720323,,,,,,,,,,,0.03,,,,,,488447.0,Burkholderia contaminans,Duplodnaviria,Heunggongvirae,Uroviricota,Caudoviricetes,Caudoviricetes incertae sedis,Lessievirus,unclassified Lessievirus,,dsDNA
Lessievirus,1720323,,,,,,,,,,,0.03,,,,,,292.0,Burkholderia cepacia,Duplodnaviria,Heunggongvirae,Uroviricota,Caudoviricetes,Caudoviricetes incertae sedis,Lessievirus,Lessievirus DC1,,dsDNA
Lessievirus,1720323,,,,,,,,,,,0.03,,,,,,95486.0,Burkholderia cenocepacia,Duplodnaviria,Heunggongvirae,Uroviricota,Caudoviricetes,Caudoviricetes incertae sedis,Lessievirus,unclassified Lessievirus,,dsDNA
Hollowayvirus,1720324,,,,,,,,,0.17,0.11,0.06,,,,,,287.0,Pseudomonas aeruginosa,Duplodnaviria,Heunggongvirae,Uroviricota,Caudoviricetes,Caudoviricetes incertae sedis,Hollowayvirus,unclassified Hollowayvirus,,dsDNA
Hollowayvirus,1720324,,,,,,,,,0.17,0.11,0.06,,,,,,306.0,Pseudomonas sp.,Duplodnaviria,Heunggongvirae,Uroviricota,Caudoviricetes,Caudoviricetes incertae sedis,Hollowayvirus,Hollowayvirus Epa33,,dsDNA
Hollowayvirus,1720324,,,,,,,,,0.17,0.11,0.06,,,,,,287.0,Pseudomonas aeruginosa,Duplodnaviria,Heunggongvirae,Uroviricota,Caudoviricetes,Caudoviricetes incertae sedis,Hollowayvirus,Hollowayvirus F116,,dsDNA
Hollowayvirus,1720324,,,,,,,,,0.17,0.11,0.06,,,,,,286.0,Pseudomonas,Duplodnaviria,Heunggongvirae,Uroviricota,Caudoviricetes,Caudoviricetes incertae sedis,Hollowayvirus,unclassified Hollowayvirus,,dsDNA
Hollowayvirus,1720324,,,,,,,,,0.17,0.11,0.06,,,,,,208964.0,Pseudomonas aeruginosa PAO1,Duplodnaviria,Heunggongvirae,Uroviricota,Caudoviricetes,Caudoviricetes incertae sedis,Hollowayvirus,Hollowayvirus H66,,dsDNA
Hollowayvirus,1720324,,,,,,,,,0.17,0.11,0.06,,,,,,208964.0,Pseudomonas aeruginosa PAO1,Duplodnaviria,Heunggongvirae,Uroviricota,Caudoviricetes,Caudoviricetes incertae sedis,Hollowayvirus,Hollowayvirus LKA5,,dsDNA
Hollowayvirus,1720324,,,,,,,,,0.17,0.11,0.06,,,,,,208964.0,Pseudomonas aeruginosa PAO1,Duplodnaviria,Heunggongvirae,Uroviricota,Caudoviricetes,Caudoviricetes incertae sedis,Hollowayvirus,Hollowayvirus PA8,,dsDNA
Hollowayvirus,1720324,,,,,,,,,0.17,0.11,0.06,,,,,,286.0,Pseudomonas,Duplodnaviria,Heunggongvirae,Uroviricota,Caudoviricetes,Caudoviricetes incertae sedis,Hollowayvirus,Hollowayvirus phiC725A,,dsDNA
Hollowayvirus,1720324,,,,,,,,,0.17,0.11,0.06,,,,,,286.0,Pseudomonas,Duplodnaviria,Heunggongvirae,Uroviricota,Caudoviricetes,Caudoviricetes incertae sedis,Hollowayvirus,Hollowayvirus E220,,dsDNA
Kayvirus,1857843,,,,,,,,,,,0.02,,,,,,1279.0,Staphylococcus,Duplodnaviria,Heunggongvirae,Uroviricota,Caudoviricetes,Caudoviricetes incertae sedis,Herelleviridae,Twortvirinae,Kayvirus,dsDNA
Kayvirus,1857843,,,,,,,,,,,0.02,,,,,,29387.0,Staphylococcus sp.,Duplodnaviria,Heunggongvirae,Uroviricota,Caudoviricetes,Caudoviricetes incertae sedis,Herelleviridae,Twortvirinae,Kayvirus,dsDNA
Kayvirus,1857843,,,,,,,,,,,0.02,,,,,,29388.0,Staphylococcus capitis,Duplodnaviria,Heunggongvirae,Uroviricota,Caudoviricetes,Caudoviricetes incertae sedis,Herelleviridae,Twortvirinae,Kayvirus,dsDNA
Kayvirus,1857843,,,,,,,,,,,0.02,,,,,,94138.0,Staphylococcus ureilyticus,Duplodnaviria,Heunggongvirae,Uroviricota,Caudoviricetes,Caudoviricetes incertae sedis,Herelleviridae,Twortvirinae,Kayvirus,dsDNA
Sinsheimervirus,1910954,,,,,,,,,,,0.03,,,,,,99287.0,Salmonella enterica subsp. enterica serovar Typhimurium str. LT2,Monodnaviria,Sangervirae,Phixviricota,Malgrandaviricetes,Petitvirales,Microviridae,Bullavirinae,Sinsheimervirus,
Sinsheimervirus,1910954,,,,,,,,,,,0.03,,,,,,2680004.0,Protaetiibacter,Monodnaviria,Sangervirae,Phixviricota,Malgrandaviricetes,Petitvirales,Microviridae,Bullavirinae,Sinsheimervirus,
Sinsheimervirus,1910954,,,,,,,,,,,0.03,,,,,,90371.0,Salmonella enterica subsp. enterica serovar Typhimurium,Monodnaviria,Sangervirae,Phixviricota,Malgrandaviricetes,Petitvirales,Microviridae,Bullavirinae,Sinsheimervirus,
Sinsheimervirus,1910954,,,,,,,,,,,0.03,,,,,,623.0,Shigella flexneri,Monodnaviria,Sangervirae,Phixviricota,Malgrandaviricetes,Petitvirales,Microviridae,Bullavirinae,Sinsheimervirus,
Jerseyvirus,1910991,,0.59,0.19,,,,,0.56,0.83,0.13,0.03,0.25,,0.3,0.21,0.71,511145.0,Escherichia coli str. K-12 substr. MG1655,Duplodnaviria,Heunggongvirae,Uroviricota,Caudoviricetes,Caudoviricetes incertae sedis,Sarkviridae,Guernseyvirinae,Jerseyvirus,dsDNA
Jerseyvirus,1910991,,0.59,0.19,,,,,0.56,0.83,0.13,0.03,0.25,,0.3,0.21,0.71,149539.0,Salmonella enterica subsp. enterica serovar Enteritidis,Duplodnaviria,Heunggongvirae,Uroviricota,Caudoviricetes,Caudoviricetes incertae sedis,Sarkviridae,Guernseyvirinae,Jerseyvirus,dsDNA
Jerseyvirus,1910991,,0.59,0.19,,,,,0.56,0.83,0.13,0.03,0.25,,0.3,0.21,0.71,317.0,Pseudomonas syringae,Duplodnaviria,Heunggongvirae,Uroviricota,Caudoviricetes,Caudoviricetes incertae sedis,Sarkviridae,Guernseyvirinae,Jerseyvirus,dsDNA
Jerseyvirus,1910991,,0.59,0.19,,,,,0.56,0.83,0.13,0.03,0.25,,0.3,0.21,0.71,594.0,Salmonella enterica subsp. enterica serovar Gallinarum,Duplodnaviria,Heunggongvirae,Uroviricota,Caudoviricetes,Caudoviricetes incertae sedis,Sarkviridae,Guernseyvirinae,Jerseyvirus,dsDNA
Jerseyvirus,1910991,,0.59,0.19,,,,,0.56,0.83,0.13,0.03,0.25,,0.3,0.21,0.71,605.0,Salmonella enterica subsp. enterica serovar Pullorum,Duplodnaviria,Heunggongvirae,Uroviricota,Caudoviricetes,Caudoviricetes incertae sedis,Sarkviridae,Guernseyvirinae,Jerseyvirus,dsDNA
Jerseyvirus,1910991,,0.59,0.19,,,,,0.56,0.83,0.13,0.03,0.25,,0.3,0.21,0.71,599.0,Salmonella sp.,Duplodnaviria,Heunggongvirae,Uroviricota,Caudoviricetes,Caudoviricetes incertae sedis,Sarkviridae,Guernseyvirinae,Jerseyvirus,dsDNA
Jerseyvirus,1910991,,0.59,0.19,,,,,0.56,0.83,0.13,0.03,0.25,,0.3,0.21,0.71,59201.0,Salmonella enterica subsp. enterica,Duplodnaviria,Heunggongvirae,Uroviricota,Caudoviricetes,Caudoviricetes incertae sedis,Sarkviridae,Guernseyvirinae,Jerseyvirus,dsDNA
Jerseyvirus,1910991,,0.59,0.19,,,,,0.56,0.83,0.13,0.03,0.25,,0.3,0.21,0.71,28901.0,Salmonella enterica,Duplodnaviria,Heunggongvirae,Uroviricota,Caudoviricetes,Caudoviricetes incertae sedis,Sarkviridae,Guernseyvirinae,Jerseyvirus,dsDNA
Jerseyvirus,1910991,,0.59,0.19,,,,,0.56,0.83,0.13,0.03,0.25,,0.3,0.21,0.71,90371.0,Salmonella enterica subsp. enterica serovar Typhimurium,Duplodnaviria,Heunggongvirae,Uroviricota,Caudoviricetes,Caudoviricetes incertae sedis,Sarkviridae,Guernseyvirinae,Jerseyvirus,dsDNA
Jerseyvirus,1910991,,0.59,0.19,,,,,0.56,0.83,0.13,0.03,0.25,,0.3,0.21,0.71,98360.0,Salmonella enterica subsp. enterica serovar Dublin,Duplodnaviria,Heunggongvirae,Uroviricota,Caudoviricetes,Caudoviricetes incertae sedis,Sarkviridae,Guernseyvirinae,Jerseyvirus,dsDNA
Jerseyvirus,1910991,,0.59,0.19,,,,,0.56,0.83,0.13,0.03,0.25,,0.3,0.21,0.71,90370.0,Salmonella enterica subsp. enterica serovar Typhi,Duplodnaviria,Heunggongvirae,Uroviricota,Caudoviricetes,Caudoviricetes incertae sedis,Sarkviridae,Guernseyvirinae,Jerseyvirus,dsDNA
Jerseyvirus,1910991,,0.59,0.19,,,,,0.56,0.83,0.13,0.03,0.25,,0.3,0.21,0.71,590.0,Salmonella,Duplodnaviria,Heunggongvirae,Uroviricota,Caudoviricetes,Caudoviricetes incertae sedis,Sarkviridae,Guernseyvirinae,Jerseyvirus,dsDNA
Jerseyvirus,1910991,,0.59,0.19,,,,,0.56,0.83,0.13,0.03,0.25,,0.3,0.21,0.71,54388.0,Salmonella enterica subsp. enterica serovar Paratyphi A,Duplodnaviria,Heunggongvirae,Uroviricota,Caudoviricetes,Caudoviricetes incertae sedis,Sarkviridae,Guernseyvirinae,Jerseyvirus,dsDNA
Jerseyvirus,1910991,,0.59,0.19,,,,,0.56,0.83,0.13,0.03,0.25,,0.3,0.21,0.71,607.0,Salmonella enterica subsp. enterica serovar Abortusequi,Duplodnaviria,Heunggongvirae,Uroviricota,Caudoviricetes,Caudoviricetes incertae sedis,Sarkviridae,Guernseyvirinae,Jerseyvirus,dsDNA
Jerseyvirus,1910991,,0.59,0.19,,,,,0.56,0.83,0.13,0.03,0.25,,0.3,0.21,0.71,99287.0,Salmonella enterica subsp. enterica serovar Typhimurium str. LT2,Duplodnaviria,Heunggongvirae,Uroviricota,Caudoviricetes,Caudoviricetes incertae sedis,Sarkviridae,Guernseyvirinae,Jerseyvirus,dsDNA
Jerseyvirus,1910991,,0.59,0.19,,,,,0.56,0.83,0.13,0.03,0.25,,0.3,0.21,0.71,363568.0,Salmonella enterica subsp. enterica serovar Sendai,Duplodnaviria,Heunggongvirae,Uroviricota,Caudoviricetes,Caudoviricetes incertae sedis,Sarkviridae,Guernseyvirinae,Jerseyvirus,dsDNA
Jerseyvirus,1910991,,0.59,0.19,,,,,0.56,0.83,0.13,0.03,0.25,,0.3,0.21,0.71,367181.0,Salmonella enterica subsp. enterica serovar Newlands,Duplodnaviria,Heunggongvirae,Uroviricota,Caudoviricetes,Caudoviricetes incertae sedis,Sarkviridae,Guernseyvirinae,Jerseyvirus,dsDNA
Jerseyvirus,1910991,,0.59,0.19,,,,,0.56,0.83,0.13,0.03,0.25,,0.3,0.21,0.71,1299114.0,Salmonella enterica subsp. enterica serovar Typhimurium str. ATCC 14028,Duplodnaviria,Heunggongvirae,Uroviricota,Caudoviricetes,Caudoviricetes incertae sedis,Sarkviridae,Guernseyvirinae,Jerseyvirus,dsDNA
Jerseyvirus,1910991,,0.59,0.19,,,,,0.56,0.83,0.13,0.03,0.25,,0.3,0.21,0.71,149391.0,Salmonella enterica subsp. enterica serovar Braenderup,Duplodnaviria,Heunggongvirae,Uroviricota,Caudoviricetes,Caudoviricetes incertae sedis,Sarkviridae,Guernseyvirinae,Jerseyvirus,dsDNA
Kagunavirus,1910992,2.01,5.82,0.58,0.56,0.31,0.28,,1.28,8.04,0.45,0.39,1.29,0.96,0.88,1.43,7.84,562.0,Escherichia coli,Duplodnaviria,Heunggongvirae,Uroviricota,Caudoviricetes,Caudoviricetes incertae sedis,Sarkviridae,Guernseyvirinae,Kagunavirus,dsDNA
Kagunavirus,1910992,2.01,5.82,0.58,0.56,0.31,0.28,,1.28,8.04,0.45,0.39,1.29,0.96,0.88,1.43,7.84,1392869.0,Escherichia coli K1,Duplodnaviria,Heunggongvirae,Uroviricota,Caudoviricetes,Caudoviricetes incertae sedis,Sarkviridae,Guernseyvirinae,Kagunavirus,dsDNA
Kagunavirus,1910992,2.01,5.82,0.58,0.56,0.31,0.28,,1.28,8.04,0.45,0.39,1.29,0.96,0.88,1.43,7.84,561.0,Escherichia,Duplodnaviria,Heunggongvirae,Uroviricota,Caudoviricetes,Caudoviricetes incertae sedis,Sarkviridae,Guernseyvirinae,Kagunavirus,dsDNA
Kagunavirus,1910992,2.01,5.82,0.58,0.56,0.31,0.28,,1.28,8.04,0.45,0.39,1.29,0.96,0.88,1.43,7.84,1055538.0,Escherichia coli O145,Duplodnaviria,Heunggongvirae,Uroviricota,Caudoviricetes,Caudoviricetes incertae sedis,Sarkviridae,Guernseyvirinae,Kagunavirus,dsDNA
Kagunavirus,1910992,2.01,5.82,0.58,0.56,0.31,0.28,,1.28,8.04,0.45,0.39,1.29,0.96,0.88,1.43,7.84,83334.0,Escherichia coli O157:H7,Duplodnaviria,Heunggongvirae,Uroviricota,Caudoviricetes,Caudoviricetes incertae sedis,Sarkviridae,Guernseyvirinae,Kagunavirus,dsDNA
Kagunavirus,1910992,2.01,5.82,0.58,0.56,0.31,0.28,,1.28,8.04,0.45,0.39,1.29,0.96,0.88,1.43,7.84,511693.0,Escherichia coli BL21,Duplodnaviria,Heunggongvirae,Uroviricota,Caudoviricetes,Caudoviricetes incertae sedis,Sarkviridae,Guernseyvirinae,Kagunavirus,dsDNA
Kagunavirus,1910992,2.01,5.82,0.58,0.56,0.31,0.28,,1.28,8.04,0.45,0.39,1.29,0.96,0.88,1.43,7.84,1873496.0,Raoultella sp.,Duplodnaviria,Heunggongvirae,Uroviricota,Caudoviricetes,Caudoviricetes incertae sedis,Sarkviridae,Guernseyvirinae,Kagunavirus,dsDNA
Cornellvirus,1910993,,0.98,0.56,,0.31,,,1.96,1.0,0.38,0.08,1.03,0.26,1.33,0.57,0.55,340188.0,Salmonella enterica subsp. enterica serovar Cerro,Duplodnaviria,Heunggongvirae,Uroviricota,Caudoviricetes,Caudoviricetes incertae sedis,Sarkviridae,Guernseyvirinae,Cornellvirus,dsDNA
Cornellvirus,1910993,,0.98,0.56,,0.31,,,1.96,1.0,0.38,0.08,1.03,0.26,1.33,0.57,0.55,595.0,Salmonella enterica subsp. enterica serovar Infantis,Duplodnaviria,Heunggongvirae,Uroviricota,Caudoviricetes,Caudoviricetes incertae sedis,Sarkviridae,Guernseyvirinae,Cornellvirus,dsDNA
Gammacarmovirus,1911601,,,,,0.43,,,,,,,0.26,0.18,,,,,,,,,,,,,,
Mosigvirus,1913652,,,,,,,,,,,0.02,,,,,,244319.0,Escherichia coli O26:H11,Duplodnaviria,Heunggongvirae,Uroviricota,Caudoviricetes,Pantevenvirales,Straboviridae,Tevenvirinae,Mosigvirus,dsDNA
Mosigvirus,1913652,,,,,,,,,,,0.02,,,,,,83334.0,Escherichia coli O157:H7,Duplodnaviria,Heunggongvirae,Uroviricota,Caudoviricetes,Pantevenvirales,Straboviridae,Tevenvirinae,Mosigvirus,dsDNA
Mosigvirus,1913652,,,,,,,,,,,0.02,,,,,,561.0,Escherichia,Duplodnaviria,Heunggongvirae,Uroviricota,Caudoviricetes,Pantevenvirales,Straboviridae,Tevenvirinae,Mosigvirus,dsDNA
Mosigvirus,1913652,,,,,,,,,,,0.02,,,,,,591946.0,Escherichia coli LF82,Duplodnaviria,Heunggongvirae,Uroviricota,Caudoviricetes,Pantevenvirales,Straboviridae,Tevenvirinae,Mosigvirus,dsDNA
Mosigvirus,1913652,,,,,,,,,,,0.02,,,,,,2072452.0,Escherichia coli H8,Duplodnaviria,Heunggongvirae,Uroviricota,Caudoviricetes,Pantevenvirales,Straboviridae,Tevenvirinae,Mosigvirus,dsDNA
Mosigvirus,1913652,,,,,,,,,,,0.02,,,,,,941322.0,Escherichia coli O25b:H4-ST131,Duplodnaviria,Heunggongvirae,Uroviricota,Caudoviricetes,Pantevenvirales,Straboviridae,Tevenvirinae,Mosigvirus,dsDNA
Mosigvirus,1913652,,,,,,,,,,,0.02,,,,,,,,Duplodnaviria,Heunggongvirae,Uroviricota,Caudoviricetes,Pantevenvirales,Straboviridae,Tevenvirinae,Mosigvirus,dsDNA
Mosigvirus,1913652,,,,,,,,,,,0.02,,,,,,625.0,Shigella sp.,Duplodnaviria,Heunggongvirae,Uroviricota,Caudoviricetes,Pantevenvirales,Straboviridae,Tevenvirinae,Mosigvirus,dsDNA
Gelderlandvirus,1913653,,,0.12,,,,,0.14,,,0.13,,,,0.1,,584.0,Proteus mirabilis,Duplodnaviria,Heunggongvirae,Uroviricota,Caudoviricetes,Pantevenvirales,Straboviridae,Tevenvirinae,Gelderlandvirus,dsDNA
Gelderlandvirus,1913653,,,0.12,,,,,0.14,,,0.13,,,,0.1,,59201.0,Salmonella enterica subsp. enterica,Duplodnaviria,Heunggongvirae,Uroviricota,Caudoviricetes,Pantevenvirales,Straboviridae,Tevenvirinae,Gelderlandvirus,dsDNA
Gelderlandvirus,1913653,,,0.12,,,,,0.14,,,0.13,,,,0.1,,108619.0,Salmonella enterica subsp. enterica serovar Newport,Duplodnaviria,Heunggongvirae,Uroviricota,Caudoviricetes,Pantevenvirales,Straboviridae,Tevenvirinae,Gelderlandvirus,dsDNA
Gelderlandvirus,1913653,,,0.12,,,,,0.14,,,0.13,,,,0.1,,90371.0,Salmonella enterica subsp. enterica serovar Typhimurium,Duplodnaviria,Heunggongvirae,Uroviricota,Caudoviricetes,Pantevenvirales,Straboviridae,Tevenvirinae,Gelderlandvirus,dsDNA
Gelderlandvirus,1913653,,,0.12,,,,,0.14,,,0.13,,,,0.1,,590.0,Salmonella,Duplodnaviria,Heunggongvirae,Uroviricota,Caudoviricetes,Pantevenvirales,Straboviridae,Tevenvirinae,Gelderlandvirus,dsDNA
Gelderlandvirus,1913653,,,0.12,,,,,0.14,,,0.13,,,,0.1,,595.0,Salmonella enterica subsp. enterica serovar Infantis,Duplodnaviria,Heunggongvirae,Uroviricota,Caudoviricetes,Pantevenvirales,Straboviridae,Tevenvirinae,Gelderlandvirus,dsDNA
Gaprivervirus,1913654,,,,,,,,,,,0.02,,,,,,,,,,,,,,,,
Dhakavirus,1914165,,,,,,,,,,,0.03,,,,,,511693.0,Escherichia coli BL21,Duplodnaviria,Heunggongvirae,Uroviricota,Caudoviricetes,Pantevenvirales,Straboviridae,Tevenvirinae,Dhakavirus,dsDNA
Dhakavirus,1914165,,,,,,,,,,,0.03,,,,,,469008.0,Escherichia coli BL21(DE3),Duplodnaviria,Heunggongvirae,Uroviricota,Caudoviricetes,Pantevenvirales,Straboviridae,Tevenvirinae,Dhakavirus,dsDNA
Dhakavirus,1914165,,,,,,,,,,,0.03,,,,,,1884818.0,Escherichia sp.,Duplodnaviria,Heunggongvirae,Uroviricota,Caudoviricetes,Pantevenvirales,Straboviridae,Tevenvirinae,Dhakavirus,dsDNA
Dhakavirus,1914165,,,,,,,,,,,0.03,,,,,,1045010.0,Escherichia coli O157,Duplodnaviria,Heunggongvirae,Uroviricota,Caudoviricetes,Pantevenvirales,Straboviridae,Tevenvirinae,Dhakavirus,dsDNA
Dhakavirus,1914165,,,,,,,,,,,0.03,,,,,,585055.0,Escherichia coli 55989,Duplodnaviria,Heunggongvirae,Uroviricota,Caudoviricetes,Pantevenvirales,Straboviridae,Tevenvirinae,Dhakavirus,dsDNA
Dhakavirus,1914165,,,,,,,,,,,0.03,,,,,,753642.0,Escherichia coli NC101,Duplodnaviria,Heunggongvirae,Uroviricota,Caudoviricetes,Pantevenvirales,Straboviridae,Tevenvirinae,Dhakavirus,dsDNA
Dhakavirus,1914165,,,,,,,,,,,0.03,,,,,,622.0,Shigella dysenteriae,Duplodnaviria,Heunggongvirae,Uroviricota,Caudoviricetes,Pantevenvirales,Straboviridae,Tevenvirinae,Dhakavirus,dsDNA
Certrevirus,1914850,,,,,0.23,,,,,,0.03,,,0.05,,,28141.0,Cronobacter sakazakii,Duplodnaviria,Heunggongvirae,Uroviricota,Caudoviricetes,Caudoviricetes incertae sedis,Certrevirus,Certrevirus CR3,,dsDNA
Certrevirus,1914850,,,,,0.23,,,,,,0.03,,,0.05,,,28141.0,Cronobacter sakazakii,Duplodnaviria,Heunggongvirae,Uroviricota,Caudoviricetes,Caudoviricetes incertae sedis,Certrevirus,Certrevirus CR8,,dsDNA
Certrevirus,1914850,,,,,0.23,,,,,,0.03,,,0.05,,,28141.0,Cronobacter sakazakii,Duplodnaviria,Heunggongvirae,Uroviricota,Caudoviricetes,Caudoviricetes incertae sedis,Certrevirus,Certrevirus CR9,,dsDNA
Certrevirus,1914850,,,,,0.23,,,,,,0.03,,,0.05,,,1888169.0,Cronobacter sp.,Duplodnaviria,Heunggongvirae,Uroviricota,Caudoviricetes,Caudoviricetes incertae sedis,Certrevirus,Certrevirus PBES02,,dsDNA
Certrevirus,1914850,,,,,0.23,,,,,,0.03,,,0.05,,,1296536.0,Enterobacter hormaechei subsp. xiangfangensis,Duplodnaviria,Heunggongvirae,Uroviricota,Caudoviricetes,Caudoviricetes incertae sedis,Certrevirus,unclassified Certrevirus,,dsDNA
Certrevirus,1914850,,,,,0.23,,,,,,0.03,,,0.05,,,548.0,Klebsiella aerogenes,Duplodnaviria,Heunggongvirae,Uroviricota,Caudoviricetes,Caudoviricetes incertae sedis,Certrevirus,unclassified Certrevirus,,dsDNA
Certrevirus,1914850,,,,,0.23,,,,,,0.03,,,0.05,,,59814.0,Pantoea dispersa,Duplodnaviria,Heunggongvirae,Uroviricota,Caudoviricetes,Caudoviricetes incertae sedis,Certrevirus,unclassified Certrevirus,,dsDNA
Certrevirus,1914850,,,,,0.23,,,,,,0.03,,,0.05,,,1913084.0,Pectobacterium sp.,Duplodnaviria,Heunggongvirae,Uroviricota,Caudoviricetes,Caudoviricetes incertae sedis,Certrevirus,unclassified Certrevirus,,dsDNA
Certrevirus,1914850,,,,,0.23,,,,,,0.03,,,0.05,,,218491.0,Pectobacterium atrosepticum SCRI1043,Duplodnaviria,Heunggongvirae,Uroviricota,Caudoviricetes,Caudoviricetes incertae sedis,Certrevirus,Certrevirus phiTE,,dsDNA
Certrevirus,1914850,,,,,0.23,,,,,,0.03,,,0.05,,,555.0,Pectobacterium carotovorum subsp. carotovorum,Duplodnaviria,Heunggongvirae,Uroviricota,Caudoviricetes,Caudoviricetes incertae sedis,Certrevirus,unclassified Certrevirus,,dsDNA
Certrevirus,1914850,,,,,0.23,,,,,,0.03,,,0.05,,,29471.0,Pectobacterium atrosepticum,Duplodnaviria,Heunggongvirae,Uroviricota,Caudoviricetes,Caudoviricetes incertae sedis,Certrevirus,unclassified Certrevirus,,dsDNA
Certrevirus,1914850,,,,,0.23,,,,,,0.03,,,0.05,,,554.0,Pectobacterium carotovorum,Duplodnaviria,Heunggongvirae,Uroviricota,Caudoviricetes,Caudoviricetes incertae sedis,Certrevirus,unclassified Certrevirus,,dsDNA
Vequintavirus,1914852,,,,,,0.51,,,,,0.36,,,,,,197.0,Campylobacter jejuni,Duplodnaviria,Heunggongvirae,Uroviricota,Caudoviricetes,Caudoviricetes incertae sedis,Vequintavirus,Vequintavirus PDX,Vequintavirus FFH2,dsDNA
Vequintavirus,1914852,,,,,,0.51,,,,,0.36,,,,,,197.0,Campylobacter jejuni,Duplodnaviria,Heunggongvirae,Uroviricota,Caudoviricetes,Caudoviricetes incertae sedis,Vequintavirus,unclassified Vequintavirus,,dsDNA
Vequintavirus,1914852,,,,,,0.51,,,,,0.36,,,,,,197.0,Campylobacter jejuni,Duplodnaviria,Heunggongvirae,Uroviricota,Caudoviricetes,Caudoviricetes incertae sedis,Vequintavirus,Vequintavirus murica,,dsDNA
Vequintavirus,1914852,,,,,,0.51,,,,,0.36,,,,,,83334.0,Escherichia coli O157:H7,Duplodnaviria,Heunggongvirae,Uroviricota,Caudoviricetes,Caudoviricetes incertae sedis,Vequintavirus,Vequintavirus TP14,,dsDNA
Vequintavirus,1914852,,,,,,0.51,,,,,0.36,,,,,,83334.0,Escherichia coli O157:H7,Duplodnaviria,Heunggongvirae,Uroviricota,Caudoviricetes,Caudoviricetes incertae sedis,Vequintavirus,Vequintavirus JES2013,,dsDNA
Vequintavirus,1914852,,,,,,0.51,,,,,0.36,,,,,,83334.0,Escherichia coli O157:H7,Duplodnaviria,Heunggongvirae,Uroviricota,Caudoviricetes,Caudoviricetes incertae sedis,Vequintavirus,Vequintavirus V5,,dsDNA
Vequintavirus,1914852,,,,,,0.51,,,,,0.36,,,,,,562.0,Escherichia coli,Duplodnaviria,Heunggongvirae,Uroviricota,Caudoviricetes,Caudoviricetes incertae sedis,Vequintavirus,unclassified Vequintavirus,,dsDNA
Vequintavirus,1914852,,,,,,0.51,,,,,0.36,,,,,,591946.0,Escherichia coli LF82,Duplodnaviria,Heunggongvirae,Uroviricota,Caudoviricetes,Caudoviricetes incertae sedis,Vequintavirus,Vequintavirus A512,,dsDNA
Vequintavirus,1914852,,,,,,0.51,,,,,0.36,,,,,,83333.0,Escherichia coli K-12,Duplodnaviria,Heunggongvirae,Uroviricota,Caudoviricetes,Caudoviricetes incertae sedis,Vequintavirus,Vequintavirus alexboehm,,dsDNA
Vequintavirus,1914852,,,,,,0.51,,,,,0.36,,,,,,562.0,Escherichia coli,Duplodnaviria,Heunggongvirae,Uroviricota,Caudoviricetes,Caudoviricetes incertae sedis,Vequintavirus,Vequintavirus nomine,Vequintavirus APECc02,dsDNA
Vequintavirus,1914852,,,,,,0.51,,,,,0.36,,,,,,83333.0,Escherichia coli K-12,Duplodnaviria,Heunggongvirae,Uroviricota,Caudoviricetes,Caudoviricetes incertae sedis,Vequintavirus,Vequintavirus murica,,dsDNA
Vequintavirus,1914852,,,,,,0.51,,,,,0.36,,,,,,83333.0,Escherichia coli K-12,Duplodnaviria,Heunggongvirae,Uroviricota,Caudoviricetes,Caudoviricetes incertae sedis,Vequintavirus,Vequintavirus drschubert,,dsDNA
Vequintavirus,1914852,,,,,,0.51,,,,,0.36,,,,,,562.0,Escherichia coli,Duplodnaviria,Heunggongvirae,Uroviricota,Caudoviricetes,Caudoviricetes incertae sedis,Vequintavirus,Vequintavirus murica,,dsDNA
Vequintavirus,1914852,,,,,,0.51,,,,,0.36,,,,,,83333.0,Escherichia coli K-12,Duplodnaviria,Heunggongvirae,Uroviricota,Caudoviricetes,Caudoviricetes incertae sedis,Vequintavirus,Vequintavirus eduardkellenberger,,dsDNA
Vequintavirus,1914852,,,,,,0.51,,,,,0.36,,,,,,83333.0,Escherichia coli K-12,Duplodnaviria,Heunggongvirae,Uroviricota,Caudoviricetes,Caudoviricetes incertae sedis,Vequintavirus,Vequintavirus emilheitz,,dsDNA
Vequintavirus,1914852,,,,,,0.51,,,,,0.36,,,,,,83334.0,Escherichia coli O157:H7,Duplodnaviria,Heunggongvirae,Uroviricota,Caudoviricetes,Caudoviricetes incertae sedis,Vequintavirus,Vequintavirus PDX,Vequintavirus FFH2,dsDNA
Vequintavirus,1914852,,,,,,0.51,,,,,0.36,,,,,,562.0,Escherichia coli,Duplodnaviria,Heunggongvirae,Uroviricota,Caudoviricetes,Caudoviricetes incertae sedis,Vequintavirus,Vequintavirus SYGMH1,Vequintavirus FV3,dsDNA
Vequintavirus,1914852,,,,,,0.51,,,,,0.36,,,,,,591946.0,Escherichia coli LF82,Duplodnaviria,Heunggongvirae,Uroviricota,Caudoviricetes,Caudoviricetes incertae sedis,Vequintavirus,unclassified Vequintavirus,,dsDNA
Vequintavirus,1914852,,,,,,0.51,,,,,0.36,,,,,,511145.0,Escherichia coli str. K-12 substr. MG1655,Duplodnaviria,Heunggongvirae,Uroviricota,Caudoviricetes,Caudoviricetes incertae sedis,Vequintavirus,Vequintavirus murica,,dsDNA
Vequintavirus,1914852,,,,,,0.51,,,,,0.36,,,,,,511145.0,Escherichia coli str. K-12 substr. MG1655,Duplodnaviria,Heunggongvirae,Uroviricota,Caudoviricetes,Caudoviricetes incertae sedis,Vequintavirus,unclassified Vequintavirus,,dsDNA
Vequintavirus,1914852,,,,,,0.51,,,,,0.36,,,,,,83333.0,Escherichia coli K-12,Duplodnaviria,Heunggongvirae,Uroviricota,Caudoviricetes,Caudoviricetes incertae sedis,Vequintavirus,Vequintavirus nomine,Vequintavirus APECc02,dsDNA
Vequintavirus,1914852,,,,,,0.51,,,,,0.36,,,,,,562.0,Escherichia coli,Duplodnaviria,Heunggongvirae,Uroviricota,Caudoviricetes,Caudoviricetes incertae sedis,Vequintavirus,Vequintavirus JEP1,,dsDNA
Vequintavirus,1914852,,,,,,0.51,,,,,0.36,,,,,,511145.0,Escherichia coli str. K-12 substr. MG1655,Duplodnaviria,Heunggongvirae,Uroviricota,Caudoviricetes,Caudoviricetes incertae sedis,Vequintavirus,Vequintavirus JES2013,,dsDNA
Vequintavirus,1914852,,,,,,0.51,,,,,0.36,,,,,,83333.0,Escherichia coli K-12,Duplodnaviria,Heunggongvirae,Uroviricota,Caudoviricetes,Caudoviricetes incertae sedis,Vequintavirus,Vequintavirus slur16,,dsDNA
Vequintavirus,1914852,,,,,,0.51,,,,,0.36,,,,,,561.0,Escherichia,Duplodnaviria,Heunggongvirae,Uroviricota,Caudoviricetes,Caudoviricetes incertae sedis,Vequintavirus,Vequintavirus LL12,,dsDNA
Vequintavirus,1914852,,,,,,0.51,,,,,0.36,,,,,,564.0,Escherichia fergusonii,Duplodnaviria,Heunggongvirae,Uroviricota,Caudoviricetes,Caudoviricetes incertae sedis,Vequintavirus,unclassified Vequintavirus,,dsDNA
Vequintavirus,1914852,,,,,,0.51,,,,,0.36,,,,,,83333.0,Escherichia coli K-12,Duplodnaviria,Heunggongvirae,Uroviricota,Caudoviricetes,Caudoviricetes incertae sedis,Vequintavirus,unclassified Vequintavirus,,dsDNA
Vequintavirus,1914852,,,,,,0.51,,,,,0.36,,,,,,83333.0,Escherichia coli K-12,Duplodnaviria,Heunggongvirae,Uroviricota,Caudoviricetes,Caudoviricetes incertae sedis,Vequintavirus,Vequintavirus maxburger,,dsDNA
Vequintavirus,1914852,,,,,,0.51,,,,,0.36,,,,,,511145.0,Escherichia coli str. K-12 substr. MG1655,Duplodnaviria,Heunggongvirae,Uroviricota,Caudoviricetes,Caudoviricetes incertae sedis,Vequintavirus,Vequintavirus slur16,,dsDNA
Vequintavirus,1914852,,,,,,0.51,,,,,0.36,,,,,,83333.0,Escherichia coli K-12,Duplodnaviria,Heunggongvirae,Uroviricota,Caudoviricetes,Caudoviricetes incertae sedis,Vequintavirus,Vequintavirus navn,,dsDNA
Vequintavirus,1914852,,,,,,0.51,,,,,0.36,,,,,,83333.0,Escherichia coli K-12,Duplodnaviria,Heunggongvirae,Uroviricota,Caudoviricetes,Caudoviricetes incertae sedis,Vequintavirus,Vequintavirus nom,,dsDNA
Vequintavirus,1914852,,,,,,0.51,,,,,0.36,,,,,,83333.0,Escherichia coli K-12,Duplodnaviria,Heunggongvirae,Uroviricota,Caudoviricetes,Caudoviricetes incertae sedis,Vequintavirus,Vequintavirus pangalan,,dsDNA
Vequintavirus,1914852,,,,,,0.51,,,,,0.36,,,,,,562.0,Escherichia coli,Duplodnaviria,Heunggongvirae,Uroviricota,Caudoviricetes,Caudoviricetes incertae sedis,Vequintavirus,Vequintavirus PDX,Vequintavirus FFH2,dsDNA
Vequintavirus,1914852,,,,,,0.51,,,,,0.36,,,,,,562.0,Escherichia coli,Duplodnaviria,Heunggongvirae,Uroviricota,Caudoviricetes,Caudoviricetes incertae sedis,Vequintavirus,Vequintavirus phiWec189,,dsDNA
Vequintavirus,1914852,,,,,,0.51,,,,,0.36,,,,,,562.0,Escherichia coli,Duplodnaviria,Heunggongvirae,Uroviricota,Caudoviricetes,Caudoviricetes incertae sedis,Vequintavirus,Vequintavirus phiWec191,,dsDNA
Vequintavirus,1914852,,,,,,0.51,,,,,0.36,,,,,,562.0,Escherichia coli,Duplodnaviria,Heunggongvirae,Uroviricota,Caudoviricetes,Caudoviricetes incertae sedis,Vequintavirus,Vequintavirus phiWec193,,dsDNA
Vequintavirus,1914852,,,,,,0.51,,,,,0.36,,,,,,561.0,Escherichia,Duplodnaviria,Heunggongvirae,Uroviricota,Caudoviricetes,Caudoviricetes incertae sedis,Vequintavirus,Vequintavirus rV5ev146,,dsDNA
Vequintavirus,1914852,,,,,,0.51,,,,,0.36,,,,,,561.0,Escherichia,Duplodnaviria,Heunggongvirae,Uroviricota,Caudoviricetes,Caudoviricetes incertae sedis,Vequintavirus,unclassified Vequintavirus,,dsDNA
Vequintavirus,1914852,,,,,,0.51,,,,,0.36,,,,,,562.0,Escherichia coli,Duplodnaviria,Heunggongvirae,Uroviricota,Caudoviricetes,Caudoviricetes incertae sedis,Vequintavirus,Vequintavirus slur16,,dsDNA
Vequintavirus,1914852,,,,,,0.51,,,,,0.36,,,,,,562.0,Escherichia coli,Duplodnaviria,Heunggongvirae,Uroviricota,Caudoviricetes,Caudoviricetes incertae sedis,Vequintavirus,Vequintavirus V18,,dsDNA
Vequintavirus,1914852,,,,,,0.51,,,,,0.36,,,,,,1045010.0,Escherichia coli O157,Duplodnaviria,Heunggongvirae,Uroviricota,Caudoviricetes,Caudoviricetes incertae sedis,Vequintavirus,Vequintavirus V5,,dsDNA
Vequintavirus,1914852,,,,,,0.51,,,,,0.36,,,,,,562.0,Escherichia coli,Duplodnaviria,Heunggongvirae,Uroviricota,Caudoviricetes,Caudoviricetes incertae sedis,Vequintavirus,Vequintavirus ECP26,,dsDNA
Vequintavirus,1914852,,,,,,0.51,,,,,0.36,,,,,,562.0,Escherichia coli,Duplodnaviria,Heunggongvirae,Uroviricota,Caudoviricetes,Caudoviricetes incertae sedis,Vequintavirus,Vequintavirus ECP32,,dsDNA
Vequintavirus,1914852,,,,,,0.51,,,,,0.36,,,,,,2056315.0,Escherichia coli O177,Duplodnaviria,Heunggongvirae,Uroviricota,Caudoviricetes,Caudoviricetes incertae sedis,Vequintavirus,unclassified Vequintavirus,,dsDNA
Vequintavirus,1914852,,,,,,0.51,,,,,0.36,,,,,,561.0,Escherichia,Duplodnaviria,Heunggongvirae,Uroviricota,Caudoviricetes,Caudoviricetes incertae sedis,Vequintavirus,Vequintavirus gotham,,dsDNA
Vequintavirus,1914852,,,,,,0.51,,,,,0.36,,,,,,562.0,Escherichia coli,Duplodnaviria,Heunggongvirae,Uroviricota,Caudoviricetes,Caudoviricetes incertae sedis,Vequintavirus,Vequintavirus HdK5,,dsDNA
Vequintavirus,1914852,,,,,,0.51,,,,,0.36,,,,,,562.0,Escherichia coli,Duplodnaviria,Heunggongvirae,Uroviricota,Caudoviricetes,Caudoviricetes incertae sedis,Vequintavirus,Vequintavirus sophiarose,,dsDNA
Vequintavirus,1914852,,,,,,0.51,,,,,0.36,,,,,,83333.0,Escherichia coli K-12,Duplodnaviria,Heunggongvirae,Uroviricota,Caudoviricetes,Caudoviricetes incertae sedis,Vequintavirus,Vequintavirus waltergehring,,dsDNA
Vequintavirus,1914852,,,,,,0.51,,,,,0.36,,,,,,562.0,Escherichia coli,Duplodnaviria,Heunggongvirae,Uroviricota,Caudoviricetes,Caudoviricetes incertae sedis,Vequintavirus,Vequintavirus YP6,,dsDNA
Vequintavirus,1914852,,,,,,0.51,,,,,0.36,,,,,,1010810.0,Escherichia coli O17 str. K12a,Duplodnaviria,Heunggongvirae,Uroviricota,Caudoviricetes,Caudoviricetes incertae sedis,Vequintavirus,unclassified Vequintavirus,,dsDNA
Vequintavirus,1914852,,,,,,0.51,,,,,0.36,,,,,,668369.0,Escherichia coli DH5[alpha],Duplodnaviria,Heunggongvirae,Uroviricota,Caudoviricetes,Caudoviricetes incertae sedis,Vequintavirus,Vequintavirus CM1,,dsDNA
Vequintavirus,1914852,,,,,,0.51,,,,,0.36,,,,,,,,Duplodnaviria,Heunggongvirae,Uroviricota,Caudoviricetes,Caudoviricetes incertae sedis,Vequintavirus,Vequintavirus Aya,,dsDNA
Obolenskvirus,1915205,,,0.22,,,,,0.31,0.52,0.08,0.03,,0.26,1.13,0.21,0.35,470.0,Acinetobacter baumannii,Duplodnaviria,Heunggongvirae,Uroviricota,Caudoviricetes,Caudoviricetes incertae sedis,Obolenskvirus,unclassified Obolenskvirus,,dsDNA
Obolenskvirus,1915205,,,0.22,,,,,0.31,0.52,0.08,0.03,,0.26,1.13,0.21,0.35,470.0,Acinetobacter baumannii,Duplodnaviria,Heunggongvirae,Uroviricota,Caudoviricetes,Caudoviricetes incertae sedis,Obolenskvirus,Obolenskvirus AB1,,dsDNA
Obolenskvirus,1915205,,,0.22,,,,,0.31,0.52,0.08,0.03,,0.26,1.13,0.21,0.35,470.0,Acinetobacter baumannii,Duplodnaviria,Heunggongvirae,Uroviricota,Caudoviricetes,Caudoviricetes incertae sedis,Obolenskvirus,Obolenskvirus AbP2,,dsDNA
Obolenskvirus,1915205,,,0.22,,,,,0.31,0.52,0.08,0.03,,0.26,1.13,0.21,0.35,470.0,Acinetobacter baumannii,Duplodnaviria,Heunggongvirae,Uroviricota,Caudoviricetes,Caudoviricetes incertae sedis,Obolenskvirus,Obolenskvirus AP22,,dsDNA
Obolenskvirus,1915205,,,0.22,,,,,0.31,0.52,0.08,0.03,,0.26,1.13,0.21,0.35,470.0,Acinetobacter baumannii,Duplodnaviria,Heunggongvirae,Uroviricota,Caudoviricetes,Caudoviricetes incertae sedis,Obolenskvirus,Obolenskvirus LZ35,,dsDNA
Obolenskvirus,1915205,,,0.22,,,,,0.31,0.52,0.08,0.03,,0.26,1.13,0.21,0.35,470.0,Acinetobacter baumannii,Duplodnaviria,Heunggongvirae,Uroviricota,Caudoviricetes,Caudoviricetes incertae sedis,Obolenskvirus,Obolenskvirus AB2,,dsDNA
Obolenskvirus,1915205,,,0.22,,,,,0.31,0.52,0.08,0.03,,0.26,1.13,0.21,0.35,48296.0,Acinetobacter pittii,Duplodnaviria,Heunggongvirae,Uroviricota,Caudoviricetes,Caudoviricetes incertae sedis,Obolenskvirus,unclassified Obolenskvirus,,dsDNA
Obolenskvirus,1915205,,,0.22,,,,,0.31,0.52,0.08,0.03,,0.26,1.13,0.21,0.35,470.0,Acinetobacter baumannii,Duplodnaviria,Heunggongvirae,Uroviricota,Caudoviricetes,Caudoviricetes incertae sedis,Obolenskvirus,Obolenskvirus WCHABP1,,dsDNA
Obolenskvirus,1915205,,,0.22,,,,,0.31,0.52,0.08,0.03,,0.26,1.13,0.21,0.35,470.0,Acinetobacter baumannii,Duplodnaviria,Heunggongvirae,Uroviricota,Caudoviricetes,Caudoviricetes incertae sedis,Obolenskvirus,Obolenskvirus WCHABP12,,dsDNA
Obolenskvirus,1915205,,,0.22,,,,,0.31,0.52,0.08,0.03,,0.26,1.13,0.21,0.35,106654.0,Acinetobacter nosocomialis,Duplodnaviria,Heunggongvirae,Uroviricota,Caudoviricetes,Caudoviricetes incertae sedis,Obolenskvirus,unclassified Obolenskvirus,,dsDNA
Obolenskvirus,1915205,,,0.22,,,,,0.31,0.52,0.08,0.03,,0.26,1.13,0.21,0.35,470.0,Acinetobacter baumannii,Duplodnaviria,Heunggongvirae,Uroviricota,Caudoviricetes,Caudoviricetes incertae sedis,Obolenskvirus,Obolenskvirus AbC62,,dsDNA
Obolenskvirus,1915205,,,0.22,,,,,0.31,0.52,0.08,0.03,,0.26,1.13,0.21,0.35,1280.0,Staphylococcus aureus,Duplodnaviria,Heunggongvirae,Uroviricota,Caudoviricetes,Caudoviricetes incertae sedis,Obolenskvirus,Obolenskvirus AbC62,,dsDNA
Gamaleyavirus,1920753,,1.1,0.19,6.65,0.45,,,0.54,0.26,0.28,0.12,0.14,0.17,0.51,0.16,0.17,1884818.0,Escherichia sp.,Duplodnaviria,Heunggongvirae,Uroviricota,Caudoviricetes,Caudoviricetes incertae sedis,Schitoviridae,Enquatrovirinae,Gamaleyavirus,dsDNA
Gamaleyavirus,1920753,,1.1,0.19,6.65,0.45,,,0.54,0.26,0.28,0.12,0.14,0.17,0.51,0.16,0.17,561.0,Escherichia,Duplodnaviria,Heunggongvirae,Uroviricota,Caudoviricetes,Caudoviricetes incertae sedis,Schitoviridae,Enquatrovirinae,Gamaleyavirus,dsDNA
Gamaleyavirus,1920753,,1.1,0.19,6.65,0.45,,,0.54,0.26,0.28,0.12,0.14,0.17,0.51,0.16,0.17,570.0,Klebsiella,Duplodnaviria,Heunggongvirae,Uroviricota,Caudoviricetes,Caudoviricetes incertae sedis,Schitoviridae,Enquatrovirinae,Gamaleyavirus,dsDNA
Gamaleyavirus,1920753,,1.1,0.19,6.65,0.45,,,0.54,0.26,0.28,0.12,0.14,0.17,0.51,0.16,0.17,621.0,Shigella boydii,Duplodnaviria,Heunggongvirae,Uroviricota,Caudoviricetes,Caudoviricetes incertae sedis,Schitoviridae,Enquatrovirinae,Gamaleyavirus,dsDNA
Drulisvirus,1920774,1.06,1.64,0.95,0.37,0.26,0.95,0.21,1.13,0.88,0.41,1.51,0.47,0.36,1.07,0.58,0.51,470.0,Acinetobacter baumannii,Duplodnaviria,Heunggongvirae,Uroviricota,Caudoviricetes,Autographivirales,Autoscriptoviridae,Slopekvirinae,Drulisvirus,dsDNA
Drulisvirus,1920774,1.06,1.64,0.95,0.37,0.26,0.95,0.21,1.13,0.88,0.41,1.51,0.47,0.36,1.07,0.58,0.51,573.0,Klebsiella pneumoniae,Duplodnaviria,Heunggongvirae,Uroviricota,Caudoviricetes,Autographivirales,Autoscriptoviridae,Slopekvirinae,Drulisvirus,dsDNA
Drulisvirus,1920774,1.06,1.64,0.95,0.37,0.26,0.95,0.21,1.13,0.88,0.41,1.51,0.47,0.36,1.07,0.58,0.51,562.0,Escherichia coli,Duplodnaviria,Heunggongvirae,Uroviricota,Caudoviricetes,Autographivirales,Autoscriptoviridae,Slopekvirinae,Drulisvirus,dsDNA
Drulisvirus,1920774,1.06,1.64,0.95,0.37,0.26,0.95,0.21,1.13,0.88,0.41,1.51,0.47,0.36,1.07,0.58,0.51,576.0,Klebsiella sp.,Duplodnaviria,Heunggongvirae,Uroviricota,Caudoviricetes,Autographivirales,Autoscriptoviridae,Slopekvirinae,Drulisvirus,dsDNA
Drulisvirus,1920774,1.06,1.64,0.95,0.37,0.26,0.95,0.21,1.13,0.88,0.41,1.51,0.47,0.36,1.07,0.58,0.51,484021.0,Klebsiella pneumoniae subsp. pneumoniae NTUH-K2044,Duplodnaviria,Heunggongvirae,Uroviricota,Caudoviricetes,Autographivirales,Autoscriptoviridae,Slopekvirinae,Drulisvirus,dsDNA
Drulisvirus,1920774,1.06,1.64,0.95,0.37,0.26,0.95,0.21,1.13,0.88,0.41,1.51,0.47,0.36,1.07,0.58,0.51,72407.0,Klebsiella pneumoniae subsp. pneumoniae,Duplodnaviria,Heunggongvirae,Uroviricota,Caudoviricetes,Autographivirales,Autoscriptoviridae,Slopekvirinae,Drulisvirus,dsDNA
Drulisvirus,1920774,1.06,1.64,0.95,0.37,0.26,0.95,0.21,1.13,0.88,0.41,1.51,0.47,0.36,1.07,0.58,0.51,1134687.0,Klebsiella michiganensis,Duplodnaviria,Heunggongvirae,Uroviricota,Caudoviricetes,Autographivirales,Autoscriptoviridae,Slopekvirinae,Drulisvirus,dsDNA
Drulisvirus,1920774,1.06,1.64,0.95,0.37,0.26,0.95,0.21,1.13,0.88,0.41,1.51,0.47,0.36,1.07,0.58,0.51,1316582.0,Klebsiella pneumoniae ATCC 43816,Duplodnaviria,Heunggongvirae,Uroviricota,Caudoviricetes,Autographivirales,Autoscriptoviridae,Slopekvirinae,Drulisvirus,dsDNA
Drulisvirus,1920774,1.06,1.64,0.95,0.37,0.26,0.95,0.21,1.13,0.88,0.41,1.51,0.47,0.36,1.07,0.58,0.51,1384549.0,Klebsiella pneumoniae subsp. pneumoniae KKBO-1,Duplodnaviria,Heunggongvirae,Uroviricota,Caudoviricetes,Autographivirales,Autoscriptoviridae,Slopekvirinae,Drulisvirus,dsDNA
Drulisvirus,1920774,1.06,1.64,0.95,0.37,0.26,0.95,0.21,1.13,0.88,0.41,1.51,0.47,0.36,1.07,0.58,0.51,570.0,Klebsiella,Duplodnaviria,Heunggongvirae,Uroviricota,Caudoviricetes,Autographivirales,Autoscriptoviridae,Slopekvirinae,Drulisvirus,dsDNA
Drulisvirus,1920774,1.06,1.64,0.95,0.37,0.26,0.95,0.21,1.13,0.88,0.41,1.51,0.47,0.36,1.07,0.58,0.51,,,Duplodnaviria,Heunggongvirae,Uroviricota,Caudoviricetes,Autographivirales,Autoscriptoviridae,Slopekvirinae,Drulisvirus,dsDNA
Webervirus,1920860,1.34,2.17,0.47,10.43,1.48,1.48,3.4,1.27,1.37,2.01,1.24,1.0,0.79,1.28,0.21,1.34,548.0,Klebsiella aerogenes,Duplodnaviria,Heunggongvirae,Uroviricota,Caudoviricetes,Caudoviricetes incertae sedis,Drexlerviridae,Webervirus,Webervirus F20,dsDNA
Webervirus,1920860,1.34,2.17,0.47,10.43,1.48,1.48,3.4,1.27,1.37,2.01,1.24,1.0,0.79,1.28,0.21,1.34,573.0,Klebsiella pneumoniae,Duplodnaviria,Heunggongvirae,Uroviricota,Caudoviricetes,Caudoviricetes incertae sedis,Drexlerviridae,Webervirus,Webervirus 066039,dsDNA
Webervirus,1920860,1.34,2.17,0.47,10.43,1.48,1.48,3.4,1.27,1.37,2.01,1.24,1.0,0.79,1.28,0.21,1.34,576.0,Klebsiella sp.,Duplodnaviria,Heunggongvirae,Uroviricota,Caudoviricetes,Caudoviricetes incertae sedis,Drexlerviridae,Webervirus,Webervirus wv13,dsDNA
Webervirus,1920860,1.34,2.17,0.47,10.43,1.48,1.48,3.4,1.27,1.37,2.01,1.24,1.0,0.79,1.28,0.21,1.34,570.0,Klebsiella,Duplodnaviria,Heunggongvirae,Uroviricota,Caudoviricetes,Caudoviricetes incertae sedis,Drexlerviridae,Webervirus,Webervirus B1,dsDNA
Webervirus,1920860,1.34,2.17,0.47,10.43,1.48,1.48,3.4,1.27,1.37,2.01,1.24,1.0,0.79,1.28,0.21,1.34,1205678.0,Klebsiella pneumoniae subsp. pneumoniae CIP 52.145 = B5055,Duplodnaviria,Heunggongvirae,Uroviricota,Caudoviricetes,Caudoviricetes incertae sedis,Drexlerviridae,Webervirus,Webervirus cp1,dsDNA
Webervirus,1920860,1.34,2.17,0.47,10.43,1.48,1.48,3.4,1.27,1.37,2.01,1.24,1.0,0.79,1.28,0.21,1.34,1420013.0,Klebsiella pneumoniae 30684/NJST258_2,Duplodnaviria,Heunggongvirae,Uroviricota,Caudoviricetes,Caudoviricetes incertae sedis,Drexlerviridae,Webervirus,Webervirus cp17,dsDNA
Webervirus,1920860,1.34,2.17,0.47,10.43,1.48,1.48,3.4,1.27,1.37,2.01,1.24,1.0,0.79,1.28,0.21,1.34,72407.0,Klebsiella pneumoniae subsp. pneumoniae,Duplodnaviria,Heunggongvirae,Uroviricota,Caudoviricetes,Caudoviricetes incertae sedis,Drexlerviridae,Webervirus,Webervirus KLPN1,dsDNA
Webervirus,1920860,1.34,2.17,0.47,10.43,1.48,1.48,3.4,1.27,1.37,2.01,1.24,1.0,0.79,1.28,0.21,1.34,571.0,Klebsiella oxytoca,Duplodnaviria,Heunggongvirae,Uroviricota,Caudoviricetes,Caudoviricetes incertae sedis,Drexlerviridae,Webervirus,Webervirus KOX1,dsDNA
Webervirus,1920860,1.34,2.17,0.47,10.43,1.48,1.48,3.4,1.27,1.37,2.01,1.24,1.0,0.79,1.28,0.21,1.34,1049565.0,Klebsiella pneumoniae KCTC 2242,Duplodnaviria,Heunggongvirae,Uroviricota,Caudoviricetes,Caudoviricetes incertae sedis,Drexlerviridae,Webervirus,Webervirus KPP2020,dsDNA
Webervirus,1920860,1.34,2.17,0.47,10.43,1.48,1.48,3.4,1.27,1.37,2.01,1.24,1.0,0.79,1.28,0.21,1.34,1379687.0,Klebsiella pneumoniae subsp. pneumoniae BJ1-GA,Duplodnaviria,Heunggongvirae,Uroviricota,Caudoviricetes,Caudoviricetes incertae sedis,Drexlerviridae,Webervirus,unclassified Webervirus,dsDNA
Webervirus,1920860,1.34,2.17,0.47,10.43,1.48,1.48,3.4,1.27,1.37,2.01,1.24,1.0,0.79,1.28,0.21,1.34,507522.0,Klebsiella variicola 342,Duplodnaviria,Heunggongvirae,Uroviricota,Caudoviricetes,Caudoviricetes incertae sedis,Drexlerviridae,Webervirus,Webervirus mtp17,dsDNA
Webervirus,1920860,1.34,2.17,0.47,10.43,1.48,1.48,3.4,1.27,1.37,2.01,1.24,1.0,0.79,1.28,0.21,1.34,1379688.0,Klebsiella pneumoniae subsp. pneumoniae SA1,Duplodnaviria,Heunggongvirae,Uroviricota,Caudoviricetes,Caudoviricetes incertae sedis,Drexlerviridae,Webervirus,unclassified Webervirus,dsDNA
Webervirus,1920860,1.34,2.17,0.47,10.43,1.48,1.48,3.4,1.27,1.37,2.01,1.24,1.0,0.79,1.28,0.21,1.34,1244085.0,Klebsiella pneumoniae CG43,Duplodnaviria,Heunggongvirae,Uroviricota,Caudoviricetes,Caudoviricetes incertae sedis,Drexlerviridae,Webervirus,Webervirus mtp31,dsDNA
Webervirus,1920860,1.34,2.17,0.47,10.43,1.48,1.48,3.4,1.27,1.37,2.01,1.24,1.0,0.79,1.28,0.21,1.34,1087440.0,Klebsiella pneumoniae subsp. pneumoniae KPNIH1,Duplodnaviria,Heunggongvirae,Uroviricota,Caudoviricetes,Caudoviricetes incertae sedis,Drexlerviridae,Webervirus,Webervirus mezzogao,dsDNA
Webervirus,1920860,1.34,2.17,0.47,10.43,1.48,1.48,3.4,1.27,1.37,2.01,1.24,1.0,0.79,1.28,0.21,1.34,244366.0,Klebsiella variicola,Duplodnaviria,Heunggongvirae,Uroviricota,Caudoviricetes,Caudoviricetes incertae sedis,Drexlerviridae,Webervirus,unclassified Webervirus,dsDNA
Webervirus,1920860,1.34,2.17,0.47,10.43,1.48,1.48,3.4,1.27,1.37,2.01,1.24,1.0,0.79,1.28,0.21,1.34,484021.0,Klebsiella pneumoniae subsp. pneumoniae NTUH-K2044,Duplodnaviria,Heunggongvirae,Uroviricota,Caudoviricetes,Caudoviricetes incertae sedis,Drexlerviridae,Webervirus,unclassified Webervirus,dsDNA
Webervirus,1920860,1.34,2.17,0.47,10.43,1.48,1.48,3.4,1.27,1.37,2.01,1.24,1.0,0.79,1.28,0.21,1.34,625.0,Shigella sp.,Duplodnaviria,Heunggongvirae,Uroviricota,Caudoviricetes,Caudoviricetes incertae sedis,Drexlerviridae,Webervirus,unclassified Webervirus,dsDNA
Webervirus,1920860,1.34,2.17,0.47,10.43,1.48,1.48,3.4,1.27,1.37,2.01,1.24,1.0,0.79,1.28,0.21,1.34,40324.0,Stenotrophomonas maltophilia,Duplodnaviria,Heunggongvirae,Uroviricota,Caudoviricetes,Caudoviricetes incertae sedis,Drexlerviridae,Webervirus,Webervirus BUCT705,dsDNA
Tlsvirus,1920865,,,,,0.16,,,,,,0.07,,,,,,184912.0,Citrobacter sp. TSA-1,Duplodnaviria,Heunggongvirae,Uroviricota,Caudoviricetes,Caudoviricetes incertae sedis,Drexlerviridae,Tempevirinae,Tlsvirus,dsDNA
Tlsvirus,1920865,,,,,0.16,,,,,,0.07,,,,,,546.0,Citrobacter freundii,Duplodnaviria,Heunggongvirae,Uroviricota,Caudoviricetes,Caudoviricetes incertae sedis,Drexlerviridae,Tempevirinae,Tlsvirus,dsDNA
Tlsvirus,1920865,,,,,0.16,,,,,,0.07,,,,,,544.0,Citrobacter,Duplodnaviria,Heunggongvirae,Uroviricota,Caudoviricetes,Caudoviricetes incertae sedis,Drexlerviridae,Tempevirinae,Tlsvirus,dsDNA
Tlsvirus,1920865,,,,,0.16,,,,,,0.07,,,,,,679895.0,Escherichia coli BW25113,Duplodnaviria,Heunggongvirae,Uroviricota,Caudoviricetes,Caudoviricetes incertae sedis,Drexlerviridae,Tempevirinae,Tlsvirus,dsDNA
Tlsvirus,1920865,,,,,0.16,,,,,,0.07,,,,,,37762.0,Escherichia coli B,Duplodnaviria,Heunggongvirae,Uroviricota,Caudoviricetes,Caudoviricetes incertae sedis,Drexlerviridae,Tempevirinae,Tlsvirus,dsDNA
Tlsvirus,1920865,,,,,0.16,,,,,,0.07,,,,,,28901.0,Salmonella enterica,Duplodnaviria,Heunggongvirae,Uroviricota,Caudoviricetes,Caudoviricetes incertae sedis,Drexlerviridae,Tempevirinae,Tlsvirus,dsDNA
Tlsvirus,1920865,,,,,0.16,,,,,,0.07,,,,,,594.0,Salmonella enterica subsp. enterica serovar Gallinarum,Duplodnaviria,Heunggongvirae,Uroviricota,Caudoviricetes,Caudoviricetes incertae sedis,Drexlerviridae,Tempevirinae,Tlsvirus,dsDNA
Tlsvirus,1920865,,,,,0.16,,,,,,0.07,,,,,,54388.0,Salmonella enterica subsp. enterica serovar Paratyphi A,Duplodnaviria,Heunggongvirae,Uroviricota,Caudoviricetes,Caudoviricetes incertae sedis,Drexlerviridae,Tempevirinae,Tlsvirus,dsDNA
Tlsvirus,1920865,,,,,0.16,,,,,,0.07,,,,,,57045.0,Salmonella enterica subsp. enterica serovar Paratyphi B,Duplodnaviria,Heunggongvirae,Uroviricota,Caudoviricetes,Caudoviricetes incertae sedis,Drexlerviridae,Tempevirinae,Tlsvirus,dsDNA
Tlsvirus,1920865,,,,,0.16,,,,,,0.07,,,,,,90370.0,Salmonella enterica subsp. enterica serovar Typhi,Duplodnaviria,Heunggongvirae,Uroviricota,Caudoviricetes,Caudoviricetes incertae sedis,Drexlerviridae,Tempevirinae,Tlsvirus,dsDNA
Tlsvirus,1920865,,,,,0.16,,,,,,0.07,,,,,,90371.0,Salmonella enterica subsp. enterica serovar Typhimurium,Duplodnaviria,Heunggongvirae,Uroviricota,Caudoviricetes,Caudoviricetes incertae sedis,Drexlerviridae,Tempevirinae,Tlsvirus,dsDNA
Tlsvirus,1920865,,,,,0.16,,,,,,0.07,,,,,,149539.0,Salmonella enterica subsp. enterica serovar Enteritidis,Duplodnaviria,Heunggongvirae,Uroviricota,Caudoviricetes,Caudoviricetes incertae sedis,Drexlerviridae,Tempevirinae,Tlsvirus,dsDNA
Tlsvirus,1920865,,,,,0.16,,,,,,0.07,,,,,,599.0,Salmonella sp.,Duplodnaviria,Heunggongvirae,Uroviricota,Caudoviricetes,Caudoviricetes incertae sedis,Drexlerviridae,Tempevirinae,Tlsvirus,dsDNA
Tlsvirus,1920865,,,,,0.16,,,,,,0.07,,,,,,192955.0,Salmonella enterica subsp. enterica serovar Kentucky,Duplodnaviria,Heunggongvirae,Uroviricota,Caudoviricetes,Caudoviricetes incertae sedis,Drexlerviridae,Tempevirinae,Tlsvirus,dsDNA
Tlsvirus,1920865,,,,,0.16,,,,,,0.07,,,,,,605.0,Salmonella enterica subsp. enterica serovar Pullorum,Duplodnaviria,Heunggongvirae,Uroviricota,Caudoviricetes,Caudoviricetes incertae sedis,Drexlerviridae,Tempevirinae,Tlsvirus,dsDNA
Tlsvirus,1920865,,,,,0.16,,,,,,0.07,,,,,,595.0,Salmonella enterica subsp. enterica serovar Infantis,Duplodnaviria,Heunggongvirae,Uroviricota,Caudoviricetes,Caudoviricetes incertae sedis,Drexlerviridae,Tempevirinae,Tlsvirus,dsDNA
Tlsvirus,1920865,,,,,0.16,,,,,,0.07,,,,,,363569.0,Salmonella enterica subsp. enterica serovar Javiana,Duplodnaviria,Heunggongvirae,Uroviricota,Caudoviricetes,Caudoviricetes incertae sedis,Drexlerviridae,Tempevirinae,Tlsvirus,dsDNA
Tlsvirus,1920865,,,,,0.16,,,,,,0.07,,,,,,90105.0,Salmonella enterica subsp. enterica serovar Saintpaul,Duplodnaviria,Heunggongvirae,Uroviricota,Caudoviricetes,Caudoviricetes incertae sedis,Drexlerviridae,Tempevirinae,Tlsvirus,dsDNA
Tlsvirus,1920865,,,,,0.16,,,,,,0.07,,,,,,1311.0,Streptococcus agalactiae,Duplodnaviria,Heunggongvirae,Uroviricota,Caudoviricetes,Caudoviricetes incertae sedis,Drexlerviridae,Tempevirinae,Tlsvirus,dsDNA
Nonanavirus,1921122,,,0.37,,,,,,,,,,,,0.32,,2072463.0,Escherichia coli O78,Duplodnaviria,Heunggongvirae,Uroviricota,Caudoviricetes,Caudoviricetes incertae sedis,Nonanavirus,unclassified Nonanavirus,,dsDNA
Nonanavirus,1921122,,,0.37,,,,,,,,,,,,0.32,,561.0,Escherichia,Duplodnaviria,Heunggongvirae,Uroviricota,Caudoviricetes,Caudoviricetes incertae sedis,Nonanavirus,unclassified Nonanavirus,,dsDNA
Nonanavirus,1921122,,,0.37,,,,,,,,,,,,0.32,,99287.0,Salmonella enterica subsp. enterica serovar Typhimurium str. LT2,Duplodnaviria,Heunggongvirae,Uroviricota,Caudoviricetes,Caudoviricetes incertae sedis,Nonanavirus,Nonanavirus nv9NA,,dsDNA
Nonanavirus,1921122,,,0.37,,,,,,,,,,,,0.32,,28901.0,Salmonella enterica,Duplodnaviria,Heunggongvirae,Uroviricota,Caudoviricetes,Caudoviricetes incertae sedis,Nonanavirus,unclassified Nonanavirus,,dsDNA
Nonanavirus,1921122,,,0.37,,,,,,,,,,,,0.32,,108619.0,Salmonella enterica subsp. enterica serovar Newport,Duplodnaviria,Heunggongvirae,Uroviricota,Caudoviricetes,Caudoviricetes incertae sedis,Nonanavirus,Nonanavirus SP069,,dsDNA
Septimatrevirus,1921544,,,,,,0.17,,,0.12,0.07,0.1,,,,,,287.0,Pseudomonas aeruginosa,Duplodnaviria,Heunggongvirae,Uroviricota,Caudoviricetes,Caudoviricetes incertae sedis,Septimatrevirus,Septimatrevirus C1,Septimatrevirus sv73,dsDNA
Septimatrevirus,1921544,,,,,,0.17,,,0.12,0.07,0.1,,,,,,287.0,Pseudomonas aeruginosa,Duplodnaviria,Heunggongvirae,Uroviricota,Caudoviricetes,Caudoviricetes incertae sedis,Septimatrevirus,unclassified Septimatrevirus,,dsDNA
Septimatrevirus,1921544,,,,,,0.17,,,0.12,0.07,0.1,,,,,,287.0,Pseudomonas aeruginosa,Duplodnaviria,Heunggongvirae,Uroviricota,Caudoviricetes,Caudoviricetes incertae sedis,Septimatrevirus,Septimatrevirus PX5,,dsDNA
Septimatrevirus,1921544,,,,,,0.17,,,0.12,0.07,0.1,,,,,,306.0,Pseudomonas sp.,Duplodnaviria,Heunggongvirae,Uroviricota,Caudoviricetes,Caudoviricetes incertae sedis,Septimatrevirus,Septimatrevirus epa40,,dsDNA
Septimatrevirus,1921544,,,,,,0.17,,,0.12,0.07,0.1,,,,,,306.0,Pseudomonas sp.,Duplodnaviria,Heunggongvirae,Uroviricota,Caudoviricetes,Caudoviricetes incertae sedis,Septimatrevirus,unclassified Septimatrevirus,,dsDNA
Septimatrevirus,1921544,,,,,,0.17,,,0.12,0.07,0.1,,,,,,287.0,Pseudomonas aeruginosa,Duplodnaviria,Heunggongvirae,Uroviricota,Caudoviricetes,Caudoviricetes incertae sedis,Septimatrevirus,Septimatrevirus guyu,,dsDNA
Septimatrevirus,1921544,,,,,,0.17,,,0.12,0.07,0.1,,,,,,1123015.0,Pseudomonas aeruginosa DSM 50071 = NBRC 12689,Duplodnaviria,Heunggongvirae,Uroviricota,Caudoviricetes,Caudoviricetes incertae sedis,Septimatrevirus,unclassified Septimatrevirus,,dsDNA
Septimatrevirus,1921544,,,,,,0.17,,,0.12,0.07,0.1,,,,,,287.0,Pseudomonas aeruginosa,Duplodnaviria,Heunggongvirae,Uroviricota,Caudoviricetes,Caudoviricetes incertae sedis,Septimatrevirus,Septimatrevirus kaya,,dsDNA
Septimatrevirus,1921544,,,,,,0.17,,,0.12,0.07,0.1,,,,,,287.0,Pseudomonas aeruginosa,Duplodnaviria,Heunggongvirae,Uroviricota,Caudoviricetes,Caudoviricetes incertae sedis,Septimatrevirus,Septimatrevirus kopi,,dsDNA
Septimatrevirus,1921544,,,,,,0.17,,,0.12,0.07,0.1,,,,,,287.0,Pseudomonas aeruginosa,Duplodnaviria,Heunggongvirae,Uroviricota,Caudoviricetes,Caudoviricetes incertae sedis,Septimatrevirus,Septimatrevirus kakheti25,,dsDNA
Septimatrevirus,1921544,,,,,,0.17,,,0.12,0.07,0.1,,,,,,317.0,Pseudomonas syringae,Duplodnaviria,Heunggongvirae,Uroviricota,Caudoviricetes,Caudoviricetes incertae sedis,Septimatrevirus,unclassified Septimatrevirus,,dsDNA
Septimatrevirus,1921544,,,,,,0.17,,,0.12,0.07,0.1,,,,,,287.0,Pseudomonas aeruginosa,Duplodnaviria,Heunggongvirae,Uroviricota,Caudoviricetes,Caudoviricetes incertae sedis,Septimatrevirus,Septimatrevirus tehO,,dsDNA
Septimatrevirus,1921544,,,,,,0.17,,,0.12,0.07,0.1,,,,,,287.0,Pseudomonas aeruginosa,Duplodnaviria,Heunggongvirae,Uroviricota,Caudoviricetes,Caudoviricetes incertae sedis,Septimatrevirus,Septimatrevirus UFRH1,,dsDNA
Septimatrevirus,1921544,,,,,,0.17,,,0.12,0.07,0.1,,,,,,208964.0,Pseudomonas aeruginosa PAO1,Duplodnaviria,Heunggongvirae,Uroviricota,Caudoviricetes,Caudoviricetes incertae sedis,Septimatrevirus,unclassified Septimatrevirus,,dsDNA
Septimatrevirus,1921544,,,,,,0.17,,,0.12,0.07,0.1,,,,,,287.0,Pseudomonas aeruginosa,Duplodnaviria,Heunggongvirae,Uroviricota,Caudoviricetes,Caudoviricetes incertae sedis,Septimatrevirus,Septimatrevirus yazdi,,dsDNA
Septimatrevirus,1921544,,,,,,0.17,,,0.12,0.07,0.1,,,,,,287.0,Pseudomonas aeruginosa,Duplodnaviria,Heunggongvirae,Uroviricota,Caudoviricetes,Caudoviricetes incertae sedis,Septimatrevirus,Septimatrevirus Ab26,,dsDNA
Septimatrevirus,1921544,,,,,,0.17,,,0.12,0.07,0.1,,,,,,287.0,Pseudomonas aeruginosa,Duplodnaviria,Heunggongvirae,Uroviricota,Caudoviricetes,Caudoviricetes incertae sedis,Septimatrevirus,Septimatrevirus SCUTS3,,dsDNA
Septimatrevirus,1921544,,,,,,0.17,,,0.12,0.07,0.1,,,,,,286.0,Pseudomonas,Duplodnaviria,Heunggongvirae,Uroviricota,Caudoviricetes,Caudoviricetes incertae sedis,Septimatrevirus,unclassified Septimatrevirus,,dsDNA
Septimatrevirus,1921544,,,,,,0.17,,,0.12,0.07,0.1,,,,,,208964.0,Pseudomonas aeruginosa PAO1,Duplodnaviria,Heunggongvirae,Uroviricota,Caudoviricetes,Caudoviricetes incertae sedis,Septimatrevirus,Septimatrevirus kakheti25,,dsDNA
Septimatrevirus,1921544,,,,,,0.17,,,0.12,0.07,0.1,,,,,,317.0,Pseudomonas syringae,Duplodnaviria,Heunggongvirae,Uroviricota,Caudoviricetes,Caudoviricetes incertae sedis,Septimatrevirus,,,dsDNA
Septimatrevirus,1921544,,,,,,0.17,,,0.12,0.07,0.1,,,,,,40324.0,Stenotrophomonas maltophilia,Duplodnaviria,Heunggongvirae,Uroviricota,Caudoviricetes,Caudoviricetes incertae sedis,Septimatrevirus,Septimatrevirus DLP1,,dsDNA
Septimatrevirus,1921544,,,,,,0.17,,,0.12,0.07,0.1,,,,,,40324.0,Stenotrophomonas maltophilia,Duplodnaviria,Heunggongvirae,Uroviricota,Caudoviricetes,Caudoviricetes incertae sedis,Septimatrevirus,Septimatrevirus DLP2,,dsDNA
Septimatrevirus,1921544,,,,,,0.17,,,0.12,0.07,0.1,,,,,,40324.0,Stenotrophomonas maltophilia,Duplodnaviria,Heunggongvirae,Uroviricota,Caudoviricetes,Caudoviricetes incertae sedis,Septimatrevirus,unclassified Septimatrevirus,,dsDNA
Septimatrevirus,1921544,,,,,,0.17,,,0.12,0.07,0.1,,,,,,29446.0,Xanthomonas sp.,Duplodnaviria,Heunggongvirae,Uroviricota,Caudoviricetes,Caudoviricetes incertae sedis,Septimatrevirus,unclassified Septimatrevirus,,dsDNA
Septimatrevirus,1921544,,,,,,0.17,,,0.12,0.07,0.1,,,,,,29446.0,Xanthomonas sp.,Duplodnaviria,Heunggongvirae,Uroviricota,Caudoviricetes,Caudoviricetes incertae sedis,Septimatrevirus,Septimatrevirus samson,,dsDNA
Septimatrevirus,1921544,,,,,,0.17,,,0.12,0.07,0.1,,,,,,195709.0,Xanthomonas arboricola pv. juglandis,Duplodnaviria,Heunggongvirae,Uroviricota,Caudoviricetes,Caudoviricetes incertae sedis,Septimatrevirus,Septimatrevirus DoCa1,,dsDNA
Septimatrevirus,1921544,,,,,,0.17,,,0.12,0.07,0.1,,,,,,195709.0,Xanthomonas arboricola pv. juglandis,Duplodnaviria,Heunggongvirae,Uroviricota,Caudoviricetes,Caudoviricetes incertae sedis,Septimatrevirus,unclassified Septimatrevirus,,dsDNA
Gemykibivirus,1941236,,0.56,0.16,0.58,13.66,,,0.29,0.15,0.06,0.1,0.44,0.18,0.22,0.15,0.26,9662.0,Meles meles,Monodnaviria,Shotokuvirae,Cressdnaviricota,Repensiviricetes,Geplafuvirales,Genomoviridae,Gemykibivirus,Gemykibivirus badas1,
Gemykibivirus,1941236,,0.56,0.16,0.58,13.66,,,0.29,0.15,0.06,0.1,0.44,0.18,0.22,0.15,0.26,175524.0,Hipposideros larvatus,Monodnaviria,Shotokuvirae,Cressdnaviricota,Repensiviricetes,Geplafuvirales,Genomoviridae,Gemykibivirus,Gemykibivirus hipla1,
Gemykibivirus,1941236,,0.56,0.16,0.58,13.66,,,0.29,0.15,0.06,0.1,0.44,0.18,0.22,0.15,0.26,7038.0,Bemisia tabaci,Monodnaviria,Shotokuvirae,Cressdnaviricota,Repensiviricetes,Geplafuvirales,Genomoviridae,Gemykibivirus,Gemykibivirus bemta1,
Gemykibivirus,1941236,,0.56,0.16,0.58,13.66,,,0.29,0.15,0.06,0.1,0.44,0.18,0.22,0.15,0.26,228564.0,Petroica traversi,Monodnaviria,Shotokuvirae,Cressdnaviricota,Repensiviricetes,Geplafuvirales,Genomoviridae,Gemykibivirus,Gemykibivirus blaro1,
Gemykibivirus,1941236,,0.56,0.16,0.58,13.66,,,0.29,0.15,0.06,0.1,0.44,0.18,0.22,0.15,0.26,9187.0,Turdus merula,Monodnaviria,Shotokuvirae,Cressdnaviricota,Repensiviricetes,Geplafuvirales,Genomoviridae,Gemykibivirus,Gemykibivirus blabi1,
Gemykibivirus,1941236,,0.56,0.16,0.58,13.66,,,0.29,0.15,0.06,0.1,0.44,0.18,0.22,0.15,0.26,9913.0,Bos taurus,Monodnaviria,Shotokuvirae,Cressdnaviricota,Repensiviricetes,Geplafuvirales,Genomoviridae,Gemykibivirus,Gemykibivirus bovas1,
Gemykibivirus,1941236,,0.56,0.16,0.58,13.66,,,0.29,0.15,0.06,0.1,0.44,0.18,0.22,0.15,0.26,9615.0,Canis lupus familiaris,Monodnaviria,Shotokuvirae,Cressdnaviricota,Repensiviricetes,Geplafuvirales,Genomoviridae,Gemykibivirus,Gemykibivirus canfam1,
Gemykibivirus,1941236,,0.56,0.16,0.58,13.66,,,0.29,0.15,0.06,0.1,0.44,0.18,0.22,0.15,0.26,1.0,root,Monodnaviria,Shotokuvirae,Cressdnaviricota,Repensiviricetes,Geplafuvirales,Genomoviridae,Gemykibivirus,Gemykibivirus hydro3,
Gemykibivirus,1941236,,0.56,0.16,0.58,13.66,,,0.29,0.15,0.06,0.1,0.44,0.18,0.22,0.15,0.26,9903.0,Bos,Monodnaviria,Shotokuvirae,Cressdnaviricota,Repensiviricetes,Geplafuvirales,Genomoviridae,Gemykibivirus,Gemykibivirus cowchi1,
Gemykibivirus,1941236,,0.56,0.16,0.58,13.66,,,0.29,0.15,0.06,0.1,0.44,0.18,0.22,0.15,0.26,9031.0,Gallus gallus,Monodnaviria,Shotokuvirae,Cressdnaviricota,Repensiviricetes,Geplafuvirales,Genomoviridae,Gemykibivirus,Gemykibivirus galga3,
Gemykibivirus,1941236,,0.56,0.16,0.58,13.66,,,0.29,0.15,0.06,0.1,0.44,0.18,0.22,0.15,0.26,388978.0,Cybaeus,Monodnaviria,Shotokuvirae,Cressdnaviricota,Repensiviricetes,Geplafuvirales,Genomoviridae,Gemykibivirus,Gemykibivirus cybusi1,
Gemykibivirus,1941236,,0.56,0.16,0.58,13.66,,,0.29,0.15,0.06,0.1,0.44,0.18,0.22,0.15,0.26,451481.0,Miathyria marcella,Monodnaviria,Shotokuvirae,Cressdnaviricota,Repensiviricetes,Geplafuvirales,Genomoviridae,Gemykibivirus,Gemykibivirus draga1,
Gemykibivirus,1941236,,0.56,0.16,0.58,13.66,,,0.29,0.15,0.06,0.1,0.44,0.18,0.22,0.15,0.26,30427.0,Haemorhous mexicanus,Monodnaviria,Shotokuvirae,Cressdnaviricota,Repensiviricetes,Geplafuvirales,Genomoviridae,Gemykibivirus,Gemykibivirus haeme5,
Gemykibivirus,1941236,,0.56,0.16,0.58,13.66,,,0.29,0.15,0.06,0.1,0.44,0.18,0.22,0.15,0.26,9606.0,Homo sapiens,Monodnaviria,Shotokuvirae,Cressdnaviricota,Repensiviricetes,Geplafuvirales,Genomoviridae,Gemykibivirus,Gemykibivirus humas3,
Gemykibivirus,1941236,,0.56,0.16,0.58,13.66,,,0.29,0.15,0.06,0.1,0.44,0.18,0.22,0.15,0.26,38771.0,Gopherus,Monodnaviria,Shotokuvirae,Cressdnaviricota,Repensiviricetes,Geplafuvirales,Genomoviridae,Gemykibivirus,Gemykibivirus haeme2,
Gemykibivirus,1941236,,0.56,0.16,0.58,13.66,,,0.29,0.15,0.06,0.1,0.44,0.18,0.22,0.15,0.26,9700.0,Herpestes ichneumon,Monodnaviria,Shotokuvirae,Cressdnaviricota,Repensiviricetes,Geplafuvirales,Genomoviridae,Gemykibivirus,Gemykibivirus rhina1,
Gemykibivirus,1941236,,0.56,0.16,0.58,13.66,,,0.29,0.15,0.06,0.1,0.44,0.18,0.22,0.15,0.26,77217.0,Pteropus tonganus,Monodnaviria,Shotokuvirae,Cressdnaviricota,Repensiviricetes,Geplafuvirales,Genomoviridae,Gemykibivirus,Gemykibivirus ptero1,
Gemykibivirus,1941236,,0.56,0.16,0.58,13.66,,,0.29,0.15,0.06,0.1,0.44,0.18,0.22,0.15,0.26,2866903.0,Poaceae sp.,Monodnaviria,Shotokuvirae,Cressdnaviricota,Repensiviricetes,Geplafuvirales,Genomoviridae,Gemykibivirus,Gemykibivirus planta1,
Gemykibivirus,1941236,,0.56,0.16,0.58,13.66,,,0.29,0.15,0.06,0.1,0.44,0.18,0.22,0.15,0.26,171969.0,Carnegiea gigantea,Monodnaviria,Shotokuvirae,Cressdnaviricota,Repensiviricetes,Geplafuvirales,Genomoviridae,Gemykibivirus,Gemykibivirus planta2,
Gemykibivirus,1941236,,0.56,0.16,0.58,13.66,,,0.29,0.15,0.06,0.1,0.44,0.18,0.22,0.15,0.26,3101841.0,Cynodon sp.,Monodnaviria,Shotokuvirae,Cressdnaviricota,Repensiviricetes,Geplafuvirales,Genomoviridae,Gemykibivirus,Gemykibivirus cynas1,
Gemykibivirus,1941236,,0.56,0.16,0.58,13.66,,,0.29,0.15,0.06,0.1,0.44,0.18,0.22,0.15,0.26,9823.0,Sus scrofa,Monodnaviria,Shotokuvirae,Cressdnaviricota,Repensiviricetes,Geplafuvirales,Genomoviridae,Gemykibivirus,Gemykibivirus anima1,
Gemykibivirus,1941236,,0.56,0.16,0.58,13.66,,,0.29,0.15,0.06,0.1,0.44,0.18,0.22,0.15,0.26,77218.0,Rhinolophus hipposideros,Monodnaviria,Shotokuvirae,Cressdnaviricota,Repensiviricetes,Geplafuvirales,Genomoviridae,Gemykibivirus,Gemykibivirus rhina1,
Gemykibivirus,1941236,,0.56,0.16,0.58,13.66,,,0.29,0.15,0.06,0.1,0.44,0.18,0.22,0.15,0.26,59479.0,Rhinolophus ferrumequinum,Monodnaviria,Shotokuvirae,Cressdnaviricota,Repensiviricetes,Geplafuvirales,Genomoviridae,Gemykibivirus,Gemykibivirus rhina2,
Gemykibivirus,1941236,,0.56,0.16,0.58,13.66,,,0.29,0.15,0.06,0.1,0.44,0.18,0.22,0.15,0.26,146804.0,Echinothrips americanus,Monodnaviria,Shotokuvirae,Cressdnaviricota,Repensiviricetes,Geplafuvirales,Genomoviridae,Gemykibivirus,Gemykibivirus echi1,
Sepunavirus,1980928,,,,,,,,,,,0.03,,,,,,1282.0,Staphylococcus epidermidis,Duplodnaviria,Heunggongvirae,Uroviricota,Caudoviricetes,Caudoviricetes incertae sedis,Herelleviridae,Twortvirinae,Sepunavirus,dsDNA
Korravirus,1982076,,,,,,,,,,,0.01,,,,,,1667.0,Arthrobacter sp.,Duplodnaviria,Heunggongvirae,Uroviricota,Caudoviricetes,Caudoviricetes incertae sedis,Korravirus,unclassified Korravirus,,dsDNA
Korravirus,1982076,,,,,,,,,,,0.01,,,,,,1667.0,Arthrobacter sp.,Duplodnaviria,Heunggongvirae,Uroviricota,Caudoviricetes,Caudoviricetes incertae sedis,Korravirus,Korravirus hunterdalle,,dsDNA
Korravirus,1982076,,,,,,,,,,,0.01,,,,,,1667.0,Arthrobacter sp.,Duplodnaviria,Heunggongvirae,Uroviricota,Caudoviricetes,Caudoviricetes incertae sedis,Korravirus,Korravirus glenn,,dsDNA
Korravirus,1982076,,,,,,,,,,,0.01,,,,,,1667.0,Arthrobacter sp.,Duplodnaviria,Heunggongvirae,Uroviricota,Caudoviricetes,Caudoviricetes incertae sedis,Korravirus,Korravirus bennie,,dsDNA
Korravirus,1982076,,,,,,,,,,,0.01,,,,,,1771959.0,[Arthrobacter] sp. ATCC 21022,Duplodnaviria,Heunggongvirae,Uroviricota,Caudoviricetes,Caudoviricetes incertae sedis,Korravirus,Korravirus bennie,,dsDNA
Korravirus,1982076,,,,,,,,,,,0.01,,,,,,1771959.0,[Arthrobacter] sp. ATCC 21022,Duplodnaviria,Heunggongvirae,Uroviricota,Caudoviricetes,Caudoviricetes incertae sedis,Korravirus,Korravirus bigmack,,dsDNA
Korravirus,1982076,,,,,,,,,,,0.01,,,,,,1667.0,Arthrobacter sp.,Duplodnaviria,Heunggongvirae,Uroviricota,Caudoviricetes,Caudoviricetes incertae sedis,Korravirus,Korravirus drrobert,,dsDNA
Korravirus,1982076,,,,,,,,,,,0.01,,,,,,1667.0,Arthrobacter sp.,Duplodnaviria,Heunggongvirae,Uroviricota,Caudoviricetes,Caudoviricetes incertae sedis,Korravirus,Korravirus wayne,,dsDNA
Korravirus,1982076,,,,,,,,,,,0.01,,,,,,1771959.0,[Arthrobacter] sp. ATCC 21022,Duplodnaviria,Heunggongvirae,Uroviricota,Caudoviricetes,Caudoviricetes incertae sedis,Korravirus,Korravirus wayne,,dsDNA
Korravirus,1982076,,,,,,,,,,,0.01,,,,,,1771959.0,[Arthrobacter] sp. ATCC 21022,Duplodnaviria,Heunggongvirae,Uroviricota,Caudoviricetes,Caudoviricetes incertae sedis,Korravirus,Korravirus drrobert,,dsDNA
Korravirus,1982076,,,,,,,,,,,0.01,,,,,,1771959.0,[Arthrobacter] sp. ATCC 21022,Duplodnaviria,Heunggongvirae,Uroviricota,Caudoviricetes,Caudoviricetes incertae sedis,Korravirus,Korravirus korra,,dsDNA
Korravirus,1982076,,,,,,,,,,,0.01,,,,,,1667.0,Arthrobacter sp.,Duplodnaviria,Heunggongvirae,Uroviricota,Caudoviricetes,Caudoviricetes incertae sedis,Korravirus,Korravirus gisselle,,dsDNA
Korravirus,1982076,,,,,,,,,,,0.01,,,,,,1771959.0,[Arthrobacter] sp. ATCC 21022,Duplodnaviria,Heunggongvirae,Uroviricota,Caudoviricetes,Caudoviricetes incertae sedis,Korravirus,Korravirus gisselle,,dsDNA
Korravirus,1982076,,,,,,,,,,,0.01,,,,,,1771959.0,[Arthrobacter] sp. ATCC 21022,Duplodnaviria,Heunggongvirae,Uroviricota,Caudoviricetes,Caudoviricetes incertae sedis,Korravirus,Korravirus glenn,,dsDNA
Korravirus,1982076,,,,,,,,,,,0.01,,,,,,1667.0,Arthrobacter sp.,Duplodnaviria,Heunggongvirae,Uroviricota,Caudoviricetes,Caudoviricetes incertae sedis,Korravirus,Korravirus greenhearts,,dsDNA
Korravirus,1982076,,,,,,,,,,,0.01,,,,,,1771959.0,[Arthrobacter] sp. ATCC 21022,Duplodnaviria,Heunggongvirae,Uroviricota,Caudoviricetes,Caudoviricetes incertae sedis,Korravirus,Korravirus greenhearts,,dsDNA
Korravirus,1982076,,,,,,,,,,,0.01,,,,,,1771959.0,[Arthrobacter] sp. ATCC 21022,Duplodnaviria,Heunggongvirae,Uroviricota,Caudoviricetes,Caudoviricetes incertae sedis,Korravirus,Korravirus greenhouse,,dsDNA
Korravirus,1982076,,,,,,,,,,,0.01,,,,,,1771959.0,[Arthrobacter] sp. ATCC 21022,Duplodnaviria,Heunggongvirae,Uroviricota,Caudoviricetes,Caudoviricetes incertae sedis,Korravirus,Korravirus hunterdalle,,dsDNA
Korravirus,1982076,,,,,,,,,,,0.01,,,,,,1771959.0,[Arthrobacter] sp. ATCC 21022,Duplodnaviria,Heunggongvirae,Uroviricota,Caudoviricetes,Caudoviricetes incertae sedis,Korravirus,Korravirus huntingdon,,dsDNA
Korravirus,1982076,,,,,,,,,,,0.01,,,,,,1771959.0,[Arthrobacter] sp. ATCC 21022,Duplodnaviria,Heunggongvirae,Uroviricota,Caudoviricetes,Caudoviricetes incertae sedis,Korravirus,Korravirus joann,,dsDNA
Korravirus,1982076,,,,,,,,,,,0.01,,,,,,1667.0,Arthrobacter sp.,Duplodnaviria,Heunggongvirae,Uroviricota,Caudoviricetes,Caudoviricetes incertae sedis,Korravirus,Korravirus kittykat,,dsDNA
Korravirus,1982076,,,,,,,,,,,0.01,,,,,,1771959.0,[Arthrobacter] sp. ATCC 21022,Duplodnaviria,Heunggongvirae,Uroviricota,Caudoviricetes,Caudoviricetes incertae sedis,Korravirus,Korravirus kittykat,,dsDNA
Korravirus,1982076,,,,,,,,,,,0.01,,,,,,1667.0,Arthrobacter sp.,Duplodnaviria,Heunggongvirae,Uroviricota,Caudoviricetes,Caudoviricetes incertae sedis,Korravirus,Korravirus korra,,dsDNA
Korravirus,1982076,,,,,,,,,,,0.01,,,,,,1667.0,Arthrobacter sp.,Duplodnaviria,Heunggongvirae,Uroviricota,Caudoviricetes,Caudoviricetes incertae sedis,Korravirus,Korravirus litotes,,dsDNA
Korravirus,1982076,,,,,,,,,,,0.01,,,,,,1771959.0,[Arthrobacter] sp. ATCC 21022,Duplodnaviria,Heunggongvirae,Uroviricota,Caudoviricetes,Caudoviricetes incertae sedis,Korravirus,Korravirus litotes,,dsDNA
Korravirus,1982076,,,,,,,,,,,0.01,,,,,,1667.0,Arthrobacter sp.,Duplodnaviria,Heunggongvirae,Uroviricota,Caudoviricetes,Caudoviricetes incertae sedis,Korravirus,Korravirus mamapearl,,dsDNA
Korravirus,1982076,,,,,,,,,,,0.01,,,,,,1771959.0,[Arthrobacter] sp. ATCC 21022,Duplodnaviria,Heunggongvirae,Uroviricota,Caudoviricetes,Caudoviricetes incertae sedis,Korravirus,Korravirus mamapearl,,dsDNA
Korravirus,1982076,,,,,,,,,,,0.01,,,,,,1771959.0,[Arthrobacter] sp. ATCC 21022,Duplodnaviria,Heunggongvirae,Uroviricota,Caudoviricetes,Caudoviricetes incertae sedis,Korravirus,Korravirus nubia,,dsDNA
Korravirus,1982076,,,,,,,,,,,0.01,,,,,,1771959.0,[Arthrobacter] sp. ATCC 21022,Duplodnaviria,Heunggongvirae,Uroviricota,Caudoviricetes,Caudoviricetes incertae sedis,Korravirus,Korravirus oxynfrius,,dsDNA
Korravirus,1982076,,,,,,,,,,,0.01,,,,,,1771959.0,[Arthrobacter] sp. ATCC 21022,Duplodnaviria,Heunggongvirae,Uroviricota,Caudoviricetes,Caudoviricetes incertae sedis,Korravirus,Korravirus preamble,,dsDNA
Korravirus,1982076,,,,,,,,,,,0.01,,,,,,1771959.0,[Arthrobacter] sp. ATCC 21022,Duplodnaviria,Heunggongvirae,Uroviricota,Caudoviricetes,Caudoviricetes incertae sedis,Korravirus,Korravirus pumancara,,dsDNA
Korravirus,1982076,,,,,,,,,,,0.01,,,,,,1771959.0,[Arthrobacter] sp. ATCC 21022,Duplodnaviria,Heunggongvirae,Uroviricota,Caudoviricetes,Caudoviricetes incertae sedis,Korravirus,unclassified Korravirus,,dsDNA
Korravirus,1982076,,,,,,,,,,,0.01,,,,,,1667.0,Arthrobacter sp.,Duplodnaviria,Heunggongvirae,Uroviricota,Caudoviricetes,Caudoviricetes incertae sedis,Korravirus,Korravirus sergei,,dsDNA
Korravirus,1982076,,,,,,,,,,,0.01,,,,,,1771959.0,[Arthrobacter] sp. ATCC 21022,Duplodnaviria,Heunggongvirae,Uroviricota,Caudoviricetes,Caudoviricetes incertae sedis,Korravirus,Korravirus sergei,,dsDNA
Korravirus,1982076,,,,,,,,,,,0.01,,,,,,1771959.0,[Arthrobacter] sp. ATCC 21022,Duplodnaviria,Heunggongvirae,Uroviricota,Caudoviricetes,Caudoviricetes incertae sedis,Korravirus,Korravirus urla,,dsDNA
Korravirus,1982076,,,,,,,,,,,0.01,,,,,,1667.0,Arthrobacter sp.,Duplodnaviria,Heunggongvirae,Uroviricota,Caudoviricetes,Caudoviricetes incertae sedis,Korravirus,Korravirus wawa,,dsDNA
Korravirus,1982076,,,,,,,,,,,0.01,,,,,,1771959.0,[Arthrobacter] sp. ATCC 21022,Duplodnaviria,Heunggongvirae,Uroviricota,Caudoviricetes,Caudoviricetes incertae sedis,Korravirus,Korravirus wawa,,dsDNA
Mudcatvirus,1982088,,,,,,,,,0.12,0.08,0.14,,,,,0.11,1771959.0,[Arthrobacter] sp. ATCC 21022,Duplodnaviria,Heunggongvirae,Uroviricota,Caudoviricetes,Caudoviricetes incertae sedis,Mudcatvirus,Mudcatvirus arcadia,,dsDNA
Mudcatvirus,1982088,,,,,,,,,0.12,0.08,0.14,,,,,0.11,1667.0,Arthrobacter sp.,Duplodnaviria,Heunggongvirae,Uroviricota,Caudoviricetes,Caudoviricetes incertae sedis,Mudcatvirus,unclassified Mudcatvirus,,dsDNA
Mudcatvirus,1982088,,,,,,,,,0.12,0.08,0.14,,,,,0.11,1771959.0,[Arthrobacter] sp. ATCC 21022,Duplodnaviria,Heunggongvirae,Uroviricota,Caudoviricetes,Caudoviricetes incertae sedis,Mudcatvirus,Mudcatvirus cheesy,,dsDNA
Mudcatvirus,1982088,,,,,,,,,0.12,0.08,0.14,,,,,0.11,1771959.0,[Arthrobacter] sp. ATCC 21022,Duplodnaviria,Heunggongvirae,Uroviricota,Caudoviricetes,Caudoviricetes incertae sedis,Mudcatvirus,Mudcatvirus circum,,dsDNA
Mudcatvirus,1982088,,,,,,,,,0.12,0.08,0.14,,,,,0.11,1771959.0,[Arthrobacter] sp. ATCC 21022,Duplodnaviria,Heunggongvirae,Uroviricota,Caudoviricetes,Caudoviricetes incertae sedis,Mudcatvirus,Mudcatvirus correa,,dsDNA
Mudcatvirus,1982088,,,,,,,,,0.12,0.08,0.14,,,,,0.11,1667.0,Arthrobacter sp.,Duplodnaviria,Heunggongvirae,Uroviricota,Caudoviricetes,Caudoviricetes incertae sedis,Mudcatvirus,Mudcatvirus dynamite,,dsDNA
Mudcatvirus,1982088,,,,,,,,,0.12,0.08,0.14,,,,,0.11,1771959.0,[Arthrobacter] sp. ATCC 21022,Duplodnaviria,Heunggongvirae,Uroviricota,Caudoviricetes,Caudoviricetes incertae sedis,Mudcatvirus,unclassified Mudcatvirus,,dsDNA
Mudcatvirus,1982088,,,,,,,,,0.12,0.08,0.14,,,,,0.11,1771959.0,[Arthrobacter] sp. ATCC 21022,Duplodnaviria,Heunggongvirae,Uroviricota,Caudoviricetes,Caudoviricetes incertae sedis,Mudcatvirus,Mudcatvirus heisenberger,,dsDNA
Mudcatvirus,1982088,,,,,,,,,0.12,0.08,0.14,,,,,0.11,1667.0,Arthrobacter sp.,Duplodnaviria,Heunggongvirae,Uroviricota,Caudoviricetes,Caudoviricetes incertae sedis,Mudcatvirus,Mudcatvirus JEGGS,,dsDNA
Mudcatvirus,1982088,,,,,,,,,0.12,0.08,0.14,,,,,0.11,1667.0,Arthrobacter sp.,Duplodnaviria,Heunggongvirae,Uroviricota,Caudoviricetes,Caudoviricetes incertae sedis,Mudcatvirus,Mudcatvirus kardesai,,dsDNA
Mudcatvirus,1982088,,,,,,,,,0.12,0.08,0.14,,,,,0.11,1667.0,Arthrobacter sp.,Duplodnaviria,Heunggongvirae,Uroviricota,Caudoviricetes,Caudoviricetes incertae sedis,Mudcatvirus,Mudcatvirus keaneylin,,dsDNA
Mudcatvirus,1982088,,,,,,,,,0.12,0.08,0.14,,,,,0.11,1771959.0,[Arthrobacter] sp. ATCC 21022,Duplodnaviria,Heunggongvirae,Uroviricota,Caudoviricetes,Caudoviricetes incertae sedis,Mudcatvirus,Mudcatvirus mudcat,,dsDNA
Mudcatvirus,1982088,,,,,,,,,0.12,0.08,0.14,,,,,0.11,1771959.0,[Arthrobacter] sp. ATCC 21022,Duplodnaviria,Heunggongvirae,Uroviricota,Caudoviricetes,Caudoviricetes incertae sedis,Mudcatvirus,Mudcatvirus tribby,,dsDNA
Mudcatvirus,1982088,,,,,,,,,0.12,0.08,0.14,,,,,0.11,1667.0,Arthrobacter sp.,Duplodnaviria,Heunggongvirae,Uroviricota,Caudoviricetes,Caudoviricetes incertae sedis,Mudcatvirus,Mudcatvirus xenomorph,,dsDNA
Abidjanvirus,1982095,,,,,,,,,,,0.02,,,,,,47886.0,Pseudomonas luteola,Duplodnaviria,Heunggongvirae,Uroviricota,Caudoviricetes,Caudoviricetes incertae sedis,Mesyanzhinovviridae,Bradleyvirinae,Abidjanvirus,dsDNA
Abidjanvirus,1982095,,,,,,,,,,,0.02,,,,,,287.0,Pseudomonas aeruginosa,Duplodnaviria,Heunggongvirae,Uroviricota,Caudoviricetes,Caudoviricetes incertae sedis,Mesyanzhinovviridae,Bradleyvirinae,Abidjanvirus,dsDNA
Gordonvirus,1982152,,,,,,0.15,,,0.12,0.07,0.13,,,,,0.12,1667.0,Arthrobacter sp.,Duplodnaviria,Heunggongvirae,Uroviricota,Caudoviricetes,Caudoviricetes incertae sedis,Gordonvirus,Gordonvirus breylor17,,dsDNA
Gordonvirus,1982152,,,,,,0.15,,,0.12,0.07,0.13,,,,,0.12,1771959.0,[Arthrobacter] sp. ATCC 21022,Duplodnaviria,Heunggongvirae,Uroviricota,Caudoviricetes,Caudoviricetes incertae sedis,Gordonvirus,Gordonvirus captnmurica,,dsDNA
Gordonvirus,1982152,,,,,,0.15,,,0.12,0.07,0.13,,,,,0.12,1667.0,Arthrobacter sp.,Duplodnaviria,Heunggongvirae,Uroviricota,Caudoviricetes,Caudoviricetes incertae sedis,Gordonvirus,Gordonvirus castortray,,dsDNA
Gordonvirus,1982152,,,,,,0.15,,,0.12,0.07,0.13,,,,,0.12,1667.0,Arthrobacter sp.,Duplodnaviria,Heunggongvirae,Uroviricota,Caudoviricetes,Caudoviricetes incertae sedis,Gordonvirus,unclassified Gordonvirus,,dsDNA
Gordonvirus,1982152,,,,,,0.15,,,0.12,0.07,0.13,,,,,0.12,1771959.0,[Arthrobacter] sp. ATCC 21022,Duplodnaviria,Heunggongvirae,Uroviricota,Caudoviricetes,Caudoviricetes incertae sedis,Gordonvirus,Gordonvirus darby,,dsDNA
Gordonvirus,1982152,,,,,,0.15,,,0.12,0.07,0.13,,,,,0.12,1667.0,Arthrobacter sp.,Duplodnaviria,Heunggongvirae,Uroviricota,Caudoviricetes,Caudoviricetes incertae sedis,Gordonvirus,Gordonvirus devitoJr,,dsDNA
Gordonvirus,1982152,,,,,,0.15,,,0.12,0.07,0.13,,,,,0.12,1771959.0,[Arthrobacter] sp. ATCC 21022,Duplodnaviria,Heunggongvirae,Uroviricota,Caudoviricetes,Caudoviricetes incertae sedis,Gordonvirus,unclassified Gordonvirus,,dsDNA
Gordonvirus,1982152,,,,,,0.15,,,0.12,0.07,0.13,,,,,0.12,1665.0,Arthrobacter globiformis,Duplodnaviria,Heunggongvirae,Uroviricota,Caudoviricetes,Caudoviricetes incertae sedis,Gordonvirus,unclassified Gordonvirus,,dsDNA
Gordonvirus,1982152,,,,,,0.15,,,0.12,0.07,0.13,,,,,0.12,1771959.0,[Arthrobacter] sp. ATCC 21022,Duplodnaviria,Heunggongvirae,Uroviricota,Caudoviricetes,Caudoviricetes incertae sedis,Gordonvirus,Gordonvirus gordon,,dsDNA
Gordonvirus,1982152,,,,,,0.15,,,0.12,0.07,0.13,,,,,0.12,1771959.0,[Arthrobacter] sp. ATCC 21022,Duplodnaviria,Heunggongvirae,Uroviricota,Caudoviricetes,Caudoviricetes incertae sedis,Gordonvirus,Gordonvirus nightmare,,dsDNA
Gordonvirus,1982152,,,,,,0.15,,,0.12,0.07,0.13,,,,,0.12,1771959.0,[Arthrobacter] sp. ATCC 21022,Duplodnaviria,Heunggongvirae,Uroviricota,Caudoviricetes,Caudoviricetes incertae sedis,Gordonvirus,Gordonvirus niktson,,dsDNA
Gordonvirus,1982152,,,,,,0.15,,,0.12,0.07,0.13,,,,,0.12,1771959.0,[Arthrobacter] sp. ATCC 21022,Duplodnaviria,Heunggongvirae,Uroviricota,Caudoviricetes,Caudoviricetes incertae sedis,Gordonvirus,Gordonvirus sciencewizsam,,dsDNA
Gordonvirus,1982152,,,,,,0.15,,,0.12,0.07,0.13,,,,,0.12,1667.0,Arthrobacter sp.,Duplodnaviria,Heunggongvirae,Uroviricota,Caudoviricetes,Caudoviricetes incertae sedis,Gordonvirus,Gordonvirus synepsis,,dsDNA
Gordonvirus,1982152,,,,,,0.15,,,0.12,0.07,0.13,,,,,0.12,1667.0,Arthrobacter sp.,Duplodnaviria,Heunggongvirae,Uroviricota,Caudoviricetes,Caudoviricetes incertae sedis,Gordonvirus,Gordonvirus tatanka,,dsDNA
Gordonvirus,1982152,,,,,,0.15,,,0.12,0.07,0.13,,,,,0.12,1771959.0,[Arthrobacter] sp. ATCC 21022,Duplodnaviria,Heunggongvirae,Uroviricota,Caudoviricetes,Caudoviricetes incertae sedis,Gordonvirus,Gordonvirus teacup,,dsDNA
Gordonvirus,1982152,,,,,,0.15,,,0.12,0.07,0.13,,,,,0.12,1667.0,Arthrobacter sp.,Duplodnaviria,Heunggongvirae,Uroviricota,Caudoviricetes,Caudoviricetes incertae sedis,Gordonvirus,Gordonvirus captnmurica,,dsDNA
Gordonvirus,1982152,,,,,,0.15,,,0.12,0.07,0.13,,,,,0.12,1667.0,Arthrobacter sp.,Duplodnaviria,Heunggongvirae,Uroviricota,Caudoviricetes,Caudoviricetes incertae sedis,Gordonvirus,Gordonvirus trustiboi,,dsDNA
Gordtnkvirus,1982218,,,,,,,,,,,0.01,,,,,,410332.0,Gordonia malaquae,Duplodnaviria,Heunggongvirae,Uroviricota,Caudoviricetes,Caudoviricetes incertae sedis,Gordtnkvirus,Gordtnkvirus gordtnk2,,dsDNA
Gordtnkvirus,1982218,,,,,,,,,,,0.01,,,,,,591913.0,Gordonia sp. G7,Duplodnaviria,Heunggongvirae,Uroviricota,Caudoviricetes,Caudoviricetes incertae sedis,Gordtnkvirus,Gordtnkvirus gordtnk2,,dsDNA
Gordtnkvirus,1982218,,,,,,,,,,,0.01,,,,,,692362.0,Gordonia sp. G1,Duplodnaviria,Heunggongvirae,Uroviricota,Caudoviricetes,Caudoviricetes incertae sedis,Gordtnkvirus,Gordtnkvirus gordtnk2,,dsDNA
Nipunavirus,1982239,,0.2,,,,,,,,0.06,0.05,,,,,,287.0,Pseudomonas aeruginosa,Duplodnaviria,Heunggongvirae,Uroviricota,Caudoviricetes,Caudoviricetes incertae sedis,Nipunavirus,Nipunavirus quinobequin,Nipunavirus NP1,dsDNA
Nipunavirus,1982239,,0.2,,,,,,,,0.06,0.05,,,,,,287.0,Pseudomonas aeruginosa,Duplodnaviria,Heunggongvirae,Uroviricota,Caudoviricetes,Caudoviricetes incertae sedis,Nipunavirus,Nipunavirus JG054,,dsDNA
Nipunavirus,1982239,,0.2,,,,,,,,0.06,0.05,,,,,,286.0,Pseudomonas,Duplodnaviria,Heunggongvirae,Uroviricota,Caudoviricetes,Caudoviricetes incertae sedis,Nipunavirus,Nipunavirus quinobequin,Nipunavirus NP1,dsDNA
Nipunavirus,1982239,,0.2,,,,,,,,0.06,0.05,,,,,,287.0,Pseudomonas aeruginosa,Duplodnaviria,Heunggongvirae,Uroviricota,Caudoviricetes,Caudoviricetes incertae sedis,Nipunavirus,Nipunavirus PaMx25,,dsDNA
Nipunavirus,1982239,,0.2,,,,,,,,0.06,0.05,,,,,,652611.0,Pseudomonas aeruginosa PA14,Duplodnaviria,Heunggongvirae,Uroviricota,Caudoviricetes,Caudoviricetes incertae sedis,Nipunavirus,unclassified Nipunavirus,,dsDNA
Nipunavirus,1982239,,0.2,,,,,,,,0.06,0.05,,,,,,287.0,Pseudomonas aeruginosa,Duplodnaviria,Heunggongvirae,Uroviricota,Caudoviricetes,Caudoviricetes incertae sedis,Nipunavirus,unclassified Nipunavirus,,dsDNA
Nipunavirus,1982239,,0.2,,,,,,,,0.06,0.05,,,,,,208963.0,Pseudomonas aeruginosa UCBPP-PA14,Duplodnaviria,Heunggongvirae,Uroviricota,Caudoviricetes,Caudoviricetes incertae sedis,Nipunavirus,Nipunavirus quinobequin,Nipunavirus NP1,dsDNA
Nipunavirus,1982239,,0.2,,,,,,,,0.06,0.05,,,,,,208964.0,Pseudomonas aeruginosa PAO1,Duplodnaviria,Heunggongvirae,Uroviricota,Caudoviricetes,Caudoviricetes incertae sedis,Nipunavirus,Nipunavirus PAJD1,,dsDNA
Nipunavirus,1982239,,0.2,,,,,,,,0.06,0.05,,,,,,195709.0,Xanthomonas arboricola pv. juglandis,Duplodnaviria,Heunggongvirae,Uroviricota,Caudoviricetes,Caudoviricetes incertae sedis,Nipunavirus,Nipunavirus Doca3,,dsDNA
Pahexavirus,1982251,,,,,,,,,,,0.02,,,,,,1747.0,Cutibacterium acnes,Duplodnaviria,Heunggongvirae,Uroviricota,Caudoviricetes,Caudoviricetes incertae sedis,Pahexavirus,unclassified Pahexavirus,,dsDNA
Pahexavirus,1982251,,,,,,,,,,,0.02,,,,,,1747.0,Cutibacterium acnes,Duplodnaviria,Heunggongvirae,Uroviricota,Caudoviricetes,Caudoviricetes incertae sedis,Pahexavirus,Pahexavirus ATCC29399BC,,dsDNA
Pahexavirus,1982251,,,,,,,,,,,0.02,,,,,,1734925.0,Cutibacterium acnes subsp. acnes,Duplodnaviria,Heunggongvirae,Uroviricota,Caudoviricetes,Caudoviricetes incertae sedis,Pahexavirus,unclassified Pahexavirus,,dsDNA
Pahexavirus,1982251,,,,,,,,,,,0.02,,,,,,1743.0,Propionibacterium,Duplodnaviria,Heunggongvirae,Uroviricota,Caudoviricetes,Caudoviricetes incertae sedis,Pahexavirus,unclassified Pahexavirus,,dsDNA
Pahexavirus,1982251,,,,,,,,,,,0.02,,,,,,1747.0,Cutibacterium acnes,Duplodnaviria,Heunggongvirae,Uroviricota,Caudoviricetes,Caudoviricetes incertae sedis,Pahexavirus,Pahexavirus ATCC29399BT,,dsDNA
Pahexavirus,1982251,,,,,,,,,,,0.02,,,,,,1747.0,Cutibacterium acnes,Duplodnaviria,Heunggongvirae,Uroviricota,Caudoviricetes,Caudoviricetes incertae sedis,Pahexavirus,Pahexavirus attacne,,dsDNA
Pahexavirus,1982251,,,,,,,,,,,0.02,,,,,,1747.0,Cutibacterium acnes,Duplodnaviria,Heunggongvirae,Uroviricota,Caudoviricetes,Caudoviricetes incertae sedis,Pahexavirus,Pahexavirus keiki,,dsDNA
Pahexavirus,1982251,,,,,,,,,,,0.02,,,,,,1747.0,Cutibacterium acnes,Duplodnaviria,Heunggongvirae,Uroviricota,Caudoviricetes,Caudoviricetes incertae sedis,Pahexavirus,Pahexavirus kubed,,dsDNA
Pahexavirus,1982251,,,,,,,,,,,0.02,,,,,,1747.0,Cutibacterium acnes,Duplodnaviria,Heunggongvirae,Uroviricota,Caudoviricetes,Caudoviricetes incertae sedis,Pahexavirus,Pahexavirus lauchelly,,dsDNA
Pahexavirus,1982251,,,,,,,,,,,0.02,,,,,,1747.0,Cutibacterium acnes,Duplodnaviria,Heunggongvirae,Uroviricota,Caudoviricetes,Caudoviricetes incertae sedis,Pahexavirus,Pahexavirus mrAK,,dsDNA
Pahexavirus,1982251,,,,,,,,,,,0.02,,,,,,1747.0,Cutibacterium acnes,Duplodnaviria,Heunggongvirae,Uroviricota,Caudoviricetes,Caudoviricetes incertae sedis,Pahexavirus,Pahexavirus ouroboros,,dsDNA
Pahexavirus,1982251,,,,,,,,,,,0.02,,,,,,1747.0,Cutibacterium acnes,Duplodnaviria,Heunggongvirae,Uroviricota,Caudoviricetes,Caudoviricetes incertae sedis,Pahexavirus,Pahexavirus P11,,dsDNA
Pahexavirus,1982251,,,,,,,,,,,0.02,,,,,,1747.0,Cutibacterium acnes,Duplodnaviria,Heunggongvirae,Uroviricota,Caudoviricetes,Caudoviricetes incertae sedis,Pahexavirus,Pahexavirus P100D,,dsDNA
Pahexavirus,1982251,,,,,,,,,,,0.02,,,,,,1747.0,Cutibacterium acnes,Duplodnaviria,Heunggongvirae,Uroviricota,Caudoviricetes,Caudoviricetes incertae sedis,Pahexavirus,Pahexavirus P1001,,dsDNA
Pahexavirus,1982251,,,,,,,,,,,0.02,,,,,,1747.0,Cutibacterium acnes,Duplodnaviria,Heunggongvirae,Uroviricota,Caudoviricetes,Caudoviricetes incertae sedis,Pahexavirus,Pahexavirus P100A,,dsDNA
Pahexavirus,1982251,,,,,,,,,,,0.02,,,,,,1747.0,Cutibacterium acnes,Duplodnaviria,Heunggongvirae,Uroviricota,Caudoviricetes,Caudoviricetes incertae sedis,Pahexavirus,Pahexavirus P101A,,dsDNA
Pahexavirus,1982251,,,,,,,,,,,0.02,,,,,,1747.0,Cutibacterium acnes,Duplodnaviria,Heunggongvirae,Uroviricota,Caudoviricetes,Caudoviricetes incertae sedis,Pahexavirus,Pahexavirus P104A,,dsDNA
Pahexavirus,1982251,,,,,,,,,,,0.02,,,,,,1747.0,Cutibacterium acnes,Duplodnaviria,Heunggongvirae,Uroviricota,Caudoviricetes,Caudoviricetes incertae sedis,Pahexavirus,Pahexavirus P105,,dsDNA
Pahexavirus,1982251,,,,,,,,,,,0.02,,,,,,1747.0,Cutibacterium acnes,Duplodnaviria,Heunggongvirae,Uroviricota,Caudoviricetes,Caudoviricetes incertae sedis,Pahexavirus,Pahexavirus P144,,dsDNA
Pahexavirus,1982251,,,,,,,,,,,0.02,,,,,,1747.0,Cutibacterium acnes,Duplodnaviria,Heunggongvirae,Uroviricota,Caudoviricetes,Caudoviricetes incertae sedis,Pahexavirus,Pahexavirus P91,,dsDNA
Pahexavirus,1982251,,,,,,,,,,,0.02,,,,,,1747.0,Cutibacterium acnes,Duplodnaviria,Heunggongvirae,Uroviricota,Caudoviricetes,Caudoviricetes incertae sedis,Pahexavirus,Pahexavirus PA6,,dsDNA
Pahexavirus,1982251,,,,,,,,,,,0.02,,,,,,1747.0,Cutibacterium acnes,Duplodnaviria,Heunggongvirae,Uroviricota,Caudoviricetes,Caudoviricetes incertae sedis,Pahexavirus,Pahexavirus pacnes201215,,dsDNA
Pahexavirus,1982251,,,,,,,,,,,0.02,,,,,,1091045.0,Cutibacterium acnes subsp. defendens ATCC 11828,Duplodnaviria,Heunggongvirae,Uroviricota,Caudoviricetes,Caudoviricetes incertae sedis,Pahexavirus,unclassified Pahexavirus,,dsDNA
Pahexavirus,1982251,,,,,,,,,,,0.02,,,,,,1091045.0,Cutibacterium acnes subsp. defendens ATCC 11828,Duplodnaviria,Heunggongvirae,Uroviricota,Caudoviricetes,Caudoviricetes incertae sedis,Pahexavirus,Pahexavirus pacnes201215,,dsDNA
Pahexavirus,1982251,,,,,,,,,,,0.02,,,,,,1747.0,Cutibacterium acnes,Duplodnaviria,Heunggongvirae,Uroviricota,Caudoviricetes,Caudoviricetes incertae sedis,Pahexavirus,Pahexavirus PAD20,,dsDNA
Pahexavirus,1982251,,,,,,,,,,,0.02,,,,,,1747.0,Cutibacterium acnes,Duplodnaviria,Heunggongvirae,Uroviricota,Caudoviricetes,Caudoviricetes incertae sedis,Pahexavirus,Pahexavirus PAS50,,dsDNA
Pahexavirus,1982251,,,,,,,,,,,0.02,,,,,,1747.0,Cutibacterium acnes,Duplodnaviria,Heunggongvirae,Uroviricota,Caudoviricetes,Caudoviricetes incertae sedis,Pahexavirus,Pahexavirus PHL082M03,,dsDNA
Pahexavirus,1982251,,,,,,,,,,,0.02,,,,,,1747.0,Cutibacterium acnes,Duplodnaviria,Heunggongvirae,Uroviricota,Caudoviricetes,Caudoviricetes incertae sedis,Pahexavirus,Pahexavirus PHL009M11,,dsDNA
Pahexavirus,1982251,,,,,,,,,,,0.02,,,,,,1747.0,Cutibacterium acnes,Duplodnaviria,Heunggongvirae,Uroviricota,Caudoviricetes,Caudoviricetes incertae sedis,Pahexavirus,Pahexavirus PHL151N00,,dsDNA
Pahexavirus,1982251,,,,,,,,,,,0.02,,,,,,1747.0,Cutibacterium acnes,Duplodnaviria,Heunggongvirae,Uroviricota,Caudoviricetes,Caudoviricetes incertae sedis,Pahexavirus,Pahexavirus PHL025M00,,dsDNA
Pahexavirus,1982251,,,,,,,,,,,0.02,,,,,,1747.0,Cutibacterium acnes,Duplodnaviria,Heunggongvirae,Uroviricota,Caudoviricetes,Caudoviricetes incertae sedis,Pahexavirus,Pahexavirus PHL117M01,,dsDNA
Pahexavirus,1982251,,,,,,,,,,,0.02,,,,,,1747.0,Cutibacterium acnes,Duplodnaviria,Heunggongvirae,Uroviricota,Caudoviricetes,Caudoviricetes incertae sedis,Pahexavirus,Pahexavirus PHL037M02,,dsDNA
Pahexavirus,1982251,,,,,,,,,,,0.02,,,,,,1747.0,Cutibacterium acnes,Duplodnaviria,Heunggongvirae,Uroviricota,Caudoviricetes,Caudoviricetes incertae sedis,Pahexavirus,Pahexavirus PHL041M10,,dsDNA
Pahexavirus,1982251,,,,,,,,,,,0.02,,,,,,1747.0,Cutibacterium acnes,Duplodnaviria,Heunggongvirae,Uroviricota,Caudoviricetes,Caudoviricetes incertae sedis,Pahexavirus,Pahexavirus PHL117M00,,dsDNA
Pahexavirus,1982251,,,,,,,,,,,0.02,,,,,,1747.0,Cutibacterium acnes,Duplodnaviria,Heunggongvirae,Uroviricota,Caudoviricetes,Caudoviricetes incertae sedis,Pahexavirus,Pahexavirus PHL060L00,,dsDNA
Pahexavirus,1982251,,,,,,,,,,,0.02,,,,,,1747.0,Cutibacterium acnes,Duplodnaviria,Heunggongvirae,Uroviricota,Caudoviricetes,Caudoviricetes incertae sedis,Pahexavirus,Pahexavirus PHL067M01,,dsDNA
Pahexavirus,1982251,,,,,,,,,,,0.02,,,,,,1747.0,Cutibacterium acnes,Duplodnaviria,Heunggongvirae,Uroviricota,Caudoviricetes,Caudoviricetes incertae sedis,Pahexavirus,Pahexavirus PHL070N00,,dsDNA
Pahexavirus,1982251,,,,,,,,,,,0.02,,,,,,1747.0,Cutibacterium acnes,Duplodnaviria,Heunggongvirae,Uroviricota,Caudoviricetes,Caudoviricetes incertae sedis,Pahexavirus,Pahexavirus PHL071N05,,dsDNA
Pahexavirus,1982251,,,,,,,,,,,0.02,,,,,,1747.0,Cutibacterium acnes,Duplodnaviria,Heunggongvirae,Uroviricota,Caudoviricetes,Caudoviricetes incertae sedis,Pahexavirus,Pahexavirus PHL092M00,,dsDNA
Pahexavirus,1982251,,,,,,,,,,,0.02,,,,,,1747.0,Cutibacterium acnes,Duplodnaviria,Heunggongvirae,Uroviricota,Caudoviricetes,Caudoviricetes incertae sedis,Pahexavirus,Pahexavirus PHL095N00,,dsDNA
Pahexavirus,1982251,,,,,,,,,,,0.02,,,,,,1747.0,Cutibacterium acnes,Duplodnaviria,Heunggongvirae,Uroviricota,Caudoviricetes,Caudoviricetes incertae sedis,Pahexavirus,Pahexavirus PHL111M01,,dsDNA
Pahexavirus,1982251,,,,,,,,,,,0.02,,,,,,1747.0,Cutibacterium acnes,Duplodnaviria,Heunggongvirae,Uroviricota,Caudoviricetes,Caudoviricetes incertae sedis,Pahexavirus,Pahexavirus PHL112N00,,dsDNA
Pahexavirus,1982251,,,,,,,,,,,0.02,,,,,,1747.0,Cutibacterium acnes,Duplodnaviria,Heunggongvirae,Uroviricota,Caudoviricetes,Caudoviricetes incertae sedis,Pahexavirus,Pahexavirus PHL113M01,,dsDNA
Pahexavirus,1982251,,,,,,,,,,,0.02,,,,,,1747.0,Cutibacterium acnes,Duplodnaviria,Heunggongvirae,Uroviricota,Caudoviricetes,Caudoviricetes incertae sedis,Pahexavirus,Pahexavirus PHL114L00,,dsDNA
Pahexavirus,1982251,,,,,,,,,,,0.02,,,,,,1747.0,Cutibacterium acnes,Duplodnaviria,Heunggongvirae,Uroviricota,Caudoviricetes,Caudoviricetes incertae sedis,Pahexavirus,Pahexavirus PHL116M00,,dsDNA
Pahexavirus,1982251,,,,,,,,,,,0.02,,,,,,1747.0,Cutibacterium acnes,Duplodnaviria,Heunggongvirae,Uroviricota,Caudoviricetes,Caudoviricetes incertae sedis,Pahexavirus,Pahexavirus PHL132N00,,dsDNA
Pahexavirus,1982251,,,,,,,,,,,0.02,,,,,,1747.0,Cutibacterium acnes,Duplodnaviria,Heunggongvirae,Uroviricota,Caudoviricetes,Caudoviricetes incertae sedis,Pahexavirus,Pahexavirus PHL141N00,,dsDNA
Pahexavirus,1982251,,,,,,,,,,,0.02,,,,,,1747.0,Cutibacterium acnes,Duplodnaviria,Heunggongvirae,Uroviricota,Caudoviricetes,Caudoviricetes incertae sedis,Pahexavirus,Pahexavirus PHL308M00,,dsDNA
Pahexavirus,1982251,,,,,,,,,,,0.02,,,,,,1747.0,Cutibacterium acnes,Duplodnaviria,Heunggongvirae,Uroviricota,Caudoviricetes,Caudoviricetes incertae sedis,Pahexavirus,Pahexavirus PHL151M00,,dsDNA
Pahexavirus,1982251,,,,,,,,,,,0.02,,,,,,1747.0,Cutibacterium acnes,Duplodnaviria,Heunggongvirae,Uroviricota,Caudoviricetes,Caudoviricetes incertae sedis,Pahexavirus,Pahexavirus PHL152M00,,dsDNA
Pahexavirus,1982251,,,,,,,,,,,0.02,,,,,,1747.0,Cutibacterium acnes,Duplodnaviria,Heunggongvirae,Uroviricota,Caudoviricetes,Caudoviricetes incertae sedis,Pahexavirus,Pahexavirus PHL163M00,,dsDNA
Pahexavirus,1982251,,,,,,,,,,,0.02,,,,,,1747.0,Cutibacterium acnes,Duplodnaviria,Heunggongvirae,Uroviricota,Caudoviricetes,Caudoviricetes incertae sedis,Pahexavirus,Pahexavirus PHL171M01,,dsDNA
Pahexavirus,1982251,,,,,,,,,,,0.02,,,,,,1747.0,Cutibacterium acnes,Duplodnaviria,Heunggongvirae,Uroviricota,Caudoviricetes,Caudoviricetes incertae sedis,Pahexavirus,Pahexavirus PHL179M00,,dsDNA
Pahexavirus,1982251,,,,,,,,,,,0.02,,,,,,1747.0,Cutibacterium acnes,Duplodnaviria,Heunggongvirae,Uroviricota,Caudoviricetes,Caudoviricetes incertae sedis,Pahexavirus,Pahexavirus PHL194M00,,dsDNA
Pahexavirus,1982251,,,,,,,,,,,0.02,,,,,,1747.0,Cutibacterium acnes,Duplodnaviria,Heunggongvirae,Uroviricota,Caudoviricetes,Caudoviricetes incertae sedis,Pahexavirus,Pahexavirus PHL199M00,,dsDNA
Pahexavirus,1982251,,,,,,,,,,,0.02,,,,,,1747.0,Cutibacterium acnes,Duplodnaviria,Heunggongvirae,Uroviricota,Caudoviricetes,Caudoviricetes incertae sedis,Pahexavirus,Pahexavirus PHL301M00,,dsDNA
Pahexavirus,1982251,,,,,,,,,,,0.02,,,,,,1747.0,Cutibacterium acnes,Duplodnaviria,Heunggongvirae,Uroviricota,Caudoviricetes,Caudoviricetes incertae sedis,Pahexavirus,Pahexavirus pirate,,dsDNA
Pahexavirus,1982251,,,,,,,,,,,0.02,,,,,,1747.0,Cutibacterium acnes,Duplodnaviria,Heunggongvirae,Uroviricota,Caudoviricetes,Caudoviricetes incertae sedis,Pahexavirus,Pahexavirus procrass1,,dsDNA
Pahexavirus,1982251,,,,,,,,,,,0.02,,,,,,1747.0,Cutibacterium acnes,Duplodnaviria,Heunggongvirae,Uroviricota,Caudoviricetes,Caudoviricetes incertae sedis,Pahexavirus,Pahexavirus SKKY,,dsDNA
Pahexavirus,1982251,,,,,,,,,,,0.02,,,,,,1747.0,Cutibacterium acnes,Duplodnaviria,Heunggongvirae,Uroviricota,Caudoviricetes,Caudoviricetes incertae sedis,Pahexavirus,Pahexavirus solid,,dsDNA
Pahexavirus,1982251,,,,,,,,,,,0.02,,,,,,1747.0,Cutibacterium acnes,Duplodnaviria,Heunggongvirae,Uroviricota,Caudoviricetes,Caudoviricetes incertae sedis,Pahexavirus,Pahexavirus stormborn,,dsDNA
Pahexavirus,1982251,,,,,,,,,,,0.02,,,,,,1747.0,Cutibacterium acnes,Duplodnaviria,Heunggongvirae,Uroviricota,Caudoviricetes,Caudoviricetes incertae sedis,Pahexavirus,Pahexavirus wizzo,,dsDNA
Pepyhexavirus,1982367,,,0.09,,,0.17,,,0.14,0.13,0.17,,,0.08,,0.11,1827.0,Rhodococcus,Duplodnaviria,Heunggongvirae,Uroviricota,Caudoviricetes,Caudoviricetes incertae sedis,Pepyhexavirus,Pepyhexavirus pepy6,,dsDNA
Pepyhexavirus,1982367,,,0.09,,,0.17,,,0.14,0.13,0.17,,,0.08,,0.11,1256785.0,Rhodococcus sp. S2,Duplodnaviria,Heunggongvirae,Uroviricota,Caudoviricetes,Caudoviricetes incertae sedis,Pepyhexavirus,Pepyhexavirus pepy6,,dsDNA
Pepyhexavirus,1982367,,,0.09,,,0.17,,,0.14,0.13,0.17,,,0.08,,0.11,1827.0,Rhodococcus,Duplodnaviria,Heunggongvirae,Uroviricota,Caudoviricetes,Caudoviricetes incertae sedis,Pepyhexavirus,Pepyhexavirus poco6,,dsDNA
Roufvirus,1982370,,,,,,,,0.13,,,,,,,,,728059.0,Aeromonas sp. IS4,Duplodnaviria,Heunggongvirae,Uroviricota,Caudoviricetes,Caudoviricetes incertae sedis,Roufvirus,Roufvirus pIS4A,,dsDNA
Roufvirus,1982370,,,,,,,,0.13,,,,,,,,,728064.0,Vibrio sp. YD38,Duplodnaviria,Heunggongvirae,Uroviricota,Caudoviricetes,Caudoviricetes incertae sedis,Roufvirus,Roufvirus pIS4A,,dsDNA
Johnsonvirus,1982576,,,,,,,,,,,0.02,,,,,,552.0,Erwinia amylovora,Duplodnaviria,Heunggongvirae,Uroviricota,Caudoviricetes,Caudoviricetes incertae sedis,Schitoviridae,Erskinevirinae,Johnsonvirus,dsDNA
Johnsonvirus,1982576,,,,,,,,,,,0.02,,,,,,551.0,Erwinia,Duplodnaviria,Heunggongvirae,Uroviricota,Caudoviricetes,Caudoviricetes incertae sedis,Schitoviridae,Erskinevirinae,Johnsonvirus,dsDNA
Likavirus,1982880,,,,,,,,,,,0.03,,,,,,1911.0,Streptomyces griseus,Duplodnaviria,Heunggongvirae,Uroviricota,Caudoviricetes,Caudoviricetes incertae sedis,Likavirus,Likavirus aaronocolus,,dsDNA
Likavirus,1982880,,,,,,,,,,,0.03,,,,,,1911.0,Streptomyces griseus,Duplodnaviria,Heunggongvirae,Uroviricota,Caudoviricetes,Caudoviricetes incertae sedis,Likavirus,unclassified Likavirus,,dsDNA
Likavirus,1982880,,,,,,,,,,,0.03,,,,,,1916.0,Streptomyces lividans,Duplodnaviria,Heunggongvirae,Uroviricota,Caudoviricetes,Caudoviricetes incertae sedis,Likavirus,unclassified Likavirus,,dsDNA
Likavirus,1982880,,,,,,,,,,,0.03,,,,,,67384.0,Streptomyces xanthochromogenes,Duplodnaviria,Heunggongvirae,Uroviricota,Caudoviricetes,Caudoviricetes incertae sedis,Likavirus,Likavirus caliburn,,dsDNA
Likavirus,1982880,,,,,,,,,,,0.03,,,,,,953739.0,Streptomyces venezuelae ATCC 10712,Duplodnaviria,Heunggongvirae,Uroviricota,Caudoviricetes,Caudoviricetes incertae sedis,Likavirus,Likavirus danzina,,dsDNA
Likavirus,1982880,,,,,,,,,,,0.03,,,,,,1911.0,Streptomyces griseus,Duplodnaviria,Heunggongvirae,Uroviricota,Caudoviricetes,Caudoviricetes incertae sedis,Likavirus,Likavirus izzy,,dsDNA
Likavirus,1982880,,,,,,,,,,,0.03,,,,,,1911.0,Streptomyces griseus,Duplodnaviria,Heunggongvirae,Uroviricota,Caudoviricetes,Caudoviricetes incertae sedis,Likavirus,Likavirus caliburn,,dsDNA
Likavirus,1982880,,,,,,,,,,,0.03,,,,,,67384.0,Streptomyces xanthochromogenes,Duplodnaviria,Heunggongvirae,Uroviricota,Caudoviricetes,Caudoviricetes incertae sedis,Likavirus,Likavirus zemlya,,dsDNA
Likavirus,1982880,,,,,,,,,,,0.03,,,,,,953739.0,Streptomyces venezuelae ATCC 10712,Duplodnaviria,Heunggongvirae,Uroviricota,Caudoviricetes,Caudoviricetes incertae sedis,Likavirus,unclassified Likavirus,,dsDNA
Likavirus,1982880,,,,,,,,,,,0.03,,,,,,67384.0,Streptomyces xanthochromogenes,Duplodnaviria,Heunggongvirae,Uroviricota,Caudoviricetes,Caudoviricetes incertae sedis,Likavirus,Likavirus aaronocolus,,dsDNA
Likavirus,1982880,,,,,,,,,,,0.03,,,,,,67369.0,Streptomyces toxytricini,Duplodnaviria,Heunggongvirae,Uroviricota,Caudoviricetes,Caudoviricetes incertae sedis,Likavirus,Likavirus goby,,dsDNA
Likavirus,1982880,,,,,,,,,,,0.03,,,,,,953739.0,Streptomyces venezuelae ATCC 10712,Duplodnaviria,Heunggongvirae,Uroviricota,Caudoviricetes,Caudoviricetes incertae sedis,Likavirus,Likavirus lika,,dsDNA
Likavirus,1982880,,,,,,,,,,,0.03,,,,,,1911.0,Streptomyces griseus,Duplodnaviria,Heunggongvirae,Uroviricota,Caudoviricetes,Caudoviricetes incertae sedis,Likavirus,Likavirus hydra,,dsDNA
Likavirus,1982880,,,,,,,,,,,0.03,,,,,,953739.0,Streptomyces venezuelae ATCC 10712,Duplodnaviria,Heunggongvirae,Uroviricota,Caudoviricetes,Caudoviricetes incertae sedis,Likavirus,Likavirus lannister,,dsDNA
Likavirus,1982880,,,,,,,,,,,0.03,,,,,,1916.0,Streptomyces lividans,Duplodnaviria,Heunggongvirae,Uroviricota,Caudoviricetes,Caudoviricetes incertae sedis,Likavirus,Likavirus lika,,dsDNA
Likavirus,1982880,,,,,,,,,,,0.03,,,,,,67263.0,Streptomyces griseus subsp. griseus,Duplodnaviria,Heunggongvirae,Uroviricota,Caudoviricetes,Caudoviricetes incertae sedis,Likavirus,Likavirus lorelei,,dsDNA
Likavirus,1982880,,,,,,,,,,,0.03,,,,,,67384.0,Streptomyces xanthochromogenes,Duplodnaviria,Heunggongvirae,Uroviricota,Caudoviricetes,Caudoviricetes incertae sedis,Likavirus,unclassified Likavirus,,dsDNA
Likavirus,1982880,,,,,,,,,,,0.03,,,,,,1911.0,Streptomyces griseus,Duplodnaviria,Heunggongvirae,Uroviricota,Caudoviricetes,Caudoviricetes incertae sedis,Likavirus,Likavirus nanodon,,dsDNA
Likavirus,1982880,,,,,,,,,,,0.03,,,,,,67384.0,Streptomyces xanthochromogenes,Duplodnaviria,Heunggongvirae,Uroviricota,Caudoviricetes,Caudoviricetes incertae sedis,Likavirus,Likavirus izzy,,dsDNA
Likavirus,1982880,,,,,,,,,,,0.03,,,,,,146922.0,Streptomyces griseofuscus,Duplodnaviria,Heunggongvirae,Uroviricota,Caudoviricetes,Caudoviricetes incertae sedis,Likavirus,Likavirus aaronocolus,,dsDNA
Likavirus,1982880,,,,,,,,,,,0.03,,,,,,1902.0,Streptomyces coelicolor,Duplodnaviria,Heunggongvirae,Uroviricota,Caudoviricetes,Caudoviricetes incertae sedis,Likavirus,unclassified Likavirus,,dsDNA
Likavirus,1982880,,,,,,,,,,,0.03,,,,,,68277.0,Streptomyces tricolor,Duplodnaviria,Heunggongvirae,Uroviricota,Caudoviricetes,Caudoviricetes incertae sedis,Likavirus,Likavirus izzy,,dsDNA
Likavirus,1982880,,,,,,,,,,,0.03,,,,,,1916.0,Streptomyces lividans,Duplodnaviria,Heunggongvirae,Uroviricota,Caudoviricetes,Caudoviricetes incertae sedis,Likavirus,Likavirus sujidade,,dsDNA
Likavirus,1982880,,,,,,,,,,,0.03,,,,,,67369.0,Streptomyces toxytricini,Duplodnaviria,Heunggongvirae,Uroviricota,Caudoviricetes,Caudoviricetes incertae sedis,Likavirus,unclassified Likavirus,,dsDNA
Likavirus,1982880,,,,,,,,,,,0.03,,,,,,1916.0,Streptomyces lividans,Duplodnaviria,Heunggongvirae,Uroviricota,Caudoviricetes,Caudoviricetes incertae sedis,Likavirus,Likavirus werner,,dsDNA
Likavirus,1982880,,,,,,,,,,,0.03,,,,,,1911.0,Streptomyces griseus,Duplodnaviria,Heunggongvirae,Uroviricota,Caudoviricetes,Caudoviricetes incertae sedis,Likavirus,Likavirus yasdnil,,dsDNA
Likavirus,1982880,,,,,,,,,,,0.03,,,,,,1916.0,Streptomyces lividans,Duplodnaviria,Heunggongvirae,Uroviricota,Caudoviricetes,Caudoviricetes incertae sedis,Likavirus,Likavirus zemlya,,dsDNA
Fishburnevirus,1983734,,,,,,,,,,,0.12,,,,,,246196.0,Mycolicibacterium smegmatis MC2 155,Duplodnaviria,Heunggongvirae,Uroviricota,Caudoviricetes,Caudoviricetes incertae sedis,Fishburnevirus,Fishburnevirus arib1,,dsDNA
Fishburnevirus,1983734,,,,,,,,,,,0.12,,,,,,246196.0,Mycolicibacterium smegmatis MC2 155,Duplodnaviria,Heunggongvirae,Uroviricota,Caudoviricetes,Caudoviricetes incertae sedis,Fishburnevirus,Fishburnevirus atcoo,,dsDNA
Fishburnevirus,1983734,,,,,,,,,,,0.12,,,,,,246196.0,Mycolicibacterium smegmatis MC2 155,Duplodnaviria,Heunggongvirae,Uroviricota,Caudoviricetes,Caudoviricetes incertae sedis,Fishburnevirus,Fishburnevirus bartholomew,,dsDNA
Fishburnevirus,1983734,,,,,,,,,,,0.12,,,,,,246196.0,Mycolicibacterium smegmatis MC2 155,Duplodnaviria,Heunggongvirae,Uroviricota,Caudoviricetes,Caudoviricetes incertae sedis,Fishburnevirus,unclassified Fishburnevirus,,dsDNA
Fishburnevirus,1983734,,,,,,,,,,,0.12,,,,,,246196.0,Mycolicibacterium smegmatis MC2 155,Duplodnaviria,Heunggongvirae,Uroviricota,Caudoviricetes,Caudoviricetes incertae sedis,Fishburnevirus,Fishburnevirus brusacoram,,dsDNA
Fishburnevirus,1983734,,,,,,,,,,,0.12,,,,,,1763.0,Mycobacterium,Duplodnaviria,Heunggongvirae,Uroviricota,Caudoviricetes,Caudoviricetes incertae sedis,Fishburnevirus,unclassified Fishburnevirus,,dsDNA
Fishburnevirus,1983734,,,,,,,,,,,0.12,,,,,,246196.0,Mycolicibacterium smegmatis MC2 155,Duplodnaviria,Heunggongvirae,Uroviricota,Caudoviricetes,Caudoviricetes incertae sedis,Fishburnevirus,Fishburnevirus malithi,,dsDNA
Fishburnevirus,1983734,,,,,,,,,,,0.12,,,,,,246196.0,Mycolicibacterium smegmatis MC2 155,Duplodnaviria,Heunggongvirae,Uroviricota,Caudoviricetes,Caudoviricetes incertae sedis,Fishburnevirus,Fishburnevirus donovan,,dsDNA
Fishburnevirus,1983734,,,,,,,,,,,0.12,,,,,,1763.0,Mycobacterium,Duplodnaviria,Heunggongvirae,Uroviricota,Caudoviricetes,Caudoviricetes incertae sedis,Fishburnevirus,Fishburnevirus firstplacepfu,,dsDNA
Fishburnevirus,1983734,,,,,,,,,,,0.12,,,,,,246196.0,Mycolicibacterium smegmatis MC2 155,Duplodnaviria,Heunggongvirae,Uroviricota,Caudoviricetes,Caudoviricetes incertae sedis,Fishburnevirus,Fishburnevirus fishburne,,dsDNA
Fishburnevirus,1983734,,,,,,,,,,,0.12,,,,,,246196.0,Mycolicibacterium smegmatis MC2 155,Duplodnaviria,Heunggongvirae,Uroviricota,Caudoviricetes,Caudoviricetes incertae sedis,Fishburnevirus,Fishburnevirus greaselightnin,,dsDNA
Fishburnevirus,1983734,,,,,,,,,,,0.12,,,,,,246196.0,Mycolicibacterium smegmatis MC2 155,Duplodnaviria,Heunggongvirae,Uroviricota,Caudoviricetes,Caudoviricetes incertae sedis,Fishburnevirus,Fishburnevirus jebeks,,dsDNA
Fishburnevirus,1983734,,,,,,,,,,,0.12,,,,,,1763.0,Mycobacterium,Duplodnaviria,Heunggongvirae,Uroviricota,Caudoviricetes,Caudoviricetes incertae sedis,Fishburnevirus,Fishburnevirus jung,,dsDNA
Fishburnevirus,1983734,,,,,,,,,,,0.12,,,,,,246196.0,Mycolicibacterium smegmatis MC2 155,Duplodnaviria,Heunggongvirae,Uroviricota,Caudoviricetes,Caudoviricetes incertae sedis,Fishburnevirus,Fishburnevirus jung,,dsDNA
Fishburnevirus,1983734,,,,,,,,,,,0.12,,,,,,1772.0,Mycolicibacterium smegmatis,Duplodnaviria,Heunggongvirae,Uroviricota,Caudoviricetes,Caudoviricetes incertae sedis,Fishburnevirus,unclassified Fishburnevirus,,dsDNA
Fishburnevirus,1983734,,,,,,,,,,,0.12,,,,,,246196.0,Mycolicibacterium smegmatis MC2 155,Duplodnaviria,Heunggongvirae,Uroviricota,Caudoviricetes,Caudoviricetes incertae sedis,Fishburnevirus,Fishburnevirus kilkor,,dsDNA
Fishburnevirus,1983734,,,,,,,,,,,0.12,,,,,,246196.0,Mycolicibacterium smegmatis MC2 155,Duplodnaviria,Heunggongvirae,Uroviricota,Caudoviricetes,Caudoviricetes incertae sedis,Fishburnevirus,Fishburnevirus ksquared,,dsDNA
Fishburnevirus,1983734,,,,,,,,,,,0.12,,,,,,246196.0,Mycolicibacterium smegmatis MC2 155,Duplodnaviria,Heunggongvirae,Uroviricota,Caudoviricetes,Caudoviricetes incertae sedis,Fishburnevirus,Fishburnevirus majeke,,dsDNA
Fishburnevirus,1983734,,,,,,,,,,,0.12,,,,,,1785.0,Mycobacterium sp.,Duplodnaviria,Heunggongvirae,Uroviricota,Caudoviricetes,Caudoviricetes incertae sedis,Fishburnevirus,unclassified Fishburnevirus,,dsDNA
Fishburnevirus,1983734,,,,,,,,,,,0.12,,,,,,246196.0,Mycolicibacterium smegmatis MC2 155,Duplodnaviria,Heunggongvirae,Uroviricota,Caudoviricetes,Caudoviricetes incertae sedis,Fishburnevirus,Fishburnevirus shipwreck,,dsDNA
Fishburnevirus,1983734,,,,,,,,,,,0.12,,,,,,246196.0,Mycolicibacterium smegmatis MC2 155,Duplodnaviria,Heunggongvirae,Uroviricota,Caudoviricetes,Caudoviricetes incertae sedis,Fishburnevirus,Fishburnevirus willsammy,,dsDNA
Mooglevirus,1985303,,,,,,,,,0.17,,0.03,,,0.1,,0.08,546.0,Citrobacter freundii,Duplodnaviria,Heunggongvirae,Uroviricota,Caudoviricetes,Caudoviricetes incertae sedis,Andersonviridae,Ounavirinae,Mooglevirus,dsDNA
Mooglevirus,1985303,,,,,,,,,0.17,,0.03,,,0.1,,0.08,184912.0,Citrobacter sp. TSA-1,Duplodnaviria,Heunggongvirae,Uroviricota,Caudoviricetes,Caudoviricetes incertae sedis,Andersonviridae,Ounavirinae,Mooglevirus,dsDNA
Mooglevirus,1985303,,,,,,,,,0.17,,0.03,,,0.1,,0.08,57706.0,Citrobacter braakii,Duplodnaviria,Heunggongvirae,Uroviricota,Caudoviricetes,Caudoviricetes incertae sedis,Andersonviridae,Ounavirinae,Mooglevirus,dsDNA
Mooglevirus,1985303,,,,,,,,,0.17,,0.03,,,0.1,,0.08,562.0,Escherichia coli,Duplodnaviria,Heunggongvirae,Uroviricota,Caudoviricetes,Caudoviricetes incertae sedis,Andersonviridae,Ounavirinae,Mooglevirus,dsDNA
Mooglevirus,1985303,,,,,,,,,0.17,,0.03,,,0.1,,0.08,624.0,Shigella sonnei,Duplodnaviria,Heunggongvirae,Uroviricota,Caudoviricetes,Caudoviricetes incertae sedis,Andersonviridae,Ounavirinae,Mooglevirus,dsDNA
Mooglevirus,1985303,,,,,,,,,0.17,,0.03,,,0.1,,0.08,625.0,Shigella sp.,Duplodnaviria,Heunggongvirae,Uroviricota,Caudoviricetes,Caudoviricetes incertae sedis,Andersonviridae,Ounavirinae,Mooglevirus,dsDNA
Mooglevirus,1985303,,,,,,,,,0.17,,0.03,,,0.1,,0.08,622.0,Shigella dysenteriae,Duplodnaviria,Heunggongvirae,Uroviricota,Caudoviricetes,Caudoviricetes incertae sedis,Andersonviridae,Ounavirinae,Mooglevirus,dsDNA
Mooglevirus,1985303,,,,,,,,,0.17,,0.03,,,0.1,,0.08,623.0,Shigella flexneri,Duplodnaviria,Heunggongvirae,Uroviricota,Caudoviricetes,Caudoviricetes incertae sedis,Andersonviridae,Ounavirinae,Mooglevirus,dsDNA
Mooglevirus,1985303,,,,,,,,,0.17,,0.03,,,0.1,,0.08,621.0,Shigella boydii,Duplodnaviria,Heunggongvirae,Uroviricota,Caudoviricetes,Caudoviricetes incertae sedis,Andersonviridae,Ounavirinae,Mooglevirus,dsDNA
Jiaodavirus,1985325,,,,,,,,,0.17,,0.07,,,0.05,,,573.0,Klebsiella pneumoniae,Duplodnaviria,Heunggongvirae,Uroviricota,Caudoviricetes,Pantevenvirales,Straboviridae,Tevenvirinae,Jiaodavirus,dsDNA
Jiaodavirus,1985325,,,,,,,,,0.17,,0.07,,,0.05,,,1463165.0,Klebsiella quasipneumoniae,Duplodnaviria,Heunggongvirae,Uroviricota,Caudoviricetes,Pantevenvirales,Straboviridae,Tevenvirinae,Jiaodavirus,dsDNA
Jiaodavirus,1985325,,,,,,,,,0.17,,0.07,,,0.05,,,548.0,Klebsiella aerogenes,Duplodnaviria,Heunggongvirae,Uroviricota,Caudoviricetes,Pantevenvirales,Straboviridae,Tevenvirinae,Jiaodavirus,dsDNA
Jiaodavirus,1985325,,,,,,,,,0.17,,0.07,,,0.05,,,576.0,Klebsiella sp.,Duplodnaviria,Heunggongvirae,Uroviricota,Caudoviricetes,Pantevenvirales,Straboviridae,Tevenvirinae,Jiaodavirus,dsDNA
Jiaodavirus,1985325,,,,,,,,,0.17,,0.07,,,0.05,,,244366.0,Klebsiella variicola,Duplodnaviria,Heunggongvirae,Uroviricota,Caudoviricetes,Pantevenvirales,Straboviridae,Tevenvirinae,Jiaodavirus,dsDNA
Jiaodavirus,1985325,,,,,,,,,0.17,,0.07,,,0.05,,,2759708.0,Klebsiella sp. M5a1,Duplodnaviria,Heunggongvirae,Uroviricota,Caudoviricetes,Pantevenvirales,Straboviridae,Tevenvirinae,Jiaodavirus,dsDNA
Jiaodavirus,1985325,,,,,,,,,0.17,,0.07,,,0.05,,,570.0,Klebsiella,Duplodnaviria,Heunggongvirae,Uroviricota,Caudoviricetes,Pantevenvirales,Straboviridae,Tevenvirinae,Jiaodavirus,dsDNA
Jiaodavirus,1985325,,,,,,,,,0.17,,0.07,,,0.05,,,54291.0,Raoultella ornithinolytica,Duplodnaviria,Heunggongvirae,Uroviricota,Caudoviricetes,Pantevenvirales,Straboviridae,Tevenvirinae,Jiaodavirus,dsDNA
Jiaodavirus,1985325,,,,,,,,,0.17,,0.07,,,0.05,,,599.0,Salmonella sp.,Duplodnaviria,Heunggongvirae,Uroviricota,Caudoviricetes,Pantevenvirales,Straboviridae,Tevenvirinae,Jiaodavirus,dsDNA
Slopekvirus,1985328,,,,,,2.86,,,,0.08,2.47,,0.16,0.07,,,548.0,Klebsiella aerogenes,Duplodnaviria,Heunggongvirae,Uroviricota,Caudoviricetes,Pantevenvirales,Straboviridae,Slopekvirus,Slopekvirus eap3,dsDNA
Slopekvirus,1985328,,,,,,2.86,,,,0.08,2.47,,0.16,0.07,,,562.0,Escherichia coli,Duplodnaviria,Heunggongvirae,Uroviricota,Caudoviricetes,Pantevenvirales,Straboviridae,Slopekvirus,Slopekvirus pht4A,dsDNA
Slopekvirus,1985328,,,,,,2.86,,,,0.08,2.47,,0.16,0.07,,,573.0,Klebsiella pneumoniae,Duplodnaviria,Heunggongvirae,Uroviricota,Caudoviricetes,Pantevenvirales,Straboviridae,Slopekvirus,unclassified Slopekvirus,dsDNA
Slopekvirus,1985328,,,,,,2.86,,,,0.08,2.47,,0.16,0.07,,,576.0,Klebsiella sp.,Duplodnaviria,Heunggongvirae,Uroviricota,Caudoviricetes,Pantevenvirales,Straboviridae,Slopekvirus,unclassified Slopekvirus,dsDNA
Slopekvirus,1985328,,,,,,2.86,,,,0.08,2.47,,0.16,0.07,,,1134687.0,Klebsiella michiganensis,Duplodnaviria,Heunggongvirae,Uroviricota,Caudoviricetes,Pantevenvirales,Straboviridae,Slopekvirus,unclassified Slopekvirus,dsDNA
Slopekvirus,1985328,,,,,,2.86,,,,0.08,2.47,,0.16,0.07,,,1379687.0,Klebsiella pneumoniae subsp. pneumoniae BJ1-GA,Duplodnaviria,Heunggongvirae,Uroviricota,Caudoviricetes,Pantevenvirales,Straboviridae,Slopekvirus,unclassified Slopekvirus,dsDNA
Slopekvirus,1985328,,,,,,2.86,,,,0.08,2.47,,0.16,0.07,,,1420013.0,Klebsiella pneumoniae 30684/NJST258_2,Duplodnaviria,Heunggongvirae,Uroviricota,Caudoviricetes,Pantevenvirales,Straboviridae,Slopekvirus,unclassified Slopekvirus,dsDNA
Slopekvirus,1985328,,,,,,2.86,,,,0.08,2.47,,0.16,0.07,,,570.0,Klebsiella,Duplodnaviria,Heunggongvirae,Uroviricota,Caudoviricetes,Pantevenvirales,Straboviridae,Slopekvirus,unclassified Slopekvirus,dsDNA
Slopekvirus,1985328,,,,,,2.86,,,,0.08,2.47,,0.16,0.07,,,2759708.0,Klebsiella sp. M5a1,Duplodnaviria,Heunggongvirae,Uroviricota,Caudoviricetes,Pantevenvirales,Straboviridae,Slopekvirus,unclassified Slopekvirus,dsDNA
Slopekvirus,1985328,,,,,,2.86,,,,0.08,2.47,,0.16,0.07,,,575.0,Raoultella planticola,Duplodnaviria,Heunggongvirae,Uroviricota,Caudoviricetes,Pantevenvirales,Straboviridae,Slopekvirus,unclassified Slopekvirus,dsDNA
Moonvirus,1985329,,,,,,,,,,,0.02,,,,,,546.0,Citrobacter freundii,Duplodnaviria,Heunggongvirae,Uroviricota,Caudoviricetes,Pantevenvirales,Straboviridae,Tevenvirinae,Moonvirus,dsDNA
Moonvirus,1985329,,,,,,,,,,,0.02,,,,,,54388.0,Salmonella enterica subsp. enterica serovar Paratyphi A,Duplodnaviria,Heunggongvirae,Uroviricota,Caudoviricetes,Pantevenvirales,Straboviridae,Tevenvirinae,Moonvirus,dsDNA
Gemykrogvirus,1985367,2.68,0.16,,,0.51,,,0.19,,,0.02,0.16,0.17,0.19,,0.08,7460.0,Apis mellifera,Monodnaviria,Shotokuvirae,Cressdnaviricota,Repensiviricetes,Geplafuvirales,Genomoviridae,Gemykrogvirus,Gemykrogvirus apime1,
Gemykrogvirus,1985367,2.68,0.16,,,0.51,,,0.19,,,0.02,0.16,0.17,0.19,,0.08,9870.0,Rangifer tarandus,Monodnaviria,Shotokuvirae,Cressdnaviricota,Repensiviricetes,Geplafuvirales,Genomoviridae,Gemykrogvirus,Gemykrogvirus carib1,
Gemykrogvirus,1985367,2.68,0.16,,,0.51,,,0.19,,,0.02,0.16,0.17,0.19,,0.08,9031.0,Gallus gallus,Monodnaviria,Shotokuvirae,Cressdnaviricota,Repensiviricetes,Geplafuvirales,Genomoviridae,Gemykrogvirus,Gemykrogvirus galga5,
Gemykrogvirus,1985367,2.68,0.16,,,0.51,,,0.19,,,0.02,0.16,0.17,0.19,,0.08,9913.0,Bos taurus,Monodnaviria,Shotokuvirae,Cressdnaviricota,Repensiviricetes,Geplafuvirales,Genomoviridae,Gemykrogvirus,Gemykrogvirus bovas1,
Gemykrogvirus,1985367,2.68,0.16,,,0.51,,,0.19,,,0.02,0.16,0.17,0.19,,0.08,1.0,root,Monodnaviria,Shotokuvirae,Cressdnaviricota,Repensiviricetes,Geplafuvirales,Genomoviridae,Gemykrogvirus,Gemykrogvirus sewopo1,
Friunavirus,1985711,,,,,,,,0.11,,,0.04,,,0.77,,,470.0,Acinetobacter baumannii,Duplodnaviria,Heunggongvirae,Uroviricota,Caudoviricetes,Autographivirales,Autoscriptoviridae,Beijerinckvirinae,Friunavirus,dsDNA
Friunavirus,1985711,,,,,,,,0.11,,,0.04,,,0.77,,,1217628.0,Acinetobacter baumannii NIPH 70,Duplodnaviria,Heunggongvirae,Uroviricota,Caudoviricetes,Autographivirales,Autoscriptoviridae,Beijerinckvirinae,Friunavirus,dsDNA
Friunavirus,1985711,,,,,,,,0.11,,,0.04,,,0.77,,,469.0,Acinetobacter,Duplodnaviria,Heunggongvirae,Uroviricota,Caudoviricetes,Autographivirales,Autoscriptoviridae,Beijerinckvirinae,Friunavirus,dsDNA
Friunavirus,1985711,,,,,,,,0.11,,,0.04,,,0.77,,,1116235.0,Acinetobacter baumannii AB5256,Duplodnaviria,Heunggongvirae,Uroviricota,Caudoviricetes,Autographivirales,Autoscriptoviridae,Beijerinckvirinae,Friunavirus,dsDNA
Friunavirus,1985711,,,,,,,,0.11,,,0.04,,,0.77,,,405416.0,Acinetobacter baumannii ACICU,Duplodnaviria,Heunggongvirae,Uroviricota,Caudoviricetes,Autographivirales,Autoscriptoviridae,Beijerinckvirinae,Friunavirus,dsDNA
Friunavirus,1985711,,,,,,,,0.11,,,0.04,,,0.77,,,1217639.0,Acinetobacter baumannii NIPH 146,Duplodnaviria,Heunggongvirae,Uroviricota,Caudoviricetes,Autographivirales,Autoscriptoviridae,Beijerinckvirinae,Friunavirus,dsDNA
Friunavirus,1985711,,,,,,,,0.11,,,0.04,,,0.77,,,1217641.0,Acinetobacter baumannii NIPH 615,Duplodnaviria,Heunggongvirae,Uroviricota,Caudoviricetes,Autographivirales,Autoscriptoviridae,Beijerinckvirinae,Friunavirus,dsDNA
Friunavirus,1985711,,,,,,,,0.11,,,0.04,,,0.77,,,1217645.0,Acinetobacter baumannii NIPH 2061,Duplodnaviria,Heunggongvirae,Uroviricota,Caudoviricetes,Autographivirales,Autoscriptoviridae,Beijerinckvirinae,Friunavirus,dsDNA
Friunavirus,1985711,,,,,,,,0.11,,,0.04,,,0.77,,,106654.0,Acinetobacter nosocomialis,Duplodnaviria,Heunggongvirae,Uroviricota,Caudoviricetes,Autographivirales,Autoscriptoviridae,Beijerinckvirinae,Friunavirus,dsDNA
Friunavirus,1985711,,,,,,,,0.11,,,0.04,,,0.77,,,1280.0,Staphylococcus aureus,Duplodnaviria,Heunggongvirae,Uroviricota,Caudoviricetes,Autographivirales,Autoscriptoviridae,Beijerinckvirinae,Friunavirus,dsDNA
Friunavirus,1985711,,,,,,,,0.11,,,0.04,,,0.77,,,48296.0,Acinetobacter pittii,Duplodnaviria,Heunggongvirae,Uroviricota,Caudoviricetes,Autographivirales,Autoscriptoviridae,Beijerinckvirinae,Friunavirus,dsDNA
Friunavirus,1985711,,,,,,,,0.11,,,0.04,,,0.77,,,1217631.0,Acinetobacter baumannii NIPH 290,Duplodnaviria,Heunggongvirae,Uroviricota,Caudoviricetes,Autographivirales,Autoscriptoviridae,Beijerinckvirinae,Friunavirus,dsDNA
Friunavirus,1985711,,,,,,,,0.11,,,0.04,,,0.77,,,575584.0,Acinetobacter baumannii ATCC 19606 = CIP 70.34 = JCM 6841,Duplodnaviria,Heunggongvirae,Uroviricota,Caudoviricetes,Autographivirales,Autoscriptoviridae,Beijerinckvirinae,Friunavirus,dsDNA
Friunavirus,1985711,,,,,,,,0.11,,,0.04,,,0.77,,,,,Duplodnaviria,Heunggongvirae,Uroviricota,Caudoviricetes,Autographivirales,Autoscriptoviridae,Beijerinckvirinae,Friunavirus,dsDNA
Przondovirus,1985720,,2.0,0.18,0.52,0.7,7.64,23.76,0.33,0.8,0.17,10.39,0.79,0.2,0.27,0.1,0.4,573.0,Klebsiella pneumoniae,Duplodnaviria,Heunggongvirae,Uroviricota,Caudoviricetes,Autographivirales,Autotranscriptaviridae,Studiervirinae,Przondovirus,dsDNA
Przondovirus,1985720,,2.0,0.18,0.52,0.7,7.64,23.76,0.33,0.8,0.17,10.39,0.79,0.2,0.27,0.1,0.4,571.0,Klebsiella oxytoca,Duplodnaviria,Heunggongvirae,Uroviricota,Caudoviricetes,Autographivirales,Autotranscriptaviridae,Studiervirinae,Przondovirus,dsDNA
Przondovirus,1985720,,2.0,0.18,0.52,0.7,7.64,23.76,0.33,0.8,0.17,10.39,0.79,0.2,0.27,0.1,0.4,1134687.0,Klebsiella michiganensis,Duplodnaviria,Heunggongvirae,Uroviricota,Caudoviricetes,Autographivirales,Autotranscriptaviridae,Studiervirinae,Przondovirus,dsDNA
Przondovirus,1985720,,2.0,0.18,0.52,0.7,7.64,23.76,0.33,0.8,0.17,10.39,0.79,0.2,0.27,0.1,0.4,1205678.0,Klebsiella pneumoniae subsp. pneumoniae CIP 52.145 = B5055,Duplodnaviria,Heunggongvirae,Uroviricota,Caudoviricetes,Autographivirales,Autotranscriptaviridae,Studiervirinae,Przondovirus,dsDNA
Przondovirus,1985720,,2.0,0.18,0.52,0.7,7.64,23.76,0.33,0.8,0.17,10.39,0.79,0.2,0.27,0.1,0.4,72407.0,Klebsiella pneumoniae subsp. pneumoniae,Duplodnaviria,Heunggongvirae,Uroviricota,Caudoviricetes,Autographivirales,Autotranscriptaviridae,Studiervirinae,Przondovirus,dsDNA
Przondovirus,1985720,,2.0,0.18,0.52,0.7,7.64,23.76,0.33,0.8,0.17,10.39,0.79,0.2,0.27,0.1,0.4,570.0,Klebsiella,Duplodnaviria,Heunggongvirae,Uroviricota,Caudoviricetes,Autographivirales,Autotranscriptaviridae,Studiervirinae,Przondovirus,dsDNA
Przondovirus,1985720,,2.0,0.18,0.52,0.7,7.64,23.76,0.33,0.8,0.17,10.39,0.79,0.2,0.27,0.1,0.4,1497796.0,Klebsiella sp. 390,Duplodnaviria,Heunggongvirae,Uroviricota,Caudoviricetes,Autographivirales,Autotranscriptaviridae,Studiervirinae,Przondovirus,dsDNA
Przondovirus,1985720,,2.0,0.18,0.52,0.7,7.64,23.76,0.33,0.8,0.17,10.39,0.79,0.2,0.27,0.1,0.4,576.0,Klebsiella sp.,Duplodnaviria,Heunggongvirae,Uroviricota,Caudoviricetes,Autographivirales,Autotranscriptaviridae,Studiervirinae,Przondovirus,dsDNA
Przondovirus,1985720,,2.0,0.18,0.52,0.7,7.64,23.76,0.33,0.8,0.17,10.39,0.79,0.2,0.27,0.1,0.4,1316582.0,Klebsiella pneumoniae ATCC 43816,Duplodnaviria,Heunggongvirae,Uroviricota,Caudoviricetes,Autographivirales,Autotranscriptaviridae,Studiervirinae,Przondovirus,dsDNA
Przondovirus,1985720,,2.0,0.18,0.52,0.7,7.64,23.76,0.33,0.8,0.17,10.39,0.79,0.2,0.27,0.1,0.4,1463165.0,Klebsiella quasipneumoniae,Duplodnaviria,Heunggongvirae,Uroviricota,Caudoviricetes,Autographivirales,Autotranscriptaviridae,Studiervirinae,Przondovirus,dsDNA
Przondovirus,1985720,,2.0,0.18,0.52,0.7,7.64,23.76,0.33,0.8,0.17,10.39,0.79,0.2,0.27,0.1,0.4,244366.0,Klebsiella variicola,Duplodnaviria,Heunggongvirae,Uroviricota,Caudoviricetes,Autographivirales,Autotranscriptaviridae,Studiervirinae,Przondovirus,dsDNA
Przondovirus,1985720,,2.0,0.18,0.52,0.7,7.64,23.76,0.33,0.8,0.17,10.39,0.79,0.2,0.27,0.1,0.4,614.0,Serratia liquefaciens,Duplodnaviria,Heunggongvirae,Uroviricota,Caudoviricetes,Autographivirales,Autotranscriptaviridae,Studiervirinae,Przondovirus,dsDNA
Pradovirus,1985733,,0.17,,,0.16,,,0.12,0.16,0.23,0.14,,,0.11,0.06,0.09,456327.0,Xanthomonas euvesicatoria,Duplodnaviria,Heunggongvirae,Uroviricota,Caudoviricetes,Autographivirales,Autonotataviridae,Gujervirinae,Pradovirus,dsDNA
Pradovirus,1985733,,0.17,,,0.16,,,0.12,0.16,0.23,0.14,,,0.11,0.06,0.09,29446.0,Xanthomonas sp.,Duplodnaviria,Heunggongvirae,Uroviricota,Caudoviricetes,Autographivirales,Autonotataviridae,Gujervirinae,Pradovirus,dsDNA
Pradovirus,1985733,,0.17,,,0.16,,,0.12,0.16,0.23,0.14,,,0.11,0.06,0.09,195709.0,Xanthomonas arboricola pv. juglandis,Duplodnaviria,Heunggongvirae,Uroviricota,Caudoviricetes,Autographivirales,Autonotataviridae,Gujervirinae,Pradovirus,dsDNA
Pradovirus,1985733,,0.17,,,0.16,,,0.12,0.16,0.23,0.14,,,0.11,0.06,0.09,442694.0,Xanthomonas perforans,Duplodnaviria,Heunggongvirae,Uroviricota,Caudoviricetes,Autographivirales,Autonotataviridae,Gujervirinae,Pradovirus,dsDNA
Pradovirus,1985733,,0.17,,,0.16,,,0.12,0.16,0.23,0.14,,,0.11,0.06,0.09,339.0,Xanthomonas campestris,Duplodnaviria,Heunggongvirae,Uroviricota,Caudoviricetes,Autographivirales,Autonotataviridae,Gujervirinae,Pradovirus,dsDNA
Pradovirus,1985733,,0.17,,,0.16,,,0.12,0.16,0.23,0.14,,,0.11,0.06,0.09,64187.0,Xanthomonas oryzae pv. oryzae,Duplodnaviria,Heunggongvirae,Uroviricota,Caudoviricetes,Autographivirales,Autonotataviridae,Gujervirinae,Pradovirus,dsDNA
Pandoravirus,2060084,,,,,,,,,,,0.13,,,,0.15,,,,,,,,,,,,
Tupanvirus,2094720,,,0.25,,,0.21,,,,0.16,0.14,,,0.06,0.19,0.11,5756.0,Acanthamoeba sp.,Varidnaviria,Bamfordvirae,Nucleocytoviricota,Megaviricetes,Imitervirales,Mimiviridae,Megamimivirinae,Tupanvirus,
Agtrevirus,2169532,,,,,,,,0.13,0.21,,0.04,,,0.19,,0.1,61645.0,Enterobacter asburiae,Duplodnaviria,Heunggongvirae,Uroviricota,Caudoviricetes,Pantevenvirales,Ackermannviridae,Aglimvirinae,Agtrevirus,dsDNA
Agtrevirus,2169532,,,,,,,,0.13,0.21,,0.04,,,0.19,,0.1,590.0,Salmonella,Duplodnaviria,Heunggongvirae,Uroviricota,Caudoviricetes,Pantevenvirales,Ackermannviridae,Aglimvirinae,Agtrevirus,dsDNA
Agtrevirus,2169532,,,,,,,,0.13,0.21,,0.04,,,0.19,,0.1,599.0,Salmonella sp.,Duplodnaviria,Heunggongvirae,Uroviricota,Caudoviricetes,Pantevenvirales,Ackermannviridae,Aglimvirinae,Agtrevirus,dsDNA
Agtrevirus,2169532,,,,,,,,0.13,0.21,,0.04,,,0.19,,0.1,57743.0,Salmonella enterica subsp. enterica serovar Weltevreden,Duplodnaviria,Heunggongvirae,Uroviricota,Caudoviricetes,Pantevenvirales,Ackermannviridae,Aglimvirinae,Agtrevirus,dsDNA
Agtrevirus,2169532,,,,,,,,0.13,0.21,,0.04,,,0.19,,0.1,486990.0,Salmonella enterica subsp. enterica serovar Copenhagen,Duplodnaviria,Heunggongvirae,Uroviricota,Caudoviricetes,Pantevenvirales,Ackermannviridae,Aglimvirinae,Agtrevirus,dsDNA
Agtrevirus,2169532,,,,,,,,0.13,0.21,,0.04,,,0.19,,0.1,621.0,Shigella boydii,Duplodnaviria,Heunggongvirae,Uroviricota,Caudoviricetes,Pantevenvirales,Ackermannviridae,Aglimvirinae,Agtrevirus,dsDNA
Kuttervirus,2169536,,,,,,,,,,,0.05,,,0.07,,0.1,550.0,Enterobacter cloacae,Duplodnaviria,Heunggongvirae,Uroviricota,Caudoviricetes,Pantevenvirales,Ackermannviridae,Cvivirinae,Kuttervirus,dsDNA
Kuttervirus,2169536,,,,,,,,,,,0.05,,,0.07,,0.1,83334.0,Escherichia coli O157:H7,Duplodnaviria,Heunggongvirae,Uroviricota,Caudoviricetes,Pantevenvirales,Ackermannviridae,Cvivirinae,Kuttervirus,dsDNA
Kuttervirus,2169536,,,,,,,,,,,0.05,,,0.07,,0.1,562.0,Escherichia coli,Duplodnaviria,Heunggongvirae,Uroviricota,Caudoviricetes,Pantevenvirales,Ackermannviridae,Cvivirinae,Kuttervirus,dsDNA
Kuttervirus,2169536,,,,,,,,,,,0.05,,,0.07,,0.1,561.0,Escherichia,Duplodnaviria,Heunggongvirae,Uroviricota,Caudoviricetes,Pantevenvirales,Ackermannviridae,Cvivirinae,Kuttervirus,dsDNA
Kuttervirus,2169536,,,,,,,,,,,0.05,,,0.07,,0.1,1884818.0,Escherichia sp.,Duplodnaviria,Heunggongvirae,Uroviricota,Caudoviricetes,Pantevenvirales,Ackermannviridae,Cvivirinae,Kuttervirus,dsDNA
Kuttervirus,2169536,,,,,,,,,,,0.05,,,0.07,,0.1,1389955.0,Escherichia coli ATCC 35150,Duplodnaviria,Heunggongvirae,Uroviricota,Caudoviricetes,Pantevenvirales,Ackermannviridae,Cvivirinae,Kuttervirus,dsDNA
Kuttervirus,2169536,,,,,,,,,,,0.05,,,0.07,,0.1,208964.0,Pseudomonas aeruginosa PAO1,Duplodnaviria,Heunggongvirae,Uroviricota,Caudoviricetes,Pantevenvirales,Ackermannviridae,Cvivirinae,Kuttervirus,dsDNA
Kuttervirus,2169536,,,,,,,,,,,0.05,,,0.07,,0.1,599.0,Salmonella sp.,Duplodnaviria,Heunggongvirae,Uroviricota,Caudoviricetes,Pantevenvirales,Ackermannviridae,Cvivirinae,Kuttervirus,dsDNA
Kuttervirus,2169536,,,,,,,,,,,0.05,,,0.07,,0.1,54388.0,Salmonella enterica subsp. enterica serovar Paratyphi A,Duplodnaviria,Heunggongvirae,Uroviricota,Caudoviricetes,Pantevenvirales,Ackermannviridae,Cvivirinae,Kuttervirus,dsDNA
Kuttervirus,2169536,,,,,,,,,,,0.05,,,0.07,,0.1,57045.0,Salmonella enterica subsp. enterica serovar Paratyphi B,Duplodnaviria,Heunggongvirae,Uroviricota,Caudoviricetes,Pantevenvirales,Ackermannviridae,Cvivirinae,Kuttervirus,dsDNA
Kuttervirus,2169536,,,,,,,,,,,0.05,,,0.07,,0.1,90370.0,Salmonella enterica subsp. enterica serovar Typhi,Duplodnaviria,Heunggongvirae,Uroviricota,Caudoviricetes,Pantevenvirales,Ackermannviridae,Cvivirinae,Kuttervirus,dsDNA
Kuttervirus,2169536,,,,,,,,,,,0.05,,,0.07,,0.1,149539.0,Salmonella enterica subsp. enterica serovar Enteritidis,Duplodnaviria,Heunggongvirae,Uroviricota,Caudoviricetes,Pantevenvirales,Ackermannviridae,Cvivirinae,Kuttervirus,dsDNA
Kuttervirus,2169536,,,,,,,,,,,0.05,,,0.07,,0.1,90371.0,Salmonella enterica subsp. enterica serovar Typhimurium,Duplodnaviria,Heunggongvirae,Uroviricota,Caudoviricetes,Pantevenvirales,Ackermannviridae,Cvivirinae,Kuttervirus,dsDNA
Kuttervirus,2169536,,,,,,,,,,,0.05,,,0.07,,0.1,59201.0,Salmonella enterica subsp. enterica,Duplodnaviria,Heunggongvirae,Uroviricota,Caudoviricetes,Pantevenvirales,Ackermannviridae,Cvivirinae,Kuttervirus,dsDNA
Kuttervirus,2169536,,,,,,,,,,,0.05,,,0.07,,0.1,85569.0,Salmonella enterica subsp. enterica serovar Typhimurium str. DT104,Duplodnaviria,Heunggongvirae,Uroviricota,Caudoviricetes,Pantevenvirales,Ackermannviridae,Cvivirinae,Kuttervirus,dsDNA
Kuttervirus,2169536,,,,,,,,,,,0.05,,,0.07,,0.1,99287.0,Salmonella enterica subsp. enterica serovar Typhimurium str. LT2,Duplodnaviria,Heunggongvirae,Uroviricota,Caudoviricetes,Pantevenvirales,Ackermannviridae,Cvivirinae,Kuttervirus,dsDNA
Kuttervirus,2169536,,,,,,,,,,,0.05,,,0.07,,0.1,198215.0,Shigella flexneri 2a str. 2457T,Duplodnaviria,Heunggongvirae,Uroviricota,Caudoviricetes,Pantevenvirales,Ackermannviridae,Cvivirinae,Kuttervirus,dsDNA
Kuttervirus,2169536,,,,,,,,,,,0.05,,,0.07,,0.1,216597.0,Salmonella enterica subsp. enterica serovar Typhimurium str. SL1344,Duplodnaviria,Heunggongvirae,Uroviricota,Caudoviricetes,Pantevenvirales,Ackermannviridae,Cvivirinae,Kuttervirus,dsDNA
Kuttervirus,2169536,,,,,,,,,,,0.05,,,0.07,,0.1,1045010.0,Escherichia coli O157,Duplodnaviria,Heunggongvirae,Uroviricota,Caudoviricetes,Pantevenvirales,Ackermannviridae,Cvivirinae,Kuttervirus,dsDNA
Kuttervirus,2169536,,,,,,,,,,,0.05,,,0.07,,0.1,1299114.0,Salmonella enterica subsp. enterica serovar Typhimurium str. ATCC 14028,Duplodnaviria,Heunggongvirae,Uroviricota,Caudoviricetes,Pantevenvirales,Ackermannviridae,Cvivirinae,Kuttervirus,dsDNA
Kuttervirus,2169536,,,,,,,,,,,0.05,,,0.07,,0.1,28901.0,Salmonella enterica,Duplodnaviria,Heunggongvirae,Uroviricota,Caudoviricetes,Pantevenvirales,Ackermannviridae,Cvivirinae,Kuttervirus,dsDNA
Kuttervirus,2169536,,,,,,,,,,,0.05,,,0.07,,0.1,611.0,Salmonella enterica subsp. enterica serovar Heidelberg,Duplodnaviria,Heunggongvirae,Uroviricota,Caudoviricetes,Pantevenvirales,Ackermannviridae,Cvivirinae,Kuttervirus,dsDNA
Kuttervirus,2169536,,,,,,,,,,,0.05,,,0.07,,0.1,98360.0,Salmonella enterica subsp. enterica serovar Dublin,Duplodnaviria,Heunggongvirae,Uroviricota,Caudoviricetes,Pantevenvirales,Ackermannviridae,Cvivirinae,Kuttervirus,dsDNA
Kuttervirus,2169536,,,,,,,,,,,0.05,,,0.07,,0.1,594.0,Salmonella enterica subsp. enterica serovar Gallinarum,Duplodnaviria,Heunggongvirae,Uroviricota,Caudoviricetes,Pantevenvirales,Ackermannviridae,Cvivirinae,Kuttervirus,dsDNA
Kuttervirus,2169536,,,,,,,,,,,0.05,,,0.07,,0.1,590.0,Salmonella,Duplodnaviria,Heunggongvirae,Uroviricota,Caudoviricetes,Pantevenvirales,Ackermannviridae,Cvivirinae,Kuttervirus,dsDNA
Kuttervirus,2169536,,,,,,,,,,,0.05,,,0.07,,0.1,57046.0,Salmonella enterica subsp. enterica serovar Paratyphi C,Duplodnaviria,Heunggongvirae,Uroviricota,Caudoviricetes,Pantevenvirales,Ackermannviridae,Cvivirinae,Kuttervirus,dsDNA
Kuttervirus,2169536,,,,,,,,,,,0.05,,,0.07,,0.1,1248823.0,Escherichia coli O145:H28 str. RM12581,Duplodnaviria,Heunggongvirae,Uroviricota,Caudoviricetes,Pantevenvirales,Ackermannviridae,Cvivirinae,Kuttervirus,dsDNA
Limdunavirus,2169621,,,0.08,,,,,0.13,,0.18,0.03,,,0.07,0.06,,1243.0,Leuconostoc,Duplodnaviria,Heunggongvirae,Uroviricota,Caudoviricetes,Caudoviricetes incertae sedis,Limdunavirus,unclassified Limdunavirus,,dsDNA
Limdunavirus,2169621,,,0.08,,,,,0.13,,0.18,0.03,,,0.07,0.06,,33968.0,Leuconostoc pseudomesenteroides,Duplodnaviria,Heunggongvirae,Uroviricota,Caudoviricetes,Caudoviricetes incertae sedis,Limdunavirus,Limdunavirus LDG,,dsDNA
Limdunavirus,2169621,,,0.08,,,,,0.13,,0.18,0.03,,,0.07,0.06,,33966.0,Leuconostoc mesenteroides subsp. dextranicum,Duplodnaviria,Heunggongvirae,Uroviricota,Caudoviricetes,Caudoviricetes incertae sedis,Limdunavirus,Limdunavirus Lmd1,,dsDNA
Limdunavirus,2169621,,,0.08,,,,,0.13,,0.18,0.03,,,0.07,0.06,,33968.0,Leuconostoc pseudomesenteroides,Duplodnaviria,Heunggongvirae,Uroviricota,Caudoviricetes,Caudoviricetes incertae sedis,Limdunavirus,Limdunavirus LN03,,dsDNA
Limdunavirus,2169621,,,0.08,,,,,0.13,,0.18,0.03,,,0.07,0.06,,33968.0,Leuconostoc pseudomesenteroides,Duplodnaviria,Heunggongvirae,Uroviricota,Caudoviricetes,Caudoviricetes incertae sedis,Limdunavirus,Limdunavirus LN04,,dsDNA
Limdunavirus,2169621,,,0.08,,,,,0.13,,0.18,0.03,,,0.07,0.06,,33968.0,Leuconostoc pseudomesenteroides,Duplodnaviria,Heunggongvirae,Uroviricota,Caudoviricetes,Caudoviricetes incertae sedis,Limdunavirus,Limdunavirus P793,,dsDNA
Limdunavirus,2169621,,,0.08,,,,,0.13,,0.18,0.03,,,0.07,0.06,,33968.0,Leuconostoc pseudomesenteroides,Duplodnaviria,Heunggongvirae,Uroviricota,Caudoviricetes,Caudoviricetes incertae sedis,Limdunavirus,Limdunavirus P965,,dsDNA
Limdunavirus,2169621,,,0.08,,,,,0.13,,0.18,0.03,,,0.07,0.06,,33968.0,Leuconostoc pseudomesenteroides,Duplodnaviria,Heunggongvirae,Uroviricota,Caudoviricetes,Caudoviricetes incertae sedis,Limdunavirus,Limdunavirus LN12,,dsDNA
Limdunavirus,2169621,,,0.08,,,,,0.13,,0.18,0.03,,,0.07,0.06,,33968.0,Leuconostoc pseudomesenteroides,Duplodnaviria,Heunggongvirae,Uroviricota,Caudoviricetes,Caudoviricetes incertae sedis,Limdunavirus,Limdunavirus Lmd1,,dsDNA
Machinavirus,2169624,,,,,,,,,,,0.02,,,,,,552.0,Erwinia amylovora,Duplodnaviria,Heunggongvirae,Uroviricota,Caudoviricetes,Caudoviricetes incertae sedis,Chimalliviridae,Machinavirus,Machinavirus machina,dsDNA
Machinavirus,2169624,,,,,,,,,,,0.02,,,,,,28901.0,Salmonella enterica,Duplodnaviria,Heunggongvirae,Uroviricota,Caudoviricetes,Caudoviricetes incertae sedis,Chimalliviridae,Machinavirus,unclassified Machinavirus,dsDNA
Jwalphavirus,2169642,,,,,,,,,,0.07,,,,,,,85698.0,Achromobacter xylosoxidans,Duplodnaviria,Heunggongvirae,Uroviricota,Caudoviricetes,Caudoviricetes incertae sedis,Schitoviridae,Rothmandenesvirinae,Jwalphavirus,dsDNA
Ithacavirus,2169643,,,,,,,,,0.45,,0.02,,,0.06,,0.38,98360.0,Salmonella enterica subsp. enterica serovar Dublin,Duplodnaviria,Heunggongvirae,Uroviricota,Caudoviricetes,Caudoviricetes incertae sedis,Schitoviridae,Humphriesvirinae,Ithacavirus,dsDNA
Ithacavirus,2169643,,,,,,,,,0.45,,0.02,,,0.06,,0.38,599.0,Salmonella sp.,Duplodnaviria,Heunggongvirae,Uroviricota,Caudoviricetes,Caudoviricetes incertae sedis,Schitoviridae,Humphriesvirinae,Ithacavirus,dsDNA
Ithacavirus,2169643,,,,,,,,,0.45,,0.02,,,0.06,,0.38,149539.0,Salmonella enterica subsp. enterica serovar Enteritidis,Duplodnaviria,Heunggongvirae,Uroviricota,Caudoviricetes,Caudoviricetes incertae sedis,Schitoviridae,Humphriesvirinae,Ithacavirus,dsDNA
Ithacavirus,2169643,,,,,,,,,0.45,,0.02,,,0.06,,0.38,58712.0,Salmonella enterica subsp. enterica serovar Anatum,Duplodnaviria,Heunggongvirae,Uroviricota,Caudoviricetes,Caudoviricetes incertae sedis,Schitoviridae,Humphriesvirinae,Ithacavirus,dsDNA
Ithacavirus,2169643,,,,,,,,,0.45,,0.02,,,0.06,,0.38,192953.0,Salmonella enterica subsp. enterica serovar Stanley,Duplodnaviria,Heunggongvirae,Uroviricota,Caudoviricetes,Caudoviricetes incertae sedis,Schitoviridae,Humphriesvirinae,Ithacavirus,dsDNA
Ithacavirus,2169643,,,,,,,,,0.45,,0.02,,,0.06,,0.38,623.0,Shigella flexneri,Duplodnaviria,Heunggongvirae,Uroviricota,Caudoviricetes,Caudoviricetes incertae sedis,Schitoviridae,Humphriesvirinae,Ithacavirus,dsDNA
Wizardvirus,2169658,,,,,,,,,,,0.03,,,,,,2055.0,Gordonia terrae,Duplodnaviria,Heunggongvirae,Uroviricota,Caudoviricetes,Caudoviricetes incertae sedis,Stackebrandtviridae,Frickvirinae,Wizardvirus,dsDNA
Porprismacovirus,2169663,,,,,,,0.19,,,,0.03,,,,,,1.0,root,Monodnaviria,Shotokuvirae,Cressdnaviricota,Arfiviricetes,Cremevirales,Smacoviridae,Porprismacovirus,Porprismacovirus alecas1,
Porprismacovirus,2169663,,,,,,,0.19,,,,0.03,,,,,,8782.0,Aves,Monodnaviria,Shotokuvirae,Cressdnaviricota,Arfiviricetes,Cremevirales,Smacoviridae,Porprismacovirus,Porprismacovirus avias1,
Porprismacovirus,2169663,,,,,,,0.19,,,,0.03,,,,,,9913.0,Bos taurus,Monodnaviria,Shotokuvirae,Cressdnaviricota,Arfiviricetes,Cremevirales,Smacoviridae,Porprismacovirus,Porprismacovirus bovas1,
Porprismacovirus,2169663,,,,,,,0.19,,,,0.03,,,,,,9838.0,Camelus dromedarius,Monodnaviria,Shotokuvirae,Cressdnaviricota,Arfiviricetes,Cremevirales,Smacoviridae,Porprismacovirus,Porprismacovirus camas1,
Porprismacovirus,2169663,,,,,,,0.19,,,,0.03,,,,,,9903.0,Bos,Monodnaviria,Shotokuvirae,Cressdnaviricota,Arfiviricetes,Cremevirales,Smacoviridae,Porprismacovirus,Porprismacovirus bovas2,
Porprismacovirus,2169663,,,,,,,0.19,,,,0.03,,,,,,9031.0,Gallus gallus,Monodnaviria,Shotokuvirae,Cressdnaviricota,Arfiviricetes,Cremevirales,Smacoviridae,Porprismacovirus,Porprismacovirus chicas2,
Porprismacovirus,2169663,,,,,,,0.19,,,,0.03,,,,,,9598.0,Pan troglodytes,Monodnaviria,Shotokuvirae,Cressdnaviricota,Arfiviricetes,Cremevirales,Smacoviridae,Porprismacovirus,Porprismacovirus chimas1,
Porprismacovirus,2169663,,,,,,,0.19,,,,0.03,,,,,,460675.0,Chlorocebus cynosuros,Monodnaviria,Shotokuvirae,Cressdnaviricota,Arfiviricetes,Cremevirales,Smacoviridae,Porprismacovirus,Porprismacovirus malbas1,
Porprismacovirus,2169663,,,,,,,0.19,,,,0.03,,,,,,2018659.0,Lucilia rica,Monodnaviria,Shotokuvirae,Cressdnaviricota,Arfiviricetes,Cremevirales,Smacoviridae,Porprismacovirus,Porprismacovirus flas1,
Porprismacovirus,2169663,,,,,,,0.19,,,,0.03,,,,,,9925.0,Capra hircus,Monodnaviria,Shotokuvirae,Cressdnaviricota,Arfiviricetes,Cremevirales,Smacoviridae,Porprismacovirus,Porprismacovirus goas1,
Porprismacovirus,2169663,,,,,,,0.19,,,,0.03,,,,,,9593.0,Gorilla gorilla,Monodnaviria,Shotokuvirae,Cressdnaviricota,Arfiviricetes,Cremevirales,Smacoviridae,Porprismacovirus,Porprismacovirus goras1,
Porprismacovirus,2169663,,,,,,,0.19,,,,0.03,,,,,,9502.0,Alouatta caraya,Monodnaviria,Shotokuvirae,Cressdnaviricota,Arfiviricetes,Cremevirales,Smacoviridae,Porprismacovirus,Porprismacovirus howas1,
Porprismacovirus,2169663,,,,,,,0.19,,,,0.03,,,,,,9606.0,Homo sapiens,Monodnaviria,Shotokuvirae,Cressdnaviricota,Arfiviricetes,Cremevirales,Smacoviridae,Porprismacovirus,Porprismacovirus humas4,
Porprismacovirus,2169663,,,,,,,0.19,,,,0.03,,,,,,9447.0,Lemur catta,Monodnaviria,Shotokuvirae,Cressdnaviricota,Arfiviricetes,Cremevirales,Smacoviridae,Porprismacovirus,Porprismacovirus lemas1,
Porprismacovirus,2169663,,,,,,,0.19,,,,0.03,,,,,,61384.0,Lynx rufus,Monodnaviria,Shotokuvirae,Cressdnaviricota,Arfiviricetes,Cremevirales,Smacoviridae,Porprismacovirus,Porprismacovirus lynas2,
Porprismacovirus,2169663,,,,,,,0.19,,,,0.03,,,,,,9544.0,Macaca mulatta,Monodnaviria,Shotokuvirae,Cressdnaviricota,Arfiviricetes,Cremevirales,Smacoviridae,Porprismacovirus,Porprismacovirus macas6,
Porprismacovirus,2169663,,,,,,,0.19,,,,0.03,,,,,,9539.0,Macaca,Monodnaviria,Shotokuvirae,Cressdnaviricota,Arfiviricetes,Cremevirales,Smacoviridae,Porprismacovirus,Porprismacovirus macas5,
Porprismacovirus,2169663,,,,,,,0.19,,,,0.03,,,,,,9689.0,Panthera leo,Monodnaviria,Shotokuvirae,Cressdnaviricota,Arfiviricetes,Cremevirales,Smacoviridae,Porprismacovirus,Porprismacovirus leo1,
Porprismacovirus,2169663,,,,,,,0.19,,,,0.03,,,,,,9825.0,Sus scrofa domesticus,Monodnaviria,Shotokuvirae,Cressdnaviricota,Arfiviricetes,Cremevirales,Smacoviridae,Porprismacovirus,unclassified Porprismacovirus,
Porprismacovirus,2169663,,,,,,,0.19,,,,0.03,,,,,,,,Monodnaviria,Shotokuvirae,Cressdnaviricota,Arfiviricetes,Cremevirales,Smacoviridae,Porprismacovirus,Porprismacovirus porci1,
Porprismacovirus,2169663,,,,,,,0.19,,,,0.03,,,,,,9823.0,Sus scrofa,Monodnaviria,Shotokuvirae,Cressdnaviricota,Arfiviricetes,Cremevirales,Smacoviridae,Porprismacovirus,Porprismacovirus porci3,
Porprismacovirus,2169663,,,,,,,0.19,,,,0.03,,,,,,9983.0,Lepus europaeus,Monodnaviria,Shotokuvirae,Cressdnaviricota,Arfiviricetes,Cremevirales,Smacoviridae,Porprismacovirus,Porprismacovirus porci1,
Porprismacovirus,2169663,,,,,,,0.19,,,,0.03,,,,,,34880.0,Nyctereutes procyonoides,Monodnaviria,Shotokuvirae,Cressdnaviricota,Arfiviricetes,Cremevirales,Smacoviridae,Porprismacovirus,,
Porprismacovirus,2169663,,,,,,,0.19,,,,0.03,,,,,,10114.0,Rattus,Monodnaviria,Shotokuvirae,Cressdnaviricota,Arfiviricetes,Cremevirales,Smacoviridae,Porprismacovirus,Porprismacovirus ratas1,
Porprismacovirus,2169663,,,,,,,0.19,,,,0.03,,,,,,10116.0,Rattus norvegicus,Monodnaviria,Shotokuvirae,Cressdnaviricota,Arfiviricetes,Cremevirales,Smacoviridae,Porprismacovirus,Porprismacovirus ratas1,
Porprismacovirus,2169663,,,,,,,0.19,,,,0.03,,,,,,9940.0,Ovis aries,Monodnaviria,Shotokuvirae,Cressdnaviricota,Arfiviricetes,Cremevirales,Smacoviridae,Porprismacovirus,Porprismacovirus sheas1,
Porprismacovirus,2169663,,,,,,,0.19,,,,0.03,,,,,,9103.0,Meleagris gallopavo,Monodnaviria,Shotokuvirae,Cressdnaviricota,Arfiviricetes,Cremevirales,Smacoviridae,Porprismacovirus,Porprismacovirus turas1,
Husavirus,2219049,,,,,0.29,,,,,,,,,,,,9606.0,Homo sapiens,Riboviria,Orthornavirae,Pisuviricota,Pisoniviricetes,Picornavirales,unclassified Picornavirales,Husavirus,unclassified Husavirus,
Husavirus,2219049,,,,,0.29,,,,,,,,,,,,9825.0,Sus scrofa domesticus,Riboviria,Orthornavirae,Pisuviricota,Pisoniviricetes,Picornavirales,unclassified Picornavirales,Husavirus,Husa-like virus KS-2016a,
Asteriusvirus,2560094,,,,,,,,,,0.06,0.07,,,,,0.08,562.0,Escherichia coli,Duplodnaviria,Heunggongvirae,Uroviricota,Caudoviricetes,Caudoviricetes incertae sedis,Asteriusvirus,Asteriusvirus av121Q,,dsDNA
Asteriusvirus,2560094,,,,,,,,,,0.06,0.07,,,,,0.08,591946.0,Escherichia coli LF82,Duplodnaviria,Heunggongvirae,Uroviricota,Caudoviricetes,Caudoviricetes incertae sedis,Asteriusvirus,unclassified Asteriusvirus,,dsDNA
Asteriusvirus,2560094,,,,,,,,,,0.06,0.07,,,,,0.08,562.0,Escherichia coli,Duplodnaviria,Heunggongvirae,Uroviricota,Caudoviricetes,Caudoviricetes incertae sedis,Asteriusvirus,unclassified Asteriusvirus,,dsDNA
Asteriusvirus,2560094,,,,,,,,,,0.06,0.07,,,,,0.08,83334.0,Escherichia coli O157:H7,Duplodnaviria,Heunggongvirae,Uroviricota,Caudoviricetes,Caudoviricetes incertae sedis,Asteriusvirus,unclassified Asteriusvirus,,dsDNA
Asteriusvirus,2560094,,,,,,,,,,0.06,0.07,,,,,0.08,1045010.0,Escherichia coli O157,Duplodnaviria,Heunggongvirae,Uroviricota,Caudoviricetes,Caudoviricetes incertae sedis,Asteriusvirus,Asteriusvirus PBECO4,,dsDNA
Asteriusvirus,2560094,,,,,,,,,,0.06,0.07,,,,,0.08,83333.0,Escherichia coli K-12,Duplodnaviria,Heunggongvirae,Uroviricota,Caudoviricetes,Caudoviricetes incertae sedis,Asteriusvirus,unclassified Asteriusvirus,,dsDNA
Asteriusvirus,2560094,,,,,,,,,,0.06,0.07,,,,,0.08,561.0,Escherichia,Duplodnaviria,Heunggongvirae,Uroviricota,Caudoviricetes,Caudoviricetes incertae sedis,Asteriusvirus,Asteriusvirus PBECO4,,dsDNA
Asteriusvirus,2560094,,,,,,,,,,0.06,0.07,,,,,0.08,83334.0,Escherichia coli O157:H7,Duplodnaviria,Heunggongvirae,Uroviricota,Caudoviricetes,Caudoviricetes incertae sedis,Asteriusvirus,Asteriusvirus PBECO4,,dsDNA
Asteriusvirus,2560094,,,,,,,,,,0.06,0.07,,,,,0.08,511145.0,Escherichia coli str. K-12 substr. MG1655,Duplodnaviria,Heunggongvirae,Uroviricota,Caudoviricetes,Caudoviricetes incertae sedis,Asteriusvirus,Asteriusvirus PBECO4,,dsDNA
Asteriusvirus,2560094,,,,,,,,,,0.06,0.07,,,,,0.08,90371.0,Salmonella enterica subsp. enterica serovar Typhimurium,Duplodnaviria,Heunggongvirae,Uroviricota,Caudoviricetes,Caudoviricetes incertae sedis,Asteriusvirus,unclassified Asteriusvirus,,dsDNA
Bantamvirus,2560096,,,,,,,,,,,0.02,,,,,,2055.0,Gordonia terrae,Duplodnaviria,Heunggongvirae,Uroviricota,Caudoviricetes,Caudoviricetes incertae sedis,Bantamvirus,Bantamvirus bantam,,dsDNA
Bantamvirus,2560096,,,,,,,,,,,0.02,,,,,,2055.0,Gordonia terrae,Duplodnaviria,Heunggongvirae,Uroviricota,Caudoviricetes,Caudoviricetes incertae sedis,Bantamvirus,unclassified Bantamvirus,,dsDNA
Bingvirus,2560103,,,,,,,,,,,0.04,,,,,,1916.0,Streptomyces lividans,Duplodnaviria,Heunggongvirae,Uroviricota,Caudoviricetes,Caudoviricetes incertae sedis,Bingvirus,Bingvirus bing,,dsDNA
Bingvirus,2560103,,,,,,,,,,,0.04,,,,,,68239.0,Streptomyces mirabilis,Duplodnaviria,Heunggongvirae,Uroviricota,Caudoviricetes,Caudoviricetes incertae sedis,Bingvirus,unclassified Bingvirus,,dsDNA
Bingvirus,2560103,,,,,,,,,,,0.04,,,,,,1930.0,Streptomyces scabiei,Duplodnaviria,Heunggongvirae,Uroviricota,Caudoviricetes,Caudoviricetes incertae sedis,Bingvirus,unclassified Bingvirus,,dsDNA
Bingvirus,2560103,,,,,,,,,,,0.04,,,,,,146922.0,Streptomyces griseofuscus,Duplodnaviria,Heunggongvirae,Uroviricota,Caudoviricetes,Caudoviricetes incertae sedis,Bingvirus,unclassified Bingvirus,,dsDNA
Brunovirus,2560108,,,,,,,,,,,,,,0.05,,,59204.0,Salmonella enterica subsp. diarizonae,Duplodnaviria,Heunggongvirae,Uroviricota,Caudoviricetes,Caudoviricetes incertae sedis,Brunovirus,Brunovirus SEN34,,dsDNA
Dismasvirus,2560122,,,,,,,,,,,0.02,,,,,,104336.0,Microbacterium foliorum,Duplodnaviria,Heunggongvirae,Uroviricota,Caudoviricetes,Caudoviricetes incertae sedis,Dismasvirus,unclassified Dismasvirus,,dsDNA
Dismasvirus,2560122,,,,,,,,,,,0.02,,,,,,104336.0,Microbacterium foliorum,Duplodnaviria,Heunggongvirae,Uroviricota,Caudoviricetes,Caudoviricetes incertae sedis,Dismasvirus,Dismasvirus dismas,,dsDNA
Dismasvirus,2560122,,,,,,,,,,,0.02,,,,,,33882.0,Microbacterium,Duplodnaviria,Heunggongvirae,Uroviricota,Caudoviricetes,Caudoviricetes incertae sedis,Dismasvirus,unclassified Dismasvirus,,dsDNA
Efquatrovirus,2560124,,,,,,,,,,,,,,,,0.12,1351.0,Enterococcus faecalis,Duplodnaviria,Heunggongvirae,Uroviricota,Caudoviricetes,Caudoviricetes incertae sedis,Efquatrovirus,unclassified Efquatrovirus,,dsDNA
Efquatrovirus,2560124,,,,,,,,,,,,,,,,0.12,1201292.0,Enterococcus faecalis ATCC 29212,Duplodnaviria,Heunggongvirae,Uroviricota,Caudoviricetes,Caudoviricetes incertae sedis,Efquatrovirus,unclassified Efquatrovirus,,dsDNA
Efquatrovirus,2560124,,,,,,,,,,,,,,,,0.12,1351.0,Enterococcus faecalis,Duplodnaviria,Heunggongvirae,Uroviricota,Caudoviricetes,Caudoviricetes incertae sedis,Efquatrovirus,Efquatrovirus AUEF3,,dsDNA
Efquatrovirus,2560124,,,,,,,,,,,,,,,,0.12,1352.0,Enterococcus faecium,Duplodnaviria,Heunggongvirae,Uroviricota,Caudoviricetes,Caudoviricetes incertae sedis,Efquatrovirus,Efquatrovirus EcZZ2,,dsDNA
Efquatrovirus,2560124,,,,,,,,,,,,,,,,0.12,1351.0,Enterococcus faecalis,Duplodnaviria,Heunggongvirae,Uroviricota,Caudoviricetes,Caudoviricetes incertae sedis,Efquatrovirus,Efquatrovirus EfaCPT1,,dsDNA
Efquatrovirus,2560124,,,,,,,,,,,,,,,,0.12,1351.0,Enterococcus faecalis,Duplodnaviria,Heunggongvirae,Uroviricota,Caudoviricetes,Caudoviricetes incertae sedis,Efquatrovirus,Efquatrovirus LY0322,,dsDNA
Efquatrovirus,2560124,,,,,,,,,,,,,,,,0.12,35783.0,Enterococcus sp.,Duplodnaviria,Heunggongvirae,Uroviricota,Caudoviricetes,Caudoviricetes incertae sedis,Efquatrovirus,Efquatrovirus EF4,,dsDNA
Efquatrovirus,2560124,,,,,,,,,,,,,,,,0.12,1351.0,Enterococcus faecalis,Duplodnaviria,Heunggongvirae,Uroviricota,Caudoviricetes,Caudoviricetes incertae sedis,Efquatrovirus,Efquatrovirus EF3,,dsDNA
Efquatrovirus,2560124,,,,,,,,,,,,,,,,0.12,1351.0,Enterococcus faecalis,Duplodnaviria,Heunggongvirae,Uroviricota,Caudoviricetes,Caudoviricetes incertae sedis,Efquatrovirus,Efquatrovirus SHEF2,,dsDNA
Efquatrovirus,2560124,,,,,,,,,,,,,,,,0.12,1351.0,Enterococcus faecalis,Duplodnaviria,Heunggongvirae,Uroviricota,Caudoviricetes,Caudoviricetes incertae sedis,Efquatrovirus,Efquatrovirus SHEF4,,dsDNA
Efquatrovirus,2560124,,,,,,,,,,,,,,,,0.12,1351.0,Enterococcus faecalis,Duplodnaviria,Heunggongvirae,Uroviricota,Caudoviricetes,Caudoviricetes incertae sedis,Efquatrovirus,Efquatrovirus SHEF5,,dsDNA
Efquatrovirus,2560124,,,,,,,,,,,,,,,,0.12,1351.0,Enterococcus faecalis,Duplodnaviria,Heunggongvirae,Uroviricota,Caudoviricetes,Caudoviricetes incertae sedis,Efquatrovirus,Efquatrovirus PMBT2,,dsDNA
Efquatrovirus,2560124,,,,,,,,,,,,,,,,0.12,1169286.0,Enterococcus faecalis ATCC 19433 = NBRC 100480,Duplodnaviria,Heunggongvirae,Uroviricota,Caudoviricetes,Caudoviricetes incertae sedis,Efquatrovirus,unclassified Efquatrovirus,,dsDNA
Efquatrovirus,2560124,,,,,,,,,,,,,,,,0.12,1169286.0,Enterococcus faecalis ATCC 19433 = NBRC 100480,Duplodnaviria,Heunggongvirae,Uroviricota,Caudoviricetes,Caudoviricetes incertae sedis,Efquatrovirus,Efquatrovirus SANTOR1,,dsDNA
Efquatrovirus,2560124,,,,,,,,,,,,,,,,0.12,35783.0,Enterococcus sp.,Duplodnaviria,Heunggongvirae,Uroviricota,Caudoviricetes,Caudoviricetes incertae sedis,Efquatrovirus,unclassified Efquatrovirus,,dsDNA
Efquatrovirus,2560124,,,,,,,,,,,,,,,,0.12,1350.0,Enterococcus,Duplodnaviria,Heunggongvirae,Uroviricota,Caudoviricetes,Caudoviricetes incertae sedis,Efquatrovirus,unclassified Efquatrovirus,,dsDNA
Efquatrovirus,2560124,,,,,,,,,,,,,,,,0.12,1351.0,Enterococcus faecalis,Duplodnaviria,Heunggongvirae,Uroviricota,Caudoviricetes,Caudoviricetes incertae sedis,Efquatrovirus,Efquatrovirus AL2,,dsDNA
Efquatrovirus,2560124,,,,,,,,,,,,,,,,0.12,1351.0,Enterococcus faecalis,Duplodnaviria,Heunggongvirae,Uroviricota,Caudoviricetes,Caudoviricetes incertae sedis,Efquatrovirus,Efquatrovirus AL3,,dsDNA
Efquatrovirus,2560124,,,,,,,,,,,,,,,,0.12,1351.0,Enterococcus faecalis,Duplodnaviria,Heunggongvirae,Uroviricota,Caudoviricetes,Caudoviricetes incertae sedis,Efquatrovirus,Efquatrovirus IME196,,dsDNA
Efquatrovirus,2560124,,,,,,,,,,,,,,,,0.12,1352.0,Enterococcus faecium,Duplodnaviria,Heunggongvirae,Uroviricota,Caudoviricetes,Caudoviricetes incertae sedis,Efquatrovirus,unclassified Efquatrovirus,,dsDNA
Efquatrovirus,2560124,,,,,,,,,,,,,,,,0.12,1201292.0,Enterococcus faecalis ATCC 29212,Duplodnaviria,Heunggongvirae,Uroviricota,Caudoviricetes,Caudoviricetes incertae sedis,Efquatrovirus,Efquatrovirus SHEF2,,dsDNA
Elerivirus,2560126,,,,,,,,,,,0.02,,,,,,104336.0,Microbacterium foliorum,Duplodnaviria,Heunggongvirae,Uroviricota,Caudoviricetes,Caudoviricetes incertae sedis,Elerivirus,Elerivirus eleri,,dsDNA
Elerivirus,2560126,,,,,,,,,,,0.02,,,,,,104336.0,Microbacterium foliorum,Duplodnaviria,Heunggongvirae,Uroviricota,Caudoviricetes,Caudoviricetes incertae sedis,Elerivirus,unclassified Elerivirus,,dsDNA
Eneladusvirus,2560128,,,,,,,,,,,0.02,,,,,,552.0,Erwinia amylovora,Duplodnaviria,Heunggongvirae,Uroviricota,Caudoviricetes,Caudoviricetes incertae sedis,Eneladusvirus,Eneladusvirus BF,,dsDNA
Eneladusvirus,2560128,,,,,,,,,,,0.02,,,,,,615.0,Serratia marcescens,Duplodnaviria,Heunggongvirae,Uroviricota,Caudoviricetes,Caudoviricetes incertae sedis,Eneladusvirus,Eneladusvirus BF,,dsDNA
Eneladusvirus,2560128,,,,,,,,,,,0.02,,,,,,630.0,Yersinia enterocolitica,Duplodnaviria,Heunggongvirae,Uroviricota,Caudoviricetes,Caudoviricetes incertae sedis,Eneladusvirus,Eneladusvirus Yen904,,dsDNA
Eneladusvirus,2560128,,,,,,,,,,,0.02,,,,,,631.0,Yersinia intermedia,Duplodnaviria,Heunggongvirae,Uroviricota,Caudoviricetes,Caudoviricetes incertae sedis,Eneladusvirus,Eneladusvirus Yen904,,dsDNA
Eneladusvirus,2560128,,,,,,,,,,,0.02,,,,,,633.0,Yersinia pseudotuberculosis,Duplodnaviria,Heunggongvirae,Uroviricota,Caudoviricetes,Caudoviricetes incertae sedis,Eneladusvirus,Eneladusvirus Yen904,,dsDNA
Eneladusvirus,2560128,,,,,,,,,,,0.02,,,,,,634.0,Yersinia bercovieri,Duplodnaviria,Heunggongvirae,Uroviricota,Caudoviricetes,Caudoviricetes incertae sedis,Eneladusvirus,Eneladusvirus Yen904,,dsDNA
Eneladusvirus,2560128,,,,,,,,,,,0.02,,,,,,29484.0,Yersinia frederiksenii,Duplodnaviria,Heunggongvirae,Uroviricota,Caudoviricetes,Caudoviricetes incertae sedis,Eneladusvirus,Eneladusvirus Yen904,,dsDNA
Eneladusvirus,2560128,,,,,,,,,,,0.02,,,,,,33060.0,Yersinia mollaretii,Duplodnaviria,Heunggongvirae,Uroviricota,Caudoviricetes,Caudoviricetes incertae sedis,Eneladusvirus,Eneladusvirus Yen904,,dsDNA
Eneladusvirus,2560128,,,,,,,,,,,0.02,,,,,,629.0,Yersinia,Duplodnaviria,Heunggongvirae,Uroviricota,Caudoviricetes,Caudoviricetes incertae sedis,Eneladusvirus,Eneladusvirus Yen904,,dsDNA
Metrivirus,2560175,,,,,,,,,,,0.01,,,,,,470.0,Acinetobacter baumannii,Duplodnaviria,Heunggongvirae,Uroviricota,Caudoviricetes,Caudoviricetes incertae sedis,Metrivirus,Metrivirus ME3,,dsDNA
Mimasvirus,2560176,,,,,,,,,,,0.02,,,,,,28141.0,Cronobacter sakazakii,Duplodnaviria,Heunggongvirae,Uroviricota,Caudoviricetes,Caudoviricetes incertae sedis,Mimasvirus,Mimasvirus GAP32,,dsDNA
Mimasvirus,2560176,,,,,,,,,,,0.02,,,,,,555.0,Pectobacterium carotovorum subsp. carotovorum,Duplodnaviria,Heunggongvirae,Uroviricota,Caudoviricetes,Caudoviricetes incertae sedis,Mimasvirus,Mimasvirus CBB,,dsDNA
Mimasvirus,2560176,,,,,,,,,,,0.02,,,,,,56460.0,Xanthomonas vesicatoria,Duplodnaviria,Heunggongvirae,Uroviricota,Caudoviricetes,Caudoviricetes incertae sedis,Mimasvirus,unclassified Mimasvirus,,dsDNA
Phimunavirus,2560202,,,,,,,,0.11,,,0.04,0.19,,0.15,,,29471.0,Pectobacterium atrosepticum,Duplodnaviria,Heunggongvirae,Uroviricota,Caudoviricetes,Autographivirales,Autoscriptoviridae,Corkvirinae,Phimunavirus,dsDNA
Phimunavirus,2560202,,,,,,,,0.11,,,0.04,0.19,,0.15,,,218491.0,Pectobacterium atrosepticum SCRI1043,Duplodnaviria,Heunggongvirae,Uroviricota,Caudoviricetes,Autographivirales,Autoscriptoviridae,Corkvirinae,Phimunavirus,dsDNA
Pikminvirus,2560203,,,,,,,,,,,0.02,,,,,,104336.0,Microbacterium foliorum,Duplodnaviria,Heunggongvirae,Uroviricota,Caudoviricetes,Caudoviricetes incertae sedis,Pikminvirus,Pikminvirus pikmin,,dsDNA
Popoffvirus,2560208,,0.18,,,,,,0.1,,,0.02,,,0.09,,,645.0,Aeromonas salmonicida,Duplodnaviria,Heunggongvirae,Uroviricota,Caudoviricetes,Caudoviricetes incertae sedis,Popoffvirus,Popoffvirus pv56,,dsDNA
Rimavirus,2560214,,,,,,0.14,,,,,0.09,,,0.05,,,1911.0,Streptomyces griseus,Duplodnaviria,Heunggongvirae,Uroviricota,Caudoviricetes,Caudoviricetes incertae sedis,Rimavirus,Rimavirus rima,,dsDNA
Rimavirus,2560214,,,,,,0.14,,,,,0.09,,,0.05,,,1911.0,Streptomyces griseus,Duplodnaviria,Heunggongvirae,Uroviricota,Caudoviricetes,Caudoviricetes incertae sedis,Rimavirus,Rimavirus drgrey,,dsDNA
Rimavirus,2560214,,,,,,0.14,,,,,0.09,,,0.05,,,1911.0,Streptomyces griseus,Duplodnaviria,Heunggongvirae,Uroviricota,Caudoviricetes,Caudoviricetes incertae sedis,Rimavirus,unclassified Rimavirus,,dsDNA
Rimavirus,2560214,,,,,,0.14,,,,,0.09,,,0.05,,,58346.0,Streptomyces platensis,Duplodnaviria,Heunggongvirae,Uroviricota,Caudoviricetes,Caudoviricetes incertae sedis,Rimavirus,Rimavirus rima,,dsDNA
Rimavirus,2560214,,,,,,0.14,,,,,0.09,,,0.05,,,68220.0,Streptomyces indigocolor,Duplodnaviria,Heunggongvirae,Uroviricota,Caudoviricetes,Caudoviricetes incertae sedis,Rimavirus,Rimavirus rima,,dsDNA
Rimavirus,2560214,,,,,,0.14,,,,,0.09,,,0.05,,,67263.0,Streptomyces griseus subsp. griseus,Duplodnaviria,Heunggongvirae,Uroviricota,Caudoviricetes,Caudoviricetes incertae sedis,Rimavirus,Rimavirus rima,,dsDNA
Rimavirus,2560214,,,,,,0.14,,,,,0.09,,,0.05,,,146820.0,Streptomyces stelliscabiei,Duplodnaviria,Heunggongvirae,Uroviricota,Caudoviricetes,Caudoviricetes incertae sedis,Rimavirus,unclassified Rimavirus,,dsDNA
Rimavirus,2560214,,,,,,0.14,,,,,0.09,,,0.05,,,146537.0,Streptomyces azureus,Duplodnaviria,Heunggongvirae,Uroviricota,Caudoviricetes,Caudoviricetes incertae sedis,Rimavirus,Rimavirus rima,,dsDNA
Rimavirus,2560214,,,,,,0.14,,,,,0.09,,,0.05,,,68239.0,Streptomyces mirabilis,Duplodnaviria,Heunggongvirae,Uroviricota,Caudoviricetes,Caudoviricetes incertae sedis,Rimavirus,unclassified Rimavirus,,dsDNA
Sanovirus,2560222,,0.14,0.12,,,0.19,,,,,0.11,,,0.05,,,40324.0,Stenotrophomonas maltophilia,Duplodnaviria,Heunggongvirae,Uroviricota,Caudoviricetes,Caudoviricetes incertae sedis,Casjensviridae,Sanovirus,unclassified Sanovirus,dsDNA
Sanovirus,2560222,,0.14,0.12,,,0.19,,,,,0.11,,,0.05,,,338.0,Xanthomonas,Duplodnaviria,Heunggongvirae,Uroviricota,Caudoviricetes,Caudoviricetes incertae sedis,Casjensviridae,Sanovirus,Sanovirus sano,dsDNA
Sanovirus,2560222,,0.14,0.12,,,0.19,,,,,0.11,,,0.05,,,2371.0,Xylella fastidiosa,Duplodnaviria,Heunggongvirae,Uroviricota,Caudoviricetes,Caudoviricetes incertae sedis,Casjensviridae,Sanovirus,Sanovirus sano,dsDNA
Scapunavirus,2560225,,,,,,,,,,,0.03,,,,,,1930.0,Streptomyces scabiei,Duplodnaviria,Heunggongvirae,Uroviricota,Caudoviricetes,Caudoviricetes incertae sedis,Scapunavirus,unclassified Scapunavirus,,dsDNA
Scapunavirus,2560225,,,,,,,,,,,0.03,,,,,,1916.0,Streptomyces lividans,Duplodnaviria,Heunggongvirae,Uroviricota,Caudoviricetes,Caudoviricetes incertae sedis,Scapunavirus,unclassified Scapunavirus,,dsDNA
Scapunavirus,2560225,,,,,,,,,,,0.03,,,,,,68239.0,Streptomyces mirabilis,Duplodnaviria,Heunggongvirae,Uroviricota,Caudoviricetes,Caudoviricetes incertae sedis,Scapunavirus,unclassified Scapunavirus,,dsDNA
Scapunavirus,2560225,,,,,,,,,,,0.03,,,,,,1930.0,Streptomyces scabiei,Duplodnaviria,Heunggongvirae,Uroviricota,Caudoviricetes,Caudoviricetes incertae sedis,Scapunavirus,Scapunavirus scap1,,dsDNA
Scapunavirus,2560225,,,,,,,,,,,0.03,,,,,,66874.0,Streptomyces bicolor,Duplodnaviria,Heunggongvirae,Uroviricota,Caudoviricetes,Caudoviricetes incertae sedis,Scapunavirus,unclassified Scapunavirus,,dsDNA
Sugarlandvirus,2560233,,,1.0,,,,,,0.5,0.15,0.09,1.59,,0.09,0.28,0.33,573.0,Klebsiella pneumoniae,Duplodnaviria,Heunggongvirae,Uroviricota,Caudoviricetes,Caudoviricetes incertae sedis,Demerecviridae,Sugarlandvirus,Sugarlandvirus AmPhEK80,dsDNA
Sugarlandvirus,2560233,,,1.0,,,,,,0.5,0.15,0.09,1.59,,0.09,0.28,0.33,570.0,Klebsiella,Duplodnaviria,Heunggongvirae,Uroviricota,Caudoviricetes,Caudoviricetes incertae sedis,Demerecviridae,Sugarlandvirus,Sugarlandvirus KpGranit,dsDNA
Sugarlandvirus,2560233,,,1.0,,,,,,0.5,0.15,0.09,1.59,,0.09,0.28,0.33,571.0,Klebsiella oxytoca,Duplodnaviria,Heunggongvirae,Uroviricota,Caudoviricetes,Caudoviricetes incertae sedis,Demerecviridae,Sugarlandvirus,Sugarlandvirus KPN4,dsDNA
Sugarlandvirus,2560233,,,1.0,,,,,,0.5,0.15,0.09,1.59,,0.09,0.28,0.33,244366.0,Klebsiella variicola,Duplodnaviria,Heunggongvirae,Uroviricota,Caudoviricetes,Caudoviricetes incertae sedis,Demerecviridae,Sugarlandvirus,unclassified Sugarlandvirus,dsDNA
Trinavirus,2560242,,,,,,,,,,,0.02,,,,,,1833.0,Rhodococcus erythropolis,Duplodnaviria,Heunggongvirae,Uroviricota,Caudoviricetes,Caudoviricetes incertae sedis,Trinavirus,unclassified Trinavirus,,dsDNA
Trinavirus,2560242,,,,,,,,,,,0.02,,,,,,1833.0,Rhodococcus erythropolis,Duplodnaviria,Heunggongvirae,Uroviricota,Caudoviricetes,Caudoviricetes incertae sedis,Trinavirus,Trinavirus trina,,dsDNA
Tulanevirus,2560244,,,,,,,,,,,0.03,,,,,,645.0,Aeromonas salmonicida,Duplodnaviria,Heunggongvirae,Uroviricota,Caudoviricetes,Pantevenvirales,Straboviridae,Tulanevirus,Tulanevirus bteighttwo,dsDNA
Tulanevirus,2560244,,,,,,,,,,,0.03,,,,,,644.0,Aeromonas hydrophila,Duplodnaviria,Heunggongvirae,Uroviricota,Caudoviricetes,Pantevenvirales,Straboviridae,Tulanevirus,Tulanevirus 50ahydr13pp,dsDNA
Tulanevirus,2560244,,,,,,,,,,,0.03,,,,,,647.0,Aeromonas sp.,Duplodnaviria,Heunggongvirae,Uroviricota,Caudoviricetes,Pantevenvirales,Straboviridae,Tulanevirus,Tulanevirus aes12,dsDNA
Tulanevirus,2560244,,,,,,,,,,,0.03,,,,,,40324.0,Stenotrophomonas maltophilia,Duplodnaviria,Heunggongvirae,Uroviricota,Caudoviricetes,Pantevenvirales,Straboviridae,Tulanevirus,Tulanevirus ime13,dsDNA
Vividuovirus,2560251,,,,,,,,,,,0.03,,,,,,2055.0,Gordonia terrae,Duplodnaviria,Heunggongvirae,Uroviricota,Caudoviricetes,Caudoviricetes incertae sedis,Stackebrandtviridae,Schenleyvirinae,Vividuovirus,dsDNA
Taipeivirus,2731621,,,,0.54,,,,,,,0.02,,,0.1,,,562.0,Escherichia coli,Duplodnaviria,Heunggongvirae,Uroviricota,Caudoviricetes,Pantevenvirales,Ackermannviridae,Taipeivirus,Taipeivirus KWBSE436,dsDNA
Taipeivirus,2731621,,,,0.54,,,,,,,0.02,,,0.1,,,570.0,Klebsiella,Duplodnaviria,Heunggongvirae,Uroviricota,Caudoviricetes,Pantevenvirales,Ackermannviridae,Taipeivirus,Taipeivirus 0507KN21,dsDNA
Taipeivirus,2731621,,,,0.54,,,,,,,0.02,,,0.1,,,573.0,Klebsiella pneumoniae,Duplodnaviria,Heunggongvirae,Uroviricota,Caudoviricetes,Pantevenvirales,Ackermannviridae,Taipeivirus,Taipeivirus 0507KN21,dsDNA
Taipeivirus,2731621,,,,0.54,,,,,,,0.02,,,0.1,,,1420013.0,Klebsiella pneumoniae 30684/NJST258_2,Duplodnaviria,Heunggongvirae,Uroviricota,Caudoviricetes,Pantevenvirales,Ackermannviridae,Taipeivirus,unclassified Taipeivirus,dsDNA
Taipeivirus,2731621,,,,0.54,,,,,,,0.02,,,0.1,,,61652.0,Serratia rubidaea,Duplodnaviria,Heunggongvirae,Uroviricota,Caudoviricetes,Pantevenvirales,Ackermannviridae,Taipeivirus,Taipeivirus IME250,dsDNA
Pettyvirus,2731671,,,,,,,,,,,0.03,,,,,0.08,,,,,,,,,,,
Daemvirus,2731672,,,,,,,,,,,0.02,,,,,,40214.0,Acinetobacter johnsonii,Duplodnaviria,Heunggongvirae,Uroviricota,Caudoviricetes,Autographivirales,Autoscriptoviridae,Beijerinckvirinae,Daemvirus,dsDNA
Gajwadongvirus,2731941,,,,,,,,0.28,,,,,,0.28,,,562.0,Escherichia coli,Duplodnaviria,Heunggongvirae,Uroviricota,Caudoviricetes,Autographivirales,Autographivirales incertae sedis,Gajwadongvirus,Gajwadongvirus ECBP5,dsDNA
Gajwadongvirus,2731941,,,,,,,,0.28,,,,,,0.28,,,573.0,Klebsiella pneumoniae,Duplodnaviria,Heunggongvirae,Uroviricota,Caudoviricetes,Autographivirales,Autographivirales incertae sedis,Gajwadongvirus,unclassified Gajwadongvirus,dsDNA
Gajwadongvirus,2731941,,,,,,,,0.28,,,,,,0.28,,,555.0,Pectobacterium carotovorum subsp. carotovorum,Duplodnaviria,Heunggongvirae,Uroviricota,Caudoviricetes,Autographivirales,Autographivirales incertae sedis,Gajwadongvirus,Gajwadongvirus PP99,dsDNA
Gajwadongvirus,2731941,,,,,,,,0.28,,,,,,0.28,,,286.0,Pseudomonas,Duplodnaviria,Heunggongvirae,Uroviricota,Caudoviricetes,Autographivirales,Autographivirales incertae sedis,Gajwadongvirus,Gajwadongvirus MR4,dsDNA
Jiaoyazivirus,2731945,,,,,,,,,,,0.04,,,,,,305.0,Ralstonia solanacearum,Duplodnaviria,Heunggongvirae,Uroviricota,Caudoviricetes,Autographivirales,Autoscriptoviridae,Jiaoyazivirus,Jiaoyazivirus RSB3,dsDNA
Scottvirus,2731973,,,,,,,,,,,,,,,,0.09,13689.0,Sphingomonas paucimobilis,Duplodnaviria,Heunggongvirae,Uroviricota,Caudoviricetes,Autographivirales,Autonotataviridae,Scottvirus,Scottvirus scott,dsDNA
Epseptimavirus,2732017,,,,,,,,,,0.1,0.04,,,,,0.1,83333.0,Escherichia coli K-12,Duplodnaviria,Heunggongvirae,Uroviricota,Caudoviricetes,Caudoviricetes incertae sedis,Demerecviridae,Markadamsvirinae,Epseptimavirus,dsDNA
Epseptimavirus,2732017,,,,,,,,,,0.1,0.04,,,,,0.1,511145.0,Escherichia coli str. K-12 substr. MG1655,Duplodnaviria,Heunggongvirae,Uroviricota,Caudoviricetes,Caudoviricetes incertae sedis,Demerecviridae,Markadamsvirinae,Epseptimavirus,dsDNA
Epseptimavirus,2732017,,,,,,,,,,0.1,0.04,,,,,0.1,197.0,Campylobacter jejuni,Duplodnaviria,Heunggongvirae,Uroviricota,Caudoviricetes,Caudoviricetes incertae sedis,Demerecviridae,Markadamsvirinae,Epseptimavirus,dsDNA
Epseptimavirus,2732017,,,,,,,,,,0.1,0.04,,,,,0.1,546.0,Citrobacter freundii,Duplodnaviria,Heunggongvirae,Uroviricota,Caudoviricetes,Caudoviricetes incertae sedis,Demerecviridae,Markadamsvirinae,Epseptimavirus,dsDNA
Epseptimavirus,2732017,,,,,,,,,,0.1,0.04,,,,,0.1,543.0,Enterobacteriaceae,Duplodnaviria,Heunggongvirae,Uroviricota,Caudoviricetes,Caudoviricetes incertae sedis,Demerecviridae,Markadamsvirinae,Epseptimavirus,dsDNA
Epseptimavirus,2732017,,,,,,,,,,0.1,0.04,,,,,0.1,573.0,Klebsiella pneumoniae,Duplodnaviria,Heunggongvirae,Uroviricota,Caudoviricetes,Caudoviricetes incertae sedis,Demerecviridae,Markadamsvirinae,Epseptimavirus,dsDNA
Epseptimavirus,2732017,,,,,,,,,,0.1,0.04,,,,,0.1,82983.0,Obesumbacterium proteus,Duplodnaviria,Heunggongvirae,Uroviricota,Caudoviricetes,Caudoviricetes incertae sedis,Demerecviridae,Markadamsvirinae,Epseptimavirus,dsDNA
Epseptimavirus,2732017,,,,,,,,,,0.1,0.04,,,,,0.1,,,Duplodnaviria,Heunggongvirae,Uroviricota,Caudoviricetes,Caudoviricetes incertae sedis,Demerecviridae,Markadamsvirinae,Epseptimavirus,dsDNA
Epseptimavirus,2732017,,,,,,,,,,0.1,0.04,,,,,0.1,59201.0,Salmonella enterica subsp. enterica,Duplodnaviria,Heunggongvirae,Uroviricota,Caudoviricetes,Caudoviricetes incertae sedis,Demerecviridae,Markadamsvirinae,Epseptimavirus,dsDNA
Epseptimavirus,2732017,,,,,,,,,,0.1,0.04,,,,,0.1,594.0,Salmonella enterica subsp. enterica serovar Gallinarum,Duplodnaviria,Heunggongvirae,Uroviricota,Caudoviricetes,Caudoviricetes incertae sedis,Demerecviridae,Markadamsvirinae,Epseptimavirus,dsDNA
Epseptimavirus,2732017,,,,,,,,,,0.1,0.04,,,,,0.1,149539.0,Salmonella enterica subsp. enterica serovar Enteritidis,Duplodnaviria,Heunggongvirae,Uroviricota,Caudoviricetes,Caudoviricetes incertae sedis,Demerecviridae,Markadamsvirinae,Epseptimavirus,dsDNA
Epseptimavirus,2732017,,,,,,,,,,0.1,0.04,,,,,0.1,90371.0,Salmonella enterica subsp. enterica serovar Typhimurium,Duplodnaviria,Heunggongvirae,Uroviricota,Caudoviricetes,Caudoviricetes incertae sedis,Demerecviridae,Markadamsvirinae,Epseptimavirus,dsDNA
Epseptimavirus,2732017,,,,,,,,,,0.1,0.04,,,,,0.1,590.0,Salmonella,Duplodnaviria,Heunggongvirae,Uroviricota,Caudoviricetes,Caudoviricetes incertae sedis,Demerecviridae,Markadamsvirinae,Epseptimavirus,dsDNA
Epseptimavirus,2732017,,,,,,,,,,0.1,0.04,,,,,0.1,595.0,Salmonella enterica subsp. enterica serovar Infantis,Duplodnaviria,Heunggongvirae,Uroviricota,Caudoviricetes,Caudoviricetes incertae sedis,Demerecviridae,Markadamsvirinae,Epseptimavirus,dsDNA
Epseptimavirus,2732017,,,,,,,,,,0.1,0.04,,,,,0.1,58712.0,Salmonella enterica subsp. enterica serovar Anatum,Duplodnaviria,Heunggongvirae,Uroviricota,Caudoviricetes,Caudoviricetes incertae sedis,Demerecviridae,Markadamsvirinae,Epseptimavirus,dsDNA
Epseptimavirus,2732017,,,,,,,,,,0.1,0.04,,,,,0.1,192955.0,Salmonella enterica subsp. enterica serovar Kentucky,Duplodnaviria,Heunggongvirae,Uroviricota,Caudoviricetes,Caudoviricetes incertae sedis,Demerecviridae,Markadamsvirinae,Epseptimavirus,dsDNA
Epseptimavirus,2732017,,,,,,,,,,0.1,0.04,,,,,0.1,149385.0,Salmonella enterica subsp. enterica serovar Hadar,Duplodnaviria,Heunggongvirae,Uroviricota,Caudoviricetes,Caudoviricetes incertae sedis,Demerecviridae,Markadamsvirinae,Epseptimavirus,dsDNA
Epseptimavirus,2732017,,,,,,,,,,0.1,0.04,,,,,0.1,28147.0,Salmonella enterica subsp. enterica serovar Oranienburg,Duplodnaviria,Heunggongvirae,Uroviricota,Caudoviricetes,Caudoviricetes incertae sedis,Demerecviridae,Markadamsvirinae,Epseptimavirus,dsDNA
Epseptimavirus,2732017,,,,,,,,,,0.1,0.04,,,,,0.1,48409.0,Salmonella enterica subsp. enterica serovar Virchow,Duplodnaviria,Heunggongvirae,Uroviricota,Caudoviricetes,Caudoviricetes incertae sedis,Demerecviridae,Markadamsvirinae,Epseptimavirus,dsDNA
Epseptimavirus,2732017,,,,,,,,,,0.1,0.04,,,,,0.1,57743.0,Salmonella enterica subsp. enterica serovar Weltevreden,Duplodnaviria,Heunggongvirae,Uroviricota,Caudoviricetes,Caudoviricetes incertae sedis,Demerecviridae,Markadamsvirinae,Epseptimavirus,dsDNA
Epseptimavirus,2732017,,,,,,,,,,0.1,0.04,,,,,0.1,90105.0,Salmonella enterica subsp. enterica serovar Saintpaul,Duplodnaviria,Heunggongvirae,Uroviricota,Caudoviricetes,Caudoviricetes incertae sedis,Demerecviridae,Markadamsvirinae,Epseptimavirus,dsDNA
Epseptimavirus,2732017,,,,,,,,,,0.1,0.04,,,,,0.1,99287.0,Salmonella enterica subsp. enterica serovar Typhimurium str. LT2,Duplodnaviria,Heunggongvirae,Uroviricota,Caudoviricetes,Caudoviricetes incertae sedis,Demerecviridae,Markadamsvirinae,Epseptimavirus,dsDNA
Epseptimavirus,2732017,,,,,,,,,,0.1,0.04,,,,,0.1,108619.0,Salmonella enterica subsp. enterica serovar Newport,Duplodnaviria,Heunggongvirae,Uroviricota,Caudoviricetes,Caudoviricetes incertae sedis,Demerecviridae,Markadamsvirinae,Epseptimavirus,dsDNA
Epseptimavirus,2732017,,,,,,,,,,0.1,0.04,,,,,0.1,115981.0,Salmonella enterica subsp. enterica serovar Montevideo,Duplodnaviria,Heunggongvirae,Uroviricota,Caudoviricetes,Caudoviricetes incertae sedis,Demerecviridae,Markadamsvirinae,Epseptimavirus,dsDNA
Epseptimavirus,2732017,,,,,,,,,,0.1,0.04,,,,,0.1,436295.0,Salmonella enterica subsp. enterica serovar Poona,Duplodnaviria,Heunggongvirae,Uroviricota,Caudoviricetes,Caudoviricetes incertae sedis,Demerecviridae,Markadamsvirinae,Epseptimavirus,dsDNA
Epseptimavirus,2732017,,,,,,,,,,0.1,0.04,,,,,0.1,588858.0,Salmonella enterica subsp. enterica serovar Typhimurium str. 14028S,Duplodnaviria,Heunggongvirae,Uroviricota,Caudoviricetes,Caudoviricetes incertae sedis,Demerecviridae,Markadamsvirinae,Epseptimavirus,dsDNA
Epseptimavirus,2732017,,,,,,,,,,0.1,0.04,,,,,0.1,593905.0,Salmonella enterica subsp. enterica serovar Corvallis,Duplodnaviria,Heunggongvirae,Uroviricota,Caudoviricetes,Caudoviricetes incertae sedis,Demerecviridae,Markadamsvirinae,Epseptimavirus,dsDNA
Epseptimavirus,2732017,,,,,,,,,,0.1,0.04,,,,,0.1,1331664.0,"Salmonella enterica subsp. enterica serovar Typhimurium var. monophasic 4,5,12:i:-",Duplodnaviria,Heunggongvirae,Uroviricota,Caudoviricetes,Caudoviricetes incertae sedis,Demerecviridae,Markadamsvirinae,Epseptimavirus,dsDNA
Epseptimavirus,2732017,,,,,,,,,,0.1,0.04,,,,,0.1,605.0,Salmonella enterica subsp. enterica serovar Pullorum,Duplodnaviria,Heunggongvirae,Uroviricota,Caudoviricetes,Caudoviricetes incertae sedis,Demerecviridae,Markadamsvirinae,Epseptimavirus,dsDNA
Epseptimavirus,2732017,,,,,,,,,,0.1,0.04,,,,,0.1,216597.0,Salmonella enterica subsp. enterica serovar Typhimurium str. SL1344,Duplodnaviria,Heunggongvirae,Uroviricota,Caudoviricetes,Caudoviricetes incertae sedis,Demerecviridae,Markadamsvirinae,Epseptimavirus,dsDNA
Epseptimavirus,2732017,,,,,,,,,,0.1,0.04,,,,,0.1,909946.0,Salmonella enterica subsp. enterica serovar Typhimurium str. ST4/74,Duplodnaviria,Heunggongvirae,Uroviricota,Caudoviricetes,Caudoviricetes incertae sedis,Demerecviridae,Markadamsvirinae,Epseptimavirus,dsDNA
Epseptimavirus,2732017,,,,,,,,,,0.1,0.04,,,,,0.1,28144.0,Salmonella enterica subsp. enterica serovar Derby,Duplodnaviria,Heunggongvirae,Uroviricota,Caudoviricetes,Caudoviricetes incertae sedis,Demerecviridae,Markadamsvirinae,Epseptimavirus,dsDNA
Epseptimavirus,2732017,,,,,,,,,,0.1,0.04,,,,,0.1,98360.0,Salmonella enterica subsp. enterica serovar Dublin,Duplodnaviria,Heunggongvirae,Uroviricota,Caudoviricetes,Caudoviricetes incertae sedis,Demerecviridae,Markadamsvirinae,Epseptimavirus,dsDNA
Epseptimavirus,2732017,,,,,,,,,,0.1,0.04,,,,,0.1,90370.0,Salmonella enterica subsp. enterica serovar Typhi,Duplodnaviria,Heunggongvirae,Uroviricota,Caudoviricetes,Caudoviricetes incertae sedis,Demerecviridae,Markadamsvirinae,Epseptimavirus,dsDNA
Epseptimavirus,2732017,,,,,,,,,,0.1,0.04,,,,,0.1,2583588.0,"Salmonella enterica subsp. enterica serovar 1,4,[5],12:i:-",Duplodnaviria,Heunggongvirae,Uroviricota,Caudoviricetes,Caudoviricetes incertae sedis,Demerecviridae,Markadamsvirinae,Epseptimavirus,dsDNA
Epseptimavirus,2732017,,,,,,,,,,0.1,0.04,,,,,0.1,363569.0,Salmonella enterica subsp. enterica serovar Javiana,Duplodnaviria,Heunggongvirae,Uroviricota,Caudoviricetes,Caudoviricetes incertae sedis,Demerecviridae,Markadamsvirinae,Epseptimavirus,dsDNA
Epseptimavirus,2732017,,,,,,,,,,0.1,0.04,,,,,0.1,149391.0,Salmonella enterica subsp. enterica serovar Braenderup,Duplodnaviria,Heunggongvirae,Uroviricota,Caudoviricetes,Caudoviricetes incertae sedis,Demerecviridae,Markadamsvirinae,Epseptimavirus,dsDNA
Epseptimavirus,2732017,,,,,,,,,,0.1,0.04,,,,,0.1,630.0,Yersinia enterocolitica,Duplodnaviria,Heunggongvirae,Uroviricota,Caudoviricetes,Caudoviricetes incertae sedis,Demerecviridae,Markadamsvirinae,Epseptimavirus,dsDNA
Shenzhenvirus,2732038,,,,,0.18,0.17,,,,,0.09,,,,,,196023.0,Aeromonas hydrophila subsp. hydrophila,Duplodnaviria,Heunggongvirae,Uroviricota,Caudoviricetes,Caudoviricetes incertae sedis,Demerecviridae,Shenzhenvirus,unclassified Shenzhenvirus,dsDNA
Shenzhenvirus,2732038,,,,,0.18,0.17,,,,,0.09,,,,,,644.0,Aeromonas hydrophila,Duplodnaviria,Heunggongvirae,Uroviricota,Caudoviricetes,Caudoviricetes incertae sedis,Demerecviridae,Shenzhenvirus,Shenzhenvirus AhSzq1,dsDNA
Shenzhenvirus,2732038,,,,,0.18,0.17,,,,,0.09,,,,,,196024.0,Aeromonas dhakensis,Duplodnaviria,Heunggongvirae,Uroviricota,Caudoviricetes,Caudoviricetes incertae sedis,Demerecviridae,Shenzhenvirus,unclassified Shenzhenvirus,dsDNA
Apdecimavirus,2732676,,0.15,0.1,0.45,,0.23,,0.13,,0.09,0.16,,,0.16,,,,,,,,,,,,,
Berlinvirus,2732677,,,,,1.15,0.28,,0.21,,0.07,0.42,,,0.25,,,546.0,Citrobacter freundii,Duplodnaviria,Heunggongvirae,Uroviricota,Caudoviricetes,Autographivirales,Autotranscriptaviridae,Studiervirinae,Berlinvirus,dsDNA
Berlinvirus,2732677,,,,,1.15,0.28,,0.21,,0.07,0.42,,,0.25,,,599.0,Salmonella sp.,Duplodnaviria,Heunggongvirae,Uroviricota,Caudoviricetes,Autographivirales,Autotranscriptaviridae,Studiervirinae,Berlinvirus,dsDNA
Berlinvirus,2732677,,,,,1.15,0.28,,0.21,,0.07,0.42,,,0.25,,,558.0,Erwinia sp.,Duplodnaviria,Heunggongvirae,Uroviricota,Caudoviricetes,Autographivirales,Autotranscriptaviridae,Studiervirinae,Berlinvirus,dsDNA
Berlinvirus,2732677,,,,,1.15,0.28,,0.21,,0.07,0.42,,,0.25,,,552.0,Erwinia amylovora,Duplodnaviria,Heunggongvirae,Uroviricota,Caudoviricetes,Autographivirales,Autotranscriptaviridae,Studiervirinae,Berlinvirus,dsDNA
Berlinvirus,2732677,,,,,1.15,0.28,,0.21,,0.07,0.42,,,0.25,,,83333.0,Escherichia coli K-12,Duplodnaviria,Heunggongvirae,Uroviricota,Caudoviricetes,Autographivirales,Autotranscriptaviridae,Studiervirinae,Berlinvirus,dsDNA
Berlinvirus,2732677,,,,,1.15,0.28,,0.21,,0.07,0.42,,,0.25,,,1211845.0,Escherichia coli MC1061,Duplodnaviria,Heunggongvirae,Uroviricota,Caudoviricetes,Autographivirales,Autotranscriptaviridae,Studiervirinae,Berlinvirus,dsDNA
Berlinvirus,2732677,,,,,1.15,0.28,,0.21,,0.07,0.42,,,0.25,,,580.0,Kluyvera cryocrescens,Duplodnaviria,Heunggongvirae,Uroviricota,Caudoviricetes,Autographivirales,Autotranscriptaviridae,Studiervirinae,Berlinvirus,dsDNA
Berlinvirus,2732677,,,,,1.15,0.28,,0.21,,0.07,0.42,,,0.25,,,55208.0,Pectobacterium wasabiae,Duplodnaviria,Heunggongvirae,Uroviricota,Caudoviricetes,Autographivirales,Autotranscriptaviridae,Studiervirinae,Berlinvirus,dsDNA
Berlinvirus,2732677,,,,,1.15,0.28,,0.21,,0.07,0.42,,,0.25,,,90371.0,Salmonella enterica subsp. enterica serovar Typhimurium,Duplodnaviria,Heunggongvirae,Uroviricota,Caudoviricetes,Autographivirales,Autotranscriptaviridae,Studiervirinae,Berlinvirus,dsDNA
Berlinvirus,2732677,,,,,1.15,0.28,,0.21,,0.07,0.42,,,0.25,,,385964.0,Yersinia pestis subsp. pestis,Duplodnaviria,Heunggongvirae,Uroviricota,Caudoviricetes,Autographivirales,Autotranscriptaviridae,Studiervirinae,Berlinvirus,dsDNA
Berlinvirus,2732677,,,,,1.15,0.28,,0.21,,0.07,0.42,,,0.25,,,632.0,Yersinia pestis,Duplodnaviria,Heunggongvirae,Uroviricota,Caudoviricetes,Autographivirales,Autotranscriptaviridae,Studiervirinae,Berlinvirus,dsDNA
Berlinvirus,2732677,,,,,1.15,0.28,,0.21,,0.07,0.42,,,0.25,,,633.0,Yersinia pseudotuberculosis,Duplodnaviria,Heunggongvirae,Uroviricota,Caudoviricetes,Autographivirales,Autotranscriptaviridae,Studiervirinae,Berlinvirus,dsDNA
Berlinvirus,2732677,,,,,1.15,0.28,,0.21,,0.07,0.42,,,0.25,,,367190.0,Yersinia similis,Duplodnaviria,Heunggongvirae,Uroviricota,Caudoviricetes,Autographivirales,Autotranscriptaviridae,Studiervirinae,Berlinvirus,dsDNA
Berlinvirus,2732677,,,,,1.15,0.28,,0.21,,0.07,0.42,,,0.25,,,1341643.0,Yersinia wautersii,Duplodnaviria,Heunggongvirae,Uroviricota,Caudoviricetes,Autographivirales,Autotranscriptaviridae,Studiervirinae,Berlinvirus,dsDNA
Foetvirus,2732682,,,,,0.24,,,,,0.07,0.13,,,0.09,,0.09,,,,,,,,,,,
Ghunavirus,2732683,,,,,,,,,,,,,,,52.37,,317.0,Pseudomonas syringae,Duplodnaviria,Heunggongvirae,Uroviricota,Caudoviricetes,Autographivirales,Autotranscriptaviridae,Studiervirinae,Ghunavirus,dsDNA
Ghunavirus,2732683,,,,,,,,,,,,,,,52.37,,204038.0,Dickeya dadantii,Duplodnaviria,Heunggongvirae,Uroviricota,Caudoviricetes,Autographivirales,Autotranscriptaviridae,Studiervirinae,Ghunavirus,dsDNA
Ghunavirus,2732683,,,,,,,,,,,,,,,52.37,,2745510.0,Pseudomonas zeae,Duplodnaviria,Heunggongvirae,Uroviricota,Caudoviricetes,Autographivirales,Autotranscriptaviridae,Studiervirinae,Ghunavirus,dsDNA
Ghunavirus,2732683,,,,,,,,,,,,,,,52.37,,286.0,Pseudomonas,Duplodnaviria,Heunggongvirae,Uroviricota,Caudoviricetes,Autographivirales,Autotranscriptaviridae,Studiervirinae,Ghunavirus,dsDNA
Ghunavirus,2732683,,,,,,,,,,,,,,,52.37,,323.0,Pseudomonas syringae pv. tomato,Duplodnaviria,Heunggongvirae,Uroviricota,Caudoviricetes,Autographivirales,Autotranscriptaviridae,Studiervirinae,Ghunavirus,dsDNA
Ghunavirus,2732683,,,,,,,,,,,,,,,52.37,,306.0,Pseudomonas sp.,Duplodnaviria,Heunggongvirae,Uroviricota,Caudoviricetes,Autographivirales,Autotranscriptaviridae,Studiervirinae,Ghunavirus,dsDNA
Ghunavirus,2732683,,,,,,,,,,,,,,,52.37,,1094176.0,Pseudomonas syringae pv. actinidiae CFBP 7286,Duplodnaviria,Heunggongvirae,Uroviricota,Caudoviricetes,Autographivirales,Autotranscriptaviridae,Studiervirinae,Ghunavirus,dsDNA
Ghunavirus,2732683,,,,,,,,,,,,,,,52.37,,103796.0,Pseudomonas syringae pv. actinidiae,Duplodnaviria,Heunggongvirae,Uroviricota,Caudoviricetes,Autographivirales,Autotranscriptaviridae,Studiervirinae,Ghunavirus,dsDNA
Ghunavirus,2732683,,,,,,,,,,,,,,,52.37,,223283.0,Pseudomonas syringae pv. tomato str. DC3000,Duplodnaviria,Heunggongvirae,Uroviricota,Caudoviricetes,Autographivirales,Autotranscriptaviridae,Studiervirinae,Ghunavirus,dsDNA
Ghunavirus,2732683,,,,,,,,,,,,,,,52.37,,411899.0,Pseudomonas sp. F,Duplodnaviria,Heunggongvirae,Uroviricota,Caudoviricetes,Autographivirales,Autotranscriptaviridae,Studiervirinae,Ghunavirus,dsDNA
Ghunavirus,2732683,,,,,,,,,,,,,,,52.37,,136843.0,Pseudomonas fluorescens group,Duplodnaviria,Heunggongvirae,Uroviricota,Caudoviricetes,Autographivirales,Autotranscriptaviridae,Studiervirinae,Ghunavirus,dsDNA
Ghunavirus,2732683,,,,,,,,,,,,,,,52.37,,318.0,Pseudomonas savastanoi pv. glycinea,Duplodnaviria,Heunggongvirae,Uroviricota,Caudoviricetes,Autographivirales,Autotranscriptaviridae,Studiervirinae,Ghunavirus,dsDNA
Ghunavirus,2732683,,,,,,,,,,,,,,,52.37,,1104681.0,Pseudomonas syringae pv. actinidiae ICMP 18800,Duplodnaviria,Heunggongvirae,Uroviricota,Caudoviricetes,Autographivirales,Autotranscriptaviridae,Studiervirinae,Ghunavirus,dsDNA
Ghunavirus,2732683,,,,,,,,,,,,,,,52.37,,36746.0,Pseudomonas cichorii,Duplodnaviria,Heunggongvirae,Uroviricota,Caudoviricetes,Autographivirales,Autotranscriptaviridae,Studiervirinae,Ghunavirus,dsDNA
Ghunavirus,2732683,,,,,,,,,,,,,,,52.37,,343.0,Xanthomonas translucens,Duplodnaviria,Heunggongvirae,Uroviricota,Caudoviricetes,Autographivirales,Autotranscriptaviridae,Studiervirinae,Ghunavirus,dsDNA
Ghunavirus,2732683,,,,,,,,,,,,,,,52.37,,134875.0,Xanthomonas translucens pv. translucens,Duplodnaviria,Heunggongvirae,Uroviricota,Caudoviricetes,Autographivirales,Autotranscriptaviridae,Studiervirinae,Ghunavirus,dsDNA
Kayfunavirus,2732686,,3.69,0.69,0.78,0.62,0.63,0.44,0.49,1.59,0.81,0.68,1.55,0.24,0.47,0.37,1.24,1.0,root,Duplodnaviria,Heunggongvirae,Uroviricota,Caudoviricetes,Autographivirales,Autotranscriptaviridae,Studiervirinae,Kayfunavirus,dsDNA
Kayfunavirus,2732686,,3.69,0.69,0.78,0.62,0.63,0.44,0.49,1.59,0.81,0.68,1.55,0.24,0.47,0.37,1.24,287.0,Pseudomonas aeruginosa,Duplodnaviria,Heunggongvirae,Uroviricota,Caudoviricetes,Autographivirales,Autotranscriptaviridae,Studiervirinae,Kayfunavirus,dsDNA
Kayfunavirus,2732686,,3.69,0.69,0.78,0.62,0.63,0.44,0.49,1.59,0.81,0.68,1.55,0.24,0.47,0.37,1.24,562.0,Escherichia coli,Duplodnaviria,Heunggongvirae,Uroviricota,Caudoviricetes,Autographivirales,Autotranscriptaviridae,Studiervirinae,Kayfunavirus,dsDNA
Kayfunavirus,2732686,,3.69,0.69,0.78,0.62,0.63,0.44,0.49,1.59,0.81,0.68,1.55,0.24,0.47,0.37,1.24,670.0,Vibrio parahaemolyticus,Duplodnaviria,Heunggongvirae,Uroviricota,Caudoviricetes,Autographivirales,Autotranscriptaviridae,Studiervirinae,Kayfunavirus,dsDNA
Kayfunavirus,2732686,,3.69,0.69,0.78,0.62,0.63,0.44,0.49,1.59,0.81,0.68,1.55,0.24,0.47,0.37,1.24,672.0,Vibrio vulnificus,Duplodnaviria,Heunggongvirae,Uroviricota,Caudoviricetes,Autographivirales,Autotranscriptaviridae,Studiervirinae,Kayfunavirus,dsDNA
Kayfunavirus,2732686,,3.69,0.69,0.78,0.62,0.63,0.44,0.49,1.59,0.81,0.68,1.55,0.24,0.47,0.37,1.24,28901.0,Salmonella enterica,Duplodnaviria,Heunggongvirae,Uroviricota,Caudoviricetes,Autographivirales,Autotranscriptaviridae,Studiervirinae,Kayfunavirus,dsDNA
Kayfunavirus,2732686,,3.69,0.69,0.78,0.62,0.63,0.44,0.49,1.59,0.81,0.68,1.55,0.24,0.47,0.37,1.24,67825.0,Citrobacter rodentium,Duplodnaviria,Heunggongvirae,Uroviricota,Caudoviricetes,Autographivirales,Autotranscriptaviridae,Studiervirinae,Kayfunavirus,dsDNA
Kayfunavirus,2732686,,3.69,0.69,0.78,0.62,0.63,0.44,0.49,1.59,0.81,0.68,1.55,0.24,0.47,0.37,1.24,413502.0,Cronobacter turicensis,Duplodnaviria,Heunggongvirae,Uroviricota,Caudoviricetes,Autographivirales,Autotranscriptaviridae,Studiervirinae,Kayfunavirus,dsDNA
Kayfunavirus,2732686,,3.69,0.69,0.78,0.62,0.63,0.44,0.49,1.59,0.81,0.68,1.55,0.24,0.47,0.37,1.24,1888169.0,Cronobacter sp.,Duplodnaviria,Heunggongvirae,Uroviricota,Caudoviricetes,Autographivirales,Autotranscriptaviridae,Studiervirinae,Kayfunavirus,dsDNA
Kayfunavirus,2732686,,3.69,0.69,0.78,0.62,0.63,0.44,0.49,1.59,0.81,0.68,1.55,0.24,0.47,0.37,1.24,2042057.0,Pectobacterium polaris,Duplodnaviria,Heunggongvirae,Uroviricota,Caudoviricetes,Autographivirales,Autotranscriptaviridae,Studiervirinae,Kayfunavirus,dsDNA
Kayfunavirus,2732686,,3.69,0.69,0.78,0.62,0.63,0.44,0.49,1.59,0.81,0.68,1.55,0.24,0.47,0.37,1.24,550.0,Enterobacter cloacae,Duplodnaviria,Heunggongvirae,Uroviricota,Caudoviricetes,Autographivirales,Autotranscriptaviridae,Studiervirinae,Kayfunavirus,dsDNA
Kayfunavirus,2732686,,3.69,0.69,0.78,0.62,0.63,0.44,0.49,1.59,0.81,0.68,1.55,0.24,0.47,0.37,1.24,547.0,Enterobacter,Duplodnaviria,Heunggongvirae,Uroviricota,Caudoviricetes,Autographivirales,Autotranscriptaviridae,Studiervirinae,Kayfunavirus,dsDNA
Kayfunavirus,2732686,,3.69,0.69,0.78,0.62,0.63,0.44,0.49,1.59,0.81,0.68,1.55,0.24,0.47,0.37,1.24,158836.0,Enterobacter hormaechei,Duplodnaviria,Heunggongvirae,Uroviricota,Caudoviricetes,Autographivirales,Autotranscriptaviridae,Studiervirinae,Kayfunavirus,dsDNA
Kayfunavirus,2732686,,3.69,0.69,0.78,0.62,0.63,0.44,0.49,1.59,0.81,0.68,1.55,0.24,0.47,0.37,1.24,299767.0,Enterobacter ludwigii,Duplodnaviria,Heunggongvirae,Uroviricota,Caudoviricetes,Autographivirales,Autotranscriptaviridae,Studiervirinae,Kayfunavirus,dsDNA
Kayfunavirus,2732686,,3.69,0.69,0.78,0.62,0.63,0.44,0.49,1.59,0.81,0.68,1.55,0.24,0.47,0.37,1.24,1351.0,Enterococcus faecalis,Duplodnaviria,Heunggongvirae,Uroviricota,Caudoviricetes,Autographivirales,Autotranscriptaviridae,Studiervirinae,Kayfunavirus,dsDNA
Kayfunavirus,2732686,,3.69,0.69,0.78,0.62,0.63,0.44,0.49,1.59,0.81,0.68,1.55,0.24,0.47,0.37,1.24,561.0,Escherichia,Duplodnaviria,Heunggongvirae,Uroviricota,Caudoviricetes,Autographivirales,Autotranscriptaviridae,Studiervirinae,Kayfunavirus,dsDNA
Kayfunavirus,2732686,,3.69,0.69,0.78,0.62,0.63,0.44,0.49,1.59,0.81,0.68,1.55,0.24,0.47,0.37,1.24,2170723.0,Escherichia coli O153,Duplodnaviria,Heunggongvirae,Uroviricota,Caudoviricetes,Autographivirales,Autotranscriptaviridae,Studiervirinae,Kayfunavirus,dsDNA
Kayfunavirus,2732686,,3.69,0.69,0.78,0.62,0.63,0.44,0.49,1.59,0.81,0.68,1.55,0.24,0.47,0.37,1.24,1884818.0,Escherichia sp.,Duplodnaviria,Heunggongvirae,Uroviricota,Caudoviricetes,Autographivirales,Autotranscriptaviridae,Studiervirinae,Kayfunavirus,dsDNA
Kayfunavirus,2732686,,3.69,0.69,0.78,0.62,0.63,0.44,0.49,1.59,0.81,0.68,1.55,0.24,0.47,0.37,1.24,866789.0,Escherichia coli DSM 30083 = JCM 1649 = ATCC 11775,Duplodnaviria,Heunggongvirae,Uroviricota,Caudoviricetes,Autographivirales,Autotranscriptaviridae,Studiervirinae,Kayfunavirus,dsDNA
Kayfunavirus,2732686,,3.69,0.69,0.78,0.62,0.63,0.44,0.49,1.59,0.81,0.68,1.55,0.24,0.47,0.37,1.24,2067429.0,Escherichia coli O2,Duplodnaviria,Heunggongvirae,Uroviricota,Caudoviricetes,Autographivirales,Autotranscriptaviridae,Studiervirinae,Kayfunavirus,dsDNA
Kayfunavirus,2732686,,3.69,0.69,0.78,0.62,0.63,0.44,0.49,1.59,0.81,0.68,1.55,0.24,0.47,0.37,1.24,199310.0,Escherichia coli CFT073,Duplodnaviria,Heunggongvirae,Uroviricota,Caudoviricetes,Autographivirales,Autotranscriptaviridae,Studiervirinae,Kayfunavirus,dsDNA
Kayfunavirus,2732686,,3.69,0.69,0.78,0.62,0.63,0.44,0.49,1.59,0.81,0.68,1.55,0.24,0.47,0.37,1.24,1055536.0,Escherichia coli O103,Duplodnaviria,Heunggongvirae,Uroviricota,Caudoviricetes,Autographivirales,Autotranscriptaviridae,Studiervirinae,Kayfunavirus,dsDNA
Kayfunavirus,2732686,,3.69,0.69,0.78,0.62,0.63,0.44,0.49,1.59,0.81,0.68,1.55,0.24,0.47,0.37,1.24,470.0,Acinetobacter baumannii,Duplodnaviria,Heunggongvirae,Uroviricota,Caudoviricetes,Autographivirales,Autotranscriptaviridae,Studiervirinae,Kayfunavirus,dsDNA
Kayfunavirus,2732686,,3.69,0.69,0.78,0.62,0.63,0.44,0.49,1.59,0.81,0.68,1.55,0.24,0.47,0.37,1.24,546367.0,Hafnia paralvei,Duplodnaviria,Heunggongvirae,Uroviricota,Caudoviricetes,Autographivirales,Autotranscriptaviridae,Studiervirinae,Kayfunavirus,dsDNA
Kayfunavirus,2732686,,3.69,0.69,0.78,0.62,0.63,0.44,0.49,1.59,0.81,0.68,1.55,0.24,0.47,0.37,1.24,1322345.0,Escherichia coli ATCC 25922,Duplodnaviria,Heunggongvirae,Uroviricota,Caudoviricetes,Autographivirales,Autotranscriptaviridae,Studiervirinae,Kayfunavirus,dsDNA
Kayfunavirus,2732686,,3.69,0.69,0.78,0.62,0.63,0.44,0.49,1.59,0.81,0.68,1.55,0.24,0.47,0.37,1.24,208223.0,Kosakonia cowanii,Duplodnaviria,Heunggongvirae,Uroviricota,Caudoviricetes,Autographivirales,Autotranscriptaviridae,Studiervirinae,Kayfunavirus,dsDNA
Kayfunavirus,2732686,,3.69,0.69,0.78,0.62,0.63,0.44,0.49,1.59,0.81,0.68,1.55,0.24,0.47,0.37,1.24,587.0,Providencia rettgeri,Duplodnaviria,Heunggongvirae,Uroviricota,Caudoviricetes,Autographivirales,Autotranscriptaviridae,Studiervirinae,Kayfunavirus,dsDNA
Kayfunavirus,2732686,,3.69,0.69,0.78,0.62,0.63,0.44,0.49,1.59,0.81,0.68,1.55,0.24,0.47,0.37,1.24,54388.0,Salmonella enterica subsp. enterica serovar Paratyphi A,Duplodnaviria,Heunggongvirae,Uroviricota,Caudoviricetes,Autographivirales,Autotranscriptaviridae,Studiervirinae,Kayfunavirus,dsDNA
Kayfunavirus,2732686,,3.69,0.69,0.78,0.62,0.63,0.44,0.49,1.59,0.81,0.68,1.55,0.24,0.47,0.37,1.24,57046.0,Salmonella enterica subsp. enterica serovar Paratyphi C,Duplodnaviria,Heunggongvirae,Uroviricota,Caudoviricetes,Autographivirales,Autotranscriptaviridae,Studiervirinae,Kayfunavirus,dsDNA
Kayfunavirus,2732686,,3.69,0.69,0.78,0.62,0.63,0.44,0.49,1.59,0.81,0.68,1.55,0.24,0.47,0.37,1.24,57045.0,Salmonella enterica subsp. enterica serovar Paratyphi B,Duplodnaviria,Heunggongvirae,Uroviricota,Caudoviricetes,Autographivirales,Autotranscriptaviridae,Studiervirinae,Kayfunavirus,dsDNA
Kayfunavirus,2732686,,3.69,0.69,0.78,0.62,0.63,0.44,0.49,1.59,0.81,0.68,1.55,0.24,0.47,0.37,1.24,1280.0,Staphylococcus aureus,Duplodnaviria,Heunggongvirae,Uroviricota,Caudoviricetes,Autographivirales,Autotranscriptaviridae,Studiervirinae,Kayfunavirus,dsDNA
Minipunavirus,2732687,,,,,,,,,,0.08,0.04,,,,,,582.0,Morganella morganii,Duplodnaviria,Heunggongvirae,Uroviricota,Caudoviricetes,Autographivirales,Autotranscriptaviridae,Studiervirinae,Minipunavirus,dsDNA
Minipunavirus,2732687,,,,,,,,,,0.08,0.04,,,,,,581.0,Morganella,Duplodnaviria,Heunggongvirae,Uroviricota,Caudoviricetes,Autographivirales,Autotranscriptaviridae,Studiervirinae,Minipunavirus,dsDNA
Pifdecavirus,2732691,,,,,,,,,,,,,,,0.08,,1211579.0,Pseudomonas putida NBRC 14164,Duplodnaviria,Heunggongvirae,Uroviricota,Caudoviricetes,Autographivirales,Autotranscriptaviridae,Studiervirinae,Pifdecavirus,dsDNA
Pifdecavirus,2732691,,,,,,,,,,,,,,,0.08,,160488.0,Pseudomonas putida KT2440,Duplodnaviria,Heunggongvirae,Uroviricota,Caudoviricetes,Autographivirales,Autotranscriptaviridae,Studiervirinae,Pifdecavirus,dsDNA
Pijolavirus,2732692,,,,,,,,,,,,,,,1.11,,,,,,,,,,,,
Teetrevirus,2732693,,,,,,,,,,,0.09,,,,,,543.0,Enterobacteriaceae,Duplodnaviria,Heunggongvirae,Uroviricota,Caudoviricetes,Autographivirales,Autotranscriptaviridae,Studiervirinae,Teetrevirus,dsDNA
Teetrevirus,2732693,,,,,,,,,,,0.09,,,,,,362663.0,Escherichia coli 536,Duplodnaviria,Heunggongvirae,Uroviricota,Caudoviricetes,Autographivirales,Autotranscriptaviridae,Studiervirinae,Teetrevirus,dsDNA
Teetrevirus,2732693,,,,,,,,,,,0.09,,,,,,679895.0,Escherichia coli BW25113,Duplodnaviria,Heunggongvirae,Uroviricota,Caudoviricetes,Autographivirales,Autotranscriptaviridae,Studiervirinae,Teetrevirus,dsDNA
Teetrevirus,2732693,,,,,,,,,,,0.09,,,,,,1379687.0,Klebsiella pneumoniae subsp. pneumoniae BJ1-GA,Duplodnaviria,Heunggongvirae,Uroviricota,Caudoviricetes,Autographivirales,Autotranscriptaviridae,Studiervirinae,Teetrevirus,dsDNA
Teetrevirus,2732693,,,,,,,,,,,0.09,,,,,,484021.0,Klebsiella pneumoniae subsp. pneumoniae NTUH-K2044,Duplodnaviria,Heunggongvirae,Uroviricota,Caudoviricetes,Autographivirales,Autotranscriptaviridae,Studiervirinae,Teetrevirus,dsDNA
Teetrevirus,2732693,,,,,,,,,,,0.09,,,,,,2759708.0,Klebsiella sp. M5a1,Duplodnaviria,Heunggongvirae,Uroviricota,Caudoviricetes,Autographivirales,Autotranscriptaviridae,Studiervirinae,Teetrevirus,dsDNA
Teetrevirus,2732693,,,,,,,,,,,0.09,,,,,,83655.0,Leclercia adecarboxylata,Duplodnaviria,Heunggongvirae,Uroviricota,Caudoviricetes,Autographivirales,Autotranscriptaviridae,Studiervirinae,Teetrevirus,dsDNA
Teetrevirus,2732693,,,,,,,,,,,0.09,,,,,,470932.0,Pantoea deleyi,Duplodnaviria,Heunggongvirae,Uroviricota,Caudoviricetes,Autographivirales,Autotranscriptaviridae,Studiervirinae,Teetrevirus,dsDNA
Teetrevirus,2732693,,,,,,,,,,,0.09,,,,,,615.0,Serratia marcescens,Duplodnaviria,Heunggongvirae,Uroviricota,Caudoviricetes,Autographivirales,Autotranscriptaviridae,Studiervirinae,Teetrevirus,dsDNA
Teetrevirus,2732693,,,,,,,,,,,0.09,,,,,,623.0,Shigella flexneri,Duplodnaviria,Heunggongvirae,Uroviricota,Caudoviricetes,Autographivirales,Autotranscriptaviridae,Studiervirinae,Teetrevirus,dsDNA
Teetrevirus,2732693,,,,,,,,,,,0.09,,,,,,630.0,Yersinia enterocolitica,Duplodnaviria,Heunggongvirae,Uroviricota,Caudoviricetes,Autographivirales,Autotranscriptaviridae,Studiervirinae,Teetrevirus,dsDNA
Cronosvirus,2732913,,,0.21,,,,,,,,0.06,0.12,0.1,0.05,,,413502.0,Cronobacter turicensis,Duplodnaviria,Heunggongvirae,Uroviricota,Caudoviricetes,Autographivirales,Autonotataviridae,Melnykvirinae,Cronosvirus,dsDNA
Cronosvirus,2732913,,,0.21,,,,,,,,0.06,0.12,0.1,0.05,,,413503.0,Cronobacter malonaticus,Duplodnaviria,Heunggongvirae,Uroviricota,Caudoviricetes,Autographivirales,Autonotataviridae,Melnykvirinae,Cronosvirus,dsDNA
Cronosvirus,2732913,,,0.21,,,,,,,,0.06,0.12,0.1,0.05,,,1159554.0,Cronobacter dublinensis subsp. dublinensis LMG 23823,Duplodnaviria,Heunggongvirae,Uroviricota,Caudoviricetes,Autographivirales,Autonotataviridae,Melnykvirinae,Cronosvirus,dsDNA
Cronosvirus,2732913,,,0.21,,,,,,,,0.06,0.12,0.1,0.05,,,1159613.0,Cronobacter muytjensii ATCC 51329,Duplodnaviria,Heunggongvirae,Uroviricota,Caudoviricetes,Autographivirales,Autonotataviridae,Melnykvirinae,Cronosvirus,dsDNA
Cronosvirus,2732913,,,0.21,,,,,,,,0.06,0.12,0.1,0.05,,,1163710.0,Cronobacter condimenti,Duplodnaviria,Heunggongvirae,Uroviricota,Caudoviricetes,Autographivirales,Autonotataviridae,Melnykvirinae,Cronosvirus,dsDNA
Cronosvirus,2732913,,,0.21,,,,,,,,0.06,0.12,0.1,0.05,,,28141.0,Cronobacter sakazakii,Duplodnaviria,Heunggongvirae,Uroviricota,Caudoviricetes,Autographivirales,Autonotataviridae,Melnykvirinae,Cronosvirus,dsDNA
Cronosvirus,2732913,,,0.21,,,,,,,,0.06,0.12,0.1,0.05,,,208223.0,Kosakonia cowanii,Duplodnaviria,Heunggongvirae,Uroviricota,Caudoviricetes,Autographivirales,Autonotataviridae,Melnykvirinae,Cronosvirus,dsDNA
Pienvirus,2732915,,,,,,,,,,,0.01,,,,,,34051.0,Yersinia enterocolitica (type O:3),Duplodnaviria,Heunggongvirae,Uroviricota,Caudoviricetes,Autographivirales,Autonotataviridae,Melnykvirinae,Pienvirus,dsDNA
Kotilavirus,2732921,,,,,,,,0.11,,,0.03,0.21,,0.1,,,554.0,Pectobacterium carotovorum,Duplodnaviria,Heunggongvirae,Uroviricota,Caudoviricetes,Autographivirales,Autoscriptoviridae,Corkvirinae,Kotilavirus,dsDNA
Kotilavirus,2732921,,,,,,,,0.11,,,0.03,0.21,,0.1,,,555.0,Pectobacterium carotovorum subsp. carotovorum,Duplodnaviria,Heunggongvirae,Uroviricota,Caudoviricetes,Autographivirales,Autoscriptoviridae,Corkvirinae,Kotilavirus,dsDNA
Kotilavirus,2732921,,,,,,,,0.11,,,0.03,0.21,,0.1,,,122277.0,Pectobacterium,Duplodnaviria,Heunggongvirae,Uroviricota,Caudoviricetes,Autographivirales,Autoscriptoviridae,Corkvirinae,Kotilavirus,dsDNA
Kotilavirus,2732921,,,,,,,,0.11,,,0.03,0.21,,0.1,,,204039.0,Dickeya dianthicola,Duplodnaviria,Heunggongvirae,Uroviricota,Caudoviricetes,Autographivirales,Autoscriptoviridae,Corkvirinae,Kotilavirus,dsDNA
Stompvirus,2732922,,0.17,0.13,,0.22,,,0.32,0.25,0.09,0.08,1.03,,0.54,0.08,0.17,1778540.0,Dickeya fangzhongdai,Duplodnaviria,Heunggongvirae,Uroviricota,Caudoviricetes,Autographivirales,Autoscriptoviridae,Corkvirinae,Stompvirus,dsDNA
Stubburvirus,2732924,,,0.28,0.32,,,,,,0.11,0.03,,,,,,208964.0,Pseudomonas aeruginosa PAO1,Duplodnaviria,Heunggongvirae,Uroviricota,Caudoviricetes,Autographivirales,Autoscriptoviridae,Stubburvirus,Stubburvirus LKA1,dsDNA
Risjevirus,2732932,,,,,,,,,,,0.02,,,,,,305.0,Ralstonia solanacearum,Duplodnaviria,Heunggongvirae,Uroviricota,Caudoviricetes,Autographivirales,Autonotataviridae,Risjevirus,Risjevirus RSJ2,dsDNA
Koutsourovirus,2732938,,,0.22,,,,0.23,0.89,,0.16,0.05,3.84,,0.93,0.12,,550.0,Enterobacter cloacae,Duplodnaviria,Heunggongvirae,Uroviricota,Caudoviricetes,Autographivirales,Autoscriptoviridae,Slopekvirinae,Koutsourovirus,dsDNA
Koutsourovirus,2732938,,,0.22,,,,0.23,0.89,,0.16,0.05,3.84,,0.93,0.12,,158836.0,Enterobacter hormaechei,Duplodnaviria,Heunggongvirae,Uroviricota,Caudoviricetes,Autographivirales,Autoscriptoviridae,Slopekvirinae,Koutsourovirus,dsDNA
Koutsourovirus,2732938,,,0.22,,,,0.23,0.89,,0.16,0.05,3.84,,0.93,0.12,,59201.0,Salmonella enterica subsp. enterica,Duplodnaviria,Heunggongvirae,Uroviricota,Caudoviricetes,Autographivirales,Autoscriptoviridae,Slopekvirinae,Koutsourovirus,dsDNA
Carltongylesvirus,2732960,,,,,,,,0.12,,0.07,0.03,,,0.09,,0.09,511145.0,Escherichia coli str. K-12 substr. MG1655,Duplodnaviria,Heunggongvirae,Uroviricota,Caudoviricetes,Caudoviricetes incertae sedis,Chaseviridae,Cleopatravirinae,Carltongylesvirus,dsDNA
Carltongylesvirus,2732960,,,,,,,,0.12,,0.07,0.03,,,0.09,,0.09,199310.0,Escherichia coli CFT073,Duplodnaviria,Heunggongvirae,Uroviricota,Caudoviricetes,Caudoviricetes incertae sedis,Chaseviridae,Cleopatravirinae,Carltongylesvirus,dsDNA
Carltongylesvirus,2732960,,,,,,,,0.12,,0.07,0.03,,,0.09,,0.09,2802026.0,Escherichia coli H21,Duplodnaviria,Heunggongvirae,Uroviricota,Caudoviricetes,Caudoviricetes incertae sedis,Chaseviridae,Cleopatravirinae,Carltongylesvirus,dsDNA
Carltongylesvirus,2732960,,,,,,,,0.12,,0.07,0.03,,,0.09,,0.09,1884818.0,Escherichia sp.,Duplodnaviria,Heunggongvirae,Uroviricota,Caudoviricetes,Caudoviricetes incertae sedis,Chaseviridae,Cleopatravirinae,Carltongylesvirus,dsDNA
Carltongylesvirus,2732960,,,,,,,,0.12,,0.07,0.03,,,0.09,,0.09,1446604.0,Escherichia coli O156:H25,Duplodnaviria,Heunggongvirae,Uroviricota,Caudoviricetes,Caudoviricetes incertae sedis,Chaseviridae,Cleopatravirinae,Carltongylesvirus,dsDNA
Carltongylesvirus,2732960,,,,,,,,0.12,,0.07,0.03,,,0.09,,0.09,625.0,Shigella sp.,Duplodnaviria,Heunggongvirae,Uroviricota,Caudoviricetes,Caudoviricetes incertae sedis,Chaseviridae,Cleopatravirinae,Carltongylesvirus,dsDNA
Carltongylesvirus,2732960,,,,,,,,0.12,,0.07,0.03,,,0.09,,0.09,633.0,Yersinia pseudotuberculosis,Duplodnaviria,Heunggongvirae,Uroviricota,Caudoviricetes,Caudoviricetes incertae sedis,Chaseviridae,Cleopatravirinae,Carltongylesvirus,dsDNA
Pahsextavirus,2732963,,,,,,,,0.56,0.19,,0.06,,,0.42,,0.19,196024.0,Aeromonas dhakensis,Duplodnaviria,Heunggongvirae,Uroviricota,Caudoviricetes,Caudoviricetes incertae sedis,Chaseviridae,Nefertitivirinae,Pahsextavirus,dsDNA
Pahsextavirus,2732963,,,,,,,,0.56,0.19,,0.06,,,0.42,,0.19,644.0,Aeromonas hydrophila,Duplodnaviria,Heunggongvirae,Uroviricota,Caudoviricetes,Caudoviricetes incertae sedis,Chaseviridae,Nefertitivirinae,Pahsextavirus,dsDNA
Yushanvirus,2732965,,,,,,,,,,,,,,0.05,,,24.0,Shewanella putrefaciens,Duplodnaviria,Heunggongvirae,Uroviricota,Caudoviricetes,Caudoviricetes incertae sedis,Chaseviridae,Nefertitivirinae,Yushanvirus,dsDNA
Schiekvirus,2732968,,,0.13,,,,,,,0.13,0.02,,,,0.12,0.5,1352.0,Enterococcus faecium,Duplodnaviria,Heunggongvirae,Uroviricota,Caudoviricetes,Caudoviricetes incertae sedis,Herelleviridae,Brockvirinae,Schiekvirus,dsDNA
Schiekvirus,2732968,,,0.13,,,,,,,0.13,0.02,,,,0.12,0.5,525279.0,Enterococcus faecium TX1330,Duplodnaviria,Heunggongvirae,Uroviricota,Caudoviricetes,Caudoviricetes incertae sedis,Herelleviridae,Brockvirinae,Schiekvirus,dsDNA
Schiekvirus,2732968,,,0.13,,,,,,,0.13,0.02,,,,0.12,0.5,535205.0,Enterococcus faecium E1071,Duplodnaviria,Heunggongvirae,Uroviricota,Caudoviricetes,Caudoviricetes incertae sedis,Herelleviridae,Brockvirinae,Schiekvirus,dsDNA
Schiekvirus,2732968,,,0.13,,,,,,,0.13,0.02,,,,0.12,0.5,1157397.0,Enterococcus faecalis EnGen0211,Duplodnaviria,Heunggongvirae,Uroviricota,Caudoviricetes,Caudoviricetes incertae sedis,Herelleviridae,Brockvirinae,Schiekvirus,dsDNA
Alexandravirus,2733088,,,,,,0.13,,,,,0.19,0.19,,,,0.08,1224151.0,Dickeya solani MK10,Duplodnaviria,Heunggongvirae,Uroviricota,Caudoviricetes,Caudoviricetes incertae sedis,Alexandravirus,Alexandravirus AD1,,dsDNA
Alexandravirus,2733088,,,,,,0.13,,,,,0.19,0.19,,,,0.08,552.0,Erwinia amylovora,Duplodnaviria,Heunggongvirae,Uroviricota,Caudoviricetes,Caudoviricetes incertae sedis,Alexandravirus,Alexandravirus SNUABM1,,dsDNA
Alexandravirus,2733088,,,,,,0.13,,,,,0.19,0.19,,,,0.08,552.0,Erwinia amylovora,Duplodnaviria,Heunggongvirae,Uroviricota,Caudoviricetes,Caudoviricetes incertae sedis,Alexandravirus,Alexandravirus SNUABM16,,dsDNA
Alexandravirus,2733088,,,,,,0.13,,,,,0.19,0.19,,,,0.08,552.0,Erwinia amylovora,Duplodnaviria,Heunggongvirae,Uroviricota,Caudoviricetes,Caudoviricetes incertae sedis,Alexandravirus,Alexandravirus SNUABM17,,dsDNA
Alexandravirus,2733088,,,,,,0.13,,,,,0.19,0.19,,,,0.08,552.0,Erwinia amylovora,Duplodnaviria,Heunggongvirae,Uroviricota,Caudoviricetes,Caudoviricetes incertae sedis,Alexandravirus,unclassified Alexandravirus,,dsDNA
Alexandravirus,2733088,,,,,,0.13,,,,,0.19,0.19,,,,0.08,552.0,Erwinia amylovora,Duplodnaviria,Heunggongvirae,Uroviricota,Caudoviricetes,Caudoviricetes incertae sedis,Alexandravirus,Alexandravirus SNUABM2,,dsDNA
Alexandravirus,2733088,,,,,,0.13,,,,,0.19,0.19,,,,0.08,552.0,Erwinia amylovora,Duplodnaviria,Heunggongvirae,Uroviricota,Caudoviricetes,Caudoviricetes incertae sedis,Alexandravirus,Alexandravirus SNUABM22,,dsDNA
Alexandravirus,2733088,,,,,,0.13,,,,,0.19,0.19,,,,0.08,552.0,Erwinia amylovora,Duplodnaviria,Heunggongvirae,Uroviricota,Caudoviricetes,Caudoviricetes incertae sedis,Alexandravirus,Alexandravirus SNUABM3,,dsDNA
Alexandravirus,2733088,,,,,,0.13,,,,,0.19,0.19,,,,0.08,552.0,Erwinia amylovora,Duplodnaviria,Heunggongvirae,Uroviricota,Caudoviricetes,Caudoviricetes incertae sedis,Alexandravirus,Alexandravirus SNUABM30,,dsDNA
Alexandravirus,2733088,,,,,,0.13,,,,,0.19,0.19,,,,0.08,552.0,Erwinia amylovora,Duplodnaviria,Heunggongvirae,Uroviricota,Caudoviricetes,Caudoviricetes incertae sedis,Alexandravirus,Alexandravirus SNUABM32,,dsDNA
Alexandravirus,2733088,,,,,,0.13,,,,,0.19,0.19,,,,0.08,552.0,Erwinia amylovora,Duplodnaviria,Heunggongvirae,Uroviricota,Caudoviricetes,Caudoviricetes incertae sedis,Alexandravirus,Alexandravirus SNUABM33,,dsDNA
Alexandravirus,2733088,,,,,,0.13,,,,,0.19,0.19,,,,0.08,552.0,Erwinia amylovora,Duplodnaviria,Heunggongvirae,Uroviricota,Caudoviricetes,Caudoviricetes incertae sedis,Alexandravirus,Alexandravirus SNUABM35,,dsDNA
Alexandravirus,2733088,,,,,,0.13,,,,,0.19,0.19,,,,0.08,552.0,Erwinia amylovora,Duplodnaviria,Heunggongvirae,Uroviricota,Caudoviricetes,Caudoviricetes incertae sedis,Alexandravirus,Alexandravirus alexandra,,dsDNA
Aurunvirus,2733093,,,,,,,,,,,0.04,,,,,,84588.0,Parasynechococcus marenigrum WH 8102,Duplodnaviria,Heunggongvirae,Uroviricota,Caudoviricetes,Caudoviricetes incertae sedis,Aurunvirus,Aurunvirus STIM5,,dsDNA
Aurunvirus,2733093,,,,,,,,,,,0.04,,,,,,84588.0,Parasynechococcus marenigrum WH 8102,Duplodnaviria,Heunggongvirae,Uroviricota,Caudoviricetes,Caudoviricetes incertae sedis,Aurunvirus,unclassified Aurunvirus,,dsDNA
Aurunvirus,2733093,,,,,,,,,,,0.04,,,,,,110662.0,Synechococcus sp. CC9605,Duplodnaviria,Heunggongvirae,Uroviricota,Caudoviricetes,Caudoviricetes incertae sedis,Aurunvirus,unclassified Aurunvirus,,dsDNA
Baikalvirus,2733094,,,,,,,,,,,0.02,,,,,,208964.0,Pseudomonas aeruginosa PAO1,Duplodnaviria,Heunggongvirae,Uroviricota,Caudoviricetes,Caudoviricetes incertae sedis,Baikalvirus,Baikalvirus PaBG,,dsDNA
Derbicusvirus,2733102,,,,,,0.13,,,,,0.12,,,,,,28141.0,Cronobacter sakazakii,Duplodnaviria,Heunggongvirae,Uroviricota,Caudoviricetes,Caudoviricetes incertae sedis,Chimalliviridae,Derbicusvirus,unclassified Derbicusvirus,dsDNA
Derbicusvirus,2733102,,,,,,0.13,,,,,0.12,,,,,,552.0,Erwinia amylovora,Duplodnaviria,Heunggongvirae,Uroviricota,Caudoviricetes,Caudoviricetes incertae sedis,Chimalliviridae,Derbicusvirus,Derbicusvirus derbicus,dsDNA
Eponavirus,2733103,,,0.08,,,,,,,,0.03,,,,0.06,,853.0,Faecalibacterium prausnitzii,Duplodnaviria,Heunggongvirae,Uroviricota,Caudoviricetes,Caudoviricetes incertae sedis,Eponavirus,Eponavirus epona,,dsDNA
Phabquatrovirus,2733123,,,,,,,,,,,0.02,,,,,,518.0,Bordetella bronchiseptica,Duplodnaviria,Heunggongvirae,Uroviricota,Caudoviricetes,Caudoviricetes incertae sedis,Phabquatrovirus,Phabquatrovirus PHB04,,dsDNA
Phapecoctavirus,2733124,,,,,,,,,,,0.02,,,0.09,,0.13,472.0,Acinetobacter sp.,Duplodnaviria,Heunggongvirae,Uroviricota,Caudoviricetes,Caudoviricetes incertae sedis,Phapecoctavirus,unclassified Phapecoctavirus,,dsDNA
Phapecoctavirus,2733124,,,,,,,,,,,0.02,,,0.09,,0.13,197.0,Campylobacter jejuni,Duplodnaviria,Heunggongvirae,Uroviricota,Caudoviricetes,Caudoviricetes incertae sedis,Phapecoctavirus,unclassified Phapecoctavirus,,dsDNA
Phapecoctavirus,2733124,,,,,,,,,,,0.02,,,0.09,,0.13,543.0,Enterobacteriaceae,Duplodnaviria,Heunggongvirae,Uroviricota,Caudoviricetes,Caudoviricetes incertae sedis,Phapecoctavirus,Phapecoctavirus TSP7,,dsDNA
Phapecoctavirus,2733124,,,,,,,,,,,0.02,,,0.09,,0.13,511145.0,Escherichia coli str. K-12 substr. MG1655,Duplodnaviria,Heunggongvirae,Uroviricota,Caudoviricetes,Caudoviricetes incertae sedis,Phapecoctavirus,Phapecoctavirus anhysbys,,dsDNA
Phapecoctavirus,2733124,,,,,,,,,,,0.02,,,0.09,,0.13,562.0,Escherichia coli,Duplodnaviria,Heunggongvirae,Uroviricota,Caudoviricetes,Caudoviricetes incertae sedis,Phapecoctavirus,unclassified Phapecoctavirus,,dsDNA
Phapecoctavirus,2733124,,,,,,,,,,,0.02,,,0.09,,0.13,561.0,Escherichia,Duplodnaviria,Heunggongvirae,Uroviricota,Caudoviricetes,Caudoviricetes incertae sedis,Phapecoctavirus,unclassified Phapecoctavirus,,dsDNA
Phapecoctavirus,2733124,,,,,,,,,,,0.02,,,0.09,,0.13,623.0,Shigella flexneri,Duplodnaviria,Heunggongvirae,Uroviricota,Caudoviricetes,Caudoviricetes incertae sedis,Phapecoctavirus,unclassified Phapecoctavirus,,dsDNA
Phapecoctavirus,2733124,,,,,,,,,,,0.02,,,0.09,,0.13,562.0,Escherichia coli,Duplodnaviria,Heunggongvirae,Uroviricota,Caudoviricetes,Caudoviricetes incertae sedis,Phapecoctavirus,Phapecoctavirus ESCO13,,dsDNA
Phapecoctavirus,2733124,,,,,,,,,,,0.02,,,0.09,,0.13,562.0,Escherichia coli,Duplodnaviria,Heunggongvirae,Uroviricota,Caudoviricetes,Caudoviricetes incertae sedis,Phapecoctavirus,Phapecoctavirus ESCO5,Escherichia virus ESCO5,dsDNA
Phapecoctavirus,2733124,,,,,,,,,,,0.02,,,0.09,,0.13,1884818.0,Escherichia sp.,Duplodnaviria,Heunggongvirae,Uroviricota,Caudoviricetes,Caudoviricetes incertae sedis,Phapecoctavirus,unclassified Phapecoctavirus,,dsDNA
Phapecoctavirus,2733124,,,,,,,,,,,0.02,,,0.09,,0.13,562.0,Escherichia coli,Duplodnaviria,Heunggongvirae,Uroviricota,Caudoviricetes,Caudoviricetes incertae sedis,Phapecoctavirus,Phapecoctavirus Mt1B1P17,,dsDNA
Phapecoctavirus,2733124,,,,,,,,,,,0.02,,,0.09,,0.13,511145.0,Escherichia coli str. K-12 substr. MG1655,Duplodnaviria,Heunggongvirae,Uroviricota,Caudoviricetes,Caudoviricetes incertae sedis,Phapecoctavirus,Phapecoctavirus nepoznato,,dsDNA
Phapecoctavirus,2733124,,,,,,,,,,,0.02,,,0.09,,0.13,511145.0,Escherichia coli str. K-12 substr. MG1655,Duplodnaviria,Heunggongvirae,Uroviricota,Caudoviricetes,Caudoviricetes incertae sedis,Phapecoctavirus,Phapecoctavirus nieznany,,dsDNA
Phapecoctavirus,2733124,,,,,,,,,,,0.02,,,0.09,,0.13,562.0,Escherichia coli,Duplodnaviria,Heunggongvirae,Uroviricota,Caudoviricetes,Caudoviricetes incertae sedis,Phapecoctavirus,Phapecoctavirus phAPEC8,Escherichia virus phAPEC8,dsDNA
Phapecoctavirus,2733124,,,,,,,,,,,0.02,,,0.09,,0.13,511145.0,Escherichia coli str. K-12 substr. MG1655,Duplodnaviria,Heunggongvirae,Uroviricota,Caudoviricetes,Caudoviricetes incertae sedis,Phapecoctavirus,Phapecoctavirus tuntematon,,dsDNA
Phapecoctavirus,2733124,,,,,,,,,,,0.02,,,0.09,,0.13,511145.0,Escherichia coli str. K-12 substr. MG1655,Duplodnaviria,Heunggongvirae,Uroviricota,Caudoviricetes,Caudoviricetes incertae sedis,Phapecoctavirus,Phapecoctavirus ukendt,,dsDNA
Phapecoctavirus,2733124,,,,,,,,,,,0.02,,,0.09,,0.13,562.0,Escherichia coli,Duplodnaviria,Heunggongvirae,Uroviricota,Caudoviricetes,Caudoviricetes incertae sedis,Phapecoctavirus,Phapecoctavirus Ro121c4YLVW,,dsDNA
Phapecoctavirus,2733124,,,,,,,,,,,0.02,,,0.09,,0.13,1884818.0,Escherichia sp.,Duplodnaviria,Heunggongvirae,Uroviricota,Caudoviricetes,Caudoviricetes incertae sedis,Phapecoctavirus,Phapecoctavirus ESCO13,,dsDNA
Phapecoctavirus,2733124,,,,,,,,,,,0.02,,,0.09,,0.13,2056315.0,Escherichia coli O177,Duplodnaviria,Heunggongvirae,Uroviricota,Caudoviricetes,Caudoviricetes incertae sedis,Phapecoctavirus,unclassified Phapecoctavirus,,dsDNA
Phapecoctavirus,2733124,,,,,,,,,,,0.02,,,0.09,,0.13,2067429.0,Escherichia coli O2,Duplodnaviria,Heunggongvirae,Uroviricota,Caudoviricetes,Caudoviricetes incertae sedis,Phapecoctavirus,unclassified Phapecoctavirus,,dsDNA
Phapecoctavirus,2733124,,,,,,,,,,,0.02,,,0.09,,0.13,83334.0,Escherichia coli O157:H7,Duplodnaviria,Heunggongvirae,Uroviricota,Caudoviricetes,Caudoviricetes incertae sedis,Phapecoctavirus,unclassified Phapecoctavirus,,dsDNA
Phapecoctavirus,2733124,,,,,,,,,,,0.02,,,0.09,,0.13,562.0,Escherichia coli,Duplodnaviria,Heunggongvirae,Uroviricota,Caudoviricetes,Caudoviricetes incertae sedis,Phapecoctavirus,Phapecoctavirus schickermooser,Escherichia virus Schickermooser,dsDNA
Phapecoctavirus,2733124,,,,,,,,,,,0.02,,,0.09,,0.13,573.0,Klebsiella pneumoniae,Duplodnaviria,Heunggongvirae,Uroviricota,Caudoviricetes,Caudoviricetes incertae sedis,Phapecoctavirus,Phapecoctavirus ZCKP1,Klebsiella virus ZCKP1,dsDNA
Saclayvirus,2733128,,,0.27,,,,,,0.12,,0.05,,,0.16,,0.08,470.0,Acinetobacter baumannii,Duplodnaviria,Heunggongvirae,Uroviricota,Caudoviricetes,Caudoviricetes incertae sedis,Saclayvirus,unclassified Saclayvirus,,dsDNA
Saclayvirus,2733128,,,0.27,,,,,,0.12,,0.05,,,0.16,,0.08,472.0,Acinetobacter sp.,Duplodnaviria,Heunggongvirae,Uroviricota,Caudoviricetes,Caudoviricetes incertae sedis,Saclayvirus,unclassified Saclayvirus,,dsDNA
Saclayvirus,2733128,,,0.27,,,,,,0.12,,0.05,,,0.16,,0.08,470.0,Acinetobacter baumannii,Duplodnaviria,Heunggongvirae,Uroviricota,Caudoviricetes,Caudoviricetes incertae sedis,Saclayvirus,Saclayvirus Aci011,,dsDNA
Saclayvirus,2733128,,,0.27,,,,,,0.12,,0.05,,,0.16,,0.08,470.0,Acinetobacter baumannii,Duplodnaviria,Heunggongvirae,Uroviricota,Caudoviricetes,Caudoviricetes incertae sedis,Saclayvirus,Saclayvirus Aci022,,dsDNA
Saclayvirus,2733128,,,0.27,,,,,,0.12,,0.05,,,0.16,,0.08,470.0,Acinetobacter baumannii,Duplodnaviria,Heunggongvirae,Uroviricota,Caudoviricetes,Caudoviricetes incertae sedis,Saclayvirus,Saclayvirus Aci05,,dsDNA
Saclayvirus,2733128,,,0.27,,,,,,0.12,,0.05,,,0.16,,0.08,469.0,Acinetobacter,Duplodnaviria,Heunggongvirae,Uroviricota,Caudoviricetes,Caudoviricetes incertae sedis,Saclayvirus,unclassified Saclayvirus,,dsDNA
Schmittlotzvirus,2733132,,,,,,,,,,,0.01,,,,,,358.0,Agrobacterium tumefaciens,Duplodnaviria,Heunggongvirae,Uroviricota,Caudoviricetes,Caudoviricetes incertae sedis,Schmittlotzvirus,Schmittlotzvirus sv771,,dsDNA
Schmittlotzvirus,2733132,,,,,,,,,,,0.01,,,,,,358.0,Agrobacterium tumefaciens,Duplodnaviria,Heunggongvirae,Uroviricota,Caudoviricetes,Caudoviricetes incertae sedis,Schmittlotzvirus,unclassified Schmittlotzvirus,,dsDNA
Schmittlotzvirus,2733132,,,,,,,,,,,0.01,,,,,,1697295.0,Agrobacterium sp. ST15.13/040,Duplodnaviria,Heunggongvirae,Uroviricota,Caudoviricetes,Caudoviricetes incertae sedis,Schmittlotzvirus,unclassified Schmittlotzvirus,,dsDNA
Taranisvirus,2733134,,,,,,,,,,,0.05,,,,,,853.0,Faecalibacterium prausnitzii,Duplodnaviria,Heunggongvirae,Uroviricota,Caudoviricetes,Caudoviricetes incertae sedis,Taranisvirus,Taranisvirus taranis,,dsDNA
Toutatisvirus,2733138,,,,,0.16,,,,,0.1,0.06,,,,,0.08,853.0,Faecalibacterium prausnitzii,Duplodnaviria,Heunggongvirae,Uroviricota,Caudoviricetes,Caudoviricetes incertae sedis,Toutatisvirus,Toutatisvirus toutatis,,dsDNA
Wifcevirus,2733141,,,,,,,,0.1,,,,,,0.17,,,562.0,Escherichia coli,Duplodnaviria,Heunggongvirae,Uroviricota,Caudoviricetes,Caudoviricetes incertae sedis,Lindbergviridae,Wifcevirus,Wifcevirus AV128,dsDNA
Wifcevirus,2733141,,,,,,,,0.1,,,,,,0.17,,,83334.0,Escherichia coli O157:H7,Duplodnaviria,Heunggongvirae,Uroviricota,Caudoviricetes,Caudoviricetes incertae sedis,Lindbergviridae,Wifcevirus,Wifcevirus ECML117,dsDNA
Wifcevirus,2733141,,,,,,,,0.1,,,,,,0.17,,,623.0,Shigella flexneri,Duplodnaviria,Heunggongvirae,Uroviricota,Caudoviricetes,Caudoviricetes incertae sedis,Lindbergviridae,Wifcevirus,Wifcevirus ECO71P1,dsDNA
Wifcevirus,2733141,,,,,,,,0.1,,,,,,0.17,,,1884818.0,Escherichia sp.,Duplodnaviria,Heunggongvirae,Uroviricota,Caudoviricetes,Caudoviricetes incertae sedis,Lindbergviridae,Wifcevirus,unclassified Wifcevirus,dsDNA
Wifcevirus,2733141,,,,,,,,0.1,,,,,,0.17,,,83333.0,Escherichia coli K-12,Duplodnaviria,Heunggongvirae,Uroviricota,Caudoviricetes,Caudoviricetes incertae sedis,Lindbergviridae,Wifcevirus,,dsDNA
Sortsnevirus,2733150,,,,,,,,,,,0.05,,,,,,511145.0,Escherichia coli str. K-12 substr. MG1655,Duplodnaviria,Heunggongvirae,Uroviricota,Caudoviricetes,Caudoviricetes incertae sedis,Sortsnevirus,Sortsnevirus IME279,,dsDNA
Sortsnevirus,2733150,,,,,,,,,,,0.05,,,,,,511145.0,Escherichia coli str. K-12 substr. MG1655,Duplodnaviria,Heunggongvirae,Uroviricota,Caudoviricetes,Caudoviricetes incertae sedis,Sortsnevirus,Sortsnevirus sortsne,,dsDNA
Sortsnevirus,2733150,,,,,,,,,,,0.05,,,,,,573.0,Klebsiella pneumoniae,Duplodnaviria,Heunggongvirae,Uroviricota,Caudoviricetes,Caudoviricetes incertae sedis,Sortsnevirus,Sortsnevirus IME279,,dsDNA
Xuquatrovirus,2733151,4.13,,,,0.18,,0.23,0.22,,,0.02,,0.11,0.15,,,562.0,Escherichia coli,Duplodnaviria,Heunggongvirae,Uroviricota,Caudoviricetes,Caudoviricetes incertae sedis,Xuquatrovirus,unclassified Xuquatrovirus,,dsDNA
Xuquatrovirus,2733151,4.13,,,,0.18,,0.23,0.22,,,0.02,,0.11,0.15,,,562.0,Escherichia coli,Duplodnaviria,Heunggongvirae,Uroviricota,Caudoviricetes,Caudoviricetes incertae sedis,Xuquatrovirus,Xuquatrovirus PTXU04,,dsDNA
Bertelyvirus,2733152,,,,,,,,,,,0.03,,,,,,190650.0,Caulobacter vibrioides CB15,Duplodnaviria,Heunggongvirae,Uroviricota,Caudoviricetes,Caudoviricetes incertae sedis,Jeanschmidtviridae,Bertelyvirus,unclassified Bertelyvirus,dsDNA
Poindextervirus,2733154,,,,,,,,,,,0.02,,,,,,190650.0,Caulobacter vibrioides CB15,Duplodnaviria,Heunggongvirae,Uroviricota,Caudoviricetes,Caudoviricetes incertae sedis,Jeanschmidtviridae,Poindextervirus,Poindextervirus rogue,dsDNA
Lughvirus,2733190,,,,,,,,,,,0.03,,,,,,853.0,Faecalibacterium prausnitzii,Duplodnaviria,Heunggongvirae,Uroviricota,Caudoviricetes,Caudoviricetes incertae sedis,Lughvirus,Lughvirus lugh,,dsDNA
Mementomorivirus,2733194,,,,,,,,,,,0.01,,,,,,104336.0,Microbacterium foliorum,Duplodnaviria,Heunggongvirae,Uroviricota,Caudoviricetes,Caudoviricetes incertae sedis,Mementomorivirus,Mementomorivirus cinna,,dsDNA
Mementomorivirus,2733194,,,,,,,,,,,0.01,,,,,,199592.0,Microbacterium paraoxydans,Duplodnaviria,Heunggongvirae,Uroviricota,Caudoviricetes,Caudoviricetes incertae sedis,Mementomorivirus,Mementomorivirus cressida,,dsDNA
Mementomorivirus,2733194,,,,,,,,,,,0.01,,,,,,199592.0,Microbacterium paraoxydans,Duplodnaviria,Heunggongvirae,Uroviricota,Caudoviricetes,Caudoviricetes incertae sedis,Mementomorivirus,Mementomorivirus matzah,,dsDNA
Mementomorivirus,2733194,,,,,,,,,,,0.01,,,,,,199592.0,Microbacterium paraoxydans,Duplodnaviria,Heunggongvirae,Uroviricota,Caudoviricetes,Caudoviricetes incertae sedis,Mementomorivirus,Mementomorivirus mementomori,,dsDNA
Metamorphoovirus,2733195,0.78,,,,,,,,,,0.02,,,0.08,,0.19,199592.0,Microbacterium paraoxydans,Duplodnaviria,Heunggongvirae,Uroviricota,Caudoviricetes,Caudoviricetes incertae sedis,Hodgkinviridae,Metamorphoovirus,Metamorphoovirus ariadne,dsDNA
Oengusvirus,2733199,0.67,,0.09,,,0.13,,,,,0.14,,,,,,853.0,Faecalibacterium prausnitzii,Duplodnaviria,Heunggongvirae,Uroviricota,Caudoviricetes,Caudoviricetes incertae sedis,Oengusvirus,Oengusvirus oengus,,dsDNA
Quhwahvirus,2733202,,,,,,,,,,,0.02,,,,,,104336.0,Microbacterium foliorum,Duplodnaviria,Heunggongvirae,Uroviricota,Caudoviricetes,Caudoviricetes incertae sedis,Hodgkinviridae,Quhwahvirus,Quhwahvirus paschalis,dsDNA
Quhwahvirus,2733202,,,,,,,,,,,0.02,,,,,,199592.0,Microbacterium paraoxydans,Duplodnaviria,Heunggongvirae,Uroviricota,Caudoviricetes,Caudoviricetes incertae sedis,Hodgkinviridae,Quhwahvirus,unclassified Quhwahvirus,dsDNA
Pefuambidensovirus,2733227,21.21,1.1,0.42,0.43,0.46,,0.25,0.52,0.22,0.19,0.1,3.05,0.4,0.35,0.24,0.29,301905.0,Ortmanniana pectorosa,Monodnaviria,Shotokuvirae,Cossaviricota,Quintoviricetes,Piccovirales,Parvoviridae,Densovirinae,Pefuambidensovirus,
Pefuambidensovirus,2733227,21.21,1.1,0.42,0.43,0.46,,0.25,0.52,0.22,0.19,0.1,3.05,0.4,0.35,0.24,0.29,36977.0,Validiblatta fuliginosa,Monodnaviria,Shotokuvirae,Cossaviricota,Quintoviricetes,Piccovirales,Parvoviridae,Densovirinae,Pefuambidensovirus,
Fadolivirus,2763561,,,,,,,,,,,0.02,,,,,,5778.0,Vermamoeba vermiformis,Varidnaviria,Bamfordvirae,Nucleocytoviricota,Megaviricetes,Imitervirales,Mimiviridae,Klosneuvirinae,Fadolivirus,
Akonivirus,2842540,,0.29,0.12,,0.21,0.22,,0.1,,0.11,0.14,,,0.1,,0.09,104336.0,Microbacterium foliorum,Duplodnaviria,Heunggongvirae,Uroviricota,Caudoviricetes,Caudoviricetes incertae sedis,Akonivirus,Akonivirus akoni,,dsDNA
Akonivirus,2842540,,0.29,0.12,,0.21,0.22,,0.1,,0.11,0.14,,,0.1,,0.09,104336.0,Microbacterium foliorum,Duplodnaviria,Heunggongvirae,Uroviricota,Caudoviricetes,Caudoviricetes incertae sedis,Akonivirus,unclassified Akonivirus,,dsDNA
Akonivirus,2842540,,0.29,0.12,,0.21,0.22,,0.1,,0.11,0.14,,,0.1,,0.09,104336.0,Microbacterium foliorum,Duplodnaviria,Heunggongvirae,Uroviricota,Caudoviricetes,Caudoviricetes incertae sedis,Akonivirus,Akonivirus phedro,,dsDNA
Cbunavirus,2842586,,1.46,0.22,0.52,,,,3.49,0.2,0.36,0.1,0.17,0.17,2.88,0.18,0.15,562.0,Escherichia coli,Duplodnaviria,Heunggongvirae,Uroviricota,Caudoviricetes,Caudoviricetes incertae sedis,Schitoviridae,Cbunavirus,unclassified Cbunavirus,dsDNA
Cbunavirus,2842586,,1.46,0.22,0.52,,,,3.49,0.2,0.36,0.1,0.17,0.17,2.88,0.18,0.15,208223.0,Kosakonia cowanii,Duplodnaviria,Heunggongvirae,Uroviricota,Caudoviricetes,Caudoviricetes incertae sedis,Schitoviridae,Cbunavirus,Cbunavirus Kc283,dsDNA
Cbunavirus,2842586,,1.46,0.22,0.52,,,,3.49,0.2,0.36,0.1,0.17,0.17,2.88,0.18,0.15,55208.0,Pectobacterium wasabiae,Duplodnaviria,Heunggongvirae,Uroviricota,Caudoviricetes,Caudoviricetes incertae sedis,Schitoviridae,Cbunavirus,Cbunavirus A41,dsDNA
Cbunavirus,2842586,,1.46,0.22,0.52,,,,3.49,0.2,0.36,0.1,0.17,0.17,2.88,0.18,0.15,29471.0,Pectobacterium atrosepticum,Duplodnaviria,Heunggongvirae,Uroviricota,Caudoviricetes,Caudoviricetes incertae sedis,Schitoviridae,Cbunavirus,unclassified Cbunavirus,dsDNA
Cbunavirus,2842586,,1.46,0.22,0.52,,,,3.49,0.2,0.36,0.1,0.17,0.17,2.88,0.18,0.15,1089444.0,Dickeya solani,Duplodnaviria,Heunggongvirae,Uroviricota,Caudoviricetes,Caudoviricetes incertae sedis,Schitoviridae,Cbunavirus,unclassified Cbunavirus,dsDNA
Cehakivirus,2842589,,,,,,,,,,,,,,0.08,,,1.0,root,Riboviria,Orthornavirae,Lenarviricota,Leviviricetes,Norzivirales,Fiersviridae,Cehakivirus,Cehakivirus limihabitans,+ssRNA
Citrovirus,2842608,,,,,,,,0.12,,,0.01,,1.32,0.21,,,1676276.0,Citrobacter sp. TM1552,Duplodnaviria,Heunggongvirae,Uroviricota,Caudoviricetes,Caudoviricetes incertae sedis,Zobellviridae,Citrovirus,Citrovirus coptotermitis,dsDNA
Citrovirus,2842608,,,,,,,,0.12,,,0.01,,1.32,0.21,,,558.0,Erwinia sp.,Duplodnaviria,Heunggongvirae,Uroviricota,Caudoviricetes,Caudoviricetes incertae sedis,Zobellviridae,Citrovirus,unclassified Citrovirus,dsDNA
Citrovirus,2842608,,,,,,,,0.12,,,0.01,,1.32,0.21,,,573.0,Klebsiella pneumoniae,Duplodnaviria,Heunggongvirae,Uroviricota,Caudoviricetes,Caudoviricetes incertae sedis,Zobellviridae,Citrovirus,unclassified Citrovirus,dsDNA
Dongdastvirus,2842653,,,,,,,,,,0.1,0.04,,,0.06,,,,,,,,,,,,,
Goettingenvirus,2842707,,,,,,,,,,,,,,,0.07,,592022.0,Priestia megaterium DSM 319,Duplodnaviria,Heunggongvirae,Uroviricota,Caudoviricetes,Caudoviricetes incertae sedis,Herelleviridae,Bastillevirinae,Goettingenvirus,dsDNA
Henuseptimavirus,2842728,,,,,,,,,0.16,,0.06,,0.32,,,0.11,550.0,Enterobacter cloacae,Duplodnaviria,Heunggongvirae,Uroviricota,Caudoviricetes,Caudoviricetes incertae sedis,Drexlerviridae,Tempevirinae,Henuseptimavirus,dsDNA
Huelvavirus,2842739,,,,,,,,,,,0.02,,,,,,382.0,Sinorhizobium meliloti,Duplodnaviria,Heunggongvirae,Uroviricota,Caudoviricetes,Caudoviricetes incertae sedis,Schitoviridae,Huelvavirus,Huelvavirus ort11,dsDNA
Inbricusvirus,2842758,,0.61,0.18,,0.62,,,0.22,,0.22,0.08,,,0.26,,,663959.0,Pseudomonas syringae pv. avii,Duplodnaviria,Heunggongvirae,Uroviricota,Caudoviricetes,Caudoviricetes incertae sedis,Schitoviridae,Rothmandenesvirinae,Inbricusvirus,dsDNA
Kaypoctavirus,2842786,,,,0.22,,,,0.11,0.15,,0.11,0.2,,0.28,,,573.0,Klebsiella pneumoniae,Duplodnaviria,Heunggongvirae,Uroviricota,Caudoviricetes,Caudoviricetes incertae sedis,Schitoviridae,Enquatrovirinae,Kaypoctavirus,dsDNA
Kemicevirus,2842792,,,0.09,,0.43,,,,,,,0.2,0.42,,0.08,,1.0,root,Riboviria,Orthornavirae,Lenarviricota,Leviviricetes,Norzivirales,Fiersviridae,Kemicevirus,Kemicevirus caenicola,+ssRNA
Kenoshavirus,2842796,,0.29,0.18,,,0.41,0.27,0.13,0.3,0.33,0.32,,,0.11,0.11,0.27,36822.0,Gordonia rubripertincta,Duplodnaviria,Heunggongvirae,Uroviricota,Caudoviricetes,Caudoviricetes incertae sedis,Kenoshavirus,unclassified Kenoshavirus,,dsDNA
Kenoshavirus,2842796,,0.29,0.18,,,0.41,0.27,0.13,0.3,0.33,0.32,,,0.11,0.11,0.27,2055.0,Gordonia terrae,Duplodnaviria,Heunggongvirae,Uroviricota,Caudoviricetes,Caudoviricetes incertae sedis,Kenoshavirus,Kenoshavirus chikenjars,,dsDNA
Kenoshavirus,2842796,,0.29,0.18,,,0.41,0.27,0.13,0.3,0.33,0.32,,,0.11,0.11,0.27,36822.0,Gordonia rubripertincta,Duplodnaviria,Heunggongvirae,Uroviricota,Caudoviricetes,Caudoviricetes incertae sedis,Kenoshavirus,Kenoshavirus chikenjars,,dsDNA
Kenoshavirus,2842796,,0.29,0.18,,,0.41,0.27,0.13,0.3,0.33,0.32,,,0.11,0.11,0.27,36822.0,Gordonia rubripertincta,Duplodnaviria,Heunggongvirae,Uroviricota,Caudoviricetes,Caudoviricetes incertae sedis,Kenoshavirus,Kenoshavirus crocheter,,dsDNA
Kenoshavirus,2842796,,0.29,0.18,,,0.41,0.27,0.13,0.3,0.33,0.32,,,0.11,0.11,0.27,2055.0,Gordonia terrae,Duplodnaviria,Heunggongvirae,Uroviricota,Caudoviricetes,Caudoviricetes incertae sedis,Kenoshavirus,Kenoshavirus duffington,,dsDNA
Kenoshavirus,2842796,,0.29,0.18,,,0.41,0.27,0.13,0.3,0.33,0.32,,,0.11,0.11,0.27,36822.0,Gordonia rubripertincta,Duplodnaviria,Heunggongvirae,Uroviricota,Caudoviricetes,Caudoviricetes incertae sedis,Kenoshavirus,Kenoshavirus kenosha,,dsDNA
Kenoshavirus,2842796,,0.29,0.18,,,0.41,0.27,0.13,0.3,0.33,0.32,,,0.11,0.11,0.27,36822.0,Gordonia rubripertincta,Duplodnaviria,Heunggongvirae,Uroviricota,Caudoviricetes,Caudoviricetes incertae sedis,Kenoshavirus,Kenoshavirus untouchable,,dsDNA
Kenoshavirus,2842796,,0.29,0.18,,,0.41,0.27,0.13,0.3,0.33,0.32,,,0.11,0.11,0.27,36822.0,Gordonia rubripertincta,Duplodnaviria,Heunggongvirae,Uroviricota,Caudoviricetes,Caudoviricetes incertae sedis,Kenoshavirus,Kenoshavirus ohmyward,,dsDNA
Kenoshavirus,2842796,,0.29,0.18,,,0.41,0.27,0.13,0.3,0.33,0.32,,,0.11,0.11,0.27,2055.0,Gordonia terrae,Duplodnaviria,Heunggongvirae,Uroviricota,Caudoviricetes,Caudoviricetes incertae sedis,Kenoshavirus,Kenoshavirus rickmore,,dsDNA
Kenoshavirus,2842796,,0.29,0.18,,,0.41,0.27,0.13,0.3,0.33,0.32,,,0.11,0.11,0.27,2055.0,Gordonia terrae,Duplodnaviria,Heunggongvirae,Uroviricota,Caudoviricetes,Caudoviricetes incertae sedis,Kenoshavirus,unclassified Kenoshavirus,,dsDNA
Littlefixvirus,2842828,,,,,,,,,,,0.02,,,,,,294.0,Pseudomonas fluorescens,Duplodnaviria,Heunggongvirae,Uroviricota,Caudoviricetes,Caudoviricetes incertae sedis,Schitoviridae,Littlefixvirus,Littlefixvirus 98Pflur60pp,dsDNA
Littlefixvirus,2842828,,,,,,,,,,,0.02,,,,,,306.0,Pseudomonas sp.,Duplodnaviria,Heunggongvirae,Uroviricota,Caudoviricetes,Caudoviricetes incertae sedis,Schitoviridae,Littlefixvirus,Littlefixvirus littlefix,dsDNA
Mydovirus,2842888,0.73,,0.13,,,0.14,,1.25,0.22,0.2,0.09,,,0.89,,0.13,562.0,Escherichia coli,Duplodnaviria,Heunggongvirae,Uroviricota,Caudoviricetes,Caudoviricetes incertae sedis,Mydovirus,unclassified Mydovirus,,dsDNA
Mydovirus,2842888,0.73,,0.13,,,0.14,,1.25,0.22,0.2,0.09,,,0.89,,0.13,573.0,Klebsiella pneumoniae,Duplodnaviria,Heunggongvirae,Uroviricota,Caudoviricetes,Caudoviricetes incertae sedis,Mydovirus,unclassified Mydovirus,,dsDNA
Mydovirus,2842888,0.73,,0.13,,,0.14,,1.25,0.22,0.2,0.09,,,0.89,,0.13,576.0,Klebsiella sp.,Duplodnaviria,Heunggongvirae,Uroviricota,Caudoviricetes,Caudoviricetes incertae sedis,Mydovirus,Mydovirus KNP2,,dsDNA
Mydovirus,2842888,0.73,,0.13,,,0.14,,1.25,0.22,0.2,0.09,,,0.89,,0.13,573.0,Klebsiella pneumoniae,Duplodnaviria,Heunggongvirae,Uroviricota,Caudoviricetes,Caudoviricetes incertae sedis,Mydovirus,Mydovirus KpS8,,dsDNA
Mydovirus,2842888,0.73,,0.13,,,0.14,,1.25,0.22,0.2,0.09,,,0.89,,0.13,570.0,Klebsiella,Duplodnaviria,Heunggongvirae,Uroviricota,Caudoviricetes,Caudoviricetes incertae sedis,Mydovirus,unclassified Mydovirus,,dsDNA
Mydovirus,2842888,0.73,,0.13,,,0.14,,1.25,0.22,0.2,0.09,,,0.89,,0.13,573.0,Klebsiella pneumoniae,Duplodnaviria,Heunggongvirae,Uroviricota,Caudoviricetes,Caudoviricetes incertae sedis,Mydovirus,Mydovirus BIS47,,dsDNA
Mydovirus,2842888,0.73,,0.13,,,0.14,,1.25,0.22,0.2,0.09,,,0.89,,0.13,573.0,Klebsiella pneumoniae,Duplodnaviria,Heunggongvirae,Uroviricota,Caudoviricetes,Caudoviricetes incertae sedis,Mydovirus,Mydovirus KB57,,dsDNA
Mydovirus,2842888,0.73,,0.13,,,0.14,,1.25,0.22,0.2,0.09,,,0.89,,0.13,584.0,Proteus mirabilis,Duplodnaviria,Heunggongvirae,Uroviricota,Caudoviricetes,Caudoviricetes incertae sedis,Mydovirus,Mydovirus mydo,,dsDNA
Mydovirus,2842888,0.73,,0.13,,,0.14,,1.25,0.22,0.2,0.09,,,0.89,,0.13,54291.0,Raoultella ornithinolytica,Duplodnaviria,Heunggongvirae,Uroviricota,Caudoviricetes,Caudoviricetes incertae sedis,Mydovirus,Mydovirus Ro1,,dsDNA
Nochtlivirus,2842908,,,,,,,,0.22,,,,,,0.12,,,562.0,Escherichia coli,Duplodnaviria,Heunggongvirae,Uroviricota,Caudoviricetes,Caudoviricetes incertae sedis,Nochtlivirus,Nochtlivirus mEp235,,dsDNA
Pokkenvirus,2842972,,,,,,,,,,0.08,0.04,,,,,,40324.0,Stenotrophomonas maltophilia,Duplodnaviria,Heunggongvirae,Uroviricota,Caudoviricetes,Caudoviricetes incertae sedis,Schitoviridae,Pokkenvirus,Pokkenvirus paxi,dsDNA
Pokkenvirus,2842972,,,,,,,,,,0.08,0.04,,,,,,456327.0,Xanthomonas euvesicatoria,Duplodnaviria,Heunggongvirae,Uroviricota,Caudoviricetes,Caudoviricetes incertae sedis,Schitoviridae,Pokkenvirus,unclassified Pokkenvirus,dsDNA
Pourcelvirus,2842976,,,,,,,,,,0.06,0.03,,,0.06,,,,,,,,,,,,,
Pseudotevenvirus,2842979,,,0.11,,,,,,,,0.06,,,,,,1972222.0,Buttiauxella sp.,Duplodnaviria,Heunggongvirae,Uroviricota,Caudoviricetes,Pantevenvirales,Straboviridae,Pseudotevenvirus,unclassified Pseudotevenvirus,dsDNA
Pseudotevenvirus,2842979,,,0.11,,,,,,,,0.06,,,,,,546.0,Citrobacter freundii,Duplodnaviria,Heunggongvirae,Uroviricota,Caudoviricetes,Pantevenvirales,Straboviridae,Pseudotevenvirus,unclassified Pseudotevenvirus,dsDNA
Pseudotevenvirus,2842979,,,0.11,,,,,,,,0.06,,,,,,544.0,Citrobacter,Duplodnaviria,Heunggongvirae,Uroviricota,Caudoviricetes,Pantevenvirales,Straboviridae,Pseudotevenvirus,Pseudotevenvirus miller,dsDNA
Pseudotevenvirus,2842979,,,0.11,,,,,,,,0.06,,,,,,1896336.0,Citrobacter sp.,Duplodnaviria,Heunggongvirae,Uroviricota,Caudoviricetes,Pantevenvirales,Straboviridae,Pseudotevenvirus,unclassified Pseudotevenvirus,dsDNA
Pseudotevenvirus,2842979,,,0.11,,,,,,,,0.06,,,,,,1888169.0,Cronobacter sp.,Duplodnaviria,Heunggongvirae,Uroviricota,Caudoviricetes,Pantevenvirales,Straboviridae,Pseudotevenvirus,unclassified Pseudotevenvirus,dsDNA
Pseudotevenvirus,2842979,,,0.11,,,,,,,,0.06,,,,,,28141.0,Cronobacter sakazakii,Duplodnaviria,Heunggongvirae,Uroviricota,Caudoviricetes,Pantevenvirales,Straboviridae,Pseudotevenvirus,unclassified Pseudotevenvirus,dsDNA
Pseudotevenvirus,2842979,,,0.11,,,,,,,,0.06,,,,,,550.0,Enterobacter cloacae,Duplodnaviria,Heunggongvirae,Uroviricota,Caudoviricetes,Pantevenvirales,Straboviridae,Pseudotevenvirus,Pseudotevenvirus leb,dsDNA
Pseudotevenvirus,2842979,,,0.11,,,,,,,,0.06,,,,,,354276.0,Enterobacter cloacae complex,Duplodnaviria,Heunggongvirae,Uroviricota,Caudoviricetes,Pantevenvirales,Straboviridae,Pseudotevenvirus,unclassified Pseudotevenvirus,dsDNA
Pseudotevenvirus,2842979,,,0.11,,,,,,,,0.06,,,,,,547.0,Enterobacter,Duplodnaviria,Heunggongvirae,Uroviricota,Caudoviricetes,Pantevenvirales,Straboviridae,Pseudotevenvirus,Pseudotevenvirus leb,dsDNA
Pseudotevenvirus,2842979,,,0.11,,,,,,,,0.06,,,,,,208224.0,Enterobacter kobei,Duplodnaviria,Heunggongvirae,Uroviricota,Caudoviricetes,Pantevenvirales,Straboviridae,Pseudotevenvirus,Pseudotevenvirus leb,dsDNA
Pseudotevenvirus,2842979,,,0.11,,,,,,,,0.06,,,,,,469008.0,Escherichia coli BL21(DE3),Duplodnaviria,Heunggongvirae,Uroviricota,Caudoviricetes,Pantevenvirales,Straboviridae,Pseudotevenvirus,Pseudotevenvirus lw1,dsDNA
Pseudotevenvirus,2842979,,,0.11,,,,,,,,0.06,,,,,,562.0,Escherichia coli,Duplodnaviria,Heunggongvirae,Uroviricota,Caudoviricetes,Pantevenvirales,Straboviridae,Pseudotevenvirus,Pseudotevenvirus RB16,dsDNA
Pseudotevenvirus,2842979,,,0.11,,,,,,,,0.06,,,,,,37762.0,Escherichia coli B,Duplodnaviria,Heunggongvirae,Uroviricota,Caudoviricetes,Pantevenvirales,Straboviridae,Pseudotevenvirus,Pseudotevenvirus RB43,dsDNA
Pseudotevenvirus,2842979,,,0.11,,,,,,,,0.06,,,,,,573.0,Klebsiella pneumoniae,Duplodnaviria,Heunggongvirae,Uroviricota,Caudoviricetes,Pantevenvirales,Straboviridae,Pseudotevenvirus,unclassified Pseudotevenvirus,dsDNA
Pseudotevenvirus,2842979,,,0.11,,,,,,,,0.06,,,,,,316407.0,Escherichia coli str. K-12 substr. W3110,Duplodnaviria,Heunggongvirae,Uroviricota,Caudoviricetes,Pantevenvirales,Straboviridae,Pseudotevenvirus,,dsDNA
Pylasvirus,2842993,,,,,,,,0.14,,,0.03,,,0.19,,,573.0,Klebsiella pneumoniae,Duplodnaviria,Heunggongvirae,Uroviricota,Caudoviricetes,Caudoviricetes incertae sedis,Schitoviridae,Humphriesvirinae,Pylasvirus,dsDNA
Raunefjordenvirus,2843000,,,,,,,,,,,0.02,,,,,,1525218.0,Sulfitobacter sp. CB2047,Duplodnaviria,Heunggongvirae,Uroviricota,Caudoviricetes,Caudoviricetes incertae sedis,Schitoviridae,Rhodovirinae,Raunefjordenvirus,dsDNA
Secretariatvirus,2843027,,,,,,,,,,,0.06,,,,,,36822.0,Gordonia rubripertincta,Duplodnaviria,Heunggongvirae,Uroviricota,Caudoviricetes,Caudoviricetes incertae sedis,Secretariatvirus,Secretariatvirus secretariat,,dsDNA
Tanisvirus,2843069,,,0.21,,,0.29,,,,,0.23,,,0.05,0.13,,36822.0,Gordonia rubripertincta,Duplodnaviria,Heunggongvirae,Uroviricota,Caudoviricetes,Caudoviricetes incertae sedis,Tanisvirus,unclassified Tanisvirus,,dsDNA
Tanisvirus,2843069,,,0.21,,,0.29,,,,,0.23,,,0.05,0.13,,36822.0,Gordonia rubripertincta,Duplodnaviria,Heunggongvirae,Uroviricota,Caudoviricetes,Caudoviricetes incertae sedis,Tanisvirus,Tanisvirus avazak,,dsDNA
Tanisvirus,2843069,,,0.21,,,0.29,,,,,0.23,,,0.05,0.13,,2055.0,Gordonia terrae,Duplodnaviria,Heunggongvirae,Uroviricota,Caudoviricetes,Caudoviricetes incertae sedis,Tanisvirus,Tanisvirus tanis,,dsDNA
Tinytimothyvirus,2843096,,,,,,,,,,0.07,0.07,,,0.05,0.06,,104336.0,Microbacterium foliorum,Duplodnaviria,Heunggongvirae,Uroviricota,Caudoviricetes,Caudoviricetes incertae sedis,Tinytimothyvirus,Tinytimothyvirus alex44,,dsDNA
Tinytimothyvirus,2843096,,,,,,,,,,0.07,0.07,,,0.05,0.06,,104336.0,Microbacterium foliorum,Duplodnaviria,Heunggongvirae,Uroviricota,Caudoviricetes,Caudoviricetes incertae sedis,Tinytimothyvirus,unclassified Tinytimothyvirus,,dsDNA
Tinytimothyvirus,2843096,,,,,,,,,,0.07,0.07,,,0.05,0.06,,104336.0,Microbacterium foliorum,Duplodnaviria,Heunggongvirae,Uroviricota,Caudoviricetes,Caudoviricetes incertae sedis,Tinytimothyvirus,Tinytimothyvirus tinytimothy,,dsDNA
Waedenswilvirus,2843122,,,,,,,,,,,0.01,,,,,,552.0,Erwinia amylovora,Duplodnaviria,Heunggongvirae,Uroviricota,Caudoviricetes,Caudoviricetes incertae sedis,Schitoviridae,Waedenswilvirus,unclassified Waedenswilvirus,dsDNA
Wahdswovirus,2843124,,,,,,,,,,,,,,,,0.11,1.0,root,Riboviria,Orthornavirae,Lenarviricota,Leviviricetes,Timlovirales,Blumeviridae,Wahdswovirus,Wahdswovirus lutenecus,+ssRNA
Zedzedvirus,2843159,,,,,,,,,,,0.03,,,,,,,,,,,,,,,,
Zicotriavirus,2843161,,,,,,,,,,,0.03,,,,,,287.0,Pseudomonas aeruginosa,Duplodnaviria,Heunggongvirae,Uroviricota,Caudoviricetes,Caudoviricetes incertae sedis,Schitoviridae,Zicotriavirus,Zicotriavirus ZC03,dsDNA
Zurivirus,2843162,,,,,,,,,,,0.03,,,,,,303.0,Pseudomonas putida,Duplodnaviria,Heunggongvirae,Uroviricota,Caudoviricetes,Caudoviricetes incertae sedis,Schitoviridae,Zurivirus,Zurivirus zuri,dsDNA
Aguilavirus,2843343,,,,,,,,,,,,,,0.07,,,562.0,Escherichia coli,Duplodnaviria,Heunggongvirae,Uroviricota,Caudoviricetes,Caudoviricetes incertae sedis,Aguilavirus,Aguilavirus mEp043,,dsDNA
Aguilavirus,2843343,,,,,,,,,,,,,,0.07,,,562.0,Escherichia coli,Duplodnaviria,Heunggongvirae,Uroviricota,Caudoviricetes,Caudoviricetes incertae sedis,Aguilavirus,Aguilavirus mEp213,,dsDNA
Astrithrvirus,2843350,,,0.1,,,,,,,,,,,,0.06,,469.0,Acinetobacter,Duplodnaviria,Heunggongvirae,Uroviricota,Caudoviricetes,Caudoviricetes incertae sedis,Astrithrvirus,unclassified Astrithrvirus,,dsDNA
Astrithrvirus,2843350,,,0.1,,,,,,,,,,,,0.06,,1913084.0,Pectobacterium sp.,Duplodnaviria,Heunggongvirae,Uroviricota,Caudoviricetes,Caudoviricetes incertae sedis,Astrithrvirus,unclassified Astrithrvirus,,dsDNA
Astrithrvirus,2843350,,,0.1,,,,,,,,,,,,0.06,,149539.0,Salmonella enterica subsp. enterica serovar Enteritidis,Duplodnaviria,Heunggongvirae,Uroviricota,Caudoviricetes,Caudoviricetes incertae sedis,Astrithrvirus,Astrithrvirus astrithr,,dsDNA
Audreyjarvisvirus,2843351,,,0.21,0.44,,0.34,0.31,0.54,,0.2,0.29,0.16,,0.66,,,1358.0,Lactococcus lactis,Duplodnaviria,Heunggongvirae,Uroviricota,Caudoviricetes,Caudoviricetes incertae sedis,Audreyjarvisvirus,Audreyjarvisvirus av949,,dsDNA
Audreyjarvisvirus,2843351,,,0.21,0.44,,0.34,0.31,0.54,,0.2,0.29,0.16,,0.66,,,1358.0,Lactococcus lactis,Duplodnaviria,Heunggongvirae,Uroviricota,Caudoviricetes,Caudoviricetes incertae sedis,Audreyjarvisvirus,Audreyjarvisvirus AM1,,dsDNA
Audreyjarvisvirus,2843351,,,0.21,0.44,,0.34,0.31,0.54,,0.2,0.29,0.16,,0.66,,,1358.0,Lactococcus lactis,Duplodnaviria,Heunggongvirae,Uroviricota,Caudoviricetes,Caudoviricetes incertae sedis,Audreyjarvisvirus,Audreyjarvisvirus AM4,,dsDNA
Audreyjarvisvirus,2843351,,,0.21,0.44,,0.34,0.31,0.54,,0.2,0.29,0.16,,0.66,,,1358.0,Lactococcus lactis,Duplodnaviria,Heunggongvirae,Uroviricota,Caudoviricetes,Caudoviricetes incertae sedis,Audreyjarvisvirus,Audreyjarvisvirus LW81,,dsDNA
Audreyjarvisvirus,2843351,,,0.21,0.44,,0.34,0.31,0.54,,0.2,0.29,0.16,,0.66,,,1358.0,Lactococcus lactis,Duplodnaviria,Heunggongvirae,Uroviricota,Caudoviricetes,Caudoviricetes incertae sedis,Audreyjarvisvirus,Audreyjarvisvirus P1048,,dsDNA
Audreyjarvisvirus,2843351,,,0.21,0.44,,0.34,0.31,0.54,,0.2,0.29,0.16,,0.66,,,1359.0,Lactococcus cremoris,Duplodnaviria,Heunggongvirae,Uroviricota,Caudoviricetes,Caudoviricetes incertae sedis,Audreyjarvisvirus,Audreyjarvisvirus L47,,dsDNA
Audreyjarvisvirus,2843351,,,0.21,0.44,,0.34,0.31,0.54,,0.2,0.29,0.16,,0.66,,,1358.0,Lactococcus lactis,Duplodnaviria,Heunggongvirae,Uroviricota,Caudoviricetes,Caudoviricetes incertae sedis,Audreyjarvisvirus,Audreyjarvisvirus WRP3,,dsDNA
Burrovirus,2843362,,0.98,0.71,0.37,0.85,0.57,0.97,0.28,0.62,0.56,0.4,0.49,0.3,0.34,0.26,0.45,104336.0,Microbacterium foliorum,Duplodnaviria,Heunggongvirae,Uroviricota,Caudoviricetes,Caudoviricetes incertae sedis,Burrovirus,Burrovirus araxxi,,dsDNA
Burrovirus,2843362,,0.98,0.71,0.37,0.85,0.57,0.97,0.28,0.62,0.56,0.4,0.49,0.3,0.34,0.26,0.45,104336.0,Microbacterium foliorum,Duplodnaviria,Heunggongvirae,Uroviricota,Caudoviricetes,Caudoviricetes incertae sedis,Burrovirus,Burrovirus arete,,dsDNA
Burrovirus,2843362,,0.98,0.71,0.37,0.85,0.57,0.97,0.28,0.62,0.56,0.4,0.49,0.3,0.34,0.26,0.45,199592.0,Microbacterium paraoxydans,Duplodnaviria,Heunggongvirae,Uroviricota,Caudoviricetes,Caudoviricetes incertae sedis,Burrovirus,Burrovirus burro,,dsDNA
Burrovirus,2843362,,0.98,0.71,0.37,0.85,0.57,0.97,0.28,0.62,0.56,0.4,0.49,0.3,0.34,0.26,0.45,104336.0,Microbacterium foliorum,Duplodnaviria,Heunggongvirae,Uroviricota,Caudoviricetes,Caudoviricetes incertae sedis,Burrovirus,unclassified Burrovirus,,dsDNA
Chopinvirus,2843365,,,,0.26,,,,,,,0.02,,,,,,1358.0,Lactococcus lactis,Duplodnaviria,Heunggongvirae,Uroviricota,Caudoviricetes,Caudoviricetes incertae sedis,Chopinvirus,Chopinvirus KSY1,,dsDNA
Fremauxvirus,2843383,,,,,,,,,,,0.04,,,,,,1358.0,Lactococcus lactis,Duplodnaviria,Heunggongvirae,Uroviricota,Caudoviricetes,Caudoviricetes incertae sedis,Fremauxvirus,Fremauxvirus fv1706,,dsDNA
Fremauxvirus,2843383,,,,,,,,,,,0.04,,,,,,1357.0,Lactococcus,Duplodnaviria,Heunggongvirae,Uroviricota,Caudoviricetes,Caudoviricetes incertae sedis,Fremauxvirus,Fremauxvirus CHPC971,,dsDNA
Fremauxvirus,2843383,,,,,,,,,,,0.04,,,,,,1358.0,Lactococcus lactis,Duplodnaviria,Heunggongvirae,Uroviricota,Caudoviricetes,Caudoviricetes incertae sedis,Fremauxvirus,Fremauxvirus CHPC971,,dsDNA
Kanagawavirus,2843399,,,,,,,,,,,0.02,,,,,,67780.0,Edwardsiella ictaluri,Duplodnaviria,Heunggongvirae,Uroviricota,Caudoviricetes,Pantevenvirales,Straboviridae,Tevenvirinae,Kanagawavirus,dsDNA
Kanagawavirus,2843399,,,,,,,,,,,0.02,,,,,,208223.0,Kosakonia cowanii,Duplodnaviria,Heunggongvirae,Uroviricota,Caudoviricetes,Pantevenvirales,Straboviridae,Tevenvirinae,Kanagawavirus,dsDNA
Lastavirus,2843414,,,,,,,,0.14,,,,0.13,,,,,573.0,Klebsiella pneumoniae,Duplodnaviria,Heunggongvirae,Uroviricota,Caudoviricetes,Caudoviricetes incertae sedis,Lastavirus,Lastavirus lasta,,dsDNA
Lastavirus,2843414,,,,,,,,0.14,,,,0.13,,,,,573.0,Klebsiella pneumoniae,Duplodnaviria,Heunggongvirae,Uroviricota,Caudoviricetes,Caudoviricetes incertae sedis,Lastavirus,Lastavirus sopranogao,,dsDNA
Lastavirus,2843414,,,,,,,,0.14,,,,0.13,,,,,576.0,Klebsiella sp.,Duplodnaviria,Heunggongvirae,Uroviricota,Caudoviricetes,Caudoviricetes incertae sedis,Lastavirus,unclassified Lastavirus,,dsDNA
Muldoonvirus,2843425,,,,,,,,,,,0.02,,,,,,413497.0,Cronobacter dublinensis,Duplodnaviria,Heunggongvirae,Uroviricota,Caudoviricetes,Caudoviricetes incertae sedis,Muldoonvirus,unclassified Muldoonvirus,,dsDNA
Muldoonvirus,2843425,,,,,,,,,,,0.02,,,,,,615.0,Serratia marcescens,Duplodnaviria,Heunggongvirae,Uroviricota,Caudoviricetes,Caudoviricetes incertae sedis,Muldoonvirus,Muldoonvirus muldoon,,dsDNA
Muldoonvirus,2843425,,,,,,,,,,,0.02,,,,,,615.0,Serratia marcescens,Duplodnaviria,Heunggongvirae,Uroviricota,Caudoviricetes,Caudoviricetes incertae sedis,Muldoonvirus,Muldoonvirus PS2,,dsDNA
Muldoonvirus,2843425,,,,,,,,,,,0.02,,,,,,613.0,Serratia,Duplodnaviria,Heunggongvirae,Uroviricota,Caudoviricetes,Caudoviricetes incertae sedis,Muldoonvirus,unclassified Muldoonvirus,,dsDNA
Muldoonvirus,2843425,,,,,,,,,,,0.02,,,,,,615.0,Serratia marcescens,Duplodnaviria,Heunggongvirae,Uroviricota,Caudoviricetes,Caudoviricetes incertae sedis,Muldoonvirus,unclassified Muldoonvirus,,dsDNA
Muminvirus,2843426,,,,,,,,0.26,,,0.31,,,,,,2654245.0,Flavobacterium sp. LMO9,Duplodnaviria,Heunggongvirae,Uroviricota,Caudoviricetes,Caudoviricetes incertae sedis,Muminvirus,Muminvirus filifjonk,,dsDNA
Muminvirus,2843426,,,,,,,,0.26,,,0.31,,,,,,2654243.0,Flavobacterium sp. LMO6,Duplodnaviria,Heunggongvirae,Uroviricota,Caudoviricetes,Caudoviricetes incertae sedis,Muminvirus,Muminvirus mumin,,dsDNA
Muminvirus,2843426,,,,,,,,0.26,,,0.31,,,,,,2654245.0,Flavobacterium sp. LMO9,Duplodnaviria,Heunggongvirae,Uroviricota,Caudoviricetes,Caudoviricetes incertae sedis,Muminvirus,Muminvirus mumin,,dsDNA
Muminvirus,2843426,,,,,,,,0.26,,,0.31,,,,,,2654243.0,Flavobacterium sp. LMO6,Duplodnaviria,Heunggongvirae,Uroviricota,Caudoviricetes,Caudoviricetes incertae sedis,Muminvirus,Muminvirus mymlan,,dsDNA
Muminvirus,2843426,,,,,,,,0.26,,,0.31,,,,,,2654243.0,Flavobacterium sp. LMO6,Duplodnaviria,Heunggongvirae,Uroviricota,Caudoviricetes,Caudoviricetes incertae sedis,Muminvirus,Muminvirus snusmum,,dsDNA
Muminvirus,2843426,,,,,,,,0.26,,,0.31,,,,,,2654245.0,Flavobacterium sp. LMO9,Duplodnaviria,Heunggongvirae,Uroviricota,Caudoviricetes,Caudoviricetes incertae sedis,Muminvirus,unclassified Muminvirus,,dsDNA
Muminvirus,2843426,,,,,,,,0.26,,,0.31,,,,,,2654243.0,Flavobacterium sp. LMO6,Duplodnaviria,Heunggongvirae,Uroviricota,Caudoviricetes,Caudoviricetes incertae sedis,Muminvirus,Muminvirus tooticki,,dsDNA
Muminvirus,2843426,,,,,,,,0.26,,,0.31,,,,,,2654245.0,Flavobacterium sp. LMO9,Duplodnaviria,Heunggongvirae,Uroviricota,Caudoviricetes,Caudoviricetes incertae sedis,Muminvirus,Muminvirus tooticki,,dsDNA
Plateaulakevirus,2843436,,,0.17,,0.18,0.17,,0.83,,0.42,0.23,,,0.55,,,196023.0,Aeromonas hydrophila subsp. hydrophila,Duplodnaviria,Heunggongvirae,Uroviricota,Caudoviricetes,Caudoviricetes incertae sedis,Plateaulakevirus,Plateaulakevirus pv2L372D,,dsDNA
Plateaulakevirus,2843436,,,0.17,,0.18,0.17,,0.83,,0.42,0.23,,,0.55,,,196023.0,Aeromonas hydrophila subsp. hydrophila,Duplodnaviria,Heunggongvirae,Uroviricota,Caudoviricetes,Caudoviricetes incertae sedis,Plateaulakevirus,Plateaulakevirus pv2L372X,,dsDNA
Plateaulakevirus,2843436,,,0.17,,0.18,0.17,,0.83,,0.42,0.23,,,0.55,,,196023.0,Aeromonas hydrophila subsp. hydrophila,Duplodnaviria,Heunggongvirae,Uroviricota,Caudoviricetes,Caudoviricetes incertae sedis,Plateaulakevirus,Plateaulakevirus pv4L372D,,dsDNA
Plateaulakevirus,2843436,,,0.17,,0.18,0.17,,0.83,,0.42,0.23,,,0.55,,,196023.0,Aeromonas hydrophila subsp. hydrophila,Duplodnaviria,Heunggongvirae,Uroviricota,Caudoviricetes,Caudoviricetes incertae sedis,Plateaulakevirus,Plateaulakevirus pv4L372XY,,dsDNA
Plateaulakevirus,2843436,,,0.17,,0.18,0.17,,0.83,,0.42,0.23,,,0.55,,,647.0,Aeromonas sp.,Duplodnaviria,Heunggongvirae,Uroviricota,Caudoviricetes,Caudoviricetes incertae sedis,Plateaulakevirus,unclassified Plateaulakevirus,,dsDNA
Plateaulakevirus,2843436,,,0.17,,0.18,0.17,,0.83,,0.42,0.23,,,0.55,,,648.0,Aeromonas caviae,Duplodnaviria,Heunggongvirae,Uroviricota,Caudoviricetes,Caudoviricetes incertae sedis,Plateaulakevirus,unclassified Plateaulakevirus,,dsDNA
Plateaulakevirus,2843436,,,0.17,,0.18,0.17,,0.83,,0.42,0.23,,,0.55,,,196024.0,Aeromonas dhakensis,Duplodnaviria,Heunggongvirae,Uroviricota,Caudoviricetes,Caudoviricetes incertae sedis,Plateaulakevirus,unclassified Plateaulakevirus,,dsDNA
Takahashivirus,2843463,,,,,,,,,,,0.03,,,,,,224308.0,Bacillus subtilis subsp. subtilis str. 168,Duplodnaviria,Heunggongvirae,Uroviricota,Caudoviricetes,Caudoviricetes incertae sedis,Takahashivirus,Takahashivirus PBS1,,dsDNA
Takahashivirus,2843463,,,,,,,,,,,0.03,,,,,,1423.0,Bacillus subtilis,Duplodnaviria,Heunggongvirae,Uroviricota,Caudoviricetes,Caudoviricetes incertae sedis,Takahashivirus,Takahashivirus PBS1,,dsDNA
Takahashivirus,2843463,,,,,,,,,,,0.03,,,,,,1408.0,Bacillus pumilus,Duplodnaviria,Heunggongvirae,Uroviricota,Caudoviricetes,Caudoviricetes incertae sedis,Takahashivirus,unclassified Takahashivirus,,dsDNA
Takahashivirus,2843463,,,,,,,,,,,0.03,,,,,,1386.0,Bacillus,Duplodnaviria,Heunggongvirae,Uroviricota,Caudoviricetes,Caudoviricetes incertae sedis,Takahashivirus,unclassified Takahashivirus,,dsDNA
Takahashivirus,2843463,,,,,,,,,,,0.03,,,,,,1423.0,Bacillus subtilis,Duplodnaviria,Heunggongvirae,Uroviricota,Caudoviricetes,Caudoviricetes incertae sedis,Takahashivirus,unclassified Takahashivirus,,dsDNA
Teubervirus,2843466,,,,,,,,,,,0.04,,,,,,1358.0,Lactococcus lactis,Duplodnaviria,Heunggongvirae,Uroviricota,Caudoviricetes,Caudoviricetes incertae sedis,Teubervirus,Teubervirus AM6,,dsDNA
Teubervirus,2843466,,,,,,,,,,,0.04,,,,,,1358.0,Lactococcus lactis,Duplodnaviria,Heunggongvirae,Uroviricota,Caudoviricetes,Caudoviricetes incertae sedis,Teubervirus,Teubervirus LW31,,dsDNA
Teubervirus,2843466,,,,,,,,,,,0.04,,,,,,1358.0,Lactococcus lactis,Duplodnaviria,Heunggongvirae,Uroviricota,Caudoviricetes,Caudoviricetes incertae sedis,Teubervirus,Teubervirus P087,,dsDNA
Teubervirus,2843466,,,,,,,,,,,0.04,,,,,,1358.0,Lactococcus lactis,Duplodnaviria,Heunggongvirae,Uroviricota,Caudoviricetes,Caudoviricetes incertae sedis,Teubervirus,Teubervirus P596,,dsDNA
Teubervirus,2843466,,,,,,,,,,,0.04,,,,,,1359.0,Lactococcus cremoris,Duplodnaviria,Heunggongvirae,Uroviricota,Caudoviricetes,Caudoviricetes incertae sedis,Teubervirus,Teubervirus Q1,,dsDNA
Teubervirus,2843466,,,,,,,,,,,0.04,,,,,,1359.0,Lactococcus cremoris,Duplodnaviria,Heunggongvirae,Uroviricota,Caudoviricetes,Caudoviricetes incertae sedis,Teubervirus,unclassified Teubervirus,,dsDNA
Uwajimavirus,2843469,,,,,,,,,,,,,,,,0.2,1363.0,Lactococcus garvieae,Duplodnaviria,Heunggongvirae,Uroviricota,Caudoviricetes,Caudoviricetes incertae sedis,Uwajimavirus,unclassified Uwajimavirus,,dsDNA
Uwajimavirus,2843469,,,,,,,,,,,,,,,,0.2,1363.0,Lactococcus garvieae,Duplodnaviria,Heunggongvirae,Uroviricota,Caudoviricetes,Caudoviricetes incertae sedis,Uwajimavirus,Uwajimavirus PLgW1,,dsDNA
Yonseivirus,2843478,,0.66,0.26,0.32,,,0.38,2.0,0.17,0.21,0.1,1.39,0.55,1.53,0.13,0.15,573.0,Klebsiella pneumoniae,Duplodnaviria,Heunggongvirae,Uroviricota,Caudoviricetes,Caudoviricetes incertae sedis,Casjensviridae,Yonseivirus,Yonseivirus N137,dsDNA
Kahnovirus,2942979,,1.54,1.37,2.96,1.03,1.12,1.22,1.68,1.26,0.6,1.01,0.66,0.61,1.91,0.74,0.91,,,,,,,,,,,
Kehishuvirus,2942980,,0.84,0.9,0.55,1.54,0.35,1.38,0.43,0.99,0.59,0.3,0.52,1.61,0.36,1.0,1.01,329854.0,Bacteroides intestinalis,Duplodnaviria,Heunggongvirae,Uroviricota,Caudoviricetes,Crassvirales,Steigviridae,Asinivirinae,Kehishuvirus,dsDNA
Kehishuvirus,2942980,,0.84,0.9,0.55,1.54,0.35,1.38,0.43,0.99,0.59,0.3,0.52,1.61,0.36,1.0,1.01,246787.0,Bacteroides cellulosilyticus,Duplodnaviria,Heunggongvirae,Uroviricota,Caudoviricetes,Crassvirales,Steigviridae,Asinivirinae,Kehishuvirus,dsDNA
Paundivirus,2942981,,0.3,0.99,0.49,,,,0.22,0.2,0.13,0.08,,0.19,0.18,0.3,0.11,1.0,root,Duplodnaviria,Heunggongvirae,Uroviricota,Caudoviricetes,Crassvirales,Steigviridae,Asinivirinae,Paundivirus,dsDNA
Wulfhauvirus,2942982,,,,,,,,,,0.07,0.01,,,,,,226186.0,Bacteroides thetaiotaomicron VPI-5482,Duplodnaviria,Heunggongvirae,Uroviricota,Caudoviricetes,Crassvirales,Steigviridae,Asinivirinae,Wulfhauvirus,dsDNA
Afonbuvirus,2942989,,0.66,0.68,2.16,1.3,0.84,0.94,1.2,1.72,0.82,0.73,0.3,1.61,1.08,0.45,1.96,1.0,root,Duplodnaviria,Heunggongvirae,Uroviricota,Caudoviricetes,Crassvirales,Suoliviridae,Bearivirinae,Afonbuvirus,dsDNA
Canhaevirus,2942990,,0.17,0.23,,0.19,,0.32,0.13,0.27,0.15,0.09,0.22,,0.09,0.13,0.22,1.0,root,Duplodnaviria,Heunggongvirae,Uroviricota,Caudoviricetes,Crassvirales,Suoliviridae,Boorivirinae,Canhaevirus,dsDNA
Cohcovirus,2942991,,0.33,0.13,,0.27,0.17,,0.1,0.26,0.11,0.16,,,,,0.24,,,,,,,,,,,
Culoivirus,2942992,,,,,0.16,,,,,,0.07,,,,,0.11,818.0,Bacteroides thetaiotaomicron,Duplodnaviria,Heunggongvirae,Uroviricota,Caudoviricetes,Crassvirales,Suoliviridae,Boorivirinae,Culoivirus,dsDNA
Culoivirus,2942992,,,,,0.16,,,,,,0.07,,,,,0.11,976.0,Bacteroidota,Duplodnaviria,Heunggongvirae,Uroviricota,Caudoviricetes,Crassvirales,Suoliviridae,Boorivirinae,Culoivirus,dsDNA
Culoivirus,2942992,,,,,0.16,,,,,,0.07,,,,,0.11,76594.0,Cellulophaga baltica,Duplodnaviria,Heunggongvirae,Uroviricota,Caudoviricetes,Crassvirales,Suoliviridae,Boorivirinae,Culoivirus,dsDNA
Culoivirus,2942992,,,,,0.16,,,,,,0.07,,,,,0.11,329854.0,Bacteroides intestinalis,Duplodnaviria,Heunggongvirae,Uroviricota,Caudoviricetes,Crassvirales,Suoliviridae,Boorivirinae,Culoivirus,dsDNA
Culoivirus,2942992,,,,,0.16,,,,,,0.07,,,,,0.11,371601.0,Bacteroides xylanisolvens,Duplodnaviria,Heunggongvirae,Uroviricota,Caudoviricetes,Crassvirales,Suoliviridae,Boorivirinae,Culoivirus,dsDNA
Blohavirus,2942993,,0.21,0.19,0.38,0.25,0.34,0.3,0.11,0.31,0.09,0.24,0.25,0.2,0.12,0.2,0.22,,,,,,,,,,,
Buchavirus,2942994,,0.43,0.22,0.67,1.31,0.72,0.21,0.58,0.86,0.28,0.64,0.3,0.6,0.66,0.18,0.85,1.0,root,Duplodnaviria,Heunggongvirae,Uroviricota,Caudoviricetes,Crassvirales,Suoliviridae,Loutivirinae,Buchavirus,dsDNA
Dunedinvirus,2943004,,,,,,,0.19,,,,,,,0.25,,,104623.0,Prodigiosinella confusarubida,Duplodnaviria,Heunggongvirae,Uroviricota,Caudoviricetes,Caudoviricetes incertae sedis,Casjensviridae,Dunedinvirus,Dunedinvirus JS26,dsDNA
Gwanakrovirus,2943008,,,,,,,,,,,0.02,,,,,,79967.0,Erwinia pyrifoliae,Duplodnaviria,Heunggongvirae,Uroviricota,Caudoviricetes,Caudoviricetes incertae sedis,Casjensviridae,Gwanakrovirus,Gwanakrovirus SNUABM08,dsDNA
Salvovirus,2943016,,0.87,0.34,0.39,0.16,0.28,,0.31,0.2,0.84,0.2,0.2,0.81,0.33,0.13,0.21,33013.0,Clavibacter michiganensis subsp. michiganensis,Duplodnaviria,Heunggongvirae,Uroviricota,Caudoviricetes,Caudoviricetes incertae sedis,Casjensviridae,Salvovirus,unclassified Salvovirus,dsDNA
Salvovirus,2943016,,0.87,0.34,0.39,0.16,0.28,,0.31,0.2,0.84,0.2,0.2,0.81,0.33,0.13,0.21,314565.0,Xanthomonas campestris pv. campestris str. 8004,Duplodnaviria,Heunggongvirae,Uroviricota,Caudoviricetes,Caudoviricetes incertae sedis,Casjensviridae,Salvovirus,unclassified Salvovirus,dsDNA
Salvovirus,2943016,,0.87,0.34,0.39,0.16,0.28,,0.31,0.2,0.84,0.2,0.2,0.81,0.33,0.13,0.21,338.0,Xanthomonas,Duplodnaviria,Heunggongvirae,Uroviricota,Caudoviricetes,Caudoviricetes incertae sedis,Casjensviridae,Salvovirus,unclassified Salvovirus,dsDNA
Salvovirus,2943016,,0.87,0.34,0.39,0.16,0.28,,0.31,0.2,0.84,0.2,0.2,0.81,0.33,0.13,0.21,2371.0,Xylella fastidiosa,Duplodnaviria,Heunggongvirae,Uroviricota,Caudoviricetes,Caudoviricetes incertae sedis,Casjensviridae,Salvovirus,Salvovirus salvo,dsDNA
Seodaemunguvirus,2943017,,,0.14,,,,,0.11,,0.08,,,,0.1,0.1,,573.0,Klebsiella pneumoniae,Duplodnaviria,Heunggongvirae,Uroviricota,Caudoviricetes,Caudoviricetes incertae sedis,Casjensviridae,Seodaemunguvirus,Seodaemunguvirus YMC16-01N133,dsDNA
Sharonstreetvirus,2943019,,0.24,0.12,0.8,,0.21,4.15,0.14,0.17,0.09,0.18,,,0.09,0.08,0.09,644.0,Aeromonas hydrophila,Duplodnaviria,Heunggongvirae,Uroviricota,Caudoviricetes,Caudoviricetes incertae sedis,Casjensviridae,Sharonstreetvirus,unclassified Sharonstreetvirus,dsDNA
Sharonstreetvirus,2943019,,0.24,0.12,0.8,,0.21,4.15,0.14,0.17,0.09,0.18,,,0.09,0.08,0.09,654.0,Aeromonas veronii,Duplodnaviria,Heunggongvirae,Uroviricota,Caudoviricetes,Caudoviricetes incertae sedis,Casjensviridae,Sharonstreetvirus,Sharonstreetvirus BUCT551,dsDNA
Sharonstreetvirus,2943019,,0.24,0.12,0.8,,0.21,4.15,0.14,0.17,0.09,0.18,,,0.09,0.08,0.09,647.0,Aeromonas sp.,Duplodnaviria,Heunggongvirae,Uroviricota,Caudoviricetes,Caudoviricetes incertae sedis,Casjensviridae,Sharonstreetvirus,Sharonstreetvirus xiamensis,dsDNA
Zhonglingvirus,2943020,,,,,,,,,,,,,,,,0.15,599.0,Salmonella sp.,Duplodnaviria,Heunggongvirae,Uroviricota,Caudoviricetes,Caudoviricetes incertae sedis,Casjensviridae,Zhonglingvirus,Zhonglingvirus SAP012,dsDNA
Zhonglingvirus,2943020,,,,,,,,,,,,,,,,0.15,346.0,Xanthomonas citri,Duplodnaviria,Heunggongvirae,Uroviricota,Caudoviricetes,Caudoviricetes incertae sedis,Casjensviridae,Zhonglingvirus,unclassified Zhonglingvirus,dsDNA
Swiduovirus,2944849,,,,,,,,,,0.07,,,,,,,561.0,Escherichia,Duplodnaviria,Heunggongvirae,Uroviricota,Caudoviricetes,Caudoviricetes incertae sedis,Swiduovirus,Swiduovirus swi2,,dsDNA
Swiduovirus,2944849,,,,,,,,,,0.07,,,,,,,54388.0,Salmonella enterica subsp. enterica serovar Paratyphi A,Duplodnaviria,Heunggongvirae,Uroviricota,Caudoviricetes,Caudoviricetes incertae sedis,Swiduovirus,unclassified Swiduovirus,,dsDNA
Akiravirus,2946787,,,,,,,,,,0.16,,,,0.1,,,59201.0,Salmonella enterica subsp. enterica,Duplodnaviria,Heunggongvirae,Uroviricota,Caudoviricetes,Caudoviricetes incertae sedis,Akiravirus,Akiravirus akira,,dsDNA
Angainorvirus,2946799,,,,,,,,,,,,,,,0.12,,5758.0,Entamoeba,Monodnaviria,Shotokuvirae,Cressdnaviricota,Arfiviricetes,Rohanvirales,Nenyaviridae,Angainorvirus,Angainorvirus turin,
Aurodevirus,2946811,,0.9,0.74,0.94,1.55,0.29,0.47,0.56,2.74,0.98,0.23,0.74,0.93,0.62,0.47,2.1,1.0,root,Duplodnaviria,Heunggongvirae,Uroviricota,Caudoviricetes,Crassvirales,Suoliviridae,Uncouvirinae,Aurodevirus,dsDNA
Backyardiganvirus,2946815,,,,,,,,,,,0.06,,,,,,246196.0,Mycolicibacterium smegmatis MC2 155,Duplodnaviria,Heunggongvirae,Uroviricota,Caudoviricetes,Caudoviricetes incertae sedis,Backyardiganvirus,unclassified Backyardiganvirus,,dsDNA
Backyardiganvirus,2946815,,,,,,,,,,,0.06,,,,,,246196.0,Mycolicibacterium smegmatis MC2 155,Duplodnaviria,Heunggongvirae,Uroviricota,Caudoviricetes,Caudoviricetes incertae sedis,Backyardiganvirus,Backyardiganvirus peaches,,dsDNA
Backyardiganvirus,2946815,,,,,,,,,,,0.06,,,,,,246196.0,Mycolicibacterium smegmatis MC2 155,Duplodnaviria,Heunggongvirae,Uroviricota,Caudoviricetes,Caudoviricetes incertae sedis,Backyardiganvirus,Backyardiganvirus arturo,,dsDNA
Backyardiganvirus,2946815,,,,,,,,,,,0.06,,,,,,1763.0,Mycobacterium,Duplodnaviria,Heunggongvirae,Uroviricota,Caudoviricetes,Caudoviricetes incertae sedis,Backyardiganvirus,unclassified Backyardiganvirus,,dsDNA
Backyardiganvirus,2946815,,,,,,,,,,,0.06,,,,,,246196.0,Mycolicibacterium smegmatis MC2 155,Duplodnaviria,Heunggongvirae,Uroviricota,Caudoviricetes,Caudoviricetes incertae sedis,Backyardiganvirus,Backyardiganvirus backyardigan,,dsDNA
Backyardiganvirus,2946815,,,,,,,,,,,0.06,,,,,,246196.0,Mycolicibacterium smegmatis MC2 155,Duplodnaviria,Heunggongvirae,Uroviricota,Caudoviricetes,Caudoviricetes incertae sedis,Backyardiganvirus,Backyardiganvirus bellusterra,,dsDNA
Backyardiganvirus,2946815,,,,,,,,,,,0.06,,,,,,1763.0,Mycobacterium,Duplodnaviria,Heunggongvirae,Uroviricota,Caudoviricetes,Caudoviricetes incertae sedis,Backyardiganvirus,Backyardiganvirus peaches,,dsDNA
Backyardiganvirus,2946815,,,,,,,,,,,0.06,,,,,,246196.0,Mycolicibacterium smegmatis MC2 155,Duplodnaviria,Heunggongvirae,Uroviricota,Caudoviricetes,Caudoviricetes incertae sedis,Backyardiganvirus,Backyardiganvirus camperdownii,,dsDNA
Backyardiganvirus,2946815,,,,,,,,,,,0.06,,,,,,246196.0,Mycolicibacterium smegmatis MC2 155,Duplodnaviria,Heunggongvirae,Uroviricota,Caudoviricetes,Caudoviricetes incertae sedis,Backyardiganvirus,Backyardiganvirus cerulean,,dsDNA
Backyardiganvirus,2946815,,,,,,,,,,,0.06,,,,,,246196.0,Mycolicibacterium smegmatis MC2 155,Duplodnaviria,Heunggongvirae,Uroviricota,Caudoviricetes,Caudoviricetes incertae sedis,Backyardiganvirus,Backyardiganvirus LHTSCC,,dsDNA
Backyardiganvirus,2946815,,,,,,,,,,,0.06,,,,,,246196.0,Mycolicibacterium smegmatis MC2 155,Duplodnaviria,Heunggongvirae,Uroviricota,Caudoviricetes,Caudoviricetes incertae sedis,Backyardiganvirus,Backyardiganvirus cindaradix,,dsDNA
Backyardiganvirus,2946815,,,,,,,,,,,0.06,,,,,,246196.0,Mycolicibacterium smegmatis MC2 155,Duplodnaviria,Heunggongvirae,Uroviricota,Caudoviricetes,Caudoviricetes incertae sedis,Backyardiganvirus,Backyardiganvirus cintron,,dsDNA
Backyardiganvirus,2946815,,,,,,,,,,,0.06,,,,,,246196.0,Mycolicibacterium smegmatis MC2 155,Duplodnaviria,Heunggongvirae,Uroviricota,Caudoviricetes,Caudoviricetes incertae sedis,Backyardiganvirus,Backyardiganvirus icleared,,dsDNA
Backyardiganvirus,2946815,,,,,,,,,,,0.06,,,,,,1772.0,Mycolicibacterium smegmatis,Duplodnaviria,Heunggongvirae,Uroviricota,Caudoviricetes,Caudoviricetes incertae sedis,Backyardiganvirus,Backyardiganvirus leoavram,,dsDNA
Backyardiganvirus,2946815,,,,,,,,,,,0.06,,,,,,1763.0,Mycobacterium,Duplodnaviria,Heunggongvirae,Uroviricota,Caudoviricetes,Caudoviricetes incertae sedis,Backyardiganvirus,Backyardiganvirus miramae,,dsDNA
Backyardiganvirus,2946815,,,,,,,,,,,0.06,,,,,,246196.0,Mycolicibacterium smegmatis MC2 155,Duplodnaviria,Heunggongvirae,Uroviricota,Caudoviricetes,Caudoviricetes incertae sedis,Backyardiganvirus,Backyardiganvirus mundrea,,dsDNA
Backyardiganvirus,2946815,,,,,,,,,,,0.06,,,,,,246196.0,Mycolicibacterium smegmatis MC2 155,Duplodnaviria,Heunggongvirae,Uroviricota,Caudoviricetes,Caudoviricetes incertae sedis,Backyardiganvirus,Backyardiganvirus noelle,,dsDNA
Backyardiganvirus,2946815,,,,,,,,,,,0.06,,,,,,246196.0,Mycolicibacterium smegmatis MC2 155,Duplodnaviria,Heunggongvirae,Uroviricota,Caudoviricetes,Caudoviricetes incertae sedis,Backyardiganvirus,Backyardiganvirus stasia,,dsDNA
Backyardiganvirus,2946815,,,,,,,,,,,0.06,,,,,,246196.0,Mycolicibacterium smegmatis MC2 155,Duplodnaviria,Heunggongvirae,Uroviricota,Caudoviricetes,Caudoviricetes incertae sedis,Backyardiganvirus,Backyardiganvirus wizard007,,dsDNA
Beograduvirus,2946820,,0.43,,,,,,,,,,,,,,,456327.0,Xanthomonas euvesicatoria,Duplodnaviria,Heunggongvirae,Uroviricota,Caudoviricetes,Caudoviricetes incertae sedis,Beograduvirus,unclassified Beograduvirus,,dsDNA
Beograduvirus,2946820,,0.43,,,,,,,,,,,,,,,456327.0,Xanthomonas euvesicatoria,Duplodnaviria,Heunggongvirae,Uroviricota,Caudoviricetes,Caudoviricetes incertae sedis,Beograduvirus,Beograduvirus KPhi1,,dsDNA
Beograduvirus,2946820,,0.43,,,,,,,,,,,,,,,29446.0,Xanthomonas sp.,Duplodnaviria,Heunggongvirae,Uroviricota,Caudoviricetes,Caudoviricetes incertae sedis,Beograduvirus,unclassified Beograduvirus,,dsDNA
Beograduvirus,2946820,,0.43,,,,,,,,,,,,,,,56460.0,Xanthomonas vesicatoria,Duplodnaviria,Heunggongvirae,Uroviricota,Caudoviricetes,Caudoviricetes incertae sedis,Beograduvirus,Beograduvirus Xaf18,,dsDNA
Besingivirus,2946821,,,,,0.16,,,,0.14,,0.07,,,,,0.13,,,,,,,,,,,
Birpovirus,2946830,,0.26,0.16,,0.24,0.38,0.22,0.16,0.27,0.1,0.24,0.12,0.17,0.14,0.14,0.21,,,,,,,,,,,
Bohxovirus,2946832,,,,,,,,,0.12,,0.09,,,,,0.09,,,Duplodnaviria,Heunggongvirae,Uroviricota,Caudoviricetes,Crassvirales,Suoliviridae,Oafivirinae,Bohxovirus,dsDNA
Buhlduvirus,2948643,,,,,,,,,,,0.12,,,,,0.12,,,,,,,,,,,
Buorbuivirus,2948644,,,0.09,,0.17,,,,0.33,0.11,0.07,,,0.06,0.13,0.26,,,,,,,,,,,
Burzaovirus,2948645,0.89,26.59,53.14,34.87,25.72,44.36,36.24,12.96,39.62,22.87,42.2,23.4,20.79,15.33,14.85,30.81,1.0,root,Duplodnaviria,Heunggongvirae,Uroviricota,Caudoviricetes,Crassvirales,Suoliviridae,Oafivirinae,Burzaovirus,dsDNA
Cacepaovirus,2948646,,,0.21,0.67,0.35,0.42,0.31,0.13,0.29,0.13,0.41,0.53,,0.17,,0.25,,,,,,,,,,,
Carjivirus,2948652,17.75,1.6,1.32,1.53,1.04,1.58,1.57,0.8,0.88,0.67,1.31,0.61,0.65,0.65,0.88,1.01,1869227.0,bacterium,Duplodnaviria,Heunggongvirae,Uroviricota,Caudoviricetes,Crassvirales,Intestiviridae,Crudevirinae,Carjivirus,dsDNA
Carjivirus,2948652,17.75,1.6,1.32,1.53,1.04,1.58,1.57,0.8,0.88,0.67,1.31,0.61,0.65,0.65,0.88,1.01,1.0,root,Duplodnaviria,Heunggongvirae,Uroviricota,Caudoviricetes,Crassvirales,Intestiviridae,Crudevirinae,Carjivirus,dsDNA
Carjivirus,2948652,17.75,1.6,1.32,1.53,1.04,1.58,1.57,0.8,0.88,0.67,1.31,0.61,0.65,0.65,0.88,1.01,976.0,Bacteroidota,Duplodnaviria,Heunggongvirae,Uroviricota,Caudoviricetes,Crassvirales,Intestiviridae,Crudevirinae,Carjivirus,dsDNA
Carjivirus,2948652,17.75,1.6,1.32,1.53,1.04,1.58,1.57,0.8,0.88,0.67,1.31,0.61,0.65,0.65,0.88,1.01,9606.0,Homo sapiens,Duplodnaviria,Heunggongvirae,Uroviricota,Caudoviricetes,Crassvirales,Intestiviridae,Crudevirinae,Carjivirus,dsDNA
Chuhaivirus,2948663,,0.27,0.47,0.65,0.42,0.76,1.34,0.17,1.03,0.69,0.96,1.95,0.41,0.23,0.15,1.05,,,,,,,,,,,
Clownvirus,2948667,,,,,,0.23,,,0.21,,0.12,,,0.06,,0.09,,,,,,,,,,,
Dabirmavirus,2948671,,,,,,,,,,,0.04,,,,,,,,,,,,,,,,
Deseoctovirus,2948678,,,,,,,,,,0.19,,,,,,,562.0,Escherichia coli,Duplodnaviria,Heunggongvirae,Uroviricota,Caudoviricetes,Caudoviricetes incertae sedis,Deseoctovirus,Deseoctovirus C1,,dsDNA
Deseoctovirus,2948678,,,,,,,,,,0.19,,,,,,,562.0,Escherichia coli,Duplodnaviria,Heunggongvirae,Uroviricota,Caudoviricetes,Caudoviricetes incertae sedis,Deseoctovirus,unclassified Deseoctovirus,,dsDNA
Deseoctovirus,2948678,,,,,,,,,,0.19,,,,,,,623.0,Shigella flexneri,Duplodnaviria,Heunggongvirae,Uroviricota,Caudoviricetes,Caudoviricetes incertae sedis,Deseoctovirus,Deseoctovirus DS8,,dsDNA
Diorhovirus,2948680,,,0.13,,,,,,0.21,,0.03,,,,0.08,0.15,,,,,,,,,,,
Drivevirus,2948684,,0.17,,,0.26,,,,,,0.06,,0.11,,,,,,,,,,,,,,
Delmidovirus,2948688,,,0.12,,,,,,,,0.1,0.13,,0.08,,,818.0,Bacteroides thetaiotaomicron,Duplodnaviria,Heunggongvirae,Uroviricota,Caudoviricetes,Crassvirales,Intestiviridae,Crudevirinae,Delmidovirus,dsDNA
Delmidovirus,2948688,,,0.12,,,,,,,,0.1,0.13,,0.08,,,76594.0,Cellulophaga baltica,Duplodnaviria,Heunggongvirae,Uroviricota,Caudoviricetes,Crassvirales,Intestiviridae,Crudevirinae,Delmidovirus,dsDNA
Delmidovirus,2948688,,,0.12,,,,,,,,0.1,0.13,,0.08,,,329854.0,Bacteroides intestinalis,Duplodnaviria,Heunggongvirae,Uroviricota,Caudoviricetes,Crassvirales,Intestiviridae,Crudevirinae,Delmidovirus,dsDNA
Delmidovirus,2948688,,,0.12,,,,,,,,0.1,0.13,,0.08,,,371601.0,Bacteroides xylanisolvens,Duplodnaviria,Heunggongvirae,Uroviricota,Caudoviricetes,Crassvirales,Intestiviridae,Crudevirinae,Delmidovirus,dsDNA
Efbeekayvirus,2948690,,0.17,0.41,0.41,0.42,0.96,,3.14,0.29,0.34,1.01,0.54,0.43,2.29,0.18,0.25,558.0,Erwinia sp.,Duplodnaviria,Heunggongvirae,Uroviricota,Caudoviricetes,Caudoviricetes incertae sedis,Schitoviridae,Efbeekayvirus,unclassified Efbeekayvirus,dsDNA
Efbeekayvirus,2948690,,0.17,0.41,0.41,0.42,0.96,,3.14,0.29,0.34,1.01,0.54,0.43,2.29,0.18,0.25,1420013.0,Klebsiella pneumoniae 30684/NJST258_2,Duplodnaviria,Heunggongvirae,Uroviricota,Caudoviricetes,Caudoviricetes incertae sedis,Schitoviridae,Efbeekayvirus,unclassified Efbeekayvirus,dsDNA
Efbeekayvirus,2948690,,0.17,0.41,0.41,0.42,0.96,,3.14,0.29,0.34,1.01,0.54,0.43,2.29,0.18,0.25,576.0,Klebsiella sp.,Duplodnaviria,Heunggongvirae,Uroviricota,Caudoviricetes,Caudoviricetes incertae sedis,Schitoviridae,Efbeekayvirus,unclassified Efbeekayvirus,dsDNA
Efbeekayvirus,2948690,,0.17,0.41,0.41,0.42,0.96,,3.14,0.29,0.34,1.01,0.54,0.43,2.29,0.18,0.25,573.0,Klebsiella pneumoniae,Duplodnaviria,Heunggongvirae,Uroviricota,Caudoviricetes,Caudoviricetes incertae sedis,Schitoviridae,Efbeekayvirus,unclassified Efbeekayvirus,dsDNA
Efbeekayvirus,2948690,,0.17,0.41,0.41,0.42,0.96,,3.14,0.29,0.34,1.01,0.54,0.43,2.29,0.18,0.25,570.0,Klebsiella,Duplodnaviria,Heunggongvirae,Uroviricota,Caudoviricetes,Caudoviricetes incertae sedis,Schitoviridae,Efbeekayvirus,unclassified Efbeekayvirus,dsDNA
Endlipuvirus,2948697,,0.3,0.12,,,,,,,,0.05,,,,,0.13,,,,,,,,,,,
Exceevirus,2948704,,0.17,0.13,,0.16,,,0.2,0.27,0.1,0.08,,,0.34,0.08,0.09,470.0,Acinetobacter baumannii,Duplodnaviria,Heunggongvirae,Uroviricota,Caudoviricetes,Caudoviricetes incertae sedis,Schitoviridae,Exceevirus,Exceevirus Xc38,dsDNA
Exceevirus,2948704,,0.17,0.13,,0.16,,,0.2,0.27,0.1,0.08,,,0.34,0.08,0.09,48296.0,Acinetobacter pittii,Duplodnaviria,Heunggongvirae,Uroviricota,Caudoviricetes,Caudoviricetes incertae sedis,Schitoviridae,Exceevirus,Exceevirus Xc38,dsDNA
Faithunavirus,2948705,,,,,,0.13,,,,0.11,0.08,,,,,,1772.0,Mycolicibacterium smegmatis,Duplodnaviria,Heunggongvirae,Uroviricota,Caudoviricetes,Caudoviricetes incertae sedis,Vilmaviridae,Lclasvirinae,Faithunavirus,dsDNA
Fohxhuevirus,2948709,,0.81,0.83,1.62,0.51,1.44,0.71,0.27,0.52,0.5,1.31,0.72,0.39,0.17,0.34,0.34,,,,,,,,,,,
Foxborovirus,2948710,,,,,,,,,,,0.02,,,,,,2055.0,Gordonia terrae,Duplodnaviria,Heunggongvirae,Uroviricota,Caudoviricetes,Caudoviricetes incertae sedis,Zierdtviridae,Emilbogenvirinae,Foxborovirus,dsDNA
Hacihdavirus,2948736,,,0.22,,,0.31,,,,0.06,0.22,,,0.09,0.13,,,,,,,,,,,,
Herugrimvirus,2948758,16.24,,0.1,,5.11,0.28,0.19,,,,0.28,,0.32,,0.07,0.16,1.0,root,Monodnaviria,Shotokuvirae,Cressdnaviricota,Arfiviricetes,Cirlivirales,Vilyaviridae,Herugrimvirus,Herugrimvirus gladden,
Jahgtovirus,2948767,,0.27,0.3,0.24,0.3,,,0.15,0.45,0.16,0.07,0.14,0.47,0.17,0.26,0.49,371601.0,Bacteroides xylanisolvens,Duplodnaviria,Heunggongvirae,Uroviricota,Caudoviricetes,Crassvirales,Intestiviridae,Churivirinae,Jahgtovirus,dsDNA
Jahgtovirus,2948767,,0.27,0.3,0.24,0.3,,,0.15,0.45,0.16,0.07,0.14,0.47,0.17,0.26,0.49,1.0,root,Duplodnaviria,Heunggongvirae,Uroviricota,Caudoviricetes,Crassvirales,Intestiviridae,Churivirinae,Jahgtovirus,dsDNA
Jahgtovirus,2948767,,0.27,0.3,0.24,0.3,,,0.15,0.45,0.16,0.07,0.14,0.47,0.17,0.26,0.49,818.0,Bacteroides thetaiotaomicron,Duplodnaviria,Heunggongvirae,Uroviricota,Caudoviricetes,Crassvirales,Intestiviridae,Churivirinae,Jahgtovirus,dsDNA
Jahgtovirus,2948767,,0.27,0.3,0.24,0.3,,,0.15,0.45,0.16,0.07,0.14,0.47,0.17,0.26,0.49,976.0,Bacteroidota,Duplodnaviria,Heunggongvirae,Uroviricota,Caudoviricetes,Crassvirales,Intestiviridae,Churivirinae,Jahgtovirus,dsDNA
Jahgtovirus,2948767,,0.27,0.3,0.24,0.3,,,0.15,0.45,0.16,0.07,0.14,0.47,0.17,0.26,0.49,76594.0,Cellulophaga baltica,Duplodnaviria,Heunggongvirae,Uroviricota,Caudoviricetes,Crassvirales,Intestiviridae,Churivirinae,Jahgtovirus,dsDNA
Jahgtovirus,2948767,,0.27,0.3,0.24,0.3,,,0.15,0.45,0.16,0.07,0.14,0.47,0.17,0.26,0.49,329854.0,Bacteroides intestinalis,Duplodnaviria,Heunggongvirae,Uroviricota,Caudoviricetes,Crassvirales,Intestiviridae,Churivirinae,Jahgtovirus,dsDNA
Jamesmcgillvirus,2948768,,,0.1,,,,,,,,,,,,0.1,,287.0,Pseudomonas aeruginosa,Duplodnaviria,Heunggongvirae,Uroviricota,Caudoviricetes,Caudoviricetes incertae sedis,Fredfastierviridae,Jamesmcgillvirus,Jamesmcgillvirus jv119X,dsDNA
Jamesmcgillvirus,2948768,,,0.1,,,,,,,,,,,,0.1,,306.0,Pseudomonas sp.,Duplodnaviria,Heunggongvirae,Uroviricota,Caudoviricetes,Caudoviricetes incertae sedis,Fredfastierviridae,Jamesmcgillvirus,unclassified Jamesmcgillvirus,dsDNA
Jamesmcgillvirus,2948768,,,0.1,,,,,,,,,,,,0.1,,286.0,Pseudomonas,Duplodnaviria,Heunggongvirae,Uroviricota,Caudoviricetes,Caudoviricetes incertae sedis,Fredfastierviridae,Jamesmcgillvirus,unclassified Jamesmcgillvirus,dsDNA
Jujuvirus,2948772,,,,,,,,,,,0.02,,,,,,2055.0,Gordonia terrae,Duplodnaviria,Heunggongvirae,Uroviricota,Caudoviricetes,Caudoviricetes incertae sedis,Jujuvirus,unclassified Jujuvirus,,dsDNA
Jujuvirus,2948772,,,,,,,,,,,0.02,,,,,,2055.0,Gordonia terrae,Duplodnaviria,Heunggongvirae,Uroviricota,Caudoviricetes,Caudoviricetes incertae sedis,Jujuvirus,Jujuvirus azula,,dsDNA
Jujuvirus,2948772,,,,,,,,,,,0.02,,,,,,2055.0,Gordonia terrae,Duplodnaviria,Heunggongvirae,Uroviricota,Caudoviricetes,Caudoviricetes incertae sedis,Jujuvirus,Jujuvirus blino,,dsDNA
Jujuvirus,2948772,,,,,,,,,,,0.02,,,,,,2055.0,Gordonia terrae,Duplodnaviria,Heunggongvirae,Uroviricota,Caudoviricetes,Caudoviricetes incertae sedis,Jujuvirus,Jujuvirus frokostdame,,dsDNA
Jujuvirus,2948772,,,,,,,,,,,0.02,,,,,,2055.0,Gordonia terrae,Duplodnaviria,Heunggongvirae,Uroviricota,Caudoviricetes,Caudoviricetes incertae sedis,Jujuvirus,Jujuvirus juju,,dsDNA
Jujuvirus,2948772,,,,,,,,,,,0.02,,,,,,36822.0,Gordonia rubripertincta,Duplodnaviria,Heunggongvirae,Uroviricota,Caudoviricetes,Caudoviricetes incertae sedis,Jujuvirus,unclassified Jujuvirus,,dsDNA
Jujuvirus,2948772,,,,,,,,,,,0.02,,,,,,158898.0,Gordonia westfalica,Duplodnaviria,Heunggongvirae,Uroviricota,Caudoviricetes,Caudoviricetes incertae sedis,Jujuvirus,Jujuvirus petra,,dsDNA
Jujuvirus,2948772,,,,,,,,,,,0.02,,,,,,2055.0,Gordonia terrae,Duplodnaviria,Heunggongvirae,Uroviricota,Caudoviricetes,Caudoviricetes incertae sedis,Jujuvirus,Jujuvirus walrus,,dsDNA
Junduvirus,2948774,,0.17,,0.63,0.29,0.45,,8.88,,0.13,0.33,0.12,0.14,14.07,,0.16,818.0,Bacteroides thetaiotaomicron,Duplodnaviria,Heunggongvirae,Uroviricota,Caudoviricetes,Crassvirales,Crevaviridae,Coarsevirinae,Junduvirus,dsDNA
Junduvirus,2948774,,0.17,,0.63,0.29,0.45,,8.88,,0.13,0.33,0.12,0.14,14.07,,0.16,976.0,Bacteroidota,Duplodnaviria,Heunggongvirae,Uroviricota,Caudoviricetes,Crassvirales,Crevaviridae,Coarsevirinae,Junduvirus,dsDNA
Junduvirus,2948774,,0.17,,0.63,0.29,0.45,,8.88,,0.13,0.33,0.12,0.14,14.07,,0.16,76594.0,Cellulophaga baltica,Duplodnaviria,Heunggongvirae,Uroviricota,Caudoviricetes,Crassvirales,Crevaviridae,Coarsevirinae,Junduvirus,dsDNA
Junduvirus,2948774,,0.17,,0.63,0.29,0.45,,8.88,,0.13,0.33,0.12,0.14,14.07,,0.16,329854.0,Bacteroides intestinalis,Duplodnaviria,Heunggongvirae,Uroviricota,Caudoviricetes,Crassvirales,Crevaviridae,Coarsevirinae,Junduvirus,dsDNA
Junduvirus,2948774,,0.17,,0.63,0.29,0.45,,8.88,,0.13,0.33,0.12,0.14,14.07,,0.16,371601.0,Bacteroides xylanisolvens,Duplodnaviria,Heunggongvirae,Uroviricota,Caudoviricetes,Crassvirales,Crevaviridae,Coarsevirinae,Junduvirus,dsDNA
Justusliebigvirus,2948775,,,,,,,,,,,0.02,,,,,,197.0,Campylobacter jejuni,Duplodnaviria,Heunggongvirae,Uroviricota,Caudoviricetes,Caudoviricetes incertae sedis,Justusliebigvirus,unclassified Justusliebigvirus,,dsDNA
Justusliebigvirus,2948775,,,,,,,,,,,0.02,,,,,,543.0,Enterobacteriaceae,Duplodnaviria,Heunggongvirae,Uroviricota,Caudoviricetes,Caudoviricetes incertae sedis,Justusliebigvirus,unclassified Justusliebigvirus,,dsDNA
Justusliebigvirus,2948775,,,,,,,,,,,0.02,,,,,,511145.0,Escherichia coli str. K-12 substr. MG1655,Duplodnaviria,Heunggongvirae,Uroviricota,Caudoviricetes,Caudoviricetes incertae sedis,Justusliebigvirus,Justusliebigvirus alia,,dsDNA
Justusliebigvirus,2948775,,,,,,,,,,,0.02,,,,,,83333.0,Escherichia coli K-12,Duplodnaviria,Heunggongvirae,Uroviricota,Caudoviricetes,Caudoviricetes incertae sedis,Justusliebigvirus,unclassified Justusliebigvirus,,dsDNA
Justusliebigvirus,2948775,,,,,,,,,,,0.02,,,,,,511145.0,Escherichia coli str. K-12 substr. MG1655,Duplodnaviria,Heunggongvirae,Uroviricota,Caudoviricetes,Caudoviricetes incertae sedis,Justusliebigvirus,unclassified Justusliebigvirus,,dsDNA
Justusliebigvirus,2948775,,,,,,,,,,,0.02,,,,,,562.0,Escherichia coli,Duplodnaviria,Heunggongvirae,Uroviricota,Caudoviricetes,Caudoviricetes incertae sedis,Justusliebigvirus,unclassified Justusliebigvirus,,dsDNA
Justusliebigvirus,2948775,,,,,,,,,,,0.02,,,,,,561.0,Escherichia,Duplodnaviria,Heunggongvirae,Uroviricota,Caudoviricetes,Caudoviricetes incertae sedis,Justusliebigvirus,unclassified Justusliebigvirus,,dsDNA
Justusliebigvirus,2948775,,,,,,,,,,,0.02,,,,,,511145.0,Escherichia coli str. K-12 substr. MG1655,Duplodnaviria,Heunggongvirae,Uroviricota,Caudoviricetes,Caudoviricetes incertae sedis,Justusliebigvirus,Justusliebigvirus muut,,dsDNA
Justusliebigvirus,2948775,,,,,,,,,,,0.02,,,,,,562.0,Escherichia coli,Duplodnaviria,Heunggongvirae,Uroviricota,Caudoviricetes,Caudoviricetes incertae sedis,Justusliebigvirus,Justusliebigvirus phi92,,dsDNA
Justusliebigvirus,2948775,,,,,,,,,,,0.02,,,,,,1884818.0,Escherichia sp.,Duplodnaviria,Heunggongvirae,Uroviricota,Caudoviricetes,Caudoviricetes incertae sedis,Justusliebigvirus,unclassified Justusliebigvirus,,dsDNA
Justusliebigvirus,2948775,,,,,,,,,,,0.02,,,,,,668369.0,Escherichia coli DH5[alpha],Duplodnaviria,Heunggongvirae,Uroviricota,Caudoviricetes,Caudoviricetes incertae sedis,Justusliebigvirus,unclassified Justusliebigvirus,,dsDNA
Justusliebigvirus,2948775,,,,,,,,,,,0.02,,,,,,561.0,Escherichia,Duplodnaviria,Heunggongvirae,Uroviricota,Caudoviricetes,Caudoviricetes incertae sedis,Justusliebigvirus,Justusliebigvirus PHB05,,dsDNA
Justusliebigvirus,2948775,,,,,,,,,,,0.02,,,,,,562.0,Escherichia coli,Duplodnaviria,Heunggongvirae,Uroviricota,Caudoviricetes,Caudoviricetes incertae sedis,Justusliebigvirus,Justusliebigvirus PD06,,dsDNA
Justusliebigvirus,2948775,,,,,,,,,,,0.02,,,,,,562.0,Escherichia coli,Duplodnaviria,Heunggongvirae,Uroviricota,Caudoviricetes,Caudoviricetes incertae sedis,Justusliebigvirus,Justusliebigvirus VEcB,,dsDNA
Justusliebigvirus,2948775,,,,,,,,,,,0.02,,,,,,562.0,Escherichia coli,Duplodnaviria,Heunggongvirae,Uroviricota,Caudoviricetes,Caudoviricetes incertae sedis,Justusliebigvirus,,,dsDNA
Justusliebigvirus,2948775,,,,,,,,,,,0.02,,,,,,573.0,Klebsiella pneumoniae,Duplodnaviria,Heunggongvirae,Uroviricota,Caudoviricetes,Caudoviricetes incertae sedis,Justusliebigvirus,unclassified Justusliebigvirus,,dsDNA
Justusliebigvirus,2948775,,,,,,,,,,,0.02,,,,,,90371.0,Salmonella enterica subsp. enterica serovar Typhimurium,Duplodnaviria,Heunggongvirae,Uroviricota,Caudoviricetes,Caudoviricetes incertae sedis,Justusliebigvirus,unclassified Justusliebigvirus,,dsDNA
Justusliebigvirus,2948775,,,,,,,,,,,0.02,,,,,,47917.0,Serratia fonticola,Duplodnaviria,Heunggongvirae,Uroviricota,Caudoviricetes,Caudoviricetes incertae sedis,Justusliebigvirus,unclassified Justusliebigvirus,,dsDNA
Kingevirus,2948785,1.0,,0.12,0.28,0.22,0.21,,0.29,,0.21,0.28,,0.24,0.27,0.07,0.22,818.0,Bacteroides thetaiotaomicron,Duplodnaviria,Heunggongvirae,Uroviricota,Caudoviricetes,Crassvirales,Crevaviridae,Doltivirinae,Kingevirus,dsDNA
Kingevirus,2948785,1.0,,0.12,0.28,0.22,0.21,,0.29,,0.21,0.28,,0.24,0.27,0.07,0.22,976.0,Bacteroidota,Duplodnaviria,Heunggongvirae,Uroviricota,Caudoviricetes,Crassvirales,Crevaviridae,Doltivirinae,Kingevirus,dsDNA
Kingevirus,2948785,1.0,,0.12,0.28,0.22,0.21,,0.29,,0.21,0.28,,0.24,0.27,0.07,0.22,76594.0,Cellulophaga baltica,Duplodnaviria,Heunggongvirae,Uroviricota,Caudoviricetes,Crassvirales,Crevaviridae,Doltivirinae,Kingevirus,dsDNA
Kingevirus,2948785,1.0,,0.12,0.28,0.22,0.21,,0.29,,0.21,0.28,,0.24,0.27,0.07,0.22,329854.0,Bacteroides intestinalis,Duplodnaviria,Heunggongvirae,Uroviricota,Caudoviricetes,Crassvirales,Crevaviridae,Doltivirinae,Kingevirus,dsDNA
Kingevirus,2948785,1.0,,0.12,0.28,0.22,0.21,,0.29,,0.21,0.28,,0.24,0.27,0.07,0.22,371601.0,Bacteroides xylanisolvens,Duplodnaviria,Heunggongvirae,Uroviricota,Caudoviricetes,Crassvirales,Crevaviridae,Doltivirinae,Kingevirus,dsDNA
Klumppvirus,2948786,,,,,,,,,,,0.01,,,,,,2756.0,Brochothrix thermosphacta,Duplodnaviria,Heunggongvirae,Uroviricota,Caudoviricetes,Caudoviricetes incertae sedis,Herelleviridae,Klumppvirus,Klumppvirus A9,dsDNA
Kolpuevirus,2948787,,0.37,0.4,0.36,0.29,0.26,0.6,0.12,0.72,0.53,0.29,0.51,0.33,0.21,0.22,0.48,818.0,Bacteroides thetaiotaomicron,Duplodnaviria,Heunggongvirae,Uroviricota,Caudoviricetes,Crassvirales,Steigviridae,Asinivirinae,Kolpuevirus,dsDNA
Kolpuevirus,2948787,,0.37,0.4,0.36,0.29,0.26,0.6,0.12,0.72,0.53,0.29,0.51,0.33,0.21,0.22,0.48,976.0,Bacteroidota,Duplodnaviria,Heunggongvirae,Uroviricota,Caudoviricetes,Crassvirales,Steigviridae,Asinivirinae,Kolpuevirus,dsDNA
Kolpuevirus,2948787,,0.37,0.4,0.36,0.29,0.26,0.6,0.12,0.72,0.53,0.29,0.51,0.33,0.21,0.22,0.48,371601.0,Bacteroides xylanisolvens,Duplodnaviria,Heunggongvirae,Uroviricota,Caudoviricetes,Crassvirales,Steigviridae,Asinivirinae,Kolpuevirus,dsDNA
Kunmingvirus,2948791,,0.26,,,,,,0.1,,,0.02,,,,,,948519.0,Aeromonas rivipollensis,Duplodnaviria,Heunggongvirae,Uroviricota,Caudoviricetes,Caudoviricetes incertae sedis,Kunmingvirus,Kunmingvirus kv2D05,,dsDNA
Kunmingvirus,2948791,,0.26,,,,,,0.1,,,0.02,,,,,,948519.0,Aeromonas rivipollensis,Duplodnaviria,Heunggongvirae,Uroviricota,Caudoviricetes,Caudoviricetes incertae sedis,Kunmingvirus,Kunmingvirus kv4D05,,dsDNA
Lahndsivirus,2948793,,,,0.22,,,,,,,0.02,,,,,0.12,,,,,,,,,,,
Lebriduvirus,2948797,,,,,0.19,,,,0.24,0.1,0.06,,0.11,0.07,,0.19,,,,,,,,,,,
Lipsvirus,2948803,,,,,,,,,,,0.04,,,,,,1131.0,Synechococcus sp.,Duplodnaviria,Heunggongvirae,Uroviricota,Caudoviricetes,Pantevenvirales,Kyanoviridae,Lipsvirus,unclassified Lipsvirus,dsDNA
Lipsvirus,2948803,,,,,,,,,,,0.04,,,,,,166314.0,Synechococcus sp. WH 8109,Duplodnaviria,Heunggongvirae,Uroviricota,Caudoviricetes,Pantevenvirales,Kyanoviridae,Lipsvirus,Lipsvirus ssm7,dsDNA
Lumosvirus,2948808,,,,,,,,,,,0.02,,,,,,,,,,,,,,,,
Mahlunavirus,2948812,,,,,,,,,,0.06,0.03,,0.1,0.05,,,,,,,,,,,,,
Mahstovirus,2948813,,,,,0.17,,0.54,0.12,,0.07,0.04,,,0.08,,,,,,,,,,,,,
Moomoovirus,2948827,,,,,,,,,,,0.02,,,,,,246196.0,Mycolicibacterium smegmatis MC2 155,Duplodnaviria,Heunggongvirae,Uroviricota,Caudoviricetes,Caudoviricetes incertae sedis,Moomoovirus,Moomoovirus moomoo,,dsDNA
Myrnavirus,2948833,,,,,,,,,,,0.02,,,,,,1763.0,Mycobacterium,Duplodnaviria,Heunggongvirae,Uroviricota,Caudoviricetes,Caudoviricetes incertae sedis,Myrnavirus,Myrnavirus myrna,,dsDNA
Myrnavirus,2948833,,,,,,,,,,,0.02,,,,,,246196.0,Mycolicibacterium smegmatis MC2 155,Duplodnaviria,Heunggongvirae,Uroviricota,Caudoviricetes,Caudoviricetes incertae sedis,Myrnavirus,Myrnavirus phabba,Myranavirus phabba,dsDNA
Myrnavirus,2948833,,,,,,,,,,,0.02,,,,,,246196.0,Mycolicibacterium smegmatis MC2 155,Duplodnaviria,Heunggongvirae,Uroviricota,Caudoviricetes,Caudoviricetes incertae sedis,Myrnavirus,unclassified Myrnavirus,,dsDNA
Pamirivirus,2948854,,,0.13,,,,,,,0.07,0.03,,,,,,,,,,,,,,,,
Pipoluvirus,2948867,,,0.08,,,,,,,,0.06,,,,,,,,,,,,,,,,
Segzyvirus,2948900,,,,,,,,,,0.13,,,,,,,90371.0,Salmonella enterica subsp. enterica serovar Typhimurium,Duplodnaviria,Heunggongvirae,Uroviricota,Caudoviricetes,Caudoviricetes incertae sedis,Segzyvirus,Segzyvirus LPSTLL,,dsDNA
Segzyvirus,2948900,,,,,,,,,,0.13,,,,,,,28901.0,Salmonella enterica,Duplodnaviria,Heunggongvirae,Uroviricota,Caudoviricetes,Caudoviricetes incertae sedis,Segzyvirus,Segzyvirus segz1,,dsDNA
Sheenvirus,2948905,,,,,,,,,,,0.01,,,,,,246196.0,Mycolicibacterium smegmatis MC2 155,Duplodnaviria,Heunggongvirae,Uroviricota,Caudoviricetes,Caudoviricetes incertae sedis,Sheenvirus,Sheenvirus Sheen,,dsDNA
Skatevirus,2948910,,,,,,,,,,0.26,,,,0.11,,,90371.0,Salmonella enterica subsp. enterica serovar Typhimurium,Duplodnaviria,Heunggongvirae,Uroviricota,Caudoviricetes,Caudoviricetes incertae sedis,Skatevirus,unclassified Skatevirus,,dsDNA
Skatevirus,2948910,,,,,,,,,,0.26,,,,0.11,,,98360.0,Salmonella enterica subsp. enterica serovar Dublin,Duplodnaviria,Heunggongvirae,Uroviricota,Caudoviricetes,Caudoviricetes incertae sedis,Skatevirus,unclassified Skatevirus,,dsDNA
Skatevirus,2948910,,,,,,,,,,0.26,,,,0.11,,,599.0,Salmonella sp.,Duplodnaviria,Heunggongvirae,Uroviricota,Caudoviricetes,Caudoviricetes incertae sedis,Skatevirus,unclassified Skatevirus,,dsDNA
Skatevirus,2948910,,,,,,,,,,0.26,,,,0.11,,,1299114.0,Salmonella enterica subsp. enterica serovar Typhimurium str. ATCC 14028,Duplodnaviria,Heunggongvirae,Uroviricota,Caudoviricetes,Caudoviricetes incertae sedis,Skatevirus,Skatevirus LPST10,,dsDNA
Skatevirus,2948910,,,,,,,,,,0.26,,,,0.11,,,28901.0,Salmonella enterica,Duplodnaviria,Heunggongvirae,Uroviricota,Caudoviricetes,Caudoviricetes incertae sedis,Skatevirus,Skatevirus SeSz2,,dsDNA
Skatevirus,2948910,,,,,,,,,,0.26,,,,0.11,,,28901.0,Salmonella enterica,Duplodnaviria,Heunggongvirae,Uroviricota,Caudoviricetes,Caudoviricetes incertae sedis,Skatevirus,Skatevirus Seszw1,,dsDNA
Skatevirus,2948910,,,,,,,,,,0.26,,,,0.11,,,28901.0,Salmonella enterica,Duplodnaviria,Heunggongvirae,Uroviricota,Caudoviricetes,Caudoviricetes incertae sedis,Skatevirus,unclassified Skatevirus,,dsDNA
Skatevirus,2948910,,,,,,,,,,0.26,,,,0.11,,,90371.0,Salmonella enterica subsp. enterica serovar Typhimurium,Duplodnaviria,Heunggongvirae,Uroviricota,Caudoviricetes,Caudoviricetes incertae sedis,Skatevirus,Skatevirus skate,,dsDNA
Skatevirus,2948910,,,,,,,,,,0.26,,,,0.11,,,59201.0,Salmonella enterica subsp. enterica,Duplodnaviria,Heunggongvirae,Uroviricota,Caudoviricetes,Caudoviricetes incertae sedis,Skatevirus,unclassified Skatevirus,,dsDNA
Skatevirus,2948910,,,,,,,,,,0.26,,,,0.11,,,599.0,Salmonella sp.,Duplodnaviria,Heunggongvirae,Uroviricota,Caudoviricetes,Caudoviricetes incertae sedis,Skatevirus,Skatevirus BS5,,dsDNA
Skatevirus,2948910,,,,,,,,,,0.26,,,,0.11,,,149539.0,Salmonella enterica subsp. enterica serovar Enteritidis,Duplodnaviria,Heunggongvirae,Uroviricota,Caudoviricetes,Caudoviricetes incertae sedis,Skatevirus,Skatevirus KFSSE2,,dsDNA
Skatevirus,2948910,,,,,,,,,,0.26,,,,0.11,,,90371.0,Salmonella enterica subsp. enterica serovar Typhimurium,Duplodnaviria,Heunggongvirae,Uroviricota,Caudoviricetes,Caudoviricetes incertae sedis,Skatevirus,Skatevirus VSt472,,dsDNA
Sukkupivirus,2948917,,,,,,,,,,,0.03,,,,,,,,,,,,,,,,
Triduovirus,2948933,,,,,,,,1.48,1.02,0.4,0.08,0.38,,1.1,,0.99,211968.0,Salmonella enterica subsp. enterica serovar Albany,Duplodnaviria,Heunggongvirae,Uroviricota,Caudoviricetes,Caudoviricetes incertae sedis,Schitoviridae,Triduovirus,Triduovirus Tr2,dsDNA
Vingilotevirus,2948948,4.24,,,,0.4,,,,,,,,,,,,1.0,root,Monodnaviria,Shotokuvirae,Cressdnaviricota,Arfiviricetes,Cirlivirales,Vilyaviridae,Vingilotevirus,Vingilotevirus gamgee,
Wotdevirus,2948953,,,0.23,,0.22,0.18,,,,,0.18,,,0.05,,0.1,1.0,root,Duplodnaviria,Heunggongvirae,Uroviricota,Caudoviricetes,Crassvirales,Intestiviridae,Obtuvirinae,Wotdevirus,dsDNA
Xooduovirus,2948956,,,,,,,,,,,0.02,,,,,,64187.0,Xanthomonas oryzae pv. oryzae,Duplodnaviria,Heunggongvirae,Uroviricota,Caudoviricetes,Caudoviricetes incertae sedis,Mesyanzhinovviridae,Bradleyvirinae,Xooduovirus,dsDNA
Axeltriavirus,3044667,,,,,,,,,,,0.03,,,0.06,,,40324.0,Stenotrophomonas maltophilia,Duplodnaviria,Heunggongvirae,Uroviricota,Caudoviricetes,Caudoviricetes incertae sedis,Axeltriavirus,Axeltriavirus AXL3,,dsDNA
Carvajevirus,3044683,,,0.46,,,,,,,,,,,,0.34,,573.0,Klebsiella pneumoniae,Duplodnaviria,Heunggongvirae,Uroviricota,Caudoviricetes,Caudoviricetes incertae sedis,Carvajevirus,Carvajevirus carvaje,,dsDNA
Chaoshanvirus,3044686,,,,,,,,,,,0.02,,,,,,645.0,Aeromonas salmonicida,Duplodnaviria,Heunggongvirae,Uroviricota,Caudoviricetes,Caudoviricetes incertae sedis,Chimalliviridae,Chaoshanvirus,unclassified Chaoshanvirus,dsDNA
Chaoshanvirus,3044686,,,,,,,,,,,0.02,,,,,,644.0,Aeromonas hydrophila,Duplodnaviria,Heunggongvirae,Uroviricota,Caudoviricetes,Caudoviricetes incertae sedis,Chimalliviridae,Chaoshanvirus,unclassified Chaoshanvirus,dsDNA
Clawzvirus,3044689,,,,,,,,,,,0.02,,,,,,36822.0,Gordonia rubripertincta,Duplodnaviria,Heunggongvirae,Uroviricota,Caudoviricetes,Caudoviricetes incertae sedis,Clawzvirus,Clawzvirus clawz,,dsDNA
Clawzvirus,3044689,,,,,,,,,,,0.02,,,,,,36822.0,Gordonia rubripertincta,Duplodnaviria,Heunggongvirae,Uroviricota,Caudoviricetes,Caudoviricetes incertae sedis,Clawzvirus,unclassified Clawzvirus,,dsDNA
Cobrasixvirus,3044690,,0.18,0.26,,,,,0.22,0.16,,0.05,,,0.08,0.26,0.11,550.0,Enterobacter cloacae,Duplodnaviria,Heunggongvirae,Uroviricota,Caudoviricetes,Caudoviricetes incertae sedis,Cobrasixvirus,Cobrasixvirus cobrasix,,dsDNA
Ferozepurvirus,3044715,,,,,,,,,,,0.07,,,,,,648.0,Aeromonas caviae,Duplodnaviria,Heunggongvirae,Uroviricota,Caudoviricetes,Caudoviricetes incertae sedis,Chimalliviridae,Ferozepurvirus,unclassified Ferozepurvirus,dsDNA
Ferozepurvirus,3044715,,,,,,,,,,,0.07,,,,,,654.0,Aeromonas veronii,Duplodnaviria,Heunggongvirae,Uroviricota,Caudoviricetes,Caudoviricetes incertae sedis,Chimalliviridae,Ferozepurvirus,unclassified Ferozepurvirus,dsDNA
Ferozepurvirus,3044715,,,,,,,,,,,0.07,,,,,,644.0,Aeromonas hydrophila,Duplodnaviria,Heunggongvirae,Uroviricota,Caudoviricetes,Caudoviricetes incertae sedis,Chimalliviridae,Ferozepurvirus,Ferozepurvirus PS1,dsDNA
Forzavirus,3044718,,,,,,,,,,,0.02,,,,,,2055.0,Gordonia terrae,Duplodnaviria,Heunggongvirae,Uroviricota,Caudoviricetes,Caudoviricetes incertae sedis,Forzavirus,unclassified Forzavirus,,dsDNA
Forzavirus,3044718,,,,,,,,,,,0.02,,,,,,2055.0,Gordonia terrae,Duplodnaviria,Heunggongvirae,Uroviricota,Caudoviricetes,Caudoviricetes incertae sedis,Forzavirus,Forzavirus forza,,dsDNA
Miamivirus,3044763,,,,,,,,0.38,,,0.02,,,0.35,,,573.0,Klebsiella pneumoniae,Duplodnaviria,Heunggongvirae,Uroviricota,Caudoviricetes,Caudoviricetes incertae sedis,Chimalliviridae,Miamivirus,Miamivirus miami,dsDNA
Moazamivirus,3044766,,,,,0.22,,,,,,,,,,,,108619.0,Salmonella enterica subsp. enterica serovar Newport,Duplodnaviria,Heunggongvirae,Uroviricota,Caudoviricetes,Caudoviricetes incertae sedis,Grimontviridae,Moazamivirus,Moazamivirus 711,dsDNA
Moazamivirus,3044766,,,,,0.22,,,,,,,,,,,,149539.0,Salmonella enterica subsp. enterica serovar Enteritidis,Duplodnaviria,Heunggongvirae,Uroviricota,Caudoviricetes,Caudoviricetes incertae sedis,Grimontviridae,Moazamivirus,Moazamivirus SE131,dsDNA
Moazamivirus,3044766,,,,,0.22,,,,,,,,,,,,590.0,Salmonella,Duplodnaviria,Heunggongvirae,Uroviricota,Caudoviricetes,Caudoviricetes incertae sedis,Grimontviridae,Moazamivirus,unclassified Moazamivirus,dsDNA
Moovirus,3044769,,2.23,0.42,,,,0.53,1.63,0.17,0.16,0.08,0.14,0.29,1.19,0.32,0.22,623.0,Shigella flexneri,Duplodnaviria,Heunggongvirae,Uroviricota,Caudoviricetes,Caudoviricetes incertae sedis,Schitoviridae,Enquatrovirinae,Moovirus,dsDNA
Nieuwekanaalvirus,3044774,,,,,,,,,,0.07,0.07,,,,0.07,,1884818.0,Escherichia sp.,Duplodnaviria,Heunggongvirae,Uroviricota,Caudoviricetes,Caudoviricetes incertae sedis,Mktvariviridae,Gordonclarkvirinae,Nieuwekanaalvirus,dsDNA
Quivirus,3044799,,,,,,,,,,0.07,0.04,,,,,,1665.0,Arthrobacter globiformis,Duplodnaviria,Heunggongvirae,Uroviricota,Caudoviricetes,Caudoviricetes incertae sedis,Quivirus,Quivirus qui,,dsDNA
Rheavirus,3044800,,,,,,,,,,,0.03,,,,,,,,,,,,,,,,
Richievirus,3044803,,,,,,,,,,0.12,0.04,,,,,,1665.0,Arthrobacter globiformis,Duplodnaviria,Heunggongvirae,Uroviricota,Caudoviricetes,Caudoviricetes incertae sedis,Richievirus,Richievirus auxilium,,dsDNA
Richievirus,3044803,,,,,,,,,,0.12,0.04,,,,,,1665.0,Arthrobacter globiformis,Duplodnaviria,Heunggongvirae,Uroviricota,Caudoviricetes,Caudoviricetes incertae sedis,Richievirus,Richievirus richie,,dsDNA
Yellowseavirus,3044861,,,,,,,,,,,0.03,,,,,,1620844.0,Synechococcus sp. MW02,Duplodnaviria,Heunggongvirae,Uroviricota,Caudoviricetes,Pantevenvirales,Kyanoviridae,Yellowseavirus,Yellowseavirus thirtyeight,dsDNA
Moumouvirus,3080801,,,,,,,,,,0.08,0.11,,,0.06,,,,,,,,,,,,,
Donnerlittchenvirus,3152600,,,,,,,,,,,0.01,,,,,,29581.0,Janthinobacterium lividum,Duplodnaviria,Heunggongvirae,Uroviricota,Caudoviricetes,Caudoviricetes incertae sedis,Mesyanzhinovviridae,Bradleyvirinae,Donnerlittchenvirus,dsDNA
Oscarsovirus,3152624,,,,,,,,,,0.09,0.02,,,,,,661398.0,Microbacterium radiodurans,Duplodnaviria,Heunggongvirae,Uroviricota,Caudoviricetes,Caudoviricetes incertae sedis,Oscarsovirus,Oscarsovirus oscarso,,dsDNA
Bimevirus,3152907,,,,,,,,0.24,,,,,,0.16,,,573.0,Klebsiella pneumoniae,Duplodnaviria,Heunggongvirae,Uroviricota,Caudoviricetes,Caudoviricetes incertae sedis,Bimevirus,Bimevirus bv1611EK21,,dsDNA
Bimevirus,3152907,,,,,,,,0.24,,,,,,0.16,,,573.0,Klebsiella pneumoniae,Duplodnaviria,Heunggongvirae,Uroviricota,Caudoviricetes,Caudoviricetes incertae sedis,Bimevirus,Bimevirus KB2,,dsDNA
Bimevirus,3152907,,,,,,,,0.24,,,,,,0.16,,,570.0,Klebsiella,Duplodnaviria,Heunggongvirae,Uroviricota,Caudoviricetes,Caudoviricetes incertae sedis,Bimevirus,Bimevirus IME346,,dsDNA
Mascletvirus,3152910,,,,,,,,,,,,,,0.06,,,573.0,Klebsiella pneumoniae,Duplodnaviria,Heunggongvirae,Uroviricota,Caudoviricetes,Caudoviricetes incertae sedis,Mascletvirus,Mascletvirus VLCpiM12a,,dsDNA
Sircambvirus,3152913,,,,,,,,0.24,,,,,0.17,0.19,,,573.0,Klebsiella pneumoniae,Duplodnaviria,Heunggongvirae,Uroviricota,Caudoviricetes,Caudoviricetes incertae sedis,Sircambvirus,Sircambvirus MEW1,,dsDNA
Sircambvirus,3152913,,,,,,,,0.24,,,,,0.17,0.19,,,573.0,Klebsiella pneumoniae,Duplodnaviria,Heunggongvirae,Uroviricota,Caudoviricetes,Caudoviricetes incertae sedis,Sircambvirus,Sircambvirus pKp383,,dsDNA
Sircambvirus,3152913,,,,,,,,0.24,,,,,0.17,0.19,,,573.0,Klebsiella pneumoniae,Duplodnaviria,Heunggongvirae,Uroviricota,Caudoviricetes,Caudoviricetes incertae sedis,Sircambvirus,Sircambvirus FZ14,,dsDNA
Sircambvirus,3152913,,,,,,,,0.24,,,,,0.17,0.19,,,570.0,Klebsiella,Duplodnaviria,Heunggongvirae,Uroviricota,Caudoviricetes,Caudoviricetes incertae sedis,Sircambvirus,Sircambvirus justaphage,,dsDNA
Sircambvirus,3152913,,,,,,,,0.24,,,,,0.17,0.19,,,573.0,Klebsiella pneumoniae,Duplodnaviria,Heunggongvirae,Uroviricota,Caudoviricetes,Caudoviricetes incertae sedis,Sircambvirus,Sircambvirus KpV52,Jedunavirus KpV80,dsDNA
Sircambvirus,3152913,,,,,,,,0.24,,,,,0.17,0.19,,,573.0,Klebsiella pneumoniae,Duplodnaviria,Heunggongvirae,Uroviricota,Caudoviricetes,Caudoviricetes incertae sedis,Sircambvirus,Sircambvirus KpV79,Jedunavirus KpV52,dsDNA
Zewailvirus,3152914,,,,,,,,,,,,,,0.07,,,1884818.0,Escherichia sp.,Duplodnaviria,Heunggongvirae,Uroviricota,Caudoviricetes,Caudoviricetes incertae sedis,Zewailvirus,Zewailvirus ZCEC13,,dsDNA
Zewailvirus,3152914,,,,,,,,,,,,,,0.07,,,573.0,Klebsiella pneumoniae,Duplodnaviria,Heunggongvirae,Uroviricota,Caudoviricetes,Caudoviricetes incertae sedis,Zewailvirus,Zewailvirus SBP,,dsDNA
Miecznikowavirus,3152971,,,0.08,,,,,,,,,,,,0.07,,2597349.0,Pseudomonas sp. ANT_H14,Duplodnaviria,Heunggongvirae,Uroviricota,Caudoviricetes,Caudoviricetes incertae sedis,Miecznikowavirus,Miecznikowavirus AH14a,,dsDNA
Otakuvirus,3152972,,,,,,,,,,,,,,0.06,,,615.0,Serratia marcescens,Duplodnaviria,Heunggongvirae,Uroviricota,Caudoviricetes,Caudoviricetes incertae sedis,Sarkviridae,Otakuvirus,Otakuvirus Tsm2,dsDNA
Efemquintavirus,3152996,,,,,0.44,,,,,,,,,,,2.46,1352.0,Enterococcus faecium,Duplodnaviria,Heunggongvirae,Uroviricota,Caudoviricetes,Caudoviricetes incertae sedis,Efemquintavirus,Efemquintavirus Efm5,,dsDNA
Seretavirus,3152998,,,,,,,,0.16,,,,,,0.09,,,615.0,Serratia marcescens,Duplodnaviria,Heunggongvirae,Uroviricota,Caudoviricetes,Caudoviricetes incertae sedis,Sarkviridae,Seretavirus,Seretavirus eta,dsDNA
Longwangvirus,3153014,,0.26,0.28,,0.36,0.49,0.41,0.9,0.16,0.08,0.31,,,0.78,0.16,,654.0,Aeromonas veronii,Duplodnaviria,Heunggongvirae,Uroviricota,Caudoviricetes,Caudoviricetes incertae sedis,Chaseviridae,Nefertitivirinae,Longwangvirus,dsDNA
Alphaorpheovirus,3153020,,,0.08,,,0.39,0.23,,,,0.45,,,,0.08,,5778.0,Vermamoeba vermiformis,Varidnaviria,Bamfordvirae,Nucleocytoviricota,Megaviricetes,Pimascovirales,Ocovirineae,Orpheoviridae,Alphaorpheovirus,
Amaruvirus,3153056,,,,,,,,,,,0.03,,,,,,9606.0,Homo sapiens,Monodnaviria,Shotokuvirae,Cressdnaviricota,Arfiviricetes,Ringavirales,Pecoviridae,Amaruvirus,Amaruvirus aka,
Intivirus,3153059,,,,,,,,,,,0.02,,0.38,,,,9544.0,Macaca mulatta,Monodnaviria,Shotokuvirae,Cressdnaviricota,Arfiviricetes,Ringavirales,Pecoviridae,Intivirus,,
Torvergatavirus,3153079,,,,,,,,,,,0.03,,,,,,1888892.0,Sphingomonas turrisvirgatae,Duplodnaviria,Heunggongvirae,Uroviricota,Caudoviricetes,Caudoviricetes incertae sedis,Torvergatavirus,Torvergatavirus MMDA13,,dsDNA
Shirevirus,3153128,,,,,,,,,,,0.02,,,,,,343.0,Xanthomonas translucens,Duplodnaviria,Heunggongvirae,Uroviricota,Caudoviricetes,Caudoviricetes incertae sedis,Shirevirus,Shirevirus langgrundblatt1,,dsDNA
Shirevirus,3153128,,,,,,,,,,,0.02,,,,,,134875.0,Xanthomonas translucens pv. translucens,Duplodnaviria,Heunggongvirae,Uroviricota,Caudoviricetes,Caudoviricetes incertae sedis,Shirevirus,Shirevirus langgrundblatt1,,dsDNA
Shirevirus,3153128,,,,,,,,,,,0.02,,,,,,343.0,Xanthomonas translucens,Duplodnaviria,Heunggongvirae,Uroviricota,Caudoviricetes,Caudoviricetes incertae sedis,Shirevirus,Shirevirus langgrundblatt2,,dsDNA
Shirevirus,3153128,,,,,,,,,,,0.02,,,,,,134875.0,Xanthomonas translucens pv. translucens,Duplodnaviria,Heunggongvirae,Uroviricota,Caudoviricetes,Caudoviricetes incertae sedis,Shirevirus,Shirevirus langgrundblatt2,,dsDNA
Shirevirus,3153128,,,,,,,,,,,0.02,,,,,,343.0,Xanthomonas translucens,Duplodnaviria,Heunggongvirae,Uroviricota,Caudoviricetes,Caudoviricetes incertae sedis,Shirevirus,Shirevirus pfeifenkraut,,dsDNA
Shirevirus,3153128,,,,,,,,,,,0.02,,,,,,134875.0,Xanthomonas translucens pv. translucens,Duplodnaviria,Heunggongvirae,Uroviricota,Caudoviricetes,Caudoviricetes incertae sedis,Shirevirus,Shirevirus pfeifenkraut,,dsDNA
Efemunavirus,3153270,,,,,,,,,,,0.02,,,,,2.78,1352.0,Enterococcus faecium,Duplodnaviria,Heunggongvirae,Uroviricota,Caudoviricetes,Caudoviricetes incertae sedis,Efemunavirus,Efemunavirus Efm1,,dsDNA
Efemunavirus,3153270,,,,,,,,,,,0.02,,,,,2.78,1352.0,Enterococcus faecium,Duplodnaviria,Heunggongvirae,Uroviricota,Caudoviricetes,Caudoviricetes incertae sedis,Efemunavirus,Efemunavirus Lg62,,dsDNA
Peekayseptimavirus,3153273,0.95,,0.26,,,,,0.12,0.53,0.12,0.11,,0.1,0.1,0.12,0.49,570.0,Klebsiella,Duplodnaviria,Heunggongvirae,Uroviricota,Caudoviricetes,Caudoviricetes incertae sedis,Drexlerviridae,Tempevirinae,Peekayseptimavirus,dsDNA
Hennigervirus,3424959,,,,,,,,,,,,,,,1.57,,,,,,,,,,,,
Pfluvirus,3424962,,,,,,,,,,,,,,,0.15,,294.0,Pseudomonas fluorescens,Duplodnaviria,Heunggongvirae,Uroviricota,Caudoviricetes,Autographivirales,Autotranscriptaviridae,Studiervirinae,Pfluvirus,dsDNA
Oliviavirus,3424985,,,,,,,,,,,0.04,,,,,,212663.0,Vibrio tasmaniensis,Varidnaviria,Abadenavirae,Produgelaviricota,Belvinaviricetes,Vinavirales,Autolykiviridae,Oliviavirus,Oliviavirus viph1020o,
