virus tax id,host tax id,host name,realm,kingdom,phylum,class,order,family,genus,baltimore_class
1482734,8839.0,Anas platyrhynchos,Riboviria,Orthornavirae,Pisuviricota,Pisoniviricetes,Picornavirales,Picornaviridae,Paavivirinae,
3158377,214697.0,Musa acuminata AAA Group,Monodnaviria,Shotokuvirae,Cressdnaviricota,Arfiviricetes,Mulpavirales,Nanoviridae,Babuvirus,
3416944,36100.0,Haliotis rubra,Duplodnaviria,Heunggongvirae,Peploviricota,Herviviricetes,Herpesvirales,Malacoherpesviridae,Aurivirus,dsDNA
491893,37770.0,Haliotis diversicolor aquatilis,Duplodnaviria,Heunggongvirae,Uroviricota,Caudoviricetes,unclassified Caudoviricetes,,,dsDNA
11788,10090.0,Mus musculus,Riboviria,Pararnavirae,Artverviricota,Revtraviricetes,Ortervirales,Retroviridae,Orthoretrovirinae,ssRNA-RT
2025595,201501.0,Epirrita autumnata,Riboviria,unclassified Riboviria,,,,,,
2303487,53527.0,Culex,Riboviria,Orthornavirae,Negarnaviricota,Polyploviricotina,Bunyaviricetes,Elliovirales,Peribunyaviridae,-ssRNA
248058,44320.0,Argas hermanni,Riboviria,Orthornavirae,Negarnaviricota,Polyploviricotina,Bunyaviricetes,Hareavirales,Nairoviridae,-ssRNA
665102,3630.0,Abutilon,Monodnaviria,Shotokuvirae,Cressdnaviricota,Repensiviricetes,Geplafuvirales,Geminiviridae,Begomovirus,
554168,5755.0,Acanthamoeba castellanii,Varidnaviria,Bamfordvirae,Nucleocytoviricota,Megaviricetes,Imitervirales,Mimiviridae,Megamimivirinae,
2080449,5755.0,Acanthamoeba castellanii,unclassified viruses,,,,,,,
411359,554066.0,Chlorella heliozoae,Varidnaviria,Bamfordvirae,Nucleocytoviricota,Megaviricetes,Algavirales,Phycodnaviridae,Chlorovirus,
1168547,136180.0,Acartia tonsa,Monodnaviria,Shotokuvirae,Cressdnaviricota,Arfiviricetes,Cirlivirales,Circoviridae,Circovirus,
3141805,745369.0,Acetoanaerobium noterae,unclassified bacterial viruses,,,,,,,
185639,6997.0,Acheta domesticus,Monodnaviria,Shotokuvirae,Cossaviricota,Quintoviricetes,Piccovirales,Parvoviridae,Densovirinae,
2812802,6997.0,Acheta domesticus,Riboviria,Orthornavirae,Pisuviricota,Pisoniviricetes,Picornavirales,Iflaviridae,Iflavirus,
1291515,6997.0,Acheta domesticus,unclassified viruses,unclassified DNA viruses,unclassified ssDNA viruses,Volvovirus,,,,
1261100,77214.0,Eidolon helvum,Riboviria,Orthornavirae,Negarnaviricota,Haploviricotina,Monjiviricetes,Mononegavirales,Paramyxoviridae,-ssRNA
1977403,2148.0,Acholeplasma laidlawii,Monodnaviria,Loebvirae,Hofneiviricota,Faserviricetes,Tubulavirales,Plectroviridae,Plectrovirus,
1589747,85698.0,Achromobacter xylosoxidans,Duplodnaviria,Heunggongvirae,Uroviricota,Caudoviricetes,Caudoviricetes incertae sedis,Steinhofvirus,Steinhofvirus sv8324,dsDNA
2723726,470868.0,Achromobacter marplatensis,Duplodnaviria,Heunggongvirae,Uroviricota,Caudoviricetes,Caudoviricetes incertae sedis,Steinhofvirus,unclassified Steinhofvirus,dsDNA
2884451,85698.0,Achromobacter xylosoxidans,Duplodnaviria,Heunggongvirae,Uroviricota,Caudoviricetes,Caudoviricetes incertae sedis,Casjensviridae,Fengtaivirus,dsDNA
1416009,85698.0,Achromobacter xylosoxidans,Duplodnaviria,Heunggongvirae,Uroviricota,Caudoviricetes,Caudoviricetes incertae sedis,Schitoviridae,Rothmandenesvirinae,dsDNA
1589746,85698.0,Achromobacter xylosoxidans,Duplodnaviria,Heunggongvirae,Uroviricota,Caudoviricetes,Caudoviricetes incertae sedis,Steinhofvirus,Steinhofvirus JWX,dsDNA
2767570,85698.0,Achromobacter xylosoxidans,Duplodnaviria,Heunggongvirae,Uroviricota,Caudoviricetes,Caudoviricetes incertae sedis,Manovirus,Manovirus Mano,dsDNA
2591403,1389935.0,Achromobacter animicus,Duplodnaviria,Heunggongvirae,Uroviricota,Caudoviricetes,Caudoviricetes incertae sedis,Moturavirus,Moturavirus motura,dsDNA
2796514,217203.0,Achromobacter spanius,Duplodnaviria,Heunggongvirae,Uroviricota,Caudoviricetes,Caudoviricetes incertae sedis,Casjensviridae,Gediminasvirus,dsDNA
2591040,85698.0,Achromobacter xylosoxidans,Duplodnaviria,Heunggongvirae,Uroviricota,Caudoviricetes,Autographivirales,Autoscriptoviridae,Axyvirus,dsDNA
2753665,384659.0,Achyranthes bidentata,Riboviria,Orthornavirae,Pisuviricota,Stelpaviricetes,Patatavirales,Potyviridae,Potyvirus,
437444,269667.0,Acidianus convivator,Viruses incertae sedis,Ampullaviridae,Bottigliavirus,Bottigliavirus pozzuoliense,Bottigliavirus ABV,,,
1732173,2281.0,Sulfolobales,Viruses incertae sedis,Ampullaviridae,Bottigliavirus,Bottigliavirus puteoliense,Bottigliavirus ABV2,,,
1732174,2281.0,Sulfolobales,Viruses incertae sedis,Ampullaviridae,Bottigliavirus,Bottigliavirus krisuvikense,Bottigliavirus ABV3,,,
309181,315460.0,Acidianus sp. Acii26,Adnaviria,Zilligvirae,Taleaviricota,Tokiviricetes,Ligamenvirales,Rudiviridae,Itarudivirus,dsDNA
1732175,1.0,root,Adnaviria,Zilligvirae,Taleaviricota,Tokiviricetes,Ligamenvirales,Rudiviridae,Hoswirudivirus,dsDNA
1797140,1.0,root,Viruses incertae sedis,Bicaudaviridae,unclassified Bicaudaviridae,,,,,
1898550,269667.0,Acidianus convivator,Viruses incertae sedis,Bicaudaviridae,Bicaudavirus,Bicaudavirus pozzuoliense,,,,
1898549,2287.0,Saccharolobus solfataricus,Viruses incertae sedis,Bicaudaviridae,Bicaudavirus,unclassified Bicaudavirus,,,,
2972490,80868.0,Paracidovorax cattleyae,Duplodnaviria,Heunggongvirae,Uroviricota,Caudoviricetes,Caudoviricetes incertae sedis,Peduoviridae,unclassified Peduoviridae,dsDNA
2010329,80869.0,Paracidovorax citrulli,Duplodnaviria,Heunggongvirae,Uroviricota,Caudoviricetes,Caudoviricetes incertae sedis,Busanvirus,Busanvirus ACP17,dsDNA
2919552,40214.0,Acinetobacter johnsonii,Duplodnaviria,Heunggongvirae,Uroviricota,Caudoviricetes,Pantevenvirales,Straboviridae,Tevenvirinae,dsDNA
3075072,470.0,Acinetobacter baumannii,Duplodnaviria,Heunggongvirae,Uroviricota,Caudoviricetes,Caudoviricetes incertae sedis,Vieuvirus,unclassified Vieuvirus,dsDNA
3075073,470.0,Acinetobacter baumannii,Duplodnaviria,Heunggongvirae,Uroviricota,Caudoviricetes,Caudoviricetes incertae sedis,Obolenskvirus,unclassified Obolenskvirus,dsDNA
2920927,470.0,Acinetobacter baumannii,Duplodnaviria,Heunggongvirae,Uroviricota,Caudoviricetes,Pantevenvirales,Straboviridae,Twarogvirinae,dsDNA
889876,470.0,Acinetobacter baumannii,Duplodnaviria,Heunggongvirae,Uroviricota,Caudoviricetes,Caudoviricetes incertae sedis,Obolenskvirus,Obolenskvirus AB1,dsDNA
3142671,470.0,Acinetobacter baumannii,Duplodnaviria,Heunggongvirae,Uroviricota,Caudoviricetes,Autographivirales,Autoscriptoviridae,Beijerinckvirinae,dsDNA
2015804,470.0,Acinetobacter baumannii,Duplodnaviria,Heunggongvirae,Uroviricota,Caudoviricetes,Caudoviricetes incertae sedis,Obolenskvirus,Obolenskvirus AbP2,dsDNA
1092848,470.0,Acinetobacter baumannii,Duplodnaviria,Heunggongvirae,Uroviricota,Caudoviricetes,Caudoviricetes incertae sedis,Saclayvirus,unclassified Saclayvirus,dsDNA
2282400,470.0,Acinetobacter baumannii,Duplodnaviria,Heunggongvirae,Uroviricota,Caudoviricetes,Vequintavirinae,unclassified Vequintavirinae,,dsDNA
2781361,470.0,Acinetobacter baumannii,Duplodnaviria,Heunggongvirae,Uroviricota,Caudoviricetes,Caudoviricetes incertae sedis,Lokivirus,Lokivirus IMEAB3,dsDNA
3241863,470.0,Acinetobacter baumannii,Duplodnaviria,Heunggongvirae,Uroviricota,Caudoviricetes,Caudoviricetes incertae sedis,Lokivirus,unclassified Lokivirus,dsDNA
154784,70347.0,Acinetobacter higginsii,Riboviria,Orthornavirae,Lenarviricota,Leviviricetes,Norzivirales,Duinviridae,Apeevirus,+ssRNA
1187128,470.0,Acinetobacter baumannii,Duplodnaviria,Heunggongvirae,Uroviricota,Caudoviricetes,Caudoviricetes incertae sedis,Obolenskvirus,Obolenskvirus AP22,dsDNA
1970374,470.0,Acinetobacter baumannii,Duplodnaviria,Heunggongvirae,Uroviricota,Caudoviricetes,Caudoviricetes incertae sedis,Lokivirus,Lokivirus loki,dsDNA
1792222,470.0,Acinetobacter baumannii,Duplodnaviria,Heunggongvirae,Uroviricota,Caudoviricetes,Caudoviricetes incertae sedis,Obolenskvirus,Obolenskvirus LZ35,dsDNA
3015924,262668.0,Acinetobacter beijerinckii,Duplodnaviria,Heunggongvirae,Uroviricota,Caudoviricetes,Caudoviricetes incertae sedis,Schitoviridae,unclassified Schitoviridae,dsDNA
3015925,1752076.0,Acinetobacter halotolerans,Duplodnaviria,Heunggongvirae,Uroviricota,Caudoviricetes,Pantevenvirales,Ackermannviridae,unclassified Ackermannviridae,dsDNA
3024148,470.0,Acinetobacter baumannii,Duplodnaviria,Heunggongvirae,Uroviricota,Caudoviricetes,Caudoviricetes incertae sedis,Dhillonvirus,unclassified Dhillonvirus,dsDNA
3029265,469.0,Acinetobacter,Duplodnaviria,Heunggongvirae,Uroviricota,Caudoviricetes,Caudoviricetes incertae sedis,Astrithrvirus,unclassified Astrithrvirus,dsDNA
1406780,470.0,Acinetobacter baumannii,Duplodnaviria,Heunggongvirae,Uroviricota,Caudoviricetes,Caudoviricetes incertae sedis,Schitoviridae,Presleyvirus,dsDNA
3090777,470.0,Acinetobacter baumannii,Duplodnaviria,Heunggongvirae,Uroviricota,Caudoviricetes,Pantevenvirales,Straboviridae,unclassified Straboviridae,dsDNA
2966626,470.0,Acinetobacter baumannii,Duplodnaviria,Heunggongvirae,Uroviricota,Caudoviricetes,Autographivirales,Autoscriptoviridae,Slopekvirinae,dsDNA
1243183,470.0,Acinetobacter baumannii,Duplodnaviria,Heunggongvirae,Uroviricota,Caudoviricetes,Caudoviricetes incertae sedis,Obolenskvirus,Obolenskvirus AB2,dsDNA
2993912,472.0,Acinetobacter sp.,Duplodnaviria,Heunggongvirae,Uroviricota,Caudoviricetes,Caudoviricetes incertae sedis,Phapecoctavirus,unclassified Phapecoctavirus,dsDNA
2315466,470.0,Acinetobacter baumannii,Duplodnaviria,Heunggongvirae,Uroviricota,Caudoviricetes,Caudoviricetes incertae sedis,Saclayvirus,Saclayvirus Aci011,dsDNA
2315467,470.0,Acinetobacter baumannii,Duplodnaviria,Heunggongvirae,Uroviricota,Caudoviricetes,Caudoviricetes incertae sedis,Saclayvirus,Saclayvirus Aci022,dsDNA
2315458,470.0,Acinetobacter baumannii,Duplodnaviria,Heunggongvirae,Uroviricota,Caudoviricetes,Caudoviricetes incertae sedis,Saclayvirus,Saclayvirus Aci05,dsDNA
1837876,470.0,Acinetobacter baumannii,Duplodnaviria,Heunggongvirae,Uroviricota,Caudoviricetes,Caudoviricetes incertae sedis,Metrivirus,Metrivirus ME3,dsDNA
2655002,470.0,Acinetobacter baumannii,Duplodnaviria,Heunggongvirae,Uroviricota,Caudoviricetes,Caudoviricetes incertae sedis,Schitoviridae,Exceevirus,dsDNA
1983409,470.0,Acinetobacter baumannii,Duplodnaviria,Heunggongvirae,Uroviricota,Caudoviricetes,Caudoviricetes incertae sedis,Obolenskvirus,Obolenskvirus WCHABP1,dsDNA
1965454,470.0,Acinetobacter baumannii,Duplodnaviria,Heunggongvirae,Uroviricota,Caudoviricetes,Caudoviricetes incertae sedis,Obolenskvirus,Obolenskvirus WCHABP12,dsDNA
1505225,470.0,Acinetobacter baumannii,Duplodnaviria,Heunggongvirae,Uroviricota,Caudoviricetes,Caudoviricetes incertae sedis,Obolenskvirus,Obolenskvirus AbC62,dsDNA
1221835,470.0,Acinetobacter baumannii,Duplodnaviria,Heunggongvirae,Uroviricota,Caudoviricetes,Caudoviricetes incertae sedis,Vieuvirus,Vieuvirus B1251,dsDNA
1628721,470.0,Acinetobacter baumannii,Duplodnaviria,Heunggongvirae,Uroviricota,Caudoviricetes,Caudoviricetes incertae sedis,Vieuvirus,Vieuvirus R3177,dsDNA
2764701,85363.0,Aconitum carmichaelii,Riboviria,Orthornavirae,Kitrinoviricota,Alsuviricetes,Tymovirales,Betaflexiviridae,Quinvirinae,+ssRNA
2587557,261921.0,Acremonium sclerotigenum,Riboviria,Orthornavirae,Lenarviricota,Miaviricetes,Ourlivirales,Botourmiaviridae,Magoulivirus,+ssRNA
1776763,3625.0,Actinidia chinensis,Riboviria,Orthornavirae,Negarnaviricota,Polyploviricotina,Bunyaviricetes,Elliovirales,Fimoviridae,-ssRNA
2839003,3627.0,Actinidia deliciosa,Riboviria,Orthornavirae,Negarnaviricota,Haploviricotina,Monjiviricetes,Mononegavirales,Rhabdoviridae,-ssRNA
2560282,3625.0,Actinidia chinensis,Riboviria,Orthornavirae,Kitrinoviricota,Alsuviricetes,Tymovirales,Betaflexiviridae,Trivirinae,+ssRNA
2715795,3627.0,Actinidia deliciosa,Riboviria,Orthornavirae,Pisuviricota,Pisoniviricetes,Picornavirales,Secoviridae,Waikavirus,
2880361,1655.0,Actinomyces naeslundii,Duplodnaviria,Heunggongvirae,Uroviricota,Caudoviricetes,Caudoviricetes incertae sedis,Dybvigvirus,Dybvigvirus Av1,dsDNA
279303,442459.0,Actinoplanes sp. SN223/29,Duplodnaviria,Heunggongvirae,Uroviricota,Caudoviricetes,Caudoviricetes incertae sedis,Aspduovirus,Aspduovirus Asp2,dsDNA
3051403,8168.0,Perca fluviatilis,Riboviria,Orthornavirae,Negarnaviricota,Polyploviricotina,Bunyaviricetes,Elliovirales,Hantaviridae,-ssRNA
3403511,1.0,root,Duplodnaviria,Heunggongvirae,Uroviricota,Caudoviricetes,unclassified Caudoviricetes,Ca. Heliusvirales,,dsDNA
92444,7460.0,Apis mellifera,Riboviria,Orthornavirae,Pisuviricota,Pisoniviricetes,Picornavirales,Dicistroviridae,Aparavirus,
340187,7029.0,Acyrthosiphon pisum,Riboviria,unclassified Riboviria,unclassified ssRNA viruses,unclassified ssRNA positive-strand viruses,,,,
1611877,9534.0,Chlorocebus aethiops,Riboviria,Orthornavirae,Negarnaviricota,Polyploviricotina,Bunyaviricetes,Hareavirales,Phenuiviridae,-ssRNA
1590650,9238.0,Pygoscelis adeliae,Monodnaviria,Shotokuvirae,Cossaviricota,Papovaviricetes,Sepolyvirales,Polyomaviridae,Gammapolyomavirus,
272636,8855.0,Cairina moschata,Monodnaviria,Shotokuvirae,Cossaviricota,Quintoviricetes,Piccovirales,Parvoviridae,Parvovirinae,
1883104,4100.0,Nicotiana benthamiana,Riboviria,Orthornavirae,Kitrinoviricota,Tolucaviricetes,unclassified Tolucaviricetes,Tolivirales,Tombusviridae,+ssRNA
1293540,85585.0,Adoxophyes honmai,Varidnaviria,Bamfordvirae,Nucleocytoviricota,Pokkesviricetes,Chitovirales,Poxviridae,Entomopoxvirinae,
224399,85585.0,Adoxophyes honmai,Viruses incertae sedis,Naldaviricetes,Lefavirales,Baculoviridae,Alphabaculovirus,Alphabaculovirus adhonmai,,
170617,85584.0,Adoxophyes,Viruses incertae sedis,Naldaviricetes,Lefavirales,Baculoviridae,Betabaculovirus,Betabaculovirus adoranae,,
542343,480707.0,Adoxophyes orana,Viruses incertae sedis,Naldaviricetes,Lefavirales,Baculoviridae,Alphabaculovirus,unclassified Alphabaculovirus,,
335103,9606.0,Homo sapiens,Riboviria,Orthornavirae,Duplornaviricota,Resentoviricetes,unclassified Resentoviricetes,Reovirales,Sedoreoviridae,dsRNA
1513196,7159.0,Aedes aegypti,Monodnaviria,Shotokuvirae,Cossaviricota,Quintoviricetes,Piccovirales,Parvoviridae,Hamaparvovirinae,
2230910,7159.0,Aedes aegypti,Riboviria,Orthornavirae,Negarnaviricota,Haploviricotina,Monjiviricetes,Mononegavirales,Xinmoviridae,-ssRNA
2010266,1.0,root,Riboviria,Orthornavirae,Duplornaviricota,Chrymotiviricetes,Ghabrivirales,Alphatotivirineae,Spiciviridae,dsRNA
390845,7160.0,Aedes albopictus,Riboviria,Orthornavirae,Kitrinoviricota,Flasuviricetes,Amarillovirales,Flaviviridae,Orthoflavivirus,+ssRNA
1962503,4100.0,Nicotiana benthamiana,Riboviria,Orthornavirae,Pisuviricota,Pisoniviricetes,Picornavirales,Secoviridae,Comovirinae,
1913112,1430331.0,Geobacillus icigianus,Duplodnaviria,Heunggongvirae,Uroviricota,Caudoviricetes,Caudoviricetes incertae sedis,Kamchatkavirus,Kamchatkavirus AP45,dsDNA
2495576,1377.0,Aerococcus viridans,Duplodnaviria,Heunggongvirae,Uroviricota,Caudoviricetes,Caudoviricetes incertae sedis,Herelleviridae,unclassified Herelleviridae,dsDNA
3038232,648.0,Aeromonas caviae,Duplodnaviria,Heunggongvirae,Uroviricota,Caudoviricetes,Caudoviricetes incertae sedis,Casjensviridae,unclassified Casjensviridae,dsDNA
2911441,645.0,Aeromonas salmonicida,Duplodnaviria,Heunggongvirae,Uroviricota,Caudoviricetes,Pantevenvirales,Straboviridae,Tulanevirus,dsDNA
2163976,380703.0,Aeromonas hydrophila subsp. hydrophila ATCC 7966,Duplodnaviria,Heunggongvirae,Uroviricota,Caudoviricetes,Autographivirales,Autonotataviridae,Aerosvirus,dsDNA
2588097,196023.0,Aeromonas hydrophila subsp. hydrophila,Duplodnaviria,Heunggongvirae,Uroviricota,Caudoviricetes,Caudoviricetes incertae sedis,Plateaulakevirus,Plateaulakevirus pv2L372D,dsDNA
2588515,196023.0,Aeromonas hydrophila subsp. hydrophila,Duplodnaviria,Heunggongvirae,Uroviricota,Caudoviricetes,Caudoviricetes incertae sedis,Plateaulakevirus,Plateaulakevirus pv2L372X,dsDNA
2588098,948519.0,Aeromonas rivipollensis,Duplodnaviria,Heunggongvirae,Uroviricota,Caudoviricetes,Caudoviricetes incertae sedis,Kunmingvirus,Kunmingvirus kv2D05,dsDNA
321023,645.0,Aeromonas salmonicida,Duplodnaviria,Heunggongvirae,Uroviricota,Caudoviricetes,Pantevenvirales,Straboviridae,Biquartavirus,dsDNA
2588518,196023.0,Aeromonas hydrophila subsp. hydrophila,Duplodnaviria,Heunggongvirae,Uroviricota,Caudoviricetes,Caudoviricetes incertae sedis,Plateaulakevirus,Plateaulakevirus pv4L372D,dsDNA
2588520,196023.0,Aeromonas hydrophila subsp. hydrophila,Duplodnaviria,Heunggongvirae,Uroviricota,Caudoviricetes,Caudoviricetes incertae sedis,Plateaulakevirus,Plateaulakevirus pv4L372XY,dsDNA
2588517,196023.0,Aeromonas hydrophila subsp. hydrophila,Duplodnaviria,Heunggongvirae,Uroviricota,Caudoviricetes,Caudoviricetes incertae sedis,Grimontviridae,Lahexavirus,dsDNA
2588099,948519.0,Aeromonas rivipollensis,Duplodnaviria,Heunggongvirae,Uroviricota,Caudoviricetes,Caudoviricetes incertae sedis,Kunmingvirus,Kunmingvirus kv4D05,dsDNA
1932901,645.0,Aeromonas salmonicida,Duplodnaviria,Heunggongvirae,Uroviricota,Caudoviricetes,Caudoviricetes incertae sedis,Popoffvirus,Popoffvirus pv56,dsDNA
2919549,645.0,Aeromonas salmonicida,Duplodnaviria,Heunggongvirae,Uroviricota,Caudoviricetes,Pantevenvirales,Straboviridae,Emmerichvirinae,dsDNA
2985286,647.0,Aeromonas sp.,Duplodnaviria,Heunggongvirae,Uroviricota,Caudoviricetes,Caudoviricetes incertae sedis,Peduoviridae,Bielevirus,dsDNA
3141444,648.0,Aeromonas caviae,Duplodnaviria,Heunggongvirae,Uroviricota,Caudoviricetes,Caudoviricetes incertae sedis,Chimalliviridae,Ferozepurvirus,dsDNA
2880362,644.0,Aeromonas hydrophila,Duplodnaviria,Heunggongvirae,Uroviricota,Caudoviricetes,Pantevenvirales,Straboviridae,Cinqassovirus,dsDNA
3076793,645.0,Aeromonas salmonicida,Duplodnaviria,Heunggongvirae,Uroviricota,Caudoviricetes,Caudoviricetes incertae sedis,Chimalliviridae,Chaoshanvirus,dsDNA
2951227,70856.0,Aeromonas popoffii,Duplodnaviria,Heunggongvirae,Uroviricota,Caudoviricetes,Autographivirales,Autographivirales incertae sedis,Yinyavirus,dsDNA
2906561,644.0,Aeromonas hydrophila,Duplodnaviria,Heunggongvirae,Uroviricota,Caudoviricetes,Caudoviricetes incertae sedis,Casjensviridae,Sharonstreetvirus,dsDNA
1747286,644.0,Aeromonas hydrophila,Duplodnaviria,Heunggongvirae,Uroviricota,Caudoviricetes,Autographivirales,Autonotataviridae,Melnykvirinae,dsDNA
3404141,196023.0,Aeromonas hydrophila subsp. hydrophila,Duplodnaviria,Heunggongvirae,Uroviricota,Caudoviricetes,Caudoviricetes incertae sedis,Demerecviridae,Shenzhenvirus,dsDNA
2698915,645.0,Aeromonas salmonicida,Duplodnaviria,Heunggongvirae,Uroviricota,Caudoviricetes,Pantevenvirales,Straboviridae,Angelvirus,dsDNA
2182324,645.0,Aeromonas salmonicida,Duplodnaviria,Heunggongvirae,Uroviricota,Caudoviricetes,Hendrixvirinae,unclassified Hendrixvirinae,,dsDNA
3101607,644.0,Aeromonas hydrophila,Duplodnaviria,Heunggongvirae,Uroviricota,Caudoviricetes,Autographivirales,Autotranscriptaviridae,Studiervirinae,dsDNA
3101605,644.0,Aeromonas hydrophila,Duplodnaviria,Heunggongvirae,Uroviricota,Caudoviricetes,Pantevenvirales,Straboviridae,Chrysonvirus,dsDNA
2908630,654.0,Aeromonas veronii,Duplodnaviria,Heunggongvirae,Uroviricota,Caudoviricetes,Caudoviricetes incertae sedis,Grimontviridae,Libingvirus,dsDNA
2911664,654.0,Aeromonas veronii,Duplodnaviria,Heunggongvirae,Uroviricota,Caudoviricetes,Caudoviricetes incertae sedis,Chaseviridae,Nefertitivirinae,dsDNA
2593327,644.0,Aeromonas hydrophila,Duplodnaviria,Heunggongvirae,Uroviricota,Caudoviricetes,Caudoviricetes incertae sedis,Chimalliviridae,Ludhianavirus,dsDNA
2510450,644.0,Aeromonas hydrophila,Duplodnaviria,Heunggongvirae,Uroviricota,Caudoviricetes,Autographivirales,Autosignataviridae,Colwellvirinae,dsDNA
2908746,654.0,Aeromonas veronii,Duplodnaviria,Heunggongvirae,Uroviricota,Caudoviricetes,Caudoviricetes incertae sedis,Yanchengvirus,Yanchengvirus pAEv1818,dsDNA
2904307,647.0,Aeromonas sp.,Duplodnaviria,Heunggongvirae,Uroviricota,Caudoviricetes,Caudoviricetes incertae sedis,Plateaulakevirus,unclassified Plateaulakevirus,dsDNA
1978922,1569654.0,Aeromonas sp. A8-29,Duplodnaviria,Heunggongvirae,Uroviricota,Caudoviricetes,Pantevenvirales,Ackermannviridae,Tedavirus,dsDNA
754050,728059.0,Aeromonas sp. IS4,Duplodnaviria,Heunggongvirae,Uroviricota,Caudoviricetes,Caudoviricetes incertae sedis,Roufvirus,Roufvirus pIS4A,dsDNA
2723762,645.0,Aeromonas salmonicida,Duplodnaviria,Heunggongvirae,Uroviricota,Caudoviricetes,Autographivirales,Autoscriptoviridae,Savitribaivirus,dsDNA
2201378,652.0,Aeromonas schubertii,Duplodnaviria,Heunggongvirae,Uroviricota,Caudoviricetes,Caudoviricetes incertae sedis,Seuratvirus,unclassified Seuratvirus,dsDNA
3367373,196024.0,Aeromonas dhakensis,Duplodnaviria,Heunggongvirae,Uroviricota,Caudoviricetes,Autographivirales,unclassified Autographivirales,,dsDNA
2894367,382245.0,Aeromonas salmonicida subsp. salmonicida A449,Duplodnaviria,Heunggongvirae,Uroviricota,Caudoviricetes,Caudoviricetes incertae sedis,Peduoviridae,Piscesmortuivirus,dsDNA
2924889,2923419.0,Aeromonas sp. MR7,Duplodnaviria,Heunggongvirae,Uroviricota,Caudoviricetes,Autographivirales,Autoscriptoviridae,Bolekvirus,dsDNA
2924891,2923420.0,Aeromonas sp. MR16,Duplodnaviria,Heunggongvirae,Uroviricota,Caudoviricetes,Autographivirales,Autographivirales incertae sedis,Tolavirus,dsDNA
1932713,272557.0,Aeropyrum pernix K1,unclassified viruses,unclassified archaeal viruses,,,,,,
141904,666.0,Vibrio cholerae,Monodnaviria,Loebvirae,Hofneiviricota,Faserviricetes,Tubulavirales,Inoviridae,Affertcholeramvirus,
1963256,4071.0,Capsicum,Riboviria,Orthornavirae,Pisuviricota,Pisoniviricetes,Sobelivirales,Solemoviridae,Polerovirus,
1399914,9785.0,Loxodonta africana,Monodnaviria,Shotokuvirae,Cossaviricota,Papovaviricetes,Sepolyvirales,Polyomaviridae,Betapolyomavirus,
12480,9534.0,Chlorocebus aethiops,Monodnaviria,Shotokuvirae,Cossaviricota,Papovaviricetes,Sepolyvirales,Polyomaviridae,unclassified Polyomaviridae,
338079,9534.0,Chlorocebus aethiops,Riboviria,Pararnavirae,Artverviricota,Revtraviricetes,Ortervirales,Retroviridae,Spumaretrovirinae,ssRNA-RT
1965064,107265.0,Cricetomys emini,Riboviria,Orthornavirae,Pisuviricota,Pisoniviricetes,Nidovirales,Arnidovirineae,Arteriviridae,
10497,6935.0,Ixodida,Varidnaviria,Bamfordvirae,Nucleocytoviricota,Pokkesviricetes,Asfuvirales,Asfarviridae,Asfivirus,
2838078,51426.0,Agapanthus,Riboviria,Pararnavirae,Artverviricota,Revtraviricetes,Ortervirales,Caulimoviridae,Tungrovirus,dsDNA-RT
1945738,5341.0,Agaricus bisporus,Riboviria,Orthornavirae,Kitrinoviricota,Alsuviricetes,Martellivirales,Endornaviridae,Alphaendornavirus,+ssRNA
1945739,5341.0,Agaricus bisporus,Riboviria,Orthornavirae,Lenarviricota,Howeltoviricetes,Cryppavirales,Mitoviridae,Unuamitovirus,+ssRNA
1945740,5341.0,Agaricus bisporus,Riboviria,Orthornavirae,Pisuviricota,Duplopiviricetes,Durnavirales,Fusariviridae,Alphafusarivirus,+ssRNA
1945747,5341.0,Agaricus bisporus,Riboviria,Orthornavirae,Pisuviricota,Duplopiviricetes,Durnavirales,Hypoviridae,Epsilonhypovirus,+ssRNA
944995,3670.0,Luffa aegyptiaca,Viruses incertae sedis,Alphasatellitidae,Geminialphasatellitinae,unclassified Begomovirus-associated alphasatellites,,,,
2755028,55598.0,Ageratum houstonianum,Riboviria,Orthornavirae,Kitrinoviricota,Alsuviricetes,Martellivirales,Bromoviridae,Ilarvirus,+ssRNA
1175505,4100.0,Nicotiana benthamiana,Viruses incertae sedis,Tolecusatellitidae,Betasatellite,unclassified Betasatellite,,,,
3446381,68299.0,Ageratum conyzoides,Viruses incertae sedis,Tolecusatellitidae,Betasatellite,Betasatellite agerabueaense,,,,
187850,3888.0,Lathyrus oleraceus,Viruses incertae sedis,Alphasatellitidae,Geminialphasatellitinae,Colecusatellite,Colecusatellite ageravenae,,,
185750,68299.0,Ageratum conyzoides,Viruses incertae sedis,Tolecusatellitidae,Betasatellite,Betasatellite ageraflavi,,,,
1454227,183085.0,Synedrella nodiflora,Viruses incertae sedis,Alphasatellitidae,Geminialphasatellitinae,Colecusatellite,Colecusatellite ageravenachinaense,,,
329288,68299.0,Ageratum conyzoides,Viruses incertae sedis,Tolecusatellitidae,Betasatellite,Betasatellite ageraflavichinaense,,,,
1407058,183063.0,Parthenium hysterophorus,Viruses incertae sedis,Alphasatellitidae,Geminialphasatellitinae,Colecusatellite,Colecusatellite ageravenaindiaense,,,
915293,4100.0,Nicotiana benthamiana,Viruses incertae sedis,Alphasatellitidae,Geminialphasatellitinae,Ageyesisatellite,Ageyesisatellite agerasingaporense,,,
2010317,44560.0,Ageratum yellow vein virus,Viruses incertae sedis,Tolecusatellitidae,Betasatellite,Betasatellite ageraflavisrilankaense,,,,
446569,4081.0,Solanum lycopersicum,Viruses incertae sedis,Tolecusatellitidae,Betasatellite,Betasatellite ageraflavi,Ageratum yellow vein betasatellite,,,
1512278,174182.0,Aglaonema modestum,Riboviria,Pararnavirae,Artverviricota,Revtraviricetes,Ortervirales,Caulimoviridae,Badnavirus,dsDNA-RT
1161931,358.0,Agrobacterium tumefaciens,Duplodnaviria,Heunggongvirae,Uroviricota,Caudoviricetes,Caudoviricetes incertae sedis,Schmittlotzvirus,Schmittlotzvirus sv771,dsDNA
3111805,176299.0,Agrobacterium fabrum str. C58,Duplodnaviria,Heunggongvirae,Uroviricota,Caudoviricetes,Autographivirales,Autographivirales incertae sedis,Alfirinvirus,dsDNA
2024261,358.0,Agrobacterium tumefaciens,Duplodnaviria,Heunggongvirae,Uroviricota,Caudoviricetes,Autographivirales,Autographivirales incertae sedis,Atuphduovirus,dsDNA
2024263,358.0,Agrobacterium tumefaciens,Duplodnaviria,Heunggongvirae,Uroviricota,Caudoviricetes,Caudoviricetes incertae sedis,Pootjesviridae,Rollinsvirus,dsDNA
2024264,358.0,Agrobacterium tumefaciens,Duplodnaviria,Heunggongvirae,Uroviricota,Caudoviricetes,Caudoviricetes incertae sedis,Polybotosvirus,Polybotosvirus Atuph07,dsDNA
2024265,358.0,Agrobacterium tumefaciens,Duplodnaviria,Heunggongvirae,Uroviricota,Caudoviricetes,Caudoviricetes incertae sedis,Roslyckyvirus,Roslyckyvirus ph08,dsDNA
2557550,358.0,Agrobacterium tumefaciens,Duplodnaviria,Heunggongvirae,Uroviricota,Caudoviricetes,Caudoviricetes incertae sedis,Schmittlotzvirus,unclassified Schmittlotzvirus,dsDNA
2723769,1183400.0,Agrobacterium tumefaciens complex,Duplodnaviria,Heunggongvirae,Uroviricota,Caudoviricetes,Caudoviricetes incertae sedis,Schitoviridae,Oliverunavirus,dsDNA
2723773,1183400.0,Agrobacterium tumefaciens complex,Duplodnaviria,Heunggongvirae,Uroviricota,Caudoviricetes,Caudoviricetes incertae sedis,Pootjesviridae,Heverleevirus,dsDNA
2723774,1697311.0,Agrobacterium sp. ST15.13/095,Duplodnaviria,Heunggongvirae,Uroviricota,Caudoviricetes,Oliverocinquevirus,unclassified Oliverocinquevirus,,dsDNA
41763,4565.0,Triticum aestivum,Riboviria,Orthornavirae,Pisuviricota,Stelpaviricetes,Patatavirales,Potyviridae,Rymovirus,
208013,56364.0,Agrotis ipsilon,Viruses incertae sedis,Naldaviricetes,Lefavirales,Baculoviridae,Alphabaculovirus,Alphabaculovirus agipsilonis,,
10464,47767.0,Agrotis segetum,Viruses incertae sedis,Naldaviricetes,Lefavirales,Baculoviridae,Betabaculovirus,Betabaculovirus agsegetum,,
1962501,7088.0,Lepidoptera,Viruses incertae sedis,Naldaviricetes,Lefavirales,Baculoviridae,Alphabaculovirus,Alphabaculovirus agsegetum,,
1580580,47767.0,Agrotis segetum,Viruses incertae sedis,Naldaviricetes,Lefavirales,Baculoviridae,Alphabaculovirus,Alphabaculovirus alteragsegetum,,
1313215,9534.0,Chlorocebus aethiops,Riboviria,Orthornavirae,Pisuviricota,Pisoniviricetes,Picornavirales,Picornaviridae,Kodimesavirinae,
2016447,1.0,root,Riboviria,Orthornavirae,Pisuviricota,Pisoniviricetes,Picornavirales,Picornaviridae,Caphthovirinae,
2016454,9646.0,Ailuropoda melanoleuca,Monodnaviria,Shotokuvirae,Cossaviricota,Papovaviricetes,Zurhausenvirales,unclassified Zurhausenvirales,Papillomaviridae,
2016448,9646.0,Ailuropoda melanoleuca,Riboviria,Orthornavirae,Pisuviricota,Pisoniviricetes,Picornavirales,Picornaviridae,unclassified Picornaviridae,
1692242,12922.0,Aiptasia,Monodnaviria,Shotokuvirae,Cressdnaviricota,Arfiviricetes,Gredzevirales,Ouroboviridae,Dorisivirus,
2491018,35874.0,Dioscorea bulbifera,Riboviria,Orthornavirae,Kitrinoviricota,Alsuviricetes,Martellivirales,Closteroviridae,Ampelovirus,+ssRNA
2877946,511.0,Alcaligenes faecalis,Duplodnaviria,Heunggongvirae,Uroviricota,Caudoviricetes,Caudoviricetes incertae sedis,Schitoviridae,Petruschkyvirus,dsDNA
35252,9913.0,Bos taurus,Duplodnaviria,Heunggongvirae,Peploviricota,Herviviricetes,Herpesvirales,Orthoherpesviridae,Gammaherpesvirinae,dsDNA
2219143,1.0,root,Monodnaviria,Shotokuvirae,Cressdnaviricota,Repensiviricetes,Geplafuvirales,Genomoviridae,unclassified Genomoviridae,
2219111,9852.0,Alces alces,Monodnaviria,Shotokuvirae,Cressdnaviricota,Repensiviricetes,Geplafuvirales,Genomoviridae,Gemycircularvirus,
2219115,9852.0,Alces alces,Monodnaviria,Shotokuvirae,Cressdnaviricota,Repensiviricetes,Geplafuvirales,Genomoviridae,Gemykolovirus,
2219133,1.0,root,Monodnaviria,Sangervirae,Phixviricota,Malgrandaviricetes,Petitvirales,Microviridae,unclassified Microviridae,
2219142,1.0,root,Monodnaviria,Shotokuvirae,Cressdnaviricota,Arfiviricetes,Cremevirales,Smacoviridae,Porprismacovirus,
2170538,3879.0,Medicago sativa,Riboviria,Orthornavirae,Kitrinoviricota,Alsuviricetes,Tymovirales,Tymoviridae,Marafivirus,+ssRNA
12321,4097.0,Nicotiana tabacum,Riboviria,Orthornavirae,Kitrinoviricota,Alsuviricetes,Martellivirales,Bromoviridae,Alfamovirus,+ssRNA
1985968,3879.0,Medicago sativa,Riboviria,Orthornavirae,Kitrinoviricota,Alsuviricetes,Tymovirales,Alphaflexiviridae,Allexivirus,+ssRNA
2058778,4679.0,Allium cepa,Riboviria,Orthornavirae,Pisuviricota,Duplopiviricetes,Durnavirales,Amalgaviridae,Amalgavirus,+ssRNA
1176035,9685.0,Felis catus,Riboviria,Orthornavirae,Pisuviricota,Pisoniviricetes,Nidovirales,Cornidovirineae,Coronaviridae,
3051423,7107.0,Spodoptera exigua,Viruses incertae sedis,Naldaviricetes,Lefavirales,Baculoviridae,Alphabaculovirus,,,
607716,746128.0,Aspergillus fumigatus,Riboviria,Orthornavirae,Duplornaviricota,Chrymotiviricetes,Ghabrivirales,Alphatotivirineae,Chrysoviridae,dsRNA
1945562,7160.0,Aedes albopictus,Riboviria,Orthornavirae,Pisuviricota,Pisoniviricetes,Nidovirales,Mesnidovirineae,Mesoniviridae,
2170408,54292.0,Apodemus flavicollis,Monodnaviria,Shotokuvirae,Cossaviricota,Papovaviricetes,Sepolyvirales,Polyomaviridae,Alphapolyomavirus,
2681607,28211.0,Alphaproteobacteria,Duplodnaviria,Heunggongvirae,Uroviricota,Caudoviricetes,Caudoviricetes incertae sedis,Mesyanzhinovviridae,Keylargovirus,dsDNA
1157339,56636.0,Aeropyrum pernix,Viruses incertae sedis,Spiraviridae,Alphaspiravirus,,,,,
97469,7174.0,Culex,Riboviria,Orthornavirae,Kitrinoviricota,Alsuviricetes,Martellivirales,Togaviridae,Alphavirus,+ssRNA
693450,3659.0,Cucumis sativus,Riboviria,Orthornavirae,Negarnaviricota,Polyploviricotina,Bunyaviricetes,Elliovirales,Tospoviridae,-ssRNA
2601605,5599.0,Alternaria alternata,Riboviria,Orthornavirae,Pisuviricota,Duplopiviricetes,Durnavirales,Hypoviridae,Alphahypovirus,+ssRNA
2587539,5599.0,Alternaria alternata,Riboviria,Orthornavirae,Lenarviricota,Howeltoviricetes,Cryppavirales,Mitoviridae,Duamitovirus,+ssRNA
483537,5599.0,Alternaria alternata,Riboviria,Orthornavirae,Duplornaviricota,Chrymotiviricetes,Ghabrivirales,Gammatotivirineae,Alternaviridae,dsRNA
1728964,1122867.0,Alternaria arborescens EGS 39-128,Riboviria,Orthornavirae,Duplornaviricota,Chrymotiviricetes,Ghabrivirales,Alphatotivirineae,Pseudototiviridae,dsRNA
2755034,29001.0,Alternaria brassicicola,Riboviria,Orthornavirae,Kitrinoviricota,Alsuviricetes,Martellivirales,Endornaviridae,Betaendornavirus,+ssRNA
1766767,29001.0,Alternaria brassicicola,Riboviria,Orthornavirae,Pisuviricota,Duplopiviricetes,Durnavirales,Fusariviridae,Betafusarivirus,+ssRNA
1532031,160389.0,Alternaria longipes,Riboviria,dsRNA viruses,unclassified dsRNA viruses,,,,,
2587546,119927.0,Alternaria tenuissima,Riboviria,Orthornavirae,Negarnaviricota,Haploviricotina,Monjiviricetes,Mononegavirales,Mymonaviridae,-ssRNA
2776771,28108.0,Alteromonas macleodii,Monodnaviria,Loebvirae,Hofneiviricota,Faserviricetes,Tubulavirales,Inoviridae,Anademivirus,
2729541,1656094.0,Alteromonas confluentis,Duplodnaviria,Heunggongvirae,Uroviricota,Caudoviricetes,Caudoviricetes incertae sedis,Amoyvirus,Amoyvirus R7M,dsDNA
2704031,314275.0,Alteromonas mediterranea,Duplodnaviria,Heunggongvirae,Uroviricota,Caudoviricetes,Caudoviricetes incertae sedis,Myoalterovirus,Myoalterovirus PT11V22,dsDNA
2774152,232.0,Alteromonas sp.,Duplodnaviria,Heunggongvirae,Uroviricota,Caudoviricetes,Autographivirales,Autographivirales incertae sedis,Foturvirus,dsDNA
2492447,529120.0,Alteromonas macleodii ATCC 27126,Duplodnaviria,Heunggongvirae,Uroviricota,Caudoviricetes,Caudoviricetes incertae sedis,Mareflavirus,Mareflavirus ZP6,dsDNA
2847047,1.0,root,Riboviria,Orthornavirae,Negarnaviricota,Polyploviricotina,Bunyaviricetes,Hareavirales,Arenaviridae,-ssRNA
284689,4751.0,Fungi,Riboviria,Orthornavirae,Pisuviricota,Duplopiviricetes,Durnavirales,Partitiviridae,Alphapartitivirus,+ssRNA
217733,7962.0,Cyprinus carpio,Varidnaviria,Bamfordvirae,Nucleocytoviricota,Megaviricetes,Pimascovirales,Pimascovirales incertae sedis,Iridoviridae,
2968530,2749846.0,Amedibacillus,Duplodnaviria,Heunggongvirae,Uroviricota,Caudoviricetes,Caudoviricetes incertae sedis,Guelinviridae,unclassified Guelinviridae,dsDNA
465447,7959.0,Ctenopharyngodon idella,Riboviria,Orthornavirae,Duplornaviricota,Resentoviricetes,unclassified Resentoviricetes,Reovirales,Spinareoviridae,dsRNA
1941435,1.0,root,Monodnaviria,Shotokuvirae,Cressdnaviricota,Arfiviricetes,Baphyvirales,Bacilladnaviridae,Protobacilladnavirus,
1661395,8324.0,Lissotriton vulgaris,Riboviria,Orthornavirae,Pisuviricota,Pisoniviricetes,Picornavirales,Picornaviridae,Ampivirus,
2613795,10090.0,Mus musculus,Riboviria,Orthornavirae,Negarnaviricota,Haploviricotina,Monjiviricetes,Mononegavirales,Lispiviridae,-ssRNA
1357732,103690.0,Nostoc sp. PCC 7120 = FACHB-418,Duplodnaviria,Heunggongvirae,Uroviricota,Caudoviricetes,Caudoviricetes incertae sedis,Saffermanviridae,Kozyakovvirus,dsDNA
312275,3864.0,Lens culinaris,Riboviria,Orthornavirae,Kitrinoviricota,Alsuviricetes,Tymovirales,Tymoviridae,Tymovirus,+ssRNA
104388,8830.0,Anatidae,Duplodnaviria,Heunggongvirae,Peploviricota,Herviviricetes,Herpesvirales,Orthoherpesviridae,Alphaherpesvirinae,dsDNA
2870363,8839.0,Anas platyrhynchos,Riboviria,Orthornavirae,Pisuviricota,Pisoniviricetes,Picornavirales,Picornaviridae,Ensavirinae,
2094259,1.0,root,Riboviria,unclassified Riboviria,unclassified ssRNA viruses,unclassified ssRNA positive-strand viruses,Negevirus,,,
2055263,1.0,root,Monodnaviria,Shotokuvirae,Commensaviricota,Cardeaviricetes,Sanitavirales,Anelloviridae,unclassified Anelloviridae,
1808970,48101.0,Angelica dahurica,Riboviria,Pararnavirae,Artverviricota,Revtraviricetes,Ortervirales,Caulimoviridae,Caulimovirus,dsDNA-RT
150286,7936.0,Anguilla anguilla,Duplodnaviria,Heunggongvirae,Peploviricota,Herviviricetes,Herpesvirales,Alloherpesviridae,Cyvirus,dsDNA
1769780,7165.0,Anopheles gambiae,Riboviria,Orthornavirae,Pisuviricota,Pisoniviricetes,Picornavirales,Dicistroviridae,Cripavirus,
1903340,1.0,root,Riboviria,Orthornavirae,Kitrinoviricota,Flasuviricetes,Amarillovirales,Flaviviridae,unclassified Flaviviridae,+ssRNA
2546222,58253.0,Anopheles triannulatus,Riboviria,Orthornavirae,Negarnaviricota,Polyploviricotina,Bunyaviricetes,Elliovirales,Phasmaviridae,-ssRNA
2099336,247480.0,Thermaerobacillus caldiproteolyticus,Duplodnaviria,Heunggongvirae,Uroviricota,Caudoviricetes,Caudoviricetes incertae sedis,Tandoganvirus,Tandoganvirus A403,dsDNA
1648481,1.0,root,Riboviria,Orthornavirae,Pisuviricota,Pisoniviricetes,Picornavirales,environmental samples,,
161494,7119.0,Antheraea pernyi,Viruses incertae sedis,Naldaviricetes,Lefavirales,Baculoviridae,Alphabaculovirus,Alphabaculovirus anpernyi,,
3426391,1.0,root,Monodnaviria,Shotokuvirae,Cressdnaviricota,Arfiviricetes,Saturnivirales,Mahapunaviridae,Anthevirus,
2065797,29661.0,Anthoxanthum odoratum,Riboviria,Orthornavirae,Pisuviricota,Duplopiviricetes,Durnavirales,Amalgaviridae,unclassified Amalgaviridae,+ssRNA
268591,129554.0,Anticarsia gemmatalis,Viruses incertae sedis,Naldaviricetes,Lefavirales,Baculoviridae,Alphabaculovirus,Alphabaculovirus angemmatalis,,
1195163,44989.0,Eucharis x grandiflora,Riboviria,Orthornavirae,Kitrinoviricota,Alsuviricetes,Martellivirales,Bromoviridae,Anulavirus,+ssRNA
50290,9505.0,Aotus trivirgatus,Duplodnaviria,Heunggongvirae,Peploviricota,Herviviricetes,Herpesvirales,Orthoherpesviridae,Betaherpesvirinae,dsDNA
1983569,7460.0,Apis mellifera,Riboviria,Orthornavirae,Pisuviricota,Pisoniviricetes,Picornavirales,Dicistroviridae,unclassified Dicistroviridae,
1100043,7460.0,Apis mellifera,unclassified viruses,unclassified DNA viruses,unclassified dsDNA viruses,,,,,
2563838,7460.0,Apis mellifera,Monodnaviria,Shotokuvirae,Cressdnaviricota,Repensiviricetes,Geplafuvirales,Genomoviridae,Gemykrogvirus,
2283236,6500.0,Aplysia californica,Riboviria,Orthornavirae,Pisuviricota,Pisoniviricetes,Nidovirales,unclassified Nidovirales,,
2184393,10116.0,Rattus norvegicus,Riboviria,Orthornavirae,Pisuviricota,Pisoniviricetes,Picornavirales,unclassified Picornavirales,,
2029516,3750.0,Malus domestica,Viruses incertae sedis,Pospiviroidae,Apscaviroid,Apscaviroid maculamali,,,,
190808,3750.0,Malus domestica,Riboviria,unclassified viroids,,,,,,
1737346,3750.0,Malus domestica,Viruses incertae sedis,Avsunviroidae,Pelamoviroid,Pelamoviroid malleusmali,,,,
101688,3750.0,Malus domestica,Riboviria,Orthornavirae,Pisuviricota,Pisoniviricetes,Picornavirales,Secoviridae,Cheravirus,
2709319,1.0,root,Riboviria,Orthornavirae,Lenarviricota,Miaviricetes,Ourlivirales,Botourmiaviridae,Penoulivirus,+ssRNA
325110,3750.0,Malus domestica,Viruses incertae sedis,Pospiviroidae,Apscaviroid,Apscaviroid cicatricimali,,,,
12895,3750.0,Malus domestica,Viruses incertae sedis,Pospiviroidae,Apscaviroid,,,,,
1634476,1.0,root,Monodnaviria,Shotokuvirae,Cressdnaviricota,Arfiviricetes,Cirlivirales,Circoviridae,unclassified Circoviridae,
1927013,658602.0,Aquamicrobium sp. H14,Duplodnaviria,Heunggongvirae,Uroviricota,Caudoviricetes,Autographivirales,Autonotataviridae,Aqualcavirus,dsDNA
1715293,8839.0,Anas platyrhynchos,Riboviria,Orthornavirae,Negarnaviricota,Haploviricotina,Monjiviricetes,Mononegavirales,Bornaviridae,-ssRNA
3426438,1639.0,Listeria monocytogenes,Duplodnaviria,Heunggongvirae,Uroviricota,Caudoviricetes,Caudoviricetes incertae sedis,Aquingentivirus,,dsDNA
1849335,81970.0,Arabidopsis halleri,Riboviria,Orthornavirae,Pisuviricota,Duplopiviricetes,Durnavirales,Partitiviridae,unclassified Partitiviridae,+ssRNA
190809,12271.0,Arabis mosaic virus,unclassified viruses,unclassified satellites,RNA satellites,Single stranded RNA satellites,Large single stranded RNA satellites,,,
196399,3486.0,Humulus lupulus,unclassified viruses,unclassified satellites,RNA satellites,Single stranded RNA satellites,Circular single stranded RNA satellites,,,
352236,9272.0,Philander opossum,Riboviria,Orthornavirae,Negarnaviricota,Polyploviricotina,Insthoviricetes,Articulavirales,Orthomyxoviridae,-ssRNA
2293273,1.0,root,Monodnaviria,Shotokuvirae,Cressdnaviricota,Arfiviricetes,Cirlivirales,Circoviridae,Cyclovirus,
41952,9996.0,Spermophilus,Riboviria,Pararnavirae,Artverviricota,Revtraviricetes,Blubervirales,Hepadnaviridae,Orthohepadnavirus,dsDNA-RT
2282642,1.0,root,unclassified viruses,unclassified DNA viruses,,,,,,
2306727,184783.0,Areca catechu,Riboviria,Orthornavirae,Pisuviricota,Stelpaviricetes,Patatavirales,Potyviridae,Arepavirus,
1654603,184783.0,Areca catechu,Riboviria,Orthornavirae,Kitrinoviricota,Alsuviricetes,Martellivirales,Closteroviridae,Velarivirus,+ssRNA
3426446,2158.0,Methanobacteriales,Duplodnaviria,Heunggongvirae,Uroviricota,Caudoviricetes,Methanobavirales,Armatusviridae,Ariesvirus,dsDNA
2851486,1.0,root,Monodnaviria,Shotokuvirae,Cressdnaviricota,Arfiviricetes,Saturnivirales,Mahapunaviridae,Elnathivirus,
556524,124917.0,Armigeres subalbatus,Riboviria,Orthornavirae,Duplornaviricota,Chrymotiviricetes,Ghabrivirales,Alphatotivirineae,Orthototiviridae,dsRNA
2827437,47429.0,Armillaria mellea,Riboviria,Orthornavirae,Lenarviricota,Miaviricetes,Ourlivirales,Botourmiaviridae,Rhizoulivirus,+ssRNA
2201042,264540.0,Arracacia xanthorrhiza,Riboviria,Orthornavirae,Kitrinoviricota,Alsuviricetes,Martellivirales,Closteroviridae,Closterovirus,+ssRNA
2739880,496566.0,Artemisia carvifolia,Monodnaviria,Shotokuvirae,Cressdnaviricota,Repensiviricetes,Geplafuvirales,Genomoviridae,Gemyduguivirus,
1133751,35608.0,Artemisia annua,Riboviria,Orthornavirae,Pisuviricota,Pisoniviricetes,Sobelivirales,Solemoviridae,Sobemovirus,
2713256,1665.0,Arthrobacter globiformis,Duplodnaviria,Heunggongvirae,Uroviricota,Caudoviricetes,Caudoviricetes incertae sedis,Berryhillviridae,Ayohtrevirus,dsDNA
2015853,1771959.0,[Arthrobacter] sp. ATCC 21022,Duplodnaviria,Heunggongvirae,Uroviricota,Caudoviricetes,Caudoviricetes incertae sedis,Galaxyvirus,Galaxyvirus abidatro,dsDNA
2419945,43666.0,Paeniglutamicibacter sulfureus,Duplodnaviria,Heunggongvirae,Uroviricota,Caudoviricetes,Caudoviricetes incertae sedis,Adaiavirus,Adaiavirus adaia,dsDNA
2027883,1771959.0,[Arthrobacter] sp. ATCC 21022,Duplodnaviria,Heunggongvirae,Uroviricota,Caudoviricetes,Caudoviricetes incertae sedis,Jasminevirus,Jasminevirus adat,dsDNA
2686213,37927.0,Sinomonas atrocyanea,Duplodnaviria,Heunggongvirae,Uroviricota,Caudoviricetes,Caudoviricetes incertae sedis,Casidaviridae,Manhattanvirus,dsDNA
2776851,1665.0,Arthrobacter globiformis,Duplodnaviria,Heunggongvirae,Uroviricota,Caudoviricetes,Caudoviricetes incertae sedis,Casidaviridae,Yangvirus,dsDNA
2985309,1667.0,Arthrobacter sp.,Duplodnaviria,Heunggongvirae,Uroviricota,Caudoviricetes,Caudoviricetes incertae sedis,Korravirus,unclassified Korravirus,dsDNA
2488951,1667.0,Arthrobacter sp.,Duplodnaviria,Heunggongvirae,Uroviricota,Caudoviricetes,Caudoviricetes incertae sedis,Korravirus,Korravirus hunterdalle,dsDNA
3059064,1665.0,Arthrobacter globiformis,Duplodnaviria,Heunggongvirae,Uroviricota,Caudoviricetes,Caudoviricetes incertae sedis,Berryhillviridae,Altadenavirus,dsDNA
2599822,1667.0,Arthrobacter sp.,Duplodnaviria,Heunggongvirae,Uroviricota,Caudoviricetes,Caudoviricetes incertae sedis,Coralvirus,Coralvirus coral,dsDNA
1772291,1771959.0,[Arthrobacter] sp. ATCC 21022,Duplodnaviria,Heunggongvirae,Uroviricota,Caudoviricetes,Caudoviricetes incertae sedis,Amigovirus,Amigovirus amigo,dsDNA
2419946,1665.0,Arthrobacter globiformis,Duplodnaviria,Heunggongvirae,Uroviricota,Caudoviricetes,Caudoviricetes incertae sedis,Andrewvirus,Andrewvirus andrew,dsDNA
2484217,1665.0,Arthrobacter globiformis,Duplodnaviria,Heunggongvirae,Uroviricota,Caudoviricetes,Caudoviricetes incertae sedis,Anjalivirus,Anjalivirus anjali,dsDNA
2565525,1771959.0,[Arthrobacter] sp. ATCC 21022,Duplodnaviria,Heunggongvirae,Uroviricota,Caudoviricetes,Caudoviricetes incertae sedis,Decurrovirus,Decurrovirus decurro,dsDNA
2024274,1771959.0,[Arthrobacter] sp. ATCC 21022,Duplodnaviria,Heunggongvirae,Uroviricota,Caudoviricetes,Caudoviricetes incertae sedis,Mudcatvirus,Mudcatvirus arcadia,dsDNA
3077823,1665.0,Arthrobacter globiformis,Duplodnaviria,Heunggongvirae,Uroviricota,Caudoviricetes,Caudoviricetes incertae sedis,Decurrovirus,unclassified Decurrovirus,dsDNA
2419947,43666.0,Paeniglutamicibacter sulfureus,Duplodnaviria,Heunggongvirae,Uroviricota,Caudoviricetes,Caudoviricetes incertae sedis,Atraxavirus,Atraxavirus atraxa,dsDNA
2419948,1665.0,Arthrobacter globiformis,Duplodnaviria,Heunggongvirae,Uroviricota,Caudoviricetes,Caudoviricetes incertae sedis,Richievirus,Richievirus auxilium,dsDNA
2910754,43666.0,Paeniglutamicibacter sulfureus,Duplodnaviria,Heunggongvirae,Uroviricota,Caudoviricetes,Caudoviricetes incertae sedis,Casidaviridae,Baileybluvirus,dsDNA
1796994,1667.0,Arthrobacter sp.,Duplodnaviria,Heunggongvirae,Uroviricota,Caudoviricetes,Caudoviricetes incertae sedis,Berryhillviridae,Marthavirus,dsDNA
2985648,1665.0,Arthrobacter globiformis,Duplodnaviria,Heunggongvirae,Uroviricota,Caudoviricetes,Caudoviricetes incertae sedis,Bauervirus,Bauervirus bauer,dsDNA
2015815,1771959.0,[Arthrobacter] sp. ATCC 21022,Duplodnaviria,Heunggongvirae,Uroviricota,Caudoviricetes,Caudoviricetes incertae sedis,Berryhillviridae,Jawnskivirus,dsDNA
2656523,1667.0,Arthrobacter sp.,Duplodnaviria,Heunggongvirae,Uroviricota,Caudoviricetes,Caudoviricetes incertae sedis,Kelleziovirus,Kelleziovirus kitkat,dsDNA
2488952,1667.0,Arthrobacter sp.,Duplodnaviria,Heunggongvirae,Uroviricota,Caudoviricetes,Caudoviricetes incertae sedis,Korravirus,Korravirus glenn,dsDNA
2985310,1667.0,Arthrobacter sp.,Duplodnaviria,Heunggongvirae,Uroviricota,Caudoviricetes,Caudoviricetes incertae sedis,Mudcatvirus,unclassified Mudcatvirus,dsDNA
1772293,1667.0,Arthrobacter sp.,Duplodnaviria,Heunggongvirae,Uroviricota,Caudoviricetes,Caudoviricetes incertae sedis,Korravirus,Korravirus bennie,dsDNA
2488953,1771959.0,[Arthrobacter] sp. ATCC 21022,Duplodnaviria,Heunggongvirae,Uroviricota,Caudoviricetes,Caudoviricetes incertae sedis,Korravirus,Korravirus bigmack,dsDNA
2713258,1665.0,Arthrobacter globiformis,Duplodnaviria,Heunggongvirae,Uroviricota,Caudoviricetes,Caudoviricetes incertae sedis,Bluefeathervirus,Bluefeathervirus bluefeather,dsDNA
2488954,1667.0,Arthrobacter sp.,Duplodnaviria,Heunggongvirae,Uroviricota,Caudoviricetes,Caudoviricetes incertae sedis,Korravirus,Korravirus drrobert,dsDNA
3017297,1665.0,Arthrobacter globiformis,Duplodnaviria,Heunggongvirae,Uroviricota,Caudoviricetes,Caudoviricetes incertae sedis,Berryhillviridae,Lilmacvirus,dsDNA
3126617,1665.0,Arthrobacter globiformis,Duplodnaviria,Heunggongvirae,Uroviricota,Caudoviricetes,Caudoviricetes incertae sedis,Shoyavirus,unclassified Shoyavirus,dsDNA
2250409,1667.0,Arthrobacter sp.,Duplodnaviria,Heunggongvirae,Uroviricota,Caudoviricetes,Caudoviricetes incertae sedis,Gordonvirus,Gordonvirus breylor17,dsDNA
2419949,1665.0,Arthrobacter globiformis,Duplodnaviria,Heunggongvirae,Uroviricota,Caudoviricetes,Caudoviricetes incertae sedis,Bridgettevirus,Bridgettevirus bridgette,dsDNA
2488955,1667.0,Arthrobacter sp.,Duplodnaviria,Heunggongvirae,Uroviricota,Caudoviricetes,Caudoviricetes incertae sedis,Korravirus,Korravirus wayne,dsDNA
1772294,1771959.0,[Arthrobacter] sp. ATCC 21022,Duplodnaviria,Heunggongvirae,Uroviricota,Caudoviricetes,Caudoviricetes incertae sedis,Gordonvirus,Gordonvirus captnmurica,dsDNA
2946721,1667.0,Arthrobacter sp.,Duplodnaviria,Heunggongvirae,Uroviricota,Caudoviricetes,Caudoviricetes incertae sedis,Jasminevirus,unclassified Jasminevirus,dsDNA
2859632,1667.0,Arthrobacter sp.,Duplodnaviria,Heunggongvirae,Uroviricota,Caudoviricetes,Caudoviricetes incertae sedis,Gordonvirus,Gordonvirus castortray,dsDNA
2015855,1667.0,Arthrobacter sp.,Duplodnaviria,Heunggongvirae,Uroviricota,Caudoviricetes,Caudoviricetes incertae sedis,Gordonvirus,unclassified Gordonvirus,dsDNA
2015816,1771959.0,[Arthrobacter] sp. ATCC 21022,Duplodnaviria,Heunggongvirae,Uroviricota,Caudoviricetes,Caudoviricetes incertae sedis,Mudcatvirus,Mudcatvirus cheesy,dsDNA
2517929,1667.0,Arthrobacter sp.,Duplodnaviria,Heunggongvirae,Uroviricota,Caudoviricetes,Caudoviricetes incertae sedis,Klausavirus,Klausavirus princesstrina,dsDNA
1772295,1771959.0,[Arthrobacter] sp. ATCC 21022,Duplodnaviria,Heunggongvirae,Uroviricota,Caudoviricetes,Caudoviricetes incertae sedis,Mudcatvirus,Mudcatvirus circum,dsDNA
2944951,1665.0,Arthrobacter globiformis,Duplodnaviria,Heunggongvirae,Uroviricota,Caudoviricetes,Caudoviricetes incertae sedis,Nanditavirus,Nanditavirus cole,dsDNA
2015834,1771959.0,[Arthrobacter] sp. ATCC 21022,Duplodnaviria,Heunggongvirae,Uroviricota,Caudoviricetes,Caudoviricetes incertae sedis,Klausavirus,Klausavirus colucci,dsDNA
2419950,1665.0,Arthrobacter globiformis,Duplodnaviria,Heunggongvirae,Uroviricota,Caudoviricetes,Caudoviricetes incertae sedis,Bridgettevirus,Bridgettevirus constance,dsDNA
2419952,1665.0,Arthrobacter globiformis,Duplodnaviria,Heunggongvirae,Uroviricota,Caudoviricetes,Caudoviricetes incertae sedis,Corgivirus,Corgivirus corgi,dsDNA
2024275,1771959.0,[Arthrobacter] sp. ATCC 21022,Duplodnaviria,Heunggongvirae,Uroviricota,Caudoviricetes,Caudoviricetes incertae sedis,Mudcatvirus,Mudcatvirus correa,dsDNA
3092170,3081160.0,Arthrobacter sp. B10-11,Duplodnaviria,Heunggongvirae,Uroviricota,Caudoviricetes,Caudoviricetes incertae sedis,Kuleanavirus,unclassified Kuleanavirus,dsDNA
2951390,1771959.0,[Arthrobacter] sp. ATCC 21022,Duplodnaviria,Heunggongvirae,Uroviricota,Caudoviricetes,Caudoviricetes incertae sedis,Gordonvirus,Gordonvirus darby,dsDNA
2859477,1667.0,Arthrobacter sp.,Duplodnaviria,Heunggongvirae,Uroviricota,Caudoviricetes,Caudoviricetes incertae sedis,Gordonvirus,Gordonvirus devitoJr,dsDNA
2015857,1771959.0,[Arthrobacter] sp. ATCC 21022,Duplodnaviria,Heunggongvirae,Uroviricota,Caudoviricetes,Caudoviricetes incertae sedis,Korravirus,Korravirus korra,dsDNA
2686080,1667.0,Arthrobacter sp.,Duplodnaviria,Heunggongvirae,Uroviricota,Caudoviricetes,Caudoviricetes incertae sedis,Klausavirus,Klausavirus dryang,dsDNA
2867479,1667.0,Arthrobacter sp.,Duplodnaviria,Heunggongvirae,Uroviricota,Caudoviricetes,Caudoviricetes incertae sedis,Mudcatvirus,Mudcatvirus dynamite,dsDNA
2894292,1665.0,Arthrobacter globiformis,Duplodnaviria,Heunggongvirae,Uroviricota,Caudoviricetes,Caudoviricetes incertae sedis,Berryhillviridae,Eastwestvirus,dsDNA
2656524,1667.0,Arthrobacter sp.,Duplodnaviria,Heunggongvirae,Uroviricota,Caudoviricetes,Caudoviricetes incertae sedis,Laroyevirus,unclassified Laroyevirus,dsDNA
2419956,1665.0,Arthrobacter globiformis,Duplodnaviria,Heunggongvirae,Uroviricota,Caudoviricetes,Caudoviricetes incertae sedis,Bridgettevirus,Bridgettevirus eileen,dsDNA
2510522,1665.0,Arthrobacter globiformis,Duplodnaviria,Heunggongvirae,Uroviricota,Caudoviricetes,Caudoviricetes incertae sedis,Elesarvirus,Elesarvirus elesar,dsDNA
3038361,43666.0,Paeniglutamicibacter sulfureus,Duplodnaviria,Heunggongvirae,Uroviricota,Caudoviricetes,Caudoviricetes incertae sedis,Casidaviridae,Emotionvirus,dsDNA
2419957,1665.0,Arthrobacter globiformis,Duplodnaviria,Heunggongvirae,Uroviricota,Caudoviricetes,Caudoviricetes incertae sedis,Fajavirus,Fajavirus faja,dsDNA
1772326,1771959.0,[Arthrobacter] sp. ATCC 21022,Duplodnaviria,Heunggongvirae,Uroviricota,Caudoviricetes,Caudoviricetes incertae sedis,Galaxyvirus,Galaxyvirus galaxy,dsDNA
2743905,1667.0,Arthrobacter sp.,Duplodnaviria,Heunggongvirae,Uroviricota,Caudoviricetes,Caudoviricetes incertae sedis,Korravirus,Korravirus gisselle,dsDNA
2926105,1665.0,Arthrobacter globiformis,Duplodnaviria,Heunggongvirae,Uroviricota,Caudoviricetes,Caudoviricetes incertae sedis,Bridgettevirus,unclassified Bridgettevirus,dsDNA
1772298,1771959.0,[Arthrobacter] sp. ATCC 21022,Duplodnaviria,Heunggongvirae,Uroviricota,Caudoviricetes,Caudoviricetes incertae sedis,Gordonvirus,Gordonvirus gordon,dsDNA
2499003,1667.0,Arthrobacter sp.,Duplodnaviria,Heunggongvirae,Uroviricota,Caudoviricetes,Caudoviricetes incertae sedis,Korravirus,Korravirus greenhearts,dsDNA
1897428,1771959.0,[Arthrobacter] sp. ATCC 21022,Duplodnaviria,Heunggongvirae,Uroviricota,Caudoviricetes,Caudoviricetes incertae sedis,Korravirus,Korravirus greenhouse,dsDNA
2024277,1771959.0,[Arthrobacter] sp. ATCC 21022,Duplodnaviria,Heunggongvirae,Uroviricota,Caudoviricetes,Caudoviricetes incertae sedis,Mudcatvirus,Mudcatvirus heisenberger,dsDNA
2419609,1665.0,Arthrobacter globiformis,Duplodnaviria,Heunggongvirae,Uroviricota,Caudoviricetes,Caudoviricetes incertae sedis,Hestiavirus,Hestiavirus hestia,dsDNA
3077804,1665.0,Arthrobacter globiformis,Duplodnaviria,Heunggongvirae,Uroviricota,Caudoviricetes,Caudoviricetes incertae sedis,Berryhillviridae,Vibakivirus,dsDNA
2047760,1771959.0,[Arthrobacter] sp. ATCC 21022,Duplodnaviria,Heunggongvirae,Uroviricota,Caudoviricetes,Caudoviricetes incertae sedis,Korravirus,Korravirus huntingdon,dsDNA
2565509,1771959.0,[Arthrobacter] sp. ATCC 21022,Duplodnaviria,Heunggongvirae,Uroviricota,Caudoviricetes,Caudoviricetes incertae sedis,Idahovirus,Idahovirus idaho,dsDNA
2419610,1665.0,Arthrobacter globiformis,Duplodnaviria,Heunggongvirae,Uroviricota,Caudoviricetes,Caudoviricetes incertae sedis,Isoldevirus,Isoldevirus isolde,dsDNA
1772302,1771959.0,[Arthrobacter] sp. ATCC 21022,Duplodnaviria,Heunggongvirae,Uroviricota,Caudoviricetes,Caudoviricetes incertae sedis,Jasminevirus,Jasminevirus jasmine,dsDNA
2591110,1667.0,Arthrobacter sp.,Duplodnaviria,Heunggongvirae,Uroviricota,Caudoviricetes,Caudoviricetes incertae sedis,Mudcatvirus,Mudcatvirus JEGGS,dsDNA
2743903,1665.0,Arthrobacter globiformis,Duplodnaviria,Heunggongvirae,Uroviricota,Caudoviricetes,Caudoviricetes incertae sedis,Berryhillviridae,Jinkiesvirus,dsDNA
1772303,1771959.0,[Arthrobacter] sp. ATCC 21022,Duplodnaviria,Heunggongvirae,Uroviricota,Caudoviricetes,Caudoviricetes incertae sedis,Korravirus,Korravirus joann,dsDNA
2419958,1665.0,Arthrobacter globiformis,Duplodnaviria,Heunggongvirae,Uroviricota,Caudoviricetes,Caudoviricetes incertae sedis,Bridgettevirus,Bridgettevirus judy,dsDNA
2859474,1667.0,Arthrobacter sp.,Duplodnaviria,Heunggongvirae,Uroviricota,Caudoviricetes,Caudoviricetes incertae sedis,Mudcatvirus,Mudcatvirus kardesai,dsDNA
2315608,1667.0,Arthrobacter sp.,Duplodnaviria,Heunggongvirae,Uroviricota,Caudoviricetes,Caudoviricetes incertae sedis,Klausavirus,Klausavirus kburrousTX,dsDNA
2250412,1667.0,Arthrobacter sp.,Duplodnaviria,Heunggongvirae,Uroviricota,Caudoviricetes,Caudoviricetes incertae sedis,Mudcatvirus,Mudcatvirus keaneylin,dsDNA
1796995,1771959.0,[Arthrobacter] sp. ATCC 21022,Duplodnaviria,Heunggongvirae,Uroviricota,Caudoviricetes,Caudoviricetes incertae sedis,Kelleziovirus,Kelleziovirus kellezzio,dsDNA
2419959,1665.0,Arthrobacter globiformis,Duplodnaviria,Heunggongvirae,Uroviricota,Caudoviricetes,Caudoviricetes incertae sedis,Coralvirus,Coralvirus kepler,dsDNA
2794944,1667.0,Arthrobacter sp.,Duplodnaviria,Heunggongvirae,Uroviricota,Caudoviricetes,Caudoviricetes incertae sedis,Korravirus,Korravirus kittykat,dsDNA
2653270,1665.0,Arthrobacter globiformis,Duplodnaviria,Heunggongvirae,Uroviricota,Caudoviricetes,Caudoviricetes incertae sedis,Kuleanavirus,Kuleanavirus kuleana,dsDNA
2588498,1667.0,Arthrobacter sp.,Duplodnaviria,Heunggongvirae,Uroviricota,Caudoviricetes,Caudoviricetes incertae sedis,Kumottavirus,Kumottavirus kumotta,dsDNA
1772305,1771959.0,[Arthrobacter] sp. ATCC 21022,Duplodnaviria,Heunggongvirae,Uroviricota,Caudoviricetes,Caudoviricetes incertae sedis,Laroyevirus,Laroyevirus laroye,dsDNA
2805831,1665.0,Arthrobacter globiformis,Duplodnaviria,Heunggongvirae,Uroviricota,Caudoviricetes,Caudoviricetes incertae sedis,Andrewvirus,unclassified Andrewvirus,dsDNA
2488780,1665.0,Arthrobacter globiformis,Duplodnaviria,Heunggongvirae,Uroviricota,Caudoviricetes,Caudoviricetes incertae sedis,Casidaviridae,Liebevirus,dsDNA
2015860,1771959.0,[Arthrobacter] sp. ATCC 21022,Duplodnaviria,Heunggongvirae,Uroviricota,Caudoviricetes,Caudoviricetes incertae sedis,Laroyevirus,Laroyevirus lisara,dsDNA
2499008,1667.0,Arthrobacter sp.,Duplodnaviria,Heunggongvirae,Uroviricota,Caudoviricetes,Caudoviricetes incertae sedis,Korravirus,Korravirus litotes,dsDNA
2599828,1667.0,Arthrobacter sp.,Duplodnaviria,Heunggongvirae,Uroviricota,Caudoviricetes,Caudoviricetes incertae sedis,Klausavirus,Klausavirus lymara,dsDNA
2499009,1665.0,Arthrobacter globiformis,Duplodnaviria,Heunggongvirae,Uroviricota,Caudoviricetes,Caudoviricetes incertae sedis,Majavirus,Majavirus maja,dsDNA
2743906,1667.0,Arthrobacter sp.,Duplodnaviria,Heunggongvirae,Uroviricota,Caudoviricetes,Caudoviricetes incertae sedis,Korravirus,Korravirus mamapearl,dsDNA
2250414,1667.0,Arthrobacter sp.,Duplodnaviria,Heunggongvirae,Uroviricota,Caudoviricetes,Caudoviricetes incertae sedis,Kumottavirus,Kumottavirus margaretkali,dsDNA
2484218,1665.0,Arthrobacter globiformis,Duplodnaviria,Heunggongvirae,Uroviricota,Caudoviricetes,Caudoviricetes incertae sedis,Anjalivirus,Anjalivirus mendel,dsDNA
2015839,1771959.0,[Arthrobacter] sp. ATCC 21022,Duplodnaviria,Heunggongvirae,Uroviricota,Caudoviricetes,Caudoviricetes incertae sedis,Amigovirus,Amigovirus molivia,dsDNA
3078569,43666.0,Paeniglutamicibacter sulfureus,Duplodnaviria,Heunggongvirae,Uroviricota,Caudoviricetes,Caudoviricetes incertae sedis,Adaiavirus,unclassified Adaiavirus,dsDNA
1796997,1771959.0,[Arthrobacter] sp. ATCC 21022,Duplodnaviria,Heunggongvirae,Uroviricota,Caudoviricetes,Caudoviricetes incertae sedis,Mudcatvirus,Mudcatvirus mudcat,dsDNA
2656526,1667.0,Arthrobacter sp.,Duplodnaviria,Heunggongvirae,Uroviricota,Caudoviricetes,Caudoviricetes incertae sedis,Mufasoctovirus,Mufasoctovirus mufasa8,dsDNA
2419963,1665.0,Arthrobacter globiformis,Duplodnaviria,Heunggongvirae,Uroviricota,Caudoviricetes,Caudoviricetes incertae sedis,Nanditavirus,Nanditavirus nandita,dsDNA
2015864,1771959.0,[Arthrobacter] sp. ATCC 21022,Duplodnaviria,Heunggongvirae,Uroviricota,Caudoviricetes,Caudoviricetes incertae sedis,Gordonvirus,Gordonvirus nightmare,dsDNA
2014347,1771959.0,[Arthrobacter] sp. ATCC 21022,Duplodnaviria,Heunggongvirae,Uroviricota,Caudoviricetes,Caudoviricetes incertae sedis,Gordonvirus,Gordonvirus niktson,dsDNA
2419964,1665.0,Arthrobacter globiformis,Duplodnaviria,Heunggongvirae,Uroviricota,Caudoviricetes,Caudoviricetes incertae sedis,Noelyvirus,Noelyvirus noely,dsDNA
2015865,1771959.0,[Arthrobacter] sp. ATCC 21022,Duplodnaviria,Heunggongvirae,Uroviricota,Caudoviricetes,Caudoviricetes incertae sedis,Korravirus,Korravirus nubia,dsDNA
1897429,1771959.0,[Arthrobacter] sp. ATCC 21022,Duplodnaviria,Heunggongvirae,Uroviricota,Caudoviricetes,Caudoviricetes incertae sedis,Korravirus,Korravirus oxynfrius,dsDNA
2419965,1665.0,Arthrobacter globiformis,Duplodnaviria,Heunggongvirae,Uroviricota,Caudoviricetes,Caudoviricetes incertae sedis,Bridgettevirus,Bridgettevirus peas,dsDNA
2836007,1665.0,Arthrobacter globiformis,Duplodnaviria,Heunggongvirae,Uroviricota,Caudoviricetes,Caudoviricetes incertae sedis,Persistencevirus,Persistencevirus persistence,dsDNA
2859633,1665.0,Arthrobacter globiformis,Duplodnaviria,Heunggongvirae,Uroviricota,Caudoviricetes,Caudoviricetes incertae sedis,Nanditavirus,Nanditavirus popper,dsDNA
1772310,1771959.0,[Arthrobacter] sp. ATCC 21022,Duplodnaviria,Heunggongvirae,Uroviricota,Caudoviricetes,Caudoviricetes incertae sedis,Korravirus,Korravirus preamble,dsDNA
1772311,1771959.0,[Arthrobacter] sp. ATCC 21022,Duplodnaviria,Heunggongvirae,Uroviricota,Caudoviricetes,Caudoviricetes incertae sedis,Korravirus,Korravirus pumancara,dsDNA
2603260,1665.0,Arthrobacter globiformis,Duplodnaviria,Heunggongvirae,Uroviricota,Caudoviricetes,Caudoviricetes incertae sedis,Quivirus,Quivirus qui,dsDNA
2419967,1665.0,Arthrobacter globiformis,Duplodnaviria,Heunggongvirae,Uroviricota,Caudoviricetes,Caudoviricetes incertae sedis,Richievirus,Richievirus richie,dsDNA
2836008,1667.0,Arthrobacter sp.,Duplodnaviria,Heunggongvirae,Uroviricota,Caudoviricetes,Caudoviricetes incertae sedis,Tankvirus,unclassified Tankvirus,dsDNA
2419968,1665.0,Arthrobacter globiformis,Duplodnaviria,Heunggongvirae,Uroviricota,Caudoviricetes,Caudoviricetes incertae sedis,Nanditavirus,Nanditavirus ryan,dsDNA
1772314,1771959.0,[Arthrobacter] sp. ATCC 21022,Duplodnaviria,Heunggongvirae,Uroviricota,Caudoviricetes,Caudoviricetes incertae sedis,Laroyevirus,Laroyevirus salgado,dsDNA
2885974,1665.0,Arthrobacter globiformis,Duplodnaviria,Heunggongvirae,Uroviricota,Caudoviricetes,Caudoviricetes incertae sedis,Sargevirus,Sargevirus sarge,dsDNA
2927283,1771959.0,[Arthrobacter] sp. ATCC 21022,Duplodnaviria,Heunggongvirae,Uroviricota,Caudoviricetes,Caudoviricetes incertae sedis,Gordonvirus,Gordonvirus sciencewizsam,dsDNA
2419611,1665.0,Arthrobacter globiformis,Duplodnaviria,Heunggongvirae,Uroviricota,Caudoviricetes,Caudoviricetes incertae sedis,Seamegvirus,Seamegvirus seahorse,dsDNA
2250416,1667.0,Arthrobacter sp.,Duplodnaviria,Heunggongvirae,Uroviricota,Caudoviricetes,Caudoviricetes incertae sedis,Korravirus,Korravirus sergei,dsDNA
2927284,1665.0,Arthrobacter globiformis,Duplodnaviria,Heunggongvirae,Uroviricota,Caudoviricetes,Caudoviricetes incertae sedis,Bismarckvirus,Bismarckvirus shambre1,dsDNA
2704035,1665.0,Arthrobacter globiformis,Duplodnaviria,Heunggongvirae,Uroviricota,Caudoviricetes,Caudoviricetes incertae sedis,Shoyavirus,Shoyavirus shoya,dsDNA
2836090,1665.0,Arthrobacter globiformis,Duplodnaviria,Heunggongvirae,Uroviricota,Caudoviricetes,Caudoviricetes incertae sedis,Berryhillviridae,Sicariusvirus,dsDNA
2836091,1665.0,Arthrobacter globiformis,Duplodnaviria,Heunggongvirae,Uroviricota,Caudoviricetes,Caudoviricetes incertae sedis,Silentrexvirus,Silentrexvirus silentrx,dsDNA
2510495,1665.0,Arthrobacter globiformis,Duplodnaviria,Heunggongvirae,Uroviricota,Caudoviricetes,Caudoviricetes incertae sedis,Sonalivirus,Sonalivirus sonali,dsDNA
2419969,43666.0,Paeniglutamicibacter sulfureus,Duplodnaviria,Heunggongvirae,Uroviricota,Caudoviricetes,Caudoviricetes incertae sedis,Atraxavirus,unclassified Atraxavirus,dsDNA
2945958,1667.0,Arthrobacter sp.,Duplodnaviria,Heunggongvirae,Uroviricota,Caudoviricetes,Caudoviricetes incertae sedis,Casidaviridae,Swepdovirus,dsDNA
2250389,1667.0,Arthrobacter sp.,Duplodnaviria,Heunggongvirae,Uroviricota,Caudoviricetes,Caudoviricetes incertae sedis,Gordonvirus,Gordonvirus synepsis,dsDNA
1772319,1771959.0,[Arthrobacter] sp. ATCC 21022,Duplodnaviria,Heunggongvirae,Uroviricota,Caudoviricetes,Caudoviricetes incertae sedis,Tankvirus,Tankvirus tank,dsDNA
2250368,1667.0,Arthrobacter sp.,Duplodnaviria,Heunggongvirae,Uroviricota,Caudoviricetes,Caudoviricetes incertae sedis,Gordonvirus,Gordonvirus tatanka,dsDNA
2015871,1771959.0,[Arthrobacter] sp. ATCC 21022,Duplodnaviria,Heunggongvirae,Uroviricota,Caudoviricetes,Caudoviricetes incertae sedis,Gordonvirus,Gordonvirus teacup,dsDNA
3035393,1665.0,Arthrobacter globiformis,Duplodnaviria,Heunggongvirae,Uroviricota,Caudoviricetes,Caudoviricetes incertae sedis,Anjalivirus,unclassified Anjalivirus,dsDNA
2024279,1771959.0,[Arthrobacter] sp. ATCC 21022,Duplodnaviria,Heunggongvirae,Uroviricota,Caudoviricetes,Caudoviricetes incertae sedis,Mudcatvirus,Mudcatvirus tribby,dsDNA
2599838,1665.0,Arthrobacter globiformis,Duplodnaviria,Heunggongvirae,Uroviricota,Caudoviricetes,Caudoviricetes incertae sedis,Triplejayvirus,Triplejayvirus tripleJ,dsDNA
2951391,1667.0,Arthrobacter sp.,Duplodnaviria,Heunggongvirae,Uroviricota,Caudoviricetes,Caudoviricetes incertae sedis,Gordonvirus,Gordonvirus trustiboi,dsDNA
2768133,1665.0,Arthrobacter globiformis,Duplodnaviria,Heunggongvirae,Uroviricota,Caudoviricetes,Caudoviricetes incertae sedis,Casidaviridae,Galvastonvirus,dsDNA
2047867,1771959.0,[Arthrobacter] sp. ATCC 21022,Duplodnaviria,Heunggongvirae,Uroviricota,Caudoviricetes,Caudoviricetes incertae sedis,Korravirus,Korravirus urla,dsDNA
1414742,1667.0,Arthrobacter sp.,Duplodnaviria,Heunggongvirae,Uroviricota,Caudoviricetes,Caudoviricetes incertae sedis,Arvduovirus,Arvduovirus ArV2,dsDNA
1566993,1667.0,Arthrobacter sp.,Duplodnaviria,Heunggongvirae,Uroviricota,Caudoviricetes,Caudoviricetes incertae sedis,Klausavirus,Klausavirus ArV1,dsDNA
3049371,43666.0,Paeniglutamicibacter sulfureus,Duplodnaviria,Heunggongvirae,Uroviricota,Caudoviricetes,Caudoviricetes incertae sedis,Casidaviridae,Hilgardvirus,dsDNA
2499021,1667.0,Arthrobacter sp.,Duplodnaviria,Heunggongvirae,Uroviricota,Caudoviricetes,Caudoviricetes incertae sedis,Korravirus,Korravirus wawa,dsDNA
2015873,1771959.0,[Arthrobacter] sp. ATCC 21022,Duplodnaviria,Heunggongvirae,Uroviricota,Caudoviricetes,Caudoviricetes incertae sedis,Laroyevirus,Laroyevirus wheelbite,dsDNA
2713260,1665.0,Arthrobacter globiformis,Duplodnaviria,Heunggongvirae,Uroviricota,Caudoviricetes,Caudoviricetes incertae sedis,Whytuvirus,Whytuvirus whytu,dsDNA
2790985,1665.0,Arthrobacter globiformis,Duplodnaviria,Heunggongvirae,Uroviricota,Caudoviricetes,Caudoviricetes incertae sedis,Wollypogvirus,Wollypogvirus wollypog,dsDNA
2591069,1667.0,Arthrobacter sp.,Duplodnaviria,Heunggongvirae,Uroviricota,Caudoviricetes,Caudoviricetes incertae sedis,Mudcatvirus,Mudcatvirus xenomorph,dsDNA
2776857,1665.0,Arthrobacter globiformis,Duplodnaviria,Heunggongvirae,Uroviricota,Caudoviricetes,Caudoviricetes incertae sedis,Whytuvirus,Whytuvirus yavru,dsDNA
2836041,1665.0,Arthrobacter globiformis,Duplodnaviria,Heunggongvirae,Uroviricota,Caudoviricetes,Caudoviricetes incertae sedis,Nanditavirus,Nanditavirus zaheer,dsDNA
2736280,241438.0,Arthronema africanum,Duplodnaviria,Heunggongvirae,Uroviricota,Caudoviricetes,Caudoviricetes incertae sedis,Saffermanviridae,Arthrovirus,dsDNA
46076,59895.0,Cynara cardunculus var. scolymus,Riboviria,Orthornavirae,Pisuviricota,Stelpaviricetes,Patatavirales,Potyviridae,Macluravirus,
3426468,7227.0,Drosophila melanogaster,Riboviria,Orthornavirae,Duplornaviricota,Chrymotiviricetes,Ghabrivirales,Betatotivirineae,Artiviridae,dsRNA
1945850,102211.0,Benincasa hispida,Viruses incertae sedis,Alphasatellitidae,Geminialphasatellitinae,Clecrusatellite,Clecrusatellite benincasae,,,
2249930,126866.0,Oceanodroma homochroa,Monodnaviria,Shotokuvirae,Commensaviricota,Cardeaviricetes,Sanitavirales,Anelloviridae,Gyrovirus,
445435,4686.0,Asparagus officinalis,Riboviria,Orthornavirae,Kitrinoviricota,Alsuviricetes,Tymovirales,Alphaflexiviridae,Potexvirus,+ssRNA
1087071,63131.0,Aspergillus foetidus,Riboviria,Orthornavirae,Pisuviricota,Pisuviricota incertae sedis,Yadokarivirales,Yadokariviridae,Alphayadokarivirus,
2250469,746128.0,Aspergillus fumigatus,Riboviria,Riboviria incertae sedis,Polymycoviridae,Polymycovirus,Polymycovirus aspergilli,,,
2849587,330879.0,Aspergillus fumigatus Af293,Riboviria,Riboviria incertae sedis,Polymycoviridae,Polymycovirus,Polymycovirus aspergilli,Aspergillus fumigatus polymycovirus 1,,
358008,3906.0,Vicia faba,Riboviria,Orthornavirae,Pisuviricota,Duplopiviricetes,Durnavirales,Partitiviridae,Gammapartitivirus,+ssRNA
2485922,1458903.0,Aspergillus spelaeus,Riboviria,Riboviria incertae sedis,Polymycoviridae,Polymycovirus,Polymycovirus aspelaei,Aspergillus spelaeus polymycovirus 1,,
1522179,33640.0,Asterionellopsis glacialis,Riboviria,Orthornavirae,Pisuviricota,Pisoniviricetes,Picornavirales,Marnaviridae,Kusarnavirus,
1671382,188338.0,Coracias garrulus,Riboviria,Orthornavirae,Pisuviricota,Stelpaviricetes,Stellavirales,Astroviridae,unclassified Astroviridae,
568715,9606.0,Homo sapiens,Riboviria,Orthornavirae,Pisuviricota,Stelpaviricetes,Stellavirales,Astroviridae,Mamastrovirus,
2315724,27406.0,Cherax quadricarinatus,Riboviria,Orthornavirae,Negarnaviricota,Polyploviricotina,Bunyaviricetes,Elliovirales,unclassified Elliovirales,-ssRNA
1489836,8030.0,Salmo salar,Riboviria,Orthornavirae,Pisuviricota,Pisoniviricetes,Picornavirales,Caliciviridae,Salovirus,
348296,8030.0,Salmo salar,Riboviria,Pararnavirae,Artverviricota,Revtraviricetes,Ortervirales,Retroviridae,unclassified Retroviridae,ssRNA-RT
2689325,869069.0,Psorophora albipes,Riboviria,Orthornavirae,Negarnaviricota,Haploviricotina,Monjiviricetes,Jingchuvirales,Aliusviridae,-ssRNA
3426492,411470.0,Mediterraneibacter gnavus ATCC 29149,Duplodnaviria,Heunggongvirae,Uroviricota,Caudoviricetes,Caudoviricetes incertae sedis,Atrivirus,,dsDNA
1873455,9825.0,Sus scrofa domesticus,Riboviria,Orthornavirae,Kitrinoviricota,Flasuviricetes,Amarillovirales,Flaviviridae,Pestivirus,+ssRNA
674971,1907177.0,Schizochytrium sp.,Riboviria,Orthornavirae,Pisuviricota,Pisoniviricetes,Picornavirales,Marnaviridae,Labyrnavirus,
1474867,44056.0,Aureococcus anophagefferens,Varidnaviria,Bamfordvirae,Nucleocytoviricota,Megaviricetes,Imitervirales,Schizomimiviridae,Kratosvirus,
2026601,59189.0,Anopheles hinesorum,Riboviria,Orthornavirae,Duplornaviricota,Chrymotiviricetes,Ghabrivirales,Betatotivirineae,Inseviridae,dsRNA
190810,29760.0,Vitis vinifera,Viruses incertae sedis,Pospiviroidae,Apscaviroid,Apscaviroid austravitis,,,,
46015,7088.0,Lepidoptera,Viruses incertae sedis,Naldaviricetes,Lefavirales,Baculoviridae,Alphabaculovirus,Alphabaculovirus aucalifornicae,Autographa californica multiple nucleopolyhedrovirus,
1239437,9103.0,Meleagris gallopavo,Riboviria,Orthornavirae,Pisuviricota,Stelpaviricetes,Stellavirales,Astroviridae,Avastrovirus,
2364132,1.0,root,Ribozyviria,Ribozyviria incertae sedis,Kolmioviridae,Deltavirus,unclassified Deltavirus,,,
2907992,9031.0,Gallus gallus,Riboviria,Orthornavirae,Kitrinoviricota,Alsuviricetes,Hepelivirales,Hepeviridae,Orthohepevirinae,+ssRNA
38525,9534.0,Chlorocebus aethiops,Riboviria,Orthornavirae,Negarnaviricota,Haploviricotina,Monjiviricetes,Mononegavirales,Pneumoviridae,-ssRNA
318490,9053.0,Phasianus,Varidnaviria,Bamfordvirae,Preplasmiviricota,Polisuviricotina,Pharingeaviricetes,Rowavirales,Adenoviridae,
12896,3435.0,Persea americana,Viruses incertae sedis,Avsunviroidae,Avsunviroid,Avsunviroid albamaculaperseae,,,,
1941437,1.0,root,Monodnaviria,Shotokuvirae,Cressdnaviricota,Arfiviricetes,Baphyvirales,Bacilladnaviridae,Kieseladnavirus,
1618243,98293.0,Austrovenus stutchburyi,Monodnaviria,Shotokuvirae,Cressdnaviricota,Arfiviricetes,Jormunvirales,Draupnirviridae,Roburiusivirus,
1618248,549457.0,Paphies subtriangulata,Monodnaviria,Shotokuvirae,Cressdnaviricota,Arfiviricetes,Gredzevirales,Ouroboviridae,Pylenevirus,
1618249,98293.0,Austrovenus stutchburyi,Monodnaviria,Shotokuvirae,Cressdnaviricota,Repensiviricetes,Geplafuvirales,Geplanaviridae,Aguamentivirus,
1618254,98293.0,Austrovenus stutchburyi,Monodnaviria,Shotokuvirae,Cressdnaviricota,Arfiviricetes,Saturnivirales,Kanorauviridae,Shanivirus,
1618255,98293.0,Austrovenus stutchburyi,Monodnaviria,Shotokuvirae,Cressdnaviricota,Arfiviricetes,Jormunvirales,Draupnirviridae,Atroxivirus,
1618260,98293.0,Austrovenus stutchburyi,Monodnaviria,Shotokuvirae,Cressdnaviricota,Arfiviricetes,Jormunvirales,Draupnirviridae,Rapidusivirus,
2914481,1.0,root,Monodnaviria,Shotokuvirae,Cressdnaviricota,Arfiviricetes,Baphyvirales,Bacilladnaviridae,Puahadnavirus,
2914482,1.0,root,Monodnaviria,Shotokuvirae,Cressdnaviricota,Arfiviricetes,Baphyvirales,Bacilladnaviridae,Seawadnavirus,
2914487,1.0,root,Monodnaviria,Shotokuvirae,Cressdnaviricota,Arfiviricetes,Baphyvirales,Bacilladnaviridae,Aberdnavirus,
1476487,217170.0,Axonopus compressus,Monodnaviria,Shotokuvirae,Cressdnaviricota,Repensiviricetes,Geplafuvirales,Geminiviridae,Mastrevirus,
1920526,511435.0,Candidatus Azobacteroides pseudotrichonymphae,Duplodnaviria,Heunggongvirae,Uroviricota,Caudoviricetes,Crassvirales,Suoliviridae,Dechshavirus,dsDNA
2202647,40505.0,Lutjanus campechanus,Monodnaviria,Shotokuvirae,Cressdnaviricota,Arfiviricetes,Baphyvirales,Bacilladnaviridae,unclassified Bacilladnaviridae,
2801830,1423.0,Bacillus subtilis,Duplodnaviria,Heunggongvirae,Uroviricota,Caudoviricetes,Caudoviricetes incertae sedis,Herelleviridae,Bastillevirinae,dsDNA
2601652,1423.0,Bacillus subtilis,Duplodnaviria,Heunggongvirae,Uroviricota,Caudoviricetes,Caudoviricetes incertae sedis,Trautnerviridae,Polsinellivirinae,dsDNA
3025408,1428.0,Bacillus thuringiensis,Duplodnaviria,Heunggongvirae,Uroviricota,Caudoviricetes,Caudoviricetes incertae sedis,Theosmithvirus,Theosmithvirus tv0105phi72,dsDNA
2601653,1423.0,Bacillus subtilis,Duplodnaviria,Heunggongvirae,Uroviricota,Caudoviricetes,Caudoviricetes incertae sedis,Ehrlichviridae,Gettysburgvirus,dsDNA
2785079,391289.0,Bacillus sp. 6k512,Duplodnaviria,Heunggongvirae,Uroviricota,Caudoviricetes,Caudoviricetes incertae sedis,Svunavirus,Svunavirus sv1,dsDNA
2759272,1386.0,Bacillus,Duplodnaviria,Heunggongvirae,Uroviricota,Caudoviricetes,Caudoviricetes incertae sedis,Ehrlichviridae,Suttonboningtonvirus,dsDNA
2880539,1396.0,Bacillus cereus,Duplodnaviria,Heunggongvirae,Uroviricota,Caudoviricetes,Caudoviricetes incertae sedis,Cecivirus,Cecivirus cv250,dsDNA
3143958,1423.0,Bacillus subtilis,Duplodnaviria,Heunggongvirae,Uroviricota,Caudoviricetes,Caudoviricetes incertae sedis,Herelleviridae,Spounavirinae,dsDNA
2861974,29339.0,Bacillus thuringiensis serovar kurstaki,Duplodnaviria,Heunggongvirae,Uroviricota,Caudoviricetes,Caudoviricetes incertae sedis,Salasmaviridae,Northropvirinae,dsDNA
2108114,1405.0,Bacillus mycoides,Duplodnaviria,Heunggongvirae,Uroviricota,Caudoviricetes,Caudoviricetes incertae sedis,Ehrlichviridae,Anathvirus,dsDNA
2880537,1189615.0,Bacillus pumilus BL8,Duplodnaviria,Heunggongvirae,Uroviricota,Caudoviricetes,Caudoviricetes incertae sedis,Ehrlichviridae,Andromedavirus,dsDNA
2880538,1392.0,Bacillus anthracis,Varidnaviria,Bamfordvirae,Preplasmiviricota,Prepoliviricotina,Tectiliviricetes,Kalamavirales,Tectiviridae,
2483609,673518.0,Bacillus anthracis str. A16R,Duplodnaviria,Heunggongvirae,Uroviricota,Caudoviricetes,Caudoviricetes incertae sedis,Wbetavirus,Wbetavirus AP631,dsDNA
1815509,224308.0,Bacillus subtilis subsp. subtilis str. 168,Duplodnaviria,Heunggongvirae,Uroviricota,Caudoviricetes,Caudoviricetes incertae sedis,Takahashivirus,Takahashivirus PBS1,dsDNA
2861975,1386.0,Bacillus,Duplodnaviria,Heunggongvirae,Uroviricota,Caudoviricetes,Caudoviricetes incertae sedis,Salasmaviridae,Picovirinae,dsDNA
2969659,1396.0,Bacillus cereus,Duplodnaviria,Heunggongvirae,Uroviricota,Caudoviricetes,Caudoviricetes incertae sedis,Bunatrivirus,Bunatrivirus B13,dsDNA
1296654,1396.0,Bacillus cereus,Duplodnaviria,Heunggongvirae,Uroviricota,Caudoviricetes,Caudoviricetes incertae sedis,Basiliskvirus,Basiliskvirus basilisk,dsDNA
294382,1445.0,Alkalihalobacillus alcalophilus,Duplodnaviria,Heunggongvirae,Uroviricota,Caudoviricetes,Caudoviricetes incertae sedis,Jarrellvirus,Jarrellvirus BCAJ1,dsDNA
1136534,1396.0,Bacillus cereus,Duplodnaviria,Heunggongvirae,Uroviricota,Caudoviricetes,Caudoviricetes incertae sedis,Becedseptimavirus,Becedseptimavirus BCD7,dsDNA
1118064,86661.0,Bacillus cereus group,Duplodnaviria,Heunggongvirae,Uroviricota,Caudoviricetes,Caudoviricetes incertae sedis,Beceayunavirus,Beceayunavirus BceA1,dsDNA
2801504,1396.0,Bacillus cereus,Duplodnaviria,Heunggongvirae,Uroviricota,Caudoviricetes,Caudoviricetes incertae sedis,Yihwangvirus,unclassified Yihwangvirus,dsDNA
2801506,1396.0,Bacillus cereus,Duplodnaviria,Heunggongvirae,Uroviricota,Caudoviricetes,Caudoviricetes incertae sedis,Yihwangvirus,Yihwangvirus BCPST,dsDNA
1983461,1396.0,Bacillus cereus,Duplodnaviria,Heunggongvirae,Uroviricota,Caudoviricetes,Caudoviricetes incertae sedis,Salasmaviridae,Harambevirus,dsDNA
1868824,1428.0,Bacillus thuringiensis,Duplodnaviria,Heunggongvirae,Uroviricota,Caudoviricetes,Caudoviricetes incertae sedis,Lwoffvirus,Lwoffvirus TP21,dsDNA
1194641,1428.0,Bacillus thuringiensis,Duplodnaviria,Heunggongvirae,Uroviricota,Caudoviricetes,Caudoviricetes incertae sedis,Camtrevirus,Camtrevirus BtCS33,dsDNA
2876570,1423.0,Bacillus subtilis,Duplodnaviria,Heunggongvirae,Uroviricota,Caudoviricetes,Caudoviricetes incertae sedis,Spbetavirus,unclassified Spbetavirus,dsDNA
1983578,1392.0,Bacillus anthracis,Duplodnaviria,Heunggongvirae,Uroviricota,Caudoviricetes,Caudoviricetes incertae sedis,Wbetavirus,Wbetavirus carmel,dsDNA
2072797,1428.0,Bacillus thuringiensis,Duplodnaviria,Heunggongvirae,Uroviricota,Caudoviricetes,Caudoviricetes incertae sedis,Carmenvirus,Carmenvirus carmen17,dsDNA
347966,261591.0,Bacillus anthracis str. Vollum,Duplodnaviria,Heunggongvirae,Uroviricota,Caudoviricetes,Caudoviricetes incertae sedis,Wbetavirus,unclassified Wbetavirus,dsDNA
1873341,1396.0,Bacillus cereus,Duplodnaviria,Heunggongvirae,Uroviricota,Caudoviricetes,Caudoviricetes incertae sedis,Deurplevirus,Deurplevirus deeppurple,dsDNA
2777318,1396.0,Bacillus cereus,Duplodnaviria,Heunggongvirae,Uroviricota,Caudoviricetes,Caudoviricetes incertae sedis,Salasmaviridae,Huangshavirus,dsDNA
3075862,1396.0,Bacillus cereus,Duplodnaviria,Heunggongvirae,Uroviricota,Caudoviricetes,Caudoviricetes incertae sedis,Ehrlichviridae,Dazunavirus,dsDNA
2100124,1408.0,Bacillus pumilus,Duplodnaviria,Heunggongvirae,Uroviricota,Caudoviricetes,Caudoviricetes incertae sedis,Jenstvirus,unclassified Jenstvirus,dsDNA
2767194,1392.0,Bacillus anthracis,Duplodnaviria,Heunggongvirae,Uroviricota,Caudoviricetes,Caudoviricetes incertae sedis,Wbetavirus,Wbetavirus F16Ba,dsDNA
2917160,1204342.0,Bacillus subtilis BEST7003,Duplodnaviria,Heunggongvirae,Uroviricota,Caudoviricetes,Caudoviricetes incertae sedis,Zhangjivirus,Zhangjivirus fado,dsDNA
345922,1392.0,Bacillus anthracis,Duplodnaviria,Heunggongvirae,Uroviricota,Caudoviricetes,Caudoviricetes incertae sedis,Wbetavirus,Wbetavirus fah,dsDNA
2884420,1404.0,Priestia megaterium,Duplodnaviria,Heunggongvirae,Uroviricota,Caudoviricetes,Caudoviricetes incertae sedis,Donellivirus,Donellivirus gee,dsDNA
2679898,1423.0,Bacillus subtilis,Duplodnaviria,Heunggongvirae,Uroviricota,Caudoviricetes,Caudoviricetes incertae sedis,Salasmaviridae,Tatarstanvirinae,dsDNA
2884422,1428.0,Bacillus thuringiensis,Duplodnaviria,Heunggongvirae,Uroviricota,Caudoviricetes,Caudoviricetes incertae sedis,Cecivirus,Cecivirus IEBH,dsDNA
2724322,1396.0,Bacillus cereus,Duplodnaviria,Heunggongvirae,Uroviricota,Caudoviricetes,Caudoviricetes incertae sedis,Tsamsavirus,Tsamsavirus izhevsk,dsDNA
2767195,1392.0,Bacillus anthracis,Duplodnaviria,Heunggongvirae,Uroviricota,Caudoviricetes,Caudoviricetes incertae sedis,Wbetavirus,Wbetavirus J5a,dsDNA
2783539,1396.0,Bacillus cereus,Duplodnaviria,Heunggongvirae,Uroviricota,Caudoviricetes,Caudoviricetes incertae sedis,Kirovvirus,Kirovvirus kirov,dsDNA
1796993,1409.0,Bacillus sp. (in: firmicutes),Duplodnaviria,Heunggongvirae,Uroviricota,Caudoviricetes,Caudoviricetes incertae sedis,Magadivirus,Magadivirus Mgbh1,dsDNA
1983579,1392.0,Bacillus anthracis,Duplodnaviria,Heunggongvirae,Uroviricota,Caudoviricetes,Caudoviricetes incertae sedis,Wbetavirus,Wbetavirus negev,dsDNA
1406786,1404.0,Priestia megaterium,Duplodnaviria,Heunggongvirae,Uroviricota,Caudoviricetes,Caudoviricetes incertae sedis,Pagevirus,Pagevirus page,dsDNA
1597966,1404.0,Priestia megaterium,Duplodnaviria,Heunggongvirae,Uroviricota,Caudoviricetes,Caudoviricetes incertae sedis,Pagevirus,Pagevirus palmer,dsDNA
1540092,1404.0,Priestia megaterium,Duplodnaviria,Heunggongvirae,Uroviricota,Caudoviricetes,Caudoviricetes incertae sedis,Pagevirus,Pagevirus pascal,dsDNA
1675598,1404.0,Priestia megaterium,Duplodnaviria,Heunggongvirae,Uroviricota,Caudoviricetes,Caudoviricetes incertae sedis,Pagevirus,unclassified Pagevirus,dsDNA
1161901,1396.0,Bacillus cereus,Duplodnaviria,Heunggongvirae,Uroviricota,Caudoviricetes,Caudoviricetes incertae sedis,Pebcunavirus,Pebcunavirus PBC1,dsDNA
1675029,1396.0,Bacillus cereus,Duplodnaviria,Heunggongvirae,Uroviricota,Caudoviricetes,Caudoviricetes incertae sedis,Haetaevirus,Haetaevirus PBC2,dsDNA
1675028,1392.0,Bacillus anthracis,Duplodnaviria,Heunggongvirae,Uroviricota,Caudoviricetes,Caudoviricetes incertae sedis,Yihwangvirus,Yihwangvirus PBC4,dsDNA
1868598,1396.0,Bacillus cereus,Duplodnaviria,Heunggongvirae,Uroviricota,Caudoviricetes,Caudoviricetes incertae sedis,Hubeivirus,Hubeivirus PfEFR4,dsDNA
1868600,718220.0,Bacillus cereus IS075,Duplodnaviria,Heunggongvirae,Uroviricota,Caudoviricetes,Caudoviricetes incertae sedis,Cecivirus,unclassified Cecivirus,dsDNA
10717,1423.0,Bacillus subtilis,Duplodnaviria,Heunggongvirae,Uroviricota,Caudoviricetes,Caudoviricetes incertae sedis,Spizizenvirus,Spizizenvirus sv105,dsDNA
1643326,1396.0,Bacillus cereus,Duplodnaviria,Heunggongvirae,Uroviricota,Caudoviricetes,Caudoviricetes incertae sedis,Rockvillevirus,Rockvillevirus phi4J1,dsDNA
1357713,1428.0,Bacillus thuringiensis,Duplodnaviria,Heunggongvirae,Uroviricota,Caudoviricetes,Caudoviricetes incertae sedis,Camtrevirus,Camtrevirus CM3,dsDNA
1124578,339854.0,Bacillus thuringiensis serovar israelensis ATCC 35646,Duplodnaviria,Heunggongvirae,Uroviricota,Caudoviricetes,Caudoviricetes incertae sedis,Camtrevirus,Camtrevirus S3501,dsDNA
1643327,1396.0,Bacillus cereus,Duplodnaviria,Heunggongvirae,Uroviricota,Caudoviricetes,Caudoviricetes incertae sedis,Waukeshavirus,Waukeshavirus waukesha92,dsDNA
547228,86029.0,Bacillus subtilis subsp. natto,Duplodnaviria,Heunggongvirae,Uroviricota,Caudoviricetes,Caudoviricetes incertae sedis,Pemunavirus,Pemunavirus PM1,dsDNA
1406789,1404.0,Priestia megaterium,Duplodnaviria,Heunggongvirae,Uroviricota,Caudoviricetes,Caudoviricetes incertae sedis,Pagevirus,Pagevirus pony,dsDNA
1540093,1404.0,Priestia megaterium,Duplodnaviria,Heunggongvirae,Uroviricota,Caudoviricetes,Caudoviricetes incertae sedis,Pagevirus,Pagevirus pookie,dsDNA
1357712,1428.0,Bacillus thuringiensis,Duplodnaviria,Heunggongvirae,Uroviricota,Caudoviricetes,Caudoviricetes incertae sedis,Lwoffvirus,unclassified Lwoffvirus,dsDNA
2500559,1396.0,Bacillus cereus,Duplodnaviria,Heunggongvirae,Uroviricota,Caudoviricetes,Caudoviricetes incertae sedis,Sophritavirus,Sophritavirus pW2,dsDNA
2500560,1396.0,Bacillus cereus,Duplodnaviria,Heunggongvirae,Uroviricota,Caudoviricetes,Caudoviricetes incertae sedis,Yihwangvirus,Yihwangvirus pW4,dsDNA
2917162,1204342.0,Bacillus subtilis BEST7003,Duplodnaviria,Heunggongvirae,Uroviricota,Caudoviricetes,Caudoviricetes incertae sedis,Spizizenvirus,unclassified Spizizenvirus,dsDNA
3076127,28031.0,Lysinibacillus fusiformis,Duplodnaviria,Heunggongvirae,Uroviricota,Caudoviricetes,Gochnauervirinae,unclassified Gochnauervirinae,,dsDNA
1406790,1404.0,Priestia megaterium,Duplodnaviria,Heunggongvirae,Uroviricota,Caudoviricetes,Caudoviricetes incertae sedis,Slashvirus,Slashvirus slash,dsDNA
1792032,766760.0,Bacillus paralicheniformis ATCC 9945a,Duplodnaviria,Heunggongvirae,Uroviricota,Caudoviricetes,Caudoviricetes incertae sedis,Thornevirus,Thornevirus SP15,dsDNA
2932878,1408.0,Bacillus pumilus,Duplodnaviria,Heunggongvirae,Uroviricota,Caudoviricetes,Caudoviricetes incertae sedis,Spbetavirus,Spbetavirus SPbeta,dsDNA
1610832,1404.0,Priestia megaterium,Duplodnaviria,Heunggongvirae,Uroviricota,Caudoviricetes,Caudoviricetes incertae sedis,Slashvirus,Slashvirus stahl,dsDNA
1406792,1404.0,Priestia megaterium,Duplodnaviria,Heunggongvirae,Uroviricota,Caudoviricetes,Caudoviricetes incertae sedis,Slashvirus,Slashvirus staley,dsDNA
1610833,1404.0,Priestia megaterium,Duplodnaviria,Heunggongvirae,Uroviricota,Caudoviricetes,Caudoviricetes incertae sedis,Slashvirus,Slashvirus stills,dsDNA
1983581,1392.0,Bacillus anthracis,Duplodnaviria,Heunggongvirae,Uroviricota,Caudoviricetes,Caudoviricetes incertae sedis,Wbetavirus,Wbetavirus tavor,dsDNA
3079609,673518.0,Bacillus anthracis str. A16R,Duplodnaviria,Heunggongvirae,Uroviricota,Caudoviricetes,Caudoviricetes incertae sedis,Hubeivirus,unclassified Hubeivirus,dsDNA
2951252,1392.0,Bacillus anthracis,Duplodnaviria,Heunggongvirae,Uroviricota,Caudoviricetes,Caudoviricetes incertae sedis,Tsamsavirus,unclassified Tsamsavirus,dsDNA
1308863,1392.0,Bacillus anthracis,Duplodnaviria,Heunggongvirae,Uroviricota,Caudoviricetes,Caudoviricetes incertae sedis,Tsamsavirus,Tsamsavirus tsamsa,dsDNA
2894785,260799.0,Bacillus anthracis str. Sterne,Duplodnaviria,Heunggongvirae,Uroviricota,Caudoviricetes,Caudoviricetes incertae sedis,Athenavirus,Athenavirus athena,dsDNA
2894778,260799.0,Bacillus anthracis str. Sterne,Duplodnaviria,Heunggongvirae,Uroviricota,Caudoviricetes,Caudoviricetes incertae sedis,Wbetavirus,Wbetavirus booya,dsDNA
2894786,260799.0,Bacillus anthracis str. Sterne,Duplodnaviria,Heunggongvirae,Uroviricota,Caudoviricetes,Caudoviricetes incertae sedis,Tsamsavirus,Tsamsavirus chewbecca,dsDNA
2894779,260799.0,Bacillus anthracis str. Sterne,Duplodnaviria,Heunggongvirae,Uroviricota,Caudoviricetes,Caudoviricetes incertae sedis,Wbetavirus,Wbetavirus mcsteamy,dsDNA
2894787,260799.0,Bacillus anthracis str. Sterne,Duplodnaviria,Heunggongvirae,Uroviricota,Caudoviricetes,Caudoviricetes incertae sedis,Tsamsavirus,Tsamsavirus mrdarsey,dsDNA
2894788,260799.0,Bacillus anthracis str. Sterne,Duplodnaviria,Heunggongvirae,Uroviricota,Caudoviricetes,Caudoviricetes incertae sedis,Natevirus,Natevirus nate,dsDNA
2894789,260799.0,Bacillus anthracis str. Sterne,Duplodnaviria,Heunggongvirae,Uroviricota,Caudoviricetes,Caudoviricetes incertae sedis,Tsamsavirus,Tsamsavirus skywalker,dsDNA
2894790,260799.0,Bacillus anthracis str. Sterne,Duplodnaviria,Heunggongvirae,Uroviricota,Caudoviricetes,Caudoviricetes incertae sedis,Sophritavirus,Sophritavirus sophrita,dsDNA
2419618,246272.0,Alkalihalobacterium bogoriense,Duplodnaviria,Heunggongvirae,Uroviricota,Caudoviricetes,Caudoviricetes incertae sedis,Elmenteitavirus,Elmenteitavirus ev125,dsDNA
1759525,1396.0,Bacillus cereus,Duplodnaviria,Heunggongvirae,Uroviricota,Caudoviricetes,Caudoviricetes incertae sedis,Hubeivirus,Hubeivirus MY192,dsDNA
2950459,1396.0,Bacillus cereus,Duplodnaviria,Heunggongvirae,Uroviricota,Caudoviricetes,Caudoviricetes incertae sedis,Layangavirus,Layangavirus LY1,dsDNA
2996058,1396.0,Bacillus cereus,Duplodnaviria,Heunggongvirae,Uroviricota,Caudoviricetes,Caudoviricetes incertae sedis,Layangbvirus,Layangbvirus LY5,dsDNA
2663324,1396.0,Bacillus cereus,Duplodnaviria,Heunggongvirae,Uroviricota,Caudoviricetes,Caudoviricetes incertae sedis,Trautnerviridae,Prospektnaukivirus,dsDNA
2719179,1396.0,Bacillus cereus,Duplodnaviria,Heunggongvirae,Uroviricota,Caudoviricetes,Caudoviricetes incertae sedis,Samaravirus,Samaravirus sam46,dsDNA
2419619,33932.0,Sutcliffiella cohnii,Duplodnaviria,Heunggongvirae,Uroviricota,Caudoviricetes,Caudoviricetes incertae sedis,Kenyattavirus,Kenyattavirus kv136,dsDNA
2419622,79884.0,Alkalihalobacillus pseudalcaliphilus,Duplodnaviria,Heunggongvirae,Uroviricota,Caudoviricetes,Caudoviricetes incertae sedis,Ehrlichviridae,Nairobivirus,dsDNA
1739968,1408.0,Bacillus pumilus,Duplodnaviria,Heunggongvirae,Uroviricota,Caudoviricetes,Caudoviricetes incertae sedis,Takahashivirus,unclassified Takahashivirus,dsDNA
2662127,1408.0,Bacillus pumilus,Duplodnaviria,Heunggongvirae,Uroviricota,Caudoviricetes,Caudoviricetes incertae sedis,Salasmaviridae,Bundooravirus,dsDNA
2920374,1423.0,Bacillus subtilis,Duplodnaviria,Heunggongvirae,Uroviricota,Caudoviricetes,Caudoviricetes incertae sedis,Zhangjivirus,Zhangjivirus PJN02,dsDNA
2582416,1386.0,Bacillus,Duplodnaviria,Heunggongvirae,Uroviricota,Caudoviricetes,Caudoviricetes incertae sedis,Waukeshavirus,unclassified Waukeshavirus,dsDNA
2565501,1428.0,Bacillus thuringiensis,Duplodnaviria,Heunggongvirae,Uroviricota,Caudoviricetes,Caudoviricetes incertae sedis,Pushchinovirus,Pushchinovirus B83,dsDNA
1868826,527022.0,Bacillus thuringiensis serovar monterrey BGSC 4AJ1,Duplodnaviria,Heunggongvirae,Uroviricota,Caudoviricetes,Caudoviricetes incertae sedis,Bembunaquatrovirus,Bembunaquatrovirus BMBtp14,dsDNA
2884431,1444.0,Bacillus thuringiensis serovar tenebrionis,Duplodnaviria,Heunggongvirae,Uroviricota,Caudoviricetes,Caudoviricetes incertae sedis,Lwoffvirus,Lwoffvirus BMBtp2,dsDNA
1445809,529121.0,Bacillus thuringiensis serovar tenebrionis str. YBT-1765,Duplodnaviria,Heunggongvirae,Uroviricota,Caudoviricetes,Caudoviricetes incertae sedis,Waukeshavirus,Waukeshavirus BMBtp3,dsDNA
1734382,1396.0,Bacillus cereus,Duplodnaviria,Heunggongvirae,Uroviricota,Caudoviricetes,Caudoviricetes incertae sedis,Salasmaviridae,Mingyongvirus,dsDNA
2094736,1392.0,Bacillus anthracis,Duplodnaviria,Heunggongvirae,Uroviricota,Caudoviricetes,Caudoviricetes incertae sedis,Basiliskvirus,Basiliskvirus bak10,dsDNA
2885908,1392.0,Bacillus anthracis,Duplodnaviria,Heunggongvirae,Uroviricota,Caudoviricetes,Caudoviricetes incertae sedis,Wbetavirus,Wbetavirus wbeta,dsDNA
2283012,1434.0,Bacillus thuringiensis serovar berliner,Duplodnaviria,Heunggongvirae,Uroviricota,Caudoviricetes,Caudoviricetes incertae sedis,Carmenvirus,Carmenvirus Wes44,dsDNA
2767196,1392.0,Bacillus anthracis,Duplodnaviria,Heunggongvirae,Uroviricota,Caudoviricetes,Caudoviricetes incertae sedis,Wbetavirus,Wbetavirus z1a,dsDNA
340054,572265.0,Candidatus Hamiltonella defensa 5AT (Acyrthosiphon pisum),Duplodnaviria,Heunggongvirae,Uroviricota,Caudoviricetes,Caudoviricetes incertae sedis,Sendosyvirus,Sendosyvirus APSE2,dsDNA
568989,138072.0,Candidatus Williamhamiltonella defendens,Duplodnaviria,Heunggongvirae,Uroviricota,Caudoviricetes,Caudoviricetes incertae sedis,Sendosyvirus,unclassified Sendosyvirus,dsDNA
2664195,246200.0,Ruegeria pomeroyi DSS-3,Duplodnaviria,Heunggongvirae,Uroviricota,Caudoviricetes,Caudoviricetes incertae sedis,Naomviridae,Noahvirus,dsDNA
2662137,1280.0,Staphylococcus aureus,Duplodnaviria,Heunggongvirae,Uroviricota,Caudoviricetes,Caudoviricetes incertae sedis,Demerecviridae,Markadamsvirinae,dsDNA
2905721,45888.0,Vibrio cholerae O139,Duplodnaviria,Heunggongvirae,Uroviricota,Caudoviricetes,Caudoviricetes incertae sedis,Peduoviridae,Longwoodvirus,dsDNA
1589751,1464.0,Paenibacillus larvae,Duplodnaviria,Heunggongvirae,Uroviricota,Caudoviricetes,Caudoviricetes incertae sedis,Lilyvirus,Lilyvirus lily,dsDNA
2905681,83333.0,Escherichia coli K-12,Duplodnaviria,Heunggongvirae,Uroviricota,Caudoviricetes,Caudoviricetes incertae sedis,Peduoviridae,Peduovirus,dsDNA
2900273,914.0,Nitrosomonas,Duplodnaviria,Heunggongvirae,Uroviricota,Caudoviricetes,Autographivirales,Autoscriptoviridae,Catalonvirus,dsDNA
2662138,321.0,Pseudomonas syringae pv. syringae,Duplodnaviria,Heunggongvirae,Uroviricota,Caudoviricetes,Caudoviricetes incertae sedis,Casjensviridae,Phobosvirus,dsDNA
1589753,1464.0,Paenibacillus larvae,Duplodnaviria,Heunggongvirae,Uroviricota,Caudoviricetes,Caudoviricetes incertae sedis,Fernvirus,Fernvirus rani,dsDNA
2662140,456327.0,Xanthomonas euvesicatoria,Duplodnaviria,Heunggongvirae,Uroviricota,Caudoviricetes,Autographivirales,Autonotataviridae,Gujervirinae,dsDNA
2301731,329854.0,Bacteroides intestinalis,Duplodnaviria,Heunggongvirae,Uroviricota,Caudoviricetes,Crassvirales,Steigviridae,Asinivirinae,dsDNA
2709317,371601.0,Bacteroides xylanisolvens,Duplodnaviria,Heunggongvirae,Uroviricota,Caudoviricetes,Crassvirales,Intestiviridae,Churivirinae,dsDNA
1634484,9662.0,Meles meles,Monodnaviria,Shotokuvirae,Cressdnaviricota,Repensiviricetes,Geplafuvirales,Genomoviridae,Gemykibivirus,
3342896,1.0,root,Monodnaviria,Loebvirae,Hofneiviricota,Faserviricetes,Tubulavirales,Inoviridae,Inovirus,
3426612,2774190.0,Brevundimonas goettingensis,Duplodnaviria,Heunggongvirae,Uroviricota,Caudoviricetes,Caudoviricetes incertae sedis,Jeanschmidtviridae,Bajunvirus,dsDNA
1986118,51751.0,Python regius,Riboviria,Orthornavirae,Pisuviricota,Pisoniviricetes,Nidovirales,Tornidovirineae,Tobaniviridae,
1229324,1.0,root,Monodnaviria,Shotokuvirae,Cressdnaviricota,Repensiviricetes,Geplafuvirales,Geminiviridae,unclassified Geminiviridae,
2169721,4641.0,Musa acuminata,Viruses incertae sedis,Alphasatellitidae,Petromoalphasatellitinae,Babusatellite,Babusatellite musae,,,
2169722,4641.0,Musa acuminata,Viruses incertae sedis,Alphasatellitidae,Petromoalphasatellitinae,Muscarsatellite,Muscarsatellite vietmusa,,,
2169723,4641.0,Musa acuminata,Viruses incertae sedis,Alphasatellitidae,Petromoalphasatellitinae,Muscarsatellite,Muscarsatellite haikoumusa,,,
43761,8267.0,Hippoglossus hippoglossus,Riboviria,Orthornavirae,Kitrinoviricota,Magsaviricetes,Nodamuvirales,Nodaviridae,Betanodavirus,+ssRNA
12466,4513.0,Hordeum vulgare,Riboviria,Orthornavirae,Pisuviricota,Stelpaviricetes,Patatavirales,Potyviridae,Bymovirus,
12327,4513.0,Hordeum vulgare,Riboviria,Orthornavirae,Kitrinoviricota,Alsuviricetes,Martellivirales,Virgaviridae,Hordeivirus,+ssRNA
1958784,1.0,root,Riboviria,Orthornavirae,Pisuviricota,Pisoniviricetes,Picornavirales,Marnaviridae,Salisharnavirus,
1325446,258867.0,Otomops martiensseni,Riboviria,Orthornavirae,Kitrinoviricota,Flasuviricetes,Amarillovirales,Flaviviridae,Hepacivirus,+ssRNA
1987143,907075.0,Coleura afra,Riboviria,Orthornavirae,Pisuviricota,Pisoniviricetes,Picornavirales,Picornaviridae,Heptrevirinae,
1959930,1.0,root,Riboviria,Orthornavirae,Pisuviricota,Pisoniviricetes,Picornavirales,Caliciviridae,Sapovirus,
1888311,1.0,root,Riboviria,Orthornavirae,Kitrinoviricota,Alsuviricetes,Tymovirales,unclassified Tymovirales,,+ssRNA
880159,1075084.0,Bathycoccus prasinos RCC1105,Varidnaviria,Bamfordvirae,Nucleocytoviricota,Megaviricetes,Algavirales,Phycodnaviridae,Prasinovirus,
145579,959.0,Bdellovibrio bacteriovorus,Monodnaviria,Sangervirae,Phixviricota,Malgrandaviricetes,Petitvirales,Microviridae,Gokushovirinae,
67082,9534.0,Chlorocebus aethiops,Varidnaviria,Bamfordvirae,Nucleocytoviricota,Pokkesviricetes,Chitovirales,Poxviridae,Chordopoxvirinae,
267970,3885.0,Phaseolus vulgaris,Riboviria,Orthornavirae,Kitrinoviricota,Alsuviricetes,Martellivirales,Closteroviridae,Crinivirus,+ssRNA
1740646,55169.0,Botryosphaeria dothidea,Riboviria,Riboviria incertae sedis,Polymycoviridae,Polymycovirus,Polymycovirus beauveriae,,,
1054649,176275.0,Beauveria bassiana,Riboviria,Orthornavirae,Pisuviricota,Duplopiviricetes,Durnavirales,Amalgaviridae,Unirnavirus,+ssRNA
1682186,7460.0,Apis mellifera,Riboviria,Orthornavirae,Kitrinoviricota,Alsuviricetes,Tymovirales,Tymoviridae,unclassified Tymoviridae,+ssRNA
2094260,444401.0,Andrena haemorrhoa,Riboviria,Orthornavirae,Kitrinoviricota,Alsuviricetes,Tymovirales,Tymoviridae,Maculavirus,+ssRNA
298965,66262.0,Chenopodium amaranticolor,unclassified viruses,unclassified satellites,RNA satellites,Single stranded RNA satellites,unclassified Single stranded RNA satellites,,,
912029,161934.0,Beta vulgaris,Riboviria,Orthornavirae,Pisuviricota,Duplopiviricetes,Durnavirales,Partitiviridae,Deltapartitivirus,+ssRNA
391228,3555.0,Beta vulgaris subsp. vulgaris,Monodnaviria,Shotokuvirae,Cressdnaviricota,Repensiviricetes,Geplafuvirales,Geminiviridae,Becurtovirus,
10840,3562.0,Spinacia oleracea,Monodnaviria,Shotokuvirae,Cressdnaviricota,Repensiviricetes,Geplafuvirales,Geminiviridae,Curtovirus,
31721,45318.0,Tetragonia tetragonoides,Riboviria,Orthornavirae,Kitrinoviricota,Alsuviricetes,Hepelivirales,Benyviridae,Benyvirus,+ssRNA
46436,63459.0,Chenopodium quinoa,Riboviria,Orthornavirae,Kitrinoviricota,Alsuviricetes,Martellivirales,Virgaviridae,Pomovirus,+ssRNA
1911908,,,Viruses incertae sedis,Alphasatellitidae,Geminialphasatellitinae,Clecrusatellite,Clecrusatellite chiapasense,,,
302069,3983.0,Manihot esculenta,unclassified viruses,unclassified satellites,DNA satellites,Single stranded DNA satellites,,,,
1922352,1.0,root,Riboviria,unclassified Riboviria,unclassified RNA viruses ShiM-2016,,,,,
1922366,1.0,root,Riboviria,Orthornavirae,Negarnaviricota,Haploviricotina,Monjiviricetes,Mononegavirales,Artoviridae,-ssRNA
1922367,1.0,root,Riboviria,Orthornavirae,Negarnaviricota,Haploviricotina,Monjiviricetes,Jingchuvirales,Chuviridae,-ssRNA
1922391,1.0,root,Riboviria,Orthornavirae,Pisuviricota,Pisoniviricetes,Nidovirales,Ronidovirineae,Euroniviridae,
1922393,1.0,root,Riboviria,Orthornavirae,Pisuviricota,Duplopiviricetes,Durnavirales,Hypoviridae,Deltahypovirus,+ssRNA
1922350,1.0,root,Riboviria,Orthornavirae,Pisuviricota,Pisoniviricetes,Nidovirales,Mesnidovirineae,Medioniviridae,
1922653,1.0,root,Riboviria,Orthornavirae,Negarnaviricota,Haploviricotina,Monjiviricetes,Mononegavirales,Nyamiviridae,-ssRNA
1922663,1.0,root,Riboviria,Orthornavirae,Negarnaviricota,Haploviricotina,Yunchangviricetes,Goujianvirales,Yueviridae,-ssRNA
1922664,1.0,root,Riboviria,Orthornavirae,Negarnaviricota,Haploviricotina,Chunqiuviricetes,Muvirales,Qinviridae,-ssRNA
368735,4071.0,Capsicum,Riboviria,Orthornavirae,Kitrinoviricota,Alsuviricetes,Martellivirales,Virgaviridae,Tobamovirus,+ssRNA
1982660,989334.0,Campanula takesimana,Riboviria,Orthornavirae,Pisuviricota,Stelpaviricetes,Patatavirales,Potyviridae,Bevemovirus,
713090,455045.0,Abelmoschus esculentus,Viruses incertae sedis,Alphasatellitidae,Geminialphasatellitinae,Colecusatellite,Colecusatellite abelmoschusvenae,,,
2832595,190650.0,Caulobacter vibrioides CB15,Duplodnaviria,Heunggongvirae,Uroviricota,Caudoviricetes,Caudoviricetes incertae sedis,Jeanschmidtviridae,Bertelyvirus,dsDNA
3051996,103831.0,Mythimna unipuncta,Viruses incertae sedis,Naldaviricetes,Lefavirales,Baculoviridae,Betabaculovirus,,,
693629,41673.0,Acidianus brierleyi,Viruses incertae sedis,Fuselloviridae,Betafusellovirus,,,,,
1032474,56636.0,Aeropyrum pernix,Viruses incertae sedis,Guttaviridae,Betaguttavirus,,,,,
346881,315461.0,Acidianus sp. Acii25,Adnaviria,Zilligvirae,Taleaviricota,Tokiviricetes,Ligamenvirales,Lipothrixviridae,Betalipothrixvirus,dsDNA
635076,68299.0,Ageratum conyzoides,Viruses incertae sedis,Tolecusatellitidae,Betasatellite,,,,,
908010,455045.0,Abelmoschus esculentus,Viruses incertae sedis,Tolecusatellitidae,Betasatellite,unclassified Betasatellite,Bhendi yellow vein India betasatellite,,,
908070,120168.0,Bhendi yellow vein mosaic virus,Viruses incertae sedis,Tolecusatellitidae,Betasatellite,Betasatellite abelmoschusmusiviflavi,,,,
908072,120168.0,Bhendi yellow vein mosaic virus,Viruses incertae sedis,Tolecusatellitidae,Betasatellite,Betasatellite abelmoschusmusiviflavi,Bhendi yellow vein mosaic betasatellite,,,
315953,269667.0,Acidianus convivator,Viruses incertae sedis,Bicaudaviridae,Bicaudavirus,,,,,
2713242,1684.0,Bifidobacterium asteroides,Duplodnaviria,Heunggongvirae,Uroviricota,Caudoviricetes,Caudoviricetes incertae sedis,Badaztecvirus,Badaztecvirus badaargau2,dsDNA
2713243,1684.0,Bifidobacterium asteroides,Duplodnaviria,Heunggongvirae,Uroviricota,Caudoviricetes,Caudoviricetes incertae sedis,Badaztecvirus,Badaztecvirus badaztec1,dsDNA
2713245,1684.0,Bifidobacterium asteroides,Duplodnaviria,Heunggongvirae,Uroviricota,Caudoviricetes,Caudoviricetes incertae sedis,Badaztecvirus,unclassified Badaztecvirus,dsDNA
1712387,199337.0,Rhizoctonia sp. AG-K,Riboviria,Orthornavirae,Lenarviricota,Howeltoviricetes,Cryppavirales,Mitoviridae,unclassified Mitoviridae,+ssRNA
2138326,5016.0,Bipolaris maydis,Riboviria,Orthornavirae,Duplornaviricota,Chrymotiviricetes,Ghabrivirales,Alphatotivirineae,Botybirnaviridae,dsRNA
316106,65557.0,Alcea rosea,Viruses incertae sedis,Tolecusatellitidae,Betasatellite,Betasatellite ludwigiaprimi,Luffa puckering and leaf distortion-associated DNA beta,,,
12285,295550.0,Heteronychus arator,Riboviria,Orthornavirae,Kitrinoviricota,Magsaviricetes,Nodamuvirales,Nodaviridae,Alphanodavirus,+ssRNA
508441,90988.0,Pimephales promelas,Duplodnaviria,Heunggongvirae,Peploviricota,Herviviricetes,Herpesvirales,Alloherpesviridae,Ictavirus,dsDNA
1937789,78511.0,Ribes nigrum,Riboviria,Orthornavirae,Kitrinoviricota,Alsuviricetes,Martellivirales,Mayoviridae,Idaeovirus,+ssRNA
2038729,3888.0,Lathyrus oleraceus,Monodnaviria,Shotokuvirae,Cressdnaviricota,Arfiviricetes,Mulpavirales,Nanoviridae,Nanovirus,
1441796,3888.0,Lathyrus oleraceus,Viruses incertae sedis,Alphasatellitidae,Nanoalphasatellitinae,unclassified Nanoalphasatellitinae,,,,
92395,7460.0,Apis mellifera,Riboviria,Orthornavirae,Pisuviricota,Pisoniviricetes,Picornavirales,Dicistroviridae,Triatovirus,
367301,3917.0,Vigna unguiculata,Riboviria,Orthornavirae,Pisuviricota,Pisoniviricetes,Picornavirales,Secoviridae,Sadwavirus,
1572341,184440.0,Centropristis striata,Monodnaviria,Shotokuvirae,Cossaviricota,Papovaviricetes,Sepolyvirales,Polyomaviridae,Thetapolyomavirus,
323118,211815.0,Rubus fruticosus,Riboviria,Orthornavirae,Pisuviricota,Stelpaviricetes,Patatavirales,Potyviridae,Brambyvirus,
2586183,27462.0,Austrosimulium,Monodnaviria,Shotokuvirae,Cressdnaviricota,Arfiviricetes,Saturnivirales,Mahapunaviridae,Fuluvirus,
2586185,27462.0,Austrosimulium,Monodnaviria,Shotokuvirae,Cressdnaviricota,Arfiviricetes,Saturnivirales,Mahapunaviridae,Acamarivirus,
2364200,1463349.0,Blechomonas luni,Riboviria,Orthornavirae,Lenarviricota,Amabiliviricetes,Wolframvirales,Narnaviridae,Narnavirus,+ssRNA
311176,64146.0,Channa lucius,Riboviria,Orthornavirae,Orthornavirae incertae sedis,Birnaviridae,Blosnavirus,Blosnavirus channae,,
1520332,,,Riboviria,Orthornavirae,Negarnaviricota,Haploviricotina,Milneviricetes,Naedrevirales,Aspiviridae,-ssRNA
1094249,69266.0,Vaccinium corymbosum,Riboviria,Orthornavirae,Kitrinoviricota,Alsuviricetes,Martellivirales,Kitaviridae,Blunervirus,+ssRNA
172220,69266.0,Vaccinium corymbosum,Riboviria,Pararnavirae,Artverviricota,Revtraviricetes,Ortervirales,Caulimoviridae,Soymovirus,dsDNA-RT
1206566,69266.0,Vaccinium corymbosum,Riboviria,Orthornavirae,Kitrinoviricota,Alsuviricetes,Martellivirales,Closteroviridae,Bluvavirus,+ssRNA
2746927,13106.0,Lepomis macrochirus,Riboviria,Pararnavirae,Artverviricota,Revtraviricetes,Blubervirales,Hepadnaviridae,Metahepadnavirus,dsDNA-RT
2024608,75058.0,Bodo saltans,Varidnaviria,Bamfordvirae,Nucleocytoviricota,Megaviricetes,Imitervirales,Mimiviridae,Klosneuvirinae,
3427530,,,Monodnaviria,Shotokuvirae,Cressdnaviricota,Arfiviricetes,Gredzevirales,Ouroboviridae,Boebeisivirus,
3423436,,,Duplodnaviria,Heunggongvirae,Uroviricota,Caudoviricetes,Crassvirales,Suoliviridae,Oafivirinae,dsDNA
1379788,1.0,root,environmental samples,,,,,,,
2010960,242384.0,Mops pumilus,Riboviria,Orthornavirae,Negarnaviricota,Haploviricotina,Monjiviricetes,Mononegavirales,unclassified Mononegavirales,-ssRNA
640862,7092.0,Bombyx mandarina,Viruses incertae sedis,Naldaviricetes,Lefavirales,Baculoviridae,Alphabaculovirus,Alphabaculovirus bomori,Bombyx mori nucleopolyhedrovirus,
284503,7091.0,Bombyx mori,unclassified viruses,unclassified satellites,RNA satellites,Double stranded RNA satellites,unclassified Double-stranded satellite RNAs,,,
328668,7091.0,Bombyx mori,Monodnaviria,Shotokuvirae,Cossaviricota,Mouviricetes,Polivirales,Bidnaviridae,Bidensovirus,
271108,7091.0,Bombyx mori,Viruses incertae sedis,Naldaviricetes,Lefavirales,Baculoviridae,Alphabaculovirus,Alphabaculovirus bomori,,
263375,518.0,Bordetella bronchiseptica,Duplodnaviria,Heunggongvirae,Uroviricota,Caudoviricetes,Caudoviricetes incertae sedis,Rauchvirus,Rauchvirus BPP1,dsDNA
1916123,518.0,Bordetella bronchiseptica,Duplodnaviria,Heunggongvirae,Uroviricota,Caudoviricetes,Caudoviricetes incertae sedis,Mesyanzhinovviridae,Rabinowitzvirinae,dsDNA
2029657,518.0,Bordetella bronchiseptica,Duplodnaviria,Heunggongvirae,Uroviricota,Caudoviricetes,Caudoviricetes incertae sedis,Phabquatrovirus,Phabquatrovirus PHB04,dsDNA
2587820,518.0,Bordetella bronchiseptica,Duplodnaviria,Heunggongvirae,Uroviricota,Caudoviricetes,Autographivirales,Autographivirales incertae sedis,Vistulavirus,dsDNA
2601608,55169.0,Botryosphaeria dothidea,Riboviria,Orthornavirae,Lenarviricota,Miaviricetes,Ourlivirales,Botourmiaviridae,unclassified Botourmiaviridae,+ssRNA
2849745,55169.0,Botryosphaeria dothidea,Riboviria,Riboviria incertae sedis,Polymycoviridae,Polymycovirus,Polymycovirus botryosphaeriae,Botryoshaeria dothidea polymycovirus 1,,
2912894,40559.0,Botrytis cinerea,Riboviria,Orthornavirae,Lenarviricota,Miaviricetes,Ourlivirales,Botourmiaviridae,Botoulivirus,+ssRNA
2219105,40559.0,Botrytis cinerea,Riboviria,Orthornavirae,Pisuviricota,Duplopiviricetes,Durnavirales,Hypoviridae,Betahypovirus,+ssRNA
2219109,40559.0,Botrytis cinerea,unclassified viruses,unclassified satellites,RNA satellites,,,,,
2735927,40559.0,Botrytis cinerea,Riboviria,Orthornavirae,Pisuviricota,Duplopiviricetes,Durnavirales,Hypoviridae,Thetahypovirus,+ssRNA
1629671,40559.0,Botrytis cinerea,Riboviria,unclassified Riboviria,unclassified ssRNA viruses,unclassified ssRNA negative-strand viruses,,,,
2735944,40559.0,Botrytis cinerea,Riboviria,Orthornavirae,Lenarviricota,Miaviricetes,Ourlivirales,Botourmiaviridae,Betascleroulivirus,+ssRNA
2735955,40559.0,Botrytis cinerea,Riboviria,Orthornavirae,Lenarviricota,Miaviricetes,Ourlivirales,Botourmiaviridae,Deltascleroulivirus,+ssRNA
1568973,40559.0,Botrytis cinerea,Riboviria,Orthornavirae,Duplornaviricota,Chrymotiviricetes,Ghabrivirales,Alphatotivirineae,Fusagraviridae,dsRNA
129395,40559.0,Botrytis cinerea,Riboviria,Orthornavirae,Kitrinoviricota,Alsuviricetes,Tymovirales,Gammaflexiviridae,Mycoflexivirus,+ssRNA
174142,40559.0,Botrytis cinerea,Riboviria,Orthornavirae,Kitrinoviricota,Alsuviricetes,Tymovirales,Alphaflexiviridae,Botrexvirus,+ssRNA
3427593,9913.0,Bos taurus,Monodnaviria,Shotokuvirae,Cressdnaviricota,Arfiviricetes,Cirlivirales,Endolinaviridae,Bovdisavirus,
1812179,9913.0,Bos taurus,Riboviria,Orthornavirae,Pisuviricota,Pisoniviricetes,Picornavirales,Caliciviridae,Nebovirus,
1843749,9913.0,Bos taurus,Monodnaviria,Shotokuvirae,Cressdnaviricota,Arfiviricetes,Cremevirales,Smacoviridae,Bonzesmacovirus,
1843751,9913.0,Bos taurus,Monodnaviria,Shotokuvirae,Cressdnaviricota,Arfiviricetes,Cremevirales,Smacoviridae,Bovismacovirus,
1843752,9913.0,Bos taurus,Monodnaviria,Shotokuvirae,Cressdnaviricota,Arfiviricetes,Cremevirales,Smacoviridae,Cosmacovirus,
1843753,9913.0,Bos taurus,Monodnaviria,Shotokuvirae,Cressdnaviricota,Arfiviricetes,Cremevirales,Smacoviridae,Drosmacovirus,
1843754,9913.0,Bos taurus,Monodnaviria,Shotokuvirae,Cressdnaviricota,Arfiviricetes,Cremevirales,Smacoviridae,Bostasmacovirus,
1561702,9913.0,Bos taurus,Monodnaviria,Shotokuvirae,Cossaviricota,Papovaviricetes,Sepolyvirales,Polyomaviridae,Epsilonpolyomavirus,
39640,51543.0,Cotesia congregata,Viruses incertae sedis,Polydnaviriformidae,Bracoviriform,,,,,
1813599,5755.0,Acanthamoeba castellanii,Varidnaviria,Bamfordvirae,Nucleocytoviricota,Megaviricetes,Pimascovirales,Pimascovirales incertae sedis,Marseilleviridae,
1296661,1477.0,Paenibacillus larvae subsp. pulvifaciens,Duplodnaviria,Heunggongvirae,Uroviricota,Caudoviricetes,Caudoviricetes incertae sedis,Abouovirus,Abouovirus abouo,dsDNA
1296662,1465.0,Brevibacillus laterosporus,Duplodnaviria,Heunggongvirae,Uroviricota,Caudoviricetes,Caudoviricetes incertae sedis,Abouovirus,Abouovirus davies,dsDNA
1691954,1465.0,Brevibacillus laterosporus,Duplodnaviria,Heunggongvirae,Uroviricota,Caudoviricetes,Caudoviricetes incertae sedis,Jenstvirus,Jenstvirus jenst,dsDNA
1296659,1477.0,Paenibacillus larvae subsp. pulvifaciens,Duplodnaviria,Heunggongvirae,Uroviricota,Caudoviricetes,Caudoviricetes incertae sedis,Jimmervirus,Jimmervirus jimmer,dsDNA
1691955,1465.0,Brevibacillus laterosporus,Duplodnaviria,Heunggongvirae,Uroviricota,Caudoviricetes,Caudoviricetes incertae sedis,Jimmervirus,Jimmervirus osiris,dsDNA
3043566,273384.0,Brevibacterium aurantiacum,Duplodnaviria,Heunggongvirae,Uroviricota,Caudoviricetes,Caudoviricetes incertae sedis,Agmunavirus,Agmunavirus AGM1,dsDNA
2338395,47914.0,Brevibacterium fuscum,Duplodnaviria,Heunggongvirae,Uroviricota,Caudoviricetes,Caudoviricetes incertae sedis,Cantarevirus,Cantarevirus cantare,dsDNA
2027888,31943.0,Brevibacterium iodinum,Duplodnaviria,Heunggongvirae,Uroviricota,Caudoviricetes,Caudoviricetes incertae sedis,Luckybarnesvirus,Luckybarnesvirus luckybarnes,dsDNA
2880937,1871086.0,Brevundimonas sp.,Duplodnaviria,Heunggongvirae,Uroviricota,Caudoviricetes,Autographivirales,Autonotataviridae,Conareevirus,dsDNA
2948598,2774189.0,Brevundimonas pondensis,Duplodnaviria,Heunggongvirae,Uroviricota,Caudoviricetes,Caudoviricetes incertae sedis,Jeanschmidtviridae,Marchewkavirus,dsDNA
2948599,2774189.0,Brevundimonas pondensis,Duplodnaviria,Heunggongvirae,Uroviricota,Caudoviricetes,Caudoviricetes incertae sedis,Jeanschmidtviridae,Kikimoravirus,dsDNA
12301,3827.0,Cicer arietinum,Riboviria,Orthornavirae,Kitrinoviricota,Alsuviricetes,Martellivirales,Bromoviridae,Bromovirus,+ssRNA
857312,2756.0,Brochothrix thermosphacta,Duplodnaviria,Heunggongvirae,Uroviricota,Caudoviricetes,Caudoviricetes incertae sedis,Herelleviridae,Klumppvirus,dsDNA
42631,4501.0,Bromus,Riboviria,Orthornavirae,Pisuviricota,Stelpaviricetes,Patatavirales,Potyviridae,Tritimovirus,
1590154,52147.0,Bromus hordeaceus,Monodnaviria,Shotokuvirae,Cressdnaviricota,Repensiviricetes,Geplafuvirales,Geplanaviridae,Alohovirus,
1590155,52147.0,Bromus hordeaceus,unclassified viruses,unclassified DNA viruses,unclassified ssDNA viruses,,,,,
1667364,235.0,Brucella abortus,Duplodnaviria,Heunggongvirae,Uroviricota,Caudoviricetes,Caudoviricetes incertae sedis,Perisivirus,Perisivirus Tb,dsDNA
3367534,430066.0,Brucella abortus S19,Duplodnaviria,Heunggongvirae,Uroviricota,Caudoviricetes,Caudoviricetes incertae sedis,Perisivirus,unclassified Perisivirus,dsDNA
1308869,29461.0,Brucella suis,Duplodnaviria,Heunggongvirae,Uroviricota,Caudoviricetes,Caudoviricetes incertae sedis,Perisivirus,Perisivirus Pr,dsDNA
484895,287.0,Pseudomonas aeruginosa,Duplodnaviria,Heunggongvirae,Uroviricota,Caudoviricetes,Caudoviricetes incertae sedis,Bruynoghevirus,,dsDNA
2282206,8384.0,Bufo bufo,Duplodnaviria,Heunggongvirae,Peploviricota,Herviviricetes,Herpesvirales,Alloherpesviridae,Batrachovirus,dsDNA
2601683,28450.0,Burkholderia pseudomallei,Duplodnaviria,Heunggongvirae,Uroviricota,Caudoviricetes,Autographivirales,Autonotataviridae,Ampunavirus,dsDNA
1636201,95486.0,Burkholderia cenocepacia,Duplodnaviria,Heunggongvirae,Uroviricota,Caudoviricetes,Caudoviricetes incertae sedis,Peduoviridae,Aptresvirus,dsDNA
2883943,95486.0,Burkholderia cenocepacia,Duplodnaviria,Heunggongvirae,Uroviricota,Caudoviricetes,Caudoviricetes incertae sedis,Naesvirus,Naesvirus bcep1,dsDNA
348137,292.0,Burkholderia cepacia,Duplodnaviria,Heunggongvirae,Uroviricota,Caudoviricetes,Caudoviricetes incertae sedis,Stanholtvirus,unclassified Stanholtvirus,dsDNA
2883944,32008.0,Burkholderia,Duplodnaviria,Heunggongvirae,Uroviricota,Caudoviricetes,Caudoviricetes incertae sedis,Lessievirus,Lessievirus bcep22,dsDNA
2883945,292.0,Burkholderia cepacia,Duplodnaviria,Heunggongvirae,Uroviricota,Caudoviricetes,Caudoviricetes incertae sedis,Naesvirus,Naesvirus bcep43,dsDNA
2883946,292.0,Burkholderia cepacia,Duplodnaviria,Heunggongvirae,Uroviricota,Caudoviricetes,Caudoviricetes incertae sedis,Naesvirus,Naesvirus bcep781,dsDNA
2883949,292.0,Burkholderia cepacia,Duplodnaviria,Heunggongvirae,Uroviricota,Caudoviricetes,Caudoviricetes incertae sedis,Ryyoungvirus,Ryyoungvirus bcepC6B,dsDNA
2886897,152480.0,Burkholderia ambifaria,Duplodnaviria,Heunggongvirae,Uroviricota,Caudoviricetes,Caudoviricetes incertae sedis,Lindbergviridae,Bcepfunavirus,dsDNA
2886898,95486.0,Burkholderia cenocepacia,Duplodnaviria,Heunggongvirae,Uroviricota,Caudoviricetes,Caudoviricetes incertae sedis,Lessievirus,Lessievirus bcepil02,dsDNA
2886899,95486.0,Burkholderia cenocepacia,Duplodnaviria,Heunggongvirae,Uroviricota,Caudoviricetes,Caudoviricetes incertae sedis,Lessievirus,Lessievirus bcepmigl,dsDNA
2881392,216591.0,Burkholderia cenocepacia J2315,Duplodnaviria,Heunggongvirae,Uroviricota,Caudoviricetes,Caudoviricetes incertae sedis,Bcepmuvirus,Bcepmuvirus bcepMu,dsDNA
242861,292.0,Burkholderia cepacia,Duplodnaviria,Heunggongvirae,Uroviricota,Caudoviricetes,Caudoviricetes incertae sedis,Casjensviridae,Nazgulvirus,dsDNA
2881397,331272.0,Burkholderia cenocepacia HI2424,Duplodnaviria,Heunggongvirae,Uroviricota,Caudoviricetes,Caudoviricetes incertae sedis,Naesvirus,Naesvirus bcepNY3,dsDNA
2530032,95486.0,Burkholderia cenocepacia,Duplodnaviria,Heunggongvirae,Uroviricota,Caudoviricetes,Caudoviricetes incertae sedis,Sarumanvirus,Sarumanvirus bcepsaruman,dsDNA
2530033,95486.0,Burkholderia cenocepacia,Duplodnaviria,Heunggongvirae,Uroviricota,Caudoviricetes,Caudoviricetes incertae sedis,Sarumanvirus,Sarumanvirus bcepsauron,dsDNA
2805748,32008.0,Burkholderia,Duplodnaviria,Heunggongvirae,Uroviricota,Caudoviricetes,Caudoviricetes incertae sedis,Lindbergviridae,Irusalimvirus,dsDNA
1514988,441158.0,Burkholderia pseudomallei 9,Duplodnaviria,Heunggongvirae,Uroviricota,Caudoviricetes,Caudoviricetes incertae sedis,Peduoviridae,Tigrvirus,dsDNA
2894335,28095.0,Burkholderia gladioli,Duplodnaviria,Heunggongvirae,Uroviricota,Caudoviricetes,Caudoviricetes incertae sedis,Bigmanorsvirus,Bigmanorsvirus bgmanors32,dsDNA
2951185,95486.0,Burkholderia cenocepacia,Duplodnaviria,Heunggongvirae,Uroviricota,Caudoviricetes,Caudoviricetes incertae sedis,Peduoviridae,Kisquinquevirus,dsDNA
3017166,488447.0,Burkholderia contaminans,Duplodnaviria,Heunggongvirae,Uroviricota,Caudoviricetes,Caudoviricetes incertae sedis,Lessievirus,unclassified Lessievirus,dsDNA
2881398,292.0,Burkholderia cepacia,Duplodnaviria,Heunggongvirae,Uroviricota,Caudoviricetes,Caudoviricetes incertae sedis,Lessievirus,Lessievirus DC1,dsDNA
2906468,337.0,Burkholderia glumae,Duplodnaviria,Heunggongvirae,Uroviricota,Caudoviricetes,Caudoviricetes incertae sedis,Peduoviridae,Kisquattuordecimvirus,dsDNA
2785744,337.0,Burkholderia glumae,Duplodnaviria,Heunggongvirae,Uroviricota,Caudoviricetes,Caudoviricetes incertae sedis,Chimalliviridae,Chiangmaivirus,dsDNA
1401297,95486.0,Burkholderia cenocepacia,Duplodnaviria,Heunggongvirae,Uroviricota,Caudoviricetes,Autographivirales,Autonotataviridae,Mguuvirus,dsDNA
910474,152480.0,Burkholderia ambifaria,Duplodnaviria,Heunggongvirae,Uroviricota,Caudoviricetes,Caudoviricetes incertae sedis,Peduoviridae,Kayeltresvirus,dsDNA
2767577,95486.0,Burkholderia cenocepacia,Duplodnaviria,Heunggongvirae,Uroviricota,Caudoviricetes,Caudoviricetes incertae sedis,Magiavirus,Magiavirus magia,dsDNA
2767571,28095.0,Burkholderia gladioli,Duplodnaviria,Heunggongvirae,Uroviricota,Caudoviricetes,Caudoviricetes incertae sedis,Lindbergviridae,Gladiolivirus,dsDNA
2767579,95486.0,Burkholderia cenocepacia,Duplodnaviria,Heunggongvirae,Uroviricota,Caudoviricetes,Caudoviricetes incertae sedis,Micavirus,Micavirus Mica,dsDNA
2859650,95486.0,Burkholderia cenocepacia,Duplodnaviria,Heunggongvirae,Uroviricota,Caudoviricetes,Autographivirales,Autonotataviridae,Pakuvirus,dsDNA
2881399,884204.0,Burkholderia pseudomallei 1026b,Duplodnaviria,Heunggongvirae,Uroviricota,Caudoviricetes,Caudoviricetes incertae sedis,Stanholtvirus,Stanholtvirus sv1026b,dsDNA
2881400,28450.0,Burkholderia pseudomallei,Duplodnaviria,Heunggongvirae,Uroviricota,Caudoviricetes,Caudoviricetes incertae sedis,Stanholtvirus,Stanholtvirus sv6442,dsDNA
2881401,28450.0,Burkholderia pseudomallei,Duplodnaviria,Heunggongvirae,Uroviricota,Caudoviricetes,Caudoviricetes incertae sedis,Peduoviridae,Duodecimduovirus,dsDNA
2883940,57975.0,Burkholderia thailandensis,Duplodnaviria,Heunggongvirae,Uroviricota,Caudoviricetes,Caudoviricetes incertae sedis,Stanholtvirus,Stanholtvirus E125,dsDNA
2883942,57975.0,Burkholderia thailandensis,Duplodnaviria,Heunggongvirae,Uroviricota,Caudoviricetes,Caudoviricetes incertae sedis,Bcepmuvirus,Bcepmuvirus E255,dsDNA
1282994,28450.0,Burkholderia pseudomallei,Duplodnaviria,Heunggongvirae,Uroviricota,Caudoviricetes,Caudoviricetes incertae sedis,Peduoviridae,Nampongvirus,dsDNA
1133022,95486.0,Burkholderia cenocepacia,Duplodnaviria,Heunggongvirae,Uroviricota,Caudoviricetes,Caudoviricetes incertae sedis,Casjensviridae,Ahduovirus,dsDNA
1132026,95486.0,Burkholderia cenocepacia,Duplodnaviria,Heunggongvirae,Uroviricota,Caudoviricetes,Caudoviricetes incertae sedis,Kilunavirus,Kilunavirus KL1,dsDNA
3043315,28095.0,Burkholderia gladioli,Duplodnaviria,Heunggongvirae,Uroviricota,Caudoviricetes,Caudoviricetes incertae sedis,Bglawtbvirus,Bglawtbvirus WTB,dsDNA
2115967,32008.0,Burkholderia,Duplodnaviria,Heunggongvirae,Uroviricota,Caudoviricetes,Caudoviricetes incertae sedis,Kelquatrovirus,Kelquatrovirus KL4,dsDNA
2729539,1972222.0,Buttiauxella sp.,Duplodnaviria,Heunggongvirae,Uroviricota,Caudoviricetes,Pantevenvirales,Straboviridae,Pseudotevenvirus,dsDNA
2724180,1121131.0,Butyrivibrio fibrisolvens DSM 3071,Duplodnaviria,Heunggongvirae,Uroviricota,Caudoviricetes,Caudoviricetes incertae sedis,Arawnvirus,Arawnvirus arawn,dsDNA
3367537,28121.0,Butyrivibrio sp.,Duplodnaviria,Heunggongvirae,Uroviricota,Caudoviricetes,Caudoviricetes incertae sedis,Arawnvirus,unclassified Arawnvirus,dsDNA
74320,7088.0,Lepidoptera,Viruses incertae sedis,Naldaviricetes,Lefavirales,Baculoviridae,Alphabaculovirus,Alphabaculovirus busuppressariae,,
1513235,33653.0,Cafeteria roenbergensis,Varidnaviria,Bamfordvirae,Nucleocytoviricota,Megaviricetes,Imitervirales,Mimiviridae,Aliimimivirinae,
1198147,152850.0,Caladenia latifolia,Riboviria,Orthornavirae,Pisuviricota,Stelpaviricetes,Patatavirales,Potyviridae,Poacevirus,
889389,9031.0,Gallus gallus,Riboviria,Orthornavirae,Pisuviricota,Pisoniviricetes,Picornavirales,Caliciviridae,Bavovirus,
673763,10029.0,Cricetulus griseus,Riboviria,Orthornavirae,Pisuviricota,Pisoniviricetes,Picornavirales,Caliciviridae,Vesivirus,
243550,9913.0,Bos taurus,Riboviria,Orthornavirae,Pisuviricota,Pisoniviricetes,Picornavirales,Caliciviridae,unclassified Caliciviridae,
2752331,9704.0,Zalophus californianus,Monodnaviria,Shotokuvirae,Cossaviricota,Quintoviricetes,Piccovirales,Parvoviridae,unclassified Parvoviridae,
94433,9606.0,Homo sapiens,Riboviria,Orthornavirae,Pisuviricota,Pisoniviricetes,Picornavirales,Caliciviridae,Norovirus,
3427694,9541.0,Macaca fascicularis,Monodnaviria,Shotokuvirae,Cressdnaviricota,Arfiviricetes,Cirlivirales,Endolinaviridae,Camdisavirus,
2122733,4441.0,Camellia,Monodnaviria,Shotokuvirae,Cressdnaviricota,Repensiviricetes,Geplafuvirales,Geminiviridae,Citlodavirus,
2047877,197.0,Campylobacter jejuni,Duplodnaviria,Heunggongvirae,Uroviricota,Caudoviricetes,Caudoviricetes incertae sedis,Justusliebigvirus,unclassified Justusliebigvirus,dsDNA
2047878,197.0,Campylobacter jejuni,Duplodnaviria,Heunggongvirae,Uroviricota,Caudoviricetes,Caudoviricetes incertae sedis,Drexlerviridae,Braunvirinae,dsDNA
2047879,197.0,Campylobacter jejuni,Duplodnaviria,Heunggongvirae,Uroviricota,Caudoviricetes,Caudoviricetes incertae sedis,Drexlerviridae,Tempevirinae,dsDNA
2047880,197.0,Campylobacter jejuni,Duplodnaviria,Heunggongvirae,Uroviricota,Caudoviricetes,Caudoviricetes incertae sedis,Vequintavirus,Vequintavirus PDX,dsDNA
2047890,197.0,Campylobacter jejuni,Duplodnaviria,Heunggongvirae,Uroviricota,Caudoviricetes,Caudoviricetes incertae sedis,Andersonviridae,Ounavirinae,dsDNA
2047896,197.0,Campylobacter jejuni,Duplodnaviria,Heunggongvirae,Uroviricota,Caudoviricetes,Caudoviricetes incertae sedis,Vequintavirus,unclassified Vequintavirus,dsDNA
2496548,197.0,Campylobacter jejuni,Duplodnaviria,Heunggongvirae,Uroviricota,Caudoviricetes,Caudoviricetes incertae sedis,Drexlerviridae,Tunavirinae,dsDNA
2047917,197.0,Campylobacter jejuni,Duplodnaviria,Heunggongvirae,Uroviricota,Caudoviricetes,Caudoviricetes incertae sedis,Lambdavirus,unclassified Lambdavirus,dsDNA
2047921,197.0,Campylobacter jejuni,Duplodnaviria,Heunggongvirae,Uroviricota,Caudoviricetes,Caudoviricetes incertae sedis,Vequintavirus,Vequintavirus murica,dsDNA
3410870,195.0,Campylobacter coli,Duplodnaviria,Heunggongvirae,Uroviricota,Caudoviricetes,Caudoviricetes incertae sedis,Rountreeviridae,Sarlesvirinae,dsDNA
2780167,197.0,Campylobacter jejuni,Duplodnaviria,Heunggongvirae,Uroviricota,Caudoviricetes,Caudoviricetes incertae sedis,Connertonviridae,Fletchervirus,dsDNA
2780170,197.0,Campylobacter jejuni,Duplodnaviria,Heunggongvirae,Uroviricota,Caudoviricetes,Caudoviricetes incertae sedis,Connertonviridae,Firehammervirus,dsDNA
2995678,197.0,Campylobacter jejuni,Duplodnaviria,Heunggongvirae,Uroviricota,Caudoviricetes,Caudoviricetes incertae sedis,Connertonviridae,unclassified Connertonviridae,dsDNA
235266,12915.0,Acidianus infernus,Adnaviria,Zilligvirae,Taleaviricota,Tokiviricetes,Ligamenvirales,Ungulaviridae,Captovirus,dsDNA
1306546,3879.0,Medicago sativa,Monodnaviria,Shotokuvirae,Cressdnaviricota,Repensiviricetes,Geplafuvirales,Geminiviridae,Capulavirus,
2582937,1.0,root,Monodnaviria,Shotokuvirae,Cressdnaviricota,Repensiviricetes,Geplafuvirales,Genomoviridae,Gemykroznavirus,
2582945,1.0,root,Monodnaviria,Shotokuvirae,Cressdnaviricota,Repensiviricetes,Geplafuvirales,Genomoviridae,Gemygorvirus,
2585066,10149.0,Hydrochoerus hydrochaeris,Monodnaviria,Shotokuvirae,Cressdnaviricota,Arfiviricetes,Saturnivirales,Mahapunaviridae,Cursavirus,
2880837,6759.0,Carcinus maenas,Viruses incertae sedis,Naldaviricetes,Lefavirales,Nudiviridae,Gammanudivirus,Gammanudivirus cameanadis,,
2169724,262588.0,Cardamom bushy dwarf virus,Viruses incertae sedis,Alphasatellitidae,Petromoalphasatellitinae,Muscarsatellite,Muscarsatellite cardamomi,,,
497865,10814.0,Begomovirus,Viruses incertae sedis,Tolecusatellitidae,Betasatellite,Betasatellite cardiospermi,,,,
2955582,1869227.0,bacterium,Duplodnaviria,Heunggongvirae,Uroviricota,Caudoviricetes,Crassvirales,Intestiviridae,Crudevirinae,dsDNA
940280,3570.0,Dianthus caryophyllus,Riboviria,Orthornavirae,Kitrinoviricota,Alsuviricetes,Martellivirales,Closteroviridae,unclassified Closteroviridae,+ssRNA
2849244,2748.0,Carnobacterium divergens,Duplodnaviria,Heunggongvirae,Uroviricota,Caudoviricetes,Caudoviricetes incertae sedis,Carnodivirus,Carnodivirus cd2-like,dsDNA
2849246,2748.0,Carnobacterium divergens,Duplodnaviria,Heunggongvirae,Uroviricota,Caudoviricetes,Caudoviricetes incertae sedis,Carnodivirus,Carnodivirus cd4-like,dsDNA
680112,4039.0,Daucus carota,Riboviria,Orthornavirae,Pisuviricota,Pisoniviricetes,Picornavirales,Secoviridae,Sequivirus,
1425364,4039.0,Daucus carota,Riboviria,Orthornavirae,Pisuviricota,Pisoniviricetes,Picornavirales,Secoviridae,Torradovirus,
137758,3983.0,Manihot esculenta,Riboviria,Orthornavirae,Pisuviricota,Stelpaviricetes,Patatavirales,Potyviridae,Ipomovirus,
1231298,3983.0,Manihot esculenta,Viruses incertae sedis,Alphasatellitidae,Geminialphasatellitinae,Colecusatellite,Colecusatellite manihotismadagascarense,,,
38062,3983.0,Manihot esculenta,Riboviria,Pararnavirae,Artverviricota,Revtraviricetes,Ortervirales,Caulimoviridae,Cavemovirus,dsDNA-RT
561576,3983.0,Manihot esculenta,Riboviria,Orthornavirae,Lenarviricota,Miaviricetes,Ourlivirales,Botourmiaviridae,Ourmiavirus,+ssRNA
1850906,320267.0,Catopsilia pomona,Viruses incertae sedis,Naldaviricetes,Lefavirales,Baculoviridae,Alphabaculovirus,Alphabaculovirus capomonae,,
3020395,155892.0,Caulobacter vibrioides,Duplodnaviria,Heunggongvirae,Uroviricota,Caudoviricetes,Autographivirales,Autonotataviridae,Percyvirus,dsDNA
3436050,190650.0,Caulobacter vibrioides CB15,Duplodnaviria,Heunggongvirae,Uroviricota,Caudoviricetes,Caudoviricetes incertae sedis,Jeanschmidtviridae,Poindextervirus,dsDNA
1959735,190650.0,Caulobacter vibrioides CB15,Duplodnaviria,Heunggongvirae,Uroviricota,Caudoviricetes,Caudoviricetes incertae sedis,Jeanschmidtviridae,Shapirovirus,dsDNA
1211640,190650.0,Caulobacter vibrioides CB15,Duplodnaviria,Heunggongvirae,Uroviricota,Caudoviricetes,Caudoviricetes incertae sedis,Jeanschmidtviridae,Colossusvirus,dsDNA
3020391,190650.0,Caulobacter vibrioides CB15,Duplodnaviria,Heunggongvirae,Uroviricota,Caudoviricetes,Autographivirales,Autonotataviridae,Dcimvirus,dsDNA
2340873,78.0,Caulobacter sp.,Duplodnaviria,Heunggongvirae,Uroviricota,Caudoviricetes,Caudoviricetes incertae sedis,Kronosvirus,Kronosvirus pelion,dsDNA
2024607,190650.0,Caulobacter vibrioides CB15,Duplodnaviria,Heunggongvirae,Uroviricota,Caudoviricetes,Autographivirales,Autonotataviridae,Lullwatervirus,dsDNA
767473,155892.0,Caulobacter vibrioides,Riboviria,Orthornavirae,Lenarviricota,Leviviricetes,Timlovirales,Steitzviridae,Cebevirus,+ssRNA
2759120,190650.0,Caulobacter vibrioides CB15,Duplodnaviria,Heunggongvirae,Uroviricota,Caudoviricetes,Autographivirales,Autographivirales incertae sedis,Sumtervirus,dsDNA
1675600,155892.0,Caulobacter vibrioides,Duplodnaviria,Heunggongvirae,Uroviricota,Caudoviricetes,Caudoviricetes incertae sedis,Sansavirus,Sansavirus sansa,dsDNA
1675601,190650.0,Caulobacter vibrioides CB15,Duplodnaviria,Heunggongvirae,Uroviricota,Caudoviricetes,Caudoviricetes incertae sedis,Seussvirus,Seussvirus seuss,dsDNA
3025404,88688.0,Caulobacter segnis,Duplodnaviria,Heunggongvirae,Uroviricota,Caudoviricetes,Caudoviricetes incertae sedis,Kronosvirus,Kronosvirus pomeria,dsDNA
3028191,88688.0,Caulobacter segnis,Duplodnaviria,Heunggongvirae,Uroviricota,Caudoviricetes,Caudoviricetes incertae sedis,Kronosvirus,Kronosvirus elgin,dsDNA
1903266,1257118.0,Acanthamoeba castellanii str. Neff,unclassified viruses,unclassified DNA viruses,unclassified dsDNA viruses,Pithoviruses,Orthocedratvirinae,Alphacedratvirus,Alphacedratvirus aljazairmassiliense,
3403659,1359.0,Lactococcus cremoris,Duplodnaviria,Heunggongvirae,Uroviricota,Caudoviricetes,Caudoviricetes incertae sedis,Ceduovirus,unclassified Ceduovirus,dsDNA
1197951,1397108.0,Celeribacter marinus,Duplodnaviria,Heunggongvirae,Uroviricota,Caudoviricetes,Caudoviricetes incertae sedis,Zobellviridae,Cobavirinae,dsDNA
2494552,941588.0,Apium graveolens Secalinum Group,Riboviria,Orthornavirae,Pisuviricota,Stelpaviricetes,Patatavirales,Potyviridae,Celavirus,
2745643,2745558.0,Cellulophaga sp. HaHa_2_95,Duplodnaviria,Heunggongvirae,Uroviricota,Caudoviricetes,Caudoviricetes incertae sedis,Pervagoviridae,Callevirus,dsDNA
2745674,1942464.0,Cellulophaga sp. HaHaR_3_176,Duplodnaviria,Heunggongvirae,Uroviricota,Caudoviricetes,Caudoviricetes incertae sedis,Duneviridae,Ingelinevirus,dsDNA
2745692,2745562.0,Polaribacter sp. AHE13PA,Duplodnaviria,Heunggongvirae,Uroviricota,Caudoviricetes,Caudoviricetes incertae sedis,Assiduviridae,Nekkelsvirus,dsDNA
2745694,1942464.0,Cellulophaga sp. HaHaR_3_176,Viruses incertae sedis,Obscuriviridae,Omtjevirus,Omtjevirus Omtje,,,,
1327981,76594.0,Cellulophaga baltica,Duplodnaviria,Heunggongvirae,Uroviricota,Caudoviricetes,Caudoviricetes incertae sedis,Assiduviridae,Cebadecemvirus,dsDNA
1327976,76594.0,Cellulophaga baltica,Duplodnaviria,Heunggongvirae,Uroviricota,Caudoviricetes,Caudoviricetes incertae sedis,Helsingorvirus,Helsingorvirus Cba121,dsDNA
1327969,76594.0,Cellulophaga baltica,Viruses incertae sedis,Obscuriviridae,Cebaduodecimvirus,Cebaduodecimvirus phi12duo,,,,
1327987,76594.0,Cellulophaga baltica,Viruses incertae sedis,Obscuriviridae,Cebaduodecimvirus,Cebaduodecimvirus phi12auna,,,,
1327992,76594.0,Cellulophaga baltica,Duplodnaviria,Heunggongvirae,Uroviricota,Caudoviricetes,Caudoviricetes incertae sedis,Cbastvirus,Cbastvirus ST,dsDNA
1328030,76594.0,Cellulophaga baltica,Duplodnaviria,Heunggongvirae,Uroviricota,Caudoviricetes,Caudoviricetes incertae sedis,Pachyviridae,Baltivirus,dsDNA
1327980,76594.0,Cellulophaga baltica,Duplodnaviria,Heunggongvirae,Uroviricota,Caudoviricetes,Caudoviricetes incertae sedis,Helsingorvirus,Helsingorvirus Cba171,dsDNA
1327972,76594.0,Cellulophaga baltica,Duplodnaviria,Heunggongvirae,Uroviricota,Caudoviricetes,Caudoviricetes incertae sedis,Lightbulbvirus,Lightbulbvirus Cba172,dsDNA
1327982,76594.0,Cellulophaga baltica,Duplodnaviria,Heunggongvirae,Uroviricota,Caudoviricetes,Caudoviricetes incertae sedis,Helsingorvirus,Helsingorvirus Cba181,dsDNA
1327997,76594.0,Cellulophaga baltica,Viruses incertae sedis,Obscuriviridae,Cebaduodecimvirus,Cebaduodecimvirus phi12auna,Cellulophaga phage phi12a:1,,,
1327970,76594.0,Cellulophaga baltica,Duplodnaviria,Heunggongvirae,Uroviricota,Caudoviricetes,Caudoviricetes incertae sedis,Assiduviridae,Cellubavirus,dsDNA
1327985,76594.0,Cellulophaga baltica,Duplodnaviria,Heunggongvirae,Uroviricota,Caudoviricetes,Caudoviricetes incertae sedis,Pachyviridae,Bacelvirus,dsDNA
1327968,76594.0,Cellulophaga baltica,unclassified viruses,unclassified DNA viruses,unclassified ssDNA bacterial viruses,,,,,
1328029,76594.0,Cellulophaga baltica,Duplodnaviria,Heunggongvirae,Uroviricota,Caudoviricetes,Caudoviricetes incertae sedis,Lightbulbvirus,Lightbulbvirus Cba41,dsDNA
1908806,1768090.0,Ceratobasidium sp.,Riboviria,Orthornavirae,Kitrinoviricota,Alsuviricetes,Martellivirales,Endornaviridae,unclassified Endornaviridae,+ssRNA
1964428,207325.0,Pterostylis sanguinea,Riboviria,Orthornavirae,Lenarviricota,Howeltoviricetes,Cryppavirales,Mitoviridae,Triamitovirus,+ssRNA
2914474,38664.0,Chaetodipus,Monodnaviria,Shotokuvirae,Cressdnaviricota,Arfiviricetes,Cirlivirales,Vilyaviridae,Ancalagonvirus,
1290581,1290580.0,Chaetoceros setoense,Monodnaviria,Shotokuvirae,Cressdnaviricota,Arfiviricetes,Baphyvirales,Bacilladnaviridae,Diatodnavirus,
2169725,163503.0,Chaetoceros socialis,Riboviria,Orthornavirae,Pisuviricota,Pisoniviricetes,Picornavirales,Marnaviridae,Bacillarnavirus,
1045800,49240.0,Chaetoceros sp.,Riboviria,Orthornavirae,Pisuviricota,Pisoniviricetes,Picornavirales,Marnaviridae,Sogarnavirus,
2204155,426638.0,Chaetoceros tenuissimus,Monodnaviria,Shotokuvirae,Cressdnaviricota,Arfiviricetes,Baphyvirales,Bacilladnaviridae,Keisodnavirus,
1736759,3649.0,Carica papaya,Viruses incertae sedis,Tolecusatellitidae,Betasatellite,Betasatellite momordicae,Momordica yellow mosaic betasatellite,,,
2054920,27406.0,Cherax quadricarinatus,Riboviria,Orthornavirae,Pisuviricota,Pisoniviricetes,Picornavirales,Iflaviridae,unclassified Iflaviridae,
453139,42229.0,Prunus avium,unclassified viruses,unclassified satellites,RNA satellites,Double stranded RNA satellites,unclassified Double-stranded satellite RNAs,Amasya cherry disease-associated virus satellite RNAs,,
368620,42229.0,Prunus avium,Riboviria,unclassified viroids,Cherry small circular viroid-like RNA,,,,,
2169932,9031.0,Gallus gallus,Monodnaviria,Shotokuvirae,Cressdnaviricota,Arfiviricetes,Cremevirales,Smacoviridae,Huchismacovirus,
1930304,9031.0,Gallus gallus,Riboviria,Orthornavirae,Pisuviricota,Duplopiviricetes,Durnavirales,Picobirnaviridae,Orthopicobirnavirus,+ssRNA
2720904,9031.0,Gallus gallus,Monodnaviria,Shotokuvirae,Cressdnaviricota,Arfiviricetes,Cremevirales,Smacoviridae,Felismacovirus,
2720907,9031.0,Gallus gallus,Monodnaviria,Shotokuvirae,Cressdnaviricota,Arfiviricetes,Rivendellvirales,Naryaviridae,Nauglamirvirus,
2928926,9438.0,Tadarida brasiliensis,Monodnaviria,Shotokuvirae,Cressdnaviricota,Arfiviricetes,Saturnivirales,Mahapunaviridae,Thebevirus,
2010286,4072.0,Capsicum annuum,Viruses incertae sedis,Tolecusatellitidae,Betasatellite,Betasatellite capsi,,,,
2010315,4072.0,Capsicum annuum,Viruses incertae sedis,Tolecusatellitidae,Betasatellite,Betasatellite capsisrilankaense,,,,
1428342,4071.0,Capsicum,Viruses incertae sedis,Alphasatellitidae,Geminialphasatellitinae,Colecusatellite,Colecusatellite capsici,,,
693900,4113.0,Solanum tuberosum,Viruses incertae sedis,Tolecusatellitidae,Betasatellite,Betasatellite capsi,Chili leaf curl betasatellite,,,
2116345,260622.0,Mauremys megalocephala,Riboviria,Orthornavirae,Pisuviricota,Pisoniviricetes,Nidovirales,Arnidovirineae,Cremegaviridae,
2849697,3020265.0,Caligus orientalis,Ribozyviria,Ribozyviria incertae sedis,Kolmioviridae,Daazvirus,Daazvirus cynopis,,,
2849698,95602.0,Eriocheir sinensis,Riboviria,Orthornavirae,Negarnaviricota,Polyploviricotina,Bunyaviricetes,Elliovirales,Cruliviridae,-ssRNA
83544,4564.0,Triticum,Riboviria,Orthornavirae,Kitrinoviricota,Alsuviricetes,Martellivirales,Virgaviridae,Furovirus,+ssRNA
1541887,28901.0,Salmonella enterica,Duplodnaviria,Heunggongvirae,Uroviricota,Caudoviricetes,Caudoviricetes incertae sedis,Casjensviridae,Chivirus,dsDNA
741995,106299.0,Azumapecten farreri,Duplodnaviria,Heunggongvirae,Peploviricota,Herviviricetes,Herpesvirales,Malacoherpesviridae,unclassified Malacoherpesviridae,dsDNA
74660,7088.0,Lepidoptera,Viruses incertae sedis,Naldaviricetes,Lefavirales,Baculoviridae,Alphabaculovirus,Alphabaculovirus alterchofumiferanae,,
56947,7141.0,Choristoneura fumiferana,Viruses incertae sedis,Naldaviricetes,Lefavirales,Baculoviridae,Betabaculovirus,Betabaculovirus chofumiferanae,,
208973,7141.0,Choristoneura fumiferana,Viruses incertae sedis,Naldaviricetes,Lefavirales,Baculoviridae,Alphabaculovirus,Alphabaculovirus chofumiferanae,,
1987479,55057.0,Mamestra brassicae,Viruses incertae sedis,Naldaviricetes,Lefavirales,Baculoviridae,Alphabaculovirus,Alphabaculovirus chomurinanae,,
1367204,27541.0,Choristoneura occidentalis,Viruses incertae sedis,Naldaviricetes,Lefavirales,Baculoviridae,Alphabaculovirus,Alphabaculovirus chofumiferanae,Choristoneura fumiferana multiple nucleopolyhedrovirus,
58094,27543.0,Choristoneura rosaceana,Viruses incertae sedis,Naldaviricetes,Lefavirales,Baculoviridae,Alphabaculovirus,Alphabaculovirus chorosaceanae,,
3427938,573.0,Klebsiella pneumoniae,Duplodnaviria,Heunggongvirae,Uroviricota,Caudoviricetes,Caudoviricetes incertae sedis,Felixviridae,Maevirinae,dsDNA
68402,41568.0,Chrysanthemum x morifolium,Viruses incertae sedis,Avsunviroidae,Pelamoviroid,Pelamoviroid maculachrysanthemi,,,,
12897,13422.0,Chrysanthemum,Viruses incertae sedis,Pospiviroidae,Pospiviroid,Pospiviroid impedichrysanthemi,,,,
455364,156174.0,Haptolina ericina,Varidnaviria,Bamfordvirae,Nucleocytoviricota,Megaviricetes,Algavirales,Phycodnaviridae,unclassified Phycodnaviridae,
2565304,127563.0,Chrysochromulina parva,Varidnaviria,Bamfordvirae,Nucleocytoviricota,Megaviricetes,Algavirales,Phycodnaviridae,Prymnesiovirus,
320432,749652.0,Chrysodeixis chalcites,Viruses incertae sedis,Naldaviricetes,Lefavirales,Baculoviridae,Alphabaculovirus,Alphabaculovirus chrychalcites,,
1207438,689277.0,Chrysodeixis includens,Viruses incertae sedis,Naldaviricetes,Lefavirales,Baculoviridae,Alphabaculovirus,Alphabaculovirus chrincludentis,Alphabaculovirus alterchrincludentis,
2849699,30331.0,Bufo gargarizans,Ribozyviria,Ribozyviria incertae sedis,Kolmioviridae,Dobrovirus,Dobrovirus bufonis,,,
1427476,7160.0,Aedes albopictus,Riboviria,Orthornavirae,Duplornaviricota,Resentoviricetes,unclassified Resentoviricetes,Reovirales,unclassified Reovirales,dsRNA
1346815,9606.0,Homo sapiens,unclassified viruses,unclassified DNA viruses,unclassified ssDNA viruses,Circo-like virus-Brazil,,,,
1379692,1.0,root,Monodnaviria,Shotokuvirae,Cressdnaviricota,Arfiviricetes,Cirlivirales,Circoviridae,environmental samples,
1379722,1.0,root,Monodnaviria,Shotokuvirae,Cressdnaviricota,Arfiviricetes,Saturnivirales,Kanorauviridae,Ninurtavirus,
1954248,,,Monodnaviria,Shotokuvirae,Cressdnaviricota,Arfiviricetes,Rohanvirales,Nenyaviridae,Galvornvirus,
642256,1.0,root,Monodnaviria,Shotokuvirae,Cressdnaviricota,Arfiviricetes,Rohanvirales,Adamaviridae,Harfovirus,
642257,1.0,root,Monodnaviria,Shotokuvirae,Cressdnaviricota,Arfiviricetes,Saturnivirales,Kanorauviridae,Sadornvirus,
1788438,1.0,root,Monodnaviria,Shotokuvirae,Cressdnaviricota,Arfiviricetes,Jormunvirales,Draupnirviridae,Belligerivirus,
1788441,1.0,root,Monodnaviria,Shotokuvirae,Cressdnaviricota,Arfiviricetes,Saturnivirales,Kanorauviridae,Scythevirus,
1788442,1.0,root,Monodnaviria,Shotokuvirae,Cressdnaviricota,Repensiviricetes,Geplafuvirales,Geplanaviridae,Patrovirus,
1788445,1.0,root,Monodnaviria,Shotokuvirae,Cressdnaviricota,Arfiviricetes,Rohanvirales,Adamaviridae,Taravirus,
1788448,1.0,root,Monodnaviria,Shotokuvirae,Cressdnaviricota,Arfiviricetes,Saturnivirales,Kanorauviridae,Saothovirus,
1788451,1.0,root,Monodnaviria,Shotokuvirae,Cressdnaviricota,Arfiviricetes,Saturnivirales,Kanorauviridae,Sakkuthvirus,
1788455,1.0,root,Monodnaviria,Shotokuvirae,Cressdnaviricota,Arfiviricetes,Rohanvirales,Adamaviridae,Andorivirus,
35343,287.0,Pseudomonas aeruginosa,Duplodnaviria,Heunggongvirae,Uroviricota,Caudoviricetes,Caudoviricetes incertae sedis,Peduoviridae,Citexvirus,dsDNA
1622234,1676276.0,Citrobacter sp. TM1552,Duplodnaviria,Heunggongvirae,Uroviricota,Caudoviricetes,Caudoviricetes incertae sedis,Zobellviridae,Citrovirus,dsDNA
2849700,35703.0,Citrobacter amalonaticus,Duplodnaviria,Heunggongvirae,Uroviricota,Caudoviricetes,Caudoviricetes incertae sedis,Drexlerviridae,Hicfunavirus,dsDNA
3092604,668369.0,Escherichia coli DH5[alpha],Duplodnaviria,Heunggongvirae,Uroviricota,Caudoviricetes,Caudoviricetes incertae sedis,Peduoviridae,Xuanwuvirus,dsDNA
3074392,1896336.0,Citrobacter sp.,Duplodnaviria,Heunggongvirae,Uroviricota,Caudoviricetes,Stephanstirmvirinae,unclassified Stephanstirmvirinae,,dsDNA
2079275,67825.0,Citrobacter rodentium,Duplodnaviria,Heunggongvirae,Uroviricota,Caudoviricetes,Autographivirales,Autosignataviridae,Molineuxvirinae,dsDNA
12898,102211.0,Benincasa hispida,Viruses incertae sedis,Pospiviroidae,Cocadviroid,Cocadviroid rimocitri,,,,
12906,37656.0,Citrus x paradisi,Viruses incertae sedis,Pospiviroidae,Apscaviroid,Apscaviroid curvifoliumcitri,,,,
551523,2711.0,Citrus sinensis,Viruses incertae sedis,Pospiviroidae,Apscaviroid,Apscaviroid nanocitri,,,,
12890,109564.0,Gynura,Viruses incertae sedis,Pospiviroidae,Pospiviroid,Pospiviroid exocortiscitri,,,,
198473,3603.0,Vitis,Viruses incertae sedis,Pospiviroidae,Pospiviroid,Pospiviroid exocortiscitri,Citrus exocortis viroid,,,
648750,2711.0,Citrus sinensis,Viruses incertae sedis,Pospiviroidae,Hostuviroid,Hostuviroid impedihumuli,Hop stunt viroid,,,
347219,2711.0,Citrus sinensis,Riboviria,Orthornavirae,Kitrinoviricota,Alsuviricetes,Martellivirales,Kitaviridae,Cilevirus,+ssRNA
1301220,2711.0,Citrus sinensis,Riboviria,Orthornavirae,Pisuviricota,Pisoniviricetes,Sobelivirales,Solemoviridae,Enamovirus,
72705,2711.0,Citrus sinensis,Viruses incertae sedis,Pospiviroidae,Apscaviroid,Apscaviroid curvifoliumcitri,Citrus bent leaf viroid,,,
41862,2711.0,Citrus sinensis,Viruses incertae sedis,Pospiviroidae,Apscaviroid,Apscaviroid nanocitri,Citrus dwarfing viroid,,,
459949,171251.0,Citrus medica,Viruses incertae sedis,Pospiviroidae,Apscaviroid,Apscaviroid epsiloncitri,,,,
697192,85571.0,Citrus reticulata,Viruses incertae sedis,Pospiviroidae,Apscaviroid,Apscaviroid zetacitri,,,,
1980986,2706.0,Citrus,Viruses incertae sedis,Pospiviroidae,Apscaviroid,Apscaviroid etacitri,,,,
1529605,29917.0,Cladosporium cladosporioides,Riboviria,Riboviria incertae sedis,Polymycoviridae,Polymycovirus,Polymycovirus cladosporii,Cladosporium cladosporioides polymycovirus 1,,
2052899,5499.0,Fulvia fulva,Riboviria,Pararnavirae,Artverviricota,Revtraviricetes,Ortervirales,Metaviridae,Metavirus,ssRNA-RT
1307957,215161.0,Clanis bilineata,Viruses incertae sedis,Naldaviricetes,Lefavirales,Baculoviridae,Alphabaculovirus,Alphabaculovirus clabilineatae,,
700542,272557.0,Aeropyrum pernix K1,Viruses incertae sedis,Clavaviridae,Clavavirus,,,,,
3076821,33013.0,Clavibacter michiganensis subsp. michiganensis,Duplodnaviria,Heunggongvirae,Uroviricota,Caudoviricetes,Caudoviricetes incertae sedis,Casjensviridae,Salvovirus,dsDNA
686439,33013.0,Clavibacter michiganensis subsp. michiganensis,Duplodnaviria,Heunggongvirae,Uroviricota,Caudoviricetes,Caudoviricetes incertae sedis,Cimpunavirus,Cimpunavirus CMP1,dsDNA
1406793,28447.0,Clavibacter michiganensis,Duplodnaviria,Heunggongvirae,Uroviricota,Caudoviricetes,Caudoviricetes incertae sedis,Cinunavirus,Cinunavirus CN1A,dsDNA
2169824,3702.0,Arabidopsis thaliana,Viruses incertae sedis,Alphasatellitidae,Geminialphasatellitinae,Clecrusatellite,Clecrusatellite cleomis,,,
283675,499538.0,Clostera anachoreta,Viruses incertae sedis,Naldaviricetes,Lefavirales,Baculoviridae,Betabaculovirus,Betabaculovirus clanachoretae,,
1986289,300245.0,Clostera anastomosis,Viruses incertae sedis,Naldaviricetes,Lefavirales,Baculoviridae,Betabaculovirus,Betabaculovirus clanastomosis,,
1986290,300245.0,Clostera anastomosis,Viruses incertae sedis,Naldaviricetes,Lefavirales,Baculoviridae,Betabaculovirus,Betabaculovirus alterclanastomosis,,
1986291,300245.0,Clostera anastomosis,Viruses incertae sedis,Naldaviricetes,Lefavirales,Baculoviridae,Betabaculovirus,Betabaculovirus clanastomosis,Clostera anastomosis granulovirus A,
3038264,1496.0,Clostridioides difficile,Duplodnaviria,Heunggongvirae,Uroviricota,Caudoviricetes,Caudoviricetes incertae sedis,Leicestervirus,unclassified Leicestervirus,dsDNA
2814699,1496.0,Clostridioides difficile,Duplodnaviria,Heunggongvirae,Uroviricota,Caudoviricetes,Caudoviricetes incertae sedis,Sherbrookevirus,unclassified Sherbrookevirus,dsDNA
2849703,1870884.0,Clostridioides,Duplodnaviria,Heunggongvirae,Uroviricota,Caudoviricetes,Caudoviricetes incertae sedis,Yongloolinvirus,Yongloolinvirus C2,dsDNA
2849704,1496.0,Clostridioides difficile,Duplodnaviria,Heunggongvirae,Uroviricota,Caudoviricetes,Caudoviricetes incertae sedis,Colneyvirus,Colneyvirus CD27,dsDNA
3031940,1485.0,Clostridium,Monodnaviria,Loebvirae,Hofneiviricota,Faserviricetes,Tubulavirales,Inoviridae,unclassified Inoviridae,
1868595,1496.0,Clostridioides difficile,Duplodnaviria,Heunggongvirae,Uroviricota,Caudoviricetes,Caudoviricetes incertae sedis,Colneyvirus,Colneyvirus CDKM15,dsDNA
1868594,1496.0,Clostridioides difficile,Duplodnaviria,Heunggongvirae,Uroviricota,Caudoviricetes,Caudoviricetes incertae sedis,Colneyvirus,Colneyvirus CDKM9,dsDNA
1411095,1496.0,Clostridioides difficile,Duplodnaviria,Heunggongvirae,Uroviricota,Caudoviricetes,Caudoviricetes incertae sedis,Yongloolinvirus,Yongloolinvirus CDMH1,dsDNA
1755693,1485.0,Clostridium,Duplodnaviria,Heunggongvirae,Uroviricota,Caudoviricetes,Caudoviricetes incertae sedis,Leicestervirus,Leicestervirus CD382,dsDNA
2420237,1502.0,Clostridium perfringens,Duplodnaviria,Heunggongvirae,Uroviricota,Caudoviricetes,Caudoviricetes incertae sedis,Guelinviridae,Denniswatsonvirinae,dsDNA
2483608,1502.0,Clostridium perfringens,Duplodnaviria,Heunggongvirae,Uroviricota,Caudoviricetes,Caudoviricetes incertae sedis,Guelinviridae,Susfortunavirus,dsDNA
2781365,1502.0,Clostridium perfringens,Duplodnaviria,Heunggongvirae,Uroviricota,Caudoviricetes,Caudoviricetes incertae sedis,Guelinviridae,Brucesealvirus,dsDNA
2924884,1502.0,Clostridium perfringens,Duplodnaviria,Heunggongvirae,Uroviricota,Caudoviricetes,Caudoviricetes incertae sedis,Guelinviridae,Hzauvirus,dsDNA
2883936,1496.0,Clostridioides difficile,Duplodnaviria,Heunggongvirae,Uroviricota,Caudoviricetes,Caudoviricetes incertae sedis,Lubbockvirus,Lubbockvirus CD119,dsDNA
1582150,1485.0,Clostridium,Duplodnaviria,Heunggongvirae,Uroviricota,Caudoviricetes,Caudoviricetes incertae sedis,Leicestervirus,Leicestervirus CD111,dsDNA
1582151,1485.0,Clostridium,Duplodnaviria,Heunggongvirae,Uroviricota,Caudoviricetes,Caudoviricetes incertae sedis,Leicestervirus,Leicestervirus CD146,dsDNA
1582153,1485.0,Clostridium,Duplodnaviria,Heunggongvirae,Uroviricota,Caudoviricetes,Caudoviricetes incertae sedis,Sherbrookevirus,Sherbrookevirus CD4811,dsDNA
1582154,1485.0,Clostridium,Duplodnaviria,Heunggongvirae,Uroviricota,Caudoviricetes,Caudoviricetes incertae sedis,Colneyvirus,Colneyvirus CD505,dsDNA
1582155,1485.0,Clostridium,Duplodnaviria,Heunggongvirae,Uroviricota,Caudoviricetes,Caudoviricetes incertae sedis,Sherbrookevirus,Sherbrookevirus CD506,dsDNA
1445553,1496.0,Clostridioides difficile,Duplodnaviria,Heunggongvirae,Uroviricota,Caudoviricetes,Caudoviricetes incertae sedis,Sherbrookevirus,Sherbrookevirus CDHM11,dsDNA
1437363,1485.0,Clostridium,Duplodnaviria,Heunggongvirae,Uroviricota,Caudoviricetes,Caudoviricetes incertae sedis,Sherbrookevirus,Sherbrookevirus CDHM13,dsDNA
1522091,1485.0,Clostridium,Duplodnaviria,Heunggongvirae,Uroviricota,Caudoviricetes,Caudoviricetes incertae sedis,Sherbrookevirus,Sherbrookevirus CDHM14,dsDNA
1522092,1485.0,Clostridium,Duplodnaviria,Heunggongvirae,Uroviricota,Caudoviricetes,Caudoviricetes incertae sedis,Lubbockvirus,Lubbockvirus CDHM19,dsDNA
1582156,1485.0,Clostridium,Duplodnaviria,Heunggongvirae,Uroviricota,Caudoviricetes,Caudoviricetes incertae sedis,Yongloolinvirus,Yongloolinvirus MMP01,dsDNA
1204534,1485.0,Clostridium,Duplodnaviria,Heunggongvirae,Uroviricota,Caudoviricetes,Caudoviricetes incertae sedis,Colneyvirus,Colneyvirus MMP02,dsDNA
1582157,1485.0,Clostridium,Duplodnaviria,Heunggongvirae,Uroviricota,Caudoviricetes,Caudoviricetes incertae sedis,Yongloolinvirus,Yongloolinvirus MMP03,dsDNA
1204535,1485.0,Clostridium,Duplodnaviria,Heunggongvirae,Uroviricota,Caudoviricetes,Caudoviricetes incertae sedis,Sherbrookevirus,Sherbrookevirus MMP04,dsDNA
1750712,437488.0,Cnaphalocrocis medinalis,Viruses incertae sedis,Naldaviricetes,Lefavirales,Baculoviridae,Betabaculovirus,Betabaculovirus cnamedinalis,,
36453,13894.0,Cocos nucifera,Viruses incertae sedis,Pospiviroidae,Cocadviroid,Cocadviroid cadangi,,,,
1458187,13894.0,Cocos nucifera,Viruses incertae sedis,Alphasatellitidae,unclassified Alphasatellitidae,,,,,
2161874,13894.0,Cocos nucifera,Viruses incertae sedis,Alphasatellitidae,Petromoalphasatellitinae,Cocosatellite,Cocosatellite cocos,,,
2161875,12474.0,Coconut foliar decay virus,Viruses incertae sedis,Alphasatellitidae,Petromoalphasatellitinae,Cocosatellite,Cocosatellite niadamu,,,
2161876,12474.0,Coconut foliar decay virus,Viruses incertae sedis,Alphasatellitidae,Petromoalphasatellitinae,Kobbarisatellite,Kobbarisatellite kokonas,,,
2161877,12474.0,Coconut foliar decay virus,Viruses incertae sedis,Alphasatellitidae,Petromoalphasatellitinae,Cocosatellite,Cocosatellite kelapa,,,
2161878,12474.0,Coconut foliar decay virus,Viruses incertae sedis,Alphasatellitidae,Petromoalphasatellitinae,Cocosatellite,Cocosatellite popo,,,
2161880,12474.0,Coconut foliar decay virus,Viruses incertae sedis,Alphasatellitidae,Petromoalphasatellitinae,Coprasatellite,Coprasatellite niu,,,
12889,13894.0,Cocos nucifera,Viruses incertae sedis,Pospiviroidae,Cocadviroid,Cocadviroid tinangajae,,,,
2172094,53260.0,Papaya leaf curl virus,Viruses incertae sedis,Tolecusatellitidae,Betasatellite,Betasatellite codiaei,,,,
1260769,3469.0,Papaver somniferum,Viruses incertae sedis,Alphasatellitidae,Geminialphasatellitinae,Colecusatellite,,,,
12899,4142.0,Coleus scutellarioides,Viruses incertae sedis,Pospiviroidae,Coleviroid,unclassified Coleviroid,,,,
192025,4142.0,Coleus scutellarioides,Viruses incertae sedis,Pospiviroidae,Coleviroid,Coleviroid alphacolei,,,,
192026,4142.0,Coleus scutellarioides,Viruses incertae sedis,Pospiviroidae,Coleviroid,Coleviroid betacolei,,,,
192027,4142.0,Coleus scutellarioides,Viruses incertae sedis,Pospiviroidae,Coleviroid,Coleviroid gammacolei,,,,
598747,4142.0,Coleus scutellarioides,Viruses incertae sedis,Pospiviroidae,Coleviroid,Coleviroid epsiloncolei,Coleviroid cbvd-5,,,
651134,4142.0,Coleus scutellarioides,Viruses incertae sedis,Pospiviroidae,Coleviroid,Coleviroid zetacolei,Coleviroid cbvd-6,,,
2029458,538528.0,Colletotrichum camelliae,Riboviria,Riboviria incertae sedis,Polymycoviridae,Polymycovirus,Polymycovirus colletotrichi,Colletotrichum camelliae polymycovirus 1,,
12901,4081.0,Solanum lycopersicum,Viruses incertae sedis,Pospiviroidae,Pospiviroid,Pospiviroid latenscolumneae,,,,
765765,28228.0,Colwellia,Duplodnaviria,Heunggongvirae,Uroviricota,Caudoviricetes,Caudoviricetes incertae sedis,Franklinbayvirus,Franklinbayvirus fv9A,dsDNA
1592576,554494.0,Condylorrhiza vestigialis,Viruses incertae sedis,Naldaviricetes,Lefavirales,Baculoviridae,Alphabaculovirus,Alphabaculovirus covestigialis,,
2587545,332405.0,Coniella diplodiella,Riboviria,Orthornavirae,Negarnaviricota,Polyploviricotina,Bunyaviricetes,Hareavirales,Discoviridae,-ssRNA
2588499,1725.0,Corynebacterium xerosis,Duplodnaviria,Heunggongvirae,Uroviricota,Caudoviricetes,Caudoviricetes incertae sedis,Samwavirus,Samwavirus adelaide,dsDNA
2974048,38305.0,Corynebacterium vitaeruminis,Duplodnaviria,Heunggongvirae,Uroviricota,Caudoviricetes,Caudoviricetes incertae sedis,Poushouvirus,unclassified Poushouvirus,dsDNA
28358,92706.0,[Brevibacterium] flavum,Duplodnaviria,Heunggongvirae,Uroviricota,Caudoviricetes,Caudoviricetes incertae sedis,Sasvirus,Sasvirus BFK20,dsDNA
2047868,38305.0,Corynebacterium vitaeruminis,Duplodnaviria,Heunggongvirae,Uroviricota,Caudoviricetes,Caudoviricetes incertae sedis,Zierdtviridae,Toshachvirinae,dsDNA
2599840,38305.0,Corynebacterium vitaeruminis,Duplodnaviria,Heunggongvirae,Uroviricota,Caudoviricetes,Caudoviricetes incertae sedis,Poushouvirus,Poushouvirus Poushou,dsDNA
2588501,1725.0,Corynebacterium xerosis,Duplodnaviria,Heunggongvirae,Uroviricota,Caudoviricetes,Caudoviricetes incertae sedis,Samwavirus,Samwavirus dina,dsDNA
2565372,28028.0,Corynebacterium flavescens,Duplodnaviria,Heunggongvirae,Uroviricota,Caudoviricetes,Caudoviricetes incertae sedis,Emirosevirus,Emirosevirus emirose,dsDNA
2301600,1725.0,Corynebacterium xerosis,Duplodnaviria,Heunggongvirae,Uroviricota,Caudoviricetes,Caudoviricetes incertae sedis,Juiceboxvirus,Juiceboxvirus juicebox,dsDNA
2588502,1725.0,Corynebacterium xerosis,Duplodnaviria,Heunggongvirae,Uroviricota,Caudoviricetes,Caudoviricetes incertae sedis,Samwavirus,Samwavirus samW,dsDNA
2052821,1718.0,Corynebacterium glutamicum,Duplodnaviria,Heunggongvirae,Uroviricota,Caudoviricetes,Caudoviricetes incertae sedis,Ikedavirus,Ikedavirus phi673,dsDNA
2052822,1718.0,Corynebacterium glutamicum,Duplodnaviria,Heunggongvirae,Uroviricota,Caudoviricetes,Caudoviricetes incertae sedis,Ikedavirus,Ikedavirus phi674,dsDNA
2591204,1725.0,Corynebacterium xerosis,Duplodnaviria,Heunggongvirae,Uroviricota,Caudoviricetes,Caudoviricetes incertae sedis,Samwavirus,Samwavirus StAB,dsDNA
2588504,1725.0,Corynebacterium xerosis,Duplodnaviria,Heunggongvirae,Uroviricota,Caudoviricetes,Caudoviricetes incertae sedis,Samwavirus,Samwavirus stiles,dsDNA
256130,217443.0,Cotesia vestalis,Viruses incertae sedis,Polydnaviriformidae,Bracoviriform,unclassified Bracoviriform,,,,
1428341,3635.0,Gossypium hirsutum,Viruses incertae sedis,Alphasatellitidae,Geminialphasatellitinae,Colecusatellite,Colecusatellite gossypiumdarwinii,Gossypium darwinii symptomless alphasatellite,,
307111,3634.0,Gossypium barbadense,Viruses incertae sedis,Tolecusatellitidae,Betasatellite,Betasatellite gossypibangalorensetertii,,,,
134386,3635.0,Gossypium hirsutum,Viruses incertae sedis,Tolecusatellitidae,Betasatellite,Betasatellite gossypitandojamense,,,,
679536,3635.0,Gossypium hirsutum,Viruses incertae sedis,Alphasatellitidae,Geminialphasatellitinae,Ageyesisatellite,Ageyesisatellite gossypiarabiaense,,,
2699487,455045.0,Abelmoschus esculentus,Viruses incertae sedis,Alphasatellitidae,Geminialphasatellitinae,Gosmusatellite,Gosmusatellite gossypicameroonense,Cotton leaf curl Cameroon alphasatellite,,
304222,3635.0,Gossypium hirsutum,Viruses incertae sedis,Tolecusatellitidae,Betasatellite,Betasatellite gossypigeziraense,,,,
2169841,3635.0,Gossypium hirsutum,Viruses incertae sedis,Alphasatellitidae,Geminialphasatellitinae,Colecusatellite,Colecusatellite gossypilucknowense,,,
1048668,3635.0,Gossypium hirsutum,Viruses incertae sedis,Alphasatellitidae,Geminialphasatellitinae,Colecusatellite,Colecusatellite gossypimultanense,,,
306025,3635.0,Gossypium hirsutum,Viruses incertae sedis,Tolecusatellitidae,Betasatellite,Betasatellite gossypimultanense,,,,
508761,229543.0,Hibiscus cannabinus,Viruses incertae sedis,Tolecusatellitidae,Betasatellite,Betasatellite gossypimultanense,Cotton leaf curl Multan betasatellite,,,
2056781,3905.0,Vicia cracca,Viruses incertae sedis,Alphasatellitidae,Nanoalphasatellitinae,Sophoyesatellite,Sophoyesatellite vicraccae,Cow vetch latent alphasatellite,,
2880838,491138.0,Crangon crangon,Viruses incertae sedis,Naldaviricetes,Lefavirales,Nudiviridae,Gammanudivirus,Gammanudivirus cracrangonis,,
2989853,1.0,root,Duplodnaviria,Heunggongvirae,Uroviricota,Caudoviricetes,Crassvirales,Intestiviridae,Obtuvirinae,dsDNA
2748378,9675.0,Paguma larvata,Monodnaviria,Shotokuvirae,Cressdnaviricota,unclassified Cressdnaviricota,,,,
2795745,1888169.0,Cronobacter sp.,Duplodnaviria,Heunggongvirae,Uroviricota,Caudoviricetes,Caudoviricetes incertae sedis,Grimontviridae,Crifsvirus,dsDNA
1162295,28141.0,Cronobacter sakazakii,Duplodnaviria,Heunggongvirae,Uroviricota,Caudoviricetes,Caudoviricetes incertae sedis,Certrevirus,Certrevirus CR3,dsDNA
1195085,28141.0,Cronobacter sakazakii,Duplodnaviria,Heunggongvirae,Uroviricota,Caudoviricetes,Caudoviricetes incertae sedis,Chimalliviridae,Derbicusvirus,dsDNA
1327934,28141.0,Cronobacter sakazakii,Duplodnaviria,Heunggongvirae,Uroviricota,Caudoviricetes,Caudoviricetes incertae sedis,Certrevirus,Certrevirus CR8,dsDNA
1162290,28141.0,Cronobacter sakazakii,Duplodnaviria,Heunggongvirae,Uroviricota,Caudoviricetes,Caudoviricetes incertae sedis,Certrevirus,Certrevirus CR9,dsDNA
2970496,413496.0,Cronobacter,Duplodnaviria,Heunggongvirae,Uroviricota,Caudoviricetes,Caudoviricetes incertae sedis,Drexlerviridae,Kyungwonvirus,dsDNA
3384636,28141.0,Cronobacter sakazakii,Duplodnaviria,Heunggongvirae,Uroviricota,Caudoviricetes,Caudoviricetes incertae sedis,Seunavirus,unclassified Seunavirus,dsDNA
947842,28141.0,Cronobacter sakazakii,Duplodnaviria,Heunggongvirae,Uroviricota,Caudoviricetes,Caudoviricetes incertae sedis,Peduoviridae,Seongnamvirus,dsDNA
2729575,28141.0,Cronobacter sakazakii,Duplodnaviria,Heunggongvirae,Uroviricota,Caudoviricetes,Caudoviricetes incertae sedis,Casjensviridae,Jacunavirus,dsDNA
2924885,28141.0,Cronobacter sakazakii,Duplodnaviria,Heunggongvirae,Uroviricota,Caudoviricetes,Pantevenvirales,Straboviridae,Nanhuvirus,dsDNA
1684115,1888169.0,Cronobacter sp.,Duplodnaviria,Heunggongvirae,Uroviricota,Caudoviricetes,Caudoviricetes incertae sedis,Certrevirus,Certrevirus PBES02,dsDNA
3074122,28141.0,Cronobacter sakazakii,Duplodnaviria,Heunggongvirae,Uroviricota,Caudoviricetes,Autographivirales,Autoscriptoviridae,Stentvirinae,dsDNA
3020854,413497.0,Cronobacter dublinensis,Duplodnaviria,Heunggongvirae,Uroviricota,Caudoviricetes,Caudoviricetes incertae sedis,Muldoonvirus,unclassified Muldoonvirus,dsDNA
1141135,28141.0,Cronobacter sakazakii,Duplodnaviria,Heunggongvirae,Uroviricota,Caudoviricetes,Caudoviricetes incertae sedis,Seunavirus,Seunavirus GAP31,dsDNA
1141136,28141.0,Cronobacter sakazakii,Duplodnaviria,Heunggongvirae,Uroviricota,Caudoviricetes,Caudoviricetes incertae sedis,Mimasvirus,Mimasvirus GAP32,dsDNA
2699738,28141.0,Cronobacter sakazakii,Duplodnaviria,Heunggongvirae,Uroviricota,Caudoviricetes,Caudoviricetes incertae sedis,Grimontviridae,Privateervirus,dsDNA
327839,323030.0,Croton bonplandianus,Viruses incertae sedis,Tolecusatellitidae,Deltasatellite,Deltasatellite codiaeumiflavi,,,,
713089,20025.0,Acalypha,Viruses incertae sedis,Alphasatellitidae,Geminialphasatellitinae,Clecrusatellite,Clecrusatellite crotonis,,,
411248,3128007.0,Croton sp.,Viruses incertae sedis,Tolecusatellitidae,Betasatellite,Betasatellite codiaeumflavi,,,,
35254,7139.0,Tortricidae,Viruses incertae sedis,Naldaviricetes,Lefavirales,Baculoviridae,Betabaculovirus,Betabaculovirus cryleucotretae,,
2304025,463827.0,Cryptophlebia peltastica,Viruses incertae sedis,Naldaviricetes,Lefavirales,Baculoviridae,Alphabaculovirus,Alphabaculovirus crypeltasticae,,
675060,5807.0,Cryptosporidium parvum,Riboviria,Orthornavirae,Pisuviricota,Duplopiviricetes,Durnavirales,Partitiviridae,Cryspovirus,+ssRNA
1778559,27923.0,Mnemiopsis leidyi,Monodnaviria,Shotokuvirae,Cressdnaviricota,Arfiviricetes,Gredzevirales,Ouroboviridae,Tethyvirus,
1188819,108335.0,Sida,Viruses incertae sedis,Alphasatellitidae,Geminialphasatellitinae,Clecrusatellite,Clecrusatellite sidacubaense,,,
12305,3659.0,Cucumis sativus,Riboviria,Orthornavirae,Kitrinoviricota,Alsuviricetes,Martellivirales,Bromoviridae,Cucumovirus,+ssRNA
12436,3917.0,Vigna unguiculata,unclassified viruses,unclassified satellites,RNA satellites,Single stranded RNA satellites,Small linear single stranded RNA satellites,,,
1611875,3659.0,Cucumis sativus,Riboviria,Virus-associated RNAs,unclassified Virus-associated RNAs,,,,,
130556,42429.0,Culex nigripalpus,Viruses incertae sedis,Naldaviricetes,Lefavirales,Baculoviridae,Deltabaculovirus,Deltabaculovirus cunigripalpi,,
2304512,7157.0,Culicidae,Riboviria,Orthornavirae,Kitrinoviricota,Alsuviricetes,Hepelivirales,Alphatetraviridae,unclassified Alphatetraviridae,+ssRNA
1983784,1888168.0,Curvibacter sp.,Duplodnaviria,Heunggongvirae,Uroviricota,Caudoviricetes,Autographivirales,Autonotataviridae,Kalppathivirus,dsDNA
421976,671092.0,Curvularia protuberata,Riboviria,Orthornavirae,Pisuviricota,Duplopiviricetes,Durnavirales,Curvulaviridae,Orthocurvulavirus,+ssRNA
3053652,1747.0,Cutibacterium acnes,Duplodnaviria,Heunggongvirae,Uroviricota,Caudoviricetes,Caudoviricetes incertae sedis,Pahexavirus,unclassified Pahexavirus,dsDNA
2686223,1747.0,Cutibacterium acnes,Duplodnaviria,Heunggongvirae,Uroviricota,Caudoviricetes,Caudoviricetes incertae sedis,Pahexavirus,Pahexavirus ATCC29399BC,dsDNA
1016879,30962.0,Oncorhynchus clarkii,Riboviria,Orthornavirae,Kitrinoviricota,Alsuviricetes,Hepelivirales,Hepeviridae,Parahepevirinae,+ssRNA
444875,167542.0,Prochlorococcus marinus str. MIT 9515,Duplodnaviria,Heunggongvirae,Uroviricota,Caudoviricetes,Autographivirales,Autographivirales incertae sedis,Tangaroavirus,dsDNA
889951,1131.0,Synechococcus sp.,Duplodnaviria,Heunggongvirae,Uroviricota,Caudoviricetes,Autographivirales,Autographivirales incertae sedis,Sednavirus,dsDNA
2888520,1117.0,Cyanobacteriota,Duplodnaviria,Heunggongvirae,Uroviricota,Caudoviricetes,Caudoviricetes incertae sedis,Fukuivirus,unclassified Fukuivirus,dsDNA
445693,167555.0,Prochlorococcus marinus str. NATL1A,Duplodnaviria,Heunggongvirae,Uroviricota,Caudoviricetes,Autographivirales,Autographivirales incertae sedis,Cheungvirus,dsDNA
536444,1.0,root,Duplodnaviria,Heunggongvirae,Uroviricota,Caudoviricetes,Pantevenvirales,Kyanoviridae,Emcearvirus,dsDNA
536446,59920.0,Prochlorococcus marinus str. NATL2A,Duplodnaviria,Heunggongvirae,Uroviricota,Caudoviricetes,Pantevenvirales,Kyanoviridae,Ronodorvirus,dsDNA
929832,59920.0,Prochlorococcus marinus str. NATL2A,Duplodnaviria,Heunggongvirae,Uroviricota,Caudoviricetes,Pantevenvirales,Kyanoviridae,unclassified Kyanoviridae,dsDNA
444876,166321.0,Synechococcus sp. WH 8017,Duplodnaviria,Heunggongvirae,Uroviricota,Caudoviricetes,Autographivirales,Autographivirales incertae sedis,Tritonvirus,dsDNA
1589733,59920.0,Prochlorococcus marinus str. NATL2A,Duplodnaviria,Heunggongvirae,Uroviricota,Caudoviricetes,Pantevenvirales,Kyanoviridae,Libanvirus,dsDNA
434346,1184.0,Leptolyngbya boryana,Duplodnaviria,Heunggongvirae,Uroviricota,Caudoviricetes,Caudoviricetes incertae sedis,Saffermanviridae,Wumptrevirus,dsDNA
1278402,1131.0,Synechococcus sp.,Duplodnaviria,Heunggongvirae,Uroviricota,Caudoviricetes,Pantevenvirales,Kyanoviridae,Brizovirus,dsDNA
1278423,1131.0,Synechococcus sp.,Duplodnaviria,Heunggongvirae,Uroviricota,Caudoviricetes,Pantevenvirales,Kyanoviridae,Ahtivirus,dsDNA
1278479,1131.0,Synechococcus sp.,Duplodnaviria,Heunggongvirae,Uroviricota,Caudoviricetes,Pantevenvirales,Kyanoviridae,Bristolvirus,dsDNA
2530169,1129.0,Synechococcus,Duplodnaviria,Heunggongvirae,Uroviricota,Caudoviricetes,Pantevenvirales,Kyanoviridae,Shandvirus,dsDNA
1278485,1131.0,Synechococcus sp.,Duplodnaviria,Heunggongvirae,Uroviricota,Caudoviricetes,Pantevenvirales,Kyanoviridae,Vellamovirus,dsDNA
687803,1131.0,Synechococcus sp.,Duplodnaviria,Heunggongvirae,Uroviricota,Caudoviricetes,Pantevenvirales,Kyanoviridae,Neptunevirus,dsDNA
682650,1131.0,Synechococcus sp.,Duplodnaviria,Heunggongvirae,Uroviricota,Caudoviricetes,Pantevenvirales,Kyanoviridae,Lipsvirus,dsDNA
682651,1131.0,Synechococcus sp.,Duplodnaviria,Heunggongvirae,Uroviricota,Caudoviricetes,Pantevenvirales,Kyanoviridae,Greenvirus,dsDNA
1048189,1131.0,Synechococcus sp.,Duplodnaviria,Heunggongvirae,Uroviricota,Caudoviricetes,Pantevenvirales,Kyanoviridae,Thaumasvirus,dsDNA
1137745,84588.0,Parasynechococcus marenigrum WH 8102,Duplodnaviria,Heunggongvirae,Uroviricota,Caudoviricetes,Caudoviricetes incertae sedis,Aurunvirus,Aurunvirus STIM5,dsDNA
1137744,84588.0,Parasynechococcus marenigrum WH 8102,Duplodnaviria,Heunggongvirae,Uroviricota,Caudoviricetes,Caudoviricetes incertae sedis,Aurunvirus,unclassified Aurunvirus,dsDNA
616674,167539.0,Prochlorococcus marinus subsp. marinus str. CCMP1375,Duplodnaviria,Heunggongvirae,Uroviricota,Caudoviricetes,Autographivirales,Autographivirales incertae sedis,Banchanvirus,dsDNA
536472,166321.0,Synechococcus sp. WH 8017,Duplodnaviria,Heunggongvirae,Uroviricota,Caudoviricetes,Pantevenvirales,Kyanoviridae,Ormenosvirus,dsDNA
536473,166313.0,Synechococcus sp. WH 8012,Duplodnaviria,Heunggongvirae,Uroviricota,Caudoviricetes,Pantevenvirales,Kyanoviridae,Pontusvirus,dsDNA
1282443,114432.0,Cyanoramphus auriceps,Monodnaviria,Shotokuvirae,Cressdnaviricota,Arfiviricetes,Mulpavirales,Anicreviridae,Kopavirus,
2293277,634021.0,Cybaeus signifer,unclassified viruses,unclassified DNA viruses,unclassified ssDNA viruses,Circularisvirus,,,,
1906244,1906388.0,Kunugia undans,Viruses incertae sedis,Naldaviricetes,Lefavirales,Baculoviridae,Alphabaculovirus,Alphabaculovirus cycundantis,,
28289,82600.0,Cydia pomonella,Viruses incertae sedis,Naldaviricetes,Lefavirales,Baculoviridae,Betabaculovirus,Betabaculovirus cypomonellae,,
2961991,1307436.0,Cytobacillus firmus DS1,Duplodnaviria,Heunggongvirae,Uroviricota,Caudoviricetes,Caudoviricetes incertae sedis,Salasmaviridae,unclassified Salasmaviridae,dsDNA
3428177,1450.0,Alicyclobacillus acidoterrestris,Duplodnaviria,Heunggongvirae,Uroviricota,Caudoviricetes,Caudoviricetes incertae sedis,Mazoviaviridae,Dabrowskivirus,dsDNA
1278205,101596.0,Dahlia pinnata,Viruses incertae sedis,Pospiviroidae,Hostuviroid,Hostuviroid latensdahliae,,,,
1647385,1537702.0,Delftia sp. 670,Duplodnaviria,Heunggongvirae,Uroviricota,Caudoviricetes,Autographivirales,Autotranscriptaviridae,Piedvirus,dsDNA
665032,80866.0,Delftia acidovorans,Duplodnaviria,Heunggongvirae,Uroviricota,Caudoviricetes,Caudoviricetes incertae sedis,Ionavirus,Ionavirus W14,dsDNA
1563661,180282.0,Delftia tsuruhatensis,Duplodnaviria,Heunggongvirae,Uroviricota,Caudoviricetes,Caudoviricetes incertae sedis,Schitoviridae,Dendoorenvirus,dsDNA
300186,315458.0,Acidianus sp. F28,Adnaviria,Zilligvirae,Taleaviricota,Tokiviricetes,Ligamenvirales,Lipothrixviridae,Deltalipothrixvirus,dsDNA
2170403,9612.0,Canis lupus,Monodnaviria,Shotokuvirae,Cossaviricota,Papovaviricetes,Sepolyvirales,Polyomaviridae,Deltapolyomavirus,
1890427,4100.0,Nicotiana benthamiana,Viruses incertae sedis,Tolecusatellitidae,Deltasatellite,Deltasatellite solaniflavussecundi,Tomato yellow leaf distortion deltasatellite 2,,,
2793718,94219.0,Dendrobium nobile,Viruses incertae sedis,Pospiviroidae,Apscaviroid,Apscaviroid dendrobii,,,,
272751,238572.0,Dendrolimus punctatus,Riboviria,Orthornavirae,Kitrinoviricota,Alsuviricetes,Hepelivirales,Alphatetraviridae,Omegatetravirus,+ssRNA
2315478,210145.0,Corchorus siliquosus,Viruses incertae sedis,Tolecusatellitidae,Deltasatellite,Deltasatellite desmodii,,,,
2866661,876.0,Desulfovibrio desulfuricans,Duplodnaviria,Heunggongvirae,Uroviricota,Caudoviricetes,Autographivirales,Autographivirales incertae sedis,Proddevirus,dsDNA
3428268,562.0,Escherichia coli,Duplodnaviria,Heunggongvirae,Uroviricota,Caudoviricetes,Caudoviricetes incertae sedis,Dhillonvirus,,dsDNA
158683,7420.0,Diadromus pulchellus,Varidnaviria,Bamfordvirae,Nucleocytoviricota,Megaviricetes,Pimascovirales,Pimascovirales incertae sedis,Ascoviridae,
1678180,2836.0,Bacillariophyta,Riboviria,Orthornavirae,Lenarviricota,Amabiliviricetes,Wolframvirales,Narnaviridae,unclassified Narnaviridae,+ssRNA
1675862,40085.0,Diatraea saccharalis,Viruses incertae sedis,Naldaviricetes,Lefavirales,Baculoviridae,Betabaculovirus,Betabaculovirus disaccharalis,,
1698708,1778540.0,Dickeya fangzhongdai,Duplodnaviria,Heunggongvirae,Uroviricota,Caudoviricetes,Autographivirales,Autoscriptoviridae,Corkvirinae,dsDNA
2320188,1089444.0,Dickeya solani,Duplodnaviria,Heunggongvirae,Uroviricota,Caudoviricetes,Pantevenvirales,Ackermannviridae,Aglimvirinae,dsDNA
2686295,554.0,Pectobacterium carotovorum,Duplodnaviria,Heunggongvirae,Uroviricota,Caudoviricetes,Caudoviricetes incertae sedis,Chaseviridae,Cleopatravirinae,dsDNA
2283029,1224151.0,Dickeya solani MK10,Duplodnaviria,Heunggongvirae,Uroviricota,Caudoviricetes,Caudoviricetes incertae sedis,Alexandravirus,Alexandravirus AD1,dsDNA
2382310,1089444.0,Dickeya solani,Duplodnaviria,Heunggongvirae,Uroviricota,Caudoviricetes,Caudoviricetes incertae sedis,Salmondvirus,Salmondvirus JA11,dsDNA
2283031,1224151.0,Dickeya solani MK10,Duplodnaviria,Heunggongvirae,Uroviricota,Caudoviricetes,Caudoviricetes incertae sedis,Salmondvirus,Salmondvirus JA29,dsDNA
1477404,215813.0,Dinoroseobacter shibae,Duplodnaviria,Heunggongvirae,Uroviricota,Caudoviricetes,Caudoviricetes incertae sedis,Schitoviridae,Rhodovirinae,dsDNA
1965368,215813.0,Dinoroseobacter shibae,Duplodnaviria,Heunggongvirae,Uroviricota,Caudoviricetes,Caudoviricetes incertae sedis,Nanhaivirus,Nanhaivirus D5C,dsDNA
3161158,215813.0,Dinoroseobacter shibae,Duplodnaviria,Heunggongvirae,Uroviricota,Caudoviricetes,Caudoviricetes incertae sedis,Nanhaivirus,unclassified Nanhaivirus,dsDNA
2594175,33461.0,Dione juno,Viruses incertae sedis,Naldaviricetes,Lefavirales,Baculoviridae,Alphabaculovirus,Alphabaculovirus dijunonis,,
2303485,1238140.0,Dioscorea nummularia,Riboviria,Pararnavirae,Artverviricota,Revtraviricetes,Ortervirales,Caulimoviridae,Dioscovirus,dsDNA-RT
2929315,,,Monodnaviria,Shotokuvirae,Cressdnaviricota,Arfiviricetes,Cirlivirales,Vilyaviridae,Palantirivirus,
2793345,543.0,Enterobacteriaceae,Duplodnaviria,Heunggongvirae,Uroviricota,Caudoviricetes,Caudoviricetes incertae sedis,Phapecoctavirus,Phapecoctavirus TSP7,dsDNA
1400526,1423412.0,Diuris longifolia,Riboviria,Orthornavirae,Kitrinoviricota,Alsuviricetes,Tymovirales,Alphaflexiviridae,Platypuvirus,+ssRNA
2169905,451473.0,Erythrodiplax fusca,Viruses incertae sedis,Alphasatellitidae,Geminialphasatellitinae,Draflysatellite,Draflysatellite libellulae,,,
1234872,185825.0,Pantala flavescens,Monodnaviria,Shotokuvirae,Cressdnaviricota,Arfiviricetes,Rohanvirales,Adamaviridae,Valarivirus,
1454022,481685.0,Xanthocnemis zealandica,Monodnaviria,Shotokuvirae,Cressdnaviricota,Arfiviricetes,Mulpavirales,Anicreviridae,Manawavirus,
1454024,447874.0,Procordulia grayi,Monodnaviria,Shotokuvirae,Cressdnaviricota,Arfiviricetes,Rohanvirales,Adamaviridae,Celebovirus,
1454025,447874.0,Procordulia grayi,Monodnaviria,Shotokuvirae,Cressdnaviricota,Arfiviricetes,Rohanvirales,Adamaviridae,Stoorivirus,
1454030,447874.0,Procordulia grayi,Monodnaviria,Shotokuvirae,Cressdnaviricota,Arfiviricetes,Jormunvirales,Draupnirviridae,Citiorivirus,
1647805,152869.0,Drakaea,Riboviria,Orthornavirae,Kitrinoviricota,Alsuviricetes,Martellivirales,Virgaviridae,Goravirus,+ssRNA
1574422,9837.0,Camelus bactrianus,Monodnaviria,Shotokuvirae,Cressdnaviricota,Arfiviricetes,Cremevirales,Smacoviridae,unclassified Smacoviridae,
2057187,198719.0,Drosophila innubila,Viruses incertae sedis,Naldaviricetes,Lefavirales,Nudiviridae,Alphanudivirus,Alphanudivirus droinnubilae,,
663281,7227.0,Drosophila melanogaster,Riboviria,Orthornavirae,Orthornavirae incertae sedis,Birnaviridae,unclassified Birnaviridae,,,
3071212,7227.0,Drosophila melanogaster,Riboviria,Orthornavirae,Pisuviricota,Pisoniviricetes,Picornavirales,Noraviridae,Orthonoravirus,
48981,7227.0,Drosophila melanogaster,Riboviria,Orthornavirae,Orthornavirae incertae sedis,Birnaviridae,Entomobirnavirus,Entomobirnavirus drosophilae,,
12639,8835.0,Anas,Riboviria,Pararnavirae,Artverviricota,Revtraviricetes,Blubervirales,Hepadnaviridae,Avihepadnavirus,dsDNA-RT
2030126,53719.0,Eclipta prostrata,Viruses incertae sedis,Alphasatellitidae,Geminialphasatellitinae,Gosmusatellite,Gosmusatellite ecliptae,,,
37665,2880.0,Ectocarpus siliculosus,Varidnaviria,Bamfordvirae,Nucleocytoviricota,Megaviricetes,Algavirales,Phycodnaviridae,Phaeovirus,
59376,248899.0,Ectropis obliqua,Viruses incertae sedis,Naldaviricetes,Lefavirales,Baculoviridae,Alphabaculovirus,Alphabaculovirus ecobliquae,,
2419942,1821960.0,Edwardsiella anguillarum,Duplodnaviria,Heunggongvirae,Uroviricota,Caudoviricetes,Caudoviricetes incertae sedis,Gofduovirus,Gofduovirus edno5,dsDNA
945083,67780.0,Edwardsiella ictaluri,Duplodnaviria,Heunggongvirae,Uroviricota,Caudoviricetes,Caudoviricetes incertae sedis,Eiauvirus,Eiauvirus eiAU,dsDNA
2544920,636.0,Edwardsiella tarda,Duplodnaviria,Heunggongvirae,Uroviricota,Caudoviricetes,Caudoviricetes incertae sedis,Kafunavirus,Kafunavirus KF1,dsDNA
1537091,636.0,Edwardsiella tarda,Duplodnaviria,Heunggongvirae,Uroviricota,Caudoviricetes,Caudoviricetes incertae sedis,Gofduovirus,Gofduovirus GF2,dsDNA
1264700,636.0,Edwardsiella tarda,Duplodnaviria,Heunggongvirae,Uroviricota,Caudoviricetes,Caudoviricetes incertae sedis,Yokohamavirus,Yokohamavirus MSW3,dsDNA
1325372,67780.0,Edwardsiella ictaluri,Duplodnaviria,Heunggongvirae,Uroviricota,Caudoviricetes,Caudoviricetes incertae sedis,Yokohamavirus,Yokohamavirus PEi21,dsDNA
2562142,636.0,Edwardsiella tarda,Duplodnaviria,Heunggongvirae,Uroviricota,Caudoviricetes,Caudoviricetes incertae sedis,Chimalliviridae,Petsuvirus,dsDNA
2859517,67780.0,Edwardsiella ictaluri,Duplodnaviria,Heunggongvirae,Uroviricota,Caudoviricetes,Caudoviricetes incertae sedis,Yokohamavirus,unclassified Yokohamavirus,dsDNA
3428451,1351.0,Enterococcus faecalis,Duplodnaviria,Heunggongvirae,Uroviricota,Caudoviricetes,Caudoviricetes incertae sedis,Efunavirus,,dsDNA
2283015,84112.0,Eggerthella lenta,Duplodnaviria,Heunggongvirae,Uroviricota,Caudoviricetes,Caudoviricetes incertae sedis,Lentavirus,Lentavirus PMBT5,dsDNA
219174,4111.0,Solanum melongena,Viruses incertae sedis,Avsunviroidae,Elaviroid,Elaviroid latensmelongenae,,,,
329852,331112.0,Escherichia coli HS,Riboviria,Orthornavirae,Lenarviricota,Leviviricetes,Norzivirales,Fiersviridae,Emesvirus,+ssRNA
2844115,415160.0,Emilia sonchifolia,Viruses incertae sedis,Tolecusatellitidae,Betasatellite,Betasatellite emiliae,,,,
2496574,415160.0,Emilia sonchifolia,Viruses incertae sedis,Tolecusatellitidae,Betasatellite,Betasatellite emiliafujianense,,,,
181082,2903.0,Emiliania huxleyi,Varidnaviria,Bamfordvirae,Nucleocytoviricota,Megaviricetes,Algavirales,Phycodnaviridae,Coccolithovirus,
3428499,,,Monodnaviria,Shotokuvirae,Cressdnaviricota,Arfiviricetes,Saturnivirales,Mahapunaviridae,Enifivirus,
2766561,5758.0,Entamoeba,Monodnaviria,Shotokuvirae,Cressdnaviricota,Arfiviricetes,Rivendellvirales,Naryaviridae,Nimphelosvirus,
2766562,5758.0,Entamoeba,Monodnaviria,Shotokuvirae,Cressdnaviricota,Arfiviricetes,Rivendellvirales,Naryaviridae,Phialvirus,
2766563,5758.0,Entamoeba,Monodnaviria,Shotokuvirae,Cressdnaviricota,Arfiviricetes,Rohanvirales,Nenyaviridae,Mazarbulvirus,
2766564,5758.0,Entamoeba,Monodnaviria,Shotokuvirae,Cressdnaviricota,Arfiviricetes,Rohanvirales,Nenyaviridae,Angainorvirus,
1864622,1676277.0,Enterobacter sp. CT7,Duplodnaviria,Heunggongvirae,Uroviricota,Caudoviricetes,Caudoviricetes incertae sedis,Aryavirus,Aryavirus arya,dsDNA
2805859,550.0,Enterobacter cloacae,Duplodnaviria,Heunggongvirae,Uroviricota,Caudoviricetes,Caudoviricetes incertae sedis,Uetakevirus,unclassified Uetakevirus,dsDNA
2806549,550.0,Enterobacter cloacae,Duplodnaviria,Heunggongvirae,Uroviricota,Caudoviricetes,Queuovirinae,unclassified Queuovirinae,,dsDNA
942016,550.0,Enterobacter cloacae,Duplodnaviria,Heunggongvirae,Uroviricota,Caudoviricetes,Caudoviricetes incertae sedis,Schitoviridae,Eceepunavirus,dsDNA
2070180,550.0,Enterobacter cloacae,Duplodnaviria,Heunggongvirae,Uroviricota,Caudoviricetes,Caudoviricetes incertae sedis,Drexlerviridae,Eclunavirus,dsDNA
2886900,548.0,Klebsiella aerogenes,Duplodnaviria,Heunggongvirae,Uroviricota,Caudoviricetes,Caudoviricetes incertae sedis,Drexlerviridae,Webervirus,dsDNA
2935061,550.0,Enterobacter cloacae,Duplodnaviria,Heunggongvirae,Uroviricota,Caudoviricetes,Pantevenvirales,Ackermannviridae,Cvivirinae,dsDNA
3019178,2769348.0,Enterobacter sp. E12,Duplodnaviria,Heunggongvirae,Uroviricota,Caudoviricetes,Caudoviricetes incertae sedis,Ravinvirus,unclassified Ravinvirus,dsDNA
1701257,548.0,Klebsiella aerogenes,Duplodnaviria,Heunggongvirae,Uroviricota,Caudoviricetes,Caudoviricetes incertae sedis,Sarkviridae,Guernseyvirinae,dsDNA
1682394,548.0,Klebsiella aerogenes,Duplodnaviria,Heunggongvirae,Uroviricota,Caudoviricetes,Pantevenvirales,Straboviridae,Slopekvirus,dsDNA
2340712,550.0,Enterobacter cloacae,Duplodnaviria,Heunggongvirae,Uroviricota,Caudoviricetes,Caudoviricetes incertae sedis,Peduoviridae,Novemvirus,dsDNA
2894794,550.0,Enterobacter cloacae,Duplodnaviria,Heunggongvirae,Uroviricota,Caudoviricetes,Caudoviricetes incertae sedis,Cobrasixvirus,Cobrasixvirus cobrasix,dsDNA
2912641,1296536.0,Enterobacter hormaechei subsp. xiangfangensis,Duplodnaviria,Heunggongvirae,Uroviricota,Caudoviricetes,Caudoviricetes incertae sedis,Certrevirus,unclassified Certrevirus,dsDNA
254397,562.0,Escherichia coli,Duplodnaviria,Heunggongvirae,Uroviricota,Caudoviricetes,Caudoviricetes incertae sedis,Pankowvirus,Pankowvirus pv2851,dsDNA
1468411,562.0,Escherichia coli,Duplodnaviria,Heunggongvirae,Uroviricota,Caudoviricetes,Caudoviricetes incertae sedis,Nonagvirus,Nonagvirus nv9g,dsDNA
196242,562.0,Escherichia coli,Duplodnaviria,Heunggongvirae,Uroviricota,Caudoviricetes,Caudoviricetes incertae sedis,Marienburgvirus,Marienburgvirus BP4795,dsDNA
2863838,543.0,Enterobacteriaceae,Duplodnaviria,Heunggongvirae,Uroviricota,Caudoviricetes,Pantevenvirales,Straboviridae,Krischvirus,dsDNA
1206313,543.0,Enterobacteriaceae,Riboviria,Orthornavirae,Lenarviricota,Leviviricetes,Norzivirales,Fiersviridae,Cunavirus,+ssRNA
539221,439184.0,Escherichia coli RS218,Duplodnaviria,Heunggongvirae,Uroviricota,Caudoviricetes,Caudoviricetes incertae sedis,Lederbergvirus,unclassified Lederbergvirus,dsDNA
1340813,562.0,Escherichia coli,Monodnaviria,Sangervirae,Phixviricota,Malgrandaviricetes,Petitvirales,Microviridae,Bullavirinae,
3137914,511145.0,Escherichia coli str. K-12 substr. MG1655,Riboviria,Orthornavirae,Lenarviricota,Leviviricetes,Norzivirales,Fiersviridae,Qubevirus,+ssRNA
1206300,543.0,Enterobacteriaceae,Riboviria,Orthornavirae,Lenarviricota,Leviviricetes,Norzivirales,Fiersviridae,Hagavirus,+ssRNA
1147143,562.0,Escherichia coli,Duplodnaviria,Heunggongvirae,Uroviricota,Caudoviricetes,Caudoviricetes incertae sedis,Yautsimvirus,Yautsimvirus HK140,dsDNA
155148,562.0,Escherichia coli,Duplodnaviria,Heunggongvirae,Uroviricota,Caudoviricetes,Caudoviricetes incertae sedis,Lederbergvirus,Lederbergvirus HK620,dsDNA
1414766,562.0,Escherichia coli,Duplodnaviria,Heunggongvirae,Uroviricota,Caudoviricetes,Caudoviricetes incertae sedis,Murrayvirus,Murrayvirus EC2,dsDNA
1610836,83333.0,Escherichia coli K-12,Duplodnaviria,Heunggongvirae,Uroviricota,Caudoviricetes,Caudoviricetes incertae sedis,Nonagvirus,Nonagvirus JenK1,dsDNA
1610837,83333.0,Escherichia coli K-12,Duplodnaviria,Heunggongvirae,Uroviricota,Caudoviricetes,Caudoviricetes incertae sedis,Nonagvirus,Nonagvirus JenP1,dsDNA
1610838,83333.0,Escherichia coli K-12,Duplodnaviria,Heunggongvirae,Uroviricota,Caudoviricetes,Caudoviricetes incertae sedis,Nonagvirus,Nonagvirus JenP2,dsDNA
1235640,1144303.0,Escherichia coli J53,Riboviria,Orthornavirae,Lenarviricota,Leviviricetes,Norzivirales,Fiersviridae,Empivirus,+ssRNA
1147149,562.0,Escherichia coli,Duplodnaviria,Heunggongvirae,Uroviricota,Caudoviricetes,Caudoviricetes incertae sedis,Aguilavirus,Aguilavirus mEp043,dsDNA
1147156,562.0,Escherichia coli,Duplodnaviria,Heunggongvirae,Uroviricota,Caudoviricetes,Caudoviricetes incertae sedis,Aguilavirus,Aguilavirus mEp213,dsDNA
1147150,562.0,Escherichia coli,Duplodnaviria,Heunggongvirae,Uroviricota,Caudoviricetes,Caudoviricetes incertae sedis,Nochtlivirus,Nochtlivirus mEp235,dsDNA
173829,83334.0,Escherichia coli O157:H7,Duplodnaviria,Heunggongvirae,Uroviricota,Caudoviricetes,Caudoviricetes incertae sedis,Traversvirus,unclassified Traversvirus,dsDNA
2282412,562.0,Escherichia coli,Duplodnaviria,Heunggongvirae,Uroviricota,Caudoviricetes,Caudoviricetes incertae sedis,Lambdavirus,Lambdavirus lvO276,dsDNA
10682,561.0,Escherichia,Duplodnaviria,Heunggongvirae,Uroviricota,Caudoviricetes,Caudoviricetes incertae sedis,Punavirus,Punavirus P1,dsDNA
1273706,562.0,Escherichia coli,Duplodnaviria,Heunggongvirae,Uroviricota,Caudoviricetes,Caudoviricetes incertae sedis,Drexlerviridae,Rogunavirinae,dsDNA
3127630,160488.0,Pseudomonas putida KT2440,Varidnaviria,Bamfordvirae,Preplasmiviricota,Prepoliviricotina,Tectiliviricetes,Kalamavirales,unclassified Kalamavirales,
1805456,28901.0,Salmonella enterica,Duplodnaviria,Heunggongvirae,Uroviricota,Caudoviricetes,Caudoviricetes incertae sedis,Chimalliviridae,Seoulvirus,dsDNA
97081,1045010.0,Escherichia coli O157,Duplodnaviria,Heunggongvirae,Uroviricota,Caudoviricetes,Caudoviricetes incertae sedis,Traversvirus,Traversvirus II,dsDNA
936054,83334.0,Escherichia coli O157:H7,Duplodnaviria,Heunggongvirae,Uroviricota,Caudoviricetes,Caudoviricetes incertae sedis,Oslovirus,Oslovirus PA2,dsDNA
564886,83334.0,Escherichia coli O157:H7,Duplodnaviria,Heunggongvirae,Uroviricota,Caudoviricetes,Caudoviricetes incertae sedis,Pankowvirus,Pankowvirus YYZ2008,dsDNA
3061951,1351.0,Enterococcus faecalis,Duplodnaviria,Heunggongvirae,Uroviricota,Caudoviricetes,Caudoviricetes incertae sedis,Efquatrovirus,unclassified Efquatrovirus,dsDNA
2835638,1352.0,Enterococcus faecium,Duplodnaviria,Heunggongvirae,Uroviricota,Caudoviricetes,Caudoviricetes incertae sedis,Herelleviridae,Brockvirinae,dsDNA
2932888,1158624.0,Enterococcus faecalis EnGen0243,Duplodnaviria,Heunggongvirae,Uroviricota,Caudoviricetes,Caudoviricetes incertae sedis,Saphexavirus,unclassified Saphexavirus,dsDNA
3043582,1352.0,Enterococcus faecium,Duplodnaviria,Heunggongvirae,Uroviricota,Caudoviricetes,Caudoviricetes incertae sedis,Aliceevansviridae,unclassified Aliceevansviridae,dsDNA
2763102,1350.0,Enterococcus,Duplodnaviria,Heunggongvirae,Uroviricota,Caudoviricetes,Caudoviricetes incertae sedis,Denvervirus,Denvervirus dv9183,dsDNA
2763103,1352.0,Enterococcus faecium,Duplodnaviria,Heunggongvirae,Uroviricota,Caudoviricetes,Caudoviricetes incertae sedis,Thiercelinvirus,Thiercelinvirus v9184,dsDNA
2795668,1350.0,Enterococcus,Duplodnaviria,Heunggongvirae,Uroviricota,Caudoviricetes,Caudoviricetes incertae sedis,Aramisvirus,Aramisvirus Aramis,dsDNA
3076801,53345.0,Enterococcus durans,Duplodnaviria,Heunggongvirae,Uroviricota,Caudoviricetes,Caudoviricetes incertae sedis,Casjensviridae,Lavrentievavirus,dsDNA
1476978,1351.0,Enterococcus faecalis,Duplodnaviria,Heunggongvirae,Uroviricota,Caudoviricetes,Caudoviricetes incertae sedis,Efquatrovirus,Efquatrovirus AUEF3,dsDNA
1173135,1351.0,Enterococcus faecalis,Duplodnaviria,Heunggongvirae,Uroviricota,Caudoviricetes,Caudoviricetes incertae sedis,Saphexavirus,Saphexavirus BC611,dsDNA
2795667,1350.0,Enterococcus,Duplodnaviria,Heunggongvirae,Uroviricota,Caudoviricetes,Caudoviricetes incertae sedis,Aramisvirus,Aramisvirus dArtagnan,dsDNA
1647400,1352.0,Enterococcus faecium,Duplodnaviria,Heunggongvirae,Uroviricota,Caudoviricetes,Caudoviricetes incertae sedis,Efquatrovirus,Efquatrovirus EcZZ2,dsDNA
1204540,1351.0,Enterococcus faecalis,Duplodnaviria,Heunggongvirae,Uroviricota,Caudoviricetes,Caudoviricetes incertae sedis,Efquatrovirus,Efquatrovirus EfaCPT1,dsDNA
2769573,1351.0,Enterococcus faecalis,Duplodnaviria,Heunggongvirae,Uroviricota,Caudoviricetes,Caudoviricetes incertae sedis,Efquatrovirus,Efquatrovirus LY0322,dsDNA
1432658,35783.0,Enterococcus sp.,Duplodnaviria,Heunggongvirae,Uroviricota,Caudoviricetes,Caudoviricetes incertae sedis,Efquatrovirus,Efquatrovirus EF4,dsDNA
1445858,1352.0,Enterococcus faecium,Duplodnaviria,Heunggongvirae,Uroviricota,Caudoviricetes,Caudoviricetes incertae sedis,Efemunavirus,Efemunavirus Efm1,dsDNA
1718158,1352.0,Enterococcus faecium,Duplodnaviria,Heunggongvirae,Uroviricota,Caudoviricetes,Caudoviricetes incertae sedis,Efemquintavirus,Efemquintavirus Efm5,dsDNA
1351735,1351.0,Enterococcus faecalis,Duplodnaviria,Heunggongvirae,Uroviricota,Caudoviricetes,Caudoviricetes incertae sedis,Saphexavirus,Saphexavirus IMEEF1,dsDNA
1416012,1351.0,Enterococcus faecalis,Duplodnaviria,Heunggongvirae,Uroviricota,Caudoviricetes,Caudoviricetes incertae sedis,Efquatrovirus,Efquatrovirus EF3,dsDNA
2719593,1351.0,Enterococcus faecalis,Duplodnaviria,Heunggongvirae,Uroviricota,Caudoviricetes,Caudoviricetes incertae sedis,Vipetofemvirus,Vipetofemvirus nattely,dsDNA
673832,1351.0,Enterococcus faecalis,Duplodnaviria,Heunggongvirae,Uroviricota,Caudoviricetes,Caudoviricetes incertae sedis,Phifelvirus,Phifelvirus FL1,dsDNA
673835,1351.0,Enterococcus faecalis,Duplodnaviria,Heunggongvirae,Uroviricota,Caudoviricetes,Caudoviricetes incertae sedis,Phifelvirus,Phifelvirus FL2,dsDNA
673837,1351.0,Enterococcus faecalis,Duplodnaviria,Heunggongvirae,Uroviricota,Caudoviricetes,Caudoviricetes incertae sedis,Phifelvirus,Phifelvirus FL3,dsDNA
2901837,1351.0,Enterococcus faecalis,Duplodnaviria,Heunggongvirae,Uroviricota,Caudoviricetes,Caudoviricetes incertae sedis,Efquatrovirus,Efquatrovirus SHEF2,dsDNA
2918647,1351.0,Enterococcus faecalis,Duplodnaviria,Heunggongvirae,Uroviricota,Caudoviricetes,Caudoviricetes incertae sedis,Efquatrovirus,Efquatrovirus SHEF4,dsDNA
2030924,1351.0,Enterococcus faecalis,Duplodnaviria,Heunggongvirae,Uroviricota,Caudoviricetes,Caudoviricetes incertae sedis,Efquatrovirus,Efquatrovirus SHEF5,dsDNA
3014452,1350.0,Enterococcus,Duplodnaviria,Heunggongvirae,Uroviricota,Caudoviricetes,Caudoviricetes incertae sedis,Denvervirus,unclassified Denvervirus,dsDNA
2070197,1351.0,Enterococcus faecalis,Duplodnaviria,Heunggongvirae,Uroviricota,Caudoviricetes,Caudoviricetes incertae sedis,Efquatrovirus,Efquatrovirus PMBT2,dsDNA
1871692,1169286.0,Enterococcus faecalis ATCC 19433 = NBRC 100480,Duplodnaviria,Heunggongvirae,Uroviricota,Caudoviricetes,Caudoviricetes incertae sedis,Efquatrovirus,Efquatrovirus SANTOR1,dsDNA
1073766,1351.0,Enterococcus faecalis,Duplodnaviria,Heunggongvirae,Uroviricota,Caudoviricetes,Caudoviricetes incertae sedis,Saphexavirus,Saphexavirus SAP6,dsDNA
2859527,35783.0,Enterococcus sp.,Duplodnaviria,Heunggongvirae,Uroviricota,Caudoviricetes,Caudoviricetes incertae sedis,Saphexavirus,Saphexavirus SSsP1,dsDNA
2683673,1351.0,Enterococcus faecalis,Duplodnaviria,Heunggongvirae,Uroviricota,Caudoviricetes,Caudoviricetes incertae sedis,Delfunavirus,Delfunavirus delf1,dsDNA
2730536,1350.0,Enterococcus,Duplodnaviria,Heunggongvirae,Uroviricota,Caudoviricetes,Caudoviricetes incertae sedis,Vipetofemvirus,Vipetofemvirus vv140,dsDNA
2175688,1351.0,Enterococcus faecalis,Duplodnaviria,Heunggongvirae,Uroviricota,Caudoviricetes,Caudoviricetes incertae sedis,Efquatrovirus,Efquatrovirus AL2,dsDNA
2175687,1351.0,Enterococcus faecalis,Duplodnaviria,Heunggongvirae,Uroviricota,Caudoviricetes,Caudoviricetes incertae sedis,Efquatrovirus,Efquatrovirus AL3,dsDNA
1747289,1351.0,Enterococcus faecalis,Duplodnaviria,Heunggongvirae,Uroviricota,Caudoviricetes,Caudoviricetes incertae sedis,Efquatrovirus,Efquatrovirus IME196,dsDNA
3366567,1352.0,Enterococcus faecium,Duplodnaviria,Heunggongvirae,Uroviricota,Caudoviricetes,Caudoviricetes incertae sedis,Vipetofemvirus,unclassified Vipetofemvirus,dsDNA
2970334,1352.0,Enterococcus faecium,Duplodnaviria,Heunggongvirae,Uroviricota,Caudoviricetes,Caudoviricetes incertae sedis,Efemunavirus,Efemunavirus Lg62,dsDNA
2831679,1352.0,Enterococcus faecium,Duplodnaviria,Heunggongvirae,Uroviricota,Caudoviricetes,Caudoviricetes incertae sedis,Amiranvirus,Amiranvirus Gecefs9,dsDNA
1458851,525271.0,Enterococcus faecalis ATCC 29200,Duplodnaviria,Heunggongvirae,Uroviricota,Caudoviricetes,Caudoviricetes incertae sedis,Saphexavirus,Saphexavirus VD13,dsDNA
2859528,35783.0,Enterococcus sp.,Duplodnaviria,Heunggongvirae,Uroviricota,Caudoviricetes,Caudoviricetes incertae sedis,Vespunovirus,Vespunovirus vesp1,dsDNA
2719594,226185.0,Enterococcus faecalis V583,Duplodnaviria,Heunggongvirae,Uroviricota,Caudoviricetes,Caudoviricetes incertae sedis,Vipetofemvirus,Vipetofemvirus vipetofem,dsDNA
1813887,1350.0,Enterococcus,Duplodnaviria,Heunggongvirae,Uroviricota,Caudoviricetes,Andrewesvirinae,unclassified Andrewesvirinae,,dsDNA
2086641,2021366.0,Entoleuca sp.,Riboviria,Orthornavirae,Kitrinoviricota,Alsuviricetes,Tymovirales,Gammaflexiviridae,Gammaflexivirus,+ssRNA
2086642,2021366.0,Entoleuca sp.,Riboviria,Orthornavirae,Kitrinoviricota,Alsuviricetes,Tymovirales,Gammaflexiviridae,Xylavirus,+ssRNA
2086648,2021366.0,Entoleuca sp.,Riboviria,Orthornavirae,Lenarviricota,Miaviricetes,Ourlivirales,Botourmiaviridae,Betabotoulivirus,+ssRNA
166056,437486.0,Epinotia aporema,Viruses incertae sedis,Naldaviricetes,Lefavirales,Baculoviridae,Betabaculovirus,Betabaculovirus epaporemae,,
70600,7088.0,Lepidoptera,Viruses incertae sedis,Naldaviricetes,Lefavirales,Baculoviridae,Alphabaculovirus,Alphabaculovirus eppostvittanae,,
1307803,9796.0,Equus caballus,Riboviria,Orthornavirae,Kitrinoviricota,Flasuviricetes,Amarillovirales,Flaviviridae,Pegivirus,+ssRNA
638358,38414.0,Eragrostis curvula,Monodnaviria,Shotokuvirae,Cressdnaviricota,Repensiviricetes,Geplafuvirales,Geminiviridae,Eragrovirus,
2913600,722663.0,Erannis ankeraria,Viruses incertae sedis,Naldaviricetes,Lefavirales,Baculoviridae,Alphabaculovirus,Alphabaculovirus erankerariae,,
307444,325935.0,Erinnyis ello,Viruses incertae sedis,Naldaviricetes,Lefavirales,Baculoviridae,Betabaculovirus,Betabaculovirus erellonis,,
2869568,182337.0,Erwinia billingiae,Duplodnaviria,Heunggongvirae,Uroviricota,Caudoviricetes,Caudoviricetes incertae sedis,Ahotrevirus,Ahotrevirus AH03,dsDNA
2869569,182337.0,Erwinia billingiae,Duplodnaviria,Heunggongvirae,Uroviricota,Caudoviricetes,Caudoviricetes incertae sedis,Chimalliviridae,Meadowvirus,dsDNA
2869570,182337.0,Erwinia billingiae,Duplodnaviria,Heunggongvirae,Uroviricota,Caudoviricetes,Caudoviricetes incertae sedis,Chimalliviridae,Agricanvirus,dsDNA
1429767,552.0,Erwinia amylovora,Duplodnaviria,Heunggongvirae,Uroviricota,Caudoviricetes,Caudoviricetes incertae sedis,Schitoviridae,Erskinevirinae,dsDNA
947843,552.0,Erwinia amylovora,Duplodnaviria,Heunggongvirae,Uroviricota,Caudoviricetes,Caudoviricetes incertae sedis,Peduoviridae,Entnonagintavirus,dsDNA
2014586,65700.0,Erwinia tracheiphila,Duplodnaviria,Heunggongvirae,Uroviricota,Caudoviricetes,Caudoviricetes incertae sedis,Peduoviridae,Eganvirus,dsDNA
2678601,552.0,Erwinia amylovora,Duplodnaviria,Heunggongvirae,Uroviricota,Caudoviricetes,Caudoviricetes incertae sedis,Henunavirus,Henunavirus hena1,dsDNA
2821255,549.0,Pantoea agglomerans,Duplodnaviria,Heunggongvirae,Uroviricota,Caudoviricetes,Caudoviricetes incertae sedis,Demerecviridae,Keyvirus,dsDNA
1883375,552.0,Erwinia amylovora,Duplodnaviria,Heunggongvirae,Uroviricota,Caudoviricetes,Caudoviricetes incertae sedis,Chimalliviridae,Machinavirus,dsDNA
2663326,55211.0,Erwinia persicina,Duplodnaviria,Heunggongvirae,Uroviricota,Caudoviricetes,Caudoviricetes incertae sedis,Midgardsormrvirus,Midgardsormrvirus midgardsormr38,dsDNA
3141526,558.0,Erwinia sp.,Duplodnaviria,Heunggongvirae,Uroviricota,Caudoviricetes,Caudoviricetes incertae sedis,Schitoviridae,Efbeekayvirus,dsDNA
3056489,552.0,Erwinia amylovora,Duplodnaviria,Heunggongvirae,Uroviricota,Caudoviricetes,Caudoviricetes incertae sedis,Schitoviridae,Waedenswilvirus,dsDNA
2267655,552.0,Erwinia amylovora,Duplodnaviria,Heunggongvirae,Uroviricota,Caudoviricetes,Caudoviricetes incertae sedis,Pavtokvirus,Pavtokvirus pavtok,dsDNA
2776820,552.0,Erwinia amylovora,Monodnaviria,Loebvirae,Hofneiviricota,Faserviricetes,Tubulavirales,Inoviridae,Lineavirus,
2869543,552.0,Erwinia amylovora,Duplodnaviria,Heunggongvirae,Uroviricota,Caudoviricetes,Caudoviricetes incertae sedis,Alexandravirus,Alexandravirus SNUABM1,dsDNA
2859245,552.0,Erwinia amylovora,Duplodnaviria,Heunggongvirae,Uroviricota,Caudoviricetes,Caudoviricetes incertae sedis,Chimalliviridae,Wellingtonvirus,dsDNA
2768773,552.0,Erwinia amylovora,Duplodnaviria,Heunggongvirae,Uroviricota,Caudoviricetes,Caudoviricetes incertae sedis,Eneladusvirus,Eneladusvirus BF,dsDNA
2869544,552.0,Erwinia amylovora,Duplodnaviria,Heunggongvirae,Uroviricota,Caudoviricetes,Caudoviricetes incertae sedis,Alexandravirus,Alexandravirus SNUABM16,dsDNA
2869545,552.0,Erwinia amylovora,Duplodnaviria,Heunggongvirae,Uroviricota,Caudoviricetes,Caudoviricetes incertae sedis,Alexandravirus,Alexandravirus SNUABM17,dsDNA
2869546,552.0,Erwinia amylovora,Duplodnaviria,Heunggongvirae,Uroviricota,Caudoviricetes,Caudoviricetes incertae sedis,Alexandravirus,unclassified Alexandravirus,dsDNA
2869547,552.0,Erwinia amylovora,Duplodnaviria,Heunggongvirae,Uroviricota,Caudoviricetes,Caudoviricetes incertae sedis,Alexandravirus,Alexandravirus SNUABM2,dsDNA
2869549,552.0,Erwinia amylovora,Duplodnaviria,Heunggongvirae,Uroviricota,Caudoviricetes,Caudoviricetes incertae sedis,Alexandravirus,Alexandravirus SNUABM22,dsDNA
2869552,552.0,Erwinia amylovora,Duplodnaviria,Heunggongvirae,Uroviricota,Caudoviricetes,Caudoviricetes incertae sedis,Alexandravirus,Alexandravirus SNUABM3,dsDNA
2869553,552.0,Erwinia amylovora,Duplodnaviria,Heunggongvirae,Uroviricota,Caudoviricetes,Caudoviricetes incertae sedis,Alexandravirus,Alexandravirus SNUABM30,dsDNA
2869555,552.0,Erwinia amylovora,Duplodnaviria,Heunggongvirae,Uroviricota,Caudoviricetes,Caudoviricetes incertae sedis,Alexandravirus,Alexandravirus SNUABM32,dsDNA
2869556,552.0,Erwinia amylovora,Duplodnaviria,Heunggongvirae,Uroviricota,Caudoviricetes,Caudoviricetes incertae sedis,Alexandravirus,Alexandravirus SNUABM33,dsDNA
2869557,552.0,Erwinia amylovora,Duplodnaviria,Heunggongvirae,Uroviricota,Caudoviricetes,Caudoviricetes incertae sedis,Alexandravirus,Alexandravirus SNUABM35,dsDNA
2797313,552.0,Erwinia amylovora,Duplodnaviria,Heunggongvirae,Uroviricota,Caudoviricetes,Caudoviricetes incertae sedis,Rivsvirus,Rivsvirus SNUABM5,dsDNA
2985656,552.0,Erwinia amylovora,Duplodnaviria,Heunggongvirae,Uroviricota,Caudoviricetes,Caudoviricetes incertae sedis,Henunavirus,unclassified Henunavirus,dsDNA
2866695,552.0,Erwinia amylovora,Duplodnaviria,Heunggongvirae,Uroviricota,Caudoviricetes,Caudoviricetes incertae sedis,Snuvirus,Snuvirus SNUABM7,dsDNA
1131315,79967.0,Erwinia pyrifoliae,Duplodnaviria,Heunggongvirae,Uroviricota,Caudoviricetes,Caudoviricetes incertae sedis,Pavtokvirus,Pavtokvirus PEp14,dsDNA
2601643,79967.0,Erwinia pyrifoliae,Duplodnaviria,Heunggongvirae,Uroviricota,Caudoviricetes,Caudoviricetes incertae sedis,Henunavirus,Henunavirus SNUABM01,dsDNA
2593268,79967.0,Erwinia pyrifoliae,Duplodnaviria,Heunggongvirae,Uroviricota,Caudoviricetes,Caudoviricetes incertae sedis,Casjensviridae,Gwanakrovirus,dsDNA
2869561,552.0,Erwinia amylovora,Duplodnaviria,Heunggongvirae,Uroviricota,Caudoviricetes,Caudoviricetes incertae sedis,Sasquatchvirus,Sasquatchvirus Y3,dsDNA
1564096,552.0,Erwinia amylovora,Duplodnaviria,Heunggongvirae,Uroviricota,Caudoviricetes,Pantevenvirales,Ackermannviridae,Nezavisimistyvirus,dsDNA
1401669,552.0,Erwinia amylovora,Duplodnaviria,Heunggongvirae,Uroviricota,Caudoviricetes,Caudoviricetes incertae sedis,Chimalliviridae,Iapetusvirus,dsDNA
1029988,552.0,Erwinia amylovora,Duplodnaviria,Heunggongvirae,Uroviricota,Caudoviricetes,Caudoviricetes incertae sedis,Chimalliviridae,Erskinevirus,dsDNA
2851075,558.0,Erwinia sp.,Duplodnaviria,Heunggongvirae,Uroviricota,Caudoviricetes,Caudoviricetes incertae sedis,Drexlerviridae,unclassified Drexlerviridae,dsDNA
2995679,552.0,Erwinia amylovora,Duplodnaviria,Heunggongvirae,Uroviricota,Caudoviricetes,Caudoviricetes incertae sedis,Pavtokvirus,unclassified Pavtokvirus,dsDNA
2201424,552.0,Erwinia amylovora,Duplodnaviria,Heunggongvirae,Uroviricota,Caudoviricetes,Caudoviricetes incertae sedis,Alexandravirus,Alexandravirus alexandra,dsDNA
2026081,552.0,Erwinia amylovora,Duplodnaviria,Heunggongvirae,Uroviricota,Caudoviricetes,Caudoviricetes incertae sedis,Chimalliviridae,Risingsunvirus,dsDNA
2591372,552.0,Erwinia amylovora,Duplodnaviria,Heunggongvirae,Uroviricota,Caudoviricetes,Caudoviricetes incertae sedis,Lindbergviridae,Myosmarvirus,dsDNA
1958956,552.0,Erwinia amylovora,Duplodnaviria,Heunggongvirae,Uroviricota,Caudoviricetes,Caudoviricetes incertae sedis,Yoloswagvirus,Yoloswagvirus yoloswag,dsDNA
2283026,551.0,Erwinia,Duplodnaviria,Heunggongvirae,Uroviricota,Caudoviricetes,Caudoviricetes incertae sedis,Feofaniavirus,Feofaniavirus Eho49,dsDNA
2283025,551.0,Erwinia,Duplodnaviria,Heunggongvirae,Uroviricota,Caudoviricetes,Caudoviricetes incertae sedis,Feofaniavirus,Feofaniavirus Eho59,dsDNA
2736513,52586.0,Erysiphe necator,Riboviria,Orthornavirae,Lenarviricota,Leviviricetes,Norzivirales,Fiersviridae,unclassified Fiersviridae,+ssRNA
1508672,83334.0,Escherichia coli O157:H7,Duplodnaviria,Heunggongvirae,Uroviricota,Caudoviricetes,Caudoviricetes incertae sedis,Uetakevirus,Uetakevirus phiV10,dsDNA
1508676,83334.0,Escherichia coli O157:H7,Duplodnaviria,Heunggongvirae,Uroviricota,Caudoviricetes,Caudoviricetes incertae sedis,Vequintavirus,Vequintavirus TP14,dsDNA
1508679,83334.0,Escherichia coli O157:H7,Duplodnaviria,Heunggongvirae,Uroviricota,Caudoviricetes,Caudoviricetes incertae sedis,Vequintavirus,Vequintavirus JES2013,dsDNA
1508680,83334.0,Escherichia coli O157:H7,Duplodnaviria,Heunggongvirae,Uroviricota,Caudoviricetes,Caudoviricetes incertae sedis,Vequintavirus,Vequintavirus V5,dsDNA
3117707,562.0,Escherichia coli,Duplodnaviria,Heunggongvirae,Uroviricota,Caudoviricetes,Caudoviricetes incertae sedis,Mktvariviridae,Gordonclarkvirinae,dsDNA
1555202,562.0,Escherichia coli,Duplodnaviria,Heunggongvirae,Uroviricota,Caudoviricetes,Caudoviricetes incertae sedis,Asteriusvirus,Asteriusvirus av121Q,dsDNA
2883041,561.0,Escherichia,Duplodnaviria,Heunggongvirae,Uroviricota,Caudoviricetes,Caudoviricetes incertae sedis,Avunavirus,unclassified Avunavirus,dsDNA
2847055,561.0,Escherichia,Duplodnaviria,Heunggongvirae,Uroviricota,Caudoviricetes,Caudoviricetes incertae sedis,Jouyvirus,Jouyvirus jv1H12,dsDNA
2915327,562.0,Escherichia coli,Duplodnaviria,Heunggongvirae,Uroviricota,Caudoviricetes,Caudoviricetes incertae sedis,Bievrevirus,unclassified Bievrevirus,dsDNA
2910191,562.0,Escherichia coli,Duplodnaviria,Heunggongvirae,Uroviricota,Caudoviricetes,Caudoviricetes incertae sedis,Jouyvirus,unclassified Jouyvirus,dsDNA
2847056,561.0,Escherichia,Duplodnaviria,Heunggongvirae,Uroviricota,Caudoviricetes,Caudoviricetes incertae sedis,Alegriavirus,Alegriavirus av2B8,dsDNA
2847057,561.0,Escherichia,Duplodnaviria,Heunggongvirae,Uroviricota,Caudoviricetes,Caudoviricetes incertae sedis,Nesevirus,Nesevirus nv2G7b,dsDNA
2847058,561.0,Escherichia,Duplodnaviria,Heunggongvirae,Uroviricota,Caudoviricetes,Caudoviricetes incertae sedis,Glaedevirus,Glaedevirus gv2H10,dsDNA
1541872,562.0,Escherichia coli,Duplodnaviria,Heunggongvirae,Uroviricota,Caudoviricetes,Caudoviricetes incertae sedis,Alegriavirus,unclassified Alegriavirus,dsDNA
2847059,561.0,Escherichia,Duplodnaviria,Heunggongvirae,Uroviricota,Caudoviricetes,Caudoviricetes incertae sedis,Bievrevirus,Bievrevirus bv4A7,dsDNA
1391428,83333.0,Escherichia coli K-12,Duplodnaviria,Heunggongvirae,Uroviricota,Caudoviricetes,Caudoviricetes incertae sedis,Seunavirus,Seunavirus 4MG,dsDNA
2915329,562.0,Escherichia coli,Duplodnaviria,Heunggongvirae,Uroviricota,Caudoviricetes,Caudoviricetes incertae sedis,Lambdavirus,Lambdavirus lambda,dsDNA
2716351,562.0,Escherichia coli,Duplodnaviria,Heunggongvirae,Uroviricota,Caudoviricetes,Caudoviricetes incertae sedis,Peduoviridae,Wadgaonvirus,dsDNA
2716352,562.0,Escherichia coli,Duplodnaviria,Heunggongvirae,Uroviricota,Caudoviricetes,Caudoviricetes incertae sedis,Peduoviridae,Gemsvirus,dsDNA
10730,155864.0,Escherichia coli O157:H7 str. EDL933,Duplodnaviria,Heunggongvirae,Uroviricota,Caudoviricetes,Caudoviricetes incertae sedis,Traversvirus,Traversvirus tv933W,dsDNA
2950725,591946.0,Escherichia coli LF82,Duplodnaviria,Heunggongvirae,Uroviricota,Caudoviricetes,Caudoviricetes incertae sedis,Asteriusvirus,unclassified Asteriusvirus,dsDNA
2950726,591946.0,Escherichia coli LF82,Duplodnaviria,Heunggongvirae,Uroviricota,Caudoviricetes,Caudoviricetes incertae sedis,Vequintavirus,Vequintavirus A512,dsDNA
3003819,511145.0,Escherichia coli str. K-12 substr. MG1655,Duplodnaviria,Heunggongvirae,Uroviricota,Caudoviricetes,Caudoviricetes incertae sedis,Septuagintavirus,Septuagintavirus A73,dsDNA
2852028,83333.0,Escherichia coli K-12,Duplodnaviria,Heunggongvirae,Uroviricota,Caudoviricetes,Caudoviricetes incertae sedis,Vequintavirus,Vequintavirus alexboehm,dsDNA
2852040,83333.0,Escherichia coli K-12,Duplodnaviria,Heunggongvirae,Uroviricota,Caudoviricetes,Caudoviricetes incertae sedis,Schitoviridae,Enquatrovirinae,dsDNA
2696379,511145.0,Escherichia coli str. K-12 substr. MG1655,Duplodnaviria,Heunggongvirae,Uroviricota,Caudoviricetes,Caudoviricetes incertae sedis,Justusliebigvirus,Justusliebigvirus alia,dsDNA
2696383,511145.0,Escherichia coli str. K-12 substr. MG1655,Duplodnaviria,Heunggongvirae,Uroviricota,Caudoviricetes,Caudoviricetes incertae sedis,Phapecoctavirus,Phapecoctavirus anhysbys,dsDNA
1655314,562.0,Escherichia coli,Duplodnaviria,Heunggongvirae,Uroviricota,Caudoviricetes,Caudoviricetes incertae sedis,Vequintavirus,Vequintavirus nomine,dsDNA
1983463,577669.0,Escherichia coli O145:H-,Duplodnaviria,Heunggongvirae,Uroviricota,Caudoviricetes,Caudoviricetes incertae sedis,Oslovirus,Oslovirus ArgO145,dsDNA
1527519,83334.0,Escherichia coli O157:H7,Duplodnaviria,Heunggongvirae,Uroviricota,Caudoviricetes,Caudoviricetes incertae sedis,Avunavirus,Avunavirus Av05,dsDNA
3077269,562.0,Escherichia coli,Duplodnaviria,Heunggongvirae,Uroviricota,Caudoviricetes,Caudoviricetes incertae sedis,Mydovirus,unclassified Mydovirus,dsDNA
3077272,562.0,Escherichia coli,Duplodnaviria,Heunggongvirae,Uroviricota,Caudoviricetes,Caudoviricetes incertae sedis,Rosemountvirus,unclassified Rosemountvirus,dsDNA
3077273,562.0,Escherichia coli,Duplodnaviria,Heunggongvirae,Uroviricota,Caudoviricetes,Caudoviricetes incertae sedis,Lindbergviridae,Wifcevirus,dsDNA
2060112,1884818.0,Escherichia sp.,Duplodnaviria,Heunggongvirae,Uroviricota,Caudoviricetes,Caudoviricetes incertae sedis,Dhillonvirus,Dhillonvirus B2,dsDNA
2835936,562.0,Escherichia coli,Duplodnaviria,Heunggongvirae,Uroviricota,Caudoviricetes,Caudoviricetes incertae sedis,Dhillonvirus,Dhillonvirus BF9,dsDNA
2696386,511145.0,Escherichia coli str. K-12 substr. MG1655,Duplodnaviria,Heunggongvirae,Uroviricota,Caudoviricetes,Caudoviricetes incertae sedis,Dhillonvirus,Dhillonvirus bob,dsDNA
2488948,562.0,Escherichia coli,Duplodnaviria,Heunggongvirae,Uroviricota,Caudoviricetes,Caudoviricetes incertae sedis,Nonagvirus,unclassified Nonagvirus,dsDNA
3117391,1884818.0,Escherichia sp.,Duplodnaviria,Heunggongvirae,Uroviricota,Caudoviricetes,Caudoviricetes incertae sedis,Drexlerviridae,Nouzillyvirus,dsDNA
2340716,562.0,Escherichia coli,Duplodnaviria,Heunggongvirae,Uroviricota,Caudoviricetes,Caudoviricetes incertae sedis,Deseoctovirus,Deseoctovirus C1,dsDNA
2234093,543.0,Enterobacteriaceae,Duplodnaviria,Heunggongvirae,Uroviricota,Caudoviricetes,Caudoviricetes incertae sedis,Hungariovirus,Hungariovirus C1302,dsDNA
1610828,83333.0,Escherichia coli K-12,Duplodnaviria,Heunggongvirae,Uroviricota,Caudoviricetes,Caudoviricetes incertae sedis,Seuratvirus,Seuratvirus cajan,dsDNA
2904709,591946.0,Escherichia coli LF82,Duplodnaviria,Heunggongvirae,Uroviricota,Caudoviricetes,Caudoviricetes incertae sedis,Peduoviridae,Elveevirus,dsDNA
2565596,562.0,Escherichia coli,Duplodnaviria,Heunggongvirae,Uroviricota,Caudoviricetes,Caudoviricetes incertae sedis,Dhillonvirus,Dhillonvirus CECKaz2018,dsDNA
665033,562.0,Escherichia coli,Duplodnaviria,Heunggongvirae,Uroviricota,Caudoviricetes,Caudoviricetes incertae sedis,Muvirus,Muvirus mu,dsDNA
482822,469008.0,Escherichia coli BL21(DE3),Duplodnaviria,Heunggongvirae,Uroviricota,Caudoviricetes,Caudoviricetes incertae sedis,Lambdavirus,Lambdavirus DE3,dsDNA
2852022,83333.0,Escherichia coli K-12,Duplodnaviria,Heunggongvirae,Uroviricota,Caudoviricetes,Caudoviricetes incertae sedis,Vequintavirus,Vequintavirus drschubert,dsDNA
2936906,562.0,Escherichia coli,Duplodnaviria,Heunggongvirae,Uroviricota,Caudoviricetes,Caudoviricetes incertae sedis,Dhillonvirus,Dhillonvirus EC115,dsDNA
1498172,562.0,Escherichia coli,Duplodnaviria,Heunggongvirae,Uroviricota,Caudoviricetes,Autographivirales,Autographivirales incertae sedis,Gajwadongvirus,dsDNA
2015807,511145.0,Escherichia coli str. K-12 substr. MG1655,Duplodnaviria,Heunggongvirae,Uroviricota,Caudoviricetes,Caudoviricetes incertae sedis,Wongtaivirus,Wongtaivirus ECP1,dsDNA
2852031,83333.0,Escherichia coli K-12,Duplodnaviria,Heunggongvirae,Uroviricota,Caudoviricetes,Caudoviricetes incertae sedis,Vequintavirus,Vequintavirus eduardkellenberger,dsDNA
3389964,562.0,Escherichia coli,Duplodnaviria,Heunggongvirae,Uroviricota,Caudoviricetes,Caudoviricetes incertae sedis,Schitoviridae,Cbunavirus,dsDNA
1527514,562.0,Escherichia coli,Duplodnaviria,Heunggongvirae,Uroviricota,Caudoviricetes,Caudoviricetes incertae sedis,Dhillonvirus,Dhillonvirus EK99P1,dsDNA
2852021,83333.0,Escherichia coli K-12,Duplodnaviria,Heunggongvirae,Uroviricota,Caudoviricetes,Caudoviricetes incertae sedis,Vequintavirus,Vequintavirus emilheitz,dsDNA
1883200,562.0,Escherichia coli,Duplodnaviria,Heunggongvirae,Uroviricota,Caudoviricetes,Caudoviricetes incertae sedis,Dhillonvirus,Dhillonvirus envy,dsDNA
1881104,562.0,Escherichia coli,Duplodnaviria,Heunggongvirae,Uroviricota,Caudoviricetes,Caudoviricetes incertae sedis,Phapecoctavirus,Phapecoctavirus ESCO13,dsDNA
1897495,562.0,Escherichia coli,Duplodnaviria,Heunggongvirae,Uroviricota,Caudoviricetes,Caudoviricetes incertae sedis,Phapecoctavirus,Phapecoctavirus ESCO5,dsDNA
2695850,561.0,Escherichia,Duplodnaviria,Heunggongvirae,Uroviricota,Caudoviricetes,Caudoviricetes incertae sedis,Peduoviridae,Quadragintavirus,dsDNA
2695847,561.0,Escherichia,Duplodnaviria,Heunggongvirae,Uroviricota,Caudoviricetes,Caudoviricetes incertae sedis,Peduoviridae,Evevirus,dsDNA
3119066,562.0,Escherichia coli,Duplodnaviria,Heunggongvirae,Uroviricota,Caudoviricetes,Caudoviricetes incertae sedis,Jilinvirus,unclassified Jilinvirus,dsDNA
2847060,561.0,Escherichia,Duplodnaviria,Heunggongvirae,Uroviricota,Caudoviricetes,Caudoviricetes incertae sedis,Jouyvirus,Jouyvirus ev017,dsDNA
2847061,561.0,Escherichia,Duplodnaviria,Heunggongvirae,Uroviricota,Caudoviricetes,Caudoviricetes incertae sedis,Radostvirus,Radostvirus ev099,dsDNA
2847062,561.0,Escherichia,Duplodnaviria,Heunggongvirae,Uroviricota,Caudoviricetes,Caudoviricetes incertae sedis,Jouyvirus,Jouyvirus ev207,dsDNA
2847063,561.0,Escherichia,Duplodnaviria,Heunggongvirae,Uroviricota,Caudoviricetes,Caudoviricetes incertae sedis,Nesevirus,Nesevirus ev243,dsDNA
1131317,562.0,Escherichia coli,Duplodnaviria,Heunggongvirae,Uroviricota,Caudoviricetes,Caudoviricetes incertae sedis,Vequintavirus,Vequintavirus SYGMH1,dsDNA
2851980,83333.0,Escherichia coli K-12,Duplodnaviria,Heunggongvirae,Uroviricota,Caudoviricetes,Caudoviricetes incertae sedis,Dhillonvirus,Dhillonvirus georgbuechner,dsDNA
2070178,562.0,Escherichia coli,Duplodnaviria,Heunggongvirae,Uroviricota,Caudoviricetes,Caudoviricetes incertae sedis,Oslovirus,unclassified Oslovirus,dsDNA
1883202,562.0,Escherichia coli,Duplodnaviria,Heunggongvirae,Uroviricota,Caudoviricetes,Caudoviricetes incertae sedis,Dhillonvirus,Dhillonvirus gluttony,dsDNA
2742948,561.0,Escherichia,Duplodnaviria,Heunggongvirae,Uroviricota,Caudoviricetes,Caudoviricetes incertae sedis,Dhillonvirus,Dhillonvirus gluttonyev152,dsDNA
2234092,511145.0,Escherichia coli str. K-12 substr. MG1655,Duplodnaviria,Heunggongvirae,Uroviricota,Caudoviricetes,Caudoviricetes incertae sedis,Halfdanvirus,Halfdanvirus halfdan,dsDNA
2681618,562.0,Escherichia coli,Duplodnaviria,Heunggongvirae,Uroviricota,Caudoviricetes,Caudoviricetes incertae sedis,Shamshuipovirus,Shamshuipovirus HK022,dsDNA
432198,562.0,Escherichia coli,Duplodnaviria,Heunggongvirae,Uroviricota,Caudoviricetes,Caudoviricetes incertae sedis,Wanchaivirus,Wanchaivirus HK106,dsDNA
1147145,562.0,Escherichia coli,Duplodnaviria,Heunggongvirae,Uroviricota,Caudoviricetes,Caudoviricetes incertae sedis,Kwaitsingvirus,Kwaitsingvirus HK446,dsDNA
432200,562.0,Escherichia coli,Duplodnaviria,Heunggongvirae,Uroviricota,Caudoviricetes,Caudoviricetes incertae sedis,Wongtaivirus,Wongtaivirus HK542,dsDNA
432201,562.0,Escherichia coli,Duplodnaviria,Heunggongvirae,Uroviricota,Caudoviricetes,Caudoviricetes incertae sedis,Kwaitsingvirus,Kwaitsingvirus HK544,dsDNA
1147142,562.0,Escherichia coli,Duplodnaviria,Heunggongvirae,Uroviricota,Caudoviricetes,Caudoviricetes incertae sedis,Dhillonvirus,Dhillonvirus HK578,dsDNA
1147148,562.0,Escherichia coli,Duplodnaviria,Heunggongvirae,Uroviricota,Caudoviricetes,Caudoviricetes incertae sedis,Lambdavirus,Lambdavirus HK629,dsDNA
1147146,562.0,Escherichia coli,Duplodnaviria,Heunggongvirae,Uroviricota,Caudoviricetes,Caudoviricetes incertae sedis,Lambdavirus,Lambdavirus HK630,dsDNA
1147147,562.0,Escherichia coli,Duplodnaviria,Heunggongvirae,Uroviricota,Caudoviricetes,Caudoviricetes incertae sedis,Saikungvirus,Saikungvirus HK633,dsDNA
906668,83333.0,Escherichia coli K-12,Duplodnaviria,Heunggongvirae,Uroviricota,Caudoviricetes,Caudoviricetes incertae sedis,Saikungvirus,Saikungvirus HK75,dsDNA
2681617,562.0,Escherichia coli,Duplodnaviria,Heunggongvirae,Uroviricota,Caudoviricetes,Caudoviricetes incertae sedis,Byrnievirus,Byrnievirus HK97,dsDNA
10868,562.0,Escherichia coli,Monodnaviria,Loebvirae,Hofneiviricota,Faserviricetes,Tubulavirales,Inoviridae,Infulavirus,
2696411,511145.0,Escherichia coli str. K-12 substr. MG1655,Duplodnaviria,Heunggongvirae,Uroviricota,Caudoviricetes,Caudoviricetes incertae sedis,Dhillonvirus,Dhillonvirus jat,dsDNA
2759218,562.0,Escherichia coli,Duplodnaviria,Heunggongvirae,Uroviricota,Caudoviricetes,Caudoviricetes incertae sedis,Vequintavirus,Vequintavirus JEP1,dsDNA
2772056,562.0,Escherichia coli,Duplodnaviria,Heunggongvirae,Uroviricota,Caudoviricetes,Caudoviricetes incertae sedis,Rosemountvirus,Rosemountvirus yarpen,dsDNA
2681620,83334.0,Escherichia coli O157:H7,Duplodnaviria,Heunggongvirae,Uroviricota,Caudoviricetes,Caudoviricetes incertae sedis,Dhillonvirus,Dhillonvirus JL1,dsDNA
2930398,562.0,Escherichia coli,Duplodnaviria,Heunggongvirae,Uroviricota,Caudoviricetes,Caudoviricetes incertae sedis,Punavirus,unclassified Punavirus,dsDNA
2894747,83333.0,Escherichia coli K-12,Duplodnaviria,Heunggongvirae,Uroviricota,Caudoviricetes,Caudoviricetes incertae sedis,Dhillonvirus,Dhillonvirus JLBYU37,dsDNA
2894753,83333.0,Escherichia coli K-12,Duplodnaviria,Heunggongvirae,Uroviricota,Caudoviricetes,Caudoviricetes incertae sedis,Dhillonvirus,Dhillonvirus JLBYU60,dsDNA
1147722,244320.0,Escherichia coli O55:H7,Duplodnaviria,Heunggongvirae,Uroviricota,Caudoviricetes,Caudoviricetes incertae sedis,Marienburgvirus,Marienburgvirus JLK2012,dsDNA
2852025,83333.0,Escherichia coli K-12,Duplodnaviria,Heunggongvirae,Uroviricota,Caudoviricetes,Caudoviricetes incertae sedis,Vequintavirus,Vequintavirus slur16,dsDNA
2851981,83333.0,Escherichia coli K-12,Duplodnaviria,Heunggongvirae,Uroviricota,Caudoviricetes,Caudoviricetes incertae sedis,Dhillonvirus,Dhillonvirus karlbarth,dsDNA
2233993,561.0,Escherichia,Duplodnaviria,Heunggongvirae,Uroviricota,Caudoviricetes,Caudoviricetes incertae sedis,Vequintavirus,Vequintavirus LL12,dsDNA
2724331,83334.0,Escherichia coli O157:H7,Duplodnaviria,Heunggongvirae,Uroviricota,Caudoviricetes,Caudoviricetes incertae sedis,Traversvirus,Traversvirus P27,dsDNA
2590400,1055538.0,Escherichia coli O145,Duplodnaviria,Heunggongvirae,Uroviricota,Caudoviricetes,Caudoviricetes incertae sedis,Oslovirus,Oslovirus Lyz12581Vzw,dsDNA
2852026,83333.0,Escherichia coli K-12,Duplodnaviria,Heunggongvirae,Uroviricota,Caudoviricetes,Caudoviricetes incertae sedis,Vequintavirus,Vequintavirus maxburger,dsDNA
2696416,511145.0,Escherichia coli str. K-12 substr. MG1655,Duplodnaviria,Heunggongvirae,Uroviricota,Caudoviricetes,Caudoviricetes incertae sedis,Dhillonvirus,Dhillonvirus mckay,dsDNA
1147157,562.0,Escherichia coli,Duplodnaviria,Heunggongvirae,Uroviricota,Caudoviricetes,Caudoviricetes incertae sedis,Wanchaivirus,Wanchaivirus mEp234,dsDNA
1147153,562.0,Escherichia coli,Duplodnaviria,Heunggongvirae,Uroviricota,Caudoviricetes,Caudoviricetes incertae sedis,Cuauhtlivirus,Cuauhtlivirus mEpX1,dsDNA
1147154,562.0,Escherichia coli,Duplodnaviria,Heunggongvirae,Uroviricota,Caudoviricetes,Caudoviricetes incertae sedis,Shamshuipovirus,Shamshuipovirus mEpX2,dsDNA
489779,83334.0,Escherichia coli O157:H7,Duplodnaviria,Heunggongvirae,Uroviricota,Caudoviricetes,Caudoviricetes incertae sedis,Traversvirus,Traversvirus min27,dsDNA
2743961,562.0,Escherichia coli,Duplodnaviria,Heunggongvirae,Uroviricota,Caudoviricetes,Caudoviricetes incertae sedis,Phapecoctavirus,Phapecoctavirus Mt1B1P17,dsDNA
2696426,511145.0,Escherichia coli str. K-12 substr. MG1655,Duplodnaviria,Heunggongvirae,Uroviricota,Caudoviricetes,Caudoviricetes incertae sedis,Justusliebigvirus,Justusliebigvirus muut,dsDNA
1604876,562.0,Escherichia coli,Duplodnaviria,Heunggongvirae,Uroviricota,Caudoviricetes,Caudoviricetes incertae sedis,Ravinvirus,Ravinvirus N15,dsDNA
2696430,83333.0,Escherichia coli K-12,Duplodnaviria,Heunggongvirae,Uroviricota,Caudoviricetes,Caudoviricetes incertae sedis,Vequintavirus,Vequintavirus navn,dsDNA
2696431,511145.0,Escherichia coli str. K-12 substr. MG1655,Duplodnaviria,Heunggongvirae,Uroviricota,Caudoviricetes,Caudoviricetes incertae sedis,Phapecoctavirus,Phapecoctavirus nepoznato,dsDNA
2696432,511145.0,Escherichia coli str. K-12 substr. MG1655,Duplodnaviria,Heunggongvirae,Uroviricota,Caudoviricetes,Caudoviricetes incertae sedis,Phapecoctavirus,Phapecoctavirus nieznany,dsDNA
2696434,83333.0,Escherichia coli K-12,Duplodnaviria,Heunggongvirae,Uroviricota,Caudoviricetes,Caudoviricetes incertae sedis,Vequintavirus,Vequintavirus nom,dsDNA
2851982,83333.0,Escherichia coli K-12,Duplodnaviria,Heunggongvirae,Uroviricota,Caudoviricetes,Caudoviricetes incertae sedis,Dhillonvirus,Dhillonvirus oekolampad,dsDNA
1150869,1206746.0,Escherichia coli O104:H4 str. CB13374,Duplodnaviria,Heunggongvirae,Uroviricota,Caudoviricetes,Caudoviricetes incertae sedis,Oslovirus,Oslovirus ov191,dsDNA
1660368,1005501.0,Escherichia coli PA28,Duplodnaviria,Heunggongvirae,Uroviricota,Caudoviricetes,Caudoviricetes incertae sedis,Traversvirus,Traversvirus PA28,dsDNA
2696439,83333.0,Escherichia coli K-12,Duplodnaviria,Heunggongvirae,Uroviricota,Caudoviricetes,Caudoviricetes incertae sedis,Vequintavirus,Vequintavirus pangalan,dsDNA
2851979,83333.0,Escherichia coli K-12,Duplodnaviria,Heunggongvirae,Uroviricota,Caudoviricetes,Caudoviricetes incertae sedis,Dhillonvirus,Dhillonvirus paulfeyerabend,dsDNA
1273738,1045010.0,Escherichia coli O157,Duplodnaviria,Heunggongvirae,Uroviricota,Caudoviricetes,Caudoviricetes incertae sedis,Asteriusvirus,Asteriusvirus PBECO4,dsDNA
2936919,1884818.0,Escherichia sp.,Duplodnaviria,Heunggongvirae,Uroviricota,Caudoviricetes,Caudoviricetes incertae sedis,Dhillonvirus,Dhillonvirus PC2,dsDNA
2970333,562.0,Escherichia coli,Duplodnaviria,Heunggongvirae,Uroviricota,Caudoviricetes,Caudoviricetes incertae sedis,Dhillonvirus,Dhillonvirus PEC14,dsDNA
2047782,562.0,Escherichia coli,Duplodnaviria,Heunggongvirae,Uroviricota,Caudoviricetes,Autographivirales,Autonotataviridae,Ermolevavirus,dsDNA
1229753,562.0,Escherichia coli,Duplodnaviria,Heunggongvirae,Uroviricota,Caudoviricetes,Caudoviricetes incertae sedis,Phapecoctavirus,Phapecoctavirus phAPEC8,dsDNA
948870,562.0,Escherichia coli,Duplodnaviria,Heunggongvirae,Uroviricota,Caudoviricetes,Caudoviricetes incertae sedis,Justusliebigvirus,Justusliebigvirus phi92,dsDNA
1777059,83334.0,Escherichia coli O157:H7,Duplodnaviria,Heunggongvirae,Uroviricota,Caudoviricetes,Pantevenvirales,Straboviridae,Carettavirus,dsDNA
3386303,562.0,Escherichia coli,Duplodnaviria,Heunggongvirae,Uroviricota,Caudoviricetes,Caudoviricetes incertae sedis,Bcepmuvirus,unclassified Bcepmuvirus,dsDNA
3025308,1211845.0,Escherichia coli MC1061,Duplodnaviria,Heunggongvirae,Uroviricota,Caudoviricetes,Caudoviricetes incertae sedis,Glaedevirus,unclassified Glaedevirus,dsDNA
2992785,562.0,Escherichia coli,Duplodnaviria,Heunggongvirae,Uroviricota,Caudoviricetes,Caudoviricetes incertae sedis,Vequintavirus,Vequintavirus phiWec189,dsDNA
2992787,562.0,Escherichia coli,Duplodnaviria,Heunggongvirae,Uroviricota,Caudoviricetes,Caudoviricetes incertae sedis,Vequintavirus,Vequintavirus phiWec191,dsDNA
2992788,562.0,Escherichia coli,Duplodnaviria,Heunggongvirae,Uroviricota,Caudoviricetes,Caudoviricetes incertae sedis,Vequintavirus,Vequintavirus phiWec193,dsDNA
1540097,562.0,Escherichia coli,Duplodnaviria,Heunggongvirae,Uroviricota,Caudoviricetes,Caudoviricetes incertae sedis,Schitoviridae,Humphriesvirinae,dsDNA
2972476,562.0,Escherichia coli,Duplodnaviria,Heunggongvirae,Uroviricota,Caudoviricetes,Caudoviricetes incertae sedis,Xuquatrovirus,unclassified Xuquatrovirus,dsDNA
2508206,562.0,Escherichia coli,Duplodnaviria,Heunggongvirae,Uroviricota,Caudoviricetes,Caudoviricetes incertae sedis,Xuquatrovirus,Xuquatrovirus PTXU04,dsDNA
1590550,562.0,Escherichia coli,Duplodnaviria,Heunggongvirae,Uroviricota,Caudoviricetes,Caudoviricetes incertae sedis,Punavirus,Punavirus RCS47,dsDNA
2696442,511145.0,Escherichia coli str. K-12 substr. MG1655,Duplodnaviria,Heunggongvirae,Uroviricota,Caudoviricetes,Caudoviricetes incertae sedis,Dhillonvirus,Dhillonvirus rolling,dsDNA
2695844,561.0,Escherichia,Duplodnaviria,Heunggongvirae,Uroviricota,Caudoviricetes,Caudoviricetes incertae sedis,Vequintavirus,Vequintavirus rV5ev146,dsDNA
2939123,562.0,Escherichia coli,Duplodnaviria,Heunggongvirae,Uroviricota,Caudoviricetes,Caudoviricetes incertae sedis,Deseoctovirus,unclassified Deseoctovirus,dsDNA
2045373,511145.0,Escherichia coli str. K-12 substr. MG1655,Duplodnaviria,Heunggongvirae,Uroviricota,Caudoviricetes,Caudoviricetes incertae sedis,Dhillonvirus,Dhillonvirus SECphi18,dsDNA
1540098,562.0,Escherichia coli,Duplodnaviria,Heunggongvirae,Uroviricota,Caudoviricetes,Caudoviricetes incertae sedis,Seuratvirus,Seuratvirus seurat,dsDNA
2108115,83333.0,Escherichia coli K-12,Duplodnaviria,Heunggongvirae,Uroviricota,Caudoviricetes,Caudoviricetes incertae sedis,Traversvirus,Traversvirus SH2026Stx1,dsDNA
2488654,511145.0,Escherichia coli str. K-12 substr. MG1655,Duplodnaviria,Heunggongvirae,Uroviricota,Caudoviricetes,Caudoviricetes incertae sedis,Skarprettervirus,Skarprettervirus skarpretter,dsDNA
1720498,511145.0,Escherichia coli str. K-12 substr. MG1655,Duplodnaviria,Heunggongvirae,Uroviricota,Caudoviricetes,Caudoviricetes incertae sedis,Dhillonvirus,Dhillonvirus slur05,dsDNA
2696445,511145.0,Escherichia coli str. K-12 substr. MG1655,Duplodnaviria,Heunggongvirae,Uroviricota,Caudoviricetes,Caudoviricetes incertae sedis,Sortsnevirus,Sortsnevirus IME279,dsDNA
2696446,511145.0,Escherichia coli str. K-12 substr. MG1655,Duplodnaviria,Heunggongvirae,Uroviricota,Caudoviricetes,Caudoviricetes incertae sedis,Murrayvirus,unclassified Murrayvirus,dsDNA
2562456,511145.0,Escherichia coli str. K-12 substr. MG1655,Duplodnaviria,Heunggongvirae,Uroviricota,Caudoviricetes,Caudoviricetes incertae sedis,Sortsnevirus,Sortsnevirus sortsne,dsDNA
2681619,562.0,Escherichia coli,Duplodnaviria,Heunggongvirae,Uroviricota,Caudoviricetes,Caudoviricetes incertae sedis,Dhillonvirus,Dhillonvirus SSL2009a,dsDNA
2851978,83333.0,Escherichia coli K-12,Duplodnaviria,Heunggongvirae,Uroviricota,Caudoviricetes,Caudoviricetes incertae sedis,Dhillonvirus,Dhillonvirus theodorherzl,dsDNA
1124653,991913.0,Escherichia coli O103:H25,Duplodnaviria,Heunggongvirae,Uroviricota,Caudoviricetes,Sepvirinae,unclassified Sepvirinae,,dsDNA
1124655,991913.0,Escherichia coli O103:H25,Duplodnaviria,Heunggongvirae,Uroviricota,Caudoviricetes,Caudoviricetes incertae sedis,Oslovirus,Oslovirus TL2011,dsDNA
2696455,511145.0,Escherichia coli str. K-12 substr. MG1655,Duplodnaviria,Heunggongvirae,Uroviricota,Caudoviricetes,Caudoviricetes incertae sedis,Phapecoctavirus,Phapecoctavirus tuntematon,dsDNA
2823683,83334.0,Escherichia coli O157:H7,Duplodnaviria,Heunggongvirae,Uroviricota,Caudoviricetes,Caudoviricetes incertae sedis,Dhillonvirus,Dhillonvirus UAEM101,dsDNA
2696458,511145.0,Escherichia coli str. K-12 substr. MG1655,Duplodnaviria,Heunggongvirae,Uroviricota,Caudoviricetes,Caudoviricetes incertae sedis,Phapecoctavirus,Phapecoctavirus ukendt,dsDNA
1981500,562.0,Escherichia coli,Duplodnaviria,Heunggongvirae,Uroviricota,Caudoviricetes,Caudoviricetes incertae sedis,Vequintavirus,Vequintavirus V18,dsDNA
2906743,562.0,Escherichia coli,Duplodnaviria,Heunggongvirae,Uroviricota,Caudoviricetes,Caudoviricetes incertae sedis,Dhillonvirus,Dhillonvirus opt212,dsDNA
2894795,562.0,Escherichia coli,Duplodnaviria,Heunggongvirae,Uroviricota,Caudoviricetes,Caudoviricetes incertae sedis,Dhillonvirus,Dhillonvirus Over9000,dsDNA
2894793,562.0,Escherichia coli,Duplodnaviria,Heunggongvirae,Uroviricota,Caudoviricetes,Caudoviricetes incertae sedis,Dhillonvirus,Dhillonvirus pubbukkers,dsDNA
2894796,562.0,Escherichia coli,Duplodnaviria,Heunggongvirae,Uroviricota,Caudoviricetes,Caudoviricetes incertae sedis,Dhillonvirus,Dhillonvirus teewinot,dsDNA
2946085,562.0,Escherichia coli,Duplodnaviria,Heunggongvirae,Uroviricota,Caudoviricetes,Caudoviricetes incertae sedis,Peduoviridae,Inibicvirus,dsDNA
2946086,562.0,Escherichia coli,Duplodnaviria,Heunggongvirae,Uroviricota,Caudoviricetes,Caudoviricetes incertae sedis,Peduoviridae,Reginaelenavirus,dsDNA
2576873,562.0,Escherichia coli,Duplodnaviria,Heunggongvirae,Uroviricota,Caudoviricetes,Caudoviricetes incertae sedis,Vequintavirus,Vequintavirus ECP26,dsDNA
2576874,562.0,Escherichia coli,Duplodnaviria,Heunggongvirae,Uroviricota,Caudoviricetes,Caudoviricetes incertae sedis,Vequintavirus,Vequintavirus ECP32,dsDNA
1541883,562.0,Escherichia coli,Duplodnaviria,Heunggongvirae,Uroviricota,Caudoviricetes,Caudoviricetes incertae sedis,Jilinvirus,Jilinvirus ep3,dsDNA
2144176,562.0,Escherichia coli,Duplodnaviria,Heunggongvirae,Uroviricota,Caudoviricetes,Caudoviricetes incertae sedis,Phapecoctavirus,Phapecoctavirus Ro121c4YLVW,dsDNA
669875,562.0,Escherichia coli,Duplodnaviria,Heunggongvirae,Uroviricota,Caudoviricetes,Caudoviricetes incertae sedis,Jilinvirus,Jilinvirus CVM10,dsDNA
1970797,2072463.0,Escherichia coli O78,Duplodnaviria,Heunggongvirae,Uroviricota,Caudoviricetes,Caudoviricetes incertae sedis,Jilinvirus,Jilinvirus ECOO78,dsDNA
2502409,562.0,Escherichia coli,Duplodnaviria,Heunggongvirae,Uroviricota,Caudoviricetes,Caudoviricetes incertae sedis,Chimalliviridae,Goslarvirus,dsDNA
2750849,561.0,Escherichia,Duplodnaviria,Heunggongvirae,Uroviricota,Caudoviricetes,Caudoviricetes incertae sedis,Vequintavirus,Vequintavirus gotham,dsDNA
2508197,562.0,Escherichia coli,Duplodnaviria,Heunggongvirae,Uroviricota,Caudoviricetes,Caudoviricetes incertae sedis,Vequintavirus,Vequintavirus HdK5,dsDNA
2508194,562.0,Escherichia coli,Duplodnaviria,Heunggongvirae,Uroviricota,Caudoviricetes,Pantevenvirales,Ackermannviridae,Taipeivirus,dsDNA
2041347,561.0,Escherichia,Duplodnaviria,Heunggongvirae,Uroviricota,Caudoviricetes,Caudoviricetes incertae sedis,Justusliebigvirus,Justusliebigvirus PHB05,dsDNA
2508195,562.0,Escherichia coli,Duplodnaviria,Heunggongvirae,Uroviricota,Caudoviricetes,Caudoviricetes incertae sedis,Phapecoctavirus,Phapecoctavirus schickermooser,dsDNA
2836106,562.0,Escherichia coli,Duplodnaviria,Heunggongvirae,Uroviricota,Caudoviricetes,Caudoviricetes incertae sedis,Vequintavirus,Vequintavirus sophiarose,dsDNA
2769807,561.0,Escherichia,Duplodnaviria,Heunggongvirae,Uroviricota,Caudoviricetes,Caudoviricetes incertae sedis,Rosemountvirus,Rosemountvirus BP63,dsDNA
866553,562.0,Escherichia coli,Duplodnaviria,Heunggongvirae,Uroviricota,Caudoviricetes,Caudoviricetes incertae sedis,Traversvirus,Traversvirus tv24B,dsDNA
3053874,562.0,Escherichia coli,Duplodnaviria,Heunggongvirae,Uroviricota,Caudoviricetes,Caudoviricetes incertae sedis,Uetakevirus,Uetakevirus PAS61,dsDNA
2126819,562.0,Escherichia coli,Duplodnaviria,Heunggongvirae,Uroviricota,Caudoviricetes,Caudoviricetes incertae sedis,Buchananvirus,Buchananvirus Sa179lw,dsDNA
2865793,562.0,Escherichia coli,Duplodnaviria,Heunggongvirae,Uroviricota,Caudoviricetes,Caudoviricetes incertae sedis,Dhillonvirus,Dhillonvirus dv 101114BS4,dsDNA
2865806,562.0,Escherichia coli,Duplodnaviria,Heunggongvirae,Uroviricota,Caudoviricetes,Caudoviricetes incertae sedis,Dhillonvirus,Dhillonvirus CHD5UKE2,dsDNA
2735301,562.0,Escherichia coli,Duplodnaviria,Heunggongvirae,Uroviricota,Caudoviricetes,Caudoviricetes incertae sedis,Dhillonvirus,Dhillonvirus dv011D5,dsDNA
2873450,2072463.0,Escherichia coli O78,Duplodnaviria,Heunggongvirae,Uroviricota,Caudoviricetes,Caudoviricetes incertae sedis,Nonanavirus,unclassified Nonanavirus,dsDNA
2763527,562.0,Escherichia coli,Duplodnaviria,Heunggongvirae,Uroviricota,Caudoviricetes,Caudoviricetes incertae sedis,Dhillonvirus,Dhillonvirus bov221,dsDNA
1852563,562.0,Escherichia coli,Duplodnaviria,Heunggongvirae,Uroviricota,Caudoviricetes,Caudoviricetes incertae sedis,Drexlerviridae,Vilniusvirus,dsDNA
2488596,562.0,Escherichia coli,Duplodnaviria,Heunggongvirae,Uroviricota,Caudoviricetes,Caudoviricetes incertae sedis,Dhillonvirus,Dhillonvirus PNS1,dsDNA
2508185,562.0,Escherichia coli,Duplodnaviria,Heunggongvirae,Uroviricota,Caudoviricetes,Caudoviricetes incertae sedis,Dhillonvirus,Dhillonvirus PTXU06,dsDNA
2836105,562.0,Escherichia coli,Duplodnaviria,Heunggongvirae,Uroviricota,Caudoviricetes,Caudoviricetes incertae sedis,Dhillonvirus,Dhillonvirus sponge,dsDNA
2769808,561.0,Escherichia,Duplodnaviria,Heunggongvirae,Uroviricota,Caudoviricetes,Caudoviricetes incertae sedis,Swiduovirus,Swiduovirus swi2,dsDNA
2508186,562.0,Escherichia coli,Duplodnaviria,Heunggongvirae,Uroviricota,Caudoviricetes,Caudoviricetes incertae sedis,Dhillonvirus,Dhillonvirus WF5505,dsDNA
2508187,562.0,Escherichia coli,Duplodnaviria,Heunggongvirae,Uroviricota,Caudoviricetes,Caudoviricetes incertae sedis,Dhillonvirus,Dhillonvirus WF1,dsDNA
2924881,562.0,Escherichia coli,Duplodnaviria,Heunggongvirae,Uroviricota,Caudoviricetes,Caudoviricetes incertae sedis,Dhillonvirus,Dhillonvirus Zar3M,dsDNA
2776148,561.0,Escherichia,Duplodnaviria,Heunggongvirae,Uroviricota,Caudoviricetes,Caudoviricetes incertae sedis,Dhillonvirus,Dhillonvirus maverick,dsDNA
2315527,562.0,Escherichia coli,Duplodnaviria,Heunggongvirae,Uroviricota,Caudoviricetes,Caudoviricetes incertae sedis,Justusliebigvirus,Justusliebigvirus PD06,dsDNA
2776821,562.0,Escherichia coli,Duplodnaviria,Heunggongvirae,Uroviricota,Caudoviricetes,Caudoviricetes incertae sedis,Justusliebigvirus,Justusliebigvirus VEcB,dsDNA
2852023,83333.0,Escherichia coli K-12,Duplodnaviria,Heunggongvirae,Uroviricota,Caudoviricetes,Caudoviricetes incertae sedis,Vequintavirus,Vequintavirus waltergehring,dsDNA
2696462,511145.0,Escherichia coli str. K-12 substr. MG1655,Duplodnaviria,Heunggongvirae,Uroviricota,Caudoviricetes,Caudoviricetes incertae sedis,Dhillonvirus,Dhillonvirus welsh,dsDNA
1567004,562.0,Escherichia coli,Duplodnaviria,Heunggongvirae,Uroviricota,Caudoviricetes,Caudoviricetes incertae sedis,Dhillonvirus,Dhillonvirus YD2008s,dsDNA
3020453,562.0,Escherichia coli,Duplodnaviria,Heunggongvirae,Uroviricota,Caudoviricetes,Caudoviricetes incertae sedis,Vequintavirus,Vequintavirus YP6,dsDNA
2894588,1095706.0,Escherichia coli O18,Duplodnaviria,Heunggongvirae,Uroviricota,Caudoviricetes,Caudoviricetes incertae sedis,Dhillonvirus,Dhillonvirus ZCEC10,dsDNA
2935866,1884818.0,Escherichia sp.,Duplodnaviria,Heunggongvirae,Uroviricota,Caudoviricetes,Caudoviricetes incertae sedis,Zewailvirus,Zewailvirus ZCEC13,dsDNA
2686059,561.0,Escherichia,Duplodnaviria,Heunggongvirae,Uroviricota,Caudoviricetes,Caudoviricetes incertae sedis,Muvirus,unclassified Muvirus,dsDNA
2072209,7227.0,Drosophila melanogaster,Viruses incertae sedis,Naldaviricetes,Lefavirales,Nudiviridae,Alphanudivirus,Alphanudivirus tertidromelanogasteris,,
221054,4100.0,Nicotiana benthamiana,Viruses incertae sedis,Tolecusatellitidae,Betasatellite,Betasatellite eupatorii,,,,
2010319,103754.0,Eupatorium makinoi,Viruses incertae sedis,Tolecusatellitidae,Betasatellite,Betasatellite eupatoriumflavi,,,,
666147,879920.0,Cleome affinis,Viruses incertae sedis,Alphasatellitidae,Geminialphasatellitinae,Clecrusatellite,Clecrusatellite euphorbiae,Euphorbia yellow mosaic alphasatellite,,
307467,1510228.0,Euproctis pseudoconspersa,Viruses incertae sedis,Naldaviricetes,Lefavirales,Baculoviridae,Alphabaculovirus,Alphabaculovirus eupseudoconspersae,,
186165,704329.0,Euprosterna,Riboviria,Orthornavirae,Orthornavirae incertae sedis,Permutotetraviridae,Alphapermutotetravirus,Alphapermutotetravirus euprosternae,,
33756,9983.0,Lepus europaeus,Riboviria,Orthornavirae,Pisuviricota,Pisoniviricetes,Picornavirales,Caliciviridae,Lagovirus,
3428631,59919.0,Prochlorococcus marinus subsp. pastoris str. CCMP1986,Duplodnaviria,Heunggongvirae,Uroviricota,Caudoviricetes,Caudoviricetes incertae sedis,Eurybiavirus,,dsDNA
3134032,44751.0,Exiguobacterium sp.,Duplodnaviria,Heunggongvirae,Uroviricota,Caudoviricetes,Caudoviricetes incertae sedis,Orlajensenviridae,Pelczarvirinae,dsDNA
230604,79674.0,Macrobrachium rosenbergii,Riboviria,Riboviria incertae sedis,Tombendovirales,Sarthroviridae,Macronovirus,Macronovirus macrobrachii,Macrobrachium satellite virus 1,
1453080,3906.0,Vicia faba,Viruses incertae sedis,Alphasatellitidae,Nanoalphasatellitinae,Subclovsatellite,Subclovsatellite fababea,,,
1453083,3906.0,Vicia faba,Viruses incertae sedis,Alphasatellitidae,Nanoalphasatellitinae,Fabenesatellite,Fabenesatellite fabae,Faba bean necrotic yellows alphasatellite 2,,
2052606,3906.0,Vicia faba,Viruses incertae sedis,Alphasatellitidae,Nanoalphasatellitinae,Subclovsatellite,Subclovsatellite tunisifabae,Faba bean necrotic yellows alphasatellite 3,,
2070181,853.0,Faecalibacterium prausnitzii,Duplodnaviria,Heunggongvirae,Uroviricota,Caudoviricetes,Caudoviricetes incertae sedis,Brigitvirus,Brigitvirus brigit,dsDNA
2070182,853.0,Faecalibacterium prausnitzii,Duplodnaviria,Heunggongvirae,Uroviricota,Caudoviricetes,Caudoviricetes incertae sedis,Eponavirus,Eponavirus epona,dsDNA
2070183,853.0,Faecalibacterium prausnitzii,Duplodnaviria,Heunggongvirae,Uroviricota,Caudoviricetes,Caudoviricetes incertae sedis,Lagaffevirus,Lagaffevirus lagaffe,dsDNA
2070184,853.0,Faecalibacterium prausnitzii,Duplodnaviria,Heunggongvirae,Uroviricota,Caudoviricetes,Caudoviricetes incertae sedis,Lughvirus,Lughvirus lugh,dsDNA
2070185,853.0,Faecalibacterium prausnitzii,Duplodnaviria,Heunggongvirae,Uroviricota,Caudoviricetes,Caudoviricetes incertae sedis,Mushuvirus,Mushuvirus mushu,dsDNA
2070188,853.0,Faecalibacterium prausnitzii,Duplodnaviria,Heunggongvirae,Uroviricota,Caudoviricetes,Caudoviricetes incertae sedis,Oengusvirus,Oengusvirus oengus,dsDNA
2070186,853.0,Faecalibacterium prausnitzii,Duplodnaviria,Heunggongvirae,Uroviricota,Caudoviricetes,Caudoviricetes incertae sedis,Taranisvirus,Taranisvirus taranis,dsDNA
2070187,853.0,Faecalibacterium prausnitzii,Duplodnaviria,Heunggongvirae,Uroviricota,Caudoviricetes,Caudoviricetes incertae sedis,Toutatisvirus,Toutatisvirus toutatis,dsDNA
1391027,8801.0,Struthio camelus,Monodnaviria,Shotokuvirae,Cressdnaviricota,Repensiviricetes,Geplafuvirales,Genomoviridae,Gemytondvirus,
1641896,100819.0,Falco tinnunculus,Riboviria,Orthornavirae,Pisuviricota,Pisoniviricetes,Picornavirales,Picornaviridae,Harkavirus,
1949201,90988.0,Pimephales promelas,Riboviria,Orthornavirae,Pisuviricota,Pisoniviricetes,Picornavirales,Caliciviridae,Minovirus,
1861840,9685.0,Felis catus,Monodnaviria,Shotokuvirae,Commensaviricota,Cardeaviricetes,Sanitavirales,Anelloviridae,Tettorquevirus,
2249941,9685.0,Felis catus,Monodnaviria,Shotokuvirae,Cressdnaviricota,Arfiviricetes,Cirlivirales,Vilyaviridae,Andurilvirus,
194701,99287.0,Salmonella enterica subsp. enterica serovar Typhimurium str. LT2,Duplodnaviria,Heunggongvirae,Uroviricota,Caudoviricetes,Caudoviricetes incertae sedis,Peduoviridae,Felsduovirus,dsDNA
70203,45888.0,Vibrio cholerae O139,Monodnaviria,Loebvirae,Hofneiviricota,Faserviricetes,Tubulavirales,Inoviridae,Fibrovirus,
2293280,13686.0,Solenopsis invicta,unclassified viruses,unclassified DNA viruses,unclassified ssDNA viruses,Cruciviruses,Crucivirus,,,
1574287,7962.0,Cyprinus carpio,Riboviria,unclassified Riboviria,unclassified ssRNA viruses,,,,,
1814279,96345.0,Flavobacterium psychrophilum,Duplodnaviria,Heunggongvirae,Uroviricota,Caudoviricetes,Caudoviricetes incertae sedis,Duneviridae,Unahavirus,dsDNA
908819,996.0,Flavobacterium columnare,Duplodnaviria,Heunggongvirae,Uroviricota,Caudoviricetes,Caudoviricetes incertae sedis,Ficleduovirus,Ficleduovirus FCL2,dsDNA
2764952,996.0,Flavobacterium columnare,Duplodnaviria,Heunggongvirae,Uroviricota,Caudoviricetes,Caudoviricetes incertae sedis,Ficleduovirus,unclassified Ficleduovirus,dsDNA
1033977,996.0,Flavobacterium columnare,Duplodnaviria,Heunggongvirae,Uroviricota,Caudoviricetes,Caudoviricetes incertae sedis,Ficleduovirus,Ficleduovirus FCV1,dsDNA
2692741,1218111.0,Flavobacterium columnare NBRC 100251 = ATCC 23463,Duplodnaviria,Heunggongvirae,Uroviricota,Caudoviricetes,Caudoviricetes incertae sedis,Winoviridae,unclassified Winoviridae,dsDNA
2023716,239.0,Flavobacterium sp.,Varidnaviria,Abadenavirae,Produgelaviricota,Ainoaviricetes,Lautamovirales,Finnlakeviridae,Finnlakevirus,ssDNA
2801869,96345.0,Flavobacterium psychrophilum,Duplodnaviria,Heunggongvirae,Uroviricota,Caudoviricetes,Caudoviricetes incertae sedis,Fipvunavirus,unclassified Fipvunavirus,dsDNA
1792274,96345.0,Flavobacterium psychrophilum,Duplodnaviria,Heunggongvirae,Uroviricota,Caudoviricetes,Caudoviricetes incertae sedis,Fipvunavirus,Fipvunavirus Fpv1,dsDNA
1814284,96345.0,Flavobacterium psychrophilum,Duplodnaviria,Heunggongvirae,Uroviricota,Caudoviricetes,Caudoviricetes incertae sedis,Fipvunavirus,Fipvunavirus Fpv4,dsDNA
2801476,2654244.0,Flavobacterium sp. LMO8,Duplodnaviria,Heunggongvirae,Uroviricota,Caudoviricetes,Caudoviricetes incertae sedis,Immutovirus,unclassified Immutovirus,dsDNA
2801477,2654244.0,Flavobacterium sp. LMO8,Duplodnaviria,Heunggongvirae,Uroviricota,Caudoviricetes,Caudoviricetes incertae sedis,Immutovirus,Immutovirus immuto,dsDNA
2686242,2654244.0,Flavobacterium sp. LMO8,Duplodnaviria,Heunggongvirae,Uroviricota,Caudoviricetes,Caudoviricetes incertae sedis,Winoviridae,Pippivirus,dsDNA
2743782,239.0,Flavobacterium sp.,Duplodnaviria,Heunggongvirae,Uroviricota,Caudoviricetes,Caudoviricetes incertae sedis,Elemovirus,unclassified Elemovirus,dsDNA
2743781,237.0,Flavobacterium,Duplodnaviria,Heunggongvirae,Uroviricota,Caudoviricetes,Caudoviricetes incertae sedis,Elemovirus,Elemovirus elemoA,dsDNA
2743804,239.0,Flavobacterium sp.,Duplodnaviria,Heunggongvirae,Uroviricota,Caudoviricetes,Caudoviricetes incertae sedis,Elemovirus,Elemovirus elemoB,dsDNA
2743803,239.0,Flavobacterium sp.,Duplodnaviria,Heunggongvirae,Uroviricota,Caudoviricetes,Caudoviricetes incertae sedis,Elemovirus,Elemovirus elemoC,dsDNA
2743801,237.0,Flavobacterium,Duplodnaviria,Heunggongvirae,Uroviricota,Caudoviricetes,Caudoviricetes incertae sedis,Elemovirus,Elemovirus elemoD,dsDNA
2743829,239.0,Flavobacterium sp.,Duplodnaviria,Heunggongvirae,Uroviricota,Caudoviricetes,Caudoviricetes incertae sedis,Elemovirus,Elemovirus elemoE,dsDNA
2743826,239.0,Flavobacterium sp.,Duplodnaviria,Heunggongvirae,Uroviricota,Caudoviricetes,Caudoviricetes incertae sedis,Elemovirus,Elemovirus elemoF,dsDNA
2686245,2654245.0,Flavobacterium sp. LMO9,Duplodnaviria,Heunggongvirae,Uroviricota,Caudoviricetes,Caudoviricetes incertae sedis,Muminvirus,Muminvirus filifjonk,dsDNA
2686246,2654245.0,Flavobacterium sp. LMO9,Duplodnaviria,Heunggongvirae,Uroviricota,Caudoviricetes,Caudoviricetes incertae sedis,Hattifnattvirus,Hattifnattvirus hattifnatt,dsDNA
2686247,2654243.0,Flavobacterium sp. LMO6,Duplodnaviria,Heunggongvirae,Uroviricota,Caudoviricetes,Caudoviricetes incertae sedis,Lillamyvirus,Lillamyvirus hemulen,dsDNA
2686249,2654245.0,Flavobacterium sp. LMO9,Duplodnaviria,Heunggongvirae,Uroviricota,Caudoviricetes,Caudoviricetes incertae sedis,Lillamyvirus,unclassified Lillamyvirus,dsDNA
2686250,2654243.0,Flavobacterium sp. LMO6,Duplodnaviria,Heunggongvirae,Uroviricota,Caudoviricetes,Caudoviricetes incertae sedis,Duneviridae,Labanvirus,dsDNA
2686251,2654245.0,Flavobacterium sp. LMO9,Duplodnaviria,Heunggongvirae,Uroviricota,Caudoviricetes,Caudoviricetes incertae sedis,Lillamyvirus,Lillamyvirus lillamy,dsDNA
2686258,2654245.0,Flavobacterium sp. LMO9,Duplodnaviria,Heunggongvirae,Uroviricota,Caudoviricetes,Caudoviricetes incertae sedis,Lillamyvirus,Lillamyvirus morran,dsDNA
2686259,2654243.0,Flavobacterium sp. LMO6,Duplodnaviria,Heunggongvirae,Uroviricota,Caudoviricetes,Caudoviricetes incertae sedis,Muminvirus,Muminvirus mumin,dsDNA
2686266,2654243.0,Flavobacterium sp. LMO6,Duplodnaviria,Heunggongvirae,Uroviricota,Caudoviricetes,Caudoviricetes incertae sedis,Muminvirus,Muminvirus mymlan,dsDNA
2686268,2654245.0,Flavobacterium sp. LMO9,Duplodnaviria,Heunggongvirae,Uroviricota,Caudoviricetes,Caudoviricetes incertae sedis,Lillamyvirus,Lillamyvirus sniff,dsDNA
2686270,2654243.0,Flavobacterium sp. LMO6,Duplodnaviria,Heunggongvirae,Uroviricota,Caudoviricetes,Caudoviricetes incertae sedis,Lillamyvirus,Lillamyvirus snork,dsDNA
2686273,2654243.0,Flavobacterium sp. LMO6,Duplodnaviria,Heunggongvirae,Uroviricota,Caudoviricetes,Caudoviricetes incertae sedis,Muminvirus,Muminvirus snusmum,dsDNA
2686276,2654245.0,Flavobacterium sp. LMO9,Duplodnaviria,Heunggongvirae,Uroviricota,Caudoviricetes,Caudoviricetes incertae sedis,Muminvirus,unclassified Muminvirus,dsDNA
2686277,2654245.0,Flavobacterium sp. LMO9,Duplodnaviria,Heunggongvirae,Uroviricota,Caudoviricetes,Caudoviricetes incertae sedis,Lillamyvirus,Lillamyvirus stinky,dsDNA
2686278,2654244.0,Flavobacterium sp. LMO8,Duplodnaviria,Heunggongvirae,Uroviricota,Caudoviricetes,Caudoviricetes incertae sedis,Tantvirus,Tantvirus tant,dsDNA
2686279,2654243.0,Flavobacterium sp. LMO6,Duplodnaviria,Heunggongvirae,Uroviricota,Caudoviricetes,Caudoviricetes incertae sedis,Muminvirus,Muminvirus tooticki,dsDNA
2293286,2018659.0,Lucilia rica,Monodnaviria,Shotokuvirae,Cressdnaviricota,Arfiviricetes,Cirlivirales,Vilyaviridae,Illuinvirus,
2293287,2018659.0,Lucilia rica,Monodnaviria,Shotokuvirae,Cressdnaviricota,Arfiviricetes,Cirlivirales,Vilyaviridae,Grondvirus,
1200971,3885.0,Phaseolus vulgaris,Viruses incertae sedis,Tolecusatellitidae,Betasatellite,Betasatellite phaseoli,French bean leaf curl betasatellite,,,
28369,1763.0,Mycobacterium,Duplodnaviria,Heunggongvirae,Uroviricota,Caudoviricetes,Caudoviricetes incertae sedis,Fromanvirus,,dsDNA
1872710,5518.0,Fusarium graminearum,Riboviria,Orthornavirae,Kitrinoviricota,Alsuviricetes,Tymovirales,Deltaflexiviridae,Deltaflexivirus,+ssRNA
2708635,5518.0,Fusarium graminearum,Monodnaviria,Shotokuvirae,Cressdnaviricota,Repensiviricetes,Geplafuvirales,Genomoviridae,Gemytripvirus,
1849543,36050.0,Fusarium poae,Riboviria,Orthornavirae,Pisuviricota,Pisuviricota incertae sedis,Yadokarivirales,Yadokariviridae,Betayadokarivirus,
2546034,48865.0,Fusarium redolens,Riboviria,Riboviria incertae sedis,Polymycoviridae,Polymycovirus,Polymycovirus fusarii,,,
2530024,393480.0,Fusobacterium polymorphum ATCC 10953,Duplodnaviria,Heunggongvirae,Uroviricota,Caudoviricetes,Caudoviricetes incertae sedis,Latrobevirus,Latrobevirus FNU1,dsDNA
365048,340407.0,Geobacillus sp. 6k51,Duplodnaviria,Heunggongvirae,Uroviricota,Caudoviricetes,Caudoviricetes incertae sedis,Svunavirus,Svunavirus GBSV1,dsDNA
1965361,1422.0,Geobacillus stearothermophilus,Duplodnaviria,Heunggongvirae,Uroviricota,Caudoviricetes,Caudoviricetes incertae sedis,Saundersvirus,Saundersvirus Tp84,dsDNA
2985563,33940.0,Geobacillus thermodenitrificans,Duplodnaviria,Heunggongvirae,Uroviricota,Caudoviricetes,Caudoviricetes incertae sedis,Saundersvirus,unclassified Saundersvirus,dsDNA
353633,5740.0,Giardia,Riboviria,Orthornavirae,Duplornaviricota,Chrymotiviricetes,Ghabrivirales,Betatotivirineae,Giardiaviridae,dsRNA
2766565,1.0,root,Monodnaviria,Shotokuvirae,Cressdnaviricota,Arfiviricetes,Cirlivirales,Vilyaviridae,Herugrimvirus,
2766566,1.0,root,Monodnaviria,Shotokuvirae,Cressdnaviricota,Arfiviricetes,Cirlivirales,Vilyaviridae,Vingilotevirus,
96491,6687.0,Penaeus monodon,Riboviria,Orthornavirae,Pisuviricota,Pisoniviricetes,Nidovirales,Ronidovirineae,Roniviridae,
2955954,10058.0,Microtus pennsylvanicus,Monodnaviria,Shotokuvirae,Cressdnaviricota,Arfiviricetes,Cirlivirales,Vilyaviridae,Glamdringvirus,
379529,7393.0,Glossina,Viruses incertae sedis,Naldaviricetes,Lefavirales,Hytrosaviridae,Glossinavirus,Glossinavirus glopallidipedis,,
3412532,2055.0,Gordonia terrae,Duplodnaviria,Heunggongvirae,Uroviricota,Caudoviricetes,Caudoviricetes incertae sedis,Smoothievirus,unclassified Smoothievirus,dsDNA
2079413,2055.0,Gordonia terrae,Duplodnaviria,Heunggongvirae,Uroviricota,Caudoviricetes,Caudoviricetes incertae sedis,Montyvirus,Montyvirus adgers,dsDNA
2488781,2055.0,Gordonia terrae,Duplodnaviria,Heunggongvirae,Uroviricota,Caudoviricetes,Caudoviricetes incertae sedis,Howevirus,unclassified Howevirus,dsDNA
2483664,2055.0,Gordonia terrae,Duplodnaviria,Heunggongvirae,Uroviricota,Caudoviricetes,Caudoviricetes incertae sedis,Stackebrandtviridae,Schenleyvirinae,dsDNA
2836092,36822.0,Gordonia rubripertincta,Duplodnaviria,Heunggongvirae,Uroviricota,Caudoviricetes,Caudoviricetes incertae sedis,Kenoshavirus,unclassified Kenoshavirus,dsDNA
2584490,2055.0,Gordonia terrae,Duplodnaviria,Heunggongvirae,Uroviricota,Caudoviricetes,Caudoviricetes incertae sedis,Emalynvirus,Emalynvirus cozz,dsDNA
2859634,2055.0,Gordonia terrae,Duplodnaviria,Heunggongvirae,Uroviricota,Caudoviricetes,Caudoviricetes incertae sedis,Nymphadoravirus,Nymphadoravirus agueybana,dsDNA
2851093,2055.0,Gordonia terrae,Duplodnaviria,Heunggongvirae,Uroviricota,Caudoviricetes,Caudoviricetes incertae sedis,Emalynvirus,Emalynvirus emalyn,dsDNA
2835952,2055.0,Gordonia terrae,Duplodnaviria,Heunggongvirae,Uroviricota,Caudoviricetes,Caudoviricetes incertae sedis,Kenoshavirus,Kenoshavirus chikenjars,dsDNA
2965181,36822.0,Gordonia rubripertincta,Duplodnaviria,Heunggongvirae,Uroviricota,Caudoviricetes,Caudoviricetes incertae sedis,Kruegerviridae,Cafassovirus,dsDNA
2859491,2055.0,Gordonia terrae,Duplodnaviria,Heunggongvirae,Uroviricota,Caudoviricetes,Caudoviricetes incertae sedis,Nymphadoravirus,unclassified Nymphadoravirus,dsDNA
3077155,36822.0,Gordonia rubripertincta,Duplodnaviria,Heunggongvirae,Uroviricota,Caudoviricetes,Caudoviricetes incertae sedis,Lambovirus,unclassified Lambovirus,dsDNA
2939735,2055.0,Gordonia terrae,Duplodnaviria,Heunggongvirae,Uroviricota,Caudoviricetes,Caudoviricetes incertae sedis,Getseptimavirus,unclassified Getseptimavirus,dsDNA
2047829,2055.0,Gordonia terrae,Duplodnaviria,Heunggongvirae,Uroviricota,Caudoviricetes,Caudoviricetes incertae sedis,Woesvirus,Woesvirus woes,dsDNA
2876201,36822.0,Gordonia rubripertincta,Duplodnaviria,Heunggongvirae,Uroviricota,Caudoviricetes,Caudoviricetes incertae sedis,Sourvirus,unclassified Sourvirus,dsDNA
2926076,2055.0,Gordonia terrae,Duplodnaviria,Heunggongvirae,Uroviricota,Caudoviricetes,Caudoviricetes incertae sedis,Soupsvirus,unclassified Soupsvirus,dsDNA
2656528,36822.0,Gordonia rubripertincta,Duplodnaviria,Heunggongvirae,Uroviricota,Caudoviricetes,Caudoviricetes incertae sedis,Emalynvirus,unclassified Emalynvirus,dsDNA
2572524,2055.0,Gordonia terrae,Duplodnaviria,Heunggongvirae,Uroviricota,Caudoviricetes,Caudoviricetes incertae sedis,Nymphadoravirus,Nymphadoravirus kita,dsDNA
2507860,2055.0,Gordonia terrae,Duplodnaviria,Heunggongvirae,Uroviricota,Caudoviricetes,Caudoviricetes incertae sedis,Smoothievirus,Smoothievirus smoothie,dsDNA
2250319,2055.0,Gordonia terrae,Duplodnaviria,Heunggongvirae,Uroviricota,Caudoviricetes,Caudoviricetes incertae sedis,Apricotvirus,Apricotvirus apricot,dsDNA
2759389,2055.0,Gordonia terrae,Duplodnaviria,Heunggongvirae,Uroviricota,Caudoviricetes,Caudoviricetes incertae sedis,Archimedesvirus,Archimedesvirus archimedes,dsDNA
2762396,2055.0,Gordonia terrae,Duplodnaviria,Heunggongvirae,Uroviricota,Caudoviricetes,Caudoviricetes incertae sedis,Jujuvirus,unclassified Jujuvirus,dsDNA
2588127,2055.0,Gordonia terrae,Duplodnaviria,Heunggongvirae,Uroviricota,Caudoviricetes,Caudoviricetes incertae sedis,Stackebrandtviridae,Frickvirinae,dsDNA
3077142,2055.0,Gordonia terrae,Duplodnaviria,Heunggongvirae,Uroviricota,Caudoviricetes,Caudoviricetes incertae sedis,Zierdtviridae,Emilbogenvirinae,dsDNA
3075087,36822.0,Gordonia rubripertincta,Duplodnaviria,Heunggongvirae,Uroviricota,Caudoviricetes,Caudoviricetes incertae sedis,Tanisvirus,unclassified Tanisvirus,dsDNA
2507862,2055.0,Gordonia terrae,Duplodnaviria,Heunggongvirae,Uroviricota,Caudoviricetes,Caudoviricetes incertae sedis,Getalongvirus,Getalongvirus asapag,dsDNA
2599841,158898.0,Gordonia westfalica,Duplodnaviria,Heunggongvirae,Uroviricota,Caudoviricetes,Caudoviricetes incertae sedis,Demosthenesvirus,Demosthenesvirus demosthenes,dsDNA
1821548,2055.0,Gordonia terrae,Duplodnaviria,Heunggongvirae,Uroviricota,Caudoviricetes,Caudoviricetes incertae sedis,Attisvirus,Attisvirus attis,dsDNA
2656529,36822.0,Gordonia rubripertincta,Duplodnaviria,Heunggongvirae,Uroviricota,Caudoviricetes,Caudoviricetes incertae sedis,Tanisvirus,Tanisvirus avazak,dsDNA
2812934,2055.0,Gordonia terrae,Duplodnaviria,Heunggongvirae,Uroviricota,Caudoviricetes,Caudoviricetes incertae sedis,Betterkatzvirus,unclassified Betterkatzvirus,dsDNA
3035369,36822.0,Gordonia rubripertincta,Duplodnaviria,Heunggongvirae,Uroviricota,Caudoviricetes,Caudoviricetes incertae sedis,Aziravirus,Aziravirus azira,dsDNA
2762397,2055.0,Gordonia terrae,Duplodnaviria,Heunggongvirae,Uroviricota,Caudoviricetes,Caudoviricetes incertae sedis,Jujuvirus,Jujuvirus azula,dsDNA
1838061,2055.0,Gordonia terrae,Duplodnaviria,Heunggongvirae,Uroviricota,Caudoviricetes,Caudoviricetes incertae sedis,Smoothievirus,Smoothievirus bachita,dsDNA
2945968,2055.0,Gordonia terrae,Duplodnaviria,Heunggongvirae,Uroviricota,Caudoviricetes,Caudoviricetes incertae sedis,Tinalinvirus,unclassified Tinalinvirus,dsDNA
1887641,2055.0,Gordonia terrae,Duplodnaviria,Heunggongvirae,Uroviricota,Caudoviricetes,Caudoviricetes incertae sedis,Bantamvirus,Bantamvirus bantam,dsDNA
1887642,2055.0,Gordonia terrae,Duplodnaviria,Heunggongvirae,Uroviricota,Caudoviricetes,Caudoviricetes incertae sedis,Nymphadoravirus,Nymphadoravirus nymphadora,dsDNA
1821549,2055.0,Gordonia terrae,Duplodnaviria,Heunggongvirae,Uroviricota,Caudoviricetes,Caudoviricetes incertae sedis,Baxterfoxvirus,Baxterfoxvirus baxterfox,dsDNA
2591111,36822.0,Gordonia rubripertincta,Duplodnaviria,Heunggongvirae,Uroviricota,Caudoviricetes,Caudoviricetes incertae sedis,Montyvirus,Montyvirus beaver,dsDNA
2079397,2055.0,Gordonia terrae,Duplodnaviria,Heunggongvirae,Uroviricota,Caudoviricetes,Caudoviricetes incertae sedis,Beenievirus,Beenievirus beenie,dsDNA
1821550,2055.0,Gordonia terrae,Duplodnaviria,Heunggongvirae,Uroviricota,Caudoviricetes,Caudoviricetes incertae sedis,Demosthenesvirus,Demosthenesvirus katyusha,dsDNA
2047830,2055.0,Gordonia terrae,Duplodnaviria,Heunggongvirae,Uroviricota,Caudoviricetes,Caudoviricetes incertae sedis,Getalongvirus,Getalongvirus bentherdunthat,dsDNA
1821551,2055.0,Gordonia terrae,Duplodnaviria,Heunggongvirae,Uroviricota,Caudoviricetes,Caudoviricetes incertae sedis,Betterkatzvirus,Betterkatzvirus betterkatz,dsDNA
2283245,2055.0,Gordonia terrae,Duplodnaviria,Heunggongvirae,Uroviricota,Caudoviricetes,Caudoviricetes incertae sedis,Terapinvirus,Terapinvirus terapin,dsDNA
2484205,2055.0,Gordonia terrae,Duplodnaviria,Heunggongvirae,Uroviricota,Caudoviricetes,Caudoviricetes incertae sedis,Nymphadoravirus,Nymphadoravirus zirinka,dsDNA
2965182,2055.0,Gordonia terrae,Duplodnaviria,Heunggongvirae,Uroviricota,Caudoviricetes,Caudoviricetes incertae sedis,Woesvirus,unclassified Woesvirus,dsDNA
2762389,36822.0,Gordonia rubripertincta,Duplodnaviria,Heunggongvirae,Uroviricota,Caudoviricetes,Caudoviricetes incertae sedis,Ponsvirus,Ponsvirus bigchungus,dsDNA
3403442,2055.0,Gordonia terrae,Duplodnaviria,Heunggongvirae,Uroviricota,Caudoviricetes,Caudoviricetes incertae sedis,Montyvirus,unclassified Montyvirus,dsDNA
2047831,2055.0,Gordonia terrae,Duplodnaviria,Heunggongvirae,Uroviricota,Caudoviricetes,Caudoviricetes incertae sedis,Montyvirus,Montyvirus birksandsocks,dsDNA
3077156,36822.0,Gordonia rubripertincta,Duplodnaviria,Heunggongvirae,Uroviricota,Caudoviricetes,Caudoviricetes incertae sedis,Lambovirus,Lambovirus birthdayboy,dsDNA
2047832,2055.0,Gordonia terrae,Duplodnaviria,Heunggongvirae,Uroviricota,Caudoviricetes,Caudoviricetes incertae sedis,Attisvirus,Attisvirus bjanes7,dsDNA
2793696,2055.0,Gordonia terrae,Duplodnaviria,Heunggongvirae,Uroviricota,Caudoviricetes,Caudoviricetes incertae sedis,Jujuvirus,Jujuvirus blino,dsDNA
2978491,2055.0,Gordonia terrae,Duplodnaviria,Heunggongvirae,Uroviricota,Caudoviricetes,Caudoviricetes incertae sedis,Forzavirus,unclassified Forzavirus,dsDNA
2776839,2055.0,Gordonia terrae,Duplodnaviria,Heunggongvirae,Uroviricota,Caudoviricetes,Caudoviricetes incertae sedis,Nymphadoravirus,Nymphadoravirus bosnia,dsDNA
1838063,2055.0,Gordonia terrae,Duplodnaviria,Heunggongvirae,Uroviricota,Caudoviricetes,Caudoviricetes incertae sedis,Bowservirus,Bowservirus bowser,dsDNA
2836009,2055.0,Gordonia terrae,Duplodnaviria,Heunggongvirae,Uroviricota,Caudoviricetes,Caudoviricetes incertae sedis,Nymphadoravirus,Nymphadoravirus boynamedsue,dsDNA
2719202,2055.0,Gordonia terrae,Duplodnaviria,Heunggongvirae,Uroviricota,Caudoviricetes,Caudoviricetes incertae sedis,Montyvirus,Montyvirus monty,dsDNA
1838064,2055.0,Gordonia terrae,Duplodnaviria,Heunggongvirae,Uroviricota,Caudoviricetes,Caudoviricetes incertae sedis,Britbratvirus,Britbratvirus britbrat,dsDNA
2530116,2055.0,Gordonia terrae,Duplodnaviria,Heunggongvirae,Uroviricota,Caudoviricetes,Caudoviricetes incertae sedis,Oneupvirus,Oneupvirus brutongaster,dsDNA
3043908,2055.0,Gordonia terrae,Duplodnaviria,Heunggongvirae,Uroviricota,Caudoviricetes,Caudoviricetes incertae sedis,Getalongvirus,unclassified Getalongvirus,dsDNA
2762398,2055.0,Gordonia terrae,Duplodnaviria,Heunggongvirae,Uroviricota,Caudoviricetes,Caudoviricetes incertae sedis,Nymphadoravirus,Nymphadoravirus bunnybear,dsDNA
2762390,2055.0,Gordonia terrae,Duplodnaviria,Heunggongvirae,Uroviricota,Caudoviricetes,Caudoviricetes incertae sedis,Emalynvirus,Emalynvirus troje,dsDNA
2301538,2055.0,Gordonia terrae,Duplodnaviria,Heunggongvirae,Uroviricota,Caudoviricetes,Caudoviricetes incertae sedis,Catfishvirus,Catfishvirus catfish,dsDNA
2588132,2055.0,Gordonia terrae,Duplodnaviria,Heunggongvirae,Uroviricota,Caudoviricetes,Caudoviricetes incertae sedis,Montyvirus,Montyvirus chelms,dsDNA
2652411,36822.0,Gordonia rubripertincta,Duplodnaviria,Heunggongvirae,Uroviricota,Caudoviricetes,Caudoviricetes incertae sedis,Ponsvirus,Ponsvirus cherryonlim,dsDNA
2656530,36822.0,Gordonia rubripertincta,Duplodnaviria,Heunggongvirae,Uroviricota,Caudoviricetes,Caudoviricetes incertae sedis,Chidieberevirus,Chidieberevirus chidiebere,dsDNA
2871538,36822.0,Gordonia rubripertincta,Duplodnaviria,Heunggongvirae,Uroviricota,Caudoviricetes,Caudoviricetes incertae sedis,Chidieberevirus,Chidieberevirus chisanakitsune,dsDNA
2951204,2055.0,Gordonia terrae,Duplodnaviria,Heunggongvirae,Uroviricota,Caudoviricetes,Caudoviricetes incertae sedis,Attisvirus,unclassified Attisvirus,dsDNA
2588133,2055.0,Gordonia terrae,Duplodnaviria,Heunggongvirae,Uroviricota,Caudoviricetes,Caudoviricetes incertae sedis,Beenievirus,Beenievirus clark,dsDNA
2743910,36822.0,Gordonia rubripertincta,Duplodnaviria,Heunggongvirae,Uroviricota,Caudoviricetes,Caudoviricetes incertae sedis,Clawzvirus,Clawzvirus clawz,dsDNA
1838065,2055.0,Gordonia terrae,Duplodnaviria,Heunggongvirae,Uroviricota,Caudoviricetes,Caudoviricetes incertae sedis,Smoothievirus,Smoothievirus clubL,dsDNA
2571246,2055.0,Gordonia terrae,Duplodnaviria,Heunggongvirae,Uroviricota,Caudoviricetes,Caudoviricetes incertae sedis,Coeurvirus,Coeurvirus coeur,dsDNA
3077143,2055.0,Gordonia terrae,Duplodnaviria,Heunggongvirae,Uroviricota,Caudoviricetes,Caudoviricetes incertae sedis,Apricotvirus,unclassified Apricotvirus,dsDNA
2656532,36822.0,Gordonia rubripertincta,Duplodnaviria,Heunggongvirae,Uroviricota,Caudoviricetes,Caudoviricetes incertae sedis,Kenoshavirus,Kenoshavirus crocheter,dsDNA
2970335,36822.0,Gordonia rubripertincta,Duplodnaviria,Heunggongvirae,Uroviricota,Caudoviricetes,Caudoviricetes incertae sedis,Bendigovirus,unclassified Bendigovirus,dsDNA
2588489,2055.0,Gordonia terrae,Duplodnaviria,Heunggongvirae,Uroviricota,Caudoviricetes,Caudoviricetes incertae sedis,Dardanusvirus,Dardanusvirus dardanus,dsDNA
2283286,2055.0,Gordonia terrae,Duplodnaviria,Heunggongvirae,Uroviricota,Caudoviricetes,Caudoviricetes incertae sedis,Daredevilvirus,Daredevilvirus daredevil,dsDNA
2704037,2055.0,Gordonia terrae,Duplodnaviria,Heunggongvirae,Uroviricota,Caudoviricetes,Caudoviricetes incertae sedis,Bantamvirus,unclassified Bantamvirus,dsDNA
2652879,2055.0,Gordonia terrae,Duplodnaviria,Heunggongvirae,Uroviricota,Caudoviricetes,Caudoviricetes incertae sedis,Denisevirus,Denisevirus denise,dsDNA
1958908,2055.0,Gordonia terrae,Duplodnaviria,Heunggongvirae,Uroviricota,Caudoviricetes,Caudoviricetes incertae sedis,Vendettavirus,unclassified Vendettavirus,dsDNA
2759391,2055.0,Gordonia terrae,Duplodnaviria,Heunggongvirae,Uroviricota,Caudoviricetes,Caudoviricetes incertae sedis,Hedwigvirus,unclassified Hedwigvirus,dsDNA
2652880,2055.0,Gordonia terrae,Duplodnaviria,Heunggongvirae,Uroviricota,Caudoviricetes,Caudoviricetes incertae sedis,Beenievirus,Beenievirus dobbyssock,dsDNA
2530117,2055.0,Gordonia terrae,Duplodnaviria,Heunggongvirae,Uroviricota,Caudoviricetes,Caudoviricetes incertae sedis,Nyceiraevirus,unclassified Nyceiraevirus,dsDNA
2873534,2055.0,Gordonia terrae,Duplodnaviria,Heunggongvirae,Uroviricota,Caudoviricetes,Caudoviricetes incertae sedis,Beenievirus,Beenievirus dolores,dsDNA
2499023,36822.0,Gordonia rubripertincta,Duplodnaviria,Heunggongvirae,Uroviricota,Caudoviricetes,Caudoviricetes incertae sedis,Beenievirus,Beenievirus dorito,dsDNA
2507858,2055.0,Gordonia terrae,Duplodnaviria,Heunggongvirae,Uroviricota,Caudoviricetes,Caudoviricetes incertae sedis,Kenoshavirus,Kenoshavirus duffington,dsDNA
2713262,2055.0,Gordonia terrae,Duplodnaviria,Heunggongvirae,Uroviricota,Caudoviricetes,Caudoviricetes incertae sedis,Ruthyvirus,Ruthyvirus dumpsterdude,dsDNA
2182395,2055.0,Gordonia terrae,Duplodnaviria,Heunggongvirae,Uroviricota,Caudoviricetes,Caudoviricetes incertae sedis,Beenievirus,Beenievirus easley,dsDNA
2201426,2055.0,Gordonia terrae,Duplodnaviria,Heunggongvirae,Uroviricota,Caudoviricetes,Caudoviricetes incertae sedis,Attisvirus,Attisvirus ebert,dsDNA
2201427,2055.0,Gordonia terrae,Duplodnaviria,Heunggongvirae,Uroviricota,Caudoviricetes,Caudoviricetes incertae sedis,Emperorvirus,Emperorvirus emperor,dsDNA
3070616,36822.0,Gordonia rubripertincta,Duplodnaviria,Heunggongvirae,Uroviricota,Caudoviricetes,Caudoviricetes incertae sedis,Ericdabvirus,Ericdabvirus ericdab,dsDNA
3043913,36822.0,Gordonia rubripertincta,Duplodnaviria,Heunggongvirae,Uroviricota,Caudoviricetes,Caudoviricetes incertae sedis,Lambovirus,Lambovirus erutan,dsDNA
1887646,2055.0,Gordonia terrae,Duplodnaviria,Heunggongvirae,Uroviricota,Caudoviricetes,Caudoviricetes incertae sedis,Eyrevirus,Eyrevirus eyre,dsDNA
2572526,2055.0,Gordonia terrae,Duplodnaviria,Heunggongvirae,Uroviricota,Caudoviricetes,Caudoviricetes incertae sedis,Fairfaxidumvirus,Fairfaxidumvirus fairfaxidum,dsDNA
2926099,2055.0,Gordonia terrae,Duplodnaviria,Heunggongvirae,Uroviricota,Caudoviricetes,Caudoviricetes incertae sedis,Finkelvirus,Finkelvirus finkel,dsDNA
2079280,2055.0,Gordonia terrae,Duplodnaviria,Heunggongvirae,Uroviricota,Caudoviricetes,Caudoviricetes incertae sedis,Montyvirus,Montyvirus flakey,dsDNA
2571247,2055.0,Gordonia terrae,Duplodnaviria,Heunggongvirae,Uroviricota,Caudoviricetes,Caudoviricetes incertae sedis,Forzavirus,Forzavirus forza,dsDNA
2250320,2055.0,Gordonia terrae,Duplodnaviria,Heunggongvirae,Uroviricota,Caudoviricetes,Caudoviricetes incertae sedis,Jujuvirus,Jujuvirus frokostdame,dsDNA
2250392,2055.0,Gordonia terrae,Duplodnaviria,Heunggongvirae,Uroviricota,Caudoviricetes,Caudoviricetes incertae sedis,Ronaldovirus,Ronaldovirus fryberger,dsDNA
3077818,36822.0,Gordonia rubripertincta,Duplodnaviria,Heunggongvirae,Uroviricota,Caudoviricetes,Caudoviricetes incertae sedis,Lambovirus,Lambovirus fulcrum,dsDNA
1647469,84096.0,Gordonia alkanivorans,Duplodnaviria,Heunggongvirae,Uroviricota,Caudoviricetes,Caudoviricetes incertae sedis,Galunavirus,Galunavirus GAL1,dsDNA
2250393,2055.0,Gordonia terrae,Duplodnaviria,Heunggongvirae,Uroviricota,Caudoviricetes,Caudoviricetes incertae sedis,Bowservirus,unclassified Bowservirus,dsDNA
2926104,36822.0,Gordonia rubripertincta,Duplodnaviria,Heunggongvirae,Uroviricota,Caudoviricetes,Caudoviricetes incertae sedis,Lambovirus,Lambovirus genamy16,dsDNA
2315531,2055.0,Gordonia terrae,Duplodnaviria,Heunggongvirae,Uroviricota,Caudoviricetes,Caudoviricetes incertae sedis,Getalongvirus,Getalongvirus getalong,dsDNA
1887647,2055.0,Gordonia terrae,Duplodnaviria,Heunggongvirae,Uroviricota,Caudoviricetes,Caudoviricetes incertae sedis,Ghobesvirus,Ghobesvirus ghobes,dsDNA
2599843,36822.0,Gordonia rubripertincta,Duplodnaviria,Heunggongvirae,Uroviricota,Caudoviricetes,Caudoviricetes incertae sedis,Lambovirus,Lambovirus gibbin,dsDNA
2593334,2055.0,Gordonia terrae,Duplodnaviria,Heunggongvirae,Uroviricota,Caudoviricetes,Caudoviricetes incertae sedis,Orchidvirus,unclassified Orchidvirus,dsDNA
2652405,36822.0,Gordonia rubripertincta,Duplodnaviria,Heunggongvirae,Uroviricota,Caudoviricetes,Caudoviricetes incertae sedis,Aziravirus,Aziravirus gibbous,dsDNA
2743912,2055.0,Gordonia terrae,Duplodnaviria,Heunggongvirae,Uroviricota,Caudoviricetes,Caudoviricetes incertae sedis,Tanisvirus,Tanisvirus tanis,dsDNA
1647283,410332.0,Gordonia malaquae,Duplodnaviria,Heunggongvirae,Uroviricota,Caudoviricetes,Caudoviricetes incertae sedis,Gimaduovirus,Gimaduovirus GMA2,dsDNA
1647284,410332.0,Gordonia malaquae,Duplodnaviria,Heunggongvirae,Uroviricota,Caudoviricetes,Caudoviricetes incertae sedis,Gamtrevirus,Gamtrevirus GMA3,dsDNA
1647472,410332.0,Gordonia malaquae,Duplodnaviria,Heunggongvirae,Uroviricota,Caudoviricetes,Caudoviricetes incertae sedis,Grutrevirus,Grutrevirus GMA5,dsDNA
1647285,410332.0,Gordonia malaquae,Duplodnaviria,Heunggongvirae,Uroviricota,Caudoviricetes,Caudoviricetes incertae sedis,Bendigovirus,Bendigovirus GMA6,dsDNA
1647286,410332.0,Gordonia malaquae,Duplodnaviria,Heunggongvirae,Uroviricota,Caudoviricetes,Caudoviricetes incertae sedis,Getseptimavirus,Getseptimavirus GMA7,dsDNA
1622190,410332.0,Gordonia malaquae,Duplodnaviria,Heunggongvirae,Uroviricota,Caudoviricetes,Caudoviricetes incertae sedis,Gordtnkvirus,Gordtnkvirus gordtnk2,dsDNA
2562192,2055.0,Gordonia terrae,Duplodnaviria,Heunggongvirae,Uroviricota,Caudoviricetes,Caudoviricetes incertae sedis,Godonkavirus,Godonkavirus godonK,dsDNA
2599844,36822.0,Gordonia rubripertincta,Duplodnaviria,Heunggongvirae,Uroviricota,Caudoviricetes,Caudoviricetes incertae sedis,Lambovirus,Lambovirus sadboi,dsDNA
1647473,36822.0,Gordonia rubripertincta,Duplodnaviria,Heunggongvirae,Uroviricota,Caudoviricetes,Caudoviricetes incertae sedis,Grutrevirus,Grutrevirus GRU3,dsDNA
1622193,36823.0,Gordonia sputi,Duplodnaviria,Heunggongvirae,Uroviricota,Caudoviricetes,Caudoviricetes incertae sedis,Gesputvirus,Gesputvirus gsput1,dsDNA
981323,1823.0,Nocardia otitidiscaviarum,Duplodnaviria,Heunggongvirae,Uroviricota,Caudoviricetes,Caudoviricetes incertae sedis,Emalynvirus,Emalynvirus GTE2,dsDNA
1100814,1824.0,Nocardia asteroides,Duplodnaviria,Heunggongvirae,Uroviricota,Caudoviricetes,Caudoviricetes incertae sedis,Getseptimavirus,Getseptimavirus GTE7,dsDNA
2816465,2055.0,Gordonia terrae,Duplodnaviria,Heunggongvirae,Uroviricota,Caudoviricetes,Caudoviricetes incertae sedis,Ronaldovirus,unclassified Ronaldovirus,dsDNA
2047872,2055.0,Gordonia terrae,Duplodnaviria,Heunggongvirae,Uroviricota,Caudoviricetes,Caudoviricetes incertae sedis,Gustavvirus,Gustavvirus gustav,dsDNA
1887648,2055.0,Gordonia terrae,Duplodnaviria,Heunggongvirae,Uroviricota,Caudoviricetes,Caudoviricetes incertae sedis,Hedwigvirus,Hedwigvirus hedwig,dsDNA
2776861,2055.0,Gordonia terrae,Duplodnaviria,Heunggongvirae,Uroviricota,Caudoviricetes,Caudoviricetes incertae sedis,Nymphadoravirus,Nymphadoravirus herod,dsDNA
2985315,2055.0,Gordonia terrae,Duplodnaviria,Heunggongvirae,Uroviricota,Caudoviricetes,Caudoviricetes incertae sedis,Demosthenesvirus,unclassified Demosthenesvirus,dsDNA
2301696,2055.0,Gordonia terrae,Duplodnaviria,Heunggongvirae,Uroviricota,Caudoviricetes,Caudoviricetes incertae sedis,Horusvirus,Horusvirus horus,dsDNA
1777061,2055.0,Gordonia terrae,Duplodnaviria,Heunggongvirae,Uroviricota,Caudoviricetes,Caudoviricetes incertae sedis,Howevirus,Howevirus howe,dsDNA
2182360,1833.0,Rhodococcus erythropolis,Duplodnaviria,Heunggongvirae,Uroviricota,Caudoviricetes,Caudoviricetes incertae sedis,Jacevirus,Jacevirus jace,dsDNA
2910757,36822.0,Gordonia rubripertincta,Duplodnaviria,Heunggongvirae,Uroviricota,Caudoviricetes,Caudoviricetes incertae sedis,Lambovirus,Lambovirus jalebi,dsDNA
1838068,945692.0,Gordonia neofelifaecis,Duplodnaviria,Heunggongvirae,Uroviricota,Caudoviricetes,Caudoviricetes incertae sedis,Mcgonagallvirus,unclassified Mcgonagallvirus,dsDNA
2653716,36822.0,Gordonia rubripertincta,Duplodnaviria,Heunggongvirae,Uroviricota,Caudoviricetes,Caudoviricetes incertae sedis,Montyvirus,Montyvirus jellybones,dsDNA
2708629,2055.0,Gordonia terrae,Duplodnaviria,Heunggongvirae,Uroviricota,Caudoviricetes,Caudoviricetes incertae sedis,Montyvirus,Montyvirus john316,dsDNA
2859476,2055.0,Gordonia terrae,Duplodnaviria,Heunggongvirae,Uroviricota,Caudoviricetes,Caudoviricetes incertae sedis,Santhisvirus,Santhisvirus jojo24,dsDNA
3062832,2055.0,Gordonia terrae,Duplodnaviria,Heunggongvirae,Uroviricota,Caudoviricetes,Caudoviricetes incertae sedis,Yvonnevirus,unclassified Yvonnevirus,dsDNA
2590929,2055.0,Gordonia terrae,Duplodnaviria,Heunggongvirae,Uroviricota,Caudoviricetes,Caudoviricetes incertae sedis,Jujuvirus,Jujuvirus juju,dsDNA
1887650,2055.0,Gordonia terrae,Duplodnaviria,Heunggongvirae,Uroviricota,Caudoviricetes,Caudoviricetes incertae sedis,Gorjumvirus,Gorjumvirus jumbo,dsDNA
1838069,2055.0,Gordonia terrae,Duplodnaviria,Heunggongvirae,Uroviricota,Caudoviricetes,Caudoviricetes incertae sedis,Orchidvirus,Orchidvirus orchid,dsDNA
1838070,2055.0,Gordonia terrae,Duplodnaviria,Heunggongvirae,Uroviricota,Caudoviricetes,Caudoviricetes incertae sedis,Soupsvirus,Soupsvirus soups,dsDNA
2499025,2055.0,Gordonia terrae,Duplodnaviria,Heunggongvirae,Uroviricota,Caudoviricetes,Caudoviricetes incertae sedis,Getalongvirus,Getalongvirus kenna,dsDNA
2588490,36822.0,Gordonia rubripertincta,Duplodnaviria,Heunggongvirae,Uroviricota,Caudoviricetes,Caudoviricetes incertae sedis,Kenoshavirus,Kenoshavirus kenosha,dsDNA
2885975,2055.0,Gordonia terrae,Duplodnaviria,Heunggongvirae,Uroviricota,Caudoviricetes,Caudoviricetes incertae sedis,Octobienvirus,Octobienvirus kudefre,dsDNA
2790987,2055.0,Gordonia terrae,Duplodnaviria,Heunggongvirae,Uroviricota,Caudoviricetes,Caudoviricetes incertae sedis,Attisvirus,Attisvirus lamberg,dsDNA
2599845,36822.0,Gordonia rubripertincta,Duplodnaviria,Heunggongvirae,Uroviricota,Caudoviricetes,Caudoviricetes incertae sedis,Lambovirus,Lambovirus lambo,dsDNA
2656538,36822.0,Gordonia rubripertincta,Duplodnaviria,Heunggongvirae,Uroviricota,Caudoviricetes,Caudoviricetes incertae sedis,Ponsvirus,Ponsvirus lauer,dsDNA
2859511,2055.0,Gordonia terrae,Duplodnaviria,Heunggongvirae,Uroviricota,Caudoviricetes,Caudoviricetes incertae sedis,Horusvirus,unclassified Horusvirus,dsDNA
2794947,2055.0,Gordonia terrae,Duplodnaviria,Heunggongvirae,Uroviricota,Caudoviricetes,Caudoviricetes incertae sedis,Stackebrandtviridae,Lilbeanievirus,dsDNA
2927247,36822.0,Gordonia rubripertincta,Duplodnaviria,Heunggongvirae,Uroviricota,Caudoviricetes,Caudoviricetes incertae sedis,Terapinvirus,unclassified Terapinvirus,dsDNA
1821557,2055.0,Gordonia terrae,Duplodnaviria,Heunggongvirae,Uroviricota,Caudoviricetes,Caudoviricetes incertae sedis,Luckytenvirus,Luckytenvirus lucky10,dsDNA
2591189,2055.0,Gordonia terrae,Duplodnaviria,Heunggongvirae,Uroviricota,Caudoviricetes,Caudoviricetes incertae sedis,Nymphadoravirus,Nymphadoravirus madeline,dsDNA
2591114,2055.0,Gordonia terrae,Duplodnaviria,Heunggongvirae,Uroviricota,Caudoviricetes,Caudoviricetes incertae sedis,Schnabeltiervirus,unclassified Schnabeltiervirus,dsDNA
2047873,2055.0,Gordonia terrae,Duplodnaviria,Heunggongvirae,Uroviricota,Caudoviricetes,Caudoviricetes incertae sedis,Gustavvirus,Gustavvirus mahdia,dsDNA
2985316,2055.0,Gordonia terrae,Duplodnaviria,Heunggongvirae,Uroviricota,Caudoviricetes,Langleyhallvirinae,unclassified Langleyhallvirinae,,dsDNA
2488957,2055.0,Gordonia terrae,Duplodnaviria,Heunggongvirae,Uroviricota,Caudoviricetes,Caudoviricetes incertae sedis,Nymphadoravirus,Nymphadoravirus maridalia,dsDNA
2759392,2055.0,Gordonia terrae,Duplodnaviria,Heunggongvirae,Uroviricota,Caudoviricetes,Caudoviricetes incertae sedis,Attisvirus,Attisvirus matteo,dsDNA
2590931,36822.0,Gordonia rubripertincta,Duplodnaviria,Heunggongvirae,Uroviricota,Caudoviricetes,Caudoviricetes incertae sedis,Ponsvirus,Ponsvirus mayweather,dsDNA
1838072,945692.0,Gordonia neofelifaecis,Duplodnaviria,Heunggongvirae,Uroviricota,Caudoviricetes,Caudoviricetes incertae sedis,Mcgonagallvirus,Mcgonagallvirus macgonagall,dsDNA
2652881,2055.0,Gordonia terrae,Duplodnaviria,Heunggongvirae,Uroviricota,Caudoviricetes,Caudoviricetes incertae sedis,Howevirus,Howevirus mcklovin,dsDNA
2759395,2055.0,Gordonia terrae,Duplodnaviria,Heunggongvirae,Uroviricota,Caudoviricetes,Caudoviricetes incertae sedis,Beenievirus,Beenievirus michaelscott,dsDNA
2590895,2055.0,Gordonia terrae,Duplodnaviria,Heunggongvirae,Uroviricota,Caudoviricetes,Caudoviricetes incertae sedis,Mollymurvirus,Mollymurvirus mollymur,dsDNA
2951205,2055.0,Gordonia terrae,Duplodnaviria,Heunggongvirae,Uroviricota,Caudoviricetes,Caudoviricetes incertae sedis,Luckytenvirus,unclassified Luckytenvirus,dsDNA
2201429,2055.0,Gordonia terrae,Duplodnaviria,Heunggongvirae,Uroviricota,Caudoviricetes,Caudoviricetes incertae sedis,Gustavvirus,unclassified Gustavvirus,dsDNA
2871516,36822.0,Gordonia rubripertincta,Duplodnaviria,Heunggongvirae,Uroviricota,Caudoviricetes,Caudoviricetes incertae sedis,Kenoshavirus,Kenoshavirus untouchable,dsDNA
2301693,2055.0,Gordonia terrae,Duplodnaviria,Heunggongvirae,Uroviricota,Caudoviricetes,Caudoviricetes incertae sedis,Nevillevirus,Nevillevirus neville,dsDNA
2927258,36822.0,Gordonia rubripertincta,Duplodnaviria,Heunggongvirae,Uroviricota,Caudoviricetes,Caudoviricetes incertae sedis,Lambovirus,Lambovirus novasharks,dsDNA
1887651,2055.0,Gordonia terrae,Duplodnaviria,Heunggongvirae,Uroviricota,Caudoviricetes,Caudoviricetes incertae sedis,Nyceiraevirus,Nyceiraevirus nyceirae,dsDNA
2483673,2055.0,Gordonia terrae,Duplodnaviria,Heunggongvirae,Uroviricota,Caudoviricetes,Caudoviricetes incertae sedis,Octobienvirus,Octobienvirus octobien14,dsDNA
2762412,2055.0,Gordonia terrae,Duplodnaviria,Heunggongvirae,Uroviricota,Caudoviricetes,Caudoviricetes incertae sedis,Baxterfoxvirus,Baxterfoxvirus ohgeesy,dsDNA
2652414,36822.0,Gordonia rubripertincta,Duplodnaviria,Heunggongvirae,Uroviricota,Caudoviricetes,Caudoviricetes incertae sedis,Kenoshavirus,Kenoshavirus ohmyward,dsDNA
1838074,2055.0,Gordonia terrae,Duplodnaviria,Heunggongvirae,Uroviricota,Caudoviricetes,Caudoviricetes incertae sedis,Oneupvirus,Oneupvirus oneup,dsDNA
2933956,2055.0,Gordonia terrae,Duplodnaviria,Heunggongvirae,Uroviricota,Caudoviricetes,Caudoviricetes incertae sedis,Beenievirus,unclassified Beenievirus,dsDNA
2927260,36822.0,Gordonia rubripertincta,Duplodnaviria,Heunggongvirae,Uroviricota,Caudoviricetes,Caudoviricetes incertae sedis,Lambovirus,Lambovirus otterstedtS21,dsDNA
2927261,36822.0,Gordonia rubripertincta,Duplodnaviria,Heunggongvirae,Uroviricota,Caudoviricetes,Caudoviricetes incertae sedis,Lambovirus,Lambovirus parvustarda,dsDNA
2927262,36822.0,Gordonia rubripertincta,Duplodnaviria,Heunggongvirae,Uroviricota,Caudoviricetes,Caudoviricetes incertae sedis,Lambovirus,Lambovirus patos,dsDNA
2970353,2055.0,Gordonia terrae,Duplodnaviria,Heunggongvirae,Uroviricota,Caudoviricetes,Caudoviricetes incertae sedis,Fairfaxidumvirus,unclassified Fairfaxidumvirus,dsDNA
2182347,158898.0,Gordonia westfalica,Duplodnaviria,Heunggongvirae,Uroviricota,Caudoviricetes,Caudoviricetes incertae sedis,Jujuvirus,Jujuvirus petra,dsDNA
2593335,2055.0,Gordonia terrae,Duplodnaviria,Heunggongvirae,Uroviricota,Caudoviricetes,Caudoviricetes incertae sedis,Godonkavirus,Godonkavirus phendrix,dsDNA
2301694,2055.0,Gordonia terrae,Duplodnaviria,Heunggongvirae,Uroviricota,Caudoviricetes,Caudoviricetes incertae sedis,Phistoryvirus,Phistoryvirus phistory,dsDNA
2910954,2055.0,Gordonia terrae,Duplodnaviria,Heunggongvirae,Uroviricota,Caudoviricetes,Caudoviricetes incertae sedis,Attisvirus,Attisvirus pickett,dsDNA
2575355,2055.0,Gordonia terrae,Duplodnaviria,Heunggongvirae,Uroviricota,Caudoviricetes,Caudoviricetes incertae sedis,Nymphadoravirus,Nymphadoravirus polly,dsDNA
2885976,36822.0,Gordonia rubripertincta,Duplodnaviria,Heunggongvirae,Uroviricota,Caudoviricetes,Caudoviricetes incertae sedis,Ponsvirus,Ponsvirus pons,dsDNA
2599847,36822.0,Gordonia rubripertincta,Duplodnaviria,Heunggongvirae,Uroviricota,Caudoviricetes,Caudoviricetes incertae sedis,Powerballvirus,Powerballvirus powerball,dsDNA
2571249,2055.0,Gordonia terrae,Duplodnaviria,Heunggongvirae,Uroviricota,Caudoviricetes,Caudoviricetes incertae sedis,Puppervirus,Puppervirus Pupper,dsDNA
2762280,2055.0,Gordonia terrae,Duplodnaviria,Heunggongvirae,Uroviricota,Caudoviricetes,Caudoviricetes incertae sedis,Nevillevirus,Nevillevirus rabbitrun,dsDNA
3077815,36822.0,Gordonia rubripertincta,Duplodnaviria,Heunggongvirae,Uroviricota,Caudoviricetes,Caudoviricetes incertae sedis,Coeurvirus,unclassified Coeurvirus,dsDNA
2599848,36822.0,Gordonia rubripertincta,Duplodnaviria,Heunggongvirae,Uroviricota,Caudoviricetes,Caudoviricetes incertae sedis,Lambovirus,Lambovirus ranch,dsDNA
2743988,2055.0,Gordonia terrae,Duplodnaviria,Heunggongvirae,Uroviricota,Caudoviricetes,Caudoviricetes incertae sedis,Stormageddonvirus,unclassified Stormageddonvirus,dsDNA
1887652,2055.0,Gordonia terrae,Duplodnaviria,Heunggongvirae,Uroviricota,Caudoviricetes,Caudoviricetes incertae sedis,Soupsvirus,Soupsvirus strosahl,dsDNA
2571250,2055.0,Gordonia terrae,Duplodnaviria,Heunggongvirae,Uroviricota,Caudoviricetes,Caudoviricetes incertae sedis,Santhisvirus,Santhisvirus reyja,dsDNA
2507854,2055.0,Gordonia terrae,Duplodnaviria,Heunggongvirae,Uroviricota,Caudoviricetes,Caudoviricetes incertae sedis,Kenoshavirus,Kenoshavirus rickmore,dsDNA
2250397,2055.0,Gordonia terrae,Duplodnaviria,Heunggongvirae,Uroviricota,Caudoviricetes,Caudoviricetes incertae sedis,Ronaldovirus,Ronaldovirus ronaldo,dsDNA
2805837,2055.0,Gordonia terrae,Duplodnaviria,Heunggongvirae,Uroviricota,Caudoviricetes,Caudoviricetes incertae sedis,Montyvirus,Montyvirus stevefrench,dsDNA
2250323,2055.0,Gordonia terrae,Duplodnaviria,Heunggongvirae,Uroviricota,Caudoviricetes,Caudoviricetes incertae sedis,Ruthyvirus,Ruthyvirus ruthy,dsDNA
2859488,2055.0,Gordonia terrae,Duplodnaviria,Heunggongvirae,Uroviricota,Caudoviricetes,Caudoviricetes incertae sedis,Attisvirus,Attisvirus sahara,dsDNA
2079570,2055.0,Gordonia terrae,Duplodnaviria,Heunggongvirae,Uroviricota,Caudoviricetes,Caudoviricetes incertae sedis,Emperorvirus,Emperorvirus sallyspecial,dsDNA
2862998,2053.0,Gordonia,Duplodnaviria,Heunggongvirae,Uroviricota,Caudoviricetes,Caudoviricetes incertae sedis,Beenievirus,Beenievirus samman98,dsDNA
2927281,2055.0,Gordonia terrae,Duplodnaviria,Heunggongvirae,Uroviricota,Caudoviricetes,Caudoviricetes incertae sedis,Santhisvirus,Santhisvirus santhid,dsDNA
3035389,2055.0,Gordonia terrae,Duplodnaviria,Heunggongvirae,Uroviricota,Caudoviricetes,Caudoviricetes incertae sedis,Ghobesvirus,unclassified Ghobesvirus,dsDNA
2571251,2055.0,Gordonia terrae,Duplodnaviria,Heunggongvirae,Uroviricota,Caudoviricetes,Caudoviricetes incertae sedis,Puppervirus,unclassified Puppervirus,dsDNA
2301697,2055.0,Gordonia terrae,Duplodnaviria,Heunggongvirae,Uroviricota,Caudoviricetes,Caudoviricetes incertae sedis,Schmidtvirus,Schmidtvirus schmidt,dsDNA
1821561,2055.0,Gordonia terrae,Duplodnaviria,Heunggongvirae,Uroviricota,Caudoviricetes,Caudoviricetes incertae sedis,Schnabeltiervirus,Schnabeltiervirus schnabeltier,dsDNA
2725616,36822.0,Gordonia rubripertincta,Duplodnaviria,Heunggongvirae,Uroviricota,Caudoviricetes,Caudoviricetes incertae sedis,Secretariatvirus,Secretariatvirus secretariat,dsDNA
2591209,2055.0,Gordonia terrae,Duplodnaviria,Heunggongvirae,Uroviricota,Caudoviricetes,Caudoviricetes incertae sedis,Beenievirus,Beenievirus sekhmet,dsDNA
2767553,2055.0,Gordonia terrae,Duplodnaviria,Heunggongvirae,Uroviricota,Caudoviricetes,Caudoviricetes incertae sedis,Octobienvirus,Octobienvirus sephiroth,dsDNA
2591117,36822.0,Gordonia rubripertincta,Duplodnaviria,Heunggongvirae,Uroviricota,Caudoviricetes,Caudoviricetes incertae sedis,Ponsvirus,Ponsvirus sheckwes,dsDNA
2591118,2055.0,Gordonia terrae,Duplodnaviria,Heunggongvirae,Uroviricota,Caudoviricetes,Caudoviricetes incertae sedis,Sidiousvirus,Sidiousvirus sidious,dsDNA
2653271,2055.0,Gordonia terrae,Duplodnaviria,Heunggongvirae,Uroviricota,Caudoviricetes,Caudoviricetes incertae sedis,Sixamavirus,Sixamavirus sixama,dsDNA
2704033,2055.0,Gordonia terrae,Duplodnaviria,Heunggongvirae,Uroviricota,Caudoviricetes,Caudoviricetes incertae sedis,Skogvirus,Skogvirus Skog,dsDNA
2502420,2055.0,Gordonia terrae,Duplodnaviria,Heunggongvirae,Uroviricota,Caudoviricetes,Caudoviricetes incertae sedis,Montyvirus,Montyvirus sombrero,dsDNA
3043930,36822.0,Gordonia rubripertincta,Duplodnaviria,Heunggongvirae,Uroviricota,Caudoviricetes,Caudoviricetes incertae sedis,Clawzvirus,unclassified Clawzvirus,dsDNA
2182349,2055.0,Gordonia terrae,Duplodnaviria,Heunggongvirae,Uroviricota,Caudoviricetes,Caudoviricetes incertae sedis,Sourvirus,Sourvirus sour,dsDNA
1838080,2055.0,Gordonia terrae,Duplodnaviria,Heunggongvirae,Uroviricota,Caudoviricetes,Caudoviricetes incertae sedis,Vendettavirus,Vendettavirus vendetta,dsDNA
2656541,2055.0,Gordonia terrae,Duplodnaviria,Heunggongvirae,Uroviricota,Caudoviricetes,Caudoviricetes incertae sedis,Stormageddonvirus,Stormageddonvirus Stormageddon,dsDNA
2652883,36822.0,Gordonia rubripertincta,Duplodnaviria,Heunggongvirae,Uroviricota,Caudoviricetes,Caudoviricetes incertae sedis,Beenievirus,Beenievirus suerte,dsDNA
2201430,2055.0,Gordonia terrae,Duplodnaviria,Heunggongvirae,Uroviricota,Caudoviricetes,Caudoviricetes incertae sedis,Terapinvirus,Terapinvirus suzy,dsDNA
2653718,2055.0,Gordonia terrae,Duplodnaviria,Heunggongvirae,Uroviricota,Caudoviricetes,Caudoviricetes incertae sedis,Octobienvirus,Octobienvirus syleon,dsDNA
3038367,2055.0,Gordonia terrae,Duplodnaviria,Heunggongvirae,Uroviricota,Caudoviricetes,Caudoviricetes incertae sedis,Santhisvirus,Santhisvirus tarzan,dsDNA
2571252,2055.0,Gordonia terrae,Duplodnaviria,Heunggongvirae,Uroviricota,Caudoviricetes,Caudoviricetes incertae sedis,Nymphadoravirus,Nymphadoravirus thankyoujordi,dsDNA
2797324,2055.0,Gordonia terrae,Duplodnaviria,Heunggongvirae,Uroviricota,Caudoviricetes,Caudoviricetes incertae sedis,Tinalinvirus,Tinalinvirus tinalin,dsDNA
2599852,2055.0,Gordonia terrae,Duplodnaviria,Heunggongvirae,Uroviricota,Caudoviricetes,Caudoviricetes incertae sedis,Fairfaxidumvirus,Fairfaxidumvirus toast,dsDNA
2591121,2055.0,Gordonia terrae,Duplodnaviria,Heunggongvirae,Uroviricota,Caudoviricetes,Caudoviricetes incertae sedis,Nevillevirus,Nevillevirus trax,dsDNA
2201431,2055.0,Gordonia terrae,Duplodnaviria,Heunggongvirae,Uroviricota,Caudoviricetes,Caudoviricetes incertae sedis,Trinevirus,Trinevirus trine,dsDNA
2744004,2055.0,Gordonia terrae,Duplodnaviria,Heunggongvirae,Uroviricota,Caudoviricetes,Caudoviricetes incertae sedis,Vendettavirus,Vendettavirus tzgordon,dsDNA
2743989,2055.0,Gordonia terrae,Duplodnaviria,Heunggongvirae,Uroviricota,Caudoviricetes,Caudoviricetes incertae sedis,Trinevirus,unclassified Trinevirus,dsDNA
2845816,36822.0,Gordonia rubripertincta,Duplodnaviria,Heunggongvirae,Uroviricota,Caudoviricetes,Caudoviricetes incertae sedis,Kruegerviridae,Vanleevirus,dsDNA
2502431,2055.0,Gordonia terrae,Duplodnaviria,Heunggongvirae,Uroviricota,Caudoviricetes,Caudoviricetes incertae sedis,Attisvirus,Attisvirus vasanti,dsDNA
2857501,36822.0,Gordonia rubripertincta,Duplodnaviria,Heunggongvirae,Uroviricota,Caudoviricetes,Caudoviricetes incertae sedis,Ponsvirus,Ponsvirus vine,dsDNA
2108120,2055.0,Gordonia terrae,Duplodnaviria,Heunggongvirae,Uroviricota,Caudoviricetes,Caudoviricetes incertae sedis,Soupsvirus,Soupsvirus wait,dsDNA
2517927,2055.0,Gordonia terrae,Duplodnaviria,Heunggongvirae,Uroviricota,Caudoviricetes,Caudoviricetes incertae sedis,Jujuvirus,Jujuvirus walrus,dsDNA
2571253,2055.0,Gordonia terrae,Duplodnaviria,Heunggongvirae,Uroviricota,Caudoviricetes,Caudoviricetes incertae sedis,Fairfaxidumvirus,Fairfaxidumvirus william,dsDNA
2910758,36822.0,Gordonia rubripertincta,Duplodnaviria,Heunggongvirae,Uroviricota,Caudoviricetes,Caudoviricetes incertae sedis,Lambovirus,Lambovirus wojtek,dsDNA
3118050,36822.0,Gordonia rubripertincta,Duplodnaviria,Heunggongvirae,Uroviricota,Caudoviricetes,Caudoviricetes incertae sedis,Xeniaduovirus,Xeniaduovirus xenia2,dsDNA
2836044,2055.0,Gordonia terrae,Duplodnaviria,Heunggongvirae,Uroviricota,Caudoviricetes,Caudoviricetes incertae sedis,Attisvirus,Attisvirus yeet412,dsDNA
1821565,2055.0,Gordonia terrae,Duplodnaviria,Heunggongvirae,Uroviricota,Caudoviricetes,Caudoviricetes incertae sedis,Baxterfoxvirus,Baxterfoxvirus yeezy,dsDNA
2656545,36822.0,Gordonia rubripertincta,Duplodnaviria,Heunggongvirae,Uroviricota,Caudoviricetes,Caudoviricetes incertae sedis,Lambovirus,Lambovirus yikes,dsDNA
1821566,2055.0,Gordonia terrae,Duplodnaviria,Heunggongvirae,Uroviricota,Caudoviricetes,Caudoviricetes incertae sedis,Yvonnevirus,Yvonnevirus yvonnetastic,dsDNA
2910759,2055.0,Gordonia terrae,Duplodnaviria,Heunggongvirae,Uroviricota,Caudoviricetes,Caudoviricetes incertae sedis,Lambovirus,Lambovirus zany,dsDNA
1743411,9538.0,Erythrocebus patas,Monodnaviria,Shotokuvirae,Commensaviricota,Cardeaviricetes,Sanitavirales,Anelloviridae,Omegatorquevirus,
656025,34287.0,Gossypium davidsonii,Viruses incertae sedis,Alphasatellitidae,Geminialphasatellitinae,Colecusatellite,Colecusatellite gossypiumdarwinii,,,
2169907,34275.0,Gossypium mustelinum,Viruses incertae sedis,Alphasatellitidae,Geminialphasatellitinae,Gosmusatellite,Gosmusatellite gossypiummustelini,,,
1906317,29760.0,Vitis vinifera,Monodnaviria,Shotokuvirae,Cressdnaviricota,Repensiviricetes,Geplafuvirales,Geminiviridae,Maldovirus,
1737345,29760.0,Vitis vinifera,Viruses incertae sedis,Pospiviroidae,Apscaviroid,Apscaviroid latensvitis,,,,
1381007,29760.0,Vitis vinifera,Monodnaviria,Shotokuvirae,Cressdnaviricota,Repensiviricetes,Geplafuvirales,Geminiviridae,Grablovirus,
1343493,29760.0,Vitis vinifera,Riboviria,Riboviria incertae sedis,Tombendovirales,Tomosaviridae,Virtovirus,unclassified Virtovirus,,
12904,29760.0,Vitis vinifera,Viruses incertae sedis,Pospiviroidae,Apscaviroid,Apscaviroid alphaflavivitis,,,,
46342,29760.0,Vitis vinifera,Viruses incertae sedis,Pospiviroidae,Apscaviroid,Apscaviroid betaflavivitis,,,,
432587,6999.0,Gryllus bimaculatus,Viruses incertae sedis,Naldaviricetes,Lefavirales,Nudiviridae,Alphanudivirus,Alphanudivirus grybimaculati,,
2116442,192173.0,Ptyas major,Riboviria,Orthornavirae,Pisuviricota,Pisoniviricetes,Nidovirales,Arnidovirineae,Gresnaviridae,
2703488,5507.0,Fusarium oxysporum,Riboviria,Orthornavirae,Pisuviricota,Pisuviricota incertae sedis,Hadakaviridae,Hadakavirus,Hadakavirus nanga,
2992577,727.0,Haemophilus influenzae,Duplodnaviria,Heunggongvirae,Uroviricota,Caudoviricetes,Caudoviricetes incertae sedis,Peduoviridae,Hpunavirus,dsDNA
1150990,69218.0,Enterobacter cancerogenus,Duplodnaviria,Heunggongvirae,Uroviricota,Caudoviricetes,Caudoviricetes incertae sedis,Casjensviridae,Enchivirus,dsDNA
2836113,546367.0,Hafnia paralvei,Duplodnaviria,Heunggongvirae,Uroviricota,Caudoviricetes,Caudoviricetes incertae sedis,Andersonviridae,Andersonviridae incertae sedis,dsDNA
2719181,546367.0,Hafnia paralvei,Duplodnaviria,Heunggongvirae,Uroviricota,Caudoviricetes,Caudoviricetes incertae sedis,Hafyongvirus,Hafyongvirus yong1,dsDNA
2116440,928514.0,Oligodon formosanus,Riboviria,Orthornavirae,Pisuviricota,Pisoniviricetes,Nidovirales,Arnidovirineae,Olifoviridae,
1735722,2238.0,Haloarcula marismortui,Singelaviria,Helvetiavirae,Dividoviricota,Laserviricetes,Halopanivirales,Sphaerolipoviridae,Alphasphaerolipovirus,dsDNA
1273746,2238.0,Haloarcula marismortui,Duplodnaviria,Heunggongvirae,Uroviricota,Caudoviricetes,Thumleimavirales,Druskaviridae,Hacavirus,dsDNA
1273747,2238.0,Haloarcula marismortui,Duplodnaviria,Heunggongvirae,Uroviricota,Caudoviricetes,Caudoviricetes incertae sedis,Saparoviridae,Samsavirus,dsDNA
710112,51589.0,Haloarcula hispanica,Monodnaviria,Trapavirae,Saleviricota,Huolimaviricetes,Haloruvirales,Pleolipoviridae,Alphapleolipovirus,
1879051,51589.0,Haloarcula hispanica,Monodnaviria,Trapavirae,Saleviricota,Huolimaviricetes,Haloruvirales,Pleolipoviridae,Betapleolipovirus,
1273750,51589.0,Haloarcula hispanica,Duplodnaviria,Heunggongvirae,Uroviricota,Caudoviricetes,Caudoviricetes incertae sedis,Madisaviridae,Clampvirus,dsDNA
1273751,51589.0,Haloarcula hispanica,Duplodnaviria,Heunggongvirae,Uroviricota,Caudoviricetes,Caudoviricetes incertae sedis,Saparoviridae,Halohivirus,dsDNA
2877978,2238.0,Haloarcula marismortui,Duplodnaviria,Heunggongvirae,Uroviricota,Caudoviricetes,Thumleimavirales,Hafunaviridae,Haloferacalesvirus,dsDNA
1262530,2238.0,Haloarcula marismortui,Duplodnaviria,Heunggongvirae,Uroviricota,Caudoviricetes,Kirjokansivirales,Shortaselviridae,Lonfivirus,dsDNA
2877989,56688.0,Halorubrum,Duplodnaviria,Heunggongvirae,Uroviricota,Caudoviricetes,Thumleimavirales,Soleiviridae,Eilatmyovirus,dsDNA
2877990,1542011.0,Haloarcula sp. SS8-5,Duplodnaviria,Heunggongvirae,Uroviricota,Caudoviricetes,Kirjokansivirales,Pyrstoviridae,Hatrivirus,dsDNA
1262528,28442.0,Haloarcula vallismortis,Duplodnaviria,Heunggongvirae,Uroviricota,Caudoviricetes,Thumleimavirales,Druskaviridae,Tredecimvirus,dsDNA
2811386,51589.0,Haloarcula hispanica,Monodnaviria,Trapavirae,Saleviricota,Huolimaviricetes,Haloruvirales,Pleolipoviridae,Gammapleolipovirus,
2809246,51589.0,Haloarcula hispanica,Monodnaviria,Trapavirae,Saleviricota,Huolimaviricetes,Haloruvirales,Pleolipoviridae,unclassified Pleolipoviridae,
2877979,2238.0,Haloarcula marismortui,Duplodnaviria,Heunggongvirae,Uroviricota,Caudoviricetes,Thumleimavirales,Hafunaviridae,Mincapvirus,dsDNA
2847105,2242.0,Halobacterium salinarum,Duplodnaviria,Heunggongvirae,Uroviricota,Caudoviricetes,Caudoviricetes incertae sedis,Vertoviridae,Chaovirus,dsDNA
169684,2242.0,Halobacterium salinarum,Duplodnaviria,Heunggongvirae,Uroviricota,Caudoviricetes,Caudoviricetes incertae sedis,Vertoviridae,Myohalovirus,dsDNA
2507575,2253.0,Haloferax sp.,Duplodnaviria,Heunggongvirae,Uroviricota,Caudoviricetes,Kirjokansivirales,Haloferuviridae,Retbasiphovirus,dsDNA
1273749,1089732.0,Halogranum sp. SS5-1,Duplodnaviria,Heunggongvirae,Uroviricota,Caudoviricetes,Thumleimavirales,Halomagnusviridae,Hagravirus,dsDNA
2914010,77097.0,Vreelandella aquamarina,Duplodnaviria,Heunggongvirae,Uroviricota,Caudoviricetes,Caudoviricetes incertae sedis,Hapunavirus,Hapunavirus HAP1,dsDNA
2793710,64713.0,Halorubrum coriense,Duplodnaviria,Heunggongvirae,Uroviricota,Caudoviricetes,Kirjokansivirales,Graaviviridae,unclassified Graaviviridae,dsDNA
2878006,1879286.0,Halorubrum sp.,Duplodnaviria,Heunggongvirae,Uroviricota,Caudoviricetes,Thumleimavirales,Hafunaviridae,Laminvirus,dsDNA
2878008,1879286.0,Halorubrum sp.,Duplodnaviria,Heunggongvirae,Uroviricota,Caudoviricetes,Thumleimavirales,Hafunaviridae,Minorvirus,dsDNA
2878009,1879286.0,Halorubrum sp.,Duplodnaviria,Heunggongvirae,Uroviricota,Caudoviricetes,Caudoviricetes incertae sedis,Suolaviridae,Pormufvirus,dsDNA
2878010,1879286.0,Halorubrum sp.,Duplodnaviria,Heunggongvirae,Uroviricota,Caudoviricetes,Kirjokansivirales,Haloferuviridae,Dpdavirus,dsDNA
1273752,1089759.0,Halorubrum sp. s5a-3,Duplodnaviria,Heunggongvirae,Uroviricota,Caudoviricetes,Kirjokansivirales,Haloferuviridae,Saldibavirus,dsDNA
416419,2248.0,Halorubrum saccharovorum,Duplodnaviria,Heunggongvirae,Uroviricota,Caudoviricetes,Kirjokansivirales,Graaviviridae,Beejeyvirus,dsDNA
754066,1879286.0,Halorubrum sp.,Duplodnaviria,Heunggongvirae,Uroviricota,Caudoviricetes,Kirjokansivirales,Graaviviridae,Seejivirus,dsDNA
2766528,121872.0,Natrinema thermotolerans,Singelaviria,Helvetiavirae,Dividoviricota,Laserviricetes,Halopanivirales,Simuloviridae,Yingchengvirus,dsDNA
2682836,543.0,Enterobacteriaceae,Duplodnaviria,Heunggongvirae,Uroviricota,Caudoviricetes,Caudoviricetes incertae sedis,Sendosyvirus,Sendosyvirus APSE1,dsDNA
1428189,1045356.0,Hedyotis uncinella,Viruses incertae sedis,Tolecusatellitidae,Betasatellite,Betasatellite hedyotis,,,,
1154995,210.0,Helicobacter pylori,Duplodnaviria,Heunggongvirae,Uroviricota,Caudoviricetes,Caudoviricetes incertae sedis,Schmidvirus,Schmidvirus sv1961P,dsDNA
2801364,210.0,Helicobacter pylori,Duplodnaviria,Heunggongvirae,Uroviricota,Caudoviricetes,Caudoviricetes incertae sedis,Schmidvirus,unclassified Schmidvirus,dsDNA
1208236,210.0,Helicobacter pylori,Duplodnaviria,Heunggongvirae,Uroviricota,Caudoviricetes,Caudoviricetes incertae sedis,Schmidvirus,Schmidvirus KHP30,dsDNA
1204178,210.0,Helicobacter pylori,Duplodnaviria,Heunggongvirae,Uroviricota,Caudoviricetes,Caudoviricetes incertae sedis,Schmidvirus,Schmidvirus KHP40,dsDNA
489830,29058.0,Helicoverpa armigera,Viruses incertae sedis,Naldaviricetes,Lefavirales,Baculoviridae,Betabaculovirus,Betabaculovirus helarmigerae,,
559170,29058.0,Helicoverpa armigera,Viruses incertae sedis,Naldaviricetes,Lefavirales,Baculoviridae,Alphabaculovirus,unclassified Alphabaculovirus,Alphabaculovirus sp. 'altermaconfiguratae',
566972,29058.0,Helicoverpa armigera,Viruses incertae sedis,Naldaviricetes,Lefavirales,Baculoviridae,Alphabaculovirus,Alphabaculovirus helarmigerae,Helicoverpa armigera nucleopolyhedrovirus,
51313,7113.0,Helicoverpa zea,Viruses incertae sedis,Naldaviricetes,Lefavirales,Baculoviridae,Alphabaculovirus,Alphabaculovirus helarmigerae,,
1128424,7113.0,Helicoverpa zea,Viruses incertae sedis,Naldaviricetes,Lefavirales,Nudiviridae,Betanudivirus,Betanudivirus hezeae,,
1367203,40089.0,Hemileuca,Viruses incertae sedis,Naldaviricetes,Lefavirales,Baculoviridae,Alphabaculovirus,Alphabaculovirus heleucae,Hemileuca species nucleopolyhedrovirus,
2847173,9606.0,Homo sapiens,Ribozyviria,Ribozyviria incertae sedis,Kolmioviridae,Deltavirus,Deltavirus italiense,,,
2847174,9606.0,Homo sapiens,Ribozyviria,Ribozyviria incertae sedis,Kolmioviridae,Deltavirus,Deltavirus japanense,,,
2847176,9606.0,Homo sapiens,Ribozyviria,Ribozyviria incertae sedis,Kolmioviridae,Deltavirus,Deltavirus taiwanense,,,
291484,9606.0,Homo sapiens,Riboviria,Orthornavirae,Kitrinoviricota,Alsuviricetes,Hepelivirales,Hepeviridae,unclassified Hepeviridae,+ssRNA
650121,139025.0,Heterocapsa circularisquama,Viruses incertae sedis,Dinodnavirus,,,,,,
2030964,139025.0,Heterocapsa circularisquama,Riboviria,Orthornavirae,Pisuviricota,Pisoniviricetes,Sobelivirales,Alvernaviridae,Dinornavirus,
324900,2829.0,Heterosigma akashiwo,Riboviria,Orthornavirae,Pisuviricota,Pisoniviricetes,Picornavirales,Marnaviridae,Marnavirus,
97195,2829.0,Heterosigma akashiwo,Varidnaviria,Bamfordvirae,Nucleocytoviricota,Megaviricetes,Algavirales,Phycodnaviridae,Raphidovirus,
1513278,171254.0,Citrus volkameriana,Riboviria,Orthornavirae,Kitrinoviricota,Alsuviricetes,Martellivirales,Kitaviridae,Higrevirus,+ssRNA
2164175,183298.0,Hibiscus rosa-sinensis,Viruses incertae sedis,Tolecusatellitidae,Betasatellite,Betasatellite hibiscusvenae,,,,
3429261,358814.0,Phoenicurus auroreus,Monodnaviria,Shotokuvirae,Cressdnaviricota,Arfiviricetes,Saturnivirales,Mahapunaviridae,Himalivirus,
128708,51589.0,Haloarcula hispanica,Viruses incertae sedis,Halspiviridae,Salterprovirus,Salterprovirus australiense,Salterprovirus His1,,,
944996,65557.0,Alcea rosea,Viruses incertae sedis,Alphasatellitidae,Geminialphasatellitinae,Gosmusatellite,Gosmusatellite alceae,,,
2509616,6707.0,Homarus gammarus,Viruses incertae sedis,Naldaviricetes,Lefavirales,Nudiviridae,Gammanudivirus,Gammanudivirus hogammari,,
435486,4081.0,Solanum lycopersicum,Viruses incertae sedis,Tolecusatellitidae,Betasatellite,unclassified Betasatellite,Honeysuckle yellow vein beta,,,
221037,105884.0,Lonicera japonica,Viruses incertae sedis,Tolecusatellitidae,Betasatellite,Betasatellite ioniceravenaflavi,,,,
1198498,105884.0,Lonicera japonica,Viruses incertae sedis,Tolecusatellitidae,Betasatellite,Betasatellite ioniceravenamusiviflavi,,,,
417194,4100.0,Nicotiana benthamiana,Viruses incertae sedis,Tolecusatellitidae,Betasatellite,Betasatellite ioniceravenanaraense,Honeysuckle yellow vein mosaic Nara betasatellite,,,
12907,3486.0,Humulus lupulus,Viruses incertae sedis,Pospiviroidae,Cocadviroid,Cocadviroid latenshumuli,,,,
12893,171251.0,Citrus medica,Viruses incertae sedis,Pospiviroidae,Hostuviroid,Hostuviroid impedihumuli,,,,
1922934,1.0,root,Riboviria,Orthornavirae,Negarnaviricota,Polyploviricotina,Bunyaviricetes,Hareavirales,Mypoviridae,-ssRNA
1922937,1.0,root,Riboviria,Orthornavirae,Negarnaviricota,Haploviricotina,Monjiviricetes,Jingchuvirales,Myriaviridae,-ssRNA
1923166,1.0,root,Riboviria,Orthornavirae,Pisuviricota,Pisoniviricetes,Picornavirales,Polycipiviridae,Hupolycivirus,
1923167,1.0,root,Riboviria,Orthornavirae,Pisuviricota,Pisoniviricetes,Picornavirales,Polycipiviridae,Chipolycivirus,
1922832,1.0,root,Riboviria,Orthornavirae,Pisuviricota,Stelpaviricetes,Patatavirales,Potyviridae,unclassified Potyviridae,
1923306,1.0,root,Riboviria,Orthornavirae,Duplornaviricota,Chrymotiviricetes,Ghabrivirales,Betatotivirineae,Lebotiviridae,dsRNA
3429808,9606.0,Homo sapiens,Monodnaviria,Shotokuvirae,Cressdnaviricota,Arfiviricetes,Cirlivirales,Endolinaviridae,Hudisavirus,
1985415,9606.0,Homo sapiens,Monodnaviria,Shotokuvirae,Cressdnaviricota,Repensiviricetes,Geplafuvirales,Genomoviridae,Gemyvongvirus,
2530494,9606.0,Homo sapiens,Monodnaviria,Shotokuvirae,Cressdnaviricota,Arfiviricetes,Cremevirales,Smacoviridae,Inpeasmacovirus,
1525173,9606.0,Homo sapiens,Monodnaviria,Shotokuvirae,Cressdnaviricota,Arfiviricetes,Ringavirales,Pecoviridae,Amaruvirus,
2571082,9606.0,Homo sapiens,Monodnaviria,Shotokuvirae,Cressdnaviricota,Arfiviricetes,Recrevirales,Redondoviridae,Torbevirus,
1930509,9606.0,Homo sapiens,Riboviria,Orthornavirae,Pisuviricota,Pisoniviricetes,Picornavirales,unclassified Picornavirales,Husavirus,
1732176,168657.0,Hydrogenobaculum,unclassified viruses,unclassified DNA viruses,unclassified dsDNA phages,,,,,
307448,39466.0,Hyphantria cunea,Viruses incertae sedis,Naldaviricetes,Lefavirales,Baculoviridae,Betabaculovirus,Betabaculovirus hycuneae,,
28288,7088.0,Lepidoptera,Viruses incertae sedis,Naldaviricetes,Lefavirales,Baculoviridae,Alphabaculovirus,Alphabaculovirus hycuneae,,
1070315,1070296.0,Hyposidra talaca,Viruses incertae sedis,Naldaviricetes,Lefavirales,Baculoviridae,Alphabaculovirus,Alphabaculovirus hytalacae,,
265522,389684.0,Hyposoter fugitivus,Viruses incertae sedis,Polydnaviriformidae,Ichnoviriform,,,,,
32629,3818.0,Arachis hypogaea,Riboviria,Orthornavirae,Kitrinoviricota,Alsuviricetes,Martellivirales,Virgaviridae,Pecluvirus,+ssRNA
10995,9031.0,Gallus gallus,Riboviria,Orthornavirae,Orthornavirae incertae sedis,Birnaviridae,Avibirnavirus,Avibirnavirus gumboroense,,
11002,8022.0,Oncorhynchus mykiss,Riboviria,Orthornavirae,Orthornavirae incertae sedis,Birnaviridae,Aquabirnavirus,Aquabirnavirus salmonidae,,
3429969,9544.0,Macaca mulatta,Monodnaviria,Shotokuvirae,Cressdnaviricota,Arfiviricetes,Ringavirales,Pecoviridae,Intivirus,
551895,641420.0,Iodobacter sp. CdM7,Duplodnaviria,Heunggongvirae,Uroviricota,Caudoviricetes,Caudoviricetes incertae sedis,Iodovirus,Iodovirus PLPE,dsDNA
1740360,1.0,root,Viruses incertae sedis,Tolecusatellitidae,Deltasatellite,Deltasatellite ipomoeatertii,Sweet potato leaf curl deltasatellite 3,,,
53193,169210.0,Iresine herbstii,Viruses incertae sedis,Pospiviroidae,Pospiviroid,Pospiviroid alphairesinis,,,,
2948610,29581.0,Janthinobacterium lividum,Duplodnaviria,Heunggongvirae,Uroviricota,Caudoviricetes,Caudoviricetes incertae sedis,Mesyanzhinovviridae,Bradleyvirinae,dsDNA
3429997,9646.0,Ailuropoda melanoleuca,Monodnaviria,Shotokuvirae,Cressdnaviricota,Arfiviricetes,Saturnivirales,Mahapunaviridae,Janusivirus,
659660,84614.0,Cyrtomium falcatum,Riboviria,Orthornavirae,Kitrinoviricota,Alsuviricetes,Martellivirales,Mayoviridae,Pteridovirus,+ssRNA
2956039,562.0,Escherichia coli,Duplodnaviria,Heunggongvirae,Uroviricota,Caudoviricetes,Caudoviricetes incertae sedis,Justusliebigvirus,,dsDNA
1654582,7227.0,Drosophila melanogaster,Viruses incertae sedis,Naldaviricetes,Lefavirales,Nudiviridae,Alphanudivirus,Alphanudivirus dromelanogasteris,,
1273128,3711.0,Brassica rapa,Viruses incertae sedis,Tolecusatellitidae,Betasatellite,Betasatellite nicotianasheikhupuraense,,,,
2047786,573.0,Klebsiella pneumoniae,Duplodnaviria,Heunggongvirae,Uroviricota,Caudoviricetes,Caudoviricetes incertae sedis,Bimevirus,Bimevirus bv1611EK21,dsDNA
2912295,548.0,Klebsiella aerogenes,Duplodnaviria,Heunggongvirae,Uroviricota,Caudoviricetes,Autographivirales,Autographivirales incertae sedis,Reminisvirus,dsDNA
2653641,573.0,Klebsiella pneumoniae,Duplodnaviria,Heunggongvirae,Uroviricota,Caudoviricetes,Caudoviricetes incertae sedis,Marfavirus,Marfavirus F48,dsDNA
2653643,573.0,Klebsiella pneumoniae,Duplodnaviria,Heunggongvirae,Uroviricota,Caudoviricetes,Caudoviricetes incertae sedis,Demerecviridae,Sugarlandvirus,dsDNA
2849972,570.0,Klebsiella,Duplodnaviria,Heunggongvirae,Uroviricota,Caudoviricetes,Caudoviricetes incertae sedis,Ringroadvirus,Ringroadvirus BUCT47333,dsDNA
2849971,573.0,Klebsiella pneumoniae,Duplodnaviria,Heunggongvirae,Uroviricota,Caudoviricetes,Caudoviricetes incertae sedis,Chaoyangvirus,Chaoyangvirus BUCT49532,dsDNA
2601625,573.0,Klebsiella pneumoniae,Duplodnaviria,Heunggongvirae,Uroviricota,Caudoviricetes,Caudoviricetes incertae sedis,Marfavirus,unclassified Marfavirus,dsDNA
2861002,573.0,Klebsiella pneumoniae,Duplodnaviria,Heunggongvirae,Uroviricota,Caudoviricetes,Caudoviricetes incertae sedis,Geezettvirus,Geezettvirus geezett,dsDNA
3374738,573.0,Klebsiella pneumoniae,Duplodnaviria,Heunggongvirae,Uroviricota,Caudoviricetes,Caudoviricetes incertae sedis,Jedunavirus,unclassified Jedunavirus,dsDNA
1236000,573.0,Klebsiella pneumoniae,Duplodnaviria,Heunggongvirae,Uroviricota,Caudoviricetes,Caudoviricetes incertae sedis,Jedunavirus,Jedunavirus JD001,dsDNA
1439894,570.0,Klebsiella,Duplodnaviria,Heunggongvirae,Uroviricota,Caudoviricetes,Caudoviricetes incertae sedis,Alcyoneusvirus,Alcyoneusvirus K641,dsDNA
1871716,576.0,Klebsiella sp.,Duplodnaviria,Heunggongvirae,Uroviricota,Caudoviricetes,Caudoviricetes incertae sedis,Mydovirus,Mydovirus KNP2,dsDNA
2985662,573.0,Klebsiella pneumoniae,Duplodnaviria,Heunggongvirae,Uroviricota,Caudoviricetes,Caudoviricetes incertae sedis,Alcyoneusvirus,unclassified Alcyoneusvirus,dsDNA
2895851,573.0,Klebsiella pneumoniae,Duplodnaviria,Heunggongvirae,Uroviricota,Caudoviricetes,Caudoviricetes incertae sedis,Peduoviridae,Reipivirus,dsDNA
2698923,573.0,Klebsiella pneumoniae,Duplodnaviria,Heunggongvirae,Uroviricota,Caudoviricetes,Caudoviricetes incertae sedis,Chimalliviridae,Siatvirus,dsDNA
2024238,573.0,Klebsiella pneumoniae,Duplodnaviria,Heunggongvirae,Uroviricota,Caudoviricetes,Caudoviricetes incertae sedis,Casjensviridae,Yonseivirus,dsDNA
2847815,573.0,Klebsiella pneumoniae,Duplodnaviria,Heunggongvirae,Uroviricota,Caudoviricetes,Caudoviricetes incertae sedis,Mydovirus,Mydovirus KpS8,dsDNA
2723758,573.0,Klebsiella pneumoniae,Duplodnaviria,Heunggongvirae,Uroviricota,Caudoviricetes,Caudoviricetes incertae sedis,Lastavirus,Lastavirus lasta,dsDNA
2587809,573.0,Klebsiella pneumoniae,Duplodnaviria,Heunggongvirae,Uroviricota,Caudoviricetes,Caudoviricetes incertae sedis,Marfavirus,Marfavirus marfa,dsDNA
2776813,573.0,Klebsiella pneumoniae,Duplodnaviria,Heunggongvirae,Uroviricota,Caudoviricetes,Caudoviricetes incertae sedis,Sircambvirus,Sircambvirus MEW1,dsDNA
2767581,573.0,Klebsiella pneumoniae,Duplodnaviria,Heunggongvirae,Uroviricota,Caudoviricetes,Caudoviricetes incertae sedis,Chimalliviridae,Miamivirus,dsDNA
2664939,548.0,Klebsiella aerogenes,Duplodnaviria,Heunggongvirae,Uroviricota,Caudoviricetes,Caudoviricetes incertae sedis,Chimalliviridae,Nimduovirus,dsDNA
2961985,573.0,Klebsiella pneumoniae,Duplodnaviria,Heunggongvirae,Uroviricota,Caudoviricetes,Caudoviricetes incertae sedis,Sircambvirus,Sircambvirus pKp383,dsDNA
3229748,573.0,Klebsiella pneumoniae,Duplodnaviria,Heunggongvirae,Uroviricota,Caudoviricetes,Caudoviricetes incertae sedis,Felixviridae,Nakavirus,dsDNA
2973661,573.0,Klebsiella pneumoniae,Duplodnaviria,Heunggongvirae,Uroviricota,Caudoviricetes,Caudoviricetes incertae sedis,Zewailvirus,Zewailvirus SBP,dsDNA
2026944,573.0,Klebsiella pneumoniae,Duplodnaviria,Heunggongvirae,Uroviricota,Caudoviricetes,Caudoviricetes incertae sedis,Lastavirus,Lastavirus sopranogao,dsDNA
2510476,573.0,Klebsiella pneumoniae,Duplodnaviria,Heunggongvirae,Uroviricota,Caudoviricetes,Caudoviricetes incertae sedis,Peduoviridae,Kapieceevirus,dsDNA
2510464,573.0,Klebsiella pneumoniae,Duplodnaviria,Heunggongvirae,Uroviricota,Caudoviricetes,Caudoviricetes incertae sedis,Peduoviridae,Dagavirus,dsDNA
2510480,573.0,Klebsiella pneumoniae,Duplodnaviria,Heunggongvirae,Uroviricota,Caudoviricetes,Caudoviricetes incertae sedis,Peduoviridae,Vimunumvirus,dsDNA
2510455,573.0,Klebsiella pneumoniae,Duplodnaviria,Heunggongvirae,Uroviricota,Caudoviricetes,Caudoviricetes incertae sedis,Peduoviridae,Gegavirus,dsDNA
2510456,573.0,Klebsiella pneumoniae,Duplodnaviria,Heunggongvirae,Uroviricota,Caudoviricetes,Caudoviricetes incertae sedis,Peduoviridae,Gegevirus,dsDNA
2759197,573.0,Klebsiella pneumoniae,Duplodnaviria,Heunggongvirae,Uroviricota,Caudoviricetes,Caudoviricetes incertae sedis,Bimevirus,Bimevirus KB2,dsDNA
1147094,576.0,Klebsiella sp.,Duplodnaviria,Heunggongvirae,Uroviricota,Caudoviricetes,Caudoviricetes incertae sedis,Alcyoneusvirus,Alcyoneusvirus RaK2,dsDNA
3108904,573.0,Klebsiella pneumoniae,Duplodnaviria,Heunggongvirae,Uroviricota,Caudoviricetes,Caudoviricetes incertae sedis,Loughboroughvirus,unclassified Loughboroughvirus,dsDNA
2801834,573.0,Klebsiella pneumoniae,Duplodnaviria,Heunggongvirae,Uroviricota,Caudoviricetes,Caudoviricetes incertae sedis,Chimalliviridae,Maaswegvirus,dsDNA
2686208,573.0,Klebsiella pneumoniae,Duplodnaviria,Heunggongvirae,Uroviricota,Caudoviricetes,Caudoviricetes incertae sedis,Parissaclayvirus,Parissaclayvirus POU148,dsDNA
1907784,573.0,Klebsiella pneumoniae,Duplodnaviria,Heunggongvirae,Uroviricota,Caudoviricetes,Caudoviricetes incertae sedis,Mydovirus,Mydovirus BIS47,dsDNA
2530028,573.0,Klebsiella pneumoniae,Duplodnaviria,Heunggongvirae,Uroviricota,Caudoviricetes,Caudoviricetes incertae sedis,Sircambvirus,Sircambvirus FZ14,dsDNA
2562174,570.0,Klebsiella,Duplodnaviria,Heunggongvirae,Uroviricota,Caudoviricetes,Caudoviricetes incertae sedis,Bimevirus,Bimevirus IME346,dsDNA
2894801,570.0,Klebsiella,Duplodnaviria,Heunggongvirae,Uroviricota,Caudoviricetes,Caudoviricetes incertae sedis,Sircambvirus,Sircambvirus justaphage,dsDNA
1719140,573.0,Klebsiella pneumoniae,Duplodnaviria,Heunggongvirae,Uroviricota,Caudoviricetes,Caudoviricetes incertae sedis,Mydovirus,Mydovirus KB57,dsDNA
1912321,573.0,Klebsiella pneumoniae,Duplodnaviria,Heunggongvirae,Uroviricota,Caudoviricetes,Caudoviricetes incertae sedis,Sircambvirus,Sircambvirus KpV52,dsDNA
2041212,573.0,Klebsiella pneumoniae,Duplodnaviria,Heunggongvirae,Uroviricota,Caudoviricetes,Caudoviricetes incertae sedis,Sircambvirus,Sircambvirus KpV79,dsDNA
2820394,576.0,Klebsiella sp.,Duplodnaviria,Heunggongvirae,Uroviricota,Caudoviricetes,Caudoviricetes incertae sedis,Lastavirus,unclassified Lastavirus,dsDNA
2900314,573.0,Klebsiella pneumoniae,Duplodnaviria,Heunggongvirae,Uroviricota,Caudoviricetes,Caudoviricetes incertae sedis,Carvajevirus,Carvajevirus carvaje,dsDNA
2762819,570.0,Klebsiella,Duplodnaviria,Heunggongvirae,Uroviricota,Caudoviricetes,Caudoviricetes incertae sedis,Chimalliviridae,Eowynvirus,dsDNA
2874879,573.0,Klebsiella pneumoniae,Duplodnaviria,Heunggongvirae,Uroviricota,Caudoviricetes,Caudoviricetes incertae sedis,Mascletvirus,Mascletvirus VLCpiM12a,dsDNA
2026102,573.0,Klebsiella pneumoniae,Duplodnaviria,Heunggongvirae,Uroviricota,Caudoviricetes,Caudoviricetes incertae sedis,Casjensviridae,Seodaemunguvirus,dsDNA
2201417,573.0,Klebsiella pneumoniae,Duplodnaviria,Heunggongvirae,Uroviricota,Caudoviricetes,Caudoviricetes incertae sedis,Phapecoctavirus,Phapecoctavirus ZCKP1,dsDNA
2863194,208223.0,Kosakonia cowanii,Duplodnaviria,Heunggongvirae,Uroviricota,Caudoviricetes,Caudoviricetes incertae sedis,Chimalliviridae,Branisovskavirus,dsDNA
2951632,33946.0,Kurthia gibsonii,Duplodnaviria,Heunggongvirae,Uroviricota,Caudoviricetes,Caudoviricetes incertae sedis,Rountreeviridae,unclassified Rountreeviridae,dsDNA
3430317,1613.0,Limosilactobacillus fermentum,Duplodnaviria,Heunggongvirae,Uroviricota,Caudoviricetes,Caudoviricetes incertae sedis,Lacfervirus,,dsDNA
2996046,1582.0,Lacticaseibacillus casei,Duplodnaviria,Heunggongvirae,Uroviricota,Caudoviricetes,Caudoviricetes incertae sedis,Sukhumvitvirus,unclassified Sukhumvitvirus,dsDNA
3016939,1597.0,Lacticaseibacillus paracasei,Duplodnaviria,Heunggongvirae,Uroviricota,Caudoviricetes,Caudoviricetes incertae sedis,Iaduovirus,unclassified Iaduovirus,dsDNA
3017300,47715.0,Lacticaseibacillus rhamnosus,Duplodnaviria,Heunggongvirae,Uroviricota,Caudoviricetes,Caudoviricetes incertae sedis,Pleetrevirus,unclassified Pleetrevirus,dsDNA
3017301,47715.0,Lacticaseibacillus rhamnosus,Duplodnaviria,Heunggongvirae,Uroviricota,Caudoviricetes,Caudoviricetes incertae sedis,Junavirus,unclassified Junavirus,dsDNA
3016942,1582.0,Lacticaseibacillus casei,Duplodnaviria,Heunggongvirae,Uroviricota,Caudoviricetes,Caudoviricetes incertae sedis,Coetzeevirus,unclassified Coetzeevirus,dsDNA
3017312,47715.0,Lacticaseibacillus rhamnosus,Duplodnaviria,Heunggongvirae,Uroviricota,Caudoviricetes,Caudoviricetes incertae sedis,Lacnuvirus,unclassified Lacnuvirus,dsDNA
2933275,1590.0,Lactiplantibacillus plantarum,Duplodnaviria,Heunggongvirae,Uroviricota,Caudoviricetes,Caudoviricetes incertae sedis,Douglaswolinvirus,unclassified Douglaswolinvirus,dsDNA
2510943,1580.0,Levilactobacillus brevis,Duplodnaviria,Heunggongvirae,Uroviricota,Caudoviricetes,Caudoviricetes incertae sedis,Herelleviridae,Watanabevirus,dsDNA
2510942,1580.0,Levilactobacillus brevis,Duplodnaviria,Heunggongvirae,Uroviricota,Caudoviricetes,Caudoviricetes incertae sedis,Herelleviridae,Tybeckvirus,dsDNA
51369,1582.0,Lacticaseibacillus casei,Duplodnaviria,Heunggongvirae,Uroviricota,Caudoviricetes,Caudoviricetes incertae sedis,Ashduovirus,Ashduovirus A2,dsDNA
1225795,1578.0,Lactobacillus,Duplodnaviria,Heunggongvirae,Uroviricota,Caudoviricetes,Caudoviricetes incertae sedis,Douglaswolinvirus,Douglaswolinvirus B2,dsDNA
2892340,1590.0,Lactiplantibacillus plantarum,Duplodnaviria,Heunggongvirae,Uroviricota,Caudoviricetes,Caudoviricetes incertae sedis,Coetzeevirus,Coetzeevirus ATCC8014,dsDNA
2510944,1580.0,Levilactobacillus brevis,Duplodnaviria,Heunggongvirae,Uroviricota,Caudoviricetes,Tybeckvirinae,unclassified Tybeckvirinae,,dsDNA
2079429,1590.0,Lactiplantibacillus plantarum,Duplodnaviria,Heunggongvirae,Uroviricota,Caudoviricetes,Caudoviricetes incertae sedis,Herelleviridae,Harbinvirus,dsDNA
1932007,47715.0,Lacticaseibacillus rhamnosus,Duplodnaviria,Heunggongvirae,Uroviricota,Caudoviricetes,Caudoviricetes incertae sedis,Behunavirus,Behunavirus BH1,dsDNA
2892341,1585.0,Lactobacillus delbrueckii subsp. bulgaricus,Duplodnaviria,Heunggongvirae,Uroviricota,Caudoviricetes,Caudoviricetes incertae sedis,Cequinquevirus,Cequinquevirus c5,dsDNA
1739607,1597.0,Lacticaseibacillus paracasei,Duplodnaviria,Heunggongvirae,Uroviricota,Caudoviricetes,Caudoviricetes incertae sedis,Colunavirus,Colunavirus CL1,dsDNA
1739608,1597.0,Lacticaseibacillus paracasei,Duplodnaviria,Heunggongvirae,Uroviricota,Caudoviricetes,Caudoviricetes incertae sedis,Colunavirus,Colunavirus CL2,dsDNA
1739609,1597.0,Lacticaseibacillus paracasei,Duplodnaviria,Heunggongvirae,Uroviricota,Caudoviricetes,Caudoviricetes incertae sedis,Iaduovirus,Iaduovirus iA2,dsDNA
1739611,1597.0,Lacticaseibacillus paracasei,Duplodnaviria,Heunggongvirae,Uroviricota,Caudoviricetes,Caudoviricetes incertae sedis,Colunavirus,Colunavirus iLp1308,dsDNA
1739610,1597.0,Lacticaseibacillus paracasei,Duplodnaviria,Heunggongvirae,Uroviricota,Caudoviricetes,Caudoviricetes incertae sedis,Pleetrevirus,Pleetrevirus iLp84,dsDNA
1414736,1597.0,Lacticaseibacillus paracasei,Duplodnaviria,Heunggongvirae,Uroviricota,Caudoviricetes,Caudoviricetes incertae sedis,Junavirus,Junavirus J1,dsDNA
2048517,387344.0,Levilactobacillus brevis ATCC 367,Duplodnaviria,Heunggongvirae,Uroviricota,Caudoviricetes,Caudoviricetes incertae sedis,Heilongjiangvirus,Heilongjiangvirus Lb,dsDNA
2892342,1578.0,Lactobacillus,Duplodnaviria,Heunggongvirae,Uroviricota,Caudoviricetes,Caudoviricetes incertae sedis,Herelleviridae,Mooreparkvirus,dsDNA
755164,1580.0,Levilactobacillus brevis,Duplodnaviria,Heunggongvirae,Uroviricota,Caudoviricetes,Caudoviricetes incertae sedis,Anamdongvirus,Anamdongvirus LBR48,dsDNA
146269,47715.0,Lacticaseibacillus rhamnosus,Duplodnaviria,Heunggongvirae,Uroviricota,Caudoviricetes,Caudoviricetes incertae sedis,Lacnuvirus,Lacnuvirus LcNu,dsDNA
1500733,1584.0,Lactobacillus delbrueckii,Duplodnaviria,Heunggongvirae,Uroviricota,Caudoviricetes,Caudoviricetes incertae sedis,Cequinquevirus,Cequinquevirus Ld17,dsDNA
1500734,1584.0,Lactobacillus delbrueckii,Duplodnaviria,Heunggongvirae,Uroviricota,Caudoviricetes,Caudoviricetes incertae sedis,Cequinquevirus,Cequinquevirus Ld25A,dsDNA
1500735,1584.0,Lactobacillus delbrueckii,Duplodnaviria,Heunggongvirae,Uroviricota,Caudoviricetes,Caudoviricetes incertae sedis,Cequinquevirus,Cequinquevirus Ld3,dsDNA
1552735,29397.0,Lactobacillus delbrueckii subsp. lactis,Duplodnaviria,Heunggongvirae,Uroviricota,Caudoviricetes,Caudoviricetes incertae sedis,Lidleunavirus,Lidleunavirus Ldl1,dsDNA
2053682,1578.0,Lactobacillus,Duplodnaviria,Heunggongvirae,Uroviricota,Caudoviricetes,Caudoviricetes incertae sedis,Lenusvirus,Lenusvirus lenus,dsDNA
947980,1591.0,Lactobacillus sp.,Duplodnaviria,Heunggongvirae,Uroviricota,Caudoviricetes,Caudoviricetes incertae sedis,Lafunavirus,Lafunavirus LF1,dsDNA
1567484,1613.0,Limosilactobacillus fermentum,Duplodnaviria,Heunggongvirae,Uroviricota,Caudoviricetes,Caudoviricetes incertae sedis,Herelleviridae,Hopescreekvirus,dsDNA
2041454,1215914.0,Lacticaseibacillus casei W56,Duplodnaviria,Heunggongvirae,Uroviricota,Caudoviricetes,Caudoviricetes incertae sedis,Junavirus,Junavirus LJ,dsDNA
2892343,29397.0,Lactobacillus delbrueckii subsp. lactis,Duplodnaviria,Heunggongvirae,Uroviricota,Caudoviricetes,Caudoviricetes incertae sedis,Cequinquevirus,Cequinquevirus LLKu,dsDNA
2892344,1578.0,Lactobacillus,Duplodnaviria,Heunggongvirae,Uroviricota,Caudoviricetes,Caudoviricetes incertae sedis,Herelleviridae,Salchichonvirus,dsDNA
2041210,1578.0,Lactobacillus,Duplodnaviria,Heunggongvirae,Uroviricota,Caudoviricetes,Caudoviricetes incertae sedis,Herelleviridae,Elpedvirus,dsDNA
496874,47715.0,Lacticaseibacillus rhamnosus,Duplodnaviria,Heunggongvirae,Uroviricota,Caudoviricetes,Caudoviricetes incertae sedis,Larmunavirus,Larmunavirus Lrm1,dsDNA
2079431,1578.0,Lactobacillus,Duplodnaviria,Heunggongvirae,Uroviricota,Caudoviricetes,Caudoviricetes incertae sedis,Maenadvirus,Maenadvirus maenad,dsDNA
2079432,1578.0,Lactobacillus,Duplodnaviria,Heunggongvirae,Uroviricota,Caudoviricetes,Caudoviricetes incertae sedis,Lenusvirus,Lenusvirus nyseid,dsDNA
1846168,1578.0,Lactobacillus,Duplodnaviria,Heunggongvirae,Uroviricota,Caudoviricetes,Caudoviricetes incertae sedis,Maenadvirus,Maenadvirus P1,dsDNA
1928330,1578.0,Lactobacillus,Duplodnaviria,Heunggongvirae,Uroviricota,Caudoviricetes,Caudoviricetes incertae sedis,Maenadvirus,unclassified Maenadvirus,dsDNA
279281,1582.0,Lacticaseibacillus casei,Duplodnaviria,Heunggongvirae,Uroviricota,Caudoviricetes,Caudoviricetes incertae sedis,Fattrevirus,Fattrevirus AT3,dsDNA
2892345,1578.0,Lactobacillus,Duplodnaviria,Heunggongvirae,Uroviricota,Caudoviricetes,Caudoviricetes incertae sedis,Coetzeevirus,Coetzeevirus JL1,dsDNA
1399942,1584.0,Lactobacillus delbrueckii,Duplodnaviria,Heunggongvirae,Uroviricota,Caudoviricetes,Caudoviricetes incertae sedis,Cequinquevirus,Cequinquevirus Ldb,dsDNA
39103,1597.0,Lacticaseibacillus paracasei,Duplodnaviria,Heunggongvirae,Uroviricota,Caudoviricetes,Caudoviricetes incertae sedis,Junavirus,Junavirus PL1,dsDNA
1815511,543734.0,Lacticaseibacillus casei BL23,Duplodnaviria,Heunggongvirae,Uroviricota,Caudoviricetes,Caudoviricetes incertae sedis,Pleeduovirus,Pleeduovirus PLE2,dsDNA
1815510,543734.0,Lacticaseibacillus casei BL23,Duplodnaviria,Heunggongvirae,Uroviricota,Caudoviricetes,Caudoviricetes incertae sedis,Pleetrevirus,Pleetrevirus PLE3,dsDNA
2099651,1585.0,Lactobacillus delbrueckii subsp. bulgaricus,Duplodnaviria,Heunggongvirae,Uroviricota,Caudoviricetes,Caudoviricetes incertae sedis,Cequinquevirus,unclassified Cequinquevirus,dsDNA
1755697,1580.0,Levilactobacillus brevis,Duplodnaviria,Heunggongvirae,Uroviricota,Caudoviricetes,Caudoviricetes incertae sedis,Lenusvirus,Lenusvirus SAC12,dsDNA
2070201,1578.0,Lactobacillus,Duplodnaviria,Heunggongvirae,Uroviricota,Caudoviricetes,Caudoviricetes incertae sedis,Maenadvirus,Maenadvirus satyr,dsDNA
2036055,1597.0,Lacticaseibacillus paracasei,Duplodnaviria,Heunggongvirae,Uroviricota,Caudoviricetes,Caudoviricetes incertae sedis,Sukhumvitvirus,Sukhumvitvirus T25,dsDNA
2267607,29397.0,Lactobacillus delbrueckii subsp. lactis,Duplodnaviria,Heunggongvirae,Uroviricota,Caudoviricetes,Caudoviricetes incertae sedis,Lidleunavirus,Lidleunavirus ViSo2018a,dsDNA
270182,1358.0,Lactococcus lactis,Duplodnaviria,Heunggongvirae,Uroviricota,Caudoviricetes,Caudoviricetes incertae sedis,Skunavirus,unclassified Skunavirus,dsDNA
213773,1358.0,Lactococcus lactis,Duplodnaviria,Heunggongvirae,Uroviricota,Caudoviricetes,Caudoviricetes incertae sedis,Skunavirus,Skunavirus p272,dsDNA
213774,1358.0,Lactococcus lactis,Duplodnaviria,Heunggongvirae,Uroviricota,Caudoviricetes,Caudoviricetes incertae sedis,Skunavirus,Skunavirus P475,dsDNA
2029658,1358.0,Lactococcus lactis,Duplodnaviria,Heunggongvirae,Uroviricota,Caudoviricetes,Caudoviricetes incertae sedis,Skunavirus,Skunavirus sv05601,dsDNA
2024334,1358.0,Lactococcus lactis,Duplodnaviria,Heunggongvirae,Uroviricota,Caudoviricetes,Caudoviricetes incertae sedis,Ceduovirus,Ceduovirus cv05802,dsDNA
1874585,1358.0,Lactococcus lactis,Duplodnaviria,Heunggongvirae,Uroviricota,Caudoviricetes,Caudoviricetes incertae sedis,Skunavirus,Skunavirus sv10W18,dsDNA
1874586,1358.0,Lactococcus lactis,Duplodnaviria,Heunggongvirae,Uroviricota,Caudoviricetes,Caudoviricetes incertae sedis,Skunavirus,Skunavirus sv3R16S,dsDNA
1874571,1359.0,Lactococcus cremoris,Duplodnaviria,Heunggongvirae,Uroviricota,Caudoviricetes,Caudoviricetes incertae sedis,Skunavirus,Skunavirus sv13W11L,dsDNA
741942,1358.0,Lactococcus lactis,Duplodnaviria,Heunggongvirae,Uroviricota,Caudoviricetes,Caudoviricetes incertae sedis,Whiteheadvirus,Whiteheadvirus wv1358,dsDNA
2029659,1358.0,Lactococcus lactis,Duplodnaviria,Heunggongvirae,Uroviricota,Caudoviricetes,Caudoviricetes incertae sedis,Skunavirus,Skunavirus sv16802,dsDNA
1874588,1358.0,Lactococcus lactis,Duplodnaviria,Heunggongvirae,Uroviricota,Caudoviricetes,Caudoviricetes incertae sedis,Skunavirus,Skunavirus sv16W23,dsDNA
475178,1358.0,Lactococcus lactis,Duplodnaviria,Heunggongvirae,Uroviricota,Caudoviricetes,Caudoviricetes incertae sedis,Fremauxvirus,Fremauxvirus fv1706,dsDNA
2500815,1358.0,Lactococcus lactis,Duplodnaviria,Heunggongvirae,Uroviricota,Caudoviricetes,Caudoviricetes incertae sedis,Ceduovirus,Ceduovirus cv20R03M,dsDNA
2029660,1358.0,Lactococcus lactis,Duplodnaviria,Heunggongvirae,Uroviricota,Caudoviricetes,Caudoviricetes incertae sedis,Skunavirus,Skunavirus sv30804,dsDNA
1262533,1359.0,Lactococcus cremoris,Duplodnaviria,Heunggongvirae,Uroviricota,Caudoviricetes,Caudoviricetes incertae sedis,Skunavirus,Skunavirus sv340,dsDNA
2029661,1358.0,Lactococcus lactis,Duplodnaviria,Heunggongvirae,Uroviricota,Caudoviricetes,Caudoviricetes incertae sedis,Skunavirus,Skunavirus sv37201,dsDNA
2024335,1358.0,Lactococcus lactis,Duplodnaviria,Heunggongvirae,Uroviricota,Caudoviricetes,Caudoviricetes incertae sedis,Ceduovirus,Ceduovirus cv37203,dsDNA
2029662,1358.0,Lactococcus lactis,Duplodnaviria,Heunggongvirae,Uroviricota,Caudoviricetes,Caudoviricetes incertae sedis,Skunavirus,Skunavirus sv38503,dsDNA
2029663,1358.0,Lactococcus lactis,Duplodnaviria,Heunggongvirae,Uroviricota,Caudoviricetes,Caudoviricetes incertae sedis,Skunavirus,Skunavirus sv38507,dsDNA
201847,1357.0,Lactococcus,Duplodnaviria,Heunggongvirae,Uroviricota,Caudoviricetes,Caudoviricetes incertae sedis,Sandinevirus,unclassified Sandinevirus,dsDNA
1874591,1358.0,Lactococcus lactis,Duplodnaviria,Heunggongvirae,Uroviricota,Caudoviricetes,Caudoviricetes incertae sedis,Skunavirus,Skunavirus sv42,dsDNA
2024336,1358.0,Lactococcus lactis,Duplodnaviria,Heunggongvirae,Uroviricota,Caudoviricetes,Caudoviricetes incertae sedis,Ceduovirus,Ceduovirus cv50102,dsDNA
2024337,1358.0,Lactococcus lactis,Duplodnaviria,Heunggongvirae,Uroviricota,Caudoviricetes,Caudoviricetes incertae sedis,Ceduovirus,Ceduovirus cv50504,dsDNA
1868848,1358.0,Lactococcus lactis,Duplodnaviria,Heunggongvirae,Uroviricota,Caudoviricetes,Caudoviricetes incertae sedis,Vedamuthuvirus,Vedamuthuvirus vv50902,dsDNA
2029664,1358.0,Lactococcus lactis,Duplodnaviria,Heunggongvirae,Uroviricota,Caudoviricetes,Caudoviricetes incertae sedis,Skunavirus,Skunavirus sv51701,dsDNA
2675235,1359.0,Lactococcus cremoris,Duplodnaviria,Heunggongvirae,Uroviricota,Caudoviricetes,Caudoviricetes incertae sedis,Ceduovirus,Ceduovirus cv5171F,dsDNA
2029665,1358.0,Lactococcus lactis,Duplodnaviria,Heunggongvirae,Uroviricota,Caudoviricetes,Caudoviricetes incertae sedis,Skunavirus,Skunavirus sv56003,dsDNA
2029666,1358.0,Lactococcus lactis,Duplodnaviria,Heunggongvirae,Uroviricota,Caudoviricetes,Caudoviricetes incertae sedis,Skunavirus,Skunavirus sv56301,dsDNA
2029667,1358.0,Lactococcus lactis,Duplodnaviria,Heunggongvirae,Uroviricota,Caudoviricetes,Caudoviricetes incertae sedis,Skunavirus,Skunavirus sv57001,dsDNA
1868851,1358.0,Lactococcus lactis,Duplodnaviria,Heunggongvirae,Uroviricota,Caudoviricetes,Caudoviricetes incertae sedis,Vedamuthuvirus,unclassified Vedamuthuvirus,dsDNA
2024338,1358.0,Lactococcus lactis,Duplodnaviria,Heunggongvirae,Uroviricota,Caudoviricetes,Caudoviricetes incertae sedis,Ceduovirus,Ceduovirus cv62402,dsDNA
2024339,1358.0,Lactococcus lactis,Duplodnaviria,Heunggongvirae,Uroviricota,Caudoviricetes,Caudoviricetes incertae sedis,Ceduovirus,Ceduovirus cv62403,dsDNA
1868852,1358.0,Lactococcus lactis,Duplodnaviria,Heunggongvirae,Uroviricota,Caudoviricetes,Caudoviricetes incertae sedis,Vedamuthuvirus,Vedamuthuvirus BM13,dsDNA
1868853,1358.0,Lactococcus lactis,Duplodnaviria,Heunggongvirae,Uroviricota,Caudoviricetes,Caudoviricetes incertae sedis,Vedamuthuvirus,Vedamuthuvirus vv62503,dsDNA
2029668,1358.0,Lactococcus lactis,Duplodnaviria,Heunggongvirae,Uroviricota,Caudoviricetes,Caudoviricetes incertae sedis,Skunavirus,Skunavirus sv62601,dsDNA
2029669,1358.0,Lactococcus lactis,Duplodnaviria,Heunggongvirae,Uroviricota,Caudoviricetes,Caudoviricetes incertae sedis,Skunavirus,Skunavirus sv62605,dsDNA
2024340,1358.0,Lactococcus lactis,Duplodnaviria,Heunggongvirae,Uroviricota,Caudoviricetes,Caudoviricetes incertae sedis,Ceduovirus,Ceduovirus cv62606,dsDNA
2029670,1358.0,Lactococcus lactis,Duplodnaviria,Heunggongvirae,Uroviricota,Caudoviricetes,Caudoviricetes incertae sedis,Skunavirus,Skunavirus sv63302,dsDNA
2029671,1358.0,Lactococcus lactis,Duplodnaviria,Heunggongvirae,Uroviricota,Caudoviricetes,Caudoviricetes incertae sedis,Skunavirus,Skunavirus sv66901,dsDNA
2892346,1358.0,Lactococcus lactis,Duplodnaviria,Heunggongvirae,Uroviricota,Caudoviricetes,Caudoviricetes incertae sedis,Skunavirus,Skunavirus sv712,dsDNA
2029672,1358.0,Lactococcus lactis,Duplodnaviria,Heunggongvirae,Uroviricota,Caudoviricetes,Caudoviricetes incertae sedis,Skunavirus,Skunavirus sv79201,dsDNA
2029673,1358.0,Lactococcus lactis,Duplodnaviria,Heunggongvirae,Uroviricota,Caudoviricetes,Caudoviricetes incertae sedis,Skunavirus,Skunavirus sv88605,dsDNA
2500816,1358.0,Lactococcus lactis,Duplodnaviria,Heunggongvirae,Uroviricota,Caudoviricetes,Caudoviricetes incertae sedis,Skunavirus,Skunavirus sv8V08,dsDNA
39838,1357.0,Lactococcus,Duplodnaviria,Heunggongvirae,Uroviricota,Caudoviricetes,Caudoviricetes incertae sedis,Skunavirus,Skunavirus sv936,dsDNA
1636554,1358.0,Lactococcus lactis,Duplodnaviria,Heunggongvirae,Uroviricota,Caudoviricetes,Caudoviricetes incertae sedis,Skunavirus,Skunavirus L18,dsDNA
1636556,1358.0,Lactococcus lactis,Duplodnaviria,Heunggongvirae,Uroviricota,Caudoviricetes,Caudoviricetes incertae sedis,Skunavirus,Skunavirus sv109,dsDNA
1636557,1358.0,Lactococcus lactis,Duplodnaviria,Heunggongvirae,Uroviricota,Caudoviricetes,Caudoviricetes incertae sedis,Skunavirus,Skunavirus sv44,dsDNA
1636560,1358.0,Lactococcus lactis,Duplodnaviria,Heunggongvirae,Uroviricota,Caudoviricetes,Caudoviricetes incertae sedis,Skunavirus,Skunavirus sv155,dsDNA
1636563,1358.0,Lactococcus lactis,Duplodnaviria,Heunggongvirae,Uroviricota,Caudoviricetes,Caudoviricetes incertae sedis,Skunavirus,Skunavirus sv193,dsDNA
1636568,1358.0,Lactococcus lactis,Duplodnaviria,Heunggongvirae,Uroviricota,Caudoviricetes,Caudoviricetes incertae sedis,Skunavirus,Skunavirus i0139,dsDNA
1636570,1358.0,Lactococcus lactis,Duplodnaviria,Heunggongvirae,Uroviricota,Caudoviricetes,Caudoviricetes incertae sedis,Skunavirus,Skunavirus sv512,dsDNA
1636571,1358.0,Lactococcus lactis,Duplodnaviria,Heunggongvirae,Uroviricota,Caudoviricetes,Caudoviricetes incertae sedis,Skunavirus,Skunavirus sv91127,dsDNA
1636724,1358.0,Lactococcus lactis,Duplodnaviria,Heunggongvirae,Uroviricota,Caudoviricetes,Caudoviricetes incertae sedis,Skunavirus,Skunavirus A16,dsDNA
1636573,1358.0,Lactococcus lactis,Duplodnaviria,Heunggongvirae,Uroviricota,Caudoviricetes,Caudoviricetes incertae sedis,Skunavirus,Skunavirus B1127,dsDNA
1636576,1358.0,Lactococcus lactis,Duplodnaviria,Heunggongvirae,Uroviricota,Caudoviricetes,Caudoviricetes incertae sedis,Skunavirus,Skunavirus E1127,dsDNA
1636577,1358.0,Lactococcus lactis,Duplodnaviria,Heunggongvirae,Uroviricota,Caudoviricetes,Caudoviricetes incertae sedis,Skunavirus,Skunavirus F0139,dsDNA
1636580,1358.0,Lactococcus lactis,Duplodnaviria,Heunggongvirae,Uroviricota,Caudoviricetes,Caudoviricetes incertae sedis,Skunavirus,Skunavirus JF1,dsDNA
1636582,1358.0,Lactococcus lactis,Duplodnaviria,Heunggongvirae,Uroviricota,Caudoviricetes,Caudoviricetes incertae sedis,Skunavirus,Skunavirus L6,dsDNA
1636583,1358.0,Lactococcus lactis,Duplodnaviria,Heunggongvirae,Uroviricota,Caudoviricetes,Caudoviricetes incertae sedis,Skunavirus,Skunavirus Lj,dsDNA
1636586,1358.0,Lactococcus lactis,Duplodnaviria,Heunggongvirae,Uroviricota,Caudoviricetes,Caudoviricetes incertae sedis,Skunavirus,Skunavirus M1127,dsDNA
1636587,1358.0,Lactococcus lactis,Duplodnaviria,Heunggongvirae,Uroviricota,Caudoviricetes,Caudoviricetes incertae sedis,Skunavirus,Skunavirus S0139,dsDNA
881953,1358.0,Lactococcus lactis,Duplodnaviria,Heunggongvirae,Uroviricota,Caudoviricetes,Caudoviricetes incertae sedis,Audreyjarvisvirus,Audreyjarvisvirus av949,dsDNA
2029674,1358.0,Lactococcus lactis,Duplodnaviria,Heunggongvirae,Uroviricota,Caudoviricetes,Caudoviricetes incertae sedis,Skunavirus,Skunavirus sv96401,dsDNA
2029675,1358.0,Lactococcus lactis,Duplodnaviria,Heunggongvirae,Uroviricota,Caudoviricetes,Caudoviricetes incertae sedis,Skunavirus,Skunavirus sv96403,dsDNA
2029676,1358.0,Lactococcus lactis,Duplodnaviria,Heunggongvirae,Uroviricota,Caudoviricetes,Caudoviricetes incertae sedis,Skunavirus,Skunavirus sv96603,dsDNA
1965467,1358.0,Lactococcus lactis,Duplodnaviria,Heunggongvirae,Uroviricota,Caudoviricetes,Caudoviricetes incertae sedis,Audreyjarvisvirus,Audreyjarvisvirus AM1,dsDNA
1965472,1358.0,Lactococcus lactis,Duplodnaviria,Heunggongvirae,Uroviricota,Caudoviricetes,Caudoviricetes incertae sedis,Audreyjarvisvirus,Audreyjarvisvirus AM4,dsDNA
1965474,1358.0,Lactococcus lactis,Duplodnaviria,Heunggongvirae,Uroviricota,Caudoviricetes,Caudoviricetes incertae sedis,Teubervirus,Teubervirus AM6,dsDNA
2892347,1358.0,Lactococcus lactis,Duplodnaviria,Heunggongvirae,Uroviricota,Caudoviricetes,Caudoviricetes incertae sedis,Skunavirus,Skunavirus ASCC191,dsDNA
2892348,1358.0,Lactococcus lactis,Duplodnaviria,Heunggongvirae,Uroviricota,Caudoviricetes,Caudoviricetes incertae sedis,Skunavirus,Skunavirus ASCC273,dsDNA
2892349,1358.0,Lactococcus lactis,Duplodnaviria,Heunggongvirae,Uroviricota,Caudoviricetes,Caudoviricetes incertae sedis,Skunavirus,Skunavirus ASCC281,dsDNA
1165139,1358.0,Lactococcus lactis,Duplodnaviria,Heunggongvirae,Uroviricota,Caudoviricetes,Caudoviricetes incertae sedis,Skunavirus,Skunavirus ASCC532,dsDNA
2892350,1358.0,Lactococcus lactis,Duplodnaviria,Heunggongvirae,Uroviricota,Caudoviricetes,Caudoviricetes incertae sedis,Skunavirus,Skunavirus ASCC465,dsDNA
2898538,1357.0,Lactococcus,Duplodnaviria,Heunggongvirae,Uroviricota,Caudoviricetes,Caudoviricetes incertae sedis,Skunavirus,Skunavirus bibb29,dsDNA
2898539,1357.0,Lactococcus,Duplodnaviria,Heunggongvirae,Uroviricota,Caudoviricetes,Caudoviricetes incertae sedis,Skunavirus,Skunavirus bIL170,dsDNA
2898540,1357.0,Lactococcus,Duplodnaviria,Heunggongvirae,Uroviricota,Caudoviricetes,Caudoviricetes incertae sedis,Ceduovirus,Ceduovirus bIL67,dsDNA
31754,1358.0,Lactococcus lactis,Duplodnaviria,Heunggongvirae,Uroviricota,Caudoviricetes,Caudoviricetes incertae sedis,Sandinevirus,Sandinevirus BK5T,dsDNA
2681624,1357.0,Lactococcus,Duplodnaviria,Heunggongvirae,Uroviricota,Caudoviricetes,Caudoviricetes incertae sedis,Ceduovirus,Ceduovirus c2,dsDNA
1289467,1359.0,Lactococcus cremoris,Duplodnaviria,Heunggongvirae,Uroviricota,Caudoviricetes,Caudoviricetes incertae sedis,Skunavirus,Skunavirus caseusJM1,dsDNA
2898541,1359.0,Lactococcus cremoris,Duplodnaviria,Heunggongvirae,Uroviricota,Caudoviricetes,Caudoviricetes incertae sedis,Skunavirus,Skunavirus CB13,dsDNA
2898542,1359.0,Lactococcus cremoris,Duplodnaviria,Heunggongvirae,Uroviricota,Caudoviricetes,Caudoviricetes incertae sedis,Skunavirus,Skunavirus CB14,dsDNA
2898543,1359.0,Lactococcus cremoris,Duplodnaviria,Heunggongvirae,Uroviricota,Caudoviricetes,Caudoviricetes incertae sedis,Skunavirus,Skunavirus CB19,dsDNA
2675237,1358.0,Lactococcus lactis,Duplodnaviria,Heunggongvirae,Uroviricota,Caudoviricetes,Caudoviricetes incertae sedis,Ceduovirus,Ceduovirus CHPC1020,dsDNA
2675238,1358.0,Lactococcus lactis,Duplodnaviria,Heunggongvirae,Uroviricota,Caudoviricetes,Caudoviricetes incertae sedis,Ceduovirus,Ceduovirus CHPC116,dsDNA
2675239,1358.0,Lactococcus lactis,Duplodnaviria,Heunggongvirae,Uroviricota,Caudoviricetes,Caudoviricetes incertae sedis,Ceduovirus,Ceduovirus LacS15,dsDNA
2675240,1358.0,Lactococcus lactis,Duplodnaviria,Heunggongvirae,Uroviricota,Caudoviricetes,Caudoviricetes incertae sedis,Ceduovirus,Ceduovirus CHPC1170,dsDNA
2675242,1358.0,Lactococcus lactis,Duplodnaviria,Heunggongvirae,Uroviricota,Caudoviricetes,Caudoviricetes incertae sedis,Ceduovirus,Ceduovirus CHPC1182,dsDNA
2675243,1359.0,Lactococcus cremoris,Duplodnaviria,Heunggongvirae,Uroviricota,Caudoviricetes,Caudoviricetes incertae sedis,Ceduovirus,Ceduovirus CHPC1183,dsDNA
2675244,1358.0,Lactococcus lactis,Duplodnaviria,Heunggongvirae,Uroviricota,Caudoviricetes,Caudoviricetes incertae sedis,Ceduovirus,Ceduovirus CHPC122,dsDNA
2675245,1358.0,Lactococcus lactis,Duplodnaviria,Heunggongvirae,Uroviricota,Caudoviricetes,Caudoviricetes incertae sedis,Ceduovirus,Ceduovirus CHPC1242,dsDNA
2675246,1359.0,Lactococcus cremoris,Duplodnaviria,Heunggongvirae,Uroviricota,Caudoviricetes,Caudoviricetes incertae sedis,Skunavirus,Skunavirus CHPC129,dsDNA
2675247,1358.0,Lactococcus lactis,Duplodnaviria,Heunggongvirae,Uroviricota,Caudoviricetes,Caudoviricetes incertae sedis,Ceduovirus,Ceduovirus PCS1,dsDNA
2675249,1358.0,Lactococcus lactis,Duplodnaviria,Heunggongvirae,Uroviricota,Caudoviricetes,Caudoviricetes incertae sedis,Skunavirus,Skunavirus CHPC361,dsDNA
2675250,1358.0,Lactococcus lactis,Duplodnaviria,Heunggongvirae,Uroviricota,Caudoviricetes,Caudoviricetes incertae sedis,Skunavirus,Skunavirus CHPC362,dsDNA
2675251,1359.0,Lactococcus cremoris,Duplodnaviria,Heunggongvirae,Uroviricota,Caudoviricetes,Caudoviricetes incertae sedis,Skunavirus,Skunavirus CHPC52,dsDNA
2675252,1359.0,Lactococcus cremoris,Duplodnaviria,Heunggongvirae,Uroviricota,Caudoviricetes,Caudoviricetes incertae sedis,Skunavirus,Skunavirus CHPC781,dsDNA
2675254,1359.0,Lactococcus cremoris,Duplodnaviria,Heunggongvirae,Uroviricota,Caudoviricetes,Caudoviricetes incertae sedis,Skunavirus,Skunavirus CHPC958,dsDNA
2675255,1359.0,Lactococcus cremoris,Duplodnaviria,Heunggongvirae,Uroviricota,Caudoviricetes,Caudoviricetes incertae sedis,Skunavirus,Skunavirus CHPC959,dsDNA
2675256,1359.0,Lactococcus cremoris,Duplodnaviria,Heunggongvirae,Uroviricota,Caudoviricetes,Caudoviricetes incertae sedis,Skunavirus,Skunavirus CHPC964,dsDNA
2675257,1359.0,Lactococcus cremoris,Duplodnaviria,Heunggongvirae,Uroviricota,Caudoviricetes,Caudoviricetes incertae sedis,Skunavirus,Skunavirus CHPC965,dsDNA
2675258,1358.0,Lactococcus lactis,Duplodnaviria,Heunggongvirae,Uroviricota,Caudoviricetes,Caudoviricetes incertae sedis,Ceduovirus,Ceduovirus CHPC966,dsDNA
2675259,1358.0,Lactococcus lactis,Duplodnaviria,Heunggongvirae,Uroviricota,Caudoviricetes,Caudoviricetes incertae sedis,Ceduovirus,Ceduovirus CHPC967,dsDNA
2575255,1357.0,Lactococcus,Duplodnaviria,Heunggongvirae,Uroviricota,Caudoviricetes,Caudoviricetes incertae sedis,Fremauxvirus,Fremauxvirus CHPC971,dsDNA
2675260,1358.0,Lactococcus lactis,Duplodnaviria,Heunggongvirae,Uroviricota,Caudoviricetes,Caudoviricetes incertae sedis,Ceduovirus,Ceduovirus CHPC972,dsDNA
1862958,1358.0,Lactococcus lactis,Duplodnaviria,Heunggongvirae,Uroviricota,Caudoviricetes,Caudoviricetes incertae sedis,Ceduovirus,Ceduovirus D4410,dsDNA
1862959,1358.0,Lactococcus lactis,Duplodnaviria,Heunggongvirae,Uroviricota,Caudoviricetes,Caudoviricetes incertae sedis,Ceduovirus,Ceduovirus D4412,dsDNA
213782,1357.0,Lactococcus,Duplodnaviria,Heunggongvirae,Uroviricota,Caudoviricetes,Caudoviricetes incertae sedis,Skunavirus,Skunavirus fd13,dsDNA
1698369,1363.0,Lactococcus garvieae,Duplodnaviria,Heunggongvirae,Uroviricota,Caudoviricetes,Caudoviricetes incertae sedis,Chertseyvirus,Chertseyvirus GE1,dsDNA
1262535,1359.0,Lactococcus cremoris,Duplodnaviria,Heunggongvirae,Uroviricota,Caudoviricetes,Caudoviricetes incertae sedis,Skunavirus,Skunavirus jm2,dsDNA
1262536,1359.0,Lactococcus cremoris,Duplodnaviria,Heunggongvirae,Uroviricota,Caudoviricetes,Caudoviricetes incertae sedis,Skunavirus,Skunavirus jm3,dsDNA
2913972,1358.0,Lactococcus lactis,Duplodnaviria,Heunggongvirae,Uroviricota,Caudoviricetes,Caudoviricetes incertae sedis,Chopinvirus,Chopinvirus KSY1,dsDNA
2027261,1359.0,Lactococcus cremoris,Duplodnaviria,Heunggongvirae,Uroviricota,Caudoviricetes,Caudoviricetes incertae sedis,Skunavirus,Skunavirus LP9903,dsDNA
2027264,1359.0,Lactococcus cremoris,Duplodnaviria,Heunggongvirae,Uroviricota,Caudoviricetes,Caudoviricetes incertae sedis,Skunavirus,Skunavirus LP9908,dsDNA
2027267,1359.0,Lactococcus cremoris,Duplodnaviria,Heunggongvirae,Uroviricota,Caudoviricetes,Caudoviricetes incertae sedis,Skunavirus,Skunavirus LP0209,dsDNA
2027272,1359.0,Lactococcus cremoris,Duplodnaviria,Heunggongvirae,Uroviricota,Caudoviricetes,Caudoviricetes incertae sedis,Skunavirus,Skunavirus LP0903,dsDNA
2027277,272623.0,Lactococcus lactis subsp. lactis Il1403,Duplodnaviria,Heunggongvirae,Uroviricota,Caudoviricetes,Caudoviricetes incertae sedis,Skunavirus,Skunavirus LP1502a,dsDNA
2026814,1359.0,Lactococcus cremoris,Duplodnaviria,Heunggongvirae,Uroviricota,Caudoviricetes,Caudoviricetes incertae sedis,Skunavirus,Skunavirus LP8511,dsDNA
2027249,1359.0,Lactococcus cremoris,Duplodnaviria,Heunggongvirae,Uroviricota,Caudoviricetes,Caudoviricetes incertae sedis,Skunavirus,Skunavirus LP9207,dsDNA
2027252,1359.0,Lactococcus cremoris,Duplodnaviria,Heunggongvirae,Uroviricota,Caudoviricetes,Caudoviricetes incertae sedis,Skunavirus,Skunavirus LP9404,dsDNA
2027256,1359.0,Lactococcus cremoris,Duplodnaviria,Heunggongvirae,Uroviricota,Caudoviricetes,Caudoviricetes incertae sedis,Skunavirus,Skunavirus LP9609,dsDNA
1965478,1358.0,Lactococcus lactis,Duplodnaviria,Heunggongvirae,Uroviricota,Caudoviricetes,Caudoviricetes incertae sedis,Teubervirus,Teubervirus LW31,dsDNA
1965482,1358.0,Lactococcus lactis,Duplodnaviria,Heunggongvirae,Uroviricota,Caudoviricetes,Caudoviricetes incertae sedis,Audreyjarvisvirus,Audreyjarvisvirus LW81,dsDNA
1862960,1358.0,Lactococcus lactis,Duplodnaviria,Heunggongvirae,Uroviricota,Caudoviricetes,Caudoviricetes incertae sedis,Ceduovirus,Ceduovirus M5938,dsDNA
2079278,44688.0,Lactococcus lactis subsp. lactis bv. diacetylactis,Duplodnaviria,Heunggongvirae,Uroviricota,Caudoviricetes,Caudoviricetes incertae sedis,Skunavirus,Skunavirus MP1,dsDNA
2500819,1358.0,Lactococcus lactis,Duplodnaviria,Heunggongvirae,Uroviricota,Caudoviricetes,Caudoviricetes incertae sedis,Skunavirus,Skunavirus MV10L,dsDNA
2831179,1358.0,Lactococcus lactis,Duplodnaviria,Heunggongvirae,Uroviricota,Caudoviricetes,Caudoviricetes incertae sedis,Questintvirus,unclassified Questintvirus,dsDNA
2908173,272623.0,Lactococcus lactis subsp. lactis Il1403,Duplodnaviria,Heunggongvirae,Uroviricota,Caudoviricetes,Caudoviricetes incertae sedis,Skunavirus,Skunavirus P008,dsDNA
1476886,1358.0,Lactococcus lactis,Duplodnaviria,Heunggongvirae,Uroviricota,Caudoviricetes,Caudoviricetes incertae sedis,Nevevirus,Nevevirus P078,dsDNA
641487,1358.0,Lactococcus lactis,Duplodnaviria,Heunggongvirae,Uroviricota,Caudoviricetes,Caudoviricetes incertae sedis,Teubervirus,Teubervirus P087,dsDNA
1476887,1358.0,Lactococcus lactis,Duplodnaviria,Heunggongvirae,Uroviricota,Caudoviricetes,Caudoviricetes incertae sedis,Nevevirus,Nevevirus P092,dsDNA
2662293,1358.0,Lactococcus lactis,Duplodnaviria,Heunggongvirae,Uroviricota,Caudoviricetes,Caudoviricetes incertae sedis,Vedamuthuvirus,Vedamuthuvirus P1045,dsDNA
2662295,1358.0,Lactococcus lactis,Duplodnaviria,Heunggongvirae,Uroviricota,Caudoviricetes,Caudoviricetes incertae sedis,Audreyjarvisvirus,Audreyjarvisvirus P1048,dsDNA
1476888,1358.0,Lactococcus lactis,Duplodnaviria,Heunggongvirae,Uroviricota,Caudoviricetes,Caudoviricetes incertae sedis,Nevevirus,Nevevirus P118,dsDNA
2662296,1358.0,Lactococcus lactis,Duplodnaviria,Heunggongvirae,Uroviricota,Caudoviricetes,Caudoviricetes incertae sedis,Skunavirus,Skunavirus P1532,dsDNA
1476889,1358.0,Lactococcus lactis,Duplodnaviria,Heunggongvirae,Uroviricota,Caudoviricetes,Caudoviricetes incertae sedis,Nevevirus,Nevevirus P162,dsDNA
2662297,1358.0,Lactococcus lactis,Duplodnaviria,Heunggongvirae,Uroviricota,Caudoviricetes,Caudoviricetes incertae sedis,Skunavirus,Skunavirus P4565,dsDNA
2656515,1358.0,Lactococcus lactis,Duplodnaviria,Heunggongvirae,Uroviricota,Caudoviricetes,Caudoviricetes incertae sedis,Teubervirus,Teubervirus P596,dsDNA
2662298,1358.0,Lactococcus lactis,Duplodnaviria,Heunggongvirae,Uroviricota,Caudoviricetes,Caudoviricetes incertae sedis,Skunavirus,Skunavirus P656,dsDNA
1262537,1360.0,Lactococcus lactis subsp. lactis,Duplodnaviria,Heunggongvirae,Uroviricota,Caudoviricetes,Caudoviricetes incertae sedis,Skunavirus,Skunavirus P680,dsDNA
2675263,1358.0,Lactococcus lactis,Duplodnaviria,Heunggongvirae,Uroviricota,Caudoviricetes,Caudoviricetes incertae sedis,Ceduovirus,Ceduovirus PCB1,dsDNA
1527692,44273.0,Lactococcus sp.,Duplodnaviria,Heunggongvirae,Uroviricota,Caudoviricetes,Caudoviricetes incertae sedis,Skunavirus,Skunavirus sv145,dsDNA
1527693,44273.0,Lactococcus sp.,Duplodnaviria,Heunggongvirae,Uroviricota,Caudoviricetes,Caudoviricetes incertae sedis,Skunavirus,Skunavirus sv15,dsDNA
1262538,1359.0,Lactococcus cremoris,Duplodnaviria,Heunggongvirae,Uroviricota,Caudoviricetes,Caudoviricetes incertae sedis,Skunavirus,Skunavirus sv7,dsDNA
1412875,1359.0,Lactococcus cremoris,Duplodnaviria,Heunggongvirae,Uroviricota,Caudoviricetes,Caudoviricetes incertae sedis,Audreyjarvisvirus,Audreyjarvisvirus L47,dsDNA
2488571,1359.0,Lactococcus cremoris,Duplodnaviria,Heunggongvirae,Uroviricota,Caudoviricetes,Caudoviricetes incertae sedis,Teubervirus,Teubervirus Q1,dsDNA
2851081,1363.0,Lactococcus garvieae,Duplodnaviria,Heunggongvirae,Uroviricota,Caudoviricetes,Caudoviricetes incertae sedis,Uwajimavirus,unclassified Uwajimavirus,dsDNA
1983536,1363.0,Lactococcus garvieae,Duplodnaviria,Heunggongvirae,Uroviricota,Caudoviricetes,Caudoviricetes incertae sedis,Uwajimavirus,Uwajimavirus PLgW1,dsDNA
3075951,1359.0,Lactococcus cremoris,Duplodnaviria,Heunggongvirae,Uroviricota,Caudoviricetes,Caudoviricetes incertae sedis,Teubervirus,unclassified Teubervirus,dsDNA
254253,1358.0,Lactococcus lactis,Duplodnaviria,Heunggongvirae,Uroviricota,Caudoviricetes,Caudoviricetes incertae sedis,Vedamuthuvirus,Vedamuthuvirus Q33,dsDNA
382685,1358.0,Lactococcus lactis,Duplodnaviria,Heunggongvirae,Uroviricota,Caudoviricetes,Caudoviricetes incertae sedis,Questintvirus,Questintvirus Q54,dsDNA
1965483,1358.0,Lactococcus lactis,Duplodnaviria,Heunggongvirae,Uroviricota,Caudoviricetes,Caudoviricetes incertae sedis,Skunavirus,Skunavirus R31,dsDNA
2905675,1358.0,Lactococcus lactis,Duplodnaviria,Heunggongvirae,Uroviricota,Caudoviricetes,Caudoviricetes incertae sedis,Skunavirus,Skunavirus sk1,dsDNA
2919545,2816960.0,Lactococcus cremoris subsp. cremoris,Duplodnaviria,Heunggongvirae,Uroviricota,Caudoviricetes,Caudoviricetes incertae sedis,Skunavirus,Skunavirus Sl4,dsDNA
2847818,1357.0,Lactococcus,Duplodnaviria,Heunggongvirae,Uroviricota,Caudoviricetes,Caudoviricetes incertae sedis,Ceduovirus,Ceduovirus bIBBL12,dsDNA
2305480,1357.0,Lactococcus,Duplodnaviria,Heunggongvirae,Uroviricota,Caudoviricetes,Caudoviricetes incertae sedis,Ceduovirus,Ceduovirus bIBB14,dsDNA
2053704,1358.0,Lactococcus lactis,Duplodnaviria,Heunggongvirae,Uroviricota,Caudoviricetes,Caudoviricetes incertae sedis,Skunavirus,Skunavirus bIBB5g1,dsDNA
2305483,1358.0,Lactococcus lactis,Duplodnaviria,Heunggongvirae,Uroviricota,Caudoviricetes,Caudoviricetes incertae sedis,Ceduovirus,Ceduovirus blBB94p4,dsDNA
2305484,1358.0,Lactococcus lactis,Duplodnaviria,Heunggongvirae,Uroviricota,Caudoviricetes,Caudoviricetes incertae sedis,Ceduovirus,Ceduovirus bIBBA3,dsDNA
2305485,1357.0,Lactococcus,Duplodnaviria,Heunggongvirae,Uroviricota,Caudoviricetes,Caudoviricetes incertae sedis,Ceduovirus,Ceduovirus bIBBAm4,dsDNA
2305487,1358.0,Lactococcus lactis,Duplodnaviria,Heunggongvirae,Uroviricota,Caudoviricetes,Caudoviricetes incertae sedis,Ceduovirus,Ceduovirus bIBBE1,dsDNA
2053708,1358.0,Lactococcus lactis,Duplodnaviria,Heunggongvirae,Uroviricota,Caudoviricetes,Caudoviricetes incertae sedis,Skunavirus,Skunavirus bIBBF12,dsDNA
2305489,1358.0,Lactococcus lactis,Duplodnaviria,Heunggongvirae,Uroviricota,Caudoviricetes,Caudoviricetes incertae sedis,Ceduovirus,Ceduovirus bIBBp64,dsDNA
1486423,1363.0,Lactococcus garvieae,Duplodnaviria,Heunggongvirae,Uroviricota,Caudoviricetes,Caudoviricetes incertae sedis,Rountreeviridae,Negarvirus,dsDNA
1560313,1358.0,Lactococcus lactis,Duplodnaviria,Heunggongvirae,Uroviricota,Caudoviricetes,Caudoviricetes incertae sedis,Audreyjarvisvirus,Audreyjarvisvirus WRP3,dsDNA
1685736,1.0,root,Monodnaviria,Shotokuvirae,Cressdnaviricota,Arfiviricetes,Jormunvirales,Draupnirviridae,Asperivirus,
1685737,1.0,root,Monodnaviria,Shotokuvirae,Cressdnaviricota,Arfiviricetes,Mulpavirales,Anicreviridae,Patavirus,
1685755,1.0,root,Monodnaviria,Shotokuvirae,Cressdnaviricota,Arfiviricetes,Gredzevirales,Gandrviridae,Satyrivirus,
1685760,1.0,root,Monodnaviria,Shotokuvirae,Cressdnaviricota,Arfiviricetes,Rohanvirales,Adamaviridae,Ulwavirus,
1685766,1.0,root,Monodnaviria,Shotokuvirae,Cressdnaviricota,Arfiviricetes,Rohanvirales,Adamaviridae,Tharbavirus,
1685774,1.0,root,Monodnaviria,Shotokuvirae,Cressdnaviricota,Repensiviricetes,Geplafuvirales,Geplanaviridae,Engorgivirus,
1685778,1.0,root,Monodnaviria,Shotokuvirae,Cressdnaviricota,Arfiviricetes,Saturnivirales,Kanorauviridae,Kronovirus,
1685784,1.0,root,Monodnaviria,Shotokuvirae,Cressdnaviricota,Arfiviricetes,Rohanvirales,Adamaviridae,Vanyarvirus,
1547219,30192.0,Bombus lapidarius,Riboviria,Orthornavirae,Kitrinoviricota,Magsaviricetes,Nodamuvirales,Sinhaliviridae,Sinaivirus,+ssRNA
3052271,271025.0,Phoca vitulina richardii,Monodnaviria,Shotokuvirae,Commensaviricota,Cardeaviricetes,Sanitavirales,Anelloviridae,Lambdatorquevirus,
10710,562.0,Escherichia coli,Duplodnaviria,Heunggongvirae,Uroviricota,Caudoviricetes,Caudoviricetes incertae sedis,Lambdavirus,,dsDNA
1642929,84293.0,Lambdina fiscellaria,Viruses incertae sedis,Naldaviricetes,Lefavirales,Baculoviridae,Alphabaculovirus,Alphabaculovirus lafiscellariae,,
2018501,111072.0,Lasius neglectus,Riboviria,Orthornavirae,Pisuviricota,Pisoniviricetes,Picornavirales,Polycipiviridae,Sopolycivirus,
2170211,111072.0,Lasius neglectus,Riboviria,Orthornavirae,unclassified Orthornavirae,,,,,
2583366,8187.0,Lates calcarifer,Riboviria,Orthornavirae,Orthornavirae incertae sedis,Birnaviridae,Blosnavirus,Blosnavirus lati,,
3027585,28038.0,Latilactobacillus curvatus,Duplodnaviria,Heunggongvirae,Uroviricota,Caudoviricetes,Trabyvirinae,unclassified Trabyvirinae,,dsDNA
1465639,1.0,root,Duplodnaviria,Heunggongvirae,Uroviricota,Caudoviricetes,Autographivirales,Autographivirales incertae sedis,Lauvirus,dsDNA
1241918,6238.0,Caenorhabditis briggsae,Riboviria,Orthornavirae,Kitrinoviricota,Magsaviricetes,Nodamuvirales,Nodaviridae,unclassified Nodaviridae,+ssRNA
1934252,28901.0,Salmonella enterica,Duplodnaviria,Heunggongvirae,Uroviricota,Caudoviricetes,Caudoviricetes incertae sedis,Lederbergvirus,,dsDNA
2778976,5353.0,Lentinula edodes,Riboviria,Orthornavirae,Pisuviricota,Duplopiviricetes,Durnavirales,Fusariviridae,Gammafusarivirus,+ssRNA
3279181,462680.0,Leptolyngbya boryana IU 594,Duplodnaviria,Heunggongvirae,Uroviricota,Caudoviricetes,Caudoviricetes incertae sedis,Saffermanviridae,Morrisvirus,dsDNA
2928836,1184.0,Leptolyngbya boryana,Duplodnaviria,Heunggongvirae,Uroviricota,Caudoviricetes,Caudoviricetes incertae sedis,Saffermanviridae,Wumpquatrovirus,dsDNA
1859148,1503871.0,Leptomonas moramango,Riboviria,Orthornavirae,Negarnaviricota,Polyploviricotina,Bunyaviricetes,Hareavirales,Leishbuviridae,-ssRNA
552509,63433.0,Leptopilina boulardi,Viruses incertae sedis,Naldaviricetes,Lefavirales,Filamentoviridae,Alphafilamentovirus,Alphafilamentovirus leboulardi,,
137511,171.0,Leptospira,Duplodnaviria,Heunggongvirae,Uroviricota,Caudoviricetes,Caudoviricetes incertae sedis,Saintgironsvirus,Saintgironsvirus LE1,dsDNA
2041382,172.0,Leptospira biflexa,Duplodnaviria,Heunggongvirae,Uroviricota,Caudoviricetes,Caudoviricetes incertae sedis,Nylescharonvirus,Nylescharonvirus LE3,dsDNA
2041383,172.0,Leptospira biflexa,Duplodnaviria,Heunggongvirae,Uroviricota,Caudoviricetes,Caudoviricetes incertae sedis,Nylescharonvirus,Nylescharonvirus LE4,dsDNA
2716318,100182.0,Lepus granatensis,Monodnaviria,Shotokuvirae,Commensaviricota,Cardeaviricetes,Sanitavirales,Anelloviridae,Aleptorquevirus,
2012640,9649.0,Ailurus fulgens,Monodnaviria,Shotokuvirae,Commensaviricota,Cardeaviricetes,Sanitavirales,Anelloviridae,Thetatorquevirus,
1307956,7088.0,Lepidoptera,Viruses incertae sedis,Naldaviricetes,Lefavirales,Baculoviridae,Alphabaculovirus,Alphabaculovirus leseparatae,,
745088,1245.0,Leuconostoc mesenteroides,Duplodnaviria,Heunggongvirae,Uroviricota,Caudoviricetes,Caudoviricetes incertae sedis,Unaquatrovirus,Unaquatrovirus uv1A4,dsDNA
1897738,33967.0,Leuconostoc mesenteroides subsp. mesenteroides,Duplodnaviria,Heunggongvirae,Uroviricota,Caudoviricetes,Caudoviricetes incertae sedis,Unaquatrovirus,unclassified Unaquatrovirus,dsDNA
1897737,33967.0,Leuconostoc mesenteroides subsp. mesenteroides,Duplodnaviria,Heunggongvirae,Uroviricota,Caudoviricetes,Caudoviricetes incertae sedis,Unaquatrovirus,Unaquatrovirus LN34,dsDNA
2891958,1243.0,Leuconostoc,Duplodnaviria,Heunggongvirae,Uroviricota,Caudoviricetes,Caudoviricetes incertae sedis,Limdunavirus,unclassified Limdunavirus,dsDNA
1897539,33968.0,Leuconostoc pseudomesenteroides,Duplodnaviria,Heunggongvirae,Uroviricota,Caudoviricetes,Caudoviricetes incertae sedis,Limdunavirus,Limdunavirus LDG,dsDNA
1161930,33966.0,Leuconostoc mesenteroides subsp. dextranicum,Duplodnaviria,Heunggongvirae,Uroviricota,Caudoviricetes,Caudoviricetes incertae sedis,Limdunavirus,Limdunavirus Lmd1,dsDNA
1897736,33967.0,Leuconostoc mesenteroides subsp. mesenteroides,Duplodnaviria,Heunggongvirae,Uroviricota,Caudoviricetes,Caudoviricetes incertae sedis,Unaquatrovirus,Unaquatrovirus Ln7,dsDNA
1536605,33967.0,Leuconostoc mesenteroides subsp. mesenteroides,Duplodnaviria,Heunggongvirae,Uroviricota,Caudoviricetes,Caudoviricetes incertae sedis,Unaquatrovirus,Unaquatrovirus Ln9,dsDNA
1262515,33968.0,Leuconostoc pseudomesenteroides,Duplodnaviria,Heunggongvirae,Uroviricota,Caudoviricetes,Caudoviricetes incertae sedis,Limdunavirus,Limdunavirus LN03,dsDNA
1262516,33968.0,Leuconostoc pseudomesenteroides,Duplodnaviria,Heunggongvirae,Uroviricota,Caudoviricetes,Caudoviricetes incertae sedis,Limdunavirus,Limdunavirus LN04,dsDNA
1262518,1245.0,Leuconostoc mesenteroides,Duplodnaviria,Heunggongvirae,Uroviricota,Caudoviricetes,Caudoviricetes incertae sedis,Unaquatrovirus,Unaquatrovirus LN25,dsDNA
1262522,33968.0,Leuconostoc pseudomesenteroides,Duplodnaviria,Heunggongvirae,Uroviricota,Caudoviricetes,Caudoviricetes incertae sedis,Limdunavirus,Limdunavirus P793,dsDNA
2662299,33968.0,Leuconostoc pseudomesenteroides,Duplodnaviria,Heunggongvirae,Uroviricota,Caudoviricetes,Caudoviricetes incertae sedis,Limdunavirus,Limdunavirus P965,dsDNA
1262517,33968.0,Leuconostoc pseudomesenteroides,Duplodnaviria,Heunggongvirae,Uroviricota,Caudoviricetes,Caudoviricetes incertae sedis,Limdunavirus,Limdunavirus LN12,dsDNA
912321,33968.0,Leuconostoc pseudomesenteroides,Duplodnaviria,Heunggongvirae,Uroviricota,Caudoviricetes,Caudoviricetes incertae sedis,Seongbukvirus,Seongbukvirus MH1,dsDNA
2883572,3374103.0,Limnohabitans sp. DCL3,Duplodnaviria,Heunggongvirae,Uroviricota,Caudoviricetes,Caudoviricetes incertae sedis,Vandenendeviridae,Skurskavirinae,dsDNA
447605,4149.0,Scrophulariaceae,Viruses incertae sedis,Tolecusatellitidae,Betasatellite,Betasatellite linderniae,,,,
560197,1639.0,Listeria monocytogenes,Duplodnaviria,Heunggongvirae,Uroviricota,Caudoviricetes,Caudoviricetes incertae sedis,Herelleviridae,Jasinskavirinae,dsDNA
40522,1457188.0,Listeria monocytogenes WSLC1042,Duplodnaviria,Heunggongvirae,Uroviricota,Caudoviricetes,Caudoviricetes incertae sedis,Aquingentivirus,Aquingentivirus A500,dsDNA
330396,1639.0,Listeria monocytogenes,Duplodnaviria,Heunggongvirae,Uroviricota,Caudoviricetes,Caudoviricetes incertae sedis,Jelitavirus,Jelitavirus B025,dsDNA
3003716,1639.0,Listeria monocytogenes,Duplodnaviria,Heunggongvirae,Uroviricota,Caudoviricetes,Caudoviricetes incertae sedis,Slepowronvirus,unclassified Slepowronvirus,dsDNA
2942418,176281.0,Listeria monocytogenes ATCC 19115,Duplodnaviria,Heunggongvirae,Uroviricota,Caudoviricetes,Caudoviricetes incertae sedis,Aquingentivirus,Aquingentivirus HB17054,dsDNA
3003559,1639.0,Listeria monocytogenes,Duplodnaviria,Heunggongvirae,Uroviricota,Caudoviricetes,Caudoviricetes incertae sedis,Aquingentivirus,Aquingentivirus HS5,dsDNA
2590046,1639.0,Listeria monocytogenes,Duplodnaviria,Heunggongvirae,Uroviricota,Caudoviricetes,Caudoviricetes incertae sedis,Homburgvirus,Homburgvirus LP114,dsDNA
2590048,1639.0,Listeria monocytogenes,Duplodnaviria,Heunggongvirae,Uroviricota,Caudoviricetes,Caudoviricetes incertae sedis,Homburgvirus,Homburgvirus LP37,dsDNA
1173745,393119.0,Listeria monocytogenes FSL J1-208,Duplodnaviria,Heunggongvirae,Uroviricota,Caudoviricetes,Caudoviricetes incertae sedis,Homburgvirus,Homburgvirus LP26,dsDNA
1173743,265669.0,Listeria monocytogenes serotype 4b str. F2365,Duplodnaviria,Heunggongvirae,Uroviricota,Caudoviricetes,Caudoviricetes incertae sedis,Psavirus,Psavirus LP302,dsDNA
1458852,265669.0,Listeria monocytogenes serotype 4b str. F2365,Duplodnaviria,Heunggongvirae,Uroviricota,Caudoviricetes,Caudoviricetes incertae sedis,Aquingentivirus,Aquingentivirus LP0303,dsDNA
1458856,1639.0,Listeria monocytogenes,Duplodnaviria,Heunggongvirae,Uroviricota,Caudoviricetes,Caudoviricetes incertae sedis,Slepowronvirus,Slepowronvirus LP101,dsDNA
1173748,393119.0,Listeria monocytogenes FSL J1-208,Duplodnaviria,Heunggongvirae,Uroviricota,Caudoviricetes,Caudoviricetes incertae sedis,Homburgvirus,Homburgvirus LP110,dsDNA
2744802,1639.0,Listeria monocytogenes,Duplodnaviria,Heunggongvirae,Uroviricota,Caudoviricetes,Caudoviricetes incertae sedis,Slepowronvirus,Slepowronvirus LPHM00113468,dsDNA
1225800,1960103.0,Listeria sp.,Duplodnaviria,Heunggongvirae,Uroviricota,Caudoviricetes,Caudoviricetes incertae sedis,Homburgvirus,Homburgvirus P70,dsDNA
171618,1639.0,Listeria monocytogenes,Duplodnaviria,Heunggongvirae,Uroviricota,Caudoviricetes,Caudoviricetes incertae sedis,Psavirus,Psavirus PSA,dsDNA
2202247,1637.0,Listeria,Duplodnaviria,Heunggongvirae,Uroviricota,Caudoviricetes,Caudoviricetes incertae sedis,Aquingentivirus,Aquingentivirus LP040,dsDNA
1591073,1639.0,Listeria monocytogenes,Duplodnaviria,Heunggongvirae,Uroviricota,Caudoviricetes,Caudoviricetes incertae sedis,Aquingentivirus,Aquingentivirus av293,dsDNA
2983915,1.0,root,Varidnaviria,Abadenavirae,Produgelaviricota,Belvinaviricetes,Atroposvirales,Skuldviridae,Delusorvirus,
3070170,1.0,root,Duplodnaviria,Heunggongvirae,Uroviricota,Caudoviricetes,Caudoviricetes incertae sedis,Verdandiviridae,Dolusvirus,dsDNA
2866665,1.0,root,Viruses incertae sedis,Fuselloviridae,unclassified Fuselloviridae,,,,,
754044,1055158.0,Loktanella sp. CB 2051,Duplodnaviria,Heunggongvirae,Uroviricota,Caudoviricetes,Caudoviricetes incertae sedis,Casjensviridae,Broinstvirus,dsDNA
365150,4100.0,Nicotiana benthamiana,Riboviria,Orthornavirae,Kitrinoviricota,Alsuviricetes,Tymovirales,Alphaflexiviridae,Lolavirus,+ssRNA
225588,1902.0,Streptomyces coelicolor,Duplodnaviria,Heunggongvirae,Uroviricota,Caudoviricetes,Caudoviricetes incertae sedis,Colingsworthviridae,Lomovskayavirus,dsDNA
134394,304329.0,Lonomia obliqua,Viruses incertae sedis,Naldaviricetes,Lefavirales,Baculoviridae,Alphabaculovirus,Alphabaculovirus lonobliquae,Lonomia obliqua nucleopolyhedrovirus,
570832,229543.0,Hibiscus cannabinus,Viruses incertae sedis,Tolecusatellitidae,Betasatellite,unclassified Betasatellite,Ludwigia leaf distortion betasatellite,,,
508753,229543.0,Hibiscus cannabinus,Viruses incertae sedis,Tolecusatellitidae,Betasatellite,Betasatellite ludwigiasecundi,,,,
325113,155013.0,Ludwigia hyssopifolia,Viruses incertae sedis,Tolecusatellitidae,Betasatellite,Betasatellite ludwigiae,,,,
292626,3669.0,Luffa,Viruses incertae sedis,Tolecusatellitidae,Betasatellite,Betasatellite ludwigiaprimi,,,,
3430536,,,Duplodnaviria,Heunggongvirae,Uroviricota,Caudoviricetes,Caudoviricetes incertae sedis,Grimontviridae,Lundtoftevirus,dsDNA
2948611,2780091.0,Luteibacter flocculans,Duplodnaviria,Heunggongvirae,Uroviricota,Caudoviricetes,Caudoviricetes incertae sedis,Lindbergviridae,Plutovirus,dsDNA
2022430,151069.0,Litchi chinensis,Viruses incertae sedis,Pospiviroidae,Apscaviroid,unclassified Apscaviroid,,,,
1676256,655896.0,Silene cognata,Riboviria,Orthornavirae,Pisuviricota,Pisoniviricetes,Picornavirales,Secoviridae,Stralarivirus,
10449,7088.0,Lepidoptera,Viruses incertae sedis,Naldaviricetes,Lefavirales,Baculoviridae,Alphabaculovirus,Alphabaculovirus lydisparis,,
166921,78901.0,Lymantria xylina,Viruses incertae sedis,Naldaviricetes,Lefavirales,Baculoviridae,Alphabaculovirus,Alphabaculovirus lyxylinae,,
3075980,1843082.0,Macromonas nakdongensis,Duplodnaviria,Heunggongvirae,Uroviricota,Caudoviricetes,Autographivirales,Autoscriptoviridae,Krylovirinae,dsDNA
1527523,35725.0,Macrophomina phaseolina,Riboviria,Orthornavirae,Kitrinoviricota,Alsuviricetes,Martellivirales,Virgaviridae,unclassified Virgaviridae,+ssRNA
2755483,318829.0,Pyricularia oryzae,Riboviria,Orthornavirae,Lenarviricota,Miaviricetes,Ourlivirales,Botourmiaviridae,Gammascleroulivirus,+ssRNA
2755484,318829.0,Pyricularia oryzae,Riboviria,Orthornavirae,Lenarviricota,Miaviricetes,Ourlivirales,Botourmiaviridae,Epsilonscleroulivirus,+ssRNA
2909736,318829.0,Pyricularia oryzae,Riboviria,Orthornavirae,Lenarviricota,Miaviricetes,Ourlivirales,Botourmiaviridae,Scleroulivirus,+ssRNA
2509266,318829.0,Pyricularia oryzae,Riboviria,Riboviria incertae sedis,Polymycoviridae,Polymycovirus,Polymycovirus magnaporthis,,,
3430604,9534.0,Chlorocebus aethiops,Riboviria,Orthornavirae,Lenarviricota,Leviviricetes,Leviviricetes incertae sedis,Mahrahovirus,,+ssRNA
339965,108453.0,Malvastrum coromandelianum,Viruses incertae sedis,Tolecusatellitidae,Betasatellite,Betasatellite malvastri,,,,
1993643,108453.0,Malvastrum coromandelianum,Viruses incertae sedis,Tolecusatellitidae,Deltasatellite,Deltasatellite malvastri,,,,
329289,108453.0,Malvastrum coromandelianum,Viruses incertae sedis,Tolecusatellitidae,Betasatellite,Betasatellite malvastri,Malvastrum leaf curl betasatellite,,,
377461,108452.0,Malvastrum,Viruses incertae sedis,Alphasatellitidae,Geminialphasatellitinae,Colecusatellite,Colecusatellite malvastri,,,
741733,10814.0,Begomovirus,Viruses incertae sedis,Alphasatellitidae,Geminialphasatellitinae,Colecusatellite,Colecusatellite malvastrumcameroonense,,,
221036,108452.0,Malvastrum,Viruses incertae sedis,Tolecusatellitidae,Betasatellite,Betasatellite malvastrumflavi,,,,
377611,108453.0,Malvastrum coromandelianum,Viruses incertae sedis,Tolecusatellitidae,Betasatellite,Betasatellite malvastrumyunnanensesecundi,,,,
78219,7088.0,Lepidoptera,Viruses incertae sedis,Naldaviricetes,Lefavirales,Baculoviridae,Alphabaculovirus,Alphabaculovirus mabrassicae,,
207830,7111.0,Trichoplusia ni,Viruses incertae sedis,Naldaviricetes,Lefavirales,Baculoviridae,Alphabaculovirus,Alphabaculovirus maconfiguratae,,
2861056,1296.0,Mammaliicoccus sciuri,Duplodnaviria,Heunggongvirae,Uroviricota,Caudoviricetes,Caudoviricetes incertae sedis,Herelleviridae,Twortvirinae,dsDNA
376821,75985.0,Mannheimia haemolytica,Duplodnaviria,Heunggongvirae,Uroviricota,Caudoviricetes,Caudoviricetes incertae sedis,Peduoviridae,Baylorvirus,dsDNA
2745691,444515.0,Maribacter forsetii,Duplodnaviria,Heunggongvirae,Uroviricota,Caudoviricetes,Caudoviricetes incertae sedis,Molycolviridae,Mollyvirus,dsDNA
439016,1.0,root,Riboviria,Orthornavirae,Pisuviricota,Pisoniviricetes,Picornavirales,Marnaviridae,Locarnavirus,
439014,1.0,root,Riboviria,unclassified Riboviria,unclassified ssRNA viruses,unclassified ssRNA positive-strand viruses,environmental samples,,,
2162684,1.0,root,Duplodnaviria,Heunggongvirae,Uroviricota,Caudoviricetes,Pantevenvirales,Kyanoviridae,Salacisavirus,dsDNA
2163588,1904862.0,Marinomonas sp.,Varidnaviria,Abadenavirae,Produgelaviricota,Belvinaviricetes,Vinavirales,Mestraviridae,Polymedevirus,
2800899,93162.0,Marmota flaviventris,Monodnaviria,Shotokuvirae,Cressdnaviricota,Arfiviricetes,Rivendellvirales,Naryaviridae,Menegrothvirus,
1307954,13123.0,Lymantria dispar,Viruses incertae sedis,Naldaviricetes,Lefavirales,Baculoviridae,Alphabaculovirus,Alphabaculovirus mavitratae,,
2760664,1107872.0,Matsumuraeses phaseoli,Viruses incertae sedis,Naldaviricetes,Lefavirales,Baculoviridae,Betabaculovirus,Betabaculovirus maphaseoli,,
2486603,7227.0,Drosophila melanogaster,Viruses incertae sedis,Naldaviricetes,Lefavirales,Nudiviridae,Alphanudivirus,Alphanudivirus quartudromelanogasteris,,
1932931,33653.0,Cafeteria roenbergensis,Varidnaviria,Bamfordvirae,Preplasmiviricota,Polisuviricotina,Virophaviricetes,Lavidavirales,Maviroviridae,
2609858,39758.0,Mayetiola destructor,Varidnaviria,Bamfordvirae,Preplasmiviricota,Polisuviricotina,Polintoviricetes,Amphintovirales,Eupolintoviridae,
2847847,3388956.0,Corydalidae sp.,Riboviria,Orthornavirae,Negarnaviricota,Haploviricotina,Monjiviricetes,Jingchuvirales,Crepuscuviridae,-ssRNA
2169825,3654.0,Citrullus lanatus,Viruses incertae sedis,Alphasatellitidae,Geminialphasatellitinae,Clecrusatellite,Clecrusatellite cucumeris,,,
1527771,381.0,Mesorhizobium loti,Duplodnaviria,Heunggongvirae,Uroviricota,Caudoviricetes,Autographivirales,Autographivirales incertae sedis,Pairvirus,dsDNA
1705093,455045.0,Abelmoschus esculentus,Viruses incertae sedis,Alphasatellitidae,Geminialphasatellitinae,Gosmusatellite,Gosmusatellite mestae,,,
77048,2160.0,Methanobacterium,Duplodnaviria,Heunggongvirae,Uroviricota,Caudoviricetes,Methanobavirales,Leisingerviridae,Psimunavirus,dsDNA
1430441,2162.0,Methanobacterium formicicum,Duplodnaviria,Heunggongvirae,Uroviricota,Caudoviricetes,Methanobavirales,Anaerodiviridae,Metforvirus,dsDNA
2686281,145262.0,Methanothermobacter thermautotrophicus,Duplodnaviria,Heunggongvirae,Uroviricota,Caudoviricetes,Methanobavirales,Anaerodiviridae,unclassified Anaerodiviridae,dsDNA
3148917,420247.0,Methanobrevibacter smithii ATCC 35061,Duplodnaviria,Heunggongvirae,Uroviricota,Caudoviricetes,Methanobavirales,Usuviridae,Manusuvirus,dsDNA
2759191,83171.0,Methanocaldococcus fervens,Duplodnaviria,Heunggongvirae,Uroviricota,Caudoviricetes,Caudoviricetes incertae sedis,Fervensviridae,Deepoceanvirus,dsDNA
3070925,83986.0,Methanoculleus bourgensis,Duplodnaviria,Heunggongvirae,Uroviricota,Caudoviricetes,Caudoviricetes incertae sedis,Pungoviridae,Flagovirus,dsDNA
2999280,1.0,root,Duplodnaviria,Heunggongvirae,Uroviricota,Caudoviricetes,Nakonvirales,Ekchuahviridae,Kukulkanvirus,dsDNA
2986514,1.0,root,Viruses incertae sedis,Itzamnaviridae,Demiitzamnavirus,Demiitzamnavirus mexicoense,,,,
3071307,1.0,root,Viruses incertae sedis,Itzamnaviridae,Pletoitzamnavirus,Pletoitzamnavirus pescaderoense,,,,
3071308,1.0,root,Varidnaviria,Abadenavirae,Produgelaviricota,Belvinaviricetes,Coyopavirales,Chaacviridae,Antichaacvirus,
2987730,1.0,root,Duplodnaviria,Heunggongvirae,Uroviricota,Caudoviricetes,Nakonvirales,Ahpuchviridae,Kisinvirus,dsDNA
2987731,1.0,root,Adnaviria,Zilligvirae,Taleaviricota,Tokiviricetes,Maximonvirales,Ahmunviridae,Yumkaaxvirus,dsDNA
3071309,1.0,root,Varidnaviria,Abadenavirae,Produgelaviricota,Belvinaviricetes,Coyopavirales,Chaacviridae,Homochaacvirus,
3003800,2546201.0,Methylophilales bacterium,Duplodnaviria,Heunggongvirae,Uroviricota,Caudoviricetes,Caudoviricetes incertae sedis,Zobellviridae,unclassified Zobellviridae,dsDNA
79450,160510.0,Solanum cardiophyllum,Viruses incertae sedis,Pospiviroidae,Pospiviroid,unclassified Pospiviroid,,,,
2851101,104336.0,Microbacterium foliorum,Duplodnaviria,Heunggongvirae,Uroviricota,Caudoviricetes,Caudoviricetes incertae sedis,Dismasvirus,unclassified Dismasvirus,dsDNA
3248842,104336.0,Microbacterium foliorum,Duplodnaviria,Heunggongvirae,Uroviricota,Caudoviricetes,Caudoviricetes incertae sedis,Ilzatvirus,unclassified Ilzatvirus,dsDNA
2767554,104336.0,Microbacterium foliorum,Duplodnaviria,Heunggongvirae,Uroviricota,Caudoviricetes,Caudoviricetes incertae sedis,Krampusvirus,unclassified Krampusvirus,dsDNA
2565510,104336.0,Microbacterium foliorum,Duplodnaviria,Heunggongvirae,Uroviricota,Caudoviricetes,Caudoviricetes incertae sedis,Akonivirus,Akonivirus akoni,dsDNA
2713265,104336.0,Microbacterium foliorum,Duplodnaviria,Heunggongvirae,Uroviricota,Caudoviricetes,Caudoviricetes incertae sedis,Neferthenavirus,unclassified Neferthenavirus,dsDNA
2590877,104336.0,Microbacterium foliorum,Duplodnaviria,Heunggongvirae,Uroviricota,Caudoviricetes,Caudoviricetes incertae sedis,Tinytimothyvirus,Tinytimothyvirus alex44,dsDNA
2094142,104336.0,Microbacterium foliorum,Duplodnaviria,Heunggongvirae,Uroviricota,Caudoviricetes,Caudoviricetes incertae sedis,Ilzatvirus,Ilzatvirus teagan,dsDNA
2910956,104336.0,Microbacterium foliorum,Duplodnaviria,Heunggongvirae,Uroviricota,Caudoviricetes,Caudoviricetes incertae sedis,Squashvirus,unclassified Squashvirus,dsDNA
2588136,104336.0,Microbacterium foliorum,Duplodnaviria,Heunggongvirae,Uroviricota,Caudoviricetes,Caudoviricetes incertae sedis,Krampusvirus,Krampusvirus krampus,dsDNA
2283287,104336.0,Microbacterium foliorum,Duplodnaviria,Heunggongvirae,Uroviricota,Caudoviricetes,Caudoviricetes incertae sedis,Elerivirus,Elerivirus eleri,dsDNA
2653719,104336.0,Microbacterium foliorum,Duplodnaviria,Heunggongvirae,Uroviricota,Caudoviricetes,Caudoviricetes incertae sedis,Hodgkinviridae,Quhwahvirus,dsDNA
2926080,104336.0,Microbacterium foliorum,Duplodnaviria,Heunggongvirae,Uroviricota,Caudoviricetes,Caudoviricetes incertae sedis,Appavirus,unclassified Appavirus,dsDNA
2182350,104336.0,Microbacterium foliorum,Duplodnaviria,Heunggongvirae,Uroviricota,Caudoviricetes,Caudoviricetes incertae sedis,Appavirus,Appavirus appa,dsDNA
2590948,104336.0,Microbacterium foliorum,Duplodnaviria,Heunggongvirae,Uroviricota,Caudoviricetes,Caudoviricetes incertae sedis,Burrovirus,Burrovirus araxxi,dsDNA
2713257,104336.0,Microbacterium foliorum,Duplodnaviria,Heunggongvirae,Uroviricota,Caudoviricetes,Caudoviricetes incertae sedis,Burrovirus,Burrovirus arete,dsDNA
2656546,199592.0,Microbacterium paraoxydans,Duplodnaviria,Heunggongvirae,Uroviricota,Caudoviricetes,Caudoviricetes incertae sedis,Hodgkinviridae,Metamorphoovirus,dsDNA
2419971,104336.0,Microbacterium foliorum,Duplodnaviria,Heunggongvirae,Uroviricota,Caudoviricetes,Caudoviricetes incertae sedis,Armstrongvirus,Armstrongvirus armstrong,dsDNA
2793700,104336.0,Microbacterium foliorum,Duplodnaviria,Heunggongvirae,Uroviricota,Caudoviricetes,Caudoviricetes incertae sedis,Akonivirus,unclassified Akonivirus,dsDNA
2079577,104336.0,Microbacterium foliorum,Duplodnaviria,Heunggongvirae,Uroviricota,Caudoviricetes,Caudoviricetes incertae sedis,Ilzatvirus,Ilzatvirus ilzat,dsDNA
2079580,104336.0,Microbacterium foliorum,Duplodnaviria,Heunggongvirae,Uroviricota,Caudoviricetes,Caudoviricetes incertae sedis,Ilzatvirus,Ilzatvirus hamlet,dsDNA
3028491,51671.0,Microbacterium sp.,Duplodnaviria,Heunggongvirae,Uroviricota,Caudoviricetes,Caudoviricetes incertae sedis,Casidaviridae,Barnstormervirus,dsDNA
2937733,104336.0,Microbacterium foliorum,Duplodnaviria,Heunggongvirae,Uroviricota,Caudoviricetes,Caudoviricetes incertae sedis,Tinytimothyvirus,unclassified Tinytimothyvirus,dsDNA
2315703,199592.0,Microbacterium paraoxydans,Duplodnaviria,Heunggongvirae,Uroviricota,Caudoviricetes,Caudoviricetes incertae sedis,Burrovirus,Burrovirus burro,dsDNA
2572530,104336.0,Microbacterium foliorum,Duplodnaviria,Heunggongvirae,Uroviricota,Caudoviricetes,Caudoviricetes incertae sedis,Kojivirus,unclassified Kojivirus,dsDNA
3078572,104336.0,Microbacterium foliorum,Duplodnaviria,Heunggongvirae,Uroviricota,Caudoviricetes,Caudoviricetes incertae sedis,Gillianvirus,unclassified Gillianvirus,dsDNA
2099442,104336.0,Microbacterium foliorum,Duplodnaviria,Heunggongvirae,Uroviricota,Caudoviricetes,Caudoviricetes incertae sedis,Pikminvirus,Pikminvirus pikmin,dsDNA
2965191,104336.0,Microbacterium foliorum,Duplodnaviria,Heunggongvirae,Uroviricota,Caudoviricetes,Caudoviricetes incertae sedis,Casidaviridae,Cenunavirus,dsDNA
3077802,104336.0,Microbacterium foliorum,Duplodnaviria,Heunggongvirae,Uroviricota,Caudoviricetes,Caudoviricetes incertae sedis,Elerivirus,unclassified Elerivirus,dsDNA
2743916,104336.0,Microbacterium foliorum,Duplodnaviria,Heunggongvirae,Uroviricota,Caudoviricetes,Caudoviricetes incertae sedis,Goodmanvirus,unclassified Goodmanvirus,dsDNA
2591215,104336.0,Microbacterium foliorum,Duplodnaviria,Heunggongvirae,Uroviricota,Caudoviricetes,Caudoviricetes incertae sedis,Mementomorivirus,Mementomorivirus cinna,dsDNA
2926094,104336.0,Microbacterium foliorum,Duplodnaviria,Heunggongvirae,Uroviricota,Caudoviricetes,Caudoviricetes incertae sedis,Armstrongvirus,unclassified Armstrongvirus,dsDNA
2591216,199592.0,Microbacterium paraoxydans,Duplodnaviria,Heunggongvirae,Uroviricota,Caudoviricetes,Caudoviricetes incertae sedis,Mementomorivirus,Mementomorivirus cressida,dsDNA
2686090,199592.0,Microbacterium paraoxydans,Duplodnaviria,Heunggongvirae,Uroviricota,Caudoviricetes,Caudoviricetes incertae sedis,Rogerhendrixvirus,unclassified Rogerhendrixvirus,dsDNA
2065199,104336.0,Microbacterium foliorum,Duplodnaviria,Heunggongvirae,Uroviricota,Caudoviricetes,Caudoviricetes incertae sedis,Dismasvirus,Dismasvirus dismas,dsDNA
2926095,104336.0,Microbacterium foliorum,Duplodnaviria,Heunggongvirae,Uroviricota,Caudoviricetes,Caudoviricetes incertae sedis,Burrovirus,unclassified Burrovirus,dsDNA
2250289,104336.0,Microbacterium foliorum,Duplodnaviria,Heunggongvirae,Uroviricota,Caudoviricetes,Caudoviricetes incertae sedis,Edenvirus,Edenvirus eden,dsDNA
2201433,104336.0,Microbacterium foliorum,Duplodnaviria,Heunggongvirae,Uroviricota,Caudoviricetes,Caudoviricetes incertae sedis,Casidaviridae,Percivalvirus,dsDNA
2836048,199592.0,Microbacterium paraoxydans,Duplodnaviria,Heunggongvirae,Uroviricota,Caudoviricetes,Caudoviricetes incertae sedis,Footloosevirus,Footloosevirus footloose,dsDNA
2590935,104336.0,Microbacterium foliorum,Duplodnaviria,Heunggongvirae,Uroviricota,Caudoviricetes,Caudoviricetes incertae sedis,Hodgkinviridae,Fuzzbustervirus,dsDNA
2776841,51671.0,Microbacterium sp.,Duplodnaviria,Heunggongvirae,Uroviricota,Caudoviricetes,Caudoviricetes incertae sedis,Casidaviridae,Gardenstatevirus,dsDNA
2099624,104336.0,Microbacterium foliorum,Duplodnaviria,Heunggongvirae,Uroviricota,Caudoviricetes,Caudoviricetes incertae sedis,Kojivirus,Kojivirus golden,dsDNA
2484206,104336.0,Microbacterium foliorum,Duplodnaviria,Heunggongvirae,Uroviricota,Caudoviricetes,Caudoviricetes incertae sedis,Goodmanvirus,Goodmanvirus goodman,dsDNA
2182341,104336.0,Microbacterium foliorum,Duplodnaviria,Heunggongvirae,Uroviricota,Caudoviricetes,Caudoviricetes incertae sedis,Rogerhendrixvirus,Rogerhendrixvirus hendrix,dsDNA
2836095,104336.0,Microbacterium foliorum,Duplodnaviria,Heunggongvirae,Uroviricota,Caudoviricetes,Caudoviricetes incertae sedis,Casidaviridae,Honkvirus,dsDNA
2182354,104336.0,Microbacterium foliorum,Duplodnaviria,Heunggongvirae,Uroviricota,Caudoviricetes,Caudoviricetes incertae sedis,Squashvirus,Squashvirus hyperion,dsDNA
2835959,104336.0,Microbacterium foliorum,Duplodnaviria,Heunggongvirae,Uroviricota,Caudoviricetes,Caudoviricetes incertae sedis,Ilzatvirus,Ilzatvirus mcgalleon,dsDNA
2099625,104336.0,Microbacterium foliorum,Duplodnaviria,Heunggongvirae,Uroviricota,Caudoviricetes,Caudoviricetes incertae sedis,Kojivirus,Kojivirus koji,dsDNA
2885981,199592.0,Microbacterium paraoxydans,Duplodnaviria,Heunggongvirae,Uroviricota,Caudoviricetes,Caudoviricetes incertae sedis,Kozievirus,Kozievirus kozie,dsDNA
3078574,104336.0,Microbacterium foliorum,Duplodnaviria,Heunggongvirae,Uroviricota,Caudoviricetes,Caudoviricetes incertae sedis,Casidaviridae,Mabodamacavirus,dsDNA
2591217,199592.0,Microbacterium paraoxydans,Duplodnaviria,Heunggongvirae,Uroviricota,Caudoviricetes,Caudoviricetes incertae sedis,Hodgkinviridae,Margaeryvirus,dsDNA
2686228,199592.0,Microbacterium paraoxydans,Duplodnaviria,Heunggongvirae,Uroviricota,Caudoviricetes,Caudoviricetes incertae sedis,Mementomorivirus,Mementomorivirus matzah,dsDNA
2656551,199592.0,Microbacterium paraoxydans,Duplodnaviria,Heunggongvirae,Uroviricota,Caudoviricetes,Caudoviricetes incertae sedis,Hodgkinviridae,Meganvirus,dsDNA
2201436,199592.0,Microbacterium paraoxydans,Duplodnaviria,Heunggongvirae,Uroviricota,Caudoviricetes,Caudoviricetes incertae sedis,Mementomorivirus,Mementomorivirus mementomori,dsDNA
446529,151262.0,Microbacterium nematophilum,Duplodnaviria,Heunggongvirae,Uroviricota,Caudoviricetes,Caudoviricetes incertae sedis,Minunavirus,Minunavirus Min1,dsDNA
3108092,82380.0,Microbacterium oxydans,Duplodnaviria,Heunggongvirae,Uroviricota,Caudoviricetes,Caudoviricetes incertae sedis,Kozievirus,Kozievirus MO526,dsDNA
2590880,104336.0,Microbacterium foliorum,Duplodnaviria,Heunggongvirae,Uroviricota,Caudoviricetes,Caudoviricetes incertae sedis,Ilzatvirus,Ilzatvirus monchoix,dsDNA
2301539,104336.0,Microbacterium foliorum,Duplodnaviria,Heunggongvirae,Uroviricota,Caudoviricetes,Caudoviricetes incertae sedis,Neferthenavirus,Neferthenavirus neferthena,dsDNA
2301604,104336.0,Microbacterium foliorum,Duplodnaviria,Heunggongvirae,Uroviricota,Caudoviricetes,Caudoviricetes incertae sedis,Gillianvirus,Gillianvirus oneinagillian,dsDNA
2985324,661398.0,Microbacterium radiodurans,Duplodnaviria,Heunggongvirae,Uroviricota,Caudoviricetes,Caudoviricetes incertae sedis,Oscarsovirus,Oscarsovirus oscarso,dsDNA
2725607,104336.0,Microbacterium foliorum,Duplodnaviria,Heunggongvirae,Uroviricota,Caudoviricetes,Caudoviricetes incertae sedis,Akonivirus,Akonivirus phedro,dsDNA
2927268,104336.0,Microbacterium foliorum,Duplodnaviria,Heunggongvirae,Uroviricota,Caudoviricetes,Caudoviricetes incertae sedis,Amherstvirus,Amherstvirus pineapplepizza,dsDNA
2885983,199592.0,Microbacterium paraoxydans,Duplodnaviria,Heunggongvirae,Uroviricota,Caudoviricetes,Caudoviricetes incertae sedis,Pumpernickelvirus,Pumpernickelvirus pumpernickel,dsDNA
2500787,104336.0,Microbacterium foliorum,Duplodnaviria,Heunggongvirae,Uroviricota,Caudoviricetes,Caudoviricetes incertae sedis,Schubertvirus,Schubertvirus schubert,dsDNA
2805839,199592.0,Microbacterium paraoxydans,Duplodnaviria,Heunggongvirae,Uroviricota,Caudoviricetes,Caudoviricetes incertae sedis,Shockervirus,Shockervirus shocker,dsDNA
2182357,104336.0,Microbacterium foliorum,Duplodnaviria,Heunggongvirae,Uroviricota,Caudoviricetes,Caudoviricetes incertae sedis,Squashvirus,Squashvirus squash,dsDNA
2583039,104336.0,Microbacterium foliorum,Duplodnaviria,Heunggongvirae,Uroviricota,Caudoviricetes,Caudoviricetes incertae sedis,Tinytimothyvirus,Tinytimothyvirus tinytimothy,dsDNA
2315705,199592.0,Microbacterium paraoxydans,Duplodnaviria,Heunggongvirae,Uroviricota,Caudoviricetes,Caudoviricetes incertae sedis,Valentinivirus,Valentinivirus valentinipuff,dsDNA
1458670,82380.0,Microbacterium oxydans,Duplodnaviria,Heunggongvirae,Uroviricota,Caudoviricetes,Caudoviricetes incertae sedis,Farahnazvirus,Farahnazvirus ISF9,dsDNA
2848881,322686.0,Microbacterium sp. R1,Duplodnaviria,Heunggongvirae,Uroviricota,Caudoviricetes,Caudoviricetes incertae sedis,Syrbvirus,Syrbvirus R1,dsDNA
2201444,199592.0,Microbacterium paraoxydans,Duplodnaviria,Heunggongvirae,Uroviricota,Caudoviricetes,Caudoviricetes incertae sedis,Casidaviridae,Zetavirus,dsDNA
2856824,1126.0,Microcystis aeruginosa,Duplodnaviria,Heunggongvirae,Uroviricota,Caudoviricetes,Caudoviricetes incertae sedis,Fukuivirus,Fukuivirus LMM01,dsDNA
1357715,1126.0,Microcystis aeruginosa,Duplodnaviria,Heunggongvirae,Uroviricota,Caudoviricetes,Caudoviricetes incertae sedis,Fukuivirus,Fukuivirus MVDC,dsDNA
1455651,3888.0,Lathyrus oleraceus,Viruses incertae sedis,Alphasatellitidae,Nanoalphasatellitinae,Mivedwarsatellite,Mivedwarsatellite astragali,,,
1455652,3888.0,Lathyrus oleraceus,Viruses incertae sedis,Alphasatellitidae,Nanoalphasatellitinae,Milvetsatellite,Milvetsatellite japastra,Milk vetch dwarf alphasatellite 3,,
1455654,3888.0,Lathyrus oleraceus,Viruses incertae sedis,Alphasatellitidae,Nanoalphasatellitinae,Clostunsatellite,Clostunsatellite astragali,Milk vetch dwarf alphasatellite 2,,
265877,241069.0,Mentha x gracilis,Riboviria,Orthornavirae,Kitrinoviricota,Alsuviricetes,Martellivirales,Closteroviridae,Menthavirus,+ssRNA
2049883,3538.0,Mirabilis jalapa,Viruses incertae sedis,Tolecusatellitidae,Betasatellite,Betasatellite mirabilis,,,,
2072024,691654.0,Mocis,Viruses incertae sedis,Naldaviricetes,Lefavirales,Baculoviridae,Betabaculovirus,Betabaculovirus molatipedis,,
1852628,581.0,Morganella,Duplodnaviria,Heunggongvirae,Uroviricota,Caudoviricetes,Pantevenvirales,Straboviridae,Gualtarvirus,dsDNA
1611039,7163.0,Aedes vexans,Monodnaviria,Shotokuvirae,Cressdnaviricota,Arfiviricetes,Jormunvirales,Draupnirviridae,Valentivirus,
1034792,7157.0,Culicidae,Monodnaviria,Shotokuvirae,Commensaviricota,Cardeaviricetes,Sanitavirales,Anelloviridae,Wawtorquevirus,
2734558,74873.0,Anopheles sinensis,Riboviria,Orthornavirae,Orthornavirae incertae sedis,Birnaviridae,Entomobirnavirus,Entomobirnavirus anophelae,,
1671380,3498.0,Morus alba,Monodnaviria,Shotokuvirae,Cressdnaviricota,Repensiviricetes,Geplafuvirales,Geminiviridae,Mulcrilevirus,
1238162,3917.0,Vigna unguiculata,Viruses incertae sedis,Tolecusatellitidae,Betasatellite,Betasatellite vignae,Mungbean yellow mosaic betasatellite,,,
523909,7370.0,Musca domestica,Viruses incertae sedis,Naldaviricetes,Lefavirales,Hytrosaviridae,Muscavirus,Muscavirus musdomesticae,,
32625,5341.0,Agaricus bisporus,Riboviria,Orthornavirae,Pisuviricota,Pisoniviricetes,Sobelivirales,Barnaviridae,Barnavirus,
2832264,8869.0,Cygnus olor,Monodnaviria,Shotokuvirae,Cressdnaviricota,Arfiviricetes,Gredzevirales,Ouroboviridae,Aretevirus,
1458726,1763.0,Mycobacterium,Duplodnaviria,Heunggongvirae,Uroviricota,Caudoviricetes,Caudoviricetes incertae sedis,Fromanvirus,unclassified Fromanvirus,dsDNA
2902792,1763.0,Mycobacterium,Duplodnaviria,Heunggongvirae,Uroviricota,Caudoviricetes,Caudoviricetes incertae sedis,Kostyavirus,Kostyavirus kv244,dsDNA
1445729,246196.0,Mycolicibacterium smegmatis MC2 155,Duplodnaviria,Heunggongvirae,Uroviricota,Caudoviricetes,Caudoviricetes incertae sedis,Trigintaduovirus,Trigintaduovirus 32HC,dsDNA
1327944,1763.0,Mycobacterium,Duplodnaviria,Heunggongvirae,Uroviricota,Caudoviricetes,Caudoviricetes incertae sedis,Timquatrovirus,unclassified Timquatrovirus,dsDNA
1463809,246196.0,Mycolicibacterium smegmatis MC2 155,Duplodnaviria,Heunggongvirae,Uroviricota,Caudoviricetes,Caudoviricetes incertae sedis,Julieunavirus,unclassified Julieunavirus,dsDNA
1458717,246196.0,Mycolicibacterium smegmatis MC2 155,Duplodnaviria,Heunggongvirae,Uroviricota,Caudoviricetes,Caudoviricetes incertae sedis,Santafevirus,Santafevirus sf40AC,dsDNA
3241060,1772.0,Mycolicibacterium smegmatis,Duplodnaviria,Heunggongvirae,Uroviricota,Caudoviricetes,Caudoviricetes incertae sedis,Veracruzvirus,unclassified Veracruzvirus,dsDNA
2163589,246196.0,Mycolicibacterium smegmatis MC2 155,Duplodnaviria,Heunggongvirae,Uroviricota,Caudoviricetes,Caudoviricetes incertae sedis,Turbidovirus,Turbidovirus turbido,dsDNA
2652418,246196.0,Mycolicibacterium smegmatis MC2 155,Duplodnaviria,Heunggongvirae,Uroviricota,Caudoviricetes,Caudoviricetes incertae sedis,Backyardiganvirus,unclassified Backyardiganvirus,dsDNA
1358124,246196.0,Mycolicibacterium smegmatis MC2 155,Duplodnaviria,Heunggongvirae,Uroviricota,Caudoviricetes,Caudoviricetes incertae sedis,Kostyavirus,unclassified Kostyavirus,dsDNA
2653720,1763.0,Mycobacterium,Duplodnaviria,Heunggongvirae,Uroviricota,Caudoviricetes,Caudoviricetes incertae sedis,Pipefishvirus,unclassified Pipefishvirus,dsDNA
2593343,246196.0,Mycolicibacterium smegmatis MC2 155,Duplodnaviria,Heunggongvirae,Uroviricota,Caudoviricetes,Caudoviricetes incertae sedis,Pegunavirus,Pegunavirus suffolk,dsDNA
1034126,246196.0,Mycolicibacterium smegmatis MC2 155,Duplodnaviria,Heunggongvirae,Uroviricota,Caudoviricetes,Caudoviricetes incertae sedis,Pegunavirus,Pegunavirus Pg1,dsDNA
2902794,246196.0,Mycolicibacterium smegmatis MC2 155,Duplodnaviria,Heunggongvirae,Uroviricota,Caudoviricetes,Caudoviricetes incertae sedis,Acadianvirus,Acadianvirus acadian,dsDNA
2500573,1763.0,Mycobacterium,Duplodnaviria,Heunggongvirae,Uroviricota,Caudoviricetes,Caudoviricetes incertae sedis,Microwolfvirus,unclassified Microwolfvirus,dsDNA
2250290,1763.0,Mycobacterium,Duplodnaviria,Heunggongvirae,Uroviricota,Caudoviricetes,Caudoviricetes incertae sedis,Pukovnikvirus,unclassified Pukovnikvirus,dsDNA
2499030,246196.0,Mycolicibacterium smegmatis MC2 155,Duplodnaviria,Heunggongvirae,Uroviricota,Caudoviricetes,Caudoviricetes incertae sedis,Vilmaviridae,Lclasvirinae,dsDNA
2126944,246196.0,Mycolicibacterium smegmatis MC2 155,Duplodnaviria,Heunggongvirae,Uroviricota,Caudoviricetes,Caudoviricetes incertae sedis,Anayavirus,unclassified Anayavirus,dsDNA
1354507,246196.0,Mycolicibacterium smegmatis MC2 155,Duplodnaviria,Heunggongvirae,Uroviricota,Caudoviricetes,Caudoviricetes incertae sedis,Coopervirus,Coopervirus adawi,dsDNA
1034127,246196.0,Mycolicibacterium smegmatis MC2 155,Duplodnaviria,Heunggongvirae,Uroviricota,Caudoviricetes,Caudoviricetes incertae sedis,Anayavirus,Anayavirus adephagia,dsDNA
2502471,246196.0,Mycolicibacterium smegmatis MC2 155,Duplodnaviria,Heunggongvirae,Uroviricota,Caudoviricetes,Caudoviricetes incertae sedis,Bixzunavirus,unclassified Bixzunavirus,dsDNA
528321,1785.0,Mycobacterium sp.,Duplodnaviria,Heunggongvirae,Uroviricota,Caudoviricetes,Caudoviricetes incertae sedis,Plotvirus,Plotvirus plot,dsDNA
2108121,246196.0,Mycolicibacterium smegmatis MC2 155,Duplodnaviria,Heunggongvirae,Uroviricota,Caudoviricetes,Caudoviricetes incertae sedis,Anayavirus,Anayavirus adonis,dsDNA
2768134,246196.0,Mycolicibacterium smegmatis MC2 155,Duplodnaviria,Heunggongvirae,Uroviricota,Caudoviricetes,Caudoviricetes incertae sedis,Pegunavirus,unclassified Pegunavirus,dsDNA
2812935,246196.0,Mycolicibacterium smegmatis MC2 155,Duplodnaviria,Heunggongvirae,Uroviricota,Caudoviricetes,Caudoviricetes incertae sedis,Pegunavirus,Pegunavirus manad,dsDNA
1168595,246196.0,Mycolicibacterium smegmatis MC2 155,Duplodnaviria,Heunggongvirae,Uroviricota,Caudoviricetes,Caudoviricetes incertae sedis,Fromanvirus,Fromanvirus nepal,dsDNA
2047833,246196.0,Mycolicibacterium smegmatis MC2 155,Duplodnaviria,Heunggongvirae,Uroviricota,Caudoviricetes,Caudoviricetes incertae sedis,Benedictvirus,unclassified Benedictvirus,dsDNA
2301547,246196.0,Mycolicibacterium smegmatis MC2 155,Duplodnaviria,Heunggongvirae,Uroviricota,Caudoviricetes,Caudoviricetes incertae sedis,Charlievirus,Charlievirus Aggie,dsDNA
2656555,246196.0,Mycolicibacterium smegmatis MC2 155,Duplodnaviria,Heunggongvirae,Uroviricota,Caudoviricetes,Caudoviricetes incertae sedis,Microwolfvirus,Microwolfvirus Bxz2,dsDNA
3035368,1763.0,Mycobacterium,Duplodnaviria,Heunggongvirae,Uroviricota,Caudoviricetes,Caudoviricetes incertae sedis,Onyinyevirus,unclassified Onyinyevirus,dsDNA
2829394,1763.0,Mycobacterium,Duplodnaviria,Heunggongvirae,Uroviricota,Caudoviricetes,Caudoviricetes incertae sedis,Cheoctovirus,unclassified Cheoctovirus,dsDNA
1647307,246196.0,Mycolicibacterium smegmatis MC2 155,Duplodnaviria,Heunggongvirae,Uroviricota,Caudoviricetes,Caudoviricetes incertae sedis,Coopervirus,Coopervirus vincenzo,dsDNA
1913041,246196.0,Mycolicibacterium smegmatis MC2 155,Duplodnaviria,Heunggongvirae,Uroviricota,Caudoviricetes,Caudoviricetes incertae sedis,Backyardiganvirus,Backyardiganvirus peaches,dsDNA
1034128,246196.0,Mycolicibacterium smegmatis MC2 155,Duplodnaviria,Heunggongvirae,Uroviricota,Caudoviricetes,Caudoviricetes incertae sedis,Bixzunavirus,Bixzunavirus alice,dsDNA
2163590,246196.0,Mycolicibacterium smegmatis MC2 155,Duplodnaviria,Heunggongvirae,Uroviricota,Caudoviricetes,Caudoviricetes incertae sedis,Anayavirus,Anayavirus alishaPH,dsDNA
2862995,246196.0,Mycolicibacterium smegmatis MC2 155,Duplodnaviria,Heunggongvirae,Uroviricota,Caudoviricetes,Caudoviricetes incertae sedis,Rosebushvirus,Rosebushvirus rosebush,dsDNA
2015840,246196.0,Mycolicibacterium smegmatis MC2 155,Duplodnaviria,Heunggongvirae,Uroviricota,Caudoviricetes,Caudoviricetes incertae sedis,Kratiovirus,Kratiovirus larva,dsDNA
2902800,246196.0,Mycolicibacterium smegmatis MC2 155,Duplodnaviria,Heunggongvirae,Uroviricota,Caudoviricetes,Caudoviricetes incertae sedis,Fromanvirus,Fromanvirus alma,dsDNA
1913035,1772.0,Mycolicibacterium smegmatis,Duplodnaviria,Heunggongvirae,Uroviricota,Caudoviricetes,Caudoviricetes incertae sedis,Anayavirus,Anayavirus amelie,dsDNA
2015817,246196.0,Mycolicibacterium smegmatis MC2 155,Duplodnaviria,Heunggongvirae,Uroviricota,Caudoviricetes,Caudoviricetes incertae sedis,Amginevirus,Amginevirus amgine,dsDNA
2250291,1763.0,Mycobacterium,Duplodnaviria,Heunggongvirae,Uroviricota,Caudoviricetes,Caudoviricetes incertae sedis,Aminayvirus,Aminayvirus aminay,dsDNA
2301540,246196.0,Mycolicibacterium smegmatis MC2 155,Duplodnaviria,Heunggongvirae,Uroviricota,Caudoviricetes,Caudoviricetes incertae sedis,Gilesvirus,Gilesvirus giles,dsDNA
2015874,246196.0,Mycolicibacterium smegmatis MC2 155,Duplodnaviria,Heunggongvirae,Uroviricota,Caudoviricetes,Caudoviricetes incertae sedis,Amginevirus,Amginevirus amohnition,dsDNA
2978485,1763.0,Mycobacterium,Duplodnaviria,Heunggongvirae,Uroviricota,Caudoviricetes,Caudoviricetes incertae sedis,Gilesvirus,unclassified Gilesvirus,dsDNA
2902832,246196.0,Mycolicibacterium smegmatis MC2 155,Duplodnaviria,Heunggongvirae,Uroviricota,Caudoviricetes,Caudoviricetes incertae sedis,Anayavirus,Anayavirus anaya,dsDNA
2047834,246196.0,Mycolicibacterium smegmatis MC2 155,Duplodnaviria,Heunggongvirae,Uroviricota,Caudoviricetes,Caudoviricetes incertae sedis,Charlievirus,Charlievirus Andies,dsDNA
649688,246196.0,Mycolicibacterium smegmatis MC2 155,Duplodnaviria,Heunggongvirae,Uroviricota,Caudoviricetes,Caudoviricetes incertae sedis,Liefievirus,Liefievirus halo,dsDNA
2902837,246196.0,Mycolicibacterium smegmatis MC2 155,Duplodnaviria,Heunggongvirae,Uroviricota,Caudoviricetes,Caudoviricetes incertae sedis,Anayavirus,Anayavirus angelica,dsDNA
1701801,246196.0,Mycolicibacterium smegmatis MC2 155,Duplodnaviria,Heunggongvirae,Uroviricota,Caudoviricetes,Caudoviricetes incertae sedis,Liefievirus,unclassified Liefievirus,dsDNA
2041517,246196.0,Mycolicibacterium smegmatis MC2 155,Duplodnaviria,Heunggongvirae,Uroviricota,Caudoviricetes,Caudoviricetes incertae sedis,Turbidovirus,Turbidovirus anselm,dsDNA
2599857,246196.0,Mycolicibacterium smegmatis MC2 155,Duplodnaviria,Heunggongvirae,Uroviricota,Caudoviricetes,Caudoviricetes incertae sedis,Anthonyvirus,Anthonyvirus anthony,dsDNA
2575610,246196.0,Mycolicibacterium smegmatis MC2 155,Duplodnaviria,Heunggongvirae,Uroviricota,Caudoviricetes,Caudoviricetes incertae sedis,Antsirabevirus,Antsirabevirus antsirabe,dsDNA
1354511,246196.0,Mycolicibacterium smegmatis MC2 155,Duplodnaviria,Heunggongvirae,Uroviricota,Caudoviricetes,Caudoviricetes incertae sedis,Microwolfvirus,Microwolfvirus JHC117,dsDNA
2652886,246196.0,Mycolicibacterium smegmatis MC2 155,Duplodnaviria,Heunggongvirae,Uroviricota,Caudoviricetes,Caudoviricetes incertae sedis,Coopervirus,unclassified Coopervirus,dsDNA
1673886,246196.0,Mycolicibacterium smegmatis MC2 155,Duplodnaviria,Heunggongvirae,Uroviricota,Caudoviricetes,Caudoviricetes incertae sedis,Pegunavirus,Pegunavirus apizium,dsDNA
2027890,246196.0,Mycolicibacterium smegmatis MC2 155,Duplodnaviria,Heunggongvirae,Uroviricota,Caudoviricetes,Caudoviricetes incertae sedis,Anayavirus,Anayavirus apocalypse,dsDNA
1327938,246196.0,Mycolicibacterium smegmatis MC2 155,Duplodnaviria,Heunggongvirae,Uroviricota,Caudoviricetes,Caudoviricetes incertae sedis,Bixzunavirus,Bixzunavirus Bxz1,dsDNA
2047836,246196.0,Mycolicibacterium smegmatis MC2 155,Duplodnaviria,Heunggongvirae,Uroviricota,Caudoviricetes,Caudoviricetes incertae sedis,Benedictvirus,Benedictvirus archetta,dsDNA
2315613,1763.0,Mycobacterium,Duplodnaviria,Heunggongvirae,Uroviricota,Caudoviricetes,Caudoviricetes incertae sedis,Cheoctovirus,Cheoctovirus arcusangelus,dsDNA
2902838,1763.0,Mycobacterium,Duplodnaviria,Heunggongvirae,Uroviricota,Caudoviricetes,Caudoviricetes incertae sedis,Cheoctovirus,Cheoctovirus ardmore,dsDNA
1089112,246196.0,Mycolicibacterium smegmatis MC2 155,Duplodnaviria,Heunggongvirae,Uroviricota,Caudoviricetes,Caudoviricetes incertae sedis,Rosebushvirus,Rosebushvirus godines,dsDNA
2517937,1763.0,Mycobacterium,Duplodnaviria,Heunggongvirae,Uroviricota,Caudoviricetes,Caudoviricetes incertae sedis,Northamptonvirus,unclassified Northamptonvirus,dsDNA
2041518,246196.0,Mycolicibacterium smegmatis MC2 155,Duplodnaviria,Heunggongvirae,Uroviricota,Caudoviricetes,Caudoviricetes incertae sedis,Fishburnevirus,Fishburnevirus arib1,dsDNA
1541824,246196.0,Mycolicibacterium smegmatis MC2 155,Duplodnaviria,Heunggongvirae,Uroviricota,Caudoviricetes,Caudoviricetes incertae sedis,Omegavirus,unclassified Omegavirus,dsDNA
1391429,246196.0,Mycolicibacterium smegmatis MC2 155,Duplodnaviria,Heunggongvirae,Uroviricota,Caudoviricetes,Caudoviricetes incertae sedis,Gladiatorvirus,unclassified Gladiatorvirus,dsDNA
2902839,246196.0,Mycolicibacterium smegmatis MC2 155,Duplodnaviria,Heunggongvirae,Uroviricota,Caudoviricetes,Caudoviricetes incertae sedis,Backyardiganvirus,Backyardiganvirus arturo,dsDNA
1933689,246196.0,Mycolicibacterium smegmatis MC2 155,Duplodnaviria,Heunggongvirae,Uroviricota,Caudoviricetes,Caudoviricetes incertae sedis,Pegunavirus,Pegunavirus oline,dsDNA
1327762,246196.0,Mycolicibacterium smegmatis MC2 155,Duplodnaviria,Heunggongvirae,Uroviricota,Caudoviricetes,Caudoviricetes incertae sedis,Bixzunavirus,Bixzunavirus astraea,dsDNA
2902840,246196.0,Mycolicibacterium smegmatis MC2 155,Duplodnaviria,Heunggongvirae,Uroviricota,Caudoviricetes,Caudoviricetes incertae sedis,Fromanvirus,Fromanvirus astro,dsDNA
2656556,246196.0,Mycolicibacterium smegmatis MC2 155,Duplodnaviria,Heunggongvirae,Uroviricota,Caudoviricetes,Caudoviricetes incertae sedis,Fishburnevirus,Fishburnevirus atcoo,dsDNA
1089113,246196.0,Mycolicibacterium smegmatis MC2 155,Duplodnaviria,Heunggongvirae,Uroviricota,Caudoviricetes,Caudoviricetes incertae sedis,Pipefishvirus,Pipefishvirus athena,dsDNA
2250325,246196.0,Mycolicibacterium smegmatis MC2 155,Duplodnaviria,Heunggongvirae,Uroviricota,Caudoviricetes,Caudoviricetes incertae sedis,Microwolfvirus,Microwolfvirus microwolf,dsDNA
3075172,1763.0,Mycobacterium,Duplodnaviria,Heunggongvirae,Uroviricota,Caudoviricetes,Caudoviricetes incertae sedis,Vilmaviridae,Mclasvirinae,dsDNA
2902841,246196.0,Mycolicibacterium smegmatis MC2 155,Duplodnaviria,Heunggongvirae,Uroviricota,Caudoviricetes,Caudoviricetes incertae sedis,Avanivirus,Avanivirus avani,dsDNA
2024302,246196.0,Mycolicibacterium smegmatis MC2 155,Duplodnaviria,Heunggongvirae,Uroviricota,Caudoviricetes,Caudoviricetes incertae sedis,Avocadovirus,Avocadovirus avocado,dsDNA
3046431,1763.0,Mycobacterium,Duplodnaviria,Heunggongvirae,Uroviricota,Caudoviricetes,Caudoviricetes incertae sedis,Vilmaviridae,Wildcatvirus,dsDNA
2510523,246196.0,Mycolicibacterium smegmatis MC2 155,Duplodnaviria,Heunggongvirae,Uroviricota,Caudoviricetes,Caudoviricetes incertae sedis,Charlievirus,Charlievirus redi,dsDNA
2902842,246196.0,Mycolicibacterium smegmatis MC2 155,Duplodnaviria,Heunggongvirae,Uroviricota,Caudoviricetes,Caudoviricetes incertae sedis,Brujitavirus,Brujitavirus babsiella,dsDNA
1897486,246196.0,Mycolicibacterium smegmatis MC2 155,Duplodnaviria,Heunggongvirae,Uroviricota,Caudoviricetes,Caudoviricetes incertae sedis,Veracruzvirus,Veracruzvirus babyboy,dsDNA
2902881,246196.0,Mycolicibacterium smegmatis MC2 155,Duplodnaviria,Heunggongvirae,Uroviricota,Caudoviricetes,Caudoviricetes incertae sedis,Backyardiganvirus,Backyardiganvirus backyardigan,dsDNA
1784956,246196.0,Mycolicibacterium smegmatis MC2 155,Duplodnaviria,Heunggongvirae,Uroviricota,Caudoviricetes,Caudoviricetes incertae sedis,Pukovnikvirus,Pukovnikvirus bactobuster,dsDNA
1647306,246196.0,Mycolicibacterium smegmatis MC2 155,Duplodnaviria,Heunggongvirae,Uroviricota,Caudoviricetes,Caudoviricetes incertae sedis,Acadianvirus,Acadianvirus baee,dsDNA
1897448,246196.0,Mycolicibacterium smegmatis MC2 155,Duplodnaviria,Heunggongvirae,Uroviricota,Caudoviricetes,Caudoviricetes incertae sedis,Turbidovirus,unclassified Turbidovirus,dsDNA
2902882,246196.0,Mycolicibacterium smegmatis MC2 155,Duplodnaviria,Heunggongvirae,Uroviricota,Caudoviricetes,Caudoviricetes incertae sedis,Omegavirus,Omegavirus baka,dsDNA
1354508,246196.0,Mycolicibacterium smegmatis MC2 155,Duplodnaviria,Heunggongvirae,Uroviricota,Caudoviricetes,Caudoviricetes incertae sedis,Coopervirus,Coopervirus bane1,dsDNA
205880,1763.0,Mycobacterium,Duplodnaviria,Heunggongvirae,Uroviricota,Caudoviricetes,Caudoviricetes incertae sedis,Barnyardvirus,Barnyardvirus barnyard,dsDNA
1084722,246196.0,Mycolicibacterium smegmatis MC2 155,Duplodnaviria,Heunggongvirae,Uroviricota,Caudoviricetes,Caudoviricetes incertae sedis,Anayavirus,Anayavirus JAWS,dsDNA
2015875,246196.0,Mycolicibacterium smegmatis MC2 155,Duplodnaviria,Heunggongvirae,Uroviricota,Caudoviricetes,Caudoviricetes incertae sedis,Fishburnevirus,Fishburnevirus bartholomew,dsDNA
2902889,246196.0,Mycolicibacterium smegmatis MC2 155,Duplodnaviria,Heunggongvirae,Uroviricota,Caudoviricetes,Caudoviricetes incertae sedis,Kostyavirus,Kostyavirus bask21,dsDNA
2126812,246196.0,Mycolicibacterium smegmatis MC2 155,Duplodnaviria,Heunggongvirae,Uroviricota,Caudoviricetes,Caudoviricetes incertae sedis,Cheoctovirus,Cheoctovirus batiatus,dsDNA
2743993,246196.0,Mycolicibacterium smegmatis MC2 155,Duplodnaviria,Heunggongvirae,Uroviricota,Caudoviricetes,Caudoviricetes incertae sedis,Konstantinevirus,unclassified Konstantinevirus,dsDNA
2488783,246196.0,Mycolicibacterium smegmatis MC2 155,Duplodnaviria,Heunggongvirae,Uroviricota,Caudoviricetes,Caudoviricetes incertae sedis,Marvinvirus,Marvinvirus marvin,dsDNA
2250355,246196.0,Mycolicibacterium smegmatis MC2 155,Duplodnaviria,Heunggongvirae,Uroviricota,Caudoviricetes,Caudoviricetes incertae sedis,Anayavirus,Anayavirus beezoo,dsDNA
2024005,246196.0,Mycolicibacterium smegmatis MC2 155,Duplodnaviria,Heunggongvirae,Uroviricota,Caudoviricetes,Caudoviricetes incertae sedis,Anayavirus,Anayavirus bella96,dsDNA
1429791,246196.0,Mycolicibacterium smegmatis MC2 155,Duplodnaviria,Heunggongvirae,Uroviricota,Caudoviricetes,Caudoviricetes incertae sedis,Backyardiganvirus,Backyardiganvirus bellusterra,dsDNA
2902890,246196.0,Mycolicibacterium smegmatis MC2 155,Duplodnaviria,Heunggongvirae,Uroviricota,Caudoviricetes,Caudoviricetes incertae sedis,Benedictvirus,Benedictvirus benedict,dsDNA
2591074,246196.0,Mycolicibacterium smegmatis MC2 155,Duplodnaviria,Heunggongvirae,Uroviricota,Caudoviricetes,Caudoviricetes incertae sedis,Turbidovirus,Turbidovirus benvolio,dsDNA
3110484,1763.0,Mycobacterium,Duplodnaviria,Heunggongvirae,Uroviricota,Caudoviricetes,Caudoviricetes incertae sedis,Plotvirus,unclassified Plotvirus,dsDNA
1486424,246196.0,Mycolicibacterium smegmatis MC2 155,Duplodnaviria,Heunggongvirae,Uroviricota,Caudoviricetes,Caudoviricetes incertae sedis,Bernalvirus,Bernalvirus bernal13,dsDNA
1429903,246196.0,Mycolicibacterium smegmatis MC2 155,Duplodnaviria,Heunggongvirae,Uroviricota,Caudoviricetes,Caudoviricetes incertae sedis,Pipefishvirus,Pipefishvirus bernardo,dsDNA
2902891,1763.0,Mycobacterium,Duplodnaviria,Heunggongvirae,Uroviricota,Caudoviricetes,Caudoviricetes incertae sedis,Fromanvirus,Fromanvirus bethlehem,dsDNA
2749414,246196.0,Mycolicibacterium smegmatis MC2 155,Duplodnaviria,Heunggongvirae,Uroviricota,Caudoviricetes,Caudoviricetes incertae sedis,Charlievirus,unclassified Charlievirus,dsDNA
1074309,246196.0,Mycolicibacterium smegmatis MC2 155,Duplodnaviria,Heunggongvirae,Uroviricota,Caudoviricetes,Caudoviricetes incertae sedis,Bignuzvirus,Bignuzvirus bignuz,dsDNA
2041521,246196.0,Mycolicibacterium smegmatis MC2 155,Duplodnaviria,Heunggongvirae,Uroviricota,Caudoviricetes,Caudoviricetes incertae sedis,Bixzunavirus,Bixzunavirus bigswole,dsDNA
2902892,246196.0,Mycolicibacterium smegmatis MC2 155,Duplodnaviria,Heunggongvirae,Uroviricota,Caudoviricetes,Caudoviricetes incertae sedis,Fromanvirus,Fromanvirus billknuckles,dsDNA
1805457,246196.0,Mycolicibacterium smegmatis MC2 155,Duplodnaviria,Heunggongvirae,Uroviricota,Caudoviricetes,Caudoviricetes incertae sedis,Bippervirus,Bippervirus bipper,dsDNA
2686231,246196.0,Mycolicibacterium smegmatis MC2 155,Duplodnaviria,Heunggongvirae,Uroviricota,Caudoviricetes,Caudoviricetes incertae sedis,Birdsnestvirus,Birdsnestvirus birdsnest,dsDNA
2517939,1763.0,Mycobacterium,Duplodnaviria,Heunggongvirae,Uroviricota,Caudoviricetes,Caudoviricetes incertae sedis,Marvinvirus,Marvinvirus mosmoris,dsDNA
2656560,1763.0,Mycobacterium,Duplodnaviria,Heunggongvirae,Uroviricota,Caudoviricetes,Caudoviricetes incertae sedis,Corndogvirus,unclassified Corndogvirus,dsDNA
2656561,1763.0,Mycobacterium,Duplodnaviria,Heunggongvirae,Uroviricota,Caudoviricetes,Caudoviricetes incertae sedis,Cheoctovirus,Cheoctovirus blexus,dsDNA
2656562,246196.0,Mycolicibacterium smegmatis MC2 155,Duplodnaviria,Heunggongvirae,Uroviricota,Caudoviricetes,Caudoviricetes incertae sedis,Gladiatorvirus,Gladiatorvirus blinn1,dsDNA
2965207,246196.0,Mycolicibacterium smegmatis MC2 155,Duplodnaviria,Heunggongvirae,Uroviricota,Caudoviricetes,Caudoviricetes incertae sedis,Rosebushvirus,unclassified Rosebushvirus,dsDNA
1089117,246196.0,Mycolicibacterium smegmatis MC2 155,Duplodnaviria,Heunggongvirae,Uroviricota,Caudoviricetes,Caudoviricetes incertae sedis,Gladiatorvirus,Gladiatorvirus hammer,dsDNA
2664224,1763.0,Mycobacterium,Duplodnaviria,Heunggongvirae,Uroviricota,Caudoviricetes,Caudoviricetes incertae sedis,Benedictvirus,Benedictvirus bluefalcon,dsDNA
2182393,246196.0,Mycolicibacterium smegmatis MC2 155,Duplodnaviria,Heunggongvirae,Uroviricota,Caudoviricetes,Caudoviricetes incertae sedis,Cheoctovirus,Cheoctovirus bobaphett,dsDNA
2708630,246196.0,Mycolicibacterium smegmatis MC2 155,Duplodnaviria,Heunggongvirae,Uroviricota,Caudoviricetes,Caudoviricetes incertae sedis,Cheoctovirus,Cheoctovirus bodeinwohner17,dsDNA
2014350,246196.0,Mycolicibacterium smegmatis MC2 155,Duplodnaviria,Heunggongvirae,Uroviricota,Caudoviricetes,Caudoviricetes incertae sedis,Fishburnevirus,unclassified Fishburnevirus,dsDNA
2859636,246196.0,Mycolicibacterium smegmatis MC2 155,Duplodnaviria,Heunggongvirae,Uroviricota,Caudoviricetes,Weiservirinae,unclassified Weiservirinae,,dsDNA
2902893,1763.0,Mycobacterium,Duplodnaviria,Heunggongvirae,Uroviricota,Caudoviricetes,Caudoviricetes incertae sedis,Cheoctovirus,Cheoctovirus boomer,dsDNA
2902900,246196.0,Mycolicibacterium smegmatis MC2 155,Duplodnaviria,Heunggongvirae,Uroviricota,Caudoviricetes,Caudoviricetes incertae sedis,Fromanvirus,Fromanvirus bpbiebs31,dsDNA
1698252,246196.0,Mycolicibacterium smegmatis MC2 155,Duplodnaviria,Heunggongvirae,Uroviricota,Caudoviricetes,Caudoviricetes incertae sedis,Coopervirus,Coopervirus brownCNA,dsDNA
2902904,246196.0,Mycolicibacterium smegmatis MC2 155,Duplodnaviria,Heunggongvirae,Uroviricota,Caudoviricetes,Caudoviricetes incertae sedis,Brujitavirus,Brujitavirus brujita,dsDNA
2902905,246196.0,Mycolicibacterium smegmatis MC2 155,Duplodnaviria,Heunggongvirae,Uroviricota,Caudoviricetes,Caudoviricetes incertae sedis,Fromanvirus,Fromanvirus bruns,dsDNA
1698358,246196.0,Mycolicibacterium smegmatis MC2 155,Duplodnaviria,Heunggongvirae,Uroviricota,Caudoviricetes,Caudoviricetes incertae sedis,Fishburnevirus,Fishburnevirus brusacoram,dsDNA
2653755,246196.0,Mycolicibacterium smegmatis MC2 155,Duplodnaviria,Heunggongvirae,Uroviricota,Caudoviricetes,Caudoviricetes incertae sedis,Unicornvirus,Unicornvirus bryler,dsDNA
1262532,1763.0,Mycobacterium,Duplodnaviria,Heunggongvirae,Uroviricota,Caudoviricetes,Caudoviricetes incertae sedis,Veracruzvirus,Veracruzvirus BTCU1,dsDNA
1932895,246196.0,Mycolicibacterium smegmatis MC2 155,Duplodnaviria,Heunggongvirae,Uroviricota,Caudoviricetes,Caudoviricetes incertae sedis,Cheoctovirus,Cheoctovirus bubbles123,dsDNA
2656567,246196.0,Mycolicibacterium smegmatis MC2 155,Duplodnaviria,Heunggongvirae,Uroviricota,Caudoviricetes,Caudoviricetes incertae sedis,Turbidovirus,Turbidovirus bugsy,dsDNA
2836019,1763.0,Mycobacterium,Duplodnaviria,Heunggongvirae,Uroviricota,Caudoviricetes,Caudoviricetes incertae sedis,Fromanvirus,Fromanvirus museum,dsDNA
2301702,246196.0,Mycolicibacterium smegmatis MC2 155,Duplodnaviria,Heunggongvirae,Uroviricota,Caudoviricetes,Caudoviricetes incertae sedis,Cheoctovirus,Cheoctovirus burwell21,dsDNA
1296646,246196.0,Mycolicibacterium smegmatis MC2 155,Duplodnaviria,Heunggongvirae,Uroviricota,Caudoviricetes,Caudoviricetes incertae sedis,Charlievirus,Charlievirus butters,dsDNA
1536598,246196.0,Mycolicibacterium smegmatis MC2 155,Duplodnaviria,Heunggongvirae,Uroviricota,Caudoviricetes,Caudoviricetes incertae sedis,Cheoctovirus,Cheoctovirus buzzlyseyear,dsDNA
2902907,1763.0,Mycobacterium,Duplodnaviria,Heunggongvirae,Uroviricota,Caudoviricetes,Caudoviricetes incertae sedis,Fromanvirus,Fromanvirus Bxb1,dsDNA
2182394,246196.0,Mycolicibacterium smegmatis MC2 155,Duplodnaviria,Heunggongvirae,Uroviricota,Caudoviricetes,Caudoviricetes incertae sedis,Cheoctovirus,Cheoctovirus byougenkin,dsDNA
2015818,246196.0,Mycolicibacterium smegmatis MC2 155,Duplodnaviria,Heunggongvirae,Uroviricota,Caudoviricetes,Caudoviricetes incertae sedis,Unicornvirus,unclassified Unicornvirus,dsDNA
1647305,246196.0,Mycolicibacterium smegmatis MC2 155,Duplodnaviria,Heunggongvirae,Uroviricota,Caudoviricetes,Caudoviricetes incertae sedis,Avocadovirus,Avocadovirus cambiare,dsDNA
1927024,246196.0,Mycolicibacterium smegmatis MC2 155,Duplodnaviria,Heunggongvirae,Uroviricota,Caudoviricetes,Caudoviricetes incertae sedis,Backyardiganvirus,Backyardiganvirus camperdownii,dsDNA
2790991,246196.0,Mycolicibacterium smegmatis MC2 155,Duplodnaviria,Heunggongvirae,Uroviricota,Caudoviricetes,Caudoviricetes incertae sedis,Fishburnevirus,Fishburnevirus malithi,dsDNA
2565513,1763.0,Mycobacterium,Duplodnaviria,Heunggongvirae,Uroviricota,Caudoviricetes,Caudoviricetes incertae sedis,Papyrusvirus,Papyrusvirus send513,dsDNA
2301548,246196.0,Mycolicibacterium smegmatis MC2 155,Duplodnaviria,Heunggongvirae,Uroviricota,Caudoviricetes,Caudoviricetes incertae sedis,Bixzunavirus,Bixzunavirus cane17,dsDNA
1556289,246196.0,Mycolicibacterium smegmatis MC2 155,Duplodnaviria,Heunggongvirae,Uroviricota,Caudoviricetes,Caudoviricetes incertae sedis,Cheoctovirus,Cheoctovirus captaintrips,dsDNA
1555233,246196.0,Mycolicibacterium smegmatis MC2 155,Duplodnaviria,Heunggongvirae,Uroviricota,Caudoviricetes,Caudoviricetes incertae sedis,Charlievirus,Charlievirus Pipsqueaks,dsDNA
1792253,246196.0,Mycolicibacterium smegmatis MC2 155,Duplodnaviria,Heunggongvirae,Uroviricota,Caudoviricetes,Caudoviricetes incertae sedis,Fromanvirus,Fromanvirus packman,dsDNA
1340819,246196.0,Mycolicibacterium smegmatis MC2 155,Duplodnaviria,Heunggongvirae,Uroviricota,Caudoviricetes,Caudoviricetes incertae sedis,Corndogvirus,Corndogvirus catdawg,dsDNA
2488784,246196.0,Mycolicibacterium smegmatis MC2 155,Duplodnaviria,Heunggongvirae,Uroviricota,Caudoviricetes,Caudoviricetes incertae sedis,Turbidovirus,Turbidovirus centaur,dsDNA
2041522,246196.0,Mycolicibacterium smegmatis MC2 155,Duplodnaviria,Heunggongvirae,Uroviricota,Caudoviricetes,Caudoviricetes incertae sedis,Backyardiganvirus,Backyardiganvirus cerulean,dsDNA
1698366,246196.0,Mycolicibacterium smegmatis MC2 155,Duplodnaviria,Heunggongvirae,Uroviricota,Caudoviricetes,Caudoviricetes incertae sedis,Benedictvirus,Benedictvirus chadwick,dsDNA
2301703,246196.0,Mycolicibacterium smegmatis MC2 155,Duplodnaviria,Heunggongvirae,Uroviricota,Caudoviricetes,Caudoviricetes incertae sedis,Backyardiganvirus,Backyardiganvirus LHTSCC,dsDNA
2015876,246196.0,Mycolicibacterium smegmatis MC2 155,Duplodnaviria,Heunggongvirae,Uroviricota,Caudoviricetes,Caudoviricetes incertae sedis,Fionnbharthvirus,unclassified Fionnbharthvirus,dsDNA
3062841,246196.0,Mycolicibacterium smegmatis MC2 155,Duplodnaviria,Heunggongvirae,Uroviricota,Caudoviricetes,Caudoviricetes incertae sedis,Anthonyvirus,unclassified Anthonyvirus,dsDNA
1056830,246196.0,Mycolicibacterium smegmatis MC2 155,Duplodnaviria,Heunggongvirae,Uroviricota,Caudoviricetes,Caudoviricetes incertae sedis,Charlievirus,Charlievirus Charlie,dsDNA
2301609,246196.0,Mycolicibacterium smegmatis MC2 155,Duplodnaviria,Heunggongvirae,Uroviricota,Caudoviricetes,Caudoviricetes incertae sedis,Bixzunavirus,Bixzunavirus charlieB,dsDNA
2517942,246196.0,Mycolicibacterium smegmatis MC2 155,Duplodnaviria,Heunggongvirae,Uroviricota,Caudoviricetes,Caudoviricetes incertae sedis,Yeceytrevirus,unclassified Yeceytrevirus,dsDNA
2911435,1763.0,Mycobacterium,Duplodnaviria,Heunggongvirae,Uroviricota,Caudoviricetes,Caudoviricetes incertae sedis,Fromanvirus,Fromanvirus Che12,dsDNA
2907829,1763.0,Mycobacterium,Duplodnaviria,Heunggongvirae,Uroviricota,Caudoviricetes,Caudoviricetes incertae sedis,Cheoctovirus,Cheoctovirus che8,dsDNA
2907832,1763.0,Mycobacterium,Duplodnaviria,Heunggongvirae,Uroviricota,Caudoviricetes,Caudoviricetes incertae sedis,Chenonavirus,Chenonavirus Che9c,dsDNA
2907834,1763.0,Mycobacterium,Duplodnaviria,Heunggongvirae,Uroviricota,Caudoviricetes,Caudoviricetes incertae sedis,Avanivirus,Avanivirus Che9d,dsDNA
1965451,1763.0,Mycobacterium,Duplodnaviria,Heunggongvirae,Uroviricota,Caudoviricetes,Caudoviricetes incertae sedis,Pegunavirus,Pegunavirus soto,dsDNA
2725626,246196.0,Mycolicibacterium smegmatis MC2 155,Duplodnaviria,Heunggongvirae,Uroviricota,Caudoviricetes,Caudoviricetes incertae sedis,Anayavirus,Anayavirus chris,dsDNA
1034130,246196.0,Mycolicibacterium smegmatis MC2 155,Duplodnaviria,Heunggongvirae,Uroviricota,Caudoviricetes,Caudoviricetes incertae sedis,Coopervirus,Coopervirus chrisnmich,dsDNA
2656569,246196.0,Mycolicibacterium smegmatis MC2 155,Duplodnaviria,Heunggongvirae,Uroviricota,Caudoviricetes,Caudoviricetes incertae sedis,Cheoctovirus,Cheoctovirus chuckly,dsDNA
2686096,1763.0,Mycobacterium,Duplodnaviria,Heunggongvirae,Uroviricota,Caudoviricetes,Caudoviricetes incertae sedis,Fromanvirus,Fromanvirus goose,dsDNA
1219531,1763.0,Mycobacterium,Duplodnaviria,Heunggongvirae,Uroviricota,Caudoviricetes,Caudoviricetes incertae sedis,Fromanvirus,Fromanvirus D29,dsDNA
2041524,246196.0,Mycolicibacterium smegmatis MC2 155,Duplodnaviria,Heunggongvirae,Uroviricota,Caudoviricetes,Caudoviricetes incertae sedis,Backyardiganvirus,Backyardiganvirus cindaradix,dsDNA
2686232,246196.0,Mycolicibacterium smegmatis MC2 155,Duplodnaviria,Heunggongvirae,Uroviricota,Caudoviricetes,Caudoviricetes incertae sedis,Backyardiganvirus,Backyardiganvirus cintron,dsDNA
2907830,1763.0,Mycobacterium,Duplodnaviria,Heunggongvirae,Uroviricota,Caudoviricetes,Caudoviricetes incertae sedis,Kostyavirus,Kostyavirus CJW1,dsDNA
2998891,1763.0,Mycobacterium,Duplodnaviria,Heunggongvirae,Uroviricota,Caudoviricetes,Caudoviricetes incertae sedis,Marvinvirus,unclassified Marvinvirus,dsDNA
1391430,246196.0,Mycolicibacterium smegmatis MC2 155,Duplodnaviria,Heunggongvirae,Uroviricota,Caudoviricetes,Caudoviricetes incertae sedis,Gladiatorvirus,Gladiatorvirus CloudWang3,dsDNA
2301704,1763.0,Mycobacterium,Duplodnaviria,Heunggongvirae,Uroviricota,Caudoviricetes,Caudoviricetes incertae sedis,Kratiovirus,Kratiovirus collard,dsDNA
2851109,246196.0,Mycolicibacterium smegmatis MC2 155,Duplodnaviria,Heunggongvirae,Uroviricota,Caudoviricetes,Caudoviricetes incertae sedis,Gladiatorvirus,Gladiatorvirus ericB,dsDNA
373406,1763.0,Mycobacterium,Duplodnaviria,Heunggongvirae,Uroviricota,Caudoviricetes,Caudoviricetes incertae sedis,Coopervirus,Coopervirus cooper,dsDNA
2907833,1763.0,Mycobacterium,Duplodnaviria,Heunggongvirae,Uroviricota,Caudoviricetes,Caudoviricetes incertae sedis,Corndogvirus,Corndogvirus corndog,dsDNA
2704043,246196.0,Mycolicibacterium smegmatis MC2 155,Duplodnaviria,Heunggongvirae,Uroviricota,Caudoviricetes,Caudoviricetes incertae sedis,Cornievirus,Cornievirus cornie,dsDNA
2923000,246196.0,Mycolicibacterium smegmatis MC2 155,Duplodnaviria,Heunggongvirae,Uroviricota,Caudoviricetes,Caudoviricetes incertae sedis,Omegavirus,Omegavirus courthouse,dsDNA
2588510,1763.0,Mycobacterium,Duplodnaviria,Heunggongvirae,Uroviricota,Caudoviricetes,Caudoviricetes incertae sedis,Bippervirus,unclassified Bippervirus,dsDNA
2483623,246196.0,Mycolicibacterium smegmatis MC2 155,Duplodnaviria,Heunggongvirae,Uroviricota,Caudoviricetes,Caudoviricetes incertae sedis,Quesadillavirus,Quesadillavirus CRB2,dsDNA
2919554,246196.0,Mycolicibacterium smegmatis MC2 155,Duplodnaviria,Heunggongvirae,Uroviricota,Caudoviricetes,Caudoviricetes incertae sedis,Anayavirus,Anayavirus crimD,dsDNA
1932894,246196.0,Mycolicibacterium smegmatis MC2 155,Duplodnaviria,Heunggongvirae,Uroviricota,Caudoviricetes,Caudoviricetes incertae sedis,Kostyavirus,Kostyavirus toto,dsDNA
2922992,246196.0,Mycolicibacterium smegmatis MC2 155,Duplodnaviria,Heunggongvirae,Uroviricota,Caudoviricetes,Caudoviricetes incertae sedis,Benedictvirus,Benedictvirus cuco,dsDNA
2079417,1763.0,Mycobacterium,Duplodnaviria,Heunggongvirae,Uroviricota,Caudoviricetes,Caudoviricetes incertae sedis,Cukevirus,Cukevirus cuke,dsDNA
2599859,246196.0,Mycolicibacterium smegmatis MC2 155,Duplodnaviria,Heunggongvirae,Uroviricota,Caudoviricetes,Caudoviricetes incertae sedis,Anayavirus,Anayavirus curiosium,dsDNA
2998997,246196.0,Mycolicibacterium smegmatis MC2 155,Duplodnaviria,Heunggongvirae,Uroviricota,Caudoviricetes,Caudoviricetes incertae sedis,Kratiovirus,unclassified Kratiovirus,dsDNA
1074305,246196.0,Mycolicibacterium smegmatis MC2 155,Duplodnaviria,Heunggongvirae,Uroviricota,Caudoviricetes,Caudoviricetes incertae sedis,Bixzunavirus,Bixzunavirus dandelion,dsDNA
1698357,246196.0,Mycolicibacterium smegmatis MC2 155,Duplodnaviria,Heunggongvirae,Uroviricota,Caudoviricetes,Caudoviricetes incertae sedis,Cheoctovirus,Cheoctovirus dante,dsDNA
2015879,246196.0,Mycolicibacterium smegmatis MC2 155,Duplodnaviria,Heunggongvirae,Uroviricota,Caudoviricetes,Caudoviricetes incertae sedis,Amginevirus,Amginevirus darthP,dsDNA
1912975,246196.0,Mycolicibacterium smegmatis MC2 155,Duplodnaviria,Heunggongvirae,Uroviricota,Caudoviricetes,Caudoviricetes incertae sedis,Refugevirus,Refugevirus darthphader,dsDNA
540064,1785.0,Mycobacterium sp.,Duplodnaviria,Heunggongvirae,Uroviricota,Caudoviricetes,Caudoviricetes incertae sedis,Fromanvirus,Fromanvirus lockley,dsDNA
2922999,246196.0,Mycolicibacterium smegmatis MC2 155,Duplodnaviria,Heunggongvirae,Uroviricota,Caudoviricetes,Caudoviricetes incertae sedis,Cheoctovirus,Cheoctovirus deadp,dsDNA
2041528,246196.0,Mycolicibacterium smegmatis MC2 155,Duplodnaviria,Heunggongvirae,Uroviricota,Caudoviricetes,Caudoviricetes incertae sedis,Avanivirus,Avanivirus demsculpinboyz,dsDNA
2163591,246196.0,Mycolicibacterium smegmatis MC2 155,Duplodnaviria,Heunggongvirae,Uroviricota,Caudoviricetes,Caudoviricetes incertae sedis,Cheoctovirus,Cheoctovirus dilltech15,dsDNA
2873529,1763.0,Mycobacterium,Duplodnaviria,Heunggongvirae,Uroviricota,Caudoviricetes,Caudoviricetes incertae sedis,Cheoctovirus,Cheoctovirus drago,dsDNA
2922203,246196.0,Mycolicibacterium smegmatis MC2 155,Duplodnaviria,Heunggongvirae,Uroviricota,Caudoviricetes,Caudoviricetes incertae sedis,Cheoctovirus,Cheoctovirus dlane,dsDNA
2656572,246196.0,Mycolicibacterium smegmatis MC2 155,Duplodnaviria,Heunggongvirae,Uroviricota,Caudoviricetes,Caudoviricetes incertae sedis,Cheoctovirus,Cheoctovirus donkeykong,dsDNA
1429793,246196.0,Mycolicibacterium smegmatis MC2 155,Duplodnaviria,Heunggongvirae,Uroviricota,Caudoviricetes,Caudoviricetes incertae sedis,Fishburnevirus,Fishburnevirus donovan,dsDNA
2922222,246196.0,Mycolicibacterium smegmatis MC2 155,Duplodnaviria,Heunggongvirae,Uroviricota,Caudoviricetes,Caudoviricetes incertae sedis,Fromanvirus,Fromanvirus doom,dsDNA
2927992,246196.0,Mycolicibacterium smegmatis MC2 155,Duplodnaviria,Heunggongvirae,Uroviricota,Caudoviricetes,Caudoviricetes incertae sedis,Cheoctovirus,Cheoctovirus dorothy,dsDNA
2923008,246196.0,Mycolicibacterium smegmatis MC2 155,Duplodnaviria,Heunggongvirae,Uroviricota,Caudoviricetes,Caudoviricetes incertae sedis,Cheoctovirus,Cheoctovirus dotproduct,dsDNA
2592659,1763.0,Mycobacterium,Duplodnaviria,Heunggongvirae,Uroviricota,Caudoviricetes,Caudoviricetes incertae sedis,Cheoctovirus,Cheoctovirus doug,dsDNA
2725612,1763.0,Mycobacterium,Duplodnaviria,Heunggongvirae,Uroviricota,Caudoviricetes,Caudoviricetes incertae sedis,Cheoctovirus,Cheoctovirus DRBy19,dsDNA
1086749,246196.0,Mycolicibacterium smegmatis MC2 155,Duplodnaviria,Heunggongvirae,Uroviricota,Caudoviricetes,Caudoviricetes incertae sedis,Fromanvirus,Fromanvirus jasper,dsDNA
2499037,246196.0,Mycolicibacterium smegmatis MC2 155,Duplodnaviria,Heunggongvirae,Uroviricota,Caudoviricetes,Caudoviricetes incertae sedis,Barnyardvirus,Barnyardvirus drlupo,dsDNA
2744011,1763.0,Mycobacterium,Duplodnaviria,Heunggongvirae,Uroviricota,Caudoviricetes,Caudoviricetes incertae sedis,Timshelvirus,Timshelvirus droogsarmy,dsDNA
45764,1773.0,Mycobacterium tuberculosis,Duplodnaviria,Heunggongvirae,Uroviricota,Caudoviricetes,Caudoviricetes incertae sedis,Hnatkovirus,Hnatkovirus DS6A,dsDNA
3079576,1772.0,Mycolicibacterium smegmatis,Duplodnaviria,Heunggongvirae,Uroviricota,Caudoviricetes,Caudoviricetes incertae sedis,Chenonavirus,unclassified Chenonavirus,dsDNA
1340831,246196.0,Mycolicibacterium smegmatis MC2 155,Duplodnaviria,Heunggongvirae,Uroviricota,Caudoviricetes,Caudoviricetes incertae sedis,Corndogvirus,Corndogvirus firecracker,dsDNA
1429759,246196.0,Mycolicibacterium smegmatis MC2 155,Duplodnaviria,Heunggongvirae,Uroviricota,Caudoviricetes,Caudoviricetes incertae sedis,Eagleeyevirus,Eagleeyevirus eagleeye,dsDNA
2656575,246196.0,Mycolicibacterium smegmatis MC2 155,Duplodnaviria,Heunggongvirae,Uroviricota,Caudoviricetes,Caudoviricetes incertae sedis,Cheoctovirus,Cheoctovirus eish,dsDNA
2599862,246196.0,Mycolicibacterium smegmatis MC2 155,Duplodnaviria,Heunggongvirae,Uroviricota,Caudoviricetes,Caudoviricetes incertae sedis,Amginevirus,Amginevirus ekdilam,dsDNA
2301563,1763.0,Mycobacterium,Duplodnaviria,Heunggongvirae,Uroviricota,Caudoviricetes,Caudoviricetes incertae sedis,Cheoctovirus,Cheoctovirus eleanorgeorge,dsDNA
2762405,1763.0,Mycobacterium,Duplodnaviria,Heunggongvirae,Uroviricota,Caudoviricetes,Caudoviricetes incertae sedis,Amginevirus,Amginevirus ellie,dsDNA
2027893,246196.0,Mycolicibacterium smegmatis MC2 155,Duplodnaviria,Heunggongvirae,Uroviricota,Caudoviricetes,Caudoviricetes incertae sedis,Cheoctovirus,Cheoctovirus emma,dsDNA
2301564,1763.0,Mycobacterium,Duplodnaviria,Heunggongvirae,Uroviricota,Caudoviricetes,Caudoviricetes incertae sedis,Kostyavirus,Kostyavirus porky,dsDNA
1913118,246196.0,Mycolicibacterium smegmatis MC2 155,Duplodnaviria,Heunggongvirae,Uroviricota,Caudoviricetes,Caudoviricetes incertae sedis,Cheoctovirus,Cheoctovirus empress,dsDNA
2708631,246196.0,Mycolicibacterium smegmatis MC2 155,Duplodnaviria,Heunggongvirae,Uroviricota,Caudoviricetes,Caudoviricetes incertae sedis,Fionnbharthvirus,Fionnbharthvirus eponine,dsDNA
1536603,246196.0,Mycolicibacterium smegmatis MC2 155,Duplodnaviria,Heunggongvirae,Uroviricota,Caudoviricetes,Caudoviricetes incertae sedis,Cheoctovirus,Cheoctovirus estave1,dsDNA
2922223,246196.0,Mycolicibacterium smegmatis MC2 155,Duplodnaviria,Heunggongvirae,Uroviricota,Caudoviricetes,Caudoviricetes incertae sedis,Fromanvirus,Fromanvirus euphoria,dsDNA
2922993,246196.0,Mycolicibacterium smegmatis MC2 155,Duplodnaviria,Heunggongvirae,Uroviricota,Caudoviricetes,Caudoviricetes incertae sedis,Kostyavirus,Kostyavirus eureka,dsDNA
1821723,246196.0,Mycolicibacterium smegmatis MC2 155,Duplodnaviria,Heunggongvirae,Uroviricota,Caudoviricetes,Caudoviricetes incertae sedis,Turbidovirus,Turbidovirus evilgenius,dsDNA
2126943,246196.0,Mycolicibacterium smegmatis MC2 155,Duplodnaviria,Heunggongvirae,Uroviricota,Caudoviricetes,Caudoviricetes incertae sedis,Turbidovirus,Turbidovirus fameo,dsDNA
2530128,246196.0,Mycolicibacterium smegmatis MC2 155,Duplodnaviria,Heunggongvirae,Uroviricota,Caudoviricetes,Caudoviricetes incertae sedis,Cheoctovirus,Cheoctovirus fancypants,dsDNA
2816470,1763.0,Mycobacterium,Duplodnaviria,Heunggongvirae,Uroviricota,Caudoviricetes,Caudoviricetes incertae sedis,Amginevirus,unclassified Amginevirus,dsDNA
1305710,1770.0,Mycobacterium avium subsp. paratuberculosis,Duplodnaviria,Heunggongvirae,Uroviricota,Caudoviricetes,Caudoviricetes incertae sedis,Mapvirus,Mapvirus Ff47,dsDNA
2484209,246196.0,Mycolicibacterium smegmatis MC2 155,Duplodnaviria,Heunggongvirae,Uroviricota,Caudoviricetes,Caudoviricetes incertae sedis,Cheoctovirus,Cheoctovirus filuzino,dsDNA
2015882,246196.0,Mycolicibacterium smegmatis MC2 155,Duplodnaviria,Heunggongvirae,Uroviricota,Caudoviricetes,Caudoviricetes incertae sedis,Timquatrovirus,Timquatrovirus findley,dsDNA
2923006,246196.0,Mycolicibacterium smegmatis MC2 155,Duplodnaviria,Heunggongvirae,Uroviricota,Caudoviricetes,Caudoviricetes incertae sedis,Fionnbharthvirus,Fionnbharthvirus fionnbharth,dsDNA
2776877,1763.0,Mycobacterium,Duplodnaviria,Heunggongvirae,Uroviricota,Caudoviricetes,Caudoviricetes incertae sedis,Cheoctovirus,Cheoctovirus firehouse51,dsDNA
2572533,1763.0,Mycobacterium,Duplodnaviria,Heunggongvirae,Uroviricota,Caudoviricetes,Caudoviricetes incertae sedis,Fishburnevirus,Fishburnevirus firstplacepfu,dsDNA
1327765,246196.0,Mycolicibacterium smegmatis MC2 155,Duplodnaviria,Heunggongvirae,Uroviricota,Caudoviricetes,Caudoviricetes incertae sedis,Fishburnevirus,Fishburnevirus fishburne,dsDNA
1647304,246196.0,Mycolicibacterium smegmatis MC2 155,Duplodnaviria,Heunggongvirae,Uroviricota,Caudoviricetes,Caudoviricetes incertae sedis,Avocadovirus,Avocadovirus flagstaff,dsDNA
1675549,1763.0,Mycobacterium,Duplodnaviria,Heunggongvirae,Uroviricota,Caudoviricetes,Caudoviricetes incertae sedis,Cheoctovirus,Cheoctovirus florinda,dsDNA
1882439,246196.0,Mycolicibacterium smegmatis MC2 155,Duplodnaviria,Heunggongvirae,Uroviricota,Caudoviricetes,Caudoviricetes incertae sedis,Coopervirus,Coopervirus fortunato,dsDNA
2419978,246196.0,Mycolicibacterium smegmatis MC2 155,Duplodnaviria,Heunggongvirae,Uroviricota,Caudoviricetes,Caudoviricetes incertae sedis,Fowlmouthvirus,Fowlmouthvirus fowlmouth,dsDNA
2015809,1763.0,Mycobacterium,Duplodnaviria,Heunggongvirae,Uroviricota,Caudoviricetes,Caudoviricetes incertae sedis,Veracruzvirus,Veracruzvirus heldan,dsDNA
2914018,246196.0,Mycolicibacterium smegmatis MC2 155,Duplodnaviria,Heunggongvirae,Uroviricota,Caudoviricetes,Caudoviricetes incertae sedis,Cheoctovirus,Cheoctovirus fruitloop,dsDNA
2588511,246196.0,Mycolicibacterium smegmatis MC2 155,Duplodnaviria,Heunggongvirae,Uroviricota,Caudoviricetes,Caudoviricetes incertae sedis,Charlievirus,Charlievirus Fulbright,dsDNA
2978493,1763.0,Mycobacterium,Duplodnaviria,Heunggongvirae,Uroviricota,Caudoviricetes,Bclasvirinae,unclassified Bclasvirinae,,dsDNA
1089122,246196.0,Mycolicibacterium smegmatis MC2 155,Duplodnaviria,Heunggongvirae,Uroviricota,Caudoviricetes,Caudoviricetes incertae sedis,Pipefishvirus,Pipefishvirus gadjet,dsDNA
1486472,246196.0,Mycolicibacterium smegmatis MC2 155,Duplodnaviria,Heunggongvirae,Uroviricota,Caudoviricetes,Caudoviricetes incertae sedis,Gaiavirus,Gaiavirus gaia,dsDNA
2743994,246196.0,Mycolicibacterium smegmatis MC2 155,Duplodnaviria,Heunggongvirae,Uroviricota,Caudoviricetes,Caudoviricetes incertae sedis,Luchadorvirus,Luchadorvirus gail,dsDNA
2301612,246196.0,Mycolicibacterium smegmatis MC2 155,Duplodnaviria,Heunggongvirae,Uroviricota,Caudoviricetes,Caudoviricetes incertae sedis,Cheoctovirus,Cheoctovirus galactic,dsDNA
2767557,246196.0,Mycolicibacterium smegmatis MC2 155,Duplodnaviria,Heunggongvirae,Uroviricota,Caudoviricetes,Caudoviricetes incertae sedis,Cheoctovirus,Cheoctovirus gandalph,dsDNA
1891963,246196.0,Mycolicibacterium smegmatis MC2 155,Duplodnaviria,Heunggongvirae,Uroviricota,Caudoviricetes,Caudoviricetes incertae sedis,Kratiovirus,Kratiovirus gengar,dsDNA
2920883,246196.0,Mycolicibacterium smegmatis MC2 155,Duplodnaviria,Heunggongvirae,Uroviricota,Caudoviricetes,Caudoviricetes incertae sedis,Fromanvirus,Fromanvirus george,dsDNA
2743928,246196.0,Mycolicibacterium smegmatis MC2 155,Duplodnaviria,Heunggongvirae,Uroviricota,Caudoviricetes,Caudoviricetes incertae sedis,Turbidovirus,Turbidovirus georgie2,dsDNA
2027894,246196.0,Mycolicibacterium smegmatis MC2 155,Duplodnaviria,Heunggongvirae,Uroviricota,Caudoviricetes,Caudoviricetes incertae sedis,Cheoctovirus,Cheoctovirus geralt,dsDNA
2301565,246196.0,Mycolicibacterium smegmatis MC2 155,Duplodnaviria,Heunggongvirae,Uroviricota,Caudoviricetes,Caudoviricetes incertae sedis,Cheoctovirus,Cheoctovirus girr,dsDNA
2920886,246196.0,Mycolicibacterium smegmatis MC2 155,Duplodnaviria,Heunggongvirae,Uroviricota,Caudoviricetes,Caudoviricetes incertae sedis,Gladiatorvirus,Gladiatorvirus gladiator,dsDNA
2283295,1763.0,Mycobacterium,Duplodnaviria,Heunggongvirae,Uroviricota,Caudoviricetes,Caudoviricetes incertae sedis,Cheoctovirus,Cheoctovirus gorge,dsDNA
2517951,246196.0,Mycolicibacterium smegmatis MC2 155,Duplodnaviria,Heunggongvirae,Uroviricota,Caudoviricetes,Caudoviricetes incertae sedis,Fishburnevirus,Fishburnevirus greaselightnin,dsDNA
2315539,1763.0,Mycobacterium,Duplodnaviria,Heunggongvirae,Uroviricota,Caudoviricetes,Caudoviricetes incertae sedis,Liefievirus,Liefievirus grizzly,dsDNA
2922991,246196.0,Mycolicibacterium smegmatis MC2 155,Duplodnaviria,Heunggongvirae,Uroviricota,Caudoviricetes,Caudoviricetes incertae sedis,Cheoctovirus,Cheoctovirus gumbie,dsDNA
1527511,246196.0,Mycolicibacterium smegmatis MC2 155,Duplodnaviria,Heunggongvirae,Uroviricota,Caudoviricetes,Caudoviricetes incertae sedis,Cheoctovirus,Cheoctovirus hades,dsDNA
1340824,1763.0,Mycobacterium,Duplodnaviria,Heunggongvirae,Uroviricota,Caudoviricetes,Caudoviricetes incertae sedis,Cheoctovirus,Cheoctovirus hamulus,dsDNA
2282909,246196.0,Mycolicibacterium smegmatis MC2 155,Duplodnaviria,Heunggongvirae,Uroviricota,Caudoviricetes,Caudoviricetes incertae sedis,Cheoctovirus,Cheoctovirus harley,dsDNA
1458711,246196.0,Mycolicibacterium smegmatis MC2 155,Duplodnaviria,Heunggongvirae,Uroviricota,Caudoviricetes,Caudoviricetes incertae sedis,Hawkeyevirus,Hawkeyevirus hawkeye,dsDNA
2077135,1763.0,Mycobacterium,Duplodnaviria,Heunggongvirae,Uroviricota,Caudoviricetes,Caudoviricetes incertae sedis,Brujitavirus,Brujitavirus HC,dsDNA
2762421,246196.0,Mycolicibacterium smegmatis MC2 155,Duplodnaviria,Heunggongvirae,Uroviricota,Caudoviricetes,Caudoviricetes incertae sedis,Coopervirus,Coopervirus heath,dsDNA
1983575,246196.0,Mycolicibacterium smegmatis MC2 155,Duplodnaviria,Heunggongvirae,Uroviricota,Caudoviricetes,Caudoviricetes incertae sedis,Turbidovirus,Turbidovirus heffalump,dsDNA
2492961,246196.0,Mycolicibacterium smegmatis MC2 155,Duplodnaviria,Heunggongvirae,Uroviricota,Caudoviricetes,Caudoviricetes incertae sedis,Fionnbharthvirus,Fionnbharthvirus henu3,dsDNA
2945976,1763.0,Mycobacterium,Duplodnaviria,Heunggongvirae,Uroviricota,Caudoviricetes,Caudoviricetes incertae sedis,Typhavirus,unclassified Typhavirus,dsDNA
1327770,246196.0,Mycolicibacterium smegmatis MC2 155,Duplodnaviria,Heunggongvirae,Uroviricota,Caudoviricetes,Caudoviricetes incertae sedis,Timshelvirus,Timshelvirus HINdeR,dsDNA
2767559,1763.0,Mycobacterium,Duplodnaviria,Heunggongvirae,Uroviricota,Caudoviricetes,Caudoviricetes incertae sedis,Cheoctovirus,Cheoctovirus hlubikazi,dsDNA
2015810,1763.0,Mycobacterium,Duplodnaviria,Heunggongvirae,Uroviricota,Caudoviricetes,Caudoviricetes incertae sedis,Keshuvirus,Keshuvirus hurricane,dsDNA
1698710,246196.0,Mycolicibacterium smegmatis MC2 155,Duplodnaviria,Heunggongvirae,Uroviricota,Caudoviricetes,Caudoviricetes incertae sedis,Bixzunavirus,Bixzunavirus hyro,dsDNA
2994057,1763.0,Mycobacterium,Duplodnaviria,Heunggongvirae,Uroviricota,Caudoviricetes,Caudoviricetes incertae sedis,Bixzunavirus,Bixzunavirus I3,dsDNA
2922205,246196.0,Mycolicibacterium smegmatis MC2 155,Duplodnaviria,Heunggongvirae,Uroviricota,Caudoviricetes,Caudoviricetes incertae sedis,Cheoctovirus,Cheoctovirus ibhubesi,dsDNA
1176425,246196.0,Mycolicibacterium smegmatis MC2 155,Duplodnaviria,Heunggongvirae,Uroviricota,Caudoviricetes,Caudoviricetes incertae sedis,Backyardiganvirus,Backyardiganvirus icleared,dsDNA
2599866,246196.0,Mycolicibacterium smegmatis MC2 155,Duplodnaviria,Heunggongvirae,Uroviricota,Caudoviricetes,Caudoviricetes incertae sedis,Identitycrisisvirus,Identitycrisisvirus identitycrisis,dsDNA
2686233,246196.0,Mycolicibacterium smegmatis MC2 155,Duplodnaviria,Heunggongvirae,Uroviricota,Caudoviricetes,Caudoviricetes incertae sedis,Imvubuvirus,Imvubuvirus imvubu,dsDNA
2790993,1763.0,Mycobacterium,Duplodnaviria,Heunggongvirae,Uroviricota,Caudoviricetes,Caudoviricetes incertae sedis,Thonkovirus,unclassified Thonkovirus,dsDNA
2656582,246196.0,Mycolicibacterium smegmatis MC2 155,Duplodnaviria,Heunggongvirae,Uroviricota,Caudoviricetes,Caudoviricetes incertae sedis,Indlulamithivirus,Indlulamithivirus indlulamithi,dsDNA
1527580,246196.0,Mycolicibacterium smegmatis MC2 155,Duplodnaviria,Heunggongvirae,Uroviricota,Caudoviricetes,Caudoviricetes incertae sedis,Cheoctovirus,Cheoctovirus inventum,dsDNA
2499042,246196.0,Mycolicibacterium smegmatis MC2 155,Duplodnaviria,Heunggongvirae,Uroviricota,Caudoviricetes,Caudoviricetes incertae sedis,Pukovnikvirus,Pukovnikvirus ironman,dsDNA
2656583,36809.0,Mycobacteroides abscessus,Duplodnaviria,Heunggongvirae,Uroviricota,Caudoviricetes,Caudoviricetes incertae sedis,Veracruzvirus,Veracruzvirus rockstar,dsDNA
1340820,246196.0,Mycolicibacterium smegmatis MC2 155,Duplodnaviria,Heunggongvirae,Uroviricota,Caudoviricetes,Caudoviricetes incertae sedis,Avanivirus,unclassified Avanivirus,dsDNA
2499043,246196.0,Mycolicibacterium smegmatis MC2 155,Duplodnaviria,Heunggongvirae,Uroviricota,Caudoviricetes,Caudoviricetes incertae sedis,Mapvirus,unclassified Mapvirus,dsDNA
1429905,246196.0,Mycolicibacterium smegmatis MC2 155,Duplodnaviria,Heunggongvirae,Uroviricota,Caudoviricetes,Caudoviricetes incertae sedis,Coopervirus,Coopervirus JAMaL,dsDNA
2743929,246196.0,Mycolicibacterium smegmatis MC2 155,Duplodnaviria,Heunggongvirae,Uroviricota,Caudoviricetes,Caudoviricetes incertae sedis,Charlievirus,Charlievirus Jamie19,dsDNA
2922210,246196.0,Mycolicibacterium smegmatis MC2 155,Duplodnaviria,Heunggongvirae,Uroviricota,Caudoviricetes,Caudoviricetes incertae sedis,Fromanvirus,Fromanvirus JC27,dsDNA
1076631,246196.0,Mycolicibacterium smegmatis MC2 155,Duplodnaviria,Heunggongvirae,Uroviricota,Caudoviricetes,Caudoviricetes incertae sedis,Fishburnevirus,Fishburnevirus jebeks,dsDNA
2652402,246196.0,Mycolicibacterium smegmatis MC2 155,Duplodnaviria,Heunggongvirae,Uroviricota,Caudoviricetes,Caudoviricetes incertae sedis,Luchadorvirus,Luchadorvirus jeeves,dsDNA
2923004,246196.0,Mycolicibacterium smegmatis MC2 155,Duplodnaviria,Heunggongvirae,Uroviricota,Caudoviricetes,Caudoviricetes incertae sedis,Gladiatorvirus,Gladiatorvirus jeffabunny,dsDNA
2108123,246196.0,Mycolicibacterium smegmatis MC2 155,Duplodnaviria,Heunggongvirae,Uroviricota,Caudoviricetes,Caudoviricetes incertae sedis,Northamptonvirus,Northamptonvirus jeon,dsDNA
2502450,1763.0,Mycobacterium,Duplodnaviria,Heunggongvirae,Uroviricota,Caudoviricetes,Caudoviricetes incertae sedis,Gladiatorvirus,Gladiatorvirus jewelbug,dsDNA
3079578,1772.0,Mycolicibacterium smegmatis,Duplodnaviria,Heunggongvirae,Uroviricota,Caudoviricetes,Autographivirales,Autographivirales incertae sedis,Jiaweivirus,dsDNA
2301566,1763.0,Mycobacterium,Duplodnaviria,Heunggongvirae,Uroviricota,Caudoviricetes,Caudoviricetes incertae sedis,Cheoctovirus,Cheoctovirus joeyjr,dsDNA
1458831,1763.0,Mycobacterium,Duplodnaviria,Heunggongvirae,Uroviricota,Caudoviricetes,Caudoviricetes incertae sedis,Jolieduovirus,Jolieduovirus jolie2,dsDNA
2024294,246196.0,Mycolicibacterium smegmatis MC2 155,Duplodnaviria,Heunggongvirae,Uroviricota,Caudoviricetes,Caudoviricetes incertae sedis,Turbidovirus,Turbidovirus joshkayV,dsDNA
1429912,246196.0,Mycolicibacterium smegmatis MC2 155,Duplodnaviria,Heunggongvirae,Uroviricota,Caudoviricetes,Caudoviricetes incertae sedis,Benedictvirus,Benedictvirus jovo,dsDNA
1463812,246196.0,Mycolicibacterium smegmatis MC2 155,Duplodnaviria,Heunggongvirae,Uroviricota,Caudoviricetes,Caudoviricetes incertae sedis,Julieunavirus,Julieunavirus julie1,dsDNA
2742107,1763.0,Mycobacterium,Duplodnaviria,Heunggongvirae,Uroviricota,Caudoviricetes,Caudoviricetes incertae sedis,Fishburnevirus,Fishburnevirus jung,dsDNA
2914011,1785.0,Mycobacterium sp.,Duplodnaviria,Heunggongvirae,Uroviricota,Caudoviricetes,Caudoviricetes incertae sedis,Fromanvirus,Fromanvirus KBG,dsDNA
1897501,246196.0,Mycolicibacterium smegmatis MC2 155,Duplodnaviria,Heunggongvirae,Uroviricota,Caudoviricetes,Caudoviricetes incertae sedis,Cheoctovirus,Cheoctovirus kersh,dsDNA
1567471,246196.0,Mycolicibacterium smegmatis MC2 155,Duplodnaviria,Heunggongvirae,Uroviricota,Caudoviricetes,Caudoviricetes incertae sedis,Keshuvirus,Keshuvirus keshu,dsDNA
2530132,246196.0,Mycolicibacterium smegmatis MC2 155,Duplodnaviria,Heunggongvirae,Uroviricota,Caudoviricetes,Caudoviricetes incertae sedis,Charlievirus,Charlievirus Kevin1,dsDNA
2696373,246196.0,Mycolicibacterium smegmatis MC2 155,Duplodnaviria,Heunggongvirae,Uroviricota,Caudoviricetes,Caudoviricetes incertae sedis,Fishburnevirus,Fishburnevirus kilkor,dsDNA
1662284,246196.0,Mycolicibacterium smegmatis MC2 155,Duplodnaviria,Heunggongvirae,Uroviricota,Caudoviricetes,Caudoviricetes incertae sedis,Cheoctovirus,Cheoctovirus kimberlium,dsDNA
2024295,246196.0,Mycolicibacterium smegmatis MC2 155,Duplodnaviria,Heunggongvirae,Uroviricota,Caudoviricetes,Caudoviricetes incertae sedis,Kimonavirus,Kimonavirus kimona,dsDNA
2250422,246196.0,Mycolicibacterium smegmatis MC2 155,Duplodnaviria,Heunggongvirae,Uroviricota,Caudoviricetes,Caudoviricetes incertae sedis,Pegunavirus,Pegunavirus kingtut,dsDNA
2507856,246196.0,Mycolicibacterium smegmatis MC2 155,Duplodnaviria,Heunggongvirae,Uroviricota,Caudoviricetes,Caudoviricetes incertae sedis,Anayavirus,Anayavirus kisi,dsDNA
2047840,246196.0,Mycolicibacterium smegmatis MC2 155,Duplodnaviria,Heunggongvirae,Uroviricota,Caudoviricetes,Caudoviricetes incertae sedis,Gladiatorvirus,Gladiatorvirus koko,dsDNA
563121,246196.0,Mycolicibacterium smegmatis MC2 155,Duplodnaviria,Heunggongvirae,Uroviricota,Caudoviricetes,Caudoviricetes incertae sedis,Konstantinevirus,Konstantinevirus konstantine,dsDNA
2914016,1785.0,Mycobacterium sp.,Duplodnaviria,Heunggongvirae,Uroviricota,Caudoviricetes,Caudoviricetes incertae sedis,Kostyavirus,Kostyavirus kostya,dsDNA
2283296,246196.0,Mycolicibacterium smegmatis MC2 155,Duplodnaviria,Heunggongvirae,Uroviricota,Caudoviricetes,Caudoviricetes incertae sedis,Cheoctovirus,Cheoctovirus krakatau,dsDNA
1606763,246196.0,Mycolicibacterium smegmatis MC2 155,Duplodnaviria,Heunggongvirae,Uroviricota,Caudoviricetes,Caudoviricetes incertae sedis,Kratiovirus,Kratiovirus kratio,dsDNA
2301700,246196.0,Mycolicibacterium smegmatis MC2 155,Duplodnaviria,Heunggongvirae,Uroviricota,Caudoviricetes,Caudoviricetes incertae sedis,Cheoctovirus,Cheoctovirus kristaram,dsDNA
2517956,246196.0,Mycolicibacterium smegmatis MC2 155,Duplodnaviria,Heunggongvirae,Uroviricota,Caudoviricetes,Caudoviricetes incertae sedis,Fromanvirus,Fromanvirus rebeuca,dsDNA
2015820,246196.0,Mycolicibacterium smegmatis MC2 155,Duplodnaviria,Heunggongvirae,Uroviricota,Caudoviricetes,Caudoviricetes incertae sedis,Unicornvirus,Unicornvirus krueger,dsDNA
2015833,246196.0,Mycolicibacterium smegmatis MC2 155,Duplodnaviria,Heunggongvirae,Uroviricota,Caudoviricetes,Caudoviricetes incertae sedis,Fishburnevirus,Fishburnevirus ksquared,dsDNA
2922216,246196.0,Mycolicibacterium smegmatis MC2 155,Duplodnaviria,Heunggongvirae,Uroviricota,Caudoviricetes,Caudoviricetes incertae sedis,Fromanvirus,Fromanvirus kssjeb,dsDNA
2923003,246196.0,Mycolicibacterium smegmatis MC2 155,Duplodnaviria,Heunggongvirae,Uroviricota,Caudoviricetes,Caudoviricetes incertae sedis,Fromanvirus,Fromanvirus kugel,dsDNA
2041344,246196.0,Mycolicibacterium smegmatis MC2 155,Duplodnaviria,Heunggongvirae,Uroviricota,Caudoviricetes,Caudoviricetes incertae sedis,Vilmaviridae,Kumaovirus,dsDNA
2927244,1763.0,Mycobacterium,Duplodnaviria,Heunggongvirae,Uroviricota,Caudoviricetes,Caudoviricetes incertae sedis,Patiencevirus,unclassified Patiencevirus,dsDNA
1560285,246196.0,Mycolicibacterium smegmatis MC2 155,Duplodnaviria,Heunggongvirae,Uroviricota,Caudoviricetes,Caudoviricetes incertae sedis,Turbidovirus,Turbidovirus larenn,dsDNA
2015886,246196.0,Mycolicibacterium smegmatis MC2 155,Duplodnaviria,Heunggongvirae,Uroviricota,Caudoviricetes,Caudoviricetes incertae sedis,Anayavirus,Anayavirus lasthope,dsDNA
2094136,246196.0,Mycolicibacterium smegmatis MC2 155,Duplodnaviria,Heunggongvirae,Uroviricota,Caudoviricetes,Caudoviricetes incertae sedis,Anayavirus,Anayavirus laterM,dsDNA
1874015,246196.0,Mycolicibacterium smegmatis MC2 155,Duplodnaviria,Heunggongvirae,Uroviricota,Caudoviricetes,Caudoviricetes incertae sedis,Rosebushvirus,Rosebushvirus laurie,dsDNA
2599868,246196.0,Mycolicibacterium smegmatis MC2 155,Duplodnaviria,Heunggongvirae,Uroviricota,Caudoviricetes,Caudoviricetes incertae sedis,Jolieduovirus,Jolieduovirus lemuria,dsDNA
1916120,1772.0,Mycolicibacterium smegmatis,Duplodnaviria,Heunggongvirae,Uroviricota,Caudoviricetes,Caudoviricetes incertae sedis,Backyardiganvirus,Backyardiganvirus leoavram,dsDNA
2922211,246196.0,Mycolicibacterium smegmatis MC2 155,Duplodnaviria,Heunggongvirae,Uroviricota,Caudoviricetes,Caudoviricetes incertae sedis,Fromanvirus,Fromanvirus lesedi,dsDNA
2126952,246196.0,Mycolicibacterium smegmatis MC2 155,Duplodnaviria,Heunggongvirae,Uroviricota,Caudoviricetes,Caudoviricetes incertae sedis,Kratiovirus,Kratiovirus leston,dsDNA
2922994,246196.0,Mycolicibacterium smegmatis MC2 155,Duplodnaviria,Heunggongvirae,Uroviricota,Caudoviricetes,Caudoviricetes incertae sedis,Liefievirus,Liefievirus liefie,dsDNA
2652422,246196.0,Mycolicibacterium smegmatis MC2 155,Duplodnaviria,Heunggongvirae,Uroviricota,Caudoviricetes,Caudoviricetes incertae sedis,Lilmcdreamyvirus,Lilmcdreamyvirus lilmcdreamy,dsDNA
2656590,1763.0,Mycobacterium,Duplodnaviria,Heunggongvirae,Uroviricota,Caudoviricetes,Caudoviricetes incertae sedis,Cheoctovirus,Cheoctovirus lilmoolah,dsDNA
2588512,246196.0,Mycolicibacterium smegmatis MC2 155,Duplodnaviria,Heunggongvirae,Uroviricota,Caudoviricetes,Caudoviricetes incertae sedis,Lilspottyvirus,Lilspottyvirus lilspotty,dsDNA
1340818,246196.0,Mycolicibacterium smegmatis MC2 155,Duplodnaviria,Heunggongvirae,Uroviricota,Caudoviricetes,Caudoviricetes incertae sedis,Benedictvirus,Benedictvirus littlecherry,dsDNA
2922212,246196.0,Mycolicibacterium smegmatis MC2 155,Duplodnaviria,Heunggongvirae,Uroviricota,Caudoviricetes,Caudoviricetes incertae sedis,Omegavirus,Omegavirus littlee,dsDNA
2419980,246196.0,Mycolicibacterium smegmatis MC2 155,Duplodnaviria,Heunggongvirae,Uroviricota,Caudoviricetes,Caudoviricetes incertae sedis,Cheoctovirus,Cheoctovirus lizziana,dsDNA
2681623,1763.0,Mycobacterium,Duplodnaviria,Heunggongvirae,Uroviricota,Caudoviricetes,Caudoviricetes incertae sedis,Cheoctovirus,Cheoctovirus llij,dsDNA
1647300,246196.0,Mycolicibacterium smegmatis MC2 155,Duplodnaviria,Heunggongvirae,Uroviricota,Caudoviricetes,Caudoviricetes incertae sedis,Luchadorvirus,Luchadorvirus luchador,dsDNA
2593349,246196.0,Mycolicibacterium smegmatis MC2 155,Duplodnaviria,Heunggongvirae,Uroviricota,Caudoviricetes,Caudoviricetes incertae sedis,Eagleeyevirus,unclassified Eagleeyevirus,dsDNA
1913044,246196.0,Mycolicibacterium smegmatis MC2 155,Duplodnaviria,Heunggongvirae,Uroviricota,Caudoviricetes,Caudoviricetes incertae sedis,Bixzunavirus,Bixzunavirus lukilu,dsDNA
2725640,1763.0,Mycobacterium,Duplodnaviria,Heunggongvirae,Uroviricota,Caudoviricetes,Caudoviricetes incertae sedis,Veracruzvirus,Veracruzvirus MA5,dsDNA
2927982,246196.0,Mycolicibacterium smegmatis MC2 155,Duplodnaviria,Heunggongvirae,Uroviricota,Caudoviricetes,Caudoviricetes incertae sedis,Keshuvirus,Keshuvirus macncheese,dsDNA
1675552,1763.0,Mycobacterium,Duplodnaviria,Heunggongvirae,Uroviricota,Caudoviricetes,Caudoviricetes incertae sedis,Patiencevirus,Patiencevirus patience,dsDNA
2591129,246196.0,Mycolicibacterium smegmatis MC2 155,Duplodnaviria,Heunggongvirae,Uroviricota,Caudoviricetes,Caudoviricetes incertae sedis,Cheoctovirus,Cheoctovirus mahavrat,dsDNA
2024296,246196.0,Mycolicibacterium smegmatis MC2 155,Duplodnaviria,Heunggongvirae,Uroviricota,Caudoviricetes,Caudoviricetes incertae sedis,Fishburnevirus,Fishburnevirus majeke,dsDNA
2599870,246196.0,Mycolicibacterium smegmatis MC2 155,Duplodnaviria,Heunggongvirae,Uroviricota,Caudoviricetes,Caudoviricetes incertae sedis,Malagasyrosevirus,Malagasyrosevirus malagasyrose,dsDNA
2500574,246196.0,Mycolicibacterium smegmatis MC2 155,Duplodnaviria,Heunggongvirae,Uroviricota,Caudoviricetes,Caudoviricetes incertae sedis,Turbidovirus,Turbidovirus malec,dsDNA
2686471,246196.0,Mycolicibacterium smegmatis MC2 155,Duplodnaviria,Heunggongvirae,Uroviricota,Caudoviricetes,Caudoviricetes incertae sedis,Bixzunavirus,Bixzunavirus mangeria,dsDNA
2283297,246196.0,Mycolicibacterium smegmatis MC2 155,Duplodnaviria,Heunggongvirae,Uroviricota,Caudoviricetes,Caudoviricetes incertae sedis,Cheoctovirus,Cheoctovirus mantra,dsDNA
2927990,246196.0,Mycolicibacterium smegmatis MC2 155,Duplodnaviria,Heunggongvirae,Uroviricota,Caudoviricetes,Caudoviricetes incertae sedis,Fromanvirus,Fromanvirus marcell,dsDNA
2725625,246196.0,Mycolicibacterium smegmatis MC2 155,Duplodnaviria,Heunggongvirae,Uroviricota,Caudoviricetes,Caudoviricetes incertae sedis,Anayavirus,Anayavirus markphew,dsDNA
2652423,246196.0,Mycolicibacterium smegmatis MC2 155,Duplodnaviria,Heunggongvirae,Uroviricota,Caudoviricetes,Caudoviricetes incertae sedis,Anayavirus,Anayavirus marshawn,dsDNA
2182398,246196.0,Mycolicibacterium smegmatis MC2 155,Duplodnaviria,Heunggongvirae,Uroviricota,Caudoviricetes,Caudoviricetes incertae sedis,Cheoctovirus,Cheoctovirus mattes,dsDNA
2163593,246196.0,Mycolicibacterium smegmatis MC2 155,Duplodnaviria,Heunggongvirae,Uroviricota,Caudoviricetes,Caudoviricetes incertae sedis,Cheoctovirus,Cheoctovirus melissauren88,dsDNA
2099637,246196.0,Mycolicibacterium smegmatis MC2 155,Duplodnaviria,Heunggongvirae,Uroviricota,Caudoviricetes,Caudoviricetes incertae sedis,Bernalvirus,Bernalvirus mendokysei,dsDNA
2575612,246196.0,Mycolicibacterium smegmatis MC2 155,Duplodnaviria,Heunggongvirae,Uroviricota,Caudoviricetes,Caudoviricetes incertae sedis,Jolieduovirus,Jolieduovirus mercurio,dsDNA
1445726,246196.0,Mycolicibacterium smegmatis MC2 155,Duplodnaviria,Heunggongvirae,Uroviricota,Caudoviricetes,Caudoviricetes incertae sedis,Charlievirus,Charlievirus michellemybell,dsDNA
3079584,1772.0,Mycolicibacterium smegmatis,Duplodnaviria,Heunggongvirae,Uroviricota,Caudoviricetes,Caudoviricetes incertae sedis,Brujitavirus,unclassified Brujitavirus,dsDNA
2315711,246196.0,Mycolicibacterium smegmatis MC2 155,Duplodnaviria,Heunggongvirae,Uroviricota,Caudoviricetes,Caudoviricetes incertae sedis,Cheoctovirus,Cheoctovirus milleniumforce,dsDNA
2653763,246196.0,Mycolicibacterium smegmatis MC2 155,Duplodnaviria,Heunggongvirae,Uroviricota,Caudoviricetes,Caudoviricetes incertae sedis,Cheoctovirus,Cheoctovirus miniondave,dsDNA
2653764,246196.0,Mycolicibacterium smegmatis MC2 155,Duplodnaviria,Heunggongvirae,Uroviricota,Caudoviricetes,Caudoviricetes incertae sedis,Cheoctovirus,Cheoctovirus minnie,dsDNA
2517961,1763.0,Mycobacterium,Duplodnaviria,Heunggongvirae,Uroviricota,Caudoviricetes,Caudoviricetes incertae sedis,Backyardiganvirus,Backyardiganvirus miramae,dsDNA
2108127,246196.0,Mycolicibacterium smegmatis MC2 155,Duplodnaviria,Heunggongvirae,Uroviricota,Caudoviricetes,Caudoviricetes incertae sedis,Moomoovirus,Moomoovirus moomoo,dsDNA
2767561,1763.0,Mycobacterium,Duplodnaviria,Heunggongvirae,Uroviricota,Caudoviricetes,Caudoviricetes incertae sedis,Cheoctovirus,Cheoctovirus moonbeam,dsDNA
1647309,246196.0,Mycolicibacterium smegmatis MC2 155,Duplodnaviria,Heunggongvirae,Uroviricota,Caudoviricetes,Caudoviricetes incertae sedis,Pinnievirus,Pinnievirus moorethemaryer,dsDNA
2922213,246196.0,Mycolicibacterium smegmatis MC2 155,Duplodnaviria,Heunggongvirae,Uroviricota,Caudoviricetes,Caudoviricetes incertae sedis,Cheoctovirus,Cheoctovirus mozy,dsDNA
2847995,246196.0,Mycolicibacterium smegmatis MC2 155,Duplodnaviria,Heunggongvirae,Uroviricota,Caudoviricetes,Caudoviricetes incertae sedis,Fromanvirus,Fromanvirus mrgordo,dsDNA
1340829,1763.0,Mycobacterium,Duplodnaviria,Heunggongvirae,Uroviricota,Caudoviricetes,Caudoviricetes incertae sedis,Mapvirus,Mapvirus muddy,dsDNA
1718600,246196.0,Mycolicibacterium smegmatis MC2 155,Duplodnaviria,Heunggongvirae,Uroviricota,Caudoviricetes,Caudoviricetes incertae sedis,Timquatrovirus,Timquatrovirus mufasa,dsDNA
1897540,246196.0,Mycolicibacterium smegmatis MC2 155,Duplodnaviria,Heunggongvirae,Uroviricota,Caudoviricetes,Caudoviricetes incertae sedis,Backyardiganvirus,Backyardiganvirus mundrea,dsDNA
1560286,246196.0,Mycolicibacterium smegmatis MC2 155,Duplodnaviria,Heunggongvirae,Uroviricota,Caudoviricetes,Caudoviricetes incertae sedis,Anayavirus,Anayavirus murucutumbu,dsDNA
2922219,246196.0,Mycolicibacterium smegmatis MC2 155,Duplodnaviria,Heunggongvirae,Uroviricota,Caudoviricetes,Caudoviricetes incertae sedis,Cheoctovirus,Cheoctovirus mutaforma13,dsDNA
2024303,246196.0,Mycolicibacterium smegmatis MC2 155,Duplodnaviria,Heunggongvirae,Uroviricota,Caudoviricetes,Caudoviricetes incertae sedis,Myradeevirus,Myradeevirus MyraDee,dsDNA
546805,1763.0,Mycobacterium,Duplodnaviria,Heunggongvirae,Uroviricota,Caudoviricetes,Caudoviricetes incertae sedis,Myrnavirus,Myrnavirus myrna,dsDNA
2126816,246196.0,Mycolicibacterium smegmatis MC2 155,Duplodnaviria,Heunggongvirae,Uroviricota,Caudoviricetes,Caudoviricetes incertae sedis,Benedictvirus,Benedictvirus naca,dsDNA
1088866,246196.0,Mycolicibacterium smegmatis MC2 155,Duplodnaviria,Heunggongvirae,Uroviricota,Caudoviricetes,Caudoviricetes incertae sedis,Bixzunavirus,Bixzunavirus nappy,dsDNA
2484213,246196.0,Mycolicibacterium smegmatis MC2 155,Duplodnaviria,Heunggongvirae,Uroviricota,Caudoviricetes,Caudoviricetes incertae sedis,Gaiavirus,unclassified Gaiavirus,dsDNA
2510585,246196.0,Mycolicibacterium smegmatis MC2 155,Duplodnaviria,Heunggongvirae,Uroviricota,Caudoviricetes,Caudoviricetes incertae sedis,Anayavirus,Anayavirus nibb,dsDNA
543152,1763.0,Mycobacterium,Duplodnaviria,Heunggongvirae,Uroviricota,Caudoviricetes,Caudoviricetes incertae sedis,Coopervirus,Coopervirus nigel,dsDNA
2517936,246196.0,Mycolicibacterium smegmatis MC2 155,Duplodnaviria,Heunggongvirae,Uroviricota,Caudoviricetes,Caudoviricetes incertae sedis,Anayavirus,Anayavirus niklas,dsDNA
2652404,1763.0,Mycobacterium,Duplodnaviria,Heunggongvirae,Uroviricota,Caudoviricetes,Caudoviricetes incertae sedis,Cheoctovirus,Cheoctovirus nitzel,dsDNA
2301710,246196.0,Mycolicibacterium smegmatis MC2 155,Duplodnaviria,Heunggongvirae,Uroviricota,Caudoviricetes,Caudoviricetes incertae sedis,Cheoctovirus,Cheoctovirus nivrat,dsDNA
2572317,246196.0,Mycolicibacterium smegmatis MC2 155,Duplodnaviria,Heunggongvirae,Uroviricota,Caudoviricetes,Caudoviricetes incertae sedis,Backyardiganvirus,Backyardiganvirus noelle,dsDNA
2502470,246196.0,Mycolicibacterium smegmatis MC2 155,Duplodnaviria,Heunggongvirae,Uroviricota,Caudoviricetes,Caudoviricetes incertae sedis,Bixzunavirus,Bixzunavirus noodletree,dsDNA
2593350,246196.0,Mycolicibacterium smegmatis MC2 155,Duplodnaviria,Heunggongvirae,Uroviricota,Caudoviricetes,Caudoviricetes incertae sedis,Pipefishvirus,Pipefishvirus obutu,dsDNA
2502425,246196.0,Mycolicibacterium smegmatis MC2 155,Duplodnaviria,Heunggongvirae,Uroviricota,Caudoviricetes,Caudoviricetes incertae sedis,Cheoctovirus,Cheoctovirus ochi17,dsDNA
2079284,246196.0,Mycolicibacterium smegmatis MC2 155,Duplodnaviria,Heunggongvirae,Uroviricota,Caudoviricetes,Caudoviricetes incertae sedis,Cheoctovirus,Cheoctovirus oldben,dsDNA
2250364,1763.0,Mycobacterium,Duplodnaviria,Heunggongvirae,Uroviricota,Caudoviricetes,Caudoviricetes incertae sedis,Cheoctovirus,Cheoctovirus olympiasaint,dsDNA
2907835,1763.0,Mycobacterium,Duplodnaviria,Heunggongvirae,Uroviricota,Caudoviricetes,Caudoviricetes incertae sedis,Omegavirus,Omegavirus omega,dsDNA
1541819,246196.0,Mycolicibacterium smegmatis MC2 155,Duplodnaviria,Heunggongvirae,Uroviricota,Caudoviricetes,Caudoviricetes incertae sedis,Kratiovirus,Kratiovirus omnicron,dsDNA
2686235,246196.0,Mycolicibacterium smegmatis MC2 155,Duplodnaviria,Heunggongvirae,Uroviricota,Caudoviricetes,Caudoviricetes incertae sedis,Onyinyevirus,Onyinyevirus onyinye,dsDNA
2922218,246196.0,Mycolicibacterium smegmatis MC2 155,Duplodnaviria,Heunggongvirae,Uroviricota,Caudoviricetes,Caudoviricetes incertae sedis,Omegavirus,Omegavirus optimus,dsDNA
1673889,246196.0,Mycolicibacterium smegmatis MC2 155,Duplodnaviria,Heunggongvirae,Uroviricota,Caudoviricetes,Caudoviricetes incertae sedis,Cheoctovirus,Cheoctovirus ovechkin,dsDNA
2126954,246196.0,Mycolicibacterium smegmatis MC2 155,Duplodnaviria,Heunggongvirae,Uroviricota,Caudoviricetes,Caudoviricetes incertae sedis,Cheoctovirus,Cheoctovirus owlsT2W,dsDNA
2914019,246196.0,Mycolicibacterium smegmatis MC2 155,Duplodnaviria,Heunggongvirae,Uroviricota,Caudoviricetes,Caudoviricetes incertae sedis,Cheoctovirus,Cheoctovirus pacc40,dsDNA
2315544,1763.0,Mycobacterium,Duplodnaviria,Heunggongvirae,Uroviricota,Caudoviricetes,Caudoviricetes incertae sedis,Liefievirus,Liefievirus paito,dsDNA
1821537,246196.0,Mycolicibacterium smegmatis MC2 155,Duplodnaviria,Heunggongvirae,Uroviricota,Caudoviricetes,Caudoviricetes incertae sedis,Charlievirus,Charlievirus panchino,dsDNA
2094139,246196.0,Mycolicibacterium smegmatis MC2 155,Duplodnaviria,Heunggongvirae,Uroviricota,Caudoviricetes,Caudoviricetes incertae sedis,Kratiovirus,Kratiovirus paola,dsDNA
1383056,246196.0,Mycolicibacterium smegmatis MC2 155,Duplodnaviria,Heunggongvirae,Uroviricota,Caudoviricetes,Caudoviricetes incertae sedis,Papyrusvirus,Papyrusvirus papyrus,dsDNA
2530139,1763.0,Mycobacterium,Duplodnaviria,Heunggongvirae,Uroviricota,Caudoviricetes,Caudoviricetes incertae sedis,Fionnbharthvirus,Fionnbharthvirus patt,dsDNA
2910763,1763.0,Mycobacterium,Duplodnaviria,Heunggongvirae,Uroviricota,Caudoviricetes,Caudoviricetes incertae sedis,Quesadillavirus,unclassified Quesadillavirus,dsDNA
2922996,246196.0,Mycolicibacterium smegmatis MC2 155,Duplodnaviria,Heunggongvirae,Uroviricota,Caudoviricetes,Caudoviricetes incertae sedis,Fromanvirus,Fromanvirus perseus,dsDNA
2027899,246196.0,Mycolicibacterium smegmatis MC2 155,Duplodnaviria,Heunggongvirae,Uroviricota,Caudoviricetes,Caudoviricetes incertae sedis,Myrnavirus,Myrnavirus phabba,dsDNA
2686088,246196.0,Mycolicibacterium smegmatis MC2 155,Duplodnaviria,Heunggongvirae,Uroviricota,Caudoviricetes,Caudoviricetes incertae sedis,Pukovnikvirus,Pukovnikvirus phaded,dsDNA
2719206,246196.0,Mycolicibacterium smegmatis MC2 155,Duplodnaviria,Heunggongvirae,Uroviricota,Caudoviricetes,Caudoviricetes incertae sedis,Cheoctovirus,Cheoctovirus shauna1,dsDNA
1486426,246196.0,Mycolicibacterium smegmatis MC2 155,Duplodnaviria,Heunggongvirae,Uroviricota,Caudoviricetes,Caudoviricetes incertae sedis,Veracruzvirus,Veracruzvirus phantastic,dsDNA
2530140,246196.0,Mycolicibacterium smegmatis MC2 155,Duplodnaviria,Heunggongvirae,Uroviricota,Caudoviricetes,Caudoviricetes incertae sedis,Pharaohvirus,Pharaohvirus pharaoh,dsDNA
2041544,246196.0,Mycolicibacterium smegmatis MC2 155,Duplodnaviria,Heunggongvirae,Uroviricota,Caudoviricetes,Caudoviricetes incertae sedis,Cheoctovirus,Cheoctovirus phasih,dsDNA
1698356,246196.0,Mycolicibacterium smegmatis MC2 155,Duplodnaviria,Heunggongvirae,Uroviricota,Caudoviricetes,Caudoviricetes incertae sedis,Cheoctovirus,Cheoctovirus phatniss,dsDNA
1647302,246196.0,Mycolicibacterium smegmatis MC2 155,Duplodnaviria,Heunggongvirae,Uroviricota,Caudoviricetes,Caudoviricetes incertae sedis,Phayoncevirus,Phayoncevirus phayonce,dsDNA
1383055,246196.0,Mycolicibacterium smegmatis MC2 155,Duplodnaviria,Heunggongvirae,Uroviricota,Caudoviricetes,Caudoviricetes incertae sedis,Acadianvirus,Acadianvirus reprobate,dsDNA
2047843,246196.0,Mycolicibacterium smegmatis MC2 155,Duplodnaviria,Heunggongvirae,Uroviricota,Caudoviricetes,Caudoviricetes incertae sedis,Charlievirus,Charlievirus Philonius,dsDNA
2775045,36809.0,Mycobacteroides abscessus,Duplodnaviria,Heunggongvirae,Uroviricota,Caudoviricetes,Caudoviricetes incertae sedis,Mycoabscvirus,Mycoabscvirus phiT46-1,dsDNA
1690684,1771.0,Mycolicibacterium phlei,Duplodnaviria,Heunggongvirae,Uroviricota,Caudoviricetes,Caudoviricetes incertae sedis,Phleivirus,Phleivirus Phlei,dsDNA
1821541,246196.0,Mycolicibacterium smegmatis MC2 155,Duplodnaviria,Heunggongvirae,Uroviricota,Caudoviricetes,Caudoviricetes incertae sedis,Charlievirus,Charlievirus phrann,dsDNA
2591223,1763.0,Mycobacterium,Duplodnaviria,Heunggongvirae,Uroviricota,Caudoviricetes,Caudoviricetes incertae sedis,Phrappuccinovirus,Phrappuccinovirus phrappuccino,dsDNA
2517965,246196.0,Mycolicibacterium smegmatis MC2 155,Duplodnaviria,Heunggongvirae,Uroviricota,Caudoviricetes,Caudoviricetes incertae sedis,Pinnievirus,Pinnievirus pinnie,dsDNA
373413,1763.0,Mycobacterium,Duplodnaviria,Heunggongvirae,Uroviricota,Caudoviricetes,Caudoviricetes incertae sedis,Pipefishvirus,Pipefishvirus pipefish,dsDNA
1527520,246196.0,Mycolicibacterium smegmatis MC2 155,Duplodnaviria,Heunggongvirae,Uroviricota,Caudoviricetes,Caudoviricetes incertae sedis,Turbidovirus,Turbidovirus piro94,dsDNA
2126722,1771.0,Mycolicibacterium phlei,Duplodnaviria,Heunggongvirae,Uroviricota,Caudoviricetes,Caudoviricetes incertae sedis,Veracruzvirus,Veracruzvirus pistachio,dsDNA
2922215,246196.0,Mycolicibacterium smegmatis MC2 155,Duplodnaviria,Heunggongvirae,Uroviricota,Caudoviricetes,Caudoviricetes incertae sedis,Keshuvirus,Keshuvirus pixie,dsDNA
2790994,1763.0,Mycobacterium,Duplodnaviria,Heunggongvirae,Uroviricota,Caudoviricetes,Caudoviricetes incertae sedis,Cheoctovirus,Cheoctovirus plumbus,dsDNA
2911439,1763.0,Mycobacterium,Duplodnaviria,Heunggongvirae,Uroviricota,Caudoviricetes,Caudoviricetes incertae sedis,Cheoctovirus,Cheoctovirus PMC,dsDNA
2500793,246196.0,Mycolicibacterium smegmatis MC2 155,Duplodnaviria,Heunggongvirae,Uroviricota,Caudoviricetes,Caudoviricetes incertae sedis,Cheoctovirus,Cheoctovirus poenanya,dsDNA
2584498,246196.0,Mycolicibacterium smegmatis MC2 155,Duplodnaviria,Heunggongvirae,Uroviricota,Caudoviricetes,Caudoviricetes incertae sedis,Cheoctovirus,Cheoctovirus polka14,dsDNA
1698712,246196.0,Mycolicibacterium smegmatis MC2 155,Duplodnaviria,Heunggongvirae,Uroviricota,Caudoviricetes,Caudoviricetes incertae sedis,Cheoctovirus,Cheoctovirus poptart,dsDNA
2077134,1763.0,Mycobacterium,Duplodnaviria,Heunggongvirae,Uroviricota,Caudoviricetes,Caudoviricetes incertae sedis,Sagamiharavirus,Sagamiharavirus PP,dsDNA
543153,1763.0,Mycobacterium,Duplodnaviria,Heunggongvirae,Uroviricota,Caudoviricetes,Caudoviricetes incertae sedis,Predatorvirus,Predatorvirus predator,dsDNA
2182403,246196.0,Mycolicibacterium smegmatis MC2 155,Duplodnaviria,Heunggongvirae,Uroviricota,Caudoviricetes,Caudoviricetes incertae sedis,Gladiatorvirus,Gladiatorvirus priamo,dsDNA
2081627,246196.0,Mycolicibacterium smegmatis MC2 155,Duplodnaviria,Heunggongvirae,Uroviricota,Caudoviricetes,Caudoviricetes incertae sedis,Cheoctovirus,Cheoctovirus priscilla,dsDNA
2484215,246196.0,Mycolicibacterium smegmatis MC2 155,Duplodnaviria,Heunggongvirae,Uroviricota,Caudoviricetes,Caudoviricetes incertae sedis,Anayavirus,Anayavirus prithvi,dsDNA
3110879,1763.0,Mycobacterium,Duplodnaviria,Heunggongvirae,Uroviricota,Caudoviricetes,Caudoviricetes incertae sedis,Acadianvirus,unclassified Acadianvirus,dsDNA
2813216,36809.0,Mycobacteroides abscessus,Duplodnaviria,Heunggongvirae,Uroviricota,Caudoviricetes,Caudoviricetes incertae sedis,Mycoabscvirus,unclassified Mycoabscvirus,dsDNA
2813273,36809.0,Mycobacteroides abscessus,Duplodnaviria,Heunggongvirae,Uroviricota,Caudoviricetes,Gracegardnervirinae,unclassified Gracegardnervirinae,,dsDNA
2914013,1785.0,Mycobacterium sp.,Duplodnaviria,Heunggongvirae,Uroviricota,Caudoviricetes,Caudoviricetes incertae sedis,Pukovnikvirus,Pukovnikvirus pukovnik,dsDNA
2919547,246196.0,Mycolicibacterium smegmatis MC2 155,Duplodnaviria,Heunggongvirae,Uroviricota,Caudoviricetes,Caudoviricetes incertae sedis,Kostyavirus,Kostyavirus pumpkin,dsDNA
2593351,1763.0,Mycobacterium,Duplodnaviria,Heunggongvirae,Uroviricota,Caudoviricetes,Caudoviricetes incertae sedis,Purkyvirus,Purkyvirus purky,dsDNA
1983577,246196.0,Mycolicibacterium smegmatis MC2 155,Duplodnaviria,Heunggongvirae,Uroviricota,Caudoviricetes,Caudoviricetes incertae sedis,Microwolfvirus,Microwolfvirus purplehaze,dsDNA
2502469,246196.0,Mycolicibacterium smegmatis MC2 155,Duplodnaviria,Heunggongvirae,Uroviricota,Caudoviricetes,Caudoviricetes incertae sedis,Bixzunavirus,Bixzunavirus qbert,dsDNA
2762409,1763.0,Mycobacterium,Duplodnaviria,Heunggongvirae,Uroviricota,Caudoviricetes,Caudoviricetes incertae sedis,Bixzunavirus,Bixzunavirus quasimodo,dsDNA
2664226,246196.0,Mycolicibacterium smegmatis MC2 155,Duplodnaviria,Heunggongvirae,Uroviricota,Caudoviricetes,Caudoviricetes incertae sedis,Quesadillavirus,Quesadillavirus quesadilla,dsDNA
2301570,1763.0,Mycobacterium,Duplodnaviria,Heunggongvirae,Uroviricota,Caudoviricetes,Caudoviricetes incertae sedis,Cheoctovirus,Cheoctovirus quickmath,dsDNA
2530143,1763.0,Mycobacterium,Duplodnaviria,Heunggongvirae,Uroviricota,Caudoviricetes,Caudoviricetes incertae sedis,Liefievirus,Liefievirus rabbs,dsDNA
2914020,246196.0,Mycolicibacterium smegmatis MC2 155,Duplodnaviria,Heunggongvirae,Uroviricota,Caudoviricetes,Caudoviricetes incertae sedis,Cheoctovirus,Cheoctovirus ramsey,dsDNA
2301556,246196.0,Mycolicibacterium smegmatis MC2 155,Duplodnaviria,Heunggongvirae,Uroviricota,Caudoviricetes,Caudoviricetes incertae sedis,Kratiovirus,Kratiovirus rando14,dsDNA
2743931,246196.0,Mycolicibacterium smegmatis MC2 155,Duplodnaviria,Heunggongvirae,Uroviricota,Caudoviricetes,Caudoviricetes incertae sedis,Charlievirus,Charlievirus Raymond7,dsDNA
2743932,246196.0,Mycolicibacterium smegmatis MC2 155,Duplodnaviria,Heunggongvirae,Uroviricota,Caudoviricetes,Caudoviricetes incertae sedis,Charlievirus,Charlievirus Rebel,dsDNA
711470,1763.0,Mycobacterium,Duplodnaviria,Heunggongvirae,Uroviricota,Caudoviricetes,Caudoviricetes incertae sedis,Fromanvirus,Fromanvirus redrock,dsDNA
2517967,246196.0,Mycolicibacterium smegmatis MC2 155,Duplodnaviria,Heunggongvirae,Uroviricota,Caudoviricetes,Caudoviricetes incertae sedis,Refugevirus,Refugevirus refuge,dsDNA
2079285,246196.0,Mycolicibacterium smegmatis MC2 155,Duplodnaviria,Heunggongvirae,Uroviricota,Caudoviricetes,Caudoviricetes incertae sedis,Trigintaduovirus,Trigintaduovirus rem711,dsDNA
2301701,246196.0,Mycolicibacterium smegmatis MC2 155,Duplodnaviria,Heunggongvirae,Uroviricota,Caudoviricetes,Caudoviricetes incertae sedis,Thetabobvirus,Thetabobvirus renaud18,dsDNA
1071506,246196.0,Mycolicibacterium smegmatis MC2 155,Duplodnaviria,Heunggongvirae,Uroviricota,Caudoviricetes,Caudoviricetes incertae sedis,Fromanvirus,Fromanvirus ridgecb,dsDNA
2027900,246196.0,Mycolicibacterium smegmatis MC2 155,Duplodnaviria,Heunggongvirae,Uroviricota,Caudoviricetes,Caudoviricetes incertae sedis,Cheoctovirus,Cheoctovirus ritaG,dsDNA
2920892,246196.0,Mycolicibacterium smegmatis MC2 155,Duplodnaviria,Heunggongvirae,Uroviricota,Caudoviricetes,Caudoviricetes incertae sedis,Cheoctovirus,Cheoctovirus rockyhorror,dsDNA
2768139,246196.0,Mycolicibacterium smegmatis MC2 155,Duplodnaviria,Heunggongvirae,Uroviricota,Caudoviricetes,Caudoviricetes incertae sedis,Cheoctovirus,Cheoctovirus royals2015,dsDNA
2283292,246196.0,Mycolicibacterium smegmatis MC2 155,Duplodnaviria,Heunggongvirae,Uroviricota,Caudoviricetes,Caudoviricetes incertae sedis,Corndogvirus,Corndogvirus ryadel,dsDNA
1445728,246196.0,Mycolicibacterium smegmatis MC2 155,Duplodnaviria,Heunggongvirae,Uroviricota,Caudoviricetes,Caudoviricetes incertae sedis,Cheoctovirus,Cheoctovirus saal,dsDNA
2315616,1763.0,Mycobacterium,Duplodnaviria,Heunggongvirae,Uroviricota,Caudoviricetes,Caudoviricetes incertae sedis,Saguarovirus,Saguarovirus saguaro,dsDNA
2923007,246196.0,Mycolicibacterium smegmatis MC2 155,Duplodnaviria,Heunggongvirae,Uroviricota,Caudoviricetes,Caudoviricetes incertae sedis,Fromanvirus,Fromanvirus saintus,dsDNA
2250367,246196.0,Mycolicibacterium smegmatis MC2 155,Duplodnaviria,Heunggongvirae,Uroviricota,Caudoviricetes,Caudoviricetes incertae sedis,Cheoctovirus,Cheoctovirus sandalphon,dsDNA
2419614,1763.0,Mycobacterium,Duplodnaviria,Heunggongvirae,Uroviricota,Caudoviricetes,Caudoviricetes incertae sedis,Bixzunavirus,Bixzunavirus sauce,dsDNA
1567475,246196.0,Mycolicibacterium smegmatis MC2 155,Duplodnaviria,Heunggongvirae,Uroviricota,Caudoviricetes,Caudoviricetes incertae sedis,Chenonavirus,Chenonavirus sbash,dsDNA
2871542,246196.0,Mycolicibacterium smegmatis MC2 155,Duplodnaviria,Heunggongvirae,Uroviricota,Caudoviricetes,Caudoviricetes incertae sedis,Myrnavirus,unclassified Myrnavirus,dsDNA
2517968,1763.0,Mycobacterium,Duplodnaviria,Heunggongvirae,Uroviricota,Caudoviricetes,Caudoviricetes incertae sedis,Benedictvirus,Benedictvirus scorpia,dsDNA
1052672,246196.0,Mycolicibacterium smegmatis MC2 155,Duplodnaviria,Heunggongvirae,Uroviricota,Caudoviricetes,Caudoviricetes incertae sedis,Bixzunavirus,Bixzunavirus sebata,dsDNA
2301619,246196.0,Mycolicibacterium smegmatis MC2 155,Duplodnaviria,Heunggongvirae,Uroviricota,Caudoviricetes,Caudoviricetes incertae sedis,Acadianvirus,Acadianvirus serendipitous,dsDNA
2719208,1763.0,Mycobacterium,Duplodnaviria,Heunggongvirae,Uroviricota,Caudoviricetes,Caudoviricetes incertae sedis,Phrappuccinovirus,unclassified Phrappuccinovirus,dsDNA
2923001,246196.0,Mycolicibacterium smegmatis MC2 155,Duplodnaviria,Heunggongvirae,Uroviricota,Caudoviricetes,Caudoviricetes incertae sedis,Cheoctovirus,Cheoctovirus SG4,dsDNA
1983447,246196.0,Mycolicibacterium smegmatis MC2 155,Duplodnaviria,Heunggongvirae,Uroviricota,Caudoviricetes,Caudoviricetes incertae sedis,Unicornvirus,Unicornvirus shandong1,dsDNA
1647313,246196.0,Mycolicibacterium smegmatis MC2 155,Duplodnaviria,Heunggongvirae,Uroviricota,Caudoviricetes,Caudoviricetes incertae sedis,Keshuvirus,Keshuvirus shedlockholmes,dsDNA
1589274,246196.0,Mycolicibacterium smegmatis MC2 155,Duplodnaviria,Heunggongvirae,Uroviricota,Caudoviricetes,Caudoviricetes incertae sedis,Sheenvirus,Sheenvirus Sheen,dsDNA
1036616,246196.0,Mycolicibacterium smegmatis MC2 155,Duplodnaviria,Heunggongvirae,Uroviricota,Caudoviricetes,Caudoviricetes incertae sedis,Cheoctovirus,Cheoctovirus shilan,dsDNA
1821727,246196.0,Mycolicibacterium smegmatis MC2 155,Duplodnaviria,Heunggongvirae,Uroviricota,Caudoviricetes,Caudoviricetes incertae sedis,Fishburnevirus,Fishburnevirus shipwreck,dsDNA
1034116,246196.0,Mycolicibacterium smegmatis MC2 155,Duplodnaviria,Heunggongvirae,Uroviricota,Caudoviricetes,Caudoviricetes incertae sedis,Kostyavirus,Kostyavirus sirduracell,dsDNA
2015824,246196.0,Mycolicibacterium smegmatis MC2 155,Duplodnaviria,Heunggongvirae,Uroviricota,Caudoviricetes,Caudoviricetes incertae sedis,Anayavirus,Anayavirus sirphilip,dsDNA
1327777,246196.0,Mycolicibacterium smegmatis MC2 155,Duplodnaviria,Heunggongvirae,Uroviricota,Caudoviricetes,Caudoviricetes incertae sedis,Cheoctovirus,Cheoctovirus sisi,dsDNA
1821539,246196.0,Mycolicibacterium smegmatis MC2 155,Duplodnaviria,Heunggongvirae,Uroviricota,Caudoviricetes,Caudoviricetes incertae sedis,Charlievirus,Charlievirus skinnypete,dsDNA
701456,246196.0,Mycolicibacterium smegmatis MC2 155,Duplodnaviria,Heunggongvirae,Uroviricota,Caudoviricetes,Caudoviricetes incertae sedis,Fromanvirus,Fromanvirus skipole,dsDNA
2590944,246196.0,Mycolicibacterium smegmatis MC2 155,Duplodnaviria,Heunggongvirae,Uroviricota,Caudoviricetes,Caudoviricetes incertae sedis,Microwolfvirus,Microwolfvirus soildragon,dsDNA
555603,1785.0,Mycobacterium sp.,Duplodnaviria,Heunggongvirae,Uroviricota,Caudoviricetes,Caudoviricetes incertae sedis,Fromanvirus,Fromanvirus solon,dsDNA
2910959,246196.0,Mycolicibacterium smegmatis MC2 155,Duplodnaviria,Heunggongvirae,Uroviricota,Caudoviricetes,Caudoviricetes incertae sedis,Luchadorvirus,unclassified Luchadorvirus,dsDNA
2743996,246196.0,Mycolicibacterium smegmatis MC2 155,Duplodnaviria,Heunggongvirae,Uroviricota,Caudoviricetes,Caudoviricetes incertae sedis,Avanivirus,Avanivirus soul22,dsDNA
1739966,246196.0,Mycolicibacterium smegmatis MC2 155,Duplodnaviria,Heunggongvirae,Uroviricota,Caudoviricetes,Caudoviricetes incertae sedis,Cheoctovirus,Cheoctovirus sparkdehlily,dsDNA
1527493,246196.0,Mycolicibacterium smegmatis MC2 155,Duplodnaviria,Heunggongvirae,Uroviricota,Caudoviricetes,Caudoviricetes incertae sedis,Sparkyvirus,Sparkyvirus sparky,dsDNA
1147141,246196.0,Mycolicibacterium smegmatis MC2 155,Duplodnaviria,Heunggongvirae,Uroviricota,Caudoviricetes,Caudoviricetes incertae sedis,Cheoctovirus,Cheoctovirus spartacus,dsDNA
2301571,1763.0,Mycobacterium,Duplodnaviria,Heunggongvirae,Uroviricota,Caudoviricetes,Caudoviricetes incertae sedis,Cheoctovirus,Cheoctovirus spikelee,dsDNA
2023953,246196.0,Mycolicibacterium smegmatis MC2 155,Duplodnaviria,Heunggongvirae,Uroviricota,Caudoviricetes,Caudoviricetes incertae sedis,Cheoctovirus,Cheoctovirus spoonbill,dsDNA
1527512,246196.0,Mycolicibacterium smegmatis MC2 155,Duplodnaviria,Heunggongvirae,Uroviricota,Caudoviricetes,Caudoviricetes incertae sedis,Squirtyvirus,Squirtyvirus squirty,dsDNA
1897548,246196.0,Mycolicibacterium smegmatis MC2 155,Duplodnaviria,Heunggongvirae,Uroviricota,Caudoviricetes,Caudoviricetes incertae sedis,Backyardiganvirus,Backyardiganvirus stasia,dsDNA
2250309,1763.0,Mycobacterium,Duplodnaviria,Heunggongvirae,Uroviricota,Caudoviricetes,Caudoviricetes incertae sedis,Pharaohvirus,Pharaohvirus steamy,dsDNA
1089137,246196.0,Mycolicibacterium smegmatis MC2 155,Duplodnaviria,Heunggongvirae,Uroviricota,Caudoviricetes,Caudoviricetes incertae sedis,Coopervirus,Coopervirus stinger,dsDNA
1913038,246196.0,Mycolicibacterium smegmatis MC2 155,Duplodnaviria,Heunggongvirae,Uroviricota,Caudoviricetes,Caudoviricetes incertae sedis,Cheoctovirus,Cheoctovirus supergrey,dsDNA
2517970,1763.0,Mycobacterium,Duplodnaviria,Heunggongvirae,Uroviricota,Caudoviricetes,Caudoviricetes incertae sedis,Cheoctovirus,Cheoctovirus swagpigglett,dsDNA
1527534,246196.0,Mycolicibacterium smegmatis MC2 155,Duplodnaviria,Heunggongvirae,Uroviricota,Caudoviricetes,Caudoviricetes incertae sedis,Benedictvirus,Benedictvirus swirley,dsDNA
1034118,246196.0,Mycolicibacterium smegmatis MC2 155,Duplodnaviria,Heunggongvirae,Uroviricota,Caudoviricetes,Caudoviricetes incertae sedis,Fromanvirus,Fromanvirus switzer,dsDNA
1175504,246196.0,Mycolicibacterium smegmatis MC2 155,Duplodnaviria,Heunggongvirae,Uroviricota,Caudoviricetes,Caudoviricetes incertae sedis,Fromanvirus,Fromanvirus SWU1,dsDNA
2077150,246196.0,Mycolicibacterium smegmatis MC2 155,Duplodnaviria,Heunggongvirae,Uroviricota,Caudoviricetes,Caudoviricetes incertae sedis,Timshelvirus,Timshelvirus SWU2,dsDNA
2928684,246196.0,Mycolicibacterium smegmatis MC2 155,Duplodnaviria,Heunggongvirae,Uroviricota,Caudoviricetes,Caudoviricetes incertae sedis,Rosebushvirus,Rosebushvirus TA17a,dsDNA
1897549,246196.0,Mycolicibacterium smegmatis MC2 155,Duplodnaviria,Heunggongvirae,Uroviricota,Caudoviricetes,Caudoviricetes incertae sedis,Liefievirus,Liefievirus taheera,dsDNA
1204515,246196.0,Mycolicibacterium smegmatis MC2 155,Duplodnaviria,Heunggongvirae,Uroviricota,Caudoviricetes,Caudoviricetes incertae sedis,Cheoctovirus,Cheoctovirus taj,dsDNA
2301545,246196.0,Mycolicibacterium smegmatis MC2 155,Duplodnaviria,Heunggongvirae,Uroviricota,Caudoviricetes,Caudoviricetes incertae sedis,Charlievirus,Charlievirus Tapioca,dsDNA
1920305,246196.0,Mycolicibacterium smegmatis MC2 155,Duplodnaviria,Heunggongvirae,Uroviricota,Caudoviricetes,Caudoviricetes incertae sedis,Northamptonvirus,Northamptonvirus taptic,dsDNA
1897500,246196.0,Mycolicibacterium smegmatis MC2 155,Duplodnaviria,Heunggongvirae,Uroviricota,Caudoviricetes,Caudoviricetes incertae sedis,Fionnbharthvirus,Fionnbharthvirus taquito,dsDNA
2163598,246196.0,Mycolicibacterium smegmatis MC2 155,Duplodnaviria,Heunggongvirae,Uroviricota,Caudoviricetes,Caudoviricetes incertae sedis,Thetabobvirus,Thetabobvirus tchen,dsDNA
1718172,246196.0,Mycolicibacterium smegmatis MC2 155,Duplodnaviria,Heunggongvirae,Uroviricota,Caudoviricetes,Caudoviricetes incertae sedis,Benedictvirus,Benedictvirus theia,dsDNA
2588513,246196.0,Mycolicibacterium smegmatis MC2 155,Duplodnaviria,Heunggongvirae,Uroviricota,Caudoviricetes,Caudoviricetes incertae sedis,Thetabobvirus,Thetabobvirus thetabob,dsDNA
1052673,246196.0,Mycolicibacterium smegmatis MC2 155,Duplodnaviria,Heunggongvirae,Uroviricota,Caudoviricetes,Caudoviricetes incertae sedis,Omegavirus,Omegavirus thibault,dsDNA
2282910,246196.0,Mycolicibacterium smegmatis MC2 155,Duplodnaviria,Heunggongvirae,Uroviricota,Caudoviricetes,Caudoviricetes incertae sedis,Thonkovirus,Thonkovirus thonko,dsDNA
2599880,246196.0,Mycolicibacterium smegmatis MC2 155,Duplodnaviria,Heunggongvirae,Uroviricota,Caudoviricetes,Caudoviricetes incertae sedis,Phayoncevirus,Phayoncevirus thulathula,dsDNA
2283261,1763.0,Mycobacterium,Duplodnaviria,Heunggongvirae,Uroviricota,Caudoviricetes,Caudoviricetes incertae sedis,Kratiovirus,Kratiovirus thyatira,dsDNA
1161934,246196.0,Mycolicibacterium smegmatis MC2 155,Duplodnaviria,Heunggongvirae,Uroviricota,Caudoviricetes,Caudoviricetes incertae sedis,Benedictvirus,Benedictvirus tiger,dsDNA
1032895,246196.0,Mycolicibacterium smegmatis MC2 155,Duplodnaviria,Heunggongvirae,Uroviricota,Caudoviricetes,Caudoviricetes incertae sedis,Timshelvirus,Timshelvirus timshel,dsDNA
88870,1763.0,Mycobacterium,Duplodnaviria,Heunggongvirae,Uroviricota,Caudoviricetes,Caudoviricetes incertae sedis,Timquatrovirus,Timquatrovirus TM4,dsDNA
1891703,246196.0,Mycolicibacterium smegmatis MC2 155,Duplodnaviria,Heunggongvirae,Uroviricota,Caudoviricetes,Caudoviricetes incertae sedis,Bixzunavirus,Bixzunavirus tonenili,dsDNA
1897497,246196.0,Mycolicibacterium smegmatis MC2 155,Duplodnaviria,Heunggongvirae,Uroviricota,Caudoviricetes,Caudoviricetes incertae sedis,Tortellinivirus,Tortellinivirus tortellini,dsDNA
3077166,246196.0,Mycolicibacterium smegmatis MC2 155,Duplodnaviria,Heunggongvirae,Uroviricota,Caudoviricetes,Caudoviricetes incertae sedis,Keshuvirus,unclassified Keshuvirus,dsDNA
1071503,246196.0,Mycolicibacterium smegmatis MC2 155,Duplodnaviria,Heunggongvirae,Uroviricota,Caudoviricetes,Caudoviricetes incertae sedis,Fromanvirus,Fromanvirus trixie,dsDNA
439809,1763.0,Mycobacterium,Duplodnaviria,Heunggongvirae,Uroviricota,Caudoviricetes,Caudoviricetes incertae sedis,Cheoctovirus,Cheoctovirus tweety,dsDNA
1161933,246196.0,Mycolicibacterium smegmatis MC2 155,Duplodnaviria,Heunggongvirae,Uroviricota,Caudoviricetes,Caudoviricetes incertae sedis,Fromanvirus,Fromanvirus twister,dsDNA
2517971,1763.0,Mycobacterium,Duplodnaviria,Heunggongvirae,Uroviricota,Caudoviricetes,Caudoviricetes incertae sedis,Typhavirus,Typhavirus typha,dsDNA
260120,1785.0,Mycobacterium sp.,Duplodnaviria,Heunggongvirae,Uroviricota,Caudoviricetes,Caudoviricetes incertae sedis,Fromanvirus,Fromanvirus U2,dsDNA
2015825,246196.0,Mycolicibacterium smegmatis MC2 155,Duplodnaviria,Heunggongvirae,Uroviricota,Caudoviricetes,Caudoviricetes incertae sedis,Unicornvirus,Unicornvirus unicorn,dsDNA
1673876,1763.0,Mycobacterium,Duplodnaviria,Heunggongvirae,Uroviricota,Caudoviricetes,Caudoviricetes incertae sedis,Benedictvirus,Benedictvirus unionjack,dsDNA
1912978,246196.0,Mycolicibacterium smegmatis MC2 155,Duplodnaviria,Heunggongvirae,Uroviricota,Caudoviricetes,Caudoviricetes incertae sedis,Anayavirus,Anayavirus urkel,dsDNA
1414747,246196.0,Mycolicibacterium smegmatis MC2 155,Duplodnaviria,Heunggongvirae,Uroviricota,Caudoviricetes,Caudoviricetes incertae sedis,Anayavirus,Anayavirus validus,dsDNA
2530154,1763.0,Mycobacterium,Duplodnaviria,Heunggongvirae,Uroviricota,Caudoviricetes,Caudoviricetes incertae sedis,Veracruzvirus,Veracruzvirus veracruz,dsDNA
2719209,246196.0,Mycolicibacterium smegmatis MC2 155,Duplodnaviria,Heunggongvirae,Uroviricota,Caudoviricetes,Caudoviricetes incertae sedis,Cheoctovirus,Cheoctovirus veteran,dsDNA
1086800,246196.0,Mycolicibacterium smegmatis MC2 155,Duplodnaviria,Heunggongvirae,Uroviricota,Caudoviricetes,Caudoviricetes incertae sedis,Fromanvirus,Fromanvirus violet,dsDNA
2027903,246196.0,Mycolicibacterium smegmatis MC2 155,Duplodnaviria,Heunggongvirae,Uroviricota,Caudoviricetes,Caudoviricetes incertae sedis,Cheoctovirus,Cheoctovirus wachhund,dsDNA
938131,1763.0,Mycobacterium,Duplodnaviria,Heunggongvirae,Uroviricota,Caudoviricetes,Caudoviricetes incertae sedis,Cheoctovirus,Cheoctovirus wee,dsDNA
2601610,1785.0,Mycobacterium sp.,Duplodnaviria,Heunggongvirae,Uroviricota,Caudoviricetes,Caudoviricetes incertae sedis,Rosariovirus,Rosariovirus Weirdo19ES,dsDNA
2484216,246196.0,Mycolicibacterium smegmatis MC2 155,Duplodnaviria,Heunggongvirae,Uroviricota,Caudoviricetes,Caudoviricetes incertae sedis,Cheoctovirus,Cheoctovirus whouxphf,dsDNA
2713268,246196.0,Mycolicibacterium smegmatis MC2 155,Duplodnaviria,Heunggongvirae,Uroviricota,Caudoviricetes,Caudoviricetes incertae sedis,Fishburnevirus,Fishburnevirus willsammy,dsDNA
1897769,246196.0,Mycolicibacterium smegmatis MC2 155,Duplodnaviria,Heunggongvirae,Uroviricota,Caudoviricetes,Caudoviricetes incertae sedis,Cheoctovirus,Cheoctovirus willsterrel,dsDNA
2301608,246196.0,Mycolicibacterium smegmatis MC2 155,Duplodnaviria,Heunggongvirae,Uroviricota,Caudoviricetes,Caudoviricetes incertae sedis,Backyardiganvirus,Backyardiganvirus wizard007,dsDNA
2920887,1763.0,Mycobacterium,Duplodnaviria,Heunggongvirae,Uroviricota,Caudoviricetes,Caudoviricetes incertae sedis,Microwolfvirus,Microwolfvirus wonder,dsDNA
2178923,246196.0,Mycolicibacterium smegmatis MC2 155,Duplodnaviria,Heunggongvirae,Uroviricota,Caudoviricetes,Caudoviricetes incertae sedis,Xaviavirus,Xaviavirus xavia,dsDNA
1821538,246196.0,Mycolicibacterium smegmatis MC2 155,Duplodnaviria,Heunggongvirae,Uroviricota,Caudoviricetes,Caudoviricetes incertae sedis,Charlievirus,Charlievirus Xeno,dsDNA
1698715,246196.0,Mycolicibacterium smegmatis MC2 155,Duplodnaviria,Heunggongvirae,Uroviricota,Caudoviricetes,Caudoviricetes incertae sedis,Cheoctovirus,Cheoctovirus xfactor,dsDNA
2708633,246196.0,Mycolicibacterium smegmatis MC2 155,Duplodnaviria,Heunggongvirae,Uroviricota,Caudoviricetes,Caudoviricetes incertae sedis,Unicornvirus,Unicornvirus ximenita,dsDNA
2599884,246196.0,Mycolicibacterium smegmatis MC2 155,Duplodnaviria,Heunggongvirae,Uroviricota,Caudoviricetes,Caudoviricetes incertae sedis,Brujitavirus,Brujitavirus xula,dsDNA
2656617,246196.0,Mycolicibacterium smegmatis MC2 155,Duplodnaviria,Heunggongvirae,Uroviricota,Caudoviricetes,Caudoviricetes incertae sedis,Yeceytrevirus,Yeceytrevirus yecey3,dsDNA
2920891,246196.0,Mycolicibacterium smegmatis MC2 155,Duplodnaviria,Heunggongvirae,Uroviricota,Caudoviricetes,Caudoviricetes incertae sedis,Avanivirus,Avanivirus yoshi,dsDNA
2599885,246196.0,Mycolicibacterium smegmatis MC2 155,Duplodnaviria,Heunggongvirae,Uroviricota,Caudoviricetes,Caudoviricetes incertae sedis,Anayavirus,Anayavirus yuna,dsDNA
2599886,246196.0,Mycolicibacterium smegmatis MC2 155,Duplodnaviria,Heunggongvirae,Uroviricota,Caudoviricetes,Caudoviricetes incertae sedis,Anayavirus,Anayavirus yunkel11,dsDNA
1391433,246196.0,Mycolicibacterium smegmatis MC2 155,Duplodnaviria,Heunggongvirae,Uroviricota,Caudoviricetes,Caudoviricetes incertae sedis,Gladiatorvirus,Gladiatorvirus zaka,dsDNA
1486474,246196.0,Mycolicibacterium smegmatis MC2 155,Duplodnaviria,Heunggongvirae,Uroviricota,Caudoviricetes,Caudoviricetes incertae sedis,Avanivirus,Avanivirus zapner,dsDNA
2599887,246196.0,Mycolicibacterium smegmatis MC2 155,Duplodnaviria,Heunggongvirae,Uroviricota,Caudoviricetes,Caudoviricetes incertae sedis,Anayavirus,Anayavirus zavala,dsDNA
1034151,246196.0,Mycolicibacterium smegmatis MC2 155,Duplodnaviria,Heunggongvirae,Uroviricota,Caudoviricetes,Caudoviricetes incertae sedis,Coopervirus,Coopervirus zemanar,dsDNA
2944956,1763.0,Mycobacterium,Duplodnaviria,Heunggongvirae,Uroviricota,Caudoviricetes,Caudoviricetes incertae sedis,Birdsnestvirus,unclassified Birdsnestvirus,dsDNA
2006926,246196.0,Mycolicibacterium smegmatis MC2 155,Duplodnaviria,Heunggongvirae,Uroviricota,Caudoviricetes,Caudoviricetes incertae sedis,Bernalvirus,unclassified Bernalvirus,dsDNA
2488980,246196.0,Mycolicibacterium smegmatis MC2 155,Duplodnaviria,Heunggongvirae,Uroviricota,Caudoviricetes,Caudoviricetes incertae sedis,Cheoctovirus,Cheoctovirus zerg,dsDNA
2499071,246196.0,Mycolicibacterium smegmatis MC2 155,Duplodnaviria,Heunggongvirae,Uroviricota,Caudoviricetes,Caudoviricetes incertae sedis,Microwolfvirus,Microwolfvirus zetzy,dsDNA
2910960,246196.0,Mycolicibacterium smegmatis MC2 155,Duplodnaviria,Heunggongvirae,Uroviricota,Caudoviricetes,Caudoviricetes incertae sedis,Refugevirus,unclassified Refugevirus,dsDNA
1486427,246196.0,Mycolicibacterium smegmatis MC2 155,Duplodnaviria,Heunggongvirae,Uroviricota,Caudoviricetes,Caudoviricetes incertae sedis,Timquatrovirus,Timquatrovirus zoeJ,dsDNA
2593355,246196.0,Mycolicibacterium smegmatis MC2 155,Duplodnaviria,Heunggongvirae,Uroviricota,Caudoviricetes,Caudoviricetes incertae sedis,Benedictvirus,Benedictvirus zolita,dsDNA
3401912,1772.0,Mycolicibacterium smegmatis,Duplodnaviria,Heunggongvirae,Uroviricota,Caudoviricetes,Caudoviricetes incertae sedis,Trigintaduovirus,unclassified Trigintaduovirus,dsDNA
2905920,2107.0,Mycoplasmopsis pulmonis,Duplodnaviria,Heunggongvirae,Uroviricota,Caudoviricetes,Caudoviricetes incertae sedis,Delislevirus,Delislevirus P1,dsDNA
2929258,473866.0,Clethrionomys gapperi,Monodnaviria,Shotokuvirae,Cressdnaviricota,Arfiviricetes,Cirlivirales,Vilyaviridae,Ormalvirus,
49964,34.0,Myxococcus xanthus,Duplodnaviria,Heunggongvirae,Uroviricota,Caudoviricetes,Caudoviricetes incertae sedis,Myxoctovirus,Myxoctovirus Mx8,dsDNA
235265,34.0,Myxococcus xanthus,Duplodnaviria,Heunggongvirae,Uroviricota,Caudoviricetes,Caudoviricetes incertae sedis,Myxoctovirus,unclassified Myxoctovirus,dsDNA
2116441,30516.0,Chimaera sp.,Riboviria,Orthornavirae,Pisuviricota,Pisoniviricetes,Nidovirales,Nanidovirineae,Nanghoshaviridae,
96892,3635.0,Gossypium hirsutum,Viruses incertae sedis,Alphasatellitidae,Geminialphasatellitinae,Colecusatellite,Colecusatellite gossypiaegyptense,,,
204507,441913.0,Neodiprion abietis,Viruses incertae sedis,Naldaviricetes,Lefavirales,Baculoviridae,Gammabaculovirus,Gammabaculovirus neabietis,,
249151,441921.0,Neodiprion lecontei,Viruses incertae sedis,Naldaviricetes,Lefavirales,Baculoviridae,Gammabaculovirus,Gammabaculovirus nelecontei,,
111874,441937.0,Neodiprion sertifer,Viruses incertae sedis,Naldaviricetes,Lefavirales,Baculoviridae,Gammabaculovirus,Gammabaculovirus nesertiferis,,
2734123,,,Duplodnaviria,Heunggongvirae,Uroviricota,Caudoviricetes,Pantevenvirales,Kyanoviridae,Nereusvirus,dsDNA
1149871,108453.0,Malvastrum coromandelianum,unclassified viruses,unclassified satellites,DNA satellites,Single stranded DNA satellites,New World begomovirus associated satellite DNA,,,
1149875,10814.0,Begomovirus,Viruses incertae sedis,Tolecusatellitidae,Deltasatellite,Deltasatellite sidaflavussecundi,Sida golden yellow vein deltasatellite 2,,,
1149880,10814.0,Begomovirus,Viruses incertae sedis,Tolecusatellitidae,Deltasatellite,Deltasatellite solaniflavusprimi,Tomato yellow leaf distortion deltasatellite 1,,,
1149883,10814.0,Begomovirus,Viruses incertae sedis,Tolecusatellitidae,Deltasatellite,Deltasatellite sidaflavustertii,Sida golden yellow vein deltasatellite 3,,,
1150019,108453.0,Malvastrum coromandelianum,Viruses incertae sedis,Tolecusatellitidae,Deltasatellite,Deltasatellite sidaflavusprimi,Sida golden yellow vein deltasatellite 1,,,
2713662,7160.0,Aedes albopictus,Riboviria,unclassified Riboviria,unclassified ssRNA viruses,unclassified ssRNA positive-strand viruses,Negevirus,unclassified Negevirus,,
1913649,335854.0,Nigrospora oryzae,Riboviria,Orthornavirae,Pisuviricota,Duplopiviricetes,Durnavirales,Fusariviridae,unclassified Fusariviridae,+ssRNA
2508184,1.0,root,Viruses incertae sedis,Thaspiviridae,Nitmarvirus,Nitmarvirus maris,Nitmarvirus NSV1,,,
2805752,1824.0,Nocardia asteroides,Duplodnaviria,Heunggongvirae,Uroviricota,Caudoviricetes,Caudoviricetes incertae sedis,Zierdtviridae,unclassified Zierdtviridae,dsDNA
1777122,2027346.0,Nodularia spumigena AV2,Duplodnaviria,Heunggongvirae,Uroviricota,Caudoviricetes,Caudoviricetes incertae sedis,Ravarandavirus,Ravarandavirus rv2AV2,dsDNA
2557579,70799.0,Nodularia spumigena,Duplodnaviria,Heunggongvirae,Uroviricota,Caudoviricetes,Caudoviricetes incertae sedis,Ravarandavirus,Ravarandavirus kac65v151,dsDNA
2557582,1955803.0,Nodularia spumigena kac68,Duplodnaviria,Heunggongvirae,Uroviricota,Caudoviricetes,Caudoviricetes incertae sedis,Ravarandavirus,Ravarandavirus kac68v161,dsDNA
1168479,363408.0,Nonlabens,Duplodnaviria,Heunggongvirae,Uroviricota,Caudoviricetes,Caudoviricetes incertae sedis,Inhavirus,Inhavirus P12024L,dsDNA
1168478,363408.0,Nonlabens,Duplodnaviria,Heunggongvirae,Uroviricota,Caudoviricetes,Caudoviricetes incertae sedis,Inhavirus,Inhavirus P12024S,dsDNA
2714164,537920.0,Clethrionomys rutilus,Monodnaviria,Shotokuvirae,Cressdnaviricota,Arfiviricetes,Cirlivirales,Vilyaviridae,Ringilvirus,
2714167,537920.0,Clethrionomys rutilus,Monodnaviria,Shotokuvirae,Cressdnaviricota,Arfiviricetes,Cirlivirales,Vilyaviridae,Arnorvirus,
3038219,1180.0,Nostoc sp.,Duplodnaviria,Heunggongvirae,Uroviricota,Caudoviricetes,Autographivirales,Autographivirales incertae sedis,Mengvirus,dsDNA
85652,7088.0,Lepidoptera,Riboviria,Orthornavirae,Kitrinoviricota,Alsuviricetes,Hepelivirales,Alphatetraviridae,Betatetravirus,+ssRNA
1871153,613905.0,Nylanderia fulva,Riboviria,Orthornavirae,Pisuviricota,Pisoniviricetes,Picornavirales,Solinviviridae,Nyfulvavirus,
1897640,529.0,Brucella anthropi,Duplodnaviria,Heunggongvirae,Uroviricota,Caudoviricetes,Caudoviricetes incertae sedis,Abaiavirus,Abaiavirus POA1180,dsDNA
1932118,94625.0,Brucella intermedia,Duplodnaviria,Heunggongvirae,Uroviricota,Caudoviricetes,Caudoviricetes incertae sedis,Namazuvirus,Namazuvirus POI1126,dsDNA
2712957,2203419.0,Ochrobactrum sp. POC9,Duplodnaviria,Heunggongvirae,Uroviricota,Caudoviricetes,Caudoviricetes incertae sedis,Wolominvirus,Wolominvirus OH,dsDNA
1592125,70395.0,Libellula quadrimaculata,Monodnaviria,Shotokuvirae,Cressdnaviricota,Arfiviricetes,Cremevirales,Smacoviridae,Dragsmacovirus,
1592113,70395.0,Libellula quadrimaculata,Monodnaviria,Shotokuvirae,Cressdnaviricota,Arfiviricetes,Rohanvirales,Adamaviridae,Telperivirus,
1592114,451473.0,Erythrodiplax fusca,Monodnaviria,Shotokuvirae,Cressdnaviricota,Arfiviricetes,Rohanvirales,Nenyaviridae,Mithrilvirus,
1592115,70395.0,Libellula quadrimaculata,Monodnaviria,Shotokuvirae,Cressdnaviricota,Repensiviricetes,Geplafuvirales,Geplanaviridae,Impedivirus,
1592119,70395.0,Libellula quadrimaculata,Monodnaviria,Shotokuvirae,Cressdnaviricota,Arfiviricetes,Jormunvirales,Draupnirviridae,Virilianivirus,
1592121,70384.0,Erythemis simplicicollis,Monodnaviria,Shotokuvirae,Cressdnaviricota,Arfiviricetes,Jormunvirales,Draupnirviridae,Durusivirus,
1592127,70395.0,Libellula quadrimaculata,Monodnaviria,Shotokuvirae,Cressdnaviricota,Repensiviricetes,Geplafuvirales,Geplanaviridae,Acciovirus,
1435411,1247.0,Oenococcus oeni,Duplodnaviria,Heunggongvirae,Uroviricota,Caudoviricetes,Caudoviricetes incertae sedis,Sozzivirus,Sozzivirus sv9805,dsDNA
1432847,1247.0,Oenococcus oeni,Duplodnaviria,Heunggongvirae,Uroviricota,Caudoviricetes,Caudoviricetes incertae sedis,Sozzivirus,Sozzivirus S11,dsDNA
1432848,1247.0,Oenococcus oeni,Duplodnaviria,Heunggongvirae,Uroviricota,Caudoviricetes,Caudoviricetes incertae sedis,Sozzivirus,Sozzivirus S13,dsDNA
1249467,455045.0,Abelmoschus esculentus,Viruses incertae sedis,Alphasatellitidae,Geminialphasatellitinae,Gosmusatellite,Gosmusatellite abelmoschi,,,
908277,455045.0,Abelmoschus esculentus,Viruses incertae sedis,Tolecusatellitidae,Betasatellite,unclassified Betasatellite,Okra enation leaf curl betasatellite,,,
756759,163654.0,Okra leaf curl virus,Viruses incertae sedis,Tolecusatellitidae,Betasatellite,Betasatellite abelmoschusinvolutionis,,,,
908121,455045.0,Abelmoschus esculentus,Viruses incertae sedis,Tolecusatellitidae,Betasatellite,Betasatellite abelmoschusinvolutionis,Okra leaf curl betasatellite,,,
2010323,455045.0,Abelmoschus esculentus,Viruses incertae sedis,Tolecusatellitidae,Betasatellite,Betasatellite abelmoschusomanense,,,,
743026,304222.0,Cotton leaf curl Gezira betasatellite,Viruses incertae sedis,Alphasatellitidae,Geminialphasatellitinae,Gosmusatellite,Gosmusatellite abelmoschuscameroonense,Okra yellow crinkle Cameroon alphasatellite,,
2933796,993343.0,Olene mendosa,Viruses incertae sedis,Naldaviricetes,Lefavirales,Baculoviridae,Alphabaculovirus,Alphabaculovirus olmendosae,,
2024724,1590841.0,Actinidia chinensis var. chinensis,Riboviria,Orthornavirae,Kitrinoviricota,Alsuviricetes,Martellivirales,Closteroviridae,Olivavirus,+ssRNA
33773,4100.0,Nicotiana benthamiana,Riboviria,Orthornavirae,Kitrinoviricota,Alsuviricetes,Martellivirales,Bromoviridae,Oleavirus,+ssRNA
2745673,2745560.0,Olleya sp. HaHaR_3_96,Duplodnaviria,Heunggongvirae,Uroviricota,Caudoviricetes,Caudoviricetes incertae sedis,Aggregaviridae,Harrekavirus,dsDNA
1046267,104452.0,Operophtera brumata,Viruses incertae sedis,Naldaviricetes,Lefavirales,Baculoviridae,Alphabaculovirus,Alphabaculovirus opbrumatae,,
1387984,42373.0,Ophiostoma novo-ulmi,Riboviria,Orthornavirae,Lenarviricota,Howeltoviricetes,Cryppavirales,Mitoviridae,Kvaramitovirus,+ssRNA
2706523,412454.0,Opuntia echios var. echios,Monodnaviria,Shotokuvirae,Cressdnaviricota,Repensiviricetes,Geplafuvirales,Geminiviridae,Opunvirus,
490711,95259.0,Orgyia leucostigma,Viruses incertae sedis,Naldaviricetes,Lefavirales,Baculoviridae,Alphabaculovirus,Alphabaculovirus orleucostigmae,,
262177,33414.0,Orgyia pseudotsugata,Viruses incertae sedis,Naldaviricetes,Lefavirales,Baculoviridae,Alphabaculovirus,Alphabaculovirus orpseudotsugatae,,
2023057,5778.0,Vermamoeba vermiformis,Varidnaviria,Bamfordvirae,Nucleocytoviricota,Megaviricetes,Pimascovirales,Ocovirineae,Orpheoviridae,
92521,72550.0,Oryctes rhinoceros,Viruses incertae sedis,Naldaviricetes,Lefavirales,Nudiviridae,Alphanudivirus,Alphanudivirus oryrhinocerotis,,
261939,29159.0,Magallana gigas,Duplodnaviria,Heunggongvirae,Peploviricota,Herviviricetes,Herpesvirales,Malacoherpesviridae,Ostreavirus,dsDNA
2083176,704560.0,Oxyplax,Viruses incertae sedis,Naldaviricetes,Lefavirales,Baculoviridae,Alphabaculovirus,Alphabaculovirus oxochraceae,,
2835987,1464.0,Paenibacillus larvae,Duplodnaviria,Heunggongvirae,Uroviricota,Caudoviricetes,Caudoviricetes incertae sedis,Fernvirus,unclassified Fernvirus,dsDNA
2249772,1464.0,Paenibacillus larvae,Duplodnaviria,Heunggongvirae,Uroviricota,Caudoviricetes,Caudoviricetes incertae sedis,Fernvirus,Fernvirus jacopo,dsDNA
2249763,1464.0,Paenibacillus larvae,Duplodnaviria,Heunggongvirae,Uroviricota,Caudoviricetes,Caudoviricetes incertae sedis,Halcyonevirus,Halcyonevirus C7Cdelta,dsDNA
2070189,1464.0,Paenibacillus larvae,Duplodnaviria,Heunggongvirae,Uroviricota,Caudoviricetes,Caudoviricetes incertae sedis,Fernvirus,Fernvirus BN12,dsDNA
1636254,1464.0,Paenibacillus larvae,Duplodnaviria,Heunggongvirae,Uroviricota,Caudoviricetes,Caudoviricetes incertae sedis,Vegasvirus,Vegasvirus vegas,dsDNA
1589750,1464.0,Paenibacillus larvae,Duplodnaviria,Heunggongvirae,Uroviricota,Caudoviricetes,Caudoviricetes incertae sedis,Fernvirus,Fernvirus diva,dsDNA
2070190,1464.0,Paenibacillus larvae,Duplodnaviria,Heunggongvirae,Uroviricota,Caudoviricetes,Caudoviricetes incertae sedis,Dragolirvirus,Dragolirvirus dragolir,dsDNA
2249765,1464.0,Paenibacillus larvae,Duplodnaviria,Heunggongvirae,Uroviricota,Caudoviricetes,Caudoviricetes incertae sedis,Fernvirus,Fernvirus eltigre,dsDNA
1636255,1464.0,Paenibacillus larvae,Duplodnaviria,Heunggongvirae,Uroviricota,Caudoviricetes,Caudoviricetes incertae sedis,Fernvirus,Fernvirus fern,dsDNA
2835990,1464.0,Paenibacillus larvae,Duplodnaviria,Heunggongvirae,Uroviricota,Caudoviricetes,Caudoviricetes incertae sedis,Fernvirus,Fernvirus shelly,dsDNA
1636256,1464.0,Paenibacillus larvae,Duplodnaviria,Heunggongvirae,Uroviricota,Caudoviricetes,Caudoviricetes incertae sedis,Halcyonevirus,Halcyonevirus halcyone,dsDNA
1636257,1464.0,Paenibacillus larvae,Duplodnaviria,Heunggongvirae,Uroviricota,Caudoviricetes,Caudoviricetes incertae sedis,Harrisonvirus,Harrisonvirus harrison,dsDNA
1589749,1464.0,Paenibacillus larvae,Duplodnaviria,Heunggongvirae,Uroviricota,Caudoviricetes,Caudoviricetes incertae sedis,Fernvirus,Fernvirus Hb10c2,dsDNA
2249777,1464.0,Paenibacillus larvae,Duplodnaviria,Heunggongvirae,Uroviricota,Caudoviricetes,Caudoviricetes incertae sedis,Fernvirus,Fernvirus kawika,dsDNA
2070192,1464.0,Paenibacillus larvae,Duplodnaviria,Heunggongvirae,Uroviricota,Caudoviricetes,Caudoviricetes incertae sedis,Fernvirus,Fernvirus leyra,dsDNA
2070193,1464.0,Paenibacillus larvae,Duplodnaviria,Heunggongvirae,Uroviricota,Caudoviricetes,Caudoviricetes incertae sedis,Fernvirus,Fernvirus likha,dsDNA
2985619,1464.0,Paenibacillus larvae,Duplodnaviria,Heunggongvirae,Uroviricota,Caudoviricetes,Caudoviricetes incertae sedis,Harrisonvirus,unclassified Harrisonvirus,dsDNA
2249769,1464.0,Paenibacillus larvae,Duplodnaviria,Heunggongvirae,Uroviricota,Caudoviricetes,Caudoviricetes incertae sedis,Wanderervirus,Wanderervirus wanderer,dsDNA
2249778,1464.0,Paenibacillus larvae,Duplodnaviria,Heunggongvirae,Uroviricota,Caudoviricetes,Caudoviricetes incertae sedis,Fernvirus,Fernvirus lucielle,dsDNA
2070195,1464.0,Paenibacillus larvae,Duplodnaviria,Heunggongvirae,Uroviricota,Caudoviricetes,Caudoviricetes incertae sedis,Fernvirus,Fernvirus pagassa,dsDNA
2070194,1464.0,Paenibacillus larvae,Duplodnaviria,Heunggongvirae,Uroviricota,Caudoviricetes,Caudoviricetes incertae sedis,Fernvirus,Fernvirus PBL1c,dsDNA
1337877,1464.0,Paenibacillus larvae,Duplodnaviria,Heunggongvirae,Uroviricota,Caudoviricetes,Caudoviricetes incertae sedis,Fernvirus,Fernvirus P123,dsDNA
1636259,1464.0,Paenibacillus larvae,Duplodnaviria,Heunggongvirae,Uroviricota,Caudoviricetes,Caudoviricetes incertae sedis,Halcyonevirus,Halcyonevirus scottie,dsDNA
1589755,1464.0,Paenibacillus larvae,Duplodnaviria,Heunggongvirae,Uroviricota,Caudoviricetes,Caudoviricetes incertae sedis,Fernvirus,Fernvirus sitara,dsDNA
2070196,1464.0,Paenibacillus larvae,Duplodnaviria,Heunggongvirae,Uroviricota,Caudoviricetes,Caudoviricetes incertae sedis,Fernvirus,Fernvirus tadhana,dsDNA
1718161,1464.0,Paenibacillus larvae,Duplodnaviria,Heunggongvirae,Uroviricota,Caudoviricetes,Caudoviricetes incertae sedis,Halcyonevirus,Halcyonevirus tripp,dsDNA
2282396,1464.0,Paenibacillus larvae,Duplodnaviria,Heunggongvirae,Uroviricota,Caudoviricetes,Caudoviricetes incertae sedis,Halcyonevirus,Halcyonevirus unity,dsDNA
2249780,1464.0,Paenibacillus larvae,Duplodnaviria,Heunggongvirae,Uroviricota,Caudoviricetes,Caudoviricetes incertae sedis,Fernvirus,Fernvirus yyerffej,dsDNA
2219036,9675.0,Paguma larvata,Monodnaviria,Shotokuvirae,Commensaviricota,Cardeaviricetes,Sanitavirales,Anelloviridae,Etatorquevirus,
2303411,4054.0,Panax ginseng,Riboviria,Orthornavirae,Kitrinoviricota,Alsuviricetes,Tymovirales,Betaflexiviridae,unclassified Betaflexiviridae,+ssRNA
1349409,5755.0,Acanthamoeba castellanii,unclassified viruses,unclassified DNA viruses,unclassified dsDNA viruses,Pandoravirus,,,,
154834,4543.0,Cenchrus americanus,Riboviria,Riboviria incertae sedis,Tombendovirales,Pamosaviridae,Papanivirus,Papanivirus panici,Panicum papanivirus 1,
2589665,53335.0,Pantoea,Duplodnaviria,Heunggongvirae,Uroviricota,Caudoviricetes,Caudoviricetes incertae sedis,Lindbergviridae,Kylevirus,dsDNA
2894291,549.0,Pantoea agglomerans,Duplodnaviria,Heunggongvirae,Uroviricota,Caudoviricetes,Caudoviricetes incertae sedis,Lietduovirus,Lietduovirus LIET2,dsDNA
2894290,549.0,Pantoea agglomerans,Duplodnaviria,Heunggongvirae,Uroviricota,Caudoviricetes,Autographivirales,Autographivirales incertae sedis,Hapakavirus,dsDNA
2894356,59814.0,Pantoea dispersa,Duplodnaviria,Heunggongvirae,Uroviricota,Caudoviricetes,Caudoviricetes incertae sedis,Felixviridae,Certevirus,dsDNA
2588093,549.0,Pantoea agglomerans,Duplodnaviria,Heunggongvirae,Uroviricota,Caudoviricetes,Caudoviricetes incertae sedis,Dibbivirus,Dibbivirus AAM37,dsDNA
2588094,549.0,Pantoea agglomerans,Duplodnaviria,Heunggongvirae,Uroviricota,Caudoviricetes,Caudoviricetes incertae sedis,Dibbivirus,Dibbivirus PSKM,dsDNA
2499073,549.0,Pantoea agglomerans,Duplodnaviria,Heunggongvirae,Uroviricota,Caudoviricetes,Caudoviricetes incertae sedis,Drexlerviridae,Sauletekiovirus,dsDNA
2099652,549.0,Pantoea agglomerans,Duplodnaviria,Heunggongvirae,Uroviricota,Caudoviricetes,Caudoviricetes incertae sedis,Vidquintavirus,Vidquintavirus Vid5,dsDNA
714640,3649.0,Carica papaya,Viruses incertae sedis,Tolecusatellitidae,Betasatellite,Betasatellite caricae,,,,
1036255,3649.0,Carica papaya,Viruses incertae sedis,Tolecusatellitidae,Betasatellite,Betasatellite caricaindianense,Papaya leaf curl India betasatellite,,,
1507984,3649.0,Carica papaya,Viruses incertae sedis,Tolecusatellitidae,Betasatellite,Betasatellite caricachinaense,Papaya leaf curl China betasatellite,,,
2213168,9556.0,Papio cynocephalus,Monodnaviria,Shotokuvirae,Cressdnaviricota,Arfiviricetes,Cremevirales,Smacoviridae,Babosmacovirus,
3032415,265.0,Paracoccus,Duplodnaviria,Heunggongvirae,Uroviricota,Caudoviricetes,Autographivirales,Autographivirales incertae sedis,Kuwvirus,dsDNA
3032416,265.0,Paracoccus,Duplodnaviria,Heunggongvirae,Uroviricota,Caudoviricetes,Autographivirales,Autographivirales incertae sedis,Mallvirus,dsDNA
1647282,288426.0,Paracoccus marinus,Duplodnaviria,Heunggongvirae,Uroviricota,Caudoviricetes,Caudoviricetes incertae sedis,Vhulanivirus,Vhulanivirus Shpa,dsDNA
2494563,59779.0,Paracoccus marcusii,Duplodnaviria,Heunggongvirae,Uroviricota,Caudoviricetes,Caudoviricetes incertae sedis,Zhuquevirus,Zhuquevirus R3,dsDNA
2558065,4043.0,Petroselinum crispum,Viruses incertae sedis,Alphasatellitidae,Nanoalphasatellitinae,Mivedwarsatellite,Mivedwarsatellite petroselini,,,
2558066,4043.0,Petroselinum crispum,Viruses incertae sedis,Alphasatellitidae,Nanoalphasatellitinae,Mivedwarsatellite,Mivedwarsatellite petrocremlingense,,,
1352534,9606.0,Homo sapiens,Monodnaviria,Shotokuvirae,Cressdnaviricota,Arfiviricetes,Lineavirales,Oomyviridae,Nicoomyvirus,
2294149,3031349.0,Passiflora edulis f. edulis,Riboviria,Orthornavirae,Pisuviricota,Stelpaviricetes,Patatavirales,Potyviridae,Roymovirus,
2911430,747.0,Pasteurella multocida,Duplodnaviria,Heunggongvirae,Uroviricota,Caudoviricetes,Caudoviricetes incertae sedis,Peduoviridae,Irtavirus,dsDNA
1737464,287.0,Pseudomonas aeruginosa,Duplodnaviria,Heunggongvirae,Uroviricota,Caudoviricetes,Caudoviricetes incertae sedis,Lindbergviridae,Pbunavirus,dsDNA
12294,3885.0,Phaseolus vulgaris,Riboviria,Orthornavirae,Kitrinoviricota,Alsuviricetes,Martellivirales,Virgaviridae,Tobravirus,+ssRNA
1931113,3888.0,Lathyrus oleraceus,Viruses incertae sedis,Tolecusatellitidae,Betasatellite,Betasatellite pisi,,,,
1441797,3888.0,Lathyrus oleraceus,Viruses incertae sedis,Alphasatellitidae,Nanoalphasatellitinae,Mivedwarsatellite,Mivedwarsatellite erbse,,,
1441798,3888.0,Lathyrus oleraceus,Viruses incertae sedis,Alphasatellitidae,Nanoalphasatellitinae,Clostunsatellite,Clostunsatellite pisi,,,
12894,3760.0,Prunus persica,Viruses incertae sedis,Avsunviroidae,Pelamoviroid,Pelamoviroid latenspruni,,,,
12783,23211.0,Pyrus communis,Viruses incertae sedis,Pospiviroidae,Apscaviroid,Apscaviroid pustulapyri,,,,
2686298,204039.0,Dickeya dianthicola,Duplodnaviria,Heunggongvirae,Uroviricota,Caudoviricetes,Caudoviricetes incertae sedis,Vandenendeviridae,Gorskivirinae,dsDNA
2041492,1913084.0,Pectobacterium sp.,Duplodnaviria,Heunggongvirae,Uroviricota,Caudoviricetes,Caudoviricetes incertae sedis,Demerecviridae,Mccorquodalevirinae,dsDNA
2662283,554.0,Pectobacterium carotovorum,Duplodnaviria,Heunggongvirae,Uroviricota,Caudoviricetes,Caudoviricetes incertae sedis,Casjensviridae,Newforgelanevirus,dsDNA
2053078,29471.0,Pectobacterium atrosepticum,Duplodnaviria,Heunggongvirae,Uroviricota,Caudoviricetes,Caudoviricetes incertae sedis,Peatvirus,Peatvirus peat2,dsDNA
1116482,218491.0,Pectobacterium atrosepticum SCRI1043,Duplodnaviria,Heunggongvirae,Uroviricota,Caudoviricetes,Caudoviricetes incertae sedis,Certrevirus,Certrevirus phiTE,dsDNA
2939654,1201031.0,Pectobacterium aroidearum,Duplodnaviria,Heunggongvirae,Uroviricota,Caudoviricetes,Caudoviricetes incertae sedis,Chimalliviridae,Moabitevirus,dsDNA
2772511,555.0,Pectobacterium carotovorum subsp. carotovorum,Duplodnaviria,Heunggongvirae,Uroviricota,Caudoviricetes,Caudoviricetes incertae sedis,Mimasvirus,Mimasvirus CBB,dsDNA
2169842,4039.0,Daucus carota,Viruses incertae sedis,Alphasatellitidae,Geminialphasatellitinae,Colecusatellite,Colecusatellite pedilanthi,,,
2681621,1253.0,Pediococcus,Duplodnaviria,Heunggongvirae,Uroviricota,Caudoviricetes,Caudoviricetes incertae sedis,Coetzeevirus,Coetzeevirus cIP1,dsDNA
1982927,246196.0,Mycolicibacterium smegmatis MC2 155,Duplodnaviria,Heunggongvirae,Uroviricota,Caudoviricetes,Caudoviricetes incertae sedis,Pegunavirus,,dsDNA
2736226,335992.0,Candidatus Pelagibacter ubique HTCC1062,Duplodnaviria,Heunggongvirae,Uroviricota,Caudoviricetes,Autographivirales,Autographivirales incertae sedis,Pelagivirus,dsDNA
2736227,335992.0,Candidatus Pelagibacter ubique HTCC1062,Duplodnaviria,Heunggongvirae,Uroviricota,Caudoviricetes,Autographivirales,Autographivirales incertae sedis,Fussvirus,dsDNA
1283078,335992.0,Candidatus Pelagibacter ubique HTCC1062,Duplodnaviria,Heunggongvirae,Uroviricota,Caudoviricetes,Autographivirales,Autographivirales incertae sedis,Stopavirus,dsDNA
2259657,335992.0,Candidatus Pelagibacter ubique HTCC1062,Duplodnaviria,Heunggongvirae,Uroviricota,Caudoviricetes,Autographivirales,Autographivirales incertae sedis,Thoosavirus,dsDNA
3072833,198251.0,Candidatus Pelagibacter,Duplodnaviria,Heunggongvirae,Uroviricota,Caudoviricetes,Autographivirales,Autographivirales incertae sedis,Aequorvirus,dsDNA
2283020,439493.0,Candidatus Pelagibacter sp. HTCC7211,Duplodnaviria,Heunggongvirae,Uroviricota,Caudoviricetes,Autographivirales,Autographivirales incertae sedis,Votkovvirus,dsDNA
2672571,6687.0,Penaeus monodon,Monodnaviria,Shotokuvirae,Cossaviricota,Quintoviricetes,Piccovirales,Parvoviridae,Metalloincertoparvovirus,
1529056,6687.0,Penaeus monodon,Viruses incertae sedis,Naldaviricetes,Lefavirales,Nudiviridae,Gammanudivirus,Gammanudivirus pemonodonis,,
2485923,5074.0,Penicillium brevicompactum,Riboviria,Riboviria incertae sedis,Polymycoviridae,Polymycovirus,Polymycovirus penicompactii,Penicillum brevicompactum polymycovirus 1,,
2164101,36651.0,Penicillium digitatum,Riboviria,Riboviria incertae sedis,Polymycoviridae,Polymycovirus,Polymycovirus penidigitati,Penicillium digitatum polymycovirus 1,,
574040,4072.0,Capsicum annuum,Viruses incertae sedis,Pospiviroidae,Pospiviroid,Pospiviroid parvicapsici,,,,
1675865,325909.0,Perigonia lusca,Viruses incertae sedis,Naldaviricetes,Lefavirales,Baculoviridae,Alphabaculovirus,Alphabaculovirus peluscae,Perigonia lusca nucleopolyhedrovirus,
481311,35925.0,Diospyros kaki,Viruses incertae sedis,Pospiviroidae,Apscaviroid,Apscaviroid diospyri,,,,
1319979,13493.0,Diospyros virginiana,Viruses incertae sedis,Pospiviroidae,Apscaviroid,Apscaviroid betadiospyri,,,,
59504,4101.0,Petunia,Riboviria,Pararnavirae,Artverviricota,Revtraviricetes,Ortervirales,Caulimoviridae,Petuvirus,dsDNA-RT
3405103,,,Duplodnaviria,Heunggongvirae,Uroviricota,Caudoviricetes,Caudoviricetes incertae sedis,Zobellviridae,Melvirus,dsDNA
1871314,28211.0,Alphaproteobacteria,Duplodnaviria,Heunggongvirae,Uroviricota,Caudoviricetes,Autographivirales,Autographivirales incertae sedis,Kafavirus,dsDNA
3043662,,,Duplodnaviria,Heunggongvirae,Uroviricota,Caudoviricetes,unclassified Caudoviricetes,Caudoviricetes code 15 clade,,dsDNA
1234615,63990.0,Samia ricini,Viruses incertae sedis,Naldaviricetes,Lefavirales,Baculoviridae,Alphabaculovirus,Alphabaculovirus anpernyi,Antheraea pernyi nucleopolyhedrovirus,
2664246,85581.0,Photobacterium damselae subsp. damselae,Duplodnaviria,Heunggongvirae,Uroviricota,Caudoviricetes,Caudoviricetes incertae sedis,Chimalliviridae,Gorgonvirinae,dsDNA
192584,192464.0,Phthorimaea operculella,Viruses incertae sedis,Naldaviricetes,Lefavirales,Baculoviridae,Betabaculovirus,Betabaculovirus phoperculellae,,
2848030,64459.0,Pieris rapae,Viruses incertae sedis,Naldaviricetes,Lefavirales,Baculoviridae,Betabaculovirus,Betabaculovirus arrapae,,
2267679,58042.0,Pinus nigra,Riboviria,Pararnavirae,Artverviricota,Revtraviricetes,Ortervirales,Caulimoviridae,unclassified Caulimoviridae,dsDNA-RT
1798085,28800.0,Notemigonus crysoleucas,Riboviria,Orthornavirae,Duplornaviricota,Chrymotiviricetes,Ghabrivirales,Betatotivirineae,Pistolviridae,dsRNA
1450746,5755.0,Acanthamoeba castellanii,unclassified viruses,unclassified DNA viruses,unclassified dsDNA viruses,Pithoviruses,Orthopithovirinae,Alphapithovirus,Alphapithovirus sibericum,
2100419,79327.0,Schmidtea mediterranea,Riboviria,Orthornavirae,Pisuviricota,Pisoniviricetes,Nidovirales,Monidovirineae,Mononiviridae,
46014,2148.0,Acholeplasma laidlawii,Viruses incertae sedis,Plasmaviridae,Plasmavirus,,,,,
262175,58824.0,Plodia interpunctella,Viruses incertae sedis,Naldaviricetes,Lefavirales,Baculoviridae,Betabaculovirus,Betabaculovirus plinterpunctellae,,
2726182,88123.0,Prunus salicina,Viruses incertae sedis,Pospiviroidae,Apscaviroid,Apscaviroid latenspruni,,,,
98383,51655.0,Plutella xylostella,Viruses incertae sedis,Naldaviricetes,Lefavirales,Baculoviridae,Betabaculovirus,Betabaculovirus pluxylostellae,,
379891,51655.0,Plutella xylostella,Viruses incertae sedis,Naldaviricetes,Lefavirales,Baculoviridae,Alphabaculovirus,Alphabaculovirus aucalifornicae,,
1105383,9823.0,Sus scrofa,Monodnaviria,Shotokuvirae,Cressdnaviricota,Arfiviricetes,Rohanvirales,Kirkoviridae,Aglavirus,
1105385,9823.0,Sus scrofa,Monodnaviria,Shotokuvirae,Cressdnaviricota,Arfiviricetes,Rohanvirales,Kirkoviridae,Melianvirus,
305785,37495.0,Euphorbia pulcherrima,Riboviria,Orthornavirae,Pisuviricota,Pisoniviricetes,Sobelivirales,Solemoviridae,Polemovirus,
2745646,2745561.0,Polaribacter sp. HaHaR_3_91,Duplodnaviria,Heunggongvirae,Uroviricota,Caudoviricetes,Caudoviricetes incertae sedis,Forsetiviridae,Freyavirus,dsDNA
2745684,2745562.0,Polaribacter sp. AHE13PA,Duplodnaviria,Heunggongvirae,Uroviricota,Caudoviricetes,Caudoviricetes incertae sedis,Helgolandviridae,Leefvirus,dsDNA
1647386,52959.0,Polaribacter,Duplodnaviria,Heunggongvirae,Uroviricota,Caudoviricetes,Caudoviricetes incertae sedis,Incheonvirus,Incheonvirus P12002L,dsDNA
1647387,52959.0,Polaribacter,Duplodnaviria,Heunggongvirae,Uroviricota,Caudoviricetes,Caudoviricetes incertae sedis,Incheonvirus,Incheonvirus P12002S,dsDNA
3144280,837.0,Porphyromonas gingivalis,Duplodnaviria,Heunggongvirae,Uroviricota,Caudoviricetes,Caudoviricetes incertae sedis,Ludisviridae,Ludisvirus,dsDNA
3144281,837.0,Porphyromonas gingivalis,Duplodnaviria,Heunggongvirae,Uroviricota,Caudoviricetes,Caudoviricetes incertae sedis,Alisviridae,Honmavirus,dsDNA
3144283,837.0,Porphyromonas gingivalis,Duplodnaviria,Heunggongvirae,Uroviricota,Caudoviricetes,Caudoviricetes incertae sedis,Nixviridae,Dewhirstvirus,dsDNA
1667384,3582.0,Portulaca,Viruses incertae sedis,Pospiviroidae,Pospiviroid,Pospiviroid latensportulacae,Pospiviroid plvd,,,
1105380,9823.0,Sus scrofa,Riboviria,Orthornavirae,Pisuviricota,Pisoniviricetes,Picornavirales,unclassified Picornavirales,Posavirus,
3071324,133814.0,Candidatus Poseidoniales,Duplodnaviria,Heunggongvirae,Uroviricota,Caudoviricetes,Magrovirales,Aoguangviridae,Aobingvirus,dsDNA
12892,4081.0,Solanum lycopersicum,Viruses incertae sedis,Pospiviroidae,Pospiviroid,Pospiviroid fusituberis,,,,
1335638,33658.0,Phaeocystis globosa,Varidnaviria,Bamfordvirae,Preplasmiviricota,unclassified Preplasmiviricota,,,,
2491281,59823.0,Prevotella sp.,Duplodnaviria,Heunggongvirae,Uroviricota,Caudoviricetes,Grandevirales,Lakviridae,Quingentivirinae,dsDNA
2011081,287.0,Pseudomonas aeruginosa,Monodnaviria,Loebvirae,Hofneiviricota,Faserviricetes,Tubulavirales,Inoviridae,Primolicivirus,
889956,1218.0,Prochlorococcus,Duplodnaviria,Heunggongvirae,Uroviricota,Caudoviricetes,Caudoviricetes incertae sedis,Eurybiavirus,Eurybiavirus MED4213,dsDNA
382262,59919.0,Prochlorococcus marinus subsp. pastoris str. CCMP1986,Duplodnaviria,Heunggongvirae,Uroviricota,Caudoviricetes,Autographivirales,Autographivirales incertae sedis,Lingvirus,dsDNA
445700,59919.0,Prochlorococcus marinus subsp. pastoris str. CCMP1986,Duplodnaviria,Heunggongvirae,Uroviricota,Caudoviricetes,Caudoviricetes incertae sedis,Eurybiavirus,Eurybiavirus PHM2,dsDNA
445688,167555.0,Prochlorococcus marinus str. NATL1A,Duplodnaviria,Heunggongvirae,Uroviricota,Caudoviricetes,Pantevenvirales,Kyanoviridae,Palaemonvirus,dsDNA
2908095,1218.0,Prochlorococcus,Duplodnaviria,Heunggongvirae,Uroviricota,Caudoviricetes,Autographivirales,Autographivirales incertae sedis,Tiamatvirus,dsDNA
1542477,1220.0,Prochlorococcus sp.,Duplodnaviria,Heunggongvirae,Uroviricota,Caudoviricetes,Pantevenvirales,Kyanoviridae,Haifavirus,dsDNA
1897531,1744.0,Propionibacterium freudenreichii,Duplodnaviria,Heunggongvirae,Uroviricota,Caudoviricetes,Caudoviricetes incertae sedis,Anatolevirus,Anatolevirus anatole,dsDNA
1229793,1747.0,Cutibacterium acnes,Duplodnaviria,Heunggongvirae,Uroviricota,Caudoviricetes,Caudoviricetes incertae sedis,Pahexavirus,Pahexavirus ATCC29399BT,dsDNA
1655012,1747.0,Cutibacterium acnes,Duplodnaviria,Heunggongvirae,Uroviricota,Caudoviricetes,Caudoviricetes incertae sedis,Pahexavirus,Pahexavirus attacne,dsDNA
1897532,1744.0,Propionibacterium freudenreichii,Duplodnaviria,Heunggongvirae,Uroviricota,Caudoviricetes,Caudoviricetes incertae sedis,Doucettevirus,Doucettevirus B22,dsDNA
1897533,1744.0,Propionibacterium freudenreichii,Duplodnaviria,Heunggongvirae,Uroviricota,Caudoviricetes,Caudoviricetes incertae sedis,Anatolevirus,Anatolevirus B3,dsDNA
189836,1744.0,Propionibacterium freudenreichii,Monodnaviria,Loebvirae,Hofneiviricota,Faserviricetes,Tubulavirales,Paulinoviridae,Bifilivirus,
1897534,1744.0,Propionibacterium freudenreichii,Duplodnaviria,Heunggongvirae,Uroviricota,Caudoviricetes,Caudoviricetes incertae sedis,Doucettevirus,Doucettevirus doucette,dsDNA
1897536,1744.0,Propionibacterium freudenreichii,Duplodnaviria,Heunggongvirae,Uroviricota,Caudoviricetes,Caudoviricetes incertae sedis,Doucettevirus,Doucettevirus E6,dsDNA
1897537,1744.0,Propionibacterium freudenreichii,Duplodnaviria,Heunggongvirae,Uroviricota,Caudoviricetes,Caudoviricetes incertae sedis,Doucettevirus,Doucettevirus G4,dsDNA
1655013,1747.0,Cutibacterium acnes,Duplodnaviria,Heunggongvirae,Uroviricota,Caudoviricetes,Caudoviricetes incertae sedis,Pahexavirus,Pahexavirus keiki,dsDNA
1655014,1747.0,Cutibacterium acnes,Duplodnaviria,Heunggongvirae,Uroviricota,Caudoviricetes,Caudoviricetes incertae sedis,Pahexavirus,Pahexavirus kubed,dsDNA
1655015,1747.0,Cutibacterium acnes,Duplodnaviria,Heunggongvirae,Uroviricota,Caudoviricetes,Caudoviricetes incertae sedis,Pahexavirus,Pahexavirus lauchelly,dsDNA
1655016,1747.0,Cutibacterium acnes,Duplodnaviria,Heunggongvirae,Uroviricota,Caudoviricetes,Caudoviricetes incertae sedis,Pahexavirus,Pahexavirus mrAK,dsDNA
1655017,1747.0,Cutibacterium acnes,Duplodnaviria,Heunggongvirae,Uroviricota,Caudoviricetes,Caudoviricetes incertae sedis,Pahexavirus,Pahexavirus ouroboros,dsDNA
1229792,1747.0,Cutibacterium acnes,Duplodnaviria,Heunggongvirae,Uroviricota,Caudoviricetes,Caudoviricetes incertae sedis,Pahexavirus,Pahexavirus P11,dsDNA
1229789,1747.0,Cutibacterium acnes,Duplodnaviria,Heunggongvirae,Uroviricota,Caudoviricetes,Caudoviricetes incertae sedis,Pahexavirus,Pahexavirus P100D,dsDNA
1229791,1747.0,Cutibacterium acnes,Duplodnaviria,Heunggongvirae,Uroviricota,Caudoviricetes,Caudoviricetes incertae sedis,Pahexavirus,Pahexavirus P1001,dsDNA
1229790,1747.0,Cutibacterium acnes,Duplodnaviria,Heunggongvirae,Uroviricota,Caudoviricetes,Caudoviricetes incertae sedis,Pahexavirus,Pahexavirus P100A,dsDNA
1229786,1747.0,Cutibacterium acnes,Duplodnaviria,Heunggongvirae,Uroviricota,Caudoviricetes,Caudoviricetes incertae sedis,Pahexavirus,Pahexavirus P101A,dsDNA
1229787,1747.0,Cutibacterium acnes,Duplodnaviria,Heunggongvirae,Uroviricota,Caudoviricetes,Caudoviricetes incertae sedis,Pahexavirus,Pahexavirus P104A,dsDNA
1229788,1747.0,Cutibacterium acnes,Duplodnaviria,Heunggongvirae,Uroviricota,Caudoviricetes,Caudoviricetes incertae sedis,Pahexavirus,Pahexavirus P105,dsDNA
1229784,1747.0,Cutibacterium acnes,Duplodnaviria,Heunggongvirae,Uroviricota,Caudoviricetes,Caudoviricetes incertae sedis,Pahexavirus,Pahexavirus P144,dsDNA
1229782,1747.0,Cutibacterium acnes,Duplodnaviria,Heunggongvirae,Uroviricota,Caudoviricetes,Caudoviricetes incertae sedis,Pahexavirus,Pahexavirus P91,dsDNA
376758,1747.0,Cutibacterium acnes,Duplodnaviria,Heunggongvirae,Uroviricota,Caudoviricetes,Caudoviricetes incertae sedis,Pahexavirus,Pahexavirus PA6,dsDNA
1498188,1747.0,Cutibacterium acnes,Duplodnaviria,Heunggongvirae,Uroviricota,Caudoviricetes,Caudoviricetes incertae sedis,Pahexavirus,Pahexavirus pacnes201215,dsDNA
504501,1747.0,Cutibacterium acnes,Duplodnaviria,Heunggongvirae,Uroviricota,Caudoviricetes,Caudoviricetes incertae sedis,Pahexavirus,Pahexavirus PAD20,dsDNA
504553,1747.0,Cutibacterium acnes,Duplodnaviria,Heunggongvirae,Uroviricota,Caudoviricetes,Caudoviricetes incertae sedis,Pahexavirus,Pahexavirus PAS50,dsDNA
1838137,1744.0,Propionibacterium freudenreichii,Duplodnaviria,Heunggongvirae,Uroviricota,Caudoviricetes,Caudoviricetes incertae sedis,Pulverervirus,Pulverervirus PFR1,dsDNA
2749186,1747.0,Cutibacterium acnes,Duplodnaviria,Heunggongvirae,Uroviricota,Caudoviricetes,Caudoviricetes incertae sedis,Pahexavirus,Pahexavirus PHL082M03,dsDNA
1500798,1747.0,Cutibacterium acnes,Duplodnaviria,Heunggongvirae,Uroviricota,Caudoviricetes,Caudoviricetes incertae sedis,Pahexavirus,Pahexavirus PHL009M11,dsDNA
1235645,1747.0,Cutibacterium acnes,Duplodnaviria,Heunggongvirae,Uroviricota,Caudoviricetes,Caudoviricetes incertae sedis,Pahexavirus,Pahexavirus PHL151N00,dsDNA
1500799,1747.0,Cutibacterium acnes,Duplodnaviria,Heunggongvirae,Uroviricota,Caudoviricetes,Caudoviricetes incertae sedis,Pahexavirus,Pahexavirus PHL025M00,dsDNA
1500800,1747.0,Cutibacterium acnes,Duplodnaviria,Heunggongvirae,Uroviricota,Caudoviricetes,Caudoviricetes incertae sedis,Pahexavirus,Pahexavirus PHL117M01,dsDNA
1235646,1747.0,Cutibacterium acnes,Duplodnaviria,Heunggongvirae,Uroviricota,Caudoviricetes,Caudoviricetes incertae sedis,Pahexavirus,Pahexavirus PHL037M02,dsDNA
1500801,1747.0,Cutibacterium acnes,Duplodnaviria,Heunggongvirae,Uroviricota,Caudoviricetes,Caudoviricetes incertae sedis,Pahexavirus,Pahexavirus PHL041M10,dsDNA
1500802,1747.0,Cutibacterium acnes,Duplodnaviria,Heunggongvirae,Uroviricota,Caudoviricetes,Caudoviricetes incertae sedis,Pahexavirus,Pahexavirus PHL117M00,dsDNA
1235647,1747.0,Cutibacterium acnes,Duplodnaviria,Heunggongvirae,Uroviricota,Caudoviricetes,Caudoviricetes incertae sedis,Pahexavirus,Pahexavirus PHL060L00,dsDNA
1500805,1747.0,Cutibacterium acnes,Duplodnaviria,Heunggongvirae,Uroviricota,Caudoviricetes,Caudoviricetes incertae sedis,Pahexavirus,Pahexavirus PHL067M01,dsDNA
1500807,1747.0,Cutibacterium acnes,Duplodnaviria,Heunggongvirae,Uroviricota,Caudoviricetes,Caudoviricetes incertae sedis,Pahexavirus,Pahexavirus PHL070N00,dsDNA
1235650,1747.0,Cutibacterium acnes,Duplodnaviria,Heunggongvirae,Uroviricota,Caudoviricetes,Caudoviricetes incertae sedis,Pahexavirus,Pahexavirus PHL071N05,dsDNA
1500813,1747.0,Cutibacterium acnes,Duplodnaviria,Heunggongvirae,Uroviricota,Caudoviricetes,Caudoviricetes incertae sedis,Pahexavirus,Pahexavirus PHL092M00,dsDNA
1500814,1747.0,Cutibacterium acnes,Duplodnaviria,Heunggongvirae,Uroviricota,Caudoviricetes,Caudoviricetes incertae sedis,Pahexavirus,Pahexavirus PHL095N00,dsDNA
1235653,1747.0,Cutibacterium acnes,Duplodnaviria,Heunggongvirae,Uroviricota,Caudoviricetes,Caudoviricetes incertae sedis,Pahexavirus,Pahexavirus PHL111M01,dsDNA
1235654,1747.0,Cutibacterium acnes,Duplodnaviria,Heunggongvirae,Uroviricota,Caudoviricetes,Caudoviricetes incertae sedis,Pahexavirus,Pahexavirus PHL112N00,dsDNA
1235655,1747.0,Cutibacterium acnes,Duplodnaviria,Heunggongvirae,Uroviricota,Caudoviricetes,Caudoviricetes incertae sedis,Pahexavirus,Pahexavirus PHL113M01,dsDNA
1235656,1747.0,Cutibacterium acnes,Duplodnaviria,Heunggongvirae,Uroviricota,Caudoviricetes,Caudoviricetes incertae sedis,Pahexavirus,Pahexavirus PHL114L00,dsDNA
1500816,1747.0,Cutibacterium acnes,Duplodnaviria,Heunggongvirae,Uroviricota,Caudoviricetes,Caudoviricetes incertae sedis,Pahexavirus,Pahexavirus PHL116M00,dsDNA
1500820,1747.0,Cutibacterium acnes,Duplodnaviria,Heunggongvirae,Uroviricota,Caudoviricetes,Caudoviricetes incertae sedis,Pahexavirus,Pahexavirus PHL132N00,dsDNA
1500821,1747.0,Cutibacterium acnes,Duplodnaviria,Heunggongvirae,Uroviricota,Caudoviricetes,Caudoviricetes incertae sedis,Pahexavirus,Pahexavirus PHL141N00,dsDNA
1500822,1747.0,Cutibacterium acnes,Duplodnaviria,Heunggongvirae,Uroviricota,Caudoviricetes,Caudoviricetes incertae sedis,Pahexavirus,Pahexavirus PHL308M00,dsDNA
1500823,1747.0,Cutibacterium acnes,Duplodnaviria,Heunggongvirae,Uroviricota,Caudoviricetes,Caudoviricetes incertae sedis,Pahexavirus,Pahexavirus PHL151M00,dsDNA
1500825,1747.0,Cutibacterium acnes,Duplodnaviria,Heunggongvirae,Uroviricota,Caudoviricetes,Caudoviricetes incertae sedis,Pahexavirus,Pahexavirus PHL152M00,dsDNA
1500826,1747.0,Cutibacterium acnes,Duplodnaviria,Heunggongvirae,Uroviricota,Caudoviricetes,Caudoviricetes incertae sedis,Pahexavirus,Pahexavirus PHL163M00,dsDNA
1500827,1747.0,Cutibacterium acnes,Duplodnaviria,Heunggongvirae,Uroviricota,Caudoviricetes,Caudoviricetes incertae sedis,Pahexavirus,Pahexavirus PHL171M01,dsDNA
1500828,1747.0,Cutibacterium acnes,Duplodnaviria,Heunggongvirae,Uroviricota,Caudoviricetes,Caudoviricetes incertae sedis,Pahexavirus,Pahexavirus PHL179M00,dsDNA
1500829,1747.0,Cutibacterium acnes,Duplodnaviria,Heunggongvirae,Uroviricota,Caudoviricetes,Caudoviricetes incertae sedis,Pahexavirus,Pahexavirus PHL194M00,dsDNA
1500830,1747.0,Cutibacterium acnes,Duplodnaviria,Heunggongvirae,Uroviricota,Caudoviricetes,Caudoviricetes incertae sedis,Pahexavirus,Pahexavirus PHL199M00,dsDNA
1500831,1747.0,Cutibacterium acnes,Duplodnaviria,Heunggongvirae,Uroviricota,Caudoviricetes,Caudoviricetes incertae sedis,Pahexavirus,Pahexavirus PHL301M00,dsDNA
1655018,1747.0,Cutibacterium acnes,Duplodnaviria,Heunggongvirae,Uroviricota,Caudoviricetes,Caudoviricetes incertae sedis,Pahexavirus,Pahexavirus pirate,dsDNA
1655019,1747.0,Cutibacterium acnes,Duplodnaviria,Heunggongvirae,Uroviricota,Caudoviricetes,Caudoviricetes incertae sedis,Pahexavirus,Pahexavirus procrass1,dsDNA
1655020,1747.0,Cutibacterium acnes,Duplodnaviria,Heunggongvirae,Uroviricota,Caudoviricetes,Caudoviricetes incertae sedis,Pahexavirus,Pahexavirus SKKY,dsDNA
1655021,1747.0,Cutibacterium acnes,Duplodnaviria,Heunggongvirae,Uroviricota,Caudoviricetes,Caudoviricetes incertae sedis,Pahexavirus,Pahexavirus solid,dsDNA
1655022,1747.0,Cutibacterium acnes,Duplodnaviria,Heunggongvirae,Uroviricota,Caudoviricetes,Caudoviricetes incertae sedis,Pahexavirus,Pahexavirus stormborn,dsDNA
1655023,1747.0,Cutibacterium acnes,Duplodnaviria,Heunggongvirae,Uroviricota,Caudoviricetes,Caudoviricetes incertae sedis,Pahexavirus,Pahexavirus wizzo,dsDNA
2767544,584.0,Proteus mirabilis,Duplodnaviria,Heunggongvirae,Uroviricota,Caudoviricetes,Caudoviricetes incertae sedis,Demerecviridae,Novosibvirus,dsDNA
2692740,584.0,Proteus mirabilis,Duplodnaviria,Heunggongvirae,Uroviricota,Caudoviricetes,Caudoviricetes incertae sedis,Gorganvirus,unclassified Gorganvirus,dsDNA
3129739,584.0,Proteus mirabilis,Duplodnaviria,Heunggongvirae,Uroviricota,Caudoviricetes,Caudoviricetes incertae sedis,Grimontviridae,unclassified Grimontviridae,dsDNA
2483610,584.0,Proteus mirabilis,Duplodnaviria,Heunggongvirae,Uroviricota,Caudoviricetes,Caudoviricetes incertae sedis,Mydovirus,Mydovirus mydo,dsDNA
2065203,102862.0,Proteus penneri,Duplodnaviria,Heunggongvirae,Uroviricota,Caudoviricetes,Pantevenvirales,Straboviridae,Bragavirus,dsDNA
2596672,525369.0,Proteus mirabilis ATCC 29906,Duplodnaviria,Heunggongvirae,Uroviricota,Caudoviricetes,Caudoviricetes incertae sedis,Casjensviridae,Cenphatecvirus,dsDNA
1969841,584.0,Proteus mirabilis,Duplodnaviria,Heunggongvirae,Uroviricota,Caudoviricetes,Caudoviricetes incertae sedis,Gorganvirus,Gorganvirus isfahan,dsDNA
213633,7113.0,Helicoverpa zea,Riboviria,Orthornavirae,Kitrinoviricota,Tolucaviricetes,unclassified Tolucaviricetes,Tolivirales,Carmotetraviridae,+ssRNA
2783540,588.0,Providencia stuartii,Duplodnaviria,Heunggongvirae,Uroviricota,Caudoviricetes,Caudoviricetes incertae sedis,Casjensviridae,Kokobelvirus,dsDNA
2783546,588.0,Providencia stuartii,Duplodnaviria,Heunggongvirae,Uroviricota,Caudoviricetes,Caudoviricetes incertae sedis,Craquatrovirus,Craquatrovirus PSTCR4,dsDNA
2783547,588.0,Providencia stuartii,Duplodnaviria,Heunggongvirae,Uroviricota,Caudoviricetes,Caudoviricetes incertae sedis,Demerecviridae,Priunavirus,dsDNA
2783549,588.0,Providencia stuartii,Duplodnaviria,Heunggongvirae,Uroviricota,Caudoviricetes,Caudoviricetes incertae sedis,Craquatrovirus,Craquatrovirus PSTCR7,dsDNA
2783552,588.0,Providencia stuartii,Duplodnaviria,Heunggongvirae,Uroviricota,Caudoviricetes,Caudoviricetes incertae sedis,Casjensviridae,Redjacvirus,dsDNA
2783542,588.0,Providencia stuartii,Duplodnaviria,Heunggongvirae,Uroviricota,Caudoviricetes,Autographivirales,Autonotataviridae,Jeruvirus,dsDNA
1499987,97486.0,Prymnesium kappa,Varidnaviria,Bamfordvirae,Nucleocytoviricota,Megaviricetes,Imitervirales,Schizomimiviridae,Biavirus,
36355,103831.0,Mythimna unipuncta,Viruses incertae sedis,Naldaviricetes,Lefavirales,Baculoviridae,Betabaculovirus,Betabaculovirus myunipunctae,,
1916107,53249.0,Pseudoalteromonas sp.,Duplodnaviria,Heunggongvirae,Uroviricota,Caudoviricetes,Caudoviricetes incertae sedis,Peduoviridae,Catalunyavirus,dsDNA
2099852,53249.0,Pseudoalteromonas sp.,Varidnaviria,Abadenavirae,Produgelaviricota,Belvinaviricetes,Vinavirales,Corticoviridae,Merivirus,
2510463,53249.0,Pseudoalteromonas sp.,Varidnaviria,Abadenavirae,Produgelaviricota,Belvinaviricetes,Vinavirales,Corticoviridae,Corticovirus,
1654919,267375.0,Pseudoalteromonas marina,Duplodnaviria,Heunggongvirae,Uroviricota,Caudoviricetes,Caudoviricetes incertae sedis,Shandongvirus,Shandongvirus H101,dsDNA
1357705,53249.0,Pseudoalteromonas sp.,Duplodnaviria,Heunggongvirae,Uroviricota,Caudoviricetes,Caudoviricetes incertae sedis,Qingdaovirus,unclassified Qingdaovirus,dsDNA
2023998,53249.0,Pseudoalteromonas sp.,Duplodnaviria,Heunggongvirae,Uroviricota,Caudoviricetes,Caudoviricetes incertae sedis,Qingdaovirus,Qingdaovirus J21,dsDNA
754052,728062.0,Pseudoalteromonas sp. YD6,Duplodnaviria,Heunggongvirae,Uroviricota,Caudoviricetes,Caudoviricetes incertae sedis,Schitoviridae,Fuhrmanvirinae,dsDNA
2911431,287.0,Pseudomonas aeruginosa,Duplodnaviria,Heunggongvirae,Uroviricota,Caudoviricetes,Caudoviricetes incertae sedis,Fredfastierviridae,Jamesmcgillvirus,dsDNA
3090677,287.0,Pseudomonas aeruginosa,Duplodnaviria,Heunggongvirae,Uroviricota,Caudoviricetes,Caudoviricetes incertae sedis,Chimalliviridae,Phikzvirus,dsDNA
3082143,287.0,Pseudomonas aeruginosa,Monodnaviria,Loebvirae,Hofneiviricota,Faserviricetes,Tubulavirales,unclassified Tubulavirales,,
198110,587753.0,Pseudomonas chlororaphis,Duplodnaviria,Heunggongvirae,Uroviricota,Caudoviricetes,Caudoviricetes incertae sedis,Chimalliviridae,Serwervirus,dsDNA
3028490,287.0,Pseudomonas aeruginosa,Duplodnaviria,Heunggongvirae,Uroviricota,Caudoviricetes,Caudoviricetes incertae sedis,Bixiavirus,unclassified Bixiavirus,dsDNA
2713464,208964.0,Pseudomonas aeruginosa PAO1,Duplodnaviria,Heunggongvirae,Uroviricota,Caudoviricetes,Caudoviricetes incertae sedis,Schitoviridae,Migulavirinae,dsDNA
347325,287.0,Pseudomonas aeruginosa,Duplodnaviria,Heunggongvirae,Uroviricota,Caudoviricetes,Caudoviricetes incertae sedis,Septimatrevirus,Septimatrevirus C1,dsDNA
2163965,294.0,Pseudomonas fluorescens,Duplodnaviria,Heunggongvirae,Uroviricota,Caudoviricetes,Caudoviricetes incertae sedis,Schitoviridae,Littlefixvirus,dsDNA
2801525,287.0,Pseudomonas aeruginosa,Duplodnaviria,Heunggongvirae,Uroviricota,Caudoviricetes,Caudoviricetes incertae sedis,Casadabanvirus,Casadabanvirus AIIMSPaB1,dsDNA
1873949,317.0,Pseudomonas syringae,Duplodnaviria,Heunggongvirae,Uroviricota,Caudoviricetes,Autographivirales,Autonotataviridae,Bifseptvirus,dsDNA
3423286,287.0,Pseudomonas aeruginosa,Duplodnaviria,Heunggongvirae,Uroviricota,Caudoviricetes,Caudoviricetes incertae sedis,Hollowayvirus,unclassified Hollowayvirus,dsDNA
2814691,287.0,Pseudomonas aeruginosa,Duplodnaviria,Heunggongvirae,Uroviricota,Caudoviricetes,Caudoviricetes incertae sedis,Bruynoghevirus,unclassified Bruynoghevirus,dsDNA
2814692,287.0,Pseudomonas aeruginosa,Duplodnaviria,Heunggongvirae,Uroviricota,Caudoviricetes,Caudoviricetes incertae sedis,Septimatrevirus,unclassified Septimatrevirus,dsDNA
151599,208964.0,Pseudomonas aeruginosa PAO1,Duplodnaviria,Heunggongvirae,Uroviricota,Caudoviricetes,Caudoviricetes incertae sedis,Beetrevirus,Beetrevirus B3,dsDNA
3374116,287.0,Pseudomonas aeruginosa,Duplodnaviria,Heunggongvirae,Uroviricota,Caudoviricetes,Caudoviricetes incertae sedis,Casadabanvirus,unclassified Casadabanvirus,dsDNA
2801385,317.0,Pseudomonas syringae,Duplodnaviria,Heunggongvirae,Uroviricota,Caudoviricetes,Autographivirales,Autoscriptoviridae,Bertilvirus,dsDNA
2894349,287.0,Pseudomonas aeruginosa,Duplodnaviria,Heunggongvirae,Uroviricota,Caudoviricetes,Caudoviricetes incertae sedis,Samunavirus,unclassified Samunavirus,dsDNA
2079288,306.0,Pseudomonas sp.,Duplodnaviria,Heunggongvirae,Uroviricota,Caudoviricetes,Caudoviricetes incertae sedis,Bjornvirus,Bjornvirus bjorn,dsDNA
2982892,287.0,Pseudomonas aeruginosa,Duplodnaviria,Heunggongvirae,Uroviricota,Caudoviricetes,Caudoviricetes incertae sedis,Septimatrevirus,Septimatrevirus PX5,dsDNA
2829367,287.0,Pseudomonas aeruginosa,Duplodnaviria,Heunggongvirae,Uroviricota,Caudoviricetes,Caudoviricetes incertae sedis,Lishizhenvirus,Lishizhenvirus BUCT566,dsDNA
3061955,287.0,Pseudomonas aeruginosa,Duplodnaviria,Heunggongvirae,Uroviricota,Caudoviricetes,Caudoviricetes incertae sedis,Arenbergviridae,Wroclawvirus,dsDNA
1327965,1227568.0,Pseudomonas aeruginosa CHA,Duplodnaviria,Heunggongvirae,Uroviricota,Caudoviricetes,Caudoviricetes incertae sedis,Vandenendeviridae,Nankokuvirus,dsDNA
2932880,287.0,Pseudomonas aeruginosa,Duplodnaviria,Heunggongvirae,Uroviricota,Caudoviricetes,Caudoviricetes incertae sedis,Detrevirus,Detrevirus D3,dsDNA
2907964,287.0,Pseudomonas aeruginosa,Duplodnaviria,Heunggongvirae,Uroviricota,Caudoviricetes,Caudoviricetes incertae sedis,Casadabanvirus,Casadabanvirus JBD26,dsDNA
2913973,287.0,Pseudomonas aeruginosa,Duplodnaviria,Heunggongvirae,Uroviricota,Caudoviricetes,Caudoviricetes incertae sedis,Casadabanvirus,Casadabanvirus DMS3,dsDNA
2900148,223283.0,Pseudomonas syringae pv. tomato str. DC3000,Duplodnaviria,Heunggongvirae,Uroviricota,Caudoviricetes,Autographivirales,Autonotataviridae,Pollyceevirus,dsDNA
273133,287.0,Pseudomonas aeruginosa,Duplodnaviria,Heunggongvirae,Uroviricota,Caudoviricetes,Caudoviricetes incertae sedis,Chimalliviridae,Elvirus,dsDNA
2719568,306.0,Pseudomonas sp.,Duplodnaviria,Heunggongvirae,Uroviricota,Caudoviricetes,Caudoviricetes incertae sedis,Bruynoghevirus,Bruynoghevirus PaP3,dsDNA
2719194,306.0,Pseudomonas sp.,Duplodnaviria,Heunggongvirae,Uroviricota,Caudoviricetes,Caudoviricetes incertae sedis,Hollowayvirus,Hollowayvirus Epa33,dsDNA
2719197,306.0,Pseudomonas sp.,Duplodnaviria,Heunggongvirae,Uroviricota,Caudoviricetes,Caudoviricetes incertae sedis,Bruynoghevirus,Bruynoghevirus PAA2,dsDNA
2719198,306.0,Pseudomonas sp.,Duplodnaviria,Heunggongvirae,Uroviricota,Caudoviricetes,Caudoviricetes incertae sedis,Septimatrevirus,Septimatrevirus epa40,dsDNA
2679904,287.0,Pseudomonas aeruginosa,Duplodnaviria,Heunggongvirae,Uroviricota,Caudoviricetes,Caudoviricetes incertae sedis,Hollowayvirus,Hollowayvirus F116,dsDNA
2301634,287.0,Pseudomonas aeruginosa,Duplodnaviria,Heunggongvirae,Uroviricota,Caudoviricetes,Caudoviricetes incertae sedis,Torontovirus,Torontovirus Fc02,dsDNA
2301635,287.0,Pseudomonas aeruginosa,Duplodnaviria,Heunggongvirae,Uroviricota,Caudoviricetes,Caudoviricetes incertae sedis,Torontovirus,Torontovirus Fc22,dsDNA
1542103,286.0,Pseudomonas,Duplodnaviria,Heunggongvirae,Uroviricota,Caudoviricetes,Caudoviricetes incertae sedis,Casadabanvirus,Casadabanvirus FET309,dsDNA
2923005,286.0,Pseudomonas,Duplodnaviria,Heunggongvirae,Uroviricota,Caudoviricetes,Caudoviricetes incertae sedis,Casadabanvirus,Casadabanvirus FHA0480,dsDNA
2872676,287.0,Pseudomonas aeruginosa,Duplodnaviria,Heunggongvirae,Uroviricota,Caudoviricetes,Caudoviricetes incertae sedis,Septimatrevirus,Septimatrevirus guyu,dsDNA
2928683,208964.0,Pseudomonas aeruginosa PAO1,Duplodnaviria,Heunggongvirae,Uroviricota,Caudoviricetes,Caudoviricetes incertae sedis,Hollowayvirus,Hollowayvirus H66,dsDNA
2301636,287.0,Pseudomonas aeruginosa,Duplodnaviria,Heunggongvirae,Uroviricota,Caudoviricetes,Caudoviricetes incertae sedis,Torontovirus,Torontovirus H71,dsDNA
2301637,287.0,Pseudomonas aeruginosa,Duplodnaviria,Heunggongvirae,Uroviricota,Caudoviricetes,Caudoviricetes incertae sedis,Torontovirus,Torontovirus H72,dsDNA
2912595,103796.0,Pseudomonas syringae pv. actinidiae,Duplodnaviria,Heunggongvirae,Uroviricota,Caudoviricetes,Caudoviricetes incertae sedis,Nickievirus,unclassified Nickievirus,dsDNA
3234043,287.0,Pseudomonas aeruginosa,Duplodnaviria,Heunggongvirae,Uroviricota,Caudoviricetes,Caudoviricetes incertae sedis,Chimalliviridae,Pawinskivirus,dsDNA
2592193,287.0,Pseudomonas aeruginosa,Duplodnaviria,Heunggongvirae,Uroviricota,Caudoviricetes,Caudoviricetes incertae sedis,Iggyvirus,Iggyvirus iggy,dsDNA
2041348,287.0,Pseudomonas aeruginosa,Duplodnaviria,Heunggongvirae,Uroviricota,Caudoviricetes,Caudoviricetes incertae sedis,Zobellviridae,Paundecimvirus,dsDNA
2805750,287.0,Pseudomonas aeruginosa,Duplodnaviria,Heunggongvirae,Uroviricota,Caudoviricetes,Caudoviricetes incertae sedis,Ittyvirus,Ittyvirus itty13,dsDNA
1777051,652611.0,Pseudomonas aeruginosa PA14,Duplodnaviria,Heunggongvirae,Uroviricota,Caudoviricetes,Caudoviricetes incertae sedis,Casadabanvirus,Casadabanvirus MP22,dsDNA
1223259,652611.0,Pseudomonas aeruginosa PA14,Duplodnaviria,Heunggongvirae,Uroviricota,Caudoviricetes,Caudoviricetes incertae sedis,Casadabanvirus,Casadabanvirus JBD24,dsDNA
1225792,286.0,Pseudomonas,Duplodnaviria,Heunggongvirae,Uroviricota,Caudoviricetes,Caudoviricetes incertae sedis,Torontovirus,Torontovirus JBD25,dsDNA
1223260,652611.0,Pseudomonas aeruginosa PA14,Duplodnaviria,Heunggongvirae,Uroviricota,Caudoviricetes,Caudoviricetes incertae sedis,Casadabanvirus,Casadabanvirus JBD30,dsDNA
1223261,652611.0,Pseudomonas aeruginosa PA14,Duplodnaviria,Heunggongvirae,Uroviricota,Caudoviricetes,Caudoviricetes incertae sedis,Casadabanvirus,Casadabanvirus JBD5,dsDNA
1225793,286.0,Pseudomonas,Duplodnaviria,Heunggongvirae,Uroviricota,Caudoviricetes,Caudoviricetes incertae sedis,Mechnikovvirus,Mechnikovvirus JBD67,dsDNA
1777053,652611.0,Pseudomonas aeruginosa PA14,Duplodnaviria,Heunggongvirae,Uroviricota,Caudoviricetes,Caudoviricetes incertae sedis,Casadabanvirus,Casadabanvirus JBD69,dsDNA
1542120,286.0,Pseudomonas,Duplodnaviria,Heunggongvirae,Uroviricota,Caudoviricetes,Caudoviricetes incertae sedis,Casadabanvirus,Casadabanvirus MP29,dsDNA
1481224,287.0,Pseudomonas aeruginosa,Duplodnaviria,Heunggongvirae,Uroviricota,Caudoviricetes,Caudoviricetes incertae sedis,Casadabanvirus,Casadabanvirus JD024,dsDNA
1225791,652611.0,Pseudomonas aeruginosa PA14,Duplodnaviria,Heunggongvirae,Uroviricota,Caudoviricetes,Caudoviricetes incertae sedis,Mechnikovvirus,Mechnikovvirus JD18,dsDNA
1970799,287.0,Pseudomonas aeruginosa,Duplodnaviria,Heunggongvirae,Uroviricota,Caudoviricetes,Caudoviricetes incertae sedis,Nipunavirus,Nipunavirus quinobequin,dsDNA
1970800,287.0,Pseudomonas aeruginosa,Duplodnaviria,Heunggongvirae,Uroviricota,Caudoviricetes,Caudoviricetes incertae sedis,Nipunavirus,Nipunavirus JG054,dsDNA
3240798,208964.0,Pseudomonas aeruginosa PAO1,Duplodnaviria,Heunggongvirae,Uroviricota,Caudoviricetes,Caudoviricetes incertae sedis,Detrevirus,unclassified Detrevirus,dsDNA
2872675,287.0,Pseudomonas aeruginosa,Duplodnaviria,Heunggongvirae,Uroviricota,Caudoviricetes,Caudoviricetes incertae sedis,Septimatrevirus,Septimatrevirus kaya,dsDNA
3096258,208964.0,Pseudomonas aeruginosa PAO1,Duplodnaviria,Heunggongvirae,Uroviricota,Caudoviricetes,Caudoviricetes incertae sedis,Iggyvirus,unclassified Iggyvirus,dsDNA
2880993,287.0,Pseudomonas aeruginosa,Duplodnaviria,Heunggongvirae,Uroviricota,Caudoviricetes,Caudoviricetes incertae sedis,Septimatrevirus,Septimatrevirus kopi,dsDNA
2562463,306.0,Pseudomonas sp.,Duplodnaviria,Heunggongvirae,Uroviricota,Caudoviricetes,Caudoviricetes incertae sedis,Kipunavirus,Kipunavirus KP1,dsDNA
1462608,287.0,Pseudomonas aeruginosa,Duplodnaviria,Heunggongvirae,Uroviricota,Caudoviricetes,Caudoviricetes incertae sedis,Kochitakasuvirus,Kochitakasuvirus KPP25,dsDNA
2530172,306.0,Pseudomonas sp.,Duplodnaviria,Heunggongvirae,Uroviricota,Caudoviricetes,Caudoviricetes incertae sedis,Lanavirus,Lanavirus lana,dsDNA
386793,208964.0,Pseudomonas aeruginosa PAO1,Duplodnaviria,Heunggongvirae,Uroviricota,Caudoviricetes,Autographivirales,Autoscriptoviridae,Stubburvirus,dsDNA
1327940,208964.0,Pseudomonas aeruginosa PAO1,Duplodnaviria,Heunggongvirae,Uroviricota,Caudoviricetes,Caudoviricetes incertae sedis,Hollowayvirus,Hollowayvirus LKA5,dsDNA
2994047,286.0,Pseudomonas,Duplodnaviria,Heunggongvirae,Uroviricota,Caudoviricetes,Caudoviricetes incertae sedis,Casadabanvirus,Casadabanvirus LPB1,dsDNA
2973522,287.0,Pseudomonas aeruginosa,Duplodnaviria,Heunggongvirae,Uroviricota,Caudoviricetes,Autographivirales,Autographivirales incertae sedis,Luzcentumvirus,dsDNA
2834256,323.0,Pseudomonas syringae pv. tomato,Duplodnaviria,Heunggongvirae,Uroviricota,Caudoviricetes,Caudoviricetes incertae sedis,Medeavirus,Medeavirus medea1,dsDNA
3003729,1215087.0,Pseudomonas putida S12,Duplodnaviria,Heunggongvirae,Uroviricota,Caudoviricetes,Caudoviricetes incertae sedis,Micathvirus,Micathvirus micath,dsDNA
2914009,652611.0,Pseudomonas aeruginosa PA14,Duplodnaviria,Heunggongvirae,Uroviricota,Caudoviricetes,Caudoviricetes incertae sedis,Casadabanvirus,Casadabanvirus MP38,dsDNA
1161903,652611.0,Pseudomonas aeruginosa PA14,Duplodnaviria,Heunggongvirae,Uroviricota,Caudoviricetes,Caudoviricetes incertae sedis,Casadabanvirus,Casadabanvirus MP42,dsDNA
1391190,652611.0,Pseudomonas aeruginosa PA14,Duplodnaviria,Heunggongvirae,Uroviricota,Caudoviricetes,Caudoviricetes incertae sedis,Casadabanvirus,Casadabanvirus MP48,dsDNA
2711179,286.0,Pseudomonas,Duplodnaviria,Heunggongvirae,Uroviricota,Caudoviricetes,Caudoviricetes incertae sedis,Readingvirus,Readingvirus MR15,dsDNA
2048977,663959.0,Pseudomonas syringae pv. avii,Duplodnaviria,Heunggongvirae,Uroviricota,Caudoviricetes,Caudoviricetes incertae sedis,Nickievirus,Nickievirus nickie,dsDNA
2006684,294.0,Pseudomonas fluorescens,Duplodnaviria,Heunggongvirae,Uroviricota,Caudoviricetes,Caudoviricetes incertae sedis,Chimalliviridae,Noxifervirus,dsDNA
2079543,564423.0,Pseudomonas tolaasii NCPPB 2192,Duplodnaviria,Heunggongvirae,Uroviricota,Caudoviricetes,Caudoviricetes incertae sedis,Vicosavirus,Vicosavirus NV1,dsDNA
2918832,287.0,Pseudomonas aeruginosa,Duplodnaviria,Heunggongvirae,Uroviricota,Caudoviricetes,Caudoviricetes incertae sedis,Septimatrevirus,Septimatrevirus kakheti25,dsDNA
2920888,287.0,Pseudomonas aeruginosa,Duplodnaviria,Heunggongvirae,Uroviricota,Caudoviricetes,Caudoviricetes incertae sedis,Casadabanvirus,Casadabanvirus PA1KOR,dsDNA
2860997,208964.0,Pseudomonas aeruginosa PAO1,Duplodnaviria,Heunggongvirae,Uroviricota,Caudoviricetes,Caudoviricetes incertae sedis,Hollowayvirus,Hollowayvirus PA8,dsDNA
1335230,208964.0,Pseudomonas aeruginosa PAO1,Duplodnaviria,Heunggongvirae,Uroviricota,Caudoviricetes,Caudoviricetes incertae sedis,Baikalvirus,Baikalvirus PaBG,dsDNA
1175654,287.0,Pseudomonas aeruginosa,Duplodnaviria,Heunggongvirae,Uroviricota,Caudoviricetes,Caudoviricetes incertae sedis,Nipunavirus,Nipunavirus PaMx25,dsDNA
1175660,287.0,Pseudomonas aeruginosa,Duplodnaviria,Heunggongvirae,Uroviricota,Caudoviricetes,Caudoviricetes incertae sedis,Samunavirus,Samunavirus SM1,dsDNA
1273709,287.0,Pseudomonas aeruginosa,Duplodnaviria,Heunggongvirae,Uroviricota,Caudoviricetes,Caudoviricetes incertae sedis,Bruynoghevirus,Bruynoghevirus PaP4,dsDNA
2749430,287.0,Pseudomonas aeruginosa,Duplodnaviria,Heunggongvirae,Uroviricota,Caudoviricetes,Caudoviricetes incertae sedis,Harrisonburgvirus,Harrisonburgvirus persinger,dsDNA
1815630,303.0,Pseudomonas putida,Duplodnaviria,Heunggongvirae,Uroviricota,Caudoviricetes,Caudoviricetes incertae sedis,Chakrabartyvirus,Chakrabartyvirus pf16,dsDNA
10872,287.0,Pseudomonas aeruginosa,Monodnaviria,Loebvirae,Hofneiviricota,Faserviricetes,Tubulavirales,Inoviridae,Tertilicivirus,
2006668,294.0,Pseudomonas fluorescens,Duplodnaviria,Heunggongvirae,Uroviricota,Caudoviricetes,Caudoviricetes incertae sedis,Chimalliviridae,Phabiovirus,dsDNA
2268587,294.0,Pseudomonas fluorescens,Duplodnaviria,Heunggongvirae,Uroviricota,Caudoviricetes,Caudoviricetes incertae sedis,Schitoviridae,Shizishanvirus,dsDNA
161736,317.0,Pseudomonas syringae,Riboviria,Orthornavirae,Duplornaviricota,Vidaverviricetes,Mindivirales,Cystoviridae,Betacystovirus,dsRNA
134554,317.0,Pseudomonas syringae,Riboviria,Orthornavirae,Duplornaviricota,Vidaverviricetes,Mindivirales,Cystoviridae,Gammacystovirus,dsRNA
1450169,287.0,Pseudomonas aeruginosa,Duplodnaviria,Heunggongvirae,Uroviricota,Caudoviricetes,Autographivirales,Autoscriptoviridae,Tunggulvirus,dsDNA
593131,317.0,Pseudomonas syringae,Riboviria,Orthornavirae,Duplornaviricota,Vidaverviricetes,Mindivirales,Cystoviridae,Deltacystovirus,dsRNA
1754217,287.0,Pseudomonas aeruginosa,Duplodnaviria,Heunggongvirae,Uroviricota,Caudoviricetes,Caudoviricetes incertae sedis,Peduoviridae,Phitrevirus,dsDNA
2928686,319.0,Pseudomonas savastanoi pv. phaseolicola,Riboviria,Orthornavirae,Duplornaviricota,Vidaverviricetes,Mindivirales,Cystoviridae,Orthocystovirus,dsRNA
120086,317.0,Pseudomonas syringae,Riboviria,Orthornavirae,Duplornaviricota,Vidaverviricetes,Mindivirales,Cystoviridae,Alphacystovirus,dsRNA
1805958,2597349.0,Pseudomonas sp. ANT_H14,Duplodnaviria,Heunggongvirae,Uroviricota,Caudoviricetes,Caudoviricetes incertae sedis,Miecznikowavirus,Miecznikowavirus AH14a,dsDNA
1921524,286.0,Pseudomonas,Duplodnaviria,Heunggongvirae,Uroviricota,Caudoviricetes,Caudoviricetes incertae sedis,Hollowayvirus,Hollowayvirus phiC725A,dsDNA
1589273,287.0,Pseudomonas aeruginosa,Duplodnaviria,Heunggongvirae,Uroviricota,Caudoviricetes,Caudoviricetes incertae sedis,Bruynoghevirus,Bruynoghevirus CHU,dsDNA
998086,287.0,Pseudomonas aeruginosa,Duplodnaviria,Heunggongvirae,Uroviricota,Caudoviricetes,Caudoviricetes incertae sedis,Chimalliviridae,Miltoncavirus,dsDNA
1815582,303.0,Pseudomonas putida,Duplodnaviria,Heunggongvirae,Uroviricota,Caudoviricetes,Caudoviricetes incertae sedis,Plaisancevirus,Plaisancevirus PMW,dsDNA
1500757,317.0,Pseudomonas syringae,Duplodnaviria,Heunggongvirae,Uroviricota,Caudoviricetes,Caudoviricetes incertae sedis,Readingvirus,Readingvirus PSA1,dsDNA
1752027,286.0,Pseudomonas,Duplodnaviria,Heunggongvirae,Uroviricota,Caudoviricetes,Caudoviricetes incertae sedis,Kochitakasuvirus,Kochitakasuvirus R18,dsDNA
3095171,652611.0,Pseudomonas aeruginosa PA14,Duplodnaviria,Heunggongvirae,Uroviricota,Caudoviricetes,Caudoviricetes incertae sedis,Nipunavirus,unclassified Nipunavirus,dsDNA
2059855,294.0,Pseudomonas fluorescens,Duplodnaviria,Heunggongvirae,Uroviricota,Caudoviricetes,Caudoviricetes incertae sedis,Knuthellervirus,Knuthellervirus PMBT14,dsDNA
2059856,129847.0,Pseudomonas grimontii,Duplodnaviria,Heunggongvirae,Uroviricota,Caudoviricetes,Caudoviricetes incertae sedis,Maxrubnervirus,Maxrubnervirus PMBT3,dsDNA
2992927,287.0,Pseudomonas aeruginosa,Duplodnaviria,Heunggongvirae,Uroviricota,Caudoviricetes,Caudoviricetes incertae sedis,Detrevirus,Detrevirus PMG1,dsDNA
1718594,47885.0,Pseudomonas oryzihabitans,Duplodnaviria,Heunggongvirae,Uroviricota,Caudoviricetes,Caudoviricetes incertae sedis,Porunavirus,Porunavirus POR1,dsDNA
12023,287.0,Pseudomonas aeruginosa,Riboviria,Orthornavirae,Lenarviricota,Leviviricetes,Norzivirales,Fiersviridae,Pepevirus,+ssRNA
2914450,287.0,Pseudomonas aeruginosa,Duplodnaviria,Heunggongvirae,Uroviricota,Caudoviricetes,Caudoviricetes incertae sedis,Haihevirus,Haihevirus PP9W2,dsDNA
1279082,70775.0,Pseudomonas plecoglossicida,Duplodnaviria,Heunggongvirae,Uroviricota,Caudoviricetes,Caudoviricetes incertae sedis,Hiroshimavirus,Hiroshimavirus PPpW3,dsDNA
12024,286.0,Pseudomonas,Riboviria,Orthornavirae,Lenarviricota,Leviviricetes,Norzivirales,Fiersviridae,Perrunavirus,+ssRNA
2301639,287.0,Pseudomonas aeruginosa,Duplodnaviria,Heunggongvirae,Uroviricota,Caudoviricetes,Caudoviricetes incertae sedis,Torontovirus,Torontovirus Ps59,dsDNA
2301640,287.0,Pseudomonas aeruginosa,Duplodnaviria,Heunggongvirae,Uroviricota,Caudoviricetes,Caudoviricetes incertae sedis,Mechnikovvirus,Mechnikovvirus ps60,dsDNA
2530023,287.0,Pseudomonas aeruginosa,Duplodnaviria,Heunggongvirae,Uroviricota,Caudoviricetes,Caudoviricetes incertae sedis,Chimalliviridae,Tepukevirus,dsDNA
2875722,103796.0,Pseudomonas syringae pv. actinidiae,Duplodnaviria,Heunggongvirae,Uroviricota,Caudoviricetes,Caudoviricetes incertae sedis,Readingvirus,Readingvirus psageK9,dsDNA
1983556,306.0,Pseudomonas sp.,Duplodnaviria,Heunggongvirae,Uroviricota,Caudoviricetes,Pantevenvirales,Straboviridae,Jiangsuvirus,dsDNA
3097008,287.0,Pseudomonas aeruginosa,Duplodnaviria,Heunggongvirae,Uroviricota,Caudoviricetes,Caudoviricetes incertae sedis,Beetrevirus,unclassified Beetrevirus,dsDNA
2006671,294.0,Pseudomonas fluorescens,Duplodnaviria,Heunggongvirae,Uroviricota,Caudoviricetes,Caudoviricetes incertae sedis,Skulduggeryvirus,Skulduggeryvirus skulduggery,dsDNA
2486665,287.0,Pseudomonas aeruginosa,Duplodnaviria,Heunggongvirae,Uroviricota,Caudoviricetes,Caudoviricetes incertae sedis,Casadabanvirus,Casadabanvirus spike,dsDNA
2048978,663959.0,Pseudomonas syringae pv. avii,Duplodnaviria,Heunggongvirae,Uroviricota,Caudoviricetes,Caudoviricetes incertae sedis,Lindbergviridae,Tabernariusvirus,dsDNA
2880994,287.0,Pseudomonas aeruginosa,Duplodnaviria,Heunggongvirae,Uroviricota,Caudoviricetes,Caudoviricetes incertae sedis,Septimatrevirus,Septimatrevirus tehO,dsDNA
1114179,303.0,Pseudomonas putida,Duplodnaviria,Heunggongvirae,Uroviricota,Caudoviricetes,Caudoviricetes incertae sedis,Krylovvirus,Krylovvirus tf,dsDNA
1406974,287.0,Pseudomonas aeruginosa,Duplodnaviria,Heunggongvirae,Uroviricota,Caudoviricetes,Caudoviricetes incertae sedis,Bruynoghevirus,Bruynoghevirus TL,dsDNA
2927622,294.0,Pseudomonas fluorescens,Duplodnaviria,Heunggongvirae,Uroviricota,Caudoviricetes,Caudoviricetes incertae sedis,Purivirus,Purivirus UFJFPfDIW6,dsDNA
1235661,294.0,Pseudomonas fluorescens,Duplodnaviria,Heunggongvirae,Uroviricota,Caudoviricetes,Caudoviricetes incertae sedis,Vicosavirus,Vicosavirus UFVP2,dsDNA
3020045,287.0,Pseudomonas aeruginosa,Duplodnaviria,Heunggongvirae,Uroviricota,Caudoviricetes,Caudoviricetes incertae sedis,Septimatrevirus,Septimatrevirus UFRH1,dsDNA
2580353,287.0,Pseudomonas aeruginosa,Duplodnaviria,Heunggongvirae,Uroviricota,Caudoviricetes,Caudoviricetes incertae sedis,Torontovirus,Torontovirus UMP151,dsDNA
2660688,287.0,Pseudomonas aeruginosa,Duplodnaviria,Heunggongvirae,Uroviricota,Caudoviricetes,Caudoviricetes incertae sedis,Casjensviridae,Maxdohrnvirus,dsDNA
2660689,287.0,Pseudomonas aeruginosa,Duplodnaviria,Heunggongvirae,Uroviricota,Caudoviricetes,Caudoviricetes incertae sedis,Mechnikovvirus,Mechnikovvirus SS2019XII,dsDNA
1548906,287.0,Pseudomonas aeruginosa,Duplodnaviria,Heunggongvirae,Uroviricota,Caudoviricetes,Caudoviricetes incertae sedis,Bruynoghevirus,Bruynoghevirus Ab22,dsDNA
2034343,286.0,Pseudomonas,Duplodnaviria,Heunggongvirae,Uroviricota,Caudoviricetes,Caudoviricetes incertae sedis,Hollowayvirus,Hollowayvirus E220,dsDNA
2746928,287.0,Pseudomonas aeruginosa,Duplodnaviria,Heunggongvirae,Uroviricota,Caudoviricetes,Caudoviricetes incertae sedis,Septimatrevirus,Septimatrevirus yazdi,dsDNA
2822848,208964.0,Pseudomonas aeruginosa PAO1,Duplodnaviria,Heunggongvirae,Uroviricota,Caudoviricetes,Caudoviricetes incertae sedis,Nipunavirus,Nipunavirus PAJD1,dsDNA
1548918,287.0,Pseudomonas aeruginosa,Duplodnaviria,Heunggongvirae,Uroviricota,Caudoviricetes,Caudoviricetes incertae sedis,Casadabanvirus,Casadabanvirus Ab30,dsDNA
1928621,286.0,Pseudomonas,Duplodnaviria,Heunggongvirae,Uroviricota,Caudoviricetes,Caudoviricetes incertae sedis,Casadabanvirus,Casadabanvirus HW12,dsDNA
1926503,286.0,Pseudomonas,Duplodnaviria,Heunggongvirae,Uroviricota,Caudoviricetes,Caudoviricetes incertae sedis,Casadabanvirus,Casadabanvirus PfII40a,dsDNA
1743016,287.0,Pseudomonas aeruginosa,Duplodnaviria,Heunggongvirae,Uroviricota,Caudoviricetes,Caudoviricetes incertae sedis,Mechnikovvirus,Mechnikovvirus PM105,dsDNA
1476390,287.0,Pseudomonas aeruginosa,Duplodnaviria,Heunggongvirae,Uroviricota,Caudoviricetes,Caudoviricetes incertae sedis,Septimatrevirus,Septimatrevirus Ab26,dsDNA
2382122,287.0,Pseudomonas aeruginosa,Duplodnaviria,Heunggongvirae,Uroviricota,Caudoviricetes,Caudoviricetes incertae sedis,Septimatrevirus,Septimatrevirus SCUTS3,dsDNA
2563592,287.0,Pseudomonas aeruginosa,Duplodnaviria,Heunggongvirae,Uroviricota,Caudoviricetes,Caudoviricetes incertae sedis,Mechnikovvirus,Mechnikovvirus CF78a,dsDNA
2961988,652611.0,Pseudomonas aeruginosa PA14,Duplodnaviria,Heunggongvirae,Uroviricota,Caudoviricetes,Caudoviricetes incertae sedis,Hulijingvirus,Hulijingvirus LC313,dsDNA
3092638,78544.0,Pseudomonas gessardii,Duplodnaviria,Heunggongvirae,Uroviricota,Caudoviricetes,Caudoviricetes incertae sedis,Vandenendeviridae,Chemalvirus,dsDNA
1852562,286.0,Pseudomonas,Duplodnaviria,Heunggongvirae,Uroviricota,Caudoviricetes,Autographivirales,Autonotataviridae,Napahaivirus,dsDNA
1755689,287.0,Pseudomonas aeruginosa,Duplodnaviria,Heunggongvirae,Uroviricota,Caudoviricetes,Caudoviricetes incertae sedis,Bugaksanvirus,Bugaksanvirus R656,dsDNA
2283028,287.0,Pseudomonas aeruginosa,Duplodnaviria,Heunggongvirae,Uroviricota,Caudoviricetes,Caudoviricetes incertae sedis,Casadabanvirus,Casadabanvirus R24,dsDNA
2283027,287.0,Pseudomonas aeruginosa,Duplodnaviria,Heunggongvirae,Uroviricota,Caudoviricetes,Caudoviricetes incertae sedis,Casadabanvirus,Casadabanvirus R960,dsDNA
2877935,287.0,Pseudomonas aeruginosa,Duplodnaviria,Heunggongvirae,Uroviricota,Caudoviricetes,Caudoviricetes incertae sedis,Kochitakasuvirus,unclassified Kochitakasuvirus,dsDNA
1622115,287.0,Pseudomonas aeruginosa,Duplodnaviria,Heunggongvirae,Uroviricota,Caudoviricetes,Caudoviricetes incertae sedis,Schitoviridae,Zicotriavirus,dsDNA
2604899,303.0,Pseudomonas putida,Duplodnaviria,Heunggongvirae,Uroviricota,Caudoviricetes,Caudoviricetes incertae sedis,Schitoviridae,Zurivirus,dsDNA
2588096,287.0,Pseudomonas aeruginosa,Duplodnaviria,Heunggongvirae,Uroviricota,Caudoviricetes,Caudoviricetes incertae sedis,Iggyvirus,Iggyvirus PBPA162,dsDNA
2908635,283923.0,Pseudoxanthomonas kaohsiungensis,Duplodnaviria,Heunggongvirae,Uroviricota,Caudoviricetes,Caudoviricetes incertae sedis,Mesyanzhinovviridae,unclassified Mesyanzhinovviridae,dsDNA
10678,1.0,root,Duplodnaviria,Heunggongvirae,Uroviricota,Caudoviricetes,Caudoviricetes incertae sedis,Punavirus,,dsDNA
455367,36893.0,Pyramimonas plurioculata,Varidnaviria,Bamfordvirae,Nucleocytoviricota,Megaviricetes,Imitervirales,Allomimiviridae,Heliosvirus,
1805492,121277.0,Pyrobaculum arsenaticum,Adnaviria,Zilligvirae,Taleaviricota,Tokiviricetes,Primavirales,Tristromaviridae,Alphatristromavirus,dsDNA
270161,2271.0,Thermoproteus tenax,Viruses incertae sedis,Globuloviridae,Alphaglobulovirus,Alphaglobulovirus obsidianense,,,,
2730632,121277.0,Pyrobaculum arsenaticum,Viruses incertae sedis,Globuloviridae,Alphaglobulovirus,Alphaglobulovirus pozzuoliense,,,,
425386,29292.0,Pyrococcus abyssi,unclassified viruses,unclassified DNA viruses,unclassified archaeal dsDNA viruses,,,,,
2137353,1489738.0,Globisporangium polare,Riboviria,Orthornavirae,Duplornaviricota,Chrymotiviricetes,Ghabrivirales,Betatotivirineae,Ootiviridae,dsRNA
3432088,9838.0,Camelus dromedarius,Monodnaviria,Shotokuvirae,Cressdnaviricota,Arfiviricetes,Ringavirales,Pecoviridae,Quillavirus,
2605775,708043.0,Rachiplusia nu,Viruses incertae sedis,Naldaviricetes,Lefavirales,Baculoviridae,Alphabaculovirus,Alphabaculovirus ranus,,
80366,7108.0,Spodoptera frugiperda,Viruses incertae sedis,Naldaviricetes,Lefavirales,Baculoviridae,Alphabaculovirus,Alphabaculovirus raous,,
662596,3726.0,Raphanus sativus,Viruses incertae sedis,Tolecusatellitidae,Betasatellite,Betasatellite raphani,,,,
2985651,305.0,Ralstonia solanacearum,Duplodnaviria,Heunggongvirae,Uroviricota,Caudoviricetes,Autographivirales,Autotranscriptaviridae,Serkorvirus,dsDNA
2759711,1310165.0,Ralstonia pseudosolanacearum,Duplodnaviria,Heunggongvirae,Uroviricota,Caudoviricetes,Caudoviricetes incertae sedis,Bakolyvirus,Bakolyvirus simangalove,dsDNA
3110506,305.0,Ralstonia solanacearum,Duplodnaviria,Heunggongvirae,Uroviricota,Caudoviricetes,Caudoviricetes incertae sedis,Gervaisevirus,unclassified Gervaisevirus,dsDNA
2759712,1310165.0,Ralstonia pseudosolanacearum,Duplodnaviria,Heunggongvirae,Uroviricota,Caudoviricetes,Caudoviricetes incertae sedis,Rahariannevirus,Rahariannevirus raharianne,dsDNA
2759718,1310165.0,Ralstonia pseudosolanacearum,Duplodnaviria,Heunggongvirae,Uroviricota,Caudoviricetes,Caudoviricetes incertae sedis,Gervaisevirus,Gervaisevirus claudettte,dsDNA
2759719,1310165.0,Ralstonia pseudosolanacearum,Duplodnaviria,Heunggongvirae,Uroviricota,Caudoviricetes,Autographivirales,Autonotataviridae,Anchaingvirus,dsDNA
2759709,1310165.0,Ralstonia pseudosolanacearum,Duplodnaviria,Heunggongvirae,Uroviricota,Caudoviricetes,Caudoviricetes incertae sedis,Bakolyvirus,Bakolyvirus bakoly,dsDNA
3034860,305.0,Ralstonia solanacearum,Duplodnaviria,Heunggongvirae,Uroviricota,Caudoviricetes,Autographivirales,Autonotataviridae,Okabevirinae,dsDNA
3034917,1310165.0,Ralstonia pseudosolanacearum,Duplodnaviria,Heunggongvirae,Uroviricota,Caudoviricetes,Autographivirales,Autographivirales incertae sedis,Boesrvirus,dsDNA
2759720,1310165.0,Ralstonia pseudosolanacearum,Duplodnaviria,Heunggongvirae,Uroviricota,Caudoviricetes,Caudoviricetes incertae sedis,Cimandefvirus,Cimandefvirus cimandef,dsDNA
2759722,1310165.0,Ralstonia pseudosolanacearum,Duplodnaviria,Heunggongvirae,Uroviricota,Caudoviricetes,Caudoviricetes incertae sedis,Gervaisevirus,Gervaisevirus gervaise,dsDNA
2759723,1310165.0,Ralstonia pseudosolanacearum,Duplodnaviria,Heunggongvirae,Uroviricota,Caudoviricetes,Caudoviricetes incertae sedis,Cimandefvirus,unclassified Cimandefvirus,dsDNA
2759732,1310165.0,Ralstonia pseudosolanacearum,Duplodnaviria,Heunggongvirae,Uroviricota,Caudoviricetes,Caudoviricetes incertae sedis,Dinavirus,Dinavirus dina,dsDNA
2041493,305.0,Ralstonia solanacearum,Duplodnaviria,Heunggongvirae,Uroviricota,Caudoviricetes,Autographivirales,Autographivirales incertae sedis,Gyeongsanvirus,dsDNA
2759713,1310165.0,Ralstonia pseudosolanacearum,Duplodnaviria,Heunggongvirae,Uroviricota,Caudoviricetes,Caudoviricetes incertae sedis,Bakolyvirus,unclassified Bakolyvirus,dsDNA
2759724,1310165.0,Ralstonia pseudosolanacearum,Duplodnaviria,Heunggongvirae,Uroviricota,Caudoviricetes,Caudoviricetes incertae sedis,Cimandefvirus,Cimandefvirus eline,dsDNA
2759725,1310165.0,Ralstonia pseudosolanacearum,Duplodnaviria,Heunggongvirae,Uroviricota,Caudoviricetes,Caudoviricetes incertae sedis,Firingavirus,Firingavirus firinga,dsDNA
2759726,1310165.0,Ralstonia pseudosolanacearum,Duplodnaviria,Heunggongvirae,Uroviricota,Caudoviricetes,Caudoviricetes incertae sedis,Cimandefvirus,Cimandefvirus gamede,dsDNA
2759727,1310165.0,Ralstonia pseudosolanacearum,Duplodnaviria,Heunggongvirae,Uroviricota,Caudoviricetes,Caudoviricetes incertae sedis,Cimandefvirus,Cimandefvirus Ggerry,dsDNA
2282904,305.0,Ralstonia solanacearum,Duplodnaviria,Heunggongvirae,Uroviricota,Caudoviricetes,Caudoviricetes incertae sedis,Gervaisevirus,Gervaisevirus GP4,dsDNA
2759730,1310165.0,Ralstonia pseudosolanacearum,Duplodnaviria,Heunggongvirae,Uroviricota,Caudoviricetes,Caudoviricetes incertae sedis,Cimandefvirus,Cimandefvirus heva,dsDNA
247080,329.0,Ralstonia pickettii,Monodnaviria,Loebvirae,Hofneiviricota,Faserviricetes,Tubulavirales,Inoviridae,Porrectionivirus,
926543,305.0,Ralstonia solanacearum,Monodnaviria,Loebvirae,Hofneiviricota,Faserviricetes,Tubulavirales,Inoviridae,Parhipatevirus,
2783867,305.0,Ralstonia solanacearum,Duplodnaviria,Heunggongvirae,Uroviricota,Caudoviricetes,Autographivirales,Autoscriptoviridae,Ayakvirus,dsDNA
1980924,305.0,Ralstonia solanacearum,Duplodnaviria,Heunggongvirae,Uroviricota,Caudoviricetes,Caudoviricetes incertae sedis,Mieseafarmvirus,Mieseafarmvirus RSL1,dsDNA
2201420,305.0,Ralstonia solanacearum,Duplodnaviria,Heunggongvirae,Uroviricota,Caudoviricetes,Caudoviricetes incertae sedis,Coatlandelriovirus,Coatlandelriovirus RSP,dsDNA
1923889,305.0,Ralstonia solanacearum,Duplodnaviria,Heunggongvirae,Uroviricota,Caudoviricetes,Caudoviricetes incertae sedis,Chimalliviridae,Ripduovirus,dsDNA
2041351,305.0,Ralstonia solanacearum,Duplodnaviria,Heunggongvirae,Uroviricota,Caudoviricetes,Autographivirales,Autotranscriptaviridae,Stompelvirus,dsDNA
1932892,305.0,Ralstonia solanacearum,Duplodnaviria,Heunggongvirae,Uroviricota,Caudoviricetes,Autographivirales,Autonotataviridae,Sukuvirus,dsDNA
1852598,342110.0,Ralstonia solanacearum UW551,Monodnaviria,Loebvirae,Hofneiviricota,Faserviricetes,Tubulavirales,Inoviridae,Habenivirus,
1497850,305.0,Ralstonia solanacearum,Monodnaviria,Loebvirae,Hofneiviricota,Faserviricetes,Tubulavirales,Inoviridae,Restivirus,
2993856,305.0,Ralstonia solanacearum,Duplodnaviria,Heunggongvirae,Uroviricota,Caudoviricetes,Caudoviricetes incertae sedis,Peduoviridae,Aresaunavirus,dsDNA
913183,305.0,Ralstonia solanacearum,Duplodnaviria,Heunggongvirae,Uroviricota,Caudoviricetes,Autographivirales,Autotranscriptaviridae,Kelmasvirus,dsDNA
1402875,305.0,Ralstonia solanacearum,Duplodnaviria,Heunggongvirae,Uroviricota,Caudoviricetes,Autographivirales,Autoscriptoviridae,Jiaoyazivirus,dsDNA
1481785,305.0,Ralstonia solanacearum,Duplodnaviria,Heunggongvirae,Uroviricota,Caudoviricetes,Autographivirales,Autonotataviridae,Risjevirus,dsDNA
1417599,305.0,Ralstonia solanacearum,Duplodnaviria,Heunggongvirae,Uroviricota,Caudoviricetes,Caudoviricetes incertae sedis,Firingavirus,Firingavirus RSK1,dsDNA
1530085,305.0,Ralstonia solanacearum,Duplodnaviria,Heunggongvirae,Uroviricota,Caudoviricetes,Caudoviricetes incertae sedis,Peduoviridae,Arsyunavirus,dsDNA
2935258,305.0,Ralstonia solanacearum,Duplodnaviria,Heunggongvirae,Uroviricota,Caudoviricetes,Caudoviricetes incertae sedis,Dinavirus,unclassified Dinavirus,dsDNA
85655,8404.0,Lithobates pipiens,Duplodnaviria,Heunggongvirae,Peploviricota,Herviviricetes,Herpesvirales,Alloherpesviridae,Batravirus,dsDNA
2053702,54291.0,Raoultella ornithinolytica,Duplodnaviria,Heunggongvirae,Uroviricota,Caudoviricetes,Caudoviricetes incertae sedis,Mydovirus,Mydovirus Ro1,dsDNA
2863975,9649.0,Ailurus fulgens,Monodnaviria,Shotokuvirae,Cressdnaviricota,Arfiviricetes,Saturnivirales,Mahapunaviridae,Garivirus,
2849598,1708203.0,Rheinheimera sp. BAL341,Duplodnaviria,Heunggongvirae,Uroviricota,Caudoviricetes,Caudoviricetes incertae sedis,Barbavirus,Barbavirus barba21A,dsDNA
2849599,1708203.0,Rheinheimera sp. BAL341,Duplodnaviria,Heunggongvirae,Uroviricota,Caudoviricetes,Caudoviricetes incertae sedis,Barbavirus,Barbavirus barba5S,dsDNA
2849600,1708203.0,Rheinheimera sp. BAL341,Duplodnaviria,Heunggongvirae,Uroviricota,Caudoviricetes,Caudoviricetes incertae sedis,Barbavirus,Barbavirus barba8S,dsDNA
2565644,1708203.0,Rheinheimera sp. BAL341,Duplodnaviria,Heunggongvirae,Uroviricota,Caudoviricetes,Caudoviricetes incertae sedis,Barbavirus,Barbavirus barba18A,dsDNA
2565658,1708203.0,Rheinheimera sp. BAL341,Duplodnaviria,Heunggongvirae,Uroviricota,Caudoviricetes,Caudoviricetes incertae sedis,Barbavirus,Barbavirus barba19A,dsDNA
2743850,1708203.0,Rheinheimera sp. BAL341,Duplodnaviria,Heunggongvirae,Uroviricota,Caudoviricetes,Caudoviricetes incertae sedis,Barbavirus,unclassified Barbavirus,dsDNA
2763529,379.0,Rhizobium,Duplodnaviria,Heunggongvirae,Uroviricota,Caudoviricetes,Caudoviricetes incertae sedis,Pootjesviridae,Innesvirus,dsDNA
2767573,396.0,Rhizobium phaseoli,Duplodnaviria,Heunggongvirae,Uroviricota,Caudoviricetes,Autographivirales,Autographivirales incertae sedis,Palovirus,dsDNA
2767574,375.0,Bradyrhizobium japonicum,Duplodnaviria,Heunggongvirae,Uroviricota,Caudoviricetes,Autographivirales,Autographivirales incertae sedis,Pasovirus,dsDNA
2767575,375.0,Bradyrhizobium japonicum,Duplodnaviria,Heunggongvirae,Uroviricota,Caudoviricetes,Autographivirales,Autographivirales incertae sedis,Pastovirus,dsDNA
1220601,29449.0,Rhizobium etli,Duplodnaviria,Heunggongvirae,Uroviricota,Caudoviricetes,Autographivirales,Autographivirales incertae sedis,Paadamvirus,dsDNA
1220602,29449.0,Rhizobium etli,Duplodnaviria,Heunggongvirae,Uroviricota,Caudoviricetes,Autographivirales,Autographivirales incertae sedis,Cuernavacavirus,dsDNA
1220604,526947.0,Rhizobium etli GR56,Duplodnaviria,Heunggongvirae,Uroviricota,Caudoviricetes,Caudoviricetes incertae sedis,Kleczkowskavirus,Kleczkowskavirus RHEph4,dsDNA
1220605,526947.0,Rhizobium etli GR56,Duplodnaviria,Heunggongvirae,Uroviricota,Caudoviricetes,Caudoviricetes incertae sedis,Kleczkowskavirus,unclassified Kleczkowskavirus,dsDNA
2836132,29449.0,Rhizobium etli,Duplodnaviria,Heunggongvirae,Uroviricota,Caudoviricetes,Caudoviricetes incertae sedis,Schitoviridae,Demetervirinae,dsDNA
2836134,56730.0,Rhizobium gallicum,Duplodnaviria,Heunggongvirae,Uroviricota,Caudoviricetes,Autographivirales,Autographivirales incertae sedis,Chamilpavirus,dsDNA
2509729,391.0,Rhizobium sp.,Duplodnaviria,Heunggongvirae,Uroviricota,Caudoviricetes,Caudoviricetes incertae sedis,Pootjesviridae,Staniewskivirinae,dsDNA
2509730,1703969.0,Rhizobium sp. N324,Duplodnaviria,Heunggongvirae,Uroviricota,Caudoviricetes,Autographivirales,Autographivirales incertae sedis,Morelosvirus,dsDNA
2509757,379.0,Rhizobium,Duplodnaviria,Heunggongvirae,Uroviricota,Caudoviricetes,Caudoviricetes incertae sedis,Kleczkowskaviridae,Cuauhnahuacvirus,dsDNA
2509556,29449.0,Rhizobium etli,Duplodnaviria,Heunggongvirae,Uroviricota,Caudoviricetes,Autographivirales,Autographivirales incertae sedis,Tepoztlanvirus,dsDNA
2836082,194963.0,Sinorhizobium americanum,Duplodnaviria,Heunggongvirae,Uroviricota,Caudoviricetes,Caudoviricetes incertae sedis,Rigallicvirus,unclassified Rigallicvirus,dsDNA
2836086,194963.0,Sinorhizobium americanum,Duplodnaviria,Heunggongvirae,Uroviricota,Caudoviricetes,Caudoviricetes incertae sedis,Schitoviridae,Xoxocotlavirus,dsDNA
2836085,194963.0,Sinorhizobium americanum,Duplodnaviria,Heunggongvirae,Uroviricota,Caudoviricetes,Autographivirales,Autographivirales incertae sedis,Yautepecvirus,dsDNA
1458697,56730.0,Rhizobium gallicum,Duplodnaviria,Heunggongvirae,Uroviricota,Caudoviricetes,Caudoviricetes incertae sedis,Rigallicvirus,Rigallicvirus P106B,dsDNA
2599431,456999.0,Rhizoctonia solani,Riboviria,Orthornavirae,Lenarviricota,Miaviricetes,Ourlivirales,Botourmiaviridae,Betarhizoulivirus,+ssRNA
2985552,1061.0,Rhodobacter capsulatus,Varidnaviria,Abadenavirae,Produgelaviricota,Belvinaviricetes,Vinavirales,Mestraviridae,Anticleavirus,
1131316,1061.0,Rhodobacter capsulatus,Duplodnaviria,Heunggongvirae,Uroviricota,Caudoviricetes,Caudoviricetes incertae sedis,Capnelvirus,Capnelvirus RcapNL,dsDNA
1662333,1414586.0,Rhodobacter capsulatus YW1,Duplodnaviria,Heunggongvirae,Uroviricota,Caudoviricetes,Caudoviricetes incertae sedis,Cronusvirus,Cronusvirus cronus,dsDNA
2835985,1414586.0,Rhodobacter capsulatus YW1,Duplodnaviria,Heunggongvirae,Uroviricota,Caudoviricetes,Caudoviricetes incertae sedis,Titanvirus,Titanvirus rcspartan,dsDNA
2970524,1414586.0,Rhodobacter capsulatus YW1,Duplodnaviria,Heunggongvirae,Uroviricota,Caudoviricetes,Caudoviricetes incertae sedis,Titanvirus,unclassified Titanvirus,dsDNA
1662330,1414586.0,Rhodobacter capsulatus YW1,Duplodnaviria,Heunggongvirae,Uroviricota,Caudoviricetes,Caudoviricetes incertae sedis,Titanvirus,Titanvirus rctitan,dsDNA
2015826,1833.0,Rhodococcus erythropolis,Duplodnaviria,Heunggongvirae,Uroviricota,Caudoviricetes,Caudoviricetes incertae sedis,Rerduovirus,unclassified Rerduovirus,dsDNA
1887657,1833.0,Rhodococcus erythropolis,Duplodnaviria,Heunggongvirae,Uroviricota,Caudoviricetes,Caudoviricetes incertae sedis,Chewyvirus,Chewyvirus chewyVIII,dsDNA
1701851,1833.0,Rhodococcus erythropolis,Duplodnaviria,Heunggongvirae,Uroviricota,Caudoviricetes,Caudoviricetes incertae sedis,Rerduovirus,Rerduovirus RER2,dsDNA
2094144,1833.0,Rhodococcus erythropolis,Duplodnaviria,Heunggongvirae,Uroviricota,Caudoviricetes,Caudoviricetes incertae sedis,Finchvirus,Finchvirus finch,dsDNA
2182359,1833.0,Rhodococcus erythropolis,Duplodnaviria,Heunggongvirae,Uroviricota,Caudoviricetes,Caudoviricetes incertae sedis,Weaselvirus,unclassified Weaselvirus,dsDNA
2015828,1833.0,Rhodococcus erythropolis,Duplodnaviria,Heunggongvirae,Uroviricota,Caudoviricetes,Caudoviricetes incertae sedis,Rerduovirus,Rerduovirus hiro,dsDNA
2936911,37919.0,Rhodococcus opacus,Duplodnaviria,Heunggongvirae,Uroviricota,Caudoviricetes,Caudoviricetes incertae sedis,Mboduovirus,Mboduovirus mbo2,dsDNA
2936912,37919.0,Rhodococcus opacus,Duplodnaviria,Heunggongvirae,Uroviricota,Caudoviricetes,Caudoviricetes incertae sedis,Mboquatrovirus,Mboquatrovirus Mbo4,dsDNA
2743998,1833.0,Rhodococcus erythropolis,Duplodnaviria,Heunggongvirae,Uroviricota,Caudoviricetes,Caudoviricetes incertae sedis,Trinavirus,unclassified Trinavirus,dsDNA
2793705,1833.0,Rhodococcus erythropolis,Duplodnaviria,Heunggongvirae,Uroviricota,Caudoviricetes,Caudoviricetes incertae sedis,Rerduovirus,Rerduovirus phailmary,dsDNA
1109713,1827.0,Rhodococcus,Duplodnaviria,Heunggongvirae,Uroviricota,Caudoviricetes,Caudoviricetes incertae sedis,Melbournevirus,Melbournevirus REQ2,dsDNA
1109714,1827.0,Rhodococcus,Duplodnaviria,Heunggongvirae,Uroviricota,Caudoviricetes,Caudoviricetes incertae sedis,Wodongavirus,Wodongavirus REQ3,dsDNA
691965,1827.0,Rhodococcus,Duplodnaviria,Heunggongvirae,Uroviricota,Caudoviricetes,Caudoviricetes incertae sedis,Pepyhexavirus,Pepyhexavirus pepy6,dsDNA
691963,1827.0,Rhodococcus,Duplodnaviria,Heunggongvirae,Uroviricota,Caudoviricetes,Caudoviricetes incertae sedis,Reqipinevirus,Reqipinevirus reqipine5,dsDNA
691964,1827.0,Rhodococcus,Duplodnaviria,Heunggongvirae,Uroviricota,Caudoviricetes,Caudoviricetes incertae sedis,Pepyhexavirus,Pepyhexavirus poco6,dsDNA
3062845,43767.0,Prescottella equi,Duplodnaviria,Heunggongvirae,Uroviricota,Caudoviricetes,Caudoviricetes incertae sedis,Reynauldvirus,Reynauldvirus reynauld,dsDNA
2922221,33008.0,Rhodococcus globerulus,Duplodnaviria,Heunggongvirae,Uroviricota,Caudoviricetes,Caudoviricetes incertae sedis,Rerduovirus,Rerduovirus RGL3,dsDNA
1109717,1829.0,Rhodococcus rhodochrous,Duplodnaviria,Heunggongvirae,Uroviricota,Caudoviricetes,Caudoviricetes incertae sedis,Edwardsroadvirus,Edwardsroadvirus RRH1,dsDNA
2591131,1833.0,Rhodococcus erythropolis,Duplodnaviria,Heunggongvirae,Uroviricota,Caudoviricetes,Caudoviricetes incertae sedis,Sleepyheadvirus,Sleepyheadvirus sleepyhead,dsDNA
2201455,1833.0,Rhodococcus erythropolis,Duplodnaviria,Heunggongvirae,Uroviricota,Caudoviricetes,Caudoviricetes incertae sedis,Rerduovirus,Rerduovirus takoda,dsDNA
2027905,1833.0,Rhodococcus erythropolis,Duplodnaviria,Heunggongvirae,Uroviricota,Caudoviricetes,Caudoviricetes incertae sedis,Trinavirus,Trinavirus trina,dsDNA
3038381,1833.0,Rhodococcus erythropolis,Duplodnaviria,Heunggongvirae,Uroviricota,Caudoviricetes,Caudoviricetes incertae sedis,Trogglehumpervirus,Trogglehumpervirus trogglehumper,dsDNA
1897437,1833.0,Rhodococcus erythropolis,Duplodnaviria,Heunggongvirae,Uroviricota,Caudoviricetes,Caudoviricetes incertae sedis,Weaselvirus,Weaselvirus weasel,dsDNA
2591132,1833.0,Rhodococcus erythropolis,Duplodnaviria,Heunggongvirae,Uroviricota,Caudoviricetes,Caudoviricetes incertae sedis,Whackvirus,Whackvirus whack,dsDNA
2175117,195333.0,Rhynchobatus djiddensis,unclassified viruses,unclassified DNA viruses,unclassified dsDNA viruses,Adomaviruses,,,,
2170102,195333.0,Rhynchobatus djiddensis,Monodnaviria,Shotokuvirae,Cossaviricota,Papovaviricetes,Sepolyvirales,Polyomaviridae,Etapolyomavirus,
2010325,3885.0,Phaseolus vulgaris,Viruses incertae sedis,Tolecusatellitidae,Betasatellite,Betasatellite rhynchosiae,,,,
1514664,10129.0,Apodemus sylvaticus,Monodnaviria,Shotokuvirae,Commensaviricota,Cardeaviricetes,Sanitavirales,Anelloviridae,Rhotorquevirus,
875325,3764.0,Rosa,Viruses incertae sedis,Tolecusatellitidae,Betasatellite,Betasatellite rosae,,,,
1213588,3764.0,Rosa,Riboviria,Pararnavirae,Artverviricota,Revtraviricetes,Ortervirales,Caulimoviridae,Rosadnavirus,dsDNA-RT
658904,77044.0,Rosellinia necatrix,Riboviria,Orthornavirae,Duplornaviricota,Chrymotiviricetes,Ghabrivirales,Alphatotivirineae,Megabirnaviridae,dsRNA
1000373,77044.0,Rosellinia necatrix,Riboviria,Orthornavirae,Duplornaviricota,Chrymotiviricetes,Ghabrivirales,Alphatotivirineae,Quadriviridae,dsRNA
2956381,1280.0,Staphylococcus aureus,Duplodnaviria,Heunggongvirae,Uroviricota,Caudoviricetes,Caudoviricetes incertae sedis,Rountreeviridae,Rakietenvirinae,dsDNA
3072841,1904441.0,Paracoccaceae bacterium,Duplodnaviria,Heunggongvirae,Uroviricota,Caudoviricetes,Autographivirales,Autographivirales incertae sedis,Oceanidvirus,dsDNA
3072842,1904441.0,Paracoccaceae bacterium,Duplodnaviria,Heunggongvirae,Uroviricota,Caudoviricetes,Autographivirales,Autographivirales incertae sedis,Dynamenevirus,dsDNA
3072843,1904441.0,Paracoccaceae bacterium,Duplodnaviria,Heunggongvirae,Uroviricota,Caudoviricetes,Autographivirales,Autographivirales incertae sedis,Shangxiadianvirus,dsDNA
3072844,1904441.0,Paracoccaceae bacterium,Duplodnaviria,Heunggongvirae,Uroviricota,Caudoviricetes,Autographivirales,Autographivirales incertae sedis,Actaeavirus,dsDNA
3072850,1904441.0,Paracoccaceae bacterium,Duplodnaviria,Heunggongvirae,Uroviricota,Caudoviricetes,Autographivirales,Autographivirales incertae sedis,Triteiavirus,dsDNA
562742,2434.0,Roseobacter denitrificans,Duplodnaviria,Heunggongvirae,Uroviricota,Caudoviricetes,Caudoviricetes incertae sedis,Xiamenvirus,Xiamenvirus RDJL1,dsDNA
1682380,2434.0,Roseobacter denitrificans,Duplodnaviria,Heunggongvirae,Uroviricota,Caudoviricetes,Caudoviricetes incertae sedis,Xiamenvirus,Xiamenvirus RDJL2,dsDNA
2880885,375451.0,Roseobacter denitrificans OCh 114,Duplodnaviria,Heunggongvirae,Uroviricota,Caudoviricetes,Caudoviricetes incertae sedis,Xiamenvirus,unclassified Xiamenvirus,dsDNA
359302,214836.0,Dysaphis plantaginea,Riboviria,unclassified Riboviria,unclassified ssRNA viruses,unclassified ssRNA positive-strand viruses,Acyrthosiphon pisum virus,,,
2483661,2047.0,Rothia dentocariosa,Duplodnaviria,Heunggongvirae,Uroviricota,Caudoviricetes,Caudoviricetes incertae sedis,Spartoivirus,Spartoivirus spartoi,dsDNA
595652,10195.0,Brachionus plicatilis,Riboviria,Orthornavirae,Orthornavirae incertae sedis,Birnaviridae,Ronavirus,Ronavirus rotiferae,,
11041,9606.0,Homo sapiens,Riboviria,Orthornavirae,Kitrinoviricota,Alsuviricetes,Hepelivirales,Matonaviridae,Rubivirus,+ssRNA
587370,52299.0,Rudbeckia hirta,Riboviria,Pararnavirae,Artverviricota,Revtraviricetes,Ortervirales,Caulimoviridae,Ruflodivirus,dsDNA-RT
3432208,246787.0,Bacteroides cellulosilyticus,Duplodnaviria,Heunggongvirae,Uroviricota,Caudoviricetes,Crassvirales,Intestiviridae,Rudgehvirus,dsDNA
2772517,1263.0,Ruminococcus,Duplodnaviria,Heunggongvirae,Uroviricota,Caudoviricetes,Caudoviricetes incertae sedis,Ahaonvirus,Ahaonvirus 507T22,dsDNA
2772518,1263.0,Ruminococcus,Duplodnaviria,Heunggongvirae,Uroviricota,Caudoviricetes,Caudoviricetes incertae sedis,Ahaonvirus,Ahaonvirus 507T23,dsDNA
2772519,1263.0,Ruminococcus,Duplodnaviria,Heunggongvirae,Uroviricota,Caudoviricetes,Caudoviricetes incertae sedis,Adovirus,Adovirus 519T2,dsDNA
2772520,1263.0,Ruminococcus,Duplodnaviria,Heunggongvirae,Uroviricota,Caudoviricetes,Caudoviricetes incertae sedis,Adovirus,Adovirus IBDN1,dsDNA
2772516,1263.0,Ruminococcus,Duplodnaviria,Heunggongvirae,Uroviricota,Caudoviricetes,Caudoviricetes incertae sedis,Aceathervirus,Aceathervirus RM10,dsDNA
2681616,146919.0,Salinibacter ruber,Duplodnaviria,Heunggongvirae,Uroviricota,Caudoviricetes,Caudoviricetes incertae sedis,Holosalinivirus,Holosalinivirus M1EM1,dsDNA
2041858,309807.0,Salinibacter ruber DSM 13855,Duplodnaviria,Heunggongvirae,Uroviricota,Caudoviricetes,Caudoviricetes incertae sedis,Kryptosalinivirus,Kryptosalinivirus M8CC19,dsDNA
2681614,146919.0,Salinibacter ruber,Duplodnaviria,Heunggongvirae,Uroviricota,Caudoviricetes,Caudoviricetes incertae sedis,Kairosalinivirus,Kairosalinivirus M31CR412,dsDNA
2681615,761659.0,Salinibacter ruber M8,Duplodnaviria,Heunggongvirae,Uroviricota,Caudoviricetes,Caudoviricetes incertae sedis,Holosalinivirus,Holosalinivirus M8CR302,dsDNA
2681612,761659.0,Salinibacter ruber M8,Duplodnaviria,Heunggongvirae,Uroviricota,Caudoviricetes,Caudoviricetes incertae sedis,Kryptosalinivirus,Kryptosalinivirus M8CRM1,dsDNA
2684227,146919.0,Salinibacter ruber,Duplodnaviria,Heunggongvirae,Uroviricota,Caudoviricetes,Caudoviricetes incertae sedis,Kairosalinivirus,Kairosalinivirus SRUTV1,dsDNA
2041860,309807.0,Salinibacter ruber DSM 13855,Duplodnaviria,Heunggongvirae,Uroviricota,Caudoviricetes,Caudoviricetes incertae sedis,Kairosalinivirus,unclassified Kairosalinivirus,dsDNA
1161935,51367.0,Salinivibrio costicola,Duplodnaviria,Heunggongvirae,Uroviricota,Caudoviricetes,Caudoviricetes incertae sedis,Zobellviridae,Salinovirus,dsDNA
1897436,1886796.0,Salinivibrio sp.,Duplodnaviria,Heunggongvirae,Uroviricota,Caudoviricetes,Caudoviricetes incertae sedis,Peduoviridae,Playavirus,dsDNA
1654885,90371.0,Salmonella enterica subsp. enterica serovar Typhimurium,Duplodnaviria,Heunggongvirae,Uroviricota,Caudoviricetes,Caudoviricetes incertae sedis,Lederbergvirus,Lederbergvirus P22,dsDNA
1813769,28901.0,Salmonella enterica,Duplodnaviria,Heunggongvirae,Uroviricota,Caudoviricetes,Caudoviricetes incertae sedis,Saltrevirus,Saltrevirus sv64795sal3,dsDNA
1054968,108619.0,Salmonella enterica subsp. enterica serovar Newport,Duplodnaviria,Heunggongvirae,Uroviricota,Caudoviricetes,Caudoviricetes incertae sedis,Grimontviridae,Moazamivirus,dsDNA
1113547,99287.0,Salmonella enterica subsp. enterica serovar Typhimurium str. LT2,Duplodnaviria,Heunggongvirae,Uroviricota,Caudoviricetes,Caudoviricetes incertae sedis,Nonanavirus,Nonanavirus nv9NA,dsDNA
2562461,59201.0,Salmonella enterica subsp. enterica,Duplodnaviria,Heunggongvirae,Uroviricota,Caudoviricetes,Caudoviricetes incertae sedis,Akiravirus,Akiravirus akira,dsDNA
2713275,149539.0,Salmonella enterica subsp. enterica serovar Enteritidis,Duplodnaviria,Heunggongvirae,Uroviricota,Caudoviricetes,Caudoviricetes incertae sedis,Astrithrvirus,Astrithrvirus astrithr,dsDNA
2713282,149539.0,Salmonella enterica subsp. enterica serovar Enteritidis,Duplodnaviria,Heunggongvirae,Uroviricota,Caudoviricetes,Caudoviricetes incertae sedis,Rosemountvirus,Rosemountvirus birk,dsDNA
2713286,149539.0,Salmonella enterica subsp. enterica serovar Enteritidis,Duplodnaviria,Heunggongvirae,Uroviricota,Caudoviricetes,Caudoviricetes incertae sedis,Rosemountvirus,Rosemountvirus SE13,dsDNA
3377958,90371.0,Salmonella enterica subsp. enterica serovar Typhimurium,Duplodnaviria,Heunggongvirae,Uroviricota,Caudoviricetes,Caudoviricetes incertae sedis,Skatevirus,unclassified Skatevirus,dsDNA
2935507,54388.0,Salmonella enterica subsp. enterica serovar Paratyphi A,Duplodnaviria,Heunggongvirae,Uroviricota,Caudoviricetes,Caudoviricetes incertae sedis,Swiduovirus,unclassified Swiduovirus,dsDNA
3377757,90370.0,Salmonella enterica subsp. enterica serovar Typhi,Duplodnaviria,Heunggongvirae,Uroviricota,Caudoviricetes,Caudoviricetes incertae sedis,Macdonaldcampvirus,Macdonaldcampvirus SB28,dsDNA
215158,28901.0,Salmonella enterica,Duplodnaviria,Heunggongvirae,Uroviricota,Caudoviricetes,Caudoviricetes incertae sedis,Uetakevirus,Uetakevirus epsilon15,dsDNA
1873985,573.0,Klebsiella pneumoniae,Duplodnaviria,Heunggongvirae,Uroviricota,Caudoviricetes,Caudoviricetes incertae sedis,Shuimuvirus,Shuimuvirus IME207,dsDNA
2777319,28901.0,Salmonella enterica,Duplodnaviria,Heunggongvirae,Uroviricota,Caudoviricetes,Caudoviricetes incertae sedis,Lederbergvirus,Lederbergvirus ST64T,dsDNA
1973454,1299114.0,Salmonella enterica subsp. enterica serovar Typhimurium str. ATCC 14028,Duplodnaviria,Heunggongvirae,Uroviricota,Caudoviricetes,Caudoviricetes incertae sedis,Skatevirus,Skatevirus LPST10,dsDNA
3071280,90371.0,Salmonella enterica subsp. enterica serovar Typhimurium,Duplodnaviria,Heunggongvirae,Uroviricota,Caudoviricetes,Caudoviricetes incertae sedis,Segzyvirus,Segzyvirus LPSTLL,dsDNA
2488859,149539.0,Salmonella enterica subsp. enterica serovar Enteritidis,Duplodnaviria,Heunggongvirae,Uroviricota,Caudoviricetes,Caudoviricetes incertae sedis,Murrayvirus,Murrayvirus lumpael,dsDNA
889338,149539.0,Salmonella enterica subsp. enterica serovar Enteritidis,Duplodnaviria,Heunggongvirae,Uroviricota,Caudoviricetes,Caudoviricetes incertae sedis,Seunavirus,Seunavirus PVPSE1,dsDNA
2759179,595.0,Salmonella enterica subsp. enterica serovar Infantis,Duplodnaviria,Heunggongvirae,Uroviricota,Caudoviricetes,Caudoviricetes incertae sedis,Loughboroughvirus,Loughboroughvirus ZCSE2,dsDNA
2742114,599.0,Salmonella sp.,Duplodnaviria,Heunggongvirae,Uroviricota,Caudoviricetes,Caudoviricetes incertae sedis,Casjensviridae,Zhonglingvirus,dsDNA
2115848,90371.0,Salmonella enterica subsp. enterica serovar Typhimurium,Duplodnaviria,Heunggongvirae,Uroviricota,Caudoviricetes,Caudoviricetes incertae sedis,Nonagvirus,Nonagvirus SE1Kor,dsDNA
329864,28901.0,Salmonella enterica,Duplodnaviria,Heunggongvirae,Uroviricota,Caudoviricetes,Caudoviricetes incertae sedis,Lederbergvirus,Lederbergvirus SE1Spa,dsDNA
2419756,28901.0,Salmonella enterica,Duplodnaviria,Heunggongvirae,Uroviricota,Caudoviricetes,Caudoviricetes incertae sedis,Segzyvirus,Segzyvirus segz1,dsDNA
1647463,59204.0,Salmonella enterica subsp. diarizonae,Duplodnaviria,Heunggongvirae,Uroviricota,Caudoviricetes,Caudoviricetes incertae sedis,Brunovirus,Brunovirus SEN34,dsDNA
1647465,59202.0,Salmonella enterica subsp. salamae,Duplodnaviria,Heunggongvirae,Uroviricota,Caudoviricetes,Caudoviricetes incertae sedis,Peduoviridae,Senquatrovirus,dsDNA
2419753,28901.0,Salmonella enterica,Duplodnaviria,Heunggongvirae,Uroviricota,Caudoviricetes,Caudoviricetes incertae sedis,Skatevirus,Skatevirus SeSz2,dsDNA
2479482,28901.0,Salmonella enterica,Duplodnaviria,Heunggongvirae,Uroviricota,Caudoviricetes,Caudoviricetes incertae sedis,Skatevirus,Skatevirus Seszw1,dsDNA
2592212,599.0,Salmonella sp.,Duplodnaviria,Heunggongvirae,Uroviricota,Caudoviricetes,Caudoviricetes incertae sedis,Peduoviridae,Irrigatiovirus,dsDNA
1815968,286783.0,Salmonella enterica subsp. enterica serovar Indiana,Duplodnaviria,Heunggongvirae,Uroviricota,Caudoviricetes,Caudoviricetes incertae sedis,Punavirus,Punavirus SJ46,dsDNA
2234035,90371.0,Salmonella enterica subsp. enterica serovar Typhimurium,Duplodnaviria,Heunggongvirae,Uroviricota,Caudoviricetes,Caudoviricetes incertae sedis,Skatevirus,Skatevirus skate,dsDNA
2283281,192955.0,Salmonella enterica subsp. enterica serovar Kentucky,Duplodnaviria,Heunggongvirae,Uroviricota,Caudoviricetes,Caudoviricetes incertae sedis,Sashavirus,unclassified Sashavirus,dsDNA
1173760,108619.0,Salmonella enterica subsp. enterica serovar Newport,Duplodnaviria,Heunggongvirae,Uroviricota,Caudoviricetes,Caudoviricetes incertae sedis,Nonanavirus,Nonanavirus SP069,dsDNA
1327941,90371.0,Salmonella enterica subsp. enterica serovar Typhimurium,Duplodnaviria,Heunggongvirae,Uroviricota,Caudoviricetes,Caudoviricetes incertae sedis,Uetakevirus,Uetakevirus SPN1S,dsDNA
1204529,590.0,Salmonella,Duplodnaviria,Heunggongvirae,Uroviricota,Caudoviricetes,Caudoviricetes incertae sedis,Seunavirus,Seunavirus SSE121,dsDNA
3027697,90370.0,Salmonella enterica subsp. enterica serovar Typhi,Duplodnaviria,Heunggongvirae,Uroviricota,Caudoviricetes,Caudoviricetes incertae sedis,Macdonaldcampvirus,unclassified Macdonaldcampvirus,dsDNA
1913047,59201.0,Salmonella enterica subsp. enterica,Duplodnaviria,Heunggongvirae,Uroviricota,Caudoviricetes,Caudoviricetes incertae sedis,Rosemountvirus,Rosemountvirus UPFBP2,dsDNA
2812854,211968.0,Salmonella enterica subsp. enterica serovar Albany,Duplodnaviria,Heunggongvirae,Uroviricota,Caudoviricetes,Caudoviricetes incertae sedis,Schitoviridae,Triduovirus,dsDNA
1913114,192955.0,Salmonella enterica subsp. enterica serovar Kentucky,Duplodnaviria,Heunggongvirae,Uroviricota,Caudoviricetes,Caudoviricetes incertae sedis,Sashavirus,Sashavirus sasha,dsDNA
3234146,149539.0,Salmonella enterica subsp. enterica serovar Enteritidis,Duplodnaviria,Heunggongvirae,Uroviricota,Caudoviricetes,Caudoviricetes incertae sedis,Demerecviridae,unclassified Demerecviridae,dsDNA
2749381,149539.0,Salmonella enterica subsp. enterica serovar Enteritidis,Duplodnaviria,Heunggongvirae,Uroviricota,Caudoviricetes,Caudoviricetes incertae sedis,Caminolopintovirus,Caminolopintovirus STGO351,dsDNA
2686071,599.0,Salmonella sp.,Duplodnaviria,Heunggongvirae,Uroviricota,Caudoviricetes,Caudoviricetes incertae sedis,Skatevirus,Skatevirus BS5,dsDNA
424716,28901.0,Salmonella enterica,Duplodnaviria,Heunggongvirae,Uroviricota,Caudoviricetes,Caudoviricetes incertae sedis,Macdonaldcampvirus,Macdonaldcampvirus ViIIE1,dsDNA
2583286,149539.0,Salmonella enterica subsp. enterica serovar Enteritidis,Duplodnaviria,Heunggongvirae,Uroviricota,Caudoviricetes,Caudoviricetes incertae sedis,Skatevirus,Skatevirus KFSSE2,dsDNA
2301723,90371.0,Salmonella enterica subsp. enterica serovar Typhimurium,Duplodnaviria,Heunggongvirae,Uroviricota,Caudoviricetes,Caudoviricetes incertae sedis,Skatevirus,Skatevirus VSt472,dsDNA
31771,8019.0,Oncorhynchus kisutch,Duplodnaviria,Heunggongvirae,Peploviricota,Herviviricetes,Herpesvirales,Alloherpesviridae,Salmovirus,dsDNA
31503,4577.0,Zea mays,Riboviria,Riboviria incertae sedis,Tonesaviridae,Aumaivirus,Aumaivirus maidis,Maize aumaivirus 1,,
12881,4090.0,Nicotiana glauca,Riboviria,Riboviria incertae sedis,Tombendovirales,Tomosaviridae,Virtovirus,Virtovirus tabaci,Tobacco virtovirus 1,
12444,4097.0,Nicotiana tabacum,Riboviria,Riboviria incertae sedis,Tonesaviridae,Albetovirus,Albetovirus betatabaci,Tobacco albetovirus 2,,
2025096,3920.0,Vigna unguiculata subsp. unguiculata,Riboviria,Riboviria incertae sedis,Tonesaviridae,Albetovirus,Albetovirus gammatabaci,Tobacco albetovirus 3,,
198608,5722.0,Trichomonas vaginalis,unclassified viruses,unclassified satellites,RNA satellites,Double stranded RNA satellites,,,,
3432268,9606.0,Homo sapiens,Duplodnaviria,Heunggongvirae,Uroviricota,Caudoviricetes,Caudoviricetes incertae sedis,Konodaiviridae,Satomivirus,dsDNA
2501271,1436886.0,Clarireedia homoeocarpa,Riboviria,Orthornavirae,Pisuviricota,Duplopiviricetes,Durnavirales,Hypoviridae,unclassified Hypoviridae,+ssRNA
213034,5180.0,Sclerotinia sclerotiorum,Riboviria,Orthornavirae,Kitrinoviricota,Alsuviricetes,Tymovirales,Alphaflexiviridae,Sclerodarnavirus,+ssRNA
2490812,39291.0,Agroathelia rolfsii,Riboviria,Orthornavirae,Pisuviricota,Duplopiviricetes,Durnavirales,Hypoviridae,Zetahypovirus,+ssRNA
2490813,39291.0,Agroathelia rolfsii,Riboviria,Orthornavirae,Pisuviricota,Duplopiviricetes,Durnavirales,Hypoviridae,Gammahypovirus,+ssRNA
2492655,39291.0,Agroathelia rolfsii,Riboviria,Orthornavirae,Pisuviricota,Duplopiviricetes,Durnavirales,Hypoviridae,Etahypovirus,+ssRNA
1566011,9720.0,Phoca vitulina,Monodnaviria,Shotokuvirae,Commensaviricota,Cardeaviricetes,Sanitavirales,Anelloviridae,Nutorquevirus,
3432358,317.0,Pseudomonas syringae,Duplodnaviria,Heunggongvirae,Uroviricota,Caudoviricetes,Caudoviricetes incertae sedis,Septimatrevirus,,dsDNA
3432369,511145.0,Escherichia coli str. K-12 substr. MG1655,Duplodnaviria,Heunggongvirae,Uroviricota,Caudoviricetes,Caudoviricetes incertae sedis,Septuagintavirus,,dsDNA
2024250,615.0,Serratia marcescens,Duplodnaviria,Heunggongvirae,Uroviricota,Caudoviricetes,Pantevenvirales,Ackermannviridae,Miltonvirus,dsDNA
1282995,615.0,Serratia marcescens,Duplodnaviria,Heunggongvirae,Uroviricota,Caudoviricetes,Caudoviricetes incertae sedis,Sarkviridae,Seretavirus,dsDNA
2315217,104623.0,Prodigiosinella confusarubida,Duplodnaviria,Heunggongvirae,Uroviricota,Caudoviricetes,Caudoviricetes incertae sedis,Casjensviridae,Dunedinvirus,dsDNA
2601678,615.0,Serratia marcescens,Duplodnaviria,Heunggongvirae,Uroviricota,Caudoviricetes,Caudoviricetes incertae sedis,Muldoonvirus,Muldoonvirus muldoon,dsDNA
2557554,615.0,Serratia marcescens,Duplodnaviria,Heunggongvirae,Uroviricota,Caudoviricetes,Caudoviricetes incertae sedis,Parlovirus,Parlovirus parlo,dsDNA
1481112,615.0,Serratia marcescens,Duplodnaviria,Heunggongvirae,Uroviricota,Caudoviricetes,Caudoviricetes incertae sedis,Muldoonvirus,Muldoonvirus PS2,dsDNA
2282409,615.0,Serratia marcescens,Duplodnaviria,Heunggongvirae,Uroviricota,Caudoviricetes,Caudoviricetes incertae sedis,Scappvirus,Scappvirus scapp,dsDNA
2562181,615.0,Serratia marcescens,Duplodnaviria,Heunggongvirae,Uroviricota,Caudoviricetes,Caudoviricetes incertae sedis,Serbinvirus,Serbinvirus serbin,dsDNA
2787014,615.0,Serratia marcescens,Duplodnaviria,Heunggongvirae,Uroviricota,Caudoviricetes,Caudoviricetes incertae sedis,Sarkviridae,Otakuvirus,dsDNA
2777364,615.0,Serratia marcescens,Duplodnaviria,Heunggongvirae,Uroviricota,Caudoviricetes,Caudoviricetes incertae sedis,Bonzeevirus,Bonzeevirus bigdog,dsDNA
2914027,615.0,Serratia marcescens,Duplodnaviria,Heunggongvirae,Uroviricota,Caudoviricetes,Caudoviricetes incertae sedis,Bonzeevirus,Bonzeevirus bonzee,dsDNA
2902690,615.0,Serratia marcescens,Duplodnaviria,Heunggongvirae,Uroviricota,Caudoviricetes,Caudoviricetes incertae sedis,Serbinvirus,Serbinvirus opt155,dsDNA
2777363,615.0,Serratia marcescens,Duplodnaviria,Heunggongvirae,Uroviricota,Caudoviricetes,Caudoviricetes incertae sedis,Rovertvirus,Rovertvirus rovert,dsDNA
2902692,615.0,Serratia marcescens,Duplodnaviria,Heunggongvirae,Uroviricota,Caudoviricetes,Caudoviricetes incertae sedis,Bonzeevirus,Bonzeevirus stocker,dsDNA
2894809,615.0,Serratia marcescens,Duplodnaviria,Heunggongvirae,Uroviricota,Caudoviricetes,Caudoviricetes incertae sedis,Serbinvirus,Serbinvirus tlacuache,dsDNA
2902694,615.0,Serratia marcescens,Duplodnaviria,Heunggongvirae,Uroviricota,Caudoviricetes,Caudoviricetes incertae sedis,Bonzeevirus,Bonzeevirus ulliraptor,dsDNA
2231646,4182.0,Sesamum indicum,Monodnaviria,Shotokuvirae,Cressdnaviricota,Repensiviricetes,Geplafuvirales,Geminiviridae,Turncurtovirus,
1592207,1.0,root,unclassified viruses,unclassified satellites,DNA satellites,,,,,
1592083,1.0,root,Monodnaviria,Shotokuvirae,Cressdnaviricota,Arfiviricetes,Saturnivirales,Kanorauviridae,Kaiwanvirus,
1592087,1.0,root,Monodnaviria,Shotokuvirae,Cressdnaviricota,Arfiviricetes,Rohanvirales,Adamaviridae,Enedivirus,
1592091,1.0,root,Monodnaviria,Shotokuvirae,Cressdnaviricota,Arfiviricetes,Saturnivirales,Kanorauviridae,Chinseivirus,
1592096,1.0,root,Monodnaviria,Shotokuvirae,Cressdnaviricota,Arfiviricetes,Rohanvirales,Adamaviridae,Caradhivirus,
1519397,1.0,root,Monodnaviria,Shotokuvirae,Cressdnaviricota,Arfiviricetes,Saturnivirales,Kanorauviridae,Doseivirus,
2866684,2830837.0,Shewanella sp. M16,Duplodnaviria,Heunggongvirae,Uroviricota,Caudoviricetes,Caudoviricetes incertae sedis,Peduoviridae,Arsenicumvirus,dsDNA
2576871,1738770.0,Shewanella inventionis,Duplodnaviria,Heunggongvirae,Uroviricota,Caudoviricetes,Caudoviricetes incertae sedis,Bocovirus,Bocovirus X14,dsDNA
1416032,624.0,Shigella sonnei,Duplodnaviria,Heunggongvirae,Uroviricota,Caudoviricetes,Caudoviricetes incertae sedis,Diegovirus,Diegovirus dv7502Stx,dsDNA
2591055,668369.0,Escherichia coli DH5[alpha],Duplodnaviria,Heunggongvirae,Uroviricota,Caudoviricetes,Caudoviricetes incertae sedis,Vequintavirus,Vequintavirus CM1,dsDNA
2565502,623.0,Shigella flexneri,Duplodnaviria,Heunggongvirae,Uroviricota,Caudoviricetes,Caudoviricetes incertae sedis,Deseoctovirus,Deseoctovirus DS8,dsDNA
1109721,624.0,Shigella sonnei,Duplodnaviria,Heunggongvirae,Uroviricota,Caudoviricetes,Caudoviricetes incertae sedis,Dhillonvirus,Dhillonvirus EP23,dsDNA
1498227,42897.0,Shigella flexneri 2a,Duplodnaviria,Heunggongvirae,Uroviricota,Caudoviricetes,Caudoviricetes incertae sedis,Diegovirus,Diegovirus POCJ13,dsDNA
2282196,623.0,Shigella flexneri,Duplodnaviria,Heunggongvirae,Uroviricota,Caudoviricetes,Caudoviricetes incertae sedis,Cedarrivervirus,Cedarrivervirus Sf11,dsDNA
2905959,623.0,Shigella flexneri,Duplodnaviria,Heunggongvirae,Uroviricota,Caudoviricetes,Caudoviricetes incertae sedis,Lederbergvirus,Lederbergvirus Sf6,dsDNA
1567022,623.0,Shigella flexneri,Duplodnaviria,Heunggongvirae,Uroviricota,Caudoviricetes,Caudoviricetes incertae sedis,Muvirus,Muvirus SfMu,dsDNA
1675531,624.0,Shigella sonnei,Duplodnaviria,Heunggongvirae,Uroviricota,Caudoviricetes,Caudoviricetes incertae sedis,Oslovirus,Oslovirus VASD,dsDNA
2902747,621.0,Shigella boydii,Duplodnaviria,Heunggongvirae,Uroviricota,Caudoviricetes,Caudoviricetes incertae sedis,Dhillonvirus,Dhillonvirus stardew,dsDNA
92652,27405.0,Penaeus japonicus,Viruses incertae sedis,Naldaviricetes,Nimaviridae,Whispovirus,White spot syndrome virus,,,
2169843,65557.0,Alcea rosea,Viruses incertae sedis,Alphasatellitidae,Geminialphasatellitinae,Colecusatellite,unclassified Colecusatellite,,,
337824,108335.0,Sida,Viruses incertae sedis,Tolecusatellitidae,Betasatellite,Betasatellite sidae,,,,
291270,108357.0,Sida acuta,Viruses incertae sedis,Tolecusatellitidae,Betasatellite,Betasatellite sidamusivi,,,,
1535266,1610815.0,Abelmoschus tuberculatus,Viruses incertae sedis,Alphasatellitidae,Geminialphasatellitinae,unclassified Begomovirus-associated alphasatellites,Mesta yellow vein mosaic virus alphasatellite,,,
447597,108377.0,Sida rhombifolia,Viruses incertae sedis,Alphasatellitidae,Geminialphasatellitinae,Colecusatellite,Colecusatellite sidavietnamense,,,
447602,108377.0,Sida rhombifolia,Viruses incertae sedis,Tolecusatellitidae,Betasatellite,Betasatellite sidavietnamensesecundi,,,,
326489,108362.0,Sida cordifolia,Viruses incertae sedis,Tolecusatellitidae,Betasatellite,Betasatellite sidamaduraiense,,,,
1418029,371401.0,Siegesbeckia yellow vein virus,Viruses incertae sedis,Tolecusatellitidae,Betasatellite,Betasatellite siegesbeckiae,,,,
2846228,185191.0,Sigesbeckia orientalis,Viruses incertae sedis,Tolecusatellitidae,Betasatellite,Betasatellite siegesbeckiasecundi,,,,
401518,371450.0,Sigesbeckia glabrescens,Viruses incertae sedis,Tolecusatellitidae,Betasatellite,Betasatellite siegesbeckiaguangxiense,,,,
371411,371450.0,Sigesbeckia glabrescens,Viruses incertae sedis,Tolecusatellitidae,Betasatellite,unclassified Betasatellite,Siegesbeckia yellow vein virus-associated DNA beta,,,
2929263,,,Monodnaviria,Shotokuvirae,Cressdnaviricota,Arfiviricetes,Cirlivirales,Vilyaviridae,Berenvirus,
2929265,,,Monodnaviria,Shotokuvirae,Cressdnaviricota,Arfiviricetes,Cirlivirales,Vilyaviridae,Ulaervirus,
1619218,60711.0,Chlorocebus sabaeus,Monodnaviria,Shotokuvirae,Commensaviricota,Cardeaviricetes,Sanitavirales,Anelloviridae,Alphatorquevirus,
2599764,382.0,Sinorhizobium meliloti,Duplodnaviria,Heunggongvirae,Uroviricota,Caudoviricetes,Caudoviricetes incertae sedis,Schitoviridae,Huelvavirus,dsDNA
1357423,382.0,Sinorhizobium meliloti,Duplodnaviria,Heunggongvirae,Uroviricota,Caudoviricetes,Caudoviricetes incertae sedis,Emdodecavirus,Emdodecavirus M12,dsDNA
1647404,382.0,Sinorhizobium meliloti,Duplodnaviria,Heunggongvirae,Uroviricota,Caudoviricetes,Caudoviricetes incertae sedis,Emdodecavirus,unclassified Emdodecavirus,dsDNA
1647403,382.0,Sinorhizobium meliloti,Duplodnaviria,Heunggongvirae,Uroviricota,Caudoviricetes,Caudoviricetes incertae sedis,Emdodecavirus,Emdodecavirus M7,dsDNA
1636182,382.0,Sinorhizobium meliloti,Duplodnaviria,Heunggongvirae,Uroviricota,Caudoviricetes,Caudoviricetes incertae sedis,Pootjesviridae,Emnonavirus,dsDNA
1647405,382.0,Sinorhizobium meliloti,Duplodnaviria,Heunggongvirae,Uroviricota,Caudoviricetes,Caudoviricetes incertae sedis,Emdodecavirus,Emdodecavirus N3,dsDNA
2845175,1359.0,Lactococcus cremoris,Duplodnaviria,Heunggongvirae,Uroviricota,Caudoviricetes,Caudoviricetes incertae sedis,Skunavirus,,dsDNA
2419666,8574.0,Boa constrictor,Ribozyviria,Ribozyviria incertae sedis,Kolmioviridae,Daletvirus,Daletvirus boae,,,
673375,63612.0,Sodalis glossinidius,Duplodnaviria,Heunggongvirae,Uroviricota,Caudoviricetes,Caudoviricetes incertae sedis,Dhillonvirus,Dhillonvirus SO1,dsDNA
631345,13686.0,Solenopsis invicta,Riboviria,Orthornavirae,Pisuviricota,Pisoniviricetes,Picornavirales,Solinviviridae,Invictavirus,
1980161,200492.0,Sophora alopecuroides,Viruses incertae sedis,Alphasatellitidae,Nanoalphasatellitinae,Subclovsatellite,Subclovsatellite bitbea,,,
1980165,200492.0,Sophora alopecuroides,Viruses incertae sedis,Alphasatellitidae,Nanoalphasatellitinae,Mivedwarsatellite,Mivedwarsatellite sophalope,,,
1980168,200492.0,Sophora alopecuroides,Viruses incertae sedis,Alphasatellitidae,Nanoalphasatellitinae,Sophoyesatellite,Sophoyesatellite sophira,,,
1980173,200492.0,Sophora alopecuroides,Viruses incertae sedis,Alphasatellitidae,Nanoalphasatellitinae,Clostunsatellite,Clostunsatellite sophokerman,Sophora yellow stunt alphasatellite 5,,
1980174,200492.0,Sophora alopecuroides,Viruses incertae sedis,Alphasatellitidae,Nanoalphasatellitinae,Clostunsatellite,Clostunsatellite sophorae,Sophora yellow stunt alphasatellite 4,,
2846239,91525.0,Sorghum arundinaceum,Viruses incertae sedis,Alphasatellitidae,Geminialphasatellitinae,Somasatellite,Somasatellite sorghi,,,
190503,1920021.0,Cynodon dactylon x Cynodon transvaalensis,Riboviria,Orthornavirae,Pisuviricota,Stelpaviricetes,Patatavirales,Potyviridae,Phragmivirus,
2696336,34103.0,Sphaerotilus natans,Duplodnaviria,Heunggongvirae,Uroviricota,Caudoviricetes,Autographivirales,Autoscriptoviridae,Natansvirus,dsDNA
1980139,2021637.0,Sphingobium sp. IP1,Duplodnaviria,Heunggongvirae,Uroviricota,Caudoviricetes,Caudoviricetes incertae sedis,Lacusarxvirus,Lacusarxvirus lacusarx,dsDNA
2686311,28214.0,Sphingomonas sp.,Duplodnaviria,Heunggongvirae,Uroviricota,Caudoviricetes,Caudoviricetes incertae sedis,Eidolonvirus,Eidolonvirus eidolon,dsDNA
2686312,28214.0,Sphingomonas sp.,Duplodnaviria,Heunggongvirae,Uroviricota,Caudoviricetes,Caudoviricetes incertae sedis,Kharnvirus,Kharnvirus kharn,dsDNA
2686313,28214.0,Sphingomonas sp.,Duplodnaviria,Heunggongvirae,Uroviricota,Caudoviricetes,Caudoviricetes incertae sedis,Kharnvirus,Kharnvirus lucius,dsDNA
2282912,13689.0,Sphingomonas paucimobilis,Duplodnaviria,Heunggongvirae,Uroviricota,Caudoviricetes,Autographivirales,Autonotataviridae,Scottvirus,dsDNA
2686378,1888892.0,Sphingomonas turrisvirgatae,Duplodnaviria,Heunggongvirae,Uroviricota,Caudoviricetes,Caudoviricetes incertae sedis,Torvergatavirus,Torvergatavirus MMDA13,dsDNA
185959,2133.0,Spiroplasma citri,Monodnaviria,Loebvirae,Hofneiviricota,Faserviricetes,Tubulavirales,Plectroviridae,Vespertiliovirus,
3071296,643112.0,Neoaliturus haematoceps,Monodnaviria,Loebvirae,Hofneiviricota,Faserviricetes,Tubulavirales,Plectroviridae,Virgulavirus,
93224,2132.0,Spiroplasma,Monodnaviria,Loebvirae,Hofneiviricota,Faserviricetes,Tubulavirales,Plectroviridae,Suturavirus,
2315721,37547.0,Spodoptera eridania,Viruses incertae sedis,Naldaviricetes,Lefavirales,Baculoviridae,Alphabaculovirus,Alphabaculovirus speridaniae,,
1242863,134406.0,Spodoptera exempta,Viruses incertae sedis,Naldaviricetes,Lefavirales,Baculoviridae,Alphabaculovirus,Alphabaculovirus spexemptae,,
307454,7108.0,Spodoptera frugiperda,Viruses incertae sedis,Naldaviricetes,Lefavirales,Baculoviridae,Betabaculovirus,Betabaculovirus spofrugiperdae,,
10455,7088.0,Lepidoptera,Viruses incertae sedis,Naldaviricetes,Lefavirales,Baculoviridae,Alphabaculovirus,Alphabaculovirus spofrugiperdae,,
10456,7088.0,Lepidoptera,Viruses incertae sedis,Naldaviricetes,Lefavirales,Baculoviridae,Alphabaculovirus,Alphabaculovirus splittoralis,,
359919,69820.0,Spodoptera litura,Viruses incertae sedis,Naldaviricetes,Lefavirales,Baculoviridae,Betabaculovirus,Betabaculovirus spliturae,,
46242,7088.0,Lepidoptera,Viruses incertae sedis,Naldaviricetes,Lefavirales,Baculoviridae,Alphabaculovirus,Alphabaculovirus spliturae,,
543939,5755.0,Acanthamoeba castellanii,Varidnaviria,Bamfordvirae,Preplasmiviricota,Polisuviricotina,Virophaviricetes,Mividavirales,Sputniviroviridae,
2785983,1.0,root,Riboviria,Orthornavirae,Lenarviricota,Leviviricetes,Norzivirales,Fiersviridae,Poncivirus,+ssRNA
2785985,1.0,root,Riboviria,Orthornavirae,Lenarviricota,Leviviricetes,Norzivirales,Fiersviridae,Chaedoavirus,+ssRNA
2785986,1.0,root,Riboviria,Orthornavirae,Lenarviricota,Leviviricetes,Norzivirales,Fiersviridae,Dahmuvirus,+ssRNA
2785987,1.0,root,Riboviria,Orthornavirae,Lenarviricota,Leviviricetes,Timlovirales,Blumeviridae,Marskhivirus,+ssRNA
2785988,1.0,root,Riboviria,Orthornavirae,Lenarviricota,Leviviricetes,Timlovirales,Blumeviridae,Ivolevirus,+ssRNA
2785990,1.0,root,Riboviria,Orthornavirae,Lenarviricota,Leviviricetes,Timlovirales,Blumeviridae,Gifriavirus,+ssRNA
2785992,1.0,root,Riboviria,Orthornavirae,Lenarviricota,Leviviricetes,Timlovirales,Blumeviridae,Alehndavirus,+ssRNA
2785993,1.0,root,Riboviria,Orthornavirae,Lenarviricota,Leviviricetes,Norzivirales,Fiersviridae,Dortuvirus,+ssRNA
2785994,1.0,root,Riboviria,Orthornavirae,Lenarviricota,Leviviricetes,Norzivirales,Fiersviridae,Fagihyuvirus,+ssRNA
2785995,1.0,root,Riboviria,Orthornavirae,Lenarviricota,Leviviricetes,Norzivirales,Fiersviridae,Whietlevirus,+ssRNA
2785996,1.0,root,Riboviria,Orthornavirae,Lenarviricota,Leviviricetes,Norzivirales,Fiersviridae,Kehmevirus,+ssRNA
2785997,1.0,root,Riboviria,Orthornavirae,Lenarviricota,Leviviricetes,Norzivirales,Fiersviridae,Duhcivirus,+ssRNA
2785998,1.0,root,Riboviria,Orthornavirae,Lenarviricota,Leviviricetes,Timlovirales,Steitzviridae,unclassified Steitzviridae,+ssRNA
2786000,1.0,root,Riboviria,Orthornavirae,Lenarviricota,Leviviricetes,Norzivirales,Solspiviridae,unclassified Solspiviridae,+ssRNA
2786001,1.0,root,Riboviria,Orthornavirae,Lenarviricota,Leviviricetes,Norzivirales,Atkinsviridae,Aldormivirus,+ssRNA
2786002,1.0,root,Riboviria,Orthornavirae,Lenarviricota,Leviviricetes,Norzivirales,Fiersviridae,Meblowovirus,+ssRNA
2786003,1.0,root,Riboviria,Orthornavirae,Lenarviricota,Leviviricetes,Norzivirales,Atkinsviridae,Bilifuvirus,+ssRNA
2786004,1.0,root,Riboviria,Orthornavirae,Lenarviricota,Leviviricetes,Norzivirales,Fiersviridae,Kiwsmaevirus,+ssRNA
2786005,1.0,root,Riboviria,Orthornavirae,Lenarviricota,Leviviricetes,Norzivirales,Fiersviridae,Lohngkovirus,+ssRNA
2786006,1.0,root,Riboviria,Orthornavirae,Lenarviricota,Leviviricetes,Norzivirales,Fiersviridae,Jiesduavirus,+ssRNA
2786007,1.0,root,Riboviria,Orthornavirae,Lenarviricota,Leviviricetes,Timlovirales,Steitzviridae,Giliycovirus,+ssRNA
2786008,1.0,root,Riboviria,Orthornavirae,Lenarviricota,Leviviricetes,Timlovirales,Blumeviridae,unclassified Blumeviridae,+ssRNA
2786010,1.0,root,Riboviria,Orthornavirae,Lenarviricota,Leviviricetes,Norzivirales,Fiersviridae,Swihdzovirus,+ssRNA
2786011,1.0,root,Riboviria,Orthornavirae,Lenarviricota,Leviviricetes,Timlovirales,Steitzviridae,Hohrdovirus,+ssRNA
2786012,1.0,root,Riboviria,Orthornavirae,Lenarviricota,Leviviricetes,Norzivirales,Fiersviridae,Mehraxmevirus,+ssRNA
2786014,1.0,root,Riboviria,Orthornavirae,Lenarviricota,Leviviricetes,Timlovirales,Steitzviridae,Alehxovirus,+ssRNA
2786015,1.0,root,Riboviria,Orthornavirae,Lenarviricota,Leviviricetes,Norzivirales,Fiersviridae,Tehnexuvirus,+ssRNA
2786018,1.0,root,Riboviria,Orthornavirae,Lenarviricota,Leviviricetes,Timlovirales,Steitzviridae,Lidtloavirus,+ssRNA
2786020,1.0,root,Riboviria,Orthornavirae,Lenarviricota,Leviviricetes,Timlovirales,Steitzviridae,Huhbevirus,+ssRNA
2786023,1.0,root,Riboviria,Orthornavirae,Lenarviricota,Leviviricetes,Norzivirales,Fiersviridae,Trucevirus,+ssRNA
2786024,1.0,root,Riboviria,Orthornavirae,Lenarviricota,Leviviricetes,Norzivirales,Fiersviridae,Dursuvirus,+ssRNA
2786028,1.0,root,Riboviria,Orthornavirae,Lenarviricota,Leviviricetes,Timlovirales,Steitzviridae,Tikiyavirus,+ssRNA
2786030,1.0,root,Riboviria,Orthornavirae,Lenarviricota,Leviviricetes,Norzivirales,Fiersviridae,Radbaivirus,+ssRNA
2786031,1.0,root,Riboviria,Orthornavirae,Lenarviricota,Leviviricetes,Norzivirales,Atkinsviridae,Alkesdovirus,+ssRNA
2786034,1.0,root,Riboviria,Orthornavirae,Lenarviricota,Leviviricetes,Timlovirales,Steitzviridae,Eerlswavirus,+ssRNA
2786035,1.0,root,Riboviria,Orthornavirae,Lenarviricota,Leviviricetes,Timlovirales,Steitzviridae,Lughthovirus,+ssRNA
2786048,1.0,root,Riboviria,Orthornavirae,Lenarviricota,Leviviricetes,Norzivirales,Fiersviridae,Mihkrovirus,+ssRNA
2786049,1.0,root,Riboviria,Orthornavirae,Lenarviricota,Leviviricetes,Timlovirales,Steitzviridae,Gehrmavirus,+ssRNA
2786051,1.0,root,Riboviria,Orthornavirae,Lenarviricota,Leviviricetes,Timlovirales,Steitzviridae,Mocruvirus,+ssRNA
2786053,1.0,root,Riboviria,Orthornavirae,Lenarviricota,Leviviricetes,Norzivirales,Fiersviridae,Vohsuavirus,+ssRNA
2786054,1.0,root,Riboviria,Orthornavirae,Lenarviricota,Leviviricetes,Norzivirales,Fiersviridae,Koteshevirus,+ssRNA
2786059,1.0,root,Riboviria,Orthornavirae,Lenarviricota,Leviviricetes,Norzivirales,Fiersviridae,Luthavirus,+ssRNA
2786063,1.0,root,Riboviria,Orthornavirae,Lenarviricota,Leviviricetes,Norzivirales,Fiersviridae,Andhaxevirus,+ssRNA
2786065,1.0,root,Riboviria,Orthornavirae,Lenarviricota,Leviviricetes,Norzivirales,Atkinsviridae,Hysdruvirus,+ssRNA
2786072,1.0,root,Riboviria,Orthornavirae,Lenarviricota,Leviviricetes,Norzivirales,Fiersviridae,Pohlevirus,+ssRNA
2786074,1.0,root,Riboviria,Orthornavirae,Lenarviricota,Leviviricetes,Norzivirales,Atkinsviridae,Pihngevirus,+ssRNA
2786083,1.0,root,Riboviria,Orthornavirae,Lenarviricota,Leviviricetes,Norzivirales,Atkinsviridae,Lobdovirus,+ssRNA
2786085,1.0,root,Riboviria,Orthornavirae,Lenarviricota,Leviviricetes,Timlovirales,Steitzviridae,Strehtovirus,+ssRNA
2786087,1.0,root,Riboviria,Orthornavirae,Lenarviricota,Leviviricetes,Norzivirales,Fiersviridae,Oxychlovirus,+ssRNA
2786090,1.0,root,Riboviria,Orthornavirae,Lenarviricota,Leviviricetes,Norzivirales,Fiersviridae,Phobpsivirus,+ssRNA
2786091,1.0,root,Riboviria,Orthornavirae,Lenarviricota,Leviviricetes,Timlovirales,Steitzviridae,Garnievirus,+ssRNA
2786096,1.0,root,Riboviria,Orthornavirae,Lenarviricota,Leviviricetes,Timlovirales,Steitzviridae,Hyjrovirus,+ssRNA
2786099,1.0,root,Riboviria,Orthornavirae,Lenarviricota,Leviviricetes,Norzivirales,Fiersviridae,Lowsuvirus,+ssRNA
2786100,1.0,root,Riboviria,Orthornavirae,Lenarviricota,Leviviricetes,Norzivirales,Atkinsviridae,Pohlydovirus,+ssRNA
2786101,1.0,root,Riboviria,Orthornavirae,Lenarviricota,Leviviricetes,Norzivirales,Fiersviridae,Amubhivirus,+ssRNA
2786102,1.0,root,Riboviria,Orthornavirae,Lenarviricota,Leviviricetes,Norzivirales,Atkinsviridae,Yeshinuvirus,+ssRNA
2786106,1.0,root,Riboviria,Orthornavirae,Lenarviricota,Leviviricetes,Timlovirales,Steitzviridae,Vindevirus,+ssRNA
2786107,1.0,root,Riboviria,Orthornavirae,Lenarviricota,Leviviricetes,Norzivirales,Fiersviridae,Caloevirus,+ssRNA
2786110,1.0,root,Riboviria,Orthornavirae,Lenarviricota,Leviviricetes,Norzivirales,Fiersviridae,Glyciruvirus,+ssRNA
2786111,1.0,root,Riboviria,Orthornavirae,Lenarviricota,Leviviricetes,Norzivirales,Atkinsviridae,Yekorevirus,+ssRNA
2786112,1.0,root,Riboviria,Orthornavirae,Lenarviricota,Leviviricetes,Norzivirales,Fiersviridae,Draycavirus,+ssRNA
2786113,1.0,root,Riboviria,Orthornavirae,Lenarviricota,Leviviricetes,Norzivirales,Fiersviridae,Gorodievirus,+ssRNA
2786120,1.0,root,Riboviria,Orthornavirae,Lenarviricota,Leviviricetes,Timlovirales,Steitzviridae,Puduphavirus,+ssRNA
2786122,1.0,root,Riboviria,Orthornavirae,Lenarviricota,Leviviricetes,Norzivirales,Fiersviridae,Yuhrihovirus,+ssRNA
2786126,1.0,root,Riboviria,Orthornavirae,Lenarviricota,Leviviricetes,Timlovirales,Steitzviridae,Gulmivirus,+ssRNA
2786128,1.0,root,Riboviria,Orthornavirae,Lenarviricota,Leviviricetes,Timlovirales,Steitzviridae,Nehumivirus,+ssRNA
2786135,1.0,root,Riboviria,Orthornavirae,Lenarviricota,Leviviricetes,Norzivirales,Atkinsviridae,Bruncluvirus,+ssRNA
2786137,1.0,root,Riboviria,Orthornavirae,Lenarviricota,Leviviricetes,Norzivirales,Atkinsviridae,Dugnivirus,+ssRNA
2786139,1.0,root,Riboviria,Orthornavirae,Lenarviricota,Leviviricetes,Norzivirales,Fiersviridae,Cahdavirus,+ssRNA
2786140,1.0,root,Riboviria,Orthornavirae,Lenarviricota,Leviviricetes,Norzivirales,Atkinsviridae,Andhevirus,+ssRNA
2786145,1.0,root,Riboviria,Orthornavirae,Lenarviricota,Leviviricetes,Norzivirales,Atkinsviridae,Sdribtuvirus,+ssRNA
2786161,1.0,root,Riboviria,Orthornavirae,Lenarviricota,Leviviricetes,Norzivirales,Fiersviridae,Rehihmevirus,+ssRNA
2786162,1.0,root,Riboviria,Orthornavirae,Lenarviricota,Leviviricetes,Norzivirales,Fiersviridae,Dihsdivirus,+ssRNA
2786164,1.0,root,Riboviria,Orthornavirae,Lenarviricota,Leviviricetes,Norzivirales,Solspiviridae,Upirshuvirus,+ssRNA
2786166,1.0,root,Riboviria,Orthornavirae,Lenarviricota,Leviviricetes,Timlovirales,Steitzviridae,Lomnativirus,+ssRNA
2786173,1.0,root,Riboviria,Orthornavirae,Lenarviricota,Leviviricetes,Norzivirales,Fiersviridae,Hahsevirus,+ssRNA
2786175,1.0,root,Riboviria,Orthornavirae,Lenarviricota,Leviviricetes,Norzivirales,Solspiviridae,Thiuhmevirus,+ssRNA
2786181,1.0,root,Riboviria,Orthornavirae,Lenarviricota,Leviviricetes,Norzivirales,Fiersviridae,Shihovirus,+ssRNA
2786182,1.0,root,Riboviria,Orthornavirae,Lenarviricota,Leviviricetes,Norzivirales,Fiersviridae,Dreytovirus,+ssRNA
2786185,1.0,root,Riboviria,Orthornavirae,Lenarviricota,Leviviricetes,Norzivirales,Atkinsviridae,Cahtebovirus,+ssRNA
2786198,1.0,root,Riboviria,Orthornavirae,Lenarviricota,Leviviricetes,Timlovirales,Steitzviridae,Huohcivirus,+ssRNA
2786203,1.0,root,Riboviria,Orthornavirae,Lenarviricota,Leviviricetes,Timlovirales,Steitzviridae,Pirifovirus,+ssRNA
2786206,1.0,root,Riboviria,Orthornavirae,Lenarviricota,Leviviricetes,Timlovirales,Steitzviridae,Stehnavirus,+ssRNA
2786207,1.0,root,Riboviria,Orthornavirae,Lenarviricota,Leviviricetes,Timlovirales,Steitzviridae,Pahspavirus,+ssRNA
2786212,1.0,root,Riboviria,Orthornavirae,Lenarviricota,Leviviricetes,Timlovirales,Steitzviridae,Tehnicivirus,+ssRNA
2786218,1.0,root,Riboviria,Orthornavirae,Lenarviricota,Leviviricetes,Norzivirales,Fiersviridae,Halcalevirus,+ssRNA
2786221,1.0,root,Riboviria,Orthornavirae,Lenarviricota,Leviviricetes,Timlovirales,Steitzviridae,Gihfavirus,+ssRNA
2786224,1.0,root,Riboviria,Orthornavirae,Lenarviricota,Leviviricetes,Leviviricetes incertae sedis,Skrubnovirus,Skrubnovirus agrihabitans,+ssRNA
2786228,1.0,root,Riboviria,Orthornavirae,Lenarviricota,Leviviricetes,Timlovirales,Steitzviridae,Endehruvirus,+ssRNA
2786230,1.0,root,Riboviria,Orthornavirae,Lenarviricota,Leviviricetes,Timlovirales,Steitzviridae,Molucevirus,+ssRNA
2786240,1.0,root,Riboviria,Orthornavirae,Lenarviricota,Leviviricetes,Norzivirales,Fiersviridae,Chahsmivirus,+ssRNA
2786243,1.0,root,Riboviria,Orthornavirae,Lenarviricota,Leviviricetes,Timlovirales,Steitzviridae,Thehlovirus,+ssRNA
2786245,1.0,root,Riboviria,Orthornavirae,Lenarviricota,Leviviricetes,Timlovirales,Steitzviridae,Kecuhnavirus,+ssRNA
2786250,1.0,root,Riboviria,Orthornavirae,Lenarviricota,Leviviricetes,Norzivirales,Atkinsviridae,Huleruivirus,+ssRNA
2786252,1.0,root,Riboviria,Orthornavirae,Lenarviricota,Leviviricetes,Norzivirales,Fiersviridae,Ludtovirus,+ssRNA
2786253,1.0,root,Riboviria,Orthornavirae,Lenarviricota,Leviviricetes,Norzivirales,Atkinsviridae,Apihcavirus,+ssRNA
2786272,1.0,root,Riboviria,Orthornavirae,Lenarviricota,Leviviricetes,Norzivirales,Atkinsviridae,Chounavirus,+ssRNA
2786276,1.0,root,Riboviria,Orthornavirae,Lenarviricota,Leviviricetes,Norzivirales,Atkinsviridae,Stupavirus,+ssRNA
2786278,1.0,root,Riboviria,Orthornavirae,Lenarviricota,Leviviricetes,Norzivirales,Fiersviridae,Rehudzovirus,+ssRNA
2786281,1.0,root,Riboviria,Orthornavirae,Lenarviricota,Leviviricetes,Norzivirales,Atkinsviridae,Moloevirus,+ssRNA
2786293,1.0,root,Riboviria,Orthornavirae,Lenarviricota,Leviviricetes,Timlovirales,Steitzviridae,Suhnsivirus,+ssRNA
2786301,1.0,root,Riboviria,Orthornavirae,Lenarviricota,Leviviricetes,Norzivirales,Atkinsviridae,Scloravirus,+ssRNA
2786311,1.0,root,Riboviria,Orthornavirae,Lenarviricota,Leviviricetes,Timlovirales,Steitzviridae,Pohlodivirus,+ssRNA
2786313,1.0,root,Riboviria,Orthornavirae,Lenarviricota,Leviviricetes,Norzivirales,Fiersviridae,Trotivirus,+ssRNA
2786315,1.0,root,Riboviria,Orthornavirae,Lenarviricota,Leviviricetes,Norzivirales,Fiersviridae,Depandovirus,+ssRNA
2786317,1.0,root,Riboviria,Orthornavirae,Lenarviricota,Leviviricetes,Norzivirales,Fiersviridae,Andhasavirus,+ssRNA
2786332,1.0,root,Riboviria,Orthornavirae,Lenarviricota,Leviviricetes,Norzivirales,Fiersviridae,Psimevirus,+ssRNA
2786338,1.0,root,Riboviria,Orthornavirae,Lenarviricota,Leviviricetes,Norzivirales,Atkinsviridae,Blinduvirus,+ssRNA
2786341,1.0,root,Riboviria,Orthornavirae,Lenarviricota,Leviviricetes,Timlovirales,Steitzviridae,Fagihovirus,+ssRNA
2786353,1.0,root,Riboviria,Orthornavirae,Lenarviricota,Leviviricetes,Norzivirales,Solspiviridae,Sexopuavirus,+ssRNA
2786355,1.0,root,Riboviria,Orthornavirae,Lenarviricota,Leviviricetes,Timlovirales,Blumeviridae,Pacehavirus,+ssRNA
2786366,1.0,root,Riboviria,Orthornavirae,Lenarviricota,Leviviricetes,Norzivirales,Fiersviridae,Cahrpivirus,+ssRNA
2786370,1.0,root,Riboviria,Orthornavirae,Lenarviricota,Leviviricetes,Timlovirales,Steitzviridae,Loptevirus,+ssRNA
2786372,1.0,root,Riboviria,Orthornavirae,Lenarviricota,Leviviricetes,Norzivirales,Fiersviridae,Lihtdlivirus,+ssRNA
2786373,1.0,root,Riboviria,Orthornavirae,Lenarviricota,Leviviricetes,Timlovirales,Steitzviridae,Minusuvirus,+ssRNA
2786379,1.0,root,Riboviria,Orthornavirae,Lenarviricota,Leviviricetes,Norzivirales,Fiersviridae,Dohlivirus,+ssRNA
2786380,1.0,root,Riboviria,Orthornavirae,Lenarviricota,Leviviricetes,Norzivirales,Fiersviridae,Palsdevirus,+ssRNA
2786381,1.0,root,Riboviria,Orthornavirae,Lenarviricota,Leviviricetes,Norzivirales,Fiersviridae,Philtcovirus,+ssRNA
2786382,1.0,root,Riboviria,Orthornavirae,Lenarviricota,Leviviricetes,Norzivirales,Solspiviridae,Insbruvirus,+ssRNA
2786383,1.0,root,Riboviria,Orthornavirae,Lenarviricota,Leviviricetes,Norzivirales,Solspiviridae,Tyrahlevirus,+ssRNA
2786384,1.0,root,Riboviria,Orthornavirae,Lenarviricota,Leviviricetes,Norzivirales,Fiersviridae,Boschuvirus,+ssRNA
2786385,1.0,root,Riboviria,Orthornavirae,Lenarviricota,Leviviricetes,Norzivirales,Solspiviridae,Jargovirus,+ssRNA
2786386,1.0,root,Riboviria,Orthornavirae,Lenarviricota,Leviviricetes,Norzivirales,Fiersviridae,Gmuhndevirus,+ssRNA
2786387,1.0,root,Riboviria,Orthornavirae,Lenarviricota,Leviviricetes,Norzivirales,Atkinsviridae,Kempsvovirus,+ssRNA
2786388,1.0,root,Riboviria,Orthornavirae,Lenarviricota,Leviviricetes,Norzivirales,Fiersviridae,Decadevirus,+ssRNA
2786389,1.0,root,Riboviria,Orthornavirae,Lenarviricota,Leviviricetes,Timlovirales,Steitzviridae,Kinglevirus,+ssRNA
2786390,1.0,root,Riboviria,Orthornavirae,Lenarviricota,Leviviricetes,Norzivirales,Fiersviridae,Wyahnevirus,+ssRNA
2786391,1.0,root,Riboviria,Orthornavirae,Lenarviricota,Leviviricetes,Norzivirales,Fiersviridae,Rusvolovirus,+ssRNA
2786392,1.0,root,Riboviria,Orthornavirae,Lenarviricota,Leviviricetes,Norzivirales,Fiersviridae,Olmsdivirus,+ssRNA
2786396,1.0,root,Riboviria,Orthornavirae,Lenarviricota,Leviviricetes,Norzivirales,Atkinsviridae,Coughduvirus,+ssRNA
2786397,1.0,root,Riboviria,Orthornavirae,Lenarviricota,Leviviricetes,Norzivirales,Fiersviridae,Sholavirus,+ssRNA
2786398,1.0,root,Riboviria,Orthornavirae,Lenarviricota,Leviviricetes,Norzivirales,Fiersviridae,Pehohrivirus,+ssRNA
2786399,1.0,root,Riboviria,Orthornavirae,Lenarviricota,Leviviricetes,Norzivirales,Fiersviridae,Niuhvovirus,+ssRNA
2786400,1.0,root,Riboviria,Orthornavirae,Lenarviricota,Leviviricetes,Norzivirales,Atkinsviridae,Bahdevuvirus,+ssRNA
2786401,1.0,root,Riboviria,Orthornavirae,Lenarviricota,Leviviricetes,Norzivirales,Fiersviridae,Gehnevirus,+ssRNA
2786402,1.0,root,Riboviria,Orthornavirae,Lenarviricota,Leviviricetes,Norzivirales,Fiersviridae,Thobivirus,+ssRNA
2786404,1.0,root,Riboviria,Orthornavirae,Lenarviricota,Leviviricetes,Timlovirales,Blumeviridae,Nehpavirus,+ssRNA
2786406,1.0,root,Riboviria,Orthornavirae,Lenarviricota,Leviviricetes,Timlovirales,Steitzviridae,Bicehmovirus,+ssRNA
2786407,1.0,root,Riboviria,Orthornavirae,Lenarviricota,Leviviricetes,Norzivirales,Atkinsviridae,Wulosvivirus,+ssRNA
2786408,1.0,root,Riboviria,Orthornavirae,Lenarviricota,Leviviricetes,Norzivirales,Fiersviridae,Bahscuvirus,+ssRNA
2786409,1.0,root,Riboviria,Orthornavirae,Lenarviricota,Leviviricetes,Norzivirales,Fiersviridae,Jupbevirus,+ssRNA
2786410,1.0,root,Riboviria,Orthornavirae,Lenarviricota,Leviviricetes,Norzivirales,Fiersviridae,Martavirus,+ssRNA
2786411,1.0,root,Riboviria,Orthornavirae,Lenarviricota,Leviviricetes,Norzivirales,Fiersviridae,Cauhldivirus,+ssRNA
2786412,1.0,root,Riboviria,Orthornavirae,Lenarviricota,Leviviricetes,Norzivirales,Fiersviridae,Saudhavirus,+ssRNA
2786413,1.0,root,Riboviria,Orthornavirae,Lenarviricota,Leviviricetes,Norzivirales,Fiersviridae,Tapikevirus,+ssRNA
2786414,1.0,root,Riboviria,Orthornavirae,Lenarviricota,Leviviricetes,Norzivirales,Fiersviridae,Grendvuvirus,+ssRNA
2786416,1.0,root,Riboviria,Orthornavirae,Lenarviricota,Leviviricetes,Norzivirales,Fiersviridae,Mahraivirus,+ssRNA
2786417,1.0,root,Riboviria,Orthornavirae,Lenarviricota,Leviviricetes,Norzivirales,Fiersviridae,Lohmavirus,+ssRNA
2786418,1.0,root,Riboviria,Orthornavirae,Lenarviricota,Leviviricetes,Norzivirales,Atkinsviridae,Wahbolevirus,+ssRNA
2786419,1.0,root,Riboviria,Orthornavirae,Lenarviricota,Leviviricetes,Timlovirales,Steitzviridae,Cahrlavirus,+ssRNA
2786420,1.0,root,Riboviria,Orthornavirae,Lenarviricota,Leviviricetes,Timlovirales,Steitzviridae,Fluruvirus,+ssRNA
2786421,1.0,root,Riboviria,Orthornavirae,Lenarviricota,Leviviricetes,Timlovirales,Steitzviridae,Tuwendivirus,+ssRNA
2786425,1.0,root,Riboviria,Orthornavirae,Lenarviricota,Leviviricetes,Timlovirales,Blumeviridae,Dehkhevirus,+ssRNA
2786426,1.0,root,Riboviria,Orthornavirae,Lenarviricota,Leviviricetes,Timlovirales,Blumeviridae,Bonghivirus,+ssRNA
2786427,1.0,root,Riboviria,Orthornavirae,Lenarviricota,Leviviricetes,Norzivirales,Duinviridae,Tehuhdavirus,+ssRNA
2786428,1.0,root,Riboviria,Orthornavirae,Lenarviricota,Leviviricetes,Norzivirales,Fiersviridae,Mintuvirus,+ssRNA
2786429,1.0,root,Riboviria,Orthornavirae,Lenarviricota,Leviviricetes,Norzivirales,Fiersviridae,Tenwovirus,+ssRNA
2786433,1.0,root,Riboviria,Orthornavirae,Lenarviricota,Leviviricetes,Norzivirales,Fiersviridae,Kowinovirus,+ssRNA
2786434,1.0,root,Riboviria,Orthornavirae,Lenarviricota,Leviviricetes,Norzivirales,Solspiviridae,Puirovirus,+ssRNA
2786435,1.0,root,Riboviria,Orthornavirae,Lenarviricota,Leviviricetes,Norzivirales,Solspiviridae,Wahlkovirus,+ssRNA
2786437,1.0,root,Riboviria,Orthornavirae,Lenarviricota,Leviviricetes,Timlovirales,Steitzviridae,Berdovirus,+ssRNA
2786438,1.0,root,Riboviria,Orthornavirae,Lenarviricota,Leviviricetes,Timlovirales,Steitzviridae,Limaivirus,+ssRNA
2786440,1.0,root,Riboviria,Orthornavirae,Lenarviricota,Leviviricetes,Norzivirales,Atkinsviridae,Huhmpluvirus,+ssRNA
2786444,1.0,root,Riboviria,Orthornavirae,Lenarviricota,Leviviricetes,Norzivirales,Fiersviridae,Cintrevirus,+ssRNA
2786445,1.0,root,Riboviria,Orthornavirae,Lenarviricota,Leviviricetes,Norzivirales,Fiersviridae,Piponevirus,+ssRNA
2786446,1.0,root,Riboviria,Orthornavirae,Lenarviricota,Leviviricetes,Norzivirales,Fiersviridae,Thiwvovirus,+ssRNA
2786447,1.0,root,Riboviria,Orthornavirae,Lenarviricota,Leviviricetes,Norzivirales,Atkinsviridae,Firunevirus,+ssRNA
2786449,1.0,root,Riboviria,Orthornavirae,Lenarviricota,Leviviricetes,Timlovirales,Steitzviridae,Widsokivirus,+ssRNA
2786451,1.0,root,Riboviria,Orthornavirae,Lenarviricota,Leviviricetes,Norzivirales,Fiersviridae,Tysohivirus,+ssRNA
2786452,1.0,root,Riboviria,Orthornavirae,Lenarviricota,Leviviricetes,Norzivirales,Fiersviridae,Ulinhavirus,+ssRNA
2786453,1.0,root,Riboviria,Orthornavirae,Lenarviricota,Leviviricetes,Norzivirales,Fiersviridae,Kirnavirus,+ssRNA
2786455,1.0,root,Riboviria,Orthornavirae,Lenarviricota,Leviviricetes,Norzivirales,Fiersviridae,Nehwtovirus,+ssRNA
2786459,1.0,root,Riboviria,Orthornavirae,Lenarviricota,Leviviricetes,Norzivirales,Atkinsviridae,Casfavirus,+ssRNA
2786460,1.0,root,Riboviria,Orthornavirae,Lenarviricota,Leviviricetes,Timlovirales,Steitzviridae,Huylevirus,+ssRNA
2786461,1.0,root,Riboviria,Orthornavirae,Lenarviricota,Leviviricetes,Timlovirales,Steitzviridae,Bihckevirus,+ssRNA
2786462,1.0,root,Riboviria,Orthornavirae,Lenarviricota,Leviviricetes,Timlovirales,Steitzviridae,Tuskovirus,+ssRNA
2786464,1.0,root,Riboviria,Orthornavirae,Lenarviricota,Leviviricetes,Timlovirales,Steitzviridae,Podtsbuvirus,+ssRNA
2786465,1.0,root,Riboviria,Orthornavirae,Lenarviricota,Leviviricetes,Timlovirales,Steitzviridae,Timirovirus,+ssRNA
2786467,1.0,root,Riboviria,Orthornavirae,Lenarviricota,Leviviricetes,Norzivirales,Atkinsviridae,Lahcomavirus,+ssRNA
2786469,1.0,root,Riboviria,Orthornavirae,Lenarviricota,Leviviricetes,Timlovirales,Blumeviridae,Konmavirus,+ssRNA
2786472,1.0,root,Riboviria,Orthornavirae,Lenarviricota,Leviviricetes,Norzivirales,Fiersviridae,Shebanavirus,+ssRNA
2786473,1.0,root,Riboviria,Orthornavirae,Lenarviricota,Leviviricetes,Norzivirales,Fiersviridae,Ashucavirus,+ssRNA
2786475,1.0,root,Riboviria,Orthornavirae,Lenarviricota,Leviviricetes,Norzivirales,Fiersviridae,Paysduvirus,+ssRNA
2786476,1.0,root,Riboviria,Orthornavirae,Lenarviricota,Leviviricetes,Norzivirales,Atkinsviridae,Kuhfotivirus,+ssRNA
2786477,1.0,root,Riboviria,Orthornavirae,Lenarviricota,Leviviricetes,Norzivirales,Fiersviridae,Niankuvirus,+ssRNA
2786478,1.0,root,Riboviria,Orthornavirae,Lenarviricota,Leviviricetes,Norzivirales,Duinviridae,Beshanovirus,+ssRNA
2786479,1.0,root,Riboviria,Orthornavirae,Lenarviricota,Leviviricetes,Norzivirales,Fiersviridae,Bisdanovirus,+ssRNA
2786481,1.0,root,Riboviria,Orthornavirae,Lenarviricota,Leviviricetes,Timlovirales,Steitzviridae,Sperdavirus,+ssRNA
2786482,1.0,root,Riboviria,Orthornavirae,Lenarviricota,Leviviricetes,Norzivirales,Solspiviridae,Eosonovirus,+ssRNA
2786484,1.0,root,Riboviria,Orthornavirae,Lenarviricota,Leviviricetes,Norzivirales,Atkinsviridae,Helacdivirus,+ssRNA
2786485,1.0,root,Riboviria,Orthornavirae,Lenarviricota,Leviviricetes,Norzivirales,Fiersviridae,Bihdovirus,+ssRNA
2786486,1.0,root,Riboviria,Orthornavirae,Lenarviricota,Leviviricetes,Norzivirales,Fiersviridae,Kahfsdivirus,+ssRNA
2786487,1.0,root,Riboviria,Orthornavirae,Lenarviricota,Leviviricetes,Norzivirales,Fiersviridae,Sincthavirus,+ssRNA
2786488,1.0,root,Riboviria,Orthornavirae,Lenarviricota,Leviviricetes,Norzivirales,Fiersviridae,Iruqauvirus,+ssRNA
2786490,1.0,root,Riboviria,Orthornavirae,Lenarviricota,Leviviricetes,Timlovirales,Steitzviridae,Churkhuvirus,+ssRNA
2786492,1.0,root,Riboviria,Orthornavirae,Lenarviricota,Leviviricetes,Norzivirales,Fiersviridae,Breudwovirus,+ssRNA
2786493,1.0,root,Riboviria,Orthornavirae,Lenarviricota,Leviviricetes,Norzivirales,Atkinsviridae,Cihsnivirus,+ssRNA
2786494,1.0,root,Riboviria,Orthornavirae,Lenarviricota,Leviviricetes,Timlovirales,Steitzviridae,Fudhoevirus,+ssRNA
2786499,1.0,root,Riboviria,Orthornavirae,Lenarviricota,Leviviricetes,Norzivirales,Solspiviridae,Hinehbovirus,+ssRNA
2786501,1.0,root,Riboviria,Orthornavirae,Lenarviricota,Leviviricetes,Timlovirales,Steitzviridae,Austrovirus,+ssRNA
2786502,1.0,root,Riboviria,Orthornavirae,Lenarviricota,Leviviricetes,Timlovirales,Steitzviridae,Laimuvirus,+ssRNA
2786504,1.0,root,Riboviria,Orthornavirae,Lenarviricota,Leviviricetes,Norzivirales,Fiersviridae,Methovirus,+ssRNA
2786507,1.0,root,Riboviria,Orthornavirae,Lenarviricota,Leviviricetes,Timlovirales,Blumeviridae,Hehrovirus,+ssRNA
2786513,1.0,root,Riboviria,Orthornavirae,Lenarviricota,Leviviricetes,Norzivirales,Fiersviridae,Fiyodovirus,+ssRNA
2786515,1.0,root,Riboviria,Orthornavirae,Lenarviricota,Leviviricetes,Norzivirales,Fiersviridae,Haeldovirus,+ssRNA
2786516,1.0,root,Riboviria,Orthornavirae,Lenarviricota,Leviviricetes,Norzivirales,Fiersviridae,Sehpovirus,+ssRNA
2786517,1.0,root,Riboviria,Orthornavirae,Lenarviricota,Leviviricetes,Norzivirales,Fiersviridae,Cehakivirus,+ssRNA
2786518,1.0,root,Riboviria,Orthornavirae,Lenarviricota,Leviviricetes,Norzivirales,Fiersviridae,Mekintivirus,+ssRNA
2786519,1.0,root,Riboviria,Orthornavirae,Lenarviricota,Leviviricetes,Norzivirales,Fiersviridae,Kemicevirus,+ssRNA
2786521,1.0,root,Riboviria,Orthornavirae,Lenarviricota,Leviviricetes,Norzivirales,Fiersviridae,Thiyevirus,+ssRNA
2786522,1.0,root,Riboviria,Orthornavirae,Lenarviricota,Leviviricetes,Norzivirales,Fiersviridae,Wohudhevirus,+ssRNA
2786523,1.0,root,Riboviria,Orthornavirae,Lenarviricota,Leviviricetes,Norzivirales,Fiersviridae,Scuadavirus,+ssRNA
2786524,1.0,root,Riboviria,Orthornavirae,Lenarviricota,Leviviricetes,Norzivirales,Solspiviridae,Vendavirus,+ssRNA
2786525,1.0,root,Riboviria,Orthornavirae,Lenarviricota,Leviviricetes,Norzivirales,Solspiviridae,Fahrmivirus,+ssRNA
2786527,1.0,root,Riboviria,Orthornavirae,Lenarviricota,Leviviricetes,Timlovirales,Steitzviridae,Rodtovirus,+ssRNA
2786529,1.0,root,Riboviria,Orthornavirae,Lenarviricota,Leviviricetes,Norzivirales,Atkinsviridae,Diydovirus,+ssRNA
2786530,1.0,root,Riboviria,Orthornavirae,Lenarviricota,Leviviricetes,Timlovirales,Blumeviridae,Pahdacivirus,+ssRNA
2786531,1.0,root,Riboviria,Orthornavirae,Lenarviricota,Leviviricetes,Norzivirales,Duinviridae,Samuneavirus,+ssRNA
2786532,1.0,root,Riboviria,Orthornavirae,Lenarviricota,Leviviricetes,Norzivirales,Fiersviridae,Eahsevirus,+ssRNA
2786533,1.0,root,Riboviria,Orthornavirae,Lenarviricota,Leviviricetes,Norzivirales,Fiersviridae,Pehsaduvirus,+ssRNA
2786535,1.0,root,Riboviria,Orthornavirae,Lenarviricota,Leviviricetes,Norzivirales,Fiersviridae,Mahqeavirus,+ssRNA
2786536,1.0,root,Riboviria,Orthornavirae,Lenarviricota,Leviviricetes,Norzivirales,Fiersviridae,Konkivirus,+ssRNA
2786539,1.0,root,Riboviria,Orthornavirae,Lenarviricota,Leviviricetes,Norzivirales,Atkinsviridae,Whodehavirus,+ssRNA
2786540,1.0,root,Riboviria,Orthornavirae,Lenarviricota,Leviviricetes,Norzivirales,Fiersviridae,Gahlovirus,+ssRNA
2786541,1.0,root,Riboviria,Orthornavirae,Lenarviricota,Leviviricetes,Norzivirales,Fiersviridae,Whilavirus,+ssRNA
2786546,1.0,root,Riboviria,Orthornavirae,Lenarviricota,Leviviricetes,Timlovirales,Steitzviridae,Lihvevirus,+ssRNA
2786548,1.0,root,Riboviria,Orthornavirae,Lenarviricota,Leviviricetes,Norzivirales,Fiersviridae,Behevivirus,+ssRNA
2786549,1.0,root,Riboviria,Orthornavirae,Lenarviricota,Leviviricetes,Norzivirales,Fiersviridae,Manrohovirus,+ssRNA
2786550,1.0,root,Riboviria,Orthornavirae,Lenarviricota,Leviviricetes,Norzivirales,Solspiviridae,Voulevirus,+ssRNA
2786551,1.0,root,Riboviria,Orthornavirae,Lenarviricota,Leviviricetes,Norzivirales,Solspiviridae,Mintinovirus,+ssRNA
2786552,1.0,root,Riboviria,Orthornavirae,Lenarviricota,Leviviricetes,Timlovirales,Steitzviridae,Luhtdivirus,+ssRNA
2786554,1.0,root,Riboviria,Orthornavirae,Lenarviricota,Leviviricetes,Norzivirales,Fiersviridae,Denfovirus,+ssRNA
2786555,1.0,root,Riboviria,Orthornavirae,Lenarviricota,Leviviricetes,Norzivirales,Fiersviridae,Bohwovirus,+ssRNA
2786556,1.0,root,Riboviria,Orthornavirae,Lenarviricota,Leviviricetes,Norzivirales,Fiersviridae,Loslovirus,+ssRNA
2786557,1.0,root,Riboviria,Orthornavirae,Lenarviricota,Leviviricetes,Norzivirales,Fiersviridae,Johnovirus,+ssRNA
2786558,1.0,root,Riboviria,Orthornavirae,Lenarviricota,Leviviricetes,Norzivirales,Fiersviridae,Skhembuvirus,+ssRNA
2786559,1.0,root,Riboviria,Orthornavirae,Lenarviricota,Leviviricetes,Norzivirales,Fiersviridae,Upborqevirus,+ssRNA
2786560,1.0,root,Riboviria,Orthornavirae,Lenarviricota,Leviviricetes,Norzivirales,Fiersviridae,Buhdavirus,+ssRNA
2786563,1.0,root,Riboviria,Orthornavirae,Lenarviricota,Leviviricetes,Norzivirales,Fiersviridae,Garovuvirus,+ssRNA
2786568,1.0,root,Riboviria,Orthornavirae,Lenarviricota,Leviviricetes,Norzivirales,Fiersviridae,Kihryuvirus,+ssRNA
2786569,1.0,root,Riboviria,Orthornavirae,Lenarviricota,Leviviricetes,Norzivirales,Fiersviridae,Shomudavirus,+ssRNA
2786570,1.0,root,Riboviria,Orthornavirae,Lenarviricota,Leviviricetes,Norzivirales,Fiersviridae,Chihyovirus,+ssRNA
2786572,1.0,root,Riboviria,Orthornavirae,Lenarviricota,Leviviricetes,Norzivirales,Fiersviridae,Keghovirus,+ssRNA
2786573,1.0,root,Riboviria,Orthornavirae,Lenarviricota,Leviviricetes,Norzivirales,Fiersviridae,Hihdivirus,+ssRNA
2786575,1.0,root,Riboviria,Orthornavirae,Lenarviricota,Leviviricetes,Norzivirales,Fiersviridae,Nadsecevirus,+ssRNA
2786576,1.0,root,Riboviria,Orthornavirae,Lenarviricota,Leviviricetes,Timlovirales,Blumeviridae,Kahraivirus,+ssRNA
2786577,1.0,root,Riboviria,Orthornavirae,Lenarviricota,Leviviricetes,Norzivirales,Fiersviridae,Muyegivirus,+ssRNA
2786582,1.0,root,Riboviria,Orthornavirae,Lenarviricota,Leviviricetes,Norzivirales,Fiersviridae,Dunchevirus,+ssRNA
2786583,1.0,root,Riboviria,Orthornavirae,Lenarviricota,Leviviricetes,Norzivirales,Fiersviridae,Loghdhuvirus,+ssRNA
2786585,1.0,root,Riboviria,Orthornavirae,Lenarviricota,Leviviricetes,Norzivirales,Solspiviridae,Tohkunevirus,+ssRNA
2786587,1.0,root,Riboviria,Orthornavirae,Lenarviricota,Leviviricetes,Timlovirales,Blumeviridae,Dehgumevirus,+ssRNA
2786588,1.0,root,Riboviria,Orthornavirae,Lenarviricota,Leviviricetes,Norzivirales,Solspiviridae,Mahshuvirus,+ssRNA
2786589,1.0,root,Riboviria,Orthornavirae,Lenarviricota,Leviviricetes,unclassified Leviviricetes,Tetipavirus,unclassified Tetipavirus,+ssRNA
2786590,1.0,root,Riboviria,Orthornavirae,Lenarviricota,Leviviricetes,Timlovirales,Steitzviridae,Iwahcevirus,+ssRNA
2786594,1.0,root,Riboviria,Orthornavirae,Lenarviricota,Leviviricetes,Timlovirales,Steitzviridae,Hahkesevirus,+ssRNA
2786597,1.0,root,Riboviria,Orthornavirae,Lenarviricota,Leviviricetes,Timlovirales,Steitzviridae,Mahdsavirus,+ssRNA
2786598,1.0,root,Riboviria,Orthornavirae,Lenarviricota,Leviviricetes,Timlovirales,Blumeviridae,Semodevirus,+ssRNA
2786600,1.0,root,Riboviria,Orthornavirae,Lenarviricota,Leviviricetes,Timlovirales,Steitzviridae,Adahmuvirus,+ssRNA
2786602,1.0,root,Riboviria,Orthornavirae,Lenarviricota,Leviviricetes,Timlovirales,Blumeviridae,Yenihzavirus,+ssRNA
2786603,1.0,root,Riboviria,Orthornavirae,Lenarviricota,Leviviricetes,Timlovirales,Blumeviridae,Kemiovirus,+ssRNA
2786604,1.0,root,Riboviria,Orthornavirae,Lenarviricota,Leviviricetes,Norzivirales,Fiersviridae,Kuhshuvirus,+ssRNA
2786609,1.0,root,Riboviria,Orthornavirae,Lenarviricota,Leviviricetes,Timlovirales,Steitzviridae,Gahmegovirus,+ssRNA
2786612,1.0,root,Riboviria,Orthornavirae,Lenarviricota,Leviviricetes,Norzivirales,Atkinsviridae,Monekavirus,+ssRNA
2786614,1.0,root,Riboviria,Orthornavirae,Lenarviricota,Leviviricetes,Norzivirales,Fiersviridae,Imeberivirus,+ssRNA
2786616,1.0,root,Riboviria,Orthornavirae,Lenarviricota,Leviviricetes,Norzivirales,Fiersviridae,Nohrdovirus,+ssRNA
2786619,1.0,root,Riboviria,Orthornavirae,Lenarviricota,Leviviricetes,Norzivirales,Atkinsviridae,Kihrivirus,+ssRNA
2786620,1.0,root,Riboviria,Orthornavirae,Lenarviricota,Leviviricetes,Norzivirales,Duinviridae,Kohmavirus,+ssRNA
2786621,1.0,root,Riboviria,Orthornavirae,Lenarviricota,Leviviricetes,Norzivirales,Fiersviridae,Teciucevirus,+ssRNA
2786624,1.0,root,Riboviria,Orthornavirae,Lenarviricota,Leviviricetes,Norzivirales,Fiersviridae,Hahdsevirus,+ssRNA
2786625,1.0,root,Riboviria,Orthornavirae,Lenarviricota,Leviviricetes,Norzivirales,Fiersviridae,Omohevirus,+ssRNA
2786626,1.0,root,Riboviria,Orthornavirae,Lenarviricota,Leviviricetes,Norzivirales,Fiersviridae,Pudlivirus,+ssRNA
2786628,1.0,root,Riboviria,Orthornavirae,Lenarviricota,Leviviricetes,Norzivirales,Fiersviridae,Darnbovirus,+ssRNA
2786629,1.0,root,Riboviria,Orthornavirae,Lenarviricota,Leviviricetes,Norzivirales,Solspiviridae,Puhrivirus,+ssRNA
2786630,1.0,root,Riboviria,Orthornavirae,Lenarviricota,Leviviricetes,Norzivirales,Fiersviridae,Choctavirus,+ssRNA
2786631,1.0,root,Riboviria,Orthornavirae,Lenarviricota,Leviviricetes,Norzivirales,Atkinsviridae,Madisduvirus,+ssRNA
2786632,1.0,root,Riboviria,Orthornavirae,Lenarviricota,Leviviricetes,Norzivirales,Fiersviridae,Eerlswovirus,+ssRNA
2786634,1.0,root,Riboviria,Orthornavirae,Lenarviricota,Leviviricetes,Norzivirales,Solspiviridae,Dibaevirus,+ssRNA
2786636,1.0,root,Riboviria,Orthornavirae,Lenarviricota,Leviviricetes,Norzivirales,Solspiviridae,Dilzevirus,+ssRNA
2786637,1.0,root,Riboviria,Orthornavirae,Lenarviricota,Leviviricetes,Norzivirales,Solspiviridae,Etdyvivirus,+ssRNA
2786638,1.0,root,Riboviria,Orthornavirae,Lenarviricota,Leviviricetes,Norzivirales,Solspiviridae,Whahdcavirus,+ssRNA
2786641,1.0,root,Riboviria,Orthornavirae,Lenarviricota,Leviviricetes,Timlovirales,Steitzviridae,Frobavirus,+ssRNA
2786642,1.0,root,Riboviria,Orthornavirae,Lenarviricota,Leviviricetes,Norzivirales,Atkinsviridae,Mitdiwavirus,+ssRNA
2786643,1.0,root,Riboviria,Orthornavirae,Lenarviricota,Leviviricetes,Norzivirales,Atkinsviridae,Arihsbuvirus,+ssRNA
2786644,1.0,root,Riboviria,Orthornavirae,Lenarviricota,Leviviricetes,Timlovirales,Blumeviridae,Lirnavirus,+ssRNA
2786645,1.0,root,Riboviria,Orthornavirae,Lenarviricota,Leviviricetes,Timlovirales,Blumeviridae,Wahdswovirus,+ssRNA
2786646,1.0,root,Riboviria,Orthornavirae,Lenarviricota,Leviviricetes,Norzivirales,Fiersviridae,Owenocuvirus,+ssRNA
2786647,1.0,root,Riboviria,Orthornavirae,Lenarviricota,Leviviricetes,Norzivirales,Fiersviridae,Opdykovirus,+ssRNA
2786650,1.0,root,Riboviria,Orthornavirae,Lenarviricota,Leviviricetes,Timlovirales,Blumeviridae,Dahmuivirus,+ssRNA
2786651,1.0,root,Riboviria,Orthornavirae,Lenarviricota,Leviviricetes,Timlovirales,Blumeviridae,Chimpavirus,+ssRNA
2786653,1.0,root,Riboviria,Orthornavirae,Lenarviricota,Leviviricetes,Norzivirales,Fiersviridae,Stehlmavirus,+ssRNA
2786655,1.0,root,Riboviria,Orthornavirae,Lenarviricota,Leviviricetes,Norzivirales,Fiersviridae,Chobevirus,+ssRNA
2786656,1.0,root,Riboviria,Orthornavirae,Lenarviricota,Leviviricetes,Norzivirales,Fiersviridae,Yahnavirus,+ssRNA
2786657,1.0,root,Riboviria,Orthornavirae,Lenarviricota,Leviviricetes,Norzivirales,Fiersviridae,Ideskevirus,+ssRNA
2786658,1.0,root,Riboviria,Orthornavirae,Lenarviricota,Leviviricetes,Norzivirales,Solspiviridae,Andihavirus,+ssRNA
2786663,1.0,root,Riboviria,Orthornavirae,Lenarviricota,Leviviricetes,Norzivirales,Atkinsviridae,Chinihovirus,+ssRNA
2786666,1.0,root,Riboviria,Orthornavirae,Lenarviricota,Leviviricetes,Norzivirales,Fiersviridae,Smudhfivirus,+ssRNA
2786667,1.0,root,Riboviria,Orthornavirae,Lenarviricota,Leviviricetes,Norzivirales,Fiersviridae,Behlfluvirus,+ssRNA
2786669,1.0,root,Riboviria,Orthornavirae,Lenarviricota,Leviviricetes,Norzivirales,Fiersviridae,Seybrovirus,+ssRNA
2786670,1.0,root,Riboviria,Orthornavirae,Lenarviricota,Leviviricetes,Timlovirales,Steitzviridae,Yeziwivirus,+ssRNA
2786671,1.0,root,Riboviria,Orthornavirae,Lenarviricota,Leviviricetes,Norzivirales,Atkinsviridae,Hirvovirus,+ssRNA
2786673,1.0,root,Riboviria,Orthornavirae,Lenarviricota,Leviviricetes,Norzivirales,Fiersviridae,Bohnovirus,+ssRNA
2786674,1.0,root,Riboviria,Orthornavirae,Lenarviricota,Leviviricetes,Norzivirales,Fiersviridae,Tohvovirus,+ssRNA
2786679,1.0,root,Riboviria,Orthornavirae,Lenarviricota,Leviviricetes,Timlovirales,Steitzviridae,Ashcevirus,+ssRNA
2786683,1.0,root,Riboviria,Orthornavirae,Lenarviricota,Leviviricetes,Norzivirales,Fiersviridae,Tahluvirus,+ssRNA
2786685,1.0,root,Riboviria,Orthornavirae,Lenarviricota,Leviviricetes,Norzivirales,Fiersviridae,Soetuvirus,+ssRNA
2786686,1.0,root,Riboviria,Orthornavirae,Lenarviricota,Leviviricetes,Norzivirales,Fiersviridae,Blafavirus,+ssRNA
2786687,1.0,root,Riboviria,Orthornavirae,Lenarviricota,Leviviricetes,unclassified Leviviricetes,Winunavirus,unclassified Winunavirus,+ssRNA
2786690,1.0,root,Riboviria,Orthornavirae,Lenarviricota,Leviviricetes,Norzivirales,Fiersviridae,Oceshuvirus,+ssRNA
2786691,1.0,root,Riboviria,Orthornavirae,Lenarviricota,Leviviricetes,Norzivirales,Fiersviridae,Gunawavirus,+ssRNA
2786692,1.0,root,Riboviria,Orthornavirae,Lenarviricota,Leviviricetes,Timlovirales,Steitzviridae,Tsuhreavirus,+ssRNA
2786694,1.0,root,Riboviria,Orthornavirae,Lenarviricota,Leviviricetes,Timlovirales,Blumeviridae,Shihwivirus,+ssRNA
2786695,1.0,root,Riboviria,Orthornavirae,Lenarviricota,Leviviricetes,Timlovirales,Blumeviridae,Kahnayevirus,+ssRNA
2786696,1.0,root,Riboviria,Orthornavirae,Lenarviricota,Leviviricetes,Norzivirales,Atkinsviridae,Alvostovirus,+ssRNA
2786698,1.0,root,Riboviria,Orthornavirae,Lenarviricota,Leviviricetes,Leviviricetes incertae sedis,Nicedsevirus,Nicedsevirus caenivivens,+ssRNA
2786701,1.0,root,Riboviria,Orthornavirae,Lenarviricota,Leviviricetes,Norzivirales,Fiersviridae,Ureyisuvirus,+ssRNA
2786703,1.0,root,Riboviria,Orthornavirae,Lenarviricota,Leviviricetes,Norzivirales,Fiersviridae,Onohmuvirus,+ssRNA
2786708,1.0,root,Riboviria,Orthornavirae,Lenarviricota,Leviviricetes,Norzivirales,Fiersviridae,Hukohnovirus,+ssRNA
2786710,1.0,root,Riboviria,Orthornavirae,Lenarviricota,Leviviricetes,Norzivirales,Fiersviridae,Yohcadevirus,+ssRNA
2786711,1.0,root,Riboviria,Orthornavirae,Lenarviricota,Leviviricetes,Timlovirales,Steitzviridae,Tamanovirus,+ssRNA
2786715,1.0,root,Riboviria,Orthornavirae,Lenarviricota,Leviviricetes,Timlovirales,Steitzviridae,Metsavirus,+ssRNA
2786716,1.0,root,Riboviria,Orthornavirae,Lenarviricota,Leviviricetes,Timlovirales,Steitzviridae,Kihsiravirus,+ssRNA
2786719,1.0,root,Riboviria,Orthornavirae,Lenarviricota,Leviviricetes,Timlovirales,Blumeviridae,Kerishovirus,+ssRNA
2786720,1.0,root,Riboviria,Orthornavirae,Lenarviricota,Leviviricetes,Norzivirales,Duinviridae,Kahshuvirus,+ssRNA
2786721,1.0,root,Riboviria,Orthornavirae,Lenarviricota,Leviviricetes,unclassified Leviviricetes,Meihzavirus,unclassified Meihzavirus,+ssRNA
2786722,1.0,root,Riboviria,Orthornavirae,Lenarviricota,Leviviricetes,Norzivirales,Fiersviridae,Ishugivirus,+ssRNA
2786725,1.0,root,Riboviria,Orthornavirae,Lenarviricota,Leviviricetes,Norzivirales,Atkinsviridae,Wecineivirus,+ssRNA
2786726,1.0,root,Riboviria,Orthornavirae,Lenarviricota,Leviviricetes,Norzivirales,Atkinsviridae,Kudohovirus,+ssRNA
2786728,1.0,root,Riboviria,Orthornavirae,Lenarviricota,Leviviricetes,Norzivirales,Fiersviridae,Ticahravirus,+ssRNA
2786729,1.0,root,Riboviria,Orthornavirae,Lenarviricota,Leviviricetes,Timlovirales,Steitzviridae,Fejonovirus,+ssRNA
2786730,1.0,root,Riboviria,Orthornavirae,Lenarviricota,Leviviricetes,Norzivirales,Fiersviridae,Ineyimevirus,+ssRNA
2786732,1.0,root,Riboviria,Orthornavirae,Lenarviricota,Leviviricetes,Norzivirales,Atkinsviridae,Niginuvirus,+ssRNA
2786734,1.0,root,Riboviria,Orthornavirae,Lenarviricota,Leviviricetes,Norzivirales,Atkinsviridae,Kimihcavirus,+ssRNA
2786735,1.0,root,Riboviria,Orthornavirae,Lenarviricota,Leviviricetes,Norzivirales,Atkinsviridae,Gohshovirus,+ssRNA
2786736,1.0,root,Riboviria,Orthornavirae,Lenarviricota,Leviviricetes,Norzivirales,Fiersviridae,Dorudgevirus,+ssRNA
2786737,1.0,root,Riboviria,Orthornavirae,Lenarviricota,Leviviricetes,Norzivirales,Fiersviridae,Yemegivirus,+ssRNA
2786739,1.0,root,Riboviria,Orthornavirae,Lenarviricota,Leviviricetes,Timlovirales,Steitzviridae,Bushwuavirus,+ssRNA
2786743,1.0,root,Riboviria,Orthornavirae,Lenarviricota,Leviviricetes,Norzivirales,Atkinsviridae,Ichonovirus,+ssRNA
2786744,1.0,root,Riboviria,Orthornavirae,Lenarviricota,Leviviricetes,Norzivirales,Atkinsviridae,Neratovirus,+ssRNA
2786747,1.0,root,Riboviria,Orthornavirae,Lenarviricota,Leviviricetes,Norzivirales,Fiersviridae,Ushumevirus,+ssRNA
2786749,1.0,root,Riboviria,Orthornavirae,Lenarviricota,Leviviricetes,Norzivirales,Fiersviridae,Icumivirus,+ssRNA
2786751,1.0,root,Riboviria,Orthornavirae,Lenarviricota,Leviviricetes,Timlovirales,Steitzviridae,Oldborovirus,+ssRNA
2786755,1.0,root,Riboviria,Orthornavirae,Lenarviricota,Leviviricetes,Timlovirales,Steitzviridae,Brikhyavirus,+ssRNA
2786756,1.0,root,Riboviria,Orthornavirae,Lenarviricota,Leviviricetes,Timlovirales,Steitzviridae,Lazuovirus,+ssRNA
2786757,1.0,root,Riboviria,Orthornavirae,Lenarviricota,Leviviricetes,Norzivirales,Fiersviridae,Dosmizivirus,+ssRNA
2786764,1.0,root,Riboviria,Orthornavirae,Lenarviricota,Leviviricetes,Timlovirales,Steitzviridae,Sidiruavirus,+ssRNA
2786766,1.0,root,Riboviria,Orthornavirae,Lenarviricota,Leviviricetes,unclassified Leviviricetes,Sculuvirus,unclassified Sculuvirus,+ssRNA
2786769,1.0,root,Riboviria,Orthornavirae,Lenarviricota,Leviviricetes,Norzivirales,Atkinsviridae,Psoetuvirus,+ssRNA
2786776,1.0,root,Riboviria,Orthornavirae,Lenarviricota,Leviviricetes,Timlovirales,Steitzviridae,Surghavirus,+ssRNA
2786787,1.0,root,Riboviria,Orthornavirae,Lenarviricota,Leviviricetes,Norzivirales,Atkinsviridae,Isoihlovirus,+ssRNA
2786797,1.0,root,Riboviria,Orthornavirae,Lenarviricota,Leviviricetes,Timlovirales,Steitzviridae,Tehmuvirus,+ssRNA
2786804,1.0,root,Riboviria,Orthornavirae,Lenarviricota,Leviviricetes,Timlovirales,Steitzviridae,Psiaduvirus,+ssRNA
2786816,1.0,root,Riboviria,Orthornavirae,Lenarviricota,Leviviricetes,Norzivirales,Atkinsviridae,Pagohnivirus,+ssRNA
2786825,1.0,root,Riboviria,Orthornavirae,Lenarviricota,Leviviricetes,Norzivirales,Atkinsviridae,Hehspivirus,+ssRNA
2786839,1.0,root,Riboviria,Orthornavirae,Lenarviricota,Leviviricetes,Timlovirales,Steitzviridae,Ferahgovirus,+ssRNA
2908096,1280.0,Staphylococcus aureus,Duplodnaviria,Heunggongvirae,Uroviricota,Caudoviricetes,Caudoviricetes incertae sedis,Phietavirus,Phietavirus pv187,dsDNA
2961989,1280.0,Staphylococcus aureus,Duplodnaviria,Heunggongvirae,Uroviricota,Caudoviricetes,Caudoviricetes incertae sedis,Triavirus,unclassified Triavirus,dsDNA
3116823,1280.0,Staphylococcus aureus,Duplodnaviria,Heunggongvirae,Uroviricota,Caudoviricetes,Caudoviricetes incertae sedis,Phietavirus,unclassified Phietavirus,dsDNA
1505027,1280.0,Staphylococcus aureus,Duplodnaviria,Heunggongvirae,Uroviricota,Caudoviricetes,Caudoviricetes incertae sedis,Biseptimavirus,Biseptimavirus bv23MRA,dsDNA
320836,1280.0,Staphylococcus aureus,Duplodnaviria,Heunggongvirae,Uroviricota,Caudoviricetes,Caudoviricetes incertae sedis,Fibralongavirus,Fibralongavirus fv2638A,dsDNA
2936818,1280.0,Staphylococcus aureus,Duplodnaviria,Heunggongvirae,Uroviricota,Caudoviricetes,Caudoviricetes incertae sedis,Phietavirus,Phietavirus pv29,dsDNA
1934428,93062.0,Staphylococcus aureus subsp. aureus COL,Duplodnaviria,Heunggongvirae,Uroviricota,Caudoviricetes,Caudoviricetes incertae sedis,Peeveelvirus,Peeveelvirus pv3AJ2017,dsDNA
2936813,1280.0,Staphylococcus aureus,Duplodnaviria,Heunggongvirae,Uroviricota,Caudoviricetes,Caudoviricetes incertae sedis,Phietavirus,Phietavirus pv37,dsDNA
2952374,1280.0,Staphylococcus aureus,Duplodnaviria,Heunggongvirae,Uroviricota,Caudoviricetes,Caudoviricetes incertae sedis,Triavirus,Triavirus tv3a,dsDNA
1505026,1280.0,Staphylococcus aureus,Duplodnaviria,Heunggongvirae,Uroviricota,Caudoviricetes,Caudoviricetes incertae sedis,Phietavirus,Phietavirus pv3MRA,dsDNA
2908113,1280.0,Staphylococcus aureus,Duplodnaviria,Heunggongvirae,Uroviricota,Caudoviricetes,Caudoviricetes incertae sedis,Triavirus,Triavirus tv42e,dsDNA
2750283,1282.0,Staphylococcus epidermidis,Duplodnaviria,Heunggongvirae,Uroviricota,Caudoviricetes,Caudoviricetes incertae sedis,Rockefellervirus,Rockefellervirus CNPH82,dsDNA
2936812,1280.0,Staphylococcus aureus,Duplodnaviria,Heunggongvirae,Uroviricota,Caudoviricetes,Caudoviricetes incertae sedis,Triavirus,Triavirus tv47,dsDNA
2908114,1280.0,Staphylococcus aureus,Duplodnaviria,Heunggongvirae,Uroviricota,Caudoviricetes,Caudoviricetes incertae sedis,Phietavirus,Phietavirus pv52a,dsDNA
2908098,1280.0,Staphylococcus aureus,Duplodnaviria,Heunggongvirae,Uroviricota,Caudoviricetes,Caudoviricetes incertae sedis,Dubowvirus,Dubowvirus dv53,dsDNA
2936817,1280.0,Staphylococcus aureus,Duplodnaviria,Heunggongvirae,Uroviricota,Caudoviricetes,Caudoviricetes incertae sedis,Phietavirus,Phietavirus pv55,dsDNA
2908097,1280.0,Staphylococcus aureus,Duplodnaviria,Heunggongvirae,Uroviricota,Caudoviricetes,Caudoviricetes incertae sedis,Dubowvirus,Dubowvirus dv69,dsDNA
1500386,1282.0,Staphylococcus epidermidis,Duplodnaviria,Heunggongvirae,Uroviricota,Caudoviricetes,Caudoviricetes incertae sedis,Sextaecvirus,Sextaecvirus sextaec,dsDNA
3116825,1280.0,Staphylococcus aureus,Duplodnaviria,Heunggongvirae,Uroviricota,Caudoviricetes,Caudoviricetes incertae sedis,Dubowvirus,unclassified Dubowvirus,dsDNA
2936816,1280.0,Staphylococcus aureus,Duplodnaviria,Heunggongvirae,Uroviricota,Caudoviricetes,Caudoviricetes incertae sedis,Phietavirus,Phietavirus pv71,dsDNA
2992641,1280.0,Staphylococcus aureus,Duplodnaviria,Heunggongvirae,Uroviricota,Caudoviricetes,Caudoviricetes incertae sedis,Biseptimavirus,Biseptimavirus bv77,dsDNA
2913981,1279.0,Staphylococcus,Duplodnaviria,Heunggongvirae,Uroviricota,Caudoviricetes,Caudoviricetes incertae sedis,Phietavirus,Phietavirus pv80,dsDNA
2911440,1280.0,Staphylococcus aureus,Duplodnaviria,Heunggongvirae,Uroviricota,Caudoviricetes,Caudoviricetes incertae sedis,Dubowvirus,Dubowvirus dv80alpha,dsDNA
2908111,1280.0,Staphylococcus aureus,Duplodnaviria,Heunggongvirae,Uroviricota,Caudoviricetes,Caudoviricetes incertae sedis,Dubowvirus,Dubowvirus dv85,dsDNA
2908115,1280.0,Staphylococcus aureus,Duplodnaviria,Heunggongvirae,Uroviricota,Caudoviricetes,Caudoviricetes incertae sedis,Phietavirus,Phietavirus pv88,dsDNA
2908151,1280.0,Staphylococcus aureus,Duplodnaviria,Heunggongvirae,Uroviricota,Caudoviricetes,Caudoviricetes incertae sedis,Phietavirus,Phietavirus pv92,dsDNA
2936815,1280.0,Staphylococcus aureus,Duplodnaviria,Heunggongvirae,Uroviricota,Caudoviricetes,Caudoviricetes incertae sedis,Phietavirus,Phietavirus pv96,dsDNA
2848096,1280.0,Staphylococcus aureus,Duplodnaviria,Heunggongvirae,Uroviricota,Caudoviricetes,Caudoviricetes incertae sedis,Phietavirus,Phietavirus B122,dsDNA
1636204,1280.0,Staphylococcus aureus,Duplodnaviria,Heunggongvirae,Uroviricota,Caudoviricetes,Caudoviricetes incertae sedis,Phietavirus,Phietavirus B166,dsDNA
1636205,1280.0,Staphylococcus aureus,Duplodnaviria,Heunggongvirae,Uroviricota,Caudoviricetes,Caudoviricetes incertae sedis,Phietavirus,Phietavirus B236,dsDNA
2848097,561307.0,Staphylococcus aureus subsp. aureus RN4220,Duplodnaviria,Heunggongvirae,Uroviricota,Caudoviricetes,Caudoviricetes incertae sedis,Dubowvirus,Dubowvirus baqsau1,dsDNA
3061988,1279.0,Staphylococcus,Duplodnaviria,Heunggongvirae,Uroviricota,Caudoviricetes,Caudoviricetes incertae sedis,Peeveelvirus,unclassified Peeveelvirus,dsDNA
3113738,1282.0,Staphylococcus epidermidis,Duplodnaviria,Heunggongvirae,Uroviricota,Caudoviricetes,Caudoviricetes incertae sedis,Sextaecvirus,unclassified Sextaecvirus,dsDNA
1792269,1282.0,Staphylococcus epidermidis,Duplodnaviria,Heunggongvirae,Uroviricota,Caudoviricetes,Caudoviricetes incertae sedis,Rockefellervirus,Rockefellervirus CNPx,dsDNA
2777213,1280.0,Staphylococcus aureus,Duplodnaviria,Heunggongvirae,Uroviricota,Caudoviricetes,Caudoviricetes incertae sedis,Biseptimavirus,Biseptimavirus NM3,dsDNA
2777216,1280.0,Staphylococcus aureus,Duplodnaviria,Heunggongvirae,Uroviricota,Caudoviricetes,Caudoviricetes incertae sedis,Biseptimavirus,unclassified Biseptimavirus,dsDNA
2936814,1280.0,Staphylococcus aureus,Duplodnaviria,Heunggongvirae,Uroviricota,Caudoviricetes,Caudoviricetes incertae sedis,Phietavirus,Phietavirus EW,dsDNA
2492948,1280.0,Staphylococcus aureus,Duplodnaviria,Heunggongvirae,Uroviricota,Caudoviricetes,Caudoviricetes incertae sedis,Phietavirus,Phietavirus Henu2,dsDNA
2059858,1280.0,Staphylococcus aureus,Duplodnaviria,Heunggongvirae,Uroviricota,Caudoviricetes,Caudoviricetes incertae sedis,Dubowvirus,Dubowvirus HSA84,dsDNA
1610872,1283.0,Staphylococcus haemolyticus,Duplodnaviria,Heunggongvirae,Uroviricota,Caudoviricetes,Bronfenbrennervirinae,unclassified Bronfenbrennervirinae,,dsDNA
1965486,1283.0,Staphylococcus haemolyticus,Duplodnaviria,Heunggongvirae,Uroviricota,Caudoviricetes,Azeredovirinae,unclassified Azeredovirinae,,dsDNA
1965492,1280.0,Staphylococcus aureus,Duplodnaviria,Heunggongvirae,Uroviricota,Caudoviricetes,Caudoviricetes incertae sedis,Peeveelvirus,Peeveelvirus pv13,dsDNA
1965489,1282.0,Staphylococcus epidermidis,Duplodnaviria,Heunggongvirae,Uroviricota,Caudoviricetes,Caudoviricetes incertae sedis,Rockefellervirus,Rockefellervirus IME134801,dsDNA
1965490,1280.0,Staphylococcus aureus,Duplodnaviria,Heunggongvirae,Uroviricota,Caudoviricetes,Caudoviricetes incertae sedis,Biseptimavirus,Biseptimavirus IME136101,dsDNA
1965494,1283.0,Staphylococcus haemolyticus,Duplodnaviria,Heunggongvirae,Uroviricota,Caudoviricetes,Caudoviricetes incertae sedis,Rockefellervirus,unclassified Rockefellervirus,dsDNA
1273712,1280.0,Staphylococcus aureus,Duplodnaviria,Heunggongvirae,Uroviricota,Caudoviricetes,Caudoviricetes incertae sedis,Peeveelvirus,Peeveelvirus JS01,dsDNA
1296641,1280.0,Staphylococcus aureus,Duplodnaviria,Heunggongvirae,Uroviricota,Caudoviricetes,Caudoviricetes incertae sedis,Triavirus,Triavirus LH1,dsDNA
3088876,1280.0,Staphylococcus aureus,Duplodnaviria,Heunggongvirae,Uroviricota,Caudoviricetes,Caudoviricetes incertae sedis,Ehrlichviridae,Chennaivirus,dsDNA
1840236,1280.0,Staphylococcus aureus,Duplodnaviria,Heunggongvirae,Uroviricota,Caudoviricetes,Caudoviricetes incertae sedis,Biseptimavirus,Biseptimavirus P1105,dsDNA
1920379,1280.0,Staphylococcus aureus,Duplodnaviria,Heunggongvirae,Uroviricota,Caudoviricetes,Caudoviricetes incertae sedis,Triavirus,Triavirus P240,dsDNA
1735645,1280.0,Staphylococcus aureus,Duplodnaviria,Heunggongvirae,Uroviricota,Caudoviricetes,Caudoviricetes incertae sedis,Biseptimavirus,Biseptimavirus P282,dsDNA
1735646,1280.0,Staphylococcus aureus,Duplodnaviria,Heunggongvirae,Uroviricota,Caudoviricetes,Caudoviricetes incertae sedis,Biseptimavirus,Biseptimavirus P630,dsDNA
668618,1280.0,Staphylococcus aureus,Duplodnaviria,Heunggongvirae,Uroviricota,Caudoviricetes,Caudoviricetes incertae sedis,Biseptimavirus,Biseptimavirus P954,dsDNA
3235046,1284.0,Staphylococcus hyicus,Duplodnaviria,Heunggongvirae,Uroviricota,Caudoviricetes,Caudoviricetes incertae sedis,Coventryvirus,unclassified Coventryvirus,dsDNA
2913977,1282.0,Staphylococcus epidermidis,Duplodnaviria,Heunggongvirae,Uroviricota,Caudoviricetes,Caudoviricetes incertae sedis,Rockefellervirus,Rockefellervirus PH15,dsDNA
2681609,93061.0,Staphylococcus aureus subsp. aureus NCTC 8325,Duplodnaviria,Heunggongvirae,Uroviricota,Caudoviricetes,Caudoviricetes incertae sedis,Dubowvirus,Dubowvirus dv11,dsDNA
2905946,93061.0,Staphylococcus aureus subsp. aureus NCTC 8325,Duplodnaviria,Heunggongvirae,Uroviricota,Caudoviricetes,Caudoviricetes incertae sedis,Triavirus,Triavirus tv12,dsDNA
430796,1280.0,Staphylococcus aureus,Duplodnaviria,Heunggongvirae,Uroviricota,Caudoviricetes,Caudoviricetes incertae sedis,Triavirus,Triavirus tv2958PVL,dsDNA
874267,1280.0,Staphylococcus aureus,Duplodnaviria,Heunggongvirae,Uroviricota,Caudoviricetes,Caudoviricetes incertae sedis,Biseptimavirus,Biseptimavirus phi7247PVL,dsDNA
1165702,1280.0,Staphylococcus aureus,Duplodnaviria,Heunggongvirae,Uroviricota,Caudoviricetes,Caudoviricetes incertae sedis,Triavirus,Triavirus JS02,dsDNA
1519999,1334189.0,Staphylococcus aureus HIP07256,Duplodnaviria,Heunggongvirae,Uroviricota,Caudoviricetes,Caudoviricetes incertae sedis,Biseptimavirus,Biseptimavirus BU01,dsDNA
2993860,1280.0,Staphylococcus aureus,Duplodnaviria,Heunggongvirae,Uroviricota,Caudoviricetes,Caudoviricetes incertae sedis,Phietavirus,Phietavirus ETA,dsDNA
2993858,1280.0,Staphylococcus aureus,Duplodnaviria,Heunggongvirae,Uroviricota,Caudoviricetes,Caudoviricetes incertae sedis,Dubowvirus,Dubowvirus ETA2,dsDNA
2994038,1280.0,Staphylococcus aureus,Duplodnaviria,Heunggongvirae,Uroviricota,Caudoviricetes,Caudoviricetes incertae sedis,Phietavirus,Phietavirus ETA3,dsDNA
1698421,1280.0,Staphylococcus aureus,Duplodnaviria,Heunggongvirae,Uroviricota,Caudoviricetes,Caudoviricetes incertae sedis,Phietavirus,Phietavirus JB,dsDNA
2994039,1280.0,Staphylococcus aureus,Duplodnaviria,Heunggongvirae,Uroviricota,Caudoviricetes,Caudoviricetes incertae sedis,Phietavirus,Phietavirus MR11,dsDNA
2993859,1280.0,Staphylococcus aureus,Duplodnaviria,Heunggongvirae,Uroviricota,Caudoviricetes,Caudoviricetes incertae sedis,Dubowvirus,Dubowvirus MR25,dsDNA
2911442,1279.0,Staphylococcus,Duplodnaviria,Heunggongvirae,Uroviricota,Caudoviricetes,Caudoviricetes incertae sedis,Dubowvirus,Dubowvirus NM1,dsDNA
2911443,1279.0,Staphylococcus,Duplodnaviria,Heunggongvirae,Uroviricota,Caudoviricetes,Caudoviricetes incertae sedis,Dubowvirus,Dubowvirus NM2,dsDNA
2911444,1279.0,Staphylococcus,Duplodnaviria,Heunggongvirae,Uroviricota,Caudoviricetes,Caudoviricetes incertae sedis,Phietavirus,Phietavirus NM4,dsDNA
648017,1280.0,Staphylococcus aureus,Duplodnaviria,Heunggongvirae,Uroviricota,Caudoviricetes,Caudoviricetes incertae sedis,Peeveelvirus,Peeveelvirus CN125,dsDNA
360398,1280.0,Staphylococcus aureus,Duplodnaviria,Heunggongvirae,Uroviricota,Caudoviricetes,Caudoviricetes incertae sedis,Peeveelvirus,Peeveelvirus PVL108,dsDNA
2029064,1280.0,Staphylococcus aureus,Duplodnaviria,Heunggongvirae,Uroviricota,Caudoviricetes,Caudoviricetes incertae sedis,Triavirus,Triavirus st1,dsDNA
2060948,1280.0,Staphylococcus aureus,Duplodnaviria,Heunggongvirae,Uroviricota,Caudoviricetes,Caudoviricetes incertae sedis,Triavirus,Triavirus st121mssa,dsDNA
2060949,1280.0,Staphylococcus aureus,Duplodnaviria,Heunggongvirae,Uroviricota,Caudoviricetes,Caudoviricetes incertae sedis,Biseptimavirus,Biseptimavirus st22,dsDNA
2060950,1280.0,Staphylococcus aureus,Duplodnaviria,Heunggongvirae,Uroviricota,Caudoviricetes,Caudoviricetes incertae sedis,Triavirus,Triavirus st30,dsDNA
2060951,1280.0,Staphylococcus aureus,Duplodnaviria,Heunggongvirae,Uroviricota,Caudoviricetes,Caudoviricetes incertae sedis,Triavirus,Triavirus st5,dsDNA
2060954,1280.0,Staphylococcus aureus,Duplodnaviria,Heunggongvirae,Uroviricota,Caudoviricetes,Caudoviricetes incertae sedis,Triavirus,Triavirus st78,dsDNA
2914017,1280.0,Staphylococcus aureus,Duplodnaviria,Heunggongvirae,Uroviricota,Caudoviricetes,Caudoviricetes incertae sedis,Triavirus,Triavirus IPLA35,dsDNA
2952367,1280.0,Staphylococcus aureus,Duplodnaviria,Heunggongvirae,Uroviricota,Caudoviricetes,Caudoviricetes incertae sedis,Triavirus,Triavirus SLT,dsDNA
2491316,283734.0,Staphylococcus pseudintermedius,Duplodnaviria,Heunggongvirae,Uroviricota,Caudoviricetes,Caudoviricetes incertae sedis,Fibralongavirus,unclassified Fibralongavirus,dsDNA
2491321,1279.0,Staphylococcus,Duplodnaviria,Heunggongvirae,Uroviricota,Caudoviricetes,Caudoviricetes incertae sedis,Coventryvirus,Coventryvirus SP441,dsDNA
71366,1280.0,Staphylococcus aureus,Duplodnaviria,Heunggongvirae,Uroviricota,Caudoviricetes,Caudoviricetes incertae sedis,Peeveelvirus,Peeveelvirus PVL,dsDNA
320843,1280.0,Staphylococcus aureus,Duplodnaviria,Heunggongvirae,Uroviricota,Caudoviricetes,Caudoviricetes incertae sedis,Phietavirus,Phietavirus ROSA,dsDNA
2268607,1280.0,Staphylococcus aureus,Duplodnaviria,Heunggongvirae,Uroviricota,Caudoviricetes,Caudoviricetes incertae sedis,Biseptimavirus,Biseptimavirus SA1014ruMSSAST7,dsDNA
1195086,1280.0,Staphylococcus aureus,Duplodnaviria,Heunggongvirae,Uroviricota,Caudoviricetes,Caudoviricetes incertae sedis,Phietavirus,Phietavirus SA13,dsDNA
2268608,1280.0,Staphylococcus aureus,Duplodnaviria,Heunggongvirae,Uroviricota,Caudoviricetes,Caudoviricetes incertae sedis,Triavirus,Triavirus SA137ruMSSAST121PVL,dsDNA
2268621,1280.0,Staphylococcus aureus,Duplodnaviria,Heunggongvirae,Uroviricota,Caudoviricetes,Caudoviricetes incertae sedis,Biseptimavirus,Biseptimavirus SA345ruMSSAST8,dsDNA
1969736,1280.0,Staphylococcus aureus,Duplodnaviria,Heunggongvirae,Uroviricota,Caudoviricetes,Caudoviricetes incertae sedis,Peeveelvirus,Peeveelvirus SA7,dsDNA
2681195,561307.0,Staphylococcus aureus subsp. aureus RN4220,Duplodnaviria,Heunggongvirae,Uroviricota,Caudoviricetes,Caudoviricetes incertae sedis,Dubowvirus,Dubowvirus SA75,dsDNA
2268609,1280.0,Staphylococcus aureus,Duplodnaviria,Heunggongvirae,Uroviricota,Caudoviricetes,Caudoviricetes incertae sedis,Peeveelvirus,Peeveelvirus SA780ruMSSAST101,dsDNA
1498171,561307.0,Staphylococcus aureus subsp. aureus RN4220,Duplodnaviria,Heunggongvirae,Uroviricota,Caudoviricetes,Caudoviricetes incertae sedis,Dubowvirus,Dubowvirus SA97,dsDNA
2919550,1280.0,Staphylococcus aureus,Duplodnaviria,Heunggongvirae,Uroviricota,Caudoviricetes,Caudoviricetes incertae sedis,Dubowvirus,Dubowvirus SAP26,dsDNA
2588088,1280.0,Staphylococcus aureus,Duplodnaviria,Heunggongvirae,Uroviricota,Caudoviricetes,Caudoviricetes incertae sedis,Triavirus,Triavirus SAP11,dsDNA
2588090,1280.0,Staphylococcus aureus,Duplodnaviria,Heunggongvirae,Uroviricota,Caudoviricetes,Caudoviricetes incertae sedis,Dubowvirus,Dubowvirus SAP33,dsDNA
2557555,1280.0,Staphylococcus aureus,Duplodnaviria,Heunggongvirae,Uroviricota,Caudoviricetes,Caudoviricetes incertae sedis,Phietavirus,Phietavirus sebago,dsDNA
2066503,1280.0,Staphylococcus aureus,Duplodnaviria,Heunggongvirae,Uroviricota,Caudoviricetes,Caudoviricetes incertae sedis,Triavirus,Triavirus tv15644,dsDNA
2024210,1266717.0,Staphylococcus pseudintermedius E140,Duplodnaviria,Heunggongvirae,Uroviricota,Caudoviricetes,Caudoviricetes incertae sedis,Coventryvirus,Coventryvirus SN8,dsDNA
2024211,1266717.0,Staphylococcus pseudintermedius E140,Duplodnaviria,Heunggongvirae,Uroviricota,Caudoviricetes,Caudoviricetes incertae sedis,Coventryvirus,Coventryvirus WIS42,dsDNA
2495553,283734.0,Staphylococcus pseudintermedius,Duplodnaviria,Heunggongvirae,Uroviricota,Caudoviricetes,Caudoviricetes incertae sedis,Coventryvirus,Coventryvirus SP120,dsDNA
2495554,283734.0,Staphylococcus pseudintermedius,Duplodnaviria,Heunggongvirae,Uroviricota,Caudoviricetes,Caudoviricetes incertae sedis,Coventryvirus,Coventryvirus SP197,dsDNA
2495555,283734.0,Staphylococcus pseudintermedius,Duplodnaviria,Heunggongvirae,Uroviricota,Caudoviricetes,Caudoviricetes incertae sedis,Coventryvirus,Coventryvirus SP276,dsDNA
1211285,1280.0,Staphylococcus aureus,Duplodnaviria,Heunggongvirae,Uroviricota,Caudoviricetes,Caudoviricetes incertae sedis,Dubowvirus,Dubowvirus SP5,dsDNA
1913446,283734.0,Staphylococcus pseudintermedius,Duplodnaviria,Heunggongvirae,Uroviricota,Caudoviricetes,Caudoviricetes incertae sedis,Coventryvirus,Coventryvirus SpT152,dsDNA
1195068,1280.0,Staphylococcus aureus,Duplodnaviria,Heunggongvirae,Uroviricota,Caudoviricetes,Caudoviricetes incertae sedis,Phietavirus,Phietavirus StauST3981,dsDNA
1277672,1280.0,Staphylococcus aureus,Duplodnaviria,Heunggongvirae,Uroviricota,Caudoviricetes,Caudoviricetes incertae sedis,Triavirus,Triavirus StauST3982,dsDNA
1195071,1280.0,Staphylococcus aureus,Duplodnaviria,Heunggongvirae,Uroviricota,Caudoviricetes,Caudoviricetes incertae sedis,Phietavirus,Phietavirus StauST3983,dsDNA
1308896,1280.0,Staphylococcus aureus,Duplodnaviria,Heunggongvirae,Uroviricota,Caudoviricetes,Caudoviricetes incertae sedis,Biseptimavirus,Biseptimavirus StauST3984,dsDNA
1308897,1280.0,Staphylococcus aureus,Duplodnaviria,Heunggongvirae,Uroviricota,Caudoviricetes,Caudoviricetes incertae sedis,Phietavirus,Phietavirus StauST3985,dsDNA
947066,1280.0,Staphylococcus aureus,Duplodnaviria,Heunggongvirae,Uroviricota,Caudoviricetes,Caudoviricetes incertae sedis,Dubowvirus,Dubowvirus TEM126,dsDNA
445515,1280.0,Staphylococcus aureus,Duplodnaviria,Heunggongvirae,Uroviricota,Caudoviricetes,Caudoviricetes incertae sedis,Peeveelvirus,Peeveelvirus tp3101,dsDNA
445516,1280.0,Staphylococcus aureus,Duplodnaviria,Heunggongvirae,Uroviricota,Caudoviricetes,Caudoviricetes incertae sedis,Triavirus,Triavirus tp3102,dsDNA
2029631,1280.0,Staphylococcus aureus,Duplodnaviria,Heunggongvirae,Uroviricota,Caudoviricetes,Caudoviricetes incertae sedis,Phietavirus,Phietavirus UPMK2,dsDNA
2681608,1280.0,Staphylococcus aureus,Duplodnaviria,Heunggongvirae,Uroviricota,Caudoviricetes,Caudoviricetes incertae sedis,Dubowvirus,Dubowvirus IPLA88,dsDNA
2696345,561307.0,Staphylococcus aureus subsp. aureus RN4220,Duplodnaviria,Heunggongvirae,Uroviricota,Caudoviricetes,Caudoviricetes incertae sedis,Phietavirus,Phietavirus SAP27,dsDNA
2510149,1280.0,Staphylococcus aureus,Duplodnaviria,Heunggongvirae,Uroviricota,Caudoviricetes,Caudoviricetes incertae sedis,Triavirus,Triavirus fPfSau02,dsDNA
1674930,1280.0,Staphylococcus aureus,Duplodnaviria,Heunggongvirae,Uroviricota,Caudoviricetes,Caudoviricetes incertae sedis,Triavirus,Triavirus tv2,dsDNA
2922988,1282.0,Staphylococcus epidermidis,Duplodnaviria,Heunggongvirae,Uroviricota,Caudoviricetes,Caudoviricetes incertae sedis,Rockefellervirus,Rockefellervirus IPLA5,dsDNA
2922989,1282.0,Staphylococcus epidermidis,Duplodnaviria,Heunggongvirae,Uroviricota,Caudoviricetes,Caudoviricetes incertae sedis,Rockefellervirus,Rockefellervirus IPLA7,dsDNA
1434319,1282.0,Staphylococcus epidermidis,Duplodnaviria,Heunggongvirae,Uroviricota,Caudoviricetes,Caudoviricetes incertae sedis,Sextaecvirus,Sextaecvirus SEP9,dsDNA
2510452,283734.0,Staphylococcus pseudintermedius,Duplodnaviria,Heunggongvirae,Uroviricota,Caudoviricetes,Caudoviricetes incertae sedis,Fibralongavirus,Fibralongavirus QT1,dsDNA
2908152,1280.0,Staphylococcus aureus,Duplodnaviria,Heunggongvirae,Uroviricota,Caudoviricetes,Caudoviricetes incertae sedis,Phietavirus,Phietavirus X2,dsDNA
1399949,1280.0,Staphylococcus aureus,Duplodnaviria,Heunggongvirae,Uroviricota,Caudoviricetes,Caudoviricetes incertae sedis,Triavirus,Triavirus R1988,dsDNA
129009,1280.0,Staphylococcus aureus,Duplodnaviria,Heunggongvirae,Uroviricota,Caudoviricetes,Caudoviricetes incertae sedis,Peeveelvirus,Peeveelvirus PV83,dsDNA
3070820,29387.0,Staphylococcus sp.,Duplodnaviria,Heunggongvirae,Uroviricota,Caudoviricetes,Caudoviricetes incertae sedis,Zhangqianvirus,Zhangqianvirus IME1354,dsDNA
2847766,538381.0,Stappia indica,Duplodnaviria,Heunggongvirae,Uroviricota,Caudoviricetes,Autographivirales,Autographivirales incertae sedis,Songlingvirus,dsDNA
3071007,40324.0,Stenotrophomonas maltophilia,Duplodnaviria,Heunggongvirae,Uroviricota,Caudoviricetes,Caudoviricetes incertae sedis,Menderavirus,Menderavirus Ps15,dsDNA
2834249,40324.0,Stenotrophomonas maltophilia,Duplodnaviria,Heunggongvirae,Uroviricota,Caudoviricetes,Caudoviricetes incertae sedis,Menderavirus,Menderavirus IMESM1,dsDNA
2860376,40324.0,Stenotrophomonas maltophilia,Duplodnaviria,Heunggongvirae,Uroviricota,Caudoviricetes,Caudoviricetes incertae sedis,Bixiavirus,Bixiavirus BUCT626,dsDNA
2860377,40324.0,Stenotrophomonas maltophilia,Duplodnaviria,Heunggongvirae,Uroviricota,Caudoviricetes,Caudoviricetes incertae sedis,Bixiavirus,Bixiavirus BUCT627,dsDNA
2914029,40324.0,Stenotrophomonas maltophilia,Duplodnaviria,Heunggongvirae,Uroviricota,Caudoviricetes,Caudoviricetes incertae sedis,Schitoviridae,Cavevirus,dsDNA
2859652,40324.0,Stenotrophomonas maltophilia,Duplodnaviria,Heunggongvirae,Uroviricota,Caudoviricetes,Caudoviricetes incertae sedis,Menderavirus,unclassified Menderavirus,dsDNA
2650877,40324.0,Stenotrophomonas maltophilia,Duplodnaviria,Heunggongvirae,Uroviricota,Caudoviricetes,Caudoviricetes incertae sedis,Menderavirus,Menderavirus mendera,dsDNA
2601680,40324.0,Stenotrophomonas maltophilia,Duplodnaviria,Heunggongvirae,Uroviricota,Caudoviricetes,Caudoviricetes incertae sedis,Menderavirus,Menderavirus moby,dsDNA
2859653,40324.0,Stenotrophomonas maltophilia,Duplodnaviria,Heunggongvirae,Uroviricota,Caudoviricetes,Caudoviricetes incertae sedis,Schitoviridae,Pokkenvirus,dsDNA
2859655,40324.0,Stenotrophomonas maltophilia,Duplodnaviria,Heunggongvirae,Uroviricota,Caudoviricetes,Caudoviricetes incertae sedis,Schitoviridae,Philippevirus,dsDNA
1027253,40324.0,Stenotrophomonas maltophilia,Monodnaviria,Loebvirae,Hofneiviricota,Faserviricetes,Tubulavirales,Inoviridae,Siphunculivirus,
2011087,40323.0,Stenotrophomonas,Monodnaviria,Loebvirae,Hofneiviricota,Faserviricetes,Tubulavirales,Inoviridae,Psecadovirus,
2801524,40324.0,Stenotrophomonas maltophilia,Duplodnaviria,Heunggongvirae,Uroviricota,Caudoviricetes,Caudoviricetes incertae sedis,Salvavirus,Salvavirus salva,dsDNA
2859658,40324.0,Stenotrophomonas maltophilia,Duplodnaviria,Heunggongvirae,Uroviricota,Caudoviricetes,Caudoviricetes incertae sedis,Siaravirus,Siaravirus siara,dsDNA
1346893,40324.0,Stenotrophomonas maltophilia,Monodnaviria,Loebvirae,Hofneiviricota,Faserviricetes,Tubulavirales,Inoviridae,Scuticavirus,
1343494,40324.0,Stenotrophomonas maltophilia,Monodnaviria,Loebvirae,Hofneiviricota,Faserviricetes,Tubulavirales,Inoviridae,Subteminivirus,
334856,40324.0,Stenotrophomonas maltophilia,Monodnaviria,Loebvirae,Hofneiviricota,Faserviricetes,Tubulavirales,Inoviridae,Staminivirus,
1168563,40324.0,Stenotrophomonas maltophilia,Duplodnaviria,Heunggongvirae,Uroviricota,Caudoviricetes,Caudoviricetes incertae sedis,Peduoviridae,Simpcentumvirus,dsDNA
2859661,40324.0,Stenotrophomonas maltophilia,Duplodnaviria,Heunggongvirae,Uroviricota,Caudoviricetes,Caudoviricetes incertae sedis,Delepquintavirus,unclassified Delepquintavirus,dsDNA
2859663,40324.0,Stenotrophomonas maltophilia,Duplodnaviria,Heunggongvirae,Uroviricota,Caudoviricetes,Caudoviricetes incertae sedis,Casjensviridae,Sanovirus,dsDNA
2740427,40324.0,Stenotrophomonas maltophilia,Duplodnaviria,Heunggongvirae,Uroviricota,Caudoviricetes,Caudoviricetes incertae sedis,Axeltriavirus,Axeltriavirus AXL3,dsDNA
1642588,40324.0,Stenotrophomonas maltophilia,Duplodnaviria,Heunggongvirae,Uroviricota,Caudoviricetes,Caudoviricetes incertae sedis,Septimatrevirus,Septimatrevirus DLP1,dsDNA
1642663,40324.0,Stenotrophomonas maltophilia,Duplodnaviria,Heunggongvirae,Uroviricota,Caudoviricetes,Caudoviricetes incertae sedis,Septimatrevirus,Septimatrevirus DLP2,dsDNA
3097473,40324.0,Stenotrophomonas maltophilia,Duplodnaviria,Heunggongvirae,Uroviricota,Caudoviricetes,Caudoviricetes incertae sedis,Siaravirus,unclassified Siaravirus,dsDNA
2712941,40324.0,Stenotrophomonas maltophilia,Duplodnaviria,Heunggongvirae,Uroviricota,Caudoviricetes,Caudoviricetes incertae sedis,Bixiavirus,Bixiavirus BUCT548,dsDNA
2044561,40324.0,Stenotrophomonas maltophilia,Duplodnaviria,Heunggongvirae,Uroviricota,Caudoviricetes,Caudoviricetes incertae sedis,Delepquintavirus,Delepquintavirus DLP5,dsDNA
2894587,40324.0,Stenotrophomonas maltophilia,Duplodnaviria,Heunggongvirae,Uroviricota,Caudoviricetes,Caudoviricetes incertae sedis,Shangdongvirus,Shangdongvirus ply2008005c,dsDNA
3432604,185825.0,Pantala flavescens,Monodnaviria,Shotokuvirae,Cressdnaviricota,Arfiviricetes,Jormunvirales,Draupnirviridae,Strenuaivirus,
2681626,1308.0,Streptococcus thermophilus,Duplodnaviria,Heunggongvirae,Uroviricota,Caudoviricetes,Caudoviricetes incertae sedis,Aliceevansviridae,Brussowvirus,dsDNA
870470,1313.0,Streptococcus pneumoniae,Duplodnaviria,Heunggongvirae,Uroviricota,Caudoviricetes,Caudoviricetes incertae sedis,Spinunavirus,Spinunavirus sv040922,dsDNA
2268613,1308.0,Streptococcus thermophilus,Duplodnaviria,Heunggongvirae,Uroviricota,Caudoviricetes,Caudoviricetes incertae sedis,Aliceevansviridae,Moineauvirus,dsDNA
870473,1313.0,Streptococcus pneumoniae,Duplodnaviria,Heunggongvirae,Uroviricota,Caudoviricetes,Caudoviricetes incertae sedis,Malkevirus,Malkevirus mv11865,dsDNA
870475,1313.0,Streptococcus pneumoniae,Duplodnaviria,Heunggongvirae,Uroviricota,Caudoviricetes,Caudoviricetes incertae sedis,Hinxtonvirus,Hinxtonvirus hv2167,dsDNA
870472,1313.0,Streptococcus pneumoniae,Duplodnaviria,Heunggongvirae,Uroviricota,Caudoviricetes,Caudoviricetes incertae sedis,Malkevirus,Malkevirus mv23782,dsDNA
2776815,68892.0,Streptococcus infantis,Duplodnaviria,Heunggongvirae,Uroviricota,Caudoviricetes,Caudoviricetes incertae sedis,Phadecavirus,Phadecavirus pv23TH,dsDNA
870471,1313.0,Streptococcus pneumoniae,Duplodnaviria,Heunggongvirae,Uroviricota,Caudoviricetes,Caudoviricetes incertae sedis,Hinxtonvirus,Hinxtonvirus hv34117,dsDNA
646413,1308.0,Streptococcus thermophilus,Duplodnaviria,Heunggongvirae,Uroviricota,Caudoviricetes,Caudoviricetes incertae sedis,Aliceevansviridae,Vansinderenvirus,dsDNA
870474,1313.0,Streptococcus pneumoniae,Duplodnaviria,Heunggongvirae,Uroviricota,Caudoviricetes,Caudoviricetes incertae sedis,Hinxtonvirus,Hinxtonvirus hv8140,dsDNA
1814957,1308.0,Streptococcus thermophilus,Duplodnaviria,Heunggongvirae,Uroviricota,Caudoviricetes,Caudoviricetes incertae sedis,Piorkowskivirus,Piorkowskivirus pv9871,dsDNA
1814958,1308.0,Streptococcus thermophilus,Duplodnaviria,Heunggongvirae,Uroviricota,Caudoviricetes,Caudoviricetes incertae sedis,Piorkowskivirus,Piorkowskivirus pv9872,dsDNA
1814959,1308.0,Streptococcus thermophilus,Duplodnaviria,Heunggongvirae,Uroviricota,Caudoviricetes,Caudoviricetes incertae sedis,Piorkowskivirus,unclassified Piorkowskivirus,dsDNA
1814960,1308.0,Streptococcus thermophilus,Duplodnaviria,Heunggongvirae,Uroviricota,Caudoviricetes,Caudoviricetes incertae sedis,Piorkowskivirus,Piorkowskivirus pv9874,dsDNA
2806697,1314.0,Streptococcus pyogenes,Duplodnaviria,Heunggongvirae,Uroviricota,Caudoviricetes,Caudoviricetes incertae sedis,Stonewallvirus,unclassified Stonewallvirus,dsDNA
1701850,1314.0,Streptococcus pyogenes,Duplodnaviria,Heunggongvirae,Uroviricota,Caudoviricetes,Caudoviricetes incertae sedis,Stonewallvirus,Stonewallvirus A25,dsDNA
2907838,1301.0,Streptococcus,Duplodnaviria,Heunggongvirae,Uroviricota,Caudoviricetes,Caudoviricetes incertae sedis,Rountreeviridae,Fischettivirus,dsDNA
1913081,1308.0,Streptococcus thermophilus,Duplodnaviria,Heunggongvirae,Uroviricota,Caudoviricetes,Caudoviricetes incertae sedis,Piorkowskivirus,Piorkowskivirus CHPC577,dsDNA
1913082,1308.0,Streptococcus thermophilus,Duplodnaviria,Heunggongvirae,Uroviricota,Caudoviricetes,Caudoviricetes incertae sedis,Piorkowskivirus,Piorkowskivirus CHPC926,dsDNA
10748,1313.0,Streptococcus pneumoniae,Duplodnaviria,Heunggongvirae,Uroviricota,Caudoviricetes,Caudoviricetes incertae sedis,Madridviridae,Cepunavirus,dsDNA
1448273,1313.0,Streptococcus pneumoniae,Duplodnaviria,Heunggongvirae,Uroviricota,Caudoviricetes,Caudoviricetes incertae sedis,Hinxtonvirus,Hinxtonvirus DCC1738,dsDNA
1448276,1313.0,Streptococcus pneumoniae,Duplodnaviria,Heunggongvirae,Uroviricota,Caudoviricetes,Caudoviricetes incertae sedis,Hinxtonvirus,Hinxtonvirus IC1,dsDNA
1916151,1313.0,Streptococcus pneumoniae,Duplodnaviria,Heunggongvirae,Uroviricota,Caudoviricetes,Caudoviricetes incertae sedis,Spinunavirus,Spinunavirus IPP10,dsDNA
1916152,1313.0,Streptococcus pneumoniae,Duplodnaviria,Heunggongvirae,Uroviricota,Caudoviricetes,Caudoviricetes incertae sedis,Medawarvirus,Medawarvirus IPP11,dsDNA
1916153,1313.0,Streptococcus pneumoniae,Duplodnaviria,Heunggongvirae,Uroviricota,Caudoviricetes,Caudoviricetes incertae sedis,Medawarvirus,Medawarvirus IPP12,dsDNA
1916154,1313.0,Streptococcus pneumoniae,Duplodnaviria,Heunggongvirae,Uroviricota,Caudoviricetes,Caudoviricetes incertae sedis,Paclarkvirus,Paclarkvirus IPP14,dsDNA
1916155,1313.0,Streptococcus pneumoniae,Duplodnaviria,Heunggongvirae,Uroviricota,Caudoviricetes,Caudoviricetes incertae sedis,Norfolkplacevirus,Norfolkplacevirus IPP15,dsDNA
1916157,1313.0,Streptococcus pneumoniae,Duplodnaviria,Heunggongvirae,Uroviricota,Caudoviricetes,Caudoviricetes incertae sedis,Medawarvirus,Medawarvirus IPP17,dsDNA
1916158,1313.0,Streptococcus pneumoniae,Duplodnaviria,Heunggongvirae,Uroviricota,Caudoviricetes,Caudoviricetes incertae sedis,Medawarvirus,Medawarvirus IPP18,dsDNA
1916159,1313.0,Streptococcus pneumoniae,Duplodnaviria,Heunggongvirae,Uroviricota,Caudoviricetes,Caudoviricetes incertae sedis,Medawarvirus,Medawarvirus IPP19,dsDNA
1916160,1313.0,Streptococcus pneumoniae,Duplodnaviria,Heunggongvirae,Uroviricota,Caudoviricetes,Caudoviricetes incertae sedis,Medawarvirus,Medawarvirus IPP20,dsDNA
1916161,1313.0,Streptococcus pneumoniae,Duplodnaviria,Heunggongvirae,Uroviricota,Caudoviricetes,Caudoviricetes incertae sedis,Medawarvirus,Medawarvirus IPP21,dsDNA
1916162,1313.0,Streptococcus pneumoniae,Duplodnaviria,Heunggongvirae,Uroviricota,Caudoviricetes,Caudoviricetes incertae sedis,Medawarvirus,Medawarvirus IPP22,dsDNA
1916168,760810.0,Streptococcus pneumoniae GA41317,Duplodnaviria,Heunggongvirae,Uroviricota,Caudoviricetes,Caudoviricetes incertae sedis,Medawarvirus,Medawarvirus IPP28,dsDNA
1916169,1313.0,Streptococcus pneumoniae,Duplodnaviria,Heunggongvirae,Uroviricota,Caudoviricetes,Caudoviricetes incertae sedis,Medawarvirus,Medawarvirus IPP29,dsDNA
1916170,1313.0,Streptococcus pneumoniae,Duplodnaviria,Heunggongvirae,Uroviricota,Caudoviricetes,Caudoviricetes incertae sedis,Medawarvirus,Medawarvirus IPP30,dsDNA
1916171,1313.0,Streptococcus pneumoniae,Duplodnaviria,Heunggongvirae,Uroviricota,Caudoviricetes,Caudoviricetes incertae sedis,Spinunavirus,Spinunavirus IPP31,dsDNA
1916172,1313.0,Streptococcus pneumoniae,Duplodnaviria,Heunggongvirae,Uroviricota,Caudoviricetes,Caudoviricetes incertae sedis,Spinunavirus,Spinunavirus IPP32,dsDNA
1916173,1313.0,Streptococcus pneumoniae,Duplodnaviria,Heunggongvirae,Uroviricota,Caudoviricetes,Caudoviricetes incertae sedis,Hinxtonvirus,Hinxtonvirus IPP34,dsDNA
1916175,1313.0,Streptococcus pneumoniae,Duplodnaviria,Heunggongvirae,Uroviricota,Caudoviricetes,Caudoviricetes incertae sedis,Spinunavirus,Spinunavirus IPP36,dsDNA
1916176,1313.0,Streptococcus pneumoniae,Duplodnaviria,Heunggongvirae,Uroviricota,Caudoviricetes,Caudoviricetes incertae sedis,Spinunavirus,Spinunavirus IPP37,dsDNA
1916178,1313.0,Streptococcus pneumoniae,Duplodnaviria,Heunggongvirae,Uroviricota,Caudoviricetes,Caudoviricetes incertae sedis,Paclarkvirus,Paclarkvirus IPP39,dsDNA
1916180,1313.0,Streptococcus pneumoniae,Duplodnaviria,Heunggongvirae,Uroviricota,Caudoviricetes,Caudoviricetes incertae sedis,Adrianbuildvirus,Adrianbuildvirus IPP41,dsDNA
1916181,574093.0,Streptococcus pneumoniae AP200,Duplodnaviria,Heunggongvirae,Uroviricota,Caudoviricetes,Caudoviricetes incertae sedis,Adrianbuildvirus,Adrianbuildvirus IPP42,dsDNA
1916182,1313.0,Streptococcus pneumoniae,Duplodnaviria,Heunggongvirae,Uroviricota,Caudoviricetes,Caudoviricetes incertae sedis,Adrianbuildvirus,Adrianbuildvirus IPP43,dsDNA
1916183,1313.0,Streptococcus pneumoniae,Duplodnaviria,Heunggongvirae,Uroviricota,Caudoviricetes,Caudoviricetes incertae sedis,Adrianbuildvirus,Adrianbuildvirus IPP44,dsDNA
1916184,1313.0,Streptococcus pneumoniae,Duplodnaviria,Heunggongvirae,Uroviricota,Caudoviricetes,Caudoviricetes incertae sedis,Malkevirus,Malkevirus IPP45,dsDNA
1916185,1313.0,Streptococcus pneumoniae,Duplodnaviria,Heunggongvirae,Uroviricota,Caudoviricetes,Caudoviricetes incertae sedis,Hinxtonvirus,Hinxtonvirus IPP46,dsDNA
1916186,1130804.0,Streptococcus pneumoniae ST556,Duplodnaviria,Heunggongvirae,Uroviricota,Caudoviricetes,Caudoviricetes incertae sedis,Paclarkvirus,Paclarkvirus IPP48,dsDNA
1916187,1313.0,Streptococcus pneumoniae,Duplodnaviria,Heunggongvirae,Uroviricota,Caudoviricetes,Caudoviricetes incertae sedis,Adrianbuildvirus,Adrianbuildvirus IPP5,dsDNA
1916188,1313.0,Streptococcus pneumoniae,Duplodnaviria,Heunggongvirae,Uroviricota,Caudoviricetes,Caudoviricetes incertae sedis,Spinunavirus,Spinunavirus IPP50,dsDNA
1916189,1313.0,Streptococcus pneumoniae,Duplodnaviria,Heunggongvirae,Uroviricota,Caudoviricetes,Caudoviricetes incertae sedis,Adrianbuildvirus,Adrianbuildvirus IPP51,dsDNA
1916190,1313.0,Streptococcus pneumoniae,Duplodnaviria,Heunggongvirae,Uroviricota,Caudoviricetes,Caudoviricetes incertae sedis,Paclarkvirus,Paclarkvirus IPP52,dsDNA
1916191,760813.0,Streptococcus pneumoniae GA41538,Duplodnaviria,Heunggongvirae,Uroviricota,Caudoviricetes,Caudoviricetes incertae sedis,Paclarkvirus,unclassified Paclarkvirus,dsDNA
1916192,1313.0,Streptococcus pneumoniae,Duplodnaviria,Heunggongvirae,Uroviricota,Caudoviricetes,Caudoviricetes incertae sedis,Paclarkvirus,Paclarkvirus IPP54,dsDNA
1916193,1313.0,Streptococcus pneumoniae,Duplodnaviria,Heunggongvirae,Uroviricota,Caudoviricetes,Caudoviricetes incertae sedis,Paclarkvirus,Paclarkvirus IPP55,dsDNA
1916194,1313.0,Streptococcus pneumoniae,Duplodnaviria,Heunggongvirae,Uroviricota,Caudoviricetes,Caudoviricetes incertae sedis,Medawarvirus,Medawarvirus IPP57,dsDNA
1916196,1313.0,Streptococcus pneumoniae,Duplodnaviria,Heunggongvirae,Uroviricota,Caudoviricetes,Caudoviricetes incertae sedis,Spinunavirus,Spinunavirus IPP60,dsDNA
1916197,1313.0,Streptococcus pneumoniae,Duplodnaviria,Heunggongvirae,Uroviricota,Caudoviricetes,Caudoviricetes incertae sedis,Spinunavirus,Spinunavirus IPP61,dsDNA
1916199,1313.0,Streptococcus pneumoniae,Duplodnaviria,Heunggongvirae,Uroviricota,Caudoviricetes,Caudoviricetes incertae sedis,Medawarvirus,Medawarvirus IPP63,dsDNA
1916200,1313.0,Streptococcus pneumoniae,Duplodnaviria,Heunggongvirae,Uroviricota,Caudoviricetes,Caudoviricetes incertae sedis,Hinxtonvirus,Hinxtonvirus IPP64,dsDNA
1916201,1313.0,Streptococcus pneumoniae,Duplodnaviria,Heunggongvirae,Uroviricota,Caudoviricetes,Caudoviricetes incertae sedis,Paclarkvirus,Paclarkvirus IPP65,dsDNA
1916202,1313.0,Streptococcus pneumoniae,Duplodnaviria,Heunggongvirae,Uroviricota,Caudoviricetes,Caudoviricetes incertae sedis,Paclarkvirus,Paclarkvirus IPP66,dsDNA
1916203,512769.0,Streptococcus pneumoniae BS458,Duplodnaviria,Heunggongvirae,Uroviricota,Caudoviricetes,Caudoviricetes incertae sedis,Malkevirus,Malkevirus IPP67,dsDNA
1916205,1313.0,Streptococcus pneumoniae,Duplodnaviria,Heunggongvirae,Uroviricota,Caudoviricetes,Caudoviricetes incertae sedis,Hinxtonvirus,Hinxtonvirus IPP69,dsDNA
1916206,1313.0,Streptococcus pneumoniae,Duplodnaviria,Heunggongvirae,Uroviricota,Caudoviricetes,Caudoviricetes incertae sedis,Spinunavirus,Spinunavirus IPP8,dsDNA
1916207,1313.0,Streptococcus pneumoniae,Duplodnaviria,Heunggongvirae,Uroviricota,Caudoviricetes,Caudoviricetes incertae sedis,Spinunavirus,Spinunavirus IPP9,dsDNA
1448274,1313.0,Streptococcus pneumoniae,Duplodnaviria,Heunggongvirae,Uroviricota,Caudoviricetes,Caudoviricetes incertae sedis,Hinxtonvirus,Hinxtonvirus K13,dsDNA
120574,1301.0,Streptococcus,Duplodnaviria,Heunggongvirae,Uroviricota,Caudoviricetes,Caudoviricetes incertae sedis,Paclarkvirus,Paclarkvirus MM1,dsDNA
2911162,1303.0,Streptococcus oralis,Duplodnaviria,Heunggongvirae,Uroviricota,Caudoviricetes,Caudoviricetes incertae sedis,Phadecavirus,Phadecavirus olisA1,dsDNA
644007,1303.0,Streptococcus oralis,Duplodnaviria,Heunggongvirae,Uroviricota,Caudoviricetes,Caudoviricetes incertae sedis,Phadecavirus,Phadecavirus PH10,dsDNA
1701811,1313.0,Streptococcus pneumoniae,Duplodnaviria,Heunggongvirae,Uroviricota,Caudoviricetes,Caudoviricetes incertae sedis,Hinxtonvirus,Hinxtonvirus ARI0004,dsDNA
1701812,1313.0,Streptococcus pneumoniae,Duplodnaviria,Heunggongvirae,Uroviricota,Caudoviricetes,Caudoviricetes incertae sedis,Hinxtonvirus,Hinxtonvirus ARI0031,dsDNA
1701813,1313.0,Streptococcus pneumoniae,Duplodnaviria,Heunggongvirae,Uroviricota,Caudoviricetes,Caudoviricetes incertae sedis,Spinunavirus,Spinunavirus ARI01311,dsDNA
1701814,1313.0,Streptococcus pneumoniae,Duplodnaviria,Heunggongvirae,Uroviricota,Caudoviricetes,Caudoviricetes incertae sedis,Medawarvirus,Medawarvirus ARI01312,dsDNA
1701817,1313.0,Streptococcus pneumoniae,Duplodnaviria,Heunggongvirae,Uroviricota,Caudoviricetes,Caudoviricetes incertae sedis,Hinxtonvirus,Hinxtonvirus ARI02851,dsDNA
1701819,1313.0,Streptococcus pneumoniae,Duplodnaviria,Heunggongvirae,Uroviricota,Caudoviricetes,Caudoviricetes incertae sedis,Malkevirus,Malkevirus ARI02853,dsDNA
1701821,1313.0,Streptococcus pneumoniae,Duplodnaviria,Heunggongvirae,Uroviricota,Caudoviricetes,Caudoviricetes incertae sedis,Spinunavirus,Spinunavirus ARI0399,dsDNA
1701824,1313.0,Streptococcus pneumoniae,Duplodnaviria,Heunggongvirae,Uroviricota,Caudoviricetes,Caudoviricetes incertae sedis,Spinunavirus,Spinunavirus ARI04601,dsDNA
1701825,1313.0,Streptococcus pneumoniae,Duplodnaviria,Heunggongvirae,Uroviricota,Caudoviricetes,Caudoviricetes incertae sedis,Spinunavirus,Spinunavirus ARI04602,dsDNA
1701826,1313.0,Streptococcus pneumoniae,Duplodnaviria,Heunggongvirae,Uroviricota,Caudoviricetes,Caudoviricetes incertae sedis,Hinxtonvirus,Hinxtonvirus ARI0462,dsDNA
1701827,1313.0,Streptococcus pneumoniae,Duplodnaviria,Heunggongvirae,Uroviricota,Caudoviricetes,Caudoviricetes incertae sedis,Hinxtonvirus,Hinxtonvirus ARI04681,dsDNA
1701828,1313.0,Streptococcus pneumoniae,Duplodnaviria,Heunggongvirae,Uroviricota,Caudoviricetes,Caudoviricetes incertae sedis,Spinunavirus,Spinunavirus ARI04682,dsDNA
1701830,1313.0,Streptococcus pneumoniae,Duplodnaviria,Heunggongvirae,Uroviricota,Caudoviricetes,Caudoviricetes incertae sedis,Paclarkvirus,Paclarkvirus ARI04684,dsDNA
1701831,1313.0,Streptococcus pneumoniae,Duplodnaviria,Heunggongvirae,Uroviricota,Caudoviricetes,Caudoviricetes incertae sedis,Hinxtonvirus,Hinxtonvirus ARI0468b3,dsDNA
1701837,1313.0,Streptococcus pneumoniae,Duplodnaviria,Heunggongvirae,Uroviricota,Caudoviricetes,Caudoviricetes incertae sedis,Norfolkplacevirus,Norfolkplacevirus ARI0746,dsDNA
1701841,1313.0,Streptococcus pneumoniae,Duplodnaviria,Heunggongvirae,Uroviricota,Caudoviricetes,Caudoviricetes incertae sedis,Hinxtonvirus,Hinxtonvirus ARI0831b,dsDNA
1701842,1313.0,Streptococcus pneumoniae,Duplodnaviria,Heunggongvirae,Uroviricota,Caudoviricetes,Caudoviricetes incertae sedis,Adrianbuildvirus,Adrianbuildvirus ARI0923,dsDNA
1267169,1313.0,Streptococcus pneumoniae,Duplodnaviria,Heunggongvirae,Uroviricota,Caudoviricetes,Caudoviricetes incertae sedis,Paclarkvirus,Paclarkvirus BHN167,dsDNA
2876878,1313.0,Streptococcus pneumoniae,Duplodnaviria,Heunggongvirae,Uroviricota,Caudoviricetes,Caudoviricetes incertae sedis,Spinunavirus,Spinunavirus SF39,dsDNA
1208587,373153.0,Streptococcus pneumoniae D39,Duplodnaviria,Heunggongvirae,Uroviricota,Caudoviricetes,Caudoviricetes incertae sedis,Saphexavirus,Saphexavirus SPQS1,dsDNA
1897555,1313.0,Streptococcus pneumoniae,Duplodnaviria,Heunggongvirae,Uroviricota,Caudoviricetes,Caudoviricetes incertae sedis,Paclarkvirus,Paclarkvirus SpGS-1,dsDNA
1461246,1313.0,Streptococcus pneumoniae,Duplodnaviria,Heunggongvirae,Uroviricota,Caudoviricetes,Caudoviricetes incertae sedis,Spinunavirus,Spinunavirus Spn1,dsDNA
1566990,1313.0,Streptococcus pneumoniae,Duplodnaviria,Heunggongvirae,Uroviricota,Caudoviricetes,Caudoviricetes incertae sedis,Adrianbuildvirus,Adrianbuildvirus SpSL1,dsDNA
2419636,1308.0,Streptococcus thermophilus,Duplodnaviria,Heunggongvirae,Uroviricota,Caudoviricetes,Caudoviricetes incertae sedis,Piorkowskivirus,Piorkowskivirus SW16,dsDNA
2419643,1308.0,Streptococcus thermophilus,Duplodnaviria,Heunggongvirae,Uroviricota,Caudoviricetes,Caudoviricetes incertae sedis,Piorkowskivirus,Piorkowskivirus SW22,dsDNA
870469,1313.0,Streptococcus pneumoniae,Duplodnaviria,Heunggongvirae,Uroviricota,Caudoviricetes,Caudoviricetes incertae sedis,Hinxtonvirus,Hinxtonvirus V22,dsDNA
1690426,1911.0,Streptomyces griseus,Duplodnaviria,Heunggongvirae,Uroviricota,Caudoviricetes,Caudoviricetes incertae sedis,Likavirus,Likavirus aaronocolus,dsDNA
2059880,1916.0,Streptomyces lividans,Duplodnaviria,Heunggongvirae,Uroviricota,Caudoviricetes,Caudoviricetes incertae sedis,Abbeymikolonvirus,Abbeymikolonvirus abbeymikolon,dsDNA
2041353,1911.0,Streptomyces griseus,Duplodnaviria,Heunggongvirae,Uroviricota,Caudoviricetes,Caudoviricetes incertae sedis,Woodruffvirus,unclassified Woodruffvirus,dsDNA
2739833,953739.0,Streptomyces venezuelae ATCC 10712,Duplodnaviria,Heunggongvirae,Uroviricota,Caudoviricetes,Caudoviricetes incertae sedis,Austintatiousvirus,unclassified Austintatiousvirus,dsDNA
2053672,146537.0,Streptomyces azureus,Duplodnaviria,Heunggongvirae,Uroviricota,Caudoviricetes,Caudoviricetes incertae sedis,Camvirus,Camvirus alsaber,dsDNA
2599888,1916.0,Streptomyces lividans,Duplodnaviria,Heunggongvirae,Uroviricota,Caudoviricetes,Caudoviricetes incertae sedis,Caelumvirus,Caelumvirus alvy,dsDNA
3121342,1930.0,Streptomyces scabiei,Duplodnaviria,Heunggongvirae,Uroviricota,Caudoviricetes,Caudoviricetes incertae sedis,Stanwilliamsviridae,Boydwoodruffvirinae,dsDNA
1673877,953739.0,Streptomyces venezuelae ATCC 10712,Duplodnaviria,Heunggongvirae,Uroviricota,Caudoviricetes,Caudoviricetes incertae sedis,Camvirus,Camvirus amela,dsDNA
2041205,67384.0,Streptomyces xanthochromogenes,Duplodnaviria,Heunggongvirae,Uroviricota,Caudoviricetes,Caudoviricetes incertae sedis,Omarvirus,Omarvirus amethyst,dsDNA
2999012,1916.0,Streptomyces lividans,Duplodnaviria,Heunggongvirae,Uroviricota,Caudoviricetes,Caudoviricetes incertae sedis,Janusvirus,unclassified Janusvirus,dsDNA
2250335,1911.0,Streptomyces griseus,Duplodnaviria,Heunggongvirae,Uroviricota,Caudoviricetes,Caudoviricetes incertae sedis,Stanwilliamsviridae,Loccivirinae,dsDNA
2926078,1930.0,Streptomyces scabiei,Duplodnaviria,Heunggongvirae,Uroviricota,Caudoviricetes,Caudoviricetes incertae sedis,Scapunavirus,unclassified Scapunavirus,dsDNA
2510513,1911.0,Streptomyces griseus,Duplodnaviria,Heunggongvirae,Uroviricota,Caudoviricetes,Caudoviricetes incertae sedis,Likavirus,unclassified Likavirus,dsDNA
2059881,146537.0,Streptomyces azureus,Duplodnaviria,Heunggongvirae,Uroviricota,Caudoviricetes,Caudoviricetes incertae sedis,Attoomivirus,Attoomivirus attoomi,dsDNA
2500795,953739.0,Streptomyces venezuelae ATCC 10712,Duplodnaviria,Heunggongvirae,Uroviricota,Caudoviricetes,Caudoviricetes incertae sedis,Austintatiousvirus,Austintatiousvirus austintatious,dsDNA
2926084,193460.0,Streptomyces sanglieri,Duplodnaviria,Heunggongvirae,Uroviricota,Caudoviricetes,Caudoviricetes incertae sedis,Ignaciovirus,Ignaciovirus axejc,dsDNA
1933692,1911.0,Streptomyces griseus,Duplodnaviria,Heunggongvirae,Uroviricota,Caudoviricetes,Caudoviricetes incertae sedis,Woodruffvirus,Woodruffvirus TP1604,dsDNA
2510587,58346.0,Streptomyces platensis,Duplodnaviria,Heunggongvirae,Uroviricota,Caudoviricetes,Caudoviricetes incertae sedis,Caelumvirus,unclassified Caelumvirus,dsDNA
2024286,67384.0,Streptomyces xanthochromogenes,Duplodnaviria,Heunggongvirae,Uroviricota,Caudoviricetes,Caudoviricetes incertae sedis,Likavirus,Likavirus caliburn,dsDNA
2079427,1916.0,Streptomyces lividans,Duplodnaviria,Heunggongvirae,Uroviricota,Caudoviricetes,Caudoviricetes incertae sedis,Bingvirus,Bingvirus bing,dsDNA
1920307,953739.0,Streptomyces venezuelae ATCC 10712,Duplodnaviria,Heunggongvirae,Uroviricota,Caudoviricetes,Caudoviricetes incertae sedis,Austintatiousvirus,Austintatiousvirus ididsumtinwong,dsDNA
1873994,953739.0,Streptomyces venezuelae ATCC 10712,Duplodnaviria,Heunggongvirae,Uroviricota,Caudoviricetes,Caudoviricetes incertae sedis,Likavirus,Likavirus danzina,dsDNA
1913591,1931.0,Streptomyces sp.,Duplodnaviria,Heunggongvirae,Uroviricota,Caudoviricetes,Caudoviricetes incertae sedis,Borockvirus,Borockvirus brock,dsDNA
2951272,1911.0,Streptomyces griseus,Duplodnaviria,Heunggongvirae,Uroviricota,Caudoviricetes,Caudoviricetes incertae sedis,Hautrevirus,unclassified Hautrevirus,dsDNA
2024287,1911.0,Streptomyces griseus,Duplodnaviria,Heunggongvirae,Uroviricota,Caudoviricetes,Caudoviricetes incertae sedis,Likavirus,Likavirus izzy,dsDNA
2530160,1916.0,Streptomyces lividans,Duplodnaviria,Heunggongvirae,Uroviricota,Caudoviricetes,Caudoviricetes incertae sedis,Caelumvirus,Caelumvirus caelum,dsDNA
2024288,67384.0,Streptomyces xanthochromogenes,Duplodnaviria,Heunggongvirae,Uroviricota,Caudoviricetes,Caudoviricetes incertae sedis,Likavirus,Likavirus zemlya,dsDNA
2590946,67384.0,Streptomyces xanthochromogenes,Duplodnaviria,Heunggongvirae,Uroviricota,Caudoviricetes,Caudoviricetes incertae sedis,Celiavirus,Celiavirus celia,dsDNA
2601687,1911.0,Streptomyces griseus,Duplodnaviria,Heunggongvirae,Uroviricota,Caudoviricetes,Caudoviricetes incertae sedis,Rimavirus,Rimavirus rima,dsDNA
1821728,953739.0,Streptomyces venezuelae ATCC 10712,Duplodnaviria,Heunggongvirae,Uroviricota,Caudoviricetes,Caudoviricetes incertae sedis,Chymeravirus,Chymeravirus chymera,dsDNA
2725618,68239.0,Streptomyces mirabilis,Duplodnaviria,Heunggongvirae,Uroviricota,Caudoviricetes,Caudoviricetes incertae sedis,Bingvirus,unclassified Bingvirus,dsDNA
2736271,193460.0,Streptomyces sanglieri,Duplodnaviria,Heunggongvirae,Uroviricota,Caudoviricetes,Caudoviricetes incertae sedis,Ignaciovirus,Ignaciovirus cumberbatch,dsDNA
2315716,58346.0,Streptomyces platensis,Duplodnaviria,Heunggongvirae,Uroviricota,Caudoviricetes,Caudoviricetes incertae sedis,Raleighvirus,Raleighvirus darolandstone,dsDNA
2041206,67384.0,Streptomyces xanthochromogenes,Duplodnaviria,Heunggongvirae,Uroviricota,Caudoviricetes,Caudoviricetes incertae sedis,Caelumvirus,Caelumvirus daudau,dsDNA
3075174,68239.0,Streptomyces mirabilis,Duplodnaviria,Heunggongvirae,Uroviricota,Caudoviricetes,Caudoviricetes incertae sedis,Flowerpowervirus,unclassified Flowerpowervirus,dsDNA
3065417,66874.0,Streptomyces bicolor,Duplodnaviria,Heunggongvirae,Uroviricota,Caudoviricetes,Caudoviricetes incertae sedis,Camvirus,unclassified Camvirus,dsDNA
2041207,67384.0,Streptomyces xanthochromogenes,Duplodnaviria,Heunggongvirae,Uroviricota,Caudoviricetes,Caudoviricetes incertae sedis,Omarvirus,Omarvirus diane,dsDNA
2024284,1911.0,Streptomyces griseus,Duplodnaviria,Heunggongvirae,Uroviricota,Caudoviricetes,Caudoviricetes incertae sedis,Rimavirus,Rimavirus drgrey,dsDNA
2591226,58346.0,Streptomyces platensis,Duplodnaviria,Heunggongvirae,Uroviricota,Caudoviricetes,Caudoviricetes incertae sedis,Dubuvirus,Dubuvirus dubu,dsDNA
2926097,193460.0,Streptomyces sanglieri,Duplodnaviria,Heunggongvirae,Uroviricota,Caudoviricetes,Caudoviricetes incertae sedis,Ignaciovirus,Ignaciovirus eastland,dsDNA
2743999,193460.0,Streptomyces sanglieri,Duplodnaviria,Heunggongvirae,Uroviricota,Caudoviricetes,Caudoviricetes incertae sedis,Ignaciovirus,Ignaciovirus eklok,dsDNA
2740181,1902.0,Streptomyces coelicolor,Duplodnaviria,Heunggongvirae,Uroviricota,Caudoviricetes,Caudoviricetes incertae sedis,Camvirus,Camvirus endor1,dsDNA
2740182,1902.0,Streptomyces coelicolor,Duplodnaviria,Heunggongvirae,Uroviricota,Caudoviricetes,Caudoviricetes incertae sedis,Camvirus,Camvirus endor2,dsDNA
2510569,1911.0,Streptomyces griseus,Duplodnaviria,Heunggongvirae,Uroviricota,Caudoviricetes,Caudoviricetes incertae sedis,Colingsworthviridae,Vashvirus,dsDNA
2652424,1930.0,Streptomyces scabiei,Duplodnaviria,Heunggongvirae,Uroviricota,Caudoviricetes,Caudoviricetes incertae sedis,Flowerpowervirus,Flowerpowervirus flowerpower,dsDNA
2725755,68239.0,Streptomyces mirabilis,Duplodnaviria,Heunggongvirae,Uroviricota,Caudoviricetes,Caudoviricetes incertae sedis,Hiyaavirus,unclassified Hiyaavirus,dsDNA
2599890,1916.0,Streptomyces lividans,Duplodnaviria,Heunggongvirae,Uroviricota,Caudoviricetes,Caudoviricetes incertae sedis,Gilgameshvirus,Gilgameshvirus gilgamesh,dsDNA
2601688,1911.0,Streptomyces griseus,Duplodnaviria,Heunggongvirae,Uroviricota,Caudoviricetes,Caudoviricetes incertae sedis,Rimavirus,unclassified Rimavirus,dsDNA
2182319,67369.0,Streptomyces toxytricini,Duplodnaviria,Heunggongvirae,Uroviricota,Caudoviricetes,Caudoviricetes incertae sedis,Likavirus,Likavirus goby,dsDNA
1873995,953739.0,Streptomyces venezuelae ATCC 10712,Duplodnaviria,Heunggongvirae,Uroviricota,Caudoviricetes,Caudoviricetes incertae sedis,Likavirus,Likavirus lika,dsDNA
2283302,67384.0,Streptomyces xanthochromogenes,Duplodnaviria,Heunggongvirae,Uroviricota,Caudoviricetes,Caudoviricetes incertae sedis,Omarvirus,unclassified Omarvirus,dsDNA
2301573,58346.0,Streptomyces platensis,Duplodnaviria,Heunggongvirae,Uroviricota,Caudoviricetes,Caudoviricetes incertae sedis,Janusvirus,Janusvirus hank144,dsDNA
2060086,1911.0,Streptomyces griseus,Duplodnaviria,Heunggongvirae,Uroviricota,Caudoviricetes,Caudoviricetes incertae sedis,Immanueltrevirus,Immanueltrevirus immanuel3,dsDNA
2562343,68239.0,Streptomyces mirabilis,Duplodnaviria,Heunggongvirae,Uroviricota,Caudoviricetes,Caudoviricetes incertae sedis,Colingsworthviridae,Sebastisaurusvirus,dsDNA
2926108,193460.0,Streptomyces sanglieri,Duplodnaviria,Heunggongvirae,Uroviricota,Caudoviricetes,Caudoviricetes incertae sedis,Ignaciovirus,Ignaciovirus francette,dsDNA
2499072,1916.0,Streptomyces lividans,Duplodnaviria,Heunggongvirae,Uroviricota,Caudoviricetes,Caudoviricetes incertae sedis,Hiyaavirus,Hiyaavirus hiyaa,dsDNA
1690428,1911.0,Streptomyces griseus,Duplodnaviria,Heunggongvirae,Uroviricota,Caudoviricetes,Caudoviricetes incertae sedis,Likavirus,Likavirus hydra,dsDNA
2182397,1916.0,Streptomyces lividans,Duplodnaviria,Heunggongvirae,Uroviricota,Caudoviricetes,Caudoviricetes incertae sedis,Ibantikvirus,Ibantikvirus ibantik,dsDNA
2736272,193460.0,Streptomyces sanglieri,Duplodnaviria,Heunggongvirae,Uroviricota,Caudoviricetes,Caudoviricetes incertae sedis,Ignaciovirus,Ignaciovirus ignacio,dsDNA
2725628,146922.0,Streptomyces griseofuscus,Duplodnaviria,Heunggongvirae,Uroviricota,Caudoviricetes,Caudoviricetes incertae sedis,Caelumvirus,Caelumvirus issmi,dsDNA
2725627,146922.0,Streptomyces griseofuscus,Duplodnaviria,Heunggongvirae,Uroviricota,Caudoviricetes,Caudoviricetes incertae sedis,Celiavirus,unclassified Celiavirus,dsDNA
2510525,67384.0,Streptomyces xanthochromogenes,Duplodnaviria,Heunggongvirae,Uroviricota,Caudoviricetes,Caudoviricetes incertae sedis,Janusvirus,Janusvirus janus,dsDNA
1913034,1902.0,Streptomyces coelicolor,Duplodnaviria,Heunggongvirae,Uroviricota,Caudoviricetes,Caudoviricetes incertae sedis,Camvirus,Camvirus joe,dsDNA
2965225,1911.0,Streptomyces griseus,Duplodnaviria,Heunggongvirae,Uroviricota,Caudoviricetes,Caudoviricetes incertae sedis,Immanueltrevirus,unclassified Immanueltrevirus,dsDNA
2708562,1916.0,Streptomyces lividans,Duplodnaviria,Heunggongvirae,Uroviricota,Caudoviricetes,Caudoviricetes incertae sedis,Manuelvirus,Manuelvirus JXY1,dsDNA
2848886,68239.0,Streptomyces mirabilis,Duplodnaviria,Heunggongvirae,Uroviricota,Caudoviricetes,Caudoviricetes incertae sedis,Zukovirus,Zukovirus phill,dsDNA
2315619,1916.0,Streptomyces lividans,Duplodnaviria,Heunggongvirae,Uroviricota,Caudoviricetes,Caudoviricetes incertae sedis,Krompvirus,Krompvirus kromp,dsDNA
3061994,1916.0,Streptomyces lividans,Duplodnaviria,Heunggongvirae,Uroviricota,Caudoviricetes,Caudoviricetes incertae sedis,Manuelvirus,unclassified Manuelvirus,dsDNA
1674927,953739.0,Streptomyces venezuelae ATCC 10712,Duplodnaviria,Heunggongvirae,Uroviricota,Caudoviricetes,Caudoviricetes incertae sedis,Likavirus,Likavirus lannister,dsDNA
1873996,67263.0,Streptomyces griseus subsp. griseus,Duplodnaviria,Heunggongvirae,Uroviricota,Caudoviricetes,Caudoviricetes incertae sedis,Likavirus,Likavirus lorelei,dsDNA
2053812,1916.0,Streptomyces lividans,Duplodnaviria,Heunggongvirae,Uroviricota,Caudoviricetes,Caudoviricetes incertae sedis,Manuelvirus,Manuelvirus manuel,dsDNA
3043919,66874.0,Streptomyces bicolor,Duplodnaviria,Heunggongvirae,Uroviricota,Caudoviricetes,Caudoviricetes incertae sedis,Salutenavirus,unclassified Salutenavirus,dsDNA
1920309,953739.0,Streptomyces venezuelae ATCC 10712,Duplodnaviria,Heunggongvirae,Uroviricota,Caudoviricetes,Caudoviricetes incertae sedis,Picardvirus,Picardvirus picard,dsDNA
1873777,1911.0,Streptomyces griseus,Duplodnaviria,Heunggongvirae,Uroviricota,Caudoviricetes,Caudoviricetes incertae sedis,Likavirus,Likavirus nanodon,dsDNA
2059882,146537.0,Streptomyces azureus,Duplodnaviria,Heunggongvirae,Uroviricota,Caudoviricetes,Caudoviricetes incertae sedis,Omarvirus,Omarvirus omar,dsDNA
2894593,1200984.0,Streptomyces lividans 1326,Duplodnaviria,Heunggongvirae,Uroviricota,Caudoviricetes,Caudoviricetes incertae sedis,Janusvirus,Janusvirus pablito,dsDNA
2108134,1916.0,Streptomyces lividans,Duplodnaviria,Heunggongvirae,Uroviricota,Caudoviricetes,Caudoviricetes incertae sedis,Arequatrovirus,Arequatrovirus paedore,dsDNA
1920310,953739.0,Streptomyces venezuelae ATCC 10712,Duplodnaviria,Heunggongvirae,Uroviricota,Caudoviricetes,Caudoviricetes incertae sedis,Austintatiousvirus,Austintatiousvirus papayasalad,dsDNA
1239386,1902.0,Streptomyces coelicolor,Duplodnaviria,Heunggongvirae,Uroviricota,Caudoviricetes,Caudoviricetes incertae sedis,Camvirus,Camvirus CAM,dsDNA
1211278,1931.0,Streptomyces sp.,Duplodnaviria,Heunggongvirae,Uroviricota,Caudoviricetes,Caudoviricetes incertae sedis,Arequatrovirus,Arequatrovirus ELB20,dsDNA
1204524,1912.0,Streptomyces hygroscopicus,Duplodnaviria,Heunggongvirae,Uroviricota,Caudoviricetes,Caudoviricetes incertae sedis,Hautrevirus,Hautrevirus hau3,dsDNA
747763,33903.0,Streptomyces avermitilis,Duplodnaviria,Heunggongvirae,Uroviricota,Caudoviricetes,Caudoviricetes incertae sedis,Sasdunavirus,Sasdunavirus SASD1,dsDNA
3038334,33903.0,Streptomyces avermitilis,Duplodnaviria,Heunggongvirae,Uroviricota,Caudoviricetes,Caudoviricetes incertae sedis,Sentinelvirus,unclassified Sentinelvirus,dsDNA
3038335,1902.0,Streptomyces coelicolor,Duplodnaviria,Heunggongvirae,Uroviricota,Caudoviricetes,Arquatrovirinae,unclassified Arquatrovirinae,,dsDNA
2910765,193460.0,Streptomyces sanglieri,Duplodnaviria,Heunggongvirae,Uroviricota,Caudoviricetes,Caudoviricetes incertae sedis,Ignaciovirus,Ignaciovirus piccadilly,dsDNA
10732,1888.0,Streptomyces albus,Duplodnaviria,Heunggongvirae,Uroviricota,Caudoviricetes,Caudoviricetes incertae sedis,Arequatrovirus,Arequatrovirus R4,dsDNA
1920312,1911.0,Streptomyces griseus,Duplodnaviria,Heunggongvirae,Uroviricota,Caudoviricetes,Caudoviricetes incertae sedis,Raleighvirus,Raleighvirus raleigh,dsDNA
2059883,146537.0,Streptomyces azureus,Duplodnaviria,Heunggongvirae,Uroviricota,Caudoviricetes,Caudoviricetes incertae sedis,Rowavirus,Rowavirus rowa,dsDNA
2601693,146922.0,Streptomyces griseofuscus,Duplodnaviria,Heunggongvirae,Uroviricota,Caudoviricetes,Caudoviricetes incertae sedis,Camvirus,Camvirus saftant,dsDNA
2767576,1931.0,Streptomyces sp.,Duplodnaviria,Heunggongvirae,Uroviricota,Caudoviricetes,Caudoviricetes incertae sedis,Salutenavirus,Salutenavirus salutena,dsDNA
2041354,1930.0,Streptomyces scabiei,Duplodnaviria,Heunggongvirae,Uroviricota,Caudoviricetes,Caudoviricetes incertae sedis,Scapunavirus,Scapunavirus scap1,dsDNA
2767584,1931.0,Streptomyces sp.,Duplodnaviria,Heunggongvirae,Uroviricota,Caudoviricetes,Caudoviricetes incertae sedis,Sentinelvirus,Sentinelvirus sentinel,dsDNA
1690817,52258.0,Streptomyces flavovirens,Duplodnaviria,Heunggongvirae,Uroviricota,Caudoviricetes,Caudoviricetes incertae sedis,Sfunavirus,Sfunavirus SF1,dsDNA
1690818,52258.0,Streptomyces flavovirens,Duplodnaviria,Heunggongvirae,Uroviricota,Caudoviricetes,Caudoviricetes incertae sedis,Siftrevirus,Siftrevirus SF3,dsDNA
2767585,1931.0,Streptomyces sp.,Duplodnaviria,Heunggongvirae,Uroviricota,Caudoviricetes,Caudoviricetes incertae sedis,Colingsworthviridae,Shadyvirus,dsDNA
2767586,1931.0,Streptomyces sp.,Duplodnaviria,Heunggongvirae,Uroviricota,Caudoviricetes,Caudoviricetes incertae sedis,Colingsworthviridae,Shaekyvirus,dsDNA
2767587,1931.0,Streptomyces sp.,Duplodnaviria,Heunggongvirae,Uroviricota,Caudoviricetes,Caudoviricetes incertae sedis,Camvirus,Camvirus sitrop,dsDNA
3043929,68239.0,Streptomyces mirabilis,Duplodnaviria,Heunggongvirae,Uroviricota,Caudoviricetes,Caudoviricetes incertae sedis,Raleighvirus,unclassified Raleighvirus,dsDNA
2767588,1931.0,Streptomyces sp.,Duplodnaviria,Heunggongvirae,Uroviricota,Caudoviricetes,Caudoviricetes incertae sedis,Sentinelvirus,Sentinelvirus spernnie,dsDNA
2999013,1916.0,Streptomyces lividans,Duplodnaviria,Heunggongvirae,Uroviricota,Caudoviricetes,Caudoviricetes incertae sedis,Successvirus,Successvirus success,dsDNA
1327759,1916.0,Streptomyces lividans,Duplodnaviria,Heunggongvirae,Uroviricota,Caudoviricetes,Caudoviricetes incertae sedis,Likavirus,Likavirus sujidade,dsDNA
1204525,54571.0,Streptomyces venezuelae,Duplodnaviria,Heunggongvirae,Uroviricota,Caudoviricetes,Caudoviricetes incertae sedis,Picardvirus,unclassified Picardvirus,dsDNA
2767589,1931.0,Streptomyces sp.,Duplodnaviria,Heunggongvirae,Uroviricota,Caudoviricetes,Caudoviricetes incertae sedis,Colingsworthviridae,Sycamorevirus,dsDNA
2041209,67384.0,Streptomyces xanthochromogenes,Duplodnaviria,Heunggongvirae,Uroviricota,Caudoviricetes,Caudoviricetes incertae sedis,Omarvirus,Omarvirus tefunt,dsDNA
2927987,29303.0,Streptantibioticus cattleyicolor,Duplodnaviria,Heunggongvirae,Uroviricota,Caudoviricetes,Caudoviricetes incertae sedis,Colingsworthviridae,Tigunavirus,dsDNA
2301715,67384.0,Streptomyces xanthochromogenes,Duplodnaviria,Heunggongvirae,Uroviricota,Caudoviricetes,Caudoviricetes incertae sedis,Caelumvirus,Caelumvirus thestral,dsDNA
2793708,1930.0,Streptomyces scabiei,Duplodnaviria,Heunggongvirae,Uroviricota,Caudoviricetes,Caudoviricetes incertae sedis,Dolmabahcevirus,Dolmabahcevirus turkishdelight,dsDNA
3065246,1902.0,Streptomyces coelicolor,Duplodnaviria,Heunggongvirae,Uroviricota,Caudoviricetes,Caudoviricetes incertae sedis,Camvirus,Camvirus vanseggelen,dsDNA
3065247,1902.0,Streptomyces coelicolor,Duplodnaviria,Heunggongvirae,Uroviricota,Caudoviricetes,Caudoviricetes incertae sedis,Camvirus,Camvirus verabelle,dsDNA
2736273,193460.0,Streptomyces sanglieri,Duplodnaviria,Heunggongvirae,Uroviricota,Caudoviricetes,Caudoviricetes incertae sedis,Ignaciovirus,Ignaciovirus vondra,dsDNA
10702,54571.0,Streptomyces venezuelae,Duplodnaviria,Heunggongvirae,Uroviricota,Caudoviricetes,Caudoviricetes incertae sedis,Veewebvirus,Veewebvirus vwb,dsDNA
2801898,1916.0,Streptomyces lividans,Duplodnaviria,Heunggongvirae,Uroviricota,Caudoviricetes,Caudoviricetes incertae sedis,Likavirus,Likavirus werner,dsDNA
2053723,1938.0,Streptomyces viridochromogenes,Duplodnaviria,Heunggongvirae,Uroviricota,Caudoviricetes,Caudoviricetes incertae sedis,Manuelvirus,Manuelvirus wrighton,dsDNA
2593360,1911.0,Streptomyces griseus,Duplodnaviria,Heunggongvirae,Uroviricota,Caudoviricetes,Caudoviricetes incertae sedis,Likavirus,Likavirus yasdnil,dsDNA
1636183,67263.0,Streptomyces griseus subsp. griseus,Duplodnaviria,Heunggongvirae,Uroviricota,Caudoviricetes,Caudoviricetes incertae sedis,Woodruffvirus,Woodruffvirus YDN12,dsDNA
2201421,67369.0,Streptomyces toxytricini,Duplodnaviria,Heunggongvirae,Uroviricota,Caudoviricetes,Caudoviricetes incertae sedis,Yosifvirus,Yosifvirus yosif,dsDNA
2570911,683081.0,Streptomyces sp. ZL12,Duplodnaviria,Heunggongvirae,Uroviricota,Caudoviricetes,Caudoviricetes incertae sedis,Fuzanglongvirus,Fuzanglongvirus ZL12,dsDNA
2601695,146922.0,Streptomyces griseofuscus,Duplodnaviria,Heunggongvirae,Uroviricota,Caudoviricetes,Caudoviricetes incertae sedis,Zukovirus,Zukovirus zuko,dsDNA
1792289,83334.0,Escherichia coli O157:H7,Duplodnaviria,Heunggongvirae,Uroviricota,Caudoviricetes,Caudoviricetes incertae sedis,Traversvirus,Traversvirus ST28624,dsDNA
1855815,83333.0,Escherichia coli K-12,Duplodnaviria,Heunggongvirae,Uroviricota,Caudoviricetes,Caudoviricetes incertae sedis,Traversvirus,Traversvirus AU5Stx1,dsDNA
1855816,83333.0,Escherichia coli K-12,Duplodnaviria,Heunggongvirae,Uroviricota,Caudoviricetes,Caudoviricetes incertae sedis,Traversvirus,Traversvirus AU6Stx1,dsDNA
563769,83334.0,Escherichia coli O157:H7,Duplodnaviria,Heunggongvirae,Uroviricota,Caudoviricetes,Caudoviricetes incertae sedis,Pankowvirus,Pankowvirus pv1717,dsDNA
379329,562.0,Escherichia coli,Duplodnaviria,Heunggongvirae,Uroviricota,Caudoviricetes,Caudoviricetes incertae sedis,Traversvirus,Traversvirus tv86,dsDNA
1226259,83334.0,Escherichia coli O157:H7,Duplodnaviria,Heunggongvirae,Uroviricota,Caudoviricetes,Caudoviricetes incertae sedis,Sawaravirus,Sawaravirus WGPS2,dsDNA
1226255,83334.0,Escherichia coli O157:H7,Duplodnaviria,Heunggongvirae,Uroviricota,Caudoviricetes,Caudoviricetes incertae sedis,Traversvirus,Traversvirus F451,dsDNA
1226261,83334.0,Escherichia coli O157:H7,Duplodnaviria,Heunggongvirae,Uroviricota,Caudoviricetes,Caudoviricetes incertae sedis,Pankowvirus,unclassified Pankowvirus,dsDNA
1226262,83334.0,Escherichia coli O157:H7,Duplodnaviria,Heunggongvirae,Uroviricota,Caudoviricetes,Caudoviricetes incertae sedis,Pankowvirus,Pankowvirus WGPS6,dsDNA
1226263,83334.0,Escherichia coli O157:H7,Duplodnaviria,Heunggongvirae,Uroviricota,Caudoviricetes,Caudoviricetes incertae sedis,Pankowvirus,Pankowvirus WGPS8,dsDNA
1226258,83334.0,Escherichia coli O157:H7,Duplodnaviria,Heunggongvirae,Uroviricota,Caudoviricetes,Caudoviricetes incertae sedis,Traversvirus,Traversvirus WGPS9,dsDNA
537009,41674.0,Stygiolobus,Adnaviria,Zilligvirae,Taleaviricota,Tokiviricetes,Ligamenvirales,Rudiviridae,Azorudivirus,dsDNA
1458458,3900.0,Trifolium subterraneum,Viruses incertae sedis,Alphasatellitidae,Nanoalphasatellitinae,Subclovsatellite,Subclovsatellite trisubterrae,,,
1458459,3900.0,Trifolium subterraneum,Viruses incertae sedis,Alphasatellitidae,Nanoalphasatellitinae,Clostunsatellite,Clostunsatellite trifolii,Subterranean clover stunt alphasatellite 2,,
1563660,82593.0,Geometridae,Viruses incertae sedis,Naldaviricetes,Lefavirales,Baculoviridae,Alphabaculovirus,Alphabaculovirus sujujubae,,
2493122,2281.0,Sulfolobales,Adnaviria,Zilligvirae,Taleaviricota,Tokiviricetes,Ligamenvirales,Lipothrixviridae,Alphalipothrixvirus,dsDNA
2493121,2281.0,Sulfolobales,Adnaviria,Zilligvirae,Taleaviricota,Tokiviricetes,Ligamenvirales,Rudiviridae,Japarudivirus,dsDNA
2848122,2281.0,Sulfolobales,Adnaviria,Zilligvirae,Taleaviricota,Tokiviricetes,Ligamenvirales,Rudiviridae,Mexirudivirus,dsDNA
1245909,2281.0,Sulfolobales,Adnaviria,Zilligvirae,Taleaviricota,Tokiviricetes,Ligamenvirales,Rudiviridae,Rudivirus,dsDNA
2056194,1891280.0,Saccharolobus sp. A20,Viruses incertae sedis,Ovaliviridae,Alphaovalivirus,Alphaovalivirus fumarolicaense,,,,
1983549,43080.0,Saccharolobus islandicus,Adnaviria,Zilligvirae,Taleaviricota,Tokiviricetes,Ligamenvirales,Rudiviridae,Usarudivirus,dsDNA
157898,43080.0,Saccharolobus islandicus,Adnaviria,Zilligvirae,Taleaviricota,Tokiviricetes,Ligamenvirales,Rudiviridae,Icerudivirus,dsDNA
1982658,2284.0,Sulfolobus,Viruses incertae sedis,Portogloboviridae,Alphaportoglobovirus,Alphaportoglobovirus beppuense,Sulfolobus alphaportoglobovirus 1,,,
2493125,2284.0,Sulfolobus,Viruses incertae sedis,Portogloboviridae,Alphaportoglobovirus,Alphaportoglobovirus umijigokuense,,,,
2491899,43080.0,Saccharolobus islandicus,Viruses incertae sedis,Fuselloviridae,Alphafusellovirus,unclassified Alphafusellovirus,,,,
244589,2287.0,Saccharolobus solfataricus,Viruses incertae sedis,Fuselloviridae,Alphafusellovirus,Alphafusellovirus beppuense,,,,
244590,2284.0,Sulfolobus,Viruses incertae sedis,Fuselloviridae,Alphafusellovirus,Alphafusellovirus reykjanesense,,,,
459290,43080.0,Saccharolobus islandicus,Viruses incertae sedis,Fuselloviridae,Alphafusellovirus,Alphafusellovirus arnavatnense,,,,
459291,43080.0,Saccharolobus islandicus,Viruses incertae sedis,Fuselloviridae,Alphafusellovirus,Alphafusellovirus hveragerdiense,,,,
693627,687691.0,Sulfolobus sp. G4ST-T-11,Viruses incertae sedis,Fuselloviridae,Betafusellovirus,Betafusellovirus hveragerdiense,,,,
693628,687692.0,Sulfolobus sp. G4T-1,Viruses incertae sedis,Fuselloviridae,Alphafusellovirus,Alphafusellovirus hengillense,,,,
3035230,2663020.0,Sulfolobus sp. E11-6,Viruses incertae sedis,Fuselloviridae,Betafusellovirus,unclassified Betafusellovirus,,,,
269145,2287.0,Saccharolobus solfataricus,Varidnaviria,Abadenavirae,Produgelaviricota,Belvinaviricetes,Belfryvirales,Turriviridae,Alphaturrivirus,
248496,2288.0,Sulfolobus sp.,Viruses incertae sedis,Fuselloviridae,Alphafusellovirus,Alphafusellovirus kamchatkaense,Sulfolobus spindle-shaped virus 9,,,
256994,2288.0,Sulfolobus sp.,Viruses incertae sedis,Fuselloviridae,Alphafusellovirus,Alphafusellovirus yellowstonense,Sulfolobus spindle-shaped virus 8,,,
1250303,4081.0,Solanum lycopersicum,Viruses incertae sedis,Alphasatellitidae,Geminialphasatellitinae,Colecusatellite,Colecusatellite helianthuskarnatakaense,,,
1195087,51883.0,Aspidites melanocephalus,Riboviria,Orthornavirae,Negarnaviricota,Haploviricotina,Monjiviricetes,Mononegavirales,Sunviridae,-ssRNA
1993647,4120.0,Ipomoea batatas,Viruses incertae sedis,Tolecusatellitidae,Deltasatellite,Deltasatellite ipomoeaprimi,,,,
1993648,197414.0,Distimake dissectus,Viruses incertae sedis,Tolecusatellitidae,Deltasatellite,Deltasatellite ipomoeasecundi,,,,
995049,4120.0,Ipomoea batatas,Riboviria,Pararnavirae,Artverviricota,Revtraviricetes,Ortervirales,Caulimoviridae,Solendovirus,dsDNA-RT
1493507,1129.0,Synechococcus,Duplodnaviria,Heunggongvirae,Uroviricota,Caudoviricetes,Pantevenvirales,Kyanoviridae,Acionnavirus,dsDNA
1493509,32051.0,Synechococcus sp. WH 7803,Duplodnaviria,Heunggongvirae,Uroviricota,Caudoviricetes,Pantevenvirales,Kyanoviridae,Lowelvirus,dsDNA
1493510,32051.0,Synechococcus sp. WH 7803,Duplodnaviria,Heunggongvirae,Uroviricota,Caudoviricetes,Pantevenvirales,Kyanoviridae,Chalconvirus,dsDNA
1493511,32051.0,Synechococcus sp. WH 7803,Duplodnaviria,Heunggongvirae,Uroviricota,Caudoviricetes,Pantevenvirales,Kyanoviridae,Atlauavirus,dsDNA
1493512,32051.0,Synechococcus sp. WH 7803,Duplodnaviria,Heunggongvirae,Uroviricota,Caudoviricetes,Pantevenvirales,Kyanoviridae,Macariavirus,dsDNA
1340810,1131.0,Synechococcus sp.,Duplodnaviria,Heunggongvirae,Uroviricota,Caudoviricetes,Pantevenvirales,Kyanoviridae,Sedonavirus,dsDNA
1493514,32051.0,Synechococcus sp. WH 7803,Duplodnaviria,Heunggongvirae,Uroviricota,Caudoviricetes,Pantevenvirales,Kyanoviridae,Potamoivirus,dsDNA
2023996,1129.0,Synechococcus,Duplodnaviria,Heunggongvirae,Uroviricota,Caudoviricetes,Pantevenvirales,Kyanoviridae,Bellamyvirus,dsDNA
3058957,1131.0,Synechococcus sp.,Duplodnaviria,Heunggongvirae,Uroviricota,Caudoviricetes,Autographivirales,Autographivirales incertae sedis,Dishuivirus,dsDNA
3117464,1620844.0,Synechococcus sp. MW02,Duplodnaviria,Heunggongvirae,Uroviricota,Caudoviricetes,Pantevenvirales,Kyanoviridae,Makaravirus,dsDNA
1079999,1129.0,Synechococcus,Duplodnaviria,Heunggongvirae,Uroviricota,Caudoviricetes,Pantevenvirales,Kyanoviridae,Galenevirus,dsDNA
2905923,1131.0,Synechococcus sp.,Duplodnaviria,Heunggongvirae,Uroviricota,Caudoviricetes,Autographivirales,Autographivirales incertae sedis,Tiilvirus,dsDNA
3038205,84588.0,Parasynechococcus marenigrum WH 8102,Duplodnaviria,Heunggongvirae,Uroviricota,Caudoviricetes,Pantevenvirales,Kyanoviridae,Tefnutvirus,dsDNA
3038206,84588.0,Parasynechococcus marenigrum WH 8102,Duplodnaviria,Heunggongvirae,Uroviricota,Caudoviricetes,Pantevenvirales,Kyanoviridae,Kanaloavirus,dsDNA
2545435,1131.0,Synechococcus sp.,Duplodnaviria,Heunggongvirae,Uroviricota,Caudoviricetes,Autographivirales,Autographivirales incertae sedis,Qadamvirus,dsDNA
3021412,32051.0,Synechococcus sp. WH 7803,Duplodnaviria,Heunggongvirae,Uroviricota,Caudoviricetes,Pantevenvirales,Kyanoviridae,Nerrivikvirus,dsDNA
754037,1131.0,Synechococcus sp.,Duplodnaviria,Heunggongvirae,Uroviricota,Caudoviricetes,Pantevenvirales,Kyanoviridae,Anaposvirus,dsDNA
1883365,1131.0,Synechococcus sp.,Duplodnaviria,Heunggongvirae,Uroviricota,Caudoviricetes,Pantevenvirales,Kyanoviridae,Alisovirus,dsDNA
1883366,1131.0,Synechococcus sp.,Duplodnaviria,Heunggongvirae,Uroviricota,Caudoviricetes,Pantevenvirales,Kyanoviridae,Charybdisvirus,dsDNA
1883368,1131.0,Synechococcus sp.,Duplodnaviria,Heunggongvirae,Uroviricota,Caudoviricetes,Pantevenvirales,Kyanoviridae,Mazuvirus,dsDNA
754038,1131.0,Synechococcus sp.,Duplodnaviria,Heunggongvirae,Uroviricota,Caudoviricetes,Pantevenvirales,Kyanoviridae,Neritesvirus,dsDNA
1273711,232348.0,Synechococcus sp. CB0101,Duplodnaviria,Heunggongvirae,Uroviricota,Caudoviricetes,Autographivirales,Autographivirales incertae sedis,Angmobvirus,dsDNA
756277,255252.0,Synechococcus sp. CB0208,Duplodnaviria,Heunggongvirae,Uroviricota,Caudoviricetes,Autographivirales,Autographivirales incertae sedis,Kembevirus,dsDNA
756276,232348.0,Synechococcus sp. CB0101,Duplodnaviria,Heunggongvirae,Uroviricota,Caudoviricetes,Autographivirales,Autographivirales incertae sedis,Lirvirus,dsDNA
754059,232348.0,Synechococcus sp. CB0101,Duplodnaviria,Heunggongvirae,Uroviricota,Caudoviricetes,Autographivirales,Autographivirales incertae sedis,Poseidonvirus,dsDNA
461711,1131.0,Synechococcus sp.,Duplodnaviria,Heunggongvirae,Uroviricota,Caudoviricetes,Autographivirales,Autographivirales incertae sedis,Aegirvirus,dsDNA
2053653,1353134.0,Synechococcus sp. CBW1002,Duplodnaviria,Heunggongvirae,Uroviricota,Caudoviricetes,Caudoviricetes incertae sedis,Aokuangvirus,Aokuangvirus SCBWM1,dsDNA
2484639,32051.0,Synechococcus sp. WH 7803,Duplodnaviria,Heunggongvirae,Uroviricota,Caudoviricetes,Pantevenvirales,Kyanoviridae,Leucotheavirus,dsDNA
2783673,1620844.0,Synechococcus sp. MW02,Duplodnaviria,Heunggongvirae,Uroviricota,Caudoviricetes,Pantevenvirales,Kyanoviridae,Yellowseavirus,dsDNA
2783674,1620844.0,Synechococcus sp. MW02,Duplodnaviria,Heunggongvirae,Uroviricota,Caudoviricetes,Pantevenvirales,Kyanoviridae,Scyllavirus,dsDNA
2783669,84588.0,Parasynechococcus marenigrum WH 8102,Duplodnaviria,Heunggongvirae,Uroviricota,Caudoviricetes,Pantevenvirales,Kyanoviridae,Yushanluvirus,dsDNA
1340811,1131.0,Synechococcus sp.,Duplodnaviria,Heunggongvirae,Uroviricota,Caudoviricetes,Pantevenvirales,Kyanoviridae,Namakavirus,dsDNA
2718943,1620844.0,Synechococcus sp. MW02,Duplodnaviria,Heunggongvirae,Uroviricota,Caudoviricetes,Pantevenvirales,Kyanoviridae,Huanghaivirus,dsDNA
238854,32051.0,Synechococcus sp. WH 7803,Duplodnaviria,Heunggongvirae,Uroviricota,Caudoviricetes,Pantevenvirales,Kyanoviridae,Nodensvirus,dsDNA
754041,1131.0,Synechococcus sp.,Duplodnaviria,Heunggongvirae,Uroviricota,Caudoviricetes,Autographivirales,Autographivirales incertae sedis,Kajamvirus,dsDNA
555387,32051.0,Synechococcus sp. WH 7803,Duplodnaviria,Heunggongvirae,Uroviricota,Caudoviricetes,Pantevenvirales,Kyanoviridae,Gibbetvirus,dsDNA
2735125,32051.0,Synechococcus sp. WH 7803,Duplodnaviria,Heunggongvirae,Uroviricota,Caudoviricetes,Autographivirales,Autographivirales incertae sedis,Spiovirus,dsDNA
2588487,32051.0,Synechococcus sp. WH 7803,Duplodnaviria,Heunggongvirae,Uroviricota,Caudoviricetes,Pantevenvirales,Kyanoviridae,Zhoulongquanvirus,dsDNA
754042,1131.0,Synechococcus sp.,Duplodnaviria,Heunggongvirae,Uroviricota,Caudoviricetes,Caudoviricetes incertae sedis,Llyrvirus,Llyrvirus SSKS1,dsDNA
444859,166310.0,Synechococcus sp. WH 6501,Duplodnaviria,Heunggongvirae,Uroviricota,Caudoviricetes,Pantevenvirales,Kyanoviridae,Thetisvirus,dsDNA
444860,166321.0,Synechococcus sp. WH 8017,Duplodnaviria,Heunggongvirae,Uroviricota,Caudoviricetes,Pantevenvirales,Kyanoviridae,Nilusvirus,dsDNA
2781608,1131.0,Synechococcus sp.,Duplodnaviria,Heunggongvirae,Uroviricota,Caudoviricetes,Pantevenvirales,Kyanoviridae,Serangoonvirus,dsDNA
2781607,1131.0,Synechococcus sp.,Duplodnaviria,Heunggongvirae,Uroviricota,Caudoviricetes,Autographivirales,Autographivirales incertae sedis,Nerivirus,dsDNA
445685,166313.0,Synechococcus sp. WH 8012,Duplodnaviria,Heunggongvirae,Uroviricota,Caudoviricetes,Pantevenvirales,Kyanoviridae,Glaucusvirus,dsDNA
2926475,232348.0,Synechococcus sp. CB0101,Duplodnaviria,Heunggongvirae,Uroviricota,Caudoviricetes,Pantevenvirales,Kyanoviridae,Shenzhenivirus,dsDNA
2268578,32051.0,Synechococcus sp. WH 7803,Duplodnaviria,Heunggongvirae,Uroviricota,Caudoviricetes,Pantevenvirales,Kyanoviridae,Tamkungvirus,dsDNA
1815521,1131.0,Synechococcus sp.,Duplodnaviria,Heunggongvirae,Uroviricota,Caudoviricetes,Pantevenvirales,Kyanoviridae,Sokavirus,dsDNA
1815522,1131.0,Synechococcus sp.,Duplodnaviria,Heunggongvirae,Uroviricota,Caudoviricetes,Pantevenvirales,Kyanoviridae,Cymopoleiavirus,dsDNA
2914003,166314.0,Synechococcus sp. WH 8109,Duplodnaviria,Heunggongvirae,Uroviricota,Caudoviricetes,Autographivirales,Autographivirales incertae sedis,Voetvirus,dsDNA
1332145,1131.0,Synechococcus sp.,Duplodnaviria,Heunggongvirae,Uroviricota,Caudoviricetes,Autographivirales,Autographivirales incertae sedis,Igirivirus,dsDNA
1332140,110662.0,Synechococcus sp. CC9605,Duplodnaviria,Heunggongvirae,Uroviricota,Caudoviricetes,Autographivirales,Autographivirales incertae sedis,Tiranvirus,dsDNA
1964565,1131.0,Synechococcus sp.,Duplodnaviria,Heunggongvirae,Uroviricota,Caudoviricetes,Caudoviricetes incertae sedis,Casjensviridae,Sessunavirus,dsDNA
2100130,32051.0,Synechococcus sp. WH 7803,Duplodnaviria,Heunggongvirae,Uroviricota,Caudoviricetes,Pantevenvirales,Kyanoviridae,Makelovirus,dsDNA
1544378,183085.0,Synedrella nodiflora,Viruses incertae sedis,Alphasatellitidae,Geminialphasatellitinae,Colecusatellite,Colecusatellite synedrellae,,,
2557875,907741.0,Philantomba maxwellii,Riboviria,Pararnavirae,Artverviricota,Revtraviricetes,Blubervirales,Hepadnaviridae,unclassified Hepadnaviridae,dsDNA-RT
1721090,443790.0,Lepidion inosimae,Riboviria,Orthornavirae,Orthornavirae incertae sedis,Birnaviridae,Aquabirnavirus,unclassified Aquabirnavirus,,
321302,1980407.0,Macomangulus tenuis,Riboviria,Orthornavirae,Orthornavirae incertae sedis,Birnaviridae,Telnavirus,Telnavirus tellinae,,
1628899,3750.0,Malus domestica,Monodnaviria,Shotokuvirae,Cressdnaviricota,Arfiviricetes,Mulpavirales,Amesuviridae,Temfrudevirus,
2745672,2745565.0,Tenacibaculum sp. AHE14PA,Duplodnaviria,Heunggongvirae,Uroviricota,Caudoviricetes,Caudoviricetes incertae sedis,Pachyviridae,Gundelvirus,dsDNA
2968246,1906242.0,Tenacibaculum sp.,Duplodnaviria,Heunggongvirae,Uroviricota,Caudoviricetes,Caudoviricetes incertae sedis,Cbastvirus,unclassified Cbastvirus,dsDNA
1880590,1906242.0,Tenacibaculum sp.,Duplodnaviria,Heunggongvirae,Uroviricota,Caudoviricetes,Caudoviricetes incertae sedis,Kungbxnavirus,Kungbxnavirus pT24,dsDNA
2547425,107401.0,Tenacibaculum maritimum,Duplodnaviria,Heunggongvirae,Uroviricota,Caudoviricetes,Caudoviricetes incertae sedis,Shirahamavirus,Shirahamavirus PTm1,dsDNA
2293307,6962.0,Anisoptera,Monodnaviria,Shotokuvirae,Cressdnaviricota,Arfiviricetes,Mulpavirales,Anicreviridae,Ketkevirus,
756285,2812566.0,Tetraselmis sp.,Varidnaviria,Bamfordvirae,Preplasmiviricota,Polisuviricotina,Aquintoviricetes,Archintovirales,Phypoliviridae,
2060617,2812566.0,Tetraselmis sp.,Varidnaviria,Bamfordvirae,Nucleocytoviricota,Megaviricetes,Imitervirales,Allomimiviridae,Oceanusvirus,
981335,,,Duplodnaviria,Heunggongvirae,Uroviricota,Caudoviricetes,Caudoviricetes incertae sedis,Tijeunavirus,Tijeunavirus TJE1,dsDNA
1770613,56493.0,Thelephora terrestris,Riboviria,Orthornavirae,Duplornaviricota,Chrymotiviricetes,Ghabrivirales,Alphatotivirineae,Phlegiviridae,dsRNA
2713157,1650659.0,Thermoproteus sp. CP80,Viruses incertae sedis,Globuloviridae,Alphaglobulovirus,Alphaglobulovirus sileriense,,,,
292639,2271.0,Thermoproteus tenax,Viruses incertae sedis,Globuloviridae,Alphaglobulovirus,Alphaglobulovirus cinderense,,,,
10479,768679.0,Thermoproteus tenax Kra 1,Adnaviria,Zilligvirae,Taleaviricota,Tokiviricetes,Primavirales,Tristromaviridae,Betatristromavirus,dsDNA
1406341,274.0,Thermus thermophilus,Duplodnaviria,Heunggongvirae,Uroviricota,Caudoviricetes,Caudoviricetes incertae sedis,Oshimavirus,unclassified Oshimavirus,dsDNA
1640445,300852.0,Thermus thermophilus HB8,Monodnaviria,Loebvirae,Hofneiviricota,Faserviricetes,Tubulavirales,Paulinoviridae,Thomixvirus,
2914006,274.0,Thermus thermophilus,Duplodnaviria,Heunggongvirae,Uroviricota,Caudoviricetes,Caudoviricetes incertae sedis,Oshimavirus,Oshimavirus P2345,dsDNA
2919548,274.0,Thermus thermophilus,Singelaviria,Helvetiavirae,Dividoviricota,Laserviricetes,Halopanivirales,Matsushitaviridae,Hukuchivirus,dsDNA
2914007,274.0,Thermus thermophilus,Duplodnaviria,Heunggongvirae,Uroviricota,Caudoviricetes,Caudoviricetes incertae sedis,Oshimavirus,Oshimavirus P7426,dsDNA
3070171,1.0,root,Duplodnaviria,Heunggongvirae,Uroviricota,Caudoviricetes,Caudoviricetes incertae sedis,Verdandiviridae,Tonitrusvirus,dsDNA
83810,2676327.0,Setothosea asigna,Riboviria,Orthornavirae,Orthornavirae incertae sedis,Permutotetraviridae,Alphapermutotetravirus,Alphapermutotetravirus thoseae,,
101850,254426.0,Thysanoplusia orichalcea,Viruses incertae sedis,Naldaviricetes,Lefavirales,Baculoviridae,Alphabaculovirus,Alphabaculovirus thorichlaceae,,
2169919,125878.0,Nanorana parkeri,Riboviria,Pararnavirae,Artverviricota,Revtraviricetes,Blubervirales,Hepadnaviridae,Herpetohepadnavirus,dsDNA-RT
2025480,34621.0,Dermacentor variabilis,Monodnaviria,Shotokuvirae,Commensaviricota,Cardeaviricetes,Sanitavirales,Anelloviridae,Petorquevirus,
1549864,8126.0,Tilapia,Riboviria,Orthornavirae,Negarnaviricota,Polyploviricotina,Insthoviricetes,Articulavirales,Amnoonviridae,-ssRNA
1546257,312236.0,Tipula oleracea,Viruses incertae sedis,Naldaviricetes,Lefavirales,Nudiviridae,Deltanudivirus,Deltanudivirus tipoleraceae,,
926844,4097.0,Nicotiana tabacum,Viruses incertae sedis,Alphasatellitidae,Geminialphasatellitinae,Colecusatellite,Colecusatellite nicotianae,,,
219596,4097.0,Nicotiana tabacum,Viruses incertae sedis,Tolecusatellitidae,Betasatellite,Betasatellite nicotianae,,,,
1213187,4097.0,Nicotiana tabacum,Viruses incertae sedis,Tolecusatellitidae,Betasatellite,Betasatellite nicotianachlorosis,,,,
205323,3847.0,Glycine max,Viruses incertae sedis,Tolecusatellitidae,Betasatellite,Betasatellite nicotianinvolutionis,,,,
587314,212310.0,Euphorbia tithymaloides,Viruses incertae sedis,Tolecusatellitidae,Betasatellite,Betasatellite nicotianinvolutionis,Tobacco leaf curl betasatellite,Tobacco leaf curl disease associated sequence,,
169691,4097.0,Nicotiana tabacum,Viruses incertae sedis,Tolecusatellitidae,Betasatellite,Betasatellite nicotianinvolutionis,Tobacco leaf curl betasatellite,,,
2010326,4097.0,Nicotiana tabacum,Viruses incertae sedis,Tolecusatellitidae,Betasatellite,Betasatellite nicotianajapanense,,,,
2010327,4097.0,Nicotiana tabacum,Viruses incertae sedis,Tolecusatellitidae,Betasatellite,Betasatellite nicotianapatnaense,,,,
218845,4081.0,Solanum lycopersicum,Viruses incertae sedis,Tolecusatellitidae,Betasatellite,Betasatellite nicotianayunnanense,,,,
2060142,4081.0,Solanum lycopersicum,Monodnaviria,Shotokuvirae,Cressdnaviricota,Repensiviricetes,Geplafuvirales,Geminiviridae,Topilevirus,
12885,4081.0,Solanum lycopersicum,Viruses incertae sedis,Pospiviroidae,Pospiviroid,Pospiviroid apicimpeditum,,,,
458152,205558.0,Solanum laxum,Viruses incertae sedis,Pospiviroidae,Pospiviroid,Pospiviroid apicimpeditum,Tomato apical stunt viroid,,,
100785,4081.0,Solanum lycopersicum,Viruses incertae sedis,Pospiviroidae,Pospiviroid,Pospiviroid chloronani,,,,
1407057,3635.0,Gossypium hirsutum,Viruses incertae sedis,Alphasatellitidae,Geminialphasatellitinae,Colecusatellite,Colecusatellite solanumpakistanense,Tomato leaf curl Pakistan alphasatellite,,
2601256,4081.0,Solanum lycopersicum,Viruses incertae sedis,Alphasatellitidae,Geminialphasatellitinae,Clecrusatellite,Clecrusatellite solanumanandense,,,
2010331,4081.0,Solanum lycopersicum,Viruses incertae sedis,Tolecusatellitidae,Betasatellite,Betasatellite solanibangalorense,,,,
486898,4081.0,Solanum lycopersicum,Viruses incertae sedis,Tolecusatellitidae,Betasatellite,Betasatellite solanibangalorensesecundi,,,,
885379,3649.0,Carica papaya,Viruses incertae sedis,Tolecusatellitidae,Betasatellite,Betasatellite solanibangladeshense,,,,
220812,4081.0,Solanum lycopersicum,Viruses incertae sedis,Tolecusatellitidae,Betasatellite,Betasatellite solanisrilankaense,,,,
1036196,3649.0,Carica papaya,Viruses incertae sedis,Tolecusatellitidae,Betasatellite,Betasatellite solanisrilankaense,Tomato leaf curl betasatellite,,,
743040,4081.0,Solanum lycopersicum,Viruses incertae sedis,Alphasatellitidae,Geminialphasatellitinae,Colecusatellite,Colecusatellite solanumcameroonense,,,
743041,4081.0,Solanum lycopersicum,Viruses incertae sedis,Alphasatellitidae,Geminialphasatellitinae,Colecusatellite,Colecusatellite solanumcameroonense,Tomato leaf curl Cameroon alphasatellite,,
743042,4081.0,Solanum lycopersicum,Viruses incertae sedis,Alphasatellitidae,Geminialphasatellitinae,Colecusatellite,Colecusatellite solanumbueaense,,,
278069,4081.0,Solanum lycopersicum,Viruses incertae sedis,Tolecusatellitidae,Betasatellite,Betasatellite solanichinaense,,,,
1993650,4081.0,Solanum lycopersicum,Viruses incertae sedis,Tolecusatellitidae,Deltasatellite,Deltasatellite solani,,,,
1384632,4081.0,Solanum lycopersicum,Viruses incertae sedis,Tolecusatellitidae,Betasatellite,Betasatellite solanighandinagarense,,,,
1231334,4081.0,Solanum lycopersicum,Viruses incertae sedis,Tolecusatellitidae,Betasatellite,Betasatellite solanihajipurense,,,,
53991,3649.0,Carica papaya,Viruses incertae sedis,Tolecusatellitidae,Betasatellite,Betasatellite solanijavaense,,,,
263578,4100.0,Nicotiana benthamiana,Viruses incertae sedis,Tolecusatellitidae,Betasatellite,Betasatellite solanijavaense,Tomato leaf curl Java betasatellite,,,
436243,4073.0,Capsicum frutescens,Viruses incertae sedis,Tolecusatellitidae,Betasatellite,Betasatellite solanijoydebpurense,,,,
1000690,4081.0,Solanum lycopersicum,Viruses incertae sedis,Tolecusatellitidae,Betasatellite,Betasatellite capsijaunpurense,Chili leaf curl Jaunpur betasatellite,,,
1397670,4081.0,Solanum lycopersicum,Viruses incertae sedis,Tolecusatellitidae,Betasatellite,Betasatellite solanikarnatakaense,,,,
2010332,4081.0,Solanum lycopersicum,Viruses incertae sedis,Tolecusatellitidae,Betasatellite,Betasatellite solanilagunaense,,,,
2010333,4081.0,Solanum lycopersicum,Viruses incertae sedis,Tolecusatellitidae,Betasatellite,Betasatellite solanilaosense,,,,
2049892,4081.0,Solanum lycopersicum,Viruses incertae sedis,Tolecusatellitidae,Betasatellite,Betasatellite solanimalaysiaense,,,,
2031200,4081.0,Solanum lycopersicum,Viruses incertae sedis,Tolecusatellitidae,Betasatellite,Betasatellite solaninepalense,,,,
1161126,3670.0,Luffa aegyptiaca,Viruses incertae sedis,Alphasatellitidae,Geminialphasatellitinae,Clecrusatellite,Clecrusatellite solanumdelhiense,,,
538004,37495.0,Euphorbia pulcherrima,Viruses incertae sedis,Alphasatellitidae,Geminialphasatellitinae,Colecusatellite,Colecusatellite solanumpakistanense,,,
1609290,3832.0,Cyamopsis tetragonoloba,Viruses incertae sedis,Tolecusatellitidae,Betasatellite,Betasatellite solanipakistanense,,,,
575918,4081.0,Solanum lycopersicum,Viruses incertae sedis,Tolecusatellitidae,Betasatellite,Betasatellite solanipatnaense,,,,
2173168,4081.0,Solanum lycopersicum,Viruses incertae sedis,Tolecusatellitidae,Betasatellite,Betasatellite solaniphilippinense,,,,
938277,4081.0,Solanum lycopersicum,Viruses incertae sedis,Tolecusatellitidae,Betasatellite,Betasatellite solaniranchiense,,,,
929051,4081.0,Solanum lycopersicum,Viruses incertae sedis,Tolecusatellitidae,Betasatellite,Betasatellite solanitogoense,,,,
478085,4081.0,Solanum lycopersicum,Viruses incertae sedis,Tolecusatellitidae,Betasatellite,Betasatellite solaniflavusvietnamense,Tomato yellow leaf curl Vietnam betasatellite,,,
2048879,3673.0,Momordica charantia,Viruses incertae sedis,Alphasatellitidae,Geminialphasatellitinae,Clecrusatellite,Clecrusatellite solanumvirudhunagarense,,,
315392,4081.0,Solanum lycopersicum,Viruses incertae sedis,Tolecusatellitidae,Betasatellite,Betasatellite solanipunense,,,,
1176156,4097.0,Nicotiana tabacum,Viruses incertae sedis,Tolecusatellitidae,Betasatellite,Betasatellite solaniyemenense,,,,
12888,4081.0,Solanum lycopersicum,Viruses incertae sedis,Pospiviroidae,Pospiviroid,Pospiviroid machoplantae,,,,
49267,4081.0,Solanum lycopersicum,Monodnaviria,Shotokuvirae,Cressdnaviricota,Repensiviricetes,Geplafuvirales,Geminiviridae,Topocuvirus,
427315,4081.0,Solanum lycopersicum,Viruses incertae sedis,Tolecusatellitidae,Betasatellite,Betasatellite solaniflavusparvi,Tomato yellow dwarf betasatellite,,,
240557,4081.0,Solanum lycopersicum,Viruses incertae sedis,Alphasatellitidae,Geminialphasatellitinae,Colecusatellite,Colecusatellite solanumflavuschinaense,,,
1255765,145753.0,Malva parviflora,Viruses incertae sedis,Tolecusatellitidae,Betasatellite,Betasatellite solaniflavuschinaense,,,,
493828,185793.0,Tomato yellow leaf curl China virus,Viruses incertae sedis,Tolecusatellitidae,Betasatellite,Betasatellite solanichinaense,Tomato leaf curl China betasatellite,,,
1172353,4072.0,Capsicum annuum,Viruses incertae sedis,Tolecusatellitidae,Betasatellite,unclassified Betasatellite,Tomato yellow leaf curl betasatellite,,,
2040662,4081.0,Solanum lycopersicum,Viruses incertae sedis,Tolecusatellitidae,Betasatellite,Betasatellite solaniflavushandongense,,,,
693897,4081.0,Solanum lycopersicum,Viruses incertae sedis,Tolecusatellitidae,Betasatellite,Betasatellite solaniflavusthailandense,,,,
447604,4081.0,Solanum lycopersicum,Viruses incertae sedis,Tolecusatellitidae,Betasatellite,Betasatellite solaniflavusvietnamense,,,,
2169846,50192.0,Sonchus arvensis,Viruses incertae sedis,Alphasatellitidae,Geminialphasatellitinae,Colecusatellite,Colecusatellite solanumflavusyunnanense,,,
2033721,4097.0,Nicotiana tabacum,Viruses incertae sedis,Tolecusatellitidae,Betasatellite,Betasatellite solaniflavusyunnanense,,,,
2169827,405945.0,Paraleonurus sibiricus,Viruses incertae sedis,Alphasatellitidae,Geminialphasatellitinae,Clecrusatellite,Clecrusatellite solanumflavusmaculaprimi,,,
2651595,4138.0,Paraleonurus japonicus,Viruses incertae sedis,Alphasatellitidae,Geminialphasatellitinae,Clecrusatellite,Clecrusatellite solanumflavusamaculasecundi,,,
2053981,7227.0,Drosophila melanogaster,Viruses incertae sedis,Naldaviricetes,Lefavirales,Nudiviridae,Alphanudivirus,Alphanudivirus alterdromelanogasteris,,
2249932,37190.0,Arctocephalus gazella,Monodnaviria,Shotokuvirae,Commensaviricota,Cardeaviricetes,Sanitavirales,Anelloviridae,Sigmatorquevirus,
2054619,42716.0,Didelphis albiventris,Monodnaviria,Shotokuvirae,Commensaviricota,Cardeaviricetes,Sanitavirales,Anelloviridae,Xitorquevirus,
687383,9505.0,Aotus trivirgatus,Monodnaviria,Shotokuvirae,Commensaviricota,Cardeaviricetes,Sanitavirales,Anelloviridae,Zetatorquevirus,
1673633,9796.0,Equus caballus,Monodnaviria,Shotokuvirae,Commensaviricota,Cardeaviricetes,Sanitavirales,Anelloviridae,Mutorquevirus,
2010248,34827.0,Indri indri,Monodnaviria,Shotokuvirae,Commensaviricota,Cardeaviricetes,Sanitavirales,Anelloviridae,Chitorquevirus,
687379,9606.0,Homo sapiens,Monodnaviria,Shotokuvirae,Commensaviricota,Cardeaviricetes,Sanitavirales,Anelloviridae,Gammatorquevirus,
687369,9606.0,Homo sapiens,Monodnaviria,Shotokuvirae,Commensaviricota,Cardeaviricetes,Sanitavirales,Anelloviridae,Betatorquevirus,
687386,9823.0,Sus scrofa,Monodnaviria,Shotokuvirae,Commensaviricota,Cardeaviricetes,Sanitavirales,Anelloviridae,Iotatorquevirus,
1968861,9823.0,Sus scrofa,Monodnaviria,Shotokuvirae,Commensaviricota,Cardeaviricetes,Sanitavirales,Anelloviridae,Kappatorquevirus,
687382,9491.0,Saguinus imperator,Monodnaviria,Shotokuvirae,Commensaviricota,Cardeaviricetes,Sanitavirales,Anelloviridae,Epsilontorquevirus,
687381,246437.0,Tupaia chinensis,Monodnaviria,Shotokuvirae,Commensaviricota,Cardeaviricetes,Sanitavirales,Anelloviridae,Deltatorquevirus,
2863583,3406847.0,Trabala vishnou gigantina,Viruses incertae sedis,Naldaviricetes,Lefavirales,Baculoviridae,Alphabaculovirus,Alphabaculovirus travishnous,,
3432974,644.0,Aeromonas hydrophila,Duplodnaviria,Heunggongvirae,Uroviricota,Caudoviricetes,Caudoviricetes incertae sedis,Grimontviridae,Trabzonvirus,dsDNA
1916701,7111.0,Trichoplusia ni,Viruses incertae sedis,Naldaviricetes,Lefavirales,Baculoviridae,Betabaculovirus,Betabaculovirus trini,Trichoplusia ni granulovirus,
332054,7111.0,Trichoplusia ni,Viruses incertae sedis,Naldaviricetes,Lefavirales,Baculoviridae,Alphabaculovirus,Alphabaculovirus trini,,
2083181,7111.0,Trichoplusia ni,Riboviria,Pararnavirae,Artverviricota,Revtraviricetes,Ortervirales,Metaviridae,Errantivirus,ssRNA-RT
1636545,42777.0,Tsukamurella inchonensis,Duplodnaviria,Heunggongvirae,Uroviricota,Caudoviricetes,Caudoviricetes incertae sedis,Tinduovirus,Tinduovirus TIN2,dsDNA
1636546,42777.0,Tsukamurella inchonensis,Duplodnaviria,Heunggongvirae,Uroviricota,Caudoviricetes,Caudoviricetes incertae sedis,Tinduovirus,Tinduovirus TIN3,dsDNA
512169,9534.0,Chlorocebus aethiops,Riboviria,Orthornavirae,Pisuviricota,Pisoniviricetes,Picornavirales,Caliciviridae,Recovirus,
3071304,1905295.0,Tulasnella sp.,Riboviria,Orthornavirae,Negarnaviricota,Polyploviricotina,Bunyaviricetes,Elliovirales,Tulasviridae,-ssRNA
1172195,9103.0,Meleagris gallopavo,Riboviria,Orthornavirae,Pisuviricota,Pisoniviricetes,Picornavirales,Caliciviridae,Nacovirus,
298975,11988.0,Turnip crinkle virus,unclassified viruses,unclassified satellites,RNA satellites,Single stranded RNA satellites,Small linear single stranded RNA satellites,Turnip crinkle virus satellite RNA,,
2912878,100213.0,Apalone ferox,Riboviria,Orthornavirae,Negarnaviricota,Polyploviricotina,Bunyaviricetes,Hareavirales,Tosoviridae,-ssRNA
2100421,1.0,root,Duplodnaviria,Heunggongvirae,Uroviricota,Caudoviricetes,Caudoviricetes incertae sedis,Peduoviridae,Maltschvirus,dsDNA
2992576,1.0,root,Duplodnaviria,Heunggongvirae,Uroviricota,Caudoviricetes,Caudoviricetes incertae sedis,Peduoviridae,Bracchivirus,dsDNA
278008,1.0,root,unclassified bacterial viruses,environmental samples,,,,,,
2986415,1.0,root,Duplodnaviria,Heunggongvirae,Uroviricota,Caudoviricetes,Crassvirales,Suoliviridae,Loutivirinae,dsDNA
2772066,1.0,root,Duplodnaviria,Heunggongvirae,Uroviricota,Caudoviricetes,Crassvirales,Suoliviridae,Boorivirinae,dsDNA
2772088,1.0,root,Duplodnaviria,Heunggongvirae,Uroviricota,Caudoviricetes,Crassvirales,Suoliviridae,Uncouvirinae,dsDNA
2772077,1.0,root,Duplodnaviria,Heunggongvirae,Uroviricota,Caudoviricetes,Crassvirales,Crevaviridae,Doltivirinae,dsDNA
2986409,1.0,root,Duplodnaviria,Heunggongvirae,Uroviricota,Caudoviricetes,Crassvirales,Suoliviridae,Bearivirinae,dsDNA
2986395,818.0,Bacteroides thetaiotaomicron,Duplodnaviria,Heunggongvirae,Uroviricota,Caudoviricetes,Crassvirales,Crevaviridae,Coarsevirinae,dsDNA
743543,1.0,root,Duplodnaviria,Heunggongvirae,Uroviricota,Caudoviricetes,Autographivirales,Autographivirales incertae sedis,Pekhitvirus,dsDNA
743558,1.0,root,Duplodnaviria,Heunggongvirae,Uroviricota,Caudoviricetes,Autographivirales,Autographivirales incertae sedis,Podivirus,dsDNA
743565,1.0,root,Duplodnaviria,Heunggongvirae,Uroviricota,Caudoviricetes,Autographivirales,Autographivirales incertae sedis,Pagavirus,dsDNA
743571,1.0,root,Duplodnaviria,Heunggongvirae,Uroviricota,Caudoviricetes,Autographivirales,Autographivirales incertae sedis,Jalkavirus,dsDNA
743578,1.0,root,Duplodnaviria,Heunggongvirae,Uroviricota,Caudoviricetes,Autographivirales,Autographivirales incertae sedis,Powvirus,dsDNA
2741074,1.0,root,Duplodnaviria,Heunggongvirae,Uroviricota,Caudoviricetes,Autographivirales,Autographivirales incertae sedis,Foussvirus,dsDNA
1074044,1.0,root,Monodnaviria,Loebvirae,Hofneiviricota,Faserviricetes,Tubulavirales,Inoviridae,environmental samples,
2740799,1.0,root,Duplodnaviria,Heunggongvirae,Uroviricota,Caudoviricetes,Autographivirales,Autographivirales incertae sedis,Stupnyavirus,dsDNA
2740798,1.0,root,Duplodnaviria,Heunggongvirae,Uroviricota,Caudoviricetes,Autographivirales,Autographivirales incertae sedis,Chosvirus,dsDNA
2740802,1.0,root,Duplodnaviria,Heunggongvirae,Uroviricota,Caudoviricetes,Autographivirales,Autographivirales incertae sedis,Pedosvirus,dsDNA
2740800,1.0,root,Duplodnaviria,Heunggongvirae,Uroviricota,Caudoviricetes,Autographivirales,Autographivirales incertae sedis,Nohivirus,dsDNA
2740804,1.0,root,Duplodnaviria,Heunggongvirae,Uroviricota,Caudoviricetes,Autographivirales,Autographivirales incertae sedis,Oinezvirus,dsDNA
2740803,1.0,root,Duplodnaviria,Heunggongvirae,Uroviricota,Caudoviricetes,Autographivirales,Autographivirales incertae sedis,Stopalavirus,dsDNA
2740805,1.0,root,Duplodnaviria,Heunggongvirae,Uroviricota,Caudoviricetes,Autographivirales,Autographivirales incertae sedis,Krakvirus,dsDNA
2741073,1.0,root,Duplodnaviria,Heunggongvirae,Uroviricota,Caudoviricetes,Autographivirales,Autographivirales incertae sedis,Sieqvirus,dsDNA
2741072,1.0,root,Duplodnaviria,Heunggongvirae,Uroviricota,Caudoviricetes,Autographivirales,Autographivirales incertae sedis,Ayaqvirus,dsDNA
2740801,1.0,root,Duplodnaviria,Heunggongvirae,Uroviricota,Caudoviricetes,Autographivirales,Autographivirales incertae sedis,Ashivirus,dsDNA
1675866,355207.0,Urbanus proteus,Viruses incertae sedis,Naldaviricetes,Lefavirales,Baculoviridae,Alphabaculovirus,Alphabaculovirus urprotei,,
28882,5270.0,Mycosarcoma maydis,Riboviria,Orthornavirae,Duplornaviricota,Chrymotiviricetes,Ghabrivirales,Alphatotivirineae,Monocitiviridae,dsRNA
3052813,69266.0,Vaccinium corymbosum,Riboviria,Pararnavirae,Artverviricota,Revtraviricetes,Ortervirales,Caulimoviridae,Vaccinivirus,dsDNA-RT
2956630,,,Monodnaviria,Shotokuvirae,Cressdnaviricota,Arfiviricetes,Rohanvirales,Nenyaviridae,Valinorvirus,
3433097,9823.0,Sus scrofa,Riboviria,Orthornavirae,Pisuviricota,Pisoniviricetes,Picornavirales,Caliciviridae,Valovirus,
2872567,1.0,root,Varidnaviria,unclassified Varidnaviria,,,,,,
2985242,34072.0,Variovorax,Duplodnaviria,Heunggongvirae,Uroviricota,Caudoviricetes,Autographivirales,Autoscriptoviridae,Trelivelvirus,dsDNA
3037399,,,Duplodnaviria,Heunggongvirae,Uroviricota,Caudoviricetes,Caudoviricetes incertae sedis,Vequintavirus,Vequintavirus Aya,dsDNA
1925152,82755.0,Gymnanthemum amygdalinum,Viruses incertae sedis,Tolecusatellitidae,Betasatellite,Betasatellite vernoniae,,,,
666635,211151.0,Cyanthillium cinereum,Viruses incertae sedis,Tolecusatellitidae,Betasatellite,Betasatellite verrnoniaflavi,,,,
2169908,13753.0,Vernonia,Viruses incertae sedis,Alphasatellitidae,Geminialphasatellitinae,Gosmusatellite,Gosmusatellite vernoniafujianense,,,
2050589,211151.0,Cyanthillium cinereum,Viruses incertae sedis,Tolecusatellitidae,Betasatellite,Betasatellite verrnoniaflavusfujianense,,,,
1881242,47951.0,Vibrio cyclitrophicus,Varidnaviria,Abadenavirae,Produgelaviricota,Belvinaviricetes,Vinavirales,Autolykiviridae,Ameliavirus,
1881450,212663.0,Vibrio tasmaniensis,Varidnaviria,Abadenavirae,Produgelaviricota,Belvinaviricetes,Vinavirales,Autolykiviridae,Oliviavirus,
1881420,29497.0,Vibrio splendidus,Duplodnaviria,Heunggongvirae,Uroviricota,Caudoviricetes,Caudoviricetes incertae sedis,Schitoviridae,Pontosvirinae,dsDNA
1881303,136468.0,Vibrio lentus,Varidnaviria,Abadenavirae,Produgelaviricota,Belvinaviricetes,Vinavirales,Autolykiviridae,Paulavirus,
2070722,50422.0,Shewanella sp.,Duplodnaviria,Heunggongvirae,Uroviricota,Caudoviricetes,Pantevenvirales,Straboviridae,Schizotequatrovirus,dsDNA
1881213,553239.0,Vibrio breoganii,Duplodnaviria,Heunggongvirae,Uroviricota,Caudoviricetes,Caudoviricetes incertae sedis,Schitoviridae,Mukerjeevirus,dsDNA
1881262,47951.0,Vibrio cyclitrophicus,Duplodnaviria,Heunggongvirae,Uroviricota,Caudoviricetes,Caudoviricetes incertae sedis,Peduoviridae,Canoevirus,dsDNA
1881263,47951.0,Vibrio cyclitrophicus,Duplodnaviria,Heunggongvirae,Uroviricota,Caudoviricetes,Autographivirales,Autographivirales incertae sedis,Cyclitvirus,dsDNA
1881231,553239.0,Vibrio breoganii,Duplodnaviria,Heunggongvirae,Uroviricota,Caudoviricetes,Caudoviricetes incertae sedis,Schitoviridae,Pariacacavirus,dsDNA
1881268,47951.0,Vibrio cyclitrophicus,Varidnaviria,Abadenavirae,Produgelaviricota,Belvinaviricetes,Vinavirales,Autolykiviridae,Livvievirus,
3385266,47951.0,Vibrio cyclitrophicus,Varidnaviria,Abadenavirae,Produgelaviricota,Belvinaviricetes,Vinavirales,unclassified Vinavirales,,
2966628,666.0,Vibrio cholerae,Duplodnaviria,Heunggongvirae,Uroviricota,Caudoviricetes,Caudoviricetes incertae sedis,Schitoviridae,Pacinivirus,dsDNA
3038234,680.0,Vibrio campbellii,Duplodnaviria,Heunggongvirae,Uroviricota,Caudoviricetes,Caudoviricetes incertae sedis,Mardecavirus,unclassified Mardecavirus,dsDNA
2801532,669.0,Vibrio harveyi,Duplodnaviria,Heunggongvirae,Uroviricota,Caudoviricetes,Caudoviricetes incertae sedis,Demerecviridae,Ermolyevavirinae,dsDNA
2859072,1219076.0,Vibrio alginolyticus NBRC 15630 = ATCC 17749,Duplodnaviria,Heunggongvirae,Uroviricota,Caudoviricetes,Caudoviricetes incertae sedis,Schitoviridae,Varunavirus,dsDNA
2834267,670.0,Vibrio parahaemolyticus,Duplodnaviria,Heunggongvirae,Uroviricota,Caudoviricetes,Autographivirales,Autoscriptoviridae,Maculvirus,dsDNA
2894594,663.0,Vibrio alginolyticus,Duplodnaviria,Heunggongvirae,Uroviricota,Caudoviricetes,Pantevenvirales,Ackermannviridae,Vapseptimavirus,dsDNA
1558463,666.0,Vibrio cholerae,Duplodnaviria,Heunggongvirae,Uroviricota,Caudoviricetes,Caudoviricetes incertae sedis,Enhodamvirus,unclassified Enhodamvirus,dsDNA
2315335,55601.0,Vibrio anguillarum,Varidnaviria,Abadenavirae,Produgelaviricota,Belvinaviricetes,Vinavirales,Asemoviridae,Elsinorevirus,
83201,45888.0,Vibrio cholerae O139,Monodnaviria,Loebvirae,Hofneiviricota,Faserviricetes,Tubulavirales,Inoviridae,Saetivirus,
979525,666.0,Vibrio cholerae,Duplodnaviria,Heunggongvirae,Uroviricota,Caudoviricetes,Caudoviricetes incertae sedis,Mohonavirus,Mohonavirus ICP1,dsDNA
979526,686.0,Vibrio cholerae O1 biovar El Tor,Duplodnaviria,Heunggongvirae,Uroviricota,Caudoviricetes,Caudoviricetes incertae sedis,Mohonavirus,unclassified Mohonavirus,dsDNA
979533,666.0,Vibrio cholerae,Duplodnaviria,Heunggongvirae,Uroviricota,Caudoviricetes,Caudoviricetes incertae sedis,Zobellviridae,Icepovirus,dsDNA
1558467,666.0,Vibrio cholerae,Duplodnaviria,Heunggongvirae,Uroviricota,Caudoviricetes,Caudoviricetes incertae sedis,Enhodamvirus,Enhodamvirus VP2,dsDNA
1292086,686.0,Vibrio cholerae O1 biovar El Tor,Duplodnaviria,Heunggongvirae,Uroviricota,Caudoviricetes,Autographivirales,Autographivirales incertae sedis,Tawavirus,dsDNA
292443,666.0,Vibrio cholerae,Monodnaviria,Loebvirae,Hofneiviricota,Faserviricetes,Tubulavirales,Inoviridae,Capistrivirus,
2686202,663.0,Vibrio alginolyticus,Duplodnaviria,Heunggongvirae,Uroviricota,Caudoviricetes,Caudoviricetes incertae sedis,Enfavirus,Enfavirus NF,dsDNA
2863253,55601.0,Vibrio anguillarum,Varidnaviria,Abadenavirae,Produgelaviricota,Belvinaviricetes,Vinavirales,Corticoviridae,unclassified Corticoviridae,
115992,691.0,Vibrio natriegens,Duplodnaviria,Heunggongvirae,Uroviricota,Caudoviricetes,Pantevenvirales,Straboviridae,Mylasvirus,dsDNA
2654972,696485.0,Vibrio owensii,Duplodnaviria,Heunggongvirae,Uroviricota,Caudoviricetes,Caudoviricetes incertae sedis,Schitoviridae,Penintadodekavirus,dsDNA
2723905,663.0,Vibrio alginolyticus,Duplodnaviria,Heunggongvirae,Uroviricota,Caudoviricetes,Autographivirales,Autographivirales incertae sedis,Fujianvirus,dsDNA
1076759,666.0,Vibrio cholerae,Duplodnaviria,Heunggongvirae,Uroviricota,Caudoviricetes,Caudoviricetes incertae sedis,Enhodamvirus,Enhodamvirus VC8,dsDNA
1451050,672.0,Vibrio vulnificus,Duplodnaviria,Heunggongvirae,Uroviricota,Caudoviricetes,Caudoviricetes incertae sedis,Peduoviridae,Vulnificusvirus,dsDNA
1965485,190893.0,Vibrio coralliilyticus,Duplodnaviria,Heunggongvirae,Uroviricota,Caudoviricetes,Caudoviricetes incertae sedis,Schitoviridae,Vicoquintavirus,dsDNA
2662136,670.0,Vibrio parahaemolyticus,Duplodnaviria,Heunggongvirae,Uroviricota,Caudoviricetes,Caudoviricetes incertae sedis,Seahorsevirus,Seahorsevirus seahorse,dsDNA
1161928,672.0,Vibrio vulnificus,Duplodnaviria,Heunggongvirae,Uroviricota,Caudoviricetes,Caudoviricetes incertae sedis,Mardecavirus,Mardecavirus SSP002,dsDNA
2897410,670.0,Vibrio parahaemolyticus,Monodnaviria,Loebvirae,Hofneiviricota,Faserviricetes,Tubulavirales,Inoviridae,Villovirus,
2601671,55601.0,Vibrio anguillarum,Monodnaviria,Loebvirae,Hofneiviricota,Faserviricetes,Tubulavirales,Inoviridae,Vasivirus,
2759177,663.0,Vibrio alginolyticus,Duplodnaviria,Heunggongvirae,Uroviricota,Caudoviricetes,Caudoviricetes incertae sedis,Peduoviridae,Valbvirus,dsDNA
2698973,662.0,Vibrio,Duplodnaviria,Heunggongvirae,Uroviricota,Caudoviricetes,Caudoviricetes incertae sedis,Demerecviridae,Pogseptimavirus,dsDNA
2682965,663.0,Vibrio alginolyticus,Monodnaviria,Loebvirae,Hofneiviricota,Faserviricetes,Tubulavirales,Inoviridae,Versovirus,
2660715,663.0,Vibrio alginolyticus,Duplodnaviria,Heunggongvirae,Uroviricota,Caudoviricetes,Caudoviricetes incertae sedis,Peduoviridae,Yongunavirus,dsDNA
2686437,127906.0,Vibrio cholerae O1,Duplodnaviria,Heunggongvirae,Uroviricota,Caudoviricetes,Pantevenvirales,Ackermannviridae,Kujavirus,dsDNA
2711163,190893.0,Vibrio coralliilyticus,Duplodnaviria,Heunggongvirae,Uroviricota,Caudoviricetes,Pantevenvirales,Ackermannviridae,Campanilevirus,dsDNA
2660694,669.0,Vibrio harveyi,Duplodnaviria,Heunggongvirae,Uroviricota,Caudoviricetes,Autographivirales,Autoscriptoviridae,Linggongvirus,dsDNA
1229754,670.0,Vibrio parahaemolyticus,Duplodnaviria,Heunggongvirae,Uroviricota,Caudoviricetes,Caudoviricetes incertae sedis,Vhmlvirus,Vhmlvirus mar,dsDNA
2862773,670.0,Vibrio parahaemolyticus,Duplodnaviria,Heunggongvirae,Uroviricota,Caudoviricetes,Autographivirales,Autographivirales incertae sedis,Youngvirus,dsDNA
3079971,670.0,Vibrio parahaemolyticus,Duplodnaviria,Heunggongvirae,Uroviricota,Caudoviricetes,Caudoviricetes incertae sedis,Grimontviridae,Dalianvirus,dsDNA
1229755,670.0,Vibrio parahaemolyticus,Duplodnaviria,Heunggongvirae,Uroviricota,Caudoviricetes,Caudoviricetes incertae sedis,Mardecavirus,Mardecavirus MAR10,dsDNA
2799672,670.0,Vibrio parahaemolyticus,Duplodnaviria,Heunggongvirae,Uroviricota,Caudoviricetes,Caudoviricetes incertae sedis,Tieomvirus,Tieomvirus BT1011,dsDNA
2928757,76258.0,Vibrio rumoiensis,Varidnaviria,Abadenavirae,Produgelaviricota,Belvinaviricetes,Vinavirales,Asemoviridae,Rumoivirus,
1480731,666.0,Vibrio cholerae,Duplodnaviria,Heunggongvirae,Uroviricota,Caudoviricetes,Caudoviricetes incertae sedis,Drexlerviridae,Jhansiroadvirus,dsDNA
1105327,666.0,Vibrio cholerae,Monodnaviria,Loebvirae,Hofneiviricota,Faserviricetes,Tubulavirales,Inoviridae,Vicialiavirus,
207597,669.0,Vibrio harveyi,Duplodnaviria,Heunggongvirae,Uroviricota,Caudoviricetes,Caudoviricetes incertae sedis,Vhmlvirus,Vhmlvirus VHML,dsDNA
260827,670.0,Vibrio parahaemolyticus,Duplodnaviria,Heunggongvirae,Uroviricota,Caudoviricetes,Caudoviricetes incertae sedis,Enhodamvirus,Enhodamvirus VP5,dsDNA
631719,670.0,Vibrio parahaemolyticus,Duplodnaviria,Heunggongvirae,Uroviricota,Caudoviricetes,Caudoviricetes incertae sedis,Vhmlvirus,Vhmlvirus VP585,dsDNA
2913982,670.0,Vibrio parahaemolyticus,Duplodnaviria,Heunggongvirae,Uroviricota,Caudoviricetes,Caudoviricetes incertae sedis,Hapunavirus,Hapunavirus VP882,dsDNA
2907796,670.0,Vibrio parahaemolyticus,Duplodnaviria,Heunggongvirae,Uroviricota,Caudoviricetes,Caudoviricetes incertae sedis,Zobellviridae,Vipivirus,dsDNA
3071318,56460.0,Xanthomonas vesicatoria,Monodnaviria,Loebvirae,Hofneiviricota,Faserviricetes,Tubulavirales,Inoviridae,Xylivirus,
2500581,678.0,Vibrio sp.,Duplodnaviria,Heunggongvirae,Uroviricota,Caudoviricetes,Caudoviricetes incertae sedis,Schitoviridae,Electravirus,dsDNA
3108162,562.0,Escherichia coli,Duplodnaviria,Heunggongvirae,Uroviricota,Caudoviricetes,Caudoviricetes incertae sedis,Wanchaivirus,unclassified Wanchaivirus,dsDNA
3433351,1392.0,Bacillus anthracis,Duplodnaviria,Heunggongvirae,Uroviricota,Caudoviricetes,Caudoviricetes incertae sedis,Wbetavirus,,dsDNA
2968732,1583.0,Weissella confusa,Duplodnaviria,Heunggongvirae,Uroviricota,Caudoviricetes,Mccleskeyvirinae,unclassified Mccleskeyvirinae,,dsDNA
1608093,1.0,root,Riboviria,Orthornavirae,Negarnaviricota,Haploviricotina,Monjiviricetes,Jingchuvirales,Natareviridae,-ssRNA
2364281,4565.0,Triticum aestivum,Riboviria,Orthornavirae,Kitrinoviricota,Alsuviricetes,Hepelivirales,Benyviridae,unclassified Benyviridae,+ssRNA
342409,27405.0,Penaeus japonicus,Viruses incertae sedis,Naldaviricetes,Nimaviridae,Whispovirus,,,,
1690672,7971.0,Catostomus commersonii,Riboviria,Pararnavirae,Artverviricota,Revtraviricetes,Blubervirales,Hepadnaviridae,Parahepadnavirus,dsDNA-RT
2560838,1.0,root,Viruses incertae sedis,Alphasatellitidae,Geminialphasatellitinae,Whiflysatellite,Whiflysatellite guatemalaense,,,
2169828,1.0,root,Viruses incertae sedis,Alphasatellitidae,Geminialphasatellitinae,Clecrusatellite,Clecrusatellite guatemalaense,,,
2169829,1.0,root,Viruses incertae sedis,Alphasatellitidae,Geminialphasatellitinae,Clecrusatellite,Clecrusatellite puertoricoense,,,
2745699,2749995.0,Winogradskyella sp. HaHa_3_26,Duplodnaviria,Heunggongvirae,Uroviricota,Caudoviricetes,Caudoviricetes incertae sedis,Winoviridae,Peternellavirus,dsDNA
2116443,293917.0,Hyporhamphus sajori,Riboviria,Orthornavirae,Pisuviricota,Pisoniviricetes,Nidovirales,Nanidovirineae,Nanhypoviridae,
1608125,1.0,root,Riboviria,Orthornavirae,Negarnaviricota,Polyploviricotina,Bunyaviricetes,Hareavirales,Wupedeviridae,-ssRNA
2968436,456327.0,Xanthomonas euvesicatoria,Duplodnaviria,Heunggongvirae,Uroviricota,Caudoviricetes,Caudoviricetes incertae sedis,Beograduvirus,unclassified Beograduvirus,dsDNA
2163636,339.0,Xanthomonas campestris,Duplodnaviria,Heunggongvirae,Uroviricota,Caudoviricetes,Caudoviricetes incertae sedis,Lindbergviridae,Carpasinavirus,dsDNA
2928691,339.0,Xanthomonas campestris,Monodnaviria,Loebvirae,Hofneiviricota,Faserviricetes,Tubulavirales,Inoviridae,Coriovirus,
2530114,1137651.0,Xanthomonas citri subsp. citri Aw12879,Monodnaviria,Loebvirae,Hofneiviricota,Faserviricetes,Tubulavirales,Inoviridae,Lophivirus,
2994055,346.0,Xanthomonas citri,Duplodnaviria,Heunggongvirae,Uroviricota,Caudoviricetes,Caudoviricetes incertae sedis,Klementvirus,Klementvirus CP1,dsDNA
2723897,340.0,Xanthomonas campestris pv. campestris,Duplodnaviria,Heunggongvirae,Uroviricota,Caudoviricetes,Caudoviricetes incertae sedis,Foxunavirus,Foxunavirus fox1,dsDNA
2723898,340.0,Xanthomonas campestris pv. campestris,Duplodnaviria,Heunggongvirae,Uroviricota,Caudoviricetes,Caudoviricetes incertae sedis,Foxunavirus,Foxunavirus fox2,dsDNA
2723899,340.0,Xanthomonas campestris pv. campestris,Duplodnaviria,Heunggongvirae,Uroviricota,Caudoviricetes,Caudoviricetes incertae sedis,Foxunavirus,Foxunavirus fox3,dsDNA
2723900,340.0,Xanthomonas campestris pv. campestris,Duplodnaviria,Heunggongvirae,Uroviricota,Caudoviricetes,Caudoviricetes incertae sedis,Foxquatrovirus,Foxquatrovirus fox4,dsDNA
2723901,340.0,Xanthomonas campestris pv. campestris,Duplodnaviria,Heunggongvirae,Uroviricota,Caudoviricetes,Caudoviricetes incertae sedis,Foxunavirus,Foxunavirus fox5,dsDNA
1927017,456327.0,Xanthomonas euvesicatoria,Duplodnaviria,Heunggongvirae,Uroviricota,Caudoviricetes,Caudoviricetes incertae sedis,Beograduvirus,Beograduvirus KPhi1,dsDNA
3003698,64187.0,Xanthomonas oryzae pv. oryzae,Duplodnaviria,Heunggongvirae,Uroviricota,Caudoviricetes,Caudoviricetes incertae sedis,Xipdecavirus,unclassified Xipdecavirus,dsDNA
2939128,343.0,Xanthomonas translucens,Duplodnaviria,Heunggongvirae,Uroviricota,Caudoviricetes,Caudoviricetes incertae sedis,Shirevirus,Shirevirus langgrundblatt1,dsDNA
2939129,343.0,Xanthomonas translucens,Duplodnaviria,Heunggongvirae,Uroviricota,Caudoviricetes,Caudoviricetes incertae sedis,Shirevirus,Shirevirus langgrundblatt2,dsDNA
2851082,340.0,Xanthomonas campestris pv. campestris,Duplodnaviria,Heunggongvirae,Uroviricota,Caudoviricetes,Caudoviricetes incertae sedis,Foxunavirus,unclassified Foxunavirus,dsDNA
3038311,29446.0,Xanthomonas sp.,Duplodnaviria,Heunggongvirae,Uroviricota,Caudoviricetes,Kantovirinae,unclassified Kantovirinae,,dsDNA
2994040,346.0,Xanthomonas citri,Duplodnaviria,Heunggongvirae,Uroviricota,Caudoviricetes,Caudoviricetes incertae sedis,Xipdecavirus,Xipdecavirus OP1,dsDNA
331627,64187.0,Xanthomonas oryzae pv. oryzae,Duplodnaviria,Heunggongvirae,Uroviricota,Caudoviricetes,Caudoviricetes incertae sedis,Tsukubavirus,Tsukubavirus OP2,dsDNA
2939132,343.0,Xanthomonas translucens,Duplodnaviria,Heunggongvirae,Uroviricota,Caudoviricetes,Caudoviricetes incertae sedis,Shirevirus,Shirevirus pfeifenkraut,dsDNA
538979,340.0,Xanthomonas campestris pv. campestris,Duplodnaviria,Heunggongvirae,Uroviricota,Caudoviricetes,Caudoviricetes incertae sedis,Eisenstarkvirus,Eisenstarkvirus L7,dsDNA
2970323,64187.0,Xanthomonas oryzae pv. oryzae,Duplodnaviria,Heunggongvirae,Uroviricota,Caudoviricetes,Caudoviricetes incertae sedis,Tsukubavirus,unclassified Tsukubavirus,dsDNA
2108116,48664.0,Xanthomonas fragariae,Duplodnaviria,Heunggongvirae,Uroviricota,Caudoviricetes,Caudoviricetes incertae sedis,Schitoviridae,Riverridervirus,dsDNA
2596676,29446.0,Xanthomonas sp.,Duplodnaviria,Heunggongvirae,Uroviricota,Caudoviricetes,Caudoviricetes incertae sedis,Septimatrevirus,Septimatrevirus samson,dsDNA
3117472,456327.0,Xanthomonas euvesicatoria,Duplodnaviria,Heunggongvirae,Uroviricota,Caudoviricetes,Autographivirales,Autonotataviridae,Euvesivirus,dsDNA
2674975,338.0,Xanthomonas,Duplodnaviria,Heunggongvirae,Uroviricota,Caudoviricetes,Caudoviricetes incertae sedis,Subavirus,Subavirus suba,dsDNA
2970490,195709.0,Xanthomonas arboricola pv. juglandis,Duplodnaviria,Heunggongvirae,Uroviricota,Caudoviricetes,Caudoviricetes incertae sedis,Septimatrevirus,Septimatrevirus DoCa1,dsDNA
2968248,195709.0,Xanthomonas arboricola pv. juglandis,Duplodnaviria,Heunggongvirae,Uroviricota,Caudoviricetes,Caudoviricetes incertae sedis,Nipunavirus,Nipunavirus Doca3,dsDNA
2975534,195709.0,Xanthomonas arboricola pv. juglandis,Duplodnaviria,Heunggongvirae,Uroviricota,Caudoviricetes,Autographivirales,Autonotataviridae,Paternavirus,dsDNA
3416405,347.0,Xanthomonas oryzae,Duplodnaviria,Heunggongvirae,Uroviricota,Caudoviricetes,Caudoviricetes incertae sedis,Tsukubavirus,Tsukubavirus XPP1,dsDNA
1129194,56460.0,Xanthomonas vesicatoria,Duplodnaviria,Heunggongvirae,Uroviricota,Caudoviricetes,Caudoviricetes incertae sedis,Dibbivirus,Dibbivirus DIBBI,dsDNA
1775249,195709.0,Xanthomonas arboricola pv. juglandis,Duplodnaviria,Heunggongvirae,Uroviricota,Caudoviricetes,Caudoviricetes incertae sedis,Xajduovirus,Xajduovirus XAJ2,dsDNA
2978503,56460.0,Xanthomonas vesicatoria,Duplodnaviria,Heunggongvirae,Uroviricota,Caudoviricetes,Caudoviricetes incertae sedis,Mimasvirus,unclassified Mimasvirus,dsDNA
2913975,347.0,Xanthomonas oryzae,Duplodnaviria,Heunggongvirae,Uroviricota,Caudoviricetes,Caudoviricetes incertae sedis,Xipdecavirus,Xipdecavirus Xop411,dsDNA
2907956,347.0,Xanthomonas oryzae,Duplodnaviria,Heunggongvirae,Uroviricota,Caudoviricetes,Caudoviricetes incertae sedis,Xipdecavirus,Xipdecavirus Xp10,dsDNA
322855,453602.0,Xanthomonas hortorum pv. pelargonii,Duplodnaviria,Heunggongvirae,Uroviricota,Caudoviricetes,Caudoviricetes incertae sedis,Alachuavirus,Alachuavirus Xp15,dsDNA
2099860,64187.0,Xanthomonas oryzae pv. oryzae,Duplodnaviria,Heunggongvirae,Uroviricota,Caudoviricetes,Caudoviricetes incertae sedis,Tsukubavirus,Tsukubavirus XPV1,dsDNA
2653651,56460.0,Xanthomonas vesicatoria,Duplodnaviria,Heunggongvirae,Uroviricota,Caudoviricetes,Caudoviricetes incertae sedis,Beograduvirus,Beograduvirus Xaf18,dsDNA
51677,320016.0,Xestia,Viruses incertae sedis,Naldaviricetes,Lefavirales,Baculoviridae,Betabaculovirus,Betabaculovirus xecnigri,,
2699877,2370.0,Xylella,Duplodnaviria,Heunggongvirae,Uroviricota,Caudoviricetes,Autographivirales,Autonotataviridae,Cotavirus,dsDNA
2739681,5755.0,Acanthamoeba castellanii,Varidnaviria,Bamfordvirae,Nucleocytoviricota,Mriyaviricetes,Mriyaviricetes incertae sedis,Yaraviridae,Yaravirus,
1557033,1.0,root,Varidnaviria,Bamfordvirae,Preplasmiviricota,Polisuviricotina,Virophaviricetes,Priklausovirales,Burtonviroviridae,
1557034,1.0,root,Varidnaviria,Bamfordvirae,Preplasmiviricota,Polisuviricotina,Virophaviricetes,Lavidavirales,unclassified Lavidavirales,
59816,8161.0,Seriola quinqueradiata,Riboviria,Orthornavirae,Orthornavirae incertae sedis,Birnaviridae,Aquabirnavirus,Aquabirnavirus ascitae,,
2219873,185542.0,Ilex paraguariensis,Monodnaviria,Shotokuvirae,Cressdnaviricota,Arfiviricetes,Mulpavirales,Amesuviridae,Yermavirus,
2052743,630.0,Yersinia enterocolitica,Duplodnaviria,Heunggongvirae,Uroviricota,Caudoviricetes,Caudoviricetes incertae sedis,Eneladusvirus,Eneladusvirus Yen904,dsDNA
2918920,630.0,Yersinia enterocolitica,Duplodnaviria,Heunggongvirae,Uroviricota,Caudoviricetes,Caudoviricetes incertae sedis,Peduoviridae,Duonihilunusvirus,dsDNA
2914028,630.0,Yersinia enterocolitica,Duplodnaviria,Heunggongvirae,Uroviricota,Caudoviricetes,Caudoviricetes incertae sedis,Peduoviridae,Graikaemvirus,dsDNA
2914024,630.0,Yersinia enterocolitica,Duplodnaviria,Heunggongvirae,Uroviricota,Caudoviricetes,Caudoviricetes incertae sedis,Peduoviridae,Tresduoquattuorvirus,dsDNA
2918926,630.0,Yersinia enterocolitica,Duplodnaviria,Heunggongvirae,Uroviricota,Caudoviricetes,Caudoviricetes incertae sedis,Peduoviridae,Firavirus,dsDNA
3074381,29486.0,Yersinia ruckeri,Duplodnaviria,Heunggongvirae,Uroviricota,Caudoviricetes,Caudoviricetes incertae sedis,Sepahanvirus,Sepahanvirus GN1,dsDNA
2815754,29486.0,Yersinia ruckeri,Duplodnaviria,Heunggongvirae,Uroviricota,Caudoviricetes,Caudoviricetes incertae sedis,Sepahanvirus,Sepahanvirus yerA41,dsDNA
1891756,9728.0,Delphinus delphis,Monodnaviria,Shotokuvirae,Cossaviricota,Papovaviricetes,Sepolyvirales,Polyomaviridae,Zetapolyomavirus,
220813,19013.0,Zinnia,Viruses incertae sedis,Tolecusatellitidae,Betasatellite,Betasatellite zinniae,Zinnia leaf curl betasatellite,,,
114871,4954.0,Zygosaccharomyces bailii,Riboviria,Orthornavirae,Pisuviricota,Duplopiviricetes,Durnavirales,Amalgaviridae,Zybavirus,+ssRNA
