host name,realm,kingdom,phylum,class,order,family,genus,species,baltimore_class,taxid,matched_name
Papio anubis,Varidnaviria,Bamfordvirae,Preplasmiviricota,Polisuviricotina,Pharingeaviricetes,Rowavirales,Adenoviridae,Mastadenovirus,,10509,Mastadenovirus
Pipistrellus nathusii,Varidnaviria,Bamfordvirae,Preplasmiviricota,Polisuviricotina,Pharingeaviricetes,Rowavirales,Adenoviridae,Mastadenovirus,,10509,Mastadenovirus
Pipistrellus pipistrellus,Varidnaviria,Bamfordvirae,Preplasmiviricota,Polisuviricotina,Pharingeaviricetes,Rowavirales,Adenoviridae,Mastadenovirus,,10509,Mastadenovirus
Chlorocebus aethiops,Varidnaviria,Bamfordvirae,Preplasmiviricota,Polisuviricotina,Pharingeaviricetes,Rowavirales,Adenoviridae,Mastadenovirus,,10509,Mastadenovirus
Homo sapiens,Varidnaviria,Bamfordvirae,Preplasmiviricota,Polisuviricotina,Pharingeaviricetes,Rowavirales,Adenoviridae,Mastadenovirus,,10509,Mastadenovirus
Canis lupus familiaris,Varidnaviria,Bamfordvirae,Preplasmiviricota,Polisuviricotina,Pharingeaviricetes,Rowavirales,Adenoviridae,Mastadenovirus,,10509,Mastadenovirus
Sus scrofa,Varidnaviria,Bamfordvirae,Preplasmiviricota,Polisuviricotina,Pharingeaviricetes,Rowavirales,Adenoviridae,Mastadenovirus,,10509,Mastadenovirus
Myotis pilosus,Varidnaviria,Bamfordvirae,Preplasmiviricota,Polisuviricotina,Pharingeaviricetes,Rowavirales,Adenoviridae,Mastadenovirus,,10509,Mastadenovirus
Myotis chinensis,Varidnaviria,Bamfordvirae,Preplasmiviricota,Polisuviricotina,Pharingeaviricetes,Rowavirales,Adenoviridae,Mastadenovirus,,10509,Mastadenovirus
Vespertilio sinensis,Varidnaviria,Bamfordvirae,Preplasmiviricota,Polisuviricotina,Pharingeaviricetes,Rowavirales,Adenoviridae,Mastadenovirus,,10509,Mastadenovirus
Corynorhinus rafinesquii,Varidnaviria,Bamfordvirae,Preplasmiviricota,Polisuviricotina,Pharingeaviricetes,Rowavirales,Adenoviridae,Mastadenovirus,,10509,Mastadenovirus
Pteropus alecto,Varidnaviria,Bamfordvirae,Preplasmiviricota,Polisuviricotina,Pharingeaviricetes,Rowavirales,Adenoviridae,Mastadenovirus,,10509,Mastadenovirus
Rousettus leschenaultii,Varidnaviria,Bamfordvirae,Preplasmiviricota,Polisuviricotina,Pharingeaviricetes,Rowavirales,Adenoviridae,Mastadenovirus,,10509,Mastadenovirus
Macaca mulatta,Varidnaviria,Bamfordvirae,Preplasmiviricota,Polisuviricotina,Pharingeaviricetes,Rowavirales,Adenoviridae,Mastadenovirus,,10509,Mastadenovirus
Rhinolophus sinicus,Varidnaviria,Bamfordvirae,Preplasmiviricota,Polisuviricotina,Pharingeaviricetes,Rowavirales,Adenoviridae,Mastadenovirus,,10509,Mastadenovirus
Miniopterus,Varidnaviria,Bamfordvirae,Preplasmiviricota,Polisuviricotina,Pharingeaviricetes,Rowavirales,Adenoviridae,Mastadenovirus,,10509,Mastadenovirus
Miniopterus schreibersii,Varidnaviria,Bamfordvirae,Preplasmiviricota,Polisuviricotina,Pharingeaviricetes,Rowavirales,Adenoviridae,Mastadenovirus,,10509,Mastadenovirus
Tursiops truncatus,Varidnaviria,Bamfordvirae,Preplasmiviricota,Polisuviricotina,Pharingeaviricetes,Rowavirales,Adenoviridae,Mastadenovirus,,10509,Mastadenovirus
Bos taurus,Varidnaviria,Bamfordvirae,Preplasmiviricota,Polisuviricotina,Pharingeaviricetes,Rowavirales,Adenoviridae,Mastadenovirus,,10509,Mastadenovirus
Zalophus californianus,Varidnaviria,Bamfordvirae,Preplasmiviricota,Polisuviricotina,Pharingeaviricetes,Rowavirales,Adenoviridae,Mastadenovirus,,10509,Mastadenovirus
Pan troglodytes,Varidnaviria,Bamfordvirae,Preplasmiviricota,Polisuviricotina,Pharingeaviricetes,Rowavirales,Adenoviridae,Mastadenovirus,,10509,Mastadenovirus
Macaca fascicularis,Varidnaviria,Bamfordvirae,Preplasmiviricota,Polisuviricotina,Pharingeaviricetes,Rowavirales,Adenoviridae,Mastadenovirus,,10509,Mastadenovirus
Odocoileus virginianus,Varidnaviria,Bamfordvirae,Preplasmiviricota,Polisuviricotina,Pharingeaviricetes,Rowavirales,Adenoviridae,Mastadenovirus,,10509,Mastadenovirus
Eidolon helvum,Varidnaviria,Bamfordvirae,Preplasmiviricota,Polisuviricotina,Pharingeaviricetes,Rowavirales,Adenoviridae,Mastadenovirus,,10509,Mastadenovirus
Equus caballus,Varidnaviria,Bamfordvirae,Preplasmiviricota,Polisuviricotina,Pharingeaviricetes,Rowavirales,Adenoviridae,Mastadenovirus,,10509,Mastadenovirus
Cavia porcellus,Varidnaviria,Bamfordvirae,Preplasmiviricota,Polisuviricotina,Pharingeaviricetes,Rowavirales,Adenoviridae,Mastadenovirus,,10509,Mastadenovirus
Mus musculus,Varidnaviria,Bamfordvirae,Preplasmiviricota,Polisuviricotina,Pharingeaviricetes,Rowavirales,Adenoviridae,Mastadenovirus,,10509,Mastadenovirus
Apodemus agrarius,Varidnaviria,Bamfordvirae,Preplasmiviricota,Polisuviricotina,Pharingeaviricetes,Rowavirales,Adenoviridae,Mastadenovirus,,10509,Mastadenovirus
Ursus maritimus,Varidnaviria,Bamfordvirae,Preplasmiviricota,Polisuviricotina,Pharingeaviricetes,Rowavirales,Adenoviridae,Mastadenovirus,,10509,Mastadenovirus
Tamiasciurus hudsonicus,Varidnaviria,Bamfordvirae,Preplasmiviricota,Polisuviricotina,Pharingeaviricetes,Rowavirales,Adenoviridae,Mastadenovirus,,10509,Mastadenovirus
Sciurus vulgaris,Varidnaviria,Bamfordvirae,Preplasmiviricota,Polisuviricotina,Pharingeaviricetes,Rowavirales,Adenoviridae,Mastadenovirus,,10509,Mastadenovirus
Rousettus aegyptiacus,Varidnaviria,Bamfordvirae,Preplasmiviricota,Polisuviricotina,Pharingeaviricetes,Rowavirales,Adenoviridae,Mastadenovirus,,10509,Mastadenovirus
Macaca,Varidnaviria,Bamfordvirae,Preplasmiviricota,Polisuviricotina,Pharingeaviricetes,Rowavirales,Adenoviridae,Mastadenovirus,,10509,Mastadenovirus
Macaca sp.,Varidnaviria,Bamfordvirae,Preplasmiviricota,Polisuviricotina,Pharingeaviricetes,Rowavirales,Adenoviridae,Mastadenovirus,,10509,Mastadenovirus
Chlorocebus pygerythrus,Varidnaviria,Bamfordvirae,Preplasmiviricota,Polisuviricotina,Pharingeaviricetes,Rowavirales,Adenoviridae,Mastadenovirus,,10509,Mastadenovirus
Papio cynocephalus,Varidnaviria,Bamfordvirae,Preplasmiviricota,Polisuviricotina,Pharingeaviricetes,Rowavirales,Adenoviridae,Mastadenovirus,,10509,Mastadenovirus
Gorilla,Varidnaviria,Bamfordvirae,Preplasmiviricota,Polisuviricotina,Pharingeaviricetes,Rowavirales,Adenoviridae,Mastadenovirus,,10509,Mastadenovirus
Pan paniscus,Varidnaviria,Bamfordvirae,Preplasmiviricota,Polisuviricotina,Pharingeaviricetes,Rowavirales,Adenoviridae,Mastadenovirus,,10509,Mastadenovirus
Rhinopithecus roxellana,Varidnaviria,Bamfordvirae,Preplasmiviricota,Polisuviricotina,Pharingeaviricetes,Rowavirales,Adenoviridae,Mastadenovirus,,10509,Mastadenovirus
Cercopithecinae,Varidnaviria,Bamfordvirae,Preplasmiviricota,Polisuviricotina,Pharingeaviricetes,Rowavirales,Adenoviridae,Mastadenovirus,,10509,Mastadenovirus
Conepatus leuconotus,Varidnaviria,Bamfordvirae,Preplasmiviricota,Polisuviricotina,Pharingeaviricetes,Rowavirales,Adenoviridae,Mastadenovirus,,10509,Mastadenovirus
Plecturocebus cupreus,Varidnaviria,Bamfordvirae,Preplasmiviricota,Polisuviricotina,Pharingeaviricetes,Rowavirales,Adenoviridae,Mastadenovirus,,10509,Mastadenovirus
Tupaia,Varidnaviria,Bamfordvirae,Preplasmiviricota,Polisuviricotina,Pharingeaviricetes,Rowavirales,Adenoviridae,Mastadenovirus,,10509,Mastadenovirus
Daucus carota,Riboviria,Orthornavirae,Pisuviricota,Pisoniviricetes,Picornavirales,Secoviridae,Sequivirus,Sequivirus carotae,,12057,Sequivirus
Nicotiana benthamiana,Riboviria,Orthornavirae,Pisuviricota,Pisoniviricetes,Picornavirales,Secoviridae,Sequivirus,Sequivirus carotae,,12057,Sequivirus
Lactuca sativa,Riboviria,Orthornavirae,Pisuviricota,Pisoniviricetes,Picornavirales,Secoviridae,Sequivirus,Sequivirus stellatum,,12057,Sequivirus
Pastinaca sativa,Riboviria,Orthornavirae,Pisuviricota,Pisoniviricetes,Picornavirales,Secoviridae,Sequivirus,Sequivirus pastinacae,,12057,Sequivirus
Apium graveolens,Riboviria,Orthornavirae,Pisuviricota,Pisoniviricetes,Picornavirales,Secoviridae,Sequivirus,Sequivirus pastinacae,,12057,Sequivirus
Coriandrum sativum,Riboviria,Orthornavirae,Pisuviricota,Pisoniviricetes,Picornavirales,Secoviridae,Sequivirus,Sequivirus pastinacae,,12057,Sequivirus
Anthriscus cerefolium,Riboviria,Orthornavirae,Pisuviricota,Pisoniviricetes,Picornavirales,Secoviridae,Sequivirus,Sequivirus pastinacae,,12057,Sequivirus
Heracleum sphondylium,Riboviria,Orthornavirae,Pisuviricota,Pisoniviricetes,Picornavirales,Secoviridae,Sequivirus,Sequivirus pastinacae,,12057,Sequivirus
Anethum graveolens,Riboviria,Orthornavirae,Pisuviricota,Pisoniviricetes,Picornavirales,Secoviridae,Sequivirus,Sequivirus pastinacae,,12057,Sequivirus
Aethusa cynapium,Riboviria,Orthornavirae,Pisuviricota,Pisoniviricetes,Picornavirales,Secoviridae,Sequivirus,Sequivirus pastinacae,,12057,Sequivirus
Anthriscus sylvestris,Riboviria,Orthornavirae,Pisuviricota,Pisoniviricetes,Picornavirales,Secoviridae,Sequivirus,Sequivirus pastinacae,,12057,Sequivirus
Torilis japonica,Riboviria,Orthornavirae,Pisuviricota,Pisoniviricetes,Picornavirales,Secoviridae,Sequivirus,Sequivirus pastinacae,,12057,Sequivirus
Chaerophyllum temulum,Riboviria,Orthornavirae,Pisuviricota,Pisoniviricetes,Picornavirales,Secoviridae,Sequivirus,Sequivirus pastinacae,,12057,Sequivirus
Oenanthe aquatica,Riboviria,Orthornavirae,Pisuviricota,Pisoniviricetes,Picornavirales,Secoviridae,Sequivirus,Sequivirus pastinacae,,12057,Sequivirus
Artemisia annua,Riboviria,Orthornavirae,Pisuviricota,Pisoniviricetes,Sobelivirales,Solemoviridae,Sobemovirus,Sobemovirus ARTVA,,12137,Sobemovirus
Vaccinium corymbosum,Riboviria,Orthornavirae,Pisuviricota,Pisoniviricetes,Sobelivirales,Solemoviridae,Sobemovirus,Sobemovirus BSSV,,12137,Sobemovirus
Vaccinium angustifolium,Riboviria,Orthornavirae,Pisuviricota,Pisoniviricetes,Sobelivirales,Solemoviridae,Sobemovirus,Sobemovirus BSSV,,12137,Sobemovirus
Vaccinium sp.,Riboviria,Orthornavirae,Pisuviricota,Pisoniviricetes,Sobelivirales,Solemoviridae,Sobemovirus,Sobemovirus BSSV,,12137,Sobemovirus
Dactylis glomerata,Riboviria,Orthornavirae,Pisuviricota,Pisoniviricetes,Sobelivirales,Solemoviridae,Sobemovirus,Sobemovirus CFMV,,12137,Sobemovirus
Triticum aestivum,Riboviria,Orthornavirae,Pisuviricota,Pisoniviricetes,Sobelivirales,Solemoviridae,Sobemovirus,Sobemovirus CFMV,,12137,Sobemovirus
Cymbidium goeringii,Riboviria,Orthornavirae,Pisuviricota,Pisoniviricetes,Sobelivirales,Solemoviridae,Sobemovirus,Sobemovirus CYCMV,,12137,Sobemovirus
Imperata cylindrica,Riboviria,Orthornavirae,Pisuviricota,Pisoniviricetes,Sobelivirales,Solemoviridae,Sobemovirus,Sobemovirus IYMV,,12137,Sobemovirus
Ophiuros exaltatus,Riboviria,Orthornavirae,Pisuviricota,Pisoniviricetes,Sobelivirales,Solemoviridae,Sobemovirus,Sobemovirus IYMV,,12137,Sobemovirus
Medicago sativa,Riboviria,Orthornavirae,Pisuviricota,Pisoniviricetes,Sobelivirales,Solemoviridae,Sobemovirus,Sobemovirus LTSV,,12137,Sobemovirus
Trigonella foenum-graecum,Riboviria,Orthornavirae,Pisuviricota,Pisoniviricetes,Sobelivirales,Solemoviridae,Sobemovirus,Sobemovirus LTSV,,12137,Sobemovirus
Carica papaya,Riboviria,Orthornavirae,Pisuviricota,Pisoniviricetes,Sobelivirales,Solemoviridae,Sobemovirus,Sobemovirus PLYV,,12137,Sobemovirus
Physalis peruviana,Riboviria,Orthornavirae,Pisuviricota,Pisoniviricetes,Sobelivirales,Solemoviridae,Sobemovirus,Sobemovirus PHYRMV,,12137,Sobemovirus
Oryza sativa,Riboviria,Orthornavirae,Pisuviricota,Pisoniviricetes,Sobelivirales,Solemoviridae,Sobemovirus,Sobemovirus RYMV,,12137,Sobemovirus
Zea mays,Riboviria,Orthornavirae,Pisuviricota,Pisoniviricetes,Sobelivirales,Solemoviridae,Sobemovirus,Sobemovirus ROMOV,,12137,Sobemovirus
Avena sativa,Riboviria,Orthornavirae,Pisuviricota,Pisoniviricetes,Sobelivirales,Solemoviridae,Sobemovirus,Sobemovirus RGMOV,,12137,Sobemovirus
Sesbania grandiflora,Riboviria,Orthornavirae,Pisuviricota,Pisoniviricetes,Sobelivirales,Solemoviridae,Sobemovirus,Sobemovirus SEMV,,12137,Sobemovirus
Serpentes,Riboviria,Orthornavirae,Pisuviricota,Pisoniviricetes,Sobelivirales,Solemoviridae,Sobemovirus,Sobemovirus SMAMV,,12137,Sobemovirus
Nicotiana clevelandii,Riboviria,Orthornavirae,Pisuviricota,Pisoniviricetes,Sobelivirales,Solemoviridae,Sobemovirus,Sobemovirus SNMOV,,12137,Sobemovirus
Solanum nodiflorum,Riboviria,Orthornavirae,Pisuviricota,Pisoniviricetes,Sobelivirales,Solemoviridae,Sobemovirus,Sobemovirus SNMOV,,12137,Sobemovirus
Phaseolus vulgaris,Riboviria,Orthornavirae,Pisuviricota,Pisoniviricetes,Sobelivirales,Solemoviridae,Sobemovirus,Sobemovirus SBMV,,12137,Sobemovirus
Glycine max,Riboviria,Orthornavirae,Pisuviricota,Pisoniviricetes,Sobelivirales,Solemoviridae,Sobemovirus,Sobemovirus SCPMV,,12137,Sobemovirus
Vigna mungo,Riboviria,Orthornavirae,Pisuviricota,Pisoniviricetes,Sobelivirales,Solemoviridae,Sobemovirus,Sobemovirus SCPMV,,12137,Sobemovirus
Vigna unguiculata,Riboviria,Orthornavirae,Pisuviricota,Pisoniviricetes,Sobelivirales,Solemoviridae,Sobemovirus,Sobemovirus SCPMV,,12137,Sobemovirus
Rubus sp.,Riboviria,Orthornavirae,Pisuviricota,Pisoniviricetes,Sobelivirales,Solemoviridae,Sobemovirus,Sobemovirus SOMV,,12137,Sobemovirus
Trifolium subterraneum,Riboviria,Orthornavirae,Pisuviricota,Pisoniviricetes,Sobelivirales,Solemoviridae,Sobemovirus,Sobemovirus SCMOV,,12137,Sobemovirus
Brassica rapa,Riboviria,Orthornavirae,Pisuviricota,Pisoniviricetes,Sobelivirales,Solemoviridae,Sobemovirus,Sobemovirus TROV,,12137,Sobemovirus
Nicotiana velutina,Riboviria,Orthornavirae,Pisuviricota,Pisoniviricetes,Sobelivirales,Solemoviridae,Sobemovirus,Sobemovirus VTMOV,,12137,Sobemovirus
Lens culinaris,Riboviria,Orthornavirae,Kitrinoviricota,Alsuviricetes,Tymovirales,Tymoviridae,Tymovirus,Tymovirus anagyris,+ssRNA,12148,Tymovirus
Lupinus albus,Riboviria,Orthornavirae,Kitrinoviricota,Alsuviricetes,Tymovirales,Tymoviridae,Tymovirus,Tymovirus anagyris,+ssRNA,12148,Tymovirus
Phaseolus vulgaris,Riboviria,Orthornavirae,Kitrinoviricota,Alsuviricetes,Tymovirales,Tymoviridae,Tymovirus,Tymovirus anagyris,+ssRNA,12148,Tymovirus
Lathyrus oleraceus,Riboviria,Orthornavirae,Kitrinoviricota,Alsuviricetes,Tymovirales,Tymoviridae,Tymovirus,Tymovirus anagyris,+ssRNA,12148,Tymovirus
Vicia faba,Riboviria,Orthornavirae,Kitrinoviricota,Alsuviricetes,Tymovirales,Tymoviridae,Tymovirus,Tymovirus anagyris,+ssRNA,12148,Tymovirus
Vicia faba var. minor,Riboviria,Orthornavirae,Kitrinoviricota,Alsuviricetes,Tymovirales,Tymoviridae,Tymovirus,Tymovirus anagyris,+ssRNA,12148,Tymovirus
Vicia narbonensis,Riboviria,Orthornavirae,Kitrinoviricota,Alsuviricetes,Tymovirales,Tymoviridae,Tymovirus,Tymovirus anagyris,+ssRNA,12148,Tymovirus
Vigna unguiculata subsp. unguiculata,Riboviria,Orthornavirae,Kitrinoviricota,Alsuviricetes,Tymovirales,Tymoviridae,Tymovirus,Tymovirus anagyris,+ssRNA,12148,Tymovirus
Datura stramonium,Riboviria,Orthornavirae,Kitrinoviricota,Alsuviricetes,Tymovirales,Tymoviridae,Tymovirus,Tymovirus anagyris,+ssRNA,12148,Tymovirus
Nicotiana benthamiana,Riboviria,Orthornavirae,Kitrinoviricota,Alsuviricetes,Tymovirales,Tymoviridae,Tymovirus,Tymovirus anagyris,+ssRNA,12148,Tymovirus
Petunia x hybrida,Riboviria,Orthornavirae,Kitrinoviricota,Alsuviricetes,Tymovirales,Tymoviridae,Tymovirus,Tymovirus anagyris,+ssRNA,12148,Tymovirus
Anagyris,Riboviria,Orthornavirae,Kitrinoviricota,Alsuviricetes,Tymovirales,Tymoviridae,Tymovirus,Tymovirus anagyris,+ssRNA,12148,Tymovirus
Anagyris foetida,Riboviria,Orthornavirae,Kitrinoviricota,Alsuviricetes,Tymovirales,Tymoviridae,Tymovirus,Tymovirus anagyris,+ssRNA,12148,Tymovirus
Nicotiana clevelandii,Riboviria,Orthornavirae,Kitrinoviricota,Alsuviricetes,Tymovirales,Tymoviridae,Tymovirus,Tymovirus anagyris,+ssRNA,12148,Tymovirus
Nicotiana megalosiphon,Riboviria,Orthornavirae,Kitrinoviricota,Alsuviricetes,Tymovirales,Tymoviridae,Tymovirus,Tymovirus anagyris,+ssRNA,12148,Tymovirus
Sulla coronaria,Riboviria,Orthornavirae,Kitrinoviricota,Alsuviricetes,Tymovirales,Tymoviridae,Tymovirus,Tymovirus anagyris,+ssRNA,12148,Tymovirus
Vicia faba var. major,Riboviria,Orthornavirae,Kitrinoviricota,Alsuviricetes,Tymovirales,Tymoviridae,Tymovirus,Tymovirus anagyris,+ssRNA,12148,Tymovirus
Solanum phureja,Riboviria,Orthornavirae,Kitrinoviricota,Alsuviricetes,Tymovirales,Tymoviridae,Tymovirus,Tymovirus latandigenum,+ssRNA,12148,Tymovirus
Nicotiana quadrivalvis var. bigelovii,Riboviria,Orthornavirae,Kitrinoviricota,Alsuviricetes,Tymovirales,Tymoviridae,Tymovirus,Tymovirus mosandigenum,+ssRNA,12148,Tymovirus
Solanum tuberosum,Riboviria,Orthornavirae,Kitrinoviricota,Alsuviricetes,Tymovirales,Tymoviridae,Tymovirus,Tymovirus mosandigenum,+ssRNA,12148,Tymovirus
Asclepias viridis,Riboviria,Orthornavirae,Kitrinoviricota,Alsuviricetes,Tymovirales,Tymoviridae,Tymovirus,unclassified Tymovirus,+ssRNA,12148,Tymovirus
Sicyos edulis,Riboviria,Orthornavirae,Kitrinoviricota,Alsuviricetes,Tymovirales,Tymoviridae,Tymovirus,Tymovirus chayotis,+ssRNA,12148,Tymovirus
Capsicum annuum var. glabriusculum,Riboviria,Orthornavirae,Kitrinoviricota,Alsuviricetes,Tymovirales,Tymoviridae,Tymovirus,Tymovirus chiltepini,+ssRNA,12148,Tymovirus
Diascia,Riboviria,Orthornavirae,Kitrinoviricota,Alsuviricetes,Tymovirales,Tymoviridae,Tymovirus,unclassified Tymovirus,+ssRNA,12148,Tymovirus
Solanum dulcamara,Riboviria,Orthornavirae,Kitrinoviricota,Alsuviricetes,Tymovirales,Tymoviridae,Tymovirus,Tymovirus dulcamarae,+ssRNA,12148,Tymovirus
Solanum lycopersicum,Riboviria,Orthornavirae,Kitrinoviricota,Alsuviricetes,Tymovirales,Tymoviridae,Tymovirus,Tymovirus melongenae,+ssRNA,12148,Tymovirus
Solanum melongena,Riboviria,Orthornavirae,Kitrinoviricota,Alsuviricetes,Tymovirales,Tymoviridae,Tymovirus,Tymovirus melongenae,+ssRNA,12148,Tymovirus
Solanum seaforthianum,Riboviria,Orthornavirae,Kitrinoviricota,Alsuviricetes,Tymovirales,Tymoviridae,Tymovirus,Tymovirus melongenae,+ssRNA,12148,Tymovirus
Erysimum,Riboviria,Orthornavirae,Kitrinoviricota,Alsuviricetes,Tymovirales,Tymoviridae,Tymovirus,Tymovirus erysimi,+ssRNA,12148,Tymovirus
Desmodium,Riboviria,Orthornavirae,Kitrinoviricota,Alsuviricetes,Tymovirales,Tymoviridae,Tymovirus,Tymovirus kennedyae,+ssRNA,12148,Tymovirus
Indigofera australis,Riboviria,Orthornavirae,Kitrinoviricota,Alsuviricetes,Tymovirales,Tymoviridae,Tymovirus,Tymovirus kennedyae,+ssRNA,12148,Tymovirus
Kennedia rubicunda,Riboviria,Orthornavirae,Kitrinoviricota,Alsuviricetes,Tymovirales,Tymoviridae,Tymovirus,Tymovirus kennedyae,+ssRNA,12148,Tymovirus
Solanum quitoense,Riboviria,Orthornavirae,Kitrinoviricota,Alsuviricetes,Tymovirales,Tymoviridae,Tymovirus,Tymovirus naranjillae,+ssRNA,12148,Tymovirus
Scrophulariaceae,Riboviria,Orthornavirae,Kitrinoviricota,Alsuviricetes,Tymovirales,Tymoviridae,Tymovirus,Tymovirus nemesiae,+ssRNA,12148,Tymovirus
Vigna oblongifolia,Riboviria,Orthornavirae,Kitrinoviricota,Alsuviricetes,Tymovirales,Tymoviridae,Tymovirus,Tymovirus abelmoschi,+ssRNA,12148,Tymovirus
Nicotiana occidentalis subsp. hesperis,Riboviria,Orthornavirae,Kitrinoviricota,Alsuviricetes,Tymovirales,Tymoviridae,Tymovirus,Tymovirus abelmoschi,+ssRNA,12148,Tymovirus
Nicotiana occidentalis,Riboviria,Orthornavirae,Kitrinoviricota,Alsuviricetes,Tymovirales,Tymoviridae,Tymovirus,Tymovirus abelmoschi,+ssRNA,12148,Tymovirus
Abelmoschus esculentus,Riboviria,Orthornavirae,Kitrinoviricota,Alsuviricetes,Tymovirales,Tymoviridae,Tymovirus,Tymovirus abelmoschi,+ssRNA,12148,Tymovirus
Ononis,Riboviria,Orthornavirae,Kitrinoviricota,Alsuviricetes,Tymovirales,Tymoviridae,Tymovirus,Tymovirus ononis,+ssRNA,12148,Tymovirus
Passiflora edulis f. edulis,Riboviria,Orthornavirae,Kitrinoviricota,Alsuviricetes,Tymovirales,Tymoviridae,Tymovirus,Tymovirus passiflorae,+ssRNA,12148,Tymovirus
Physalis heterophylla,Riboviria,Orthornavirae,Kitrinoviricota,Alsuviricetes,Tymovirales,Tymoviridae,Tymovirus,Tymovirus physalis,+ssRNA,12148,Tymovirus
Glycine max,Riboviria,Orthornavirae,Kitrinoviricota,Alsuviricetes,Tymovirales,Tymoviridae,Tymovirus,Tymovirus plantagonis,+ssRNA,12148,Tymovirus
Antirrhinum majus,Riboviria,Orthornavirae,Kitrinoviricota,Alsuviricetes,Tymovirales,Tymoviridae,Tymovirus,Tymovirus plantagonis,+ssRNA,12148,Tymovirus
Plantago major,Riboviria,Orthornavirae,Kitrinoviricota,Alsuviricetes,Tymovirales,Tymoviridae,Tymovirus,Tymovirus plantagonis,+ssRNA,12148,Tymovirus
Tetragonia tetragonoides,Riboviria,Orthornavirae,Kitrinoviricota,Alsuviricetes,Tymovirales,Tymoviridae,Tymovirus,Tymovirus plantagonis,+ssRNA,12148,Tymovirus
Scrophularia nodosa,Riboviria,Orthornavirae,Kitrinoviricota,Alsuviricetes,Tymovirales,Tymoviridae,Tymovirus,Tymovirus scrophulariae,+ssRNA,12148,Tymovirus
Brassica,Riboviria,Orthornavirae,Kitrinoviricota,Alsuviricetes,Tymovirales,Tymoviridae,Tymovirus,Tymovirus brassicae,+ssRNA,12148,Tymovirus
Brassica rapa subsp. pekinensis,Riboviria,Orthornavirae,Kitrinoviricota,Alsuviricetes,Tymovirales,Tymoviridae,Tymovirus,Tymovirus brassicae,+ssRNA,12148,Tymovirus
Cardamine lilacina,Riboviria,Orthornavirae,Kitrinoviricota,Alsuviricetes,Tymovirales,Tymoviridae,Tymovirus,Tymovirus brassicae,+ssRNA,12148,Tymovirus
Asparagus officinalis,Riboviria,Orthornavirae,Kitrinoviricota,Alsuviricetes,Tymovirales,Alphaflexiviridae,Potexvirus,Potexvirus triasparagi,+ssRNA,12176,Potexvirus
Chenopodium quinoa,Riboviria,Orthornavirae,Kitrinoviricota,Alsuviricetes,Tymovirales,Alphaflexiviridae,Potexvirus,Potexvirus triasparagi,+ssRNA,12176,Potexvirus
Allium chinense,Riboviria,Orthornavirae,Kitrinoviricota,Alsuviricetes,Tymovirales,Alphaflexiviridae,Potexvirus,Potexvirus triasparagi,+ssRNA,12176,Potexvirus
Carica papaya,Riboviria,Orthornavirae,Kitrinoviricota,Alsuviricetes,Tymovirales,Alphaflexiviridae,Potexvirus,Potexvirus babaci,+ssRNA,12176,Potexvirus
Vasconcellea cundinamarcensis,Riboviria,Orthornavirae,Kitrinoviricota,Alsuviricetes,Tymovirales,Alphaflexiviridae,Potexvirus,Potexvirus babaci,+ssRNA,12176,Potexvirus
Chenopodium amaranticolor,Riboviria,Orthornavirae,Kitrinoviricota,Alsuviricetes,Tymovirales,Alphaflexiviridae,Potexvirus,Potexvirus babaci,+ssRNA,12176,Potexvirus
Senna occidentalis,Riboviria,Orthornavirae,Kitrinoviricota,Alsuviricetes,Tymovirales,Alphaflexiviridae,Potexvirus,Potexvirus babaci,+ssRNA,12176,Potexvirus
Vasconcellea x heilbornii,Riboviria,Orthornavirae,Kitrinoviricota,Alsuviricetes,Tymovirales,Alphaflexiviridae,Potexvirus,Potexvirus babaci,+ssRNA,12176,Potexvirus
Hordeum vulgare,Riboviria,Orthornavirae,Kitrinoviricota,Alsuviricetes,Tymovirales,Alphaflexiviridae,Potexvirus,Potexvirus bambusae,+ssRNA,12176,Potexvirus
Bambusa oldhamii,Riboviria,Orthornavirae,Kitrinoviricota,Alsuviricetes,Tymovirales,Alphaflexiviridae,Potexvirus,Potexvirus bambusae,+ssRNA,12176,Potexvirus
Selenicereus undatus,Riboviria,Orthornavirae,Kitrinoviricota,Alsuviricetes,Tymovirales,Alphaflexiviridae,Potexvirus,Potexvirus ecscacti,+ssRNA,12176,Potexvirus
Manihot esculenta,Riboviria,Orthornavirae,Kitrinoviricota,Alsuviricetes,Tymovirales,Alphaflexiviridae,Potexvirus,Potexvirus colombiense,+ssRNA,12176,Potexvirus
Nicotiana benthamiana,Riboviria,Orthornavirae,Kitrinoviricota,Alsuviricetes,Tymovirales,Alphaflexiviridae,Potexvirus,Potexvirus marmormanihotis,+ssRNA,12176,Potexvirus
Citrus reticulata,Riboviria,Orthornavirae,Kitrinoviricota,Alsuviricetes,Tymovirales,Alphaflexiviridae,Potexvirus,Mandarivirus,+ssRNA,12176,Potexvirus
Citrus x limon,Riboviria,Orthornavirae,Kitrinoviricota,Alsuviricetes,Tymovirales,Alphaflexiviridae,Potexvirus,Mandarivirus,+ssRNA,12176,Potexvirus
Chenopodium album,Riboviria,Orthornavirae,Kitrinoviricota,Alsuviricetes,Tymovirales,Alphaflexiviridae,Potexvirus,Potexvirus flavitrifolii,+ssRNA,12176,Potexvirus
Medicago sativa,Riboviria,Orthornavirae,Kitrinoviricota,Alsuviricetes,Tymovirales,Alphaflexiviridae,Potexvirus,Potexvirus flavitrifolii,+ssRNA,12176,Potexvirus
Lathyrus oleraceus,Riboviria,Orthornavirae,Kitrinoviricota,Alsuviricetes,Tymovirales,Alphaflexiviridae,Potexvirus,Potexvirus flavitrifolii,+ssRNA,12176,Potexvirus
Trifolium,Riboviria,Orthornavirae,Kitrinoviricota,Alsuviricetes,Tymovirales,Alphaflexiviridae,Potexvirus,Potexvirus flavitrifolii,+ssRNA,12176,Potexvirus
Vicia sativa,Riboviria,Orthornavirae,Kitrinoviricota,Alsuviricetes,Tymovirales,Alphaflexiviridae,Potexvirus,Potexvirus flavitrifolii,+ssRNA,12176,Potexvirus
Stellaria media,Riboviria,Orthornavirae,Kitrinoviricota,Alsuviricetes,Tymovirales,Alphaflexiviridae,Potexvirus,Potexvirus flavitrifolii,+ssRNA,12176,Potexvirus
Malus pumila,Riboviria,Orthornavirae,Kitrinoviricota,Alsuviricetes,Tymovirales,Alphaflexiviridae,Potexvirus,Potexvirus flavitrifolii,+ssRNA,12176,Potexvirus
Conioselinum officinale,Riboviria,Orthornavirae,Kitrinoviricota,Alsuviricetes,Tymovirales,Alphaflexiviridae,Potexvirus,Potexvirus ecscnidii,+ssRNA,12176,Potexvirus
Cymbidium hybrid cultivar,Riboviria,Orthornavirae,Kitrinoviricota,Alsuviricetes,Tymovirales,Alphaflexiviridae,Potexvirus,Potexvirus cymbidii,+ssRNA,12176,Potexvirus
Phalaenopsis,Riboviria,Orthornavirae,Kitrinoviricota,Alsuviricetes,Tymovirales,Alphaflexiviridae,Potexvirus,Potexvirus cymbidii,+ssRNA,12176,Potexvirus
Vanda,Riboviria,Orthornavirae,Kitrinoviricota,Alsuviricetes,Tymovirales,Alphaflexiviridae,Potexvirus,Potexvirus cymbidii,+ssRNA,12176,Potexvirus
Epidendrum,Riboviria,Orthornavirae,Kitrinoviricota,Alsuviricetes,Tymovirales,Alphaflexiviridae,Potexvirus,Potexvirus cymbidii,+ssRNA,12176,Potexvirus
Cattleya,Riboviria,Orthornavirae,Kitrinoviricota,Alsuviricetes,Tymovirales,Alphaflexiviridae,Potexvirus,Potexvirus cymbidii,+ssRNA,12176,Potexvirus
Oncidium,Riboviria,Orthornavirae,Kitrinoviricota,Alsuviricetes,Tymovirales,Alphaflexiviridae,Potexvirus,Potexvirus cymbidii,+ssRNA,12176,Potexvirus
Zygopetalum,Riboviria,Orthornavirae,Kitrinoviricota,Alsuviricetes,Tymovirales,Alphaflexiviridae,Potexvirus,Potexvirus cymbidii,+ssRNA,12176,Potexvirus
Cymbidium aloifolium,Riboviria,Orthornavirae,Kitrinoviricota,Alsuviricetes,Tymovirales,Alphaflexiviridae,Potexvirus,Potexvirus cymbidii,+ssRNA,12176,Potexvirus
Phaius tancarvilleae,Riboviria,Orthornavirae,Kitrinoviricota,Alsuviricetes,Tymovirales,Alphaflexiviridae,Potexvirus,Potexvirus cymbidii,+ssRNA,12176,Potexvirus
Laelia,Riboviria,Orthornavirae,Kitrinoviricota,Alsuviricetes,Tymovirales,Alphaflexiviridae,Potexvirus,Potexvirus cymbidii,+ssRNA,12176,Potexvirus
Coelogyne imbricata,Riboviria,Orthornavirae,Kitrinoviricota,Alsuviricetes,Tymovirales,Alphaflexiviridae,Potexvirus,Potexvirus cymbidii,+ssRNA,12176,Potexvirus
Cymbidium iridioides,Riboviria,Orthornavirae,Kitrinoviricota,Alsuviricetes,Tymovirales,Alphaflexiviridae,Potexvirus,Potexvirus cymbidii,+ssRNA,12176,Potexvirus
Euonymus maackii,Riboviria,Orthornavirae,Kitrinoviricota,Alsuviricetes,Tymovirales,Alphaflexiviridae,Potexvirus,Potexvirus flavimaculae,+ssRNA,12176,Potexvirus
Setaria italica,Riboviria,Orthornavirae,Kitrinoviricota,Alsuviricetes,Tymovirales,Alphaflexiviridae,Potexvirus,Potexvirus setariae,+ssRNA,12176,Potexvirus
Setaria viridis,Riboviria,Orthornavirae,Kitrinoviricota,Alsuviricetes,Tymovirales,Alphaflexiviridae,Potexvirus,Potexvirus setariae,+ssRNA,12176,Potexvirus
Hosta,Riboviria,Orthornavirae,Kitrinoviricota,Alsuviricetes,Tymovirales,Alphaflexiviridae,Potexvirus,Potexvirus ecshostae,+ssRNA,12176,Potexvirus
Hosta minor,Riboviria,Orthornavirae,Kitrinoviricota,Alsuviricetes,Tymovirales,Alphaflexiviridae,Potexvirus,Potexvirus ecshostae,+ssRNA,12176,Potexvirus
Hydrangea,Riboviria,Orthornavirae,Kitrinoviricota,Alsuviricetes,Tymovirales,Alphaflexiviridae,Potexvirus,Potexvirus hydrangeae,+ssRNA,12176,Potexvirus
Citrus,Riboviria,Orthornavirae,Kitrinoviricota,Alsuviricetes,Tymovirales,Alphaflexiviridae,Potexvirus,Mandarivirus,+ssRNA,12176,Potexvirus
Lactuca sativa,Riboviria,Orthornavirae,Kitrinoviricota,Alsuviricetes,Tymovirales,Alphaflexiviridae,Potexvirus,Potexvirus ecslactucae,+ssRNA,12176,Potexvirus
Lilium formosanum,Riboviria,Orthornavirae,Kitrinoviricota,Alsuviricetes,Tymovirales,Alphaflexiviridae,Potexvirus,Potexvirus ecslilii,+ssRNA,12176,Potexvirus
Malva neglecta,Riboviria,Orthornavirae,Kitrinoviricota,Alsuviricetes,Tymovirales,Alphaflexiviridae,Potexvirus,Potexvirus malvae,+ssRNA,12176,Potexvirus
Mentha x gracilis,Riboviria,Orthornavirae,Kitrinoviricota,Alsuviricetes,Tymovirales,Alphaflexiviridae,Potexvirus,Potexvirus ecsmenthae,+ssRNA,12176,Potexvirus
Nandina,Riboviria,Orthornavirae,Kitrinoviricota,Alsuviricetes,Tymovirales,Alphaflexiviridae,Potexvirus,Potexvirus marmorplantagonis,+ssRNA,12176,Potexvirus
Narcissus pseudonarcissus,Riboviria,Orthornavirae,Kitrinoviricota,Alsuviricetes,Tymovirales,Alphaflexiviridae,Potexvirus,Potexvirus narcissi,+ssRNA,12176,Potexvirus
Agapanthus campanulatus,Riboviria,Orthornavirae,Kitrinoviricota,Alsuviricetes,Tymovirales,Alphaflexiviridae,Potexvirus,Potexvirus ecsnerinis,+ssRNA,12176,Potexvirus
Nerine sarniensis,Riboviria,Orthornavirae,Kitrinoviricota,Alsuviricetes,Tymovirales,Alphaflexiviridae,Potexvirus,Potexvirus ecsnerinis,+ssRNA,12176,Potexvirus
Opuntia,Riboviria,Orthornavirae,Kitrinoviricota,Alsuviricetes,Tymovirales,Alphaflexiviridae,Potexvirus,Potexvirus ecsopuntiae,+ssRNA,12176,Potexvirus
Ullucus tuberosus,Riboviria,Orthornavirae,Kitrinoviricota,Alsuviricetes,Tymovirales,Alphaflexiviridae,Potexvirus,Potexvirus papayae,+ssRNA,12176,Potexvirus
Solanum lycopersicum,Riboviria,Orthornavirae,Kitrinoviricota,Alsuviricetes,Tymovirales,Alphaflexiviridae,Potexvirus,Potexvirus pepini,+ssRNA,12176,Potexvirus
Nicotiana clevelandii,Riboviria,Orthornavirae,Kitrinoviricota,Alsuviricetes,Tymovirales,Alphaflexiviridae,Potexvirus,Potexvirus pepini,+ssRNA,12176,Potexvirus
Solanum muricatum,Riboviria,Orthornavirae,Kitrinoviricota,Alsuviricetes,Tymovirales,Alphaflexiviridae,Potexvirus,Potexvirus pepini,+ssRNA,12176,Potexvirus
Gomphrena globosa,Riboviria,Orthornavirae,Kitrinoviricota,Alsuviricetes,Tymovirales,Alphaflexiviridae,Potexvirus,Potexvirus pepini,+ssRNA,12176,Potexvirus
Calanthe flava,Riboviria,Orthornavirae,Kitrinoviricota,Alsuviricetes,Tymovirales,Alphaflexiviridae,Potexvirus,Potexvirus ecsphaii,+ssRNA,12176,Potexvirus
Selenicereus sp.,Riboviria,Orthornavirae,Kitrinoviricota,Alsuviricetes,Tymovirales,Alphaflexiviridae,Potexvirus,Potexvirus ecspitayae,+ssRNA,12176,Potexvirus
Plantago asiatica,Riboviria,Orthornavirae,Kitrinoviricota,Alsuviricetes,Tymovirales,Alphaflexiviridae,Potexvirus,Potexvirus marmorplantagonis,+ssRNA,12176,Potexvirus
Ribes nigrum,Riboviria,Orthornavirae,Kitrinoviricota,Alsuviricetes,Tymovirales,Alphaflexiviridae,Potexvirus,Potexvirus ecsplantagonis,+ssRNA,12176,Potexvirus
Solanum tuberosum,Riboviria,Orthornavirae,Kitrinoviricota,Alsuviricetes,Tymovirales,Alphaflexiviridae,Potexvirus,Potexvirus marmoraucuba,+ssRNA,12176,Potexvirus
Brassica rapa,Riboviria,Orthornavirae,Kitrinoviricota,Alsuviricetes,Tymovirales,Alphaflexiviridae,Potexvirus,Potexvirus ecspotati,+ssRNA,12176,Potexvirus
Phlox stolonifera,Riboviria,Orthornavirae,Kitrinoviricota,Alsuviricetes,Tymovirales,Alphaflexiviridae,Potexvirus,,+ssRNA,12176,Potexvirus
Allium,Riboviria,Orthornavirae,Kitrinoviricota,Alsuviricetes,Tymovirales,Alphaflexiviridae,Potexvirus,,+ssRNA,12176,Potexvirus
Aizoaceae,Riboviria,Orthornavirae,Kitrinoviricota,Alsuviricetes,Tymovirales,Alphaflexiviridae,Potexvirus,,+ssRNA,12176,Potexvirus
Amaranthaceae,Riboviria,Orthornavirae,Kitrinoviricota,Alsuviricetes,Tymovirales,Alphaflexiviridae,Potexvirus,,+ssRNA,12176,Potexvirus
Malvaceae,Riboviria,Orthornavirae,Kitrinoviricota,Alsuviricetes,Tymovirales,Alphaflexiviridae,Potexvirus,,+ssRNA,12176,Potexvirus
Cucurbitaceae,Riboviria,Orthornavirae,Kitrinoviricota,Alsuviricetes,Tymovirales,Alphaflexiviridae,Potexvirus,,+ssRNA,12176,Potexvirus
Fabaceae,Riboviria,Orthornavirae,Kitrinoviricota,Alsuviricetes,Tymovirales,Alphaflexiviridae,Potexvirus,,+ssRNA,12176,Potexvirus
Solanaceae,Riboviria,Orthornavirae,Kitrinoviricota,Alsuviricetes,Tymovirales,Alphaflexiviridae,Potexvirus,,+ssRNA,12176,Potexvirus
Pedaliaceae,Riboviria,Orthornavirae,Kitrinoviricota,Alsuviricetes,Tymovirales,Alphaflexiviridae,Potexvirus,,+ssRNA,12176,Potexvirus
Asteraceae,Riboviria,Orthornavirae,Kitrinoviricota,Alsuviricetes,Tymovirales,Alphaflexiviridae,Potexvirus,,+ssRNA,12176,Potexvirus
Poaceae,Riboviria,Orthornavirae,Kitrinoviricota,Alsuviricetes,Tymovirales,Alphaflexiviridae,Potexvirus,,+ssRNA,12176,Potexvirus
Alstroemeria,Riboviria,Orthornavirae,Kitrinoviricota,Alsuviricetes,Tymovirales,Alphaflexiviridae,Potexvirus,,+ssRNA,12176,Potexvirus
Ambrosia psilostachya,Riboviria,Orthornavirae,Kitrinoviricota,Alsuviricetes,Tymovirales,Alphaflexiviridae,Potexvirus,,+ssRNA,12176,Potexvirus
Opuntia ficus-indica,Riboviria,Orthornavirae,Kitrinoviricota,Alsuviricetes,Tymovirales,Alphaflexiviridae,Potexvirus,unclassified Potexvirus,+ssRNA,12176,Potexvirus
Schlumbergera,Riboviria,Orthornavirae,Kitrinoviricota,Alsuviricetes,Tymovirales,Alphaflexiviridae,Potexvirus,Potexvirus ecschlumbergerae,+ssRNA,12176,Potexvirus
Fragaria vesca,Riboviria,Orthornavirae,Kitrinoviricota,Alsuviricetes,Tymovirales,Alphaflexiviridae,Potexvirus,Potexvirus fragariae,+ssRNA,12176,Potexvirus
Rubus rosifolius,Riboviria,Orthornavirae,Kitrinoviricota,Alsuviricetes,Tymovirales,Alphaflexiviridae,Potexvirus,Potexvirus fragariae,+ssRNA,12176,Potexvirus
Dioscorea communis,Riboviria,Orthornavirae,Kitrinoviricota,Alsuviricetes,Tymovirales,Alphaflexiviridae,Potexvirus,Potexvirus marmordioscoreae,+ssRNA,12176,Potexvirus
Tulipa gesneriana,Riboviria,Orthornavirae,Kitrinoviricota,Alsuviricetes,Tymovirales,Alphaflexiviridae,Potexvirus,Potexvirus ecstulipae,+ssRNA,12176,Potexvirus
Thalassia testudinum,Riboviria,Orthornavirae,Kitrinoviricota,Alsuviricetes,Tymovirales,Alphaflexiviridae,Potexvirus,Potexvirus ecsthalassiae,+ssRNA,12176,Potexvirus
Vanilla planifolia,Riboviria,Orthornavirae,Kitrinoviricota,Alsuviricetes,Tymovirales,Alphaflexiviridae,Potexvirus,Potexvirus ecsvanillae,+ssRNA,12176,Potexvirus
Dioscorea trifida,Riboviria,Orthornavirae,Kitrinoviricota,Alsuviricetes,Tymovirales,Alphaflexiviridae,Potexvirus,Potexvirus ecsdioscoreae,+ssRNA,12176,Potexvirus
Capsicum,Riboviria,Orthornavirae,Kitrinoviricota,Alsuviricetes,Martellivirales,Virgaviridae,Tobamovirus,Tobamovirus maculacapsici,+ssRNA,12234,Tobamovirus
Nicotiana benthamiana,Riboviria,Orthornavirae,Kitrinoviricota,Alsuviricetes,Martellivirales,Virgaviridae,Tobamovirus,Tobamovirus maculacapsici,+ssRNA,12234,Tobamovirus
Nicotiana glutinosa,Riboviria,Orthornavirae,Kitrinoviricota,Alsuviricetes,Martellivirales,Virgaviridae,Tobamovirus,Tobamovirus maculacapsici,+ssRNA,12234,Tobamovirus
Solanum virginianum,Riboviria,Orthornavirae,Kitrinoviricota,Alsuviricetes,Martellivirales,Virgaviridae,Tobamovirus,Tobamovirus maculacapsici,+ssRNA,12234,Tobamovirus
Brugmansia,Riboviria,Orthornavirae,Kitrinoviricota,Alsuviricetes,Martellivirales,Virgaviridae,Tobamovirus,Tobamovirus brugmansiae,+ssRNA,12234,Tobamovirus
Brugmansia sp.,Riboviria,Orthornavirae,Kitrinoviricota,Alsuviricetes,Martellivirales,Virgaviridae,Tobamovirus,Tobamovirus brugmansiae,+ssRNA,12234,Tobamovirus
Gymnocalycium mihanovichii,Riboviria,Orthornavirae,Kitrinoviricota,Alsuviricetes,Martellivirales,Virgaviridae,Tobamovirus,Tobamovirus cacti,+ssRNA,12234,Tobamovirus
Clitoria ternatea,Riboviria,Orthornavirae,Kitrinoviricota,Alsuviricetes,Martellivirales,Virgaviridae,Tobamovirus,Tobamovirus clitoriae,+ssRNA,12234,Tobamovirus
Cucumis sativus,Riboviria,Orthornavirae,Kitrinoviricota,Alsuviricetes,Martellivirales,Virgaviridae,Tobamovirus,Tobamovirus maculafructi,+ssRNA,12234,Tobamovirus
Cucumis sativus var. sativus,Riboviria,Orthornavirae,Kitrinoviricota,Alsuviricetes,Martellivirales,Virgaviridae,Tobamovirus,Tobamovirus maculafructi,+ssRNA,12234,Tobamovirus
Citrullus,Riboviria,Orthornavirae,Kitrinoviricota,Alsuviricetes,Martellivirales,Virgaviridae,Tobamovirus,Tobamovirus viridimaculae,+ssRNA,12234,Tobamovirus
Lagenaria siceraria,Riboviria,Orthornavirae,Kitrinoviricota,Alsuviricetes,Martellivirales,Virgaviridae,Tobamovirus,Tobamovirus viridimaculae,+ssRNA,12234,Tobamovirus
Cucumis melo,Riboviria,Orthornavirae,Kitrinoviricota,Alsuviricetes,Martellivirales,Virgaviridae,Tobamovirus,Tobamovirus cucumeris,+ssRNA,12234,Tobamovirus
Plumeria rubra,Riboviria,Orthornavirae,Kitrinoviricota,Alsuviricetes,Martellivirales,Virgaviridae,Tobamovirus,Tobamovirus frangipani,+ssRNA,12234,Tobamovirus
Hibiscus,Riboviria,Orthornavirae,Kitrinoviricota,Alsuviricetes,Martellivirales,Virgaviridae,Tobamovirus,Tobamovirus fortpiercense,+ssRNA,12234,Tobamovirus
Hoya wayetii,Riboviria,Orthornavirae,Kitrinoviricota,Alsuviricetes,Martellivirales,Virgaviridae,Tobamovirus,unclassified Tobamovirus,+ssRNA,12234,Tobamovirus
Citrullus lanatus,Riboviria,Orthornavirae,Kitrinoviricota,Alsuviricetes,Martellivirales,Virgaviridae,Tobamovirus,Tobamovirus kyuri,+ssRNA,12234,Tobamovirus
Cucurbita maxima,Riboviria,Orthornavirae,Kitrinoviricota,Alsuviricetes,Martellivirales,Virgaviridae,Tobamovirus,Tobamovirus kyuri,+ssRNA,12234,Tobamovirus
Cucurbita moschata,Riboviria,Orthornavirae,Kitrinoviricota,Alsuviricetes,Martellivirales,Virgaviridae,Tobamovirus,Tobamovirus kyuri,+ssRNA,12234,Tobamovirus
Cucurbita pepo,Riboviria,Orthornavirae,Kitrinoviricota,Alsuviricetes,Martellivirales,Virgaviridae,Tobamovirus,Tobamovirus kyuri,+ssRNA,12234,Tobamovirus
Luffa aegyptiaca,Riboviria,Orthornavirae,Kitrinoviricota,Alsuviricetes,Martellivirales,Virgaviridae,Tobamovirus,Tobamovirus kyuri,+ssRNA,12234,Tobamovirus
Datura stramonium,Riboviria,Orthornavirae,Kitrinoviricota,Alsuviricetes,Martellivirales,Virgaviridae,Tobamovirus,Tobamovirus kyuri,+ssRNA,12234,Tobamovirus
Passiflora edulis,Riboviria,Orthornavirae,Kitrinoviricota,Alsuviricetes,Martellivirales,Virgaviridae,Tobamovirus,Tobamovirus maracujae,+ssRNA,12234,Tobamovirus
Nicotiana tabacum,Riboviria,Orthornavirae,Kitrinoviricota,Alsuviricetes,Martellivirales,Virgaviridae,Tobamovirus,Tobamovirus obudae,+ssRNA,12234,Tobamovirus
Solanum nigrum,Riboviria,Orthornavirae,Kitrinoviricota,Alsuviricetes,Martellivirales,Virgaviridae,Tobamovirus,Tobamovirus obudae,+ssRNA,12234,Tobamovirus
Cymbidium,Riboviria,Orthornavirae,Kitrinoviricota,Alsuviricetes,Martellivirales,Virgaviridae,Tobamovirus,Tobamovirus odontoglossi,+ssRNA,12234,Tobamovirus
Oncidium,Riboviria,Orthornavirae,Kitrinoviricota,Alsuviricetes,Martellivirales,Virgaviridae,Tobamovirus,Tobamovirus odontoglossi,+ssRNA,12234,Tobamovirus
Opuntia ficus-indica,Riboviria,Orthornavirae,Kitrinoviricota,Alsuviricetes,Martellivirales,Virgaviridae,Tobamovirus,unclassified Tobamovirus,+ssRNA,12234,Tobamovirus
Capsicum annuum,Riboviria,Orthornavirae,Kitrinoviricota,Alsuviricetes,Martellivirales,Virgaviridae,Tobamovirus,Tobamovirus paprikae,+ssRNA,12234,Tobamovirus
Passiflora incarnata,Riboviria,Orthornavirae,Kitrinoviricota,Alsuviricetes,Martellivirales,Virgaviridae,Tobamovirus,Tobamovirus passiflorae,+ssRNA,12234,Tobamovirus
Vicia faba,Riboviria,Orthornavirae,Kitrinoviricota,Alsuviricetes,Martellivirales,Virgaviridae,Tobamovirus,Tobamovirus capsici,+ssRNA,12234,Tobamovirus
Disocactus flagelliformis,Riboviria,Orthornavirae,Kitrinoviricota,Alsuviricetes,Martellivirales,Virgaviridae,Tobamovirus,Tobamovirus muricaudae,+ssRNA,12234,Tobamovirus
Rehmannia glutinosa,Riboviria,Orthornavirae,Kitrinoviricota,Alsuviricetes,Martellivirales,Virgaviridae,Tobamovirus,Tobamovirus rehmanniae,+ssRNA,12234,Tobamovirus
Plantago major,Riboviria,Orthornavirae,Kitrinoviricota,Alsuviricetes,Martellivirales,Virgaviridae,Tobamovirus,Tobamovirus plantagonis,+ssRNA,12234,Tobamovirus
Plantago lanceolata,Riboviria,Orthornavirae,Kitrinoviricota,Alsuviricetes,Martellivirales,Virgaviridae,Tobamovirus,Tobamovirus plantagonis,+ssRNA,12234,Tobamovirus
Digitalis lanata,Riboviria,Orthornavirae,Kitrinoviricota,Alsuviricetes,Martellivirales,Virgaviridae,Tobamovirus,Tobamovirus plantagonis,+ssRNA,12234,Tobamovirus
Silene latifolia subsp. alba,Riboviria,Orthornavirae,Kitrinoviricota,Alsuviricetes,Martellivirales,Virgaviridae,Tobamovirus,Tobamovirus plantagonis,+ssRNA,12234,Tobamovirus
Rorippa amphibia,Riboviria,Orthornavirae,Kitrinoviricota,Alsuviricetes,Martellivirales,Virgaviridae,Tobamovirus,Tobamovirus plantagonis,+ssRNA,12234,Tobamovirus
Rorippa sylvestris,Riboviria,Orthornavirae,Kitrinoviricota,Alsuviricetes,Martellivirales,Virgaviridae,Tobamovirus,Tobamovirus plantagonis,+ssRNA,12234,Tobamovirus
Eutrema japonicum,Riboviria,Orthornavirae,Kitrinoviricota,Alsuviricetes,Martellivirales,Virgaviridae,Tobamovirus,Tobamovirus plantagonis,+ssRNA,12234,Tobamovirus
Sisymbrium loeselii,Riboviria,Orthornavirae,Kitrinoviricota,Alsuviricetes,Martellivirales,Virgaviridae,Tobamovirus,Tobamovirus plantagonis,+ssRNA,12234,Tobamovirus
Nicotiana rustica,Riboviria,Orthornavirae,Kitrinoviricota,Alsuviricetes,Martellivirales,Virgaviridae,Tobamovirus,Tobamovirus streptocarpi,+ssRNA,12234,Tobamovirus
Petunia x hybrida,Riboviria,Orthornavirae,Kitrinoviricota,Alsuviricetes,Martellivirales,Virgaviridae,Tobamovirus,Tobamovirus streptocarpi,+ssRNA,12234,Tobamovirus
Streptocarpus,Riboviria,Orthornavirae,Kitrinoviricota,Alsuviricetes,Martellivirales,Virgaviridae,Tobamovirus,Tobamovirus streptocarpi,+ssRNA,12234,Tobamovirus
Chenopodium quinoa,Riboviria,Orthornavirae,Kitrinoviricota,Alsuviricetes,Martellivirales,Virgaviridae,Tobamovirus,Tobamovirus streptocarpi,+ssRNA,12234,Tobamovirus
Nicotiana clevelandii,Riboviria,Orthornavirae,Kitrinoviricota,Alsuviricetes,Martellivirales,Virgaviridae,Tobamovirus,Tobamovirus streptocarpi,+ssRNA,12234,Tobamovirus
Nicotiana occidentalis,Riboviria,Orthornavirae,Kitrinoviricota,Alsuviricetes,Martellivirales,Virgaviridae,Tobamovirus,Tobamovirus streptocarpi,+ssRNA,12234,Tobamovirus
Crotalaria juncea,Riboviria,Orthornavirae,Kitrinoviricota,Alsuviricetes,Martellivirales,Virgaviridae,Tobamovirus,Tobamovirus crotalariae,+ssRNA,12234,Tobamovirus
Phaseolus vulgaris,Riboviria,Orthornavirae,Kitrinoviricota,Alsuviricetes,Martellivirales,Virgaviridae,Tobamovirus,Tobamovirus crotalariae,+ssRNA,12234,Tobamovirus
Vigna unguiculata,Riboviria,Orthornavirae,Kitrinoviricota,Alsuviricetes,Martellivirales,Virgaviridae,Tobamovirus,Tobamovirus crotalariae,+ssRNA,12234,Tobamovirus
Lablab purpureus,Riboviria,Orthornavirae,Kitrinoviricota,Alsuviricetes,Martellivirales,Virgaviridae,Tobamovirus,Tobamovirus crotalariae,+ssRNA,12234,Tobamovirus
Mucuna,Riboviria,Orthornavirae,Kitrinoviricota,Alsuviricetes,Martellivirales,Virgaviridae,Tobamovirus,Tobamovirus crotalariae,+ssRNA,12234,Tobamovirus
Nicotiana glauca,Riboviria,Orthornavirae,Kitrinoviricota,Alsuviricetes,Martellivirales,Virgaviridae,Tobamovirus,Tobamovirus mititessellati,+ssRNA,12234,Tobamovirus
Eryngium planum,Riboviria,Orthornavirae,Kitrinoviricota,Alsuviricetes,Martellivirales,Virgaviridae,Tobamovirus,Tobamovirus mititessellati,+ssRNA,12234,Tobamovirus
Solanum lycopersicum,Riboviria,Orthornavirae,Kitrinoviricota,Alsuviricetes,Martellivirales,Virgaviridae,Tobamovirus,Tobamovirus fructirugosum,+ssRNA,12234,Tobamovirus
Petunia,Riboviria,Orthornavirae,Kitrinoviricota,Alsuviricetes,Martellivirales,Virgaviridae,Tobamovirus,Tobamovirus tomatotessellati,+ssRNA,12234,Tobamovirus
Antirrhinum majus,Riboviria,Orthornavirae,Kitrinoviricota,Alsuviricetes,Martellivirales,Virgaviridae,Tobamovirus,Tobamovirus tomatotessellati,+ssRNA,12234,Tobamovirus
Tagetes,Riboviria,Orthornavirae,Kitrinoviricota,Alsuviricetes,Martellivirales,Virgaviridae,Tobamovirus,Tobamovirus tomatotessellati,+ssRNA,12234,Tobamovirus
Delphinium,Riboviria,Orthornavirae,Kitrinoviricota,Alsuviricetes,Martellivirales,Virgaviridae,Tobamovirus,Tobamovirus tomatotessellati,+ssRNA,12234,Tobamovirus
Solanum viarum,Riboviria,Orthornavirae,Kitrinoviricota,Alsuviricetes,Martellivirales,Virgaviridae,Tobamovirus,Tobamovirus tropici,+ssRNA,12234,Tobamovirus
Brassicaceae,Riboviria,Orthornavirae,Kitrinoviricota,Alsuviricetes,Martellivirales,Virgaviridae,Tobamovirus,Tobamovirus rapae,+ssRNA,12234,Tobamovirus
Brassica rapa,Riboviria,Orthornavirae,Kitrinoviricota,Alsuviricetes,Martellivirales,Virgaviridae,Tobamovirus,Tobamovirus rapae,+ssRNA,12234,Tobamovirus
Anthocercis littorea,Riboviria,Orthornavirae,Kitrinoviricota,Alsuviricetes,Martellivirales,Virgaviridae,Tobamovirus,Tobamovirus anthocercis,+ssRNA,12234,Tobamovirus
Brassica juncea,Riboviria,Orthornavirae,Kitrinoviricota,Alsuviricetes,Martellivirales,Virgaviridae,Tobamovirus,Tobamovirus youcai,+ssRNA,12234,Tobamovirus
Brassica napus,Riboviria,Orthornavirae,Kitrinoviricota,Alsuviricetes,Martellivirales,Virgaviridae,Tobamovirus,Tobamovirus youcai,+ssRNA,12234,Tobamovirus
Cucurbita pepo subsp. pepo,Riboviria,Orthornavirae,Kitrinoviricota,Alsuviricetes,Martellivirales,Virgaviridae,Tobamovirus,Tobamovirus cucurbitae,+ssRNA,12234,Tobamovirus
Gomphrena globosa,Riboviria,Orthornavirae,Kitrinoviricota,Alsuviricetes,Martellivirales,Virgaviridae,Tobamovirus,Tobamovirus cucurbitae,+ssRNA,12234,Tobamovirus
Solanum tuberosum,Riboviria,Orthornavirae,Pisuviricota,Pisoniviricetes,Picornavirales,Secoviridae,Comovirinae,Comovirus,,12258,Comovirus
Arabidopsis thaliana,Riboviria,Orthornavirae,Pisuviricota,Pisoniviricetes,Picornavirales,Secoviridae,Comovirinae,Comovirus,,12258,Comovirus
Glycine max,Riboviria,Orthornavirae,Pisuviricota,Pisoniviricetes,Picornavirales,Secoviridae,Comovirinae,Comovirus,,12258,Comovirus
Desmodium,Riboviria,Orthornavirae,Pisuviricota,Pisoniviricetes,Picornavirales,Secoviridae,Comovirinae,Comovirus,,12258,Comovirus
Lespedeza,Riboviria,Orthornavirae,Pisuviricota,Pisoniviricetes,Picornavirales,Secoviridae,Comovirinae,Comovirus,,12258,Comovirus
Trifolium incarnatum,Riboviria,Orthornavirae,Pisuviricota,Pisoniviricetes,Picornavirales,Secoviridae,Comovirinae,Comovirus,,12258,Comovirus
Mucuna pruriens,Riboviria,Orthornavirae,Pisuviricota,Pisoniviricetes,Picornavirales,Secoviridae,Comovirinae,Comovirus,,12258,Comovirus
Phomopsis sp.,Riboviria,Orthornavirae,Pisuviricota,Pisoniviricetes,Picornavirales,Secoviridae,Comovirinae,Comovirus,,12258,Comovirus
Vicia faba,Riboviria,Orthornavirae,Pisuviricota,Pisoniviricetes,Picornavirales,Secoviridae,Comovirinae,Comovirus,,12258,Comovirus
Cajanus cajan,Riboviria,Orthornavirae,Pisuviricota,Pisoniviricetes,Picornavirales,Secoviridae,Comovirinae,Comovirus,,12258,Comovirus
Crotalaria juncea,Riboviria,Orthornavirae,Pisuviricota,Pisoniviricetes,Picornavirales,Secoviridae,Comovirinae,Comovirus,,12258,Comovirus
Vigna unguiculata,Riboviria,Orthornavirae,Pisuviricota,Pisoniviricetes,Picornavirales,Secoviridae,Comovirinae,Comovirus,,12258,Comovirus
Capsicum frutescens,Riboviria,Orthornavirae,Pisuviricota,Pisoniviricetes,Picornavirales,Secoviridae,Comovirinae,Comovirus,,12258,Comovirus
Brassicaceae,Riboviria,Orthornavirae,Pisuviricota,Pisoniviricetes,Picornavirales,Secoviridae,Comovirinae,Comovirus,,12258,Comovirus
Raphanus sativus,Riboviria,Orthornavirae,Pisuviricota,Pisoniviricetes,Picornavirales,Secoviridae,Comovirinae,Comovirus,,12258,Comovirus
Lathyrus oleraceus,Riboviria,Orthornavirae,Pisuviricota,Pisoniviricetes,Picornavirales,Secoviridae,Comovirinae,Comovirus,,12258,Comovirus
Trifolium pratense,Riboviria,Orthornavirae,Pisuviricota,Pisoniviricetes,Picornavirales,Secoviridae,Comovirinae,Comovirus,,12258,Comovirus
Citrullus lanatus,Riboviria,Orthornavirae,Pisuviricota,Pisoniviricetes,Picornavirales,Secoviridae,Comovirinae,Comovirus,,12258,Comovirus
Cucurbita,Riboviria,Orthornavirae,Pisuviricota,Pisoniviricetes,Picornavirales,Secoviridae,Comovirinae,Comovirus,,12258,Comovirus
Brassica oleracea var. botrytis,Riboviria,Orthornavirae,Pisuviricota,Pisoniviricetes,Picornavirales,Secoviridae,Comovirinae,Comovirus,,12258,Comovirus
Brassica rapa subsp. rapa,Riboviria,Orthornavirae,Pisuviricota,Pisoniviricetes,Picornavirales,Secoviridae,Comovirinae,Comovirus,,12258,Comovirus
Cicer arietinum,Riboviria,Orthornavirae,Kitrinoviricota,Alsuviricetes,Martellivirales,Bromoviridae,Bromovirus,Bromovirus BBMV,+ssRNA,12300,Bromovirus
Lathyrus odoratus,Riboviria,Orthornavirae,Kitrinoviricota,Alsuviricetes,Martellivirales,Bromoviridae,Bromovirus,Bromovirus BBMV,+ssRNA,12300,Bromovirus
Phaseolus vulgaris,Riboviria,Orthornavirae,Kitrinoviricota,Alsuviricetes,Martellivirales,Bromoviridae,Bromovirus,Bromovirus BBMV,+ssRNA,12300,Bromovirus
Lathyrus oleraceus,Riboviria,Orthornavirae,Kitrinoviricota,Alsuviricetes,Martellivirales,Bromoviridae,Bromovirus,Bromovirus BBMV,+ssRNA,12300,Bromovirus
Vicia faba,Riboviria,Orthornavirae,Kitrinoviricota,Alsuviricetes,Martellivirales,Bromoviridae,Bromovirus,Bromovirus BBMV,+ssRNA,12300,Bromovirus
Nicotiana tabacum,Riboviria,Orthornavirae,Kitrinoviricota,Alsuviricetes,Martellivirales,Bromoviridae,Bromovirus,Bromovirus BBMV,+ssRNA,12300,Bromovirus
Nicotiana benthamiana,Riboviria,Orthornavirae,Kitrinoviricota,Alsuviricetes,Martellivirales,Bromoviridae,Bromovirus,Bromovirus BBMV,+ssRNA,12300,Bromovirus
Nicotiana glutinosa,Riboviria,Orthornavirae,Kitrinoviricota,Alsuviricetes,Martellivirales,Bromoviridae,Bromovirus,Bromovirus BBMV,+ssRNA,12300,Bromovirus
Melilotus albus,Riboviria,Orthornavirae,Kitrinoviricota,Alsuviricetes,Martellivirales,Bromoviridae,Bromovirus,Bromovirus BBMV,+ssRNA,12300,Bromovirus
Chenopodium quinoa,Riboviria,Orthornavirae,Kitrinoviricota,Alsuviricetes,Martellivirales,Bromoviridae,Bromovirus,Bromovirus BBMV,+ssRNA,12300,Bromovirus
Nicotiana clevelandii,Riboviria,Orthornavirae,Kitrinoviricota,Alsuviricetes,Martellivirales,Bromoviridae,Bromovirus,Bromovirus BBMV,+ssRNA,12300,Bromovirus
Gomphrena globosa,Riboviria,Orthornavirae,Kitrinoviricota,Alsuviricetes,Martellivirales,Bromoviridae,Bromovirus,Bromovirus BBMV,+ssRNA,12300,Bromovirus
Bromus inermis,Riboviria,Orthornavirae,Kitrinoviricota,Alsuviricetes,Martellivirales,Bromoviridae,Bromovirus,Bromovirus BMV,+ssRNA,12300,Bromovirus
Arabidopsis thaliana,Riboviria,Orthornavirae,Kitrinoviricota,Alsuviricetes,Martellivirales,Bromoviridae,Bromovirus,Bromovirus CYBV,+ssRNA,12300,Bromovirus
Vigna unguiculata,Riboviria,Orthornavirae,Kitrinoviricota,Alsuviricetes,Martellivirales,Bromoviridae,Bromovirus,Bromovirus CYBV,+ssRNA,12300,Bromovirus
Cassia,Riboviria,Orthornavirae,Kitrinoviricota,Alsuviricetes,Martellivirales,Bromoviridae,Bromovirus,Bromovirus CYBV,+ssRNA,12300,Bromovirus
Senna sophera,Riboviria,Orthornavirae,Kitrinoviricota,Alsuviricetes,Martellivirales,Bromoviridae,Bromovirus,Bromovirus CYBV,+ssRNA,12300,Bromovirus
Glycine max,Riboviria,Orthornavirae,Kitrinoviricota,Alsuviricetes,Martellivirales,Bromoviridae,Bromovirus,Bromovirus CCMV,+ssRNA,12300,Bromovirus
Silene latifolia subsp. alba,Riboviria,Orthornavirae,Kitrinoviricota,Alsuviricetes,Martellivirales,Bromoviridae,Bromovirus,Bromovirus MYFV,+ssRNA,12300,Bromovirus
Sambucus nigra,Riboviria,Orthornavirae,Kitrinoviricota,Alsuviricetes,Martellivirales,Bromoviridae,Bromovirus,Bromovirus SVS,+ssRNA,12300,Bromovirus
Claytonia virginica,Riboviria,Orthornavirae,Kitrinoviricota,Alsuviricetes,Martellivirales,Bromoviridae,Bromovirus,Bromovirus SBLV,+ssRNA,12300,Bromovirus
Aeromonas hydrophila,Duplodnaviria,Heunggongvirae,Uroviricota,Caudoviricetes,Autographivirales,Autotranscriptaviridae,Studiervirinae,Teseptimavirus,dsDNA,110456,Teseptimavirus
Cedecea davisae,Duplodnaviria,Heunggongvirae,Uroviricota,Caudoviricetes,Autographivirales,Autotranscriptaviridae,Studiervirinae,Teseptimavirus,dsDNA,110456,Teseptimavirus
Edwardsiella ictaluri,Duplodnaviria,Heunggongvirae,Uroviricota,Caudoviricetes,Autographivirales,Autotranscriptaviridae,Studiervirinae,Teseptimavirus,dsDNA,110456,Teseptimavirus
Escherichia coli BL21,Duplodnaviria,Heunggongvirae,Uroviricota,Caudoviricetes,Autographivirales,Autotranscriptaviridae,Studiervirinae,Teseptimavirus,dsDNA,110456,Teseptimavirus
Escherichia coli str. K-12 substr. MG1655,Duplodnaviria,Heunggongvirae,Uroviricota,Caudoviricetes,Autographivirales,Autotranscriptaviridae,Studiervirinae,Teseptimavirus,dsDNA,110456,Teseptimavirus
Escherichia coli NC101,Duplodnaviria,Heunggongvirae,Uroviricota,Caudoviricetes,Autographivirales,Autotranscriptaviridae,Studiervirinae,Teseptimavirus,dsDNA,110456,Teseptimavirus
Salmonella enterica subsp. enterica serovar Typhi,Duplodnaviria,Heunggongvirae,Uroviricota,Caudoviricetes,Autographivirales,Autotranscriptaviridae,Studiervirinae,Teseptimavirus,dsDNA,110456,Teseptimavirus
Salmonella enterica subsp. enterica serovar Gallinarum,Duplodnaviria,Heunggongvirae,Uroviricota,Caudoviricetes,Autographivirales,Autotranscriptaviridae,Studiervirinae,Teseptimavirus,dsDNA,110456,Teseptimavirus
Shigella sp.,Duplodnaviria,Heunggongvirae,Uroviricota,Caudoviricetes,Autographivirales,Autotranscriptaviridae,Studiervirinae,Teseptimavirus,dsDNA,110456,Teseptimavirus
Yersinia pestis A1122,Duplodnaviria,Heunggongvirae,Uroviricota,Caudoviricetes,Autographivirales,Autotranscriptaviridae,Studiervirinae,Teseptimavirus,dsDNA,110456,Teseptimavirus
Halobacterium salinarum,Duplodnaviria,Heunggongvirae,Uroviricota,Caudoviricetes,Caudoviricetes incertae sedis,Vertoviridae,Myohalovirus,Myohalovirus spontanei,dsDNA,169682,Myohalovirus
Halobacterium salinarum R1,Duplodnaviria,Heunggongvirae,Uroviricota,Caudoviricetes,Caudoviricetes incertae sedis,Vertoviridae,Myohalovirus,Myohalovirus spontanei,dsDNA,169682,Myohalovirus
Natrialba magadii,Duplodnaviria,Heunggongvirae,Uroviricota,Caudoviricetes,Caudoviricetes incertae sedis,Vertoviridae,Myohalovirus,Myohalovirus alkaliphilum,dsDNA,169682,Myohalovirus
Natrialba magadii ATCC 43099,Duplodnaviria,Heunggongvirae,Uroviricota,Caudoviricetes,Caudoviricetes incertae sedis,Vertoviridae,Myohalovirus,Myohalovirus alkaliphilum,dsDNA,169682,Myohalovirus
Anatidae,Duplodnaviria,Heunggongvirae,Peploviricota,Herviviricetes,Herpesvirales,Orthoherpesviridae,Alphaherpesvirinae,Mardivirus,dsDNA,180252,Mardivirus
Columba livia,Duplodnaviria,Heunggongvirae,Peploviricota,Herviviricetes,Herpesvirales,Orthoherpesviridae,Alphaherpesvirinae,Mardivirus,dsDNA,180252,Mardivirus
Falco mexicanus,Duplodnaviria,Heunggongvirae,Peploviricota,Herviviricetes,Herpesvirales,Orthoherpesviridae,Alphaherpesvirinae,Mardivirus,dsDNA,180252,Mardivirus
Meleagris gallopavo,Duplodnaviria,Heunggongvirae,Peploviricota,Herviviricetes,Herpesvirales,Orthoherpesviridae,Alphaherpesvirinae,Mardivirus,dsDNA,180252,Mardivirus
Spheniscus humboldti,Duplodnaviria,Heunggongvirae,Peploviricota,Herviviricetes,Herpesvirales,Orthoherpesviridae,Alphaherpesvirinae,Mardivirus,dsDNA,180252,Mardivirus
Spheniscus demersus,Duplodnaviria,Heunggongvirae,Peploviricota,Herviviricetes,Herpesvirales,Orthoherpesviridae,Alphaherpesvirinae,Mardivirus,dsDNA,180252,Mardivirus
Coturnix japonica,Duplodnaviria,Heunggongvirae,Peploviricota,Herviviricetes,Herpesvirales,Orthoherpesviridae,Alphaherpesvirinae,Mardivirus,dsDNA,180252,Mardivirus
Lactococcus cremoris,Duplodnaviria,Heunggongvirae,Uroviricota,Caudoviricetes,Caudoviricetes incertae sedis,Ceduovirus,unclassified Ceduovirus,,dsDNA,186532,Ceduovirus
Lactococcus lactis,Duplodnaviria,Heunggongvirae,Uroviricota,Caudoviricetes,Caudoviricetes incertae sedis,Ceduovirus,unclassified Ceduovirus,,dsDNA,186532,Ceduovirus
Lactococcus lactis,Duplodnaviria,Heunggongvirae,Uroviricota,Caudoviricetes,Caudoviricetes incertae sedis,Ceduovirus,Ceduovirus cv05802,,dsDNA,186532,Ceduovirus
Lactococcus lactis,Duplodnaviria,Heunggongvirae,Uroviricota,Caudoviricetes,Caudoviricetes incertae sedis,Ceduovirus,Ceduovirus cv20R03M,,dsDNA,186532,Ceduovirus
Lactococcus lactis,Duplodnaviria,Heunggongvirae,Uroviricota,Caudoviricetes,Caudoviricetes incertae sedis,Ceduovirus,Ceduovirus cv37203,,dsDNA,186532,Ceduovirus
Lactococcus lactis,Duplodnaviria,Heunggongvirae,Uroviricota,Caudoviricetes,Caudoviricetes incertae sedis,Ceduovirus,Ceduovirus cv50102,,dsDNA,186532,Ceduovirus
Lactococcus lactis,Duplodnaviria,Heunggongvirae,Uroviricota,Caudoviricetes,Caudoviricetes incertae sedis,Ceduovirus,Ceduovirus cv50504,,dsDNA,186532,Ceduovirus
Lactococcus cremoris,Duplodnaviria,Heunggongvirae,Uroviricota,Caudoviricetes,Caudoviricetes incertae sedis,Ceduovirus,Ceduovirus cv5171F,,dsDNA,186532,Ceduovirus
Lactococcus lactis,Duplodnaviria,Heunggongvirae,Uroviricota,Caudoviricetes,Caudoviricetes incertae sedis,Ceduovirus,Ceduovirus cv62402,,dsDNA,186532,Ceduovirus
Lactococcus lactis,Duplodnaviria,Heunggongvirae,Uroviricota,Caudoviricetes,Caudoviricetes incertae sedis,Ceduovirus,Ceduovirus cv62403,,dsDNA,186532,Ceduovirus
Lactococcus lactis,Duplodnaviria,Heunggongvirae,Uroviricota,Caudoviricetes,Caudoviricetes incertae sedis,Ceduovirus,Ceduovirus cv62606,,dsDNA,186532,Ceduovirus
Lactococcus,Duplodnaviria,Heunggongvirae,Uroviricota,Caudoviricetes,Caudoviricetes incertae sedis,Ceduovirus,Ceduovirus bIL67,,dsDNA,186532,Ceduovirus
Lactococcus lactis,Duplodnaviria,Heunggongvirae,Uroviricota,Caudoviricetes,Caudoviricetes incertae sedis,Ceduovirus,Ceduovirus bIL67,,dsDNA,186532,Ceduovirus
Lactococcus,Duplodnaviria,Heunggongvirae,Uroviricota,Caudoviricetes,Caudoviricetes incertae sedis,Ceduovirus,Ceduovirus c2,,dsDNA,186532,Ceduovirus
Lactococcus lactis,Duplodnaviria,Heunggongvirae,Uroviricota,Caudoviricetes,Caudoviricetes incertae sedis,Ceduovirus,Ceduovirus CHPC1020,,dsDNA,186532,Ceduovirus
Lactococcus lactis,Duplodnaviria,Heunggongvirae,Uroviricota,Caudoviricetes,Caudoviricetes incertae sedis,Ceduovirus,Ceduovirus CHPC116,,dsDNA,186532,Ceduovirus
Lactococcus lactis,Duplodnaviria,Heunggongvirae,Uroviricota,Caudoviricetes,Caudoviricetes incertae sedis,Ceduovirus,Ceduovirus LacS15,,dsDNA,186532,Ceduovirus
Lactococcus lactis,Duplodnaviria,Heunggongvirae,Uroviricota,Caudoviricetes,Caudoviricetes incertae sedis,Ceduovirus,Ceduovirus CHPC1170,,dsDNA,186532,Ceduovirus
Lactococcus lactis,Duplodnaviria,Heunggongvirae,Uroviricota,Caudoviricetes,Caudoviricetes incertae sedis,Ceduovirus,Ceduovirus CHPC1182,,dsDNA,186532,Ceduovirus
Lactococcus cremoris,Duplodnaviria,Heunggongvirae,Uroviricota,Caudoviricetes,Caudoviricetes incertae sedis,Ceduovirus,Ceduovirus CHPC1183,,dsDNA,186532,Ceduovirus
Lactococcus lactis,Duplodnaviria,Heunggongvirae,Uroviricota,Caudoviricetes,Caudoviricetes incertae sedis,Ceduovirus,Ceduovirus CHPC122,,dsDNA,186532,Ceduovirus
Lactococcus lactis,Duplodnaviria,Heunggongvirae,Uroviricota,Caudoviricetes,Caudoviricetes incertae sedis,Ceduovirus,Ceduovirus CHPC1242,,dsDNA,186532,Ceduovirus
Lactococcus lactis,Duplodnaviria,Heunggongvirae,Uroviricota,Caudoviricetes,Caudoviricetes incertae sedis,Ceduovirus,Ceduovirus PCS1,,dsDNA,186532,Ceduovirus
Lactococcus lactis,Duplodnaviria,Heunggongvirae,Uroviricota,Caudoviricetes,Caudoviricetes incertae sedis,Ceduovirus,Ceduovirus CHPC966,,dsDNA,186532,Ceduovirus
Lactococcus lactis,Duplodnaviria,Heunggongvirae,Uroviricota,Caudoviricetes,Caudoviricetes incertae sedis,Ceduovirus,Ceduovirus CHPC967,,dsDNA,186532,Ceduovirus
Lactococcus lactis,Duplodnaviria,Heunggongvirae,Uroviricota,Caudoviricetes,Caudoviricetes incertae sedis,Ceduovirus,Ceduovirus CHPC972,,dsDNA,186532,Ceduovirus
Lactococcus lactis,Duplodnaviria,Heunggongvirae,Uroviricota,Caudoviricetes,Caudoviricetes incertae sedis,Ceduovirus,Ceduovirus D4410,,dsDNA,186532,Ceduovirus
Lactococcus lactis,Duplodnaviria,Heunggongvirae,Uroviricota,Caudoviricetes,Caudoviricetes incertae sedis,Ceduovirus,Ceduovirus D4412,,dsDNA,186532,Ceduovirus
Lactococcus lactis,Duplodnaviria,Heunggongvirae,Uroviricota,Caudoviricetes,Caudoviricetes incertae sedis,Ceduovirus,Ceduovirus M5938,,dsDNA,186532,Ceduovirus
Lactococcus lactis,Duplodnaviria,Heunggongvirae,Uroviricota,Caudoviricetes,Caudoviricetes incertae sedis,Ceduovirus,Ceduovirus PCB1,,dsDNA,186532,Ceduovirus
Lactococcus cremoris,Duplodnaviria,Heunggongvirae,Uroviricota,Caudoviricetes,Caudoviricetes incertae sedis,Ceduovirus,Ceduovirus LacS15,,dsDNA,186532,Ceduovirus
Lactococcus,Duplodnaviria,Heunggongvirae,Uroviricota,Caudoviricetes,Caudoviricetes incertae sedis,Ceduovirus,Ceduovirus bIBBL12,,dsDNA,186532,Ceduovirus
Lactococcus,Duplodnaviria,Heunggongvirae,Uroviricota,Caudoviricetes,Caudoviricetes incertae sedis,Ceduovirus,Ceduovirus bIBB14,,dsDNA,186532,Ceduovirus
Lactococcus lactis,Duplodnaviria,Heunggongvirae,Uroviricota,Caudoviricetes,Caudoviricetes incertae sedis,Ceduovirus,Ceduovirus blBB94p4,,dsDNA,186532,Ceduovirus
Lactococcus lactis,Duplodnaviria,Heunggongvirae,Uroviricota,Caudoviricetes,Caudoviricetes incertae sedis,Ceduovirus,Ceduovirus bIBBA3,,dsDNA,186532,Ceduovirus
Lactococcus,Duplodnaviria,Heunggongvirae,Uroviricota,Caudoviricetes,Caudoviricetes incertae sedis,Ceduovirus,Ceduovirus bIBBAm4,,dsDNA,186532,Ceduovirus
Lactococcus lactis,Duplodnaviria,Heunggongvirae,Uroviricota,Caudoviricetes,Caudoviricetes incertae sedis,Ceduovirus,Ceduovirus bIBBE1,,dsDNA,186532,Ceduovirus
Lactococcus,Duplodnaviria,Heunggongvirae,Uroviricota,Caudoviricetes,Caudoviricetes incertae sedis,Ceduovirus,Ceduovirus bIBBA3,,dsDNA,186532,Ceduovirus
Lactococcus lactis,Duplodnaviria,Heunggongvirae,Uroviricota,Caudoviricetes,Caudoviricetes incertae sedis,Ceduovirus,Ceduovirus bIBBp64,,dsDNA,186532,Ceduovirus
Mycobacterium,Duplodnaviria,Heunggongvirae,Uroviricota,Caudoviricetes,Caudoviricetes incertae sedis,Fromanvirus,,,dsDNA,186764,Fromanvirus
Mycobacterium,Duplodnaviria,Heunggongvirae,Uroviricota,Caudoviricetes,Caudoviricetes incertae sedis,Fromanvirus,unclassified Fromanvirus,,dsDNA,186764,Fromanvirus
Mycolicibacterium smegmatis MC2 155,Duplodnaviria,Heunggongvirae,Uroviricota,Caudoviricetes,Caudoviricetes incertae sedis,Fromanvirus,unclassified Fromanvirus,,dsDNA,186764,Fromanvirus
Mycolicibacterium smegmatis,Duplodnaviria,Heunggongvirae,Uroviricota,Caudoviricetes,Caudoviricetes incertae sedis,Fromanvirus,unclassified Fromanvirus,,dsDNA,186764,Fromanvirus
Mycolicibacterium smegmatis MC2 155,Duplodnaviria,Heunggongvirae,Uroviricota,Caudoviricetes,Caudoviricetes incertae sedis,Fromanvirus,Fromanvirus nepal,,dsDNA,186764,Fromanvirus
Mycolicibacterium smegmatis MC2 155,Duplodnaviria,Heunggongvirae,Uroviricota,Caudoviricetes,Caudoviricetes incertae sedis,Fromanvirus,Fromanvirus alma,,dsDNA,186764,Fromanvirus
Mycolicibacterium smegmatis MC2 155,Duplodnaviria,Heunggongvirae,Uroviricota,Caudoviricetes,Caudoviricetes incertae sedis,Fromanvirus,Fromanvirus astro,,dsDNA,186764,Fromanvirus
Mycobacterium,Duplodnaviria,Heunggongvirae,Uroviricota,Caudoviricetes,Caudoviricetes incertae sedis,Fromanvirus,Fromanvirus bethlehem,,dsDNA,186764,Fromanvirus
Mycolicibacterium smegmatis MC2 155,Duplodnaviria,Heunggongvirae,Uroviricota,Caudoviricetes,Caudoviricetes incertae sedis,Fromanvirus,Fromanvirus bethlehem,,dsDNA,186764,Fromanvirus
Mycolicibacterium smegmatis MC2 155,Duplodnaviria,Heunggongvirae,Uroviricota,Caudoviricetes,Caudoviricetes incertae sedis,Fromanvirus,Fromanvirus billknuckles,,dsDNA,186764,Fromanvirus
Mycolicibacterium smegmatis MC2 155,Duplodnaviria,Heunggongvirae,Uroviricota,Caudoviricetes,Caudoviricetes incertae sedis,Fromanvirus,Fromanvirus bpbiebs31,,dsDNA,186764,Fromanvirus
Mycolicibacterium smegmatis MC2 155,Duplodnaviria,Heunggongvirae,Uroviricota,Caudoviricetes,Caudoviricetes incertae sedis,Fromanvirus,Fromanvirus bruns,,dsDNA,186764,Fromanvirus
Mycobacterium,Duplodnaviria,Heunggongvirae,Uroviricota,Caudoviricetes,Caudoviricetes incertae sedis,Fromanvirus,Fromanvirus museum,,dsDNA,186764,Fromanvirus
Mycobacterium,Duplodnaviria,Heunggongvirae,Uroviricota,Caudoviricetes,Caudoviricetes incertae sedis,Fromanvirus,Fromanvirus Bxb1,,dsDNA,186764,Fromanvirus
Mycolicibacterium smegmatis MC2 155,Duplodnaviria,Heunggongvirae,Uroviricota,Caudoviricetes,Caudoviricetes incertae sedis,Fromanvirus,Fromanvirus Bxb1,,dsDNA,186764,Fromanvirus
Mycolicibacterium smegmatis MC2 155,Duplodnaviria,Heunggongvirae,Uroviricota,Caudoviricetes,Caudoviricetes incertae sedis,Fromanvirus,Fromanvirus packman,,dsDNA,186764,Fromanvirus
Mycobacterium,Duplodnaviria,Heunggongvirae,Uroviricota,Caudoviricetes,Caudoviricetes incertae sedis,Fromanvirus,Fromanvirus Che12,,dsDNA,186764,Fromanvirus
Mycobacterium tuberculosis,Duplodnaviria,Heunggongvirae,Uroviricota,Caudoviricetes,Caudoviricetes incertae sedis,Fromanvirus,Fromanvirus Che12,,dsDNA,186764,Fromanvirus
Mycolicibacterium smegmatis MC2 155,Duplodnaviria,Heunggongvirae,Uroviricota,Caudoviricetes,Caudoviricetes incertae sedis,Fromanvirus,Fromanvirus Che12,,dsDNA,186764,Fromanvirus
Mycobacterium,Duplodnaviria,Heunggongvirae,Uroviricota,Caudoviricetes,Caudoviricetes incertae sedis,Fromanvirus,Fromanvirus goose,,dsDNA,186764,Fromanvirus
Mycobacterium,Duplodnaviria,Heunggongvirae,Uroviricota,Caudoviricetes,Caudoviricetes incertae sedis,Fromanvirus,Fromanvirus D29,,dsDNA,186764,Fromanvirus
Mycobacterium tuberculosis,Duplodnaviria,Heunggongvirae,Uroviricota,Caudoviricetes,Caudoviricetes incertae sedis,Fromanvirus,Fromanvirus D29,,dsDNA,186764,Fromanvirus
Mycobacterium tuberculosis,Duplodnaviria,Heunggongvirae,Uroviricota,Caudoviricetes,Caudoviricetes incertae sedis,Fromanvirus,unclassified Fromanvirus,,dsDNA,186764,Fromanvirus
Mycolicibacterium smegmatis MC2 155,Duplodnaviria,Heunggongvirae,Uroviricota,Caudoviricetes,Caudoviricetes incertae sedis,Fromanvirus,Fromanvirus D29,,dsDNA,186764,Fromanvirus
Mycobacterium sp.,Duplodnaviria,Heunggongvirae,Uroviricota,Caudoviricetes,Caudoviricetes incertae sedis,Fromanvirus,Fromanvirus lockley,,dsDNA,186764,Fromanvirus
Mycolicibacterium smegmatis MC2 155,Duplodnaviria,Heunggongvirae,Uroviricota,Caudoviricetes,Caudoviricetes incertae sedis,Fromanvirus,Fromanvirus lockley,,dsDNA,186764,Fromanvirus
Mycolicibacterium smegmatis MC2 155,Duplodnaviria,Heunggongvirae,Uroviricota,Caudoviricetes,Caudoviricetes incertae sedis,Fromanvirus,Fromanvirus doom,,dsDNA,186764,Fromanvirus
Mycolicibacterium smegmatis MC2 155,Duplodnaviria,Heunggongvirae,Uroviricota,Caudoviricetes,Caudoviricetes incertae sedis,Fromanvirus,Fromanvirus jasper,,dsDNA,186764,Fromanvirus
Mycolicibacterium smegmatis MC2 155,Duplodnaviria,Heunggongvirae,Uroviricota,Caudoviricetes,Caudoviricetes incertae sedis,Fromanvirus,Fromanvirus euphoria,,dsDNA,186764,Fromanvirus
Mycolicibacterium smegmatis MC2 155,Duplodnaviria,Heunggongvirae,Uroviricota,Caudoviricetes,Caudoviricetes incertae sedis,Fromanvirus,Fromanvirus george,,dsDNA,186764,Fromanvirus
Mycolicibacterium smegmatis MC2 155,Duplodnaviria,Heunggongvirae,Uroviricota,Caudoviricetes,Caudoviricetes incertae sedis,Fromanvirus,Fromanvirus goose,,dsDNA,186764,Fromanvirus
Mycolicibacterium aichiense,Duplodnaviria,Heunggongvirae,Uroviricota,Caudoviricetes,Caudoviricetes incertae sedis,Fromanvirus,unclassified Fromanvirus,,dsDNA,186764,Fromanvirus
Mycobacterium sp.,Duplodnaviria,Heunggongvirae,Uroviricota,Caudoviricetes,Caudoviricetes incertae sedis,Fromanvirus,Fromanvirus jasper,,dsDNA,186764,Fromanvirus
Mycolicibacterium smegmatis MC2 155,Duplodnaviria,Heunggongvirae,Uroviricota,Caudoviricetes,Caudoviricetes incertae sedis,Fromanvirus,Fromanvirus JC27,,dsDNA,186764,Fromanvirus
Mycobacterium sp.,Duplodnaviria,Heunggongvirae,Uroviricota,Caudoviricetes,Caudoviricetes incertae sedis,Fromanvirus,Fromanvirus KBG,,dsDNA,186764,Fromanvirus
Mycolicibacterium smegmatis MC2 155,Duplodnaviria,Heunggongvirae,Uroviricota,Caudoviricetes,Caudoviricetes incertae sedis,Fromanvirus,Fromanvirus KBG,,dsDNA,186764,Fromanvirus
Mycolicibacterium smegmatis MC2 155,Duplodnaviria,Heunggongvirae,Uroviricota,Caudoviricetes,Caudoviricetes incertae sedis,Fromanvirus,Fromanvirus rebeuca,,dsDNA,186764,Fromanvirus
Mycolicibacterium smegmatis MC2 155,Duplodnaviria,Heunggongvirae,Uroviricota,Caudoviricetes,Caudoviricetes incertae sedis,Fromanvirus,Fromanvirus kssjeb,,dsDNA,186764,Fromanvirus
Mycolicibacterium smegmatis MC2 155,Duplodnaviria,Heunggongvirae,Uroviricota,Caudoviricetes,Caudoviricetes incertae sedis,Fromanvirus,Fromanvirus kugel,,dsDNA,186764,Fromanvirus
Mycolicibacterium smegmatis MC2 155,Duplodnaviria,Heunggongvirae,Uroviricota,Caudoviricetes,Caudoviricetes incertae sedis,Fromanvirus,Fromanvirus lesedi,,dsDNA,186764,Fromanvirus
Mycolicibacterium smegmatis MC2 155,Duplodnaviria,Heunggongvirae,Uroviricota,Caudoviricetes,Caudoviricetes incertae sedis,Fromanvirus,Fromanvirus marcell,,dsDNA,186764,Fromanvirus
Mycolicibacterium smegmatis MC2 155,Duplodnaviria,Heunggongvirae,Uroviricota,Caudoviricetes,Caudoviricetes incertae sedis,Fromanvirus,Fromanvirus mrgordo,,dsDNA,186764,Fromanvirus
Mycolicibacterium smegmatis MC2 155,Duplodnaviria,Heunggongvirae,Uroviricota,Caudoviricetes,Caudoviricetes incertae sedis,Fromanvirus,Fromanvirus museum,,dsDNA,186764,Fromanvirus
Mycolicibacterium smegmatis MC2 155,Duplodnaviria,Heunggongvirae,Uroviricota,Caudoviricetes,Caudoviricetes incertae sedis,Fromanvirus,Fromanvirus perseus,,dsDNA,186764,Fromanvirus
Mycobacterium,Duplodnaviria,Heunggongvirae,Uroviricota,Caudoviricetes,Caudoviricetes incertae sedis,Fromanvirus,Fromanvirus redrock,,dsDNA,186764,Fromanvirus
Mycolicibacterium smegmatis MC2 155,Duplodnaviria,Heunggongvirae,Uroviricota,Caudoviricetes,Caudoviricetes incertae sedis,Fromanvirus,Fromanvirus redrock,,dsDNA,186764,Fromanvirus
Mycolicibacterium smegmatis MC2 155,Duplodnaviria,Heunggongvirae,Uroviricota,Caudoviricetes,Caudoviricetes incertae sedis,Fromanvirus,Fromanvirus ridgecb,,dsDNA,186764,Fromanvirus
Mycolicibacterium smegmatis MC2 155,Duplodnaviria,Heunggongvirae,Uroviricota,Caudoviricetes,Caudoviricetes incertae sedis,Fromanvirus,Fromanvirus saintus,,dsDNA,186764,Fromanvirus
Mycolicibacterium smegmatis MC2 155,Duplodnaviria,Heunggongvirae,Uroviricota,Caudoviricetes,Caudoviricetes incertae sedis,Fromanvirus,Fromanvirus skipole,,dsDNA,186764,Fromanvirus
Mycobacterium sp.,Duplodnaviria,Heunggongvirae,Uroviricota,Caudoviricetes,Caudoviricetes incertae sedis,Fromanvirus,Fromanvirus solon,,dsDNA,186764,Fromanvirus
Mycolicibacterium smegmatis MC2 155,Duplodnaviria,Heunggongvirae,Uroviricota,Caudoviricetes,Caudoviricetes incertae sedis,Fromanvirus,Fromanvirus solon,,dsDNA,186764,Fromanvirus
Mycolicibacterium smegmatis MC2 155,Duplodnaviria,Heunggongvirae,Uroviricota,Caudoviricetes,Caudoviricetes incertae sedis,Fromanvirus,Fromanvirus switzer,,dsDNA,186764,Fromanvirus
Mycolicibacterium smegmatis MC2 155,Duplodnaviria,Heunggongvirae,Uroviricota,Caudoviricetes,Caudoviricetes incertae sedis,Fromanvirus,Fromanvirus SWU1,,dsDNA,186764,Fromanvirus
Mycolicibacterium smegmatis MC2 155,Duplodnaviria,Heunggongvirae,Uroviricota,Caudoviricetes,Caudoviricetes incertae sedis,Fromanvirus,Fromanvirus trixie,,dsDNA,186764,Fromanvirus
Mycolicibacterium smegmatis MC2 155,Duplodnaviria,Heunggongvirae,Uroviricota,Caudoviricetes,Caudoviricetes incertae sedis,Fromanvirus,Fromanvirus twister,,dsDNA,186764,Fromanvirus
Mycobacterium sp.,Duplodnaviria,Heunggongvirae,Uroviricota,Caudoviricetes,Caudoviricetes incertae sedis,Fromanvirus,Fromanvirus U2,,dsDNA,186764,Fromanvirus
Mycolicibacterium smegmatis MC2 155,Duplodnaviria,Heunggongvirae,Uroviricota,Caudoviricetes,Caudoviricetes incertae sedis,Fromanvirus,Fromanvirus U2,,dsDNA,186764,Fromanvirus
Mycolicibacterium smegmatis MC2 155,Duplodnaviria,Heunggongvirae,Uroviricota,Caudoviricetes,Caudoviricetes incertae sedis,Fromanvirus,Fromanvirus violet,,dsDNA,186764,Fromanvirus
Mycobacterium,Duplodnaviria,Heunggongvirae,Uroviricota,Caudoviricetes,Caudoviricetes incertae sedis,Fromanvirus,Fromanvirus twister,,dsDNA,186764,Fromanvirus
Chlorocebus aethiops,Riboviria,Orthornavirae,Pisuviricota,Pisoniviricetes,Picornavirales,Picornaviridae,Kodimesavirinae,Kobuvirus,,194960,Kobuvirus
Homo sapiens,Riboviria,Orthornavirae,Pisuviricota,Pisoniviricetes,Picornavirales,Picornaviridae,Kodimesavirinae,Kobuvirus,,194960,Kobuvirus
Peromyscus crinitus,Riboviria,Orthornavirae,Pisuviricota,Pisoniviricetes,Picornavirales,Picornaviridae,Kodimesavirinae,Kobuvirus,,194960,Kobuvirus
Felis catus,Riboviria,Orthornavirae,Pisuviricota,Pisoniviricetes,Picornavirales,Picornaviridae,Kodimesavirinae,Kobuvirus,,194960,Kobuvirus
Capra sp.,Riboviria,Orthornavirae,Pisuviricota,Pisoniviricetes,Picornavirales,Picornaviridae,Kodimesavirinae,Kobuvirus,,194960,Kobuvirus
Capra hircus,Riboviria,Orthornavirae,Pisuviricota,Pisoniviricetes,Picornavirales,Picornaviridae,Kodimesavirinae,Kobuvirus,,194960,Kobuvirus
Bos taurus,Riboviria,Orthornavirae,Pisuviricota,Pisoniviricetes,Picornavirales,Picornaviridae,Kodimesavirinae,Kobuvirus,,194960,Kobuvirus
Sus scrofa,Riboviria,Orthornavirae,Pisuviricota,Pisoniviricetes,Picornavirales,Picornaviridae,Kodimesavirinae,Kobuvirus,,194960,Kobuvirus
Sus scrofa domesticus,Riboviria,Orthornavirae,Pisuviricota,Pisoniviricetes,Picornavirales,Picornaviridae,Kodimesavirinae,Kobuvirus,,194960,Kobuvirus
Andrena haemorrhoa,Riboviria,Orthornavirae,Kitrinoviricota,Alsuviricetes,Tymovirales,Tymoviridae,Maculavirus,unclassified Maculavirus,+ssRNA,249185,Maculavirus
Bombyx mori,Riboviria,Orthornavirae,Kitrinoviricota,Alsuviricetes,Tymovirales,Tymoviridae,Maculavirus,unclassified Maculavirus,+ssRNA,249185,Maculavirus
Aedes albopictus,Riboviria,Orthornavirae,Kitrinoviricota,Alsuviricetes,Tymovirales,Tymoviridae,Maculavirus,unclassified Maculavirus,+ssRNA,249185,Maculavirus
Culex sp.,Riboviria,Orthornavirae,Kitrinoviricota,Alsuviricetes,Tymovirales,Tymoviridae,Maculavirus,unclassified Maculavirus,+ssRNA,249185,Maculavirus
Ficus carica,Riboviria,Orthornavirae,Kitrinoviricota,Alsuviricetes,Tymovirales,Tymoviridae,Maculavirus,unclassified Maculavirus,+ssRNA,249185,Maculavirus
Vitis vinifera,Riboviria,Orthornavirae,Kitrinoviricota,Alsuviricetes,Tymovirales,Tymoviridae,Maculavirus,Maculavirus vitis,+ssRNA,249185,Maculavirus
Homo sapiens,Riboviria,Orthornavirae,Pisuviricota,Stelpaviricetes,Stellavirales,Astroviridae,Mamastrovirus,Mamastrovirus melbournense,,249588,Mamastrovirus
Rattus norvegicus,Riboviria,Orthornavirae,Pisuviricota,Stelpaviricetes,Stellavirales,Astroviridae,Mamastrovirus,Mamastrovirus melbournense,,249588,Mamastrovirus
Sus scrofa,Riboviria,Orthornavirae,Pisuviricota,Stelpaviricetes,Stellavirales,Astroviridae,Mamastrovirus,unclassified Mamastrovirus,,249588,Mamastrovirus
Bos,Riboviria,Orthornavirae,Pisuviricota,Stelpaviricetes,Stellavirales,Astroviridae,Mamastrovirus,unclassified Mamastrovirus,,249588,Mamastrovirus
Bos taurus,Riboviria,Orthornavirae,Pisuviricota,Stelpaviricetes,Stellavirales,Astroviridae,Mamastrovirus,unclassified Mamastrovirus,,249588,Mamastrovirus
Canis lupus familiaris,Riboviria,Orthornavirae,Pisuviricota,Stelpaviricetes,Stellavirales,Astroviridae,Mamastrovirus,unclassified Mamastrovirus,,249588,Mamastrovirus
Camelus dromedarius,Riboviria,Orthornavirae,Pisuviricota,Stelpaviricetes,Stellavirales,Astroviridae,Mamastrovirus,unclassified Mamastrovirus,,249588,Mamastrovirus
Felis catus,Riboviria,Orthornavirae,Pisuviricota,Stelpaviricetes,Stellavirales,Astroviridae,Mamastrovirus,unclassified Mamastrovirus,,249588,Mamastrovirus
Neogale vison,Riboviria,Orthornavirae,Pisuviricota,Stelpaviricetes,Stellavirales,Astroviridae,Mamastrovirus,Mamastrovirus mustelae,,249588,Mamastrovirus
Ovis aries,Riboviria,Orthornavirae,Pisuviricota,Stelpaviricetes,Stellavirales,Astroviridae,Mamastrovirus,Mamastrovirus ovis,,249588,Mamastrovirus
root,Riboviria,Orthornavirae,Pisuviricota,Stelpaviricetes,Stellavirales,Astroviridae,Mamastrovirus,Mamastrovirus melbournense,,249588,Mamastrovirus
Marmota himalayana,Riboviria,Orthornavirae,Pisuviricota,Stelpaviricetes,Stellavirales,Astroviridae,Mamastrovirus,unclassified Mamastrovirus,,249588,Mamastrovirus
Oryctolagus cuniculus,Riboviria,Orthornavirae,Pisuviricota,Stelpaviricetes,Stellavirales,Astroviridae,Mamastrovirus,unclassified Mamastrovirus,,249588,Mamastrovirus
Bos grunniens,Riboviria,Orthornavirae,Pisuviricota,Stelpaviricetes,Stellavirales,Astroviridae,Mamastrovirus,unclassified Mamastrovirus,,249588,Mamastrovirus
Acanthamoeba castellanii,Varidnaviria,Bamfordvirae,Nucleocytoviricota,Megaviricetes,Imitervirales,Mimiviridae,Megamimivirinae,Mimivirus,,315393,Mimivirus
Acanthamoeba polyphaga,Varidnaviria,Bamfordvirae,Nucleocytoviricota,Megaviricetes,Imitervirales,Mimiviridae,Megamimivirinae,Mimivirus,,315393,Mimivirus
Pseudomonas aeruginosa,Duplodnaviria,Heunggongvirae,Uroviricota,Caudoviricetes,Autographivirales,Autoscriptoviridae,Krylovirinae,Phikmvvirus,dsDNA,477967,Phikmvvirus
Pseudomonas aeruginosa PAO1,Duplodnaviria,Heunggongvirae,Uroviricota,Caudoviricetes,Autographivirales,Autoscriptoviridae,Krylovirinae,Phikmvvirus,dsDNA,477967,Phikmvvirus
Pseudomonas aeruginosa PAK,Duplodnaviria,Heunggongvirae,Uroviricota,Caudoviricetes,Autographivirales,Autoscriptoviridae,Krylovirinae,Phikmvvirus,dsDNA,477967,Phikmvvirus
Pseudomonas sp.,Duplodnaviria,Heunggongvirae,Uroviricota,Caudoviricetes,Autographivirales,Autoscriptoviridae,Krylovirinae,Phikmvvirus,dsDNA,477967,Phikmvvirus
Pseudomonas aeruginosa PA14,Duplodnaviria,Heunggongvirae,Uroviricota,Caudoviricetes,Autographivirales,Autoscriptoviridae,Krylovirinae,Phikmvvirus,dsDNA,477967,Phikmvvirus
Bordetella bronchiseptica,Duplodnaviria,Heunggongvirae,Uroviricota,Caudoviricetes,Caudoviricetes incertae sedis,Rauchvirus,Rauchvirus BPP1,,dsDNA,542959,Rauchvirus
Enterobacter cloacae,Duplodnaviria,Heunggongvirae,Uroviricota,Caudoviricetes,Caudoviricetes incertae sedis,Uetakevirus,unclassified Uetakevirus,,dsDNA,542960,Uetakevirus
Enterobacter sp. CT7,Duplodnaviria,Heunggongvirae,Uroviricota,Caudoviricetes,Caudoviricetes incertae sedis,Uetakevirus,unclassified Uetakevirus,,dsDNA,542960,Uetakevirus
Escherichia coli O157:H7,Duplodnaviria,Heunggongvirae,Uroviricota,Caudoviricetes,Caudoviricetes incertae sedis,Uetakevirus,Uetakevirus phiV10,,dsDNA,542960,Uetakevirus
Escherichia coli O157:H7,Duplodnaviria,Heunggongvirae,Uroviricota,Caudoviricetes,Caudoviricetes incertae sedis,Uetakevirus,unclassified Uetakevirus,,dsDNA,542960,Uetakevirus
Escherichia,Duplodnaviria,Heunggongvirae,Uroviricota,Caudoviricetes,Caudoviricetes incertae sedis,Uetakevirus,unclassified Uetakevirus,,dsDNA,542960,Uetakevirus
Escherichia coli,Duplodnaviria,Heunggongvirae,Uroviricota,Caudoviricetes,Caudoviricetes incertae sedis,Uetakevirus,unclassified Uetakevirus,,dsDNA,542960,Uetakevirus
Escherichia coli,Duplodnaviria,Heunggongvirae,Uroviricota,Caudoviricetes,Caudoviricetes incertae sedis,Uetakevirus,Uetakevirus PAS61,,dsDNA,542960,Uetakevirus
Klebsiella pneumoniae,Duplodnaviria,Heunggongvirae,Uroviricota,Caudoviricetes,Caudoviricetes incertae sedis,Uetakevirus,unclassified Uetakevirus,,dsDNA,542960,Uetakevirus
Salmonella enterica subsp. enterica serovar Heidelberg,Duplodnaviria,Heunggongvirae,Uroviricota,Caudoviricetes,Caudoviricetes incertae sedis,Uetakevirus,unclassified Uetakevirus,,dsDNA,542960,Uetakevirus
Salmonella enterica,Duplodnaviria,Heunggongvirae,Uroviricota,Caudoviricetes,Caudoviricetes incertae sedis,Uetakevirus,Uetakevirus epsilon15,,dsDNA,542960,Uetakevirus
Salmonella enterica subsp. enterica serovar Anatum,Duplodnaviria,Heunggongvirae,Uroviricota,Caudoviricetes,Caudoviricetes incertae sedis,Uetakevirus,Uetakevirus epsilon15,,dsDNA,542960,Uetakevirus
Salmonella enterica subsp. enterica serovar Typhimurium,Duplodnaviria,Heunggongvirae,Uroviricota,Caudoviricetes,Caudoviricetes incertae sedis,Uetakevirus,Uetakevirus SPN1S,,dsDNA,542960,Uetakevirus
Salmonella enterica subsp. enterica,Duplodnaviria,Heunggongvirae,Uroviricota,Caudoviricetes,Caudoviricetes incertae sedis,Uetakevirus,unclassified Uetakevirus,,dsDNA,542960,Uetakevirus
Pseudomonas aeruginosa,Duplodnaviria,Heunggongvirae,Uroviricota,Caudoviricetes,Caudoviricetes incertae sedis,Bruynoghevirus,,,dsDNA,545932,Bruynoghevirus
Pseudomonas aeruginosa PAO1,Duplodnaviria,Heunggongvirae,Uroviricota,Caudoviricetes,Caudoviricetes incertae sedis,Bruynoghevirus,,,dsDNA,545932,Bruynoghevirus
Pseudomonas aeruginosa,Duplodnaviria,Heunggongvirae,Uroviricota,Caudoviricetes,Caudoviricetes incertae sedis,Bruynoghevirus,unclassified Bruynoghevirus,,dsDNA,545932,Bruynoghevirus
Pseudomonas aeruginosa PAO1,Duplodnaviria,Heunggongvirae,Uroviricota,Caudoviricetes,Caudoviricetes incertae sedis,Bruynoghevirus,unclassified Bruynoghevirus,,dsDNA,545932,Bruynoghevirus
Pseudomonas sp.,Duplodnaviria,Heunggongvirae,Uroviricota,Caudoviricetes,Caudoviricetes incertae sedis,Bruynoghevirus,Bruynoghevirus PaP3,,dsDNA,545932,Bruynoghevirus
Pseudomonas sp.,Duplodnaviria,Heunggongvirae,Uroviricota,Caudoviricetes,Caudoviricetes incertae sedis,Bruynoghevirus,unclassified Bruynoghevirus,,dsDNA,545932,Bruynoghevirus
Pseudomonas sp.,Duplodnaviria,Heunggongvirae,Uroviricota,Caudoviricetes,Caudoviricetes incertae sedis,Bruynoghevirus,Bruynoghevirus PAA2,,dsDNA,545932,Bruynoghevirus
Pseudomonas aeruginosa DSM 50071 = NBRC 12689,Duplodnaviria,Heunggongvirae,Uroviricota,Caudoviricetes,Caudoviricetes incertae sedis,Bruynoghevirus,unclassified Bruynoghevirus,,dsDNA,545932,Bruynoghevirus
Pseudomonas,Duplodnaviria,Heunggongvirae,Uroviricota,Caudoviricetes,Caudoviricetes incertae sedis,Bruynoghevirus,unclassified Bruynoghevirus,,dsDNA,545932,Bruynoghevirus
Pseudomonas aeruginosa PAO1,Duplodnaviria,Heunggongvirae,Uroviricota,Caudoviricetes,Caudoviricetes incertae sedis,Bruynoghevirus,Bruynoghevirus PaP3,,dsDNA,545932,Bruynoghevirus
Pseudomonas,Duplodnaviria,Heunggongvirae,Uroviricota,Caudoviricetes,Caudoviricetes incertae sedis,Bruynoghevirus,Bruynoghevirus PaP3,,dsDNA,545932,Bruynoghevirus
Pseudomonas aeruginosa,Duplodnaviria,Heunggongvirae,Uroviricota,Caudoviricetes,Caudoviricetes incertae sedis,Bruynoghevirus,Bruynoghevirus PaP4,,dsDNA,545932,Bruynoghevirus
Pseudomonas aeruginosa,Duplodnaviria,Heunggongvirae,Uroviricota,Caudoviricetes,Caudoviricetes incertae sedis,Bruynoghevirus,Bruynoghevirus CHU,,dsDNA,545932,Bruynoghevirus
Pseudomonas aeruginosa,Duplodnaviria,Heunggongvirae,Uroviricota,Caudoviricetes,Caudoviricetes incertae sedis,Bruynoghevirus,Bruynoghevirus PAA2,,dsDNA,545932,Bruynoghevirus
Pseudomonas aeruginosa,Duplodnaviria,Heunggongvirae,Uroviricota,Caudoviricetes,Caudoviricetes incertae sedis,Bruynoghevirus,Bruynoghevirus TL,,dsDNA,545932,Bruynoghevirus
Pseudomonas aeruginosa,Duplodnaviria,Heunggongvirae,Uroviricota,Caudoviricetes,Caudoviricetes incertae sedis,Bruynoghevirus,Bruynoghevirus Ab22,,dsDNA,545932,Bruynoghevirus
Pseudomonas aeruginosa,Duplodnaviria,Heunggongvirae,Uroviricota,Caudoviricetes,Caudoviricetes incertae sedis,Bruynoghevirus,Bruynoghevirus PaP3,,dsDNA,545932,Bruynoghevirus
Magallana gigas,Duplodnaviria,Heunggongvirae,Peploviricota,Herviviricetes,Herpesvirales,Malacoherpesviridae,Ostreavirus,Ostreavirus ostreidmalaco1,dsDNA,548686,Ostreavirus
Escherichia coli,Duplodnaviria,Heunggongvirae,Uroviricota,Caudoviricetes,Caudoviricetes incertae sedis,Mktvariviridae,Gordonclarkvirinae,Kuravirus,dsDNA,680277,Kuravirus
Escherichia coli ATCC 25922,Duplodnaviria,Heunggongvirae,Uroviricota,Caudoviricetes,Caudoviricetes incertae sedis,Mktvariviridae,Gordonclarkvirinae,Kuravirus,dsDNA,680277,Kuravirus
Escherichia coli CFT073,Duplodnaviria,Heunggongvirae,Uroviricota,Caudoviricetes,Caudoviricetes incertae sedis,Mktvariviridae,Gordonclarkvirinae,Kuravirus,dsDNA,680277,Kuravirus
Escherichia,Duplodnaviria,Heunggongvirae,Uroviricota,Caudoviricetes,Caudoviricetes incertae sedis,Mktvariviridae,Gordonclarkvirinae,Kuravirus,dsDNA,680277,Kuravirus
Escherichia coli NC101,Duplodnaviria,Heunggongvirae,Uroviricota,Caudoviricetes,Caudoviricetes incertae sedis,Mktvariviridae,Gordonclarkvirinae,Kuravirus,dsDNA,680277,Kuravirus
Shigella flexneri,Duplodnaviria,Heunggongvirae,Uroviricota,Caudoviricetes,Caudoviricetes incertae sedis,Mktvariviridae,Gordonclarkvirinae,Kuravirus,dsDNA,680277,Kuravirus
Aselliscus stoliczkanus,Monodnaviria,Shotokuvirae,Cossaviricota,Quintoviricetes,Piccovirales,Parvoviridae,Parvovirinae,Bocaparvovirus,,1507401,Bocaparvovirus
root,Monodnaviria,Shotokuvirae,Cossaviricota,Quintoviricetes,Piccovirales,Parvoviridae,Parvovirinae,Bocaparvovirus,,1507401,Bocaparvovirus
Miniopterus fuliginosus,Monodnaviria,Shotokuvirae,Cossaviricota,Quintoviricetes,Piccovirales,Parvoviridae,Parvovirinae,Bocaparvovirus,,1507401,Bocaparvovirus
Oryctolagus cuniculus,Monodnaviria,Shotokuvirae,Cossaviricota,Quintoviricetes,Piccovirales,Parvoviridae,Parvovirinae,Bocaparvovirus,,1507401,Bocaparvovirus
Gorilla gorilla,Monodnaviria,Shotokuvirae,Cossaviricota,Quintoviricetes,Piccovirales,Parvoviridae,Parvovirinae,Bocaparvovirus,,1507401,Bocaparvovirus
Sus scrofa domesticus,Monodnaviria,Shotokuvirae,Cossaviricota,Quintoviricetes,Piccovirales,Parvoviridae,Parvovirinae,Bocaparvovirus,,1507401,Bocaparvovirus
Canis lupus familiaris,Monodnaviria,Shotokuvirae,Cossaviricota,Quintoviricetes,Piccovirales,Parvoviridae,Parvovirinae,Bocaparvovirus,,1507401,Bocaparvovirus
Camelus dromedarius,Monodnaviria,Shotokuvirae,Cossaviricota,Quintoviricetes,Piccovirales,Parvoviridae,Parvovirinae,Bocaparvovirus,,1507401,Bocaparvovirus
Canis lupus signatus,Monodnaviria,Shotokuvirae,Cossaviricota,Quintoviricetes,Piccovirales,Parvoviridae,Parvovirinae,Bocaparvovirus,,1507401,Bocaparvovirus
Miniopterus schreibersii,Monodnaviria,Shotokuvirae,Cossaviricota,Quintoviricetes,Piccovirales,Parvoviridae,Parvovirinae,Bocaparvovirus,,1507401,Bocaparvovirus
Mustela lutreola,Monodnaviria,Shotokuvirae,Cossaviricota,Quintoviricetes,Piccovirales,Parvoviridae,Parvovirinae,Bocaparvovirus,,1507401,Bocaparvovirus
Myotis myotis,Monodnaviria,Shotokuvirae,Cossaviricota,Quintoviricetes,Piccovirales,Parvoviridae,Parvovirinae,Bocaparvovirus,,1507401,Bocaparvovirus
Sus scrofa,Monodnaviria,Shotokuvirae,Cossaviricota,Quintoviricetes,Piccovirales,Parvoviridae,Parvovirinae,Bocaparvovirus,,1507401,Bocaparvovirus
Rattus norvegicus,Monodnaviria,Shotokuvirae,Cossaviricota,Quintoviricetes,Piccovirales,Parvoviridae,Parvovirinae,Bocaparvovirus,,1507401,Bocaparvovirus
Rhinolophus pusillus,Monodnaviria,Shotokuvirae,Cossaviricota,Quintoviricetes,Piccovirales,Parvoviridae,Parvovirinae,Bocaparvovirus,,1507401,Bocaparvovirus
Rhinolophus sinicus,Monodnaviria,Shotokuvirae,Cossaviricota,Quintoviricetes,Piccovirales,Parvoviridae,Parvovirinae,Bocaparvovirus,,1507401,Bocaparvovirus
Necromys,Monodnaviria,Shotokuvirae,Cossaviricota,Quintoviricetes,Piccovirales,Parvoviridae,Parvovirinae,Bocaparvovirus,,1507401,Bocaparvovirus
Rousettus leschenaultii,Monodnaviria,Shotokuvirae,Cossaviricota,Quintoviricetes,Piccovirales,Parvoviridae,Parvovirinae,Bocaparvovirus,,1507401,Bocaparvovirus
Vicugna pacos,Monodnaviria,Shotokuvirae,Cossaviricota,Quintoviricetes,Piccovirales,Parvoviridae,Parvovirinae,Bocaparvovirus,,1507401,Bocaparvovirus
Alces alces,Monodnaviria,Shotokuvirae,Cressdnaviricota,Repensiviricetes,Geplafuvirales,Genomoviridae,Gemycircularvirus,Gemycircularvirus lepam1,,1542744,Gemycircularvirus
Dendroctonus brevicomis,Monodnaviria,Shotokuvirae,Cressdnaviricota,Repensiviricetes,Geplafuvirales,Genomoviridae,Gemycircularvirus,Gemycircularvirus denbre1,,1542744,Gemycircularvirus
Dendroctonus ponderosae,Monodnaviria,Shotokuvirae,Cressdnaviricota,Repensiviricetes,Geplafuvirales,Genomoviridae,Gemycircularvirus,Gemycircularvirus denpo1,,1542744,Gemycircularvirus
Bemisia tabaci,Monodnaviria,Shotokuvirae,Cressdnaviricota,Repensiviricetes,Geplafuvirales,Genomoviridae,Gemycircularvirus,Gemycircularvirus bemta1,,1542744,Gemycircularvirus
Ovis aries,Monodnaviria,Shotokuvirae,Cressdnaviricota,Repensiviricetes,Geplafuvirales,Genomoviridae,Gemycircularvirus,Gemycircularvirus blabi1,,1542744,Gemycircularvirus
Austrosimulium,Monodnaviria,Shotokuvirae,Cressdnaviricota,Repensiviricetes,Geplafuvirales,Genomoviridae,Gemycircularvirus,Gemycircularvirus austro1,,1542744,Gemycircularvirus
Bromus hordeaceus,Monodnaviria,Shotokuvirae,Cressdnaviricota,Repensiviricetes,Geplafuvirales,Genomoviridae,Gemycircularvirus,Gemycircularvirus bromas1,,1542744,Gemycircularvirus
root,Monodnaviria,Shotokuvirae,Cressdnaviricota,Repensiviricetes,Geplafuvirales,Genomoviridae,Gemycircularvirus,Gemycircularvirus hydro1,,1542744,Gemycircularvirus
Manihot esculenta,Monodnaviria,Shotokuvirae,Cressdnaviricota,Repensiviricetes,Geplafuvirales,Genomoviridae,Gemycircularvirus,Gemycircularvirus cassa1,,1542744,Gemycircularvirus
Citrus sp.,Monodnaviria,Shotokuvirae,Cressdnaviricota,Repensiviricetes,Geplafuvirales,Genomoviridae,Gemycircularvirus,Gemycircularvirus citas1,,1542744,Gemycircularvirus
Phaseolus vulgaris,Monodnaviria,Shotokuvirae,Cressdnaviricota,Repensiviricetes,Geplafuvirales,Genomoviridae,Gemycircularvirus,unclassified Gemycircularvirus,,1542744,Gemycircularvirus
Erythemis simplicicollis,Monodnaviria,Shotokuvirae,Cressdnaviricota,Repensiviricetes,Geplafuvirales,Genomoviridae,Gemycircularvirus,Gemycircularvirus draga1,,1542744,Gemycircularvirus
Euphorbia heterophylla,Monodnaviria,Shotokuvirae,Cressdnaviricota,Repensiviricetes,Geplafuvirales,Genomoviridae,Gemycircularvirus,Gemycircularvirus euhet1,,1542744,Gemycircularvirus
Turdus merula,Monodnaviria,Shotokuvirae,Cressdnaviricota,Repensiviricetes,Geplafuvirales,Genomoviridae,Gemycircularvirus,unclassified Gemycircularvirus,,1542744,Gemycircularvirus
Gallus gallus,Monodnaviria,Shotokuvirae,Cressdnaviricota,Repensiviricetes,Geplafuvirales,Genomoviridae,Gemycircularvirus,Gemycircularvirus chicas2,,1542744,Gemycircularvirus
Equus ferus,Monodnaviria,Shotokuvirae,Cressdnaviricota,Repensiviricetes,Geplafuvirales,Genomoviridae,Gemycircularvirus,Gemycircularvirus equas1,,1542744,Gemycircularvirus
Sus scrofa,Monodnaviria,Shotokuvirae,Cressdnaviricota,Repensiviricetes,Geplafuvirales,Genomoviridae,Gemycircularvirus,Gemycircularvirus porci1,,1542744,Gemycircularvirus
Bos taurus,Monodnaviria,Shotokuvirae,Cressdnaviricota,Repensiviricetes,Geplafuvirales,Genomoviridae,Gemycircularvirus,Gemycircularvirus bovas1,,1542744,Gemycircularvirus
Haemorhous mexicanus,Monodnaviria,Shotokuvirae,Cressdnaviricota,Repensiviricetes,Geplafuvirales,Genomoviridae,Gemycircularvirus,Gemycircularvirus haeme1,,1542744,Gemycircularvirus
Arctocephalus forsteri,Monodnaviria,Shotokuvirae,Cressdnaviricota,Repensiviricetes,Geplafuvirales,Genomoviridae,Gemycircularvirus,Gemycircularvirus furse1,,1542744,Gemycircularvirus
Rattus,Monodnaviria,Shotokuvirae,Cressdnaviricota,Repensiviricetes,Geplafuvirales,Genomoviridae,Gemycircularvirus,Gemycircularvirus ratas1,,1542744,Gemycircularvirus
Rattus norvegicus,Monodnaviria,Shotokuvirae,Cressdnaviricota,Repensiviricetes,Geplafuvirales,Genomoviridae,Gemycircularvirus,Gemycircularvirus ratas1,,1542744,Gemycircularvirus
Homo sapiens,Monodnaviria,Shotokuvirae,Cressdnaviricota,Repensiviricetes,Geplafuvirales,Genomoviridae,Gemycircularvirus,unclassified Gemycircularvirus,,1542744,Gemycircularvirus
Grus japonensis,Monodnaviria,Shotokuvirae,Cressdnaviricota,Repensiviricetes,Geplafuvirales,Genomoviridae,Gemycircularvirus,unclassified Gemycircularvirus,,1542744,Gemycircularvirus
Pipistrellus pygmaeus,Monodnaviria,Shotokuvirae,Cressdnaviricota,Repensiviricetes,Geplafuvirales,Genomoviridae,Gemycircularvirus,unclassified Gemycircularvirus,,1542744,Gemycircularvirus
Gerygone albofrontata,Monodnaviria,Shotokuvirae,Cressdnaviricota,Repensiviricetes,Geplafuvirales,Genomoviridae,Gemycircularvirus,Gemycircularvirus geras1,,1542744,Gemycircularvirus
Eratigena duellica,Monodnaviria,Shotokuvirae,Cressdnaviricota,Repensiviricetes,Geplafuvirales,Genomoviridae,Gemycircularvirus,Gemycircularvirus erati1,,1542744,Gemycircularvirus
Ailuropoda melanoleuca,Monodnaviria,Shotokuvirae,Cressdnaviricota,Repensiviricetes,Geplafuvirales,Genomoviridae,Gemycircularvirus,unclassified Gemycircularvirus,,1542744,Gemycircularvirus
Hypericum japonicum,Monodnaviria,Shotokuvirae,Cressdnaviricota,Repensiviricetes,Geplafuvirales,Genomoviridae,Gemycircularvirus,Gemycircularvirus hypas1,,1542744,Gemycircularvirus
Lama glama,Monodnaviria,Shotokuvirae,Cressdnaviricota,Repensiviricetes,Geplafuvirales,Genomoviridae,Gemycircularvirus,Gemycircularvirus lamas1,,1542744,Gemycircularvirus
Lepus americanus,Monodnaviria,Shotokuvirae,Cressdnaviricota,Repensiviricetes,Geplafuvirales,Genomoviridae,Gemycircularvirus,Gemycircularvirus lepam3,,1542744,Gemycircularvirus
Canis lupus signatus,Monodnaviria,Shotokuvirae,Cressdnaviricota,Repensiviricetes,Geplafuvirales,Genomoviridae,Gemycircularvirus,Gemycircularvirus canlup1,,1542744,Gemycircularvirus
Lynx canadensis,Monodnaviria,Shotokuvirae,Cressdnaviricota,Repensiviricetes,Geplafuvirales,Genomoviridae,Gemycircularvirus,Gemycircularvirus lepa2,,1542744,Gemycircularvirus
Anas platyrhynchos,Monodnaviria,Shotokuvirae,Cressdnaviricota,Repensiviricetes,Geplafuvirales,Genomoviridae,Gemycircularvirus,Gemycircularvirus malas1,,1542744,Gemycircularvirus
Miniopterus fuliginosus,Monodnaviria,Shotokuvirae,Cressdnaviricota,Repensiviricetes,Geplafuvirales,Genomoviridae,Gemycircularvirus,Gemycircularvirus minio1,,1542744,Gemycircularvirus
Momordica charantia,Monodnaviria,Shotokuvirae,Cressdnaviricota,Repensiviricetes,Geplafuvirales,Genomoviridae,Gemycircularvirus,Gemycircularvirus mocha1,,1542744,Gemycircularvirus
Herpestes ichneumon,Monodnaviria,Shotokuvirae,Cressdnaviricota,Repensiviricetes,Geplafuvirales,Genomoviridae,Gemycircularvirus,Gemycircularvirus monas1,,1542744,Gemycircularvirus
Culicidae,Monodnaviria,Shotokuvirae,Cressdnaviricota,Repensiviricetes,Geplafuvirales,Genomoviridae,Gemycircularvirus,Gemycircularvirus mosqi1,,1542744,Gemycircularvirus
Clethrionomys rutilus,Monodnaviria,Shotokuvirae,Cressdnaviricota,Repensiviricetes,Geplafuvirales,Genomoviridae,Gemycircularvirus,Gemycircularvirus rebac1,,1542744,Gemycircularvirus
Ischnura posita,Monodnaviria,Shotokuvirae,Cressdnaviricota,Repensiviricetes,Geplafuvirales,Genomoviridae,Gemycircularvirus,Gemycircularvirus odona1,,1542744,Gemycircularvirus
Rhionaeschna multicolor,Monodnaviria,Shotokuvirae,Cressdnaviricota,Repensiviricetes,Geplafuvirales,Genomoviridae,Gemycircularvirus,Gemycircularvirus odona2,,1542744,Gemycircularvirus
Olea,Monodnaviria,Shotokuvirae,Cressdnaviricota,Repensiviricetes,Geplafuvirales,Genomoviridae,Gemycircularvirus,Gemycircularvirus oltre1,,1542744,Gemycircularvirus
Oxalis corniculata,Monodnaviria,Shotokuvirae,Cressdnaviricota,Repensiviricetes,Geplafuvirales,Genomoviridae,Gemycircularvirus,Gemycircularvirus oxcor1,,1542744,Gemycircularvirus
Pteropus tonganus,Monodnaviria,Shotokuvirae,Cressdnaviricota,Repensiviricetes,Geplafuvirales,Genomoviridae,Gemycircularvirus,Gemycircularvirus ptero1,,1542744,Gemycircularvirus
Solanaceae,Monodnaviria,Shotokuvirae,Cressdnaviricota,Repensiviricetes,Geplafuvirales,Genomoviridae,Gemycircularvirus,Gemycircularvirus solas1,,1542744,Gemycircularvirus
Willdenowia,Monodnaviria,Shotokuvirae,Cressdnaviricota,Repensiviricetes,Geplafuvirales,Genomoviridae,Gemycircularvirus,Gemycircularvirus willde1,,1542744,Gemycircularvirus
Phaseolus lunatus,Monodnaviria,Shotokuvirae,Cressdnaviricota,Repensiviricetes,Geplafuvirales,Genomoviridae,Gemycircularvirus,Gemycircularvirus legle1,,1542744,Gemycircularvirus
Salicornia perennis,Monodnaviria,Shotokuvirae,Cressdnaviricota,Repensiviricetes,Geplafuvirales,Genomoviridae,Gemycircularvirus,Gemycircularvirus sarpe1,,1542744,Gemycircularvirus
Dischisma,Monodnaviria,Shotokuvirae,Cressdnaviricota,Repensiviricetes,Geplafuvirales,Genomoviridae,Gemycircularvirus,Gemycircularvirus dichism1,,1542744,Gemycircularvirus
Lebeckia,Monodnaviria,Shotokuvirae,Cressdnaviricota,Repensiviricetes,Geplafuvirales,Genomoviridae,Gemycircularvirus,Gemycircularvirus lebec1,,1542744,Gemycircularvirus
Asparagus sp.,Monodnaviria,Shotokuvirae,Cressdnaviricota,Repensiviricetes,Geplafuvirales,Genomoviridae,Gemycircularvirus,Gemycircularvirus aspar1,,1542744,Gemycircularvirus
Hypochaeris,Monodnaviria,Shotokuvirae,Cressdnaviricota,Repensiviricetes,Geplafuvirales,Genomoviridae,Gemycircularvirus,Gemycircularvirus trilo1,,1542744,Gemycircularvirus
Opuntia sp.,Monodnaviria,Shotokuvirae,Cressdnaviricota,Repensiviricetes,Geplafuvirales,Genomoviridae,Gemycircularvirus,Gemycircularvirus opunt1,,1542744,Gemycircularvirus
Poaceae,Monodnaviria,Shotokuvirae,Cressdnaviricota,Repensiviricetes,Geplafuvirales,Genomoviridae,Gemycircularvirus,Gemycircularvirus poass1,,1542744,Gemycircularvirus
Urochloa deflexa,Monodnaviria,Shotokuvirae,Cressdnaviricota,Repensiviricetes,Geplafuvirales,Genomoviridae,Gemycircularvirus,Gemycircularvirus poass1,,1542744,Gemycircularvirus
Poecile atricapillus,Monodnaviria,Shotokuvirae,Cressdnaviricota,Repensiviricetes,Geplafuvirales,Genomoviridae,Gemycircularvirus,Gemycircularvirus chickad1,,1542744,Gemycircularvirus
Sclerotinia sclerotiorum,Monodnaviria,Shotokuvirae,Cressdnaviricota,Repensiviricetes,Geplafuvirales,Genomoviridae,Gemycircularvirus,Gemycircularvirus sclero1,,1542744,Gemycircularvirus
Neriene litigiosa,Monodnaviria,Shotokuvirae,Cressdnaviricota,Repensiviricetes,Geplafuvirales,Genomoviridae,Gemycircularvirus,Gemycircularvirus siedo1,,1542744,Gemycircularvirus
Glycine max,Monodnaviria,Shotokuvirae,Cressdnaviricota,Repensiviricetes,Geplafuvirales,Genomoviridae,Gemycircularvirus,Gemycircularvirus soybe1,,1542744,Gemycircularvirus
Araneae,Monodnaviria,Shotokuvirae,Cressdnaviricota,Repensiviricetes,Geplafuvirales,Genomoviridae,Gemycircularvirus,Gemycircularvirus cybusi1,,1542744,Gemycircularvirus
Odontotermes,Monodnaviria,Shotokuvirae,Cressdnaviricota,Repensiviricetes,Geplafuvirales,Genomoviridae,Gemycircularvirus,Gemycircularvirus termi1,,1542744,Gemycircularvirus
Echinothrips americanus,Monodnaviria,Shotokuvirae,Cressdnaviricota,Repensiviricetes,Geplafuvirales,Genomoviridae,Gemycircularvirus,Gemycircularvirus echiam1,,1542744,Gemycircularvirus
Dermacentor variabilis,Monodnaviria,Shotokuvirae,Cressdnaviricota,Repensiviricetes,Geplafuvirales,Genomoviridae,Gemycircularvirus,Gemycircularvirus derva1,,1542744,Gemycircularvirus
Ixodes scapularis,Monodnaviria,Shotokuvirae,Cressdnaviricota,Repensiviricetes,Geplafuvirales,Genomoviridae,Gemycircularvirus,Gemycircularvirus ixode1,,1542744,Gemycircularvirus
Gopherus agassizii,Monodnaviria,Shotokuvirae,Cressdnaviricota,Repensiviricetes,Geplafuvirales,Genomoviridae,Gemycircularvirus,Gemycircularvirus gopha2,,1542744,Gemycircularvirus
Mycobacterium,Duplodnaviria,Heunggongvirae,Uroviricota,Caudoviricetes,Caudoviricetes incertae sedis,Cheoctovirus,unclassified Cheoctovirus,,dsDNA,1623281,Cheoctovirus
Mycolicibacterium smegmatis MC2 155,Duplodnaviria,Heunggongvirae,Uroviricota,Caudoviricetes,Caudoviricetes incertae sedis,Cheoctovirus,unclassified Cheoctovirus,,dsDNA,1623281,Cheoctovirus
Mycobacterium,Duplodnaviria,Heunggongvirae,Uroviricota,Caudoviricetes,Caudoviricetes incertae sedis,Cheoctovirus,Cheoctovirus arcusangelus,,dsDNA,1623281,Cheoctovirus
Mycobacterium,Duplodnaviria,Heunggongvirae,Uroviricota,Caudoviricetes,Caudoviricetes incertae sedis,Cheoctovirus,Cheoctovirus ardmore,Mycobacterium virus Ardmore,dsDNA,1623281,Cheoctovirus
Mycolicibacterium smegmatis MC2 155,Duplodnaviria,Heunggongvirae,Uroviricota,Caudoviricetes,Caudoviricetes incertae sedis,Cheoctovirus,Cheoctovirus batiatus,,dsDNA,1623281,Cheoctovirus
Mycobacterium,Duplodnaviria,Heunggongvirae,Uroviricota,Caudoviricetes,Caudoviricetes incertae sedis,Cheoctovirus,Cheoctovirus blexus,,dsDNA,1623281,Cheoctovirus
Mycolicibacterium smegmatis MC2 155,Duplodnaviria,Heunggongvirae,Uroviricota,Caudoviricetes,Caudoviricetes incertae sedis,Cheoctovirus,Cheoctovirus bobaphett,,dsDNA,1623281,Cheoctovirus
Mycolicibacterium smegmatis MC2 155,Duplodnaviria,Heunggongvirae,Uroviricota,Caudoviricetes,Caudoviricetes incertae sedis,Cheoctovirus,Cheoctovirus bodeinwohner17,,dsDNA,1623281,Cheoctovirus
Mycobacterium,Duplodnaviria,Heunggongvirae,Uroviricota,Caudoviricetes,Caudoviricetes incertae sedis,Cheoctovirus,Cheoctovirus boomer,Mycobacterium virus Boomer,dsDNA,1623281,Cheoctovirus
Mycolicibacterium smegmatis MC2 155,Duplodnaviria,Heunggongvirae,Uroviricota,Caudoviricetes,Caudoviricetes incertae sedis,Cheoctovirus,Cheoctovirus boomer,Mycobacterium virus Boomer,dsDNA,1623281,Cheoctovirus
Mycolicibacterium smegmatis MC2 155,Duplodnaviria,Heunggongvirae,Uroviricota,Caudoviricetes,Caudoviricetes incertae sedis,Cheoctovirus,Cheoctovirus bubbles123,,dsDNA,1623281,Cheoctovirus
Mycolicibacterium smegmatis MC2 155,Duplodnaviria,Heunggongvirae,Uroviricota,Caudoviricetes,Caudoviricetes incertae sedis,Cheoctovirus,Cheoctovirus burwell21,,dsDNA,1623281,Cheoctovirus
Mycolicibacterium smegmatis MC2 155,Duplodnaviria,Heunggongvirae,Uroviricota,Caudoviricetes,Caudoviricetes incertae sedis,Cheoctovirus,Cheoctovirus buzzlyseyear,,dsDNA,1623281,Cheoctovirus
Mycolicibacterium smegmatis MC2 155,Duplodnaviria,Heunggongvirae,Uroviricota,Caudoviricetes,Caudoviricetes incertae sedis,Cheoctovirus,Cheoctovirus byougenkin,,dsDNA,1623281,Cheoctovirus
Mycolicibacterium smegmatis MC2 155,Duplodnaviria,Heunggongvirae,Uroviricota,Caudoviricetes,Caudoviricetes incertae sedis,Cheoctovirus,Cheoctovirus captaintrips,,dsDNA,1623281,Cheoctovirus
Mycobacterium,Duplodnaviria,Heunggongvirae,Uroviricota,Caudoviricetes,Caudoviricetes incertae sedis,Cheoctovirus,Cheoctovirus che8,Mycobacterium virus Che8,dsDNA,1623281,Cheoctovirus
Mycolicibacterium smegmatis MC2 155,Duplodnaviria,Heunggongvirae,Uroviricota,Caudoviricetes,Caudoviricetes incertae sedis,Cheoctovirus,Cheoctovirus chuckly,,dsDNA,1623281,Cheoctovirus
Mycolicibacterium smegmatis MC2 155,Duplodnaviria,Heunggongvirae,Uroviricota,Caudoviricetes,Caudoviricetes incertae sedis,Cheoctovirus,Cheoctovirus dante,,dsDNA,1623281,Cheoctovirus
Mycolicibacterium smegmatis MC2 155,Duplodnaviria,Heunggongvirae,Uroviricota,Caudoviricetes,Caudoviricetes incertae sedis,Cheoctovirus,Cheoctovirus deadp,Mycobacterium virus DeadP,dsDNA,1623281,Cheoctovirus
Mycolicibacterium smegmatis MC2 155,Duplodnaviria,Heunggongvirae,Uroviricota,Caudoviricetes,Caudoviricetes incertae sedis,Cheoctovirus,Cheoctovirus dilltech15,,dsDNA,1623281,Cheoctovirus
Mycobacterium,Duplodnaviria,Heunggongvirae,Uroviricota,Caudoviricetes,Caudoviricetes incertae sedis,Cheoctovirus,Cheoctovirus drago,Mycobacterium virus Drago,dsDNA,1623281,Cheoctovirus
Mycolicibacterium smegmatis MC2 155,Duplodnaviria,Heunggongvirae,Uroviricota,Caudoviricetes,Caudoviricetes incertae sedis,Cheoctovirus,Cheoctovirus dlane,Mycobacterium virus Dlane,dsDNA,1623281,Cheoctovirus
Mycolicibacterium smegmatis MC2 155,Duplodnaviria,Heunggongvirae,Uroviricota,Caudoviricetes,Caudoviricetes incertae sedis,Cheoctovirus,Cheoctovirus donkeykong,,dsDNA,1623281,Cheoctovirus
Mycolicibacterium smegmatis MC2 155,Duplodnaviria,Heunggongvirae,Uroviricota,Caudoviricetes,Caudoviricetes incertae sedis,Cheoctovirus,Cheoctovirus dorothy,Mycobacterium virus Dorothy,dsDNA,1623281,Cheoctovirus
Mycolicibacterium smegmatis MC2 155,Duplodnaviria,Heunggongvirae,Uroviricota,Caudoviricetes,Caudoviricetes incertae sedis,Cheoctovirus,Cheoctovirus dotproduct,Mycobacterium virus DotProduct,dsDNA,1623281,Cheoctovirus
Mycobacterium,Duplodnaviria,Heunggongvirae,Uroviricota,Caudoviricetes,Caudoviricetes incertae sedis,Cheoctovirus,Cheoctovirus doug,,dsDNA,1623281,Cheoctovirus
Mycolicibacterium smegmatis MC2 155,Duplodnaviria,Heunggongvirae,Uroviricota,Caudoviricetes,Caudoviricetes incertae sedis,Cheoctovirus,Cheoctovirus drago,Mycobacterium virus Drago,dsDNA,1623281,Cheoctovirus
Mycobacterium,Duplodnaviria,Heunggongvirae,Uroviricota,Caudoviricetes,Caudoviricetes incertae sedis,Cheoctovirus,Cheoctovirus DRBy19,,dsDNA,1623281,Cheoctovirus
Mycolicibacterium smegmatis MC2 155,Duplodnaviria,Heunggongvirae,Uroviricota,Caudoviricetes,Caudoviricetes incertae sedis,Cheoctovirus,Cheoctovirus eish,,dsDNA,1623281,Cheoctovirus
Mycobacterium,Duplodnaviria,Heunggongvirae,Uroviricota,Caudoviricetes,Caudoviricetes incertae sedis,Cheoctovirus,Cheoctovirus eleanorgeorge,,dsDNA,1623281,Cheoctovirus
Mycolicibacterium smegmatis MC2 155,Duplodnaviria,Heunggongvirae,Uroviricota,Caudoviricetes,Caudoviricetes incertae sedis,Cheoctovirus,Cheoctovirus emma,,dsDNA,1623281,Cheoctovirus
Mycolicibacterium smegmatis MC2 155,Duplodnaviria,Heunggongvirae,Uroviricota,Caudoviricetes,Caudoviricetes incertae sedis,Cheoctovirus,Cheoctovirus empress,,dsDNA,1623281,Cheoctovirus
Mycolicibacterium smegmatis MC2 155,Duplodnaviria,Heunggongvirae,Uroviricota,Caudoviricetes,Caudoviricetes incertae sedis,Cheoctovirus,Cheoctovirus estave1,,dsDNA,1623281,Cheoctovirus
Mycolicibacterium smegmatis MC2 155,Duplodnaviria,Heunggongvirae,Uroviricota,Caudoviricetes,Caudoviricetes incertae sedis,Cheoctovirus,Cheoctovirus fancypants,,dsDNA,1623281,Cheoctovirus
Mycolicibacterium smegmatis MC2 155,Duplodnaviria,Heunggongvirae,Uroviricota,Caudoviricetes,Caudoviricetes incertae sedis,Cheoctovirus,Cheoctovirus filuzino,,dsDNA,1623281,Cheoctovirus
Mycobacterium,Duplodnaviria,Heunggongvirae,Uroviricota,Caudoviricetes,Caudoviricetes incertae sedis,Cheoctovirus,Cheoctovirus firehouse51,,dsDNA,1623281,Cheoctovirus
Mycobacterium,Duplodnaviria,Heunggongvirae,Uroviricota,Caudoviricetes,Caudoviricetes incertae sedis,Cheoctovirus,Cheoctovirus florinda,,dsDNA,1623281,Cheoctovirus
Mycolicibacterium smegmatis MC2 155,Duplodnaviria,Heunggongvirae,Uroviricota,Caudoviricetes,Caudoviricetes incertae sedis,Cheoctovirus,Cheoctovirus florinda,,dsDNA,1623281,Cheoctovirus
Mycolicibacterium phlei,Duplodnaviria,Heunggongvirae,Uroviricota,Caudoviricetes,Caudoviricetes incertae sedis,Cheoctovirus,unclassified Cheoctovirus,,dsDNA,1623281,Cheoctovirus
Mycolicibacterium smegmatis MC2 155,Duplodnaviria,Heunggongvirae,Uroviricota,Caudoviricetes,Caudoviricetes incertae sedis,Cheoctovirus,Cheoctovirus fruitloop,Mycobacterium virus Fruitloop,dsDNA,1623281,Cheoctovirus
Mycolicibacterium smegmatis MC2 155,Duplodnaviria,Heunggongvirae,Uroviricota,Caudoviricetes,Caudoviricetes incertae sedis,Cheoctovirus,Cheoctovirus galactic,,dsDNA,1623281,Cheoctovirus
Mycolicibacterium smegmatis MC2 155,Duplodnaviria,Heunggongvirae,Uroviricota,Caudoviricetes,Caudoviricetes incertae sedis,Cheoctovirus,Cheoctovirus gandalph,,dsDNA,1623281,Cheoctovirus
Mycolicibacterium smegmatis MC2 155,Duplodnaviria,Heunggongvirae,Uroviricota,Caudoviricetes,Caudoviricetes incertae sedis,Cheoctovirus,Cheoctovirus geralt,,dsDNA,1623281,Cheoctovirus
Mycolicibacterium smegmatis MC2 155,Duplodnaviria,Heunggongvirae,Uroviricota,Caudoviricetes,Caudoviricetes incertae sedis,Cheoctovirus,Cheoctovirus girr,,dsDNA,1623281,Cheoctovirus
Mycobacterium,Duplodnaviria,Heunggongvirae,Uroviricota,Caudoviricetes,Caudoviricetes incertae sedis,Cheoctovirus,Cheoctovirus gorge,,dsDNA,1623281,Cheoctovirus
Mycolicibacterium smegmatis MC2 155,Duplodnaviria,Heunggongvirae,Uroviricota,Caudoviricetes,Caudoviricetes incertae sedis,Cheoctovirus,Cheoctovirus gumbie,Mycobacterium virus GUmbie,dsDNA,1623281,Cheoctovirus
Mycolicibacterium smegmatis MC2 155,Duplodnaviria,Heunggongvirae,Uroviricota,Caudoviricetes,Caudoviricetes incertae sedis,Cheoctovirus,Cheoctovirus hades,,dsDNA,1623281,Cheoctovirus
Mycobacterium,Duplodnaviria,Heunggongvirae,Uroviricota,Caudoviricetes,Caudoviricetes incertae sedis,Cheoctovirus,Cheoctovirus hamulus,,dsDNA,1623281,Cheoctovirus
Mycolicibacterium smegmatis MC2 155,Duplodnaviria,Heunggongvirae,Uroviricota,Caudoviricetes,Caudoviricetes incertae sedis,Cheoctovirus,Cheoctovirus hamulus,,dsDNA,1623281,Cheoctovirus
Mycolicibacterium smegmatis MC2 155,Duplodnaviria,Heunggongvirae,Uroviricota,Caudoviricetes,Caudoviricetes incertae sedis,Cheoctovirus,Cheoctovirus harley,,dsDNA,1623281,Cheoctovirus
Mycobacterium,Duplodnaviria,Heunggongvirae,Uroviricota,Caudoviricetes,Caudoviricetes incertae sedis,Cheoctovirus,Cheoctovirus hlubikazi,,dsDNA,1623281,Cheoctovirus
Mycolicibacterium smegmatis MC2 155,Duplodnaviria,Heunggongvirae,Uroviricota,Caudoviricetes,Caudoviricetes incertae sedis,Cheoctovirus,Cheoctovirus ibhubesi,Mycobacterium virus Ibhubesi,dsDNA,1623281,Cheoctovirus
Mycolicibacterium smegmatis MC2 155,Duplodnaviria,Heunggongvirae,Uroviricota,Caudoviricetes,Caudoviricetes incertae sedis,Cheoctovirus,Cheoctovirus inventum,,dsDNA,1623281,Cheoctovirus
Mycobacterium,Duplodnaviria,Heunggongvirae,Uroviricota,Caudoviricetes,Caudoviricetes incertae sedis,Cheoctovirus,Cheoctovirus joeyjr,,dsDNA,1623281,Cheoctovirus
Mycolicibacterium smegmatis MC2 155,Duplodnaviria,Heunggongvirae,Uroviricota,Caudoviricetes,Caudoviricetes incertae sedis,Cheoctovirus,Cheoctovirus kersh,,dsDNA,1623281,Cheoctovirus
Mycolicibacterium smegmatis MC2 155,Duplodnaviria,Heunggongvirae,Uroviricota,Caudoviricetes,Caudoviricetes incertae sedis,Cheoctovirus,Cheoctovirus kimberlium,,dsDNA,1623281,Cheoctovirus
Mycolicibacterium smegmatis MC2 155,Duplodnaviria,Heunggongvirae,Uroviricota,Caudoviricetes,Caudoviricetes incertae sedis,Cheoctovirus,Cheoctovirus krakatau,,dsDNA,1623281,Cheoctovirus
Mycolicibacterium smegmatis MC2 155,Duplodnaviria,Heunggongvirae,Uroviricota,Caudoviricetes,Caudoviricetes incertae sedis,Cheoctovirus,Cheoctovirus kristaram,,dsDNA,1623281,Cheoctovirus
Mycobacterium,Duplodnaviria,Heunggongvirae,Uroviricota,Caudoviricetes,Caudoviricetes incertae sedis,Cheoctovirus,Cheoctovirus lilmoolah,,dsDNA,1623281,Cheoctovirus
Mycolicibacterium smegmatis MC2 155,Duplodnaviria,Heunggongvirae,Uroviricota,Caudoviricetes,Caudoviricetes incertae sedis,Cheoctovirus,Cheoctovirus lizziana,,dsDNA,1623281,Cheoctovirus
Mycobacterium,Duplodnaviria,Heunggongvirae,Uroviricota,Caudoviricetes,Caudoviricetes incertae sedis,Cheoctovirus,Cheoctovirus llij,Mycobacterium virus Llij,dsDNA,1623281,Cheoctovirus
Mycolicibacterium smegmatis MC2 155,Duplodnaviria,Heunggongvirae,Uroviricota,Caudoviricetes,Caudoviricetes incertae sedis,Cheoctovirus,Cheoctovirus mahavrat,,dsDNA,1623281,Cheoctovirus
Mycolicibacterium smegmatis MC2 155,Duplodnaviria,Heunggongvirae,Uroviricota,Caudoviricetes,Caudoviricetes incertae sedis,Cheoctovirus,Cheoctovirus mantra,,dsDNA,1623281,Cheoctovirus
Mycolicibacterium smegmatis MC2 155,Duplodnaviria,Heunggongvirae,Uroviricota,Caudoviricetes,Caudoviricetes incertae sedis,Cheoctovirus,Cheoctovirus mattes,,dsDNA,1623281,Cheoctovirus
Mycolicibacterium smegmatis,Duplodnaviria,Heunggongvirae,Uroviricota,Caudoviricetes,Caudoviricetes incertae sedis,Cheoctovirus,unclassified Cheoctovirus,,dsDNA,1623281,Cheoctovirus
Mycolicibacterium smegmatis MC2 155,Duplodnaviria,Heunggongvirae,Uroviricota,Caudoviricetes,Caudoviricetes incertae sedis,Cheoctovirus,Cheoctovirus melissauren88,,dsDNA,1623281,Cheoctovirus
Mycolicibacterium smegmatis MC2 155,Duplodnaviria,Heunggongvirae,Uroviricota,Caudoviricetes,Caudoviricetes incertae sedis,Cheoctovirus,Cheoctovirus milleniumforce,,dsDNA,1623281,Cheoctovirus
Mycolicibacterium smegmatis MC2 155,Duplodnaviria,Heunggongvirae,Uroviricota,Caudoviricetes,Caudoviricetes incertae sedis,Cheoctovirus,Cheoctovirus miniondave,,dsDNA,1623281,Cheoctovirus
Mycolicibacterium smegmatis MC2 155,Duplodnaviria,Heunggongvirae,Uroviricota,Caudoviricetes,Caudoviricetes incertae sedis,Cheoctovirus,Cheoctovirus minnie,,dsDNA,1623281,Cheoctovirus
Mycobacterium,Duplodnaviria,Heunggongvirae,Uroviricota,Caudoviricetes,Caudoviricetes incertae sedis,Cheoctovirus,Cheoctovirus moonbeam,,dsDNA,1623281,Cheoctovirus
Mycolicibacterium smegmatis MC2 155,Duplodnaviria,Heunggongvirae,Uroviricota,Caudoviricetes,Caudoviricetes incertae sedis,Cheoctovirus,Cheoctovirus mozy,Mycobacterium virus Mozy,dsDNA,1623281,Cheoctovirus
Mycolicibacterium smegmatis MC2 155,Duplodnaviria,Heunggongvirae,Uroviricota,Caudoviricetes,Caudoviricetes incertae sedis,Cheoctovirus,Cheoctovirus mutaforma13,Mycobacterium virus Mutaforma13,dsDNA,1623281,Cheoctovirus
Mycobacterium,Duplodnaviria,Heunggongvirae,Uroviricota,Caudoviricetes,Caudoviricetes incertae sedis,Cheoctovirus,Cheoctovirus nitzel,,dsDNA,1623281,Cheoctovirus
Mycolicibacterium smegmatis MC2 155,Duplodnaviria,Heunggongvirae,Uroviricota,Caudoviricetes,Caudoviricetes incertae sedis,Cheoctovirus,Cheoctovirus nivrat,,dsDNA,1623281,Cheoctovirus
Mycolicibacterium smegmatis MC2 155,Duplodnaviria,Heunggongvirae,Uroviricota,Caudoviricetes,Caudoviricetes incertae sedis,Cheoctovirus,Cheoctovirus ochi17,,dsDNA,1623281,Cheoctovirus
Mycolicibacterium smegmatis MC2 155,Duplodnaviria,Heunggongvirae,Uroviricota,Caudoviricetes,Caudoviricetes incertae sedis,Cheoctovirus,Cheoctovirus oldben,,dsDNA,1623281,Cheoctovirus
Mycobacterium,Duplodnaviria,Heunggongvirae,Uroviricota,Caudoviricetes,Caudoviricetes incertae sedis,Cheoctovirus,Cheoctovirus olympiasaint,,dsDNA,1623281,Cheoctovirus
Mycolicibacterium smegmatis MC2 155,Duplodnaviria,Heunggongvirae,Uroviricota,Caudoviricetes,Caudoviricetes incertae sedis,Cheoctovirus,Cheoctovirus ovechkin,,dsDNA,1623281,Cheoctovirus
Mycolicibacterium smegmatis MC2 155,Duplodnaviria,Heunggongvirae,Uroviricota,Caudoviricetes,Caudoviricetes incertae sedis,Cheoctovirus,Cheoctovirus owlsT2W,,dsDNA,1623281,Cheoctovirus
Mycolicibacterium smegmatis MC2 155,Duplodnaviria,Heunggongvirae,Uroviricota,Caudoviricetes,Caudoviricetes incertae sedis,Cheoctovirus,Cheoctovirus pacc40,Mycobacterium virus Pacc40,dsDNA,1623281,Cheoctovirus
Mycolicibacterium smegmatis MC2 155,Duplodnaviria,Heunggongvirae,Uroviricota,Caudoviricetes,Caudoviricetes incertae sedis,Cheoctovirus,Cheoctovirus shauna1,Mycobacterium virus Shauna1,dsDNA,1623281,Cheoctovirus
Mycolicibacterium smegmatis MC2 155,Duplodnaviria,Heunggongvirae,Uroviricota,Caudoviricetes,Caudoviricetes incertae sedis,Cheoctovirus,Cheoctovirus phasih,,dsDNA,1623281,Cheoctovirus
Mycolicibacterium smegmatis MC2 155,Duplodnaviria,Heunggongvirae,Uroviricota,Caudoviricetes,Caudoviricetes incertae sedis,Cheoctovirus,Cheoctovirus phatniss,,dsDNA,1623281,Cheoctovirus
Mycobacterium,Duplodnaviria,Heunggongvirae,Uroviricota,Caudoviricetes,Caudoviricetes incertae sedis,Cheoctovirus,Cheoctovirus plumbus,,dsDNA,1623281,Cheoctovirus
Mycobacterium,Duplodnaviria,Heunggongvirae,Uroviricota,Caudoviricetes,Caudoviricetes incertae sedis,Cheoctovirus,Cheoctovirus PMC,Mycobacterium virus PMC,dsDNA,1623281,Cheoctovirus
Mycolicibacterium smegmatis MC2 155,Duplodnaviria,Heunggongvirae,Uroviricota,Caudoviricetes,Caudoviricetes incertae sedis,Cheoctovirus,Cheoctovirus poenanya,,dsDNA,1623281,Cheoctovirus
Mycolicibacterium smegmatis MC2 155,Duplodnaviria,Heunggongvirae,Uroviricota,Caudoviricetes,Caudoviricetes incertae sedis,Cheoctovirus,Cheoctovirus polka14,,dsDNA,1623281,Cheoctovirus
Mycolicibacterium smegmatis MC2 155,Duplodnaviria,Heunggongvirae,Uroviricota,Caudoviricetes,Caudoviricetes incertae sedis,Cheoctovirus,Cheoctovirus poptart,,dsDNA,1623281,Cheoctovirus
Mycolicibacterium smegmatis MC2 155,Duplodnaviria,Heunggongvirae,Uroviricota,Caudoviricetes,Caudoviricetes incertae sedis,Cheoctovirus,Cheoctovirus priscilla,,dsDNA,1623281,Cheoctovirus
Mycobacterium,Duplodnaviria,Heunggongvirae,Uroviricota,Caudoviricetes,Caudoviricetes incertae sedis,Cheoctovirus,Cheoctovirus quickmath,,dsDNA,1623281,Cheoctovirus
Mycolicibacterium smegmatis MC2 155,Duplodnaviria,Heunggongvirae,Uroviricota,Caudoviricetes,Caudoviricetes incertae sedis,Cheoctovirus,Cheoctovirus ramsey,Mycobacterium virus Ramsey,dsDNA,1623281,Cheoctovirus
Mycolicibacterium smegmatis MC2 155,Duplodnaviria,Heunggongvirae,Uroviricota,Caudoviricetes,Caudoviricetes incertae sedis,Cheoctovirus,Cheoctovirus ritaG,,dsDNA,1623281,Cheoctovirus
Mycolicibacterium smegmatis MC2 155,Duplodnaviria,Heunggongvirae,Uroviricota,Caudoviricetes,Caudoviricetes incertae sedis,Cheoctovirus,Cheoctovirus rockyhorror,Mycobacterium virus RockyHorror,dsDNA,1623281,Cheoctovirus
Mycolicibacterium smegmatis MC2 155,Duplodnaviria,Heunggongvirae,Uroviricota,Caudoviricetes,Caudoviricetes incertae sedis,Cheoctovirus,Cheoctovirus royals2015,,dsDNA,1623281,Cheoctovirus
Mycolicibacterium smegmatis MC2 155,Duplodnaviria,Heunggongvirae,Uroviricota,Caudoviricetes,Caudoviricetes incertae sedis,Cheoctovirus,Cheoctovirus saal,,dsDNA,1623281,Cheoctovirus
Mycolicibacterium smegmatis MC2 155,Duplodnaviria,Heunggongvirae,Uroviricota,Caudoviricetes,Caudoviricetes incertae sedis,Cheoctovirus,Cheoctovirus sandalphon,,dsDNA,1623281,Cheoctovirus
Mycolicibacterium smegmatis MC2 155,Duplodnaviria,Heunggongvirae,Uroviricota,Caudoviricetes,Caudoviricetes incertae sedis,Cheoctovirus,Cheoctovirus SG4,Mycobacterium virus SG4,dsDNA,1623281,Cheoctovirus
Mycolicibacterium smegmatis MC2 155,Duplodnaviria,Heunggongvirae,Uroviricota,Caudoviricetes,Caudoviricetes incertae sedis,Cheoctovirus,Cheoctovirus shilan,Mycobacterium virus Shilan,dsDNA,1623281,Cheoctovirus
Mycolicibacterium smegmatis MC2 155,Duplodnaviria,Heunggongvirae,Uroviricota,Caudoviricetes,Caudoviricetes incertae sedis,Cheoctovirus,Cheoctovirus sisi,,dsDNA,1623281,Cheoctovirus
Mycolicibacterium smegmatis MC2 155,Duplodnaviria,Heunggongvirae,Uroviricota,Caudoviricetes,Caudoviricetes incertae sedis,Cheoctovirus,Cheoctovirus sparkdehlily,,dsDNA,1623281,Cheoctovirus
Mycolicibacterium smegmatis MC2 155,Duplodnaviria,Heunggongvirae,Uroviricota,Caudoviricetes,Caudoviricetes incertae sedis,Cheoctovirus,Cheoctovirus spartacus,Mycobacterium virus Spartacus,dsDNA,1623281,Cheoctovirus
Mycobacterium,Duplodnaviria,Heunggongvirae,Uroviricota,Caudoviricetes,Caudoviricetes incertae sedis,Cheoctovirus,Cheoctovirus spikelee,,dsDNA,1623281,Cheoctovirus
Mycolicibacterium smegmatis MC2 155,Duplodnaviria,Heunggongvirae,Uroviricota,Caudoviricetes,Caudoviricetes incertae sedis,Cheoctovirus,Cheoctovirus spoonbill,,dsDNA,1623281,Cheoctovirus
Mycolicibacterium smegmatis MC2 155,Duplodnaviria,Heunggongvirae,Uroviricota,Caudoviricetes,Caudoviricetes incertae sedis,Cheoctovirus,Cheoctovirus supergrey,,dsDNA,1623281,Cheoctovirus
Mycobacterium,Duplodnaviria,Heunggongvirae,Uroviricota,Caudoviricetes,Caudoviricetes incertae sedis,Cheoctovirus,Cheoctovirus swagpigglett,,dsDNA,1623281,Cheoctovirus
Mycolicibacterium smegmatis MC2 155,Duplodnaviria,Heunggongvirae,Uroviricota,Caudoviricetes,Caudoviricetes incertae sedis,Cheoctovirus,Cheoctovirus taj,Mycobacterium virus Taj,dsDNA,1623281,Cheoctovirus
Mycobacterium,Duplodnaviria,Heunggongvirae,Uroviricota,Caudoviricetes,Caudoviricetes incertae sedis,Cheoctovirus,Cheoctovirus tweety,Mycobacterium virus Tweety,dsDNA,1623281,Cheoctovirus
Mycolicibacterium smegmatis MC2 155,Duplodnaviria,Heunggongvirae,Uroviricota,Caudoviricetes,Caudoviricetes incertae sedis,Cheoctovirus,Cheoctovirus veteran,,dsDNA,1623281,Cheoctovirus
Mycolicibacterium smegmatis MC2 155,Duplodnaviria,Heunggongvirae,Uroviricota,Caudoviricetes,Caudoviricetes incertae sedis,Cheoctovirus,Cheoctovirus wachhund,,dsDNA,1623281,Cheoctovirus
Mycobacterium,Duplodnaviria,Heunggongvirae,Uroviricota,Caudoviricetes,Caudoviricetes incertae sedis,Cheoctovirus,Cheoctovirus wee,Mycobacterium virus Wee,dsDNA,1623281,Cheoctovirus
Mycolicibacterium smegmatis MC2 155,Duplodnaviria,Heunggongvirae,Uroviricota,Caudoviricetes,Caudoviricetes incertae sedis,Cheoctovirus,Cheoctovirus wee,Mycobacterium virus Wee,dsDNA,1623281,Cheoctovirus
Mycolicibacterium smegmatis MC2 155,Duplodnaviria,Heunggongvirae,Uroviricota,Caudoviricetes,Caudoviricetes incertae sedis,Cheoctovirus,Cheoctovirus whouxphf,,dsDNA,1623281,Cheoctovirus
Mycolicibacterium smegmatis MC2 155,Duplodnaviria,Heunggongvirae,Uroviricota,Caudoviricetes,Caudoviricetes incertae sedis,Cheoctovirus,Cheoctovirus willsterrel,,dsDNA,1623281,Cheoctovirus
Mycolicibacterium smegmatis MC2 155,Duplodnaviria,Heunggongvirae,Uroviricota,Caudoviricetes,Caudoviricetes incertae sedis,Cheoctovirus,Cheoctovirus xfactor,,dsDNA,1623281,Cheoctovirus
Mycolicibacterium smegmatis MC2 155,Duplodnaviria,Heunggongvirae,Uroviricota,Caudoviricetes,Caudoviricetes incertae sedis,Cheoctovirus,Cheoctovirus zerg,,dsDNA,1623281,Cheoctovirus
Mycobacterium,Duplodnaviria,Heunggongvirae,Uroviricota,Caudoviricetes,Caudoviricetes incertae sedis,Corndogvirus,unclassified Corndogvirus,,dsDNA,1623285,Corndogvirus
Mycolicibacterium smegmatis MC2 155,Duplodnaviria,Heunggongvirae,Uroviricota,Caudoviricetes,Caudoviricetes incertae sedis,Corndogvirus,Corndogvirus catdawg,,dsDNA,1623285,Corndogvirus
Mycobacterium,Duplodnaviria,Heunggongvirae,Uroviricota,Caudoviricetes,Caudoviricetes incertae sedis,Corndogvirus,Corndogvirus corndog,,dsDNA,1623285,Corndogvirus
Mycolicibacterium smegmatis MC2 155,Duplodnaviria,Heunggongvirae,Uroviricota,Caudoviricetes,Caudoviricetes incertae sedis,Corndogvirus,Corndogvirus corndog,,dsDNA,1623285,Corndogvirus
Mycolicibacterium smegmatis MC2 155,Duplodnaviria,Heunggongvirae,Uroviricota,Caudoviricetes,Caudoviricetes incertae sedis,Corndogvirus,Corndogvirus firecracker,,dsDNA,1623285,Corndogvirus
Mycolicibacterium smegmatis MC2 155,Duplodnaviria,Heunggongvirae,Uroviricota,Caudoviricetes,Caudoviricetes incertae sedis,Corndogvirus,unclassified Corndogvirus,,dsDNA,1623285,Corndogvirus
Mycolicibacterium smegmatis MC2 155,Duplodnaviria,Heunggongvirae,Uroviricota,Caudoviricetes,Caudoviricetes incertae sedis,Corndogvirus,Corndogvirus ryadel,,dsDNA,1623285,Corndogvirus
Pseudomonas aeruginosa,Duplodnaviria,Heunggongvirae,Uroviricota,Caudoviricetes,Caudoviricetes incertae sedis,Detrevirus,Detrevirus D3,,dsDNA,1623287,Detrevirus
Pseudomonas aeruginosa PAO1,Duplodnaviria,Heunggongvirae,Uroviricota,Caudoviricetes,Caudoviricetes incertae sedis,Detrevirus,unclassified Detrevirus,,dsDNA,1623287,Detrevirus
Pseudomonas aeruginosa,Duplodnaviria,Heunggongvirae,Uroviricota,Caudoviricetes,Caudoviricetes incertae sedis,Detrevirus,unclassified Detrevirus,,dsDNA,1623287,Detrevirus
Pseudomonas aeruginosa,Duplodnaviria,Heunggongvirae,Uroviricota,Caudoviricetes,Caudoviricetes incertae sedis,Detrevirus,Detrevirus PMG1,,dsDNA,1623287,Detrevirus
Pseudomonas sp.,Duplodnaviria,Heunggongvirae,Uroviricota,Caudoviricetes,Caudoviricetes incertae sedis,Detrevirus,unclassified Detrevirus,,dsDNA,1623287,Detrevirus
Acinetobacter baumannii,Duplodnaviria,Heunggongvirae,Uroviricota,Caudoviricetes,Caudoviricetes incertae sedis,Dhillonvirus,unclassified Dhillonvirus,,dsDNA,1623289,Dhillonvirus
Campylobacter jejuni,Duplodnaviria,Heunggongvirae,Uroviricota,Caudoviricetes,Caudoviricetes incertae sedis,Dhillonvirus,unclassified Dhillonvirus,,dsDNA,1623289,Dhillonvirus
Escherichia coli,Duplodnaviria,Heunggongvirae,Uroviricota,Caudoviricetes,Caudoviricetes incertae sedis,Dhillonvirus,unclassified Dhillonvirus,,dsDNA,1623289,Dhillonvirus
Escherichia coli BL21,Duplodnaviria,Heunggongvirae,Uroviricota,Caudoviricetes,Caudoviricetes incertae sedis,Dhillonvirus,unclassified Dhillonvirus,,dsDNA,1623289,Dhillonvirus
Escherichia coli,Duplodnaviria,Heunggongvirae,Uroviricota,Caudoviricetes,Caudoviricetes incertae sedis,Dhillonvirus,,,dsDNA,1623289,Dhillonvirus
,Duplodnaviria,Heunggongvirae,Uroviricota,Caudoviricetes,Caudoviricetes incertae sedis,Dhillonvirus,unclassified Dhillonvirus,,dsDNA,1623289,Dhillonvirus
Escherichia sp.,Duplodnaviria,Heunggongvirae,Uroviricota,Caudoviricetes,Caudoviricetes incertae sedis,Dhillonvirus,Dhillonvirus B2,,dsDNA,1623289,Dhillonvirus
Escherichia coli,Duplodnaviria,Heunggongvirae,Uroviricota,Caudoviricetes,Caudoviricetes incertae sedis,Dhillonvirus,Dhillonvirus BF9,,dsDNA,1623289,Dhillonvirus
Escherichia coli str. K-12 substr. MG1655,Duplodnaviria,Heunggongvirae,Uroviricota,Caudoviricetes,Caudoviricetes incertae sedis,Dhillonvirus,Dhillonvirus bob,,dsDNA,1623289,Dhillonvirus
Escherichia coli,Duplodnaviria,Heunggongvirae,Uroviricota,Caudoviricetes,Caudoviricetes incertae sedis,Dhillonvirus,Dhillonvirus CECKaz2018,,dsDNA,1623289,Dhillonvirus
Escherichia coli,Duplodnaviria,Heunggongvirae,Uroviricota,Caudoviricetes,Caudoviricetes incertae sedis,Dhillonvirus,Dhillonvirus EC115,,dsDNA,1623289,Dhillonvirus
Escherichia coli,Duplodnaviria,Heunggongvirae,Uroviricota,Caudoviricetes,Caudoviricetes incertae sedis,Dhillonvirus,Dhillonvirus EK99P1,,dsDNA,1623289,Dhillonvirus
Escherichia coli,Duplodnaviria,Heunggongvirae,Uroviricota,Caudoviricetes,Caudoviricetes incertae sedis,Dhillonvirus,Dhillonvirus envy,,dsDNA,1623289,Dhillonvirus
Escherichia coli K-12,Duplodnaviria,Heunggongvirae,Uroviricota,Caudoviricetes,Caudoviricetes incertae sedis,Dhillonvirus,Dhillonvirus georgbuechner,,dsDNA,1623289,Dhillonvirus
Escherichia coli,Duplodnaviria,Heunggongvirae,Uroviricota,Caudoviricetes,Caudoviricetes incertae sedis,Dhillonvirus,Dhillonvirus gluttony,,dsDNA,1623289,Dhillonvirus
Escherichia,Duplodnaviria,Heunggongvirae,Uroviricota,Caudoviricetes,Caudoviricetes incertae sedis,Dhillonvirus,Dhillonvirus gluttonyev152,,dsDNA,1623289,Dhillonvirus
Escherichia coli BW25113,Duplodnaviria,Heunggongvirae,Uroviricota,Caudoviricetes,Caudoviricetes incertae sedis,Dhillonvirus,unclassified Dhillonvirus,,dsDNA,1623289,Dhillonvirus
Escherichia sp.,Duplodnaviria,Heunggongvirae,Uroviricota,Caudoviricetes,Caudoviricetes incertae sedis,Dhillonvirus,unclassified Dhillonvirus,,dsDNA,1623289,Dhillonvirus
Escherichia coli,Duplodnaviria,Heunggongvirae,Uroviricota,Caudoviricetes,Caudoviricetes incertae sedis,Dhillonvirus,Dhillonvirus HK578,,dsDNA,1623289,Dhillonvirus
Escherichia coli str. K-12 substr. MG1655,Duplodnaviria,Heunggongvirae,Uroviricota,Caudoviricetes,Caudoviricetes incertae sedis,Dhillonvirus,Dhillonvirus jat,,dsDNA,1623289,Dhillonvirus
Escherichia coli O157:H7,Duplodnaviria,Heunggongvirae,Uroviricota,Caudoviricetes,Caudoviricetes incertae sedis,Dhillonvirus,Dhillonvirus JL1,,dsDNA,1623289,Dhillonvirus
Escherichia coli K-12,Duplodnaviria,Heunggongvirae,Uroviricota,Caudoviricetes,Caudoviricetes incertae sedis,Dhillonvirus,unclassified Dhillonvirus,,dsDNA,1623289,Dhillonvirus
Escherichia coli K-12,Duplodnaviria,Heunggongvirae,Uroviricota,Caudoviricetes,Caudoviricetes incertae sedis,Dhillonvirus,Dhillonvirus JLBYU37,,dsDNA,1623289,Dhillonvirus
Escherichia coli K-12,Duplodnaviria,Heunggongvirae,Uroviricota,Caudoviricetes,Caudoviricetes incertae sedis,Dhillonvirus,Dhillonvirus JLBYU60,,dsDNA,1623289,Dhillonvirus
Escherichia coli K-12,Duplodnaviria,Heunggongvirae,Uroviricota,Caudoviricetes,Caudoviricetes incertae sedis,Dhillonvirus,Dhillonvirus karlbarth,,dsDNA,1623289,Dhillonvirus
Escherichia coli str. K-12 substr. MG1655,Duplodnaviria,Heunggongvirae,Uroviricota,Caudoviricetes,Caudoviricetes incertae sedis,Dhillonvirus,Dhillonvirus mckay,,dsDNA,1623289,Dhillonvirus
Escherichia coli K-12,Duplodnaviria,Heunggongvirae,Uroviricota,Caudoviricetes,Caudoviricetes incertae sedis,Dhillonvirus,Dhillonvirus oekolampad,,dsDNA,1623289,Dhillonvirus
Escherichia coli K-12,Duplodnaviria,Heunggongvirae,Uroviricota,Caudoviricetes,Caudoviricetes incertae sedis,Dhillonvirus,Dhillonvirus paulfeyerabend,,dsDNA,1623289,Dhillonvirus
Escherichia sp.,Duplodnaviria,Heunggongvirae,Uroviricota,Caudoviricetes,Caudoviricetes incertae sedis,Dhillonvirus,Dhillonvirus PC2,,dsDNA,1623289,Dhillonvirus
Escherichia coli,Duplodnaviria,Heunggongvirae,Uroviricota,Caudoviricetes,Caudoviricetes incertae sedis,Dhillonvirus,Dhillonvirus PEC14,,dsDNA,1623289,Dhillonvirus
Escherichia coli str. K-12 substr. MG1655,Duplodnaviria,Heunggongvirae,Uroviricota,Caudoviricetes,Caudoviricetes incertae sedis,Dhillonvirus,Dhillonvirus rolling,,dsDNA,1623289,Dhillonvirus
Escherichia coli str. K-12 substr. MG1655,Duplodnaviria,Heunggongvirae,Uroviricota,Caudoviricetes,Caudoviricetes incertae sedis,Dhillonvirus,Dhillonvirus SECphi18,,dsDNA,1623289,Dhillonvirus
Escherichia coli str. K-12 substr. MG1655,Duplodnaviria,Heunggongvirae,Uroviricota,Caudoviricetes,Caudoviricetes incertae sedis,Dhillonvirus,unclassified Dhillonvirus,,dsDNA,1623289,Dhillonvirus
Escherichia coli str. K-12 substr. MG1655,Duplodnaviria,Heunggongvirae,Uroviricota,Caudoviricetes,Caudoviricetes incertae sedis,Dhillonvirus,Dhillonvirus slur05,,dsDNA,1623289,Dhillonvirus
Escherichia coli,Duplodnaviria,Heunggongvirae,Uroviricota,Caudoviricetes,Caudoviricetes incertae sedis,Dhillonvirus,Dhillonvirus SSL2009a,,dsDNA,1623289,Dhillonvirus
Escherichia coli K-12,Duplodnaviria,Heunggongvirae,Uroviricota,Caudoviricetes,Caudoviricetes incertae sedis,Dhillonvirus,Dhillonvirus theodorherzl,,dsDNA,1623289,Dhillonvirus
Escherichia coli O157:H7,Duplodnaviria,Heunggongvirae,Uroviricota,Caudoviricetes,Caudoviricetes incertae sedis,Dhillonvirus,Dhillonvirus UAEM101,,dsDNA,1623289,Dhillonvirus
Escherichia coli,Duplodnaviria,Heunggongvirae,Uroviricota,Caudoviricetes,Caudoviricetes incertae sedis,Dhillonvirus,Dhillonvirus opt212,,dsDNA,1623289,Dhillonvirus
Escherichia coli,Duplodnaviria,Heunggongvirae,Uroviricota,Caudoviricetes,Caudoviricetes incertae sedis,Dhillonvirus,Dhillonvirus Over9000,,dsDNA,1623289,Dhillonvirus
Escherichia coli,Duplodnaviria,Heunggongvirae,Uroviricota,Caudoviricetes,Caudoviricetes incertae sedis,Dhillonvirus,Dhillonvirus pubbukkers,,dsDNA,1623289,Dhillonvirus
Escherichia coli,Duplodnaviria,Heunggongvirae,Uroviricota,Caudoviricetes,Caudoviricetes incertae sedis,Dhillonvirus,Dhillonvirus teewinot,,dsDNA,1623289,Dhillonvirus
Escherichia coli,Duplodnaviria,Heunggongvirae,Uroviricota,Caudoviricetes,Caudoviricetes incertae sedis,Dhillonvirus,Dhillonvirus dv 101114BS4,,dsDNA,1623289,Dhillonvirus
Escherichia coli,Duplodnaviria,Heunggongvirae,Uroviricota,Caudoviricetes,Caudoviricetes incertae sedis,Dhillonvirus,Dhillonvirus CHD5UKE2,,dsDNA,1623289,Dhillonvirus
Escherichia coli,Duplodnaviria,Heunggongvirae,Uroviricota,Caudoviricetes,Caudoviricetes incertae sedis,Dhillonvirus,Dhillonvirus dv011D5,,dsDNA,1623289,Dhillonvirus
Escherichia coli,Duplodnaviria,Heunggongvirae,Uroviricota,Caudoviricetes,Caudoviricetes incertae sedis,Dhillonvirus,Dhillonvirus bov221,,dsDNA,1623289,Dhillonvirus
Escherichia coli,Duplodnaviria,Heunggongvirae,Uroviricota,Caudoviricetes,Caudoviricetes incertae sedis,Dhillonvirus,Dhillonvirus PNS1,,dsDNA,1623289,Dhillonvirus
Escherichia coli,Duplodnaviria,Heunggongvirae,Uroviricota,Caudoviricetes,Caudoviricetes incertae sedis,Dhillonvirus,Dhillonvirus PTXU06,,dsDNA,1623289,Dhillonvirus
Escherichia coli,Duplodnaviria,Heunggongvirae,Uroviricota,Caudoviricetes,Caudoviricetes incertae sedis,Dhillonvirus,Dhillonvirus sponge,,dsDNA,1623289,Dhillonvirus
Escherichia coli,Duplodnaviria,Heunggongvirae,Uroviricota,Caudoviricetes,Caudoviricetes incertae sedis,Dhillonvirus,Dhillonvirus WF5505,,dsDNA,1623289,Dhillonvirus
Escherichia coli,Duplodnaviria,Heunggongvirae,Uroviricota,Caudoviricetes,Caudoviricetes incertae sedis,Dhillonvirus,Dhillonvirus WF1,,dsDNA,1623289,Dhillonvirus
Escherichia coli,Duplodnaviria,Heunggongvirae,Uroviricota,Caudoviricetes,Caudoviricetes incertae sedis,Dhillonvirus,Dhillonvirus Zar3M,,dsDNA,1623289,Dhillonvirus
Escherichia,Duplodnaviria,Heunggongvirae,Uroviricota,Caudoviricetes,Caudoviricetes incertae sedis,Dhillonvirus,unclassified Dhillonvirus,,dsDNA,1623289,Dhillonvirus
Escherichia,Duplodnaviria,Heunggongvirae,Uroviricota,Caudoviricetes,Caudoviricetes incertae sedis,Dhillonvirus,Dhillonvirus maverick,,dsDNA,1623289,Dhillonvirus
Escherichia coli str. K-12 substr. MG1655,Duplodnaviria,Heunggongvirae,Uroviricota,Caudoviricetes,Caudoviricetes incertae sedis,Dhillonvirus,Dhillonvirus welsh,,dsDNA,1623289,Dhillonvirus
Escherichia coli,Duplodnaviria,Heunggongvirae,Uroviricota,Caudoviricetes,Caudoviricetes incertae sedis,Dhillonvirus,Dhillonvirus YD2008s,,dsDNA,1623289,Dhillonvirus
Escherichia coli O18,Duplodnaviria,Heunggongvirae,Uroviricota,Caudoviricetes,Caudoviricetes incertae sedis,Dhillonvirus,Dhillonvirus ZCEC10,,dsDNA,1623289,Dhillonvirus
Escherichia coli O18,Duplodnaviria,Heunggongvirae,Uroviricota,Caudoviricetes,Caudoviricetes incertae sedis,Dhillonvirus,unclassified Dhillonvirus,,dsDNA,1623289,Dhillonvirus
Salmonella enterica,Duplodnaviria,Heunggongvirae,Uroviricota,Caudoviricetes,Caudoviricetes incertae sedis,Dhillonvirus,unclassified Dhillonvirus,,dsDNA,1623289,Dhillonvirus
Shigella flexneri,Duplodnaviria,Heunggongvirae,Uroviricota,Caudoviricetes,Caudoviricetes incertae sedis,Dhillonvirus,unclassified Dhillonvirus,,dsDNA,1623289,Dhillonvirus
Shigella sonnei,Duplodnaviria,Heunggongvirae,Uroviricota,Caudoviricetes,Caudoviricetes incertae sedis,Dhillonvirus,Dhillonvirus EP23,,dsDNA,1623289,Dhillonvirus
Shigella boydii,Duplodnaviria,Heunggongvirae,Uroviricota,Caudoviricetes,Caudoviricetes incertae sedis,Dhillonvirus,Dhillonvirus stardew,,dsDNA,1623289,Dhillonvirus
Sodalis glossinidius,Duplodnaviria,Heunggongvirae,Uroviricota,Caudoviricetes,Caudoviricetes incertae sedis,Dhillonvirus,Dhillonvirus SO1,,dsDNA,1623289,Dhillonvirus
Streptococcus thermophilus,Duplodnaviria,Heunggongvirae,Uroviricota,Caudoviricetes,Caudoviricetes incertae sedis,Aliceevansviridae,Moineauvirus,unclassified Moineauvirus,dsDNA,1623304,Moineauvirus
Streptococcus sp.,Duplodnaviria,Heunggongvirae,Uroviricota,Caudoviricetes,Caudoviricetes incertae sedis,Aliceevansviridae,Moineauvirus,unclassified Moineauvirus,dsDNA,1623304,Moineauvirus
Streptococcus macedonicus,Duplodnaviria,Heunggongvirae,Uroviricota,Caudoviricetes,Caudoviricetes incertae sedis,Aliceevansviridae,Moineauvirus,unclassified Moineauvirus,dsDNA,1623304,Moineauvirus
Streptococcus,Duplodnaviria,Heunggongvirae,Uroviricota,Caudoviricetes,Caudoviricetes incertae sedis,Aliceevansviridae,Moineauvirus,unclassified Moineauvirus,dsDNA,1623304,Moineauvirus
Lactococcus lactis,Duplodnaviria,Heunggongvirae,Uroviricota,Caudoviricetes,Caudoviricetes incertae sedis,Skunavirus,unclassified Skunavirus,,dsDNA,1623305,Skunavirus
Lactococcus lactis,Duplodnaviria,Heunggongvirae,Uroviricota,Caudoviricetes,Caudoviricetes incertae sedis,Skunavirus,Skunavirus p272,,dsDNA,1623305,Skunavirus
Lactococcus lactis,Duplodnaviria,Heunggongvirae,Uroviricota,Caudoviricetes,Caudoviricetes incertae sedis,Skunavirus,Skunavirus P475,,dsDNA,1623305,Skunavirus
Lactococcus lactis,Duplodnaviria,Heunggongvirae,Uroviricota,Caudoviricetes,Caudoviricetes incertae sedis,Skunavirus,Skunavirus sv05601,,dsDNA,1623305,Skunavirus
Lactococcus lactis,Duplodnaviria,Heunggongvirae,Uroviricota,Caudoviricetes,Caudoviricetes incertae sedis,Skunavirus,Skunavirus sv10W18,,dsDNA,1623305,Skunavirus
Lactococcus lactis,Duplodnaviria,Heunggongvirae,Uroviricota,Caudoviricetes,Caudoviricetes incertae sedis,Skunavirus,Skunavirus sv3R16S,,dsDNA,1623305,Skunavirus
Lactococcus cremoris,Duplodnaviria,Heunggongvirae,Uroviricota,Caudoviricetes,Caudoviricetes incertae sedis,Skunavirus,Skunavirus sv3R16S,,dsDNA,1623305,Skunavirus
Lactococcus cremoris,Duplodnaviria,Heunggongvirae,Uroviricota,Caudoviricetes,Caudoviricetes incertae sedis,Skunavirus,Skunavirus sv13W11L,,dsDNA,1623305,Skunavirus
Lactococcus lactis,Duplodnaviria,Heunggongvirae,Uroviricota,Caudoviricetes,Caudoviricetes incertae sedis,Skunavirus,Skunavirus sv13W11L,,dsDNA,1623305,Skunavirus
Lactococcus lactis,Duplodnaviria,Heunggongvirae,Uroviricota,Caudoviricetes,Caudoviricetes incertae sedis,Skunavirus,Skunavirus sv16802,,dsDNA,1623305,Skunavirus
Lactococcus lactis,Duplodnaviria,Heunggongvirae,Uroviricota,Caudoviricetes,Caudoviricetes incertae sedis,Skunavirus,Skunavirus sv16W23,,dsDNA,1623305,Skunavirus
Lactococcus lactis subsp. lactis bv. diacetylactis,Duplodnaviria,Heunggongvirae,Uroviricota,Caudoviricetes,Caudoviricetes incertae sedis,Skunavirus,Skunavirus sv16W23,,dsDNA,1623305,Skunavirus
Lactococcus lactis subsp. lactis bv. diacetylactis,Duplodnaviria,Heunggongvirae,Uroviricota,Caudoviricetes,Caudoviricetes incertae sedis,Skunavirus,Skunavirus sv3R16S,,dsDNA,1623305,Skunavirus
Lactococcus lactis subsp. lactis bv. diacetylactis,Duplodnaviria,Heunggongvirae,Uroviricota,Caudoviricetes,Caudoviricetes incertae sedis,Skunavirus,Skunavirus sv10W18,,dsDNA,1623305,Skunavirus
Lactococcus lactis subsp. lactis bv. diacetylactis,Duplodnaviria,Heunggongvirae,Uroviricota,Caudoviricetes,Caudoviricetes incertae sedis,Skunavirus,unclassified Skunavirus,,dsDNA,1623305,Skunavirus
Lactococcus lactis,Duplodnaviria,Heunggongvirae,Uroviricota,Caudoviricetes,Caudoviricetes incertae sedis,Skunavirus,Skunavirus sv30804,,dsDNA,1623305,Skunavirus
Lactococcus cremoris,Duplodnaviria,Heunggongvirae,Uroviricota,Caudoviricetes,Caudoviricetes incertae sedis,Skunavirus,Skunavirus sv340,,dsDNA,1623305,Skunavirus
Lactococcus lactis subsp. lactis,Duplodnaviria,Heunggongvirae,Uroviricota,Caudoviricetes,Caudoviricetes incertae sedis,Skunavirus,Skunavirus sv340,,dsDNA,1623305,Skunavirus
Lactococcus lactis subsp. lactis Il1403,Duplodnaviria,Heunggongvirae,Uroviricota,Caudoviricetes,Caudoviricetes incertae sedis,Skunavirus,Skunavirus sv340,,dsDNA,1623305,Skunavirus
Lactococcus lactis,Duplodnaviria,Heunggongvirae,Uroviricota,Caudoviricetes,Caudoviricetes incertae sedis,Skunavirus,Skunavirus sv37201,,dsDNA,1623305,Skunavirus
Lactococcus lactis,Duplodnaviria,Heunggongvirae,Uroviricota,Caudoviricetes,Caudoviricetes incertae sedis,Skunavirus,Skunavirus sv38503,,dsDNA,1623305,Skunavirus
Lactococcus lactis,Duplodnaviria,Heunggongvirae,Uroviricota,Caudoviricetes,Caudoviricetes incertae sedis,Skunavirus,Skunavirus sv38507,,dsDNA,1623305,Skunavirus
Lactococcus lactis,Duplodnaviria,Heunggongvirae,Uroviricota,Caudoviricetes,Caudoviricetes incertae sedis,Skunavirus,Skunavirus sv42,,dsDNA,1623305,Skunavirus
Lactococcus lactis,Duplodnaviria,Heunggongvirae,Uroviricota,Caudoviricetes,Caudoviricetes incertae sedis,Skunavirus,Skunavirus sv51701,,dsDNA,1623305,Skunavirus
Lactococcus lactis,Duplodnaviria,Heunggongvirae,Uroviricota,Caudoviricetes,Caudoviricetes incertae sedis,Skunavirus,Skunavirus sv56003,,dsDNA,1623305,Skunavirus
Lactococcus lactis,Duplodnaviria,Heunggongvirae,Uroviricota,Caudoviricetes,Caudoviricetes incertae sedis,Skunavirus,Skunavirus sv56301,,dsDNA,1623305,Skunavirus
Lactococcus lactis,Duplodnaviria,Heunggongvirae,Uroviricota,Caudoviricetes,Caudoviricetes incertae sedis,Skunavirus,Skunavirus sv57001,,dsDNA,1623305,Skunavirus
Lactococcus lactis,Duplodnaviria,Heunggongvirae,Uroviricota,Caudoviricetes,Caudoviricetes incertae sedis,Skunavirus,Skunavirus sv62601,,dsDNA,1623305,Skunavirus
Lactococcus lactis,Duplodnaviria,Heunggongvirae,Uroviricota,Caudoviricetes,Caudoviricetes incertae sedis,Skunavirus,Skunavirus sv62605,,dsDNA,1623305,Skunavirus
Lactococcus lactis,Duplodnaviria,Heunggongvirae,Uroviricota,Caudoviricetes,Caudoviricetes incertae sedis,Skunavirus,Skunavirus sv63302,,dsDNA,1623305,Skunavirus
Lactococcus lactis,Duplodnaviria,Heunggongvirae,Uroviricota,Caudoviricetes,Caudoviricetes incertae sedis,Skunavirus,Skunavirus sv66901,,dsDNA,1623305,Skunavirus
Lactococcus lactis,Duplodnaviria,Heunggongvirae,Uroviricota,Caudoviricetes,Caudoviricetes incertae sedis,Skunavirus,Skunavirus sv712,,dsDNA,1623305,Skunavirus
Lactococcus lactis,Duplodnaviria,Heunggongvirae,Uroviricota,Caudoviricetes,Caudoviricetes incertae sedis,Skunavirus,Skunavirus sv79201,,dsDNA,1623305,Skunavirus
Lactococcus lactis,Duplodnaviria,Heunggongvirae,Uroviricota,Caudoviricetes,Caudoviricetes incertae sedis,Skunavirus,Skunavirus sv88605,,dsDNA,1623305,Skunavirus
Lactococcus lactis,Duplodnaviria,Heunggongvirae,Uroviricota,Caudoviricetes,Caudoviricetes incertae sedis,Skunavirus,Skunavirus sv8V08,,dsDNA,1623305,Skunavirus
Lactococcus,Duplodnaviria,Heunggongvirae,Uroviricota,Caudoviricetes,Caudoviricetes incertae sedis,Skunavirus,Skunavirus sv936,,dsDNA,1623305,Skunavirus
Lactococcus lactis,Duplodnaviria,Heunggongvirae,Uroviricota,Caudoviricetes,Caudoviricetes incertae sedis,Skunavirus,Skunavirus L18,,dsDNA,1623305,Skunavirus
Lactococcus lactis,Duplodnaviria,Heunggongvirae,Uroviricota,Caudoviricetes,Caudoviricetes incertae sedis,Skunavirus,Skunavirus sv109,,dsDNA,1623305,Skunavirus
Lactococcus lactis,Duplodnaviria,Heunggongvirae,Uroviricota,Caudoviricetes,Caudoviricetes incertae sedis,Skunavirus,Skunavirus sv44,,dsDNA,1623305,Skunavirus
Lactococcus lactis,Duplodnaviria,Heunggongvirae,Uroviricota,Caudoviricetes,Caudoviricetes incertae sedis,Skunavirus,Skunavirus sv155,,dsDNA,1623305,Skunavirus
Lactococcus lactis,Duplodnaviria,Heunggongvirae,Uroviricota,Caudoviricetes,Caudoviricetes incertae sedis,Skunavirus,Skunavirus sv193,,dsDNA,1623305,Skunavirus
Lactococcus lactis,Duplodnaviria,Heunggongvirae,Uroviricota,Caudoviricetes,Caudoviricetes incertae sedis,Skunavirus,Skunavirus i0139,,dsDNA,1623305,Skunavirus
Lactococcus lactis,Duplodnaviria,Heunggongvirae,Uroviricota,Caudoviricetes,Caudoviricetes incertae sedis,Skunavirus,Skunavirus sv512,,dsDNA,1623305,Skunavirus
Lactococcus lactis,Duplodnaviria,Heunggongvirae,Uroviricota,Caudoviricetes,Caudoviricetes incertae sedis,Skunavirus,Skunavirus sv91127,,dsDNA,1623305,Skunavirus
Lactococcus lactis,Duplodnaviria,Heunggongvirae,Uroviricota,Caudoviricetes,Caudoviricetes incertae sedis,Skunavirus,Skunavirus A16,,dsDNA,1623305,Skunavirus
Lactococcus lactis,Duplodnaviria,Heunggongvirae,Uroviricota,Caudoviricetes,Caudoviricetes incertae sedis,Skunavirus,Skunavirus B1127,,dsDNA,1623305,Skunavirus
Lactococcus lactis,Duplodnaviria,Heunggongvirae,Uroviricota,Caudoviricetes,Caudoviricetes incertae sedis,Skunavirus,Skunavirus E1127,,dsDNA,1623305,Skunavirus
Lactococcus lactis,Duplodnaviria,Heunggongvirae,Uroviricota,Caudoviricetes,Caudoviricetes incertae sedis,Skunavirus,Skunavirus F0139,,dsDNA,1623305,Skunavirus
Lactococcus lactis,Duplodnaviria,Heunggongvirae,Uroviricota,Caudoviricetes,Caudoviricetes incertae sedis,Skunavirus,Skunavirus JF1,,dsDNA,1623305,Skunavirus
Lactococcus lactis,Duplodnaviria,Heunggongvirae,Uroviricota,Caudoviricetes,Caudoviricetes incertae sedis,Skunavirus,Skunavirus L6,,dsDNA,1623305,Skunavirus
Lactococcus lactis,Duplodnaviria,Heunggongvirae,Uroviricota,Caudoviricetes,Caudoviricetes incertae sedis,Skunavirus,Skunavirus Lj,,dsDNA,1623305,Skunavirus
Lactococcus lactis,Duplodnaviria,Heunggongvirae,Uroviricota,Caudoviricetes,Caudoviricetes incertae sedis,Skunavirus,Skunavirus M1127,,dsDNA,1623305,Skunavirus
Lactococcus lactis,Duplodnaviria,Heunggongvirae,Uroviricota,Caudoviricetes,Caudoviricetes incertae sedis,Skunavirus,Skunavirus S0139,,dsDNA,1623305,Skunavirus
Lactococcus lactis,Duplodnaviria,Heunggongvirae,Uroviricota,Caudoviricetes,Caudoviricetes incertae sedis,Skunavirus,Skunavirus sv96401,,dsDNA,1623305,Skunavirus
Lactococcus lactis,Duplodnaviria,Heunggongvirae,Uroviricota,Caudoviricetes,Caudoviricetes incertae sedis,Skunavirus,Skunavirus sv96403,,dsDNA,1623305,Skunavirus
Lactococcus lactis,Duplodnaviria,Heunggongvirae,Uroviricota,Caudoviricetes,Caudoviricetes incertae sedis,Skunavirus,Skunavirus sv96603,,dsDNA,1623305,Skunavirus
Lactococcus lactis,Duplodnaviria,Heunggongvirae,Uroviricota,Caudoviricetes,Caudoviricetes incertae sedis,Skunavirus,Skunavirus ASCC191,,dsDNA,1623305,Skunavirus
Lactococcus lactis,Duplodnaviria,Heunggongvirae,Uroviricota,Caudoviricetes,Caudoviricetes incertae sedis,Skunavirus,Skunavirus ASCC273,,dsDNA,1623305,Skunavirus
Lactococcus lactis,Duplodnaviria,Heunggongvirae,Uroviricota,Caudoviricetes,Caudoviricetes incertae sedis,Skunavirus,Skunavirus ASCC281,,dsDNA,1623305,Skunavirus
Lactococcus lactis,Duplodnaviria,Heunggongvirae,Uroviricota,Caudoviricetes,Caudoviricetes incertae sedis,Skunavirus,Skunavirus ASCC532,,dsDNA,1623305,Skunavirus
Lactococcus lactis,Duplodnaviria,Heunggongvirae,Uroviricota,Caudoviricetes,Caudoviricetes incertae sedis,Skunavirus,Skunavirus ASCC465,,dsDNA,1623305,Skunavirus
Lactococcus,Duplodnaviria,Heunggongvirae,Uroviricota,Caudoviricetes,Caudoviricetes incertae sedis,Skunavirus,Skunavirus bibb29,,dsDNA,1623305,Skunavirus
Lactococcus,Duplodnaviria,Heunggongvirae,Uroviricota,Caudoviricetes,Caudoviricetes incertae sedis,Skunavirus,Skunavirus bIL170,,dsDNA,1623305,Skunavirus
Lactococcus cremoris,Duplodnaviria,Heunggongvirae,Uroviricota,Caudoviricetes,Caudoviricetes incertae sedis,Skunavirus,Skunavirus caseusJM1,,dsDNA,1623305,Skunavirus
Lactococcus cremoris,Duplodnaviria,Heunggongvirae,Uroviricota,Caudoviricetes,Caudoviricetes incertae sedis,Skunavirus,Skunavirus CB13,,dsDNA,1623305,Skunavirus
Lactococcus cremoris,Duplodnaviria,Heunggongvirae,Uroviricota,Caudoviricetes,Caudoviricetes incertae sedis,Skunavirus,Skunavirus CB14,,dsDNA,1623305,Skunavirus
Lactococcus cremoris,Duplodnaviria,Heunggongvirae,Uroviricota,Caudoviricetes,Caudoviricetes incertae sedis,Skunavirus,Skunavirus CB19,,dsDNA,1623305,Skunavirus
Lactococcus cremoris subsp. cremoris,Duplodnaviria,Heunggongvirae,Uroviricota,Caudoviricetes,Caudoviricetes incertae sedis,Skunavirus,Skunavirus CB19,,dsDNA,1623305,Skunavirus
Lactococcus cremoris,Duplodnaviria,Heunggongvirae,Uroviricota,Caudoviricetes,Caudoviricetes incertae sedis,Skunavirus,Skunavirus CHPC129,,dsDNA,1623305,Skunavirus
Lactococcus lactis,Duplodnaviria,Heunggongvirae,Uroviricota,Caudoviricetes,Caudoviricetes incertae sedis,Skunavirus,Skunavirus CHPC361,,dsDNA,1623305,Skunavirus
Lactococcus lactis,Duplodnaviria,Heunggongvirae,Uroviricota,Caudoviricetes,Caudoviricetes incertae sedis,Skunavirus,Skunavirus CHPC362,,dsDNA,1623305,Skunavirus
Lactococcus cremoris,Duplodnaviria,Heunggongvirae,Uroviricota,Caudoviricetes,Caudoviricetes incertae sedis,Skunavirus,Skunavirus CHPC52,,dsDNA,1623305,Skunavirus
Lactococcus cremoris,Duplodnaviria,Heunggongvirae,Uroviricota,Caudoviricetes,Caudoviricetes incertae sedis,Skunavirus,Skunavirus CHPC781,,dsDNA,1623305,Skunavirus
Lactococcus cremoris,Duplodnaviria,Heunggongvirae,Uroviricota,Caudoviricetes,Caudoviricetes incertae sedis,Skunavirus,Skunavirus CHPC958,,dsDNA,1623305,Skunavirus
Lactococcus cremoris,Duplodnaviria,Heunggongvirae,Uroviricota,Caudoviricetes,Caudoviricetes incertae sedis,Skunavirus,Skunavirus CHPC959,,dsDNA,1623305,Skunavirus
Lactococcus cremoris,Duplodnaviria,Heunggongvirae,Uroviricota,Caudoviricetes,Caudoviricetes incertae sedis,Skunavirus,Skunavirus CHPC964,,dsDNA,1623305,Skunavirus
Lactococcus cremoris,Duplodnaviria,Heunggongvirae,Uroviricota,Caudoviricetes,Caudoviricetes incertae sedis,Skunavirus,Skunavirus CHPC965,,dsDNA,1623305,Skunavirus
Lactococcus cremoris,Duplodnaviria,Heunggongvirae,Uroviricota,Caudoviricetes,Caudoviricetes incertae sedis,Skunavirus,unclassified Skunavirus,,dsDNA,1623305,Skunavirus
Lactococcus,Duplodnaviria,Heunggongvirae,Uroviricota,Caudoviricetes,Caudoviricetes incertae sedis,Skunavirus,Skunavirus fd13,,dsDNA,1623305,Skunavirus
Lactococcus cremoris,Duplodnaviria,Heunggongvirae,Uroviricota,Caudoviricetes,Caudoviricetes incertae sedis,Skunavirus,Skunavirus jm2,,dsDNA,1623305,Skunavirus
Lactococcus cremoris,Duplodnaviria,Heunggongvirae,Uroviricota,Caudoviricetes,Caudoviricetes incertae sedis,Skunavirus,Skunavirus jm3,,dsDNA,1623305,Skunavirus
Lactococcus cremoris,Duplodnaviria,Heunggongvirae,Uroviricota,Caudoviricetes,Caudoviricetes incertae sedis,Skunavirus,Skunavirus LP9903,,dsDNA,1623305,Skunavirus
Lactococcus cremoris,Duplodnaviria,Heunggongvirae,Uroviricota,Caudoviricetes,Caudoviricetes incertae sedis,Skunavirus,Skunavirus LP9908,,dsDNA,1623305,Skunavirus
Lactococcus cremoris,Duplodnaviria,Heunggongvirae,Uroviricota,Caudoviricetes,Caudoviricetes incertae sedis,Skunavirus,Skunavirus LP0209,,dsDNA,1623305,Skunavirus
Lactococcus cremoris,Duplodnaviria,Heunggongvirae,Uroviricota,Caudoviricetes,Caudoviricetes incertae sedis,Skunavirus,Skunavirus LP0903,,dsDNA,1623305,Skunavirus
Lactococcus lactis subsp. lactis Il1403,Duplodnaviria,Heunggongvirae,Uroviricota,Caudoviricetes,Caudoviricetes incertae sedis,Skunavirus,Skunavirus LP1502a,,dsDNA,1623305,Skunavirus
Lactococcus cremoris,Duplodnaviria,Heunggongvirae,Uroviricota,Caudoviricetes,Caudoviricetes incertae sedis,Skunavirus,Skunavirus LP8511,,dsDNA,1623305,Skunavirus
Lactococcus cremoris,Duplodnaviria,Heunggongvirae,Uroviricota,Caudoviricetes,Caudoviricetes incertae sedis,Skunavirus,Skunavirus LP9207,,dsDNA,1623305,Skunavirus
Lactococcus cremoris,Duplodnaviria,Heunggongvirae,Uroviricota,Caudoviricetes,Caudoviricetes incertae sedis,Skunavirus,Skunavirus LP9404,,dsDNA,1623305,Skunavirus
Lactococcus cremoris,Duplodnaviria,Heunggongvirae,Uroviricota,Caudoviricetes,Caudoviricetes incertae sedis,Skunavirus,Skunavirus LP9609,,dsDNA,1623305,Skunavirus
Lactococcus sp.,Duplodnaviria,Heunggongvirae,Uroviricota,Caudoviricetes,Caudoviricetes incertae sedis,Skunavirus,unclassified Skunavirus,,dsDNA,1623305,Skunavirus
Lactococcus lactis subsp. lactis bv. diacetylactis,Duplodnaviria,Heunggongvirae,Uroviricota,Caudoviricetes,Caudoviricetes incertae sedis,Skunavirus,Skunavirus MP1,,dsDNA,1623305,Skunavirus
Lactococcus lactis,Duplodnaviria,Heunggongvirae,Uroviricota,Caudoviricetes,Caudoviricetes incertae sedis,Skunavirus,Skunavirus MV10L,,dsDNA,1623305,Skunavirus
Lactococcus lactis subsp. lactis Il1403,Duplodnaviria,Heunggongvirae,Uroviricota,Caudoviricetes,Caudoviricetes incertae sedis,Skunavirus,Skunavirus P008,,dsDNA,1623305,Skunavirus
Lactococcus lactis,Duplodnaviria,Heunggongvirae,Uroviricota,Caudoviricetes,Caudoviricetes incertae sedis,Skunavirus,Skunavirus P1532,,dsDNA,1623305,Skunavirus
Lactococcus lactis,Duplodnaviria,Heunggongvirae,Uroviricota,Caudoviricetes,Caudoviricetes incertae sedis,Skunavirus,Skunavirus P4565,,dsDNA,1623305,Skunavirus
Lactococcus lactis,Duplodnaviria,Heunggongvirae,Uroviricota,Caudoviricetes,Caudoviricetes incertae sedis,Skunavirus,Skunavirus P656,,dsDNA,1623305,Skunavirus
Lactococcus lactis subsp. lactis,Duplodnaviria,Heunggongvirae,Uroviricota,Caudoviricetes,Caudoviricetes incertae sedis,Skunavirus,Skunavirus P680,,dsDNA,1623305,Skunavirus
Lactococcus lactis subsp. lactis Il1403,Duplodnaviria,Heunggongvirae,Uroviricota,Caudoviricetes,Caudoviricetes incertae sedis,Skunavirus,Skunavirus P680,,dsDNA,1623305,Skunavirus
Lactococcus sp.,Duplodnaviria,Heunggongvirae,Uroviricota,Caudoviricetes,Caudoviricetes incertae sedis,Skunavirus,Skunavirus sv145,,dsDNA,1623305,Skunavirus
Lactococcus sp.,Duplodnaviria,Heunggongvirae,Uroviricota,Caudoviricetes,Caudoviricetes incertae sedis,Skunavirus,Skunavirus sv15,,dsDNA,1623305,Skunavirus
Lactococcus cremoris,Duplodnaviria,Heunggongvirae,Uroviricota,Caudoviricetes,Caudoviricetes incertae sedis,Skunavirus,Skunavirus sv7,,dsDNA,1623305,Skunavirus
Lactococcus lactis,Duplodnaviria,Heunggongvirae,Uroviricota,Caudoviricetes,Caudoviricetes incertae sedis,Skunavirus,Skunavirus R31,,dsDNA,1623305,Skunavirus
Lactococcus lactis,Duplodnaviria,Heunggongvirae,Uroviricota,Caudoviricetes,Caudoviricetes incertae sedis,Skunavirus,Skunavirus sk1,,dsDNA,1623305,Skunavirus
Lactococcus cremoris subsp. cremoris,Duplodnaviria,Heunggongvirae,Uroviricota,Caudoviricetes,Caudoviricetes incertae sedis,Skunavirus,Skunavirus Sl4,,dsDNA,1623305,Skunavirus
Lactococcus lactis,Duplodnaviria,Heunggongvirae,Uroviricota,Caudoviricetes,Caudoviricetes incertae sedis,Skunavirus,Skunavirus bIBB5g1,,dsDNA,1623305,Skunavirus
Lactococcus lactis,Duplodnaviria,Heunggongvirae,Uroviricota,Caudoviricetes,Caudoviricetes incertae sedis,Skunavirus,Skunavirus bibb29,,dsDNA,1623305,Skunavirus
Lactococcus lactis,Duplodnaviria,Heunggongvirae,Uroviricota,Caudoviricetes,Caudoviricetes incertae sedis,Skunavirus,Skunavirus bIBBF12,,dsDNA,1623305,Skunavirus
Lactococcus cremoris subsp. cremoris MG1363,Duplodnaviria,Heunggongvirae,Uroviricota,Caudoviricetes,Caudoviricetes incertae sedis,Skunavirus,unclassified Skunavirus,,dsDNA,1623305,Skunavirus
Lactococcus cremoris,Duplodnaviria,Heunggongvirae,Uroviricota,Caudoviricetes,Caudoviricetes incertae sedis,Skunavirus,,,dsDNA,1623305,Skunavirus
Burkholderia,Duplodnaviria,Heunggongvirae,Uroviricota,Caudoviricetes,Caudoviricetes incertae sedis,Lessievirus,Lessievirus bcep22,,dsDNA,1720323,Lessievirus
Burkholderia cenocepacia,Duplodnaviria,Heunggongvirae,Uroviricota,Caudoviricetes,Caudoviricetes incertae sedis,Lessievirus,Lessievirus bcep22,,dsDNA,1720323,Lessievirus
Burkholderia cenocepacia,Duplodnaviria,Heunggongvirae,Uroviricota,Caudoviricetes,Caudoviricetes incertae sedis,Lessievirus,Lessievirus bcepil02,,dsDNA,1720323,Lessievirus
Burkholderia cenocepacia,Duplodnaviria,Heunggongvirae,Uroviricota,Caudoviricetes,Caudoviricetes incertae sedis,Lessievirus,Lessievirus bcepmigl,,dsDNA,1720323,Lessievirus
Burkholderia contaminans,Duplodnaviria,Heunggongvirae,Uroviricota,Caudoviricetes,Caudoviricetes incertae sedis,Lessievirus,unclassified Lessievirus,,dsDNA,1720323,Lessievirus
Burkholderia cepacia,Duplodnaviria,Heunggongvirae,Uroviricota,Caudoviricetes,Caudoviricetes incertae sedis,Lessievirus,Lessievirus DC1,,dsDNA,1720323,Lessievirus
Burkholderia cenocepacia,Duplodnaviria,Heunggongvirae,Uroviricota,Caudoviricetes,Caudoviricetes incertae sedis,Lessievirus,unclassified Lessievirus,,dsDNA,1720323,Lessievirus
Pseudomonas aeruginosa,Duplodnaviria,Heunggongvirae,Uroviricota,Caudoviricetes,Caudoviricetes incertae sedis,Hollowayvirus,unclassified Hollowayvirus,,dsDNA,1720324,Hollowayvirus
Pseudomonas sp.,Duplodnaviria,Heunggongvirae,Uroviricota,Caudoviricetes,Caudoviricetes incertae sedis,Hollowayvirus,Hollowayvirus Epa33,,dsDNA,1720324,Hollowayvirus
Pseudomonas aeruginosa,Duplodnaviria,Heunggongvirae,Uroviricota,Caudoviricetes,Caudoviricetes incertae sedis,Hollowayvirus,Hollowayvirus F116,,dsDNA,1720324,Hollowayvirus
Pseudomonas,Duplodnaviria,Heunggongvirae,Uroviricota,Caudoviricetes,Caudoviricetes incertae sedis,Hollowayvirus,unclassified Hollowayvirus,,dsDNA,1720324,Hollowayvirus
Pseudomonas aeruginosa PAO1,Duplodnaviria,Heunggongvirae,Uroviricota,Caudoviricetes,Caudoviricetes incertae sedis,Hollowayvirus,Hollowayvirus H66,,dsDNA,1720324,Hollowayvirus
Pseudomonas aeruginosa PAO1,Duplodnaviria,Heunggongvirae,Uroviricota,Caudoviricetes,Caudoviricetes incertae sedis,Hollowayvirus,Hollowayvirus LKA5,,dsDNA,1720324,Hollowayvirus
Pseudomonas aeruginosa PAO1,Duplodnaviria,Heunggongvirae,Uroviricota,Caudoviricetes,Caudoviricetes incertae sedis,Hollowayvirus,Hollowayvirus PA8,,dsDNA,1720324,Hollowayvirus
Pseudomonas,Duplodnaviria,Heunggongvirae,Uroviricota,Caudoviricetes,Caudoviricetes incertae sedis,Hollowayvirus,Hollowayvirus phiC725A,,dsDNA,1720324,Hollowayvirus
Pseudomonas,Duplodnaviria,Heunggongvirae,Uroviricota,Caudoviricetes,Caudoviricetes incertae sedis,Hollowayvirus,Hollowayvirus E220,,dsDNA,1720324,Hollowayvirus
Bacillus pumilus,Duplodnaviria,Heunggongvirae,Uroviricota,Caudoviricetes,Caudoviricetes incertae sedis,Herelleviridae,Bastillevirinae,Agatevirus,dsDNA,1910931,Agatevirus
Escherichia,Monodnaviria,Sangervirae,Phixviricota,Malgrandaviricetes,Petitvirales,Microviridae,Bullavirinae,Alphatrevirus,,1910951,Alphatrevirus
Escherichia coli K-12,Monodnaviria,Sangervirae,Phixviricota,Malgrandaviricetes,Petitvirales,Microviridae,Bullavirinae,Alphatrevirus,,1910951,Alphatrevirus
Escherichia coli,Monodnaviria,Sangervirae,Phixviricota,Malgrandaviricetes,Petitvirales,Microviridae,Bullavirinae,Gequatrovirus,,1910952,Gequatrovirus
Enterobacteriaceae,Monodnaviria,Sangervirae,Phixviricota,Malgrandaviricetes,Petitvirales,Microviridae,Bullavirinae,Gequatrovirus,,1910952,Gequatrovirus
Escherichia coli C,Monodnaviria,Sangervirae,Phixviricota,Malgrandaviricetes,Petitvirales,Microviridae,Bullavirinae,Gequatrovirus,,1910952,Gequatrovirus
Shigella sonnei,Monodnaviria,Sangervirae,Phixviricota,Malgrandaviricetes,Petitvirales,Microviridae,Bullavirinae,Gequatrovirus,,1910952,Gequatrovirus
Salmonella enterica subsp. enterica serovar Typhimurium str. LT2,Monodnaviria,Sangervirae,Phixviricota,Malgrandaviricetes,Petitvirales,Microviridae,Bullavirinae,Sinsheimervirus,,1910954,Sinsheimervirus
Protaetiibacter,Monodnaviria,Sangervirae,Phixviricota,Malgrandaviricetes,Petitvirales,Microviridae,Bullavirinae,Sinsheimervirus,,1910954,Sinsheimervirus
Salmonella enterica subsp. enterica serovar Typhimurium,Monodnaviria,Sangervirae,Phixviricota,Malgrandaviricetes,Petitvirales,Microviridae,Bullavirinae,Sinsheimervirus,,1910954,Sinsheimervirus
Shigella flexneri,Monodnaviria,Sangervirae,Phixviricota,Malgrandaviricetes,Petitvirales,Microviridae,Bullavirinae,Sinsheimervirus,,1910954,Sinsheimervirus
Escherichia coli,Duplodnaviria,Heunggongvirae,Uroviricota,Caudoviricetes,Caudoviricetes incertae sedis,Sarkviridae,Guernseyvirinae,Kagunavirus,dsDNA,1910992,Kagunavirus
Escherichia coli K1,Duplodnaviria,Heunggongvirae,Uroviricota,Caudoviricetes,Caudoviricetes incertae sedis,Sarkviridae,Guernseyvirinae,Kagunavirus,dsDNA,1910992,Kagunavirus
Escherichia,Duplodnaviria,Heunggongvirae,Uroviricota,Caudoviricetes,Caudoviricetes incertae sedis,Sarkviridae,Guernseyvirinae,Kagunavirus,dsDNA,1910992,Kagunavirus
Escherichia coli O145,Duplodnaviria,Heunggongvirae,Uroviricota,Caudoviricetes,Caudoviricetes incertae sedis,Sarkviridae,Guernseyvirinae,Kagunavirus,dsDNA,1910992,Kagunavirus
Escherichia coli O157:H7,Duplodnaviria,Heunggongvirae,Uroviricota,Caudoviricetes,Caudoviricetes incertae sedis,Sarkviridae,Guernseyvirinae,Kagunavirus,dsDNA,1910992,Kagunavirus
Escherichia coli BL21,Duplodnaviria,Heunggongvirae,Uroviricota,Caudoviricetes,Caudoviricetes incertae sedis,Sarkviridae,Guernseyvirinae,Kagunavirus,dsDNA,1910992,Kagunavirus
Raoultella sp.,Duplodnaviria,Heunggongvirae,Uroviricota,Caudoviricetes,Caudoviricetes incertae sedis,Sarkviridae,Guernseyvirinae,Kagunavirus,dsDNA,1910992,Kagunavirus
Salmonella enterica subsp. enterica serovar Cerro,Duplodnaviria,Heunggongvirae,Uroviricota,Caudoviricetes,Caudoviricetes incertae sedis,Sarkviridae,Guernseyvirinae,Cornellvirus,dsDNA,1910993,Cornellvirus
Salmonella enterica subsp. enterica serovar Infantis,Duplodnaviria,Heunggongvirae,Uroviricota,Caudoviricetes,Caudoviricetes incertae sedis,Sarkviridae,Guernseyvirinae,Cornellvirus,dsDNA,1910993,Cornellvirus
Escherichia coli O26:H11,Duplodnaviria,Heunggongvirae,Uroviricota,Caudoviricetes,Pantevenvirales,Straboviridae,Tevenvirinae,Mosigvirus,dsDNA,1913652,Mosigvirus
Escherichia coli O157:H7,Duplodnaviria,Heunggongvirae,Uroviricota,Caudoviricetes,Pantevenvirales,Straboviridae,Tevenvirinae,Mosigvirus,dsDNA,1913652,Mosigvirus
Escherichia,Duplodnaviria,Heunggongvirae,Uroviricota,Caudoviricetes,Pantevenvirales,Straboviridae,Tevenvirinae,Mosigvirus,dsDNA,1913652,Mosigvirus
Escherichia coli LF82,Duplodnaviria,Heunggongvirae,Uroviricota,Caudoviricetes,Pantevenvirales,Straboviridae,Tevenvirinae,Mosigvirus,dsDNA,1913652,Mosigvirus
Escherichia coli H8,Duplodnaviria,Heunggongvirae,Uroviricota,Caudoviricetes,Pantevenvirales,Straboviridae,Tevenvirinae,Mosigvirus,dsDNA,1913652,Mosigvirus
Escherichia coli O25b:H4-ST131,Duplodnaviria,Heunggongvirae,Uroviricota,Caudoviricetes,Pantevenvirales,Straboviridae,Tevenvirinae,Mosigvirus,dsDNA,1913652,Mosigvirus
,Duplodnaviria,Heunggongvirae,Uroviricota,Caudoviricetes,Pantevenvirales,Straboviridae,Tevenvirinae,Mosigvirus,dsDNA,1913652,Mosigvirus
Shigella sp.,Duplodnaviria,Heunggongvirae,Uroviricota,Caudoviricetes,Pantevenvirales,Straboviridae,Tevenvirinae,Mosigvirus,dsDNA,1913652,Mosigvirus
Campylobacter jejuni,Duplodnaviria,Heunggongvirae,Uroviricota,Caudoviricetes,Caudoviricetes incertae sedis,Vequintavirus,Vequintavirus PDX,Vequintavirus FFH2,dsDNA,1914852,Vequintavirus
Campylobacter jejuni,Duplodnaviria,Heunggongvirae,Uroviricota,Caudoviricetes,Caudoviricetes incertae sedis,Vequintavirus,unclassified Vequintavirus,,dsDNA,1914852,Vequintavirus
Campylobacter jejuni,Duplodnaviria,Heunggongvirae,Uroviricota,Caudoviricetes,Caudoviricetes incertae sedis,Vequintavirus,Vequintavirus murica,,dsDNA,1914852,Vequintavirus
Escherichia coli O157:H7,Duplodnaviria,Heunggongvirae,Uroviricota,Caudoviricetes,Caudoviricetes incertae sedis,Vequintavirus,Vequintavirus TP14,,dsDNA,1914852,Vequintavirus
Escherichia coli O157:H7,Duplodnaviria,Heunggongvirae,Uroviricota,Caudoviricetes,Caudoviricetes incertae sedis,Vequintavirus,Vequintavirus JES2013,,dsDNA,1914852,Vequintavirus
Escherichia coli O157:H7,Duplodnaviria,Heunggongvirae,Uroviricota,Caudoviricetes,Caudoviricetes incertae sedis,Vequintavirus,Vequintavirus V5,,dsDNA,1914852,Vequintavirus
Escherichia coli,Duplodnaviria,Heunggongvirae,Uroviricota,Caudoviricetes,Caudoviricetes incertae sedis,Vequintavirus,unclassified Vequintavirus,,dsDNA,1914852,Vequintavirus
Escherichia coli LF82,Duplodnaviria,Heunggongvirae,Uroviricota,Caudoviricetes,Caudoviricetes incertae sedis,Vequintavirus,Vequintavirus A512,,dsDNA,1914852,Vequintavirus
Escherichia coli K-12,Duplodnaviria,Heunggongvirae,Uroviricota,Caudoviricetes,Caudoviricetes incertae sedis,Vequintavirus,Vequintavirus alexboehm,,dsDNA,1914852,Vequintavirus
Escherichia coli,Duplodnaviria,Heunggongvirae,Uroviricota,Caudoviricetes,Caudoviricetes incertae sedis,Vequintavirus,Vequintavirus nomine,Vequintavirus APECc02,dsDNA,1914852,Vequintavirus
Escherichia coli K-12,Duplodnaviria,Heunggongvirae,Uroviricota,Caudoviricetes,Caudoviricetes incertae sedis,Vequintavirus,Vequintavirus murica,,dsDNA,1914852,Vequintavirus
Escherichia coli K-12,Duplodnaviria,Heunggongvirae,Uroviricota,Caudoviricetes,Caudoviricetes incertae sedis,Vequintavirus,Vequintavirus drschubert,,dsDNA,1914852,Vequintavirus
Escherichia coli,Duplodnaviria,Heunggongvirae,Uroviricota,Caudoviricetes,Caudoviricetes incertae sedis,Vequintavirus,Vequintavirus murica,,dsDNA,1914852,Vequintavirus
Escherichia coli K-12,Duplodnaviria,Heunggongvirae,Uroviricota,Caudoviricetes,Caudoviricetes incertae sedis,Vequintavirus,Vequintavirus eduardkellenberger,,dsDNA,1914852,Vequintavirus
Escherichia coli K-12,Duplodnaviria,Heunggongvirae,Uroviricota,Caudoviricetes,Caudoviricetes incertae sedis,Vequintavirus,Vequintavirus emilheitz,,dsDNA,1914852,Vequintavirus
Escherichia coli O157:H7,Duplodnaviria,Heunggongvirae,Uroviricota,Caudoviricetes,Caudoviricetes incertae sedis,Vequintavirus,Vequintavirus PDX,Vequintavirus FFH2,dsDNA,1914852,Vequintavirus
Escherichia coli,Duplodnaviria,Heunggongvirae,Uroviricota,Caudoviricetes,Caudoviricetes incertae sedis,Vequintavirus,Vequintavirus SYGMH1,Vequintavirus FV3,dsDNA,1914852,Vequintavirus
Escherichia coli LF82,Duplodnaviria,Heunggongvirae,Uroviricota,Caudoviricetes,Caudoviricetes incertae sedis,Vequintavirus,unclassified Vequintavirus,,dsDNA,1914852,Vequintavirus
Escherichia coli str. K-12 substr. MG1655,Duplodnaviria,Heunggongvirae,Uroviricota,Caudoviricetes,Caudoviricetes incertae sedis,Vequintavirus,Vequintavirus murica,,dsDNA,1914852,Vequintavirus
Escherichia coli str. K-12 substr. MG1655,Duplodnaviria,Heunggongvirae,Uroviricota,Caudoviricetes,Caudoviricetes incertae sedis,Vequintavirus,unclassified Vequintavirus,,dsDNA,1914852,Vequintavirus
Escherichia coli K-12,Duplodnaviria,Heunggongvirae,Uroviricota,Caudoviricetes,Caudoviricetes incertae sedis,Vequintavirus,Vequintavirus nomine,Vequintavirus APECc02,dsDNA,1914852,Vequintavirus
Escherichia coli,Duplodnaviria,Heunggongvirae,Uroviricota,Caudoviricetes,Caudoviricetes incertae sedis,Vequintavirus,Vequintavirus JEP1,,dsDNA,1914852,Vequintavirus
Escherichia coli str. K-12 substr. MG1655,Duplodnaviria,Heunggongvirae,Uroviricota,Caudoviricetes,Caudoviricetes incertae sedis,Vequintavirus,Vequintavirus JES2013,,dsDNA,1914852,Vequintavirus
Escherichia coli K-12,Duplodnaviria,Heunggongvirae,Uroviricota,Caudoviricetes,Caudoviricetes incertae sedis,Vequintavirus,Vequintavirus slur16,,dsDNA,1914852,Vequintavirus
Escherichia,Duplodnaviria,Heunggongvirae,Uroviricota,Caudoviricetes,Caudoviricetes incertae sedis,Vequintavirus,Vequintavirus LL12,,dsDNA,1914852,Vequintavirus
Escherichia fergusonii,Duplodnaviria,Heunggongvirae,Uroviricota,Caudoviricetes,Caudoviricetes incertae sedis,Vequintavirus,unclassified Vequintavirus,,dsDNA,1914852,Vequintavirus
Escherichia coli K-12,Duplodnaviria,Heunggongvirae,Uroviricota,Caudoviricetes,Caudoviricetes incertae sedis,Vequintavirus,unclassified Vequintavirus,,dsDNA,1914852,Vequintavirus
Escherichia coli K-12,Duplodnaviria,Heunggongvirae,Uroviricota,Caudoviricetes,Caudoviricetes incertae sedis,Vequintavirus,Vequintavirus maxburger,,dsDNA,1914852,Vequintavirus
Escherichia coli str. K-12 substr. MG1655,Duplodnaviria,Heunggongvirae,Uroviricota,Caudoviricetes,Caudoviricetes incertae sedis,Vequintavirus,Vequintavirus slur16,,dsDNA,1914852,Vequintavirus
Escherichia coli K-12,Duplodnaviria,Heunggongvirae,Uroviricota,Caudoviricetes,Caudoviricetes incertae sedis,Vequintavirus,Vequintavirus navn,,dsDNA,1914852,Vequintavirus
Escherichia coli K-12,Duplodnaviria,Heunggongvirae,Uroviricota,Caudoviricetes,Caudoviricetes incertae sedis,Vequintavirus,Vequintavirus nom,,dsDNA,1914852,Vequintavirus
Escherichia coli K-12,Duplodnaviria,Heunggongvirae,Uroviricota,Caudoviricetes,Caudoviricetes incertae sedis,Vequintavirus,Vequintavirus pangalan,,dsDNA,1914852,Vequintavirus
Escherichia coli,Duplodnaviria,Heunggongvirae,Uroviricota,Caudoviricetes,Caudoviricetes incertae sedis,Vequintavirus,Vequintavirus PDX,Vequintavirus FFH2,dsDNA,1914852,Vequintavirus
Escherichia coli,Duplodnaviria,Heunggongvirae,Uroviricota,Caudoviricetes,Caudoviricetes incertae sedis,Vequintavirus,Vequintavirus phiWec189,,dsDNA,1914852,Vequintavirus
Escherichia coli,Duplodnaviria,Heunggongvirae,Uroviricota,Caudoviricetes,Caudoviricetes incertae sedis,Vequintavirus,Vequintavirus phiWec191,,dsDNA,1914852,Vequintavirus
Escherichia coli,Duplodnaviria,Heunggongvirae,Uroviricota,Caudoviricetes,Caudoviricetes incertae sedis,Vequintavirus,Vequintavirus phiWec193,,dsDNA,1914852,Vequintavirus
Escherichia,Duplodnaviria,Heunggongvirae,Uroviricota,Caudoviricetes,Caudoviricetes incertae sedis,Vequintavirus,Vequintavirus rV5ev146,,dsDNA,1914852,Vequintavirus
Escherichia,Duplodnaviria,Heunggongvirae,Uroviricota,Caudoviricetes,Caudoviricetes incertae sedis,Vequintavirus,unclassified Vequintavirus,,dsDNA,1914852,Vequintavirus
Escherichia coli,Duplodnaviria,Heunggongvirae,Uroviricota,Caudoviricetes,Caudoviricetes incertae sedis,Vequintavirus,Vequintavirus slur16,,dsDNA,1914852,Vequintavirus
Escherichia coli,Duplodnaviria,Heunggongvirae,Uroviricota,Caudoviricetes,Caudoviricetes incertae sedis,Vequintavirus,Vequintavirus V18,,dsDNA,1914852,Vequintavirus
Escherichia coli O157,Duplodnaviria,Heunggongvirae,Uroviricota,Caudoviricetes,Caudoviricetes incertae sedis,Vequintavirus,Vequintavirus V5,,dsDNA,1914852,Vequintavirus
Escherichia coli,Duplodnaviria,Heunggongvirae,Uroviricota,Caudoviricetes,Caudoviricetes incertae sedis,Vequintavirus,Vequintavirus ECP26,,dsDNA,1914852,Vequintavirus
Escherichia coli,Duplodnaviria,Heunggongvirae,Uroviricota,Caudoviricetes,Caudoviricetes incertae sedis,Vequintavirus,Vequintavirus ECP32,,dsDNA,1914852,Vequintavirus
Escherichia coli O177,Duplodnaviria,Heunggongvirae,Uroviricota,Caudoviricetes,Caudoviricetes incertae sedis,Vequintavirus,unclassified Vequintavirus,,dsDNA,1914852,Vequintavirus
Escherichia,Duplodnaviria,Heunggongvirae,Uroviricota,Caudoviricetes,Caudoviricetes incertae sedis,Vequintavirus,Vequintavirus gotham,,dsDNA,1914852,Vequintavirus
Escherichia coli,Duplodnaviria,Heunggongvirae,Uroviricota,Caudoviricetes,Caudoviricetes incertae sedis,Vequintavirus,Vequintavirus HdK5,,dsDNA,1914852,Vequintavirus
Escherichia coli,Duplodnaviria,Heunggongvirae,Uroviricota,Caudoviricetes,Caudoviricetes incertae sedis,Vequintavirus,Vequintavirus sophiarose,,dsDNA,1914852,Vequintavirus
Escherichia coli K-12,Duplodnaviria,Heunggongvirae,Uroviricota,Caudoviricetes,Caudoviricetes incertae sedis,Vequintavirus,Vequintavirus waltergehring,,dsDNA,1914852,Vequintavirus
Escherichia coli,Duplodnaviria,Heunggongvirae,Uroviricota,Caudoviricetes,Caudoviricetes incertae sedis,Vequintavirus,Vequintavirus YP6,,dsDNA,1914852,Vequintavirus
Escherichia coli O17 str. K12a,Duplodnaviria,Heunggongvirae,Uroviricota,Caudoviricetes,Caudoviricetes incertae sedis,Vequintavirus,unclassified Vequintavirus,,dsDNA,1914852,Vequintavirus
Escherichia coli DH5[alpha],Duplodnaviria,Heunggongvirae,Uroviricota,Caudoviricetes,Caudoviricetes incertae sedis,Vequintavirus,Vequintavirus CM1,,dsDNA,1914852,Vequintavirus
,Duplodnaviria,Heunggongvirae,Uroviricota,Caudoviricetes,Caudoviricetes incertae sedis,Vequintavirus,Vequintavirus Aya,,dsDNA,1914852,Vequintavirus
Acinetobacter baumannii,Duplodnaviria,Heunggongvirae,Uroviricota,Caudoviricetes,Caudoviricetes incertae sedis,Obolenskvirus,unclassified Obolenskvirus,,dsDNA,1915205,Obolenskvirus
Acinetobacter baumannii,Duplodnaviria,Heunggongvirae,Uroviricota,Caudoviricetes,Caudoviricetes incertae sedis,Obolenskvirus,Obolenskvirus AB1,,dsDNA,1915205,Obolenskvirus
Acinetobacter baumannii,Duplodnaviria,Heunggongvirae,Uroviricota,Caudoviricetes,Caudoviricetes incertae sedis,Obolenskvirus,Obolenskvirus AbP2,,dsDNA,1915205,Obolenskvirus
Acinetobacter baumannii,Duplodnaviria,Heunggongvirae,Uroviricota,Caudoviricetes,Caudoviricetes incertae sedis,Obolenskvirus,Obolenskvirus AP22,,dsDNA,1915205,Obolenskvirus
Acinetobacter baumannii,Duplodnaviria,Heunggongvirae,Uroviricota,Caudoviricetes,Caudoviricetes incertae sedis,Obolenskvirus,Obolenskvirus LZ35,,dsDNA,1915205,Obolenskvirus
Acinetobacter baumannii,Duplodnaviria,Heunggongvirae,Uroviricota,Caudoviricetes,Caudoviricetes incertae sedis,Obolenskvirus,Obolenskvirus AB2,,dsDNA,1915205,Obolenskvirus
Acinetobacter pittii,Duplodnaviria,Heunggongvirae,Uroviricota,Caudoviricetes,Caudoviricetes incertae sedis,Obolenskvirus,unclassified Obolenskvirus,,dsDNA,1915205,Obolenskvirus
Acinetobacter baumannii,Duplodnaviria,Heunggongvirae,Uroviricota,Caudoviricetes,Caudoviricetes incertae sedis,Obolenskvirus,Obolenskvirus WCHABP1,,dsDNA,1915205,Obolenskvirus
Acinetobacter baumannii,Duplodnaviria,Heunggongvirae,Uroviricota,Caudoviricetes,Caudoviricetes incertae sedis,Obolenskvirus,Obolenskvirus WCHABP12,,dsDNA,1915205,Obolenskvirus
Acinetobacter nosocomialis,Duplodnaviria,Heunggongvirae,Uroviricota,Caudoviricetes,Caudoviricetes incertae sedis,Obolenskvirus,unclassified Obolenskvirus,,dsDNA,1915205,Obolenskvirus
Acinetobacter baumannii,Duplodnaviria,Heunggongvirae,Uroviricota,Caudoviricetes,Caudoviricetes incertae sedis,Obolenskvirus,Obolenskvirus AbC62,,dsDNA,1915205,Obolenskvirus
Staphylococcus aureus,Duplodnaviria,Heunggongvirae,Uroviricota,Caudoviricetes,Caudoviricetes incertae sedis,Obolenskvirus,Obolenskvirus AbC62,,dsDNA,1915205,Obolenskvirus
Escherichia coli,Duplodnaviria,Heunggongvirae,Uroviricota,Caudoviricetes,Caudoviricetes incertae sedis,Jilinvirus,unclassified Jilinvirus,,dsDNA,1918725,Jilinvirus
Escherichia coli,Duplodnaviria,Heunggongvirae,Uroviricota,Caudoviricetes,Caudoviricetes incertae sedis,Jilinvirus,Jilinvirus ep3,,dsDNA,1918725,Jilinvirus
Escherichia coli,Duplodnaviria,Heunggongvirae,Uroviricota,Caudoviricetes,Caudoviricetes incertae sedis,Jilinvirus,Jilinvirus CVM10,,dsDNA,1918725,Jilinvirus
Escherichia coli O78,Duplodnaviria,Heunggongvirae,Uroviricota,Caudoviricetes,Caudoviricetes incertae sedis,Jilinvirus,Jilinvirus ECOO78,,dsDNA,1918725,Jilinvirus
Salmonella enterica,Duplodnaviria,Heunggongvirae,Uroviricota,Caudoviricetes,Caudoviricetes incertae sedis,Jilinvirus,unclassified Jilinvirus,,dsDNA,1918725,Jilinvirus
Escherichia sp.,Duplodnaviria,Heunggongvirae,Uroviricota,Caudoviricetes,Caudoviricetes incertae sedis,Schitoviridae,Enquatrovirinae,Gamaleyavirus,dsDNA,1920753,Gamaleyavirus
Escherichia,Duplodnaviria,Heunggongvirae,Uroviricota,Caudoviricetes,Caudoviricetes incertae sedis,Schitoviridae,Enquatrovirinae,Gamaleyavirus,dsDNA,1920753,Gamaleyavirus
Klebsiella,Duplodnaviria,Heunggongvirae,Uroviricota,Caudoviricetes,Caudoviricetes incertae sedis,Schitoviridae,Enquatrovirinae,Gamaleyavirus,dsDNA,1920753,Gamaleyavirus
Shigella boydii,Duplodnaviria,Heunggongvirae,Uroviricota,Caudoviricetes,Caudoviricetes incertae sedis,Schitoviridae,Enquatrovirinae,Gamaleyavirus,dsDNA,1920753,Gamaleyavirus
Pseudomonas aeruginosa PAO1,Duplodnaviria,Heunggongvirae,Uroviricota,Caudoviricetes,Caudoviricetes incertae sedis,Schitoviridae,Migulavirinae,Litunavirus,dsDNA,1920762,Litunavirus
Pseudomonas aeruginosa,Duplodnaviria,Heunggongvirae,Uroviricota,Caudoviricetes,Caudoviricetes incertae sedis,Schitoviridae,Migulavirinae,Litunavirus,dsDNA,1920762,Litunavirus
Pseudomonas,Duplodnaviria,Heunggongvirae,Uroviricota,Caudoviricetes,Caudoviricetes incertae sedis,Schitoviridae,Migulavirinae,Litunavirus,dsDNA,1920762,Litunavirus
Pseudomonas sp.,Duplodnaviria,Heunggongvirae,Uroviricota,Caudoviricetes,Caudoviricetes incertae sedis,Schitoviridae,Migulavirinae,Litunavirus,dsDNA,1920762,Litunavirus
Pseudomonas aeruginosa ATCC 15442,Duplodnaviria,Heunggongvirae,Uroviricota,Caudoviricetes,Caudoviricetes incertae sedis,Schitoviridae,Migulavirinae,Litunavirus,dsDNA,1920762,Litunavirus
Acinetobacter baumannii,Duplodnaviria,Heunggongvirae,Uroviricota,Caudoviricetes,Autographivirales,Autoscriptoviridae,Slopekvirinae,Drulisvirus,dsDNA,1920774,Drulisvirus
Klebsiella pneumoniae,Duplodnaviria,Heunggongvirae,Uroviricota,Caudoviricetes,Autographivirales,Autoscriptoviridae,Slopekvirinae,Drulisvirus,dsDNA,1920774,Drulisvirus
Escherichia coli,Duplodnaviria,Heunggongvirae,Uroviricota,Caudoviricetes,Autographivirales,Autoscriptoviridae,Slopekvirinae,Drulisvirus,dsDNA,1920774,Drulisvirus
Klebsiella sp.,Duplodnaviria,Heunggongvirae,Uroviricota,Caudoviricetes,Autographivirales,Autoscriptoviridae,Slopekvirinae,Drulisvirus,dsDNA,1920774,Drulisvirus
Klebsiella pneumoniae subsp. pneumoniae NTUH-K2044,Duplodnaviria,Heunggongvirae,Uroviricota,Caudoviricetes,Autographivirales,Autoscriptoviridae,Slopekvirinae,Drulisvirus,dsDNA,1920774,Drulisvirus
Klebsiella pneumoniae subsp. pneumoniae,Duplodnaviria,Heunggongvirae,Uroviricota,Caudoviricetes,Autographivirales,Autoscriptoviridae,Slopekvirinae,Drulisvirus,dsDNA,1920774,Drulisvirus
Klebsiella michiganensis,Duplodnaviria,Heunggongvirae,Uroviricota,Caudoviricetes,Autographivirales,Autoscriptoviridae,Slopekvirinae,Drulisvirus,dsDNA,1920774,Drulisvirus
Klebsiella pneumoniae ATCC 43816,Duplodnaviria,Heunggongvirae,Uroviricota,Caudoviricetes,Autographivirales,Autoscriptoviridae,Slopekvirinae,Drulisvirus,dsDNA,1920774,Drulisvirus
Klebsiella pneumoniae subsp. pneumoniae KKBO-1,Duplodnaviria,Heunggongvirae,Uroviricota,Caudoviricetes,Autographivirales,Autoscriptoviridae,Slopekvirinae,Drulisvirus,dsDNA,1920774,Drulisvirus
Klebsiella,Duplodnaviria,Heunggongvirae,Uroviricota,Caudoviricetes,Autographivirales,Autoscriptoviridae,Slopekvirinae,Drulisvirus,dsDNA,1920774,Drulisvirus
,Duplodnaviria,Heunggongvirae,Uroviricota,Caudoviricetes,Autographivirales,Autoscriptoviridae,Slopekvirinae,Drulisvirus,dsDNA,1920774,Drulisvirus
Klebsiella aerogenes,Duplodnaviria,Heunggongvirae,Uroviricota,Caudoviricetes,Caudoviricetes incertae sedis,Drexlerviridae,Webervirus,Webervirus F20,dsDNA,1920860,Webervirus
Klebsiella pneumoniae,Duplodnaviria,Heunggongvirae,Uroviricota,Caudoviricetes,Caudoviricetes incertae sedis,Drexlerviridae,Webervirus,Webervirus 066039,dsDNA,1920860,Webervirus
Klebsiella sp.,Duplodnaviria,Heunggongvirae,Uroviricota,Caudoviricetes,Caudoviricetes incertae sedis,Drexlerviridae,Webervirus,Webervirus wv13,dsDNA,1920860,Webervirus
Klebsiella,Duplodnaviria,Heunggongvirae,Uroviricota,Caudoviricetes,Caudoviricetes incertae sedis,Drexlerviridae,Webervirus,Webervirus B1,dsDNA,1920860,Webervirus
Klebsiella pneumoniae subsp. pneumoniae CIP 52.145 = B5055,Duplodnaviria,Heunggongvirae,Uroviricota,Caudoviricetes,Caudoviricetes incertae sedis,Drexlerviridae,Webervirus,Webervirus cp1,dsDNA,1920860,Webervirus
Klebsiella pneumoniae 30684/NJST258_2,Duplodnaviria,Heunggongvirae,Uroviricota,Caudoviricetes,Caudoviricetes incertae sedis,Drexlerviridae,Webervirus,Webervirus cp17,dsDNA,1920860,Webervirus
Klebsiella pneumoniae subsp. pneumoniae,Duplodnaviria,Heunggongvirae,Uroviricota,Caudoviricetes,Caudoviricetes incertae sedis,Drexlerviridae,Webervirus,Webervirus KLPN1,dsDNA,1920860,Webervirus
Klebsiella oxytoca,Duplodnaviria,Heunggongvirae,Uroviricota,Caudoviricetes,Caudoviricetes incertae sedis,Drexlerviridae,Webervirus,Webervirus KOX1,dsDNA,1920860,Webervirus
Klebsiella pneumoniae KCTC 2242,Duplodnaviria,Heunggongvirae,Uroviricota,Caudoviricetes,Caudoviricetes incertae sedis,Drexlerviridae,Webervirus,Webervirus KPP2020,dsDNA,1920860,Webervirus
Klebsiella pneumoniae subsp. pneumoniae BJ1-GA,Duplodnaviria,Heunggongvirae,Uroviricota,Caudoviricetes,Caudoviricetes incertae sedis,Drexlerviridae,Webervirus,unclassified Webervirus,dsDNA,1920860,Webervirus
Klebsiella variicola 342,Duplodnaviria,Heunggongvirae,Uroviricota,Caudoviricetes,Caudoviricetes incertae sedis,Drexlerviridae,Webervirus,Webervirus mtp17,dsDNA,1920860,Webervirus
Klebsiella pneumoniae subsp. pneumoniae SA1,Duplodnaviria,Heunggongvirae,Uroviricota,Caudoviricetes,Caudoviricetes incertae sedis,Drexlerviridae,Webervirus,unclassified Webervirus,dsDNA,1920860,Webervirus
Klebsiella pneumoniae CG43,Duplodnaviria,Heunggongvirae,Uroviricota,Caudoviricetes,Caudoviricetes incertae sedis,Drexlerviridae,Webervirus,Webervirus mtp31,dsDNA,1920860,Webervirus
Klebsiella pneumoniae subsp. pneumoniae KPNIH1,Duplodnaviria,Heunggongvirae,Uroviricota,Caudoviricetes,Caudoviricetes incertae sedis,Drexlerviridae,Webervirus,Webervirus mezzogao,dsDNA,1920860,Webervirus
Klebsiella variicola,Duplodnaviria,Heunggongvirae,Uroviricota,Caudoviricetes,Caudoviricetes incertae sedis,Drexlerviridae,Webervirus,unclassified Webervirus,dsDNA,1920860,Webervirus
Klebsiella pneumoniae subsp. pneumoniae NTUH-K2044,Duplodnaviria,Heunggongvirae,Uroviricota,Caudoviricetes,Caudoviricetes incertae sedis,Drexlerviridae,Webervirus,unclassified Webervirus,dsDNA,1920860,Webervirus
Shigella sp.,Duplodnaviria,Heunggongvirae,Uroviricota,Caudoviricetes,Caudoviricetes incertae sedis,Drexlerviridae,Webervirus,unclassified Webervirus,dsDNA,1920860,Webervirus
Stenotrophomonas maltophilia,Duplodnaviria,Heunggongvirae,Uroviricota,Caudoviricetes,Caudoviricetes incertae sedis,Drexlerviridae,Webervirus,Webervirus BUCT705,dsDNA,1920860,Webervirus
Pseudomonas aeruginosa,Duplodnaviria,Heunggongvirae,Uroviricota,Caudoviricetes,Caudoviricetes incertae sedis,Septimatrevirus,Septimatrevirus C1,Septimatrevirus sv73,dsDNA,1921544,Septimatrevirus
Pseudomonas aeruginosa,Duplodnaviria,Heunggongvirae,Uroviricota,Caudoviricetes,Caudoviricetes incertae sedis,Septimatrevirus,unclassified Septimatrevirus,,dsDNA,1921544,Septimatrevirus
Pseudomonas aeruginosa,Duplodnaviria,Heunggongvirae,Uroviricota,Caudoviricetes,Caudoviricetes incertae sedis,Septimatrevirus,Septimatrevirus PX5,,dsDNA,1921544,Septimatrevirus
Pseudomonas sp.,Duplodnaviria,Heunggongvirae,Uroviricota,Caudoviricetes,Caudoviricetes incertae sedis,Septimatrevirus,Septimatrevirus epa40,,dsDNA,1921544,Septimatrevirus
Pseudomonas sp.,Duplodnaviria,Heunggongvirae,Uroviricota,Caudoviricetes,Caudoviricetes incertae sedis,Septimatrevirus,unclassified Septimatrevirus,,dsDNA,1921544,Septimatrevirus
Pseudomonas aeruginosa,Duplodnaviria,Heunggongvirae,Uroviricota,Caudoviricetes,Caudoviricetes incertae sedis,Septimatrevirus,Septimatrevirus guyu,,dsDNA,1921544,Septimatrevirus
Pseudomonas aeruginosa DSM 50071 = NBRC 12689,Duplodnaviria,Heunggongvirae,Uroviricota,Caudoviricetes,Caudoviricetes incertae sedis,Septimatrevirus,unclassified Septimatrevirus,,dsDNA,1921544,Septimatrevirus
Pseudomonas aeruginosa,Duplodnaviria,Heunggongvirae,Uroviricota,Caudoviricetes,Caudoviricetes incertae sedis,Septimatrevirus,Septimatrevirus kaya,,dsDNA,1921544,Septimatrevirus
Pseudomonas aeruginosa,Duplodnaviria,Heunggongvirae,Uroviricota,Caudoviricetes,Caudoviricetes incertae sedis,Septimatrevirus,Septimatrevirus kopi,,dsDNA,1921544,Septimatrevirus
Pseudomonas aeruginosa,Duplodnaviria,Heunggongvirae,Uroviricota,Caudoviricetes,Caudoviricetes incertae sedis,Septimatrevirus,Septimatrevirus kakheti25,,dsDNA,1921544,Septimatrevirus
Pseudomonas syringae,Duplodnaviria,Heunggongvirae,Uroviricota,Caudoviricetes,Caudoviricetes incertae sedis,Septimatrevirus,unclassified Septimatrevirus,,dsDNA,1921544,Septimatrevirus
Pseudomonas aeruginosa,Duplodnaviria,Heunggongvirae,Uroviricota,Caudoviricetes,Caudoviricetes incertae sedis,Septimatrevirus,Septimatrevirus tehO,,dsDNA,1921544,Septimatrevirus
Pseudomonas aeruginosa,Duplodnaviria,Heunggongvirae,Uroviricota,Caudoviricetes,Caudoviricetes incertae sedis,Septimatrevirus,Septimatrevirus UFRH1,,dsDNA,1921544,Septimatrevirus
Pseudomonas aeruginosa PAO1,Duplodnaviria,Heunggongvirae,Uroviricota,Caudoviricetes,Caudoviricetes incertae sedis,Septimatrevirus,unclassified Septimatrevirus,,dsDNA,1921544,Septimatrevirus
Pseudomonas aeruginosa,Duplodnaviria,Heunggongvirae,Uroviricota,Caudoviricetes,Caudoviricetes incertae sedis,Septimatrevirus,Septimatrevirus yazdi,,dsDNA,1921544,Septimatrevirus
Pseudomonas aeruginosa,Duplodnaviria,Heunggongvirae,Uroviricota,Caudoviricetes,Caudoviricetes incertae sedis,Septimatrevirus,Septimatrevirus Ab26,,dsDNA,1921544,Septimatrevirus
Pseudomonas aeruginosa,Duplodnaviria,Heunggongvirae,Uroviricota,Caudoviricetes,Caudoviricetes incertae sedis,Septimatrevirus,Septimatrevirus SCUTS3,,dsDNA,1921544,Septimatrevirus
Pseudomonas,Duplodnaviria,Heunggongvirae,Uroviricota,Caudoviricetes,Caudoviricetes incertae sedis,Septimatrevirus,unclassified Septimatrevirus,,dsDNA,1921544,Septimatrevirus
Pseudomonas aeruginosa PAO1,Duplodnaviria,Heunggongvirae,Uroviricota,Caudoviricetes,Caudoviricetes incertae sedis,Septimatrevirus,Septimatrevirus kakheti25,,dsDNA,1921544,Septimatrevirus
Pseudomonas syringae,Duplodnaviria,Heunggongvirae,Uroviricota,Caudoviricetes,Caudoviricetes incertae sedis,Septimatrevirus,,,dsDNA,1921544,Septimatrevirus
Stenotrophomonas maltophilia,Duplodnaviria,Heunggongvirae,Uroviricota,Caudoviricetes,Caudoviricetes incertae sedis,Septimatrevirus,Septimatrevirus DLP1,,dsDNA,1921544,Septimatrevirus
Stenotrophomonas maltophilia,Duplodnaviria,Heunggongvirae,Uroviricota,Caudoviricetes,Caudoviricetes incertae sedis,Septimatrevirus,Septimatrevirus DLP2,,dsDNA,1921544,Septimatrevirus
Stenotrophomonas maltophilia,Duplodnaviria,Heunggongvirae,Uroviricota,Caudoviricetes,Caudoviricetes incertae sedis,Septimatrevirus,unclassified Septimatrevirus,,dsDNA,1921544,Septimatrevirus
Xanthomonas sp.,Duplodnaviria,Heunggongvirae,Uroviricota,Caudoviricetes,Caudoviricetes incertae sedis,Septimatrevirus,unclassified Septimatrevirus,,dsDNA,1921544,Septimatrevirus
Xanthomonas sp.,Duplodnaviria,Heunggongvirae,Uroviricota,Caudoviricetes,Caudoviricetes incertae sedis,Septimatrevirus,Septimatrevirus samson,,dsDNA,1921544,Septimatrevirus
Xanthomonas arboricola pv. juglandis,Duplodnaviria,Heunggongvirae,Uroviricota,Caudoviricetes,Caudoviricetes incertae sedis,Septimatrevirus,Septimatrevirus DoCa1,,dsDNA,1921544,Septimatrevirus
Xanthomonas arboricola pv. juglandis,Duplodnaviria,Heunggongvirae,Uroviricota,Caudoviricetes,Caudoviricetes incertae sedis,Septimatrevirus,unclassified Septimatrevirus,,dsDNA,1921544,Septimatrevirus
Meles meles,Monodnaviria,Shotokuvirae,Cressdnaviricota,Repensiviricetes,Geplafuvirales,Genomoviridae,Gemykibivirus,Gemykibivirus badas1,,1941236,Gemykibivirus
Hipposideros larvatus,Monodnaviria,Shotokuvirae,Cressdnaviricota,Repensiviricetes,Geplafuvirales,Genomoviridae,Gemykibivirus,Gemykibivirus hipla1,,1941236,Gemykibivirus
Bemisia tabaci,Monodnaviria,Shotokuvirae,Cressdnaviricota,Repensiviricetes,Geplafuvirales,Genomoviridae,Gemykibivirus,Gemykibivirus bemta1,,1941236,Gemykibivirus
Petroica traversi,Monodnaviria,Shotokuvirae,Cressdnaviricota,Repensiviricetes,Geplafuvirales,Genomoviridae,Gemykibivirus,Gemykibivirus blaro1,,1941236,Gemykibivirus
Turdus merula,Monodnaviria,Shotokuvirae,Cressdnaviricota,Repensiviricetes,Geplafuvirales,Genomoviridae,Gemykibivirus,Gemykibivirus blabi1,,1941236,Gemykibivirus
Bos taurus,Monodnaviria,Shotokuvirae,Cressdnaviricota,Repensiviricetes,Geplafuvirales,Genomoviridae,Gemykibivirus,Gemykibivirus bovas1,,1941236,Gemykibivirus
Canis lupus familiaris,Monodnaviria,Shotokuvirae,Cressdnaviricota,Repensiviricetes,Geplafuvirales,Genomoviridae,Gemykibivirus,Gemykibivirus canfam1,,1941236,Gemykibivirus
root,Monodnaviria,Shotokuvirae,Cressdnaviricota,Repensiviricetes,Geplafuvirales,Genomoviridae,Gemykibivirus,Gemykibivirus hydro3,,1941236,Gemykibivirus
Bos,Monodnaviria,Shotokuvirae,Cressdnaviricota,Repensiviricetes,Geplafuvirales,Genomoviridae,Gemykibivirus,Gemykibivirus cowchi1,,1941236,Gemykibivirus
Gallus gallus,Monodnaviria,Shotokuvirae,Cressdnaviricota,Repensiviricetes,Geplafuvirales,Genomoviridae,Gemykibivirus,Gemykibivirus galga3,,1941236,Gemykibivirus
Cybaeus,Monodnaviria,Shotokuvirae,Cressdnaviricota,Repensiviricetes,Geplafuvirales,Genomoviridae,Gemykibivirus,Gemykibivirus cybusi1,,1941236,Gemykibivirus
Miathyria marcella,Monodnaviria,Shotokuvirae,Cressdnaviricota,Repensiviricetes,Geplafuvirales,Genomoviridae,Gemykibivirus,Gemykibivirus draga1,,1941236,Gemykibivirus
Haemorhous mexicanus,Monodnaviria,Shotokuvirae,Cressdnaviricota,Repensiviricetes,Geplafuvirales,Genomoviridae,Gemykibivirus,Gemykibivirus haeme5,,1941236,Gemykibivirus
Homo sapiens,Monodnaviria,Shotokuvirae,Cressdnaviricota,Repensiviricetes,Geplafuvirales,Genomoviridae,Gemykibivirus,Gemykibivirus humas3,,1941236,Gemykibivirus
Gopherus,Monodnaviria,Shotokuvirae,Cressdnaviricota,Repensiviricetes,Geplafuvirales,Genomoviridae,Gemykibivirus,Gemykibivirus haeme2,,1941236,Gemykibivirus
Herpestes ichneumon,Monodnaviria,Shotokuvirae,Cressdnaviricota,Repensiviricetes,Geplafuvirales,Genomoviridae,Gemykibivirus,Gemykibivirus rhina1,,1941236,Gemykibivirus
Pteropus tonganus,Monodnaviria,Shotokuvirae,Cressdnaviricota,Repensiviricetes,Geplafuvirales,Genomoviridae,Gemykibivirus,Gemykibivirus ptero1,,1941236,Gemykibivirus
Poaceae sp.,Monodnaviria,Shotokuvirae,Cressdnaviricota,Repensiviricetes,Geplafuvirales,Genomoviridae,Gemykibivirus,Gemykibivirus planta1,,1941236,Gemykibivirus
Carnegiea gigantea,Monodnaviria,Shotokuvirae,Cressdnaviricota,Repensiviricetes,Geplafuvirales,Genomoviridae,Gemykibivirus,Gemykibivirus planta2,,1941236,Gemykibivirus
Cynodon sp.,Monodnaviria,Shotokuvirae,Cressdnaviricota,Repensiviricetes,Geplafuvirales,Genomoviridae,Gemykibivirus,Gemykibivirus cynas1,,1941236,Gemykibivirus
Sus scrofa,Monodnaviria,Shotokuvirae,Cressdnaviricota,Repensiviricetes,Geplafuvirales,Genomoviridae,Gemykibivirus,Gemykibivirus anima1,,1941236,Gemykibivirus
Rhinolophus hipposideros,Monodnaviria,Shotokuvirae,Cressdnaviricota,Repensiviricetes,Geplafuvirales,Genomoviridae,Gemykibivirus,Gemykibivirus rhina1,,1941236,Gemykibivirus
Rhinolophus ferrumequinum,Monodnaviria,Shotokuvirae,Cressdnaviricota,Repensiviricetes,Geplafuvirales,Genomoviridae,Gemykibivirus,Gemykibivirus rhina2,,1941236,Gemykibivirus
Echinothrips americanus,Monodnaviria,Shotokuvirae,Cressdnaviricota,Repensiviricetes,Geplafuvirales,Genomoviridae,Gemykibivirus,Gemykibivirus echi1,,1941236,Gemykibivirus
[Arthrobacter] sp. ATCC 21022,Duplodnaviria,Heunggongvirae,Uroviricota,Caudoviricetes,Caudoviricetes incertae sedis,Mudcatvirus,Mudcatvirus arcadia,,dsDNA,1982088,Mudcatvirus
Arthrobacter sp.,Duplodnaviria,Heunggongvirae,Uroviricota,Caudoviricetes,Caudoviricetes incertae sedis,Mudcatvirus,unclassified Mudcatvirus,,dsDNA,1982088,Mudcatvirus
[Arthrobacter] sp. ATCC 21022,Duplodnaviria,Heunggongvirae,Uroviricota,Caudoviricetes,Caudoviricetes incertae sedis,Mudcatvirus,Mudcatvirus cheesy,,dsDNA,1982088,Mudcatvirus
[Arthrobacter] sp. ATCC 21022,Duplodnaviria,Heunggongvirae,Uroviricota,Caudoviricetes,Caudoviricetes incertae sedis,Mudcatvirus,Mudcatvirus circum,,dsDNA,1982088,Mudcatvirus
[Arthrobacter] sp. ATCC 21022,Duplodnaviria,Heunggongvirae,Uroviricota,Caudoviricetes,Caudoviricetes incertae sedis,Mudcatvirus,Mudcatvirus correa,,dsDNA,1982088,Mudcatvirus
Arthrobacter sp.,Duplodnaviria,Heunggongvirae,Uroviricota,Caudoviricetes,Caudoviricetes incertae sedis,Mudcatvirus,Mudcatvirus dynamite,,dsDNA,1982088,Mudcatvirus
[Arthrobacter] sp. ATCC 21022,Duplodnaviria,Heunggongvirae,Uroviricota,Caudoviricetes,Caudoviricetes incertae sedis,Mudcatvirus,unclassified Mudcatvirus,,dsDNA,1982088,Mudcatvirus
[Arthrobacter] sp. ATCC 21022,Duplodnaviria,Heunggongvirae,Uroviricota,Caudoviricetes,Caudoviricetes incertae sedis,Mudcatvirus,Mudcatvirus heisenberger,,dsDNA,1982088,Mudcatvirus
Arthrobacter sp.,Duplodnaviria,Heunggongvirae,Uroviricota,Caudoviricetes,Caudoviricetes incertae sedis,Mudcatvirus,Mudcatvirus JEGGS,,dsDNA,1982088,Mudcatvirus
Arthrobacter sp.,Duplodnaviria,Heunggongvirae,Uroviricota,Caudoviricetes,Caudoviricetes incertae sedis,Mudcatvirus,Mudcatvirus kardesai,,dsDNA,1982088,Mudcatvirus
Arthrobacter sp.,Duplodnaviria,Heunggongvirae,Uroviricota,Caudoviricetes,Caudoviricetes incertae sedis,Mudcatvirus,Mudcatvirus keaneylin,,dsDNA,1982088,Mudcatvirus
[Arthrobacter] sp. ATCC 21022,Duplodnaviria,Heunggongvirae,Uroviricota,Caudoviricetes,Caudoviricetes incertae sedis,Mudcatvirus,Mudcatvirus mudcat,,dsDNA,1982088,Mudcatvirus
[Arthrobacter] sp. ATCC 21022,Duplodnaviria,Heunggongvirae,Uroviricota,Caudoviricetes,Caudoviricetes incertae sedis,Mudcatvirus,Mudcatvirus tribby,,dsDNA,1982088,Mudcatvirus
Arthrobacter sp.,Duplodnaviria,Heunggongvirae,Uroviricota,Caudoviricetes,Caudoviricetes incertae sedis,Mudcatvirus,Mudcatvirus xenomorph,,dsDNA,1982088,Mudcatvirus
Arthrobacter sp.,Duplodnaviria,Heunggongvirae,Uroviricota,Caudoviricetes,Caudoviricetes incertae sedis,Gordonvirus,Gordonvirus breylor17,,dsDNA,1982152,Gordonvirus
[Arthrobacter] sp. ATCC 21022,Duplodnaviria,Heunggongvirae,Uroviricota,Caudoviricetes,Caudoviricetes incertae sedis,Gordonvirus,Gordonvirus captnmurica,,dsDNA,1982152,Gordonvirus
Arthrobacter sp.,Duplodnaviria,Heunggongvirae,Uroviricota,Caudoviricetes,Caudoviricetes incertae sedis,Gordonvirus,Gordonvirus castortray,,dsDNA,1982152,Gordonvirus
Arthrobacter sp.,Duplodnaviria,Heunggongvirae,Uroviricota,Caudoviricetes,Caudoviricetes incertae sedis,Gordonvirus,unclassified Gordonvirus,,dsDNA,1982152,Gordonvirus
[Arthrobacter] sp. ATCC 21022,Duplodnaviria,Heunggongvirae,Uroviricota,Caudoviricetes,Caudoviricetes incertae sedis,Gordonvirus,Gordonvirus darby,,dsDNA,1982152,Gordonvirus
Arthrobacter sp.,Duplodnaviria,Heunggongvirae,Uroviricota,Caudoviricetes,Caudoviricetes incertae sedis,Gordonvirus,Gordonvirus devitoJr,,dsDNA,1982152,Gordonvirus
[Arthrobacter] sp. ATCC 21022,Duplodnaviria,Heunggongvirae,Uroviricota,Caudoviricetes,Caudoviricetes incertae sedis,Gordonvirus,unclassified Gordonvirus,,dsDNA,1982152,Gordonvirus
Arthrobacter globiformis,Duplodnaviria,Heunggongvirae,Uroviricota,Caudoviricetes,Caudoviricetes incertae sedis,Gordonvirus,unclassified Gordonvirus,,dsDNA,1982152,Gordonvirus
[Arthrobacter] sp. ATCC 21022,Duplodnaviria,Heunggongvirae,Uroviricota,Caudoviricetes,Caudoviricetes incertae sedis,Gordonvirus,Gordonvirus gordon,,dsDNA,1982152,Gordonvirus
[Arthrobacter] sp. ATCC 21022,Duplodnaviria,Heunggongvirae,Uroviricota,Caudoviricetes,Caudoviricetes incertae sedis,Gordonvirus,Gordonvirus nightmare,,dsDNA,1982152,Gordonvirus
[Arthrobacter] sp. ATCC 21022,Duplodnaviria,Heunggongvirae,Uroviricota,Caudoviricetes,Caudoviricetes incertae sedis,Gordonvirus,Gordonvirus niktson,,dsDNA,1982152,Gordonvirus
[Arthrobacter] sp. ATCC 21022,Duplodnaviria,Heunggongvirae,Uroviricota,Caudoviricetes,Caudoviricetes incertae sedis,Gordonvirus,Gordonvirus sciencewizsam,,dsDNA,1982152,Gordonvirus
Arthrobacter sp.,Duplodnaviria,Heunggongvirae,Uroviricota,Caudoviricetes,Caudoviricetes incertae sedis,Gordonvirus,Gordonvirus synepsis,,dsDNA,1982152,Gordonvirus
Arthrobacter sp.,Duplodnaviria,Heunggongvirae,Uroviricota,Caudoviricetes,Caudoviricetes incertae sedis,Gordonvirus,Gordonvirus tatanka,,dsDNA,1982152,Gordonvirus
[Arthrobacter] sp. ATCC 21022,Duplodnaviria,Heunggongvirae,Uroviricota,Caudoviricetes,Caudoviricetes incertae sedis,Gordonvirus,Gordonvirus teacup,,dsDNA,1982152,Gordonvirus
Arthrobacter sp.,Duplodnaviria,Heunggongvirae,Uroviricota,Caudoviricetes,Caudoviricetes incertae sedis,Gordonvirus,Gordonvirus captnmurica,,dsDNA,1982152,Gordonvirus
Arthrobacter sp.,Duplodnaviria,Heunggongvirae,Uroviricota,Caudoviricetes,Caudoviricetes incertae sedis,Gordonvirus,Gordonvirus trustiboi,,dsDNA,1982152,Gordonvirus
Rhodococcus,Duplodnaviria,Heunggongvirae,Uroviricota,Caudoviricetes,Caudoviricetes incertae sedis,Pepyhexavirus,Pepyhexavirus pepy6,,dsDNA,1982367,Pepyhexavirus
Rhodococcus sp. S2,Duplodnaviria,Heunggongvirae,Uroviricota,Caudoviricetes,Caudoviricetes incertae sedis,Pepyhexavirus,Pepyhexavirus pepy6,,dsDNA,1982367,Pepyhexavirus
Rhodococcus,Duplodnaviria,Heunggongvirae,Uroviricota,Caudoviricetes,Caudoviricetes incertae sedis,Pepyhexavirus,Pepyhexavirus poco6,,dsDNA,1982367,Pepyhexavirus
Rhodobacter capsulatus YW1,Duplodnaviria,Heunggongvirae,Uroviricota,Caudoviricetes,Caudoviricetes incertae sedis,Titanvirus,Titanvirus rcspartan,,dsDNA,1982573,Titanvirus
Rhodobacter capsulatus YW1,Duplodnaviria,Heunggongvirae,Uroviricota,Caudoviricetes,Caudoviricetes incertae sedis,Titanvirus,unclassified Titanvirus,,dsDNA,1982573,Titanvirus
Rhodobacter capsulatus YW1,Duplodnaviria,Heunggongvirae,Uroviricota,Caudoviricetes,Caudoviricetes incertae sedis,Titanvirus,Titanvirus rctitan,,dsDNA,1982573,Titanvirus
Mycolicibacterium smegmatis MC2 155,Duplodnaviria,Heunggongvirae,Uroviricota,Caudoviricetes,Caudoviricetes incertae sedis,Coopervirus,Coopervirus adawi,,dsDNA,1982898,Coopervirus
Mycolicibacterium smegmatis MC2 155,Duplodnaviria,Heunggongvirae,Uroviricota,Caudoviricetes,Caudoviricetes incertae sedis,Coopervirus,Coopervirus vincenzo,,dsDNA,1982898,Coopervirus
Mycolicibacterium smegmatis MC2 155,Duplodnaviria,Heunggongvirae,Uroviricota,Caudoviricetes,Caudoviricetes incertae sedis,Coopervirus,unclassified Coopervirus,,dsDNA,1982898,Coopervirus
Mycobacterium,Duplodnaviria,Heunggongvirae,Uroviricota,Caudoviricetes,Caudoviricetes incertae sedis,Coopervirus,unclassified Coopervirus,,dsDNA,1982898,Coopervirus
Mycolicibacterium smegmatis MC2 155,Duplodnaviria,Heunggongvirae,Uroviricota,Caudoviricetes,Caudoviricetes incertae sedis,Coopervirus,Coopervirus bane1,,dsDNA,1982898,Coopervirus
Mycolicibacterium smegmatis MC2 155,Duplodnaviria,Heunggongvirae,Uroviricota,Caudoviricetes,Caudoviricetes incertae sedis,Coopervirus,Coopervirus brownCNA,,dsDNA,1982898,Coopervirus
Mycolicibacterium smegmatis MC2 155,Duplodnaviria,Heunggongvirae,Uroviricota,Caudoviricetes,Caudoviricetes incertae sedis,Coopervirus,Coopervirus chrisnmich,,dsDNA,1982898,Coopervirus
Mycobacterium,Duplodnaviria,Heunggongvirae,Uroviricota,Caudoviricetes,Caudoviricetes incertae sedis,Coopervirus,Coopervirus cooper,,dsDNA,1982898,Coopervirus
Mycolicibacterium smegmatis MC2 155,Duplodnaviria,Heunggongvirae,Uroviricota,Caudoviricetes,Caudoviricetes incertae sedis,Coopervirus,Coopervirus fortunato,,dsDNA,1982898,Coopervirus
Mycolicibacterium smegmatis MC2 155,Duplodnaviria,Heunggongvirae,Uroviricota,Caudoviricetes,Caudoviricetes incertae sedis,Coopervirus,Coopervirus heath,,dsDNA,1982898,Coopervirus
Mycolicibacterium smegmatis MC2 155,Duplodnaviria,Heunggongvirae,Uroviricota,Caudoviricetes,Caudoviricetes incertae sedis,Coopervirus,Coopervirus JAMaL,,dsDNA,1982898,Coopervirus
Mycobacterium,Duplodnaviria,Heunggongvirae,Uroviricota,Caudoviricetes,Caudoviricetes incertae sedis,Coopervirus,Coopervirus brownCNA,,dsDNA,1982898,Coopervirus
Mycobacterium,Duplodnaviria,Heunggongvirae,Uroviricota,Caudoviricetes,Caudoviricetes incertae sedis,Coopervirus,Coopervirus nigel,,dsDNA,1982898,Coopervirus
Mycolicibacterium smegmatis MC2 155,Duplodnaviria,Heunggongvirae,Uroviricota,Caudoviricetes,Caudoviricetes incertae sedis,Coopervirus,Coopervirus stinger,,dsDNA,1982898,Coopervirus
Mycolicibacterium smegmatis MC2 155,Duplodnaviria,Heunggongvirae,Uroviricota,Caudoviricetes,Caudoviricetes incertae sedis,Coopervirus,Coopervirus zemanar,,dsDNA,1982898,Coopervirus
Apis mellifera,Monodnaviria,Shotokuvirae,Cressdnaviricota,Repensiviricetes,Geplafuvirales,Genomoviridae,Gemykrogvirus,Gemykrogvirus apime1,,1985367,Gemykrogvirus
Rangifer tarandus,Monodnaviria,Shotokuvirae,Cressdnaviricota,Repensiviricetes,Geplafuvirales,Genomoviridae,Gemykrogvirus,Gemykrogvirus carib1,,1985367,Gemykrogvirus
Gallus gallus,Monodnaviria,Shotokuvirae,Cressdnaviricota,Repensiviricetes,Geplafuvirales,Genomoviridae,Gemykrogvirus,Gemykrogvirus galga5,,1985367,Gemykrogvirus
Bos taurus,Monodnaviria,Shotokuvirae,Cressdnaviricota,Repensiviricetes,Geplafuvirales,Genomoviridae,Gemykrogvirus,Gemykrogvirus bovas1,,1985367,Gemykrogvirus
root,Monodnaviria,Shotokuvirae,Cressdnaviricota,Repensiviricetes,Geplafuvirales,Genomoviridae,Gemykrogvirus,Gemykrogvirus sewopo1,,1985367,Gemykrogvirus
Acinetobacter baumannii,Duplodnaviria,Heunggongvirae,Uroviricota,Caudoviricetes,Autographivirales,Autoscriptoviridae,Beijerinckvirinae,Friunavirus,dsDNA,1985711,Friunavirus
Acinetobacter baumannii NIPH 70,Duplodnaviria,Heunggongvirae,Uroviricota,Caudoviricetes,Autographivirales,Autoscriptoviridae,Beijerinckvirinae,Friunavirus,dsDNA,1985711,Friunavirus
Acinetobacter,Duplodnaviria,Heunggongvirae,Uroviricota,Caudoviricetes,Autographivirales,Autoscriptoviridae,Beijerinckvirinae,Friunavirus,dsDNA,1985711,Friunavirus
Acinetobacter baumannii AB5256,Duplodnaviria,Heunggongvirae,Uroviricota,Caudoviricetes,Autographivirales,Autoscriptoviridae,Beijerinckvirinae,Friunavirus,dsDNA,1985711,Friunavirus
Acinetobacter baumannii ACICU,Duplodnaviria,Heunggongvirae,Uroviricota,Caudoviricetes,Autographivirales,Autoscriptoviridae,Beijerinckvirinae,Friunavirus,dsDNA,1985711,Friunavirus
Acinetobacter baumannii NIPH 146,Duplodnaviria,Heunggongvirae,Uroviricota,Caudoviricetes,Autographivirales,Autoscriptoviridae,Beijerinckvirinae,Friunavirus,dsDNA,1985711,Friunavirus
Acinetobacter baumannii NIPH 615,Duplodnaviria,Heunggongvirae,Uroviricota,Caudoviricetes,Autographivirales,Autoscriptoviridae,Beijerinckvirinae,Friunavirus,dsDNA,1985711,Friunavirus
Acinetobacter baumannii NIPH 2061,Duplodnaviria,Heunggongvirae,Uroviricota,Caudoviricetes,Autographivirales,Autoscriptoviridae,Beijerinckvirinae,Friunavirus,dsDNA,1985711,Friunavirus
Acinetobacter nosocomialis,Duplodnaviria,Heunggongvirae,Uroviricota,Caudoviricetes,Autographivirales,Autoscriptoviridae,Beijerinckvirinae,Friunavirus,dsDNA,1985711,Friunavirus
Staphylococcus aureus,Duplodnaviria,Heunggongvirae,Uroviricota,Caudoviricetes,Autographivirales,Autoscriptoviridae,Beijerinckvirinae,Friunavirus,dsDNA,1985711,Friunavirus
Acinetobacter pittii,Duplodnaviria,Heunggongvirae,Uroviricota,Caudoviricetes,Autographivirales,Autoscriptoviridae,Beijerinckvirinae,Friunavirus,dsDNA,1985711,Friunavirus
Acinetobacter baumannii NIPH 290,Duplodnaviria,Heunggongvirae,Uroviricota,Caudoviricetes,Autographivirales,Autoscriptoviridae,Beijerinckvirinae,Friunavirus,dsDNA,1985711,Friunavirus
Acinetobacter baumannii ATCC 19606 = CIP 70.34 = JCM 6841,Duplodnaviria,Heunggongvirae,Uroviricota,Caudoviricetes,Autographivirales,Autoscriptoviridae,Beijerinckvirinae,Friunavirus,dsDNA,1985711,Friunavirus
,Duplodnaviria,Heunggongvirae,Uroviricota,Caudoviricetes,Autographivirales,Autoscriptoviridae,Beijerinckvirinae,Friunavirus,dsDNA,1985711,Friunavirus
Klebsiella pneumoniae,Duplodnaviria,Heunggongvirae,Uroviricota,Caudoviricetes,Autographivirales,Autotranscriptaviridae,Studiervirinae,Przondovirus,dsDNA,1985720,Przondovirus
Klebsiella oxytoca,Duplodnaviria,Heunggongvirae,Uroviricota,Caudoviricetes,Autographivirales,Autotranscriptaviridae,Studiervirinae,Przondovirus,dsDNA,1985720,Przondovirus
Klebsiella michiganensis,Duplodnaviria,Heunggongvirae,Uroviricota,Caudoviricetes,Autographivirales,Autotranscriptaviridae,Studiervirinae,Przondovirus,dsDNA,1985720,Przondovirus
Klebsiella pneumoniae subsp. pneumoniae CIP 52.145 = B5055,Duplodnaviria,Heunggongvirae,Uroviricota,Caudoviricetes,Autographivirales,Autotranscriptaviridae,Studiervirinae,Przondovirus,dsDNA,1985720,Przondovirus
Klebsiella pneumoniae subsp. pneumoniae,Duplodnaviria,Heunggongvirae,Uroviricota,Caudoviricetes,Autographivirales,Autotranscriptaviridae,Studiervirinae,Przondovirus,dsDNA,1985720,Przondovirus
Klebsiella,Duplodnaviria,Heunggongvirae,Uroviricota,Caudoviricetes,Autographivirales,Autotranscriptaviridae,Studiervirinae,Przondovirus,dsDNA,1985720,Przondovirus
Klebsiella sp. 390,Duplodnaviria,Heunggongvirae,Uroviricota,Caudoviricetes,Autographivirales,Autotranscriptaviridae,Studiervirinae,Przondovirus,dsDNA,1985720,Przondovirus
Klebsiella sp.,Duplodnaviria,Heunggongvirae,Uroviricota,Caudoviricetes,Autographivirales,Autotranscriptaviridae,Studiervirinae,Przondovirus,dsDNA,1985720,Przondovirus
Klebsiella pneumoniae ATCC 43816,Duplodnaviria,Heunggongvirae,Uroviricota,Caudoviricetes,Autographivirales,Autotranscriptaviridae,Studiervirinae,Przondovirus,dsDNA,1985720,Przondovirus
Klebsiella quasipneumoniae,Duplodnaviria,Heunggongvirae,Uroviricota,Caudoviricetes,Autographivirales,Autotranscriptaviridae,Studiervirinae,Przondovirus,dsDNA,1985720,Przondovirus
Klebsiella variicola,Duplodnaviria,Heunggongvirae,Uroviricota,Caudoviricetes,Autographivirales,Autotranscriptaviridae,Studiervirinae,Przondovirus,dsDNA,1985720,Przondovirus
Serratia liquefaciens,Duplodnaviria,Heunggongvirae,Uroviricota,Caudoviricetes,Autographivirales,Autotranscriptaviridae,Studiervirinae,Przondovirus,dsDNA,1985720,Przondovirus
Xanthomonas euvesicatoria,Duplodnaviria,Heunggongvirae,Uroviricota,Caudoviricetes,Autographivirales,Autonotataviridae,Gujervirinae,Pradovirus,dsDNA,1985733,Pradovirus
Xanthomonas sp.,Duplodnaviria,Heunggongvirae,Uroviricota,Caudoviricetes,Autographivirales,Autonotataviridae,Gujervirinae,Pradovirus,dsDNA,1985733,Pradovirus
Xanthomonas arboricola pv. juglandis,Duplodnaviria,Heunggongvirae,Uroviricota,Caudoviricetes,Autographivirales,Autonotataviridae,Gujervirinae,Pradovirus,dsDNA,1985733,Pradovirus
Xanthomonas perforans,Duplodnaviria,Heunggongvirae,Uroviricota,Caudoviricetes,Autographivirales,Autonotataviridae,Gujervirinae,Pradovirus,dsDNA,1985733,Pradovirus
Xanthomonas campestris,Duplodnaviria,Heunggongvirae,Uroviricota,Caudoviricetes,Autographivirales,Autonotataviridae,Gujervirinae,Pradovirus,dsDNA,1985733,Pradovirus
Xanthomonas oryzae pv. oryzae,Duplodnaviria,Heunggongvirae,Uroviricota,Caudoviricetes,Autographivirales,Autonotataviridae,Gujervirinae,Pradovirus,dsDNA,1985733,Pradovirus
Enterobacter cloacae,Duplodnaviria,Heunggongvirae,Uroviricota,Caudoviricetes,Pantevenvirales,Ackermannviridae,Cvivirinae,Kuttervirus,dsDNA,2169536,Kuttervirus
Escherichia coli O157:H7,Duplodnaviria,Heunggongvirae,Uroviricota,Caudoviricetes,Pantevenvirales,Ackermannviridae,Cvivirinae,Kuttervirus,dsDNA,2169536,Kuttervirus
Escherichia coli,Duplodnaviria,Heunggongvirae,Uroviricota,Caudoviricetes,Pantevenvirales,Ackermannviridae,Cvivirinae,Kuttervirus,dsDNA,2169536,Kuttervirus
Escherichia,Duplodnaviria,Heunggongvirae,Uroviricota,Caudoviricetes,Pantevenvirales,Ackermannviridae,Cvivirinae,Kuttervirus,dsDNA,2169536,Kuttervirus
Escherichia sp.,Duplodnaviria,Heunggongvirae,Uroviricota,Caudoviricetes,Pantevenvirales,Ackermannviridae,Cvivirinae,Kuttervirus,dsDNA,2169536,Kuttervirus
Escherichia coli ATCC 35150,Duplodnaviria,Heunggongvirae,Uroviricota,Caudoviricetes,Pantevenvirales,Ackermannviridae,Cvivirinae,Kuttervirus,dsDNA,2169536,Kuttervirus
Pseudomonas aeruginosa PAO1,Duplodnaviria,Heunggongvirae,Uroviricota,Caudoviricetes,Pantevenvirales,Ackermannviridae,Cvivirinae,Kuttervirus,dsDNA,2169536,Kuttervirus
Salmonella sp.,Duplodnaviria,Heunggongvirae,Uroviricota,Caudoviricetes,Pantevenvirales,Ackermannviridae,Cvivirinae,Kuttervirus,dsDNA,2169536,Kuttervirus
Salmonella enterica subsp. enterica serovar Paratyphi A,Duplodnaviria,Heunggongvirae,Uroviricota,Caudoviricetes,Pantevenvirales,Ackermannviridae,Cvivirinae,Kuttervirus,dsDNA,2169536,Kuttervirus
Salmonella enterica subsp. enterica serovar Paratyphi B,Duplodnaviria,Heunggongvirae,Uroviricota,Caudoviricetes,Pantevenvirales,Ackermannviridae,Cvivirinae,Kuttervirus,dsDNA,2169536,Kuttervirus
Salmonella enterica subsp. enterica serovar Typhi,Duplodnaviria,Heunggongvirae,Uroviricota,Caudoviricetes,Pantevenvirales,Ackermannviridae,Cvivirinae,Kuttervirus,dsDNA,2169536,Kuttervirus
Salmonella enterica subsp. enterica serovar Enteritidis,Duplodnaviria,Heunggongvirae,Uroviricota,Caudoviricetes,Pantevenvirales,Ackermannviridae,Cvivirinae,Kuttervirus,dsDNA,2169536,Kuttervirus
Salmonella enterica subsp. enterica serovar Typhimurium,Duplodnaviria,Heunggongvirae,Uroviricota,Caudoviricetes,Pantevenvirales,Ackermannviridae,Cvivirinae,Kuttervirus,dsDNA,2169536,Kuttervirus
Salmonella enterica subsp. enterica,Duplodnaviria,Heunggongvirae,Uroviricota,Caudoviricetes,Pantevenvirales,Ackermannviridae,Cvivirinae,Kuttervirus,dsDNA,2169536,Kuttervirus
Salmonella enterica subsp. enterica serovar Typhimurium str. DT104,Duplodnaviria,Heunggongvirae,Uroviricota,Caudoviricetes,Pantevenvirales,Ackermannviridae,Cvivirinae,Kuttervirus,dsDNA,2169536,Kuttervirus
Salmonella enterica subsp. enterica serovar Typhimurium str. LT2,Duplodnaviria,Heunggongvirae,Uroviricota,Caudoviricetes,Pantevenvirales,Ackermannviridae,Cvivirinae,Kuttervirus,dsDNA,2169536,Kuttervirus
Shigella flexneri 2a str. 2457T,Duplodnaviria,Heunggongvirae,Uroviricota,Caudoviricetes,Pantevenvirales,Ackermannviridae,Cvivirinae,Kuttervirus,dsDNA,2169536,Kuttervirus
Salmonella enterica subsp. enterica serovar Typhimurium str. SL1344,Duplodnaviria,Heunggongvirae,Uroviricota,Caudoviricetes,Pantevenvirales,Ackermannviridae,Cvivirinae,Kuttervirus,dsDNA,2169536,Kuttervirus
Escherichia coli O157,Duplodnaviria,Heunggongvirae,Uroviricota,Caudoviricetes,Pantevenvirales,Ackermannviridae,Cvivirinae,Kuttervirus,dsDNA,2169536,Kuttervirus
Salmonella enterica subsp. enterica serovar Typhimurium str. ATCC 14028,Duplodnaviria,Heunggongvirae,Uroviricota,Caudoviricetes,Pantevenvirales,Ackermannviridae,Cvivirinae,Kuttervirus,dsDNA,2169536,Kuttervirus
Salmonella enterica,Duplodnaviria,Heunggongvirae,Uroviricota,Caudoviricetes,Pantevenvirales,Ackermannviridae,Cvivirinae,Kuttervirus,dsDNA,2169536,Kuttervirus
Salmonella enterica subsp. enterica serovar Heidelberg,Duplodnaviria,Heunggongvirae,Uroviricota,Caudoviricetes,Pantevenvirales,Ackermannviridae,Cvivirinae,Kuttervirus,dsDNA,2169536,Kuttervirus
Salmonella enterica subsp. enterica serovar Dublin,Duplodnaviria,Heunggongvirae,Uroviricota,Caudoviricetes,Pantevenvirales,Ackermannviridae,Cvivirinae,Kuttervirus,dsDNA,2169536,Kuttervirus
Salmonella enterica subsp. enterica serovar Gallinarum,Duplodnaviria,Heunggongvirae,Uroviricota,Caudoviricetes,Pantevenvirales,Ackermannviridae,Cvivirinae,Kuttervirus,dsDNA,2169536,Kuttervirus
Salmonella,Duplodnaviria,Heunggongvirae,Uroviricota,Caudoviricetes,Pantevenvirales,Ackermannviridae,Cvivirinae,Kuttervirus,dsDNA,2169536,Kuttervirus
Salmonella enterica subsp. enterica serovar Paratyphi C,Duplodnaviria,Heunggongvirae,Uroviricota,Caudoviricetes,Pantevenvirales,Ackermannviridae,Cvivirinae,Kuttervirus,dsDNA,2169536,Kuttervirus
Escherichia coli O145:H28 str. RM12581,Duplodnaviria,Heunggongvirae,Uroviricota,Caudoviricetes,Pantevenvirales,Ackermannviridae,Cvivirinae,Kuttervirus,dsDNA,2169536,Kuttervirus
Leuconostoc,Duplodnaviria,Heunggongvirae,Uroviricota,Caudoviricetes,Caudoviricetes incertae sedis,Limdunavirus,unclassified Limdunavirus,,dsDNA,2169621,Limdunavirus
Leuconostoc pseudomesenteroides,Duplodnaviria,Heunggongvirae,Uroviricota,Caudoviricetes,Caudoviricetes incertae sedis,Limdunavirus,Limdunavirus LDG,,dsDNA,2169621,Limdunavirus
Leuconostoc mesenteroides subsp. dextranicum,Duplodnaviria,Heunggongvirae,Uroviricota,Caudoviricetes,Caudoviricetes incertae sedis,Limdunavirus,Limdunavirus Lmd1,,dsDNA,2169621,Limdunavirus
Leuconostoc pseudomesenteroides,Duplodnaviria,Heunggongvirae,Uroviricota,Caudoviricetes,Caudoviricetes incertae sedis,Limdunavirus,Limdunavirus LN03,,dsDNA,2169621,Limdunavirus
Leuconostoc pseudomesenteroides,Duplodnaviria,Heunggongvirae,Uroviricota,Caudoviricetes,Caudoviricetes incertae sedis,Limdunavirus,Limdunavirus LN04,,dsDNA,2169621,Limdunavirus
Leuconostoc pseudomesenteroides,Duplodnaviria,Heunggongvirae,Uroviricota,Caudoviricetes,Caudoviricetes incertae sedis,Limdunavirus,Limdunavirus P793,,dsDNA,2169621,Limdunavirus
Leuconostoc pseudomesenteroides,Duplodnaviria,Heunggongvirae,Uroviricota,Caudoviricetes,Caudoviricetes incertae sedis,Limdunavirus,Limdunavirus P965,,dsDNA,2169621,Limdunavirus
Leuconostoc pseudomesenteroides,Duplodnaviria,Heunggongvirae,Uroviricota,Caudoviricetes,Caudoviricetes incertae sedis,Limdunavirus,Limdunavirus LN12,,dsDNA,2169621,Limdunavirus
Leuconostoc pseudomesenteroides,Duplodnaviria,Heunggongvirae,Uroviricota,Caudoviricetes,Caudoviricetes incertae sedis,Limdunavirus,Limdunavirus Lmd1,,dsDNA,2169621,Limdunavirus
Leuconostoc mesenteroides,Duplodnaviria,Heunggongvirae,Uroviricota,Caudoviricetes,Caudoviricetes incertae sedis,Unaquatrovirus,Unaquatrovirus uv1A4,,dsDNA,2169622,Unaquatrovirus
Leuconostoc mesenteroides subsp. mesenteroides,Duplodnaviria,Heunggongvirae,Uroviricota,Caudoviricetes,Caudoviricetes incertae sedis,Unaquatrovirus,unclassified Unaquatrovirus,,dsDNA,2169622,Unaquatrovirus
Leuconostoc mesenteroides subsp. mesenteroides,Duplodnaviria,Heunggongvirae,Uroviricota,Caudoviricetes,Caudoviricetes incertae sedis,Unaquatrovirus,Unaquatrovirus LN34,,dsDNA,2169622,Unaquatrovirus
Leuconostoc mesenteroides subsp. mesenteroides,Duplodnaviria,Heunggongvirae,Uroviricota,Caudoviricetes,Caudoviricetes incertae sedis,Unaquatrovirus,Unaquatrovirus Ln7,,dsDNA,2169622,Unaquatrovirus
Leuconostoc mesenteroides subsp. mesenteroides,Duplodnaviria,Heunggongvirae,Uroviricota,Caudoviricetes,Caudoviricetes incertae sedis,Unaquatrovirus,Unaquatrovirus Ln9,,dsDNA,2169622,Unaquatrovirus
Leuconostoc mesenteroides,Duplodnaviria,Heunggongvirae,Uroviricota,Caudoviricetes,Caudoviricetes incertae sedis,Unaquatrovirus,Unaquatrovirus LN25,,dsDNA,2169622,Unaquatrovirus
Leuconostoc mesenteroides,Duplodnaviria,Heunggongvirae,Uroviricota,Caudoviricetes,Caudoviricetes incertae sedis,Unaquatrovirus,Unaquatrovirus LN34,,dsDNA,2169622,Unaquatrovirus
Leuconostoc mesenteroides,Duplodnaviria,Heunggongvirae,Uroviricota,Caudoviricetes,Caudoviricetes incertae sedis,Unaquatrovirus,unclassified Unaquatrovirus,,dsDNA,2169622,Unaquatrovirus
Liquorilactobacillus mali,Duplodnaviria,Heunggongvirae,Uroviricota,Caudoviricetes,Caudoviricetes incertae sedis,Unaquatrovirus,unclassified Unaquatrovirus,,dsDNA,2169622,Unaquatrovirus
Salmonella enterica subsp. enterica serovar Dublin,Duplodnaviria,Heunggongvirae,Uroviricota,Caudoviricetes,Caudoviricetes incertae sedis,Schitoviridae,Humphriesvirinae,Ithacavirus,dsDNA,2169643,Ithacavirus
Salmonella sp.,Duplodnaviria,Heunggongvirae,Uroviricota,Caudoviricetes,Caudoviricetes incertae sedis,Schitoviridae,Humphriesvirinae,Ithacavirus,dsDNA,2169643,Ithacavirus
Salmonella enterica subsp. enterica serovar Enteritidis,Duplodnaviria,Heunggongvirae,Uroviricota,Caudoviricetes,Caudoviricetes incertae sedis,Schitoviridae,Humphriesvirinae,Ithacavirus,dsDNA,2169643,Ithacavirus
Salmonella enterica subsp. enterica serovar Anatum,Duplodnaviria,Heunggongvirae,Uroviricota,Caudoviricetes,Caudoviricetes incertae sedis,Schitoviridae,Humphriesvirinae,Ithacavirus,dsDNA,2169643,Ithacavirus
Salmonella enterica subsp. enterica serovar Stanley,Duplodnaviria,Heunggongvirae,Uroviricota,Caudoviricetes,Caudoviricetes incertae sedis,Schitoviridae,Humphriesvirinae,Ithacavirus,dsDNA,2169643,Ithacavirus
Shigella flexneri,Duplodnaviria,Heunggongvirae,Uroviricota,Caudoviricetes,Caudoviricetes incertae sedis,Schitoviridae,Humphriesvirinae,Ithacavirus,dsDNA,2169643,Ithacavirus
Lasius neglectus,Riboviria,Orthornavirae,Pisuviricota,Pisoniviricetes,Picornavirales,Polycipiviridae,Sopolycivirus,Sopolycivirus lasii,,2169646,Sopolycivirus
Lasius niger,Riboviria,Orthornavirae,Pisuviricota,Pisoniviricetes,Picornavirales,Polycipiviridae,Sopolycivirus,Sopolycivirus gammalasii,,2169646,Sopolycivirus
Formicidae,Riboviria,Orthornavirae,Pisuviricota,Pisoniviricetes,Picornavirales,Polycipiviridae,Sopolycivirus,Sopolycivirus myrmicae,,2169646,Sopolycivirus
Myrmica scabrinodis,Riboviria,Orthornavirae,Pisuviricota,Pisoniviricetes,Picornavirales,Polycipiviridae,Sopolycivirus,Sopolycivirus myrmicae,,2169646,Sopolycivirus
Insecta,Riboviria,Orthornavirae,Pisuviricota,Pisoniviricetes,Picornavirales,Polycipiviridae,Sopolycivirus,Sopolycivirus bestiolae,,2169646,Sopolycivirus
Solenopsis invicta,Riboviria,Orthornavirae,Pisuviricota,Pisoniviricetes,Picornavirales,Polycipiviridae,Sopolycivirus,Sopolycivirus solenopsis,,2169646,Sopolycivirus
Homo sapiens,Riboviria,Orthornavirae,Pisuviricota,Pisoniviricetes,Picornavirales,unclassified Picornavirales,Husavirus,unclassified Husavirus,,2219049,Husavirus
Sus scrofa domesticus,Riboviria,Orthornavirae,Pisuviricota,Pisoniviricetes,Picornavirales,unclassified Picornavirales,Husavirus,Husa-like virus KS-2016a,,2219049,Husavirus
Streptomyces lividans,Duplodnaviria,Heunggongvirae,Uroviricota,Caudoviricetes,Caudoviricetes incertae sedis,Bingvirus,Bingvirus bing,,dsDNA,2560103,Bingvirus
Streptomyces mirabilis,Duplodnaviria,Heunggongvirae,Uroviricota,Caudoviricetes,Caudoviricetes incertae sedis,Bingvirus,unclassified Bingvirus,,dsDNA,2560103,Bingvirus
Streptomyces scabiei,Duplodnaviria,Heunggongvirae,Uroviricota,Caudoviricetes,Caudoviricetes incertae sedis,Bingvirus,unclassified Bingvirus,,dsDNA,2560103,Bingvirus
Streptomyces griseofuscus,Duplodnaviria,Heunggongvirae,Uroviricota,Caudoviricetes,Caudoviricetes incertae sedis,Bingvirus,unclassified Bingvirus,,dsDNA,2560103,Bingvirus
Pseudomonas sp.,Duplodnaviria,Heunggongvirae,Uroviricota,Caudoviricetes,Caudoviricetes incertae sedis,Bjornvirus,Bjornvirus bjorn,,dsDNA,2560104,Bjornvirus
Brassica rapa subsp. chinensis,Riboviria,Orthornavirae,Negarnaviricota,Polyploviricotina,Bunyaviricetes,Hareavirales,Phenuiviridae,Coguvirus,-ssRNA,2560118,Coguvirus
Citrus sinensis,Riboviria,Orthornavirae,Negarnaviricota,Polyploviricotina,Bunyaviricetes,Hareavirales,Phenuiviridae,Coguvirus,-ssRNA,2560118,Coguvirus
Citrullus lanatus,Riboviria,Orthornavirae,Negarnaviricota,Polyploviricotina,Bunyaviricetes,Hareavirales,Phenuiviridae,Coguvirus,-ssRNA,2560118,Coguvirus
Paris polyphylla,Riboviria,Orthornavirae,Negarnaviricota,Polyploviricotina,Bunyaviricetes,Hareavirales,Phenuiviridae,Coguvirus,-ssRNA,2560118,Coguvirus
Erwinia amylovora,Duplodnaviria,Heunggongvirae,Uroviricota,Caudoviricetes,Caudoviricetes incertae sedis,Eneladusvirus,Eneladusvirus BF,,dsDNA,2560128,Eneladusvirus
Serratia marcescens,Duplodnaviria,Heunggongvirae,Uroviricota,Caudoviricetes,Caudoviricetes incertae sedis,Eneladusvirus,Eneladusvirus BF,,dsDNA,2560128,Eneladusvirus
Yersinia enterocolitica,Duplodnaviria,Heunggongvirae,Uroviricota,Caudoviricetes,Caudoviricetes incertae sedis,Eneladusvirus,Eneladusvirus Yen904,,dsDNA,2560128,Eneladusvirus
Yersinia intermedia,Duplodnaviria,Heunggongvirae,Uroviricota,Caudoviricetes,Caudoviricetes incertae sedis,Eneladusvirus,Eneladusvirus Yen904,,dsDNA,2560128,Eneladusvirus
Yersinia pseudotuberculosis,Duplodnaviria,Heunggongvirae,Uroviricota,Caudoviricetes,Caudoviricetes incertae sedis,Eneladusvirus,Eneladusvirus Yen904,,dsDNA,2560128,Eneladusvirus
Yersinia bercovieri,Duplodnaviria,Heunggongvirae,Uroviricota,Caudoviricetes,Caudoviricetes incertae sedis,Eneladusvirus,Eneladusvirus Yen904,,dsDNA,2560128,Eneladusvirus
Yersinia frederiksenii,Duplodnaviria,Heunggongvirae,Uroviricota,Caudoviricetes,Caudoviricetes incertae sedis,Eneladusvirus,Eneladusvirus Yen904,,dsDNA,2560128,Eneladusvirus
Yersinia mollaretii,Duplodnaviria,Heunggongvirae,Uroviricota,Caudoviricetes,Caudoviricetes incertae sedis,Eneladusvirus,Eneladusvirus Yen904,,dsDNA,2560128,Eneladusvirus
Yersinia,Duplodnaviria,Heunggongvirae,Uroviricota,Caudoviricetes,Caudoviricetes incertae sedis,Eneladusvirus,Eneladusvirus Yen904,,dsDNA,2560128,Eneladusvirus
Flavobacterium psychrophilum,Duplodnaviria,Heunggongvirae,Uroviricota,Caudoviricetes,Caudoviricetes incertae sedis,Fipvunavirus,unclassified Fipvunavirus,,dsDNA,2560132,Fipvunavirus
Flavobacterium psychrophilum,Duplodnaviria,Heunggongvirae,Uroviricota,Caudoviricetes,Caudoviricetes incertae sedis,Fipvunavirus,Fipvunavirus Fpv1,,dsDNA,2560132,Fipvunavirus
Flavobacterium psychrophilum,Duplodnaviria,Heunggongvirae,Uroviricota,Caudoviricetes,Caudoviricetes incertae sedis,Fipvunavirus,Fipvunavirus Fpv4,,dsDNA,2560132,Fipvunavirus
Gordonia terrae,Duplodnaviria,Heunggongvirae,Uroviricota,Caudoviricetes,Caudoviricetes incertae sedis,Gustavvirus,Gustavvirus gustav,,dsDNA,2560144,Gustavvirus
Gordonia terrae,Duplodnaviria,Heunggongvirae,Uroviricota,Caudoviricetes,Caudoviricetes incertae sedis,Gustavvirus,Gustavvirus mahdia,,dsDNA,2560144,Gustavvirus
Gordonia terrae,Duplodnaviria,Heunggongvirae,Uroviricota,Caudoviricetes,Caudoviricetes incertae sedis,Gustavvirus,unclassified Gustavvirus,,dsDNA,2560144,Gustavvirus
Nocardia seriolae,Duplodnaviria,Heunggongvirae,Uroviricota,Caudoviricetes,Caudoviricetes incertae sedis,Gustavvirus,unclassified Gustavvirus,,dsDNA,2560144,Gustavvirus
Pseudomonas putida,Duplodnaviria,Heunggongvirae,Uroviricota,Caudoviricetes,Caudoviricetes incertae sedis,Krylovvirus,Krylovvirus tf,,dsDNA,2560162,Krylovvirus
root,Riboviria,Orthornavirae,Pisuviricota,Pisoniviricetes,Picornavirales,Marnaviridae,Locarnavirus,Locarnavirus jerichoensis,,2560169,Locarnavirus
Pectobacterium atrosepticum,Duplodnaviria,Heunggongvirae,Uroviricota,Caudoviricetes,Autographivirales,Autoscriptoviridae,Corkvirinae,Phimunavirus,dsDNA,2560202,Phimunavirus
Pectobacterium atrosepticum SCRI1043,Duplodnaviria,Heunggongvirae,Uroviricota,Caudoviricetes,Autographivirales,Autoscriptoviridae,Corkvirinae,Phimunavirus,dsDNA,2560202,Phimunavirus
Pseudomonas putida,Duplodnaviria,Heunggongvirae,Uroviricota,Caudoviricetes,Caudoviricetes incertae sedis,Plaisancevirus,Plaisancevirus PMW,,dsDNA,2560204,Plaisancevirus
Pseudomonas syringae pv. tomato str. DC3000,Duplodnaviria,Heunggongvirae,Uroviricota,Caudoviricetes,Autographivirales,Autonotataviridae,Pollyceevirus,Pollyceevirus Eisa9,dsDNA,2560206,Pollyceevirus
Pseudomonas sp.,Duplodnaviria,Heunggongvirae,Uroviricota,Caudoviricetes,Autographivirales,Autonotataviridae,Pollyceevirus,Pollyceevirus pollyC,dsDNA,2560206,Pollyceevirus
Pseudomonas putida,Duplodnaviria,Heunggongvirae,Uroviricota,Caudoviricetes,Autographivirales,Autonotataviridae,Pollyceevirus,unclassified Pollyceevirus,dsDNA,2560206,Pollyceevirus
Pseudomonas putida KT2440,Duplodnaviria,Heunggongvirae,Uroviricota,Caudoviricetes,Autographivirales,Autonotataviridae,Pollyceevirus,unclassified Pollyceevirus,dsDNA,2560206,Pollyceevirus
Agrobacterium tumefaciens,Duplodnaviria,Heunggongvirae,Uroviricota,Caudoviricetes,Caudoviricetes incertae sedis,Polybotosvirus,Polybotosvirus Atuph07,,dsDNA,2560207,Polybotosvirus
Aeromonas salmonicida,Duplodnaviria,Heunggongvirae,Uroviricota,Caudoviricetes,Caudoviricetes incertae sedis,Popoffvirus,Popoffvirus pv56,,dsDNA,2560208,Popoffvirus
Streptomyces griseus,Duplodnaviria,Heunggongvirae,Uroviricota,Caudoviricetes,Caudoviricetes incertae sedis,Rimavirus,Rimavirus rima,,dsDNA,2560214,Rimavirus
Streptomyces griseus,Duplodnaviria,Heunggongvirae,Uroviricota,Caudoviricetes,Caudoviricetes incertae sedis,Rimavirus,Rimavirus drgrey,,dsDNA,2560214,Rimavirus
Streptomyces griseus,Duplodnaviria,Heunggongvirae,Uroviricota,Caudoviricetes,Caudoviricetes incertae sedis,Rimavirus,unclassified Rimavirus,,dsDNA,2560214,Rimavirus
Streptomyces platensis,Duplodnaviria,Heunggongvirae,Uroviricota,Caudoviricetes,Caudoviricetes incertae sedis,Rimavirus,Rimavirus rima,,dsDNA,2560214,Rimavirus
Streptomyces indigocolor,Duplodnaviria,Heunggongvirae,Uroviricota,Caudoviricetes,Caudoviricetes incertae sedis,Rimavirus,Rimavirus rima,,dsDNA,2560214,Rimavirus
Streptomyces griseus subsp. griseus,Duplodnaviria,Heunggongvirae,Uroviricota,Caudoviricetes,Caudoviricetes incertae sedis,Rimavirus,Rimavirus rima,,dsDNA,2560214,Rimavirus
Streptomyces stelliscabiei,Duplodnaviria,Heunggongvirae,Uroviricota,Caudoviricetes,Caudoviricetes incertae sedis,Rimavirus,unclassified Rimavirus,,dsDNA,2560214,Rimavirus
Streptomyces azureus,Duplodnaviria,Heunggongvirae,Uroviricota,Caudoviricetes,Caudoviricetes incertae sedis,Rimavirus,Rimavirus rima,,dsDNA,2560214,Rimavirus
Streptomyces mirabilis,Duplodnaviria,Heunggongvirae,Uroviricota,Caudoviricetes,Caudoviricetes incertae sedis,Rimavirus,unclassified Rimavirus,,dsDNA,2560214,Rimavirus
Stenotrophomonas maltophilia,Duplodnaviria,Heunggongvirae,Uroviricota,Caudoviricetes,Caudoviricetes incertae sedis,Casjensviridae,Sanovirus,unclassified Sanovirus,dsDNA,2560222,Sanovirus
Xanthomonas,Duplodnaviria,Heunggongvirae,Uroviricota,Caudoviricetes,Caudoviricetes incertae sedis,Casjensviridae,Sanovirus,Sanovirus sano,dsDNA,2560222,Sanovirus
Xylella fastidiosa,Duplodnaviria,Heunggongvirae,Uroviricota,Caudoviricetes,Caudoviricetes incertae sedis,Casjensviridae,Sanovirus,Sanovirus sano,dsDNA,2560222,Sanovirus
Klebsiella pneumoniae,Duplodnaviria,Heunggongvirae,Uroviricota,Caudoviricetes,Caudoviricetes incertae sedis,Demerecviridae,Sugarlandvirus,Sugarlandvirus AmPhEK80,dsDNA,2560233,Sugarlandvirus
Klebsiella,Duplodnaviria,Heunggongvirae,Uroviricota,Caudoviricetes,Caudoviricetes incertae sedis,Demerecviridae,Sugarlandvirus,Sugarlandvirus KpGranit,dsDNA,2560233,Sugarlandvirus
Klebsiella oxytoca,Duplodnaviria,Heunggongvirae,Uroviricota,Caudoviricetes,Caudoviricetes incertae sedis,Demerecviridae,Sugarlandvirus,Sugarlandvirus KPN4,dsDNA,2560233,Sugarlandvirus
Klebsiella variicola,Duplodnaviria,Heunggongvirae,Uroviricota,Caudoviricetes,Caudoviricetes incertae sedis,Demerecviridae,Sugarlandvirus,unclassified Sugarlandvirus,dsDNA,2560233,Sugarlandvirus
Aeromonas salmonicida,Duplodnaviria,Heunggongvirae,Uroviricota,Caudoviricetes,Pantevenvirales,Straboviridae,Tulanevirus,Tulanevirus bteighttwo,dsDNA,2560244,Tulanevirus
Aeromonas hydrophila,Duplodnaviria,Heunggongvirae,Uroviricota,Caudoviricetes,Pantevenvirales,Straboviridae,Tulanevirus,Tulanevirus 50ahydr13pp,dsDNA,2560244,Tulanevirus
Aeromonas sp.,Duplodnaviria,Heunggongvirae,Uroviricota,Caudoviricetes,Pantevenvirales,Straboviridae,Tulanevirus,Tulanevirus aes12,dsDNA,2560244,Tulanevirus
Stenotrophomonas maltophilia,Duplodnaviria,Heunggongvirae,Uroviricota,Caudoviricetes,Pantevenvirales,Straboviridae,Tulanevirus,Tulanevirus ime13,dsDNA,2560244,Tulanevirus
Pseudomonas tolaasii NCPPB 2192,Duplodnaviria,Heunggongvirae,Uroviricota,Caudoviricetes,Caudoviricetes incertae sedis,Vicosavirus,Vicosavirus NV1,,dsDNA,2560248,Vicosavirus
Pseudomonas fluorescens,Duplodnaviria,Heunggongvirae,Uroviricota,Caudoviricetes,Caudoviricetes incertae sedis,Vicosavirus,Vicosavirus UFVP2,,dsDNA,2560248,Vicosavirus
Acinetobacter baumannii,Duplodnaviria,Heunggongvirae,Uroviricota,Caudoviricetes,Caudoviricetes incertae sedis,Vieuvirus,unclassified Vieuvirus,,dsDNA,2560250,Vieuvirus
Acinetobacter baumannii 1656-2,Duplodnaviria,Heunggongvirae,Uroviricota,Caudoviricetes,Caudoviricetes incertae sedis,Vieuvirus,unclassified Vieuvirus,,dsDNA,2560250,Vieuvirus
Acinetobacter lwoffii,Duplodnaviria,Heunggongvirae,Uroviricota,Caudoviricetes,Caudoviricetes incertae sedis,Vieuvirus,unclassified Vieuvirus,,dsDNA,2560250,Vieuvirus
Acinetobacter sp.,Duplodnaviria,Heunggongvirae,Uroviricota,Caudoviricetes,Caudoviricetes incertae sedis,Vieuvirus,unclassified Vieuvirus,,dsDNA,2560250,Vieuvirus
Acinetobacter baumannii,Duplodnaviria,Heunggongvirae,Uroviricota,Caudoviricetes,Caudoviricetes incertae sedis,Vieuvirus,Vieuvirus B1251,,dsDNA,2560250,Vieuvirus
Acinetobacter baumannii,Duplodnaviria,Heunggongvirae,Uroviricota,Caudoviricetes,Caudoviricetes incertae sedis,Vieuvirus,Vieuvirus R3177,,dsDNA,2560250,Vieuvirus
Acinetobacter johnsonii,Duplodnaviria,Heunggongvirae,Uroviricota,Caudoviricetes,Autographivirales,Autoscriptoviridae,Beijerinckvirinae,Daemvirus,dsDNA,2731672,Daemvirus
Cronobacter sakazakii,Duplodnaviria,Heunggongvirae,Uroviricota,Caudoviricetes,Autographivirales,Autoscriptoviridae,Stentvirinae,Bonnellvirus,dsDNA,2731932,Bonnellvirus
Escherichia coli str. K-12 substr. MG1655,Duplodnaviria,Heunggongvirae,Uroviricota,Caudoviricetes,Autographivirales,Autoscriptoviridae,Stentvirinae,Bonnellvirus,dsDNA,2731932,Bonnellvirus
Escherichia coli K-12,Duplodnaviria,Heunggongvirae,Uroviricota,Caudoviricetes,Autographivirales,Autoscriptoviridae,Stentvirinae,Bonnellvirus,dsDNA,2731932,Bonnellvirus
Escherichia coli LF82,Duplodnaviria,Heunggongvirae,Uroviricota,Caudoviricetes,Autographivirales,Autoscriptoviridae,Stentvirinae,Bonnellvirus,dsDNA,2731932,Bonnellvirus
Kosakonia cowanii,Duplodnaviria,Heunggongvirae,Uroviricota,Caudoviricetes,Autographivirales,Autoscriptoviridae,Stentvirinae,Bonnellvirus,dsDNA,2731932,Bonnellvirus
Escherichia coli,Duplodnaviria,Heunggongvirae,Uroviricota,Caudoviricetes,Autographivirales,Autographivirales incertae sedis,Gajwadongvirus,Gajwadongvirus ECBP5,dsDNA,2731941,Gajwadongvirus
Klebsiella pneumoniae,Duplodnaviria,Heunggongvirae,Uroviricota,Caudoviricetes,Autographivirales,Autographivirales incertae sedis,Gajwadongvirus,unclassified Gajwadongvirus,dsDNA,2731941,Gajwadongvirus
Pectobacterium carotovorum subsp. carotovorum,Duplodnaviria,Heunggongvirae,Uroviricota,Caudoviricetes,Autographivirales,Autographivirales incertae sedis,Gajwadongvirus,Gajwadongvirus PP99,dsDNA,2731941,Gajwadongvirus
Pseudomonas,Duplodnaviria,Heunggongvirae,Uroviricota,Caudoviricetes,Autographivirales,Autographivirales incertae sedis,Gajwadongvirus,Gajwadongvirus MR4,dsDNA,2731941,Gajwadongvirus
Staphylococcus epidermidis RP62A,Duplodnaviria,Heunggongvirae,Uroviricota,Caudoviricetes,Caudoviricetes incertae sedis,Rountreeviridae,Rakietenvirinae,Andhravirus,dsDNA,2732589,Andhravirus
Staphylococcus epidermidis,Duplodnaviria,Heunggongvirae,Uroviricota,Caudoviricetes,Caudoviricetes incertae sedis,Rountreeviridae,Rakietenvirinae,Andhravirus,dsDNA,2732589,Andhravirus
Staphylococcus chromogenes,Duplodnaviria,Heunggongvirae,Uroviricota,Caudoviricetes,Caudoviricetes incertae sedis,Rountreeviridae,Rakietenvirinae,Andhravirus,dsDNA,2732589,Andhravirus
Staphylococcus sp.,Duplodnaviria,Heunggongvirae,Uroviricota,Caudoviricetes,Caudoviricetes incertae sedis,Rountreeviridae,Rakietenvirinae,Andhravirus,dsDNA,2732589,Andhravirus
Staphylococcus capitis,Duplodnaviria,Heunggongvirae,Uroviricota,Caudoviricetes,Caudoviricetes incertae sedis,Rountreeviridae,Rakietenvirinae,Andhravirus,dsDNA,2732589,Andhravirus
Staphylococcus ureilyticus,Duplodnaviria,Heunggongvirae,Uroviricota,Caudoviricetes,Caudoviricetes incertae sedis,Rountreeviridae,Rakietenvirinae,Andhravirus,dsDNA,2732589,Andhravirus
root,Duplodnaviria,Heunggongvirae,Uroviricota,Caudoviricetes,Autographivirales,Autotranscriptaviridae,Studiervirinae,Kayfunavirus,dsDNA,2732686,Kayfunavirus
Pseudomonas aeruginosa,Duplodnaviria,Heunggongvirae,Uroviricota,Caudoviricetes,Autographivirales,Autotranscriptaviridae,Studiervirinae,Kayfunavirus,dsDNA,2732686,Kayfunavirus
Escherichia coli,Duplodnaviria,Heunggongvirae,Uroviricota,Caudoviricetes,Autographivirales,Autotranscriptaviridae,Studiervirinae,Kayfunavirus,dsDNA,2732686,Kayfunavirus
Vibrio parahaemolyticus,Duplodnaviria,Heunggongvirae,Uroviricota,Caudoviricetes,Autographivirales,Autotranscriptaviridae,Studiervirinae,Kayfunavirus,dsDNA,2732686,Kayfunavirus
Vibrio vulnificus,Duplodnaviria,Heunggongvirae,Uroviricota,Caudoviricetes,Autographivirales,Autotranscriptaviridae,Studiervirinae,Kayfunavirus,dsDNA,2732686,Kayfunavirus
Salmonella enterica,Duplodnaviria,Heunggongvirae,Uroviricota,Caudoviricetes,Autographivirales,Autotranscriptaviridae,Studiervirinae,Kayfunavirus,dsDNA,2732686,Kayfunavirus
Citrobacter rodentium,Duplodnaviria,Heunggongvirae,Uroviricota,Caudoviricetes,Autographivirales,Autotranscriptaviridae,Studiervirinae,Kayfunavirus,dsDNA,2732686,Kayfunavirus
Cronobacter turicensis,Duplodnaviria,Heunggongvirae,Uroviricota,Caudoviricetes,Autographivirales,Autotranscriptaviridae,Studiervirinae,Kayfunavirus,dsDNA,2732686,Kayfunavirus
Cronobacter sp.,Duplodnaviria,Heunggongvirae,Uroviricota,Caudoviricetes,Autographivirales,Autotranscriptaviridae,Studiervirinae,Kayfunavirus,dsDNA,2732686,Kayfunavirus
Pectobacterium polaris,Duplodnaviria,Heunggongvirae,Uroviricota,Caudoviricetes,Autographivirales,Autotranscriptaviridae,Studiervirinae,Kayfunavirus,dsDNA,2732686,Kayfunavirus
Enterobacter cloacae,Duplodnaviria,Heunggongvirae,Uroviricota,Caudoviricetes,Autographivirales,Autotranscriptaviridae,Studiervirinae,Kayfunavirus,dsDNA,2732686,Kayfunavirus
Enterobacter,Duplodnaviria,Heunggongvirae,Uroviricota,Caudoviricetes,Autographivirales,Autotranscriptaviridae,Studiervirinae,Kayfunavirus,dsDNA,2732686,Kayfunavirus
Enterobacter hormaechei,Duplodnaviria,Heunggongvirae,Uroviricota,Caudoviricetes,Autographivirales,Autotranscriptaviridae,Studiervirinae,Kayfunavirus,dsDNA,2732686,Kayfunavirus
Enterobacter ludwigii,Duplodnaviria,Heunggongvirae,Uroviricota,Caudoviricetes,Autographivirales,Autotranscriptaviridae,Studiervirinae,Kayfunavirus,dsDNA,2732686,Kayfunavirus
Enterococcus faecalis,Duplodnaviria,Heunggongvirae,Uroviricota,Caudoviricetes,Autographivirales,Autotranscriptaviridae,Studiervirinae,Kayfunavirus,dsDNA,2732686,Kayfunavirus
Escherichia,Duplodnaviria,Heunggongvirae,Uroviricota,Caudoviricetes,Autographivirales,Autotranscriptaviridae,Studiervirinae,Kayfunavirus,dsDNA,2732686,Kayfunavirus
Escherichia coli O153,Duplodnaviria,Heunggongvirae,Uroviricota,Caudoviricetes,Autographivirales,Autotranscriptaviridae,Studiervirinae,Kayfunavirus,dsDNA,2732686,Kayfunavirus
Escherichia sp.,Duplodnaviria,Heunggongvirae,Uroviricota,Caudoviricetes,Autographivirales,Autotranscriptaviridae,Studiervirinae,Kayfunavirus,dsDNA,2732686,Kayfunavirus
Escherichia coli DSM 30083 = JCM 1649 = ATCC 11775,Duplodnaviria,Heunggongvirae,Uroviricota,Caudoviricetes,Autographivirales,Autotranscriptaviridae,Studiervirinae,Kayfunavirus,dsDNA,2732686,Kayfunavirus
Escherichia coli O2,Duplodnaviria,Heunggongvirae,Uroviricota,Caudoviricetes,Autographivirales,Autotranscriptaviridae,Studiervirinae,Kayfunavirus,dsDNA,2732686,Kayfunavirus
Escherichia coli CFT073,Duplodnaviria,Heunggongvirae,Uroviricota,Caudoviricetes,Autographivirales,Autotranscriptaviridae,Studiervirinae,Kayfunavirus,dsDNA,2732686,Kayfunavirus
Escherichia coli O103,Duplodnaviria,Heunggongvirae,Uroviricota,Caudoviricetes,Autographivirales,Autotranscriptaviridae,Studiervirinae,Kayfunavirus,dsDNA,2732686,Kayfunavirus
Acinetobacter baumannii,Duplodnaviria,Heunggongvirae,Uroviricota,Caudoviricetes,Autographivirales,Autotranscriptaviridae,Studiervirinae,Kayfunavirus,dsDNA,2732686,Kayfunavirus
Hafnia paralvei,Duplodnaviria,Heunggongvirae,Uroviricota,Caudoviricetes,Autographivirales,Autotranscriptaviridae,Studiervirinae,Kayfunavirus,dsDNA,2732686,Kayfunavirus
Escherichia coli ATCC 25922,Duplodnaviria,Heunggongvirae,Uroviricota,Caudoviricetes,Autographivirales,Autotranscriptaviridae,Studiervirinae,Kayfunavirus,dsDNA,2732686,Kayfunavirus
Kosakonia cowanii,Duplodnaviria,Heunggongvirae,Uroviricota,Caudoviricetes,Autographivirales,Autotranscriptaviridae,Studiervirinae,Kayfunavirus,dsDNA,2732686,Kayfunavirus
Providencia rettgeri,Duplodnaviria,Heunggongvirae,Uroviricota,Caudoviricetes,Autographivirales,Autotranscriptaviridae,Studiervirinae,Kayfunavirus,dsDNA,2732686,Kayfunavirus
Salmonella enterica subsp. enterica serovar Paratyphi A,Duplodnaviria,Heunggongvirae,Uroviricota,Caudoviricetes,Autographivirales,Autotranscriptaviridae,Studiervirinae,Kayfunavirus,dsDNA,2732686,Kayfunavirus
Salmonella enterica subsp. enterica serovar Paratyphi C,Duplodnaviria,Heunggongvirae,Uroviricota,Caudoviricetes,Autographivirales,Autotranscriptaviridae,Studiervirinae,Kayfunavirus,dsDNA,2732686,Kayfunavirus
Salmonella enterica subsp. enterica serovar Paratyphi B,Duplodnaviria,Heunggongvirae,Uroviricota,Caudoviricetes,Autographivirales,Autotranscriptaviridae,Studiervirinae,Kayfunavirus,dsDNA,2732686,Kayfunavirus
Staphylococcus aureus,Duplodnaviria,Heunggongvirae,Uroviricota,Caudoviricetes,Autographivirales,Autotranscriptaviridae,Studiervirinae,Kayfunavirus,dsDNA,2732686,Kayfunavirus
Pseudomonas aeruginosa,Duplodnaviria,Heunggongvirae,Uroviricota,Caudoviricetes,Autographivirales,Autoscriptoviridae,Tunggulvirus,Tunggulvirus f2,dsDNA,2732909,Tunggulvirus
Pseudomonas fluorescens,Duplodnaviria,Heunggongvirae,Uroviricota,Caudoviricetes,Autographivirales,Autoscriptoviridae,Tunggulvirus,Tunggulvirus f2,dsDNA,2732909,Tunggulvirus
Pectobacterium carotovorum,Duplodnaviria,Heunggongvirae,Uroviricota,Caudoviricetes,Autographivirales,Autoscriptoviridae,Corkvirinae,Kotilavirus,dsDNA,2732921,Kotilavirus
Pectobacterium carotovorum subsp. carotovorum,Duplodnaviria,Heunggongvirae,Uroviricota,Caudoviricetes,Autographivirales,Autoscriptoviridae,Corkvirinae,Kotilavirus,dsDNA,2732921,Kotilavirus
Pectobacterium,Duplodnaviria,Heunggongvirae,Uroviricota,Caudoviricetes,Autographivirales,Autoscriptoviridae,Corkvirinae,Kotilavirus,dsDNA,2732921,Kotilavirus
Dickeya dianthicola,Duplodnaviria,Heunggongvirae,Uroviricota,Caudoviricetes,Autographivirales,Autoscriptoviridae,Corkvirinae,Kotilavirus,dsDNA,2732921,Kotilavirus
Dickeya fangzhongdai,Duplodnaviria,Heunggongvirae,Uroviricota,Caudoviricetes,Autographivirales,Autoscriptoviridae,Corkvirinae,Stompvirus,dsDNA,2732922,Stompvirus
Pseudomonas agarici,Duplodnaviria,Heunggongvirae,Uroviricota,Caudoviricetes,Autographivirales,Autoscriptoviridae,Krylovirinae,Kirikabuvirus,dsDNA,2732923,Kirikabuvirus
Pseudomonas aeruginosa PAO1,Duplodnaviria,Heunggongvirae,Uroviricota,Caudoviricetes,Autographivirales,Autoscriptoviridae,Stubburvirus,Stubburvirus LKA1,dsDNA,2732924,Stubburvirus
Escherichia coli,Duplodnaviria,Heunggongvirae,Uroviricota,Caudoviricetes,Autographivirales,Autosignataviridae,Molineuxvirinae,Vectrevirus,dsDNA,2732928,Vectrevirus
Escherichia,Duplodnaviria,Heunggongvirae,Uroviricota,Caudoviricetes,Autographivirales,Autosignataviridae,Molineuxvirinae,Vectrevirus,dsDNA,2732928,Vectrevirus
Escherichia coli K1,Duplodnaviria,Heunggongvirae,Uroviricota,Caudoviricetes,Autographivirales,Autosignataviridae,Molineuxvirinae,Vectrevirus,dsDNA,2732928,Vectrevirus
Escherichia coli CFT073,Duplodnaviria,Heunggongvirae,Uroviricota,Caudoviricetes,Autographivirales,Autosignataviridae,Molineuxvirinae,Vectrevirus,dsDNA,2732928,Vectrevirus
Escherichia coli UTI89,Duplodnaviria,Heunggongvirae,Uroviricota,Caudoviricetes,Autographivirales,Autosignataviridae,Molineuxvirinae,Vectrevirus,dsDNA,2732928,Vectrevirus
Klebsiella aerogenes,Duplodnaviria,Heunggongvirae,Uroviricota,Caudoviricetes,Autographivirales,Autosignataviridae,Molineuxvirinae,Vectrevirus,dsDNA,2732928,Vectrevirus
Escherichia coli 536,Duplodnaviria,Heunggongvirae,Uroviricota,Caudoviricetes,Autographivirales,Autosignataviridae,Molineuxvirinae,Vectrevirus,dsDNA,2732928,Vectrevirus
Escherichia coli BL21,Duplodnaviria,Heunggongvirae,Uroviricota,Caudoviricetes,Autographivirales,Autosignataviridae,Molineuxvirinae,Vectrevirus,dsDNA,2732928,Vectrevirus
Enterobacter cloacae,Duplodnaviria,Heunggongvirae,Uroviricota,Caudoviricetes,Autographivirales,Autoscriptoviridae,Slopekvirinae,Koutsourovirus,dsDNA,2732938,Koutsourovirus
Enterobacter hormaechei,Duplodnaviria,Heunggongvirae,Uroviricota,Caudoviricetes,Autographivirales,Autoscriptoviridae,Slopekvirinae,Koutsourovirus,dsDNA,2732938,Koutsourovirus
Salmonella enterica subsp. enterica,Duplodnaviria,Heunggongvirae,Uroviricota,Caudoviricetes,Autographivirales,Autoscriptoviridae,Slopekvirinae,Koutsourovirus,dsDNA,2732938,Koutsourovirus
Escherichia coli str. K-12 substr. MG1655,Duplodnaviria,Heunggongvirae,Uroviricota,Caudoviricetes,Caudoviricetes incertae sedis,Chaseviridae,Cleopatravirinae,Carltongylesvirus,dsDNA,2732960,Carltongylesvirus
Escherichia coli CFT073,Duplodnaviria,Heunggongvirae,Uroviricota,Caudoviricetes,Caudoviricetes incertae sedis,Chaseviridae,Cleopatravirinae,Carltongylesvirus,dsDNA,2732960,Carltongylesvirus
Escherichia coli H21,Duplodnaviria,Heunggongvirae,Uroviricota,Caudoviricetes,Caudoviricetes incertae sedis,Chaseviridae,Cleopatravirinae,Carltongylesvirus,dsDNA,2732960,Carltongylesvirus
Escherichia sp.,Duplodnaviria,Heunggongvirae,Uroviricota,Caudoviricetes,Caudoviricetes incertae sedis,Chaseviridae,Cleopatravirinae,Carltongylesvirus,dsDNA,2732960,Carltongylesvirus
Escherichia coli O156:H25,Duplodnaviria,Heunggongvirae,Uroviricota,Caudoviricetes,Caudoviricetes incertae sedis,Chaseviridae,Cleopatravirinae,Carltongylesvirus,dsDNA,2732960,Carltongylesvirus
Shigella sp.,Duplodnaviria,Heunggongvirae,Uroviricota,Caudoviricetes,Caudoviricetes incertae sedis,Chaseviridae,Cleopatravirinae,Carltongylesvirus,dsDNA,2732960,Carltongylesvirus
Yersinia pseudotuberculosis,Duplodnaviria,Heunggongvirae,Uroviricota,Caudoviricetes,Caudoviricetes incertae sedis,Chaseviridae,Cleopatravirinae,Carltongylesvirus,dsDNA,2732960,Carltongylesvirus
Acinetobacter sp.,Duplodnaviria,Heunggongvirae,Uroviricota,Caudoviricetes,Caudoviricetes incertae sedis,Phapecoctavirus,unclassified Phapecoctavirus,,dsDNA,2733124,Phapecoctavirus
Campylobacter jejuni,Duplodnaviria,Heunggongvirae,Uroviricota,Caudoviricetes,Caudoviricetes incertae sedis,Phapecoctavirus,unclassified Phapecoctavirus,,dsDNA,2733124,Phapecoctavirus
Enterobacteriaceae,Duplodnaviria,Heunggongvirae,Uroviricota,Caudoviricetes,Caudoviricetes incertae sedis,Phapecoctavirus,Phapecoctavirus TSP7,,dsDNA,2733124,Phapecoctavirus
Escherichia coli str. K-12 substr. MG1655,Duplodnaviria,Heunggongvirae,Uroviricota,Caudoviricetes,Caudoviricetes incertae sedis,Phapecoctavirus,Phapecoctavirus anhysbys,,dsDNA,2733124,Phapecoctavirus
Escherichia coli,Duplodnaviria,Heunggongvirae,Uroviricota,Caudoviricetes,Caudoviricetes incertae sedis,Phapecoctavirus,unclassified Phapecoctavirus,,dsDNA,2733124,Phapecoctavirus
Escherichia,Duplodnaviria,Heunggongvirae,Uroviricota,Caudoviricetes,Caudoviricetes incertae sedis,Phapecoctavirus,unclassified Phapecoctavirus,,dsDNA,2733124,Phapecoctavirus
Shigella flexneri,Duplodnaviria,Heunggongvirae,Uroviricota,Caudoviricetes,Caudoviricetes incertae sedis,Phapecoctavirus,unclassified Phapecoctavirus,,dsDNA,2733124,Phapecoctavirus
Escherichia coli,Duplodnaviria,Heunggongvirae,Uroviricota,Caudoviricetes,Caudoviricetes incertae sedis,Phapecoctavirus,Phapecoctavirus ESCO13,,dsDNA,2733124,Phapecoctavirus
Escherichia coli,Duplodnaviria,Heunggongvirae,Uroviricota,Caudoviricetes,Caudoviricetes incertae sedis,Phapecoctavirus,Phapecoctavirus ESCO5,Escherichia virus ESCO5,dsDNA,2733124,Phapecoctavirus
Escherichia sp.,Duplodnaviria,Heunggongvirae,Uroviricota,Caudoviricetes,Caudoviricetes incertae sedis,Phapecoctavirus,unclassified Phapecoctavirus,,dsDNA,2733124,Phapecoctavirus
Escherichia coli,Duplodnaviria,Heunggongvirae,Uroviricota,Caudoviricetes,Caudoviricetes incertae sedis,Phapecoctavirus,Phapecoctavirus Mt1B1P17,,dsDNA,2733124,Phapecoctavirus
Escherichia coli str. K-12 substr. MG1655,Duplodnaviria,Heunggongvirae,Uroviricota,Caudoviricetes,Caudoviricetes incertae sedis,Phapecoctavirus,Phapecoctavirus nepoznato,,dsDNA,2733124,Phapecoctavirus
Escherichia coli str. K-12 substr. MG1655,Duplodnaviria,Heunggongvirae,Uroviricota,Caudoviricetes,Caudoviricetes incertae sedis,Phapecoctavirus,Phapecoctavirus nieznany,,dsDNA,2733124,Phapecoctavirus
Escherichia coli,Duplodnaviria,Heunggongvirae,Uroviricota,Caudoviricetes,Caudoviricetes incertae sedis,Phapecoctavirus,Phapecoctavirus phAPEC8,Escherichia virus phAPEC8,dsDNA,2733124,Phapecoctavirus
Escherichia coli str. K-12 substr. MG1655,Duplodnaviria,Heunggongvirae,Uroviricota,Caudoviricetes,Caudoviricetes incertae sedis,Phapecoctavirus,Phapecoctavirus tuntematon,,dsDNA,2733124,Phapecoctavirus
Escherichia coli str. K-12 substr. MG1655,Duplodnaviria,Heunggongvirae,Uroviricota,Caudoviricetes,Caudoviricetes incertae sedis,Phapecoctavirus,Phapecoctavirus ukendt,,dsDNA,2733124,Phapecoctavirus
Escherichia coli,Duplodnaviria,Heunggongvirae,Uroviricota,Caudoviricetes,Caudoviricetes incertae sedis,Phapecoctavirus,Phapecoctavirus Ro121c4YLVW,,dsDNA,2733124,Phapecoctavirus
Escherichia sp.,Duplodnaviria,Heunggongvirae,Uroviricota,Caudoviricetes,Caudoviricetes incertae sedis,Phapecoctavirus,Phapecoctavirus ESCO13,,dsDNA,2733124,Phapecoctavirus
Escherichia coli O177,Duplodnaviria,Heunggongvirae,Uroviricota,Caudoviricetes,Caudoviricetes incertae sedis,Phapecoctavirus,unclassified Phapecoctavirus,,dsDNA,2733124,Phapecoctavirus
Escherichia coli O2,Duplodnaviria,Heunggongvirae,Uroviricota,Caudoviricetes,Caudoviricetes incertae sedis,Phapecoctavirus,unclassified Phapecoctavirus,,dsDNA,2733124,Phapecoctavirus
Escherichia coli O157:H7,Duplodnaviria,Heunggongvirae,Uroviricota,Caudoviricetes,Caudoviricetes incertae sedis,Phapecoctavirus,unclassified Phapecoctavirus,,dsDNA,2733124,Phapecoctavirus
Escherichia coli,Duplodnaviria,Heunggongvirae,Uroviricota,Caudoviricetes,Caudoviricetes incertae sedis,Phapecoctavirus,Phapecoctavirus schickermooser,Escherichia virus Schickermooser,dsDNA,2733124,Phapecoctavirus
Klebsiella pneumoniae,Duplodnaviria,Heunggongvirae,Uroviricota,Caudoviricetes,Caudoviricetes incertae sedis,Phapecoctavirus,Phapecoctavirus ZCKP1,Klebsiella virus ZCKP1,dsDNA,2733124,Phapecoctavirus
Faecalibacterium prausnitzii,Duplodnaviria,Heunggongvirae,Uroviricota,Caudoviricetes,Caudoviricetes incertae sedis,Toutatisvirus,Toutatisvirus toutatis,,dsDNA,2733138,Toutatisvirus
Pseudomonas fluorescens,Duplodnaviria,Heunggongvirae,Uroviricota,Caudoviricetes,Caudoviricetes incertae sedis,Schitoviridae,Shizishanvirus,Shizishanvirus phCDa,dsDNA,2733148,Shizishanvirus
Escherichia coli,Duplodnaviria,Heunggongvirae,Uroviricota,Caudoviricetes,Caudoviricetes incertae sedis,Xuquatrovirus,unclassified Xuquatrovirus,,dsDNA,2733151,Xuquatrovirus
Escherichia coli,Duplodnaviria,Heunggongvirae,Uroviricota,Caudoviricetes,Caudoviricetes incertae sedis,Xuquatrovirus,Xuquatrovirus PTXU04,,dsDNA,2733151,Xuquatrovirus
Microbacterium foliorum,Duplodnaviria,Heunggongvirae,Uroviricota,Caudoviricetes,Caudoviricetes incertae sedis,Krampusvirus,unclassified Krampusvirus,,dsDNA,2733184,Krampusvirus
Microbacterium foliorum,Duplodnaviria,Heunggongvirae,Uroviricota,Caudoviricetes,Caudoviricetes incertae sedis,Krampusvirus,Krampusvirus krampus,,dsDNA,2733184,Krampusvirus
Pseudomonas sp.,Duplodnaviria,Heunggongvirae,Uroviricota,Caudoviricetes,Caudoviricetes incertae sedis,Lanavirus,Lanavirus lana,,dsDNA,2733185,Lanavirus
Pseudomonas grimontii,Duplodnaviria,Heunggongvirae,Uroviricota,Caudoviricetes,Caudoviricetes incertae sedis,Maxrubnervirus,Maxrubnervirus PMBT3,,dsDNA,2733193,Maxrubnervirus
Microbacterium paraoxydans,Duplodnaviria,Heunggongvirae,Uroviricota,Caudoviricetes,Caudoviricetes incertae sedis,Hodgkinviridae,Metamorphoovirus,Metamorphoovirus ariadne,dsDNA,2733195,Metamorphoovirus
Miniopterus schreibersii,Monodnaviria,Shotokuvirae,Cossaviricota,Quintoviricetes,Piccovirales,Parvoviridae,Densovirinae,Blattambidensovirus,,2733224,Blattambidensovirus
Blattella germanica,Monodnaviria,Shotokuvirae,Cossaviricota,Quintoviricetes,Piccovirales,Parvoviridae,Densovirinae,Blattambidensovirus,,2733224,Blattambidensovirus
Parus major,Monodnaviria,Shotokuvirae,Cossaviricota,Quintoviricetes,Piccovirales,Parvoviridae,Densovirinae,Blattambidensovirus,,2733224,Blattambidensovirus
root,Riboviria,Orthornavirae,Lenarviricota,Leviviricetes,Timlovirales,Steitzviridae,Alehxovirus,Alehxovirus humivicinum,+ssRNA,2842364,Alehxovirus
Microbacterium foliorum,Duplodnaviria,Heunggongvirae,Uroviricota,Caudoviricetes,Caudoviricetes incertae sedis,Akonivirus,Akonivirus akoni,,dsDNA,2842540,Akonivirus
Microbacterium foliorum,Duplodnaviria,Heunggongvirae,Uroviricota,Caudoviricetes,Caudoviricetes incertae sedis,Akonivirus,unclassified Akonivirus,,dsDNA,2842540,Akonivirus
Microbacterium foliorum,Duplodnaviria,Heunggongvirae,Uroviricota,Caudoviricetes,Caudoviricetes incertae sedis,Akonivirus,Akonivirus phedro,,dsDNA,2842540,Akonivirus
Escherichia coli,Duplodnaviria,Heunggongvirae,Uroviricota,Caudoviricetes,Caudoviricetes incertae sedis,Schitoviridae,Cbunavirus,unclassified Cbunavirus,dsDNA,2842586,Cbunavirus
Kosakonia cowanii,Duplodnaviria,Heunggongvirae,Uroviricota,Caudoviricetes,Caudoviricetes incertae sedis,Schitoviridae,Cbunavirus,Cbunavirus Kc283,dsDNA,2842586,Cbunavirus
Pectobacterium wasabiae,Duplodnaviria,Heunggongvirae,Uroviricota,Caudoviricetes,Caudoviricetes incertae sedis,Schitoviridae,Cbunavirus,Cbunavirus A41,dsDNA,2842586,Cbunavirus
Pectobacterium atrosepticum,Duplodnaviria,Heunggongvirae,Uroviricota,Caudoviricetes,Caudoviricetes incertae sedis,Schitoviridae,Cbunavirus,unclassified Cbunavirus,dsDNA,2842586,Cbunavirus
Dickeya solani,Duplodnaviria,Heunggongvirae,Uroviricota,Caudoviricetes,Caudoviricetes incertae sedis,Schitoviridae,Cbunavirus,unclassified Cbunavirus,dsDNA,2842586,Cbunavirus
Aeromonas hydrophila,Duplodnaviria,Heunggongvirae,Uroviricota,Caudoviricetes,Pantevenvirales,Straboviridae,Emmerichvirinae,Ceceduovirus,dsDNA,2842588,Ceceduovirus
Aeromonas salmonicida subsp. salmonicida,Duplodnaviria,Heunggongvirae,Uroviricota,Caudoviricetes,Pantevenvirales,Straboviridae,Emmerichvirinae,Ceceduovirus,dsDNA,2842588,Ceceduovirus
Aeromonas hydrophila subsp. hydrophila,Duplodnaviria,Heunggongvirae,Uroviricota,Caudoviricetes,Pantevenvirales,Straboviridae,Emmerichvirinae,Ceceduovirus,dsDNA,2842588,Ceceduovirus
Aeromonas dhakensis,Duplodnaviria,Heunggongvirae,Uroviricota,Caudoviricetes,Pantevenvirales,Straboviridae,Emmerichvirinae,Ceceduovirus,dsDNA,2842588,Ceceduovirus
root,Riboviria,Orthornavirae,Lenarviricota,Leviviricetes,Norzivirales,Fiersviridae,Cehakivirus,Cehakivirus limihabitans,+ssRNA,2842589,Cehakivirus
Delftia tsuruhatensis,Duplodnaviria,Heunggongvirae,Uroviricota,Caudoviricetes,Caudoviricetes incertae sedis,Schitoviridae,Dendoorenvirus,Dendoorenvirus RG2014,dsDNA,2842641,Dendoorenvirus
Escherichia coli HS,Riboviria,Orthornavirae,Lenarviricota,Leviviricetes,Norzivirales,Fiersviridae,Emesvirus,,+ssRNA,2842664,Emesvirus
Escherichia coli,Riboviria,Orthornavirae,Lenarviricota,Leviviricetes,Norzivirales,Fiersviridae,Emesvirus,Emesvirus zinderi,+ssRNA,2842664,Emesvirus
Escherichia coli str. K-12 substr. MG1655,Riboviria,Orthornavirae,Lenarviricota,Leviviricetes,Norzivirales,Fiersviridae,Emesvirus,unclassified Emesvirus,+ssRNA,2842664,Emesvirus
root,Riboviria,Orthornavirae,Lenarviricota,Leviviricetes,Norzivirales,Fiersviridae,Emesvirus,Emesvirus piscicola,+ssRNA,2842664,Emesvirus
root,Riboviria,Orthornavirae,Lenarviricota,Leviviricetes,Timlovirales,Steitzviridae,Gihfavirus,Gihfavirus chorovivens,+ssRNA,2842702,Gihfavirus
root,Riboviria,Orthornavirae,Lenarviricota,Leviviricetes,Norzivirales,Fiersviridae,Gmuhndevirus,Gmuhndevirus pelovivens,+ssRNA,2842706,Gmuhndevirus
root,Riboviria,Orthornavirae,Lenarviricota,Leviviricetes,Timlovirales,Steitzviridae,Hohrdovirus,Hohrdovirus edaphohabitans,+ssRNA,2842736,Hohrdovirus
root,Riboviria,Orthornavirae,Lenarviricota,Leviviricetes,Norzivirales,Fiersviridae,Ishugivirus,Ishugivirus pelohabitans,+ssRNA,2842767,Ishugivirus
root,Riboviria,Orthornavirae,Lenarviricota,Leviviricetes,Timlovirales,Blumeviridae,Ivolevirus,Ivolevirus faecicola,+ssRNA,2842770,Ivolevirus
Klebsiella pneumoniae,Duplodnaviria,Heunggongvirae,Uroviricota,Caudoviricetes,Caudoviricetes incertae sedis,Schitoviridae,Enquatrovirinae,Kaypoctavirus,dsDNA,2842786,Kaypoctavirus
root,Riboviria,Orthornavirae,Lenarviricota,Leviviricetes,Norzivirales,Fiersviridae,Kemicevirus,Kemicevirus caenicola,+ssRNA,2842792,Kemicevirus
Gordonia rubripertincta,Duplodnaviria,Heunggongvirae,Uroviricota,Caudoviricetes,Caudoviricetes incertae sedis,Kenoshavirus,unclassified Kenoshavirus,,dsDNA,2842796,Kenoshavirus
Gordonia terrae,Duplodnaviria,Heunggongvirae,Uroviricota,Caudoviricetes,Caudoviricetes incertae sedis,Kenoshavirus,Kenoshavirus chikenjars,,dsDNA,2842796,Kenoshavirus
Gordonia rubripertincta,Duplodnaviria,Heunggongvirae,Uroviricota,Caudoviricetes,Caudoviricetes incertae sedis,Kenoshavirus,Kenoshavirus chikenjars,,dsDNA,2842796,Kenoshavirus
Gordonia rubripertincta,Duplodnaviria,Heunggongvirae,Uroviricota,Caudoviricetes,Caudoviricetes incertae sedis,Kenoshavirus,Kenoshavirus crocheter,,dsDNA,2842796,Kenoshavirus
Gordonia terrae,Duplodnaviria,Heunggongvirae,Uroviricota,Caudoviricetes,Caudoviricetes incertae sedis,Kenoshavirus,Kenoshavirus duffington,,dsDNA,2842796,Kenoshavirus
Gordonia rubripertincta,Duplodnaviria,Heunggongvirae,Uroviricota,Caudoviricetes,Caudoviricetes incertae sedis,Kenoshavirus,Kenoshavirus kenosha,,dsDNA,2842796,Kenoshavirus
Gordonia rubripertincta,Duplodnaviria,Heunggongvirae,Uroviricota,Caudoviricetes,Caudoviricetes incertae sedis,Kenoshavirus,Kenoshavirus untouchable,,dsDNA,2842796,Kenoshavirus
Gordonia rubripertincta,Duplodnaviria,Heunggongvirae,Uroviricota,Caudoviricetes,Caudoviricetes incertae sedis,Kenoshavirus,Kenoshavirus ohmyward,,dsDNA,2842796,Kenoshavirus
Gordonia terrae,Duplodnaviria,Heunggongvirae,Uroviricota,Caudoviricetes,Caudoviricetes incertae sedis,Kenoshavirus,Kenoshavirus rickmore,,dsDNA,2842796,Kenoshavirus
Gordonia terrae,Duplodnaviria,Heunggongvirae,Uroviricota,Caudoviricetes,Caudoviricetes incertae sedis,Kenoshavirus,unclassified Kenoshavirus,,dsDNA,2842796,Kenoshavirus
root,Riboviria,Orthornavirae,Lenarviricota,Leviviricetes,Timlovirales,Steitzviridae,Kinglevirus,Kinglevirus lutadaptatum,+ssRNA,2842802,Kinglevirus
root,Riboviria,Orthornavirae,Lenarviricota,Leviviricetes,Norzivirales,Fiersviridae,Kowinovirus,Kowinovirus pelenecus,+ssRNA,2842810,Kowinovirus
root,Riboviria,Orthornavirae,Lenarviricota,Leviviricetes,Norzivirales,Fiersviridae,Mahraivirus,Mahraivirus limivicinum,+ssRNA,2842846,Mahraivirus
root,Riboviria,Orthornavirae,Lenarviricota,Leviviricetes,Norzivirales,Fiersviridae,Mekintivirus,Mekintivirus lutihabitans,+ssRNA,2842861,Mekintivirus
Lactobacillus,Duplodnaviria,Heunggongvirae,Uroviricota,Caudoviricetes,Caudoviricetes incertae sedis,Herelleviridae,Mooreparkvirus,Mooreparkvirus Lb3381,dsDNA,2842881,Mooreparkvirus
Lacticaseibacillus paracasei,Duplodnaviria,Heunggongvirae,Uroviricota,Caudoviricetes,Caudoviricetes incertae sedis,Herelleviridae,Mooreparkvirus,Mooreparkvirus Lb3381,dsDNA,2842881,Mooreparkvirus
Lacticaseibacillus casei BL23,Duplodnaviria,Heunggongvirae,Uroviricota,Caudoviricetes,Caudoviricetes incertae sedis,Herelleviridae,Mooreparkvirus,unclassified Mooreparkvirus,dsDNA,2842881,Mooreparkvirus
Escherichia coli,Duplodnaviria,Heunggongvirae,Uroviricota,Caudoviricetes,Caudoviricetes incertae sedis,Mydovirus,unclassified Mydovirus,,dsDNA,2842888,Mydovirus
Klebsiella pneumoniae,Duplodnaviria,Heunggongvirae,Uroviricota,Caudoviricetes,Caudoviricetes incertae sedis,Mydovirus,unclassified Mydovirus,,dsDNA,2842888,Mydovirus
Klebsiella sp.,Duplodnaviria,Heunggongvirae,Uroviricota,Caudoviricetes,Caudoviricetes incertae sedis,Mydovirus,Mydovirus KNP2,,dsDNA,2842888,Mydovirus
Klebsiella pneumoniae,Duplodnaviria,Heunggongvirae,Uroviricota,Caudoviricetes,Caudoviricetes incertae sedis,Mydovirus,Mydovirus KpS8,,dsDNA,2842888,Mydovirus
Klebsiella,Duplodnaviria,Heunggongvirae,Uroviricota,Caudoviricetes,Caudoviricetes incertae sedis,Mydovirus,unclassified Mydovirus,,dsDNA,2842888,Mydovirus
Klebsiella pneumoniae,Duplodnaviria,Heunggongvirae,Uroviricota,Caudoviricetes,Caudoviricetes incertae sedis,Mydovirus,Mydovirus BIS47,,dsDNA,2842888,Mydovirus
Klebsiella pneumoniae,Duplodnaviria,Heunggongvirae,Uroviricota,Caudoviricetes,Caudoviricetes incertae sedis,Mydovirus,Mydovirus KB57,,dsDNA,2842888,Mydovirus
Proteus mirabilis,Duplodnaviria,Heunggongvirae,Uroviricota,Caudoviricetes,Caudoviricetes incertae sedis,Mydovirus,Mydovirus mydo,,dsDNA,2842888,Mydovirus
Raoultella ornithinolytica,Duplodnaviria,Heunggongvirae,Uroviricota,Caudoviricetes,Caudoviricetes incertae sedis,Mydovirus,Mydovirus Ro1,,dsDNA,2842888,Mydovirus
Pseudomonas aeruginosa,Duplodnaviria,Heunggongvirae,Uroviricota,Caudoviricetes,Caudoviricetes incertae sedis,Zobellviridae,Paundecimvirus,unclassified Paundecimvirus,dsDNA,2842942,Paundecimvirus
Pseudomonas aeruginosa PAO1,Duplodnaviria,Heunggongvirae,Uroviricota,Caudoviricetes,Caudoviricetes incertae sedis,Zobellviridae,Paundecimvirus,unclassified Paundecimvirus,dsDNA,2842942,Paundecimvirus
Pseudomonas,Duplodnaviria,Heunggongvirae,Uroviricota,Caudoviricetes,Caudoviricetes incertae sedis,Zobellviridae,Paundecimvirus,Paundecimvirus PA11,dsDNA,2842942,Paundecimvirus
Pseudomonas aeruginosa PA1,Duplodnaviria,Heunggongvirae,Uroviricota,Caudoviricetes,Caudoviricetes incertae sedis,Zobellviridae,Paundecimvirus,Paundecimvirus PA11,dsDNA,2842942,Paundecimvirus
Pseudomonas sp.,Duplodnaviria,Heunggongvirae,Uroviricota,Caudoviricetes,Caudoviricetes incertae sedis,Zobellviridae,Paundecimvirus,unclassified Paundecimvirus,dsDNA,2842942,Paundecimvirus
root,Riboviria,Orthornavirae,Lenarviricota,Leviviricetes,Norzivirales,Fiersviridae,Paysduvirus,Paysduvirus asiocola,+ssRNA,2842943,Paysduvirus
Stenotrophomonas maltophilia,Duplodnaviria,Heunggongvirae,Uroviricota,Caudoviricetes,Caudoviricetes incertae sedis,Schitoviridae,Pokkenvirus,Pokkenvirus paxi,dsDNA,2842972,Pokkenvirus
Xanthomonas euvesicatoria,Duplodnaviria,Heunggongvirae,Uroviricota,Caudoviricetes,Caudoviricetes incertae sedis,Schitoviridae,Pokkenvirus,unclassified Pokkenvirus,dsDNA,2842972,Pokkenvirus
Escherichia coli,Duplodnaviria,Heunggongvirae,Uroviricota,Caudoviricetes,Caudoviricetes incertae sedis,Schitoviridae,Humphriesvirinae,Pollockvirus,dsDNA,2842973,Pollockvirus
Gordonia rubripertincta,Duplodnaviria,Heunggongvirae,Uroviricota,Caudoviricetes,Caudoviricetes incertae sedis,Secretariatvirus,Secretariatvirus secretariat,,dsDNA,2843027,Secretariatvirus
root,Riboviria,Orthornavirae,Lenarviricota,Leviviricetes,Norzivirales,Fiersviridae,Sholavirus,unclassified Sholavirus,+ssRNA,2843039,Sholavirus
Celeribacter marinus,Duplodnaviria,Heunggongvirae,Uroviricota,Caudoviricetes,Caudoviricetes incertae sedis,Zobellviridae,Cobavirinae,Siovirus,dsDNA,2843048,Siovirus
Lentibacter sp.,Duplodnaviria,Heunggongvirae,Uroviricota,Caudoviricetes,Caudoviricetes incertae sedis,Zobellviridae,Cobavirinae,Siovirus,dsDNA,2843048,Siovirus
Roseobacter,Duplodnaviria,Heunggongvirae,Uroviricota,Caudoviricetes,Caudoviricetes incertae sedis,Zobellviridae,Cobavirinae,Siovirus,dsDNA,2843048,Siovirus
Roseobacter sp. SIO67,Duplodnaviria,Heunggongvirae,Uroviricota,Caudoviricetes,Caudoviricetes incertae sedis,Zobellviridae,Cobavirinae,Siovirus,dsDNA,2843048,Siovirus
Gordonia rubripertincta,Duplodnaviria,Heunggongvirae,Uroviricota,Caudoviricetes,Caudoviricetes incertae sedis,Tanisvirus,unclassified Tanisvirus,,dsDNA,2843069,Tanisvirus
Gordonia rubripertincta,Duplodnaviria,Heunggongvirae,Uroviricota,Caudoviricetes,Caudoviricetes incertae sedis,Tanisvirus,Tanisvirus avazak,,dsDNA,2843069,Tanisvirus
Gordonia terrae,Duplodnaviria,Heunggongvirae,Uroviricota,Caudoviricetes,Caudoviricetes incertae sedis,Tanisvirus,Tanisvirus tanis,,dsDNA,2843069,Tanisvirus
Microbacterium foliorum,Duplodnaviria,Heunggongvirae,Uroviricota,Caudoviricetes,Caudoviricetes incertae sedis,Tinytimothyvirus,Tinytimothyvirus alex44,,dsDNA,2843096,Tinytimothyvirus
Microbacterium foliorum,Duplodnaviria,Heunggongvirae,Uroviricota,Caudoviricetes,Caudoviricetes incertae sedis,Tinytimothyvirus,unclassified Tinytimothyvirus,,dsDNA,2843096,Tinytimothyvirus
Microbacterium foliorum,Duplodnaviria,Heunggongvirae,Uroviricota,Caudoviricetes,Caudoviricetes incertae sedis,Tinytimothyvirus,Tinytimothyvirus tinytimothy,,dsDNA,2843096,Tinytimothyvirus
Pseudomonas putida,Duplodnaviria,Heunggongvirae,Uroviricota,Caudoviricetes,Caudoviricetes incertae sedis,Schitoviridae,Zurivirus,Zurivirus zuri,dsDNA,2843162,Zurivirus
Acinetobacter,Duplodnaviria,Heunggongvirae,Uroviricota,Caudoviricetes,Caudoviricetes incertae sedis,Astrithrvirus,unclassified Astrithrvirus,,dsDNA,2843350,Astrithrvirus
Pectobacterium sp.,Duplodnaviria,Heunggongvirae,Uroviricota,Caudoviricetes,Caudoviricetes incertae sedis,Astrithrvirus,unclassified Astrithrvirus,,dsDNA,2843350,Astrithrvirus
Salmonella enterica subsp. enterica serovar Enteritidis,Duplodnaviria,Heunggongvirae,Uroviricota,Caudoviricetes,Caudoviricetes incertae sedis,Astrithrvirus,Astrithrvirus astrithr,,dsDNA,2843350,Astrithrvirus
Lactococcus lactis,Duplodnaviria,Heunggongvirae,Uroviricota,Caudoviricetes,Caudoviricetes incertae sedis,Audreyjarvisvirus,Audreyjarvisvirus av949,,dsDNA,2843351,Audreyjarvisvirus
Lactococcus lactis,Duplodnaviria,Heunggongvirae,Uroviricota,Caudoviricetes,Caudoviricetes incertae sedis,Audreyjarvisvirus,Audreyjarvisvirus AM1,,dsDNA,2843351,Audreyjarvisvirus
Lactococcus lactis,Duplodnaviria,Heunggongvirae,Uroviricota,Caudoviricetes,Caudoviricetes incertae sedis,Audreyjarvisvirus,Audreyjarvisvirus AM4,,dsDNA,2843351,Audreyjarvisvirus
Lactococcus lactis,Duplodnaviria,Heunggongvirae,Uroviricota,Caudoviricetes,Caudoviricetes incertae sedis,Audreyjarvisvirus,Audreyjarvisvirus LW81,,dsDNA,2843351,Audreyjarvisvirus
Lactococcus lactis,Duplodnaviria,Heunggongvirae,Uroviricota,Caudoviricetes,Caudoviricetes incertae sedis,Audreyjarvisvirus,Audreyjarvisvirus P1048,,dsDNA,2843351,Audreyjarvisvirus
Lactococcus cremoris,Duplodnaviria,Heunggongvirae,Uroviricota,Caudoviricetes,Caudoviricetes incertae sedis,Audreyjarvisvirus,Audreyjarvisvirus L47,,dsDNA,2843351,Audreyjarvisvirus
Lactococcus lactis,Duplodnaviria,Heunggongvirae,Uroviricota,Caudoviricetes,Caudoviricetes incertae sedis,Audreyjarvisvirus,Audreyjarvisvirus WRP3,,dsDNA,2843351,Audreyjarvisvirus
Microbacterium foliorum,Duplodnaviria,Heunggongvirae,Uroviricota,Caudoviricetes,Caudoviricetes incertae sedis,Burrovirus,Burrovirus araxxi,,dsDNA,2843362,Burrovirus
Microbacterium foliorum,Duplodnaviria,Heunggongvirae,Uroviricota,Caudoviricetes,Caudoviricetes incertae sedis,Burrovirus,Burrovirus arete,,dsDNA,2843362,Burrovirus
Microbacterium paraoxydans,Duplodnaviria,Heunggongvirae,Uroviricota,Caudoviricetes,Caudoviricetes incertae sedis,Burrovirus,Burrovirus burro,,dsDNA,2843362,Burrovirus
Microbacterium foliorum,Duplodnaviria,Heunggongvirae,Uroviricota,Caudoviricetes,Caudoviricetes incertae sedis,Burrovirus,unclassified Burrovirus,,dsDNA,2843362,Burrovirus
Lactococcus lactis,Duplodnaviria,Heunggongvirae,Uroviricota,Caudoviricetes,Caudoviricetes incertae sedis,Fremauxvirus,Fremauxvirus fv1706,,dsDNA,2843383,Fremauxvirus
Lactococcus,Duplodnaviria,Heunggongvirae,Uroviricota,Caudoviricetes,Caudoviricetes incertae sedis,Fremauxvirus,Fremauxvirus CHPC971,,dsDNA,2843383,Fremauxvirus
Lactococcus lactis,Duplodnaviria,Heunggongvirae,Uroviricota,Caudoviricetes,Caudoviricetes incertae sedis,Fremauxvirus,Fremauxvirus CHPC971,,dsDNA,2843383,Fremauxvirus
Arthrobacter sp.,Duplodnaviria,Heunggongvirae,Uroviricota,Caudoviricetes,Caudoviricetes incertae sedis,Klausavirus,Klausavirus princesstrina,,dsDNA,2843401,Klausavirus
[Arthrobacter] sp. ATCC 21022,Duplodnaviria,Heunggongvirae,Uroviricota,Caudoviricetes,Caudoviricetes incertae sedis,Klausavirus,Klausavirus princesstrina,,dsDNA,2843401,Klausavirus
[Arthrobacter] sp. ATCC 21022,Duplodnaviria,Heunggongvirae,Uroviricota,Caudoviricetes,Caudoviricetes incertae sedis,Klausavirus,Klausavirus colucci,,dsDNA,2843401,Klausavirus
Arthrobacter sp.,Duplodnaviria,Heunggongvirae,Uroviricota,Caudoviricetes,Caudoviricetes incertae sedis,Klausavirus,Klausavirus dryang,,dsDNA,2843401,Klausavirus
[Arthrobacter] sp. ATCC 21022,Duplodnaviria,Heunggongvirae,Uroviricota,Caudoviricetes,Caudoviricetes incertae sedis,Klausavirus,Klausavirus dryang,,dsDNA,2843401,Klausavirus
Arthrobacter sp.,Duplodnaviria,Heunggongvirae,Uroviricota,Caudoviricetes,Caudoviricetes incertae sedis,Klausavirus,Klausavirus kburrousTX,,dsDNA,2843401,Klausavirus
[Arthrobacter] sp. ATCC 21022,Duplodnaviria,Heunggongvirae,Uroviricota,Caudoviricetes,Caudoviricetes incertae sedis,Klausavirus,Klausavirus kburrousTX,,dsDNA,2843401,Klausavirus
Arthrobacter sp.,Duplodnaviria,Heunggongvirae,Uroviricota,Caudoviricetes,Caudoviricetes incertae sedis,Klausavirus,Klausavirus lymara,,dsDNA,2843401,Klausavirus
[Arthrobacter] sp. ATCC 21022,Duplodnaviria,Heunggongvirae,Uroviricota,Caudoviricetes,Caudoviricetes incertae sedis,Klausavirus,Klausavirus lymara,,dsDNA,2843401,Klausavirus
Arthrobacter sp.,Duplodnaviria,Heunggongvirae,Uroviricota,Caudoviricetes,Caudoviricetes incertae sedis,Klausavirus,Klausavirus ArV1,,dsDNA,2843401,Klausavirus
Flavobacterium sp. LMO6,Duplodnaviria,Heunggongvirae,Uroviricota,Caudoviricetes,Caudoviricetes incertae sedis,Lillamyvirus,Lillamyvirus hemulen,,dsDNA,2843418,Lillamyvirus
Flavobacterium sp. LMO9,Duplodnaviria,Heunggongvirae,Uroviricota,Caudoviricetes,Caudoviricetes incertae sedis,Lillamyvirus,unclassified Lillamyvirus,,dsDNA,2843418,Lillamyvirus
Flavobacterium sp. LMO9,Duplodnaviria,Heunggongvirae,Uroviricota,Caudoviricetes,Caudoviricetes incertae sedis,Lillamyvirus,Lillamyvirus lillamy,,dsDNA,2843418,Lillamyvirus
Flavobacterium sp. LMO9,Duplodnaviria,Heunggongvirae,Uroviricota,Caudoviricetes,Caudoviricetes incertae sedis,Lillamyvirus,Lillamyvirus morran,,dsDNA,2843418,Lillamyvirus
Flavobacterium sp. LMO9,Duplodnaviria,Heunggongvirae,Uroviricota,Caudoviricetes,Caudoviricetes incertae sedis,Lillamyvirus,Lillamyvirus sniff,,dsDNA,2843418,Lillamyvirus
Flavobacterium sp. LMO6,Duplodnaviria,Heunggongvirae,Uroviricota,Caudoviricetes,Caudoviricetes incertae sedis,Lillamyvirus,Lillamyvirus snork,,dsDNA,2843418,Lillamyvirus
Flavobacterium sp. LMO6,Duplodnaviria,Heunggongvirae,Uroviricota,Caudoviricetes,Caudoviricetes incertae sedis,Lillamyvirus,Lillamyvirus sniff,,dsDNA,2843418,Lillamyvirus
Flavobacterium sp. LMO9,Duplodnaviria,Heunggongvirae,Uroviricota,Caudoviricetes,Caudoviricetes incertae sedis,Lillamyvirus,Lillamyvirus stinky,,dsDNA,2843418,Lillamyvirus
Cronobacter dublinensis,Duplodnaviria,Heunggongvirae,Uroviricota,Caudoviricetes,Caudoviricetes incertae sedis,Muldoonvirus,unclassified Muldoonvirus,,dsDNA,2843425,Muldoonvirus
Serratia marcescens,Duplodnaviria,Heunggongvirae,Uroviricota,Caudoviricetes,Caudoviricetes incertae sedis,Muldoonvirus,Muldoonvirus muldoon,,dsDNA,2843425,Muldoonvirus
Serratia marcescens,Duplodnaviria,Heunggongvirae,Uroviricota,Caudoviricetes,Caudoviricetes incertae sedis,Muldoonvirus,Muldoonvirus PS2,,dsDNA,2843425,Muldoonvirus
Serratia,Duplodnaviria,Heunggongvirae,Uroviricota,Caudoviricetes,Caudoviricetes incertae sedis,Muldoonvirus,unclassified Muldoonvirus,,dsDNA,2843425,Muldoonvirus
Serratia marcescens,Duplodnaviria,Heunggongvirae,Uroviricota,Caudoviricetes,Caudoviricetes incertae sedis,Muldoonvirus,unclassified Muldoonvirus,,dsDNA,2843425,Muldoonvirus
Flavobacterium sp. LMO9,Duplodnaviria,Heunggongvirae,Uroviricota,Caudoviricetes,Caudoviricetes incertae sedis,Muminvirus,Muminvirus filifjonk,,dsDNA,2843426,Muminvirus
Flavobacterium sp. LMO6,Duplodnaviria,Heunggongvirae,Uroviricota,Caudoviricetes,Caudoviricetes incertae sedis,Muminvirus,Muminvirus mumin,,dsDNA,2843426,Muminvirus
Flavobacterium sp. LMO9,Duplodnaviria,Heunggongvirae,Uroviricota,Caudoviricetes,Caudoviricetes incertae sedis,Muminvirus,Muminvirus mumin,,dsDNA,2843426,Muminvirus
Flavobacterium sp. LMO6,Duplodnaviria,Heunggongvirae,Uroviricota,Caudoviricetes,Caudoviricetes incertae sedis,Muminvirus,Muminvirus mymlan,,dsDNA,2843426,Muminvirus
Flavobacterium sp. LMO6,Duplodnaviria,Heunggongvirae,Uroviricota,Caudoviricetes,Caudoviricetes incertae sedis,Muminvirus,Muminvirus snusmum,,dsDNA,2843426,Muminvirus
Flavobacterium sp. LMO9,Duplodnaviria,Heunggongvirae,Uroviricota,Caudoviricetes,Caudoviricetes incertae sedis,Muminvirus,unclassified Muminvirus,,dsDNA,2843426,Muminvirus
Flavobacterium sp. LMO6,Duplodnaviria,Heunggongvirae,Uroviricota,Caudoviricetes,Caudoviricetes incertae sedis,Muminvirus,Muminvirus tooticki,,dsDNA,2843426,Muminvirus
Flavobacterium sp. LMO9,Duplodnaviria,Heunggongvirae,Uroviricota,Caudoviricetes,Caudoviricetes incertae sedis,Muminvirus,Muminvirus tooticki,,dsDNA,2843426,Muminvirus
Lactococcus lactis,Duplodnaviria,Heunggongvirae,Uroviricota,Caudoviricetes,Caudoviricetes incertae sedis,Nevevirus,Nevevirus P078,,dsDNA,2843430,Nevevirus
Lactococcus lactis,Duplodnaviria,Heunggongvirae,Uroviricota,Caudoviricetes,Caudoviricetes incertae sedis,Nevevirus,Nevevirus P092,,dsDNA,2843430,Nevevirus
Lactococcus lactis,Duplodnaviria,Heunggongvirae,Uroviricota,Caudoviricetes,Caudoviricetes incertae sedis,Nevevirus,Nevevirus P118,,dsDNA,2843430,Nevevirus
Lactococcus lactis,Duplodnaviria,Heunggongvirae,Uroviricota,Caudoviricetes,Caudoviricetes incertae sedis,Nevevirus,Nevevirus P162,,dsDNA,2843430,Nevevirus
Serratia marcescens,Duplodnaviria,Heunggongvirae,Uroviricota,Caudoviricetes,Caudoviricetes incertae sedis,Parlovirus,Parlovirus parlo,,dsDNA,2843433,Parlovirus
Aeromonas hydrophila subsp. hydrophila,Duplodnaviria,Heunggongvirae,Uroviricota,Caudoviricetes,Caudoviricetes incertae sedis,Plateaulakevirus,Plateaulakevirus pv2L372D,,dsDNA,2843436,Plateaulakevirus
Aeromonas hydrophila subsp. hydrophila,Duplodnaviria,Heunggongvirae,Uroviricota,Caudoviricetes,Caudoviricetes incertae sedis,Plateaulakevirus,Plateaulakevirus pv2L372X,,dsDNA,2843436,Plateaulakevirus
Aeromonas hydrophila subsp. hydrophila,Duplodnaviria,Heunggongvirae,Uroviricota,Caudoviricetes,Caudoviricetes incertae sedis,Plateaulakevirus,Plateaulakevirus pv4L372D,,dsDNA,2843436,Plateaulakevirus
Aeromonas hydrophila subsp. hydrophila,Duplodnaviria,Heunggongvirae,Uroviricota,Caudoviricetes,Caudoviricetes incertae sedis,Plateaulakevirus,Plateaulakevirus pv4L372XY,,dsDNA,2843436,Plateaulakevirus
Aeromonas sp.,Duplodnaviria,Heunggongvirae,Uroviricota,Caudoviricetes,Caudoviricetes incertae sedis,Plateaulakevirus,unclassified Plateaulakevirus,,dsDNA,2843436,Plateaulakevirus
Aeromonas caviae,Duplodnaviria,Heunggongvirae,Uroviricota,Caudoviricetes,Caudoviricetes incertae sedis,Plateaulakevirus,unclassified Plateaulakevirus,,dsDNA,2843436,Plateaulakevirus
Aeromonas dhakensis,Duplodnaviria,Heunggongvirae,Uroviricota,Caudoviricetes,Caudoviricetes incertae sedis,Plateaulakevirus,unclassified Plateaulakevirus,,dsDNA,2843436,Plateaulakevirus
Mycobacterium,Duplodnaviria,Heunggongvirae,Uroviricota,Caudoviricetes,Caudoviricetes incertae sedis,Predatorvirus,Predatorvirus predator,,dsDNA,2843439,Predatorvirus
Cellulophaga baltica,Duplodnaviria,Heunggongvirae,Uroviricota,Caudoviricetes,Crassvirales,Steigviridae,Asinivirinae,Akihdevirus,dsDNA,2942978,Akihdevirus
Bacteroides intestinalis,Duplodnaviria,Heunggongvirae,Uroviricota,Caudoviricetes,Crassvirales,Steigviridae,Asinivirinae,Kehishuvirus,dsDNA,2942980,Kehishuvirus
Bacteroides cellulosilyticus,Duplodnaviria,Heunggongvirae,Uroviricota,Caudoviricetes,Crassvirales,Steigviridae,Asinivirinae,Kehishuvirus,dsDNA,2942980,Kehishuvirus
root,Duplodnaviria,Heunggongvirae,Uroviricota,Caudoviricetes,Crassvirales,Steigviridae,Asinivirinae,Paundivirus,dsDNA,2942981,Paundivirus
root,Duplodnaviria,Heunggongvirae,Uroviricota,Caudoviricetes,Crassvirales,Suoliviridae,Bearivirinae,Afonbuvirus,dsDNA,2942989,Afonbuvirus
root,Duplodnaviria,Heunggongvirae,Uroviricota,Caudoviricetes,Crassvirales,Suoliviridae,Boorivirinae,Canhaevirus,dsDNA,2942990,Canhaevirus
Bacteroides thetaiotaomicron,Duplodnaviria,Heunggongvirae,Uroviricota,Caudoviricetes,Crassvirales,Suoliviridae,Boorivirinae,Culoivirus,dsDNA,2942992,Culoivirus
Bacteroidota,Duplodnaviria,Heunggongvirae,Uroviricota,Caudoviricetes,Crassvirales,Suoliviridae,Boorivirinae,Culoivirus,dsDNA,2942992,Culoivirus
Cellulophaga baltica,Duplodnaviria,Heunggongvirae,Uroviricota,Caudoviricetes,Crassvirales,Suoliviridae,Boorivirinae,Culoivirus,dsDNA,2942992,Culoivirus
Bacteroides intestinalis,Duplodnaviria,Heunggongvirae,Uroviricota,Caudoviricetes,Crassvirales,Suoliviridae,Boorivirinae,Culoivirus,dsDNA,2942992,Culoivirus
Bacteroides xylanisolvens,Duplodnaviria,Heunggongvirae,Uroviricota,Caudoviricetes,Crassvirales,Suoliviridae,Boorivirinae,Culoivirus,dsDNA,2942992,Culoivirus
root,Duplodnaviria,Heunggongvirae,Uroviricota,Caudoviricetes,Crassvirales,Suoliviridae,Loutivirinae,Buchavirus,dsDNA,2942994,Buchavirus
Clavibacter michiganensis subsp. michiganensis,Duplodnaviria,Heunggongvirae,Uroviricota,Caudoviricetes,Caudoviricetes incertae sedis,Casjensviridae,Salvovirus,unclassified Salvovirus,dsDNA,2943016,Salvovirus
Xanthomonas campestris pv. campestris str. 8004,Duplodnaviria,Heunggongvirae,Uroviricota,Caudoviricetes,Caudoviricetes incertae sedis,Casjensviridae,Salvovirus,unclassified Salvovirus,dsDNA,2943016,Salvovirus
Xanthomonas,Duplodnaviria,Heunggongvirae,Uroviricota,Caudoviricetes,Caudoviricetes incertae sedis,Casjensviridae,Salvovirus,unclassified Salvovirus,dsDNA,2943016,Salvovirus
Xylella fastidiosa,Duplodnaviria,Heunggongvirae,Uroviricota,Caudoviricetes,Caudoviricetes incertae sedis,Casjensviridae,Salvovirus,Salvovirus salvo,dsDNA,2943016,Salvovirus
Aeromonas hydrophila,Duplodnaviria,Heunggongvirae,Uroviricota,Caudoviricetes,Caudoviricetes incertae sedis,Casjensviridae,Sharonstreetvirus,unclassified Sharonstreetvirus,dsDNA,2943019,Sharonstreetvirus
Aeromonas veronii,Duplodnaviria,Heunggongvirae,Uroviricota,Caudoviricetes,Caudoviricetes incertae sedis,Casjensviridae,Sharonstreetvirus,Sharonstreetvirus BUCT551,dsDNA,2943019,Sharonstreetvirus
Aeromonas sp.,Duplodnaviria,Heunggongvirae,Uroviricota,Caudoviricetes,Caudoviricetes incertae sedis,Casjensviridae,Sharonstreetvirus,Sharonstreetvirus xiamensis,dsDNA,2943019,Sharonstreetvirus
root,Duplodnaviria,Heunggongvirae,Uroviricota,Caudoviricetes,Crassvirales,Suoliviridae,Uncouvirinae,Aurodevirus,dsDNA,2946811,Aurodevirus
,Duplodnaviria,Heunggongvirae,Uroviricota,Caudoviricetes,Crassvirales,Suoliviridae,Oafivirinae,Bohxovirus,dsDNA,2946832,Bohxovirus
root,Duplodnaviria,Heunggongvirae,Uroviricota,Caudoviricetes,Crassvirales,Suoliviridae,Oafivirinae,Burzaovirus,dsDNA,2948645,Burzaovirus
bacterium,Duplodnaviria,Heunggongvirae,Uroviricota,Caudoviricetes,Crassvirales,Intestiviridae,Crudevirinae,Carjivirus,dsDNA,2948652,Carjivirus
root,Duplodnaviria,Heunggongvirae,Uroviricota,Caudoviricetes,Crassvirales,Intestiviridae,Crudevirinae,Carjivirus,dsDNA,2948652,Carjivirus
Bacteroidota,Duplodnaviria,Heunggongvirae,Uroviricota,Caudoviricetes,Crassvirales,Intestiviridae,Crudevirinae,Carjivirus,dsDNA,2948652,Carjivirus
Homo sapiens,Duplodnaviria,Heunggongvirae,Uroviricota,Caudoviricetes,Crassvirales,Intestiviridae,Crudevirinae,Carjivirus,dsDNA,2948652,Carjivirus
Aeromonas hydrophila,Duplodnaviria,Heunggongvirae,Uroviricota,Caudoviricetes,Pantevenvirales,Straboviridae,Chrysonvirus,unclassified Chrysonvirus,dsDNA,2948662,Chrysonvirus
Aeromonas salmonicida,Duplodnaviria,Heunggongvirae,Uroviricota,Caudoviricetes,Pantevenvirales,Straboviridae,Chrysonvirus,Chrysonvirus as5,dsDNA,2948662,Chrysonvirus
Bacteroides thetaiotaomicron,Duplodnaviria,Heunggongvirae,Uroviricota,Caudoviricetes,Crassvirales,Intestiviridae,Crudevirinae,Delmidovirus,dsDNA,2948688,Delmidovirus
Cellulophaga baltica,Duplodnaviria,Heunggongvirae,Uroviricota,Caudoviricetes,Crassvirales,Intestiviridae,Crudevirinae,Delmidovirus,dsDNA,2948688,Delmidovirus
Bacteroides intestinalis,Duplodnaviria,Heunggongvirae,Uroviricota,Caudoviricetes,Crassvirales,Intestiviridae,Crudevirinae,Delmidovirus,dsDNA,2948688,Delmidovirus
Bacteroides xylanisolvens,Duplodnaviria,Heunggongvirae,Uroviricota,Caudoviricetes,Crassvirales,Intestiviridae,Crudevirinae,Delmidovirus,dsDNA,2948688,Delmidovirus
Erwinia sp.,Duplodnaviria,Heunggongvirae,Uroviricota,Caudoviricetes,Caudoviricetes incertae sedis,Schitoviridae,Efbeekayvirus,unclassified Efbeekayvirus,dsDNA,2948690,Efbeekayvirus
Klebsiella pneumoniae 30684/NJST258_2,Duplodnaviria,Heunggongvirae,Uroviricota,Caudoviricetes,Caudoviricetes incertae sedis,Schitoviridae,Efbeekayvirus,unclassified Efbeekayvirus,dsDNA,2948690,Efbeekayvirus
Klebsiella sp.,Duplodnaviria,Heunggongvirae,Uroviricota,Caudoviricetes,Caudoviricetes incertae sedis,Schitoviridae,Efbeekayvirus,unclassified Efbeekayvirus,dsDNA,2948690,Efbeekayvirus
Klebsiella pneumoniae,Duplodnaviria,Heunggongvirae,Uroviricota,Caudoviricetes,Caudoviricetes incertae sedis,Schitoviridae,Efbeekayvirus,unclassified Efbeekayvirus,dsDNA,2948690,Efbeekayvirus
Klebsiella,Duplodnaviria,Heunggongvirae,Uroviricota,Caudoviricetes,Caudoviricetes incertae sedis,Schitoviridae,Efbeekayvirus,unclassified Efbeekayvirus,dsDNA,2948690,Efbeekayvirus
Acinetobacter baumannii,Duplodnaviria,Heunggongvirae,Uroviricota,Caudoviricetes,Caudoviricetes incertae sedis,Schitoviridae,Exceevirus,Exceevirus Xc38,dsDNA,2948704,Exceevirus
Acinetobacter pittii,Duplodnaviria,Heunggongvirae,Uroviricota,Caudoviricetes,Caudoviricetes incertae sedis,Schitoviridae,Exceevirus,Exceevirus Xc38,dsDNA,2948704,Exceevirus
Synechococcus,Duplodnaviria,Heunggongvirae,Uroviricota,Caudoviricetes,Pantevenvirales,Kyanoviridae,Galenevirus,Galenevirus mbcm1,dsDNA,2948714,Galenevirus
Pseudomonas aeruginosa,Duplodnaviria,Heunggongvirae,Uroviricota,Caudoviricetes,Caudoviricetes incertae sedis,Harrisonburgvirus,Harrisonburgvirus persinger,,dsDNA,2948755,Harrisonburgvirus
Bacteroides xylanisolvens,Duplodnaviria,Heunggongvirae,Uroviricota,Caudoviricetes,Crassvirales,Intestiviridae,Churivirinae,Jahgtovirus,dsDNA,2948767,Jahgtovirus
root,Duplodnaviria,Heunggongvirae,Uroviricota,Caudoviricetes,Crassvirales,Intestiviridae,Churivirinae,Jahgtovirus,dsDNA,2948767,Jahgtovirus
Bacteroides thetaiotaomicron,Duplodnaviria,Heunggongvirae,Uroviricota,Caudoviricetes,Crassvirales,Intestiviridae,Churivirinae,Jahgtovirus,dsDNA,2948767,Jahgtovirus
Bacteroidota,Duplodnaviria,Heunggongvirae,Uroviricota,Caudoviricetes,Crassvirales,Intestiviridae,Churivirinae,Jahgtovirus,dsDNA,2948767,Jahgtovirus
Cellulophaga baltica,Duplodnaviria,Heunggongvirae,Uroviricota,Caudoviricetes,Crassvirales,Intestiviridae,Churivirinae,Jahgtovirus,dsDNA,2948767,Jahgtovirus
Bacteroides intestinalis,Duplodnaviria,Heunggongvirae,Uroviricota,Caudoviricetes,Crassvirales,Intestiviridae,Churivirinae,Jahgtovirus,dsDNA,2948767,Jahgtovirus
Bacteroides thetaiotaomicron,Duplodnaviria,Heunggongvirae,Uroviricota,Caudoviricetes,Crassvirales,Crevaviridae,Coarsevirinae,Junduvirus,dsDNA,2948774,Junduvirus
Bacteroidota,Duplodnaviria,Heunggongvirae,Uroviricota,Caudoviricetes,Crassvirales,Crevaviridae,Coarsevirinae,Junduvirus,dsDNA,2948774,Junduvirus
Cellulophaga baltica,Duplodnaviria,Heunggongvirae,Uroviricota,Caudoviricetes,Crassvirales,Crevaviridae,Coarsevirinae,Junduvirus,dsDNA,2948774,Junduvirus
Bacteroides intestinalis,Duplodnaviria,Heunggongvirae,Uroviricota,Caudoviricetes,Crassvirales,Crevaviridae,Coarsevirinae,Junduvirus,dsDNA,2948774,Junduvirus
Bacteroides xylanisolvens,Duplodnaviria,Heunggongvirae,Uroviricota,Caudoviricetes,Crassvirales,Crevaviridae,Coarsevirinae,Junduvirus,dsDNA,2948774,Junduvirus
root,Duplodnaviria,Heunggongvirae,Uroviricota,Caudoviricetes,Crassvirales,Crevaviridae,Doltivirinae,Kahucivirus,dsDNA,2948778,Kahucivirus
Bacteroides thetaiotaomicron,Duplodnaviria,Heunggongvirae,Uroviricota,Caudoviricetes,Crassvirales,Crevaviridae,Doltivirinae,Kingevirus,dsDNA,2948785,Kingevirus
Bacteroidota,Duplodnaviria,Heunggongvirae,Uroviricota,Caudoviricetes,Crassvirales,Crevaviridae,Doltivirinae,Kingevirus,dsDNA,2948785,Kingevirus
Cellulophaga baltica,Duplodnaviria,Heunggongvirae,Uroviricota,Caudoviricetes,Crassvirales,Crevaviridae,Doltivirinae,Kingevirus,dsDNA,2948785,Kingevirus
Bacteroides intestinalis,Duplodnaviria,Heunggongvirae,Uroviricota,Caudoviricetes,Crassvirales,Crevaviridae,Doltivirinae,Kingevirus,dsDNA,2948785,Kingevirus
Bacteroides xylanisolvens,Duplodnaviria,Heunggongvirae,Uroviricota,Caudoviricetes,Crassvirales,Crevaviridae,Doltivirinae,Kingevirus,dsDNA,2948785,Kingevirus
Bacteroides thetaiotaomicron,Duplodnaviria,Heunggongvirae,Uroviricota,Caudoviricetes,Crassvirales,Steigviridae,Asinivirinae,Kolpuevirus,dsDNA,2948787,Kolpuevirus
Bacteroidota,Duplodnaviria,Heunggongvirae,Uroviricota,Caudoviricetes,Crassvirales,Steigviridae,Asinivirinae,Kolpuevirus,dsDNA,2948787,Kolpuevirus
Bacteroides xylanisolvens,Duplodnaviria,Heunggongvirae,Uroviricota,Caudoviricetes,Crassvirales,Steigviridae,Asinivirinae,Kolpuevirus,dsDNA,2948787,Kolpuevirus
Aeromonas rivipollensis,Duplodnaviria,Heunggongvirae,Uroviricota,Caudoviricetes,Caudoviricetes incertae sedis,Kunmingvirus,Kunmingvirus kv2D05,,dsDNA,2948791,Kunmingvirus
Aeromonas rivipollensis,Duplodnaviria,Heunggongvirae,Uroviricota,Caudoviricetes,Caudoviricetes incertae sedis,Kunmingvirus,Kunmingvirus kv4D05,,dsDNA,2948791,Kunmingvirus
Streptomyces xanthochromogenes,Duplodnaviria,Heunggongvirae,Uroviricota,Caudoviricetes,Caudoviricetes incertae sedis,Omarvirus,Omarvirus amethyst,,dsDNA,2948847,Omarvirus
Streptomyces xanthochromogenes,Duplodnaviria,Heunggongvirae,Uroviricota,Caudoviricetes,Caudoviricetes incertae sedis,Omarvirus,Omarvirus diane,,dsDNA,2948847,Omarvirus
Streptomyces xanthochromogenes,Duplodnaviria,Heunggongvirae,Uroviricota,Caudoviricetes,Caudoviricetes incertae sedis,Omarvirus,unclassified Omarvirus,,dsDNA,2948847,Omarvirus
Streptomyces azureus,Duplodnaviria,Heunggongvirae,Uroviricota,Caudoviricetes,Caudoviricetes incertae sedis,Omarvirus,Omarvirus omar,,dsDNA,2948847,Omarvirus
Streptomyces xanthochromogenes,Duplodnaviria,Heunggongvirae,Uroviricota,Caudoviricetes,Caudoviricetes incertae sedis,Omarvirus,Omarvirus tefunt,,dsDNA,2948847,Omarvirus
Vibrio breoganii,Duplodnaviria,Heunggongvirae,Uroviricota,Caudoviricetes,Caudoviricetes incertae sedis,Schitoviridae,Pariacacavirus,Pariacacavirus 1238A,dsDNA,2948856,Pariacacavirus
Aphis citricidus,Riboviria,Orthornavirae,Negarnaviricota,Polyploviricotina,Bunyaviricetes,Hareavirales,Phenuiviridae,Citricivirus,-ssRNA,3044688,Citricivirus
Pseudomonas plecoglossicida,Duplodnaviria,Heunggongvirae,Uroviricota,Caudoviricetes,Caudoviricetes incertae sedis,Hiroshimavirus,Hiroshimavirus PPpW3,,dsDNA,3044731,Hiroshimavirus
Aureococcus anophagefferens,Varidnaviria,Bamfordvirae,Nucleocytoviricota,Megaviricetes,Imitervirales,Schizomimiviridae,Kratosvirus,Kratosvirus quantuckense,,3044747,Kratosvirus
Vibrio cholerae,Duplodnaviria,Heunggongvirae,Uroviricota,Caudoviricetes,Caudoviricetes incertae sedis,Mohonavirus,Mohonavirus ICP1,,dsDNA,3044767,Mohonavirus
Vibrio cholerae O1 biovar El Tor,Duplodnaviria,Heunggongvirae,Uroviricota,Caudoviricetes,Caudoviricetes incertae sedis,Mohonavirus,unclassified Mohonavirus,,dsDNA,3044767,Mohonavirus
Vibrio,Duplodnaviria,Heunggongvirae,Uroviricota,Caudoviricetes,Caudoviricetes incertae sedis,Mohonavirus,unclassified Mohonavirus,,dsDNA,3044767,Mohonavirus
Vibrio cholerae,Duplodnaviria,Heunggongvirae,Uroviricota,Caudoviricetes,Caudoviricetes incertae sedis,Mohonavirus,unclassified Mohonavirus,,dsDNA,3044767,Mohonavirus
Vibrio cholerae O1,Duplodnaviria,Heunggongvirae,Uroviricota,Caudoviricetes,Caudoviricetes incertae sedis,Mohonavirus,unclassified Mohonavirus,,dsDNA,3044767,Mohonavirus
Pseudomonas fluorescens,Duplodnaviria,Heunggongvirae,Uroviricota,Caudoviricetes,Caudoviricetes incertae sedis,Chimalliviridae,Phabiovirus,Phabiovirus phabio,dsDNA,3044790,Phabiovirus
Pseudomonas [fluorescens] SBW25,Duplodnaviria,Heunggongvirae,Uroviricota,Caudoviricetes,Caudoviricetes incertae sedis,Chimalliviridae,Phabiovirus,Phabiovirus phabio,dsDNA,3044790,Phabiovirus
Pseudomonas fluorescens,Duplodnaviria,Heunggongvirae,Uroviricota,Caudoviricetes,Caudoviricetes incertae sedis,Purivirus,Purivirus UFJFPfDIW6,,dsDNA,3044798,Purivirus
Arthrobacter globiformis,Duplodnaviria,Heunggongvirae,Uroviricota,Caudoviricetes,Caudoviricetes incertae sedis,Richievirus,Richievirus auxilium,,dsDNA,3044803,Richievirus
Arthrobacter globiformis,Duplodnaviria,Heunggongvirae,Uroviricota,Caudoviricetes,Caudoviricetes incertae sedis,Richievirus,Richievirus richie,,dsDNA,3044803,Richievirus
Stenotrophomonas maltophilia,Duplodnaviria,Heunggongvirae,Uroviricota,Caudoviricetes,Caudoviricetes incertae sedis,Siaravirus,Siaravirus siara,,dsDNA,3044826,Siaravirus
Stenotrophomonas maltophilia,Duplodnaviria,Heunggongvirae,Uroviricota,Caudoviricetes,Caudoviricetes incertae sedis,Siaravirus,unclassified Siaravirus,,dsDNA,3044826,Siaravirus
Streptomyces flavovirens,Duplodnaviria,Heunggongvirae,Uroviricota,Caudoviricetes,Caudoviricetes incertae sedis,Siftrevirus,Siftrevirus SF3,,dsDNA,3044829,Siftrevirus
Vibrio alginolyticus NBRC 15630 = ATCC 17749,Duplodnaviria,Heunggongvirae,Uroviricota,Caudoviricetes,Caudoviricetes incertae sedis,Schitoviridae,Varunavirus,Varunavirus BUCT194,dsDNA,3044852,Varunavirus
Sinorhizobium americanum,Duplodnaviria,Heunggongvirae,Uroviricota,Caudoviricetes,Caudoviricetes incertae sedis,Schitoviridae,Xoxocotlavirus,Xoxocotlavirus X228B,dsDNA,3044858,Xoxocotlavirus
Pseudomonas syringae pv. tomato,Duplodnaviria,Heunggongvirae,Uroviricota,Caudoviricetes,Caudoviricetes incertae sedis,Medeavirus,Medeavirus medea1,,dsDNA,3152510,Medeavirus
Pseudomonas,Duplodnaviria,Heunggongvirae,Uroviricota,Caudoviricetes,Caudoviricetes incertae sedis,Readingvirus,Readingvirus MR15,,dsDNA,3152626,Readingvirus
Pseudomonas syringae,Duplodnaviria,Heunggongvirae,Uroviricota,Caudoviricetes,Caudoviricetes incertae sedis,Readingvirus,Readingvirus PSA1,,dsDNA,3152626,Readingvirus
Pseudomonas syringae pv. actinidiae,Duplodnaviria,Heunggongvirae,Uroviricota,Caudoviricetes,Caudoviricetes incertae sedis,Readingvirus,Readingvirus psageK9,,dsDNA,3152626,Readingvirus
Pseudomonas fluorescens,Duplodnaviria,Heunggongvirae,Uroviricota,Caudoviricetes,Caudoviricetes incertae sedis,Vandenendeviridae,Gorskivirinae,Shenlongvirus,dsDNA,3152898,Shenlongvirus
Pseudomonas sp. ANT_H14,Duplodnaviria,Heunggongvirae,Uroviricota,Caudoviricetes,Caudoviricetes incertae sedis,Miecznikowavirus,Miecznikowavirus AH14a,,dsDNA,3152971,Miecznikowavirus
Aeromonas veronii,Duplodnaviria,Heunggongvirae,Uroviricota,Caudoviricetes,Caudoviricetes incertae sedis,Chaseviridae,Nefertitivirinae,Longwangvirus,dsDNA,3153014,Longwangvirus
Microbacterium paraoxydans,Duplodnaviria,Heunggongvirae,Uroviricota,Caudoviricetes,Caudoviricetes incertae sedis,Shockervirus,Shockervirus shocker,,dsDNA,3153082,Shockervirus
root,Riboviria,Orthornavirae,Lenarviricota,Leviviricetes,Timlovirales,Steitzviridae,unclassified Steitzviridae,Hodnevirus,+ssRNA,3153200,Hodnevirus
Erwinia amylovora,Duplodnaviria,Heunggongvirae,Uroviricota,Caudoviricetes,Pantevenvirales,Straboviridae,Tevenvirinae,Risoevirus,dsDNA,3424972,Risoevirus
Microbacterium paraoxydans,Duplodnaviria,Heunggongvirae,Uroviricota,Caudoviricetes,Caudoviricetes incertae sedis,Hodgkinviridae,Margaeryvirus,Margaeryvirus margaery,dsDNA,3425048,Margaeryvirus
Homo sapiens,Monodnaviria,Shotokuvirae,Cressdnaviricota,Arfiviricetes,Lineavirales,Oomyviridae,Nicoomyvirus,Nicoomyvirus moldensis,,3425078,Nicoomyvirus
Ateles sp.,Duplodnaviria,Heunggongvirae,Peploviricota,Herviviricetes,Herpesvirales,Orthoherpesviridae,Alphaherpesvirinae,Simplexvirus,dsDNA,10294,Simplexvirus
Chlorocebus aethiops,Duplodnaviria,Heunggongvirae,Peploviricota,Herviviricetes,Herpesvirales,Orthoherpesviridae,Alphaherpesvirinae,Simplexvirus,dsDNA,10294,Simplexvirus
Bos taurus,Duplodnaviria,Heunggongvirae,Peploviricota,Herviviricetes,Herpesvirales,Orthoherpesviridae,Alphaherpesvirinae,Simplexvirus,dsDNA,10294,Simplexvirus
Cercopithecus,Duplodnaviria,Heunggongvirae,Peploviricota,Herviviricetes,Herpesvirales,Orthoherpesviridae,Alphaherpesvirinae,Simplexvirus,dsDNA,10294,Simplexvirus
Leporidae,Duplodnaviria,Heunggongvirae,Peploviricota,Herviviricetes,Herpesvirales,Orthoherpesviridae,Alphaherpesvirinae,Simplexvirus,dsDNA,10294,Simplexvirus
Pan troglodytes,Duplodnaviria,Heunggongvirae,Peploviricota,Herviviricetes,Herpesvirales,Orthoherpesviridae,Alphaherpesvirinae,Simplexvirus,dsDNA,10294,Simplexvirus
Homo sapiens,Duplodnaviria,Heunggongvirae,Peploviricota,Herviviricetes,Herpesvirales,Orthoherpesviridae,Alphaherpesvirinae,Simplexvirus,dsDNA,10294,Simplexvirus
Oryctolagus cuniculus,Duplodnaviria,Heunggongvirae,Peploviricota,Herviviricetes,Herpesvirales,Orthoherpesviridae,Alphaherpesvirinae,Simplexvirus,dsDNA,10294,Simplexvirus
Macaca fascicularis,Duplodnaviria,Heunggongvirae,Peploviricota,Herviviricetes,Herpesvirales,Orthoherpesviridae,Alphaherpesvirinae,Simplexvirus,dsDNA,10294,Simplexvirus
Macaca mulatta,Duplodnaviria,Heunggongvirae,Peploviricota,Herviviricetes,Herpesvirales,Orthoherpesviridae,Alphaherpesvirinae,Simplexvirus,dsDNA,10294,Simplexvirus
Macaca nemestrina,Duplodnaviria,Heunggongvirae,Peploviricota,Herviviricetes,Herpesvirales,Orthoherpesviridae,Alphaherpesvirinae,Simplexvirus,dsDNA,10294,Simplexvirus
Macaca silenus,Duplodnaviria,Heunggongvirae,Peploviricota,Herviviricetes,Herpesvirales,Orthoherpesviridae,Alphaherpesvirinae,Simplexvirus,dsDNA,10294,Simplexvirus
Macaca leonina,Duplodnaviria,Heunggongvirae,Peploviricota,Herviviricetes,Herpesvirales,Orthoherpesviridae,Alphaherpesvirinae,Simplexvirus,dsDNA,10294,Simplexvirus
Macropodidae,Duplodnaviria,Heunggongvirae,Peploviricota,Herviviricetes,Herpesvirales,Orthoherpesviridae,Alphaherpesvirinae,Simplexvirus,dsDNA,10294,Simplexvirus
Potorous,Duplodnaviria,Heunggongvirae,Peploviricota,Herviviricetes,Herpesvirales,Orthoherpesviridae,Alphaherpesvirinae,Simplexvirus,dsDNA,10294,Simplexvirus
Dorcopsis,Duplodnaviria,Heunggongvirae,Peploviricota,Herviviricetes,Herpesvirales,Orthoherpesviridae,Alphaherpesvirinae,Simplexvirus,dsDNA,10294,Simplexvirus
Macropus giganteus,Duplodnaviria,Heunggongvirae,Peploviricota,Herviviricetes,Herpesvirales,Orthoherpesviridae,Alphaherpesvirinae,Simplexvirus,dsDNA,10294,Simplexvirus
Papio cynocephalus,Duplodnaviria,Heunggongvirae,Peploviricota,Herviviricetes,Herpesvirales,Orthoherpesviridae,Alphaherpesvirinae,Simplexvirus,dsDNA,10294,Simplexvirus
Pteropus sp.,Duplodnaviria,Heunggongvirae,Peploviricota,Herviviricetes,Herpesvirales,Orthoherpesviridae,Alphaherpesvirinae,Simplexvirus,dsDNA,10294,Simplexvirus
Pteropus lylei,Duplodnaviria,Heunggongvirae,Peploviricota,Herviviricetes,Herpesvirales,Orthoherpesviridae,Alphaherpesvirinae,Simplexvirus,dsDNA,10294,Simplexvirus
Callithrix,Duplodnaviria,Heunggongvirae,Peploviricota,Herviviricetes,Herpesvirales,Orthoherpesviridae,Alphaherpesvirinae,Simplexvirus,dsDNA,10294,Simplexvirus
Saimiri,Duplodnaviria,Heunggongvirae,Peploviricota,Herviviricetes,Herpesvirales,Orthoherpesviridae,Alphaherpesvirinae,Simplexvirus,dsDNA,10294,Simplexvirus
Citrobacter rodentium,Duplodnaviria,Heunggongvirae,Uroviricota,Caudoviricetes,Pantevenvirales,Straboviridae,Tevenvirinae,Tequatrovirus,dsDNA,10663,Tequatrovirus
Escherichia coli O127:B8,Duplodnaviria,Heunggongvirae,Uroviricota,Caudoviricetes,Pantevenvirales,Straboviridae,Tevenvirinae,Tequatrovirus,dsDNA,10663,Tequatrovirus
Escherichia coli O121:H19,Duplodnaviria,Heunggongvirae,Uroviricota,Caudoviricetes,Pantevenvirales,Straboviridae,Tevenvirinae,Tequatrovirus,dsDNA,10663,Tequatrovirus
Escherichia coli O111:NM,Duplodnaviria,Heunggongvirae,Uroviricota,Caudoviricetes,Pantevenvirales,Straboviridae,Tevenvirinae,Tequatrovirus,dsDNA,10663,Tequatrovirus
Escherichia coli O103:H2,Duplodnaviria,Heunggongvirae,Uroviricota,Caudoviricetes,Pantevenvirales,Straboviridae,Tevenvirinae,Tequatrovirus,dsDNA,10663,Tequatrovirus
Escherichia coli B,Duplodnaviria,Heunggongvirae,Uroviricota,Caudoviricetes,Pantevenvirales,Straboviridae,Tevenvirinae,Tequatrovirus,dsDNA,10663,Tequatrovirus
Enterobacteriaceae,Duplodnaviria,Heunggongvirae,Uroviricota,Caudoviricetes,Pantevenvirales,Straboviridae,Tevenvirinae,Tequatrovirus,dsDNA,10663,Tequatrovirus
Escherichia coli K-12,Duplodnaviria,Heunggongvirae,Uroviricota,Caudoviricetes,Pantevenvirales,Straboviridae,Tevenvirinae,Tequatrovirus,dsDNA,10663,Tequatrovirus
Escherichia coli BW25113,Duplodnaviria,Heunggongvirae,Uroviricota,Caudoviricetes,Pantevenvirales,Straboviridae,Tevenvirinae,Tequatrovirus,dsDNA,10663,Tequatrovirus
Escherichia coli str. K-12 substr. MG1655,Duplodnaviria,Heunggongvirae,Uroviricota,Caudoviricetes,Pantevenvirales,Straboviridae,Tevenvirinae,Tequatrovirus,dsDNA,10663,Tequatrovirus
Escherichia coli ATCC 25922,Duplodnaviria,Heunggongvirae,Uroviricota,Caudoviricetes,Pantevenvirales,Straboviridae,Tevenvirinae,Tequatrovirus,dsDNA,10663,Tequatrovirus
Escherichia fergusonii,Duplodnaviria,Heunggongvirae,Uroviricota,Caudoviricetes,Pantevenvirales,Straboviridae,Tevenvirinae,Tequatrovirus,dsDNA,10663,Tequatrovirus
Escherichia coli str. K-12 substr. DH10B,Duplodnaviria,Heunggongvirae,Uroviricota,Caudoviricetes,Pantevenvirales,Straboviridae,Tevenvirinae,Tequatrovirus,dsDNA,10663,Tequatrovirus
Escherichia coli ATCC 35150,Duplodnaviria,Heunggongvirae,Uroviricota,Caudoviricetes,Pantevenvirales,Straboviridae,Tevenvirinae,Tequatrovirus,dsDNA,10663,Tequatrovirus
Shigella flexneri,Duplodnaviria,Heunggongvirae,Uroviricota,Caudoviricetes,Pantevenvirales,Straboviridae,Tevenvirinae,Tequatrovirus,dsDNA,10663,Tequatrovirus
Escherichia coli CFT073,Duplodnaviria,Heunggongvirae,Uroviricota,Caudoviricetes,Pantevenvirales,Straboviridae,Tevenvirinae,Tequatrovirus,dsDNA,10663,Tequatrovirus
root,Duplodnaviria,Heunggongvirae,Uroviricota,Caudoviricetes,Pantevenvirales,Straboviridae,Tevenvirinae,Tequatrovirus,dsDNA,10663,Tequatrovirus
Escherichia coli O177,Duplodnaviria,Heunggongvirae,Uroviricota,Caudoviricetes,Pantevenvirales,Straboviridae,Tevenvirinae,Tequatrovirus,dsDNA,10663,Tequatrovirus
Escherichia coli O78,Duplodnaviria,Heunggongvirae,Uroviricota,Caudoviricetes,Pantevenvirales,Straboviridae,Tevenvirinae,Tequatrovirus,dsDNA,10663,Tequatrovirus
Escherichia coli DH5[alpha],Duplodnaviria,Heunggongvirae,Uroviricota,Caudoviricetes,Pantevenvirales,Straboviridae,Tevenvirinae,Tequatrovirus,dsDNA,10663,Tequatrovirus
Escherichia coli NDM-1,Duplodnaviria,Heunggongvirae,Uroviricota,Caudoviricetes,Pantevenvirales,Straboviridae,Tevenvirinae,Tequatrovirus,dsDNA,10663,Tequatrovirus
Escherichia coli O104,Duplodnaviria,Heunggongvirae,Uroviricota,Caudoviricetes,Pantevenvirales,Straboviridae,Tevenvirinae,Tequatrovirus,dsDNA,10663,Tequatrovirus
Escherichia coli O156:H25,Duplodnaviria,Heunggongvirae,Uroviricota,Caudoviricetes,Pantevenvirales,Straboviridae,Tevenvirinae,Tequatrovirus,dsDNA,10663,Tequatrovirus
Hafnia paralvei,Duplodnaviria,Heunggongvirae,Uroviricota,Caudoviricetes,Pantevenvirales,Straboviridae,Tevenvirinae,Tequatrovirus,dsDNA,10663,Tequatrovirus
Salmonella enterica,Duplodnaviria,Heunggongvirae,Uroviricota,Caudoviricetes,Pantevenvirales,Straboviridae,Tevenvirinae,Tequatrovirus,dsDNA,10663,Tequatrovirus
Salmonella enterica subsp. enterica serovar Enteritidis,Duplodnaviria,Heunggongvirae,Uroviricota,Caudoviricetes,Pantevenvirales,Straboviridae,Tevenvirinae,Tequatrovirus,dsDNA,10663,Tequatrovirus
Salmonella enterica subsp. enterica serovar Gallinarum,Duplodnaviria,Heunggongvirae,Uroviricota,Caudoviricetes,Pantevenvirales,Straboviridae,Tevenvirinae,Tequatrovirus,dsDNA,10663,Tequatrovirus
Salmonella enterica subsp. enterica serovar Enteritidis str. LK5,Duplodnaviria,Heunggongvirae,Uroviricota,Caudoviricetes,Pantevenvirales,Straboviridae,Tevenvirinae,Tequatrovirus,dsDNA,10663,Tequatrovirus
Shigella flexneri 2a,Duplodnaviria,Heunggongvirae,Uroviricota,Caudoviricetes,Pantevenvirales,Straboviridae,Tevenvirinae,Tequatrovirus,dsDNA,10663,Tequatrovirus
Shigella sonnei,Duplodnaviria,Heunggongvirae,Uroviricota,Caudoviricetes,Pantevenvirales,Straboviridae,Tevenvirinae,Tequatrovirus,dsDNA,10663,Tequatrovirus
Shigella boydii,Duplodnaviria,Heunggongvirae,Uroviricota,Caudoviricetes,Pantevenvirales,Straboviridae,Tevenvirinae,Tequatrovirus,dsDNA,10663,Tequatrovirus
Shigella flexneri 1c,Duplodnaviria,Heunggongvirae,Uroviricota,Caudoviricetes,Pantevenvirales,Straboviridae,Tevenvirinae,Tequatrovirus,dsDNA,10663,Tequatrovirus
Shigella,Duplodnaviria,Heunggongvirae,Uroviricota,Caudoviricetes,Pantevenvirales,Straboviridae,Tevenvirinae,Tequatrovirus,dsDNA,10663,Tequatrovirus
Staphylococcus aureus,Duplodnaviria,Heunggongvirae,Uroviricota,Caudoviricetes,Pantevenvirales,Straboviridae,Tevenvirinae,Tequatrovirus,dsDNA,10663,Tequatrovirus
Stenotrophomonas,Duplodnaviria,Heunggongvirae,Uroviricota,Caudoviricetes,Pantevenvirales,Straboviridae,Tevenvirinae,Tequatrovirus,dsDNA,10663,Tequatrovirus
Yersinia pseudotuberculosis,Duplodnaviria,Heunggongvirae,Uroviricota,Caudoviricetes,Pantevenvirales,Straboviridae,Tevenvirinae,Tequatrovirus,dsDNA,10663,Tequatrovirus
Yersinia similis,Duplodnaviria,Heunggongvirae,Uroviricota,Caudoviricetes,Pantevenvirales,Straboviridae,Tevenvirinae,Tequatrovirus,dsDNA,10663,Tequatrovirus
Chlamydia psittaci,Monodnaviria,Sangervirae,Phixviricota,Malgrandaviricetes,Petitvirales,Microviridae,Gokushovirinae,Chlamydiamicrovirus,,40274,Chlamydiamicrovirus
Chlamydia abortus,Monodnaviria,Sangervirae,Phixviricota,Malgrandaviricetes,Petitvirales,Microviridae,Gokushovirinae,Chlamydiamicrovirus,,40274,Chlamydiamicrovirus
Chlamydia felis,Monodnaviria,Sangervirae,Phixviricota,Malgrandaviricetes,Petitvirales,Microviridae,Gokushovirinae,Chlamydiamicrovirus,,40274,Chlamydiamicrovirus
Chlamydia caviae GPIC,Monodnaviria,Sangervirae,Phixviricota,Malgrandaviricetes,Petitvirales,Microviridae,Gokushovirinae,Chlamydiamicrovirus,,40274,Chlamydiamicrovirus
Chlamydia pecorum E58,Monodnaviria,Sangervirae,Phixviricota,Malgrandaviricetes,Petitvirales,Microviridae,Gokushovirinae,Chlamydiamicrovirus,,40274,Chlamydiamicrovirus
Chlamydia pneumoniae AR39,Monodnaviria,Sangervirae,Phixviricota,Malgrandaviricetes,Petitvirales,Microviridae,Gokushovirinae,Chlamydiamicrovirus,,40274,Chlamydiamicrovirus
Homo sapiens,Riboviria,Orthornavirae,Pisuviricota,Pisoniviricetes,Picornavirales,Caliciviridae,Norovirus,Norovirus norwalkense,,142786,Norovirus
Marmota himalayana,Riboviria,Orthornavirae,Pisuviricota,Pisoniviricetes,Picornavirales,Caliciviridae,Norovirus,unclassified Norovirus,,142786,Norovirus
Mus musculus,Riboviria,Orthornavirae,Pisuviricota,Pisoniviricetes,Picornavirales,Caliciviridae,Norovirus,Norovirus norwalkense,,142786,Norovirus
Mus,Riboviria,Orthornavirae,Pisuviricota,Pisoniviricetes,Picornavirales,Caliciviridae,Norovirus,Norovirus norwalkense,,142786,Norovirus
Felis catus,Riboviria,Orthornavirae,Pisuviricota,Pisoniviricetes,Picornavirales,Caliciviridae,Norovirus,Norovirus norwalkense,,142786,Norovirus
Canis lupus familiaris,Riboviria,Orthornavirae,Pisuviricota,Pisoniviricetes,Picornavirales,Caliciviridae,Norovirus,Norovirus norwalkense,,142786,Norovirus
Bos taurus,Riboviria,Orthornavirae,Pisuviricota,Pisoniviricetes,Picornavirales,Caliciviridae,Norovirus,Norovirus norwalkense,,142786,Norovirus
Sus scrofa,Riboviria,Orthornavirae,Pisuviricota,Pisoniviricetes,Picornavirales,Caliciviridae,Norovirus,Norovirus norwalkense,,142786,Norovirus
Primates,Riboviria,Orthornavirae,Pisuviricota,Pisoniviricetes,Picornavirales,Caliciviridae,Norovirus,Norovirus norwalkense,,142786,Norovirus
Heteronychus arator,Riboviria,Orthornavirae,Kitrinoviricota,Magsaviricetes,Nodamuvirales,Nodaviridae,Alphanodavirus,Alphanodavirus heteronychi,+ssRNA,143920,Alphanodavirus
Drosophila melanogaster,Riboviria,Orthornavirae,Kitrinoviricota,Magsaviricetes,Nodamuvirales,Nodaviridae,Alphanodavirus,Alphanodavirus boolarraense,+ssRNA,143920,Alphanodavirus
Oncopera intricoides,Riboviria,Orthornavirae,Kitrinoviricota,Magsaviricetes,Nodamuvirales,Nodaviridae,Alphanodavirus,Alphanodavirus boolarraense,+ssRNA,143920,Alphanodavirus
Hordeum vulgare,Riboviria,Orthornavirae,Kitrinoviricota,Magsaviricetes,Nodamuvirales,Nodaviridae,Alphanodavirus,Alphanodavirus flockense,+ssRNA,143920,Alphanodavirus
Saccharomyces cerevisiae,Riboviria,Orthornavirae,Kitrinoviricota,Magsaviricetes,Nodamuvirales,Nodaviridae,Alphanodavirus,Alphanodavirus flockense,+ssRNA,143920,Alphanodavirus
Galleria mellonella,Riboviria,Orthornavirae,Kitrinoviricota,Magsaviricetes,Nodamuvirales,Nodaviridae,Alphanodavirus,Alphanodavirus flockense,+ssRNA,143920,Alphanodavirus
Costelytra zealandica,Riboviria,Orthornavirae,Kitrinoviricota,Magsaviricetes,Nodamuvirales,Nodaviridae,Alphanodavirus,Alphanodavirus flockense,+ssRNA,143920,Alphanodavirus
Mesocricetus auratus,Riboviria,Orthornavirae,Kitrinoviricota,Magsaviricetes,Nodamuvirales,Nodaviridae,Alphanodavirus,Alphanodavirus nodamuraense,+ssRNA,143920,Alphanodavirus
Spodoptera eridania,Riboviria,Orthornavirae,Kitrinoviricota,Magsaviricetes,Nodamuvirales,Nodaviridae,Alphanodavirus,Alphanodavirus pariacotoense,+ssRNA,143920,Alphanodavirus
Chlorella heliozoae,Varidnaviria,Bamfordvirae,Nucleocytoviricota,Megaviricetes,Algavirales,Phycodnaviridae,Chlorovirus,Chlorovirus heliozoae,,181083,Chlorovirus
Chlorella variabilis,Varidnaviria,Bamfordvirae,Nucleocytoviricota,Megaviricetes,Algavirales,Phycodnaviridae,Chlorovirus,unclassified Chlorovirus,,181083,Chlorovirus
Chlorella,Varidnaviria,Bamfordvirae,Nucleocytoviricota,Megaviricetes,Algavirales,Phycodnaviridae,Chlorovirus,Chlorovirus vanettense,,181083,Chlorovirus
Micractinium conductrix,Varidnaviria,Bamfordvirae,Nucleocytoviricota,Megaviricetes,Algavirales,Phycodnaviridae,Chlorovirus,Chlorovirus conductrix,,181083,Chlorovirus
cf. Chlorella sp.,Varidnaviria,Bamfordvirae,Nucleocytoviricota,Megaviricetes,Algavirales,Phycodnaviridae,Chlorovirus,Chlorovirus newyorkense,,181083,Chlorovirus
Escherichia,Duplodnaviria,Heunggongvirae,Uroviricota,Caudoviricetes,Caudoviricetes incertae sedis,Punavirus,Punavirus P1,,dsDNA,186789,Punavirus
Escherichia coli,Duplodnaviria,Heunggongvirae,Uroviricota,Caudoviricetes,Caudoviricetes incertae sedis,Punavirus,unclassified Punavirus,,dsDNA,186789,Punavirus
Enterobacteriaceae,Duplodnaviria,Heunggongvirae,Uroviricota,Caudoviricetes,Caudoviricetes incertae sedis,Punavirus,Punavirus P1,,dsDNA,186789,Punavirus
Escherichia coli,Duplodnaviria,Heunggongvirae,Uroviricota,Caudoviricetes,Caudoviricetes incertae sedis,Punavirus,Punavirus P1,,dsDNA,186789,Punavirus
Escherichia coli MC1061,Duplodnaviria,Heunggongvirae,Uroviricota,Caudoviricetes,Caudoviricetes incertae sedis,Punavirus,Punavirus P1,,dsDNA,186789,Punavirus
Escherichia coli,Duplodnaviria,Heunggongvirae,Uroviricota,Caudoviricetes,Caudoviricetes incertae sedis,Punavirus,Punavirus RCS47,,dsDNA,186789,Punavirus
root,Duplodnaviria,Heunggongvirae,Uroviricota,Caudoviricetes,Caudoviricetes incertae sedis,Punavirus,,,dsDNA,186789,Punavirus
Salmonella enterica subsp. enterica serovar Kouka,Duplodnaviria,Heunggongvirae,Uroviricota,Caudoviricetes,Caudoviricetes incertae sedis,Punavirus,unclassified Punavirus,,dsDNA,186789,Punavirus
Salmonella enterica subsp. enterica serovar Indiana,Duplodnaviria,Heunggongvirae,Uroviricota,Caudoviricetes,Caudoviricetes incertae sedis,Punavirus,Punavirus SJ46,,dsDNA,186789,Punavirus
Escherichia coli RS218,Duplodnaviria,Heunggongvirae,Uroviricota,Caudoviricetes,Caudoviricetes incertae sedis,Lederbergvirus,unclassified Lederbergvirus,,dsDNA,186794,Lederbergvirus
Escherichia coli,Duplodnaviria,Heunggongvirae,Uroviricota,Caudoviricetes,Caudoviricetes incertae sedis,Lederbergvirus,Lederbergvirus HK620,,dsDNA,186794,Lederbergvirus
Escherichia coli,Duplodnaviria,Heunggongvirae,Uroviricota,Caudoviricetes,Caudoviricetes incertae sedis,Lederbergvirus,unclassified Lederbergvirus,,dsDNA,186794,Lederbergvirus
Salmonella enterica subsp. enterica,Duplodnaviria,Heunggongvirae,Uroviricota,Caudoviricetes,Caudoviricetes incertae sedis,Lederbergvirus,unclassified Lederbergvirus,,dsDNA,186794,Lederbergvirus
Enterococcus faecalis,Duplodnaviria,Heunggongvirae,Uroviricota,Caudoviricetes,Caudoviricetes incertae sedis,Lederbergvirus,unclassified Lederbergvirus,,dsDNA,186794,Lederbergvirus
Salmonella enterica subsp. enterica serovar Typhimurium str. DT104,Duplodnaviria,Heunggongvirae,Uroviricota,Caudoviricetes,Caudoviricetes incertae sedis,Lederbergvirus,unclassified Lederbergvirus,,dsDNA,186794,Lederbergvirus
Escherichia,Duplodnaviria,Heunggongvirae,Uroviricota,Caudoviricetes,Caudoviricetes incertae sedis,Lederbergvirus,unclassified Lederbergvirus,,dsDNA,186794,Lederbergvirus
Escherichia sp.,Duplodnaviria,Heunggongvirae,Uroviricota,Caudoviricetes,Caudoviricetes incertae sedis,Lederbergvirus,unclassified Lederbergvirus,,dsDNA,186794,Lederbergvirus
Escherichia coli MP1,Duplodnaviria,Heunggongvirae,Uroviricota,Caudoviricetes,Caudoviricetes incertae sedis,Lederbergvirus,unclassified Lederbergvirus,,dsDNA,186794,Lederbergvirus
Klebsiella pneumoniae,Duplodnaviria,Heunggongvirae,Uroviricota,Caudoviricetes,Caudoviricetes incertae sedis,Lederbergvirus,unclassified Lederbergvirus,,dsDNA,186794,Lederbergvirus
Salmonella enterica,Duplodnaviria,Heunggongvirae,Uroviricota,Caudoviricetes,Caudoviricetes incertae sedis,Lederbergvirus,,,dsDNA,186794,Lederbergvirus
Proteus mirabilis,Duplodnaviria,Heunggongvirae,Uroviricota,Caudoviricetes,Caudoviricetes incertae sedis,Lederbergvirus,unclassified Lederbergvirus,,dsDNA,186794,Lederbergvirus
Salmonella enterica,Duplodnaviria,Heunggongvirae,Uroviricota,Caudoviricetes,Caudoviricetes incertae sedis,Lederbergvirus,unclassified Lederbergvirus,,dsDNA,186794,Lederbergvirus
Salmonella enterica subsp. enterica serovar Typhimurium,Duplodnaviria,Heunggongvirae,Uroviricota,Caudoviricetes,Caudoviricetes incertae sedis,Lederbergvirus,Lederbergvirus P22,,dsDNA,186794,Lederbergvirus
Salmonella enterica subsp. enterica serovar Typhimurium,Duplodnaviria,Heunggongvirae,Uroviricota,Caudoviricetes,Caudoviricetes incertae sedis,Lederbergvirus,unclassified Lederbergvirus,,dsDNA,186794,Lederbergvirus
Salmonella enterica subsp. enterica serovar Pullorum,Duplodnaviria,Heunggongvirae,Uroviricota,Caudoviricetes,Caudoviricetes incertae sedis,Lederbergvirus,unclassified Lederbergvirus,,dsDNA,186794,Lederbergvirus
Salmonella enterica subsp. enterica serovar Anatum,Duplodnaviria,Heunggongvirae,Uroviricota,Caudoviricetes,Caudoviricetes incertae sedis,Lederbergvirus,unclassified Lederbergvirus,,dsDNA,186794,Lederbergvirus
Salmonella sp.,Duplodnaviria,Heunggongvirae,Uroviricota,Caudoviricetes,Caudoviricetes incertae sedis,Lederbergvirus,Lederbergvirus P22,,dsDNA,186794,Lederbergvirus
Salmonella enterica,Duplodnaviria,Heunggongvirae,Uroviricota,Caudoviricetes,Caudoviricetes incertae sedis,Lederbergvirus,Lederbergvirus ST64T,,dsDNA,186794,Lederbergvirus
Lopadostoma turgidum,Duplodnaviria,Heunggongvirae,Uroviricota,Caudoviricetes,Caudoviricetes incertae sedis,Lederbergvirus,unclassified Lederbergvirus,,dsDNA,186794,Lederbergvirus
Salmonella sp.,Duplodnaviria,Heunggongvirae,Uroviricota,Caudoviricetes,Caudoviricetes incertae sedis,Lederbergvirus,unclassified Lederbergvirus,,dsDNA,186794,Lederbergvirus
Salmonella enterica subsp. enterica serovar Typhimurium str. LT2,Duplodnaviria,Heunggongvirae,Uroviricota,Caudoviricetes,Caudoviricetes incertae sedis,Lederbergvirus,Lederbergvirus P22,,dsDNA,186794,Lederbergvirus
Salmonella enterica subsp. enterica serovar Typhimurium str. LT2,Duplodnaviria,Heunggongvirae,Uroviricota,Caudoviricetes,Caudoviricetes incertae sedis,Lederbergvirus,unclassified Lederbergvirus,,dsDNA,186794,Lederbergvirus
Salmonella enterica,Duplodnaviria,Heunggongvirae,Uroviricota,Caudoviricetes,Caudoviricetes incertae sedis,Lederbergvirus,Lederbergvirus SE1Spa,,dsDNA,186794,Lederbergvirus
Salmonella,Duplodnaviria,Heunggongvirae,Uroviricota,Caudoviricetes,Caudoviricetes incertae sedis,Lederbergvirus,unclassified Lederbergvirus,,dsDNA,186794,Lederbergvirus
Salmonella,Duplodnaviria,Heunggongvirae,Uroviricota,Caudoviricetes,Caudoviricetes incertae sedis,Lederbergvirus,Lederbergvirus SE1Spa,,dsDNA,186794,Lederbergvirus
Salmonella enterica subsp. diarizonae,Duplodnaviria,Heunggongvirae,Uroviricota,Caudoviricetes,Caudoviricetes incertae sedis,Lederbergvirus,unclassified Lederbergvirus,,dsDNA,186794,Lederbergvirus
Salmonella enterica subsp. enterica serovar Typhi,Duplodnaviria,Heunggongvirae,Uroviricota,Caudoviricetes,Caudoviricetes incertae sedis,Lederbergvirus,unclassified Lederbergvirus,,dsDNA,186794,Lederbergvirus
Salmonella enterica subsp. enterica serovar Typhimurium,Duplodnaviria,Heunggongvirae,Uroviricota,Caudoviricetes,Caudoviricetes incertae sedis,Lederbergvirus,Lederbergvirus ST64T,,dsDNA,186794,Lederbergvirus
Salmonella enterica subsp. enterica serovar Worthington,Duplodnaviria,Heunggongvirae,Uroviricota,Caudoviricetes,Caudoviricetes incertae sedis,Lederbergvirus,unclassified Lederbergvirus,,dsDNA,186794,Lederbergvirus
Salmonella enterica subsp. enterica serovar Brandenburg,Duplodnaviria,Heunggongvirae,Uroviricota,Caudoviricetes,Caudoviricetes incertae sedis,Lederbergvirus,unclassified Lederbergvirus,,dsDNA,186794,Lederbergvirus
Salmonella enterica subsp. enterica serovar Enteritidis,Duplodnaviria,Heunggongvirae,Uroviricota,Caudoviricetes,Caudoviricetes incertae sedis,Lederbergvirus,unclassified Lederbergvirus,,dsDNA,186794,Lederbergvirus
Shigella flexneri,Duplodnaviria,Heunggongvirae,Uroviricota,Caudoviricetes,Caudoviricetes incertae sedis,Lederbergvirus,Lederbergvirus Sf6,,dsDNA,186794,Lederbergvirus
Pan troglodytes,Riboviria,Orthornavirae,Pisuviricota,Pisoniviricetes,Picornavirales,Picornaviridae,Kodimesavirinae,Salivirus,,688449,Salivirus
root,Monodnaviria,Shotokuvirae,Cressdnaviricota,Arfiviricetes,Cirlivirales,Circoviridae,Cyclovirus,Cyclovirus mchwa,,742914,Cyclovirus
Dorylus sp.,Monodnaviria,Shotokuvirae,Cressdnaviricota,Arfiviricetes,Cirlivirales,Circoviridae,Cyclovirus,unclassified Cyclovirus,,742914,Cyclovirus
Vespadelus regulus,Monodnaviria,Shotokuvirae,Cressdnaviricota,Arfiviricetes,Cirlivirales,Circoviridae,Cyclovirus,unclassified Cyclovirus,,742914,Cyclovirus
Chalinolobus gouldii,Monodnaviria,Shotokuvirae,Cressdnaviricota,Arfiviricetes,Cirlivirales,Circoviridae,Cyclovirus,unclassified Cyclovirus,,742914,Cyclovirus
Chiroptera,Monodnaviria,Shotokuvirae,Cressdnaviricota,Arfiviricetes,Cirlivirales,Circoviridae,Cyclovirus,Cyclovirus doi,,742914,Cyclovirus
Tadarida brasiliensis,Monodnaviria,Shotokuvirae,Cressdnaviricota,Arfiviricetes,Cirlivirales,Circoviridae,Cyclovirus,Cyclovirus doi,,742914,Cyclovirus
Molossus molossus,Monodnaviria,Shotokuvirae,Cressdnaviricota,Arfiviricetes,Cirlivirales,Circoviridae,Cyclovirus,Cyclovirus murcielago,,742914,Cyclovirus
Bos taurus,Monodnaviria,Shotokuvirae,Cressdnaviricota,Arfiviricetes,Cirlivirales,Circoviridae,Cyclovirus,Cyclovirus gaaye,,742914,Cyclovirus
Libidibia ferrea,Monodnaviria,Shotokuvirae,Cressdnaviricota,Arfiviricetes,Cirlivirales,Circoviridae,Cyclovirus,Cyclovirus pauferro,,742914,Cyclovirus
Gallus gallus,Monodnaviria,Shotokuvirae,Cressdnaviricota,Arfiviricetes,Cirlivirales,Circoviridae,Cyclovirus,Cyclovirus adie,,742914,Cyclovirus
Lasionycteris noctivagans,Monodnaviria,Shotokuvirae,Cressdnaviricota,Arfiviricetes,Cirlivirales,Circoviridae,Cyclovirus,Cyclovirus liljak,,742914,Cyclovirus
Pan troglodytes,Monodnaviria,Shotokuvirae,Cressdnaviricota,Arfiviricetes,Cirlivirales,Circoviridae,Cyclovirus,Cyclovirus ezzike,,742914,Cyclovirus
Equus caballus,Monodnaviria,Shotokuvirae,Cressdnaviricota,Arfiviricetes,Cirlivirales,Circoviridae,Cyclovirus,Cyclovirus caballo,,742914,Cyclovirus
Homo sapiens,Monodnaviria,Shotokuvirae,Cressdnaviricota,Arfiviricetes,Cirlivirales,Circoviridae,Cyclovirus,Cyclovirus mmadu,,742914,Cyclovirus
Capra hircus,Monodnaviria,Shotokuvirae,Cressdnaviricota,Arfiviricetes,Cirlivirales,Circoviridae,Cyclovirus,Cyclovirus bakri,,742914,Cyclovirus
Eurycotis floridana,Monodnaviria,Shotokuvirae,Cressdnaviricota,Arfiviricetes,Cirlivirales,Circoviridae,Cyclovirus,,,742914,Cyclovirus
Callosciurus erythraeus thaiwanensis,Monodnaviria,Shotokuvirae,Cressdnaviricota,Arfiviricetes,Cirlivirales,Circoviridae,Cyclovirus,Cyclovirus risi,,742914,Cyclovirus
Crocidura hirta,Monodnaviria,Shotokuvirae,Cressdnaviricota,Arfiviricetes,Cirlivirales,Circoviridae,Cyclovirus,Cyclovirus nhanloai,,742914,Cyclovirus
Crocidura luna,Monodnaviria,Shotokuvirae,Cressdnaviricota,Arfiviricetes,Cirlivirales,Circoviridae,Cyclovirus,Cyclovirus nhanloai,,742914,Cyclovirus
Anisoptera,Monodnaviria,Shotokuvirae,Cressdnaviricota,Arfiviricetes,Cirlivirales,Circoviridae,Cyclovirus,unclassified Cyclovirus,,742914,Cyclovirus
Pantala flavescens,Monodnaviria,Shotokuvirae,Cressdnaviricota,Arfiviricetes,Cirlivirales,Circoviridae,Cyclovirus,Cyclovirus kisikisi,,742914,Cyclovirus
Tholymis tillarga,Monodnaviria,Shotokuvirae,Cressdnaviricota,Arfiviricetes,Cirlivirales,Circoviridae,Cyclovirus,Cyclovirus kisikisi,,742914,Cyclovirus
Erythemis simplicicollis,Monodnaviria,Shotokuvirae,Cressdnaviricota,Arfiviricetes,Cirlivirales,Circoviridae,Cyclovirus,Cyclovirus tonbo,,742914,Cyclovirus
Rhionaeschna multicolor,Monodnaviria,Shotokuvirae,Cressdnaviricota,Arfiviricetes,Cirlivirales,Circoviridae,Cyclovirus,Cyclovirus vazka,,742914,Cyclovirus
Erythrodiplax umbrata,Monodnaviria,Shotokuvirae,Cressdnaviricota,Arfiviricetes,Cirlivirales,Circoviridae,Cyclovirus,Cyclovirus libelula,,742914,Cyclovirus
Xanthocnemis zealandica,Monodnaviria,Shotokuvirae,Cressdnaviricota,Arfiviricetes,Cirlivirales,Circoviridae,Cyclovirus,Cyclovirus namu,,742914,Cyclovirus
Orthetrum sabina,Monodnaviria,Shotokuvirae,Cressdnaviricota,Arfiviricetes,Cirlivirales,Circoviridae,Cyclovirus,Cyclovirus tarako,,742914,Cyclovirus
Anas platyrhynchos,Monodnaviria,Shotokuvirae,Cressdnaviricota,Arfiviricetes,Cirlivirales,Circoviridae,Cyclovirus,Cyclovirus kacsa,,742914,Cyclovirus
Eumops bonariensis,Monodnaviria,Shotokuvirae,Cressdnaviricota,Arfiviricetes,Cirlivirales,Circoviridae,Cyclovirus,Cyclovirus muricec,,742914,Cyclovirus
Felis catus,Monodnaviria,Shotokuvirae,Cressdnaviricota,Arfiviricetes,Cirlivirales,Circoviridae,Cyclovirus,Cyclovirus gato,,742914,Cyclovirus
Urva auropunctata,Monodnaviria,Shotokuvirae,Cressdnaviricota,Arfiviricetes,Cirlivirales,Circoviridae,Cyclovirus,unclassified Cyclovirus,,742914,Cyclovirus
Mus,Monodnaviria,Shotokuvirae,Cressdnaviricota,Arfiviricetes,Cirlivirales,Circoviridae,Cyclovirus,Cyclovirus naastsosi,,742914,Cyclovirus
Mus musculus,Monodnaviria,Shotokuvirae,Cressdnaviricota,Arfiviricetes,Cirlivirales,Circoviridae,Cyclovirus,Cyclovirus naastsosi,,742914,Cyclovirus
Pteropus tonganus,Monodnaviria,Shotokuvirae,Cressdnaviricota,Arfiviricetes,Cirlivirales,Circoviridae,Cyclovirus,Cyclovirus peka,,742914,Cyclovirus
Petroica australis,Monodnaviria,Shotokuvirae,Cressdnaviricota,Arfiviricetes,Cirlivirales,Circoviridae,Cyclovirus,Cyclovirus liepsnele,,742914,Cyclovirus
Rattus flavipectus,Monodnaviria,Shotokuvirae,Cressdnaviricota,Arfiviricetes,Cirlivirales,Circoviridae,Cyclovirus,Cyclovirus rata,,742914,Cyclovirus
Rattus tanezumi sladeni,Monodnaviria,Shotokuvirae,Cressdnaviricota,Arfiviricetes,Cirlivirales,Circoviridae,Cyclovirus,Cyclovirus podgana,,742914,Cyclovirus
Cybaeidae,Monodnaviria,Shotokuvirae,Cressdnaviricota,Arfiviricetes,Cirlivirales,Circoviridae,Cyclovirus,Cyclovirus aasiak,,742914,Cyclovirus
Sus scrofa,Monodnaviria,Shotokuvirae,Cressdnaviricota,Arfiviricetes,Cirlivirales,Circoviridae,Cyclovirus,Cyclovirus nhanloai,,742914,Cyclovirus
Leptonychotes weddellii,Monodnaviria,Shotokuvirae,Cressdnaviricota,Arfiviricetes,Cirlivirales,Circoviridae,Cyclovirus,Cyclovirus foca,,742914,Cyclovirus
Escherichia coli O145:NM,Duplodnaviria,Heunggongvirae,Uroviricota,Caudoviricetes,Caudoviricetes incertae sedis,Andersonviridae,Ounavirinae,Felixounavirus,dsDNA,1198140,Felixounavirus
Escherichia coli O121:H19,Duplodnaviria,Heunggongvirae,Uroviricota,Caudoviricetes,Caudoviricetes incertae sedis,Andersonviridae,Ounavirinae,Felixounavirus,dsDNA,1198140,Felixounavirus
Salmonella enterica subsp. enterica,Duplodnaviria,Heunggongvirae,Uroviricota,Caudoviricetes,Caudoviricetes incertae sedis,Andersonviridae,Ounavirinae,Felixounavirus,dsDNA,1198140,Felixounavirus
Escherichia coli BL21(DE3),Duplodnaviria,Heunggongvirae,Uroviricota,Caudoviricetes,Caudoviricetes incertae sedis,Andersonviridae,Ounavirinae,Felixounavirus,dsDNA,1198140,Felixounavirus
Escherichia coli O157:H7,Duplodnaviria,Heunggongvirae,Uroviricota,Caudoviricetes,Caudoviricetes incertae sedis,Andersonviridae,Ounavirinae,Felixounavirus,dsDNA,1198140,Felixounavirus
Escherichia coli str. K-12 substr. MG1655,Duplodnaviria,Heunggongvirae,Uroviricota,Caudoviricetes,Caudoviricetes incertae sedis,Andersonviridae,Ounavirinae,Felixounavirus,dsDNA,1198140,Felixounavirus
Escherichia,Duplodnaviria,Heunggongvirae,Uroviricota,Caudoviricetes,Caudoviricetes incertae sedis,Andersonviridae,Ounavirinae,Felixounavirus,dsDNA,1198140,Felixounavirus
Escherichia coli K-12,Duplodnaviria,Heunggongvirae,Uroviricota,Caudoviricetes,Caudoviricetes incertae sedis,Andersonviridae,Ounavirinae,Felixounavirus,dsDNA,1198140,Felixounavirus
Escherichia coli C,Duplodnaviria,Heunggongvirae,Uroviricota,Caudoviricetes,Caudoviricetes incertae sedis,Andersonviridae,Ounavirinae,Felixounavirus,dsDNA,1198140,Felixounavirus
Escherichia coli O135,Duplodnaviria,Heunggongvirae,Uroviricota,Caudoviricetes,Caudoviricetes incertae sedis,Andersonviridae,Ounavirinae,Felixounavirus,dsDNA,1198140,Felixounavirus
Escherichia coli ATCC 35150,Duplodnaviria,Heunggongvirae,Uroviricota,Caudoviricetes,Caudoviricetes incertae sedis,Andersonviridae,Ounavirinae,Felixounavirus,dsDNA,1198140,Felixounavirus
Escherichia sp.,Duplodnaviria,Heunggongvirae,Uroviricota,Caudoviricetes,Caudoviricetes incertae sedis,Andersonviridae,Ounavirinae,Felixounavirus,dsDNA,1198140,Felixounavirus
Escherichia coli O157,Duplodnaviria,Heunggongvirae,Uroviricota,Caudoviricetes,Caudoviricetes incertae sedis,Andersonviridae,Ounavirinae,Felixounavirus,dsDNA,1198140,Felixounavirus
Escherichia coli B,Duplodnaviria,Heunggongvirae,Uroviricota,Caudoviricetes,Caudoviricetes incertae sedis,Andersonviridae,Ounavirinae,Felixounavirus,dsDNA,1198140,Felixounavirus
Escherichia coli O1,Duplodnaviria,Heunggongvirae,Uroviricota,Caudoviricetes,Caudoviricetes incertae sedis,Andersonviridae,Ounavirinae,Felixounavirus,dsDNA,1198140,Felixounavirus
Escherichia coli S88,Duplodnaviria,Heunggongvirae,Uroviricota,Caudoviricetes,Caudoviricetes incertae sedis,Andersonviridae,Ounavirinae,Felixounavirus,dsDNA,1198140,Felixounavirus
Escherichia fergusonii,Duplodnaviria,Heunggongvirae,Uroviricota,Caudoviricetes,Caudoviricetes incertae sedis,Andersonviridae,Ounavirinae,Felixounavirus,dsDNA,1198140,Felixounavirus
Salmonella enterica,Duplodnaviria,Heunggongvirae,Uroviricota,Caudoviricetes,Caudoviricetes incertae sedis,Andersonviridae,Ounavirinae,Felixounavirus,dsDNA,1198140,Felixounavirus
Salmonella enterica subsp. enterica serovar Heidelberg,Duplodnaviria,Heunggongvirae,Uroviricota,Caudoviricetes,Caudoviricetes incertae sedis,Andersonviridae,Ounavirinae,Felixounavirus,dsDNA,1198140,Felixounavirus
Salmonella enterica subsp. enterica serovar Shubra,Duplodnaviria,Heunggongvirae,Uroviricota,Caudoviricetes,Caudoviricetes incertae sedis,Andersonviridae,Ounavirinae,Felixounavirus,dsDNA,1198140,Felixounavirus
Salmonella enterica subsp. enterica serovar Enteritidis,Duplodnaviria,Heunggongvirae,Uroviricota,Caudoviricetes,Caudoviricetes incertae sedis,Andersonviridae,Ounavirinae,Felixounavirus,dsDNA,1198140,Felixounavirus
Salmonella enterica subsp. enterica serovar Dublin,Duplodnaviria,Heunggongvirae,Uroviricota,Caudoviricetes,Caudoviricetes incertae sedis,Andersonviridae,Ounavirinae,Felixounavirus,dsDNA,1198140,Felixounavirus
Salmonella enterica subsp. enterica serovar Infantis,Duplodnaviria,Heunggongvirae,Uroviricota,Caudoviricetes,Caudoviricetes incertae sedis,Andersonviridae,Ounavirinae,Felixounavirus,dsDNA,1198140,Felixounavirus
Salmonella,Duplodnaviria,Heunggongvirae,Uroviricota,Caudoviricetes,Caudoviricetes incertae sedis,Andersonviridae,Ounavirinae,Felixounavirus,dsDNA,1198140,Felixounavirus
Salmonella enterica subsp. enterica serovar Typhimurium,Duplodnaviria,Heunggongvirae,Uroviricota,Caudoviricetes,Caudoviricetes incertae sedis,Andersonviridae,Ounavirinae,Felixounavirus,dsDNA,1198140,Felixounavirus
Salmonella sp.,Duplodnaviria,Heunggongvirae,Uroviricota,Caudoviricetes,Caudoviricetes incertae sedis,Andersonviridae,Ounavirinae,Felixounavirus,dsDNA,1198140,Felixounavirus
Salmonella enterica subsp. enterica serovar Pullorum,Duplodnaviria,Heunggongvirae,Uroviricota,Caudoviricetes,Caudoviricetes incertae sedis,Andersonviridae,Ounavirinae,Felixounavirus,dsDNA,1198140,Felixounavirus
Salmonella enterica subsp. enterica serovar Paratyphi A,Duplodnaviria,Heunggongvirae,Uroviricota,Caudoviricetes,Caudoviricetes incertae sedis,Andersonviridae,Ounavirinae,Felixounavirus,dsDNA,1198140,Felixounavirus
Salmonella enterica subsp. enterica serovar Kedougou,Duplodnaviria,Heunggongvirae,Uroviricota,Caudoviricetes,Caudoviricetes incertae sedis,Andersonviridae,Ounavirinae,Felixounavirus,dsDNA,1198140,Felixounavirus
Escherichia coli DH5[alpha],Duplodnaviria,Heunggongvirae,Uroviricota,Caudoviricetes,Caudoviricetes incertae sedis,Andersonviridae,Ounavirinae,Felixounavirus,dsDNA,1198140,Felixounavirus
Shigella flexneri 2b,Duplodnaviria,Heunggongvirae,Uroviricota,Caudoviricetes,Caudoviricetes incertae sedis,Andersonviridae,Ounavirinae,Felixounavirus,dsDNA,1198140,Felixounavirus
Mycolicibacterium smegmatis MC2 155,Duplodnaviria,Heunggongvirae,Uroviricota,Caudoviricetes,Caudoviricetes incertae sedis,Pegunavirus,Pegunavirus suffolk,,dsDNA,1623295,Pegunavirus
Mycolicibacterium smegmatis MC2 155,Duplodnaviria,Heunggongvirae,Uroviricota,Caudoviricetes,Caudoviricetes incertae sedis,Pegunavirus,Pegunavirus Pg1,,dsDNA,1623295,Pegunavirus
Mycolicibacterium smegmatis MC2 155,Duplodnaviria,Heunggongvirae,Uroviricota,Caudoviricetes,Caudoviricetes incertae sedis,Pegunavirus,unclassified Pegunavirus,,dsDNA,1623295,Pegunavirus
Mycolicibacterium smegmatis MC2 155,Duplodnaviria,Heunggongvirae,Uroviricota,Caudoviricetes,Caudoviricetes incertae sedis,Pegunavirus,Pegunavirus manad,,dsDNA,1623295,Pegunavirus
Mycolicibacterium smegmatis MC2 155,Duplodnaviria,Heunggongvirae,Uroviricota,Caudoviricetes,Caudoviricetes incertae sedis,Pegunavirus,Pegunavirus apizium,,dsDNA,1623295,Pegunavirus
Mycolicibacterium smegmatis MC2 155,Duplodnaviria,Heunggongvirae,Uroviricota,Caudoviricetes,Caudoviricetes incertae sedis,Pegunavirus,Pegunavirus oline,,dsDNA,1623295,Pegunavirus
Mycobacterium,Duplodnaviria,Heunggongvirae,Uroviricota,Caudoviricetes,Caudoviricetes incertae sedis,Pegunavirus,unclassified Pegunavirus,,dsDNA,1623295,Pegunavirus
Mycobacterium,Duplodnaviria,Heunggongvirae,Uroviricota,Caudoviricetes,Caudoviricetes incertae sedis,Pegunavirus,Pegunavirus Pg1,,dsDNA,1623295,Pegunavirus
Mycobacterium,Duplodnaviria,Heunggongvirae,Uroviricota,Caudoviricetes,Caudoviricetes incertae sedis,Pegunavirus,Pegunavirus oline,,dsDNA,1623295,Pegunavirus
Mycobacterium,Duplodnaviria,Heunggongvirae,Uroviricota,Caudoviricetes,Caudoviricetes incertae sedis,Pegunavirus,Pegunavirus soto,,dsDNA,1623295,Pegunavirus
Mycolicibacterium smegmatis MC2 155,Duplodnaviria,Heunggongvirae,Uroviricota,Caudoviricetes,Caudoviricetes incertae sedis,Pegunavirus,Pegunavirus soto,,dsDNA,1623295,Pegunavirus
Mycolicibacterium smegmatis MC2 155,Duplodnaviria,Heunggongvirae,Uroviricota,Caudoviricetes,Caudoviricetes incertae sedis,Pegunavirus,Pegunavirus kingtut,,dsDNA,1623295,Pegunavirus
Mycobacterium phage PhatLouie,Duplodnaviria,Heunggongvirae,Uroviricota,Caudoviricetes,Caudoviricetes incertae sedis,Pegunavirus,unclassified Pegunavirus,,dsDNA,1623295,Pegunavirus
Mycobacterium,Duplodnaviria,Heunggongvirae,Uroviricota,Caudoviricetes,Caudoviricetes incertae sedis,Pegunavirus,Pegunavirus suffolk,,dsDNA,1623295,Pegunavirus
Mycobacterium,Duplodnaviria,Heunggongvirae,Uroviricota,Caudoviricetes,Caudoviricetes incertae sedis,Pegunavirus,Pegunavirus manad,,dsDNA,1623295,Pegunavirus
Mycobacteriales,Duplodnaviria,Heunggongvirae,Uroviricota,Caudoviricetes,Caudoviricetes incertae sedis,Pegunavirus,Pegunavirus soto,,dsDNA,1623295,Pegunavirus
Mycolicibacterium smegmatis MC2 155,Duplodnaviria,Heunggongvirae,Uroviricota,Caudoviricetes,Caudoviricetes incertae sedis,Pegunavirus,,,dsDNA,1623295,Pegunavirus
Escherichia coli str. K-12 substr. MG1655,Duplodnaviria,Heunggongvirae,Uroviricota,Caudoviricetes,Caudoviricetes incertae sedis,Sarkviridae,Guernseyvirinae,Jerseyvirus,dsDNA,1910991,Jerseyvirus
Salmonella enterica subsp. enterica serovar Enteritidis,Duplodnaviria,Heunggongvirae,Uroviricota,Caudoviricetes,Caudoviricetes incertae sedis,Sarkviridae,Guernseyvirinae,Jerseyvirus,dsDNA,1910991,Jerseyvirus
Pseudomonas syringae,Duplodnaviria,Heunggongvirae,Uroviricota,Caudoviricetes,Caudoviricetes incertae sedis,Sarkviridae,Guernseyvirinae,Jerseyvirus,dsDNA,1910991,Jerseyvirus
Salmonella enterica subsp. enterica serovar Gallinarum,Duplodnaviria,Heunggongvirae,Uroviricota,Caudoviricetes,Caudoviricetes incertae sedis,Sarkviridae,Guernseyvirinae,Jerseyvirus,dsDNA,1910991,Jerseyvirus
Salmonella enterica subsp. enterica serovar Pullorum,Duplodnaviria,Heunggongvirae,Uroviricota,Caudoviricetes,Caudoviricetes incertae sedis,Sarkviridae,Guernseyvirinae,Jerseyvirus,dsDNA,1910991,Jerseyvirus
Salmonella sp.,Duplodnaviria,Heunggongvirae,Uroviricota,Caudoviricetes,Caudoviricetes incertae sedis,Sarkviridae,Guernseyvirinae,Jerseyvirus,dsDNA,1910991,Jerseyvirus
Salmonella enterica subsp. enterica,Duplodnaviria,Heunggongvirae,Uroviricota,Caudoviricetes,Caudoviricetes incertae sedis,Sarkviridae,Guernseyvirinae,Jerseyvirus,dsDNA,1910991,Jerseyvirus
Salmonella enterica,Duplodnaviria,Heunggongvirae,Uroviricota,Caudoviricetes,Caudoviricetes incertae sedis,Sarkviridae,Guernseyvirinae,Jerseyvirus,dsDNA,1910991,Jerseyvirus
Salmonella enterica subsp. enterica serovar Typhimurium,Duplodnaviria,Heunggongvirae,Uroviricota,Caudoviricetes,Caudoviricetes incertae sedis,Sarkviridae,Guernseyvirinae,Jerseyvirus,dsDNA,1910991,Jerseyvirus
Salmonella enterica subsp. enterica serovar Dublin,Duplodnaviria,Heunggongvirae,Uroviricota,Caudoviricetes,Caudoviricetes incertae sedis,Sarkviridae,Guernseyvirinae,Jerseyvirus,dsDNA,1910991,Jerseyvirus
Salmonella enterica subsp. enterica serovar Typhi,Duplodnaviria,Heunggongvirae,Uroviricota,Caudoviricetes,Caudoviricetes incertae sedis,Sarkviridae,Guernseyvirinae,Jerseyvirus,dsDNA,1910991,Jerseyvirus
Salmonella,Duplodnaviria,Heunggongvirae,Uroviricota,Caudoviricetes,Caudoviricetes incertae sedis,Sarkviridae,Guernseyvirinae,Jerseyvirus,dsDNA,1910991,Jerseyvirus
Salmonella enterica subsp. enterica serovar Paratyphi A,Duplodnaviria,Heunggongvirae,Uroviricota,Caudoviricetes,Caudoviricetes incertae sedis,Sarkviridae,Guernseyvirinae,Jerseyvirus,dsDNA,1910991,Jerseyvirus
Salmonella enterica subsp. enterica serovar Abortusequi,Duplodnaviria,Heunggongvirae,Uroviricota,Caudoviricetes,Caudoviricetes incertae sedis,Sarkviridae,Guernseyvirinae,Jerseyvirus,dsDNA,1910991,Jerseyvirus
Salmonella enterica subsp. enterica serovar Typhimurium str. LT2,Duplodnaviria,Heunggongvirae,Uroviricota,Caudoviricetes,Caudoviricetes incertae sedis,Sarkviridae,Guernseyvirinae,Jerseyvirus,dsDNA,1910991,Jerseyvirus
Salmonella enterica subsp. enterica serovar Sendai,Duplodnaviria,Heunggongvirae,Uroviricota,Caudoviricetes,Caudoviricetes incertae sedis,Sarkviridae,Guernseyvirinae,Jerseyvirus,dsDNA,1910991,Jerseyvirus
Salmonella enterica subsp. enterica serovar Newlands,Duplodnaviria,Heunggongvirae,Uroviricota,Caudoviricetes,Caudoviricetes incertae sedis,Sarkviridae,Guernseyvirinae,Jerseyvirus,dsDNA,1910991,Jerseyvirus
Salmonella enterica subsp. enterica serovar Typhimurium str. ATCC 14028,Duplodnaviria,Heunggongvirae,Uroviricota,Caudoviricetes,Caudoviricetes incertae sedis,Sarkviridae,Guernseyvirinae,Jerseyvirus,dsDNA,1910991,Jerseyvirus
Salmonella enterica subsp. enterica serovar Braenderup,Duplodnaviria,Heunggongvirae,Uroviricota,Caudoviricetes,Caudoviricetes incertae sedis,Sarkviridae,Guernseyvirinae,Jerseyvirus,dsDNA,1910991,Jerseyvirus
Cronobacter sakazakii,Duplodnaviria,Heunggongvirae,Uroviricota,Caudoviricetes,Caudoviricetes incertae sedis,Certrevirus,Certrevirus CR3,,dsDNA,1914850,Certrevirus
Cronobacter sakazakii,Duplodnaviria,Heunggongvirae,Uroviricota,Caudoviricetes,Caudoviricetes incertae sedis,Certrevirus,Certrevirus CR8,,dsDNA,1914850,Certrevirus
Cronobacter sakazakii,Duplodnaviria,Heunggongvirae,Uroviricota,Caudoviricetes,Caudoviricetes incertae sedis,Certrevirus,Certrevirus CR9,,dsDNA,1914850,Certrevirus
Cronobacter sp.,Duplodnaviria,Heunggongvirae,Uroviricota,Caudoviricetes,Caudoviricetes incertae sedis,Certrevirus,Certrevirus PBES02,,dsDNA,1914850,Certrevirus
Enterobacter hormaechei subsp. xiangfangensis,Duplodnaviria,Heunggongvirae,Uroviricota,Caudoviricetes,Caudoviricetes incertae sedis,Certrevirus,unclassified Certrevirus,,dsDNA,1914850,Certrevirus
Klebsiella aerogenes,Duplodnaviria,Heunggongvirae,Uroviricota,Caudoviricetes,Caudoviricetes incertae sedis,Certrevirus,unclassified Certrevirus,,dsDNA,1914850,Certrevirus
Pantoea dispersa,Duplodnaviria,Heunggongvirae,Uroviricota,Caudoviricetes,Caudoviricetes incertae sedis,Certrevirus,unclassified Certrevirus,,dsDNA,1914850,Certrevirus
Pectobacterium sp.,Duplodnaviria,Heunggongvirae,Uroviricota,Caudoviricetes,Caudoviricetes incertae sedis,Certrevirus,unclassified Certrevirus,,dsDNA,1914850,Certrevirus
Pectobacterium atrosepticum SCRI1043,Duplodnaviria,Heunggongvirae,Uroviricota,Caudoviricetes,Caudoviricetes incertae sedis,Certrevirus,Certrevirus phiTE,,dsDNA,1914850,Certrevirus
Pectobacterium carotovorum subsp. carotovorum,Duplodnaviria,Heunggongvirae,Uroviricota,Caudoviricetes,Caudoviricetes incertae sedis,Certrevirus,unclassified Certrevirus,,dsDNA,1914850,Certrevirus
Pectobacterium atrosepticum,Duplodnaviria,Heunggongvirae,Uroviricota,Caudoviricetes,Caudoviricetes incertae sedis,Certrevirus,unclassified Certrevirus,,dsDNA,1914850,Certrevirus
Pectobacterium carotovorum,Duplodnaviria,Heunggongvirae,Uroviricota,Caudoviricetes,Caudoviricetes incertae sedis,Certrevirus,unclassified Certrevirus,,dsDNA,1914850,Certrevirus
Cronobacter sakazakii,Duplodnaviria,Heunggongvirae,Uroviricota,Caudoviricetes,Caudoviricetes incertae sedis,Seunavirus,unclassified Seunavirus,,dsDNA,1914851,Seunavirus
Cronobacter sakazakii,Duplodnaviria,Heunggongvirae,Uroviricota,Caudoviricetes,Caudoviricetes incertae sedis,Seunavirus,Seunavirus GAP31,,dsDNA,1914851,Seunavirus
Enterobacter cloacae,Duplodnaviria,Heunggongvirae,Uroviricota,Caudoviricetes,Caudoviricetes incertae sedis,Seunavirus,unclassified Seunavirus,,dsDNA,1914851,Seunavirus
Enterobacter kobei,Duplodnaviria,Heunggongvirae,Uroviricota,Caudoviricetes,Caudoviricetes incertae sedis,Seunavirus,unclassified Seunavirus,,dsDNA,1914851,Seunavirus
Escherichia coli K-12,Duplodnaviria,Heunggongvirae,Uroviricota,Caudoviricetes,Caudoviricetes incertae sedis,Seunavirus,Seunavirus 4MG,,dsDNA,1914851,Seunavirus
Escherichia coli O25b:H4-ST131,Duplodnaviria,Heunggongvirae,Uroviricota,Caudoviricetes,Caudoviricetes incertae sedis,Seunavirus,unclassified Seunavirus,,dsDNA,1914851,Seunavirus
Salmonella enterica,Duplodnaviria,Heunggongvirae,Uroviricota,Caudoviricetes,Caudoviricetes incertae sedis,Seunavirus,unclassified Seunavirus,,dsDNA,1914851,Seunavirus
Salmonella enterica subsp. enterica,Duplodnaviria,Heunggongvirae,Uroviricota,Caudoviricetes,Caudoviricetes incertae sedis,Seunavirus,unclassified Seunavirus,,dsDNA,1914851,Seunavirus
Salmonella enterica subsp. enterica serovar Enteritidis,Duplodnaviria,Heunggongvirae,Uroviricota,Caudoviricetes,Caudoviricetes incertae sedis,Seunavirus,Seunavirus PVPSE1,,dsDNA,1914851,Seunavirus
Salmonella,Duplodnaviria,Heunggongvirae,Uroviricota,Caudoviricetes,Caudoviricetes incertae sedis,Seunavirus,Seunavirus SSE121,,dsDNA,1914851,Seunavirus
Salmonella enterica subsp. enterica serovar Enteritidis,Duplodnaviria,Heunggongvirae,Uroviricota,Caudoviricetes,Caudoviricetes incertae sedis,Seunavirus,unclassified Seunavirus,,dsDNA,1914851,Seunavirus
Aeromonas sp. IS4,Duplodnaviria,Heunggongvirae,Uroviricota,Caudoviricetes,Caudoviricetes incertae sedis,Roufvirus,Roufvirus pIS4A,,dsDNA,1982370,Roufvirus
Vibrio sp. YD38,Duplodnaviria,Heunggongvirae,Uroviricota,Caudoviricetes,Caudoviricetes incertae sedis,Roufvirus,Roufvirus pIS4A,,dsDNA,1982370,Roufvirus
Erwinia amylovora,Duplodnaviria,Heunggongvirae,Uroviricota,Caudoviricetes,Caudoviricetes incertae sedis,Schitoviridae,Erskinevirinae,Johnsonvirus,dsDNA,1982576,Johnsonvirus
Erwinia,Duplodnaviria,Heunggongvirae,Uroviricota,Caudoviricetes,Caudoviricetes incertae sedis,Schitoviridae,Erskinevirinae,Johnsonvirus,dsDNA,1982576,Johnsonvirus
root,Monodnaviria,Shotokuvirae,Cressdnaviricota,Repensiviricetes,Geplafuvirales,Genomoviridae,Gemygorvirus,Gemygorvirus hydro1,,1985366,Gemygorvirus
Sturnus vulgaris,Monodnaviria,Shotokuvirae,Cressdnaviricota,Repensiviricetes,Geplafuvirales,Genomoviridae,Gemygorvirus,Gemygorvirus stara1,,1985366,Gemygorvirus
Anas platyrhynchos,Monodnaviria,Shotokuvirae,Cressdnaviricota,Repensiviricetes,Geplafuvirales,Genomoviridae,Gemygorvirus,Gemygorvirus malas1,,1985366,Gemygorvirus
Canis lupus familiaris,Monodnaviria,Shotokuvirae,Cressdnaviricota,Repensiviricetes,Geplafuvirales,Genomoviridae,Gemygorvirus,Gemygorvirus cania1,,1985366,Gemygorvirus
Homo sapiens,Monodnaviria,Shotokuvirae,Cressdnaviricota,Repensiviricetes,Geplafuvirales,Genomoviridae,Gemygorvirus,Gemygorvirus sewopo1,,1985366,Gemygorvirus
Pteropus tonganus,Monodnaviria,Shotokuvirae,Cressdnaviricota,Repensiviricetes,Geplafuvirales,Genomoviridae,Gemygorvirus,Gemygorvirus ptero1,,1985366,Gemygorvirus
Poaceae sp.,Monodnaviria,Shotokuvirae,Cressdnaviricota,Repensiviricetes,Geplafuvirales,Genomoviridae,Gemygorvirus,Gemygorvirus poaspe1,,1985366,Gemygorvirus
Opuntia sp.,Monodnaviria,Shotokuvirae,Cressdnaviricota,Repensiviricetes,Geplafuvirales,Genomoviridae,Gemygorvirus,Gemygorvirus opunt1,,1985366,Gemygorvirus
Salmonella enterica subsp. diarizonae,Duplodnaviria,Heunggongvirae,Uroviricota,Caudoviricetes,Caudoviricetes incertae sedis,Brunovirus,Brunovirus SEN34,,dsDNA,2560108,Brunovirus
Corynebacterium vitaeruminis,Duplodnaviria,Heunggongvirae,Uroviricota,Caudoviricetes,Caudoviricetes incertae sedis,Zierdtviridae,Toshachvirinae,Ceetrepovirus,dsDNA,2560111,Ceetrepovirus
Enterobacteriaceae,Duplodnaviria,Heunggongvirae,Uroviricota,Caudoviricetes,Autographivirales,Autotranscriptaviridae,Studiervirinae,Teetrevirus,dsDNA,2732693,Teetrevirus
Escherichia coli 536,Duplodnaviria,Heunggongvirae,Uroviricota,Caudoviricetes,Autographivirales,Autotranscriptaviridae,Studiervirinae,Teetrevirus,dsDNA,2732693,Teetrevirus
Escherichia coli BW25113,Duplodnaviria,Heunggongvirae,Uroviricota,Caudoviricetes,Autographivirales,Autotranscriptaviridae,Studiervirinae,Teetrevirus,dsDNA,2732693,Teetrevirus
Klebsiella pneumoniae subsp. pneumoniae BJ1-GA,Duplodnaviria,Heunggongvirae,Uroviricota,Caudoviricetes,Autographivirales,Autotranscriptaviridae,Studiervirinae,Teetrevirus,dsDNA,2732693,Teetrevirus
Klebsiella pneumoniae subsp. pneumoniae NTUH-K2044,Duplodnaviria,Heunggongvirae,Uroviricota,Caudoviricetes,Autographivirales,Autotranscriptaviridae,Studiervirinae,Teetrevirus,dsDNA,2732693,Teetrevirus
Klebsiella sp. M5a1,Duplodnaviria,Heunggongvirae,Uroviricota,Caudoviricetes,Autographivirales,Autotranscriptaviridae,Studiervirinae,Teetrevirus,dsDNA,2732693,Teetrevirus
Leclercia adecarboxylata,Duplodnaviria,Heunggongvirae,Uroviricota,Caudoviricetes,Autographivirales,Autotranscriptaviridae,Studiervirinae,Teetrevirus,dsDNA,2732693,Teetrevirus
Pantoea deleyi,Duplodnaviria,Heunggongvirae,Uroviricota,Caudoviricetes,Autographivirales,Autotranscriptaviridae,Studiervirinae,Teetrevirus,dsDNA,2732693,Teetrevirus
Serratia marcescens,Duplodnaviria,Heunggongvirae,Uroviricota,Caudoviricetes,Autographivirales,Autotranscriptaviridae,Studiervirinae,Teetrevirus,dsDNA,2732693,Teetrevirus
Shigella flexneri,Duplodnaviria,Heunggongvirae,Uroviricota,Caudoviricetes,Autographivirales,Autotranscriptaviridae,Studiervirinae,Teetrevirus,dsDNA,2732693,Teetrevirus
Yersinia enterocolitica,Duplodnaviria,Heunggongvirae,Uroviricota,Caudoviricetes,Autographivirales,Autotranscriptaviridae,Studiervirinae,Teetrevirus,dsDNA,2732693,Teetrevirus
Aeromonas dhakensis,Duplodnaviria,Heunggongvirae,Uroviricota,Caudoviricetes,Caudoviricetes incertae sedis,Chaseviridae,Nefertitivirinae,Pahsextavirus,dsDNA,2732963,Pahsextavirus
Aeromonas hydrophila,Duplodnaviria,Heunggongvirae,Uroviricota,Caudoviricetes,Caudoviricetes incertae sedis,Chaseviridae,Nefertitivirinae,Pahsextavirus,dsDNA,2732963,Pahsextavirus
Cronobacter sakazakii,Duplodnaviria,Heunggongvirae,Uroviricota,Caudoviricetes,Caudoviricetes incertae sedis,Chimalliviridae,Derbicusvirus,unclassified Derbicusvirus,dsDNA,2733102,Derbicusvirus
Erwinia amylovora,Duplodnaviria,Heunggongvirae,Uroviricota,Caudoviricetes,Caudoviricetes incertae sedis,Chimalliviridae,Derbicusvirus,Derbicusvirus derbicus,dsDNA,2733102,Derbicusvirus
Caulobacter vibrioides CB15,Duplodnaviria,Heunggongvirae,Uroviricota,Caudoviricetes,Caudoviricetes incertae sedis,Jeanschmidtviridae,Bertelyvirus,unclassified Bertelyvirus,dsDNA,2733152,Bertelyvirus
Ortmanniana pectorosa,Monodnaviria,Shotokuvirae,Cossaviricota,Quintoviricetes,Piccovirales,Parvoviridae,Densovirinae,Pefuambidensovirus,,2733227,Pefuambidensovirus
Validiblatta fuliginosa,Monodnaviria,Shotokuvirae,Cossaviricota,Quintoviricetes,Piccovirales,Parvoviridae,Densovirinae,Pefuambidensovirus,,2733227,Pefuambidensovirus
root,Monodnaviria,Shotokuvirae,Cossaviricota,Quintoviricetes,Piccovirales,Parvoviridae,Densovirinae,Protoambidensovirus,,2733228,Protoambidensovirus
Culex pipiens pipiens,Monodnaviria,Shotokuvirae,Cossaviricota,Quintoviricetes,Piccovirales,Parvoviridae,Densovirinae,Protoambidensovirus,,2733228,Protoambidensovirus
Anas rubripes,Monodnaviria,Shotokuvirae,Cossaviricota,Quintoviricetes,Piccovirales,Parvoviridae,Densovirinae,Protoambidensovirus,,2733228,Protoambidensovirus
Galleria mellonella,Monodnaviria,Shotokuvirae,Cossaviricota,Quintoviricetes,Piccovirales,Parvoviridae,Densovirinae,Protoambidensovirus,,2733228,Protoambidensovirus
Lepidoptera,Monodnaviria,Shotokuvirae,Cossaviricota,Quintoviricetes,Piccovirales,Parvoviridae,Densovirinae,Protoambidensovirus,,2733228,Protoambidensovirus
Spodoptera littoralis,Monodnaviria,Shotokuvirae,Cossaviricota,Quintoviricetes,Piccovirales,Parvoviridae,Densovirinae,Protoambidensovirus,,2733228,Protoambidensovirus
Pectinophora gossypiella,Monodnaviria,Shotokuvirae,Cossaviricota,Quintoviricetes,Piccovirales,Parvoviridae,Densovirinae,Protoambidensovirus,,2733228,Protoambidensovirus
Ostrinia nubilalis,Monodnaviria,Shotokuvirae,Cossaviricota,Quintoviricetes,Piccovirales,Parvoviridae,Densovirinae,Protoambidensovirus,,2733228,Protoambidensovirus
Sesamia cretica,Monodnaviria,Shotokuvirae,Cossaviricota,Quintoviricetes,Piccovirales,Parvoviridae,Densovirinae,Protoambidensovirus,,2733228,Protoambidensovirus
Mythimna loreyi,Monodnaviria,Shotokuvirae,Cossaviricota,Quintoviricetes,Piccovirales,Parvoviridae,Densovirinae,Protoambidensovirus,,2733228,Protoambidensovirus
Chrysodeixis includens,Monodnaviria,Shotokuvirae,Cossaviricota,Quintoviricetes,Piccovirales,Parvoviridae,Densovirinae,Protoambidensovirus,,2733228,Protoambidensovirus
Penaeus chinensis,Monodnaviria,Shotokuvirae,Cossaviricota,Quintoviricetes,Piccovirales,Parvoviridae,Hamaparvovirinae,Hepanhamaparvovirus,,2733232,Hepanhamaparvovirus
Penaeus monodon,Monodnaviria,Shotokuvirae,Cossaviricota,Quintoviricetes,Piccovirales,Parvoviridae,Hamaparvovirinae,Hepanhamaparvovirus,,2733232,Hepanhamaparvovirus
Vibrio cholerae O1,Duplodnaviria,Heunggongvirae,Uroviricota,Caudoviricetes,Pantevenvirales,Ackermannviridae,Kujavirus,Kujavirus kuja,dsDNA,2841277,Kujavirus
root,Riboviria,Orthornavirae,Lenarviricota,Leviviricetes,Norzivirales,Fiersviridae,Ashucavirus,Ashucavirus caenicola,+ssRNA,2842389,Ashucavirus
Ruegeria pomeroyi DSS-3,Duplodnaviria,Heunggongvirae,Uroviricota,Caudoviricetes,Caudoviricetes incertae sedis,Schitoviridae,Rhodovirinae,Aorunvirus,dsDNA,2842545,Aorunvirus
Sulfitobacter sp. EE-36,Duplodnaviria,Heunggongvirae,Uroviricota,Caudoviricetes,Caudoviricetes incertae sedis,Schitoviridae,Rhodovirinae,Aorunvirus,dsDNA,2842545,Aorunvirus
root,Riboviria,Orthornavirae,Lenarviricota,Leviviricetes,Timlovirales,Blumeviridae,Chimpavirus,Chimpavirus luticola,+ssRNA,2842596,Chimpavirus
Escherichia coli K-12,Monodnaviria,Sangervirae,Phixviricota,Malgrandaviricetes,Petitvirales,Microviridae,Gokushovirinae,Enterogokushovirus,,2842667,Enterogokushovirus
Escherichia sp. MOD1-EC6098,Monodnaviria,Sangervirae,Phixviricota,Malgrandaviricetes,Petitvirales,Microviridae,Gokushovirinae,Enterogokushovirus,,2842667,Enterogokushovirus
Erwinia amylovora,Duplodnaviria,Heunggongvirae,Uroviricota,Caudoviricetes,Caudoviricetes incertae sedis,Henunavirus,Henunavirus hena1,,dsDNA,2842727,Henunavirus
Erwinia amylovora,Duplodnaviria,Heunggongvirae,Uroviricota,Caudoviricetes,Caudoviricetes incertae sedis,Henunavirus,unclassified Henunavirus,,dsDNA,2842727,Henunavirus
Erwinia pyrifoliae,Duplodnaviria,Heunggongvirae,Uroviricota,Caudoviricetes,Caudoviricetes incertae sedis,Henunavirus,Henunavirus SNUABM01,,dsDNA,2842727,Henunavirus
Enterobacter cloacae,Duplodnaviria,Heunggongvirae,Uroviricota,Caudoviricetes,Caudoviricetes incertae sedis,Drexlerviridae,Tempevirinae,Henuseptimavirus,dsDNA,2842728,Henuseptimavirus
root,Riboviria,Orthornavirae,Lenarviricota,Leviviricetes,Norzivirales,Fiersviridae,Hihdivirus,Hihdivirus caenenecus,+ssRNA,2842731,Hihdivirus
root,Riboviria,Orthornavirae,Lenarviricota,Leviviricetes,Norzivirales,Fiersviridae,Icumivirus,Icumivirus limivivens,+ssRNA,2842754,Icumivirus
Pseudomonas syringae pv. avii,Duplodnaviria,Heunggongvirae,Uroviricota,Caudoviricetes,Caudoviricetes incertae sedis,Schitoviridae,Rothmandenesvirinae,Inbricusvirus,dsDNA,2842758,Inbricusvirus
root,Riboviria,Orthornavirae,Lenarviricota,Leviviricetes,Norzivirales,Fiersviridae,Ineyimevirus,Ineyimevirus lutihabitans,+ssRNA,2842759,Ineyimevirus
root,Riboviria,Orthornavirae,Lenarviricota,Leviviricetes,Norzivirales,Duinviridae,Kohmavirus,Kohmavirus luticola,+ssRNA,2842807,Kohmavirus
Pseudomonas fluorescens,Duplodnaviria,Heunggongvirae,Uroviricota,Caudoviricetes,Caudoviricetes incertae sedis,Schitoviridae,Littlefixvirus,Littlefixvirus 98Pflur60pp,dsDNA,2842828,Littlefixvirus
Pseudomonas sp.,Duplodnaviria,Heunggongvirae,Uroviricota,Caudoviricetes,Caudoviricetes incertae sedis,Schitoviridae,Littlefixvirus,Littlefixvirus littlefix,dsDNA,2842828,Littlefixvirus
root,Riboviria,Orthornavirae,Lenarviricota,Leviviricetes,Timlovirales,Blumeviridae,Nehpavirus,Nehpavirus caenenecus,+ssRNA,2842897,Nehpavirus
Pseudomonas,Riboviria,Orthornavirae,Lenarviricota,Leviviricetes,Norzivirales,Fiersviridae,Perrunavirus,Perrunavirus olsenii,+ssRNA,2842953,Perrunavirus
Klebsiella pneumoniae,Duplodnaviria,Heunggongvirae,Uroviricota,Caudoviricetes,Caudoviricetes incertae sedis,Schitoviridae,Humphriesvirinae,Pylasvirus,dsDNA,2842993,Pylasvirus
root,Riboviria,Orthornavirae,Lenarviricota,Leviviricetes,Norzivirales,Fiersviridae,Teciucevirus,Teciucevirus pelohabitans,+ssRNA,2843073,Teciucevirus
Klebsiella pneumoniae,Duplodnaviria,Heunggongvirae,Uroviricota,Caudoviricetes,Caudoviricetes incertae sedis,Lastavirus,Lastavirus lasta,,dsDNA,2843414,Lastavirus
Klebsiella pneumoniae,Duplodnaviria,Heunggongvirae,Uroviricota,Caudoviricetes,Caudoviricetes incertae sedis,Lastavirus,Lastavirus sopranogao,,dsDNA,2843414,Lastavirus
Klebsiella sp.,Duplodnaviria,Heunggongvirae,Uroviricota,Caudoviricetes,Caudoviricetes incertae sedis,Lastavirus,unclassified Lastavirus,,dsDNA,2843414,Lastavirus
Lactococcus lactis,Duplodnaviria,Heunggongvirae,Uroviricota,Caudoviricetes,Caudoviricetes incertae sedis,Questintvirus,unclassified Questintvirus,,dsDNA,2843441,Questintvirus
Lactococcus lactis,Duplodnaviria,Heunggongvirae,Uroviricota,Caudoviricetes,Caudoviricetes incertae sedis,Questintvirus,Questintvirus Q54,,dsDNA,2843441,Questintvirus
Bacillus subtilis subsp. subtilis str. 168,Duplodnaviria,Heunggongvirae,Uroviricota,Caudoviricetes,Caudoviricetes incertae sedis,Takahashivirus,Takahashivirus PBS1,,dsDNA,2843463,Takahashivirus
Bacillus subtilis,Duplodnaviria,Heunggongvirae,Uroviricota,Caudoviricetes,Caudoviricetes incertae sedis,Takahashivirus,Takahashivirus PBS1,,dsDNA,2843463,Takahashivirus
Bacillus pumilus,Duplodnaviria,Heunggongvirae,Uroviricota,Caudoviricetes,Caudoviricetes incertae sedis,Takahashivirus,unclassified Takahashivirus,,dsDNA,2843463,Takahashivirus
Bacillus,Duplodnaviria,Heunggongvirae,Uroviricota,Caudoviricetes,Caudoviricetes incertae sedis,Takahashivirus,unclassified Takahashivirus,,dsDNA,2843463,Takahashivirus
Bacillus subtilis,Duplodnaviria,Heunggongvirae,Uroviricota,Caudoviricetes,Caudoviricetes incertae sedis,Takahashivirus,unclassified Takahashivirus,,dsDNA,2843463,Takahashivirus
Klebsiella pneumoniae,Duplodnaviria,Heunggongvirae,Uroviricota,Caudoviricetes,Caudoviricetes incertae sedis,Casjensviridae,Yonseivirus,Yonseivirus N137,dsDNA,2843478,Yonseivirus
Bacteroides thetaiotaomicron VPI-5482,Duplodnaviria,Heunggongvirae,Uroviricota,Caudoviricetes,Crassvirales,Steigviridae,Asinivirinae,Wulfhauvirus,dsDNA,2942982,Wulfhauvirus
Escherichia,Duplodnaviria,Heunggongvirae,Uroviricota,Caudoviricetes,Caudoviricetes incertae sedis,Swiduovirus,Swiduovirus swi2,,dsDNA,2944849,Swiduovirus
Salmonella enterica subsp. enterica serovar Paratyphi A,Duplodnaviria,Heunggongvirae,Uroviricota,Caudoviricetes,Caudoviricetes incertae sedis,Swiduovirus,unclassified Swiduovirus,,dsDNA,2944849,Swiduovirus
Escherichia coli,Duplodnaviria,Heunggongvirae,Uroviricota,Caudoviricetes,Caudoviricetes incertae sedis,Deseoctovirus,Deseoctovirus C1,,dsDNA,2948678,Deseoctovirus
Escherichia coli,Duplodnaviria,Heunggongvirae,Uroviricota,Caudoviricetes,Caudoviricetes incertae sedis,Deseoctovirus,unclassified Deseoctovirus,,dsDNA,2948678,Deseoctovirus
Shigella flexneri,Duplodnaviria,Heunggongvirae,Uroviricota,Caudoviricetes,Caudoviricetes incertae sedis,Deseoctovirus,Deseoctovirus DS8,,dsDNA,2948678,Deseoctovirus
Pseudomonas aeruginosa,Duplodnaviria,Heunggongvirae,Uroviricota,Caudoviricetes,Caudoviricetes incertae sedis,Fredfastierviridae,Jamesmcgillvirus,Jamesmcgillvirus jv119X,dsDNA,2948768,Jamesmcgillvirus
Pseudomonas sp.,Duplodnaviria,Heunggongvirae,Uroviricota,Caudoviricetes,Caudoviricetes incertae sedis,Fredfastierviridae,Jamesmcgillvirus,unclassified Jamesmcgillvirus,dsDNA,2948768,Jamesmcgillvirus
Pseudomonas,Duplodnaviria,Heunggongvirae,Uroviricota,Caudoviricetes,Caudoviricetes incertae sedis,Fredfastierviridae,Jamesmcgillvirus,unclassified Jamesmcgillvirus,dsDNA,2948768,Jamesmcgillvirus
Campylobacter jejuni,Duplodnaviria,Heunggongvirae,Uroviricota,Caudoviricetes,Caudoviricetes incertae sedis,Justusliebigvirus,unclassified Justusliebigvirus,,dsDNA,2948775,Justusliebigvirus
Enterobacteriaceae,Duplodnaviria,Heunggongvirae,Uroviricota,Caudoviricetes,Caudoviricetes incertae sedis,Justusliebigvirus,unclassified Justusliebigvirus,,dsDNA,2948775,Justusliebigvirus
Escherichia coli str. K-12 substr. MG1655,Duplodnaviria,Heunggongvirae,Uroviricota,Caudoviricetes,Caudoviricetes incertae sedis,Justusliebigvirus,Justusliebigvirus alia,,dsDNA,2948775,Justusliebigvirus
Escherichia coli K-12,Duplodnaviria,Heunggongvirae,Uroviricota,Caudoviricetes,Caudoviricetes incertae sedis,Justusliebigvirus,unclassified Justusliebigvirus,,dsDNA,2948775,Justusliebigvirus
Escherichia coli str. K-12 substr. MG1655,Duplodnaviria,Heunggongvirae,Uroviricota,Caudoviricetes,Caudoviricetes incertae sedis,Justusliebigvirus,unclassified Justusliebigvirus,,dsDNA,2948775,Justusliebigvirus
Escherichia coli,Duplodnaviria,Heunggongvirae,Uroviricota,Caudoviricetes,Caudoviricetes incertae sedis,Justusliebigvirus,unclassified Justusliebigvirus,,dsDNA,2948775,Justusliebigvirus
Escherichia,Duplodnaviria,Heunggongvirae,Uroviricota,Caudoviricetes,Caudoviricetes incertae sedis,Justusliebigvirus,unclassified Justusliebigvirus,,dsDNA,2948775,Justusliebigvirus
Escherichia coli str. K-12 substr. MG1655,Duplodnaviria,Heunggongvirae,Uroviricota,Caudoviricetes,Caudoviricetes incertae sedis,Justusliebigvirus,Justusliebigvirus muut,,dsDNA,2948775,Justusliebigvirus
Escherichia coli,Duplodnaviria,Heunggongvirae,Uroviricota,Caudoviricetes,Caudoviricetes incertae sedis,Justusliebigvirus,Justusliebigvirus phi92,,dsDNA,2948775,Justusliebigvirus
Escherichia sp.,Duplodnaviria,Heunggongvirae,Uroviricota,Caudoviricetes,Caudoviricetes incertae sedis,Justusliebigvirus,unclassified Justusliebigvirus,,dsDNA,2948775,Justusliebigvirus
Escherichia coli DH5[alpha],Duplodnaviria,Heunggongvirae,Uroviricota,Caudoviricetes,Caudoviricetes incertae sedis,Justusliebigvirus,unclassified Justusliebigvirus,,dsDNA,2948775,Justusliebigvirus
Escherichia,Duplodnaviria,Heunggongvirae,Uroviricota,Caudoviricetes,Caudoviricetes incertae sedis,Justusliebigvirus,Justusliebigvirus PHB05,,dsDNA,2948775,Justusliebigvirus
Escherichia coli,Duplodnaviria,Heunggongvirae,Uroviricota,Caudoviricetes,Caudoviricetes incertae sedis,Justusliebigvirus,Justusliebigvirus PD06,,dsDNA,2948775,Justusliebigvirus
Escherichia coli,Duplodnaviria,Heunggongvirae,Uroviricota,Caudoviricetes,Caudoviricetes incertae sedis,Justusliebigvirus,Justusliebigvirus VEcB,,dsDNA,2948775,Justusliebigvirus
Escherichia coli,Duplodnaviria,Heunggongvirae,Uroviricota,Caudoviricetes,Caudoviricetes incertae sedis,Justusliebigvirus,,,dsDNA,2948775,Justusliebigvirus
Klebsiella pneumoniae,Duplodnaviria,Heunggongvirae,Uroviricota,Caudoviricetes,Caudoviricetes incertae sedis,Justusliebigvirus,unclassified Justusliebigvirus,,dsDNA,2948775,Justusliebigvirus
Salmonella enterica subsp. enterica serovar Typhimurium,Duplodnaviria,Heunggongvirae,Uroviricota,Caudoviricetes,Caudoviricetes incertae sedis,Justusliebigvirus,unclassified Justusliebigvirus,,dsDNA,2948775,Justusliebigvirus
Serratia fonticola,Duplodnaviria,Heunggongvirae,Uroviricota,Caudoviricetes,Caudoviricetes incertae sedis,Justusliebigvirus,unclassified Justusliebigvirus,,dsDNA,2948775,Justusliebigvirus
Salmonella enterica subsp. enterica serovar Typhimurium,Duplodnaviria,Heunggongvirae,Uroviricota,Caudoviricetes,Caudoviricetes incertae sedis,Segzyvirus,Segzyvirus LPSTLL,,dsDNA,2948900,Segzyvirus
Salmonella enterica,Duplodnaviria,Heunggongvirae,Uroviricota,Caudoviricetes,Caudoviricetes incertae sedis,Segzyvirus,Segzyvirus segz1,,dsDNA,2948900,Segzyvirus
Klebsiella pneumoniae,Duplodnaviria,Heunggongvirae,Uroviricota,Caudoviricetes,Caudoviricetes incertae sedis,Shuimuvirus,Shuimuvirus IME207,,dsDNA,2948906,Shuimuvirus
Salmonella enterica subsp. enterica serovar Typhimurium,Duplodnaviria,Heunggongvirae,Uroviricota,Caudoviricetes,Caudoviricetes incertae sedis,Skatevirus,unclassified Skatevirus,,dsDNA,2948910,Skatevirus
Salmonella enterica subsp. enterica serovar Dublin,Duplodnaviria,Heunggongvirae,Uroviricota,Caudoviricetes,Caudoviricetes incertae sedis,Skatevirus,unclassified Skatevirus,,dsDNA,2948910,Skatevirus
Salmonella sp.,Duplodnaviria,Heunggongvirae,Uroviricota,Caudoviricetes,Caudoviricetes incertae sedis,Skatevirus,unclassified Skatevirus,,dsDNA,2948910,Skatevirus
Salmonella enterica subsp. enterica serovar Typhimurium str. ATCC 14028,Duplodnaviria,Heunggongvirae,Uroviricota,Caudoviricetes,Caudoviricetes incertae sedis,Skatevirus,Skatevirus LPST10,,dsDNA,2948910,Skatevirus
Salmonella enterica,Duplodnaviria,Heunggongvirae,Uroviricota,Caudoviricetes,Caudoviricetes incertae sedis,Skatevirus,Skatevirus SeSz2,,dsDNA,2948910,Skatevirus
Salmonella enterica,Duplodnaviria,Heunggongvirae,Uroviricota,Caudoviricetes,Caudoviricetes incertae sedis,Skatevirus,Skatevirus Seszw1,,dsDNA,2948910,Skatevirus
Salmonella enterica,Duplodnaviria,Heunggongvirae,Uroviricota,Caudoviricetes,Caudoviricetes incertae sedis,Skatevirus,unclassified Skatevirus,,dsDNA,2948910,Skatevirus
Salmonella enterica subsp. enterica serovar Typhimurium,Duplodnaviria,Heunggongvirae,Uroviricota,Caudoviricetes,Caudoviricetes incertae sedis,Skatevirus,Skatevirus skate,,dsDNA,2948910,Skatevirus
Salmonella enterica subsp. enterica,Duplodnaviria,Heunggongvirae,Uroviricota,Caudoviricetes,Caudoviricetes incertae sedis,Skatevirus,unclassified Skatevirus,,dsDNA,2948910,Skatevirus
Salmonella sp.,Duplodnaviria,Heunggongvirae,Uroviricota,Caudoviricetes,Caudoviricetes incertae sedis,Skatevirus,Skatevirus BS5,,dsDNA,2948910,Skatevirus
Salmonella enterica subsp. enterica serovar Enteritidis,Duplodnaviria,Heunggongvirae,Uroviricota,Caudoviricetes,Caudoviricetes incertae sedis,Skatevirus,Skatevirus KFSSE2,,dsDNA,2948910,Skatevirus
Salmonella enterica subsp. enterica serovar Typhimurium,Duplodnaviria,Heunggongvirae,Uroviricota,Caudoviricetes,Caudoviricetes incertae sedis,Skatevirus,Skatevirus VSt472,,dsDNA,2948910,Skatevirus
Salmonella enterica subsp. enterica serovar Albany,Duplodnaviria,Heunggongvirae,Uroviricota,Caudoviricetes,Caudoviricetes incertae sedis,Schitoviridae,Triduovirus,Triduovirus Tr2,dsDNA,2948933,Triduovirus
,Monodnaviria,Shotokuvirae,Cressdnaviricota,Arfiviricetes,Rohanvirales,Nenyaviridae,Valinorvirus,,,2948943,Valinorvirus
Stenotrophomonas maltophilia,Duplodnaviria,Heunggongvirae,Uroviricota,Caudoviricetes,Caudoviricetes incertae sedis,Axeltriavirus,Axeltriavirus AXL3,,dsDNA,3044667,Axeltriavirus
Enterobacter cloacae,Duplodnaviria,Heunggongvirae,Uroviricota,Caudoviricetes,Caudoviricetes incertae sedis,Cobrasixvirus,Cobrasixvirus cobrasix,,dsDNA,3044690,Cobrasixvirus
Shigella flexneri,Duplodnaviria,Heunggongvirae,Uroviricota,Caudoviricetes,Caudoviricetes incertae sedis,Schitoviridae,Enquatrovirinae,Moovirus,dsDNA,3044769,Moovirus
Arthrobacter globiformis,Duplodnaviria,Heunggongvirae,Uroviricota,Caudoviricetes,Caudoviricetes incertae sedis,Quivirus,Quivirus qui,,dsDNA,3044799,Quivirus
Klebsiella pneumoniae,Duplodnaviria,Heunggongvirae,Uroviricota,Caudoviricetes,Caudoviricetes incertae sedis,Bimevirus,Bimevirus bv1611EK21,,dsDNA,3152907,Bimevirus
Klebsiella pneumoniae,Duplodnaviria,Heunggongvirae,Uroviricota,Caudoviricetes,Caudoviricetes incertae sedis,Bimevirus,Bimevirus KB2,,dsDNA,3152907,Bimevirus
Klebsiella,Duplodnaviria,Heunggongvirae,Uroviricota,Caudoviricetes,Caudoviricetes incertae sedis,Bimevirus,Bimevirus IME346,,dsDNA,3152907,Bimevirus
Klebsiella pneumoniae,Duplodnaviria,Heunggongvirae,Uroviricota,Caudoviricetes,Caudoviricetes incertae sedis,Geezettvirus,Geezettvirus geezett,,dsDNA,3152909,Geezettvirus
Anopheles gambiae,Riboviria,Orthornavirae,Pisuviricota,Pisoniviricetes,Picornavirales,Dicistroviridae,Cripavirus,unclassified Cripavirus,,144051,Cripavirus
Anopheles dirus,Riboviria,Orthornavirae,Pisuviricota,Pisoniviricetes,Picornavirales,Dicistroviridae,Cripavirus,unclassified Cripavirus,,144051,Cripavirus
Anopheles coluzzii,Riboviria,Orthornavirae,Pisuviricota,Pisoniviricetes,Picornavirales,Dicistroviridae,Cripavirus,unclassified Cripavirus,,144051,Cripavirus
Aphis,Riboviria,Orthornavirae,Pisuviricota,Pisoniviricetes,Picornavirales,Dicistroviridae,Cripavirus,Cripavirus mortiferum,,144051,Cripavirus
Aphis glycines,Riboviria,Orthornavirae,Pisuviricota,Pisoniviricetes,Picornavirales,Dicistroviridae,Cripavirus,unclassified Cripavirus,,144051,Cripavirus
Teleogryllus oceanicus,Riboviria,Orthornavirae,Pisuviricota,Pisoniviricetes,Picornavirales,Dicistroviridae,Cripavirus,Cripavirus grylli,,144051,Cripavirus
Pipistrellus pipistrellus,Riboviria,Orthornavirae,Pisuviricota,Pisoniviricetes,Picornavirales,Dicistroviridae,Cripavirus,unclassified Cripavirus,,144051,Cripavirus
Drosophila melanogaster,Riboviria,Orthornavirae,Pisuviricota,Pisoniviricetes,Picornavirales,Dicistroviridae,Cripavirus,Cripavirus drosophilae,,144051,Cripavirus
Schizaphis graminum,Riboviria,Orthornavirae,Pisuviricota,Pisoniviricetes,Picornavirales,Dicistroviridae,Cripavirus,Cripavirus ropadi,,144051,Cripavirus
Rhopalosiphum padi,Riboviria,Orthornavirae,Pisuviricota,Pisoniviricetes,Picornavirales,Dicistroviridae,Cripavirus,Cripavirus ropadi,,144051,Cripavirus
Rhopalosiphum rufiabdominalis,Riboviria,Orthornavirae,Pisuviricota,Pisoniviricetes,Picornavirales,Dicistroviridae,Cripavirus,Cripavirus ropadi,,144051,Cripavirus
Solenopsis invicta,Riboviria,Orthornavirae,Pisuviricota,Pisoniviricetes,Picornavirales,Dicistroviridae,Cripavirus,Cripavirus porteri,,144051,Cripavirus
Ectocarpus siliculosus,Varidnaviria,Bamfordvirae,Nucleocytoviricota,Megaviricetes,Algavirales,Phycodnaviridae,Phaeovirus,Phaeovirus unasiliculosus,,181085,Phaeovirus
Feldmannia,Varidnaviria,Bamfordvirae,Nucleocytoviricota,Megaviricetes,Algavirales,Phycodnaviridae,Phaeovirus,Phaeovirus feldmanniae,,181085,Phaeovirus
Felis catus,Monodnaviria,Shotokuvirae,Cossaviricota,Quintoviricetes,Piccovirales,Parvoviridae,Parvovirinae,Protoparvovirus,,1506574,Protoparvovirus
Vulpes vulpes,Monodnaviria,Shotokuvirae,Cossaviricota,Quintoviricetes,Piccovirales,Parvoviridae,Parvovirinae,Protoparvovirus,,1506574,Protoparvovirus
Rodentia,Monodnaviria,Shotokuvirae,Cossaviricota,Quintoviricetes,Piccovirales,Parvoviridae,Parvovirinae,Protoparvovirus,,1506574,Protoparvovirus
Pteropus vampyrus,Monodnaviria,Shotokuvirae,Cossaviricota,Quintoviricetes,Piccovirales,Parvoviridae,Parvovirinae,Protoparvovirus,,1506574,Protoparvovirus
Mus,Monodnaviria,Shotokuvirae,Cossaviricota,Quintoviricetes,Piccovirales,Parvoviridae,Parvovirinae,Protoparvovirus,,1506574,Protoparvovirus
Crocidura hirta,Monodnaviria,Shotokuvirae,Cossaviricota,Quintoviricetes,Piccovirales,Parvoviridae,Parvovirinae,Protoparvovirus,,1506574,Protoparvovirus
Rattus,Monodnaviria,Shotokuvirae,Cossaviricota,Quintoviricetes,Piccovirales,Parvoviridae,Parvovirinae,Protoparvovirus,,1506574,Protoparvovirus
Salmonella enterica,Duplodnaviria,Heunggongvirae,Uroviricota,Caudoviricetes,Caudoviricetes incertae sedis,Casjensviridae,Chivirus,,dsDNA,1623283,Chivirus
Enterobacter sp.,Duplodnaviria,Heunggongvirae,Uroviricota,Caudoviricetes,Caudoviricetes incertae sedis,Casjensviridae,Chivirus,unclassified Chivirus,dsDNA,1623283,Chivirus
Escherichia coli,Duplodnaviria,Heunggongvirae,Uroviricota,Caudoviricetes,Caudoviricetes incertae sedis,Casjensviridae,Chivirus,unclassified Chivirus,dsDNA,1623283,Chivirus
Klebsiella aerogenes,Duplodnaviria,Heunggongvirae,Uroviricota,Caudoviricetes,Caudoviricetes incertae sedis,Casjensviridae,Chivirus,unclassified Chivirus,dsDNA,1623283,Chivirus
Salmonella enterica subsp. enterica serovar Gallinarum,Duplodnaviria,Heunggongvirae,Uroviricota,Caudoviricetes,Caudoviricetes incertae sedis,Casjensviridae,Chivirus,Chivirus cv35,dsDNA,1623283,Chivirus
Salmonella enterica subsp. enterica serovar Paratyphi A,Duplodnaviria,Heunggongvirae,Uroviricota,Caudoviricetes,Caudoviricetes incertae sedis,Casjensviridae,Chivirus,Chivirus cv37,dsDNA,1623283,Chivirus
Salmonella enterica subsp. enterica serovar Paratyphi B,Duplodnaviria,Heunggongvirae,Uroviricota,Caudoviricetes,Caudoviricetes incertae sedis,Casjensviridae,Chivirus,Chivirus cv37,dsDNA,1623283,Chivirus
Salmonella enterica subsp. enterica serovar Typhi,Duplodnaviria,Heunggongvirae,Uroviricota,Caudoviricetes,Caudoviricetes incertae sedis,Casjensviridae,Chivirus,Chivirus cv37,dsDNA,1623283,Chivirus
Salmonella enterica subsp. enterica serovar Enteritidis,Duplodnaviria,Heunggongvirae,Uroviricota,Caudoviricetes,Caudoviricetes incertae sedis,Casjensviridae,Chivirus,Chivirus cv37,dsDNA,1623283,Chivirus
Salmonella enterica subsp. enterica serovar Typhimurium str. DT104,Duplodnaviria,Heunggongvirae,Uroviricota,Caudoviricetes,Caudoviricetes incertae sedis,Casjensviridae,Chivirus,Chivirus BSPM4,dsDNA,1623283,Chivirus
Salmonella enterica subsp. enterica serovar Typhimurium,Duplodnaviria,Heunggongvirae,Uroviricota,Caudoviricetes,Caudoviricetes incertae sedis,Casjensviridae,Chivirus,Chivirus BSPM4,dsDNA,1623283,Chivirus
Salmonella enterica subsp. enterica serovar Typhimurium str. LT2,Duplodnaviria,Heunggongvirae,Uroviricota,Caudoviricetes,Caudoviricetes incertae sedis,Casjensviridae,Chivirus,Chivirus BSPM4,dsDNA,1623283,Chivirus
Salmonella enterica subsp. enterica serovar Typhimurium str. SL1344,Duplodnaviria,Heunggongvirae,Uroviricota,Caudoviricetes,Caudoviricetes incertae sedis,Casjensviridae,Chivirus,Chivirus BSPM4,dsDNA,1623283,Chivirus
Salmonella enterica subsp. enterica serovar Typhimurium str. ATCC 14028,Duplodnaviria,Heunggongvirae,Uroviricota,Caudoviricetes,Caudoviricetes incertae sedis,Casjensviridae,Chivirus,Chivirus BSPM4,dsDNA,1623283,Chivirus
Salmonella enterica subsp. enterica serovar Dublin,Duplodnaviria,Heunggongvirae,Uroviricota,Caudoviricetes,Caudoviricetes incertae sedis,Casjensviridae,Chivirus,Chivirus FSLSP030,dsDNA,1623283,Chivirus
Salmonella enterica subsp. enterica serovar Cerro,Duplodnaviria,Heunggongvirae,Uroviricota,Caudoviricetes,Caudoviricetes incertae sedis,Casjensviridae,Chivirus,Chivirus FSLSP030,dsDNA,1623283,Chivirus
Salmonella sp.,Duplodnaviria,Heunggongvirae,Uroviricota,Caudoviricetes,Caudoviricetes incertae sedis,Casjensviridae,Chivirus,unclassified Chivirus,dsDNA,1623283,Chivirus
Salmonella,Duplodnaviria,Heunggongvirae,Uroviricota,Caudoviricetes,Caudoviricetes incertae sedis,Casjensviridae,Chivirus,unclassified Chivirus,dsDNA,1623283,Chivirus
Salmonella enterica subsp. enterica serovar Newport,Duplodnaviria,Heunggongvirae,Uroviricota,Caudoviricetes,Caudoviricetes incertae sedis,Casjensviridae,Chivirus,Chivirus FSLSP030,dsDNA,1623283,Chivirus
Salmonella enterica subsp. enterica serovar Thompson,Duplodnaviria,Heunggongvirae,Uroviricota,Caudoviricetes,Caudoviricetes incertae sedis,Casjensviridae,Chivirus,unclassified Chivirus,dsDNA,1623283,Chivirus
Klebsiella pneumoniae,Duplodnaviria,Heunggongvirae,Uroviricota,Caudoviricetes,Caudoviricetes incertae sedis,Casjensviridae,Chivirus,Chivirus KpYy141,dsDNA,1623283,Chivirus
Lacticaseibacillus casei,Duplodnaviria,Heunggongvirae,Uroviricota,Caudoviricetes,Caudoviricetes incertae sedis,Coetzeevirus,unclassified Coetzeevirus,,dsDNA,1623300,Coetzeevirus
Lactiplantibacillus plantarum,Duplodnaviria,Heunggongvirae,Uroviricota,Caudoviricetes,Caudoviricetes incertae sedis,Coetzeevirus,Coetzeevirus ATCC8014,,dsDNA,1623300,Coetzeevirus
Lactobacillus,Duplodnaviria,Heunggongvirae,Uroviricota,Caudoviricetes,Caudoviricetes incertae sedis,Coetzeevirus,unclassified Coetzeevirus,,dsDNA,1623300,Coetzeevirus
Lactobacillus,Duplodnaviria,Heunggongvirae,Uroviricota,Caudoviricetes,Caudoviricetes incertae sedis,Coetzeevirus,Coetzeevirus JL1,,dsDNA,1623300,Coetzeevirus
Lactiplantibacillus plantarum,Duplodnaviria,Heunggongvirae,Uroviricota,Caudoviricetes,Caudoviricetes incertae sedis,Coetzeevirus,unclassified Coetzeevirus,,dsDNA,1623300,Coetzeevirus
Pediococcus,Duplodnaviria,Heunggongvirae,Uroviricota,Caudoviricetes,Caudoviricetes incertae sedis,Coetzeevirus,Coetzeevirus cIP1,,dsDNA,1623300,Coetzeevirus
Pseudomonas aeruginosa,Duplodnaviria,Heunggongvirae,Uroviricota,Caudoviricetes,Caudoviricetes incertae sedis,Nipunavirus,Nipunavirus quinobequin,Nipunavirus NP1,dsDNA,1982239,Nipunavirus
Pseudomonas aeruginosa,Duplodnaviria,Heunggongvirae,Uroviricota,Caudoviricetes,Caudoviricetes incertae sedis,Nipunavirus,Nipunavirus JG054,,dsDNA,1982239,Nipunavirus
Pseudomonas,Duplodnaviria,Heunggongvirae,Uroviricota,Caudoviricetes,Caudoviricetes incertae sedis,Nipunavirus,Nipunavirus quinobequin,Nipunavirus NP1,dsDNA,1982239,Nipunavirus
Pseudomonas aeruginosa,Duplodnaviria,Heunggongvirae,Uroviricota,Caudoviricetes,Caudoviricetes incertae sedis,Nipunavirus,Nipunavirus PaMx25,,dsDNA,1982239,Nipunavirus
Pseudomonas aeruginosa PA14,Duplodnaviria,Heunggongvirae,Uroviricota,Caudoviricetes,Caudoviricetes incertae sedis,Nipunavirus,unclassified Nipunavirus,,dsDNA,1982239,Nipunavirus
Pseudomonas aeruginosa,Duplodnaviria,Heunggongvirae,Uroviricota,Caudoviricetes,Caudoviricetes incertae sedis,Nipunavirus,unclassified Nipunavirus,,dsDNA,1982239,Nipunavirus
Pseudomonas aeruginosa UCBPP-PA14,Duplodnaviria,Heunggongvirae,Uroviricota,Caudoviricetes,Caudoviricetes incertae sedis,Nipunavirus,Nipunavirus quinobequin,Nipunavirus NP1,dsDNA,1982239,Nipunavirus
Pseudomonas aeruginosa PAO1,Duplodnaviria,Heunggongvirae,Uroviricota,Caudoviricetes,Caudoviricetes incertae sedis,Nipunavirus,Nipunavirus PAJD1,,dsDNA,1982239,Nipunavirus
Xanthomonas arboricola pv. juglandis,Duplodnaviria,Heunggongvirae,Uroviricota,Caudoviricetes,Caudoviricetes incertae sedis,Nipunavirus,Nipunavirus Doca3,,dsDNA,1982239,Nipunavirus
Artemisia carvifolia,Monodnaviria,Shotokuvirae,Cressdnaviricota,Repensiviricetes,Geplafuvirales,Genomoviridae,Gemyduguivirus,Gemyduguivirus arteca1,,1985365,Gemyduguivirus
Bemisia tabaci,Monodnaviria,Shotokuvirae,Cressdnaviricota,Repensiviricetes,Geplafuvirales,Genomoviridae,Gemyduguivirus,Gemyduguivirus bemta1,,1985365,Gemyduguivirus
Austrosimulium,Monodnaviria,Shotokuvirae,Cressdnaviricota,Repensiviricetes,Geplafuvirales,Genomoviridae,Gemyduguivirus,Gemyduguivirus austo1,,1985365,Gemyduguivirus
root,Monodnaviria,Shotokuvirae,Cressdnaviricota,Repensiviricetes,Geplafuvirales,Genomoviridae,Gemyduguivirus,Gemyduguivirus hydro1,,1985365,Gemyduguivirus
Pantala flavescens,Monodnaviria,Shotokuvirae,Cressdnaviricota,Repensiviricetes,Geplafuvirales,Genomoviridae,Gemyduguivirus,Gemyduguivirus draga1,,1985365,Gemyduguivirus
Macroptilium,Monodnaviria,Shotokuvirae,Cressdnaviricota,Repensiviricetes,Geplafuvirales,Genomoviridae,Gemyduguivirus,Gemyduguivirus macra1,,1985365,Gemyduguivirus
Apocynaceae,Monodnaviria,Shotokuvirae,Cressdnaviricota,Repensiviricetes,Geplafuvirales,Genomoviridae,Gemyduguivirus,Gemyduguivirus merre1,,1985365,Gemyduguivirus
Erwinia,Duplodnaviria,Heunggongvirae,Uroviricota,Caudoviricetes,Caudoviricetes incertae sedis,Feofaniavirus,Feofaniavirus Eho49,,dsDNA,2733174,Feofaniavirus
Erwinia horticola,Duplodnaviria,Heunggongvirae,Uroviricota,Caudoviricetes,Caudoviricetes incertae sedis,Feofaniavirus,Feofaniavirus Eho49,,dsDNA,2733174,Feofaniavirus
Erwinia,Duplodnaviria,Heunggongvirae,Uroviricota,Caudoviricetes,Caudoviricetes incertae sedis,Feofaniavirus,Feofaniavirus Eho59,,dsDNA,2733174,Feofaniavirus
Erwinia horticola,Duplodnaviria,Heunggongvirae,Uroviricota,Caudoviricetes,Caudoviricetes incertae sedis,Feofaniavirus,Feofaniavirus Eho59,,dsDNA,2733174,Feofaniavirus
Vermamoeba vermiformis,Varidnaviria,Bamfordvirae,Nucleocytoviricota,Megaviricetes,Imitervirales,Mimiviridae,Klosneuvirinae,Fadolivirus,,2763561,Fadolivirus
root,Riboviria,Orthornavirae,Lenarviricota,Leviviricetes,Timlovirales,Steitzviridae,Adahmuvirus,Adahmuvirus asiocola,+ssRNA,2842361,Adahmuvirus
Vibrio cholerae,Duplodnaviria,Heunggongvirae,Uroviricota,Caudoviricetes,Caudoviricetes incertae sedis,Zobellviridae,Icepovirus,Icepovirus bengalense,dsDNA,2842751,Icepovirus
Vibrio cholerae O1 biovar El Tor,Duplodnaviria,Heunggongvirae,Uroviricota,Caudoviricetes,Caudoviricetes incertae sedis,Zobellviridae,Icepovirus,Icepovirus bengalense,dsDNA,2842751,Icepovirus
Vibrio cholerae O1,Duplodnaviria,Heunggongvirae,Uroviricota,Caudoviricetes,Caudoviricetes incertae sedis,Zobellviridae,Icepovirus,unclassified Icepovirus,dsDNA,2842751,Icepovirus
Vibrio,Duplodnaviria,Heunggongvirae,Uroviricota,Caudoviricetes,Caudoviricetes incertae sedis,Zobellviridae,Icepovirus,unclassified Icepovirus,dsDNA,2842751,Icepovirus
root,Riboviria,Orthornavirae,Lenarviricota,Leviviricetes,Timlovirales,Steitzviridae,Limaivirus,Limaivirus borborocola,+ssRNA,2842826,Limaivirus
Erwinia pyrifoliae,Duplodnaviria,Heunggongvirae,Uroviricota,Caudoviricetes,Caudoviricetes incertae sedis,Schitoviridae,Erskinevirinae,Yonginvirus,dsDNA,2843155,Yonginvirus
Flavobacterium sp. LMO6,Duplodnaviria,Heunggongvirae,Uroviricota,Caudoviricetes,Caudoviricetes incertae sedis,Duneviridae,Labanvirus,Labanvirus laban,dsDNA,2843408,Labanvirus
Erwinia pyrifoliae,Duplodnaviria,Heunggongvirae,Uroviricota,Caudoviricetes,Caudoviricetes incertae sedis,Casjensviridae,Gwanakrovirus,Gwanakrovirus SNUABM08,dsDNA,2943008,Gwanakrovirus
Synechococcus sp.,Duplodnaviria,Heunggongvirae,Uroviricota,Caudoviricetes,Caudoviricetes incertae sedis,Casjensviridae,Sessunavirus,Sessunavirus SESS1,dsDNA,2943018,Sessunavirus
root,Duplodnaviria,Heunggongvirae,Uroviricota,Caudoviricetes,Caudoviricetes incertae sedis,Peduoviridae,Bracchivirus,Bracchivirus U2F1,dsDNA,2946835,Bracchivirus
Mycolicibacterium smegmatis,Duplodnaviria,Heunggongvirae,Uroviricota,Caudoviricetes,Caudoviricetes incertae sedis,Vilmaviridae,Lclasvirinae,Faithunavirus,dsDNA,2948705,Faithunavirus
Mycolicibacterium smegmatis,Duplodnaviria,Heunggongvirae,Uroviricota,Caudoviricetes,Caudoviricetes incertae sedis,Veracruzvirus,unclassified Veracruzvirus,,dsDNA,2948946,Veracruzvirus
Mycobacterium,Duplodnaviria,Heunggongvirae,Uroviricota,Caudoviricetes,Caudoviricetes incertae sedis,Veracruzvirus,unclassified Veracruzvirus,,dsDNA,2948946,Veracruzvirus
Mycolicibacterium smegmatis MC2 155,Duplodnaviria,Heunggongvirae,Uroviricota,Caudoviricetes,Caudoviricetes incertae sedis,Veracruzvirus,Veracruzvirus babyboy,,dsDNA,2948946,Veracruzvirus
Mycobacterium,Duplodnaviria,Heunggongvirae,Uroviricota,Caudoviricetes,Caudoviricetes incertae sedis,Veracruzvirus,Veracruzvirus BTCU1,,dsDNA,2948946,Veracruzvirus
Mycolicibacterium smegmatis MC2 155,Duplodnaviria,Heunggongvirae,Uroviricota,Caudoviricetes,Caudoviricetes incertae sedis,Veracruzvirus,unclassified Veracruzvirus,,dsDNA,2948946,Veracruzvirus
Mycobacterium,Duplodnaviria,Heunggongvirae,Uroviricota,Caudoviricetes,Caudoviricetes incertae sedis,Veracruzvirus,Veracruzvirus heldan,,dsDNA,2948946,Veracruzvirus
Mycolicibacterium smegmatis MC2 155,Duplodnaviria,Heunggongvirae,Uroviricota,Caudoviricetes,Caudoviricetes incertae sedis,Veracruzvirus,Veracruzvirus heldan,,dsDNA,2948946,Veracruzvirus
Mycobacteroides abscessus,Duplodnaviria,Heunggongvirae,Uroviricota,Caudoviricetes,Caudoviricetes incertae sedis,Veracruzvirus,Veracruzvirus rockstar,,dsDNA,2948946,Veracruzvirus
Mycobacterium,Duplodnaviria,Heunggongvirae,Uroviricota,Caudoviricetes,Caudoviricetes incertae sedis,Veracruzvirus,Veracruzvirus MA5,,dsDNA,2948946,Veracruzvirus
Mycobacterium,Duplodnaviria,Heunggongvirae,Uroviricota,Caudoviricetes,Caudoviricetes incertae sedis,Veracruzvirus,Veracruzvirus rockstar,,dsDNA,2948946,Veracruzvirus
Mycolicibacterium smegmatis MC2 155,Duplodnaviria,Heunggongvirae,Uroviricota,Caudoviricetes,Caudoviricetes incertae sedis,Veracruzvirus,Veracruzvirus phantastic,,dsDNA,2948946,Veracruzvirus
Mycolicibacterium phlei,Duplodnaviria,Heunggongvirae,Uroviricota,Caudoviricetes,Caudoviricetes incertae sedis,Veracruzvirus,Veracruzvirus pistachio,,dsDNA,2948946,Veracruzvirus
Mycolicibacterium phlei,Duplodnaviria,Heunggongvirae,Uroviricota,Caudoviricetes,Caudoviricetes incertae sedis,Veracruzvirus,unclassified Veracruzvirus,,dsDNA,2948946,Veracruzvirus
Mycolicibacterium smegmatis MC2 155,Duplodnaviria,Heunggongvirae,Uroviricota,Caudoviricetes,Caudoviricetes incertae sedis,Veracruzvirus,Veracruzvirus rockstar,,dsDNA,2948946,Veracruzvirus
Mycobacterium,Duplodnaviria,Heunggongvirae,Uroviricota,Caudoviricetes,Caudoviricetes incertae sedis,Veracruzvirus,Veracruzvirus veracruz,,dsDNA,2948946,Veracruzvirus
Klebsiella pneumoniae,Duplodnaviria,Heunggongvirae,Uroviricota,Caudoviricetes,Caudoviricetes incertae sedis,Carvajevirus,Carvajevirus carvaje,,dsDNA,3044683,Carvajevirus
Actinoplanes sp. SN223/29,Duplodnaviria,Heunggongvirae,Uroviricota,Caudoviricetes,Caudoviricetes incertae sedis,Aspduovirus,Aspduovirus Asp2,,dsDNA,3153070,Aspduovirus
Klebsiella,Duplodnaviria,Heunggongvirae,Uroviricota,Caudoviricetes,Caudoviricetes incertae sedis,Drexlerviridae,Tempevirinae,Peekayseptimavirus,dsDNA,3153273,Peekayseptimavirus
Camelus,Varidnaviria,Bamfordvirae,Nucleocytoviricota,Pokkesviricetes,Chitovirales,Poxviridae,Chordopoxvirinae,Orthopoxvirus,,10242,Orthopoxvirus
Callithrix jacchus,Varidnaviria,Bamfordvirae,Nucleocytoviricota,Pokkesviricetes,Chitovirales,Poxviridae,Chordopoxvirinae,Orthopoxvirus,,10242,Orthopoxvirus
Canis lupus familiaris,Varidnaviria,Bamfordvirae,Nucleocytoviricota,Pokkesviricetes,Chitovirales,Poxviridae,Chordopoxvirinae,Orthopoxvirus,,10242,Orthopoxvirus
Ailurus fulgens,Varidnaviria,Bamfordvirae,Nucleocytoviricota,Pokkesviricetes,Chitovirales,Poxviridae,Chordopoxvirinae,Orthopoxvirus,,10242,Orthopoxvirus
Felis silvestris,Varidnaviria,Bamfordvirae,Nucleocytoviricota,Pokkesviricetes,Chitovirales,Poxviridae,Chordopoxvirinae,Orthopoxvirus,,10242,Orthopoxvirus
Felis catus,Varidnaviria,Bamfordvirae,Nucleocytoviricota,Pokkesviricetes,Chitovirales,Poxviridae,Chordopoxvirinae,Orthopoxvirus,,10242,Orthopoxvirus
Panthera leo,Varidnaviria,Bamfordvirae,Nucleocytoviricota,Pokkesviricetes,Chitovirales,Poxviridae,Chordopoxvirinae,Orthopoxvirus,,10242,Orthopoxvirus
Panthera onca,Varidnaviria,Bamfordvirae,Nucleocytoviricota,Pokkesviricetes,Chitovirales,Poxviridae,Chordopoxvirinae,Orthopoxvirus,,10242,Orthopoxvirus
Panthera pardus,Varidnaviria,Bamfordvirae,Nucleocytoviricota,Pokkesviricetes,Chitovirales,Poxviridae,Chordopoxvirinae,Orthopoxvirus,,10242,Orthopoxvirus
Puma concolor,Varidnaviria,Bamfordvirae,Nucleocytoviricota,Pokkesviricetes,Chitovirales,Poxviridae,Chordopoxvirinae,Orthopoxvirus,,10242,Orthopoxvirus
Elephas maximus,Varidnaviria,Bamfordvirae,Nucleocytoviricota,Pokkesviricetes,Chitovirales,Poxviridae,Chordopoxvirinae,Orthopoxvirus,,10242,Orthopoxvirus
Loxodonta africana,Varidnaviria,Bamfordvirae,Nucleocytoviricota,Pokkesviricetes,Chitovirales,Poxviridae,Chordopoxvirinae,Orthopoxvirus,,10242,Orthopoxvirus
Equus caballus,Varidnaviria,Bamfordvirae,Nucleocytoviricota,Pokkesviricetes,Chitovirales,Poxviridae,Chordopoxvirinae,Orthopoxvirus,,10242,Orthopoxvirus
Tapirus indicus,Varidnaviria,Bamfordvirae,Nucleocytoviricota,Pokkesviricetes,Chitovirales,Poxviridae,Chordopoxvirinae,Orthopoxvirus,,10242,Orthopoxvirus
Diceros bicornis,Varidnaviria,Bamfordvirae,Nucleocytoviricota,Pokkesviricetes,Chitovirales,Poxviridae,Chordopoxvirinae,Orthopoxvirus,,10242,Orthopoxvirus
Apodemus sylvaticus,Varidnaviria,Bamfordvirae,Nucleocytoviricota,Pokkesviricetes,Chitovirales,Poxviridae,Chordopoxvirinae,Orthopoxvirus,,10242,Orthopoxvirus
Castor fiber,Varidnaviria,Bamfordvirae,Nucleocytoviricota,Pokkesviricetes,Chitovirales,Poxviridae,Chordopoxvirinae,Orthopoxvirus,,10242,Orthopoxvirus
Microtus agrestis,Varidnaviria,Bamfordvirae,Nucleocytoviricota,Pokkesviricetes,Chitovirales,Poxviridae,Chordopoxvirinae,Orthopoxvirus,,10242,Orthopoxvirus
Acinonyx jubatus,Varidnaviria,Bamfordvirae,Nucleocytoviricota,Pokkesviricetes,Chitovirales,Poxviridae,Chordopoxvirinae,Orthopoxvirus,,10242,Orthopoxvirus
Leopardus pardalis,Varidnaviria,Bamfordvirae,Nucleocytoviricota,Pokkesviricetes,Chitovirales,Poxviridae,Chordopoxvirinae,Orthopoxvirus,,10242,Orthopoxvirus
Sorex araneus,Varidnaviria,Bamfordvirae,Nucleocytoviricota,Pokkesviricetes,Chitovirales,Poxviridae,Chordopoxvirinae,Orthopoxvirus,,10242,Orthopoxvirus
Ceratotherium simum simum,Varidnaviria,Bamfordvirae,Nucleocytoviricota,Pokkesviricetes,Chitovirales,Poxviridae,Chordopoxvirinae,Orthopoxvirus,,10242,Orthopoxvirus
Okapia johnstoni,Varidnaviria,Bamfordvirae,Nucleocytoviricota,Pokkesviricetes,Chitovirales,Poxviridae,Chordopoxvirinae,Orthopoxvirus,,10242,Orthopoxvirus
Rhombomys opimus,Varidnaviria,Bamfordvirae,Nucleocytoviricota,Pokkesviricetes,Chitovirales,Poxviridae,Chordopoxvirinae,Orthopoxvirus,,10242,Orthopoxvirus
Mungos mungo,Varidnaviria,Bamfordvirae,Nucleocytoviricota,Pokkesviricetes,Chitovirales,Poxviridae,Chordopoxvirinae,Orthopoxvirus,,10242,Orthopoxvirus
Meriones libycus,Varidnaviria,Bamfordvirae,Nucleocytoviricota,Pokkesviricetes,Chitovirales,Poxviridae,Chordopoxvirinae,Orthopoxvirus,,10242,Orthopoxvirus
Myodes glareolus,Varidnaviria,Bamfordvirae,Nucleocytoviricota,Pokkesviricetes,Chitovirales,Poxviridae,Chordopoxvirinae,Orthopoxvirus,,10242,Orthopoxvirus
Herpailurus yagouaroundi,Varidnaviria,Bamfordvirae,Nucleocytoviricota,Pokkesviricetes,Chitovirales,Poxviridae,Chordopoxvirinae,Orthopoxvirus,,10242,Orthopoxvirus
Gliridae,Varidnaviria,Bamfordvirae,Nucleocytoviricota,Pokkesviricetes,Chitovirales,Poxviridae,Chordopoxvirinae,Orthopoxvirus,,10242,Orthopoxvirus
Cynomys gunnisoni,Varidnaviria,Bamfordvirae,Nucleocytoviricota,Pokkesviricetes,Chitovirales,Poxviridae,Chordopoxvirinae,Orthopoxvirus,,10242,Orthopoxvirus
Cynomys ludovicianus,Varidnaviria,Bamfordvirae,Nucleocytoviricota,Pokkesviricetes,Chitovirales,Poxviridae,Chordopoxvirinae,Orthopoxvirus,,10242,Orthopoxvirus
Cynomys leucurus,Varidnaviria,Bamfordvirae,Nucleocytoviricota,Pokkesviricetes,Chitovirales,Poxviridae,Chordopoxvirinae,Orthopoxvirus,,10242,Orthopoxvirus
Cynomys mexicanus,Varidnaviria,Bamfordvirae,Nucleocytoviricota,Pokkesviricetes,Chitovirales,Poxviridae,Chordopoxvirinae,Orthopoxvirus,,10242,Orthopoxvirus
Cynomys parvidens,Varidnaviria,Bamfordvirae,Nucleocytoviricota,Pokkesviricetes,Chitovirales,Poxviridae,Chordopoxvirinae,Orthopoxvirus,,10242,Orthopoxvirus
Heliosciurus ruwenzorii,Varidnaviria,Bamfordvirae,Nucleocytoviricota,Pokkesviricetes,Chitovirales,Poxviridae,Chordopoxvirinae,Orthopoxvirus,,10242,Orthopoxvirus
Macaca tonkeana,Varidnaviria,Bamfordvirae,Nucleocytoviricota,Pokkesviricetes,Chitovirales,Poxviridae,Chordopoxvirinae,Orthopoxvirus,,10242,Orthopoxvirus
Apodemus flavicollis,Varidnaviria,Bamfordvirae,Nucleocytoviricota,Pokkesviricetes,Chitovirales,Poxviridae,Chordopoxvirinae,Orthopoxvirus,,10242,Orthopoxvirus
Apodemus uralensis,Varidnaviria,Bamfordvirae,Nucleocytoviricota,Pokkesviricetes,Chitovirales,Poxviridae,Chordopoxvirinae,Orthopoxvirus,,10242,Orthopoxvirus
Sus scrofa,Varidnaviria,Bamfordvirae,Nucleocytoviricota,Pokkesviricetes,Chitovirales,Poxviridae,Chordopoxvirinae,Orthopoxvirus,,10242,Orthopoxvirus
Procyon lotor,Varidnaviria,Bamfordvirae,Nucleocytoviricota,Pokkesviricetes,Chitovirales,Poxviridae,Chordopoxvirinae,Orthopoxvirus,,10242,Orthopoxvirus
Mephitis mephitis,Varidnaviria,Bamfordvirae,Nucleocytoviricota,Pokkesviricetes,Chitovirales,Poxviridae,Chordopoxvirinae,Orthopoxvirus,,10242,Orthopoxvirus
Tatera,Varidnaviria,Bamfordvirae,Nucleocytoviricota,Pokkesviricetes,Chitovirales,Poxviridae,Chordopoxvirinae,Orthopoxvirus,,10242,Orthopoxvirus
Variola,Varidnaviria,Bamfordvirae,Nucleocytoviricota,Pokkesviricetes,Chitovirales,Poxviridae,Chordopoxvirinae,Orthopoxvirus,,10242,Orthopoxvirus
Microtus californicus,Varidnaviria,Bamfordvirae,Nucleocytoviricota,Pokkesviricetes,Chitovirales,Poxviridae,Chordopoxvirinae,Orthopoxvirus,,10242,Orthopoxvirus
Ateles,Duplodnaviria,Heunggongvirae,Peploviricota,Herviviricetes,Herpesvirales,Orthoherpesviridae,Gammaherpesvirinae,Rhadinovirus,dsDNA,10379,Rhadinovirus
Felis catus,Duplodnaviria,Heunggongvirae,Peploviricota,Herviviricetes,Herpesvirales,Orthoherpesviridae,Gammaherpesvirinae,Rhadinovirus,dsDNA,10379,Rhadinovirus
Panthera leo,Duplodnaviria,Heunggongvirae,Peploviricota,Herviviricetes,Herpesvirales,Orthoherpesviridae,Gammaherpesvirinae,Rhadinovirus,dsDNA,10379,Rhadinovirus
Colobus guereza,Duplodnaviria,Heunggongvirae,Peploviricota,Herviviricetes,Herpesvirales,Orthoherpesviridae,Gammaherpesvirinae,Rhadinovirus,dsDNA,10379,Rhadinovirus
Oligoryzomys microtis,Duplodnaviria,Heunggongvirae,Peploviricota,Herviviricetes,Herpesvirales,Orthoherpesviridae,Gammaherpesvirinae,Rhadinovirus,dsDNA,10379,Rhadinovirus
Macaca fuscata,Duplodnaviria,Heunggongvirae,Peploviricota,Herviviricetes,Herpesvirales,Orthoherpesviridae,Gammaherpesvirinae,Rhadinovirus,dsDNA,10379,Rhadinovirus
Macaca mulatta,Duplodnaviria,Heunggongvirae,Peploviricota,Herviviricetes,Herpesvirales,Orthoherpesviridae,Gammaherpesvirinae,Rhadinovirus,dsDNA,10379,Rhadinovirus
Macaca nemestrina,Duplodnaviria,Heunggongvirae,Peploviricota,Herviviricetes,Herpesvirales,Orthoherpesviridae,Gammaherpesvirinae,Rhadinovirus,dsDNA,10379,Rhadinovirus
Apodemus sylvaticus,Duplodnaviria,Heunggongvirae,Peploviricota,Herviviricetes,Herpesvirales,Orthoherpesviridae,Gammaherpesvirinae,Rhadinovirus,dsDNA,10379,Rhadinovirus
Saimiri sciureus,Duplodnaviria,Heunggongvirae,Peploviricota,Herviviricetes,Herpesvirales,Orthoherpesviridae,Gammaherpesvirinae,Rhadinovirus,dsDNA,10379,Rhadinovirus
Mus musculus,Duplodnaviria,Heunggongvirae,Peploviricota,Herviviricetes,Herpesvirales,Orthoherpesviridae,Gammaherpesvirinae,Rhadinovirus,dsDNA,10379,Rhadinovirus
Myodes glareolus,Duplodnaviria,Heunggongvirae,Peploviricota,Herviviricetes,Herpesvirales,Orthoherpesviridae,Gammaherpesvirinae,Rhadinovirus,dsDNA,10379,Rhadinovirus
Cairina moschata,Varidnaviria,Bamfordvirae,Preplasmiviricota,Polisuviricotina,Pharingeaviricetes,Rowavirales,Adenoviridae,Aviadenovirus,,10552,Aviadenovirus
Anser anser,Varidnaviria,Bamfordvirae,Preplasmiviricota,Polisuviricotina,Pharingeaviricetes,Rowavirales,Adenoviridae,Aviadenovirus,,10552,Aviadenovirus
Columbidae,Varidnaviria,Bamfordvirae,Preplasmiviricota,Polisuviricotina,Pharingeaviricetes,Rowavirales,Adenoviridae,Aviadenovirus,,10552,Aviadenovirus
Columba livia,Varidnaviria,Bamfordvirae,Preplasmiviricota,Polisuviricotina,Pharingeaviricetes,Rowavirales,Adenoviridae,Aviadenovirus,,10552,Aviadenovirus
Poicephalus senegalus,Varidnaviria,Bamfordvirae,Preplasmiviricota,Polisuviricotina,Pharingeaviricetes,Rowavirales,Adenoviridae,Aviadenovirus,,10552,Aviadenovirus
Poicephalus rufiventris,Varidnaviria,Bamfordvirae,Preplasmiviricota,Polisuviricotina,Pharingeaviricetes,Rowavirales,Adenoviridae,Aviadenovirus,,10552,Aviadenovirus
Psittacara leucophthalmus,Varidnaviria,Bamfordvirae,Preplasmiviricota,Polisuviricotina,Pharingeaviricetes,Rowavirales,Adenoviridae,Aviadenovirus,,10552,Aviadenovirus
Meleagris gallopavo,Varidnaviria,Bamfordvirae,Preplasmiviricota,Polisuviricotina,Pharingeaviricetes,Rowavirales,Adenoviridae,Aviadenovirus,,10552,Aviadenovirus
Homo sapiens,Riboviria,Orthornavirae,Duplornaviricota,Resentoviricetes,unclassified Resentoviricetes,Reovirales,Sedoreoviridae,Rotavirus,dsRNA,10912,Rotavirus
Rousettus aegyptiacus,Riboviria,Orthornavirae,Duplornaviricota,Resentoviricetes,unclassified Resentoviricetes,Reovirales,Sedoreoviridae,Rotavirus,dsRNA,10912,Rotavirus
Chlorocebus pygerythrus,Riboviria,Orthornavirae,Duplornaviricota,Resentoviricetes,unclassified Resentoviricetes,Reovirales,Sedoreoviridae,Rotavirus,dsRNA,10912,Rotavirus
Gallus gallus,Riboviria,Orthornavirae,Duplornaviricota,Resentoviricetes,unclassified Resentoviricetes,Reovirales,Sedoreoviridae,Rotavirus,dsRNA,10912,Rotavirus
Miniopterus schreibersii,Riboviria,Orthornavirae,Duplornaviricota,Resentoviricetes,unclassified Resentoviricetes,Reovirales,Sedoreoviridae,Rotavirus,dsRNA,10912,Rotavirus
Sorex araneus,Riboviria,Orthornavirae,Duplornaviricota,Resentoviricetes,unclassified Resentoviricetes,Reovirales,Sedoreoviridae,Rotavirus,dsRNA,10912,Rotavirus
Aconitum carmichaelii,Riboviria,Orthornavirae,Kitrinoviricota,Alsuviricetes,Tymovirales,Betaflexiviridae,Quinvirinae,Carlavirus,+ssRNA,12163,Carlavirus
Agapanthus,Riboviria,Orthornavirae,Kitrinoviricota,Alsuviricetes,Tymovirales,Betaflexiviridae,Quinvirinae,Carlavirus,+ssRNA,12163,Carlavirus
Medicago sativa,Riboviria,Orthornavirae,Kitrinoviricota,Alsuviricetes,Tymovirales,Betaflexiviridae,Quinvirinae,Carlavirus,+ssRNA,12163,Carlavirus
Humulus lupulus,Riboviria,Orthornavirae,Kitrinoviricota,Alsuviricetes,Tymovirales,Betaflexiviridae,Quinvirinae,Carlavirus,+ssRNA,12163,Carlavirus
Atractylodes macrocephala,Riboviria,Orthornavirae,Kitrinoviricota,Alsuviricetes,Tymovirales,Betaflexiviridae,Quinvirinae,Carlavirus,+ssRNA,12163,Carlavirus
Betula pendula,Riboviria,Orthornavirae,Kitrinoviricota,Alsuviricetes,Tymovirales,Betaflexiviridae,Quinvirinae,Carlavirus,+ssRNA,12163,Carlavirus
Vaccinium macrocarpon,Riboviria,Orthornavirae,Kitrinoviricota,Alsuviricetes,Tymovirales,Betaflexiviridae,Quinvirinae,Carlavirus,+ssRNA,12163,Carlavirus
Chenopodium quinoa,Riboviria,Orthornavirae,Kitrinoviricota,Alsuviricetes,Tymovirales,Betaflexiviridae,Quinvirinae,Carlavirus,+ssRNA,12163,Carlavirus
Chenopodium amaranticolor,Riboviria,Orthornavirae,Kitrinoviricota,Alsuviricetes,Tymovirales,Betaflexiviridae,Quinvirinae,Carlavirus,+ssRNA,12163,Carlavirus
Vaccinium corymbosum,Riboviria,Orthornavirae,Kitrinoviricota,Alsuviricetes,Tymovirales,Betaflexiviridae,Quinvirinae,Carlavirus,+ssRNA,12163,Carlavirus
Petasites japonicus,Riboviria,Orthornavirae,Kitrinoviricota,Alsuviricetes,Tymovirales,Betaflexiviridae,Quinvirinae,Carlavirus,+ssRNA,12163,Carlavirus
Epiphyllum,Riboviria,Orthornavirae,Kitrinoviricota,Alsuviricetes,Tymovirales,Betaflexiviridae,Quinvirinae,Carlavirus,+ssRNA,12163,Carlavirus
Delphinium,Riboviria,Orthornavirae,Kitrinoviricota,Alsuviricetes,Tymovirales,Betaflexiviridae,Quinvirinae,Carlavirus,+ssRNA,12163,Carlavirus
Chrysanthemum,Riboviria,Orthornavirae,Kitrinoviricota,Alsuviricetes,Tymovirales,Betaflexiviridae,Quinvirinae,Carlavirus,+ssRNA,12163,Carlavirus
Chrysanthemum x morifolium,Riboviria,Orthornavirae,Kitrinoviricota,Alsuviricetes,Tymovirales,Betaflexiviridae,Quinvirinae,Carlavirus,+ssRNA,12163,Carlavirus
Gynura,Riboviria,Orthornavirae,Kitrinoviricota,Alsuviricetes,Tymovirales,Betaflexiviridae,Quinvirinae,Carlavirus,+ssRNA,12163,Carlavirus
Clivia miniata,Riboviria,Orthornavirae,Kitrinoviricota,Alsuviricetes,Tymovirales,Betaflexiviridae,Quinvirinae,Carlavirus,+ssRNA,12163,Carlavirus
Brassica oleracea,Riboviria,Orthornavirae,Kitrinoviricota,Alsuviricetes,Tymovirales,Betaflexiviridae,Quinvirinae,Carlavirus,+ssRNA,12163,Carlavirus
Verbena,Riboviria,Orthornavirae,Kitrinoviricota,Alsuviricetes,Tymovirales,Betaflexiviridae,Quinvirinae,Carlavirus,+ssRNA,12163,Carlavirus
Vigna unguiculata,Riboviria,Orthornavirae,Kitrinoviricota,Alsuviricetes,Tymovirales,Betaflexiviridae,Quinvirinae,Carlavirus,+ssRNA,12163,Carlavirus
Nicotiana clevelandii,Riboviria,Orthornavirae,Kitrinoviricota,Alsuviricetes,Tymovirales,Betaflexiviridae,Quinvirinae,Carlavirus,+ssRNA,12163,Carlavirus
Cucumis sativus,Riboviria,Orthornavirae,Kitrinoviricota,Alsuviricetes,Tymovirales,Betaflexiviridae,Quinvirinae,Carlavirus,+ssRNA,12163,Carlavirus
Daphne odora,Riboviria,Orthornavirae,Kitrinoviricota,Alsuviricetes,Tymovirales,Betaflexiviridae,Quinvirinae,Carlavirus,+ssRNA,12163,Carlavirus
Sambucus canadensis,Riboviria,Orthornavirae,Kitrinoviricota,Alsuviricetes,Tymovirales,Betaflexiviridae,Quinvirinae,Carlavirus,+ssRNA,12163,Carlavirus
Sambucus racemosa,Riboviria,Orthornavirae,Kitrinoviricota,Alsuviricetes,Tymovirales,Betaflexiviridae,Quinvirinae,Carlavirus,+ssRNA,12163,Carlavirus
Nicotiana benthamiana,Riboviria,Orthornavirae,Kitrinoviricota,Alsuviricetes,Tymovirales,Betaflexiviridae,Quinvirinae,Carlavirus,+ssRNA,12163,Carlavirus
Allium sativum,Riboviria,Orthornavirae,Kitrinoviricota,Alsuviricetes,Tymovirales,Betaflexiviridae,Quinvirinae,Carlavirus,+ssRNA,12163,Carlavirus
Helleborus x hybridus,Riboviria,Orthornavirae,Kitrinoviricota,Alsuviricetes,Tymovirales,Betaflexiviridae,Quinvirinae,Carlavirus,+ssRNA,12163,Carlavirus
Hippeastrum,Riboviria,Orthornavirae,Kitrinoviricota,Alsuviricetes,Tymovirales,Betaflexiviridae,Quinvirinae,Carlavirus,+ssRNA,12163,Carlavirus
Hydrangea macrophylla,Riboviria,Orthornavirae,Kitrinoviricota,Alsuviricetes,Tymovirales,Betaflexiviridae,Quinvirinae,Carlavirus,+ssRNA,12163,Carlavirus
Jasminum sambac,Riboviria,Orthornavirae,Kitrinoviricota,Alsuviricetes,Tymovirales,Betaflexiviridae,Quinvirinae,Carlavirus,+ssRNA,12163,Carlavirus
Kalanchoe blossfeldiana,Riboviria,Orthornavirae,Kitrinoviricota,Alsuviricetes,Tymovirales,Betaflexiviridae,Quinvirinae,Carlavirus,+ssRNA,12163,Carlavirus
Ligustrum japonicum,Riboviria,Orthornavirae,Kitrinoviricota,Alsuviricetes,Tymovirales,Betaflexiviridae,Quinvirinae,Carlavirus,+ssRNA,12163,Carlavirus
Ligustrum obtusifolium,Riboviria,Orthornavirae,Kitrinoviricota,Alsuviricetes,Tymovirales,Betaflexiviridae,Quinvirinae,Carlavirus,+ssRNA,12163,Carlavirus
Lilium,Riboviria,Orthornavirae,Kitrinoviricota,Alsuviricetes,Tymovirales,Betaflexiviridae,Quinvirinae,Carlavirus,+ssRNA,12163,Carlavirus
Cucumis melo,Riboviria,Orthornavirae,Kitrinoviricota,Alsuviricetes,Tymovirales,Betaflexiviridae,Quinvirinae,Carlavirus,+ssRNA,12163,Carlavirus
Mirabilis jalapa,Riboviria,Orthornavirae,Kitrinoviricota,Alsuviricetes,Tymovirales,Betaflexiviridae,Quinvirinae,Carlavirus,+ssRNA,12163,Carlavirus
Narcissus tazetta subsp. chinensis,Riboviria,Orthornavirae,Kitrinoviricota,Alsuviricetes,Tymovirales,Betaflexiviridae,Quinvirinae,Carlavirus,+ssRNA,12163,Carlavirus
Narcissus pseudonarcissus,Riboviria,Orthornavirae,Kitrinoviricota,Alsuviricetes,Tymovirales,Betaflexiviridae,Quinvirinae,Carlavirus,+ssRNA,12163,Carlavirus
Hippeastrum sp.,Riboviria,Orthornavirae,Kitrinoviricota,Alsuviricetes,Tymovirales,Betaflexiviridae,Quinvirinae,Carlavirus,+ssRNA,12163,Carlavirus
Carica papaya,Riboviria,Orthornavirae,Kitrinoviricota,Alsuviricetes,Tymovirales,Betaflexiviridae,Quinvirinae,Carlavirus,+ssRNA,12163,Carlavirus
Chenopodiastrum murale,Riboviria,Orthornavirae,Kitrinoviricota,Alsuviricetes,Tymovirales,Betaflexiviridae,Quinvirinae,Carlavirus,+ssRNA,12163,Carlavirus
Passiflora edulis,Riboviria,Orthornavirae,Kitrinoviricota,Alsuviricetes,Tymovirales,Betaflexiviridae,Quinvirinae,Carlavirus,+ssRNA,12163,Carlavirus
Lathyrus oleraceus,Riboviria,Orthornavirae,Kitrinoviricota,Alsuviricetes,Tymovirales,Betaflexiviridae,Quinvirinae,Carlavirus,+ssRNA,12163,Carlavirus
Vicia faba,Riboviria,Orthornavirae,Kitrinoviricota,Alsuviricetes,Tymovirales,Betaflexiviridae,Quinvirinae,Carlavirus,+ssRNA,12163,Carlavirus
Trifolium pratense,Riboviria,Orthornavirae,Kitrinoviricota,Alsuviricetes,Tymovirales,Betaflexiviridae,Quinvirinae,Carlavirus,+ssRNA,12163,Carlavirus
Capsicum annuum,Riboviria,Orthornavirae,Kitrinoviricota,Alsuviricetes,Tymovirales,Betaflexiviridae,Quinvirinae,Carlavirus,+ssRNA,12163,Carlavirus
Phlox divaricata,Riboviria,Orthornavirae,Kitrinoviricota,Alsuviricetes,Tymovirales,Betaflexiviridae,Quinvirinae,Carlavirus,+ssRNA,12163,Carlavirus
Phlox stolonifera,Riboviria,Orthornavirae,Kitrinoviricota,Alsuviricetes,Tymovirales,Betaflexiviridae,Quinvirinae,Carlavirus,+ssRNA,12163,Carlavirus
Populus,Riboviria,Orthornavirae,Kitrinoviricota,Alsuviricetes,Tymovirales,Betaflexiviridae,Quinvirinae,Carlavirus,+ssRNA,12163,Carlavirus
Nicotiana megalosiphon,Riboviria,Orthornavirae,Kitrinoviricota,Alsuviricetes,Tymovirales,Betaflexiviridae,Quinvirinae,Carlavirus,+ssRNA,12163,Carlavirus
Solanum tuberosum,Riboviria,Orthornavirae,Kitrinoviricota,Alsuviricetes,Tymovirales,Betaflexiviridae,Quinvirinae,Carlavirus,+ssRNA,12163,Carlavirus
Cicer arietinum,Riboviria,Orthornavirae,Kitrinoviricota,Alsuviricetes,Tymovirales,Betaflexiviridae,Quinvirinae,Carlavirus,+ssRNA,12163,Carlavirus
Rosa lucieae,Riboviria,Orthornavirae,Kitrinoviricota,Alsuviricetes,Tymovirales,Betaflexiviridae,Quinvirinae,Carlavirus,+ssRNA,12163,Carlavirus
Rosa sp.,Riboviria,Orthornavirae,Kitrinoviricota,Alsuviricetes,Tymovirales,Betaflexiviridae,Quinvirinae,Carlavirus,+ssRNA,12163,Carlavirus
Allium cepa var. aggregatum,Riboviria,Orthornavirae,Kitrinoviricota,Alsuviricetes,Tymovirales,Betaflexiviridae,Quinvirinae,Carlavirus,+ssRNA,12163,Carlavirus
Glycine max,Riboviria,Orthornavirae,Kitrinoviricota,Alsuviricetes,Tymovirales,Betaflexiviridae,Quinvirinae,Carlavirus,+ssRNA,12163,Carlavirus
Ipomoea batatas,Riboviria,Orthornavirae,Kitrinoviricota,Alsuviricetes,Tymovirales,Betaflexiviridae,Quinvirinae,Carlavirus,+ssRNA,12163,Carlavirus
Dioscorea oppositifolia,Riboviria,Orthornavirae,Kitrinoviricota,Alsuviricetes,Tymovirales,Betaflexiviridae,Quinvirinae,Carlavirus,+ssRNA,12163,Carlavirus
Achyranthes bidentata,Riboviria,Orthornavirae,Pisuviricota,Stelpaviricetes,Patatavirales,Potyviridae,Potyvirus,Potyvirus achyranthis,,12195,Potyvirus
Capsicum,Riboviria,Orthornavirae,Pisuviricota,Stelpaviricetes,Patatavirales,Potyviridae,Potyvirus,Potyvirus melongenae,,12195,Potyvirus
Solanum aethiopicum,Riboviria,Orthornavirae,Pisuviricota,Stelpaviricetes,Patatavirales,Potyviridae,Potyvirus,Potyvirus melongenae,,12195,Potyvirus
Amomum subulatum,Riboviria,Orthornavirae,Pisuviricota,Stelpaviricetes,Patatavirales,Potyviridae,Potyvirus,unclassified Potyvirus,,12195,Potyvirus
Anemone blanda,Riboviria,Orthornavirae,Pisuviricota,Stelpaviricetes,Patatavirales,Potyviridae,Potyvirus,Potyvirus anemones,,12195,Potyvirus
Nicotiana benthamiana,Riboviria,Orthornavirae,Pisuviricota,Stelpaviricetes,Patatavirales,Potyviridae,Potyvirus,Potyvirus arracachae,,12195,Potyvirus
Arracacia xanthorrhiza,Riboviria,Orthornavirae,Pisuviricota,Stelpaviricetes,Patatavirales,Potyviridae,Potyvirus,Potyvirus arracachae,,12195,Potyvirus
Angelica keiskei,Riboviria,Orthornavirae,Pisuviricota,Stelpaviricetes,Patatavirales,Potyviridae,Potyvirus,Potyvirus ashitabae,,12195,Potyvirus
Asparagus officinalis,Riboviria,Orthornavirae,Pisuviricota,Stelpaviricetes,Patatavirales,Potyviridae,Potyvirus,Potyvirus asparagi,,12195,Potyvirus
Chenopodium quinoa,Riboviria,Orthornavirae,Pisuviricota,Stelpaviricetes,Patatavirales,Potyviridae,Potyvirus,Potyvirus asparagi,,12195,Potyvirus
Musa acuminata,Riboviria,Orthornavirae,Pisuviricota,Stelpaviricetes,Patatavirales,Potyviridae,Potyvirus,Potyvirus musae,,12195,Potyvirus
Musa x paradisiaca,Riboviria,Orthornavirae,Pisuviricota,Stelpaviricetes,Patatavirales,Potyviridae,Potyvirus,Potyvirus musae,,12195,Potyvirus
Spermatophyta,Riboviria,Orthornavirae,Pisuviricota,Stelpaviricetes,Patatavirales,Potyviridae,Potyvirus,Potyvirus barbacenense,,12195,Potyvirus
Anredera cordifolia,Riboviria,Orthornavirae,Pisuviricota,Stelpaviricetes,Patatavirales,Potyviridae,Potyvirus,Potyvirus basellae,,12195,Potyvirus
Phaseolus vulgaris,Riboviria,Orthornavirae,Pisuviricota,Stelpaviricetes,Patatavirales,Potyviridae,Potyvirus,Potyvirus phaseoli,,12195,Potyvirus
Vigna unguiculata subsp. sesquipedalis,Riboviria,Orthornavirae,Pisuviricota,Stelpaviricetes,Patatavirales,Potyviridae,Potyvirus,Potyvirus phaseovulgaris,,12195,Potyvirus
Vicia faba,Riboviria,Orthornavirae,Pisuviricota,Stelpaviricetes,Patatavirales,Potyviridae,Potyvirus,Potyvirus phaseoluteum,,12195,Potyvirus
Spinacia oleracea,Riboviria,Orthornavirae,Pisuviricota,Stelpaviricetes,Patatavirales,Potyviridae,Potyvirus,Potyvirus betaceum,,12195,Potyvirus
Beta vulgaris,Riboviria,Orthornavirae,Pisuviricota,Stelpaviricetes,Patatavirales,Potyviridae,Potyvirus,Potyvirus betaceum,,12195,Potyvirus
Begonia bowerae,Riboviria,Orthornavirae,Pisuviricota,Stelpaviricetes,Patatavirales,Potyviridae,Potyvirus,Potyvirus begoniae,,12195,Potyvirus
Bidens pilosa,Riboviria,Orthornavirae,Pisuviricota,Stelpaviricetes,Patatavirales,Potyviridae,Potyvirus,Potyvirus bidensia,,12195,Potyvirus
Helianthus annuus,Riboviria,Orthornavirae,Pisuviricota,Stelpaviricetes,Patatavirales,Potyviridae,Potyvirus,Potyvirus bidenstessellati,,12195,Potyvirus
Diuris,Riboviria,Orthornavirae,Pisuviricota,Stelpaviricetes,Patatavirales,Potyviridae,Potyvirus,Potyvirus chamaescillae,,12195,Potyvirus
Brugmansia suaveolens,Riboviria,Orthornavirae,Pisuviricota,Stelpaviricetes,Patatavirales,Potyviridae,Potyvirus,Potyvirus brugmansiae,,12195,Potyvirus
Callistephus chinensis,Riboviria,Orthornavirae,Pisuviricota,Stelpaviricetes,Patatavirales,Potyviridae,Potyvirus,Potyvirus calistephi,,12195,Potyvirus
Canna,Riboviria,Orthornavirae,Pisuviricota,Stelpaviricetes,Patatavirales,Potyviridae,Potyvirus,Potyvirus cannae,,12195,Potyvirus
Vigna unguiculata,Riboviria,Orthornavirae,Pisuviricota,Stelpaviricetes,Patatavirales,Potyviridae,Potyvirus,Potyvirus dianthi,,12195,Potyvirus
Nicotiana tabacum,Riboviria,Orthornavirae,Pisuviricota,Stelpaviricetes,Patatavirales,Potyviridae,Potyvirus,Potyvirus dianthi,,12195,Potyvirus
Chenopodium amaranticolor,Riboviria,Orthornavirae,Pisuviricota,Stelpaviricetes,Patatavirales,Potyviridae,Potyvirus,Potyvirus dianthi,,12195,Potyvirus
Nicotiana occidentalis,Riboviria,Orthornavirae,Pisuviricota,Stelpaviricetes,Patatavirales,Potyviridae,Potyvirus,Potyvirus dianthi,,12195,Potyvirus
Coriandrum sativum,Riboviria,Orthornavirae,Pisuviricota,Stelpaviricetes,Patatavirales,Potyviridae,Potyvirus,Potyvirus carotatenuifoli,,12195,Potyvirus
Daucus carota,Riboviria,Orthornavirae,Pisuviricota,Stelpaviricetes,Patatavirales,Potyviridae,Potyvirus,Potyvirus carotae,,12195,Potyvirus
Mandevilla,Riboviria,Orthornavirae,Pisuviricota,Stelpaviricetes,Patatavirales,Potyviridae,Potyvirus,Potyvirus catharantessellati,,12195,Potyvirus
Petroselinum crispum,Riboviria,Orthornavirae,Pisuviricota,Stelpaviricetes,Patatavirales,Potyviridae,Potyvirus,Potyvirus apiumtessellati,,12195,Potyvirus
Apium graveolens,Riboviria,Orthornavirae,Pisuviricota,Stelpaviricetes,Patatavirales,Potyviridae,Potyvirus,Potyvirus apiumtessellati,,12195,Potyvirus
Anthriscus cerefolium,Riboviria,Orthornavirae,Pisuviricota,Stelpaviricetes,Patatavirales,Potyviridae,Potyvirus,Potyvirus apiumtessellati,,12195,Potyvirus
Apium graveolens Dulce Group,Riboviria,Orthornavirae,Pisuviricota,Stelpaviricetes,Patatavirales,Potyviridae,Potyvirus,Potyvirus apiumtessellati,,12195,Potyvirus
Capsicum chinense,Riboviria,Orthornavirae,Pisuviricota,Stelpaviricetes,Patatavirales,Potyviridae,Potyvirus,Potyvirus capsianuli,,12195,Potyvirus
Capsicum annuum,Riboviria,Orthornavirae,Pisuviricota,Stelpaviricetes,Patatavirales,Potyviridae,Potyvirus,Potyvirus capsivenamaculae,,12195,Potyvirus
Clivia miniata,Riboviria,Orthornavirae,Pisuviricota,Stelpaviricetes,Patatavirales,Potyviridae,Potyvirus,Potyvirus cliviaflavilineae,,12195,Potyvirus
Glycine max,Riboviria,Orthornavirae,Pisuviricota,Stelpaviricetes,Patatavirales,Potyviridae,Potyvirus,Potyvirus trifolii,,12195,Potyvirus
Lupinus luteus,Riboviria,Orthornavirae,Pisuviricota,Stelpaviricetes,Patatavirales,Potyviridae,Potyvirus,Potyvirus trifolii,,12195,Potyvirus
Lathyrus oleraceus,Riboviria,Orthornavirae,Pisuviricota,Stelpaviricetes,Patatavirales,Potyviridae,Potyvirus,Potyvirus trifolii,,12195,Potyvirus
Trifolium repens,Riboviria,Orthornavirae,Pisuviricota,Stelpaviricetes,Patatavirales,Potyviridae,Potyvirus,Potyvirus trifolii,,12195,Potyvirus
Trifolium subterraneum,Riboviria,Orthornavirae,Pisuviricota,Stelpaviricetes,Patatavirales,Potyviridae,Potyvirus,Potyvirus trifolii,,12195,Potyvirus
Trifolium pratense,Riboviria,Orthornavirae,Pisuviricota,Stelpaviricetes,Patatavirales,Potyviridae,Potyvirus,Potyvirus trifolii,,12195,Potyvirus
Trifolium incarnatum,Riboviria,Orthornavirae,Pisuviricota,Stelpaviricetes,Patatavirales,Potyviridae,Potyvirus,Potyvirus trifolii,,12195,Potyvirus
Limonium sinuatum,Riboviria,Orthornavirae,Pisuviricota,Stelpaviricetes,Patatavirales,Potyviridae,Potyvirus,Potyvirus trifolii,,12195,Potyvirus
Trifolium hybridum,Riboviria,Orthornavirae,Pisuviricota,Stelpaviricetes,Patatavirales,Potyviridae,Potyvirus,Potyvirus trifolii,,12195,Potyvirus
Trifolium vesiculosum,Riboviria,Orthornavirae,Pisuviricota,Stelpaviricetes,Patatavirales,Potyviridae,Potyvirus,Potyvirus trifolii,,12195,Potyvirus
Poaceae,Riboviria,Orthornavirae,Pisuviricota,Stelpaviricetes,Patatavirales,Potyviridae,Potyvirus,Potyvirus dactylis,,12195,Potyvirus
Dactylis glomerata,Riboviria,Orthornavirae,Pisuviricota,Stelpaviricetes,Patatavirales,Potyviridae,Potyvirus,Potyvirus dactylis,,12195,Potyvirus
Costus spiralis,Riboviria,Orthornavirae,Pisuviricota,Stelpaviricetes,Patatavirales,Potyviridae,Potyvirus,Potyvirus costus,,12195,Potyvirus
Cucurbita maxima,Riboviria,Orthornavirae,Pisuviricota,Stelpaviricetes,Patatavirales,Potyviridae,Potyvirus,Potyvirus cucurbitae,,12195,Potyvirus
Cyrtanthus elatus,Riboviria,Orthornavirae,Pisuviricota,Stelpaviricetes,Patatavirales,Potyviridae,Potyvirus,Potyvirus cyrtanthi,,12195,Potyvirus
Daphne mezereum,Riboviria,Orthornavirae,Pisuviricota,Stelpaviricetes,Patatavirales,Potyviridae,Potyvirus,Potyvirus daphnis,,12195,Potyvirus
Daphne odora,Riboviria,Orthornavirae,Pisuviricota,Stelpaviricetes,Patatavirales,Potyviridae,Potyvirus,Potyvirus hiemalisdaphnis,,12195,Potyvirus
Zantedeschia aethiopica,Riboviria,Orthornavirae,Pisuviricota,Stelpaviricetes,Patatavirales,Potyviridae,Potyvirus,Potyvirus dasheenis,,12195,Potyvirus
Thaumatophyllum bipinnatifidum,Riboviria,Orthornavirae,Pisuviricota,Stelpaviricetes,Patatavirales,Potyviridae,Potyvirus,Potyvirus dasheenis,,12195,Potyvirus
Dendrobium smillieae,Riboviria,Orthornavirae,Pisuviricota,Stelpaviricetes,Patatavirales,Potyviridae,Potyvirus,Potyvirus dendrobii,,12195,Potyvirus
Dioscorea bulbifera,Riboviria,Orthornavirae,Pisuviricota,Stelpaviricetes,Patatavirales,Potyviridae,Potyvirus,Potyvirus dioscoreae,,12195,Potyvirus
Diuris laxiflora,Riboviria,Orthornavirae,Pisuviricota,Stelpaviricetes,Patatavirales,Potyviridae,Potyvirus,Potyvirus adiuris,,12195,Potyvirus
Passiflora edulis,Riboviria,Orthornavirae,Pisuviricota,Stelpaviricetes,Patatavirales,Potyviridae,Potyvirus,Potyvirus passifloradistorti,,12195,Potyvirus
Lactuca sativa,Riboviria,Orthornavirae,Pisuviricota,Stelpaviricetes,Patatavirales,Potyviridae,Potyvirus,Potyvirus chichorii,,12195,Potyvirus
Cichorium intybus,Riboviria,Orthornavirae,Pisuviricota,Stelpaviricetes,Patatavirales,Potyviridae,Potyvirus,Potyvirus chichorii,,12195,Potyvirus
Tragopogon porrifolius,Riboviria,Orthornavirae,Pisuviricota,Stelpaviricetes,Patatavirales,Potyviridae,Potyvirus,Potyvirus chichorii,,12195,Potyvirus
Zinnia elegans,Riboviria,Orthornavirae,Pisuviricota,Stelpaviricetes,Patatavirales,Potyviridae,Potyvirus,Potyvirus chichorii,,12195,Potyvirus
Centaurea cyanus,Riboviria,Orthornavirae,Pisuviricota,Stelpaviricetes,Patatavirales,Potyviridae,Potyvirus,Potyvirus chichorii,,12195,Potyvirus
Tragopogon pratensis,Riboviria,Orthornavirae,Pisuviricota,Stelpaviricetes,Patatavirales,Potyviridae,Potyvirus,Potyvirus chichorii,,12195,Potyvirus
Lactuca serriola,Riboviria,Orthornavirae,Pisuviricota,Stelpaviricetes,Patatavirales,Potyviridae,Potyvirus,Potyvirus chichorii,,12195,Potyvirus
Lactuca virosa,Riboviria,Orthornavirae,Pisuviricota,Stelpaviricetes,Patatavirales,Potyviridae,Potyvirus,Potyvirus chichorii,,12195,Potyvirus
Lactuca saligna,Riboviria,Orthornavirae,Pisuviricota,Stelpaviricetes,Patatavirales,Potyviridae,Potyvirus,Potyvirus chichorii,,12195,Potyvirus
Calendula arvensis,Riboviria,Orthornavirae,Pisuviricota,Stelpaviricetes,Patatavirales,Potyviridae,Potyvirus,Potyvirus chichorii,,12195,Potyvirus
Cichorium endivia,Riboviria,Orthornavirae,Pisuviricota,Stelpaviricetes,Patatavirales,Potyviridae,Potyvirus,Potyvirus chichorii,,12195,Potyvirus
Euphorbia milii,Riboviria,Orthornavirae,Pisuviricota,Stelpaviricetes,Patatavirales,Potyviridae,Potyvirus,Potyvirus euphorbiae,,12195,Potyvirus
Freesia,Riboviria,Orthornavirae,Pisuviricota,Stelpaviricetes,Patatavirales,Potyviridae,Potyvirus,Potyvirus freesiae,,12195,Potyvirus
Fritillaria thunbergii,Riboviria,Orthornavirae,Pisuviricota,Stelpaviricetes,Patatavirales,Potyviridae,Potyvirus,Potyvirus fritillariae,,12195,Potyvirus
Papaver somniferum,Riboviria,Orthornavirae,Pisuviricota,Stelpaviricetes,Patatavirales,Potyviridae,Potyvirus,Potyvirus gloriosae,,12195,Potyvirus
Arachis hypogaea,Riboviria,Orthornavirae,Pisuviricota,Stelpaviricetes,Patatavirales,Potyviridae,Potyvirus,Potyvirus gloriosae,,12195,Potyvirus
Crotalaria,Riboviria,Orthornavirae,Pisuviricota,Stelpaviricetes,Patatavirales,Potyviridae,Potyvirus,Potyvirus gloriosae,,12195,Potyvirus
Medicago sativa,Riboviria,Orthornavirae,Pisuviricota,Stelpaviricetes,Patatavirales,Potyviridae,Potyvirus,Potyvirus gloriosae,,12195,Potyvirus
Vicia sativa,Riboviria,Orthornavirae,Pisuviricota,Stelpaviricetes,Patatavirales,Potyviridae,Potyvirus,Potyvirus gloriosae,,12195,Potyvirus
Robinia pseudoacacia,Riboviria,Orthornavirae,Pisuviricota,Stelpaviricetes,Patatavirales,Potyviridae,Potyvirus,Potyvirus gloriosae,,12195,Potyvirus
Gladiolus,Riboviria,Orthornavirae,Pisuviricota,Stelpaviricetes,Patatavirales,Potyviridae,Potyvirus,Potyvirus gloriosae,,12195,Potyvirus
Eustoma,Riboviria,Orthornavirae,Pisuviricota,Stelpaviricetes,Patatavirales,Potyviridae,Potyvirus,Potyvirus gloriosae,,12195,Potyvirus
Sandersonia aurantiaca,Riboviria,Orthornavirae,Pisuviricota,Stelpaviricetes,Patatavirales,Potyviridae,Potyvirus,Potyvirus gloriosae,,12195,Potyvirus
Trigonella foenum-graecum,Riboviria,Orthornavirae,Pisuviricota,Stelpaviricetes,Patatavirales,Potyviridae,Potyvirus,Potyvirus gloriosae,,12195,Potyvirus
Gomphocarpus physocarpus,Riboviria,Orthornavirae,Pisuviricota,Stelpaviricetes,Patatavirales,Potyviridae,Potyvirus,Potyvirus gomphocarphi,,12195,Potyvirus
Habenaria radiata,Riboviria,Orthornavirae,Pisuviricota,Stelpaviricetes,Patatavirales,Potyviridae,Potyvirus,Potyvirus habenariae,,12195,Potyvirus
Hardenbergia comptoniana,Riboviria,Orthornavirae,Pisuviricota,Stelpaviricetes,Patatavirales,Potyviridae,Potyvirus,Potyvirus hardenbergiae,,12195,Potyvirus
Hippeastrum sp.,Riboviria,Orthornavirae,Pisuviricota,Stelpaviricetes,Patatavirales,Potyviridae,Potyvirus,Potyvirus hippeastri,,12195,Potyvirus
Muscari neglectum,Riboviria,Orthornavirae,Pisuviricota,Stelpaviricetes,Patatavirales,Potyviridae,Potyvirus,Potyvirus hyacinthi,,12195,Potyvirus
Impatiens walleriana,Riboviria,Orthornavirae,Pisuviricota,Stelpaviricetes,Patatavirales,Potyviridae,Potyvirus,Potyvirus impatiensis,,12195,Potyvirus
Sorghum halepense,Riboviria,Orthornavirae,Pisuviricota,Stelpaviricetes,Patatavirales,Potyviridae,Potyvirus,Potyvirus zeatessellati,,12195,Potyvirus
Iris x hollandica,Riboviria,Orthornavirae,Pisuviricota,Stelpaviricetes,Patatavirales,Potyviridae,Potyvirus,Potyvirus iristenuis,,12195,Potyvirus
Iris,Riboviria,Orthornavirae,Pisuviricota,Stelpaviricetes,Patatavirales,Potyviridae,Potyvirus,Potyvirus iriseverum,,12195,Potyvirus
Dioscorea japonica,Riboviria,Orthornavirae,Pisuviricota,Stelpaviricetes,Patatavirales,Potyviridae,Potyvirus,Potyvirus nippodioscoreae,,12195,Potyvirus
Jasminum,Riboviria,Orthornavirae,Pisuviricota,Stelpaviricetes,Patatavirales,Potyviridae,Potyvirus,Potyvirus jasmini,,12195,Potyvirus
Graptopetalum paraguayense,Riboviria,Orthornavirae,Pisuviricota,Stelpaviricetes,Patatavirales,Potyviridae,Potyvirus,Potyvirus kalanchoes,,12195,Potyvirus
Cynanchum wilfordii,Riboviria,Orthornavirae,Pisuviricota,Stelpaviricetes,Patatavirales,Potyviridae,Potyvirus,Potyvirus cynanchi,,12195,Potyvirus
Amorphophallus konjac,Riboviria,Orthornavirae,Pisuviricota,Stelpaviricetes,Patatavirales,Potyviridae,Potyvirus,Potyvirus konjac,,12195,Potyvirus
Allium sativum,Riboviria,Orthornavirae,Pisuviricota,Stelpaviricetes,Patatavirales,Potyviridae,Potyvirus,Potyvirus ampeloprasi,,12195,Potyvirus
Cicer arietinum,Riboviria,Orthornavirae,Pisuviricota,Stelpaviricetes,Patatavirales,Potyviridae,Potyvirus,Potyvirus lactucae,,12195,Potyvirus
Carthamus tinctorius,Riboviria,Orthornavirae,Pisuviricota,Stelpaviricetes,Patatavirales,Potyviridae,Potyvirus,Potyvirus lactucae,,12195,Potyvirus
Lactuca,Riboviria,Orthornavirae,Pisuviricota,Stelpaviricetes,Patatavirales,Potyviridae,Potyvirus,Potyvirus lactucae,,12195,Potyvirus
Eustoma russellianum,Riboviria,Orthornavirae,Pisuviricota,Stelpaviricetes,Patatavirales,Potyviridae,Potyvirus,Potyvirus lactucae,,12195,Potyvirus
Lilium sp.,Riboviria,Orthornavirae,Pisuviricota,Stelpaviricetes,Patatavirales,Potyviridae,Potyvirus,Potyvirus lilimaculae,,12195,Potyvirus
Lilium,Riboviria,Orthornavirae,Pisuviricota,Stelpaviricetes,Patatavirales,Potyviridae,Potyvirus,Potyvirus yililii,,12195,Potyvirus
Lupinus polyphyllus,Riboviria,Orthornavirae,Pisuviricota,Stelpaviricetes,Patatavirales,Potyviridae,Potyvirus,Potyvirus lupinus,,12195,Potyvirus
Zea mays,Riboviria,Orthornavirae,Pisuviricota,Stelpaviricetes,Patatavirales,Potyviridae,Potyvirus,Potyvirus zeananus,,12195,Potyvirus
Alcea rosea,Riboviria,Orthornavirae,Pisuviricota,Stelpaviricetes,Patatavirales,Potyviridae,Potyvirus,Potyvirus malvae,,12195,Potyvirus
Tagetes,Riboviria,Orthornavirae,Pisuviricota,Stelpaviricetes,Patatavirales,Potyviridae,Potyvirus,Potyvirus tagetis,,12195,Potyvirus
Tropaeolum tuberosum,Riboviria,Orthornavirae,Pisuviricota,Stelpaviricetes,Patatavirales,Potyviridae,Potyvirus,Potyvirus tropaeoli,,12195,Potyvirus
Solanum lycopersicum,Riboviria,Orthornavirae,Pisuviricota,Stelpaviricetes,Patatavirales,Potyviridae,Potyvirus,Potyvirus rutae,,12195,Potyvirus
Ruta montana,Riboviria,Orthornavirae,Pisuviricota,Stelpaviricetes,Patatavirales,Potyviridae,Potyvirus,Potyvirus rutae,,12195,Potyvirus
Mirabilis jalapa,Riboviria,Orthornavirae,Pisuviricota,Stelpaviricetes,Patatavirales,Potyviridae,Potyvirus,Potyvirus mirabilis,,12195,Potyvirus
Cucurbita pepo subsp. pepo,Riboviria,Orthornavirae,Pisuviricota,Stelpaviricetes,Patatavirales,Potyviridae,Potyvirus,Potyvirus citrullimoroccense,,12195,Potyvirus
Narcissus tazetta,Riboviria,Orthornavirae,Pisuviricota,Stelpaviricetes,Patatavirales,Potyviridae,Potyvirus,Potyvirus narcissusdegeneris,,12195,Potyvirus
Narcissus sp.,Riboviria,Orthornavirae,Pisuviricota,Stelpaviricetes,Patatavirales,Potyviridae,Potyvirus,Potyvirus narcissuslineae,,12195,Potyvirus
Narcissus tazetta subsp. chinensis,Riboviria,Orthornavirae,Pisuviricota,Stelpaviricetes,Patatavirales,Potyviridae,Potyvirus,Potyvirus narcissus,,12195,Potyvirus
Morinda citrifolia,Riboviria,Orthornavirae,Pisuviricota,Stelpaviricetes,Patatavirales,Potyviridae,Potyvirus,Potyvirus morindatessellati,,12195,Potyvirus
Ornithogalum,Riboviria,Orthornavirae,Pisuviricota,Stelpaviricetes,Patatavirales,Potyviridae,Potyvirus,Potyvirus ornithogalitessellati,,12195,Potyvirus
Lachenalia,Riboviria,Orthornavirae,Pisuviricota,Stelpaviricetes,Patatavirales,Potyviridae,Potyvirus,Potyvirus ornithogalitessellati,,12195,Potyvirus
Gladiolus sp.,Riboviria,Orthornavirae,Pisuviricota,Stelpaviricetes,Patatavirales,Potyviridae,Potyvirus,Potyvirus ornithogalitessellati,,12195,Potyvirus
Ornithogalum thyrsoides,Riboviria,Orthornavirae,Pisuviricota,Stelpaviricetes,Patatavirales,Potyviridae,Potyvirus,Potyvirus yiornithogali,,12195,Potyvirus
Panax notoginseng,Riboviria,Orthornavirae,Pisuviricota,Stelpaviricetes,Patatavirales,Potyviridae,Potyvirus,Potyvirus panax,,12195,Potyvirus
Carica papaya,Riboviria,Orthornavirae,Pisuviricota,Stelpaviricetes,Patatavirales,Potyviridae,Potyvirus,Potyvirus caricae,,12195,Potyvirus
Cucumis melo var. conomon,Riboviria,Orthornavirae,Pisuviricota,Stelpaviricetes,Patatavirales,Potyviridae,Potyvirus,Potyvirus caricae,,12195,Potyvirus
Cucumis sativus,Riboviria,Orthornavirae,Pisuviricota,Stelpaviricetes,Patatavirales,Potyviridae,Potyvirus,Potyvirus caricae,,12195,Potyvirus
Cucumis metuliferus,Riboviria,Orthornavirae,Pisuviricota,Stelpaviricetes,Patatavirales,Potyviridae,Potyvirus,Potyvirus caricae,,12195,Potyvirus
Cucumis sativus var. sativus,Riboviria,Orthornavirae,Pisuviricota,Stelpaviricetes,Patatavirales,Potyviridae,Potyvirus,Potyvirus caricae,,12195,Potyvirus
Citrullus lanatus,Riboviria,Orthornavirae,Pisuviricota,Stelpaviricetes,Patatavirales,Potyviridae,Potyvirus,Potyvirus papayanuli,,12195,Potyvirus
Cucurbita pepo,Riboviria,Orthornavirae,Pisuviricota,Stelpaviricetes,Patatavirales,Potyviridae,Potyvirus,Potyvirus papayanuli,,12195,Potyvirus
Momordica charantia,Riboviria,Orthornavirae,Pisuviricota,Stelpaviricetes,Patatavirales,Potyviridae,Potyvirus,Potyvirus papayanuli,,12195,Potyvirus
Paris polyphylla,Riboviria,Orthornavirae,Pisuviricota,Stelpaviricetes,Patatavirales,Potyviridae,Potyvirus,Potyvirus parisnecrosis,,12195,Potyvirus
Paris polyphylla var. yunnanensis,Riboviria,Orthornavirae,Pisuviricota,Stelpaviricetes,Patatavirales,Potyviridae,Potyvirus,Potyvirus paris,,12195,Potyvirus
Passiflora caerulea,Riboviria,Orthornavirae,Pisuviricota,Stelpaviricetes,Patatavirales,Potyviridae,Potyvirus,Potyvirus passiflorae,,12195,Potyvirus
Spathiphyllum patinii,Riboviria,Orthornavirae,Pisuviricota,Stelpaviricetes,Patatavirales,Potyviridae,Potyvirus,Potyvirus basellae,,12195,Potyvirus
Stylosanthes,Riboviria,Orthornavirae,Pisuviricota,Stelpaviricetes,Patatavirales,Potyviridae,Potyvirus,Potyvirus arachidis,,12195,Potyvirus
Cassia,Riboviria,Orthornavirae,Pisuviricota,Stelpaviricetes,Patatavirales,Potyviridae,Potyvirus,Potyvirus arachidis,,12195,Potyvirus
Arachis pintoi,Riboviria,Orthornavirae,Pisuviricota,Stelpaviricetes,Patatavirales,Potyviridae,Potyvirus,Potyvirus arachidis,,12195,Potyvirus
Carya illinoinensis,Riboviria,Orthornavirae,Pisuviricota,Stelpaviricetes,Patatavirales,Potyviridae,Potyvirus,Potyvirus caryae,,12195,Potyvirus
Cenchrus compressus,Riboviria,Orthornavirae,Pisuviricota,Stelpaviricetes,Patatavirales,Potyviridae,Potyvirus,Potyvirus fountaingrassi,,12195,Potyvirus
Panicum,Riboviria,Orthornavirae,Pisuviricota,Stelpaviricetes,Patatavirales,Potyviridae,Potyvirus,Potyvirus pennisseti,,12195,Potyvirus
Pennisetum,Riboviria,Orthornavirae,Pisuviricota,Stelpaviricetes,Patatavirales,Potyviridae,Potyvirus,Potyvirus pennisseti,,12195,Potyvirus
Setaria,Riboviria,Orthornavirae,Pisuviricota,Stelpaviricetes,Patatavirales,Potyviridae,Potyvirus,Potyvirus pennisseti,,12195,Potyvirus
Setaria viridis,Riboviria,Orthornavirae,Pisuviricota,Stelpaviricetes,Patatavirales,Potyviridae,Potyvirus,Potyvirus pennisseti,,12195,Potyvirus
Sorghum bicolor,Riboviria,Orthornavirae,Pisuviricota,Stelpaviricetes,Patatavirales,Potyviridae,Potyvirus,Potyvirus pennisseti,,12195,Potyvirus
Eleusine indica,Riboviria,Orthornavirae,Pisuviricota,Stelpaviricetes,Patatavirales,Potyviridae,Potyvirus,Potyvirus pennisseti,,12195,Potyvirus
Spodiopogon sibiricus,Riboviria,Orthornavirae,Pisuviricota,Stelpaviricetes,Patatavirales,Potyviridae,Potyvirus,Potyvirus pennisseti,,12195,Potyvirus
Chloris virgata,Riboviria,Orthornavirae,Pisuviricota,Stelpaviricetes,Patatavirales,Potyviridae,Potyvirus,Potyvirus pennisseti,,12195,Potyvirus
Arthraxon prionodes,Riboviria,Orthornavirae,Pisuviricota,Stelpaviricetes,Patatavirales,Potyviridae,Potyvirus,Potyvirus pennisseti,,12195,Potyvirus
Datura inoxia,Riboviria,Orthornavirae,Pisuviricota,Stelpaviricetes,Patatavirales,Potyviridae,Potyvirus,Potyvirus capsimaculae,,12195,Potyvirus
Solanum,Riboviria,Orthornavirae,Pisuviricota,Stelpaviricetes,Patatavirales,Potyviridae,Potyvirus,Potyvirus capsimaculae,,12195,Potyvirus
Capsicum frutescens,Riboviria,Orthornavirae,Pisuviricota,Stelpaviricetes,Patatavirales,Potyviridae,Potyvirus,Potyvirus capsivenae,,12195,Potyvirus
Perus,Riboviria,Orthornavirae,Pisuviricota,Stelpaviricetes,Patatavirales,Potyviridae,Potyvirus,Potyvirus perulycopersici,,12195,Potyvirus
Platycodon grandiflorus,Riboviria,Orthornavirae,Pisuviricota,Stelpaviricetes,Patatavirales,Potyviridae,Potyvirus,Potyvirus platycodonis,,12195,Potyvirus
Bambusoideae,Riboviria,Orthornavirae,Pisuviricota,Stelpaviricetes,Patatavirales,Potyviridae,Potyvirus,Potyvirus pleioblasti,,12195,Potyvirus
Pleione humilis,Riboviria,Orthornavirae,Pisuviricota,Stelpaviricetes,Patatavirales,Potyviridae,Potyvirus,Potyvirus pleionis,,12195,Potyvirus
Prunus domestica,Riboviria,Orthornavirae,Pisuviricota,Stelpaviricetes,Patatavirales,Potyviridae,Potyvirus,Potyvirus plumpoxi,,12195,Potyvirus
Prunus persica,Riboviria,Orthornavirae,Pisuviricota,Stelpaviricetes,Patatavirales,Potyviridae,Potyvirus,Potyvirus plumpoxi,,12195,Potyvirus
Prunus cerasifera,Riboviria,Orthornavirae,Pisuviricota,Stelpaviricetes,Patatavirales,Potyviridae,Potyvirus,Potyvirus plumpoxi,,12195,Potyvirus
Prunus armeniaca,Riboviria,Orthornavirae,Pisuviricota,Stelpaviricetes,Patatavirales,Potyviridae,Potyvirus,Potyvirus plumpoxi,,12195,Potyvirus
Prunus salicina,Riboviria,Orthornavirae,Pisuviricota,Stelpaviricetes,Patatavirales,Potyviridae,Potyvirus,Potyvirus plumpoxi,,12195,Potyvirus
Prunus glandulosa,Riboviria,Orthornavirae,Pisuviricota,Stelpaviricetes,Patatavirales,Potyviridae,Potyvirus,Potyvirus plumpoxi,,12195,Potyvirus
Prunus spinosa,Riboviria,Orthornavirae,Pisuviricota,Stelpaviricetes,Patatavirales,Potyviridae,Potyvirus,Potyvirus plumpoxi,,12195,Potyvirus
Phytolacca americana,Riboviria,Orthornavirae,Pisuviricota,Stelpaviricetes,Patatavirales,Potyviridae,Potyvirus,Potyvirus phytolaccae,,12195,Potyvirus
Solanum nigrum,Riboviria,Orthornavirae,Pisuviricota,Stelpaviricetes,Patatavirales,Potyviridae,Potyvirus,Potyvirus atuberosi,,12195,Potyvirus
Solanum tuberosum,Riboviria,Orthornavirae,Pisuviricota,Stelpaviricetes,Patatavirales,Potyviridae,Potyvirus,Potyvirus atuberosi,,12195,Potyvirus
Solanum betaceum,Riboviria,Orthornavirae,Pisuviricota,Stelpaviricetes,Patatavirales,Potyviridae,Potyvirus,Potyvirus atuberosi,,12195,Potyvirus
Solanum x edinense,Riboviria,Orthornavirae,Pisuviricota,Stelpaviricetes,Patatavirales,Potyviridae,Potyvirus,Potyvirus vetuberosi,,12195,Potyvirus
Nicotiana,Riboviria,Orthornavirae,Pisuviricota,Stelpaviricetes,Patatavirales,Potyviridae,Potyvirus,Potyvirus yituberosi,,12195,Potyvirus
Cucurbita,Riboviria,Orthornavirae,Pisuviricota,Stelpaviricetes,Patatavirales,Potyviridae,Potyvirus,,,12195,Potyvirus
Alstroemeria pulchella,Riboviria,Orthornavirae,Pisuviricota,Stelpaviricetes,Patatavirales,Potyviridae,Potyvirus,,,12195,Potyvirus
Amaranthus viridis,Riboviria,Orthornavirae,Pisuviricota,Stelpaviricetes,Patatavirales,Potyviridae,Potyvirus,,,12195,Potyvirus
Gomphrena globosa,Riboviria,Orthornavirae,Pisuviricota,Stelpaviricetes,Patatavirales,Potyviridae,Potyvirus,,,12195,Potyvirus
Amaranthus deflexus,Riboviria,Orthornavirae,Pisuviricota,Stelpaviricetes,Patatavirales,Potyviridae,Potyvirus,,,12195,Potyvirus
Crocus sativus,Riboviria,Orthornavirae,Pisuviricota,Stelpaviricetes,Patatavirales,Potyviridae,Potyvirus,Potyvirus croci,,12195,Potyvirus
Allium chinense,Riboviria,Orthornavirae,Pisuviricota,Stelpaviricetes,Patatavirales,Potyviridae,Potyvirus,Potyvirus ascaloniavirgae,,12195,Potyvirus
Takhtajaniantha austriaca,Riboviria,Orthornavirae,Pisuviricota,Stelpaviricetes,Patatavirales,Potyviridae,Potyvirus,Potyvirus scorzaureum,,12195,Potyvirus
Allium fistulosum,Riboviria,Orthornavirae,Pisuviricota,Stelpaviricetes,Patatavirales,Potyviridae,Potyvirus,Potyvirus ascaloniae,,12195,Potyvirus
Saccharum officinarum,Riboviria,Orthornavirae,Pisuviricota,Stelpaviricetes,Patatavirales,Potyviridae,Potyvirus,Potyvirus sorghitessellati,,12195,Potyvirus
Saccharum hybrid cultivar,Riboviria,Orthornavirae,Pisuviricota,Stelpaviricetes,Patatavirales,Potyviridae,Potyvirus,Potyvirus sorghitessellati,,12195,Potyvirus
Cucumis melo var. flexuosus,Riboviria,Orthornavirae,Pisuviricota,Stelpaviricetes,Patatavirales,Potyviridae,Potyvirus,Potyvirus cordophani,,12195,Potyvirus
Zea mays subsp. mays,Riboviria,Orthornavirae,Pisuviricota,Stelpaviricetes,Patatavirales,Potyviridae,Potyvirus,Potyvirus sacchari,,12195,Potyvirus
Ipomoea batatas,Riboviria,Orthornavirae,Pisuviricota,Stelpaviricetes,Patatavirales,Potyviridae,Potyvirus,Potyvirus batataplumei,,12195,Potyvirus
Ipomoea nil,Riboviria,Orthornavirae,Pisuviricota,Stelpaviricetes,Patatavirales,Potyviridae,Potyvirus,Potyvirus batataplumei,,12195,Potyvirus
Telosma cordata,Riboviria,Orthornavirae,Pisuviricota,Stelpaviricetes,Patatavirales,Potyviridae,Potyvirus,Potyvirus telosmae,,12195,Potyvirus
Thladiantha dubia,Riboviria,Orthornavirae,Pisuviricota,Stelpaviricetes,Patatavirales,Potyviridae,Potyvirus,Potyvirus thladiatessellati,,12195,Potyvirus
Datura stramonium,Riboviria,Orthornavirae,Pisuviricota,Stelpaviricetes,Patatavirales,Potyviridae,Potyvirus,Potyvirus nicotianainsculpentis,,12195,Potyvirus
Physalis,Riboviria,Orthornavirae,Pisuviricota,Stelpaviricetes,Patatavirales,Potyviridae,Potyvirus,Potyvirus nicotianainsculpentis,,12195,Potyvirus
Rumex,Riboviria,Orthornavirae,Pisuviricota,Stelpaviricetes,Patatavirales,Potyviridae,Potyvirus,Potyvirus nicotianavenamaculae,,12195,Potyvirus
Tradescantia,Riboviria,Orthornavirae,Pisuviricota,Stelpaviricetes,Patatavirales,Potyviridae,Potyvirus,Potyvirus tradescantiae,,12195,Potyvirus
Agave amica,Riboviria,Orthornavirae,Pisuviricota,Stelpaviricetes,Patatavirales,Potyviridae,Potyvirus,Potyvirus polianthis,,12195,Potyvirus
Tulipa hybrid cultivar,Riboviria,Orthornavirae,Pisuviricota,Stelpaviricetes,Patatavirales,Potyviridae,Potyvirus,Potyvirus tulipadefractum,,12195,Potyvirus
Brassica,Riboviria,Orthornavirae,Pisuviricota,Stelpaviricetes,Patatavirales,Potyviridae,Potyvirus,Potyvirus rapae,,12195,Potyvirus
Capsella bursa-pastoris,Riboviria,Orthornavirae,Pisuviricota,Stelpaviricetes,Patatavirales,Potyviridae,Potyvirus,Potyvirus rapae,,12195,Potyvirus
Stellaria media,Riboviria,Orthornavirae,Pisuviricota,Stelpaviricetes,Patatavirales,Potyviridae,Potyvirus,Potyvirus rapae,,12195,Potyvirus
Calanthe,Riboviria,Orthornavirae,Pisuviricota,Stelpaviricetes,Patatavirales,Potyviridae,Potyvirus,Potyvirus rapae,,12195,Potyvirus
Alliaria petiolata,Riboviria,Orthornavirae,Pisuviricota,Stelpaviricetes,Patatavirales,Potyviridae,Potyvirus,Potyvirus rapae,,12195,Potyvirus
Hesperis matronalis,Riboviria,Orthornavirae,Pisuviricota,Stelpaviricetes,Patatavirales,Potyviridae,Potyvirus,Potyvirus rapae,,12195,Potyvirus
Brassica rapa subsp. rapa,Riboviria,Orthornavirae,Pisuviricota,Stelpaviricetes,Patatavirales,Potyviridae,Potyvirus,Potyvirus rapae,,12195,Potyvirus
Narcissus,Riboviria,Orthornavirae,Pisuviricota,Stelpaviricetes,Patatavirales,Potyviridae,Potyvirus,Potyvirus vallotae,,12195,Potyvirus
Verbena,Riboviria,Orthornavirae,Pisuviricota,Stelpaviricetes,Patatavirales,Potyviridae,Potyvirus,Potyvirus verbenae,,12195,Potyvirus
Cucurbita melopepo,Riboviria,Orthornavirae,Pisuviricota,Stelpaviricetes,Patatavirales,Potyviridae,Potyvirus,Potyvirus citrulli,,12195,Potyvirus
Vanilla,Riboviria,Orthornavirae,Pisuviricota,Stelpaviricetes,Patatavirales,Potyviridae,Potyvirus,Potyvirus citrulli,,12195,Potyvirus
Orchis,Riboviria,Orthornavirae,Pisuviricota,Stelpaviricetes,Patatavirales,Potyviridae,Potyvirus,Potyvirus citrulli,,12195,Potyvirus
Cucumis melo subsp. agrestis,Riboviria,Orthornavirae,Pisuviricota,Stelpaviricetes,Patatavirales,Potyviridae,Potyvirus,Potyvirus melozonati,,12195,Potyvirus
Allium,Riboviria,Orthornavirae,Pisuviricota,Stelpaviricetes,Patatavirales,Potyviridae,Potyvirus,Potyvirus alliumagrestis,,12195,Potyvirus
Solanum chancayense,Riboviria,Orthornavirae,Pisuviricota,Stelpaviricetes,Patatavirales,Potyviridae,Potyvirus,Potyvirus muricati,,12195,Potyvirus
Solanum torvum,Riboviria,Orthornavirae,Pisuviricota,Stelpaviricetes,Patatavirales,Potyviridae,Potyvirus,Potyvirus torvi,,12195,Potyvirus
Wisteria,Riboviria,Orthornavirae,Pisuviricota,Stelpaviricetes,Patatavirales,Potyviridae,Potyvirus,Potyvirus wisteriae,,12195,Potyvirus
Dioscorea trifida,Riboviria,Orthornavirae,Pisuviricota,Stelpaviricetes,Patatavirales,Potyviridae,Potyvirus,Potyvirus yamplacidum,,12195,Potyvirus
Dioscoreaceae,Riboviria,Orthornavirae,Pisuviricota,Stelpaviricetes,Patatavirales,Potyviridae,Potyvirus,Potyvirus yamtesselati,,12195,Potyvirus
Dioscorea,Riboviria,Orthornavirae,Pisuviricota,Stelpaviricetes,Patatavirales,Potyviridae,Potyvirus,Potyvirus yamtesselati,,12195,Potyvirus
Dioscorea alata,Riboviria,Orthornavirae,Pisuviricota,Stelpaviricetes,Patatavirales,Potyviridae,Potyvirus,Potyvirus yamtesselati,,12195,Potyvirus
Nicotiana megalosiphon,Riboviria,Orthornavirae,Pisuviricota,Stelpaviricetes,Patatavirales,Potyviridae,Potyvirus,Potyvirus yamtesselati,,12195,Potyvirus
Pachyrhizus tuberosus,Riboviria,Orthornavirae,Pisuviricota,Stelpaviricetes,Patatavirales,Potyviridae,Potyvirus,Potyvirus pachyrhizus,,12195,Potyvirus
Mazzaella flaccida,Riboviria,Orthornavirae,Pisuviricota,Stelpaviricetes,Patatavirales,Potyviridae,Potyvirus,Potyvirus zantedeschiatenuis,,12195,Potyvirus
Luffa aegyptiaca,Riboviria,Orthornavirae,Pisuviricota,Stelpaviricetes,Patatavirales,Potyviridae,Potyvirus,Potyvirus cucurbitaflavitesselati,,12195,Potyvirus
Acartia tonsa,Monodnaviria,Shotokuvirae,Cressdnaviricota,Arfiviricetes,Cirlivirales,Circoviridae,Circovirus,unclassified Circovirus,,39725,Circovirus
Anguilla anguilla,Monodnaviria,Shotokuvirae,Cressdnaviricota,Arfiviricetes,Cirlivirales,Circoviridae,Circovirus,unclassified Circovirus,,39725,Circovirus
root,Monodnaviria,Shotokuvirae,Cressdnaviricota,Arfiviricetes,Cirlivirales,Circoviridae,Circovirus,Circovirus yaa,,39725,Circovirus
Rhizomys pruinosus,Monodnaviria,Shotokuvirae,Cressdnaviricota,Arfiviricetes,Cirlivirales,Circoviridae,Circovirus,Circovirus gryzon,,39725,Circovirus
Canis latrans,Monodnaviria,Shotokuvirae,Cressdnaviricota,Arfiviricetes,Cirlivirales,Circoviridae,Circovirus,Circovirus kukwuria,,39725,Circovirus
Barbus barbus,Monodnaviria,Shotokuvirae,Cressdnaviricota,Arfiviricetes,Cirlivirales,Circoviridae,Circovirus,Circovirus barbel,,39725,Circovirus
Rhinolophus ferrumequinum,Monodnaviria,Shotokuvirae,Cressdnaviricota,Arfiviricetes,Cirlivirales,Circoviridae,Circovirus,Circovirus chauvesouris,,39725,Circovirus
Tadarida brasiliensis,Monodnaviria,Shotokuvirae,Cressdnaviricota,Arfiviricetes,Cirlivirales,Circoviridae,Circovirus,Circovirus bastao,,39725,Circovirus
Plecotus auritus,Monodnaviria,Shotokuvirae,Cressdnaviricota,Arfiviricetes,Cirlivirales,Circoviridae,Circovirus,Circovirus saguzarra,,39725,Circovirus
Rhinolophus affinis,Monodnaviria,Shotokuvirae,Cressdnaviricota,Arfiviricetes,Cirlivirales,Circoviridae,Circovirus,Circovirus ratpenat,,39725,Circovirus
Rhinolophus sinicus,Monodnaviria,Shotokuvirae,Cressdnaviricota,Arfiviricetes,Cirlivirales,Circoviridae,Circovirus,Circovirus lepakko,,39725,Circovirus
Myotis pilosus,Monodnaviria,Shotokuvirae,Cressdnaviricota,Arfiviricetes,Cirlivirales,Circoviridae,Circovirus,Circovirus morcego,,39725,Circovirus
Vespertilio sinensis,Monodnaviria,Shotokuvirae,Cressdnaviricota,Arfiviricetes,Cirlivirales,Circoviridae,Circovirus,unclassified Circovirus,,39725,Circovirus
Hipposideros armiger,Monodnaviria,Shotokuvirae,Cressdnaviricota,Arfiviricetes,Cirlivirales,Circoviridae,Circovirus,unclassified Circovirus,,39725,Circovirus
Psittaciformes,Monodnaviria,Shotokuvirae,Cressdnaviricota,Arfiviricetes,Cirlivirales,Circoviridae,Circovirus,Circovirus parrot,,39725,Circovirus
Indopacetus pacificus,Monodnaviria,Shotokuvirae,Cressdnaviricota,Arfiviricetes,Cirlivirales,Circoviridae,Circovirus,Circovirus whale,,39725,Circovirus
Bos taurus,Monodnaviria,Shotokuvirae,Cressdnaviricota,Arfiviricetes,Cirlivirales,Circoviridae,Circovirus,Circovirus porcine2,,39725,Circovirus
Serinus canaria,Monodnaviria,Shotokuvirae,Cressdnaviricota,Arfiviricetes,Cirlivirales,Circoviridae,Circovirus,Circovirus canary,,39725,Circovirus
Canis lupus familiaris,Monodnaviria,Shotokuvirae,Cressdnaviricota,Arfiviricetes,Cirlivirales,Circoviridae,Circovirus,Circovirus canine,,39725,Circovirus
Pan troglodytes,Monodnaviria,Shotokuvirae,Cressdnaviricota,Arfiviricetes,Cirlivirales,Circoviridae,Circovirus,Circovirus impundu,,39725,Circovirus
Merops apiaster,Monodnaviria,Shotokuvirae,Cressdnaviricota,Arfiviricetes,Cirlivirales,Circoviridae,Circovirus,,,39725,Circovirus
Gallus gallus,Monodnaviria,Shotokuvirae,Cressdnaviricota,Arfiviricetes,Cirlivirales,Circoviridae,Circovirus,Circovirus pigeon,,39725,Circovirus
Ixodes,Monodnaviria,Shotokuvirae,Cressdnaviricota,Arfiviricetes,Cirlivirales,Circoviridae,Circovirus,,,39725,Circovirus
Orientallactaga sibirica,Monodnaviria,Shotokuvirae,Cressdnaviricota,Arfiviricetes,Cirlivirales,Circoviridae,Circovirus,,,39725,Circovirus
Myotis davidii,Monodnaviria,Shotokuvirae,Cressdnaviricota,Arfiviricetes,Cirlivirales,Circoviridae,Circovirus,unclassified Circovirus,,39725,Circovirus
Columba livia,Monodnaviria,Shotokuvirae,Cressdnaviricota,Arfiviricetes,Cirlivirales,Circoviridae,Circovirus,Circovirus pigeon,,39725,Circovirus
Anas platyrhynchos,Monodnaviria,Shotokuvirae,Cressdnaviricota,Arfiviricetes,Cirlivirales,Circoviridae,Circovirus,Circovirus duck,,39725,Circovirus
Cervus canadensis,Monodnaviria,Shotokuvirae,Cressdnaviricota,Arfiviricetes,Cirlivirales,Circoviridae,Circovirus,Circovirus elk,,39725,Circovirus
Equus caballus,Monodnaviria,Shotokuvirae,Cressdnaviricota,Arfiviricetes,Cirlivirales,Circoviridae,Circovirus,Circovirus lin,,39725,Circovirus
Eumops bonariensis,Monodnaviria,Shotokuvirae,Cressdnaviricota,Arfiviricetes,Cirlivirales,Circoviridae,Circovirus,Circovirus tzinaka,,39725,Circovirus
Silurus glanis,Monodnaviria,Shotokuvirae,Cressdnaviricota,Arfiviricetes,Cirlivirales,Circoviridae,Circovirus,Circovirus catfish,,39725,Circovirus
Penaeus duorarum,Monodnaviria,Shotokuvirae,Cressdnaviricota,Arfiviricetes,Cirlivirales,Circoviridae,Circovirus,unclassified Circovirus,,39725,Circovirus
Larus argentatus,Monodnaviria,Shotokuvirae,Cressdnaviricota,Arfiviricetes,Cirlivirales,Circoviridae,Circovirus,Circovirus finch,,39725,Circovirus
Chloebia gouldiae,Monodnaviria,Shotokuvirae,Cressdnaviricota,Arfiviricetes,Cirlivirales,Circoviridae,Circovirus,Circovirus finch,,39725,Circovirus
Ailuropoda melanoleuca,Monodnaviria,Shotokuvirae,Cressdnaviricota,Arfiviricetes,Cirlivirales,Circoviridae,Circovirus,unclassified Circovirus,,39725,Circovirus
Anser sp.,Monodnaviria,Shotokuvirae,Cressdnaviricota,Arfiviricetes,Cirlivirales,Circoviridae,Circovirus,Circovirus goose,,39725,Circovirus
Homo sapiens,Monodnaviria,Shotokuvirae,Cressdnaviricota,Arfiviricetes,Cirlivirales,Circoviridae,Circovirus,Circovirus human,,39725,Circovirus
Labidocera aestiva,Monodnaviria,Shotokuvirae,Cressdnaviricota,Arfiviricetes,Cirlivirales,Circoviridae,Circovirus,unclassified Circovirus,,39725,Circovirus
Ixobrychus minutus,Monodnaviria,Shotokuvirae,Cressdnaviricota,Arfiviricetes,Cirlivirales,Circoviridae,Circovirus,Circovirus torpegem,,39725,Circovirus
Mustela sp.,Monodnaviria,Shotokuvirae,Cressdnaviricota,Arfiviricetes,Cirlivirales,Circoviridae,Circovirus,Circovirus mink,,39725,Circovirus
Molossus molossus,Monodnaviria,Shotokuvirae,Cressdnaviricota,Arfiviricetes,Cirlivirales,Circoviridae,Circovirus,unclassified Circovirus,,39725,Circovirus
Urva auropunctata,Monodnaviria,Shotokuvirae,Cressdnaviricota,Arfiviricetes,Cirlivirales,Circoviridae,Circovirus,unclassified Circovirus,,39725,Circovirus
Cairina moschata,Monodnaviria,Shotokuvirae,Cressdnaviricota,Arfiviricetes,Cirlivirales,Circoviridae,Circovirus,Circovirus duck,,39725,Circovirus
Paguma larvata,Monodnaviria,Shotokuvirae,Cressdnaviricota,Arfiviricetes,Cirlivirales,Circoviridae,Circovirus,Circovirus civet,,39725,Circovirus
Penaeus monodon,Monodnaviria,Shotokuvirae,Cressdnaviricota,Arfiviricetes,Cirlivirales,Circoviridae,Circovirus,unclassified Circovirus,,39725,Circovirus
Pygoscelis adeliae,Monodnaviria,Shotokuvirae,Cressdnaviricota,Arfiviricetes,Cirlivirales,Circoviridae,Circovirus,Circovirus penguin,,39725,Circovirus
Sus scrofa,Monodnaviria,Shotokuvirae,Cressdnaviricota,Arfiviricetes,Cirlivirales,Circoviridae,Circovirus,unclassified Circovirus,,39725,Circovirus
Corvus coronoides,Monodnaviria,Shotokuvirae,Cressdnaviricota,Arfiviricetes,Cirlivirales,Circoviridae,Circovirus,Circovirus raven,,39725,Circovirus
Lynx rufus,Monodnaviria,Shotokuvirae,Cressdnaviricota,Arfiviricetes,Cirlivirales,Circoviridae,Circovirus,Circovirus miztli,,39725,Circovirus
Sturnus vulgaris,Monodnaviria,Shotokuvirae,Cressdnaviricota,Arfiviricetes,Cirlivirales,Circoviridae,Circovirus,Circovirus starling,,39725,Circovirus
Cygnus olor,Monodnaviria,Shotokuvirae,Cressdnaviricota,Arfiviricetes,Cirlivirales,Circoviridae,Circovirus,Circovirus swan,,39725,Circovirus
Ursus americanus americanus,Monodnaviria,Shotokuvirae,Cressdnaviricota,Arfiviricetes,Cirlivirales,Circoviridae,Circovirus,Circovirus bear,,39725,Circovirus
Leptonychotes weddellii,Monodnaviria,Shotokuvirae,Cressdnaviricota,Arfiviricetes,Cirlivirales,Circoviridae,Circovirus,Circovirus tetning,,39725,Circovirus
Mareca americana,Monodnaviria,Shotokuvirae,Cressdnaviricota,Arfiviricetes,Cirlivirales,Circoviridae,Circovirus,Circovirus naaleeli,,39725,Circovirus
Gulo gulo,Monodnaviria,Shotokuvirae,Cressdnaviricota,Arfiviricetes,Cirlivirales,Circoviridae,Circovirus,Circovirus gloton,,39725,Circovirus
Taeniopygia guttata,Monodnaviria,Shotokuvirae,Cressdnaviricota,Arfiviricetes,Cirlivirales,Circoviridae,Circovirus,Circovirus zebrafinch,,39725,Circovirus
Escherichia coli K-12,Duplodnaviria,Heunggongvirae,Uroviricota,Caudoviricetes,Caudoviricetes incertae sedis,Peduoviridae,Peduovirus,Peduovirus P2,dsDNA,140410,Peduovirus
Escherichia coli C,Duplodnaviria,Heunggongvirae,Uroviricota,Caudoviricetes,Caudoviricetes incertae sedis,Peduoviridae,Peduovirus,Peduovirus P2,dsDNA,140410,Peduovirus
Shigella sonnei,Duplodnaviria,Heunggongvirae,Uroviricota,Caudoviricetes,Caudoviricetes incertae sedis,Peduoviridae,Peduovirus,Peduovirus R18C,dsDNA,140410,Peduovirus
Citrobacter rodentium,Duplodnaviria,Heunggongvirae,Uroviricota,Caudoviricetes,Caudoviricetes incertae sedis,Peduoviridae,Peduovirus,Peduovirus R18C,dsDNA,140410,Peduovirus
Escherichia coli str. K-12 substr. MG1655,Duplodnaviria,Heunggongvirae,Uroviricota,Caudoviricetes,Caudoviricetes incertae sedis,Peduoviridae,Peduovirus,Peduovirus R18C,dsDNA,140410,Peduovirus
Escherichia coli O157:H7,Duplodnaviria,Heunggongvirae,Uroviricota,Caudoviricetes,Caudoviricetes incertae sedis,Peduoviridae,Peduovirus,Peduovirus fiAA91ss,dsDNA,140410,Peduovirus
Escherichia coli,Duplodnaviria,Heunggongvirae,Uroviricota,Caudoviricetes,Caudoviricetes incertae sedis,Peduoviridae,Peduovirus,unclassified Peduovirus,dsDNA,140410,Peduovirus
Escherichia,Duplodnaviria,Heunggongvirae,Uroviricota,Caudoviricetes,Caudoviricetes incertae sedis,Peduoviridae,Peduovirus,Peduovirus AC1,dsDNA,140410,Peduovirus
Escherichia coli W,Duplodnaviria,Heunggongvirae,Uroviricota,Caudoviricetes,Caudoviricetes incertae sedis,Peduoviridae,Peduovirus,Peduovirus Wphi,dsDNA,140410,Peduovirus
Salmonella enterica subsp. enterica serovar Newport,Duplodnaviria,Heunggongvirae,Uroviricota,Caudoviricetes,Caudoviricetes incertae sedis,Peduoviridae,Peduovirus,Peduovirus FSLSP004,dsDNA,140410,Peduovirus
Salmonella,Duplodnaviria,Heunggongvirae,Uroviricota,Caudoviricetes,Caudoviricetes incertae sedis,Peduoviridae,Peduovirus,Peduovirus P110331,dsDNA,140410,Peduovirus
Salmonella enterica subsp. enterica serovar Typhi,Duplodnaviria,Heunggongvirae,Uroviricota,Caudoviricetes,Caudoviricetes incertae sedis,Peduoviridae,Peduovirus,Peduovirus STYP1,dsDNA,140410,Peduovirus
Yersinia pestis,Duplodnaviria,Heunggongvirae,Uroviricota,Caudoviricetes,Caudoviricetes incertae sedis,Peduoviridae,Peduovirus,Peduovirus GMG73,dsDNA,140410,Peduovirus
Yersinia pestis EV76-CN,Duplodnaviria,Heunggongvirae,Uroviricota,Caudoviricetes,Caudoviricetes incertae sedis,Peduoviridae,Peduovirus,Peduovirus HQ103,dsDNA,140410,Peduovirus
Yersinia pseudotuberculosis PB1/+,Duplodnaviria,Heunggongvirae,Uroviricota,Caudoviricetes,Caudoviricetes incertae sedis,Peduoviridae,Peduovirus,Peduovirus L413C,dsDNA,140410,Peduovirus
Bathycoccus prasinos RCC1105,Varidnaviria,Bamfordvirae,Nucleocytoviricota,Megaviricetes,Algavirales,Phycodnaviridae,Prasinovirus,unclassified Prasinovirus,,181084,Prasinovirus
root,Varidnaviria,Bamfordvirae,Nucleocytoviricota,Megaviricetes,Algavirales,Phycodnaviridae,Prasinovirus,unclassified Prasinovirus,,181084,Prasinovirus
Micromonas pusilla,Varidnaviria,Bamfordvirae,Nucleocytoviricota,Megaviricetes,Algavirales,Phycodnaviridae,Prasinovirus,unclassified Prasinovirus,,181084,Prasinovirus
Micromonas sp. RCC1109,Varidnaviria,Bamfordvirae,Nucleocytoviricota,Megaviricetes,Algavirales,Phycodnaviridae,Prasinovirus,unclassified Prasinovirus,,181084,Prasinovirus
Ostreococcus sp. 'lucimarinus',Varidnaviria,Bamfordvirae,Nucleocytoviricota,Megaviricetes,Algavirales,Phycodnaviridae,Prasinovirus,unclassified Prasinovirus,,181084,Prasinovirus
Ostreococcus mediterraneus,Varidnaviria,Bamfordvirae,Nucleocytoviricota,Megaviricetes,Algavirales,Phycodnaviridae,Prasinovirus,unclassified Prasinovirus,,181084,Prasinovirus
Ostreococcus tauri,Varidnaviria,Bamfordvirae,Nucleocytoviricota,Megaviricetes,Algavirales,Phycodnaviridae,Prasinovirus,unclassified Prasinovirus,,181084,Prasinovirus
Escherichia coli,Duplodnaviria,Heunggongvirae,Uroviricota,Caudoviricetes,Caudoviricetes incertae sedis,Demerecviridae,Markadamsvirinae,Tequintavirus,dsDNA,187218,Tequintavirus
Escherichia,Duplodnaviria,Heunggongvirae,Uroviricota,Caudoviricetes,Caudoviricetes incertae sedis,Demerecviridae,Markadamsvirinae,Tequintavirus,dsDNA,187218,Tequintavirus
Escherichia coli O157:H7,Duplodnaviria,Heunggongvirae,Uroviricota,Caudoviricetes,Caudoviricetes incertae sedis,Demerecviridae,Markadamsvirinae,Tequintavirus,dsDNA,187218,Tequintavirus
Escherichia sp.,Duplodnaviria,Heunggongvirae,Uroviricota,Caudoviricetes,Caudoviricetes incertae sedis,Demerecviridae,Markadamsvirinae,Tequintavirus,dsDNA,187218,Tequintavirus
Salmonella sp.,Duplodnaviria,Heunggongvirae,Uroviricota,Caudoviricetes,Caudoviricetes incertae sedis,Demerecviridae,Markadamsvirinae,Tequintavirus,dsDNA,187218,Tequintavirus
Escherichia coli O157,Duplodnaviria,Heunggongvirae,Uroviricota,Caudoviricetes,Caudoviricetes incertae sedis,Demerecviridae,Markadamsvirinae,Tequintavirus,dsDNA,187218,Tequintavirus
Klebsiella pneumoniae KCTC 2242,Duplodnaviria,Heunggongvirae,Uroviricota,Caudoviricetes,Caudoviricetes incertae sedis,Demerecviridae,Markadamsvirinae,Tequintavirus,dsDNA,187218,Tequintavirus
Salmonella enterica,Duplodnaviria,Heunggongvirae,Uroviricota,Caudoviricetes,Caudoviricetes incertae sedis,Demerecviridae,Markadamsvirinae,Tequintavirus,dsDNA,187218,Tequintavirus
Salmonella enterica subsp. enterica serovar Heidelberg,Duplodnaviria,Heunggongvirae,Uroviricota,Caudoviricetes,Caudoviricetes incertae sedis,Demerecviridae,Markadamsvirinae,Tequintavirus,dsDNA,187218,Tequintavirus
Salmonella enterica subsp. enterica serovar Choleraesuis,Duplodnaviria,Heunggongvirae,Uroviricota,Caudoviricetes,Caudoviricetes incertae sedis,Demerecviridae,Markadamsvirinae,Tequintavirus,dsDNA,187218,Tequintavirus
Gallus gallus,Duplodnaviria,Heunggongvirae,Uroviricota,Caudoviricetes,Caudoviricetes incertae sedis,Demerecviridae,Markadamsvirinae,Tequintavirus,dsDNA,187218,Tequintavirus
Salmonella enterica subsp. enterica serovar Paratyphi A,Duplodnaviria,Heunggongvirae,Uroviricota,Caudoviricetes,Caudoviricetes incertae sedis,Demerecviridae,Markadamsvirinae,Tequintavirus,dsDNA,187218,Tequintavirus
Salmonella enterica subsp. enterica serovar Thompson,Duplodnaviria,Heunggongvirae,Uroviricota,Caudoviricetes,Caudoviricetes incertae sedis,Demerecviridae,Markadamsvirinae,Tequintavirus,dsDNA,187218,Tequintavirus
Shigella sonnei,Duplodnaviria,Heunggongvirae,Uroviricota,Caudoviricetes,Caudoviricetes incertae sedis,Demerecviridae,Markadamsvirinae,Tequintavirus,dsDNA,187218,Tequintavirus
Escherichia coli K-12,Duplodnaviria,Heunggongvirae,Uroviricota,Caudoviricetes,Caudoviricetes incertae sedis,Schitoviridae,Enquatrovirinae,Enquatrovirus,dsDNA,371730,Enquatrovirus
Escherichia coli,Duplodnaviria,Heunggongvirae,Uroviricota,Caudoviricetes,Caudoviricetes incertae sedis,Schitoviridae,Enquatrovirinae,Enquatrovirus,dsDNA,371730,Enquatrovirus
Escherichia coli O111:H-,Duplodnaviria,Heunggongvirae,Uroviricota,Caudoviricetes,Caudoviricetes incertae sedis,Schitoviridae,Enquatrovirinae,Enquatrovirus,dsDNA,371730,Enquatrovirus
Sus scrofa,Monodnaviria,Shotokuvirae,Commensaviricota,Cardeaviricetes,Sanitavirales,Anelloviridae,Kappatorquevirus,Kappatorquevirus suidak2a,,1218487,Kappatorquevirus
Mycobacterium,Duplodnaviria,Heunggongvirae,Uroviricota,Caudoviricetes,Caudoviricetes incertae sedis,Kostyavirus,Kostyavirus kv244,,dsDNA,1623284,Kostyavirus
Mycolicibacterium smegmatis MC2 155,Duplodnaviria,Heunggongvirae,Uroviricota,Caudoviricetes,Caudoviricetes incertae sedis,Kostyavirus,unclassified Kostyavirus,,dsDNA,1623284,Kostyavirus
Mycobacterium,Duplodnaviria,Heunggongvirae,Uroviricota,Caudoviricetes,Caudoviricetes incertae sedis,Kostyavirus,unclassified Kostyavirus,,dsDNA,1623284,Kostyavirus
Mycolicibacterium smegmatis MC2 155,Duplodnaviria,Heunggongvirae,Uroviricota,Caudoviricetes,Caudoviricetes incertae sedis,Kostyavirus,Kostyavirus bask21,,dsDNA,1623284,Kostyavirus
Mycobacterium,Duplodnaviria,Heunggongvirae,Uroviricota,Caudoviricetes,Caudoviricetes incertae sedis,Kostyavirus,Kostyavirus CJW1,,dsDNA,1623284,Kostyavirus
Mycolicibacterium smegmatis MC2 155,Duplodnaviria,Heunggongvirae,Uroviricota,Caudoviricetes,Caudoviricetes incertae sedis,Kostyavirus,Kostyavirus toto,,dsDNA,1623284,Kostyavirus
Mycobacterium,Duplodnaviria,Heunggongvirae,Uroviricota,Caudoviricetes,Caudoviricetes incertae sedis,Kostyavirus,Kostyavirus porky,,dsDNA,1623284,Kostyavirus
Mycolicibacterium smegmatis MC2 155,Duplodnaviria,Heunggongvirae,Uroviricota,Caudoviricetes,Caudoviricetes incertae sedis,Kostyavirus,Kostyavirus porky,,dsDNA,1623284,Kostyavirus
Mycolicibacterium smegmatis MC2 155,Duplodnaviria,Heunggongvirae,Uroviricota,Caudoviricetes,Caudoviricetes incertae sedis,Kostyavirus,Kostyavirus eureka,,dsDNA,1623284,Kostyavirus
Mycobacterium,Duplodnaviria,Heunggongvirae,Uroviricota,Caudoviricetes,Caudoviricetes incertae sedis,Kostyavirus,Kostyavirus toto,,dsDNA,1623284,Kostyavirus
Mycobacterium sp.,Duplodnaviria,Heunggongvirae,Uroviricota,Caudoviricetes,Caudoviricetes incertae sedis,Kostyavirus,Kostyavirus kostya,,dsDNA,1623284,Kostyavirus
Mycolicibacterium smegmatis MC2 155,Duplodnaviria,Heunggongvirae,Uroviricota,Caudoviricetes,Caudoviricetes incertae sedis,Kostyavirus,Kostyavirus kostya,,dsDNA,1623284,Kostyavirus
Mycolicibacterium smegmatis,Duplodnaviria,Heunggongvirae,Uroviricota,Caudoviricetes,Caudoviricetes incertae sedis,Kostyavirus,unclassified Kostyavirus,,dsDNA,1623284,Kostyavirus
Mycobacterium sp.,Duplodnaviria,Heunggongvirae,Uroviricota,Caudoviricetes,Caudoviricetes incertae sedis,Kostyavirus,Kostyavirus porky,,dsDNA,1623284,Kostyavirus
Mycolicibacterium smegmatis MC2 155,Duplodnaviria,Heunggongvirae,Uroviricota,Caudoviricetes,Caudoviricetes incertae sedis,Kostyavirus,Kostyavirus pumpkin,,dsDNA,1623284,Kostyavirus
Mycolicibacterium smegmatis MC2 155,Duplodnaviria,Heunggongvirae,Uroviricota,Caudoviricetes,Caudoviricetes incertae sedis,Kostyavirus,Kostyavirus sirduracell,,dsDNA,1623284,Kostyavirus
Mycolicibacterium smegmatis MC2 155,Duplodnaviria,Heunggongvirae,Uroviricota,Caudoviricetes,Caudoviricetes incertae sedis,Kostyavirus,Kostyavirus CJW1,,dsDNA,1623284,Kostyavirus
Streptococcus thermophilus,Duplodnaviria,Heunggongvirae,Uroviricota,Caudoviricetes,Caudoviricetes incertae sedis,Aliceevansviridae,Brussowvirus,Brussowvirus bvO1205,dsDNA,1623303,Brussowvirus
Streptococcus thermophilus DSM 20617,Duplodnaviria,Heunggongvirae,Uroviricota,Caudoviricetes,Caudoviricetes incertae sedis,Aliceevansviridae,Brussowvirus,Brussowvirus 20617,dsDNA,1623303,Brussowvirus
Streptococcus,Duplodnaviria,Heunggongvirae,Uroviricota,Caudoviricetes,Caudoviricetes incertae sedis,Aliceevansviridae,Brussowvirus,Brussowvirus Sfi11,dsDNA,1623303,Brussowvirus
Staphylococcus aureus,Duplodnaviria,Heunggongvirae,Uroviricota,Caudoviricetes,Caudoviricetes incertae sedis,Herelleviridae,Twortvirinae,Silviavirus,dsDNA,1857889,Silviavirus
Staphylococcus warneri,Duplodnaviria,Heunggongvirae,Uroviricota,Caudoviricetes,Caudoviricetes incertae sedis,Herelleviridae,Twortvirinae,Silviavirus,dsDNA,1857889,Silviavirus
Staphylococcus aureus subsp. aureus RN4220,Duplodnaviria,Heunggongvirae,Uroviricota,Caudoviricetes,Caudoviricetes incertae sedis,Herelleviridae,Twortvirinae,Silviavirus,dsDNA,1857889,Silviavirus
Loxodonta africana,Monodnaviria,Shotokuvirae,Cossaviricota,Papovaviricetes,Sepolyvirales,Polyomaviridae,Betapolyomavirus,Betapolyomavirus elephanti,,1891714,Betapolyomavirus
Papio anubis,Monodnaviria,Shotokuvirae,Cossaviricota,Papovaviricetes,Sepolyvirales,Polyomaviridae,Betapolyomavirus,Betapolyomavirus secupacynocephalus,,1891714,Betapolyomavirus
Microtus arvalis,Monodnaviria,Shotokuvirae,Cossaviricota,Papovaviricetes,Sepolyvirales,Polyomaviridae,Betapolyomavirus,Betapolyomavirus myoglareolus,,1891714,Betapolyomavirus
Myodes glareolus,Monodnaviria,Shotokuvirae,Cossaviricota,Papovaviricetes,Sepolyvirales,Polyomaviridae,Betapolyomavirus,Betapolyomavirus myoglareolus,,1891714,Betapolyomavirus
Desmodus rotundus,Monodnaviria,Shotokuvirae,Cossaviricota,Papovaviricetes,Sepolyvirales,Polyomaviridae,Betapolyomavirus,Betapolyomavirus desrotundus,,1891714,Betapolyomavirus
Pteronotus parnellii,Monodnaviria,Shotokuvirae,Cossaviricota,Papovaviricetes,Sepolyvirales,Polyomaviridae,Betapolyomavirus,Betapolyomavirus pteparnellii,,1891714,Betapolyomavirus
root,Monodnaviria,Shotokuvirae,Cossaviricota,Papovaviricetes,Sepolyvirales,Polyomaviridae,Betapolyomavirus,Betapolyomavirus secacelebensis,,1891714,Betapolyomavirus
Artibeus planirostris,Monodnaviria,Shotokuvirae,Cossaviricota,Papovaviricetes,Sepolyvirales,Polyomaviridae,Betapolyomavirus,,,1891714,Betapolyomavirus
Cebus albifrons,Monodnaviria,Shotokuvirae,Cossaviricota,Papovaviricetes,Sepolyvirales,Polyomaviridae,Betapolyomavirus,,,1891714,Betapolyomavirus
Callosciurus prevostii,Monodnaviria,Shotokuvirae,Cossaviricota,Papovaviricetes,Sepolyvirales,Polyomaviridae,Betapolyomavirus,,,1891714,Betapolyomavirus
Canis lupus familiaris,Monodnaviria,Shotokuvirae,Cossaviricota,Papovaviricetes,Sepolyvirales,Polyomaviridae,Betapolyomavirus,,,1891714,Betapolyomavirus
Cercopithecus erythrotis,Monodnaviria,Shotokuvirae,Cossaviricota,Papovaviricetes,Sepolyvirales,Polyomaviridae,Betapolyomavirus,,,1891714,Betapolyomavirus
Enhydra lutris,Monodnaviria,Shotokuvirae,Cossaviricota,Papovaviricetes,Sepolyvirales,Polyomaviridae,Betapolyomavirus,,,1891714,Betapolyomavirus
Equus caballus,Monodnaviria,Shotokuvirae,Cossaviricota,Papovaviricetes,Sepolyvirales,Polyomaviridae,Betapolyomavirus,,,1891714,Betapolyomavirus
Homo sapiens,Monodnaviria,Shotokuvirae,Cossaviricota,Papovaviricetes,Sepolyvirales,Polyomaviridae,Betapolyomavirus,,,1891714,Betapolyomavirus
Leptonychotes weddellii,Monodnaviria,Shotokuvirae,Cossaviricota,Papovaviricetes,Sepolyvirales,Polyomaviridae,Betapolyomavirus,,,1891714,Betapolyomavirus
Macaca,Monodnaviria,Shotokuvirae,Cossaviricota,Papovaviricetes,Sepolyvirales,Polyomaviridae,Betapolyomavirus,,,1891714,Betapolyomavirus
Mastomys natalensis,Monodnaviria,Shotokuvirae,Cossaviricota,Papovaviricetes,Sepolyvirales,Polyomaviridae,Betapolyomavirus,,,1891714,Betapolyomavirus
Chlorocebus pygerythrus,Monodnaviria,Shotokuvirae,Cossaviricota,Papovaviricetes,Sepolyvirales,Polyomaviridae,Betapolyomavirus,,,1891714,Betapolyomavirus
Mus musculus,Monodnaviria,Shotokuvirae,Cossaviricota,Papovaviricetes,Sepolyvirales,Polyomaviridae,Betapolyomavirus,,,1891714,Betapolyomavirus
Rattus,Monodnaviria,Shotokuvirae,Cossaviricota,Papovaviricetes,Sepolyvirales,Polyomaviridae,Betapolyomavirus,,,1891714,Betapolyomavirus
Rattus norvegicus,Monodnaviria,Shotokuvirae,Cossaviricota,Papovaviricetes,Sepolyvirales,Polyomaviridae,Betapolyomavirus,,,1891714,Betapolyomavirus
Vicugna pacos,Monodnaviria,Shotokuvirae,Cossaviricota,Papovaviricetes,Sepolyvirales,Polyomaviridae,Betapolyomavirus,,,1891714,Betapolyomavirus
Zalophus californianus,Monodnaviria,Shotokuvirae,Cossaviricota,Papovaviricetes,Sepolyvirales,Polyomaviridae,Betapolyomavirus,Betapolyomavirus zacalifornianus,,1891714,Betapolyomavirus
Glis glis,Monodnaviria,Shotokuvirae,Cossaviricota,Papovaviricetes,Sepolyvirales,Polyomaviridae,Betapolyomavirus,Betapolyomavirus gliris,,1891714,Betapolyomavirus
Lepus granatensis,Monodnaviria,Shotokuvirae,Cossaviricota,Papovaviricetes,Sepolyvirales,Polyomaviridae,Betapolyomavirus,Betapolyomavirus leporis,,1891714,Betapolyomavirus
Meles meles,Monodnaviria,Shotokuvirae,Cossaviricota,Papovaviricetes,Sepolyvirales,Polyomaviridae,Betapolyomavirus,Betapolyomavirus meletis,,1891714,Betapolyomavirus
Myotis lucifugus,Monodnaviria,Shotokuvirae,Cossaviricota,Papovaviricetes,Sepolyvirales,Polyomaviridae,Betapolyomavirus,Betapolyomavirus myolucifugus,,1891714,Betapolyomavirus
Myotis californicus,Monodnaviria,Shotokuvirae,Cossaviricota,Papovaviricetes,Sepolyvirales,Polyomaviridae,Betapolyomavirus,Betapolyomavirus myolucifugus,,1891714,Betapolyomavirus
Pan troglodytes verus,Monodnaviria,Shotokuvirae,Cossaviricota,Papovaviricetes,Sepolyvirales,Polyomaviridae,Betapolyomavirus,Betapolyomavirus octipanos,,1891714,Betapolyomavirus
Panthera leo,Monodnaviria,Shotokuvirae,Cossaviricota,Papovaviricetes,Sepolyvirales,Polyomaviridae,Betapolyomavirus,Betapolyomavirus pantherae,,1891714,Betapolyomavirus
Rousettus aegyptiacus,Monodnaviria,Shotokuvirae,Cossaviricota,Papovaviricetes,Sepolyvirales,Polyomaviridae,Betapolyomavirus,Betapolyomavirus raegyptiacus,,1891714,Betapolyomavirus
Saimiri sciureus,Monodnaviria,Shotokuvirae,Cossaviricota,Papovaviricetes,Sepolyvirales,Polyomaviridae,Betapolyomavirus,Betapolyomavirus sasciureus,,1891714,Betapolyomavirus
Sciurus carolinensis,Monodnaviria,Shotokuvirae,Cossaviricota,Papovaviricetes,Sepolyvirales,Polyomaviridae,Betapolyomavirus,Betapolyomavirus sciuri,,1891714,Betapolyomavirus
Saimiri boliviensis,Monodnaviria,Shotokuvirae,Cossaviricota,Papovaviricetes,Sepolyvirales,Polyomaviridae,Betapolyomavirus,Betapolyomavirus saboliviensis,,1891714,Betapolyomavirus
Saimiri boliviensis boliviensis,Monodnaviria,Shotokuvirae,Cossaviricota,Papovaviricetes,Sepolyvirales,Polyomaviridae,Betapolyomavirus,Betapolyomavirus saboliviensis,,1891714,Betapolyomavirus
Papio cynocephalus,Monodnaviria,Shotokuvirae,Cossaviricota,Papovaviricetes,Sepolyvirales,Polyomaviridae,Betapolyomavirus,Betapolyomavirus secupacynocephalus,,1891714,Betapolyomavirus
Priestia megaterium,Duplodnaviria,Heunggongvirae,Uroviricota,Caudoviricetes,Caudoviricetes incertae sedis,Herelleviridae,Bastillevirinae,Caeruleovirus,dsDNA,1911929,Caeruleovirus
Bacillus cereus BtB2-4,Duplodnaviria,Heunggongvirae,Uroviricota,Caudoviricetes,Caudoviricetes incertae sedis,Herelleviridae,Bastillevirinae,Caeruleovirus,dsDNA,1911929,Caeruleovirus
Xanthomonas oryzae pv. oryzae,Duplodnaviria,Heunggongvirae,Uroviricota,Caudoviricetes,Caudoviricetes incertae sedis,Herelleviridae,Bastillevirinae,Caeruleovirus,dsDNA,1911929,Caeruleovirus
Citrobacter sp. TSA-1,Duplodnaviria,Heunggongvirae,Uroviricota,Caudoviricetes,Caudoviricetes incertae sedis,Drexlerviridae,Tempevirinae,Tlsvirus,dsDNA,1920865,Tlsvirus
Citrobacter freundii,Duplodnaviria,Heunggongvirae,Uroviricota,Caudoviricetes,Caudoviricetes incertae sedis,Drexlerviridae,Tempevirinae,Tlsvirus,dsDNA,1920865,Tlsvirus
Citrobacter,Duplodnaviria,Heunggongvirae,Uroviricota,Caudoviricetes,Caudoviricetes incertae sedis,Drexlerviridae,Tempevirinae,Tlsvirus,dsDNA,1920865,Tlsvirus
Escherichia coli BW25113,Duplodnaviria,Heunggongvirae,Uroviricota,Caudoviricetes,Caudoviricetes incertae sedis,Drexlerviridae,Tempevirinae,Tlsvirus,dsDNA,1920865,Tlsvirus
Escherichia coli B,Duplodnaviria,Heunggongvirae,Uroviricota,Caudoviricetes,Caudoviricetes incertae sedis,Drexlerviridae,Tempevirinae,Tlsvirus,dsDNA,1920865,Tlsvirus
Salmonella enterica,Duplodnaviria,Heunggongvirae,Uroviricota,Caudoviricetes,Caudoviricetes incertae sedis,Drexlerviridae,Tempevirinae,Tlsvirus,dsDNA,1920865,Tlsvirus
Salmonella enterica subsp. enterica serovar Gallinarum,Duplodnaviria,Heunggongvirae,Uroviricota,Caudoviricetes,Caudoviricetes incertae sedis,Drexlerviridae,Tempevirinae,Tlsvirus,dsDNA,1920865,Tlsvirus
Salmonella enterica subsp. enterica serovar Paratyphi A,Duplodnaviria,Heunggongvirae,Uroviricota,Caudoviricetes,Caudoviricetes incertae sedis,Drexlerviridae,Tempevirinae,Tlsvirus,dsDNA,1920865,Tlsvirus
Salmonella enterica subsp. enterica serovar Paratyphi B,Duplodnaviria,Heunggongvirae,Uroviricota,Caudoviricetes,Caudoviricetes incertae sedis,Drexlerviridae,Tempevirinae,Tlsvirus,dsDNA,1920865,Tlsvirus
Salmonella enterica subsp. enterica serovar Typhi,Duplodnaviria,Heunggongvirae,Uroviricota,Caudoviricetes,Caudoviricetes incertae sedis,Drexlerviridae,Tempevirinae,Tlsvirus,dsDNA,1920865,Tlsvirus
Salmonella enterica subsp. enterica serovar Typhimurium,Duplodnaviria,Heunggongvirae,Uroviricota,Caudoviricetes,Caudoviricetes incertae sedis,Drexlerviridae,Tempevirinae,Tlsvirus,dsDNA,1920865,Tlsvirus
Salmonella enterica subsp. enterica serovar Enteritidis,Duplodnaviria,Heunggongvirae,Uroviricota,Caudoviricetes,Caudoviricetes incertae sedis,Drexlerviridae,Tempevirinae,Tlsvirus,dsDNA,1920865,Tlsvirus
Salmonella sp.,Duplodnaviria,Heunggongvirae,Uroviricota,Caudoviricetes,Caudoviricetes incertae sedis,Drexlerviridae,Tempevirinae,Tlsvirus,dsDNA,1920865,Tlsvirus
Salmonella enterica subsp. enterica serovar Kentucky,Duplodnaviria,Heunggongvirae,Uroviricota,Caudoviricetes,Caudoviricetes incertae sedis,Drexlerviridae,Tempevirinae,Tlsvirus,dsDNA,1920865,Tlsvirus
Salmonella enterica subsp. enterica serovar Pullorum,Duplodnaviria,Heunggongvirae,Uroviricota,Caudoviricetes,Caudoviricetes incertae sedis,Drexlerviridae,Tempevirinae,Tlsvirus,dsDNA,1920865,Tlsvirus
Salmonella enterica subsp. enterica serovar Infantis,Duplodnaviria,Heunggongvirae,Uroviricota,Caudoviricetes,Caudoviricetes incertae sedis,Drexlerviridae,Tempevirinae,Tlsvirus,dsDNA,1920865,Tlsvirus
Salmonella enterica subsp. enterica serovar Javiana,Duplodnaviria,Heunggongvirae,Uroviricota,Caudoviricetes,Caudoviricetes incertae sedis,Drexlerviridae,Tempevirinae,Tlsvirus,dsDNA,1920865,Tlsvirus
Salmonella enterica subsp. enterica serovar Saintpaul,Duplodnaviria,Heunggongvirae,Uroviricota,Caudoviricetes,Caudoviricetes incertae sedis,Drexlerviridae,Tempevirinae,Tlsvirus,dsDNA,1920865,Tlsvirus
Streptococcus agalactiae,Duplodnaviria,Heunggongvirae,Uroviricota,Caudoviricetes,Caudoviricetes incertae sedis,Drexlerviridae,Tempevirinae,Tlsvirus,dsDNA,1920865,Tlsvirus
Escherichia coli,Duplodnaviria,Heunggongvirae,Uroviricota,Caudoviricetes,Caudoviricetes incertae sedis,Nonagvirus,Nonagvirus nv9g,,dsDNA,1921117,Nonagvirus
Escherichia coli K-12,Duplodnaviria,Heunggongvirae,Uroviricota,Caudoviricetes,Caudoviricetes incertae sedis,Nonagvirus,Nonagvirus JenK1,,dsDNA,1921117,Nonagvirus
Escherichia coli K-12,Duplodnaviria,Heunggongvirae,Uroviricota,Caudoviricetes,Caudoviricetes incertae sedis,Nonagvirus,Nonagvirus JenP1,,dsDNA,1921117,Nonagvirus
Escherichia coli K-12,Duplodnaviria,Heunggongvirae,Uroviricota,Caudoviricetes,Caudoviricetes incertae sedis,Nonagvirus,Nonagvirus JenP2,,dsDNA,1921117,Nonagvirus
Escherichia coli,Duplodnaviria,Heunggongvirae,Uroviricota,Caudoviricetes,Caudoviricetes incertae sedis,Nonagvirus,unclassified Nonagvirus,,dsDNA,1921117,Nonagvirus
Escherichia coli K-12,Duplodnaviria,Heunggongvirae,Uroviricota,Caudoviricetes,Caudoviricetes incertae sedis,Nonagvirus,unclassified Nonagvirus,,dsDNA,1921117,Nonagvirus
Escherichia sp.,Duplodnaviria,Heunggongvirae,Uroviricota,Caudoviricetes,Caudoviricetes incertae sedis,Nonagvirus,unclassified Nonagvirus,,dsDNA,1921117,Nonagvirus
Escherichia,Duplodnaviria,Heunggongvirae,Uroviricota,Caudoviricetes,Caudoviricetes incertae sedis,Nonagvirus,unclassified Nonagvirus,,dsDNA,1921117,Nonagvirus
Salmonella enterica subsp. enterica serovar Typhimurium,Duplodnaviria,Heunggongvirae,Uroviricota,Caudoviricetes,Caudoviricetes incertae sedis,Nonagvirus,Nonagvirus SE1Kor,,dsDNA,1921117,Nonagvirus
Salmonella enterica subsp. enterica serovar Enteritidis,Duplodnaviria,Heunggongvirae,Uroviricota,Caudoviricetes,Caudoviricetes incertae sedis,Nonagvirus,Nonagvirus SE1Kor,,dsDNA,1921117,Nonagvirus
Escherichia coli O78,Duplodnaviria,Heunggongvirae,Uroviricota,Caudoviricetes,Caudoviricetes incertae sedis,Nonanavirus,unclassified Nonanavirus,,dsDNA,1921122,Nonanavirus
Escherichia,Duplodnaviria,Heunggongvirae,Uroviricota,Caudoviricetes,Caudoviricetes incertae sedis,Nonanavirus,unclassified Nonanavirus,,dsDNA,1921122,Nonanavirus
Salmonella enterica subsp. enterica serovar Typhimurium str. LT2,Duplodnaviria,Heunggongvirae,Uroviricota,Caudoviricetes,Caudoviricetes incertae sedis,Nonanavirus,Nonanavirus nv9NA,,dsDNA,1921122,Nonanavirus
Salmonella enterica,Duplodnaviria,Heunggongvirae,Uroviricota,Caudoviricetes,Caudoviricetes incertae sedis,Nonanavirus,unclassified Nonanavirus,,dsDNA,1921122,Nonanavirus
Salmonella enterica subsp. enterica serovar Newport,Duplodnaviria,Heunggongvirae,Uroviricota,Caudoviricetes,Caudoviricetes incertae sedis,Nonanavirus,Nonanavirus SP069,,dsDNA,1921122,Nonanavirus
Limnohabitans sp. DCL3,Duplodnaviria,Heunggongvirae,Uroviricota,Caudoviricetes,Caudoviricetes incertae sedis,Vandenendeviridae,Skurskavirinae,Pakpunavirus,dsDNA,1921407,Pakpunavirus
Pseudomonas aeruginosa,Duplodnaviria,Heunggongvirae,Uroviricota,Caudoviricetes,Caudoviricetes incertae sedis,Vandenendeviridae,Skurskavirinae,Pakpunavirus,dsDNA,1921407,Pakpunavirus
Pseudomonas aeruginosa PAO1,Duplodnaviria,Heunggongvirae,Uroviricota,Caudoviricetes,Caudoviricetes incertae sedis,Vandenendeviridae,Skurskavirinae,Pakpunavirus,dsDNA,1921407,Pakpunavirus
Pseudomonas aeruginosa PAK,Duplodnaviria,Heunggongvirae,Uroviricota,Caudoviricetes,Caudoviricetes incertae sedis,Vandenendeviridae,Skurskavirinae,Pakpunavirus,dsDNA,1921407,Pakpunavirus
Pseudomonas aeruginosa PA1,Duplodnaviria,Heunggongvirae,Uroviricota,Caudoviricetes,Caudoviricetes incertae sedis,Vandenendeviridae,Skurskavirinae,Pakpunavirus,dsDNA,1921407,Pakpunavirus
Pseudomonas aeruginosa ATCC 15442,Duplodnaviria,Heunggongvirae,Uroviricota,Caudoviricetes,Caudoviricetes incertae sedis,Vandenendeviridae,Skurskavirinae,Pakpunavirus,dsDNA,1921407,Pakpunavirus
Rhizobium etli GR56,Duplodnaviria,Heunggongvirae,Uroviricota,Caudoviricetes,Caudoviricetes incertae sedis,Kleczkowskavirus,Kleczkowskavirus RHEph4,,dsDNA,1921525,Kleczkowskavirus
Rhizobium etli GR56,Duplodnaviria,Heunggongvirae,Uroviricota,Caudoviricetes,Caudoviricetes incertae sedis,Kleczkowskavirus,unclassified Kleczkowskavirus,,dsDNA,1921525,Kleczkowskavirus
Rhizobium phaseoli,Duplodnaviria,Heunggongvirae,Uroviricota,Caudoviricetes,Caudoviricetes incertae sedis,Kleczkowskavirus,unclassified Kleczkowskavirus,,dsDNA,1921525,Kleczkowskavirus
Rhizobium phaseoli,Duplodnaviria,Heunggongvirae,Uroviricota,Caudoviricetes,Caudoviricetes incertae sedis,Kleczkowskavirus,Kleczkowskavirus RHEph4,,dsDNA,1921525,Kleczkowskavirus
Rhizobium etli,Duplodnaviria,Heunggongvirae,Uroviricota,Caudoviricetes,Caudoviricetes incertae sedis,Kleczkowskavirus,unclassified Kleczkowskavirus,,dsDNA,1921525,Kleczkowskavirus
Vibrio cholerae,Duplodnaviria,Heunggongvirae,Uroviricota,Caudoviricetes,Caudoviricetes incertae sedis,Enhodamvirus,unclassified Enhodamvirus,,dsDNA,1922329,Enhodamvirus
Vibrio cholerae,Duplodnaviria,Heunggongvirae,Uroviricota,Caudoviricetes,Caudoviricetes incertae sedis,Enhodamvirus,Enhodamvirus VP2,,dsDNA,1922329,Enhodamvirus
Vibrio cholerae,Duplodnaviria,Heunggongvirae,Uroviricota,Caudoviricetes,Caudoviricetes incertae sedis,Enhodamvirus,Enhodamvirus VC8,,dsDNA,1922329,Enhodamvirus
Vibrio cholerae O1,Duplodnaviria,Heunggongvirae,Uroviricota,Caudoviricetes,Caudoviricetes incertae sedis,Enhodamvirus,Enhodamvirus VC8,,dsDNA,1922329,Enhodamvirus
Vibrio parahaemolyticus,Duplodnaviria,Heunggongvirae,Uroviricota,Caudoviricetes,Caudoviricetes incertae sedis,Enhodamvirus,Enhodamvirus VP5,,dsDNA,1922329,Enhodamvirus
Pseudomonas luteola,Duplodnaviria,Heunggongvirae,Uroviricota,Caudoviricetes,Caudoviricetes incertae sedis,Mesyanzhinovviridae,Bradleyvirinae,Abidjanvirus,dsDNA,1982095,Abidjanvirus
Pseudomonas aeruginosa,Duplodnaviria,Heunggongvirae,Uroviricota,Caudoviricetes,Caudoviricetes incertae sedis,Mesyanzhinovviridae,Bradleyvirinae,Abidjanvirus,dsDNA,1982095,Abidjanvirus
Edwardsiella ictaluri,Duplodnaviria,Heunggongvirae,Uroviricota,Caudoviricetes,Caudoviricetes incertae sedis,Eiauvirus,Eiauvirus eiAU,,dsDNA,1982111,Eiauvirus
Pseudomonas aeruginosa PA14,Duplodnaviria,Heunggongvirae,Uroviricota,Caudoviricetes,Caudoviricetes incertae sedis,Mesyanzhinovviridae,Bradleyvirinae,Pamexvirus,dsDNA,1982355,Pamexvirus
Pseudomonas aeruginosa PAO1,Duplodnaviria,Heunggongvirae,Uroviricota,Caudoviricetes,Caudoviricetes incertae sedis,Mesyanzhinovviridae,Bradleyvirinae,Pamexvirus,dsDNA,1982355,Pamexvirus
Pseudomonas aeruginosa,Duplodnaviria,Heunggongvirae,Uroviricota,Caudoviricetes,Caudoviricetes incertae sedis,Kochitakasuvirus,Kochitakasuvirus KPP25,,dsDNA,1982590,Kochitakasuvirus
Pseudomonas,Duplodnaviria,Heunggongvirae,Uroviricota,Caudoviricetes,Caudoviricetes incertae sedis,Kochitakasuvirus,Kochitakasuvirus R18,,dsDNA,1982590,Kochitakasuvirus
Pseudomonas aeruginosa,Duplodnaviria,Heunggongvirae,Uroviricota,Caudoviricetes,Caudoviricetes incertae sedis,Kochitakasuvirus,unclassified Kochitakasuvirus,,dsDNA,1982590,Kochitakasuvirus
Streptomyces griseus,Duplodnaviria,Heunggongvirae,Uroviricota,Caudoviricetes,Caudoviricetes incertae sedis,Likavirus,Likavirus aaronocolus,,dsDNA,1982880,Likavirus
Streptomyces griseus,Duplodnaviria,Heunggongvirae,Uroviricota,Caudoviricetes,Caudoviricetes incertae sedis,Likavirus,unclassified Likavirus,,dsDNA,1982880,Likavirus
Streptomyces lividans,Duplodnaviria,Heunggongvirae,Uroviricota,Caudoviricetes,Caudoviricetes incertae sedis,Likavirus,unclassified Likavirus,,dsDNA,1982880,Likavirus
Streptomyces xanthochromogenes,Duplodnaviria,Heunggongvirae,Uroviricota,Caudoviricetes,Caudoviricetes incertae sedis,Likavirus,Likavirus caliburn,,dsDNA,1982880,Likavirus
Streptomyces venezuelae ATCC 10712,Duplodnaviria,Heunggongvirae,Uroviricota,Caudoviricetes,Caudoviricetes incertae sedis,Likavirus,Likavirus danzina,,dsDNA,1982880,Likavirus
Streptomyces griseus,Duplodnaviria,Heunggongvirae,Uroviricota,Caudoviricetes,Caudoviricetes incertae sedis,Likavirus,Likavirus izzy,,dsDNA,1982880,Likavirus
Streptomyces griseus,Duplodnaviria,Heunggongvirae,Uroviricota,Caudoviricetes,Caudoviricetes incertae sedis,Likavirus,Likavirus caliburn,,dsDNA,1982880,Likavirus
Streptomyces xanthochromogenes,Duplodnaviria,Heunggongvirae,Uroviricota,Caudoviricetes,Caudoviricetes incertae sedis,Likavirus,Likavirus zemlya,,dsDNA,1982880,Likavirus
Streptomyces venezuelae ATCC 10712,Duplodnaviria,Heunggongvirae,Uroviricota,Caudoviricetes,Caudoviricetes incertae sedis,Likavirus,unclassified Likavirus,,dsDNA,1982880,Likavirus
Streptomyces xanthochromogenes,Duplodnaviria,Heunggongvirae,Uroviricota,Caudoviricetes,Caudoviricetes incertae sedis,Likavirus,Likavirus aaronocolus,,dsDNA,1982880,Likavirus
Streptomyces toxytricini,Duplodnaviria,Heunggongvirae,Uroviricota,Caudoviricetes,Caudoviricetes incertae sedis,Likavirus,Likavirus goby,,dsDNA,1982880,Likavirus
Streptomyces venezuelae ATCC 10712,Duplodnaviria,Heunggongvirae,Uroviricota,Caudoviricetes,Caudoviricetes incertae sedis,Likavirus,Likavirus lika,,dsDNA,1982880,Likavirus
Streptomyces griseus,Duplodnaviria,Heunggongvirae,Uroviricota,Caudoviricetes,Caudoviricetes incertae sedis,Likavirus,Likavirus hydra,,dsDNA,1982880,Likavirus
Streptomyces venezuelae ATCC 10712,Duplodnaviria,Heunggongvirae,Uroviricota,Caudoviricetes,Caudoviricetes incertae sedis,Likavirus,Likavirus lannister,,dsDNA,1982880,Likavirus
Streptomyces lividans,Duplodnaviria,Heunggongvirae,Uroviricota,Caudoviricetes,Caudoviricetes incertae sedis,Likavirus,Likavirus lika,,dsDNA,1982880,Likavirus
Streptomyces griseus subsp. griseus,Duplodnaviria,Heunggongvirae,Uroviricota,Caudoviricetes,Caudoviricetes incertae sedis,Likavirus,Likavirus lorelei,,dsDNA,1982880,Likavirus
Streptomyces xanthochromogenes,Duplodnaviria,Heunggongvirae,Uroviricota,Caudoviricetes,Caudoviricetes incertae sedis,Likavirus,unclassified Likavirus,,dsDNA,1982880,Likavirus
Streptomyces griseus,Duplodnaviria,Heunggongvirae,Uroviricota,Caudoviricetes,Caudoviricetes incertae sedis,Likavirus,Likavirus nanodon,,dsDNA,1982880,Likavirus
Streptomyces xanthochromogenes,Duplodnaviria,Heunggongvirae,Uroviricota,Caudoviricetes,Caudoviricetes incertae sedis,Likavirus,Likavirus izzy,,dsDNA,1982880,Likavirus
Streptomyces griseofuscus,Duplodnaviria,Heunggongvirae,Uroviricota,Caudoviricetes,Caudoviricetes incertae sedis,Likavirus,Likavirus aaronocolus,,dsDNA,1982880,Likavirus
Streptomyces coelicolor,Duplodnaviria,Heunggongvirae,Uroviricota,Caudoviricetes,Caudoviricetes incertae sedis,Likavirus,unclassified Likavirus,,dsDNA,1982880,Likavirus
Streptomyces tricolor,Duplodnaviria,Heunggongvirae,Uroviricota,Caudoviricetes,Caudoviricetes incertae sedis,Likavirus,Likavirus izzy,,dsDNA,1982880,Likavirus
Streptomyces lividans,Duplodnaviria,Heunggongvirae,Uroviricota,Caudoviricetes,Caudoviricetes incertae sedis,Likavirus,Likavirus sujidade,,dsDNA,1982880,Likavirus
Streptomyces toxytricini,Duplodnaviria,Heunggongvirae,Uroviricota,Caudoviricetes,Caudoviricetes incertae sedis,Likavirus,unclassified Likavirus,,dsDNA,1982880,Likavirus
Streptomyces lividans,Duplodnaviria,Heunggongvirae,Uroviricota,Caudoviricetes,Caudoviricetes incertae sedis,Likavirus,Likavirus werner,,dsDNA,1982880,Likavirus
Streptomyces griseus,Duplodnaviria,Heunggongvirae,Uroviricota,Caudoviricetes,Caudoviricetes incertae sedis,Likavirus,Likavirus yasdnil,,dsDNA,1982880,Likavirus
Streptomyces lividans,Duplodnaviria,Heunggongvirae,Uroviricota,Caudoviricetes,Caudoviricetes incertae sedis,Likavirus,Likavirus zemlya,,dsDNA,1982880,Likavirus
Cronobacter sakazakii,Duplodnaviria,Heunggongvirae,Uroviricota,Caudoviricetes,Caudoviricetes incertae sedis,Andersonviridae,Ounavirinae,Kolesnikvirus,dsDNA,1985293,Kolesnikvirus
Erwinia sp.,Duplodnaviria,Heunggongvirae,Uroviricota,Caudoviricetes,Caudoviricetes incertae sedis,Andersonviridae,Ounavirinae,Kolesnikvirus,dsDNA,1985293,Kolesnikvirus
Erwinia amylovora,Duplodnaviria,Heunggongvirae,Uroviricota,Caudoviricetes,Caudoviricetes incertae sedis,Andersonviridae,Ounavirinae,Kolesnikvirus,dsDNA,1985293,Kolesnikvirus
Erwinia amylovora NBRC 12687 = CFBP 1232,Duplodnaviria,Heunggongvirae,Uroviricota,Caudoviricetes,Caudoviricetes incertae sedis,Andersonviridae,Ounavirinae,Kolesnikvirus,dsDNA,1985293,Kolesnikvirus
Hafnia alvei,Duplodnaviria,Heunggongvirae,Uroviricota,Caudoviricetes,Caudoviricetes incertae sedis,Andersonviridae,Ounavirinae,Kolesnikvirus,dsDNA,1985293,Kolesnikvirus
Citrobacter freundii,Duplodnaviria,Heunggongvirae,Uroviricota,Caudoviricetes,Caudoviricetes incertae sedis,Andersonviridae,Ounavirinae,Mooglevirus,dsDNA,1985303,Mooglevirus
Citrobacter sp. TSA-1,Duplodnaviria,Heunggongvirae,Uroviricota,Caudoviricetes,Caudoviricetes incertae sedis,Andersonviridae,Ounavirinae,Mooglevirus,dsDNA,1985303,Mooglevirus
Citrobacter braakii,Duplodnaviria,Heunggongvirae,Uroviricota,Caudoviricetes,Caudoviricetes incertae sedis,Andersonviridae,Ounavirinae,Mooglevirus,dsDNA,1985303,Mooglevirus
Escherichia coli,Duplodnaviria,Heunggongvirae,Uroviricota,Caudoviricetes,Caudoviricetes incertae sedis,Andersonviridae,Ounavirinae,Mooglevirus,dsDNA,1985303,Mooglevirus
Shigella sonnei,Duplodnaviria,Heunggongvirae,Uroviricota,Caudoviricetes,Caudoviricetes incertae sedis,Andersonviridae,Ounavirinae,Mooglevirus,dsDNA,1985303,Mooglevirus
Shigella sp.,Duplodnaviria,Heunggongvirae,Uroviricota,Caudoviricetes,Caudoviricetes incertae sedis,Andersonviridae,Ounavirinae,Mooglevirus,dsDNA,1985303,Mooglevirus
Shigella dysenteriae,Duplodnaviria,Heunggongvirae,Uroviricota,Caudoviricetes,Caudoviricetes incertae sedis,Andersonviridae,Ounavirinae,Mooglevirus,dsDNA,1985303,Mooglevirus
Shigella flexneri,Duplodnaviria,Heunggongvirae,Uroviricota,Caudoviricetes,Caudoviricetes incertae sedis,Andersonviridae,Ounavirinae,Mooglevirus,dsDNA,1985303,Mooglevirus
Shigella boydii,Duplodnaviria,Heunggongvirae,Uroviricota,Caudoviricetes,Caudoviricetes incertae sedis,Andersonviridae,Ounavirinae,Mooglevirus,dsDNA,1985303,Mooglevirus
Klebsiella pneumoniae,Duplodnaviria,Heunggongvirae,Uroviricota,Caudoviricetes,Pantevenvirales,Straboviridae,Tevenvirinae,Jiaodavirus,dsDNA,1985325,Jiaodavirus
Klebsiella quasipneumoniae,Duplodnaviria,Heunggongvirae,Uroviricota,Caudoviricetes,Pantevenvirales,Straboviridae,Tevenvirinae,Jiaodavirus,dsDNA,1985325,Jiaodavirus
Klebsiella aerogenes,Duplodnaviria,Heunggongvirae,Uroviricota,Caudoviricetes,Pantevenvirales,Straboviridae,Tevenvirinae,Jiaodavirus,dsDNA,1985325,Jiaodavirus
Klebsiella sp.,Duplodnaviria,Heunggongvirae,Uroviricota,Caudoviricetes,Pantevenvirales,Straboviridae,Tevenvirinae,Jiaodavirus,dsDNA,1985325,Jiaodavirus
Klebsiella variicola,Duplodnaviria,Heunggongvirae,Uroviricota,Caudoviricetes,Pantevenvirales,Straboviridae,Tevenvirinae,Jiaodavirus,dsDNA,1985325,Jiaodavirus
Klebsiella sp. M5a1,Duplodnaviria,Heunggongvirae,Uroviricota,Caudoviricetes,Pantevenvirales,Straboviridae,Tevenvirinae,Jiaodavirus,dsDNA,1985325,Jiaodavirus
Klebsiella,Duplodnaviria,Heunggongvirae,Uroviricota,Caudoviricetes,Pantevenvirales,Straboviridae,Tevenvirinae,Jiaodavirus,dsDNA,1985325,Jiaodavirus
Raoultella ornithinolytica,Duplodnaviria,Heunggongvirae,Uroviricota,Caudoviricetes,Pantevenvirales,Straboviridae,Tevenvirinae,Jiaodavirus,dsDNA,1985325,Jiaodavirus
Salmonella sp.,Duplodnaviria,Heunggongvirae,Uroviricota,Caudoviricetes,Pantevenvirales,Straboviridae,Tevenvirinae,Jiaodavirus,dsDNA,1985325,Jiaodavirus
Klebsiella aerogenes,Duplodnaviria,Heunggongvirae,Uroviricota,Caudoviricetes,Pantevenvirales,Straboviridae,Slopekvirus,Slopekvirus eap3,dsDNA,1985328,Slopekvirus
Escherichia coli,Duplodnaviria,Heunggongvirae,Uroviricota,Caudoviricetes,Pantevenvirales,Straboviridae,Slopekvirus,Slopekvirus pht4A,dsDNA,1985328,Slopekvirus
Klebsiella pneumoniae,Duplodnaviria,Heunggongvirae,Uroviricota,Caudoviricetes,Pantevenvirales,Straboviridae,Slopekvirus,unclassified Slopekvirus,dsDNA,1985328,Slopekvirus
Klebsiella sp.,Duplodnaviria,Heunggongvirae,Uroviricota,Caudoviricetes,Pantevenvirales,Straboviridae,Slopekvirus,unclassified Slopekvirus,dsDNA,1985328,Slopekvirus
Klebsiella michiganensis,Duplodnaviria,Heunggongvirae,Uroviricota,Caudoviricetes,Pantevenvirales,Straboviridae,Slopekvirus,unclassified Slopekvirus,dsDNA,1985328,Slopekvirus
Klebsiella pneumoniae subsp. pneumoniae BJ1-GA,Duplodnaviria,Heunggongvirae,Uroviricota,Caudoviricetes,Pantevenvirales,Straboviridae,Slopekvirus,unclassified Slopekvirus,dsDNA,1985328,Slopekvirus
Klebsiella pneumoniae 30684/NJST258_2,Duplodnaviria,Heunggongvirae,Uroviricota,Caudoviricetes,Pantevenvirales,Straboviridae,Slopekvirus,unclassified Slopekvirus,dsDNA,1985328,Slopekvirus
Klebsiella,Duplodnaviria,Heunggongvirae,Uroviricota,Caudoviricetes,Pantevenvirales,Straboviridae,Slopekvirus,unclassified Slopekvirus,dsDNA,1985328,Slopekvirus
Klebsiella sp. M5a1,Duplodnaviria,Heunggongvirae,Uroviricota,Caudoviricetes,Pantevenvirales,Straboviridae,Slopekvirus,unclassified Slopekvirus,dsDNA,1985328,Slopekvirus
Raoultella planticola,Duplodnaviria,Heunggongvirae,Uroviricota,Caudoviricetes,Pantevenvirales,Straboviridae,Slopekvirus,unclassified Slopekvirus,dsDNA,1985328,Slopekvirus
Acanthamoeba sp.,Varidnaviria,Bamfordvirae,Nucleocytoviricota,Megaviricetes,Imitervirales,Mimiviridae,Megamimivirinae,Tupanvirus,,2094720,Tupanvirus
Enterobacter asburiae,Duplodnaviria,Heunggongvirae,Uroviricota,Caudoviricetes,Pantevenvirales,Ackermannviridae,Aglimvirinae,Agtrevirus,dsDNA,2169532,Agtrevirus
Salmonella,Duplodnaviria,Heunggongvirae,Uroviricota,Caudoviricetes,Pantevenvirales,Ackermannviridae,Aglimvirinae,Agtrevirus,dsDNA,2169532,Agtrevirus
Salmonella sp.,Duplodnaviria,Heunggongvirae,Uroviricota,Caudoviricetes,Pantevenvirales,Ackermannviridae,Aglimvirinae,Agtrevirus,dsDNA,2169532,Agtrevirus
Salmonella enterica subsp. enterica serovar Weltevreden,Duplodnaviria,Heunggongvirae,Uroviricota,Caudoviricetes,Pantevenvirales,Ackermannviridae,Aglimvirinae,Agtrevirus,dsDNA,2169532,Agtrevirus
Salmonella enterica subsp. enterica serovar Copenhagen,Duplodnaviria,Heunggongvirae,Uroviricota,Caudoviricetes,Pantevenvirales,Ackermannviridae,Aglimvirinae,Agtrevirus,dsDNA,2169532,Agtrevirus
Shigella boydii,Duplodnaviria,Heunggongvirae,Uroviricota,Caudoviricetes,Pantevenvirales,Ackermannviridae,Aglimvirinae,Agtrevirus,dsDNA,2169532,Agtrevirus
Erwinia amylovora,Duplodnaviria,Heunggongvirae,Uroviricota,Caudoviricetes,Caudoviricetes incertae sedis,Chimalliviridae,Machinavirus,Machinavirus machina,dsDNA,2169624,Machinavirus
Salmonella enterica,Duplodnaviria,Heunggongvirae,Uroviricota,Caudoviricetes,Caudoviricetes incertae sedis,Chimalliviridae,Machinavirus,unclassified Machinavirus,dsDNA,2169624,Machinavirus
Bacillus sp. 6k512,Duplodnaviria,Heunggongvirae,Uroviricota,Caudoviricetes,Caudoviricetes incertae sedis,Svunavirus,Svunavirus sv1,,dsDNA,2169625,Svunavirus
Geobacillus sp. 6k51,Duplodnaviria,Heunggongvirae,Uroviricota,Caudoviricetes,Caudoviricetes incertae sedis,Svunavirus,Svunavirus GBSV1,,dsDNA,2169625,Svunavirus
Achromobacter xylosoxidans,Duplodnaviria,Heunggongvirae,Uroviricota,Caudoviricetes,Caudoviricetes incertae sedis,Schitoviridae,Rothmandenesvirinae,Jwalphavirus,dsDNA,2169642,Jwalphavirus
Propionibacterium freudenreichii,Duplodnaviria,Heunggongvirae,Uroviricota,Caudoviricetes,Caudoviricetes incertae sedis,Doucettevirus,Doucettevirus B22,,dsDNA,2169653,Doucettevirus
Propionibacterium freudenreichii,Duplodnaviria,Heunggongvirae,Uroviricota,Caudoviricetes,Caudoviricetes incertae sedis,Doucettevirus,Doucettevirus doucette,,dsDNA,2169653,Doucettevirus
Propionibacterium freudenreichii,Duplodnaviria,Heunggongvirae,Uroviricota,Caudoviricetes,Caudoviricetes incertae sedis,Doucettevirus,Doucettevirus E6,,dsDNA,2169653,Doucettevirus
Propionibacterium freudenreichii,Duplodnaviria,Heunggongvirae,Uroviricota,Caudoviricetes,Caudoviricetes incertae sedis,Doucettevirus,Doucettevirus G4,,dsDNA,2169653,Doucettevirus
Gordonia terrae,Duplodnaviria,Heunggongvirae,Uroviricota,Caudoviricetes,Caudoviricetes incertae sedis,Stackebrandtviridae,Frickvirinae,Wizardvirus,dsDNA,2169658,Wizardvirus
Klebsiella,Duplodnaviria,Heunggongvirae,Uroviricota,Caudoviricetes,Caudoviricetes incertae sedis,Alcyoneusvirus,Alcyoneusvirus K641,,dsDNA,2560086,Alcyoneusvirus
Klebsiella pneumoniae,Duplodnaviria,Heunggongvirae,Uroviricota,Caudoviricetes,Caudoviricetes incertae sedis,Alcyoneusvirus,Alcyoneusvirus K641,,dsDNA,2560086,Alcyoneusvirus
Klebsiella pneumoniae,Duplodnaviria,Heunggongvirae,Uroviricota,Caudoviricetes,Caudoviricetes incertae sedis,Alcyoneusvirus,unclassified Alcyoneusvirus,,dsDNA,2560086,Alcyoneusvirus
Klebsiella sp.,Duplodnaviria,Heunggongvirae,Uroviricota,Caudoviricetes,Caudoviricetes incertae sedis,Alcyoneusvirus,Alcyoneusvirus RaK2,,dsDNA,2560086,Alcyoneusvirus
Escherichia coli,Duplodnaviria,Heunggongvirae,Uroviricota,Caudoviricetes,Caudoviricetes incertae sedis,Asteriusvirus,Asteriusvirus av121Q,,dsDNA,2560094,Asteriusvirus
Escherichia coli LF82,Duplodnaviria,Heunggongvirae,Uroviricota,Caudoviricetes,Caudoviricetes incertae sedis,Asteriusvirus,unclassified Asteriusvirus,,dsDNA,2560094,Asteriusvirus
Escherichia coli,Duplodnaviria,Heunggongvirae,Uroviricota,Caudoviricetes,Caudoviricetes incertae sedis,Asteriusvirus,unclassified Asteriusvirus,,dsDNA,2560094,Asteriusvirus
Escherichia coli O157:H7,Duplodnaviria,Heunggongvirae,Uroviricota,Caudoviricetes,Caudoviricetes incertae sedis,Asteriusvirus,unclassified Asteriusvirus,,dsDNA,2560094,Asteriusvirus
Escherichia coli O157,Duplodnaviria,Heunggongvirae,Uroviricota,Caudoviricetes,Caudoviricetes incertae sedis,Asteriusvirus,Asteriusvirus PBECO4,,dsDNA,2560094,Asteriusvirus
Escherichia coli K-12,Duplodnaviria,Heunggongvirae,Uroviricota,Caudoviricetes,Caudoviricetes incertae sedis,Asteriusvirus,unclassified Asteriusvirus,,dsDNA,2560094,Asteriusvirus
Escherichia,Duplodnaviria,Heunggongvirae,Uroviricota,Caudoviricetes,Caudoviricetes incertae sedis,Asteriusvirus,Asteriusvirus PBECO4,,dsDNA,2560094,Asteriusvirus
Escherichia coli O157:H7,Duplodnaviria,Heunggongvirae,Uroviricota,Caudoviricetes,Caudoviricetes incertae sedis,Asteriusvirus,Asteriusvirus PBECO4,,dsDNA,2560094,Asteriusvirus
Escherichia coli str. K-12 substr. MG1655,Duplodnaviria,Heunggongvirae,Uroviricota,Caudoviricetes,Caudoviricetes incertae sedis,Asteriusvirus,Asteriusvirus PBECO4,,dsDNA,2560094,Asteriusvirus
Salmonella enterica subsp. enterica serovar Typhimurium,Duplodnaviria,Heunggongvirae,Uroviricota,Caudoviricetes,Caudoviricetes incertae sedis,Asteriusvirus,unclassified Asteriusvirus,,dsDNA,2560094,Asteriusvirus
Pseudomonas syringae,Duplodnaviria,Heunggongvirae,Uroviricota,Caudoviricetes,Autographivirales,Autonotataviridae,Bifseptvirus,Bifseptvirus andromeda,dsDNA,2560102,Bifseptvirus
Pseudomonas tolaasii,Duplodnaviria,Heunggongvirae,Uroviricota,Caudoviricetes,Autographivirales,Autonotataviridae,Bifseptvirus,Bifseptvirus Bf7,dsDNA,2560102,Bifseptvirus
Pseudomonas fluorescens,Duplodnaviria,Heunggongvirae,Uroviricota,Caudoviricetes,Autographivirales,Autonotataviridae,Bifseptvirus,Bifseptvirus BIMBV45,dsDNA,2560102,Bifseptvirus
Pseudomonas psychrophila,Duplodnaviria,Heunggongvirae,Uroviricota,Caudoviricetes,Autographivirales,Autonotataviridae,Bifseptvirus,unclassified Bifseptvirus,dsDNA,2560102,Bifseptvirus
Pseudomonas syringae pv. syringae,Duplodnaviria,Heunggongvirae,Uroviricota,Caudoviricetes,Autographivirales,Autonotataviridae,Bifseptvirus,Bifseptvirus SoKa,dsDNA,2560102,Bifseptvirus
Pseudomonas coronafaciens pv. porri,Duplodnaviria,Heunggongvirae,Uroviricota,Caudoviricetes,Caudoviricetes incertae sedis,Vandenendeviridae,Gorskivirinae,Flaumdravirus,dsDNA,2560133,Flaumdravirus
Edwardsiella anguillarum,Duplodnaviria,Heunggongvirae,Uroviricota,Caudoviricetes,Caudoviricetes incertae sedis,Gofduovirus,Gofduovirus edno5,,dsDNA,2560141,Gofduovirus
Edwardsiella tarda,Duplodnaviria,Heunggongvirae,Uroviricota,Caudoviricetes,Caudoviricetes incertae sedis,Gofduovirus,Gofduovirus GF2,,dsDNA,2560141,Gofduovirus
Erwinia amylovora,Duplodnaviria,Heunggongvirae,Uroviricota,Caudoviricetes,Caudoviricetes incertae sedis,Chimalliviridae,Iapetusvirus,Iapetusvirus EaH1,dsDNA,2560148,Iapetusvirus
Microbacterium foliorum,Duplodnaviria,Heunggongvirae,Uroviricota,Caudoviricetes,Caudoviricetes incertae sedis,Ilzatvirus,unclassified Ilzatvirus,,dsDNA,2560150,Ilzatvirus
Microbacterium foliorum,Duplodnaviria,Heunggongvirae,Uroviricota,Caudoviricetes,Caudoviricetes incertae sedis,Ilzatvirus,Ilzatvirus teagan,,dsDNA,2560150,Ilzatvirus
Microbacterium foliorum,Duplodnaviria,Heunggongvirae,Uroviricota,Caudoviricetes,Caudoviricetes incertae sedis,Ilzatvirus,Ilzatvirus ilzat,,dsDNA,2560150,Ilzatvirus
Microbacterium foliorum,Duplodnaviria,Heunggongvirae,Uroviricota,Caudoviricetes,Caudoviricetes incertae sedis,Ilzatvirus,Ilzatvirus hamlet,,dsDNA,2560150,Ilzatvirus
Microbacterium,Duplodnaviria,Heunggongvirae,Uroviricota,Caudoviricetes,Caudoviricetes incertae sedis,Ilzatvirus,Ilzatvirus teagan,,dsDNA,2560150,Ilzatvirus
Microbacterium foliorum,Duplodnaviria,Heunggongvirae,Uroviricota,Caudoviricetes,Caudoviricetes incertae sedis,Ilzatvirus,Ilzatvirus mcgalleon,,dsDNA,2560150,Ilzatvirus
Microbacterium maritypicum,Duplodnaviria,Heunggongvirae,Uroviricota,Caudoviricetes,Caudoviricetes incertae sedis,Ilzatvirus,Ilzatvirus hamlet,,dsDNA,2560150,Ilzatvirus
Microbacterium foliorum,Duplodnaviria,Heunggongvirae,Uroviricota,Caudoviricetes,Caudoviricetes incertae sedis,Ilzatvirus,Ilzatvirus monchoix,,dsDNA,2560150,Ilzatvirus
Microbacterium foliorum,Duplodnaviria,Heunggongvirae,Uroviricota,Caudoviricetes,Caudoviricetes incertae sedis,Kojivirus,unclassified Kojivirus,,dsDNA,2560161,Kojivirus
Microbacterium foliorum,Duplodnaviria,Heunggongvirae,Uroviricota,Caudoviricetes,Caudoviricetes incertae sedis,Kojivirus,Kojivirus golden,,dsDNA,2560161,Kojivirus
Microbacterium foliorum,Duplodnaviria,Heunggongvirae,Uroviricota,Caudoviricetes,Caudoviricetes incertae sedis,Kojivirus,Kojivirus koji,,dsDNA,2560161,Kojivirus
Acinetobacter baumannii,Duplodnaviria,Heunggongvirae,Uroviricota,Caudoviricetes,Caudoviricetes incertae sedis,Metrivirus,Metrivirus ME3,,dsDNA,2560175,Metrivirus
Cronobacter sakazakii,Duplodnaviria,Heunggongvirae,Uroviricota,Caudoviricetes,Caudoviricetes incertae sedis,Mimasvirus,Mimasvirus GAP32,,dsDNA,2560176,Mimasvirus
Pectobacterium carotovorum subsp. carotovorum,Duplodnaviria,Heunggongvirae,Uroviricota,Caudoviricetes,Caudoviricetes incertae sedis,Mimasvirus,Mimasvirus CBB,,dsDNA,2560176,Mimasvirus
Xanthomonas vesicatoria,Duplodnaviria,Heunggongvirae,Uroviricota,Caudoviricetes,Caudoviricetes incertae sedis,Mimasvirus,unclassified Mimasvirus,,dsDNA,2560176,Mimasvirus
Pseudomonas,Duplodnaviria,Heunggongvirae,Uroviricota,Caudoviricetes,Autographivirales,Autonotataviridae,Napahaivirus,Napahaivirus VSW3,dsDNA,2560184,Napahaivirus
Pseudomonas syringae pv. actinidiae,Duplodnaviria,Heunggongvirae,Uroviricota,Caudoviricetes,Caudoviricetes incertae sedis,Nickievirus,unclassified Nickievirus,,dsDNA,2560188,Nickievirus
Pseudomonas syringae,Duplodnaviria,Heunggongvirae,Uroviricota,Caudoviricetes,Caudoviricetes incertae sedis,Nickievirus,unclassified Nickievirus,,dsDNA,2560188,Nickievirus
Pseudomonas syringae pv. avii,Duplodnaviria,Heunggongvirae,Uroviricota,Caudoviricetes,Caudoviricetes incertae sedis,Nickievirus,Nickievirus nickie,,dsDNA,2560188,Nickievirus
Dickeya dianthicola,Duplodnaviria,Heunggongvirae,Uroviricota,Caudoviricetes,Caudoviricetes incertae sedis,Vandenendeviridae,Gorskivirinae,Otagovirus,dsDNA,2560197,Otagovirus
Pseudomonas syringae,Duplodnaviria,Heunggongvirae,Uroviricota,Caudoviricetes,Caudoviricetes incertae sedis,Vandenendeviridae,Gorskivirinae,Otagovirus,dsDNA,2560197,Otagovirus
Pseudomonas sp.,Duplodnaviria,Heunggongvirae,Uroviricota,Caudoviricetes,Caudoviricetes incertae sedis,Vandenendeviridae,Gorskivirinae,Otagovirus,dsDNA,2560197,Otagovirus
Pseudomonas syringae pv. actinidiae,Duplodnaviria,Heunggongvirae,Uroviricota,Caudoviricetes,Caudoviricetes incertae sedis,Vandenendeviridae,Gorskivirinae,Otagovirus,dsDNA,2560197,Otagovirus
Pseudomonas syringae pv. actinidiae ICMP 18800,Duplodnaviria,Heunggongvirae,Uroviricota,Caudoviricetes,Caudoviricetes incertae sedis,Vandenendeviridae,Gorskivirinae,Otagovirus,dsDNA,2560197,Otagovirus
Pseudomonas savastanoi pv. phaseolicola,Duplodnaviria,Heunggongvirae,Uroviricota,Caudoviricetes,Caudoviricetes incertae sedis,Vandenendeviridae,Gorskivirinae,Otagovirus,dsDNA,2560197,Otagovirus
Pectobacterium atrosepticum,Duplodnaviria,Heunggongvirae,Uroviricota,Caudoviricetes,Caudoviricetes incertae sedis,Peatvirus,Peatvirus peat2,,dsDNA,2560201,Peatvirus
Pectobacterium,Duplodnaviria,Heunggongvirae,Uroviricota,Caudoviricetes,Caudoviricetes incertae sedis,Peatvirus,Peatvirus peat2,,dsDNA,2560201,Peatvirus
Microbacterium foliorum,Duplodnaviria,Heunggongvirae,Uroviricota,Caudoviricetes,Caudoviricetes incertae sedis,Pikminvirus,Pikminvirus pikmin,,dsDNA,2560203,Pikminvirus
Flavobacterium psychrophilum,Duplodnaviria,Heunggongvirae,Uroviricota,Caudoviricetes,Caudoviricetes incertae sedis,Duneviridae,Unahavirus,Unahavirus uv23T,dsDNA,2560245,Unahavirus
Ralstonia solanacearum,Duplodnaviria,Heunggongvirae,Uroviricota,Caudoviricetes,Autographivirales,Autographivirales incertae sedis,Gyeongsanvirus,Gyeongsanvirus DURPI,dsDNA,2731942,Gyeongsanvirus
Ralstonia,Duplodnaviria,Heunggongvirae,Uroviricota,Caudoviricetes,Autographivirales,Autographivirales incertae sedis,Gyeongsanvirus,Gyeongsanvirus RsoP1EGY,dsDNA,2731942,Gyeongsanvirus
Ralstonia solanacearum,Duplodnaviria,Heunggongvirae,Uroviricota,Caudoviricetes,Autographivirales,Autotranscriptaviridae,Kelmasvirus,Kelmasvirus RSB2,dsDNA,2731950,Kelmasvirus
Rhizobium etli,Duplodnaviria,Heunggongvirae,Uroviricota,Caudoviricetes,Autographivirales,Autographivirales incertae sedis,Paadamvirus,Paadamvirus RHEph01,dsDNA,2731961,Paadamvirus
Rhizobium leguminosarum,Duplodnaviria,Heunggongvirae,Uroviricota,Caudoviricetes,Autographivirales,Autographivirales incertae sedis,Paadamvirus,Paadamvirus TRX321,dsDNA,2731961,Paadamvirus
Delftia sp. 670,Duplodnaviria,Heunggongvirae,Uroviricota,Caudoviricetes,Autographivirales,Autotranscriptaviridae,Piedvirus,Piedvirus IMEDE1,dsDNA,2731968,Piedvirus
Sphingomonas paucimobilis,Duplodnaviria,Heunggongvirae,Uroviricota,Caudoviricetes,Autographivirales,Autonotataviridae,Scottvirus,Scottvirus scott,dsDNA,2731973,Scottvirus
Escherichia coli K-12,Duplodnaviria,Heunggongvirae,Uroviricota,Caudoviricetes,Caudoviricetes incertae sedis,Demerecviridae,Markadamsvirinae,Epseptimavirus,dsDNA,2732017,Epseptimavirus
Escherichia coli str. K-12 substr. MG1655,Duplodnaviria,Heunggongvirae,Uroviricota,Caudoviricetes,Caudoviricetes incertae sedis,Demerecviridae,Markadamsvirinae,Epseptimavirus,dsDNA,2732017,Epseptimavirus
Campylobacter jejuni,Duplodnaviria,Heunggongvirae,Uroviricota,Caudoviricetes,Caudoviricetes incertae sedis,Demerecviridae,Markadamsvirinae,Epseptimavirus,dsDNA,2732017,Epseptimavirus
Citrobacter freundii,Duplodnaviria,Heunggongvirae,Uroviricota,Caudoviricetes,Caudoviricetes incertae sedis,Demerecviridae,Markadamsvirinae,Epseptimavirus,dsDNA,2732017,Epseptimavirus
Enterobacteriaceae,Duplodnaviria,Heunggongvirae,Uroviricota,Caudoviricetes,Caudoviricetes incertae sedis,Demerecviridae,Markadamsvirinae,Epseptimavirus,dsDNA,2732017,Epseptimavirus
Klebsiella pneumoniae,Duplodnaviria,Heunggongvirae,Uroviricota,Caudoviricetes,Caudoviricetes incertae sedis,Demerecviridae,Markadamsvirinae,Epseptimavirus,dsDNA,2732017,Epseptimavirus
Obesumbacterium proteus,Duplodnaviria,Heunggongvirae,Uroviricota,Caudoviricetes,Caudoviricetes incertae sedis,Demerecviridae,Markadamsvirinae,Epseptimavirus,dsDNA,2732017,Epseptimavirus
,Duplodnaviria,Heunggongvirae,Uroviricota,Caudoviricetes,Caudoviricetes incertae sedis,Demerecviridae,Markadamsvirinae,Epseptimavirus,dsDNA,2732017,Epseptimavirus
Salmonella enterica subsp. enterica,Duplodnaviria,Heunggongvirae,Uroviricota,Caudoviricetes,Caudoviricetes incertae sedis,Demerecviridae,Markadamsvirinae,Epseptimavirus,dsDNA,2732017,Epseptimavirus
Salmonella enterica subsp. enterica serovar Gallinarum,Duplodnaviria,Heunggongvirae,Uroviricota,Caudoviricetes,Caudoviricetes incertae sedis,Demerecviridae,Markadamsvirinae,Epseptimavirus,dsDNA,2732017,Epseptimavirus
Salmonella enterica subsp. enterica serovar Enteritidis,Duplodnaviria,Heunggongvirae,Uroviricota,Caudoviricetes,Caudoviricetes incertae sedis,Demerecviridae,Markadamsvirinae,Epseptimavirus,dsDNA,2732017,Epseptimavirus
Salmonella enterica subsp. enterica serovar Typhimurium,Duplodnaviria,Heunggongvirae,Uroviricota,Caudoviricetes,Caudoviricetes incertae sedis,Demerecviridae,Markadamsvirinae,Epseptimavirus,dsDNA,2732017,Epseptimavirus
Salmonella,Duplodnaviria,Heunggongvirae,Uroviricota,Caudoviricetes,Caudoviricetes incertae sedis,Demerecviridae,Markadamsvirinae,Epseptimavirus,dsDNA,2732017,Epseptimavirus
Salmonella enterica subsp. enterica serovar Infantis,Duplodnaviria,Heunggongvirae,Uroviricota,Caudoviricetes,Caudoviricetes incertae sedis,Demerecviridae,Markadamsvirinae,Epseptimavirus,dsDNA,2732017,Epseptimavirus
Salmonella enterica subsp. enterica serovar Anatum,Duplodnaviria,Heunggongvirae,Uroviricota,Caudoviricetes,Caudoviricetes incertae sedis,Demerecviridae,Markadamsvirinae,Epseptimavirus,dsDNA,2732017,Epseptimavirus
Salmonella enterica subsp. enterica serovar Kentucky,Duplodnaviria,Heunggongvirae,Uroviricota,Caudoviricetes,Caudoviricetes incertae sedis,Demerecviridae,Markadamsvirinae,Epseptimavirus,dsDNA,2732017,Epseptimavirus
Salmonella enterica subsp. enterica serovar Hadar,Duplodnaviria,Heunggongvirae,Uroviricota,Caudoviricetes,Caudoviricetes incertae sedis,Demerecviridae,Markadamsvirinae,Epseptimavirus,dsDNA,2732017,Epseptimavirus
Salmonella enterica subsp. enterica serovar Oranienburg,Duplodnaviria,Heunggongvirae,Uroviricota,Caudoviricetes,Caudoviricetes incertae sedis,Demerecviridae,Markadamsvirinae,Epseptimavirus,dsDNA,2732017,Epseptimavirus
Salmonella enterica subsp. enterica serovar Virchow,Duplodnaviria,Heunggongvirae,Uroviricota,Caudoviricetes,Caudoviricetes incertae sedis,Demerecviridae,Markadamsvirinae,Epseptimavirus,dsDNA,2732017,Epseptimavirus
Salmonella enterica subsp. enterica serovar Weltevreden,Duplodnaviria,Heunggongvirae,Uroviricota,Caudoviricetes,Caudoviricetes incertae sedis,Demerecviridae,Markadamsvirinae,Epseptimavirus,dsDNA,2732017,Epseptimavirus
Salmonella enterica subsp. enterica serovar Saintpaul,Duplodnaviria,Heunggongvirae,Uroviricota,Caudoviricetes,Caudoviricetes incertae sedis,Demerecviridae,Markadamsvirinae,Epseptimavirus,dsDNA,2732017,Epseptimavirus
Salmonella enterica subsp. enterica serovar Typhimurium str. LT2,Duplodnaviria,Heunggongvirae,Uroviricota,Caudoviricetes,Caudoviricetes incertae sedis,Demerecviridae,Markadamsvirinae,Epseptimavirus,dsDNA,2732017,Epseptimavirus
Salmonella enterica subsp. enterica serovar Newport,Duplodnaviria,Heunggongvirae,Uroviricota,Caudoviricetes,Caudoviricetes incertae sedis,Demerecviridae,Markadamsvirinae,Epseptimavirus,dsDNA,2732017,Epseptimavirus
Salmonella enterica subsp. enterica serovar Montevideo,Duplodnaviria,Heunggongvirae,Uroviricota,Caudoviricetes,Caudoviricetes incertae sedis,Demerecviridae,Markadamsvirinae,Epseptimavirus,dsDNA,2732017,Epseptimavirus
Salmonella enterica subsp. enterica serovar Poona,Duplodnaviria,Heunggongvirae,Uroviricota,Caudoviricetes,Caudoviricetes incertae sedis,Demerecviridae,Markadamsvirinae,Epseptimavirus,dsDNA,2732017,Epseptimavirus
Salmonella enterica subsp. enterica serovar Typhimurium str. 14028S,Duplodnaviria,Heunggongvirae,Uroviricota,Caudoviricetes,Caudoviricetes incertae sedis,Demerecviridae,Markadamsvirinae,Epseptimavirus,dsDNA,2732017,Epseptimavirus
Salmonella enterica subsp. enterica serovar Corvallis,Duplodnaviria,Heunggongvirae,Uroviricota,Caudoviricetes,Caudoviricetes incertae sedis,Demerecviridae,Markadamsvirinae,Epseptimavirus,dsDNA,2732017,Epseptimavirus
"Salmonella enterica subsp. enterica serovar Typhimurium var. monophasic 4,5,12:i:-",Duplodnaviria,Heunggongvirae,Uroviricota,Caudoviricetes,Caudoviricetes incertae sedis,Demerecviridae,Markadamsvirinae,Epseptimavirus,dsDNA,2732017,Epseptimavirus
Salmonella enterica subsp. enterica serovar Pullorum,Duplodnaviria,Heunggongvirae,Uroviricota,Caudoviricetes,Caudoviricetes incertae sedis,Demerecviridae,Markadamsvirinae,Epseptimavirus,dsDNA,2732017,Epseptimavirus
Salmonella enterica subsp. enterica serovar Typhimurium str. SL1344,Duplodnaviria,Heunggongvirae,Uroviricota,Caudoviricetes,Caudoviricetes incertae sedis,Demerecviridae,Markadamsvirinae,Epseptimavirus,dsDNA,2732017,Epseptimavirus
Salmonella enterica subsp. enterica serovar Typhimurium str. ST4/74,Duplodnaviria,Heunggongvirae,Uroviricota,Caudoviricetes,Caudoviricetes incertae sedis,Demerecviridae,Markadamsvirinae,Epseptimavirus,dsDNA,2732017,Epseptimavirus
Salmonella enterica subsp. enterica serovar Derby,Duplodnaviria,Heunggongvirae,Uroviricota,Caudoviricetes,Caudoviricetes incertae sedis,Demerecviridae,Markadamsvirinae,Epseptimavirus,dsDNA,2732017,Epseptimavirus
Salmonella enterica subsp. enterica serovar Dublin,Duplodnaviria,Heunggongvirae,Uroviricota,Caudoviricetes,Caudoviricetes incertae sedis,Demerecviridae,Markadamsvirinae,Epseptimavirus,dsDNA,2732017,Epseptimavirus
Salmonella enterica subsp. enterica serovar Typhi,Duplodnaviria,Heunggongvirae,Uroviricota,Caudoviricetes,Caudoviricetes incertae sedis,Demerecviridae,Markadamsvirinae,Epseptimavirus,dsDNA,2732017,Epseptimavirus
"Salmonella enterica subsp. enterica serovar 1,4,[5],12:i:-",Duplodnaviria,Heunggongvirae,Uroviricota,Caudoviricetes,Caudoviricetes incertae sedis,Demerecviridae,Markadamsvirinae,Epseptimavirus,dsDNA,2732017,Epseptimavirus
Salmonella enterica subsp. enterica serovar Javiana,Duplodnaviria,Heunggongvirae,Uroviricota,Caudoviricetes,Caudoviricetes incertae sedis,Demerecviridae,Markadamsvirinae,Epseptimavirus,dsDNA,2732017,Epseptimavirus
Salmonella enterica subsp. enterica serovar Braenderup,Duplodnaviria,Heunggongvirae,Uroviricota,Caudoviricetes,Caudoviricetes incertae sedis,Demerecviridae,Markadamsvirinae,Epseptimavirus,dsDNA,2732017,Epseptimavirus
Yersinia enterocolitica,Duplodnaviria,Heunggongvirae,Uroviricota,Caudoviricetes,Caudoviricetes incertae sedis,Demerecviridae,Markadamsvirinae,Epseptimavirus,dsDNA,2732017,Epseptimavirus
Aeromonas hydrophila subsp. hydrophila,Duplodnaviria,Heunggongvirae,Uroviricota,Caudoviricetes,Caudoviricetes incertae sedis,Demerecviridae,Shenzhenvirus,unclassified Shenzhenvirus,dsDNA,2732038,Shenzhenvirus
Aeromonas hydrophila,Duplodnaviria,Heunggongvirae,Uroviricota,Caudoviricetes,Caudoviricetes incertae sedis,Demerecviridae,Shenzhenvirus,Shenzhenvirus AhSzq1,dsDNA,2732038,Shenzhenvirus
Aeromonas dhakensis,Duplodnaviria,Heunggongvirae,Uroviricota,Caudoviricetes,Caudoviricetes incertae sedis,Demerecviridae,Shenzhenvirus,unclassified Shenzhenvirus,dsDNA,2732038,Shenzhenvirus
Escherichia sp.,Duplodnaviria,Heunggongvirae,Uroviricota,Caudoviricetes,Caudoviricetes incertae sedis,Drexlerviridae,Nouzillyvirus,unclassified Nouzillyvirus,dsDNA,2732049,Nouzillyvirus
Escherichia coli,Duplodnaviria,Heunggongvirae,Uroviricota,Caudoviricetes,Caudoviricetes incertae sedis,Drexlerviridae,Nouzillyvirus,unclassified Nouzillyvirus,dsDNA,2732049,Nouzillyvirus
,Duplodnaviria,Heunggongvirae,Uroviricota,Caudoviricetes,Caudoviricetes incertae sedis,Drexlerviridae,Nouzillyvirus,unclassified Nouzillyvirus,dsDNA,2732049,Nouzillyvirus
Dickeya solani,Duplodnaviria,Heunggongvirae,Uroviricota,Caudoviricetes,Autographivirales,Autotranscriptaviridae,Studiervirinae,Aarhusvirus,dsDNA,2732675,Aarhusvirus
Citrobacter freundii,Duplodnaviria,Heunggongvirae,Uroviricota,Caudoviricetes,Autographivirales,Autotranscriptaviridae,Studiervirinae,Berlinvirus,dsDNA,2732677,Berlinvirus
Salmonella sp.,Duplodnaviria,Heunggongvirae,Uroviricota,Caudoviricetes,Autographivirales,Autotranscriptaviridae,Studiervirinae,Berlinvirus,dsDNA,2732677,Berlinvirus
Erwinia sp.,Duplodnaviria,Heunggongvirae,Uroviricota,Caudoviricetes,Autographivirales,Autotranscriptaviridae,Studiervirinae,Berlinvirus,dsDNA,2732677,Berlinvirus
Erwinia amylovora,Duplodnaviria,Heunggongvirae,Uroviricota,Caudoviricetes,Autographivirales,Autotranscriptaviridae,Studiervirinae,Berlinvirus,dsDNA,2732677,Berlinvirus
Escherichia coli K-12,Duplodnaviria,Heunggongvirae,Uroviricota,Caudoviricetes,Autographivirales,Autotranscriptaviridae,Studiervirinae,Berlinvirus,dsDNA,2732677,Berlinvirus
Escherichia coli MC1061,Duplodnaviria,Heunggongvirae,Uroviricota,Caudoviricetes,Autographivirales,Autotranscriptaviridae,Studiervirinae,Berlinvirus,dsDNA,2732677,Berlinvirus
Kluyvera cryocrescens,Duplodnaviria,Heunggongvirae,Uroviricota,Caudoviricetes,Autographivirales,Autotranscriptaviridae,Studiervirinae,Berlinvirus,dsDNA,2732677,Berlinvirus
Pectobacterium wasabiae,Duplodnaviria,Heunggongvirae,Uroviricota,Caudoviricetes,Autographivirales,Autotranscriptaviridae,Studiervirinae,Berlinvirus,dsDNA,2732677,Berlinvirus
Salmonella enterica subsp. enterica serovar Typhimurium,Duplodnaviria,Heunggongvirae,Uroviricota,Caudoviricetes,Autographivirales,Autotranscriptaviridae,Studiervirinae,Berlinvirus,dsDNA,2732677,Berlinvirus
Yersinia pestis subsp. pestis,Duplodnaviria,Heunggongvirae,Uroviricota,Caudoviricetes,Autographivirales,Autotranscriptaviridae,Studiervirinae,Berlinvirus,dsDNA,2732677,Berlinvirus
Yersinia pestis,Duplodnaviria,Heunggongvirae,Uroviricota,Caudoviricetes,Autographivirales,Autotranscriptaviridae,Studiervirinae,Berlinvirus,dsDNA,2732677,Berlinvirus
Yersinia pseudotuberculosis,Duplodnaviria,Heunggongvirae,Uroviricota,Caudoviricetes,Autographivirales,Autotranscriptaviridae,Studiervirinae,Berlinvirus,dsDNA,2732677,Berlinvirus
Yersinia similis,Duplodnaviria,Heunggongvirae,Uroviricota,Caudoviricetes,Autographivirales,Autotranscriptaviridae,Studiervirinae,Berlinvirus,dsDNA,2732677,Berlinvirus
Yersinia wautersii,Duplodnaviria,Heunggongvirae,Uroviricota,Caudoviricetes,Autographivirales,Autotranscriptaviridae,Studiervirinae,Berlinvirus,dsDNA,2732677,Berlinvirus
Vibrio cholerae,Duplodnaviria,Heunggongvirae,Uroviricota,Caudoviricetes,Autographivirales,Autotranscriptaviridae,Studiervirinae,Chatterjeevirus,dsDNA,2732679,Chatterjeevirus
Vibrio cholerae O1 biovar El Tor,Duplodnaviria,Heunggongvirae,Uroviricota,Caudoviricetes,Autographivirales,Autotranscriptaviridae,Studiervirinae,Chatterjeevirus,dsDNA,2732679,Chatterjeevirus
Vibrio sp.,Duplodnaviria,Heunggongvirae,Uroviricota,Caudoviricetes,Autographivirales,Autotranscriptaviridae,Studiervirinae,Chatterjeevirus,dsDNA,2732679,Chatterjeevirus
Vibrio cholerae O1,Duplodnaviria,Heunggongvirae,Uroviricota,Caudoviricetes,Autographivirales,Autotranscriptaviridae,Studiervirinae,Chatterjeevirus,dsDNA,2732679,Chatterjeevirus
Vibrio,Duplodnaviria,Heunggongvirae,Uroviricota,Caudoviricetes,Autographivirales,Autotranscriptaviridae,Studiervirinae,Chatterjeevirus,dsDNA,2732679,Chatterjeevirus
Pseudomonas syringae,Duplodnaviria,Heunggongvirae,Uroviricota,Caudoviricetes,Autographivirales,Autotranscriptaviridae,Studiervirinae,Ghunavirus,dsDNA,2732683,Ghunavirus
Dickeya dadantii,Duplodnaviria,Heunggongvirae,Uroviricota,Caudoviricetes,Autographivirales,Autotranscriptaviridae,Studiervirinae,Ghunavirus,dsDNA,2732683,Ghunavirus
Pseudomonas zeae,Duplodnaviria,Heunggongvirae,Uroviricota,Caudoviricetes,Autographivirales,Autotranscriptaviridae,Studiervirinae,Ghunavirus,dsDNA,2732683,Ghunavirus
Pseudomonas,Duplodnaviria,Heunggongvirae,Uroviricota,Caudoviricetes,Autographivirales,Autotranscriptaviridae,Studiervirinae,Ghunavirus,dsDNA,2732683,Ghunavirus
Pseudomonas syringae pv. tomato,Duplodnaviria,Heunggongvirae,Uroviricota,Caudoviricetes,Autographivirales,Autotranscriptaviridae,Studiervirinae,Ghunavirus,dsDNA,2732683,Ghunavirus
Pseudomonas sp.,Duplodnaviria,Heunggongvirae,Uroviricota,Caudoviricetes,Autographivirales,Autotranscriptaviridae,Studiervirinae,Ghunavirus,dsDNA,2732683,Ghunavirus
Pseudomonas syringae pv. actinidiae CFBP 7286,Duplodnaviria,Heunggongvirae,Uroviricota,Caudoviricetes,Autographivirales,Autotranscriptaviridae,Studiervirinae,Ghunavirus,dsDNA,2732683,Ghunavirus
Pseudomonas syringae pv. actinidiae,Duplodnaviria,Heunggongvirae,Uroviricota,Caudoviricetes,Autographivirales,Autotranscriptaviridae,Studiervirinae,Ghunavirus,dsDNA,2732683,Ghunavirus
Pseudomonas syringae pv. tomato str. DC3000,Duplodnaviria,Heunggongvirae,Uroviricota,Caudoviricetes,Autographivirales,Autotranscriptaviridae,Studiervirinae,Ghunavirus,dsDNA,2732683,Ghunavirus
Pseudomonas sp. F,Duplodnaviria,Heunggongvirae,Uroviricota,Caudoviricetes,Autographivirales,Autotranscriptaviridae,Studiervirinae,Ghunavirus,dsDNA,2732683,Ghunavirus
Pseudomonas fluorescens group,Duplodnaviria,Heunggongvirae,Uroviricota,Caudoviricetes,Autographivirales,Autotranscriptaviridae,Studiervirinae,Ghunavirus,dsDNA,2732683,Ghunavirus
Pseudomonas savastanoi pv. glycinea,Duplodnaviria,Heunggongvirae,Uroviricota,Caudoviricetes,Autographivirales,Autotranscriptaviridae,Studiervirinae,Ghunavirus,dsDNA,2732683,Ghunavirus
Pseudomonas syringae pv. actinidiae ICMP 18800,Duplodnaviria,Heunggongvirae,Uroviricota,Caudoviricetes,Autographivirales,Autotranscriptaviridae,Studiervirinae,Ghunavirus,dsDNA,2732683,Ghunavirus
Pseudomonas cichorii,Duplodnaviria,Heunggongvirae,Uroviricota,Caudoviricetes,Autographivirales,Autotranscriptaviridae,Studiervirinae,Ghunavirus,dsDNA,2732683,Ghunavirus
Xanthomonas translucens,Duplodnaviria,Heunggongvirae,Uroviricota,Caudoviricetes,Autographivirales,Autotranscriptaviridae,Studiervirinae,Ghunavirus,dsDNA,2732683,Ghunavirus
Xanthomonas translucens pv. translucens,Duplodnaviria,Heunggongvirae,Uroviricota,Caudoviricetes,Autographivirales,Autotranscriptaviridae,Studiervirinae,Ghunavirus,dsDNA,2732683,Ghunavirus
Yersinia enterocolitica (type O:3),Duplodnaviria,Heunggongvirae,Uroviricota,Caudoviricetes,Autographivirales,Autotranscriptaviridae,Studiervirinae,Helsettvirus,dsDNA,2732684,Helsettvirus
Yersinia pestis EV76-CN,Duplodnaviria,Heunggongvirae,Uroviricota,Caudoviricetes,Autographivirales,Autotranscriptaviridae,Studiervirinae,Helsettvirus,dsDNA,2732684,Helsettvirus
Pectobacterium carotovorum subsp. carotovorum,Duplodnaviria,Heunggongvirae,Uroviricota,Caudoviricetes,Autographivirales,Autotranscriptaviridae,Studiervirinae,Jarilovirus,dsDNA,2732685,Jarilovirus
Morganella morganii,Duplodnaviria,Heunggongvirae,Uroviricota,Caudoviricetes,Autographivirales,Autotranscriptaviridae,Studiervirinae,Minipunavirus,dsDNA,2732687,Minipunavirus
Morganella,Duplodnaviria,Heunggongvirae,Uroviricota,Caudoviricetes,Autographivirales,Autotranscriptaviridae,Studiervirinae,Minipunavirus,dsDNA,2732687,Minipunavirus
Dickeya chrysanthemi,Duplodnaviria,Heunggongvirae,Uroviricota,Caudoviricetes,Autographivirales,Autotranscriptaviridae,Studiervirinae,Ningirsuvirus,dsDNA,2732688,Ningirsuvirus
Dickeya solani MK10,Duplodnaviria,Heunggongvirae,Uroviricota,Caudoviricetes,Autographivirales,Autotranscriptaviridae,Studiervirinae,Ningirsuvirus,dsDNA,2732688,Ningirsuvirus
Dickeya dianthicola,Duplodnaviria,Heunggongvirae,Uroviricota,Caudoviricetes,Autographivirales,Autotranscriptaviridae,Studiervirinae,Ningirsuvirus,dsDNA,2732688,Ningirsuvirus
Aeromonas hydrophila,Duplodnaviria,Heunggongvirae,Uroviricota,Caudoviricetes,Autographivirales,Autonotataviridae,Melnykvirinae,Ahphunavirus,dsDNA,2732912,Ahphunavirus
Aeromonas hydrophila subsp. hydrophila ATCC 7966,Duplodnaviria,Heunggongvirae,Uroviricota,Caudoviricetes,Autographivirales,Autonotataviridae,Melnykvirinae,Ahphunavirus,dsDNA,2732912,Ahphunavirus
Aeromonas hydrophila subsp. hydrophila,Duplodnaviria,Heunggongvirae,Uroviricota,Caudoviricetes,Autographivirales,Autonotataviridae,Melnykvirinae,Ahphunavirus,dsDNA,2732912,Ahphunavirus
Aeromonas dhakensis,Duplodnaviria,Heunggongvirae,Uroviricota,Caudoviricetes,Autographivirales,Autonotataviridae,Melnykvirinae,Ahphunavirus,dsDNA,2732912,Ahphunavirus
Escherichia coli,Duplodnaviria,Heunggongvirae,Uroviricota,Caudoviricetes,Autographivirales,Autonotataviridae,Melnykvirinae,Ahphunavirus,dsDNA,2732912,Ahphunavirus
Pseudomonas putida,Duplodnaviria,Heunggongvirae,Uroviricota,Caudoviricetes,Autographivirales,Autoscriptoviridae,Corkvirinae,Kantovirus,dsDNA,2732920,Kantovirus
Burkholderia pseudomallei,Duplodnaviria,Heunggongvirae,Uroviricota,Caudoviricetes,Autographivirales,Autonotataviridae,Ampunavirus,Ampunavirus BpAMP1,dsDNA,2732929,Ampunavirus
Burkholderia pseudomallei K96243,Duplodnaviria,Heunggongvirae,Uroviricota,Caudoviricetes,Autographivirales,Autonotataviridae,Ampunavirus,Ampunavirus BpAMP1,dsDNA,2732929,Ampunavirus
Burkholderia pseudomallei 1710a,Duplodnaviria,Heunggongvirae,Uroviricota,Caudoviricetes,Autographivirales,Autonotataviridae,Ampunavirus,Ampunavirus BpAMP1,dsDNA,2732929,Ampunavirus
Burkholderia pseudomallei 576,Duplodnaviria,Heunggongvirae,Uroviricota,Caudoviricetes,Autographivirales,Autonotataviridae,Ampunavirus,Ampunavirus BpAMP1,dsDNA,2732929,Ampunavirus
Burkholderia pseudomallei MSHR491,Duplodnaviria,Heunggongvirae,Uroviricota,Caudoviricetes,Autographivirales,Autonotataviridae,Ampunavirus,Ampunavirus BpAMP1,dsDNA,2732929,Ampunavirus
Ralstonia solanacearum,Duplodnaviria,Heunggongvirae,Uroviricota,Caudoviricetes,Autographivirales,Autonotataviridae,Ampunavirus,Ampunavirus RSPI1,dsDNA,2732929,Ampunavirus
Ralstonia solanacearum,Duplodnaviria,Heunggongvirae,Uroviricota,Caudoviricetes,Autographivirales,Autonotataviridae,Risjevirus,Risjevirus RSJ2,dsDNA,2732932,Risjevirus
Shigella flexneri,Duplodnaviria,Heunggongvirae,Uroviricota,Caudoviricetes,Autographivirales,Autoscriptoviridae,Slopekvirinae,Bucovirus,dsDNA,2732937,Bucovirus
Erwinia amylovora,Duplodnaviria,Heunggongvirae,Uroviricota,Caudoviricetes,Caudoviricetes incertae sedis,Chaseviridae,Cleopatravirinae,Loessnervirus,dsDNA,2732962,Loessnervirus
Erwinia sp.,Duplodnaviria,Heunggongvirae,Uroviricota,Caudoviricetes,Caudoviricetes incertae sedis,Chaseviridae,Cleopatravirinae,Loessnervirus,dsDNA,2732962,Loessnervirus
Pantoea agglomerans,Duplodnaviria,Heunggongvirae,Uroviricota,Caudoviricetes,Caudoviricetes incertae sedis,Chaseviridae,Cleopatravirinae,Loessnervirus,dsDNA,2732962,Loessnervirus
Enterococcus faecium,Duplodnaviria,Heunggongvirae,Uroviricota,Caudoviricetes,Caudoviricetes incertae sedis,Herelleviridae,Brockvirinae,Schiekvirus,dsDNA,2732968,Schiekvirus
Enterococcus faecium TX1330,Duplodnaviria,Heunggongvirae,Uroviricota,Caudoviricetes,Caudoviricetes incertae sedis,Herelleviridae,Brockvirinae,Schiekvirus,dsDNA,2732968,Schiekvirus
Enterococcus faecium E1071,Duplodnaviria,Heunggongvirae,Uroviricota,Caudoviricetes,Caudoviricetes incertae sedis,Herelleviridae,Brockvirinae,Schiekvirus,dsDNA,2732968,Schiekvirus
Enterococcus faecalis EnGen0211,Duplodnaviria,Heunggongvirae,Uroviricota,Caudoviricetes,Caudoviricetes incertae sedis,Herelleviridae,Brockvirinae,Schiekvirus,dsDNA,2732968,Schiekvirus
Lactiplantibacillus plantarum,Duplodnaviria,Heunggongvirae,Uroviricota,Caudoviricetes,Caudoviricetes incertae sedis,Herelleviridae,Harbinvirus,Harbinvirus bacchae,dsDNA,2732970,Harbinvirus
Lactobacillus,Duplodnaviria,Heunggongvirae,Uroviricota,Caudoviricetes,Caudoviricetes incertae sedis,Herelleviridae,Harbinvirus,Harbinvirus bromius,dsDNA,2732970,Harbinvirus
Aeromonas sp.,Duplodnaviria,Heunggongvirae,Uroviricota,Caudoviricetes,Caudoviricetes incertae sedis,Peduoviridae,Bielevirus,Bielevirus A051,dsDNA,2732974,Bielevirus
Aeromonas veronii,Duplodnaviria,Heunggongvirae,Uroviricota,Caudoviricetes,Caudoviricetes incertae sedis,Peduoviridae,Bielevirus,unclassified Bielevirus,dsDNA,2732974,Bielevirus
Aeromonas media,Duplodnaviria,Heunggongvirae,Uroviricota,Caudoviricetes,Caudoviricetes incertae sedis,Peduoviridae,Bielevirus,Bielevirus phiO18P,dsDNA,2732974,Bielevirus
Dickeya solani MK10,Duplodnaviria,Heunggongvirae,Uroviricota,Caudoviricetes,Caudoviricetes incertae sedis,Alexandravirus,Alexandravirus AD1,,dsDNA,2733088,Alexandravirus
Erwinia amylovora,Duplodnaviria,Heunggongvirae,Uroviricota,Caudoviricetes,Caudoviricetes incertae sedis,Alexandravirus,Alexandravirus SNUABM1,,dsDNA,2733088,Alexandravirus
Erwinia amylovora,Duplodnaviria,Heunggongvirae,Uroviricota,Caudoviricetes,Caudoviricetes incertae sedis,Alexandravirus,Alexandravirus SNUABM16,,dsDNA,2733088,Alexandravirus
Erwinia amylovora,Duplodnaviria,Heunggongvirae,Uroviricota,Caudoviricetes,Caudoviricetes incertae sedis,Alexandravirus,Alexandravirus SNUABM17,,dsDNA,2733088,Alexandravirus
Erwinia amylovora,Duplodnaviria,Heunggongvirae,Uroviricota,Caudoviricetes,Caudoviricetes incertae sedis,Alexandravirus,unclassified Alexandravirus,,dsDNA,2733088,Alexandravirus
Erwinia amylovora,Duplodnaviria,Heunggongvirae,Uroviricota,Caudoviricetes,Caudoviricetes incertae sedis,Alexandravirus,Alexandravirus SNUABM2,,dsDNA,2733088,Alexandravirus
Erwinia amylovora,Duplodnaviria,Heunggongvirae,Uroviricota,Caudoviricetes,Caudoviricetes incertae sedis,Alexandravirus,Alexandravirus SNUABM22,,dsDNA,2733088,Alexandravirus
Erwinia amylovora,Duplodnaviria,Heunggongvirae,Uroviricota,Caudoviricetes,Caudoviricetes incertae sedis,Alexandravirus,Alexandravirus SNUABM3,,dsDNA,2733088,Alexandravirus
Erwinia amylovora,Duplodnaviria,Heunggongvirae,Uroviricota,Caudoviricetes,Caudoviricetes incertae sedis,Alexandravirus,Alexandravirus SNUABM30,,dsDNA,2733088,Alexandravirus
Erwinia amylovora,Duplodnaviria,Heunggongvirae,Uroviricota,Caudoviricetes,Caudoviricetes incertae sedis,Alexandravirus,Alexandravirus SNUABM32,,dsDNA,2733088,Alexandravirus
Erwinia amylovora,Duplodnaviria,Heunggongvirae,Uroviricota,Caudoviricetes,Caudoviricetes incertae sedis,Alexandravirus,Alexandravirus SNUABM33,,dsDNA,2733088,Alexandravirus
Erwinia amylovora,Duplodnaviria,Heunggongvirae,Uroviricota,Caudoviricetes,Caudoviricetes incertae sedis,Alexandravirus,Alexandravirus SNUABM35,,dsDNA,2733088,Alexandravirus
Erwinia amylovora,Duplodnaviria,Heunggongvirae,Uroviricota,Caudoviricetes,Caudoviricetes incertae sedis,Alexandravirus,Alexandravirus alexandra,,dsDNA,2733088,Alexandravirus
Synechococcus sp.,Duplodnaviria,Heunggongvirae,Uroviricota,Caudoviricetes,Pantevenvirales,Kyanoviridae,Anaposvirus,Anaposvirus socalone,dsDNA,2733090,Anaposvirus
Pseudomonas aeruginosa PAO1,Duplodnaviria,Heunggongvirae,Uroviricota,Caudoviricetes,Caudoviricetes incertae sedis,Baikalvirus,Baikalvirus PaBG,,dsDNA,2733094,Baikalvirus
Rheinheimera sp. BAL341,Duplodnaviria,Heunggongvirae,Uroviricota,Caudoviricetes,Caudoviricetes incertae sedis,Barbavirus,Barbavirus barba21A,,dsDNA,2733095,Barbavirus
Rheinheimera sp. BAL341,Duplodnaviria,Heunggongvirae,Uroviricota,Caudoviricetes,Caudoviricetes incertae sedis,Barbavirus,Barbavirus barba5S,,dsDNA,2733095,Barbavirus
Rheinheimera sp. BAL341,Duplodnaviria,Heunggongvirae,Uroviricota,Caudoviricetes,Caudoviricetes incertae sedis,Barbavirus,Barbavirus barba8S,,dsDNA,2733095,Barbavirus
Rheinheimera sp. BAL341,Duplodnaviria,Heunggongvirae,Uroviricota,Caudoviricetes,Caudoviricetes incertae sedis,Barbavirus,Barbavirus barba18A,,dsDNA,2733095,Barbavirus
Rheinheimera sp. BAL341,Duplodnaviria,Heunggongvirae,Uroviricota,Caudoviricetes,Caudoviricetes incertae sedis,Barbavirus,Barbavirus barba19A,,dsDNA,2733095,Barbavirus
Rheinheimera sp. BAL341,Duplodnaviria,Heunggongvirae,Uroviricota,Caudoviricetes,Caudoviricetes incertae sedis,Barbavirus,unclassified Barbavirus,,dsDNA,2733095,Barbavirus
Klebsiella pneumoniae,Duplodnaviria,Heunggongvirae,Uroviricota,Caudoviricetes,Caudoviricetes incertae sedis,Loughboroughvirus,unclassified Loughboroughvirus,,dsDNA,2733112,Loughboroughvirus
Salmonella sp.,Duplodnaviria,Heunggongvirae,Uroviricota,Caudoviricetes,Caudoviricetes incertae sedis,Loughboroughvirus,unclassified Loughboroughvirus,,dsDNA,2733112,Loughboroughvirus
Salmonella enterica,Duplodnaviria,Heunggongvirae,Uroviricota,Caudoviricetes,Caudoviricetes incertae sedis,Loughboroughvirus,unclassified Loughboroughvirus,,dsDNA,2733112,Loughboroughvirus
Salmonella enterica subsp. enterica serovar Infantis,Duplodnaviria,Heunggongvirae,Uroviricota,Caudoviricetes,Caudoviricetes incertae sedis,Loughboroughvirus,Loughboroughvirus ZCSE2,,dsDNA,2733112,Loughboroughvirus
Salmonella,Duplodnaviria,Heunggongvirae,Uroviricota,Caudoviricetes,Caudoviricetes incertae sedis,Loughboroughvirus,unclassified Loughboroughvirus,,dsDNA,2733112,Loughboroughvirus
Salmonella enterica subsp. enterica serovar Enteritidis,Duplodnaviria,Heunggongvirae,Uroviricota,Caudoviricetes,Caudoviricetes incertae sedis,Loughboroughvirus,Loughboroughvirus ZCSE2,,dsDNA,2733112,Loughboroughvirus
Edwardsiella tarda,Duplodnaviria,Heunggongvirae,Uroviricota,Caudoviricetes,Caudoviricetes incertae sedis,Chimalliviridae,Petsuvirus,Petsuvirus pEtSU,dsDNA,2733122,Petsuvirus
Pseudomonas fluorescens,Duplodnaviria,Heunggongvirae,Uroviricota,Caudoviricetes,Caudoviricetes incertae sedis,Chimalliviridae,Petsuvirus,unclassified Petsuvirus,dsDNA,2733122,Petsuvirus
Serratia marcescens,Duplodnaviria,Heunggongvirae,Uroviricota,Caudoviricetes,Caudoviricetes incertae sedis,Chimalliviridae,Petsuvirus,unclassified Petsuvirus,dsDNA,2733122,Petsuvirus
Escherichia coli,Duplodnaviria,Heunggongvirae,Uroviricota,Caudoviricetes,Caudoviricetes incertae sedis,Rosemountvirus,unclassified Rosemountvirus,,dsDNA,2733127,Rosemountvirus
Escherichia coli,Duplodnaviria,Heunggongvirae,Uroviricota,Caudoviricetes,Caudoviricetes incertae sedis,Rosemountvirus,Rosemountvirus yarpen,,dsDNA,2733127,Rosemountvirus
Escherichia sp.,Duplodnaviria,Heunggongvirae,Uroviricota,Caudoviricetes,Caudoviricetes incertae sedis,Rosemountvirus,unclassified Rosemountvirus,,dsDNA,2733127,Rosemountvirus
Escherichia,Duplodnaviria,Heunggongvirae,Uroviricota,Caudoviricetes,Caudoviricetes incertae sedis,Rosemountvirus,Rosemountvirus BP63,,dsDNA,2733127,Rosemountvirus
Listeria monocytogenes,Duplodnaviria,Heunggongvirae,Uroviricota,Caudoviricetes,Caudoviricetes incertae sedis,Rosemountvirus,unclassified Rosemountvirus,,dsDNA,2733127,Rosemountvirus
,Duplodnaviria,Heunggongvirae,Uroviricota,Caudoviricetes,Caudoviricetes incertae sedis,Rosemountvirus,unclassified Rosemountvirus,,dsDNA,2733127,Rosemountvirus
Salmonella enterica subsp. enterica,Duplodnaviria,Heunggongvirae,Uroviricota,Caudoviricetes,Caudoviricetes incertae sedis,Rosemountvirus,unclassified Rosemountvirus,,dsDNA,2733127,Rosemountvirus
Salmonella enterica subsp. enterica serovar Enteritidis,Duplodnaviria,Heunggongvirae,Uroviricota,Caudoviricetes,Caudoviricetes incertae sedis,Rosemountvirus,Rosemountvirus birk,,dsDNA,2733127,Rosemountvirus
Salmonella enterica,Duplodnaviria,Heunggongvirae,Uroviricota,Caudoviricetes,Caudoviricetes incertae sedis,Rosemountvirus,Rosemountvirus BP63,,dsDNA,2733127,Rosemountvirus
Salmonella enterica subsp. enterica serovar Enteritidis,Duplodnaviria,Heunggongvirae,Uroviricota,Caudoviricetes,Caudoviricetes incertae sedis,Rosemountvirus,Rosemountvirus SE13,,dsDNA,2733127,Rosemountvirus
Salmonella enterica subsp. enterica serovar Enteritidis,Duplodnaviria,Heunggongvirae,Uroviricota,Caudoviricetes,Caudoviricetes incertae sedis,Rosemountvirus,Rosemountvirus BP63,,dsDNA,2733127,Rosemountvirus
Salmonella enterica subsp. enterica serovar Enteritidis,Duplodnaviria,Heunggongvirae,Uroviricota,Caudoviricetes,Caudoviricetes incertae sedis,Rosemountvirus,unclassified Rosemountvirus,,dsDNA,2733127,Rosemountvirus
Salmonella enterica subsp. enterica serovar Enteritidis,Duplodnaviria,Heunggongvirae,Uroviricota,Caudoviricetes,Caudoviricetes incertae sedis,Rosemountvirus,Rosemountvirus yarpen,,dsDNA,2733127,Rosemountvirus
Salmonella sp.,Duplodnaviria,Heunggongvirae,Uroviricota,Caudoviricetes,Caudoviricetes incertae sedis,Rosemountvirus,unclassified Rosemountvirus,,dsDNA,2733127,Rosemountvirus
Salmonella,Duplodnaviria,Heunggongvirae,Uroviricota,Caudoviricetes,Caudoviricetes incertae sedis,Rosemountvirus,Rosemountvirus SE13,,dsDNA,2733127,Rosemountvirus
Salmonella enterica,Duplodnaviria,Heunggongvirae,Uroviricota,Caudoviricetes,Caudoviricetes incertae sedis,Rosemountvirus,unclassified Rosemountvirus,,dsDNA,2733127,Rosemountvirus
Salmonella enterica subsp. enterica,Duplodnaviria,Heunggongvirae,Uroviricota,Caudoviricetes,Caudoviricetes incertae sedis,Rosemountvirus,Rosemountvirus UPFBP2,,dsDNA,2733127,Rosemountvirus
Salmonella enterica,Duplodnaviria,Heunggongvirae,Uroviricota,Caudoviricetes,Caudoviricetes incertae sedis,Rosemountvirus,Rosemountvirus SE13,,dsDNA,2733127,Rosemountvirus
Salmonella enterica subsp. enterica serovar Infantis,Duplodnaviria,Heunggongvirae,Uroviricota,Caudoviricetes,Caudoviricetes incertae sedis,Rosemountvirus,unclassified Rosemountvirus,,dsDNA,2733127,Rosemountvirus
Acinetobacter baumannii,Duplodnaviria,Heunggongvirae,Uroviricota,Caudoviricetes,Caudoviricetes incertae sedis,Saclayvirus,unclassified Saclayvirus,,dsDNA,2733128,Saclayvirus
Acinetobacter sp.,Duplodnaviria,Heunggongvirae,Uroviricota,Caudoviricetes,Caudoviricetes incertae sedis,Saclayvirus,unclassified Saclayvirus,,dsDNA,2733128,Saclayvirus
Acinetobacter baumannii,Duplodnaviria,Heunggongvirae,Uroviricota,Caudoviricetes,Caudoviricetes incertae sedis,Saclayvirus,Saclayvirus Aci011,,dsDNA,2733128,Saclayvirus
Acinetobacter baumannii,Duplodnaviria,Heunggongvirae,Uroviricota,Caudoviricetes,Caudoviricetes incertae sedis,Saclayvirus,Saclayvirus Aci022,,dsDNA,2733128,Saclayvirus
Acinetobacter baumannii,Duplodnaviria,Heunggongvirae,Uroviricota,Caudoviricetes,Caudoviricetes incertae sedis,Saclayvirus,Saclayvirus Aci05,,dsDNA,2733128,Saclayvirus
Acinetobacter,Duplodnaviria,Heunggongvirae,Uroviricota,Caudoviricetes,Caudoviricetes incertae sedis,Saclayvirus,unclassified Saclayvirus,,dsDNA,2733128,Saclayvirus
Burkholderia cepacia,Duplodnaviria,Heunggongvirae,Uroviricota,Caudoviricetes,Caudoviricetes incertae sedis,Ryyoungvirus,Ryyoungvirus bcepC6B,,dsDNA,2733147,Ryyoungvirus
Caulobacter vibrioides CB15,Duplodnaviria,Heunggongvirae,Uroviricota,Caudoviricetes,Caudoviricetes incertae sedis,Jeanschmidtviridae,Poindextervirus,Poindextervirus rogue,dsDNA,2733154,Poindextervirus
Lactobacillus,Duplodnaviria,Heunggongvirae,Uroviricota,Caudoviricetes,Caudoviricetes incertae sedis,Lenusvirus,Lenusvirus lenus,,dsDNA,2733160,Lenusvirus
Lactobacillus,Duplodnaviria,Heunggongvirae,Uroviricota,Caudoviricetes,Caudoviricetes incertae sedis,Lenusvirus,Lenusvirus nyseid,,dsDNA,2733160,Lenusvirus
Levilactobacillus brevis,Duplodnaviria,Heunggongvirae,Uroviricota,Caudoviricetes,Caudoviricetes incertae sedis,Lenusvirus,Lenusvirus SAC12,,dsDNA,2733160,Lenusvirus
Lactobacillus delbrueckii subsp. lactis,Duplodnaviria,Heunggongvirae,Uroviricota,Caudoviricetes,Caudoviricetes incertae sedis,Lidleunavirus,Lidleunavirus Ldl1,,dsDNA,2733161,Lidleunavirus
Lactobacillus delbrueckii subsp. lactis,Duplodnaviria,Heunggongvirae,Uroviricota,Caudoviricetes,Caudoviricetes incertae sedis,Lidleunavirus,Lidleunavirus ViSo2018a,,dsDNA,2733161,Lidleunavirus
Microbacterium foliorum,Duplodnaviria,Heunggongvirae,Uroviricota,Caudoviricetes,Caudoviricetes incertae sedis,Armstrongvirus,Armstrongvirus armstrong,,dsDNA,2733167,Armstrongvirus
Microbacterium foliorum,Duplodnaviria,Heunggongvirae,Uroviricota,Caudoviricetes,Caudoviricetes incertae sedis,Armstrongvirus,unclassified Armstrongvirus,,dsDNA,2733167,Armstrongvirus
Microbacterium testaceum,Duplodnaviria,Heunggongvirae,Uroviricota,Caudoviricetes,Caudoviricetes incertae sedis,Armstrongvirus,unclassified Armstrongvirus,,dsDNA,2733167,Armstrongvirus
Arthrobacter globiformis,Duplodnaviria,Heunggongvirae,Uroviricota,Caudoviricetes,Caudoviricetes incertae sedis,Bridgettevirus,Bridgettevirus bridgette,,dsDNA,2733170,Bridgettevirus
Arthrobacter globiformis,Duplodnaviria,Heunggongvirae,Uroviricota,Caudoviricetes,Caudoviricetes incertae sedis,Bridgettevirus,Bridgettevirus constance,,dsDNA,2733170,Bridgettevirus
Arthrobacter globiformis,Duplodnaviria,Heunggongvirae,Uroviricota,Caudoviricetes,Caudoviricetes incertae sedis,Bridgettevirus,Bridgettevirus eileen,,dsDNA,2733170,Bridgettevirus
Arthrobacter globiformis,Duplodnaviria,Heunggongvirae,Uroviricota,Caudoviricetes,Caudoviricetes incertae sedis,Bridgettevirus,unclassified Bridgettevirus,,dsDNA,2733170,Bridgettevirus
Arthrobacter globiformis,Duplodnaviria,Heunggongvirae,Uroviricota,Caudoviricetes,Caudoviricetes incertae sedis,Bridgettevirus,Bridgettevirus judy,,dsDNA,2733170,Bridgettevirus
Arthrobacter globiformis,Duplodnaviria,Heunggongvirae,Uroviricota,Caudoviricetes,Caudoviricetes incertae sedis,Bridgettevirus,Bridgettevirus peas,,dsDNA,2733170,Bridgettevirus
Microbacterium foliorum,Duplodnaviria,Heunggongvirae,Uroviricota,Caudoviricetes,Caudoviricetes incertae sedis,Goodmanvirus,unclassified Goodmanvirus,,dsDNA,2733179,Goodmanvirus
Microbacterium foliorum,Duplodnaviria,Heunggongvirae,Uroviricota,Caudoviricetes,Caudoviricetes incertae sedis,Goodmanvirus,Goodmanvirus goodman,,dsDNA,2733179,Goodmanvirus
Burkholderia cenocepacia,Duplodnaviria,Heunggongvirae,Uroviricota,Caudoviricetes,Caudoviricetes incertae sedis,Kilunavirus,Kilunavirus KL1,,dsDNA,2733183,Kilunavirus
Eggerthella lenta,Duplodnaviria,Heunggongvirae,Uroviricota,Caudoviricetes,Caudoviricetes incertae sedis,Lentavirus,Lentavirus PMBT5,,dsDNA,2733186,Lentavirus
Microbacterium foliorum,Duplodnaviria,Heunggongvirae,Uroviricota,Caudoviricetes,Caudoviricetes incertae sedis,Mementomorivirus,Mementomorivirus cinna,,dsDNA,2733194,Mementomorivirus
Microbacterium paraoxydans,Duplodnaviria,Heunggongvirae,Uroviricota,Caudoviricetes,Caudoviricetes incertae sedis,Mementomorivirus,Mementomorivirus cressida,,dsDNA,2733194,Mementomorivirus
Microbacterium paraoxydans,Duplodnaviria,Heunggongvirae,Uroviricota,Caudoviricetes,Caudoviricetes incertae sedis,Mementomorivirus,Mementomorivirus matzah,,dsDNA,2733194,Mementomorivirus
Microbacterium paraoxydans,Duplodnaviria,Heunggongvirae,Uroviricota,Caudoviricetes,Caudoviricetes incertae sedis,Mementomorivirus,Mementomorivirus mementomori,,dsDNA,2733194,Mementomorivirus
Microbacterium foliorum,Duplodnaviria,Heunggongvirae,Uroviricota,Caudoviricetes,Caudoviricetes incertae sedis,Neferthenavirus,unclassified Neferthenavirus,,dsDNA,2733198,Neferthenavirus
Microbacterium maritypicum,Duplodnaviria,Heunggongvirae,Uroviricota,Caudoviricetes,Caudoviricetes incertae sedis,Neferthenavirus,unclassified Neferthenavirus,,dsDNA,2733198,Neferthenavirus
Microbacterium foliorum,Duplodnaviria,Heunggongvirae,Uroviricota,Caudoviricetes,Caudoviricetes incertae sedis,Neferthenavirus,Neferthenavirus neferthena,,dsDNA,2733198,Neferthenavirus
Microbacterium paraoxydans,Duplodnaviria,Heunggongvirae,Uroviricota,Caudoviricetes,Caudoviricetes incertae sedis,Neferthenavirus,unclassified Neferthenavirus,,dsDNA,2733198,Neferthenavirus
Faecalibacterium prausnitzii,Duplodnaviria,Heunggongvirae,Uroviricota,Caudoviricetes,Caudoviricetes incertae sedis,Oengusvirus,Oengusvirus oengus,,dsDNA,2733199,Oengusvirus
Microbacterium foliorum,Duplodnaviria,Heunggongvirae,Uroviricota,Caudoviricetes,Caudoviricetes incertae sedis,Hodgkinviridae,Quhwahvirus,Quhwahvirus paschalis,dsDNA,2733202,Quhwahvirus
Microbacterium paraoxydans,Duplodnaviria,Heunggongvirae,Uroviricota,Caudoviricetes,Caudoviricetes incertae sedis,Hodgkinviridae,Quhwahvirus,unclassified Quhwahvirus,dsDNA,2733202,Quhwahvirus
Salmonella enterica subsp. enterica serovar Kentucky,Duplodnaviria,Heunggongvirae,Uroviricota,Caudoviricetes,Caudoviricetes incertae sedis,Sashavirus,unclassified Sashavirus,,dsDNA,2733210,Sashavirus
Salmonella enterica subsp. enterica serovar Kentucky,Duplodnaviria,Heunggongvirae,Uroviricota,Caudoviricetes,Caudoviricetes incertae sedis,Sashavirus,Sashavirus sasha,,dsDNA,2733210,Sashavirus
Escherichia coli,Duplodnaviria,Heunggongvirae,Uroviricota,Caudoviricetes,Caudoviricetes incertae sedis,Sashavirus,unclassified Sashavirus,,dsDNA,2733210,Sashavirus
Microbacterium foliorum,Duplodnaviria,Heunggongvirae,Uroviricota,Caudoviricetes,Caudoviricetes incertae sedis,Schubertvirus,Schubertvirus schubert,,dsDNA,2733212,Schubertvirus
Caulobacter vibrioides CB15,Duplodnaviria,Heunggongvirae,Uroviricota,Caudoviricetes,Caudoviricetes incertae sedis,Seussvirus,Seussvirus seuss,,dsDNA,2733213,Seussvirus
Tytonidae,Monodnaviria,Shotokuvirae,Cossaviricota,Quintoviricetes,Piccovirales,Parvoviridae,Hamaparvovirinae,Chaphamaparvovirus,,2733231,Chaphamaparvovirus
Tyto alba,Monodnaviria,Shotokuvirae,Cossaviricota,Quintoviricetes,Piccovirales,Parvoviridae,Hamaparvovirinae,Chaphamaparvovirus,,2733231,Chaphamaparvovirus
Canis lupus familiaris,Monodnaviria,Shotokuvirae,Cossaviricota,Quintoviricetes,Piccovirales,Parvoviridae,Hamaparvovirinae,Chaphamaparvovirus,,2733231,Chaphamaparvovirus
Cebus imitator,Monodnaviria,Shotokuvirae,Cossaviricota,Quintoviricetes,Piccovirales,Parvoviridae,Hamaparvovirinae,Chaphamaparvovirus,,2733231,Chaphamaparvovirus
Gallus gallus,Monodnaviria,Shotokuvirae,Cossaviricota,Quintoviricetes,Piccovirales,Parvoviridae,Hamaparvovirinae,Chaphamaparvovirus,,2733231,Chaphamaparvovirus
Anas castanea,Monodnaviria,Shotokuvirae,Cossaviricota,Quintoviricetes,Piccovirales,Parvoviridae,Hamaparvovirinae,Chaphamaparvovirus,,2733231,Chaphamaparvovirus
Anas rubripes,Monodnaviria,Shotokuvirae,Cossaviricota,Quintoviricetes,Piccovirales,Parvoviridae,Hamaparvovirinae,Chaphamaparvovirus,,2733231,Chaphamaparvovirus
Felis catus,Monodnaviria,Shotokuvirae,Cossaviricota,Quintoviricetes,Piccovirales,Parvoviridae,Hamaparvovirinae,Chaphamaparvovirus,,2733231,Chaphamaparvovirus
Feliformia,Monodnaviria,Shotokuvirae,Cossaviricota,Quintoviricetes,Piccovirales,Parvoviridae,Hamaparvovirinae,Chaphamaparvovirus,,2733231,Chaphamaparvovirus
Macaca fascicularis,Monodnaviria,Shotokuvirae,Cossaviricota,Quintoviricetes,Piccovirales,Parvoviridae,Hamaparvovirinae,Chaphamaparvovirus,,2733231,Chaphamaparvovirus
Mus musculus,Monodnaviria,Shotokuvirae,Cossaviricota,Quintoviricetes,Piccovirales,Parvoviridae,Hamaparvovirinae,Chaphamaparvovirus,,2733231,Chaphamaparvovirus
Anas superciliosa,Monodnaviria,Shotokuvirae,Cossaviricota,Quintoviricetes,Piccovirales,Parvoviridae,Hamaparvovirinae,Chaphamaparvovirus,,2733231,Chaphamaparvovirus
Pavo cristatus,Monodnaviria,Shotokuvirae,Cossaviricota,Quintoviricetes,Piccovirales,Parvoviridae,Hamaparvovirinae,Chaphamaparvovirus,,2733231,Chaphamaparvovirus
Sus scrofa,Monodnaviria,Shotokuvirae,Cossaviricota,Quintoviricetes,Piccovirales,Parvoviridae,Hamaparvovirinae,Chaphamaparvovirus,,2733231,Chaphamaparvovirus
Psittacara leucophthalmus,Monodnaviria,Shotokuvirae,Cossaviricota,Quintoviricetes,Piccovirales,Parvoviridae,Hamaparvovirinae,Chaphamaparvovirus,,2733231,Chaphamaparvovirus
Rattus norvegicus,Monodnaviria,Shotokuvirae,Cossaviricota,Quintoviricetes,Piccovirales,Parvoviridae,Hamaparvovirinae,Chaphamaparvovirus,,2733231,Chaphamaparvovirus
Sarcophilus harrisii,Monodnaviria,Shotokuvirae,Cossaviricota,Quintoviricetes,Piccovirales,Parvoviridae,Hamaparvovirinae,Chaphamaparvovirus,,2733231,Chaphamaparvovirus
Oreochromis niloticus,Monodnaviria,Shotokuvirae,Cossaviricota,Quintoviricetes,Piccovirales,Parvoviridae,Hamaparvovirinae,Chaphamaparvovirus,,2733231,Chaphamaparvovirus
Meleagris gallopavo,Monodnaviria,Shotokuvirae,Cossaviricota,Quintoviricetes,Piccovirales,Parvoviridae,Hamaparvovirinae,Chaphamaparvovirus,,2733231,Chaphamaparvovirus
Ursus americanus,Monodnaviria,Shotokuvirae,Cossaviricota,Quintoviricetes,Piccovirales,Parvoviridae,Hamaparvovirinae,Chaphamaparvovirus,,2733231,Chaphamaparvovirus
Ralstonia pseudosolanacearum,Duplodnaviria,Heunggongvirae,Uroviricota,Caudoviricetes,Autographivirales,Autonotataviridae,Anchaingvirus,Anchaingvirus anchaing,dsDNA,2842373,Anchaingvirus
Ralstonia solanacearum,Duplodnaviria,Heunggongvirae,Uroviricota,Caudoviricetes,Autographivirales,Autonotataviridae,Anchaingvirus,unclassified Anchaingvirus,dsDNA,2842373,Anchaingvirus
Acinetobacter higginsii,Riboviria,Orthornavirae,Lenarviricota,Leviviricetes,Norzivirales,Duinviridae,Apeevirus,Apeevirus quebecense,+ssRNA,2842379,Apeevirus
Citrobacter sp. TM1552,Duplodnaviria,Heunggongvirae,Uroviricota,Caudoviricetes,Caudoviricetes incertae sedis,Zobellviridae,Citrovirus,Citrovirus coptotermitis,dsDNA,2842608,Citrovirus
Erwinia sp.,Duplodnaviria,Heunggongvirae,Uroviricota,Caudoviricetes,Caudoviricetes incertae sedis,Zobellviridae,Citrovirus,unclassified Citrovirus,dsDNA,2842608,Citrovirus
Klebsiella pneumoniae,Duplodnaviria,Heunggongvirae,Uroviricota,Caudoviricetes,Caudoviricetes incertae sedis,Zobellviridae,Citrovirus,unclassified Citrovirus,dsDNA,2842608,Citrovirus
Bacillus thuringiensis serovar kurstaki,Duplodnaviria,Heunggongvirae,Uroviricota,Caudoviricetes,Caudoviricetes incertae sedis,Salasmaviridae,Northropvirinae,Claudivirus,dsDNA,2842609,Claudivirus
Bacillus anthracis str. Sterne,Duplodnaviria,Heunggongvirae,Uroviricota,Caudoviricetes,Caudoviricetes incertae sedis,Salasmaviridae,Northropvirinae,Claudivirus,dsDNA,2842609,Claudivirus
Bacillus anthracis,Duplodnaviria,Heunggongvirae,Uroviricota,Caudoviricetes,Caudoviricetes incertae sedis,Salasmaviridae,Northropvirinae,Claudivirus,dsDNA,2842609,Claudivirus
[Bacillus thuringiensis] serovar konkukian,Duplodnaviria,Heunggongvirae,Uroviricota,Caudoviricetes,Caudoviricetes incertae sedis,Salasmaviridae,Northropvirinae,Claudivirus,dsDNA,2842609,Claudivirus
Bacillus cereus ATCC 14579,Duplodnaviria,Heunggongvirae,Uroviricota,Caudoviricetes,Caudoviricetes incertae sedis,Salasmaviridae,Northropvirinae,Claudivirus,dsDNA,2842609,Claudivirus
Bacillus thuringiensis str. Al Hakam,Duplodnaviria,Heunggongvirae,Uroviricota,Caudoviricetes,Caudoviricetes incertae sedis,Salasmaviridae,Northropvirinae,Claudivirus,dsDNA,2842609,Claudivirus
Bacillus thuringiensis,Duplodnaviria,Heunggongvirae,Uroviricota,Caudoviricetes,Caudoviricetes incertae sedis,Salasmaviridae,Northropvirinae,Claudivirus,dsDNA,2842609,Claudivirus
Bacillus thuringiensis serovar kurstaki str. HD-1,Duplodnaviria,Heunggongvirae,Uroviricota,Caudoviricetes,Caudoviricetes incertae sedis,Salasmaviridae,Northropvirinae,Claudivirus,dsDNA,2842609,Claudivirus
Enterobacter cloacae,Duplodnaviria,Heunggongvirae,Uroviricota,Caudoviricetes,Caudoviricetes incertae sedis,Schitoviridae,Eceepunavirus,Eceepunavirus EcP1,dsDNA,2842661,Eceepunavirus
Enterobacteriaceae,Riboviria,Orthornavirae,Lenarviricota,Leviviricetes,Norzivirales,Fiersviridae,Hagavirus,Hagavirus psychrophilum,+ssRNA,2842717,Hagavirus
Limosilactobacillus fermentum,Duplodnaviria,Heunggongvirae,Uroviricota,Caudoviricetes,Caudoviricetes incertae sedis,Herelleviridae,Hopescreekvirus,Hopescreekvirus LfeInf,dsDNA,2842737,Hopescreekvirus
Sinorhizobium meliloti,Duplodnaviria,Heunggongvirae,Uroviricota,Caudoviricetes,Caudoviricetes incertae sedis,Schitoviridae,Huelvavirus,Huelvavirus ort11,dsDNA,2842739,Huelvavirus
Acinetobacter johnsonii,Duplodnaviria,Heunggongvirae,Uroviricota,Caudoviricetes,Pantevenvirales,Straboviridae,Twarogvirinae,Lasallevirus,dsDNA,2842819,Lasallevirus
root,Riboviria,Orthornavirae,Lenarviricota,Leviviricetes,Norzivirales,Fiersviridae,Luthavirus,Luthavirus edaphovicinum,+ssRNA,2842838,Luthavirus
Streptomyces lividans,Duplodnaviria,Heunggongvirae,Uroviricota,Caudoviricetes,Caudoviricetes incertae sedis,Manuelvirus,Manuelvirus JXY1,,dsDNA,2842852,Manuelvirus
Streptomyces lividans,Duplodnaviria,Heunggongvirae,Uroviricota,Caudoviricetes,Caudoviricetes incertae sedis,Manuelvirus,unclassified Manuelvirus,,dsDNA,2842852,Manuelvirus
Streptomyces lividans,Duplodnaviria,Heunggongvirae,Uroviricota,Caudoviricetes,Caudoviricetes incertae sedis,Manuelvirus,Manuelvirus manuel,,dsDNA,2842852,Manuelvirus
Streptomyces viridochromogenes,Duplodnaviria,Heunggongvirae,Uroviricota,Caudoviricetes,Caudoviricetes incertae sedis,Manuelvirus,Manuelvirus wrighton,,dsDNA,2842852,Manuelvirus
Streptomyces viridochromogenes,Duplodnaviria,Heunggongvirae,Uroviricota,Caudoviricetes,Caudoviricetes incertae sedis,Manuelvirus,Manuelvirus JXY1,,dsDNA,2842852,Manuelvirus
Pseudoalteromonas sp. YD6,Duplodnaviria,Heunggongvirae,Uroviricota,Caudoviricetes,Caudoviricetes incertae sedis,Schitoviridae,Fuhrmanvirinae,Matsuvirus,dsDNA,2842857,Matsuvirus
,Duplodnaviria,Heunggongvirae,Uroviricota,Caudoviricetes,Caudoviricetes incertae sedis,Zobellviridae,Melvirus,unclassified Melvirus,dsDNA,2842862,Melvirus
Pseudoalteromonas sp.,Duplodnaviria,Heunggongvirae,Uroviricota,Caudoviricetes,Caudoviricetes incertae sedis,Zobellviridae,Melvirus,Melvirus helgolandense,dsDNA,2842862,Melvirus
Pseudoalteromonas marina,Duplodnaviria,Heunggongvirae,Uroviricota,Caudoviricetes,Caudoviricetes incertae sedis,Zobellviridae,Melvirus,Melvirus orientalis,dsDNA,2842862,Melvirus
root,Riboviria,Orthornavirae,Lenarviricota,Leviviricetes,Norzivirales,Fiersviridae,Mintuvirus,Mintuvirus pelovivens,+ssRNA,2842872,Mintuvirus
Escherichia coli,Duplodnaviria,Heunggongvirae,Uroviricota,Caudoviricetes,Caudoviricetes incertae sedis,Nochtlivirus,Nochtlivirus mEp235,,dsDNA,2842908,Nochtlivirus
Vibrio cholerae,Duplodnaviria,Heunggongvirae,Uroviricota,Caudoviricetes,Caudoviricetes incertae sedis,Schitoviridae,Pacinivirus,unclassified Pacinivirus,dsDNA,2842934,Pacinivirus
Vibrio cholerae O139,Duplodnaviria,Heunggongvirae,Uroviricota,Caudoviricetes,Caudoviricetes incertae sedis,Schitoviridae,Pacinivirus,unclassified Pacinivirus,dsDNA,2842934,Pacinivirus
Acinetobacter baumannii,Duplodnaviria,Heunggongvirae,Uroviricota,Caudoviricetes,Caudoviricetes incertae sedis,Schitoviridae,Presleyvirus,Presleyvirus presley,dsDNA,2842977,Presleyvirus
Buttiauxella sp.,Duplodnaviria,Heunggongvirae,Uroviricota,Caudoviricetes,Pantevenvirales,Straboviridae,Pseudotevenvirus,unclassified Pseudotevenvirus,dsDNA,2842979,Pseudotevenvirus
Citrobacter freundii,Duplodnaviria,Heunggongvirae,Uroviricota,Caudoviricetes,Pantevenvirales,Straboviridae,Pseudotevenvirus,unclassified Pseudotevenvirus,dsDNA,2842979,Pseudotevenvirus
Citrobacter,Duplodnaviria,Heunggongvirae,Uroviricota,Caudoviricetes,Pantevenvirales,Straboviridae,Pseudotevenvirus,Pseudotevenvirus miller,dsDNA,2842979,Pseudotevenvirus
Citrobacter sp.,Duplodnaviria,Heunggongvirae,Uroviricota,Caudoviricetes,Pantevenvirales,Straboviridae,Pseudotevenvirus,unclassified Pseudotevenvirus,dsDNA,2842979,Pseudotevenvirus
Cronobacter sp.,Duplodnaviria,Heunggongvirae,Uroviricota,Caudoviricetes,Pantevenvirales,Straboviridae,Pseudotevenvirus,unclassified Pseudotevenvirus,dsDNA,2842979,Pseudotevenvirus
Cronobacter sakazakii,Duplodnaviria,Heunggongvirae,Uroviricota,Caudoviricetes,Pantevenvirales,Straboviridae,Pseudotevenvirus,unclassified Pseudotevenvirus,dsDNA,2842979,Pseudotevenvirus
Enterobacter cloacae,Duplodnaviria,Heunggongvirae,Uroviricota,Caudoviricetes,Pantevenvirales,Straboviridae,Pseudotevenvirus,Pseudotevenvirus leb,dsDNA,2842979,Pseudotevenvirus
Enterobacter cloacae complex,Duplodnaviria,Heunggongvirae,Uroviricota,Caudoviricetes,Pantevenvirales,Straboviridae,Pseudotevenvirus,unclassified Pseudotevenvirus,dsDNA,2842979,Pseudotevenvirus
Enterobacter,Duplodnaviria,Heunggongvirae,Uroviricota,Caudoviricetes,Pantevenvirales,Straboviridae,Pseudotevenvirus,Pseudotevenvirus leb,dsDNA,2842979,Pseudotevenvirus
Enterobacter kobei,Duplodnaviria,Heunggongvirae,Uroviricota,Caudoviricetes,Pantevenvirales,Straboviridae,Pseudotevenvirus,Pseudotevenvirus leb,dsDNA,2842979,Pseudotevenvirus
Escherichia coli BL21(DE3),Duplodnaviria,Heunggongvirae,Uroviricota,Caudoviricetes,Pantevenvirales,Straboviridae,Pseudotevenvirus,Pseudotevenvirus lw1,dsDNA,2842979,Pseudotevenvirus
Escherichia coli,Duplodnaviria,Heunggongvirae,Uroviricota,Caudoviricetes,Pantevenvirales,Straboviridae,Pseudotevenvirus,Pseudotevenvirus RB16,dsDNA,2842979,Pseudotevenvirus
Escherichia coli B,Duplodnaviria,Heunggongvirae,Uroviricota,Caudoviricetes,Pantevenvirales,Straboviridae,Pseudotevenvirus,Pseudotevenvirus RB43,dsDNA,2842979,Pseudotevenvirus
Klebsiella pneumoniae,Duplodnaviria,Heunggongvirae,Uroviricota,Caudoviricetes,Pantevenvirales,Straboviridae,Pseudotevenvirus,unclassified Pseudotevenvirus,dsDNA,2842979,Pseudotevenvirus
Escherichia coli str. K-12 substr. W3110,Duplodnaviria,Heunggongvirae,Uroviricota,Caudoviricetes,Pantevenvirales,Straboviridae,Pseudotevenvirus,,dsDNA,2842979,Pseudotevenvirus
Escherichia coli str. K-12 substr. MG1655,Riboviria,Orthornavirae,Lenarviricota,Leviviricetes,Norzivirales,Fiersviridae,Qubevirus,unclassified Qubevirus,+ssRNA,2842995,Qubevirus
Escherichia coli,Riboviria,Orthornavirae,Lenarviricota,Leviviricetes,Norzivirales,Fiersviridae,Qubevirus,Qubevirus faecium,+ssRNA,2842995,Qubevirus
Pseudomonas putida KT2440,Riboviria,Orthornavirae,Lenarviricota,Leviviricetes,Norzivirales,Fiersviridae,Qubevirus,unclassified Qubevirus,+ssRNA,2842995,Qubevirus
Escherichia coli HS,Riboviria,Orthornavirae,Lenarviricota,Leviviricetes,Norzivirales,Fiersviridae,Qubevirus,,+ssRNA,2842995,Qubevirus
Sulfitobacter sp. CB2047,Duplodnaviria,Heunggongvirae,Uroviricota,Caudoviricetes,Caudoviricetes incertae sedis,Schitoviridae,Rhodovirinae,Raunefjordenvirus,dsDNA,2843000,Raunefjordenvirus
Xanthomonas fragariae,Duplodnaviria,Heunggongvirae,Uroviricota,Caudoviricetes,Caudoviricetes incertae sedis,Schitoviridae,Riverridervirus,Riverridervirus riverrider,dsDNA,2843008,Riverridervirus
Salinivibrio costicola,Duplodnaviria,Heunggongvirae,Uroviricota,Caudoviricetes,Caudoviricetes incertae sedis,Zobellviridae,Salinovirus,Salinovirus utanense,dsDNA,2843017,Salinovirus
root,Riboviria,Orthornavirae,Lenarviricota,Leviviricetes,Norzivirales,Fiersviridae,Stehlmavirus,Stehlmavirus lutihabitans,+ssRNA,2843058,Stehlmavirus
Vibrio parahaemolyticus,Duplodnaviria,Heunggongvirae,Uroviricota,Caudoviricetes,Caudoviricetes incertae sedis,Schitoviridae,Fuhrmanvirinae,Stoningtonvirus,dsDNA,2843060,Stoningtonvirus
Vibrio parahaemolyticus RIMD 2210633,Duplodnaviria,Heunggongvirae,Uroviricota,Caudoviricetes,Caudoviricetes incertae sedis,Schitoviridae,Fuhrmanvirinae,Stoningtonvirus,dsDNA,2843060,Stoningtonvirus
root,Riboviria,Orthornavirae,Lenarviricota,Leviviricetes,Norzivirales,Fiersviridae,Ticahravirus,Ticahravirus asiovicinum,+ssRNA,2843092,Ticahravirus
Erwinia amylovora,Duplodnaviria,Heunggongvirae,Uroviricota,Caudoviricetes,Caudoviricetes incertae sedis,Schitoviridae,Waedenswilvirus,unclassified Waedenswilvirus,dsDNA,2843122,Waedenswilvirus
root,Riboviria,Orthornavirae,Lenarviricota,Leviviricetes,Timlovirales,Blumeviridae,Wahdswovirus,Wahdswovirus lutenecus,+ssRNA,2843124,Wahdswovirus
Escherichia coli,Duplodnaviria,Heunggongvirae,Uroviricota,Caudoviricetes,Caudoviricetes incertae sedis,Yautsimvirus,Yautsimvirus HK140,,dsDNA,2843147,Yautsimvirus
Pseudomonas aeruginosa,Duplodnaviria,Heunggongvirae,Uroviricota,Caudoviricetes,Caudoviricetes incertae sedis,Schitoviridae,Zicotriavirus,Zicotriavirus ZC03,dsDNA,2843161,Zicotriavirus
Escherichia coli,Duplodnaviria,Heunggongvirae,Uroviricota,Caudoviricetes,Caudoviricetes incertae sedis,Aguilavirus,Aguilavirus mEp043,,dsDNA,2843343,Aguilavirus
Escherichia coli,Duplodnaviria,Heunggongvirae,Uroviricota,Caudoviricetes,Caudoviricetes incertae sedis,Aguilavirus,Aguilavirus mEp213,,dsDNA,2843343,Aguilavirus
Burkholderia ambifaria,Duplodnaviria,Heunggongvirae,Uroviricota,Caudoviricetes,Caudoviricetes incertae sedis,Lindbergviridae,Bcepfunavirus,Bcepfunavirus bcepF1,dsDNA,2843356,Bcepfunavirus
Lactococcus lactis,Duplodnaviria,Heunggongvirae,Uroviricota,Caudoviricetes,Caudoviricetes incertae sedis,Chopinvirus,Chopinvirus KSY1,,dsDNA,2843365,Chopinvirus
Ralstonia pseudosolanacearum,Duplodnaviria,Heunggongvirae,Uroviricota,Caudoviricetes,Caudoviricetes incertae sedis,Cimandefvirus,Cimandefvirus cimandef,,dsDNA,2843366,Cimandefvirus
Ralstonia pseudosolanacearum,Duplodnaviria,Heunggongvirae,Uroviricota,Caudoviricetes,Caudoviricetes incertae sedis,Cimandefvirus,unclassified Cimandefvirus,,dsDNA,2843366,Cimandefvirus
Ralstonia pseudosolanacearum,Duplodnaviria,Heunggongvirae,Uroviricota,Caudoviricetes,Caudoviricetes incertae sedis,Cimandefvirus,Cimandefvirus eline,,dsDNA,2843366,Cimandefvirus
Ralstonia pseudosolanacearum,Duplodnaviria,Heunggongvirae,Uroviricota,Caudoviricetes,Caudoviricetes incertae sedis,Cimandefvirus,Cimandefvirus gamede,,dsDNA,2843366,Cimandefvirus
Ralstonia pseudosolanacearum,Duplodnaviria,Heunggongvirae,Uroviricota,Caudoviricetes,Caudoviricetes incertae sedis,Cimandefvirus,Cimandefvirus Ggerry,,dsDNA,2843366,Cimandefvirus
Ralstonia pseudosolanacearum,Duplodnaviria,Heunggongvirae,Uroviricota,Caudoviricetes,Caudoviricetes incertae sedis,Cimandefvirus,Cimandefvirus heva,,dsDNA,2843366,Cimandefvirus
Flavobacterium sp. LMO9,Duplodnaviria,Heunggongvirae,Uroviricota,Caudoviricetes,Caudoviricetes incertae sedis,Hattifnattvirus,Hattifnattvirus hattifnatt,,dsDNA,2843390,Hattifnattvirus
Lactobacillus sp.,Duplodnaviria,Heunggongvirae,Uroviricota,Caudoviricetes,Caudoviricetes incertae sedis,Lafunavirus,Lafunavirus LF1,,dsDNA,2843410,Lafunavirus
Aeromonas hydrophila subsp. hydrophila,Duplodnaviria,Heunggongvirae,Uroviricota,Caudoviricetes,Caudoviricetes incertae sedis,Grimontviridae,Lahexavirus,Lahexavirus lv44572,dsDNA,2843411,Lahexavirus
Aeromonas hydrophila,Duplodnaviria,Heunggongvirae,Uroviricota,Caudoviricetes,Caudoviricetes incertae sedis,Grimontviridae,Lahexavirus,Lahexavirus LAh6,dsDNA,2843411,Lahexavirus
Achromobacter animicus,Duplodnaviria,Heunggongvirae,Uroviricota,Caudoviricetes,Caudoviricetes incertae sedis,Moturavirus,Moturavirus motura,,dsDNA,2843423,Moturavirus
Cronobacter sakazakii,Duplodnaviria,Heunggongvirae,Uroviricota,Caudoviricetes,Caudoviricetes incertae sedis,Grimontviridae,Privateervirus,Privateervirus pv009,dsDNA,2843440,Privateervirus
Proteus mirabilis,Duplodnaviria,Heunggongvirae,Uroviricota,Caudoviricetes,Caudoviricetes incertae sedis,Grimontviridae,Privateervirus,Privateervirus 3H1020,dsDNA,2843440,Privateervirus
Lactococcus,Duplodnaviria,Heunggongvirae,Uroviricota,Caudoviricetes,Caudoviricetes incertae sedis,Sandinevirus,unclassified Sandinevirus,,dsDNA,2843449,Sandinevirus
Lactococcus lactis subsp. lactis Il1403,Duplodnaviria,Heunggongvirae,Uroviricota,Caudoviricetes,Caudoviricetes incertae sedis,Sandinevirus,unclassified Sandinevirus,,dsDNA,2843449,Sandinevirus
Lactococcus lactis,Duplodnaviria,Heunggongvirae,Uroviricota,Caudoviricetes,Caudoviricetes incertae sedis,Sandinevirus,Sandinevirus BK5T,,dsDNA,2843449,Sandinevirus
Lactococcus lactis,Duplodnaviria,Heunggongvirae,Uroviricota,Caudoviricetes,Caudoviricetes incertae sedis,Sandinevirus,unclassified Sandinevirus,,dsDNA,2843449,Sandinevirus
Lactococcus lactis subsp. lactis bv. diacetylactis,Duplodnaviria,Heunggongvirae,Uroviricota,Caudoviricetes,Caudoviricetes incertae sedis,Sandinevirus,unclassified Sandinevirus,,dsDNA,2843449,Sandinevirus
Pseudoalteromonas marina,Duplodnaviria,Heunggongvirae,Uroviricota,Caudoviricetes,Caudoviricetes incertae sedis,Shandongvirus,Shandongvirus H101,,dsDNA,2843454,Shandongvirus
Lactococcus lactis,Duplodnaviria,Heunggongvirae,Uroviricota,Caudoviricetes,Caudoviricetes incertae sedis,Teubervirus,Teubervirus AM6,,dsDNA,2843466,Teubervirus
Lactococcus lactis,Duplodnaviria,Heunggongvirae,Uroviricota,Caudoviricetes,Caudoviricetes incertae sedis,Teubervirus,Teubervirus LW31,,dsDNA,2843466,Teubervirus
Lactococcus lactis,Duplodnaviria,Heunggongvirae,Uroviricota,Caudoviricetes,Caudoviricetes incertae sedis,Teubervirus,Teubervirus P087,,dsDNA,2843466,Teubervirus
Lactococcus lactis,Duplodnaviria,Heunggongvirae,Uroviricota,Caudoviricetes,Caudoviricetes incertae sedis,Teubervirus,Teubervirus P596,,dsDNA,2843466,Teubervirus
Lactococcus cremoris,Duplodnaviria,Heunggongvirae,Uroviricota,Caudoviricetes,Caudoviricetes incertae sedis,Teubervirus,Teubervirus Q1,,dsDNA,2843466,Teubervirus
Lactococcus cremoris,Duplodnaviria,Heunggongvirae,Uroviricota,Caudoviricetes,Caudoviricetes incertae sedis,Teubervirus,unclassified Teubervirus,,dsDNA,2843466,Teubervirus
Lactococcus lactis,Duplodnaviria,Heunggongvirae,Uroviricota,Caudoviricetes,Caudoviricetes incertae sedis,Vedamuthuvirus,Vedamuthuvirus vv50902,,dsDNA,2843470,Vedamuthuvirus
Lactococcus lactis,Duplodnaviria,Heunggongvirae,Uroviricota,Caudoviricetes,Caudoviricetes incertae sedis,Vedamuthuvirus,unclassified Vedamuthuvirus,,dsDNA,2843470,Vedamuthuvirus
Lactococcus lactis,Duplodnaviria,Heunggongvirae,Uroviricota,Caudoviricetes,Caudoviricetes incertae sedis,Vedamuthuvirus,Vedamuthuvirus BM13,,dsDNA,2843470,Vedamuthuvirus
Lactococcus lactis,Duplodnaviria,Heunggongvirae,Uroviricota,Caudoviricetes,Caudoviricetes incertae sedis,Vedamuthuvirus,Vedamuthuvirus vv62503,,dsDNA,2843470,Vedamuthuvirus
Lactococcus lactis,Duplodnaviria,Heunggongvirae,Uroviricota,Caudoviricetes,Caudoviricetes incertae sedis,Vedamuthuvirus,Vedamuthuvirus P1045,,dsDNA,2843470,Vedamuthuvirus
Lactococcus lactis,Duplodnaviria,Heunggongvirae,Uroviricota,Caudoviricetes,Caudoviricetes incertae sedis,Vedamuthuvirus,Vedamuthuvirus Q33,,dsDNA,2843470,Vedamuthuvirus
Prodigiosinella confusarubida,Duplodnaviria,Heunggongvirae,Uroviricota,Caudoviricetes,Caudoviricetes incertae sedis,Casjensviridae,Dunedinvirus,Dunedinvirus JS26,dsDNA,2943004,Dunedinvirus
Achromobacter spanius,Duplodnaviria,Heunggongvirae,Uroviricota,Caudoviricetes,Caudoviricetes incertae sedis,Casjensviridae,Gediminasvirus,Gediminasvirus AchV4,dsDNA,2943007,Gediminasvirus
Pseudomonas syringae pv. syringae,Duplodnaviria,Heunggongvirae,Uroviricota,Caudoviricetes,Caudoviricetes incertae sedis,Casjensviridae,Phobosvirus,Phobosvirus phobos,dsDNA,2943014,Phobosvirus
Pseudomonas syringae pv. tomato,Duplodnaviria,Heunggongvirae,Uroviricota,Caudoviricetes,Caudoviricetes incertae sedis,Casjensviridae,Phobosvirus,Phobosvirus phobos,dsDNA,2943014,Phobosvirus
Pseudomonas sp.,Duplodnaviria,Heunggongvirae,Uroviricota,Caudoviricetes,Caudoviricetes incertae sedis,Casjensviridae,Phobosvirus,unclassified Phobosvirus,dsDNA,2943014,Phobosvirus
Klebsiella pneumoniae,Duplodnaviria,Heunggongvirae,Uroviricota,Caudoviricetes,Caudoviricetes incertae sedis,Casjensviridae,Seodaemunguvirus,Seodaemunguvirus YMC16-01N133,dsDNA,2943017,Seodaemunguvirus
Mycolicibacterium smegmatis MC2 155,Duplodnaviria,Heunggongvirae,Uroviricota,Caudoviricetes,Caudoviricetes incertae sedis,Anayavirus,unclassified Anayavirus,,dsDNA,2946797,Anayavirus
Mycolicibacterium smegmatis MC2 155,Duplodnaviria,Heunggongvirae,Uroviricota,Caudoviricetes,Caudoviricetes incertae sedis,Anayavirus,Anayavirus adephagia,,dsDNA,2946797,Anayavirus
Mycolicibacterium smegmatis MC2 155,Duplodnaviria,Heunggongvirae,Uroviricota,Caudoviricetes,Caudoviricetes incertae sedis,Anayavirus,Anayavirus adonis,,dsDNA,2946797,Anayavirus
Mycobacterium,Duplodnaviria,Heunggongvirae,Uroviricota,Caudoviricetes,Caudoviricetes incertae sedis,Anayavirus,unclassified Anayavirus,,dsDNA,2946797,Anayavirus
Mycolicibacterium smegmatis MC2 155,Duplodnaviria,Heunggongvirae,Uroviricota,Caudoviricetes,Caudoviricetes incertae sedis,Anayavirus,Anayavirus alishaPH,,dsDNA,2946797,Anayavirus
Mycolicibacterium smegmatis,Duplodnaviria,Heunggongvirae,Uroviricota,Caudoviricetes,Caudoviricetes incertae sedis,Anayavirus,Anayavirus amelie,,dsDNA,2946797,Anayavirus
Mycolicibacterium smegmatis MC2 155,Duplodnaviria,Heunggongvirae,Uroviricota,Caudoviricetes,Caudoviricetes incertae sedis,Anayavirus,Anayavirus anaya,,dsDNA,2946797,Anayavirus
Mycolicibacterium smegmatis MC2 155,Duplodnaviria,Heunggongvirae,Uroviricota,Caudoviricetes,Caudoviricetes incertae sedis,Anayavirus,Anayavirus angelica,,dsDNA,2946797,Anayavirus
Mycolicibacterium smegmatis MC2 155,Duplodnaviria,Heunggongvirae,Uroviricota,Caudoviricetes,Caudoviricetes incertae sedis,Anayavirus,Anayavirus apocalypse,,dsDNA,2946797,Anayavirus
Mycolicibacterium smegmatis MC2 155,Duplodnaviria,Heunggongvirae,Uroviricota,Caudoviricetes,Caudoviricetes incertae sedis,Anayavirus,Anayavirus JAWS,,dsDNA,2946797,Anayavirus
Mycolicibacterium smegmatis MC2 155,Duplodnaviria,Heunggongvirae,Uroviricota,Caudoviricetes,Caudoviricetes incertae sedis,Anayavirus,Anayavirus beezoo,,dsDNA,2946797,Anayavirus
Mycolicibacterium smegmatis MC2 155,Duplodnaviria,Heunggongvirae,Uroviricota,Caudoviricetes,Caudoviricetes incertae sedis,Anayavirus,Anayavirus bella96,,dsDNA,2946797,Anayavirus
Mycobacterium sp.,Duplodnaviria,Heunggongvirae,Uroviricota,Caudoviricetes,Caudoviricetes incertae sedis,Anayavirus,unclassified Anayavirus,,dsDNA,2946797,Anayavirus
Mycolicibacterium smegmatis MC2 155,Duplodnaviria,Heunggongvirae,Uroviricota,Caudoviricetes,Caudoviricetes incertae sedis,Anayavirus,Anayavirus chris,,dsDNA,2946797,Anayavirus
Mycolicibacterium smegmatis MC2 155,Duplodnaviria,Heunggongvirae,Uroviricota,Caudoviricetes,Caudoviricetes incertae sedis,Anayavirus,Anayavirus crimD,,dsDNA,2946797,Anayavirus
Mycolicibacterium smegmatis MC2 155,Duplodnaviria,Heunggongvirae,Uroviricota,Caudoviricetes,Caudoviricetes incertae sedis,Anayavirus,Anayavirus curiosium,,dsDNA,2946797,Anayavirus
Mycobacterium,Duplodnaviria,Heunggongvirae,Uroviricota,Caudoviricetes,Caudoviricetes incertae sedis,Anayavirus,Anayavirus angelica,,dsDNA,2946797,Anayavirus
Mycolicibacterium smegmatis MC2 155,Duplodnaviria,Heunggongvirae,Uroviricota,Caudoviricetes,Caudoviricetes incertae sedis,Anayavirus,Anayavirus kisi,,dsDNA,2946797,Anayavirus
Mycolicibacterium smegmatis MC2 155,Duplodnaviria,Heunggongvirae,Uroviricota,Caudoviricetes,Caudoviricetes incertae sedis,Anayavirus,Anayavirus lasthope,,dsDNA,2946797,Anayavirus
Mycolicibacterium smegmatis MC2 155,Duplodnaviria,Heunggongvirae,Uroviricota,Caudoviricetes,Caudoviricetes incertae sedis,Anayavirus,Anayavirus laterM,,dsDNA,2946797,Anayavirus
Mycolicibacterium smegmatis MC2 155,Duplodnaviria,Heunggongvirae,Uroviricota,Caudoviricetes,Caudoviricetes incertae sedis,Anayavirus,Anayavirus markphew,,dsDNA,2946797,Anayavirus
Mycolicibacterium smegmatis MC2 155,Duplodnaviria,Heunggongvirae,Uroviricota,Caudoviricetes,Caudoviricetes incertae sedis,Anayavirus,Anayavirus marshawn,,dsDNA,2946797,Anayavirus
Mycolicibacterium smegmatis MC2 155,Duplodnaviria,Heunggongvirae,Uroviricota,Caudoviricetes,Caudoviricetes incertae sedis,Anayavirus,Anayavirus murucutumbu,,dsDNA,2946797,Anayavirus
Mycolicibacterium smegmatis MC2 155,Duplodnaviria,Heunggongvirae,Uroviricota,Caudoviricetes,Caudoviricetes incertae sedis,Anayavirus,Anayavirus nibb,,dsDNA,2946797,Anayavirus
Mycolicibacterium smegmatis MC2 155,Duplodnaviria,Heunggongvirae,Uroviricota,Caudoviricetes,Caudoviricetes incertae sedis,Anayavirus,Anayavirus niklas,,dsDNA,2946797,Anayavirus
Mycolicibacterium smegmatis MC2 155,Duplodnaviria,Heunggongvirae,Uroviricota,Caudoviricetes,Caudoviricetes incertae sedis,Anayavirus,Anayavirus prithvi,,dsDNA,2946797,Anayavirus
Mycolicibacterium smegmatis MC2 155,Duplodnaviria,Heunggongvirae,Uroviricota,Caudoviricetes,Caudoviricetes incertae sedis,Anayavirus,Anayavirus sirphilip,,dsDNA,2946797,Anayavirus
Mycolicibacterium smegmatis MC2 155,Duplodnaviria,Heunggongvirae,Uroviricota,Caudoviricetes,Caudoviricetes incertae sedis,Anayavirus,Anayavirus urkel,,dsDNA,2946797,Anayavirus
Mycolicibacterium smegmatis MC2 155,Duplodnaviria,Heunggongvirae,Uroviricota,Caudoviricetes,Caudoviricetes incertae sedis,Anayavirus,Anayavirus validus,,dsDNA,2946797,Anayavirus
Mycolicibacterium smegmatis MC2 155,Duplodnaviria,Heunggongvirae,Uroviricota,Caudoviricetes,Caudoviricetes incertae sedis,Anayavirus,Anayavirus yuna,,dsDNA,2946797,Anayavirus
Mycolicibacterium smegmatis MC2 155,Duplodnaviria,Heunggongvirae,Uroviricota,Caudoviricetes,Caudoviricetes incertae sedis,Anayavirus,Anayavirus yunkel11,,dsDNA,2946797,Anayavirus
Mycolicibacterium smegmatis MC2 155,Duplodnaviria,Heunggongvirae,Uroviricota,Caudoviricetes,Caudoviricetes incertae sedis,Anayavirus,Anayavirus zavala,,dsDNA,2946797,Anayavirus
Aeromonas hydrophila,Duplodnaviria,Heunggongvirae,Uroviricota,Caudoviricetes,Pantevenvirales,Straboviridae,Cinqassovirus,Cinqassovirus aeh1,dsDNA,2948665,Cinqassovirus
Burkholderia pseudomallei,Duplodnaviria,Heunggongvirae,Uroviricota,Caudoviricetes,Caudoviricetes incertae sedis,Peduoviridae,Duodecimduovirus,Duodecimduovirus phiE122,dsDNA,2948687,Duodecimduovirus
Pseudomonas sp.,Duplodnaviria,Heunggongvirae,Uroviricota,Caudoviricetes,Pantevenvirales,Straboviridae,Jiangsuvirus,Jiangsuvirus pspyzu05,dsDNA,2948770,Jiangsuvirus
Mycolicibacterium smegmatis MC2 155,Duplodnaviria,Heunggongvirae,Uroviricota,Caudoviricetes,Caudoviricetes incertae sedis,Kratiovirus,Kratiovirus larva,,dsDNA,2948788,Kratiovirus
Mycobacterium,Duplodnaviria,Heunggongvirae,Uroviricota,Caudoviricetes,Caudoviricetes incertae sedis,Kratiovirus,Kratiovirus collard,,dsDNA,2948788,Kratiovirus
Mycolicibacterium smegmatis MC2 155,Duplodnaviria,Heunggongvirae,Uroviricota,Caudoviricetes,Caudoviricetes incertae sedis,Kratiovirus,unclassified Kratiovirus,,dsDNA,2948788,Kratiovirus
Mycobacterium,Duplodnaviria,Heunggongvirae,Uroviricota,Caudoviricetes,Caudoviricetes incertae sedis,Kratiovirus,unclassified Kratiovirus,,dsDNA,2948788,Kratiovirus
Mycolicibacterium smegmatis MC2 155,Duplodnaviria,Heunggongvirae,Uroviricota,Caudoviricetes,Caudoviricetes incertae sedis,Kratiovirus,Kratiovirus gengar,,dsDNA,2948788,Kratiovirus
Mycolicibacterium smegmatis MC2 155,Duplodnaviria,Heunggongvirae,Uroviricota,Caudoviricetes,Caudoviricetes incertae sedis,Kratiovirus,Kratiovirus kratio,,dsDNA,2948788,Kratiovirus
Mycolicibacterium smegmatis MC2 155,Duplodnaviria,Heunggongvirae,Uroviricota,Caudoviricetes,Caudoviricetes incertae sedis,Kratiovirus,Kratiovirus leston,,dsDNA,2948788,Kratiovirus
Mycolicibacterium smegmatis MC2 155,Duplodnaviria,Heunggongvirae,Uroviricota,Caudoviricetes,Caudoviricetes incertae sedis,Kratiovirus,Kratiovirus omnicron,,dsDNA,2948788,Kratiovirus
Mycolicibacterium smegmatis MC2 155,Duplodnaviria,Heunggongvirae,Uroviricota,Caudoviricetes,Caudoviricetes incertae sedis,Kratiovirus,Kratiovirus paola,,dsDNA,2948788,Kratiovirus
Mycolicibacterium smegmatis MC2 155,Duplodnaviria,Heunggongvirae,Uroviricota,Caudoviricetes,Caudoviricetes incertae sedis,Kratiovirus,Kratiovirus rando14,,dsDNA,2948788,Kratiovirus
Mycobacterium,Duplodnaviria,Heunggongvirae,Uroviricota,Caudoviricetes,Caudoviricetes incertae sedis,Kratiovirus,Kratiovirus thyatira,,dsDNA,2948788,Kratiovirus
Mycolicibacterium smegmatis MC2 155,Duplodnaviria,Heunggongvirae,Uroviricota,Caudoviricetes,Caudoviricetes incertae sedis,Kratiovirus,Kratiovirus thyatira,,dsDNA,2948788,Kratiovirus
Mycolicibacterium smegmatis MC2 155,Duplodnaviria,Heunggongvirae,Uroviricota,Caudoviricetes,Caudoviricetes incertae sedis,Lilmcdreamyvirus,Lilmcdreamyvirus lilmcdreamy,,dsDNA,2948802,Lilmcdreamyvirus
Synechococcus sp. WH 7803,Duplodnaviria,Heunggongvirae,Uroviricota,Caudoviricetes,Pantevenvirales,Kyanoviridae,Lowelvirus,Lowelvirus tuscon4d,dsDNA,2948806,Lowelvirus
Mycolicibacterium smegmatis MC2 155,Duplodnaviria,Heunggongvirae,Uroviricota,Caudoviricetes,Caudoviricetes incertae sedis,Pharaohvirus,Pharaohvirus pharaoh,,dsDNA,2948861,Pharaohvirus
Mycobacterium,Duplodnaviria,Heunggongvirae,Uroviricota,Caudoviricetes,Caudoviricetes incertae sedis,Pharaohvirus,Pharaohvirus steamy,,dsDNA,2948861,Pharaohvirus
Mycolicibacterium smegmatis MC2 155,Duplodnaviria,Heunggongvirae,Uroviricota,Caudoviricetes,Caudoviricetes incertae sedis,Pharaohvirus,Pharaohvirus steamy,,dsDNA,2948861,Pharaohvirus
root,Duplodnaviria,Heunggongvirae,Uroviricota,Caudoviricetes,Crassvirales,Intestiviridae,Obtuvirinae,Wotdevirus,dsDNA,2948953,Wotdevirus
Polaribacter,Duplodnaviria,Heunggongvirae,Uroviricota,Caudoviricetes,Caudoviricetes incertae sedis,Incheonvirus,Incheonvirus P12002L,,dsDNA,2976977,Incheonvirus
Polaribacter,Duplodnaviria,Heunggongvirae,Uroviricota,Caudoviricetes,Caudoviricetes incertae sedis,Incheonvirus,Incheonvirus P12002S,,dsDNA,2976977,Incheonvirus
Rhizobium etli,Duplodnaviria,Heunggongvirae,Uroviricota,Caudoviricetes,Caudoviricetes incertae sedis,Schitoviridae,Demetervirinae,Acanvirus,dsDNA,3044653,Acanvirus
Rhizobium phaseoli,Duplodnaviria,Heunggongvirae,Uroviricota,Caudoviricetes,Caudoviricetes incertae sedis,Schitoviridae,Demetervirinae,Acanvirus,dsDNA,3044653,Acanvirus
Gordonia rubripertincta,Duplodnaviria,Heunggongvirae,Uroviricota,Caudoviricetes,Caudoviricetes incertae sedis,Clawzvirus,Clawzvirus clawz,,dsDNA,3044689,Clawzvirus
Gordonia rubripertincta,Duplodnaviria,Heunggongvirae,Uroviricota,Caudoviricetes,Caudoviricetes incertae sedis,Clawzvirus,unclassified Clawzvirus,,dsDNA,3044689,Clawzvirus
Aeromonas caviae,Duplodnaviria,Heunggongvirae,Uroviricota,Caudoviricetes,Caudoviricetes incertae sedis,Chimalliviridae,Ferozepurvirus,unclassified Ferozepurvirus,dsDNA,3044715,Ferozepurvirus
Aeromonas veronii,Duplodnaviria,Heunggongvirae,Uroviricota,Caudoviricetes,Caudoviricetes incertae sedis,Chimalliviridae,Ferozepurvirus,unclassified Ferozepurvirus,dsDNA,3044715,Ferozepurvirus
Aeromonas hydrophila,Duplodnaviria,Heunggongvirae,Uroviricota,Caudoviricetes,Caudoviricetes incertae sedis,Chimalliviridae,Ferozepurvirus,Ferozepurvirus PS1,dsDNA,3044715,Ferozepurvirus
Pseudomonas aeruginosa,Duplodnaviria,Heunggongvirae,Uroviricota,Caudoviricetes,Caudoviricetes incertae sedis,Ittyvirus,Ittyvirus itty13,,dsDNA,3044742,Ittyvirus
Aeromonas hydrophila,Duplodnaviria,Heunggongvirae,Uroviricota,Caudoviricetes,Caudoviricetes incertae sedis,Chimalliviridae,Ludhianavirus,Ludhianavirus D3,dsDNA,3044751,Ludhianavirus
Klebsiella pneumoniae,Duplodnaviria,Heunggongvirae,Uroviricota,Caudoviricetes,Caudoviricetes incertae sedis,Chimalliviridae,Miamivirus,Miamivirus miami,dsDNA,3044763,Miamivirus
Pseudomonas aeruginosa,Duplodnaviria,Heunggongvirae,Uroviricota,Caudoviricetes,Caudoviricetes incertae sedis,Chimalliviridae,Miltoncavirus,Miltoncavirus PhiPA3,dsDNA,3044765,Miltoncavirus
Salmonella enterica subsp. enterica serovar Newport,Duplodnaviria,Heunggongvirae,Uroviricota,Caudoviricetes,Caudoviricetes incertae sedis,Grimontviridae,Moazamivirus,Moazamivirus 711,dsDNA,3044766,Moazamivirus
Salmonella enterica subsp. enterica serovar Enteritidis,Duplodnaviria,Heunggongvirae,Uroviricota,Caudoviricetes,Caudoviricetes incertae sedis,Grimontviridae,Moazamivirus,Moazamivirus SE131,dsDNA,3044766,Moazamivirus
Salmonella,Duplodnaviria,Heunggongvirae,Uroviricota,Caudoviricetes,Caudoviricetes incertae sedis,Grimontviridae,Moazamivirus,unclassified Moazamivirus,dsDNA,3044766,Moazamivirus
Erwinia amylovora,Duplodnaviria,Heunggongvirae,Uroviricota,Caudoviricetes,Caudoviricetes incertae sedis,Pavtokvirus,Pavtokvirus pavtok,,dsDNA,3044786,Pavtokvirus
Erwinia pyrifoliae,Duplodnaviria,Heunggongvirae,Uroviricota,Caudoviricetes,Caudoviricetes incertae sedis,Pavtokvirus,Pavtokvirus PEp14,,dsDNA,3044786,Pavtokvirus
Erwinia amylovora,Duplodnaviria,Heunggongvirae,Uroviricota,Caudoviricetes,Caudoviricetes incertae sedis,Pavtokvirus,unclassified Pavtokvirus,,dsDNA,3044786,Pavtokvirus
Pseudomonas aeruginosa,Duplodnaviria,Heunggongvirae,Uroviricota,Caudoviricetes,Caudoviricetes incertae sedis,Chimalliviridae,Pawinskivirus,unclassified Pawinskivirus,dsDNA,3044787,Pawinskivirus
Pseudomonas,Duplodnaviria,Heunggongvirae,Uroviricota,Caudoviricetes,Caudoviricetes incertae sedis,Chimalliviridae,Pawinskivirus,Pawinskivirus PS119XW,dsDNA,3044787,Pawinskivirus
Streptococcus thermophilus,Duplodnaviria,Heunggongvirae,Uroviricota,Caudoviricetes,Caudoviricetes incertae sedis,Piorkowskivirus,Piorkowskivirus pv9871,,dsDNA,3044792,Piorkowskivirus
Streptococcus thermophilus,Duplodnaviria,Heunggongvirae,Uroviricota,Caudoviricetes,Caudoviricetes incertae sedis,Piorkowskivirus,Piorkowskivirus pv9872,,dsDNA,3044792,Piorkowskivirus
Streptococcus thermophilus,Duplodnaviria,Heunggongvirae,Uroviricota,Caudoviricetes,Caudoviricetes incertae sedis,Piorkowskivirus,unclassified Piorkowskivirus,,dsDNA,3044792,Piorkowskivirus
Streptococcus thermophilus,Duplodnaviria,Heunggongvirae,Uroviricota,Caudoviricetes,Caudoviricetes incertae sedis,Piorkowskivirus,Piorkowskivirus pv9874,,dsDNA,3044792,Piorkowskivirus
Streptococcus thermophilus,Duplodnaviria,Heunggongvirae,Uroviricota,Caudoviricetes,Caudoviricetes incertae sedis,Piorkowskivirus,Piorkowskivirus CHPC577,,dsDNA,3044792,Piorkowskivirus
Streptococcus thermophilus,Duplodnaviria,Heunggongvirae,Uroviricota,Caudoviricetes,Caudoviricetes incertae sedis,Piorkowskivirus,Piorkowskivirus CHPC926,,dsDNA,3044792,Piorkowskivirus
Streptococcus thermophilus,Duplodnaviria,Heunggongvirae,Uroviricota,Caudoviricetes,Caudoviricetes incertae sedis,Piorkowskivirus,Piorkowskivirus SW16,,dsDNA,3044792,Piorkowskivirus
Streptococcus thermophilus,Duplodnaviria,Heunggongvirae,Uroviricota,Caudoviricetes,Caudoviricetes incertae sedis,Piorkowskivirus,Piorkowskivirus SW22,,dsDNA,3044792,Piorkowskivirus
Aeromonas salmonicida subsp. salmonicida A449,Duplodnaviria,Heunggongvirae,Uroviricota,Caudoviricetes,Caudoviricetes incertae sedis,Peduoviridae,Piscesmortuivirus,Piscesmortuivirus LPM4,dsDNA,3044793,Piscesmortuivirus
root,Monodnaviria,Shotokuvirae,Cressdnaviricota,Arfiviricetes,Baphyvirales,Bacilladnaviridae,Puahadnavirus,Puahadnavirus inbhir,,3044797,Puahadnavirus
Pseudomonas chlororaphis,Duplodnaviria,Heunggongvirae,Uroviricota,Caudoviricetes,Caudoviricetes incertae sedis,Chimalliviridae,Serwervirus,Serwervirus 201phi21,dsDNA,3044821,Serwervirus
Pseudomonas fluorescens,Duplodnaviria,Heunggongvirae,Uroviricota,Caudoviricetes,Caudoviricetes incertae sedis,Skulduggeryvirus,Skulduggeryvirus skulduggery,,dsDNA,3044832,Skulduggeryvirus
Pseudomonas aeruginosa,Duplodnaviria,Heunggongvirae,Uroviricota,Caudoviricetes,Caudoviricetes incertae sedis,Chimalliviridae,Tepukevirus,Tepukevirus Psa21,dsDNA,3044840,Tepukevirus
Bacillus subtilis BEST7003,Duplodnaviria,Heunggongvirae,Uroviricota,Caudoviricetes,Caudoviricetes incertae sedis,Zhangjivirus,Zhangjivirus fado,,dsDNA,3044867,Zhangjivirus
Bacillus subtilis,Duplodnaviria,Heunggongvirae,Uroviricota,Caudoviricetes,Caudoviricetes incertae sedis,Zhangjivirus,Zhangjivirus PJN02,,dsDNA,3044867,Zhangjivirus
Pseudomonas aeruginosa,Duplodnaviria,Heunggongvirae,Uroviricota,Caudoviricetes,Caudoviricetes incertae sedis,Bugaksanvirus,Bugaksanvirus R656,,dsDNA,3152615,Bugaksanvirus
Microbacterium paraoxydans,Duplodnaviria,Heunggongvirae,Uroviricota,Caudoviricetes,Caudoviricetes incertae sedis,Pumpernickelvirus,Pumpernickelvirus pumpernickel,,dsDNA,3152625,Pumpernickelvirus
Pseudomonas syringae pv. tomato,Duplodnaviria,Heunggongvirae,Uroviricota,Caudoviricetes,Caudoviricetes incertae sedis,Vandenendeviridae,Gorskivirinae,Kremarvirus,dsDNA,3152897,Kremarvirus
Pseudomonas,Duplodnaviria,Heunggongvirae,Uroviricota,Caudoviricetes,Caudoviricetes incertae sedis,Vandenendeviridae,Gorskivirinae,Kremarvirus,dsDNA,3152897,Kremarvirus
Klebsiella pneumoniae,Duplodnaviria,Heunggongvirae,Uroviricota,Caudoviricetes,Caudoviricetes incertae sedis,Chaoyangvirus,Chaoyangvirus BUCT49532,,dsDNA,3152908,Chaoyangvirus
Klebsiella pneumoniae,Duplodnaviria,Heunggongvirae,Uroviricota,Caudoviricetes,Caudoviricetes incertae sedis,Mascletvirus,Mascletvirus VLCpiM12a,,dsDNA,3152910,Mascletvirus
Klebsiella pneumoniae,Duplodnaviria,Heunggongvirae,Uroviricota,Caudoviricetes,Caudoviricetes incertae sedis,Sircambvirus,Sircambvirus MEW1,,dsDNA,3152913,Sircambvirus
Klebsiella pneumoniae,Duplodnaviria,Heunggongvirae,Uroviricota,Caudoviricetes,Caudoviricetes incertae sedis,Sircambvirus,Sircambvirus pKp383,,dsDNA,3152913,Sircambvirus
Klebsiella pneumoniae,Duplodnaviria,Heunggongvirae,Uroviricota,Caudoviricetes,Caudoviricetes incertae sedis,Sircambvirus,Sircambvirus FZ14,,dsDNA,3152913,Sircambvirus
Klebsiella,Duplodnaviria,Heunggongvirae,Uroviricota,Caudoviricetes,Caudoviricetes incertae sedis,Sircambvirus,Sircambvirus justaphage,,dsDNA,3152913,Sircambvirus
Klebsiella pneumoniae,Duplodnaviria,Heunggongvirae,Uroviricota,Caudoviricetes,Caudoviricetes incertae sedis,Sircambvirus,Sircambvirus KpV52,Jedunavirus KpV80,dsDNA,3152913,Sircambvirus
Klebsiella pneumoniae,Duplodnaviria,Heunggongvirae,Uroviricota,Caudoviricetes,Caudoviricetes incertae sedis,Sircambvirus,Sircambvirus KpV79,Jedunavirus KpV52,dsDNA,3152913,Sircambvirus
Escherichia sp.,Duplodnaviria,Heunggongvirae,Uroviricota,Caudoviricetes,Caudoviricetes incertae sedis,Zewailvirus,Zewailvirus ZCEC13,,dsDNA,3152914,Zewailvirus
Klebsiella pneumoniae,Duplodnaviria,Heunggongvirae,Uroviricota,Caudoviricetes,Caudoviricetes incertae sedis,Zewailvirus,Zewailvirus SBP,,dsDNA,3152914,Zewailvirus
Hafnia paralvei,Duplodnaviria,Heunggongvirae,Uroviricota,Caudoviricetes,Caudoviricetes incertae sedis,Hafyongvirus,Hafyongvirus yong1,,dsDNA,3152967,Hafyongvirus
Pseudomonas aeruginosa,Duplodnaviria,Heunggongvirae,Uroviricota,Caudoviricetes,Caudoviricetes incertae sedis,Haihevirus,Haihevirus PP9W2,,dsDNA,3152968,Haihevirus
Serratia marcescens,Duplodnaviria,Heunggongvirae,Uroviricota,Caudoviricetes,Caudoviricetes incertae sedis,Sarkviridae,Otakuvirus,Otakuvirus Tsm2,dsDNA,3152972,Otakuvirus
Serratia marcescens,Duplodnaviria,Heunggongvirae,Uroviricota,Caudoviricetes,Caudoviricetes incertae sedis,Sarkviridae,Seretavirus,Seretavirus eta,dsDNA,3152998,Seretavirus
Pseudomonas putida S12,Duplodnaviria,Heunggongvirae,Uroviricota,Caudoviricetes,Caudoviricetes incertae sedis,Micathvirus,Micathvirus micath,,dsDNA,3153077,Micathvirus
Stenotrophomonas maltophilia,Duplodnaviria,Heunggongvirae,Uroviricota,Caudoviricetes,Caudoviricetes incertae sedis,Shangdongvirus,Shangdongvirus ply2008005c,,dsDNA,3153078,Shangdongvirus
Sphingomonas turrisvirgatae,Duplodnaviria,Heunggongvirae,Uroviricota,Caudoviricetes,Caudoviricetes incertae sedis,Torvergatavirus,Torvergatavirus MMDA13,,dsDNA,3153079,Torvergatavirus
Streptococcus pneumoniae,Duplodnaviria,Heunggongvirae,Uroviricota,Caudoviricetes,Caudoviricetes incertae sedis,Adrianbuildvirus,Adrianbuildvirus IPP41,,dsDNA,3424927,Adrianbuildvirus
Streptococcus pneumoniae AP200,Duplodnaviria,Heunggongvirae,Uroviricota,Caudoviricetes,Caudoviricetes incertae sedis,Adrianbuildvirus,Adrianbuildvirus IPP42,,dsDNA,3424927,Adrianbuildvirus
Streptococcus pneumoniae,Duplodnaviria,Heunggongvirae,Uroviricota,Caudoviricetes,Caudoviricetes incertae sedis,Adrianbuildvirus,Adrianbuildvirus IPP43,,dsDNA,3424927,Adrianbuildvirus
Streptococcus pneumoniae,Duplodnaviria,Heunggongvirae,Uroviricota,Caudoviricetes,Caudoviricetes incertae sedis,Adrianbuildvirus,Adrianbuildvirus IPP44,,dsDNA,3424927,Adrianbuildvirus
Streptococcus pneumoniae,Duplodnaviria,Heunggongvirae,Uroviricota,Caudoviricetes,Caudoviricetes incertae sedis,Adrianbuildvirus,Adrianbuildvirus IPP5,,dsDNA,3424927,Adrianbuildvirus
Streptococcus pneumoniae,Duplodnaviria,Heunggongvirae,Uroviricota,Caudoviricetes,Caudoviricetes incertae sedis,Adrianbuildvirus,Adrianbuildvirus IPP51,,dsDNA,3424927,Adrianbuildvirus
Streptococcus pneumoniae,Duplodnaviria,Heunggongvirae,Uroviricota,Caudoviricetes,Caudoviricetes incertae sedis,Adrianbuildvirus,Adrianbuildvirus ARI0923,,dsDNA,3424927,Adrianbuildvirus
Streptococcus pneumoniae,Duplodnaviria,Heunggongvirae,Uroviricota,Caudoviricetes,Caudoviricetes incertae sedis,Adrianbuildvirus,Adrianbuildvirus SpSL1,,dsDNA,3424927,Adrianbuildvirus
Escherichia coli C,Duplodnaviria,Heunggongvirae,Uroviricota,Caudoviricetes,Autographivirales,Autotranscriptaviridae,Studiervirinae,Ebriosvirus,dsDNA,3424957,Ebriosvirus
Stenotrophomonas maltophilia,Duplodnaviria,Heunggongvirae,Uroviricota,Caudoviricetes,Autographivirales,Autotranscriptaviridae,Studiervirinae,Ebriosvirus,dsDNA,3424957,Ebriosvirus
Pseudomonas fluorescens,Duplodnaviria,Heunggongvirae,Uroviricota,Caudoviricetes,Autographivirales,Autotranscriptaviridae,Studiervirinae,Pfluvirus,dsDNA,3424962,Pfluvirus
Cairina moschata,Monodnaviria,Shotokuvirae,Cossaviricota,Quintoviricetes,Piccovirales,Parvoviridae,Parvovirinae,Dependoparvovirus,,10803,Dependoparvovirus
Macaca mulatta,Monodnaviria,Shotokuvirae,Cossaviricota,Quintoviricetes,Piccovirales,Parvoviridae,Parvovirinae,Dependoparvovirus,,10803,Dependoparvovirus
Chlorocebus sabaeus,Monodnaviria,Shotokuvirae,Cossaviricota,Quintoviricetes,Piccovirales,Parvoviridae,Parvovirinae,Dependoparvovirus,,10803,Dependoparvovirus
Homo sapiens,Monodnaviria,Shotokuvirae,Cossaviricota,Quintoviricetes,Piccovirales,Parvoviridae,Parvovirinae,Dependoparvovirus,,10803,Dependoparvovirus
Mammalia,Monodnaviria,Shotokuvirae,Cossaviricota,Quintoviricetes,Piccovirales,Parvoviridae,Parvovirinae,Dependoparvovirus,,10803,Dependoparvovirus
Capra hircus,Monodnaviria,Shotokuvirae,Cossaviricota,Quintoviricetes,Piccovirales,Parvoviridae,Parvovirinae,Dependoparvovirus,,10803,Dependoparvovirus
Aves,Monodnaviria,Shotokuvirae,Cossaviricota,Quintoviricetes,Piccovirales,Parvoviridae,Parvovirinae,Dependoparvovirus,,10803,Dependoparvovirus
Gallus gallus,Monodnaviria,Shotokuvirae,Cossaviricota,Quintoviricetes,Piccovirales,Parvoviridae,Parvovirinae,Dependoparvovirus,,10803,Dependoparvovirus
Chlorocebus aethiops,Monodnaviria,Shotokuvirae,Cossaviricota,Quintoviricetes,Piccovirales,Parvoviridae,Parvovirinae,Dependoparvovirus,,10803,Dependoparvovirus
Coturnix japonica,Monodnaviria,Shotokuvirae,Cossaviricota,Quintoviricetes,Piccovirales,Parvoviridae,Parvovirinae,Dependoparvovirus,,10803,Dependoparvovirus
Myotis pilosus,Monodnaviria,Shotokuvirae,Cossaviricota,Quintoviricetes,Piccovirales,Parvoviridae,Parvovirinae,Dependoparvovirus,,10803,Dependoparvovirus
Pogona vitticeps,Monodnaviria,Shotokuvirae,Cossaviricota,Quintoviricetes,Piccovirales,Parvoviridae,Parvovirinae,Dependoparvovirus,,10803,Dependoparvovirus
Mus musculus,Monodnaviria,Shotokuvirae,Cossaviricota,Quintoviricetes,Piccovirales,Parvoviridae,Parvovirinae,Dependoparvovirus,,10803,Dependoparvovirus
Zalophus californianus,Monodnaviria,Shotokuvirae,Cossaviricota,Quintoviricetes,Piccovirales,Parvoviridae,Parvovirinae,Dependoparvovirus,,10803,Dependoparvovirus
Desmodus rotundus,Monodnaviria,Shotokuvirae,Cossaviricota,Quintoviricetes,Piccovirales,Parvoviridae,Parvovirinae,Dependoparvovirus,,10803,Dependoparvovirus
Anser anser,Monodnaviria,Shotokuvirae,Cossaviricota,Quintoviricetes,Piccovirales,Parvoviridae,Parvovirinae,Dependoparvovirus,,10803,Dependoparvovirus
Myiopsitta monachus,Monodnaviria,Shotokuvirae,Cossaviricota,Quintoviricetes,Piccovirales,Parvoviridae,Parvovirinae,Dependoparvovirus,,10803,Dependoparvovirus
Iguana,Monodnaviria,Shotokuvirae,Cossaviricota,Quintoviricetes,Piccovirales,Parvoviridae,Parvovirinae,Dependoparvovirus,,10803,Dependoparvovirus
Boa constrictor,Monodnaviria,Shotokuvirae,Cossaviricota,Quintoviricetes,Piccovirales,Parvoviridae,Parvovirinae,Dependoparvovirus,,10803,Dependoparvovirus
Viperinae,Monodnaviria,Shotokuvirae,Cossaviricota,Quintoviricetes,Piccovirales,Parvoviridae,Parvovirinae,Dependoparvovirus,,10803,Dependoparvovirus
Python regius,Monodnaviria,Shotokuvirae,Cossaviricota,Quintoviricetes,Piccovirales,Parvoviridae,Parvovirinae,Dependoparvovirus,,10803,Dependoparvovirus
Medicago sativa,Riboviria,Orthornavirae,Kitrinoviricota,Alsuviricetes,Tymovirales,Tymoviridae,Marafivirus,Marafivirus medicagonis,+ssRNA,12051,Marafivirus
Rubus canadensis,Riboviria,Orthornavirae,Kitrinoviricota,Alsuviricetes,Tymovirales,Tymoviridae,Marafivirus,Marafivirus rubi,+ssRNA,12051,Marafivirus
Citrus sinensis,Riboviria,Orthornavirae,Kitrinoviricota,Alsuviricetes,Tymovirales,Tymoviridae,Marafivirus,Marafivirus citri,+ssRNA,12051,Marafivirus
Vitis vinifera,Riboviria,Orthornavirae,Kitrinoviricota,Alsuviricetes,Tymovirales,Tymoviridae,Marafivirus,Marafivirus asteroides,+ssRNA,12051,Marafivirus
Zea mays,Riboviria,Orthornavirae,Kitrinoviricota,Alsuviricetes,Tymovirales,Tymoviridae,Marafivirus,Marafivirus maydis,+ssRNA,12051,Marafivirus
Zea mays subsp. mays,Riboviria,Orthornavirae,Kitrinoviricota,Alsuviricetes,Tymovirales,Tymoviridae,Marafivirus,Marafivirus maydis,+ssRNA,12051,Marafivirus
Prunus persica,Riboviria,Orthornavirae,Kitrinoviricota,Alsuviricetes,Tymovirales,Tymoviridae,Marafivirus,Marafivirus nucipersicae,+ssRNA,12051,Marafivirus
Avena sativa,Riboviria,Orthornavirae,Kitrinoviricota,Alsuviricetes,Tymovirales,Tymoviridae,Marafivirus,Marafivirus avenae,+ssRNA,12051,Marafivirus
Hordeum vulgare,Riboviria,Orthornavirae,Kitrinoviricota,Alsuviricetes,Tymovirales,Tymoviridae,Marafivirus,Marafivirus avenae,+ssRNA,12051,Marafivirus
Olea,Riboviria,Orthornavirae,Kitrinoviricota,Alsuviricetes,Tymovirales,Tymoviridae,Marafivirus,Marafivirus oleae,+ssRNA,12051,Marafivirus
Olea europaea,Riboviria,Orthornavirae,Kitrinoviricota,Alsuviricetes,Tymovirales,Tymoviridae,Marafivirus,Marafivirus oleae,+ssRNA,12051,Marafivirus
Sorghum x almum,Riboviria,Orthornavirae,Kitrinoviricota,Alsuviricetes,Tymovirales,Tymoviridae,Marafivirus,Marafivirus sorghi,+ssRNA,12051,Marafivirus
Panicum virgatum,Riboviria,Orthornavirae,Kitrinoviricota,Alsuviricetes,Tymovirales,Tymoviridae,Marafivirus,unclassified Marafivirus,+ssRNA,12051,Marafivirus
Alces alces,Monodnaviria,Shotokuvirae,Cressdnaviricota,Repensiviricetes,Geplafuvirales,Genomoviridae,Gemykolovirus,Gemykolovirus lepam1,,1941238,Gemykolovirus
Prunus persica,Monodnaviria,Shotokuvirae,Cressdnaviricota,Repensiviricetes,Geplafuvirales,Genomoviridae,Gemykolovirus,Gemykolovirus prupe1,,1941238,Gemykolovirus
Citrus sp.,Monodnaviria,Shotokuvirae,Cressdnaviricota,Repensiviricetes,Geplafuvirales,Genomoviridae,Gemykolovirus,Gemykolovirus citas1,,1941238,Gemykolovirus
Acridomorpha,Monodnaviria,Shotokuvirae,Cressdnaviricota,Repensiviricetes,Geplafuvirales,Genomoviridae,Gemykolovirus,Gemykolovirus easlu1,,1941238,Gemykolovirus
Pteropus tonganus,Monodnaviria,Shotokuvirae,Cressdnaviricota,Repensiviricetes,Geplafuvirales,Genomoviridae,Gemykolovirus,Gemykolovirus ptero1,,1941238,Gemykolovirus
Poaceae sp.,Monodnaviria,Shotokuvirae,Cressdnaviricota,Repensiviricetes,Geplafuvirales,Genomoviridae,Gemykolovirus,Gemykolovirus heris1,,1941238,Gemykolovirus
Avena byzantina,Monodnaviria,Shotokuvirae,Cressdnaviricota,Repensiviricetes,Geplafuvirales,Genomoviridae,Gemykolovirus,Gemykolovirus poaspe1,,1941238,Gemykolovirus
Echinothrips americanus,Monodnaviria,Shotokuvirae,Cressdnaviricota,Repensiviricetes,Geplafuvirales,Genomoviridae,Gemykolovirus,Gemykolovirus echia1,,1941238,Gemykolovirus
Dermacentor variabilis,Monodnaviria,Shotokuvirae,Cressdnaviricota,Repensiviricetes,Geplafuvirales,Genomoviridae,Gemykolovirus,Gemykolovirus derva1,,1941238,Gemykolovirus
Gopherus agassizii,Monodnaviria,Shotokuvirae,Cressdnaviricota,Repensiviricetes,Geplafuvirales,Genomoviridae,Gemykolovirus,Gemykolovirus gopha2,,1941238,Gemykolovirus
Segestria pacifica,Monodnaviria,Shotokuvirae,Cressdnaviricota,Repensiviricetes,Geplafuvirales,Genomoviridae,Gemykolovirus,Gemykolovirus segpa1,,1941238,Gemykolovirus
Argas hermanni,Riboviria,Orthornavirae,Negarnaviricota,Polyploviricotina,Bunyaviricetes,Hareavirales,Nairoviridae,Orthonairovirus,-ssRNA,1980517,Orthonairovirus
Streptopelia turtur,Riboviria,Orthornavirae,Negarnaviricota,Polyploviricotina,Bunyaviricetes,Hareavirales,Nairoviridae,Orthonairovirus,-ssRNA,1980517,Orthonairovirus
Argas lagenoplastis,Riboviria,Orthornavirae,Negarnaviricota,Polyploviricotina,Bunyaviricetes,Hareavirales,Nairoviridae,Orthonairovirus,-ssRNA,1980517,Orthonairovirus
Rhipicephalus bursa,Riboviria,Orthornavirae,Negarnaviricota,Polyploviricotina,Bunyaviricetes,Hareavirales,Nairoviridae,Orthonairovirus,-ssRNA,1980517,Orthonairovirus
Ixodes uriae,Riboviria,Orthornavirae,Negarnaviricota,Polyploviricotina,Bunyaviricetes,Hareavirales,Nairoviridae,Orthonairovirus,-ssRNA,1980517,Orthonairovirus
Mastomys sp.,Riboviria,Orthornavirae,Negarnaviricota,Polyploviricotina,Bunyaviricetes,Hareavirales,Nairoviridae,Orthonairovirus,-ssRNA,1980517,Orthonairovirus
Ornithodoros sonrai,Riboviria,Orthornavirae,Negarnaviricota,Polyploviricotina,Bunyaviricetes,Hareavirales,Nairoviridae,Orthonairovirus,-ssRNA,1980517,Orthonairovirus
Mus musculus,Riboviria,Orthornavirae,Negarnaviricota,Polyploviricotina,Bunyaviricetes,Hareavirales,Nairoviridae,Orthonairovirus,-ssRNA,1980517,Orthonairovirus
Haemaphysalis punctata,Riboviria,Orthornavirae,Negarnaviricota,Polyploviricotina,Bunyaviricetes,Hareavirales,Nairoviridae,Orthonairovirus,-ssRNA,1980517,Orthonairovirus
Ornithodoros,Riboviria,Orthornavirae,Negarnaviricota,Polyploviricotina,Bunyaviricetes,Hareavirales,Nairoviridae,Orthonairovirus,-ssRNA,1980517,Orthonairovirus
Ornithodoros sp.,Riboviria,Orthornavirae,Negarnaviricota,Polyploviricotina,Bunyaviricetes,Hareavirales,Nairoviridae,Orthonairovirus,-ssRNA,1980517,Orthonairovirus
Tadarida,Riboviria,Orthornavirae,Negarnaviricota,Polyploviricotina,Bunyaviricetes,Hareavirales,Nairoviridae,Orthonairovirus,-ssRNA,1980517,Orthonairovirus
Alectorobius maritimus,Riboviria,Orthornavirae,Negarnaviricota,Polyploviricotina,Bunyaviricetes,Hareavirales,Nairoviridae,Orthonairovirus,-ssRNA,1980517,Orthonairovirus
Ixodes redikorzevi,Riboviria,Orthornavirae,Negarnaviricota,Polyploviricotina,Bunyaviricetes,Hareavirales,Nairoviridae,Orthonairovirus,-ssRNA,1980517,Orthonairovirus
root,Riboviria,Orthornavirae,Negarnaviricota,Polyploviricotina,Bunyaviricetes,Hareavirales,Nairoviridae,Orthonairovirus,-ssRNA,1980517,Orthonairovirus
Nyctalus noctula,Riboviria,Orthornavirae,Negarnaviricota,Polyploviricotina,Bunyaviricetes,Hareavirales,Nairoviridae,Orthonairovirus,-ssRNA,1980517,Orthonairovirus
Rousettus aegyptiacus,Riboviria,Orthornavirae,Negarnaviricota,Polyploviricotina,Bunyaviricetes,Hareavirales,Nairoviridae,Orthonairovirus,-ssRNA,1980517,Orthonairovirus
Scotophilus kuhlii,Riboviria,Orthornavirae,Negarnaviricota,Polyploviricotina,Bunyaviricetes,Hareavirales,Nairoviridae,Orthonairovirus,-ssRNA,1980517,Orthonairovirus
Carios pusillus,Riboviria,Orthornavirae,Negarnaviricota,Polyploviricotina,Bunyaviricetes,Hareavirales,Nairoviridae,Orthonairovirus,-ssRNA,1980517,Orthonairovirus
Amblyomma gemma,Riboviria,Orthornavirae,Negarnaviricota,Polyploviricotina,Bunyaviricetes,Hareavirales,Nairoviridae,Orthonairovirus,-ssRNA,1980517,Orthonairovirus
Macronycteris gigas,Riboviria,Orthornavirae,Negarnaviricota,Polyploviricotina,Bunyaviricetes,Hareavirales,Nairoviridae,Orthonairovirus,-ssRNA,1980517,Orthonairovirus
Hyalomma aegyptium,Riboviria,Orthornavirae,Negarnaviricota,Polyploviricotina,Bunyaviricetes,Hareavirales,Nairoviridae,Orthonairovirus,-ssRNA,1980517,Orthonairovirus
Culicidae,Riboviria,Orthornavirae,Negarnaviricota,Polyploviricotina,Bunyaviricetes,Hareavirales,Nairoviridae,Orthonairovirus,-ssRNA,1980517,Orthonairovirus
Ovis aries,Riboviria,Orthornavirae,Negarnaviricota,Polyploviricotina,Bunyaviricetes,Hareavirales,Nairoviridae,Orthonairovirus,-ssRNA,1980517,Orthonairovirus
Rhipicephalus appendiculatus,Riboviria,Orthornavirae,Negarnaviricota,Polyploviricotina,Bunyaviricetes,Hareavirales,Nairoviridae,Orthonairovirus,-ssRNA,1980517,Orthonairovirus
Haemaphysalis intermedia,Riboviria,Orthornavirae,Negarnaviricota,Polyploviricotina,Bunyaviricetes,Hareavirales,Nairoviridae,Orthonairovirus,-ssRNA,1980517,Orthonairovirus
Haemaphysalis wellingtoni,Riboviria,Orthornavirae,Negarnaviricota,Polyploviricotina,Bunyaviricetes,Hareavirales,Nairoviridae,Orthonairovirus,-ssRNA,1980517,Orthonairovirus
Ornithodoros asperus,Riboviria,Orthornavirae,Negarnaviricota,Polyploviricotina,Bunyaviricetes,Hareavirales,Nairoviridae,Orthonairovirus,-ssRNA,1980517,Orthonairovirus
Ixodida,Riboviria,Orthornavirae,Negarnaviricota,Polyploviricotina,Bunyaviricetes,Hareavirales,Nairoviridae,Orthonairovirus,-ssRNA,1980517,Orthonairovirus
Ornithodoros tartakovskyi,Riboviria,Orthornavirae,Negarnaviricota,Polyploviricotina,Bunyaviricetes,Hareavirales,Nairoviridae,Orthonairovirus,-ssRNA,1980517,Orthonairovirus
Amblyomma variegatum,Riboviria,Orthornavirae,Negarnaviricota,Polyploviricotina,Bunyaviricetes,Hareavirales,Nairoviridae,Orthonairovirus,-ssRNA,1980517,Orthonairovirus
Rhipicephalus annulatus,Riboviria,Orthornavirae,Negarnaviricota,Polyploviricotina,Bunyaviricetes,Hareavirales,Nairoviridae,Orthonairovirus,-ssRNA,1980517,Orthonairovirus
Rhipicephalus,Riboviria,Orthornavirae,Negarnaviricota,Polyploviricotina,Bunyaviricetes,Hareavirales,Nairoviridae,Orthonairovirus,-ssRNA,1980517,Orthonairovirus
Rhipicephalus decoloratus,Riboviria,Orthornavirae,Negarnaviricota,Polyploviricotina,Bunyaviricetes,Hareavirales,Nairoviridae,Orthonairovirus,-ssRNA,1980517,Orthonairovirus
Hyalomma truncatum,Riboviria,Orthornavirae,Negarnaviricota,Polyploviricotina,Bunyaviricetes,Hareavirales,Nairoviridae,Orthonairovirus,-ssRNA,1980517,Orthonairovirus
Hyalomma rufipes,Riboviria,Orthornavirae,Negarnaviricota,Polyploviricotina,Bunyaviricetes,Hareavirales,Nairoviridae,Orthonairovirus,-ssRNA,1980517,Orthonairovirus
Rhipicephalus geigyi,Riboviria,Orthornavirae,Negarnaviricota,Polyploviricotina,Bunyaviricetes,Hareavirales,Nairoviridae,Orthonairovirus,-ssRNA,1980517,Orthonairovirus
Hyalomma excavatum,Riboviria,Orthornavirae,Negarnaviricota,Polyploviricotina,Bunyaviricetes,Hareavirales,Nairoviridae,Orthonairovirus,-ssRNA,1980517,Orthonairovirus
Hyalomma dromedarii,Riboviria,Orthornavirae,Negarnaviricota,Polyploviricotina,Bunyaviricetes,Hareavirales,Nairoviridae,Orthonairovirus,-ssRNA,1980517,Orthonairovirus
Ornithodoros erraticus,Riboviria,Orthornavirae,Negarnaviricota,Polyploviricotina,Bunyaviricetes,Hareavirales,Nairoviridae,Orthonairovirus,-ssRNA,1980517,Orthonairovirus
Crocidura,Riboviria,Orthornavirae,Negarnaviricota,Polyploviricotina,Bunyaviricetes,Hareavirales,Nairoviridae,Orthonairovirus,-ssRNA,1980517,Orthonairovirus
Alectorobius amblus,Riboviria,Orthornavirae,Negarnaviricota,Polyploviricotina,Bunyaviricetes,Hareavirales,Nairoviridae,Orthonairovirus,-ssRNA,1980517,Orthonairovirus
Argasidae,Riboviria,Orthornavirae,Negarnaviricota,Polyploviricotina,Bunyaviricetes,Hareavirales,Nairoviridae,Orthonairovirus,-ssRNA,1980517,Orthonairovirus
Argas cooleyi,Riboviria,Orthornavirae,Negarnaviricota,Polyploviricotina,Bunyaviricetes,Hareavirales,Nairoviridae,Orthonairovirus,-ssRNA,1980517,Orthonairovirus
Alectorobius capensis,Riboviria,Orthornavirae,Negarnaviricota,Polyploviricotina,Bunyaviricetes,Hareavirales,Nairoviridae,Orthonairovirus,-ssRNA,1980517,Orthonairovirus
Dermacentor marginatus,Riboviria,Orthornavirae,Negarnaviricota,Polyploviricotina,Bunyaviricetes,Hareavirales,Nairoviridae,Orthonairovirus,-ssRNA,1980517,Orthonairovirus
Haemaphysalis flava,Riboviria,Orthornavirae,Negarnaviricota,Polyploviricotina,Bunyaviricetes,Hareavirales,Nairoviridae,Orthonairovirus,-ssRNA,1980517,Orthonairovirus
Haemaphysalis formosensis,Riboviria,Orthornavirae,Negarnaviricota,Polyploviricotina,Bunyaviricetes,Hareavirales,Nairoviridae,Orthonairovirus,-ssRNA,1980517,Orthonairovirus
Argas robertsi,Riboviria,Orthornavirae,Negarnaviricota,Polyploviricotina,Bunyaviricetes,Hareavirales,Nairoviridae,Orthonairovirus,-ssRNA,1980517,Orthonairovirus
Carios,Riboviria,Orthornavirae,Negarnaviricota,Polyploviricotina,Bunyaviricetes,Hareavirales,Nairoviridae,Orthonairovirus,-ssRNA,1980517,Orthonairovirus
root,Monodnaviria,Shotokuvirae,Cressdnaviricota,Arfiviricetes,Cremevirales,Smacoviridae,Porprismacovirus,Porprismacovirus alecas1,,2169663,Porprismacovirus
Aves,Monodnaviria,Shotokuvirae,Cressdnaviricota,Arfiviricetes,Cremevirales,Smacoviridae,Porprismacovirus,Porprismacovirus avias1,,2169663,Porprismacovirus
Bos taurus,Monodnaviria,Shotokuvirae,Cressdnaviricota,Arfiviricetes,Cremevirales,Smacoviridae,Porprismacovirus,Porprismacovirus bovas1,,2169663,Porprismacovirus
Camelus dromedarius,Monodnaviria,Shotokuvirae,Cressdnaviricota,Arfiviricetes,Cremevirales,Smacoviridae,Porprismacovirus,Porprismacovirus camas1,,2169663,Porprismacovirus
Bos,Monodnaviria,Shotokuvirae,Cressdnaviricota,Arfiviricetes,Cremevirales,Smacoviridae,Porprismacovirus,Porprismacovirus bovas2,,2169663,Porprismacovirus
Gallus gallus,Monodnaviria,Shotokuvirae,Cressdnaviricota,Arfiviricetes,Cremevirales,Smacoviridae,Porprismacovirus,Porprismacovirus chicas2,,2169663,Porprismacovirus
Pan troglodytes,Monodnaviria,Shotokuvirae,Cressdnaviricota,Arfiviricetes,Cremevirales,Smacoviridae,Porprismacovirus,Porprismacovirus chimas1,,2169663,Porprismacovirus
Chlorocebus cynosuros,Monodnaviria,Shotokuvirae,Cressdnaviricota,Arfiviricetes,Cremevirales,Smacoviridae,Porprismacovirus,Porprismacovirus malbas1,,2169663,Porprismacovirus
Lucilia rica,Monodnaviria,Shotokuvirae,Cressdnaviricota,Arfiviricetes,Cremevirales,Smacoviridae,Porprismacovirus,Porprismacovirus flas1,,2169663,Porprismacovirus
Capra hircus,Monodnaviria,Shotokuvirae,Cressdnaviricota,Arfiviricetes,Cremevirales,Smacoviridae,Porprismacovirus,Porprismacovirus goas1,,2169663,Porprismacovirus
Gorilla gorilla,Monodnaviria,Shotokuvirae,Cressdnaviricota,Arfiviricetes,Cremevirales,Smacoviridae,Porprismacovirus,Porprismacovirus goras1,,2169663,Porprismacovirus
Alouatta caraya,Monodnaviria,Shotokuvirae,Cressdnaviricota,Arfiviricetes,Cremevirales,Smacoviridae,Porprismacovirus,Porprismacovirus howas1,,2169663,Porprismacovirus
Homo sapiens,Monodnaviria,Shotokuvirae,Cressdnaviricota,Arfiviricetes,Cremevirales,Smacoviridae,Porprismacovirus,Porprismacovirus humas4,,2169663,Porprismacovirus
Lemur catta,Monodnaviria,Shotokuvirae,Cressdnaviricota,Arfiviricetes,Cremevirales,Smacoviridae,Porprismacovirus,Porprismacovirus lemas1,,2169663,Porprismacovirus
Lynx rufus,Monodnaviria,Shotokuvirae,Cressdnaviricota,Arfiviricetes,Cremevirales,Smacoviridae,Porprismacovirus,Porprismacovirus lynas2,,2169663,Porprismacovirus
Macaca mulatta,Monodnaviria,Shotokuvirae,Cressdnaviricota,Arfiviricetes,Cremevirales,Smacoviridae,Porprismacovirus,Porprismacovirus macas6,,2169663,Porprismacovirus
Macaca,Monodnaviria,Shotokuvirae,Cressdnaviricota,Arfiviricetes,Cremevirales,Smacoviridae,Porprismacovirus,Porprismacovirus macas5,,2169663,Porprismacovirus
Panthera leo,Monodnaviria,Shotokuvirae,Cressdnaviricota,Arfiviricetes,Cremevirales,Smacoviridae,Porprismacovirus,Porprismacovirus leo1,,2169663,Porprismacovirus
Sus scrofa domesticus,Monodnaviria,Shotokuvirae,Cressdnaviricota,Arfiviricetes,Cremevirales,Smacoviridae,Porprismacovirus,unclassified Porprismacovirus,,2169663,Porprismacovirus
,Monodnaviria,Shotokuvirae,Cressdnaviricota,Arfiviricetes,Cremevirales,Smacoviridae,Porprismacovirus,Porprismacovirus porci1,,2169663,Porprismacovirus
Sus scrofa,Monodnaviria,Shotokuvirae,Cressdnaviricota,Arfiviricetes,Cremevirales,Smacoviridae,Porprismacovirus,Porprismacovirus porci3,,2169663,Porprismacovirus
Lepus europaeus,Monodnaviria,Shotokuvirae,Cressdnaviricota,Arfiviricetes,Cremevirales,Smacoviridae,Porprismacovirus,Porprismacovirus porci1,,2169663,Porprismacovirus
Nyctereutes procyonoides,Monodnaviria,Shotokuvirae,Cressdnaviricota,Arfiviricetes,Cremevirales,Smacoviridae,Porprismacovirus,,,2169663,Porprismacovirus
Rattus,Monodnaviria,Shotokuvirae,Cressdnaviricota,Arfiviricetes,Cremevirales,Smacoviridae,Porprismacovirus,Porprismacovirus ratas1,,2169663,Porprismacovirus
Rattus norvegicus,Monodnaviria,Shotokuvirae,Cressdnaviricota,Arfiviricetes,Cremevirales,Smacoviridae,Porprismacovirus,Porprismacovirus ratas1,,2169663,Porprismacovirus
Ovis aries,Monodnaviria,Shotokuvirae,Cressdnaviricota,Arfiviricetes,Cremevirales,Smacoviridae,Porprismacovirus,Porprismacovirus sheas1,,2169663,Porprismacovirus
Meleagris gallopavo,Monodnaviria,Shotokuvirae,Cressdnaviricota,Arfiviricetes,Cremevirales,Smacoviridae,Porprismacovirus,Porprismacovirus turas1,,2169663,Porprismacovirus
Microbacterium foliorum,Duplodnaviria,Heunggongvirae,Uroviricota,Caudoviricetes,Caudoviricetes incertae sedis,Dismasvirus,unclassified Dismasvirus,,dsDNA,2560122,Dismasvirus
Microbacterium foliorum,Duplodnaviria,Heunggongvirae,Uroviricota,Caudoviricetes,Caudoviricetes incertae sedis,Dismasvirus,Dismasvirus dismas,,dsDNA,2560122,Dismasvirus
Microbacterium,Duplodnaviria,Heunggongvirae,Uroviricota,Caudoviricetes,Caudoviricetes incertae sedis,Dismasvirus,unclassified Dismasvirus,,dsDNA,2560122,Dismasvirus
Microbacterium oxydans,Duplodnaviria,Heunggongvirae,Uroviricota,Caudoviricetes,Caudoviricetes incertae sedis,Farahnazvirus,Farahnazvirus ISF9,,dsDNA,2560130,Farahnazvirus
Pseudomonas fluorescens,Duplodnaviria,Heunggongvirae,Uroviricota,Caudoviricetes,Caudoviricetes incertae sedis,Chimalliviridae,Noxifervirus,Noxifervirus noxifer,dsDNA,2560190,Noxifervirus
Pseudomonas [fluorescens] SBW25,Duplodnaviria,Heunggongvirae,Uroviricota,Caudoviricetes,Caudoviricetes incertae sedis,Chimalliviridae,Noxifervirus,Noxifervirus noxifer,dsDNA,2560190,Noxifervirus
Streptomyces scabiei,Duplodnaviria,Heunggongvirae,Uroviricota,Caudoviricetes,Caudoviricetes incertae sedis,Scapunavirus,unclassified Scapunavirus,,dsDNA,2560225,Scapunavirus
Streptomyces lividans,Duplodnaviria,Heunggongvirae,Uroviricota,Caudoviricetes,Caudoviricetes incertae sedis,Scapunavirus,unclassified Scapunavirus,,dsDNA,2560225,Scapunavirus
Streptomyces mirabilis,Duplodnaviria,Heunggongvirae,Uroviricota,Caudoviricetes,Caudoviricetes incertae sedis,Scapunavirus,unclassified Scapunavirus,,dsDNA,2560225,Scapunavirus
Streptomyces scabiei,Duplodnaviria,Heunggongvirae,Uroviricota,Caudoviricetes,Caudoviricetes incertae sedis,Scapunavirus,Scapunavirus scap1,,dsDNA,2560225,Scapunavirus
Streptomyces bicolor,Duplodnaviria,Heunggongvirae,Uroviricota,Caudoviricetes,Caudoviricetes incertae sedis,Scapunavirus,unclassified Scapunavirus,,dsDNA,2560225,Scapunavirus
Microbacterium foliorum,Duplodnaviria,Heunggongvirae,Uroviricota,Caudoviricetes,Caudoviricetes incertae sedis,Squashvirus,unclassified Squashvirus,,dsDNA,2733215,Squashvirus
Microbacterium foliorum,Duplodnaviria,Heunggongvirae,Uroviricota,Caudoviricetes,Caudoviricetes incertae sedis,Squashvirus,Squashvirus hyperion,,dsDNA,2733215,Squashvirus
Microbacterium foliorum,Duplodnaviria,Heunggongvirae,Uroviricota,Caudoviricetes,Caudoviricetes incertae sedis,Squashvirus,Squashvirus squash,,dsDNA,2733215,Squashvirus
Escherichia coli str. K-12 substr. MG1655,Duplodnaviria,Heunggongvirae,Uroviricota,Caudoviricetes,Caudoviricetes incertae sedis,Wongtaivirus,Wongtaivirus ECP1,,dsDNA,2843141,Wongtaivirus
Escherichia coli,Duplodnaviria,Heunggongvirae,Uroviricota,Caudoviricetes,Caudoviricetes incertae sedis,Wongtaivirus,Wongtaivirus HK542,,dsDNA,2843141,Wongtaivirus
Mycolicibacterium smegmatis MC2 155,Duplodnaviria,Heunggongvirae,Uroviricota,Caudoviricetes,Caudoviricetes incertae sedis,Turbidovirus,Turbidovirus turbido,,dsDNA,2948936,Turbidovirus
Mycobacterium,Duplodnaviria,Heunggongvirae,Uroviricota,Caudoviricetes,Caudoviricetes incertae sedis,Turbidovirus,Turbidovirus turbido,,dsDNA,2948936,Turbidovirus
Mycolicibacterium smegmatis MC2 155,Duplodnaviria,Heunggongvirae,Uroviricota,Caudoviricetes,Caudoviricetes incertae sedis,Turbidovirus,Turbidovirus anselm,,dsDNA,2948936,Turbidovirus
Mycolicibacterium smegmatis MC2 155,Duplodnaviria,Heunggongvirae,Uroviricota,Caudoviricetes,Caudoviricetes incertae sedis,Turbidovirus,unclassified Turbidovirus,,dsDNA,2948936,Turbidovirus
Mycolicibacterium smegmatis MC2 155,Duplodnaviria,Heunggongvirae,Uroviricota,Caudoviricetes,Caudoviricetes incertae sedis,Turbidovirus,Turbidovirus benvolio,,dsDNA,2948936,Turbidovirus
Mycolicibacterium smegmatis MC2 155,Duplodnaviria,Heunggongvirae,Uroviricota,Caudoviricetes,Caudoviricetes incertae sedis,Turbidovirus,Turbidovirus bugsy,,dsDNA,2948936,Turbidovirus
Mycolicibacterium smegmatis MC2 155,Duplodnaviria,Heunggongvirae,Uroviricota,Caudoviricetes,Caudoviricetes incertae sedis,Turbidovirus,Turbidovirus centaur,,dsDNA,2948936,Turbidovirus
Mycolicibacterium smegmatis MC2 155,Duplodnaviria,Heunggongvirae,Uroviricota,Caudoviricetes,Caudoviricetes incertae sedis,Turbidovirus,Turbidovirus evilgenius,,dsDNA,2948936,Turbidovirus
Mycolicibacterium smegmatis MC2 155,Duplodnaviria,Heunggongvirae,Uroviricota,Caudoviricetes,Caudoviricetes incertae sedis,Turbidovirus,Turbidovirus fameo,,dsDNA,2948936,Turbidovirus
Mycobacterium,Duplodnaviria,Heunggongvirae,Uroviricota,Caudoviricetes,Caudoviricetes incertae sedis,Turbidovirus,unclassified Turbidovirus,,dsDNA,2948936,Turbidovirus
Mycolicibacterium smegmatis MC2 155,Duplodnaviria,Heunggongvirae,Uroviricota,Caudoviricetes,Caudoviricetes incertae sedis,Turbidovirus,Turbidovirus georgie2,,dsDNA,2948936,Turbidovirus
Mycolicibacterium smegmatis MC2 155,Duplodnaviria,Heunggongvirae,Uroviricota,Caudoviricetes,Caudoviricetes incertae sedis,Turbidovirus,Turbidovirus heffalump,,dsDNA,2948936,Turbidovirus
Mycolicibacterium smegmatis MC2 155,Duplodnaviria,Heunggongvirae,Uroviricota,Caudoviricetes,Caudoviricetes incertae sedis,Turbidovirus,Turbidovirus joshkayV,,dsDNA,2948936,Turbidovirus
Mycolicibacterium smegmatis MC2 155,Duplodnaviria,Heunggongvirae,Uroviricota,Caudoviricetes,Caudoviricetes incertae sedis,Turbidovirus,Turbidovirus larenn,,dsDNA,2948936,Turbidovirus
Mycolicibacterium smegmatis MC2 155,Duplodnaviria,Heunggongvirae,Uroviricota,Caudoviricetes,Caudoviricetes incertae sedis,Turbidovirus,Turbidovirus malec,,dsDNA,2948936,Turbidovirus
Mycobacterium marinum,Duplodnaviria,Heunggongvirae,Uroviricota,Caudoviricetes,Caudoviricetes incertae sedis,Turbidovirus,unclassified Turbidovirus,,dsDNA,2948936,Turbidovirus
Mycolicibacterium smegmatis MC2 155,Duplodnaviria,Heunggongvirae,Uroviricota,Caudoviricetes,Caudoviricetes incertae sedis,Turbidovirus,Turbidovirus piro94,,dsDNA,2948936,Turbidovirus
Xanthomonas oryzae pv. oryzae,Duplodnaviria,Heunggongvirae,Uroviricota,Caudoviricetes,Caudoviricetes incertae sedis,Mesyanzhinovviridae,Bradleyvirinae,Xooduovirus,dsDNA,2948956,Xooduovirus
Erwinia persicina,Duplodnaviria,Heunggongvirae,Uroviricota,Caudoviricetes,Caudoviricetes incertae sedis,Midgardsormrvirus,Midgardsormrvirus midgardsormr38,,dsDNA,3044764,Midgardsormrvirus
Microbacterium sp. R1,Duplodnaviria,Heunggongvirae,Uroviricota,Caudoviricetes,Caudoviricetes incertae sedis,Syrbvirus,Syrbvirus R1,,dsDNA,3044838,Syrbvirus
Pseudomonas aeruginosa PA14,Duplodnaviria,Heunggongvirae,Uroviricota,Caudoviricetes,Caudoviricetes incertae sedis,Hulijingvirus,Hulijingvirus LC313,,dsDNA,3152622,Hulijingvirus
root,Monodnaviria,Shotokuvirae,Cressdnaviricota,Arfiviricetes,Saturnivirales,Kanorauviridae,Ninurtavirus,Ninurtavirus oceanis,,3152926,Ninurtavirus
Procordulia grayi,Monodnaviria,Shotokuvirae,Cressdnaviricota,Arfiviricetes,Saturnivirales,Kanorauviridae,Ninurtavirus,Ninurtavirus procoris,,3152926,Ninurtavirus
Nicotiana benthamiana,Riboviria,Orthornavirae,Pisuviricota,Pisoniviricetes,Picornavirales,Secoviridae,Comovirinae,Nepovirus,,12270,Nepovirus
Aeonium,Riboviria,Orthornavirae,Pisuviricota,Pisoniviricetes,Picornavirales,Secoviridae,Comovirinae,Nepovirus,,12270,Nepovirus
Chenopodiastrum murale,Riboviria,Orthornavirae,Pisuviricota,Pisoniviricetes,Picornavirales,Secoviridae,Comovirinae,Nepovirus,,12270,Nepovirus
Chenopodium quinoa,Riboviria,Orthornavirae,Pisuviricota,Pisoniviricetes,Picornavirales,Secoviridae,Comovirinae,Nepovirus,,12270,Nepovirus
Anemonastrum flaccidum,Riboviria,Orthornavirae,Pisuviricota,Pisoniviricetes,Picornavirales,Secoviridae,Comovirinae,Nepovirus,,12270,Nepovirus
Humulus lupulus,Riboviria,Orthornavirae,Pisuviricota,Pisoniviricetes,Picornavirales,Secoviridae,Comovirinae,Nepovirus,,12270,Nepovirus
Beta vulgaris subsp. vulgaris,Riboviria,Orthornavirae,Pisuviricota,Pisoniviricetes,Picornavirales,Secoviridae,Comovirinae,Nepovirus,,12270,Nepovirus
Amaranthus caudatus,Riboviria,Orthornavirae,Pisuviricota,Pisoniviricetes,Picornavirales,Secoviridae,Comovirinae,Nepovirus,,12270,Nepovirus
Cucumis sativus,Riboviria,Orthornavirae,Pisuviricota,Pisoniviricetes,Picornavirales,Secoviridae,Comovirinae,Nepovirus,,12270,Nepovirus
Fragaria x ananassa,Riboviria,Orthornavirae,Pisuviricota,Pisoniviricetes,Picornavirales,Secoviridae,Comovirinae,Nepovirus,,12270,Nepovirus
Phaseolus vulgaris,Riboviria,Orthornavirae,Pisuviricota,Pisoniviricetes,Picornavirales,Secoviridae,Comovirinae,Nepovirus,,12270,Nepovirus
Solanum lycopersicum,Riboviria,Orthornavirae,Pisuviricota,Pisoniviricetes,Picornavirales,Secoviridae,Comovirinae,Nepovirus,,12270,Nepovirus
Nicotiana rustica,Riboviria,Orthornavirae,Pisuviricota,Pisoniviricetes,Picornavirales,Secoviridae,Comovirinae,Nepovirus,,12270,Nepovirus
Nicotiana tabacum,Riboviria,Orthornavirae,Pisuviricota,Pisoniviricetes,Picornavirales,Secoviridae,Comovirinae,Nepovirus,,12270,Nepovirus
Olea europaea,Riboviria,Orthornavirae,Pisuviricota,Pisoniviricetes,Picornavirales,Secoviridae,Comovirinae,Nepovirus,,12270,Nepovirus
Cornus florida,Riboviria,Orthornavirae,Pisuviricota,Pisoniviricetes,Picornavirales,Secoviridae,Comovirinae,Nepovirus,,12270,Nepovirus
Hordeum vulgare,Riboviria,Orthornavirae,Pisuviricota,Pisoniviricetes,Picornavirales,Secoviridae,Comovirinae,Nepovirus,,12270,Nepovirus
Ligustrum,Riboviria,Orthornavirae,Pisuviricota,Pisoniviricetes,Picornavirales,Secoviridae,Comovirinae,Nepovirus,,12270,Nepovirus
Vitis vinifera,Riboviria,Orthornavirae,Pisuviricota,Pisoniviricetes,Picornavirales,Secoviridae,Comovirinae,Nepovirus,,12270,Nepovirus
Rubus idaeus,Riboviria,Orthornavirae,Pisuviricota,Pisoniviricetes,Picornavirales,Secoviridae,Comovirinae,Nepovirus,,12270,Nepovirus
Syringa vulgaris,Riboviria,Orthornavirae,Pisuviricota,Pisoniviricetes,Picornavirales,Secoviridae,Comovirinae,Nepovirus,,12270,Nepovirus
Atriplex hortensis,Riboviria,Orthornavirae,Pisuviricota,Pisoniviricetes,Picornavirales,Secoviridae,Comovirinae,Nepovirus,,12270,Nepovirus
Phlox,Riboviria,Orthornavirae,Pisuviricota,Pisoniviricetes,Picornavirales,Secoviridae,Comovirinae,Nepovirus,,12270,Nepovirus
Celosia argentea,Riboviria,Orthornavirae,Pisuviricota,Pisoniviricetes,Picornavirales,Secoviridae,Comovirinae,Nepovirus,,12270,Nepovirus
Fragaria vesca,Riboviria,Orthornavirae,Pisuviricota,Pisoniviricetes,Picornavirales,Secoviridae,Comovirinae,Nepovirus,,12270,Nepovirus
Chenopodium amaranticolor,Riboviria,Orthornavirae,Pisuviricota,Pisoniviricetes,Picornavirales,Secoviridae,Comovirinae,Nepovirus,,12270,Nepovirus
Hosta fortunei,Riboviria,Orthornavirae,Pisuviricota,Pisoniviricetes,Picornavirales,Secoviridae,Comovirinae,Nepovirus,,12270,Nepovirus
Dysphania ambrosioides,Riboviria,Orthornavirae,Pisuviricota,Pisoniviricetes,Picornavirales,Secoviridae,Comovirinae,Nepovirus,,12270,Nepovirus
Chenopodiastrum hybridum,Riboviria,Orthornavirae,Pisuviricota,Pisoniviricetes,Picornavirales,Secoviridae,Comovirinae,Nepovirus,,12270,Nepovirus
Arracacia xanthorrhiza,Riboviria,Orthornavirae,Pisuviricota,Pisoniviricetes,Picornavirales,Secoviridae,Comovirinae,Nepovirus,,12270,Nepovirus
Lamium amplexicaule,Riboviria,Orthornavirae,Pisuviricota,Pisoniviricetes,Picornavirales,Secoviridae,Comovirinae,Nepovirus,,12270,Nepovirus
Hypochaeris,Riboviria,Orthornavirae,Pisuviricota,Pisoniviricetes,Picornavirales,Secoviridae,Comovirinae,Nepovirus,,12270,Nepovirus
Cynara cardunculus var. scolymus,Riboviria,Orthornavirae,Pisuviricota,Pisoniviricetes,Picornavirales,Secoviridae,Comovirinae,Nepovirus,,12270,Nepovirus
Lactuca virosa,Riboviria,Orthornavirae,Pisuviricota,Pisoniviricetes,Picornavirales,Secoviridae,Comovirinae,Nepovirus,,12270,Nepovirus
Urospermum dalechampii,Riboviria,Orthornavirae,Pisuviricota,Pisoniviricetes,Picornavirales,Secoviridae,Comovirinae,Nepovirus,,12270,Nepovirus
Helminthotheca echioides,Riboviria,Orthornavirae,Pisuviricota,Pisoniviricetes,Picornavirales,Secoviridae,Comovirinae,Nepovirus,,12270,Nepovirus
Nicotiana occidentalis,Riboviria,Orthornavirae,Pisuviricota,Pisoniviricetes,Picornavirales,Secoviridae,Comovirinae,Nepovirus,,12270,Nepovirus
Crepis neglecta,Riboviria,Orthornavirae,Pisuviricota,Pisoniviricetes,Picornavirales,Secoviridae,Comovirinae,Nepovirus,,12270,Nepovirus
Vitis,Riboviria,Orthornavirae,Pisuviricota,Pisoniviricetes,Picornavirales,Secoviridae,Comovirinae,Nepovirus,,12270,Nepovirus
Apium graveolens,Riboviria,Orthornavirae,Pisuviricota,Pisoniviricetes,Picornavirales,Secoviridae,Comovirinae,Nepovirus,,12270,Nepovirus
Lactuca sativa,Riboviria,Orthornavirae,Pisuviricota,Pisoniviricetes,Picornavirales,Secoviridae,Comovirinae,Nepovirus,,12270,Nepovirus
Allium ampeloprasum,Riboviria,Orthornavirae,Pisuviricota,Pisoniviricetes,Picornavirales,Secoviridae,Comovirinae,Nepovirus,,12270,Nepovirus
Tulipa,Riboviria,Orthornavirae,Pisuviricota,Pisoniviricetes,Picornavirales,Secoviridae,Comovirinae,Nepovirus,,12270,Nepovirus
Rubus,Riboviria,Orthornavirae,Pisuviricota,Pisoniviricetes,Picornavirales,Secoviridae,Comovirinae,Nepovirus,,12270,Nepovirus
Robinia pseudoacacia,Riboviria,Orthornavirae,Pisuviricota,Pisoniviricetes,Picornavirales,Secoviridae,Comovirinae,Nepovirus,,12270,Nepovirus
Fraxinus,Riboviria,Orthornavirae,Pisuviricota,Pisoniviricetes,Picornavirales,Secoviridae,Comovirinae,Nepovirus,,12270,Nepovirus
Narcissus pseudonarcissus,Riboviria,Orthornavirae,Pisuviricota,Pisoniviricetes,Picornavirales,Secoviridae,Comovirinae,Nepovirus,,12270,Nepovirus
Beta vulgaris,Riboviria,Orthornavirae,Pisuviricota,Pisoniviricetes,Picornavirales,Secoviridae,Comovirinae,Nepovirus,,12270,Nepovirus
Ribes nigrum,Riboviria,Orthornavirae,Pisuviricota,Pisoniviricetes,Picornavirales,Secoviridae,Comovirinae,Nepovirus,,12270,Nepovirus
Luffa aegyptiaca,Riboviria,Orthornavirae,Pisuviricota,Pisoniviricetes,Picornavirales,Secoviridae,Comovirinae,Nepovirus,,12270,Nepovirus
Vaccinium corymbosum,Riboviria,Orthornavirae,Pisuviricota,Pisoniviricetes,Picornavirales,Secoviridae,Comovirinae,Nepovirus,,12270,Nepovirus
Nicotiana clevelandii,Riboviria,Orthornavirae,Pisuviricota,Pisoniviricetes,Picornavirales,Secoviridae,Comovirinae,Nepovirus,,12270,Nepovirus
Ipomoea tricolor,Riboviria,Orthornavirae,Pisuviricota,Pisoniviricetes,Picornavirales,Secoviridae,Comovirinae,Nepovirus,,12270,Nepovirus
Gomphrena globosa,Riboviria,Orthornavirae,Pisuviricota,Pisoniviricetes,Picornavirales,Secoviridae,Comovirinae,Nepovirus,,12270,Nepovirus
Chenopodium,Riboviria,Orthornavirae,Pisuviricota,Pisoniviricetes,Picornavirales,Secoviridae,Comovirinae,Nepovirus,,12270,Nepovirus
Vaccinium,Riboviria,Orthornavirae,Pisuviricota,Pisoniviricetes,Picornavirales,Secoviridae,Comovirinae,Nepovirus,,12270,Nepovirus
Vaccinium sp.,Riboviria,Orthornavirae,Pisuviricota,Pisoniviricetes,Picornavirales,Secoviridae,Comovirinae,Nepovirus,,12270,Nepovirus
Rheum rhabarbarum,Riboviria,Orthornavirae,Pisuviricota,Pisoniviricetes,Picornavirales,Secoviridae,Comovirinae,Nepovirus,,12270,Nepovirus
Rheum sp.,Riboviria,Orthornavirae,Pisuviricota,Pisoniviricetes,Picornavirales,Secoviridae,Comovirinae,Nepovirus,,12270,Nepovirus
Cycas revoluta,Riboviria,Orthornavirae,Pisuviricota,Pisoniviricetes,Picornavirales,Secoviridae,Comovirinae,Nepovirus,,12270,Nepovirus
Aucuba japonica,Riboviria,Orthornavirae,Pisuviricota,Pisoniviricetes,Picornavirales,Secoviridae,Comovirinae,Nepovirus,,12270,Nepovirus
Gladiolus,Riboviria,Orthornavirae,Pisuviricota,Pisoniviricetes,Picornavirales,Secoviridae,Comovirinae,Nepovirus,,12270,Nepovirus
Vitis rupestris,Riboviria,Orthornavirae,Pisuviricota,Pisoniviricetes,Picornavirales,Secoviridae,Comovirinae,Nepovirus,,12270,Nepovirus
Zanthoxylum,Riboviria,Orthornavirae,Pisuviricota,Pisoniviricetes,Picornavirales,Secoviridae,Comovirinae,Nepovirus,,12270,Nepovirus
Cucumis melo,Riboviria,Orthornavirae,Pisuviricota,Pisoniviricetes,Picornavirales,Secoviridae,Comovirinae,Nepovirus,,12270,Nepovirus
Datura stramonium,Riboviria,Orthornavirae,Pisuviricota,Pisoniviricetes,Picornavirales,Secoviridae,Comovirinae,Nepovirus,,12270,Nepovirus
Petunia x hybrida,Riboviria,Orthornavirae,Pisuviricota,Pisoniviricetes,Picornavirales,Secoviridae,Comovirinae,Nepovirus,,12270,Nepovirus
Nicotiana glutinosa,Riboviria,Orthornavirae,Pisuviricota,Pisoniviricetes,Picornavirales,Secoviridae,Comovirinae,Nepovirus,,12270,Nepovirus
Benincasa hispida,Riboviria,Orthornavirae,Pisuviricota,Pisoniviricetes,Picornavirales,Secoviridae,Comovirinae,Nepovirus,,12270,Nepovirus
Morus alba,Riboviria,Orthornavirae,Pisuviricota,Pisoniviricetes,Picornavirales,Secoviridae,Comovirinae,Nepovirus,,12270,Nepovirus
Vitis labrusca,Riboviria,Orthornavirae,Pisuviricota,Pisoniviricetes,Picornavirales,Secoviridae,Comovirinae,Nepovirus,,12270,Nepovirus
Poa trivialis,Riboviria,Orthornavirae,Pisuviricota,Pisoniviricetes,Picornavirales,Secoviridae,Comovirinae,Nepovirus,,12270,Nepovirus
Stenotaphrum secundatum,Riboviria,Orthornavirae,Pisuviricota,Pisoniviricetes,Picornavirales,Secoviridae,Comovirinae,Nepovirus,,12270,Nepovirus
Portulaca,Riboviria,Orthornavirae,Pisuviricota,Pisoniviricetes,Picornavirales,Secoviridae,Comovirinae,Nepovirus,,12270,Nepovirus
Carica papaya,Riboviria,Orthornavirae,Pisuviricota,Pisoniviricetes,Picornavirales,Secoviridae,Comovirinae,Nepovirus,,12270,Nepovirus
Malus domestica,Riboviria,Orthornavirae,Pisuviricota,Pisoniviricetes,Picornavirales,Secoviridae,Comovirinae,Nepovirus,,12270,Nepovirus
Lupinus,Riboviria,Orthornavirae,Pisuviricota,Pisoniviricetes,Picornavirales,Secoviridae,Comovirinae,Nepovirus,,12270,Nepovirus
Pelargonium,Riboviria,Orthornavirae,Pisuviricota,Pisoniviricetes,Picornavirales,Secoviridae,Comovirinae,Nepovirus,,12270,Nepovirus
Capsicum annuum,Riboviria,Orthornavirae,Pisuviricota,Pisoniviricetes,Picornavirales,Secoviridae,Comovirinae,Nepovirus,,12270,Nepovirus
Petunia,Riboviria,Orthornavirae,Pisuviricota,Pisoniviricetes,Picornavirales,Secoviridae,Comovirinae,Nepovirus,,12270,Nepovirus
Solanum melongena,Riboviria,Orthornavirae,Pisuviricota,Pisoniviricetes,Picornavirales,Secoviridae,Comovirinae,Nepovirus,,12270,Nepovirus
Cornus,Riboviria,Orthornavirae,Pisuviricota,Pisoniviricetes,Picornavirales,Secoviridae,Comovirinae,Nepovirus,,12270,Nepovirus
Lobelia,Riboviria,Orthornavirae,Pisuviricota,Pisoniviricetes,Picornavirales,Secoviridae,Comovirinae,Nepovirus,,12270,Nepovirus
Hemerocallis,Riboviria,Orthornavirae,Pisuviricota,Pisoniviricetes,Picornavirales,Secoviridae,Comovirinae,Nepovirus,,12270,Nepovirus
Mentha,Riboviria,Orthornavirae,Pisuviricota,Pisoniviricetes,Picornavirales,Secoviridae,Comovirinae,Nepovirus,,12270,Nepovirus
Anemonastrum,Riboviria,Orthornavirae,Pisuviricota,Pisoniviricetes,Picornavirales,Secoviridae,Comovirinae,Nepovirus,,12270,Nepovirus
Hydrangea,Riboviria,Orthornavirae,Pisuviricota,Pisoniviricetes,Picornavirales,Secoviridae,Comovirinae,Nepovirus,,12270,Nepovirus
Iris,Riboviria,Orthornavirae,Pisuviricota,Pisoniviricetes,Picornavirales,Secoviridae,Comovirinae,Nepovirus,,12270,Nepovirus
Daphne,Riboviria,Orthornavirae,Pisuviricota,Pisoniviricetes,Picornavirales,Secoviridae,Comovirinae,Nepovirus,,12270,Nepovirus
Bacopa,Riboviria,Orthornavirae,Pisuviricota,Pisoniviricetes,Picornavirales,Secoviridae,Comovirinae,Nepovirus,,12270,Nepovirus
Prunus serrulata,Riboviria,Orthornavirae,Pisuviricota,Pisoniviricetes,Picornavirales,Secoviridae,Comovirinae,Nepovirus,,12270,Nepovirus
Phlox subulata,Riboviria,Orthornavirae,Pisuviricota,Pisoniviricetes,Picornavirales,Secoviridae,Comovirinae,Nepovirus,,12270,Nepovirus
Impatiens walleriana,Riboviria,Orthornavirae,Pisuviricota,Pisoniviricetes,Picornavirales,Secoviridae,Comovirinae,Nepovirus,,12270,Nepovirus
Pueraria montana,Riboviria,Orthornavirae,Pisuviricota,Pisoniviricetes,Picornavirales,Secoviridae,Comovirinae,Nepovirus,,12270,Nepovirus
Prunus incisa,Riboviria,Orthornavirae,Pisuviricota,Pisoniviricetes,Picornavirales,Secoviridae,Comovirinae,Nepovirus,,12270,Nepovirus
Rubus fruticosus,Riboviria,Orthornavirae,Pisuviricota,Pisoniviricetes,Picornavirales,Secoviridae,Comovirinae,Nepovirus,,12270,Nepovirus
Malus pumila,Riboviria,Orthornavirae,Pisuviricota,Pisoniviricetes,Picornavirales,Secoviridae,Comovirinae,Nepovirus,,12270,Nepovirus
Prunus serrula,Riboviria,Orthornavirae,Pisuviricota,Pisoniviricetes,Picornavirales,Secoviridae,Comovirinae,Nepovirus,,12270,Nepovirus
Vitis sp.,Riboviria,Orthornavirae,Pisuviricota,Pisoniviricetes,Picornavirales,Secoviridae,Comovirinae,Nepovirus,,12270,Nepovirus
Prunus,Riboviria,Orthornavirae,Pisuviricota,Pisoniviricetes,Picornavirales,Secoviridae,Comovirinae,Nepovirus,,12270,Nepovirus
root,Riboviria,Orthornavirae,Pisuviricota,Pisoniviricetes,Picornavirales,Caliciviridae,Sapovirus,unclassified Sapovirus,,95341,Sapovirus
Hipposideros pomona,Riboviria,Orthornavirae,Pisuviricota,Pisoniviricetes,Picornavirales,Caliciviridae,Sapovirus,unclassified Sapovirus,,95341,Sapovirus
Sus scrofa,Riboviria,Orthornavirae,Pisuviricota,Pisoniviricetes,Picornavirales,Caliciviridae,Sapovirus,Sapovirus sapporoense,,95341,Sapovirus
Homo sapiens,Riboviria,Orthornavirae,Pisuviricota,Pisoniviricetes,Picornavirales,Caliciviridae,Sapovirus,Sapovirus sapporoense,,95341,Sapovirus
Pseudomonas aeruginosa PAO1,Duplodnaviria,Heunggongvirae,Uroviricota,Caudoviricetes,Caudoviricetes incertae sedis,Mesyanzhinovviridae,Rabinowitzvirinae,Yuavirus,dsDNA,1299429,Yuavirus
Pseudomonas aeruginosa,Duplodnaviria,Heunggongvirae,Uroviricota,Caudoviricetes,Caudoviricetes incertae sedis,Mesyanzhinovviridae,Rabinowitzvirinae,Yuavirus,dsDNA,1299429,Yuavirus
Pseudomonas aeruginosa PA14,Duplodnaviria,Heunggongvirae,Uroviricota,Caudoviricetes,Caudoviricetes incertae sedis,Mesyanzhinovviridae,Rabinowitzvirinae,Yuavirus,dsDNA,1299429,Yuavirus
Pseudomonas sp.,Duplodnaviria,Heunggongvirae,Uroviricota,Caudoviricetes,Caudoviricetes incertae sedis,Mesyanzhinovviridae,Rabinowitzvirinae,Yuavirus,dsDNA,1299429,Yuavirus
Pseudomonas,Duplodnaviria,Heunggongvirae,Uroviricota,Caudoviricetes,Caudoviricetes incertae sedis,Mesyanzhinovviridae,Rabinowitzvirinae,Yuavirus,dsDNA,1299429,Yuavirus
Sphaerotilus natans,Duplodnaviria,Heunggongvirae,Uroviricota,Caudoviricetes,Caudoviricetes incertae sedis,Mesyanzhinovviridae,Rabinowitzvirinae,Yuavirus,dsDNA,1299429,Yuavirus
Acanthamoeba castellanii,Varidnaviria,Bamfordvirae,Nucleocytoviricota,Megaviricetes,Pimascovirales,Pimascovirales incertae sedis,Marseilleviridae,Marseillevirus,,1513458,Marseillevirus
Limnoperna fortunei,Varidnaviria,Bamfordvirae,Nucleocytoviricota,Megaviricetes,Pimascovirales,Pimascovirales incertae sedis,Marseilleviridae,Marseillevirus,,1513458,Marseillevirus
Acanthamoeba,Varidnaviria,Bamfordvirae,Nucleocytoviricota,Megaviricetes,Pimascovirales,Pimascovirales incertae sedis,Marseilleviridae,Marseillevirus,,1513458,Marseillevirus
Acanthamoeba polyphaga,Varidnaviria,Bamfordvirae,Nucleocytoviricota,Megaviricetes,Pimascovirales,Pimascovirales incertae sedis,Marseilleviridae,Marseillevirus,,1513458,Marseillevirus
Homo sapiens,Varidnaviria,Bamfordvirae,Nucleocytoviricota,Megaviricetes,Pimascovirales,Pimascovirales incertae sedis,Marseilleviridae,Marseillevirus,,1513458,Marseillevirus
Mycolicibacterium smegmatis MC2 155,Duplodnaviria,Heunggongvirae,Uroviricota,Caudoviricetes,Caudoviricetes incertae sedis,Charlievirus,Charlievirus Aggie,,dsDNA,1623280,Charlievirus
Mycolicibacterium smegmatis MC2 155,Duplodnaviria,Heunggongvirae,Uroviricota,Caudoviricetes,Caudoviricetes incertae sedis,Charlievirus,Charlievirus Andies,,dsDNA,1623280,Charlievirus
Mycolicibacterium smegmatis MC2 155,Duplodnaviria,Heunggongvirae,Uroviricota,Caudoviricetes,Caudoviricetes incertae sedis,Charlievirus,Charlievirus redi,,dsDNA,1623280,Charlievirus
Mycolicibacterium smegmatis MC2 155,Duplodnaviria,Heunggongvirae,Uroviricota,Caudoviricetes,Caudoviricetes incertae sedis,Charlievirus,unclassified Charlievirus,,dsDNA,1623280,Charlievirus
Viruses,Duplodnaviria,Heunggongvirae,Uroviricota,Caudoviricetes,Caudoviricetes incertae sedis,Charlievirus,unclassified Charlievirus,,dsDNA,1623280,Charlievirus
unclassified dsDNA viruses,Duplodnaviria,Heunggongvirae,Uroviricota,Caudoviricetes,Caudoviricetes incertae sedis,Charlievirus,unclassified Charlievirus,,dsDNA,1623280,Charlievirus
Caudoviricetes,Duplodnaviria,Heunggongvirae,Uroviricota,Caudoviricetes,Caudoviricetes incertae sedis,Charlievirus,unclassified Charlievirus,,dsDNA,1623280,Charlievirus
Mycolicibacterium smegmatis MC2 155,Duplodnaviria,Heunggongvirae,Uroviricota,Caudoviricetes,Caudoviricetes incertae sedis,Charlievirus,Charlievirus butters,,dsDNA,1623280,Charlievirus
Mycolicibacterium smegmatis MC2 155,Duplodnaviria,Heunggongvirae,Uroviricota,Caudoviricetes,Caudoviricetes incertae sedis,Charlievirus,Charlievirus Pipsqueaks,,dsDNA,1623280,Charlievirus
Mycolicibacterium smegmatis MC2 155,Duplodnaviria,Heunggongvirae,Uroviricota,Caudoviricetes,Caudoviricetes incertae sedis,Charlievirus,Charlievirus Charlie,,dsDNA,1623280,Charlievirus
Mycolicibacterium smegmatis MC2 155,Duplodnaviria,Heunggongvirae,Uroviricota,Caudoviricetes,Caudoviricetes incertae sedis,Charlievirus,Charlievirus Fulbright,,dsDNA,1623280,Charlievirus
Mycolicibacterium smegmatis MC2 155,Duplodnaviria,Heunggongvirae,Uroviricota,Caudoviricetes,Caudoviricetes incertae sedis,Charlievirus,Charlievirus Jamie19,,dsDNA,1623280,Charlievirus
Mycolicibacterium smegmatis MC2 155,Duplodnaviria,Heunggongvirae,Uroviricota,Caudoviricetes,Caudoviricetes incertae sedis,Charlievirus,Charlievirus Kevin1,,dsDNA,1623280,Charlievirus
Mycolicibacterium smegmatis MC2 155,Duplodnaviria,Heunggongvirae,Uroviricota,Caudoviricetes,Caudoviricetes incertae sedis,Charlievirus,Charlievirus michellemybell,,dsDNA,1623280,Charlievirus
Mycolicibacterium smegmatis MC2 155,Duplodnaviria,Heunggongvirae,Uroviricota,Caudoviricetes,Caudoviricetes incertae sedis,Charlievirus,Charlievirus panchino,,dsDNA,1623280,Charlievirus
Mycolicibacterium smegmatis MC2 155,Duplodnaviria,Heunggongvirae,Uroviricota,Caudoviricetes,Caudoviricetes incertae sedis,Charlievirus,Charlievirus Philonius,,dsDNA,1623280,Charlievirus
Mycolicibacterium smegmatis MC2 155,Duplodnaviria,Heunggongvirae,Uroviricota,Caudoviricetes,Caudoviricetes incertae sedis,Charlievirus,Charlievirus phrann,,dsDNA,1623280,Charlievirus
Mycolicibacterium smegmatis MC2 155,Duplodnaviria,Heunggongvirae,Uroviricota,Caudoviricetes,Caudoviricetes incertae sedis,Charlievirus,Charlievirus Raymond7,,dsDNA,1623280,Charlievirus
Mycolicibacterium smegmatis MC2 155,Duplodnaviria,Heunggongvirae,Uroviricota,Caudoviricetes,Caudoviricetes incertae sedis,Charlievirus,Charlievirus Rebel,,dsDNA,1623280,Charlievirus
Mycobacterium,Duplodnaviria,Heunggongvirae,Uroviricota,Caudoviricetes,Caudoviricetes incertae sedis,Charlievirus,Charlievirus butters,,dsDNA,1623280,Charlievirus
Mycobacterium,Duplodnaviria,Heunggongvirae,Uroviricota,Caudoviricetes,Caudoviricetes incertae sedis,Charlievirus,unclassified Charlievirus,,dsDNA,1623280,Charlievirus
Mycolicibacterium smegmatis MC2 155,Duplodnaviria,Heunggongvirae,Uroviricota,Caudoviricetes,Caudoviricetes incertae sedis,Charlievirus,Charlievirus skinnypete,,dsDNA,1623280,Charlievirus
Mycolicibacterium smegmatis MC2 155,Duplodnaviria,Heunggongvirae,Uroviricota,Caudoviricetes,Caudoviricetes incertae sedis,Charlievirus,Charlievirus Tapioca,,dsDNA,1623280,Charlievirus
Mycolicibacterium smegmatis MC2 155,Duplodnaviria,Heunggongvirae,Uroviricota,Caudoviricetes,Caudoviricetes incertae sedis,Charlievirus,Charlievirus Xeno,,dsDNA,1623280,Charlievirus
Burkholderia cepacia,Duplodnaviria,Heunggongvirae,Uroviricota,Caudoviricetes,Caudoviricetes incertae sedis,Stanholtvirus,unclassified Stanholtvirus,,dsDNA,1623297,Stanholtvirus
Burkholderia pyrrocinia,Duplodnaviria,Heunggongvirae,Uroviricota,Caudoviricetes,Caudoviricetes incertae sedis,Stanholtvirus,unclassified Stanholtvirus,,dsDNA,1623297,Stanholtvirus
Burkholderia cenocepacia,Duplodnaviria,Heunggongvirae,Uroviricota,Caudoviricetes,Caudoviricetes incertae sedis,Stanholtvirus,unclassified Stanholtvirus,,dsDNA,1623297,Stanholtvirus
Burkholderia ambifaria,Duplodnaviria,Heunggongvirae,Uroviricota,Caudoviricetes,Caudoviricetes incertae sedis,Stanholtvirus,unclassified Stanholtvirus,,dsDNA,1623297,Stanholtvirus
Burkholderia pseudomallei 1026b,Duplodnaviria,Heunggongvirae,Uroviricota,Caudoviricetes,Caudoviricetes incertae sedis,Stanholtvirus,Stanholtvirus sv1026b,,dsDNA,1623297,Stanholtvirus
Burkholderia pseudomallei,Duplodnaviria,Heunggongvirae,Uroviricota,Caudoviricetes,Caudoviricetes incertae sedis,Stanholtvirus,Stanholtvirus sv6442,,dsDNA,1623297,Stanholtvirus
Burkholderia pseudomallei,Duplodnaviria,Heunggongvirae,Uroviricota,Caudoviricetes,Caudoviricetes incertae sedis,Stanholtvirus,Stanholtvirus sv1026b,,dsDNA,1623297,Stanholtvirus
Burkholderia pseudomallei,Duplodnaviria,Heunggongvirae,Uroviricota,Caudoviricetes,Caudoviricetes incertae sedis,Stanholtvirus,unclassified Stanholtvirus,,dsDNA,1623297,Stanholtvirus
Burkholderia thailandensis TXDOH,Duplodnaviria,Heunggongvirae,Uroviricota,Caudoviricetes,Caudoviricetes incertae sedis,Stanholtvirus,unclassified Stanholtvirus,,dsDNA,1623297,Stanholtvirus
Burkholderia thailandensis,Duplodnaviria,Heunggongvirae,Uroviricota,Caudoviricetes,Caudoviricetes incertae sedis,Stanholtvirus,unclassified Stanholtvirus,,dsDNA,1623297,Stanholtvirus
Burkholderia thailandensis,Duplodnaviria,Heunggongvirae,Uroviricota,Caudoviricetes,Caudoviricetes incertae sedis,Stanholtvirus,Stanholtvirus E125,,dsDNA,1623297,Stanholtvirus
Aves,Riboviria,Orthornavirae,Pisuviricota,Pisoniviricetes,Picornavirales,Picornaviridae,Kodimesavirinae,Sicinivirus,,1755587,Sicinivirus
Mycobacterium avium subsp. paratuberculosis,Duplodnaviria,Heunggongvirae,Uroviricota,Caudoviricetes,Caudoviricetes incertae sedis,Mapvirus,Mapvirus Ff47,,dsDNA,1920750,Mapvirus
Mycolicibacterium smegmatis MC2 155,Duplodnaviria,Heunggongvirae,Uroviricota,Caudoviricetes,Caudoviricetes incertae sedis,Mapvirus,Mapvirus Ff47,,dsDNA,1920750,Mapvirus
Mycobacterium avium subsp. paratuberculosis ATCC 19698,Duplodnaviria,Heunggongvirae,Uroviricota,Caudoviricetes,Caudoviricetes incertae sedis,Mapvirus,Mapvirus Ff47,,dsDNA,1920750,Mapvirus
Mycolicibacterium smegmatis MC2 155,Duplodnaviria,Heunggongvirae,Uroviricota,Caudoviricetes,Caudoviricetes incertae sedis,Mapvirus,unclassified Mapvirus,,dsDNA,1920750,Mapvirus
Mycobacteroides abscessus,Duplodnaviria,Heunggongvirae,Uroviricota,Caudoviricetes,Caudoviricetes incertae sedis,Mapvirus,Mapvirus Ff47,,dsDNA,1920750,Mapvirus
Mycobacteroides abscessus,Duplodnaviria,Heunggongvirae,Uroviricota,Caudoviricetes,Caudoviricetes incertae sedis,Mapvirus,unclassified Mapvirus,,dsDNA,1920750,Mapvirus
Mycobacterium,Duplodnaviria,Heunggongvirae,Uroviricota,Caudoviricetes,Caudoviricetes incertae sedis,Mapvirus,Mapvirus muddy,,dsDNA,1920750,Mapvirus
Mycolicibacterium smegmatis MC2 155,Duplodnaviria,Heunggongvirae,Uroviricota,Caudoviricetes,Caudoviricetes incertae sedis,Mapvirus,Mapvirus muddy,,dsDNA,1920750,Mapvirus
Mycobacterium,Duplodnaviria,Heunggongvirae,Uroviricota,Caudoviricetes,Caudoviricetes incertae sedis,Mapvirus,unclassified Mapvirus,,dsDNA,1920750,Mapvirus
Bacillus thuringiensis serovar kurstaki,Duplodnaviria,Heunggongvirae,Uroviricota,Caudoviricetes,Caudoviricetes incertae sedis,Herelleviridae,Bastillevirinae,Wphvirus,dsDNA,1922327,Wphvirus
Bacillus,Duplodnaviria,Heunggongvirae,Uroviricota,Caudoviricetes,Caudoviricetes incertae sedis,Herelleviridae,Bastillevirinae,Wphvirus,dsDNA,1922327,Wphvirus
Bacillus anthracis str. Sterne,Duplodnaviria,Heunggongvirae,Uroviricota,Caudoviricetes,Caudoviricetes incertae sedis,Herelleviridae,Bastillevirinae,Wphvirus,dsDNA,1922327,Wphvirus
Bacillus mycoides,Duplodnaviria,Heunggongvirae,Uroviricota,Caudoviricetes,Caudoviricetes incertae sedis,Herelleviridae,Bastillevirinae,Wphvirus,dsDNA,1922327,Wphvirus
Bacillus cereus ATCC 14579,Duplodnaviria,Heunggongvirae,Uroviricota,Caudoviricetes,Caudoviricetes incertae sedis,Herelleviridae,Bastillevirinae,Wphvirus,dsDNA,1922327,Wphvirus
Bacillus cereus ATCC 10876,Duplodnaviria,Heunggongvirae,Uroviricota,Caudoviricetes,Caudoviricetes incertae sedis,Herelleviridae,Bastillevirinae,Wphvirus,dsDNA,1922327,Wphvirus
Bacillus anthracis,Duplodnaviria,Heunggongvirae,Uroviricota,Caudoviricetes,Caudoviricetes incertae sedis,Herelleviridae,Bastillevirinae,Wphvirus,dsDNA,1922327,Wphvirus
Bacillus thuringiensis serovar berliner,Duplodnaviria,Heunggongvirae,Uroviricota,Caudoviricetes,Caudoviricetes incertae sedis,Herelleviridae,Bastillevirinae,Wphvirus,dsDNA,1922327,Wphvirus
Bacillus thuringiensis str. Al Hakam,Duplodnaviria,Heunggongvirae,Uroviricota,Caudoviricetes,Caudoviricetes incertae sedis,Herelleviridae,Bastillevirinae,Wphvirus,dsDNA,1922327,Wphvirus
Bacillus thuringiensis serovar kurstaki str. HD73,Duplodnaviria,Heunggongvirae,Uroviricota,Caudoviricetes,Caudoviricetes incertae sedis,Herelleviridae,Bastillevirinae,Wphvirus,dsDNA,1922327,Wphvirus
Edwardsiella tarda,Duplodnaviria,Heunggongvirae,Uroviricota,Caudoviricetes,Caudoviricetes incertae sedis,Yokohamavirus,Yokohamavirus MSW3,,dsDNA,1980938,Yokohamavirus
Edwardsiella ictaluri,Duplodnaviria,Heunggongvirae,Uroviricota,Caudoviricetes,Caudoviricetes incertae sedis,Yokohamavirus,Yokohamavirus PEi21,,dsDNA,1980938,Yokohamavirus
Edwardsiella ictaluri,Duplodnaviria,Heunggongvirae,Uroviricota,Caudoviricetes,Caudoviricetes incertae sedis,Yokohamavirus,unclassified Yokohamavirus,,dsDNA,1980938,Yokohamavirus
Mycolicibacterium smegmatis MC2 155,Duplodnaviria,Heunggongvirae,Uroviricota,Caudoviricetes,Caudoviricetes incertae sedis,Rosebushvirus,Rosebushvirus rosebush,,dsDNA,1982900,Rosebushvirus
Mycolicibacterium smegmatis MC2 155,Duplodnaviria,Heunggongvirae,Uroviricota,Caudoviricetes,Caudoviricetes incertae sedis,Rosebushvirus,Rosebushvirus godines,,dsDNA,1982900,Rosebushvirus
Mycolicibacterium smegmatis MC2 155,Duplodnaviria,Heunggongvirae,Uroviricota,Caudoviricetes,Caudoviricetes incertae sedis,Rosebushvirus,unclassified Rosebushvirus,,dsDNA,1982900,Rosebushvirus
Mycobacterium,Duplodnaviria,Heunggongvirae,Uroviricota,Caudoviricetes,Caudoviricetes incertae sedis,Rosebushvirus,Rosebushvirus rosebush,,dsDNA,1982900,Rosebushvirus
Mycobacterium,Duplodnaviria,Heunggongvirae,Uroviricota,Caudoviricetes,Caudoviricetes incertae sedis,Rosebushvirus,Rosebushvirus godines,,dsDNA,1982900,Rosebushvirus
Mycolicibacterium smegmatis MC2 155,Duplodnaviria,Heunggongvirae,Uroviricota,Caudoviricetes,Caudoviricetes incertae sedis,Rosebushvirus,Rosebushvirus laurie,,dsDNA,1982900,Rosebushvirus
Mycobacterium,Duplodnaviria,Heunggongvirae,Uroviricota,Caudoviricetes,Caudoviricetes incertae sedis,Rosebushvirus,unclassified Rosebushvirus,,dsDNA,1982900,Rosebushvirus
Mycolicibacterium smegmatis MC2 155,Duplodnaviria,Heunggongvirae,Uroviricota,Caudoviricetes,Caudoviricetes incertae sedis,Rosebushvirus,Rosebushvirus TA17a,,dsDNA,1982900,Rosebushvirus
Gallus gallus,Monodnaviria,Shotokuvirae,Cressdnaviricota,Arfiviricetes,Cremevirales,Smacoviridae,Huchismacovirus,Huchismacovirus chicas1,,2169662,Huchismacovirus
Homo sapiens,Monodnaviria,Shotokuvirae,Cressdnaviricota,Arfiviricetes,Cremevirales,Smacoviridae,Huchismacovirus,Huchismacovirus humas1,,2169662,Huchismacovirus
Burkholderia cenocepacia,Duplodnaviria,Heunggongvirae,Uroviricota,Caudoviricetes,Caudoviricetes incertae sedis,Casjensviridae,Ahduovirus,Ahduovirus AH2,dsDNA,2560084,Ahduovirus
Curvibacter sp.,Duplodnaviria,Heunggongvirae,Uroviricota,Caudoviricetes,Autographivirales,Autonotataviridae,Kalppathivirus,Kalppathivirus P26059B,dsDNA,2731949,Kalppathivirus
Ralstonia solanacearum,Duplodnaviria,Heunggongvirae,Uroviricota,Caudoviricetes,Caudoviricetes incertae sedis,Peduoviridae,Aresaunavirus,Aresaunavirus RSA1,dsDNA,2732972,Aresaunavirus
Pseudomonas aeruginosa,Duplodnaviria,Heunggongvirae,Uroviricota,Caudoviricetes,Caudoviricetes incertae sedis,Peduoviridae,Citexvirus,,dsDNA,2732977,Citexvirus
Pseudomonas,Duplodnaviria,Heunggongvirae,Uroviricota,Caudoviricetes,Caudoviricetes incertae sedis,Peduoviridae,Citexvirus,unclassified Citexvirus,dsDNA,2732977,Citexvirus
Burkholderia glumae,Duplodnaviria,Heunggongvirae,Uroviricota,Caudoviricetes,Caudoviricetes incertae sedis,Peduoviridae,Kisquattuordecimvirus,Kisquattuordecimvirus FLC10,dsDNA,2732982,Kisquattuordecimvirus
Burkholderia plantarii,Duplodnaviria,Heunggongvirae,Uroviricota,Caudoviricetes,Caudoviricetes incertae sedis,Peduoviridae,Kisquattuordecimvirus,Kisquattuordecimvirus FLC5,dsDNA,2732982,Kisquattuordecimvirus
Burkholderia multivorans,Duplodnaviria,Heunggongvirae,Uroviricota,Caudoviricetes,Caudoviricetes incertae sedis,Peduoviridae,Kisquattuordecimvirus,Kisquattuordecimvirus KS14,dsDNA,2732982,Kisquattuordecimvirus
Burkholderia cenocepacia,Duplodnaviria,Heunggongvirae,Uroviricota,Caudoviricetes,Caudoviricetes incertae sedis,Peduoviridae,Kisquattuordecimvirus,Kisquattuordecimvirus KS14,dsDNA,2732982,Kisquattuordecimvirus
Burkholderia ambifaria,Duplodnaviria,Heunggongvirae,Uroviricota,Caudoviricetes,Caudoviricetes incertae sedis,Peduoviridae,Kisquattuordecimvirus,Kisquattuordecimvirus KS14,dsDNA,2732982,Kisquattuordecimvirus
Burkholderia dolosa,Duplodnaviria,Heunggongvirae,Uroviricota,Caudoviricetes,Caudoviricetes incertae sedis,Peduoviridae,Kisquattuordecimvirus,Kisquattuordecimvirus KS14,dsDNA,2732982,Kisquattuordecimvirus
Burkholderia cenocepacia PC184,Duplodnaviria,Heunggongvirae,Uroviricota,Caudoviricetes,Caudoviricetes incertae sedis,Peduoviridae,Kisquattuordecimvirus,Kisquattuordecimvirus KS14,dsDNA,2732982,Kisquattuordecimvirus
Burkholderia sp.,Duplodnaviria,Heunggongvirae,Uroviricota,Caudoviricetes,Caudoviricetes incertae sedis,Peduoviridae,Kisquattuordecimvirus,unclassified Kisquattuordecimvirus,dsDNA,2732982,Kisquattuordecimvirus
Burkholderia cenocepacia,Duplodnaviria,Heunggongvirae,Uroviricota,Caudoviricetes,Caudoviricetes incertae sedis,Peduoviridae,Kisquinquevirus,Kisquinquevirus Carl1,dsDNA,2732983,Kisquinquevirus
Stenotrophomonas maltophilia,Duplodnaviria,Heunggongvirae,Uroviricota,Caudoviricetes,Caudoviricetes incertae sedis,Peduoviridae,Simpcentumvirus,Simpcentumvirus Smp131,dsDNA,2733081,Simpcentumvirus
Bordetella bronchiseptica,Duplodnaviria,Heunggongvirae,Uroviricota,Caudoviricetes,Caudoviricetes incertae sedis,Phabquatrovirus,Phabquatrovirus PHB04,,dsDNA,2733123,Phabquatrovirus
Gordonia terrae,Duplodnaviria,Heunggongvirae,Uroviricota,Caudoviricetes,Caudoviricetes incertae sedis,Oneupvirus,Oneupvirus brutongaster,,dsDNA,2733200,Oneupvirus
Gordonia terrae,Duplodnaviria,Heunggongvirae,Uroviricota,Caudoviricetes,Caudoviricetes incertae sedis,Oneupvirus,Oneupvirus oneup,,dsDNA,2733200,Oneupvirus
root,Riboviria,Orthornavirae,Lenarviricota,Leviviricetes,Timlovirales,Steitzviridae,Bicehmovirus,Bicehmovirus caenivivens,+ssRNA,2842550,Bicehmovirus
root,Riboviria,Orthornavirae,Lenarviricota,Leviviricetes,Norzivirales,Fiersviridae,Kehmevirus,Kehmevirus defluviicola,+ssRNA,2842790,Kehmevirus
root,Riboviria,Orthornavirae,Lenarviricota,Leviviricetes,Norzivirales,Fiersviridae,Kihryuvirus,Kihryuvirus limihabitans,+ssRNA,2842799,Kihryuvirus
root,Riboviria,Orthornavirae,Lenarviricota,Leviviricetes,Norzivirales,Fiersviridae,Kuhshuvirus,Kuhshuvirus pelovicinum,+ssRNA,2842813,Kuhshuvirus
root,Riboviria,Orthornavirae,Lenarviricota,Leviviricetes,Timlovirales,Steitzviridae,Molucevirus,Molucevirus chthonohabitans,+ssRNA,2842877,Molucevirus
root,Riboviria,Orthornavirae,Lenarviricota,Leviviricetes,Norzivirales,Fiersviridae,Shebanavirus,Shebanavirus borborovicinum,+ssRNA,2843035,Shebanavirus
Listeria monocytogenes,Duplodnaviria,Heunggongvirae,Uroviricota,Caudoviricetes,Caudoviricetes incertae sedis,Slepowronvirus,unclassified Slepowronvirus,,dsDNA,2843051,Slepowronvirus
Listeria monocytogenes,Duplodnaviria,Heunggongvirae,Uroviricota,Caudoviricetes,Caudoviricetes incertae sedis,Slepowronvirus,Slepowronvirus LP101,,dsDNA,2843051,Slepowronvirus
Listeria monocytogenes,Duplodnaviria,Heunggongvirae,Uroviricota,Caudoviricetes,Caudoviricetes incertae sedis,Slepowronvirus,Slepowronvirus LPHM00113468,,dsDNA,2843051,Slepowronvirus
Paracoccaceae bacterium,Duplodnaviria,Heunggongvirae,Uroviricota,Caudoviricetes,Caudoviricetes incertae sedis,Zobellviridae,Cobavirinae,Veravirus,dsDNA,2843112,Veravirus
Pseudomonas asplenii,Duplodnaviria,Heunggongvirae,Uroviricota,Caudoviricetes,Autographivirales,Autotranscriptaviridae,Studiervirinae,Warsawvirus,dsDNA,2843128,Warsawvirus
Arthrobacter globiformis,Duplodnaviria,Heunggongvirae,Uroviricota,Caudoviricetes,Caudoviricetes incertae sedis,Anjalivirus,Anjalivirus anjali,,dsDNA,2843346,Anjalivirus
Arthrobacter globiformis,Duplodnaviria,Heunggongvirae,Uroviricota,Caudoviricetes,Caudoviricetes incertae sedis,Anjalivirus,Anjalivirus mendel,,dsDNA,2843346,Anjalivirus
Arthrobacter globiformis,Duplodnaviria,Heunggongvirae,Uroviricota,Caudoviricetes,Caudoviricetes incertae sedis,Anjalivirus,unclassified Anjalivirus,,dsDNA,2843346,Anjalivirus
Ralstonia pseudosolanacearum,Duplodnaviria,Heunggongvirae,Uroviricota,Caudoviricetes,Caudoviricetes incertae sedis,Firingavirus,Firingavirus firinga,,dsDNA,2843381,Firingavirus
Ralstonia solanacearum,Duplodnaviria,Heunggongvirae,Uroviricota,Caudoviricetes,Caudoviricetes incertae sedis,Firingavirus,Firingavirus RSK1,,dsDNA,2843381,Firingavirus
Mycobacterium tuberculosis,Duplodnaviria,Heunggongvirae,Uroviricota,Caudoviricetes,Caudoviricetes incertae sedis,Hnatkovirus,Hnatkovirus DS6A,,dsDNA,2843391,Hnatkovirus
Rhodococcus erythropolis,Duplodnaviria,Heunggongvirae,Uroviricota,Caudoviricetes,Caudoviricetes incertae sedis,Sleepyheadvirus,Sleepyheadvirus sleepyhead,,dsDNA,2843457,Sleepyheadvirus
Burkholderia cenocepacia,Duplodnaviria,Heunggongvirae,Uroviricota,Caudoviricetes,Caudoviricetes incertae sedis,Peduoviridae,Aptresvirus,Aptresvirus AP3,dsDNA,2946806,Aptresvirus
Burkholderia gladioli,Duplodnaviria,Heunggongvirae,Uroviricota,Caudoviricetes,Caudoviricetes incertae sedis,Peduoviridae,Aptresvirus,Aptresvirus mana,dsDNA,2946806,Aptresvirus
Ralstonia solanacearum,Duplodnaviria,Heunggongvirae,Uroviricota,Caudoviricetes,Caudoviricetes incertae sedis,Peduoviridae,Arsyunavirus,Arsyunavirus RSY1,dsDNA,2946810,Arsyunavirus
Mycobacterium,Duplodnaviria,Heunggongvirae,Uroviricota,Caudoviricetes,Caudoviricetes incertae sedis,Myrnavirus,Myrnavirus myrna,,dsDNA,2948833,Myrnavirus
Mycolicibacterium smegmatis MC2 155,Duplodnaviria,Heunggongvirae,Uroviricota,Caudoviricetes,Caudoviricetes incertae sedis,Myrnavirus,Myrnavirus phabba,Myranavirus phabba,dsDNA,2948833,Myrnavirus
Mycolicibacterium smegmatis MC2 155,Duplodnaviria,Heunggongvirae,Uroviricota,Caudoviricetes,Caudoviricetes incertae sedis,Myrnavirus,unclassified Myrnavirus,,dsDNA,2948833,Myrnavirus
Agrobacterium tumefaciens complex,Duplodnaviria,Heunggongvirae,Uroviricota,Caudoviricetes,Caudoviricetes incertae sedis,Schitoviridae,Oliverunavirus,Oliverunavirus OLIVR1,dsDNA,2948846,Oliverunavirus
Agrobacterium sp. ST15.13/040,Duplodnaviria,Heunggongvirae,Uroviricota,Caudoviricetes,Caudoviricetes incertae sedis,Schitoviridae,Oliverunavirus,unclassified Oliverunavirus,dsDNA,2948846,Oliverunavirus
Mycolicibacterium smegmatis MC2 155,Duplodnaviria,Heunggongvirae,Uroviricota,Caudoviricetes,Caudoviricetes incertae sedis,Pinnievirus,Pinnievirus moorethemaryer,,dsDNA,2948866,Pinnievirus
Mycolicibacterium smegmatis MC2 155,Duplodnaviria,Heunggongvirae,Uroviricota,Caudoviricetes,Caudoviricetes incertae sedis,Pinnievirus,Pinnievirus pinnie,,dsDNA,2948866,Pinnievirus
Vibrio harveyi,Duplodnaviria,Heunggongvirae,Uroviricota,Caudoviricetes,Caudoviricetes incertae sedis,Demerecviridae,Ermolyevavirinae,Thalassavirus,dsDNA,2948922,Thalassavirus
Vibrio campbellii,Duplodnaviria,Heunggongvirae,Uroviricota,Caudoviricetes,Caudoviricetes incertae sedis,Demerecviridae,Ermolyevavirinae,Thalassavirus,dsDNA,2948922,Thalassavirus
Vibrio campbellii ATCC BAA-1116,Duplodnaviria,Heunggongvirae,Uroviricota,Caudoviricetes,Caudoviricetes incertae sedis,Demerecviridae,Ermolyevavirinae,Thalassavirus,dsDNA,2948922,Thalassavirus
Stenotrophomonas maltophilia,Duplodnaviria,Heunggongvirae,Uroviricota,Caudoviricetes,Caudoviricetes incertae sedis,Schitoviridae,Cavevirus,Cavevirus C121,dsDNA,3044684,Cavevirus
Pseudomonas aeruginosa,Duplodnaviria,Heunggongvirae,Uroviricota,Caudoviricetes,Caudoviricetes incertae sedis,Iggyvirus,Iggyvirus iggy,,dsDNA,3044738,Iggyvirus
Pseudomonas aeruginosa PAO1,Duplodnaviria,Heunggongvirae,Uroviricota,Caudoviricetes,Caudoviricetes incertae sedis,Iggyvirus,unclassified Iggyvirus,,dsDNA,3044738,Iggyvirus
Pseudomonas aeruginosa,Duplodnaviria,Heunggongvirae,Uroviricota,Caudoviricetes,Caudoviricetes incertae sedis,Iggyvirus,Iggyvirus PBPA162,,dsDNA,3044738,Iggyvirus
Sphingomonas sp.,Duplodnaviria,Heunggongvirae,Uroviricota,Caudoviricetes,Caudoviricetes incertae sedis,Eidolonvirus,Eidolonvirus eidolon,,dsDNA,3152915,Eidolonvirus
Sphingomonas sp.,Duplodnaviria,Heunggongvirae,Uroviricota,Caudoviricetes,Caudoviricetes incertae sedis,Kharnvirus,Kharnvirus kharn,,dsDNA,3152916,Kharnvirus
Sphingomonas sp.,Duplodnaviria,Heunggongvirae,Uroviricota,Caudoviricetes,Caudoviricetes incertae sedis,Kharnvirus,Kharnvirus lucius,,dsDNA,3152916,Kharnvirus
Rhodococcus erythropolis,Duplodnaviria,Heunggongvirae,Uroviricota,Caudoviricetes,Caudoviricetes incertae sedis,Chewyvirus,Chewyvirus chewyVIII,,dsDNA,3152994,Chewyvirus
Xanthomonas euvesicatoria pv. allii,Duplodnaviria,Heunggongvirae,Uroviricota,Caudoviricetes,Autographivirales,Autonotataviridae,Gujervirinae,Pazvirus,dsDNA,3424920,Pazvirus
Xylella fastidiosa,Duplodnaviria,Heunggongvirae,Uroviricota,Caudoviricetes,Autographivirales,Autonotataviridae,Gujervirinae,Pazvirus,dsDNA,3424920,Pazvirus
Mycolicibacterium smegmatis MC2 155,Duplodnaviria,Heunggongvirae,Uroviricota,Caudoviricetes,Caudoviricetes incertae sedis,Bixzunavirus,unclassified Bixzunavirus,,dsDNA,680114,Bixzunavirus
Mycolicibacterium smegmatis MC2 155,Duplodnaviria,Heunggongvirae,Uroviricota,Caudoviricetes,Caudoviricetes incertae sedis,Bixzunavirus,Bixzunavirus alice,,dsDNA,680114,Bixzunavirus
Mycolicibacterium smegmatis MC2 155,Duplodnaviria,Heunggongvirae,Uroviricota,Caudoviricetes,Caudoviricetes incertae sedis,Bixzunavirus,Bixzunavirus Bxz1,,dsDNA,680114,Bixzunavirus
Mycolicibacterium smegmatis MC2 155,Duplodnaviria,Heunggongvirae,Uroviricota,Caudoviricetes,Caudoviricetes incertae sedis,Bixzunavirus,Bixzunavirus astraea,,dsDNA,680114,Bixzunavirus
Mycobacterium,Duplodnaviria,Heunggongvirae,Uroviricota,Caudoviricetes,Caudoviricetes incertae sedis,Bixzunavirus,unclassified Bixzunavirus,,dsDNA,680114,Bixzunavirus
Mycolicibacterium smegmatis MC2 155,Duplodnaviria,Heunggongvirae,Uroviricota,Caudoviricetes,Caudoviricetes incertae sedis,Bixzunavirus,Bixzunavirus bigswole,,dsDNA,680114,Bixzunavirus
Mycobacterium,Duplodnaviria,Heunggongvirae,Uroviricota,Caudoviricetes,Caudoviricetes incertae sedis,Bixzunavirus,Bixzunavirus Bxz1,,dsDNA,680114,Bixzunavirus
Mycolicibacterium smegmatis,Duplodnaviria,Heunggongvirae,Uroviricota,Caudoviricetes,Caudoviricetes incertae sedis,Bixzunavirus,Bixzunavirus Bxz1,,dsDNA,680114,Bixzunavirus
Mycolicibacterium vaccae,Duplodnaviria,Heunggongvirae,Uroviricota,Caudoviricetes,Caudoviricetes incertae sedis,Bixzunavirus,Bixzunavirus Bxz1,,dsDNA,680114,Bixzunavirus
Mycolicibacterium smegmatis MC2 155,Duplodnaviria,Heunggongvirae,Uroviricota,Caudoviricetes,Caudoviricetes incertae sedis,Bixzunavirus,Bixzunavirus cane17,,dsDNA,680114,Bixzunavirus
Mycolicibacterium smegmatis MC2 155,Duplodnaviria,Heunggongvirae,Uroviricota,Caudoviricetes,Caudoviricetes incertae sedis,Bixzunavirus,Bixzunavirus charlieB,,dsDNA,680114,Bixzunavirus
Mycolicibacterium smegmatis MC2 155,Duplodnaviria,Heunggongvirae,Uroviricota,Caudoviricetes,Caudoviricetes incertae sedis,Bixzunavirus,Bixzunavirus dandelion,,dsDNA,680114,Bixzunavirus
Mycolicibacterium smegmatis MC2 155,Duplodnaviria,Heunggongvirae,Uroviricota,Caudoviricetes,Caudoviricetes incertae sedis,Bixzunavirus,Bixzunavirus hyro,,dsDNA,680114,Bixzunavirus
Mycobacterium,Duplodnaviria,Heunggongvirae,Uroviricota,Caudoviricetes,Caudoviricetes incertae sedis,Bixzunavirus,Bixzunavirus I3,,dsDNA,680114,Bixzunavirus
Mycolicibacterium smegmatis MC2 155,Duplodnaviria,Heunggongvirae,Uroviricota,Caudoviricetes,Caudoviricetes incertae sedis,Bixzunavirus,Bixzunavirus lukilu,,dsDNA,680114,Bixzunavirus
Mycolicibacterium smegmatis MC2 155,Duplodnaviria,Heunggongvirae,Uroviricota,Caudoviricetes,Caudoviricetes incertae sedis,Bixzunavirus,Bixzunavirus mangeria,,dsDNA,680114,Bixzunavirus
Mycolicibacterium smegmatis MC2 155,Duplodnaviria,Heunggongvirae,Uroviricota,Caudoviricetes,Caudoviricetes incertae sedis,Bixzunavirus,Bixzunavirus nappy,,dsDNA,680114,Bixzunavirus
Mycolicibacterium smegmatis MC2 155,Duplodnaviria,Heunggongvirae,Uroviricota,Caudoviricetes,Caudoviricetes incertae sedis,Bixzunavirus,Bixzunavirus noodletree,,dsDNA,680114,Bixzunavirus
Mycobacterium,Duplodnaviria,Heunggongvirae,Uroviricota,Caudoviricetes,Caudoviricetes incertae sedis,Bixzunavirus,Bixzunavirus alice,,dsDNA,680114,Bixzunavirus
Mycolicibacterium smegmatis MC2 155,Duplodnaviria,Heunggongvirae,Uroviricota,Caudoviricetes,Caudoviricetes incertae sedis,Bixzunavirus,Bixzunavirus qbert,,dsDNA,680114,Bixzunavirus
Mycobacterium,Duplodnaviria,Heunggongvirae,Uroviricota,Caudoviricetes,Caudoviricetes incertae sedis,Bixzunavirus,Bixzunavirus quasimodo,,dsDNA,680114,Bixzunavirus
Mycobacterium,Duplodnaviria,Heunggongvirae,Uroviricota,Caudoviricetes,Caudoviricetes incertae sedis,Bixzunavirus,Bixzunavirus sauce,,dsDNA,680114,Bixzunavirus
Mycolicibacterium smegmatis MC2 155,Duplodnaviria,Heunggongvirae,Uroviricota,Caudoviricetes,Caudoviricetes incertae sedis,Bixzunavirus,Bixzunavirus sauce,,dsDNA,680114,Bixzunavirus
Mycolicibacterium smegmatis MC2 155,Duplodnaviria,Heunggongvirae,Uroviricota,Caudoviricetes,Caudoviricetes incertae sedis,Bixzunavirus,Bixzunavirus sebata,,dsDNA,680114,Bixzunavirus
Mycobacterium,Duplodnaviria,Heunggongvirae,Uroviricota,Caudoviricetes,Caudoviricetes incertae sedis,Bixzunavirus,Bixzunavirus hyro,,dsDNA,680114,Bixzunavirus
Mycolicibacterium smegmatis MC2 155,Duplodnaviria,Heunggongvirae,Uroviricota,Caudoviricetes,Caudoviricetes incertae sedis,Bixzunavirus,Bixzunavirus tonenili,,dsDNA,680114,Bixzunavirus
Pseudomonas aeruginosa,Duplodnaviria,Heunggongvirae,Uroviricota,Caudoviricetes,Caudoviricetes incertae sedis,Chimalliviridae,Phikzvirus,Phikzvirus phiKZ,dsDNA,680115,Phikzvirus
Pseudomonas aeruginosa PAO1,Duplodnaviria,Heunggongvirae,Uroviricota,Caudoviricetes,Caudoviricetes incertae sedis,Chimalliviridae,Phikzvirus,Phikzvirus phiKZ,dsDNA,680115,Phikzvirus
Pseudomonas sp.,Duplodnaviria,Heunggongvirae,Uroviricota,Caudoviricetes,Caudoviricetes incertae sedis,Chimalliviridae,Phikzvirus,unclassified Phikzvirus,dsDNA,680115,Phikzvirus
Pseudomonas,Duplodnaviria,Heunggongvirae,Uroviricota,Caudoviricetes,Caudoviricetes incertae sedis,Chimalliviridae,Phikzvirus,unclassified Phikzvirus,dsDNA,680115,Phikzvirus
Somateria mollissima,Riboviria,Orthornavirae,Negarnaviricota,Haploviricotina,Monjiviricetes,Mononegavirales,Nyamiviridae,Nyavirus,-ssRNA,1513295,Nyavirus
Alectorobius capensis,Riboviria,Orthornavirae,Negarnaviricota,Haploviricotina,Monjiviricetes,Mononegavirales,Nyamiviridae,Nyavirus,-ssRNA,1513295,Nyavirus
Acari,Riboviria,Orthornavirae,Negarnaviricota,Haploviricotina,Monjiviricetes,Mononegavirales,Nyamiviridae,Nyavirus,-ssRNA,1513295,Nyavirus
Mus musculus,Riboviria,Orthornavirae,Negarnaviricota,Haploviricotina,Monjiviricetes,Mononegavirales,Nyamiviridae,Nyavirus,-ssRNA,1513295,Nyavirus
Bubulcus ibis,Riboviria,Orthornavirae,Negarnaviricota,Haploviricotina,Monjiviricetes,Mononegavirales,Nyamiviridae,Nyavirus,-ssRNA,1513295,Nyavirus
Argas walkerae,Riboviria,Orthornavirae,Negarnaviricota,Haploviricotina,Monjiviricetes,Mononegavirales,Nyamiviridae,Nyavirus,-ssRNA,1513295,Nyavirus
Sturnus vulgaris,Riboviria,Orthornavirae,Negarnaviricota,Haploviricotina,Monjiviricetes,Mononegavirales,Nyamiviridae,Nyavirus,-ssRNA,1513295,Nyavirus
Argas japonicus,Riboviria,Orthornavirae,Negarnaviricota,Haploviricotina,Monjiviricetes,Mononegavirales,Nyamiviridae,Nyavirus,-ssRNA,1513295,Nyavirus
Ornithodoros coriaceus,Riboviria,Orthornavirae,Negarnaviricota,Haploviricotina,Monjiviricetes,Mononegavirales,Nyamiviridae,Nyavirus,-ssRNA,1513295,Nyavirus
Mycolicibacterium smegmatis MC2 155,Duplodnaviria,Heunggongvirae,Uroviricota,Caudoviricetes,Caudoviricetes incertae sedis,Liefievirus,Liefievirus halo,Mycobacterium virus Halo,dsDNA,1623288,Liefievirus
Mycolicibacterium smegmatis MC2 155,Duplodnaviria,Heunggongvirae,Uroviricota,Caudoviricetes,Caudoviricetes incertae sedis,Liefievirus,unclassified Liefievirus,,dsDNA,1623288,Liefievirus
Mycobacterium,Duplodnaviria,Heunggongvirae,Uroviricota,Caudoviricetes,Caudoviricetes incertae sedis,Liefievirus,unclassified Liefievirus,,dsDNA,1623288,Liefievirus
Mycobacterium tuberculosis,Duplodnaviria,Heunggongvirae,Uroviricota,Caudoviricetes,Caudoviricetes incertae sedis,Liefievirus,unclassified Liefievirus,,dsDNA,1623288,Liefievirus
Mycobacterium sp.,Duplodnaviria,Heunggongvirae,Uroviricota,Caudoviricetes,Caudoviricetes incertae sedis,Liefievirus,unclassified Liefievirus,,dsDNA,1623288,Liefievirus
Mycobacterium,Duplodnaviria,Heunggongvirae,Uroviricota,Caudoviricetes,Caudoviricetes incertae sedis,Liefievirus,Liefievirus grizzly,,dsDNA,1623288,Liefievirus
Mycobacterium,Duplodnaviria,Heunggongvirae,Uroviricota,Caudoviricetes,Caudoviricetes incertae sedis,Liefievirus,Liefievirus halo,Mycobacterium virus Halo,dsDNA,1623288,Liefievirus
Mycobacteriales,Duplodnaviria,Heunggongvirae,Uroviricota,Caudoviricetes,Caudoviricetes incertae sedis,Liefievirus,Liefievirus halo,Mycobacterium virus Halo,dsDNA,1623288,Liefievirus
Mycolicibacterium smegmatis MC2 155,Duplodnaviria,Heunggongvirae,Uroviricota,Caudoviricetes,Caudoviricetes incertae sedis,Liefievirus,Liefievirus liefie,Mycobacterium virus Liefie,dsDNA,1623288,Liefievirus
Mycolicibacterium smegmatis,Duplodnaviria,Heunggongvirae,Uroviricota,Caudoviricetes,Caudoviricetes incertae sedis,Liefievirus,unclassified Liefievirus,,dsDNA,1623288,Liefievirus
Mycobacterium,Duplodnaviria,Heunggongvirae,Uroviricota,Caudoviricetes,Caudoviricetes incertae sedis,Liefievirus,Liefievirus paito,,dsDNA,1623288,Liefievirus
Mycobacterium,Duplodnaviria,Heunggongvirae,Uroviricota,Caudoviricetes,Caudoviricetes incertae sedis,Liefievirus,Liefievirus rabbs,,dsDNA,1623288,Liefievirus
Mycolicibacterium smegmatis MC2 155,Duplodnaviria,Heunggongvirae,Uroviricota,Caudoviricetes,Caudoviricetes incertae sedis,Liefievirus,Liefievirus taheera,,dsDNA,1623288,Liefievirus
Mycobacterium,Duplodnaviria,Heunggongvirae,Uroviricota,Caudoviricetes,Caudoviricetes incertae sedis,Vilmaviridae,Wildcatvirus,unclassified Wildcatvirus,dsDNA,1993858,Wildcatvirus
Mycolicibacterium smegmatis MC2 155,Duplodnaviria,Heunggongvirae,Uroviricota,Caudoviricetes,Caudoviricetes incertae sedis,Vilmaviridae,Wildcatvirus,Wildcatvirus wildcat,dsDNA,1993858,Wildcatvirus
Mycobacterium sp.,Duplodnaviria,Heunggongvirae,Uroviricota,Caudoviricetes,Caudoviricetes incertae sedis,Vilmaviridae,Wildcatvirus,Wildcatvirus wildcat,dsDNA,1993858,Wildcatvirus
Mycobacteriales,Duplodnaviria,Heunggongvirae,Uroviricota,Caudoviricetes,Caudoviricetes incertae sedis,Vilmaviridae,Wildcatvirus,Wildcatvirus wildcat,dsDNA,1993858,Wildcatvirus
Pseudomonas putida,Duplodnaviria,Heunggongvirae,Uroviricota,Caudoviricetes,Caudoviricetes incertae sedis,Chakrabartyvirus,Chakrabartyvirus pf16,,dsDNA,2560113,Chakrabartyvirus
Pectobacterium atrosepticum,Duplodnaviria,Heunggongvirae,Uroviricota,Caudoviricetes,Autographivirales,Autotranscriptaviridae,Studiervirinae,Pektosvirus,dsDNA,2732689,Pektosvirus
Pectobacterium,Duplodnaviria,Heunggongvirae,Uroviricota,Caudoviricetes,Autographivirales,Autotranscriptaviridae,Studiervirinae,Pektosvirus,dsDNA,2732689,Pektosvirus
Pseudomonas plecoglossicida,Duplodnaviria,Heunggongvirae,Uroviricota,Caudoviricetes,Autographivirales,Autotranscriptaviridae,Studiervirinae,Phutvirus,dsDNA,2732690,Phutvirus
Pseudomonas putida NBRC 14164,Duplodnaviria,Heunggongvirae,Uroviricota,Caudoviricetes,Autographivirales,Autotranscriptaviridae,Studiervirinae,Pifdecavirus,dsDNA,2732691,Pifdecavirus
Pseudomonas putida KT2440,Duplodnaviria,Heunggongvirae,Uroviricota,Caudoviricetes,Autographivirales,Autotranscriptaviridae,Studiervirinae,Pifdecavirus,dsDNA,2732691,Pifdecavirus
Gordonia terrae,Duplodnaviria,Heunggongvirae,Uroviricota,Caudoviricetes,Caudoviricetes incertae sedis,Apricotvirus,Apricotvirus apricot,,dsDNA,2733166,Apricotvirus
Gordonia terrae,Duplodnaviria,Heunggongvirae,Uroviricota,Caudoviricetes,Caudoviricetes incertae sedis,Apricotvirus,unclassified Apricotvirus,,dsDNA,2733166,Apricotvirus
Microbacterium paraoxydans,Duplodnaviria,Heunggongvirae,Uroviricota,Caudoviricetes,Caudoviricetes incertae sedis,Rogerhendrixvirus,unclassified Rogerhendrixvirus,,dsDNA,2733204,Rogerhendrixvirus
Microbacterium foliorum,Duplodnaviria,Heunggongvirae,Uroviricota,Caudoviricetes,Caudoviricetes incertae sedis,Rogerhendrixvirus,Rogerhendrixvirus hendrix,,dsDNA,2733204,Rogerhendrixvirus
Microbacterium foliorum,Duplodnaviria,Heunggongvirae,Uroviricota,Caudoviricetes,Caudoviricetes incertae sedis,Rogerhendrixvirus,unclassified Rogerhendrixvirus,,dsDNA,2733204,Rogerhendrixvirus
root,Riboviria,Orthornavirae,Lenarviricota,Leviviricetes,Norzivirales,Solspiviridae,Andihavirus,Andihavirus borborohabitans,+ssRNA,2842377,Andihavirus
Roseobacter denitrificans OCh 114,Duplodnaviria,Heunggongvirae,Uroviricota,Caudoviricetes,Caudoviricetes incertae sedis,Schitoviridae,Rhodovirinae,Aoqinvirus,dsDNA,2842544,Aoqinvirus
Vibrio splendidus,Duplodnaviria,Heunggongvirae,Uroviricota,Caudoviricetes,Caudoviricetes incertae sedis,Schitoviridae,Pontosvirinae,Nahantvirus,dsDNA,2842892,Nahantvirus
root,Riboviria,Orthornavirae,Lenarviricota,Leviviricetes,Timlovirales,Steitzviridae,Suhnsivirus,Suhnsivirus arvicola,+ssRNA,2843062,Suhnsivirus
Mycolicibacterium smegmatis MC2 155,Duplodnaviria,Heunggongvirae,Uroviricota,Caudoviricetes,Caudoviricetes incertae sedis,Avanivirus,Avanivirus avani,,dsDNA,2843352,Avanivirus
Mycobacterium,Duplodnaviria,Heunggongvirae,Uroviricota,Caudoviricetes,Caudoviricetes incertae sedis,Avanivirus,Avanivirus Che9d,,dsDNA,2843352,Avanivirus
Mycolicibacterium smegmatis MC2 155,Duplodnaviria,Heunggongvirae,Uroviricota,Caudoviricetes,Caudoviricetes incertae sedis,Avanivirus,Avanivirus demsculpinboyz,,dsDNA,2843352,Avanivirus
Mycolicibacterium smegmatis MC2 155,Duplodnaviria,Heunggongvirae,Uroviricota,Caudoviricetes,Caudoviricetes incertae sedis,Avanivirus,unclassified Avanivirus,,dsDNA,2843352,Avanivirus
Mycolicibacterium smegmatis,Duplodnaviria,Heunggongvirae,Uroviricota,Caudoviricetes,Caudoviricetes incertae sedis,Avanivirus,unclassified Avanivirus,,dsDNA,2843352,Avanivirus
Mycolicibacterium smegmatis MC2 155,Duplodnaviria,Heunggongvirae,Uroviricota,Caudoviricetes,Caudoviricetes incertae sedis,Avanivirus,Avanivirus soul22,,dsDNA,2843352,Avanivirus
Mycolicibacterium smegmatis MC2 155,Duplodnaviria,Heunggongvirae,Uroviricota,Caudoviricetes,Caudoviricetes incertae sedis,Avanivirus,Avanivirus yoshi,,dsDNA,2843352,Avanivirus
Mycolicibacterium smegmatis MC2 155,Duplodnaviria,Heunggongvirae,Uroviricota,Caudoviricetes,Caudoviricetes incertae sedis,Avanivirus,Avanivirus zapner,,dsDNA,2843352,Avanivirus
Rhodococcus erythropolis,Duplodnaviria,Heunggongvirae,Uroviricota,Caudoviricetes,Caudoviricetes incertae sedis,Whackvirus,Whackvirus whack,,dsDNA,2843473,Whackvirus
Xanthomonas euvesicatoria,Duplodnaviria,Heunggongvirae,Uroviricota,Caudoviricetes,Caudoviricetes incertae sedis,Beograduvirus,unclassified Beograduvirus,,dsDNA,2946820,Beograduvirus
Xanthomonas euvesicatoria,Duplodnaviria,Heunggongvirae,Uroviricota,Caudoviricetes,Caudoviricetes incertae sedis,Beograduvirus,Beograduvirus KPhi1,,dsDNA,2946820,Beograduvirus
Xanthomonas sp.,Duplodnaviria,Heunggongvirae,Uroviricota,Caudoviricetes,Caudoviricetes incertae sedis,Beograduvirus,unclassified Beograduvirus,,dsDNA,2946820,Beograduvirus
Xanthomonas vesicatoria,Duplodnaviria,Heunggongvirae,Uroviricota,Caudoviricetes,Caudoviricetes incertae sedis,Beograduvirus,Beograduvirus Xaf18,,dsDNA,2946820,Beograduvirus
Vaccinium corymbosum,Riboviria,Orthornavirae,Kitrinoviricota,Alsuviricetes,Martellivirales,Closteroviridae,Bluvavirus,Bluvavirus vaccinii,+ssRNA,2946831,Bluvavirus
Rhodococcus erythropolis,Duplodnaviria,Heunggongvirae,Uroviricota,Caudoviricetes,Caudoviricetes incertae sedis,Finchvirus,Finchvirus finch,,dsDNA,2948706,Finchvirus
Gordonia rubripertincta,Duplodnaviria,Heunggongvirae,Uroviricota,Caudoviricetes,Caudoviricetes incertae sedis,Zierdtviridae,Emilbogenvirinae,Gruunavirus,dsDNA,2948731,Gruunavirus
Enterobacteriaceae,Duplodnaviria,Heunggongvirae,Uroviricota,Caudoviricetes,Caudoviricetes incertae sedis,Hungariovirus,Hungariovirus C1302,,dsDNA,2948761,Hungariovirus
Salmonella enterica,Duplodnaviria,Heunggongvirae,Uroviricota,Caudoviricetes,Caudoviricetes incertae sedis,Saltrevirus,Saltrevirus sv64795sal3,,dsDNA,2948889,Saltrevirus
Bacillus cereus,Duplodnaviria,Heunggongvirae,Uroviricota,Caudoviricetes,Caudoviricetes incertae sedis,Haetaevirus,Haetaevirus PBC2,,dsDNA,3044726,Haetaevirus
Gordonia neofelifaecis,Duplodnaviria,Heunggongvirae,Uroviricota,Caudoviricetes,Caudoviricetes incertae sedis,Mcgonagallvirus,unclassified Mcgonagallvirus,,dsDNA,3044757,Mcgonagallvirus
Gordonia neofelifaecis,Duplodnaviria,Heunggongvirae,Uroviricota,Caudoviricetes,Caudoviricetes incertae sedis,Mcgonagallvirus,Mcgonagallvirus macgonagall,,dsDNA,3044757,Mcgonagallvirus
Bodo saltans,Varidnaviria,Bamfordvirae,Nucleocytoviricota,Megaviricetes,Imitervirales,Mimiviridae,Klosneuvirinae,Theiavirus,,3044842,Theiavirus
Mycolicibacterium smegmatis MC2 155,Duplodnaviria,Heunggongvirae,Uroviricota,Caudoviricetes,Caudoviricetes incertae sedis,Lilspottyvirus,Lilspottyvirus lilspotty,,dsDNA,3152623,Lilspottyvirus
root,Riboviria,Orthornavirae,Lenarviricota,Leviviricetes,Norzivirales,Fiersviridae,Ulinhavirus,Ulinhavirus borborohabitans,+ssRNA,3152864,Ulinhavirus
Microbacterium paraoxydans,Duplodnaviria,Heunggongvirae,Uroviricota,Caudoviricetes,Caudoviricetes incertae sedis,Footloosevirus,Footloosevirus footloose,,dsDNA,3152965,Footloosevirus
Austrosimulium,Monodnaviria,Shotokuvirae,Cressdnaviricota,Arfiviricetes,Saturnivirales,Mahapunaviridae,Acamarivirus,Acamarivirus perigeeis,,3152979,Acamarivirus
root,Monodnaviria,Shotokuvirae,Cressdnaviricota,Arfiviricetes,Saturnivirales,Mahapunaviridae,Acamarivirus,Acamarivirus parsecis,,3152979,Acamarivirus
Lama glama,Monodnaviria,Shotokuvirae,Cressdnaviricota,Arfiviricetes,Saturnivirales,Mahapunaviridae,Acamarivirus,Acamarivirus solis,,3152979,Acamarivirus
root,Monodnaviria,Shotokuvirae,Cressdnaviricota,Arfiviricetes,Saturnivirales,Mahapunaviridae,Anthevirus,,,3152981,Anthevirus
Eratigena duellica,Monodnaviria,Shotokuvirae,Cressdnaviricota,Arfiviricetes,Saturnivirales,Mahapunaviridae,Anthevirus,Anthevirus beronis,,3152981,Anthevirus
Mareca americana,Monodnaviria,Shotokuvirae,Cressdnaviricota,Arfiviricetes,Saturnivirales,Mahapunaviridae,Anthevirus,Anthevirus cielois,,3152981,Anthevirus
Delphinapterus leucas,Duplodnaviria,Heunggongvirae,Peploviricota,Herviviricetes,Herpesvirales,Orthoherpesviridae,Alphaherpesvirinae,Varicellovirus,dsDNA,10319,Varicellovirus
Bubalus bubalis,Duplodnaviria,Heunggongvirae,Peploviricota,Herviviricetes,Herpesvirales,Orthoherpesviridae,Alphaherpesvirinae,Varicellovirus,dsDNA,10319,Varicellovirus
Canis lupus familiaris,Duplodnaviria,Heunggongvirae,Peploviricota,Herviviricetes,Herpesvirales,Orthoherpesviridae,Alphaherpesvirinae,Varicellovirus,dsDNA,10319,Varicellovirus
Capra hircus,Duplodnaviria,Heunggongvirae,Peploviricota,Herviviricetes,Herpesvirales,Orthoherpesviridae,Alphaherpesvirinae,Varicellovirus,dsDNA,10319,Varicellovirus
Erythrocebus patas,Duplodnaviria,Heunggongvirae,Peploviricota,Herviviricetes,Herpesvirales,Orthoherpesviridae,Alphaherpesvirinae,Varicellovirus,dsDNA,10319,Varicellovirus
Cervus elaphus,Duplodnaviria,Heunggongvirae,Peploviricota,Herviviricetes,Herpesvirales,Orthoherpesviridae,Alphaherpesvirinae,Varicellovirus,dsDNA,10319,Varicellovirus
Rangifer tarandus tarandus,Duplodnaviria,Heunggongvirae,Peploviricota,Herviviricetes,Herpesvirales,Orthoherpesviridae,Alphaherpesvirinae,Varicellovirus,dsDNA,10319,Varicellovirus
Cervus canadensis,Duplodnaviria,Heunggongvirae,Peploviricota,Herviviricetes,Herpesvirales,Orthoherpesviridae,Alphaherpesvirinae,Varicellovirus,dsDNA,10319,Varicellovirus
Equus caballus,Duplodnaviria,Heunggongvirae,Peploviricota,Herviviricetes,Herpesvirales,Orthoherpesviridae,Alphaherpesvirinae,Varicellovirus,dsDNA,10319,Varicellovirus
Equus ferus,Duplodnaviria,Heunggongvirae,Peploviricota,Herviviricetes,Herpesvirales,Orthoherpesviridae,Alphaherpesvirinae,Varicellovirus,dsDNA,10319,Varicellovirus
Equus,Duplodnaviria,Heunggongvirae,Peploviricota,Herviviricetes,Herpesvirales,Orthoherpesviridae,Alphaherpesvirinae,Varicellovirus,dsDNA,10319,Varicellovirus
Equus asinus,Duplodnaviria,Heunggongvirae,Peploviricota,Herviviricetes,Herpesvirales,Orthoherpesviridae,Alphaherpesvirinae,Varicellovirus,dsDNA,10319,Varicellovirus
Felidae,Duplodnaviria,Heunggongvirae,Peploviricota,Herviviricetes,Herpesvirales,Orthoherpesviridae,Alphaherpesvirinae,Varicellovirus,dsDNA,10319,Varicellovirus
Phoca vitulina,Duplodnaviria,Heunggongvirae,Peploviricota,Herviviricetes,Herpesvirales,Orthoherpesviridae,Alphaherpesvirinae,Varicellovirus,dsDNA,10319,Varicellovirus
Sus scrofa,Duplodnaviria,Heunggongvirae,Peploviricota,Herviviricetes,Herpesvirales,Orthoherpesviridae,Alphaherpesvirinae,Varicellovirus,dsDNA,10319,Varicellovirus
Aotus trivirgatus,Duplodnaviria,Heunggongvirae,Peploviricota,Herviviricetes,Herpesvirales,Orthoherpesviridae,Betaherpesvirinae,Cytomegalovirus,dsDNA,10358,Cytomegalovirus
Cercopithecus,Duplodnaviria,Heunggongvirae,Peploviricota,Herviviricetes,Herpesvirales,Orthoherpesviridae,Betaherpesvirinae,Cytomegalovirus,dsDNA,10358,Cytomegalovirus
Macaca,Duplodnaviria,Heunggongvirae,Peploviricota,Herviviricetes,Herpesvirales,Orthoherpesviridae,Betaherpesvirinae,Cytomegalovirus,dsDNA,10358,Cytomegalovirus
Homo sapiens,Duplodnaviria,Heunggongvirae,Peploviricota,Herviviricetes,Herpesvirales,Orthoherpesviridae,Betaherpesvirinae,Cytomegalovirus,dsDNA,10358,Cytomegalovirus
Macaca fascicularis,Duplodnaviria,Heunggongvirae,Peploviricota,Herviviricetes,Herpesvirales,Orthoherpesviridae,Betaherpesvirinae,Cytomegalovirus,dsDNA,10358,Cytomegalovirus
Macaca mulatta,Duplodnaviria,Heunggongvirae,Peploviricota,Herviviricetes,Herpesvirales,Orthoherpesviridae,Betaherpesvirinae,Cytomegalovirus,dsDNA,10358,Cytomegalovirus
Mandrillus leucophaeus,Duplodnaviria,Heunggongvirae,Peploviricota,Herviviricetes,Herpesvirales,Orthoherpesviridae,Betaherpesvirinae,Cytomegalovirus,dsDNA,10358,Cytomegalovirus
Pan troglodytes,Duplodnaviria,Heunggongvirae,Peploviricota,Herviviricetes,Herpesvirales,Orthoherpesviridae,Betaherpesvirinae,Cytomegalovirus,dsDNA,10358,Cytomegalovirus
Papio anubis,Duplodnaviria,Heunggongvirae,Peploviricota,Herviviricetes,Herpesvirales,Orthoherpesviridae,Betaherpesvirinae,Cytomegalovirus,dsDNA,10358,Cytomegalovirus
Papio cynocephalus,Duplodnaviria,Heunggongvirae,Peploviricota,Herviviricetes,Herpesvirales,Orthoherpesviridae,Betaherpesvirinae,Cytomegalovirus,dsDNA,10358,Cytomegalovirus
Papio ursinus,Duplodnaviria,Heunggongvirae,Peploviricota,Herviviricetes,Herpesvirales,Orthoherpesviridae,Betaherpesvirinae,Cytomegalovirus,dsDNA,10358,Cytomegalovirus
Saimiri sciureus,Duplodnaviria,Heunggongvirae,Peploviricota,Herviviricetes,Herpesvirales,Orthoherpesviridae,Betaherpesvirinae,Cytomegalovirus,dsDNA,10358,Cytomegalovirus
Culex,Riboviria,Orthornavirae,Negarnaviricota,Polyploviricotina,Bunyaviricetes,Elliovirales,Peribunyaviridae,Orthobunyavirus,-ssRNA,11572,Orthobunyavirus
Mus musculus,Riboviria,Orthornavirae,Negarnaviricota,Polyploviricotina,Bunyaviricetes,Elliovirales,Peribunyaviridae,Orthobunyavirus,-ssRNA,11572,Orthobunyavirus
Bos taurus,Riboviria,Orthornavirae,Negarnaviricota,Polyploviricotina,Bunyaviricetes,Elliovirales,Peribunyaviridae,Orthobunyavirus,-ssRNA,11572,Orthobunyavirus
Capra hircus,Riboviria,Orthornavirae,Negarnaviricota,Polyploviricotina,Bunyaviricetes,Elliovirales,Peribunyaviridae,Orthobunyavirus,-ssRNA,11572,Orthobunyavirus
Ovis aries,Riboviria,Orthornavirae,Negarnaviricota,Polyploviricotina,Bunyaviricetes,Elliovirales,Peribunyaviridae,Orthobunyavirus,-ssRNA,11572,Orthobunyavirus
Mesocricetus auratus,Riboviria,Orthornavirae,Negarnaviricota,Polyploviricotina,Bunyaviricetes,Elliovirales,Peribunyaviridae,Orthobunyavirus,-ssRNA,11572,Orthobunyavirus
Aedeomyia squamipennis,Riboviria,Orthornavirae,Negarnaviricota,Polyploviricotina,Bunyaviricetes,Elliovirales,Peribunyaviridae,Orthobunyavirus,-ssRNA,11572,Orthobunyavirus
Aedes sp.,Riboviria,Orthornavirae,Negarnaviricota,Polyploviricotina,Bunyaviricetes,Elliovirales,Peribunyaviridae,Orthobunyavirus,-ssRNA,11572,Orthobunyavirus
Chlorocebus aethiops,Riboviria,Orthornavirae,Negarnaviricota,Polyploviricotina,Bunyaviricetes,Elliovirales,Peribunyaviridae,Orthobunyavirus,-ssRNA,11572,Orthobunyavirus
Caluromys philander,Riboviria,Orthornavirae,Negarnaviricota,Polyploviricotina,Bunyaviricetes,Elliovirales,Peribunyaviridae,Orthobunyavirus,-ssRNA,11572,Orthobunyavirus
Anopheles boliviensis,Riboviria,Orthornavirae,Negarnaviricota,Polyploviricotina,Bunyaviricetes,Elliovirales,Peribunyaviridae,Orthobunyavirus,-ssRNA,11572,Orthobunyavirus
Sapajus apella,Riboviria,Orthornavirae,Negarnaviricota,Polyploviricotina,Bunyaviricetes,Elliovirales,Peribunyaviridae,Orthobunyavirus,-ssRNA,11572,Orthobunyavirus
Tadarida brasiliensis,Riboviria,Orthornavirae,Negarnaviricota,Polyploviricotina,Bunyaviricetes,Elliovirales,Peribunyaviridae,Orthobunyavirus,-ssRNA,11572,Orthobunyavirus
Homo sapiens,Riboviria,Orthornavirae,Negarnaviricota,Polyploviricotina,Bunyaviricetes,Elliovirales,Peribunyaviridae,Orthobunyavirus,-ssRNA,11572,Orthobunyavirus
Sigmodon hispidus,Riboviria,Orthornavirae,Negarnaviricota,Polyploviricotina,Bunyaviricetes,Elliovirales,Peribunyaviridae,Orthobunyavirus,-ssRNA,11572,Orthobunyavirus
Culex nigripalpus,Riboviria,Orthornavirae,Negarnaviricota,Polyploviricotina,Bunyaviricetes,Elliovirales,Peribunyaviridae,Orthobunyavirus,-ssRNA,11572,Orthobunyavirus
Ardeola grayii,Riboviria,Orthornavirae,Negarnaviricota,Polyploviricotina,Bunyaviricetes,Elliovirales,Peribunyaviridae,Orthobunyavirus,-ssRNA,11572,Orthobunyavirus
Aedes curtipes,Riboviria,Orthornavirae,Negarnaviricota,Polyploviricotina,Bunyaviricetes,Elliovirales,Peribunyaviridae,Orthobunyavirus,-ssRNA,11572,Orthobunyavirus
Euplectes afer,Riboviria,Orthornavirae,Negarnaviricota,Polyploviricotina,Bunyaviricetes,Elliovirales,Peribunyaviridae,Orthobunyavirus,-ssRNA,11572,Orthobunyavirus
Mus,Riboviria,Orthornavirae,Negarnaviricota,Polyploviricotina,Bunyaviricetes,Elliovirales,Peribunyaviridae,Orthobunyavirus,-ssRNA,11572,Orthobunyavirus
Pyriglena leucoptera,Riboviria,Orthornavirae,Negarnaviricota,Polyploviricotina,Bunyaviricetes,Elliovirales,Peribunyaviridae,Orthobunyavirus,-ssRNA,11572,Orthobunyavirus
Aedes albopictus,Riboviria,Orthornavirae,Negarnaviricota,Polyploviricotina,Bunyaviricetes,Elliovirales,Peribunyaviridae,Orthobunyavirus,-ssRNA,11572,Orthobunyavirus
Culex portesi,Riboviria,Orthornavirae,Negarnaviricota,Polyploviricotina,Bunyaviricetes,Elliovirales,Peribunyaviridae,Orthobunyavirus,-ssRNA,11572,Orthobunyavirus
Cricetinae,Riboviria,Orthornavirae,Negarnaviricota,Polyploviricotina,Bunyaviricetes,Elliovirales,Peribunyaviridae,Orthobunyavirus,-ssRNA,11572,Orthobunyavirus
Culex spissipes,Riboviria,Orthornavirae,Negarnaviricota,Polyploviricotina,Bunyaviricetes,Elliovirales,Peribunyaviridae,Orthobunyavirus,-ssRNA,11572,Orthobunyavirus
Anopheles pharoensis,Riboviria,Orthornavirae,Negarnaviricota,Polyploviricotina,Bunyaviricetes,Elliovirales,Peribunyaviridae,Orthobunyavirus,-ssRNA,11572,Orthobunyavirus
Turdus libonyana,Riboviria,Orthornavirae,Negarnaviricota,Polyploviricotina,Bunyaviricetes,Elliovirales,Peribunyaviridae,Orthobunyavirus,-ssRNA,11572,Orthobunyavirus
Anopheles cruzii,Riboviria,Orthornavirae,Negarnaviricota,Polyploviricotina,Bunyaviricetes,Elliovirales,Peribunyaviridae,Orthobunyavirus,-ssRNA,11572,Orthobunyavirus
Macaca mulatta,Riboviria,Orthornavirae,Negarnaviricota,Polyploviricotina,Bunyaviricetes,Elliovirales,Peribunyaviridae,Orthobunyavirus,-ssRNA,11572,Orthobunyavirus
Culex sp.,Riboviria,Orthornavirae,Negarnaviricota,Polyploviricotina,Bunyaviricetes,Elliovirales,Peribunyaviridae,Orthobunyavirus,-ssRNA,11572,Orthobunyavirus
Anopheles meraukensis,Riboviria,Orthornavirae,Negarnaviricota,Polyploviricotina,Bunyaviricetes,Elliovirales,Peribunyaviridae,Orthobunyavirus,-ssRNA,11572,Orthobunyavirus
Aedes aegypti,Riboviria,Orthornavirae,Negarnaviricota,Polyploviricotina,Bunyaviricetes,Elliovirales,Peribunyaviridae,Orthobunyavirus,-ssRNA,11572,Orthobunyavirus
Culex accelerans,Riboviria,Orthornavirae,Negarnaviricota,Polyploviricotina,Bunyaviricetes,Elliovirales,Peribunyaviridae,Orthobunyavirus,-ssRNA,11572,Orthobunyavirus
Culicoides sp.,Riboviria,Orthornavirae,Negarnaviricota,Polyploviricotina,Bunyaviricetes,Elliovirales,Peribunyaviridae,Orthobunyavirus,-ssRNA,11572,Orthobunyavirus
Culex tarsalis,Riboviria,Orthornavirae,Negarnaviricota,Polyploviricotina,Bunyaviricetes,Elliovirales,Peribunyaviridae,Orthobunyavirus,-ssRNA,11572,Orthobunyavirus
Culiseta inornata,Riboviria,Orthornavirae,Negarnaviricota,Polyploviricotina,Bunyaviricetes,Elliovirales,Peribunyaviridae,Orthobunyavirus,-ssRNA,11572,Orthobunyavirus
Sabethes glaucodaemon,Riboviria,Orthornavirae,Negarnaviricota,Polyploviricotina,Bunyaviricetes,Elliovirales,Peribunyaviridae,Orthobunyavirus,-ssRNA,11572,Orthobunyavirus
Ochlerotatus dorsalis,Riboviria,Orthornavirae,Negarnaviricota,Polyploviricotina,Bunyaviricetes,Elliovirales,Peribunyaviridae,Orthobunyavirus,-ssRNA,11572,Orthobunyavirus
Culex epanatasis,Riboviria,Orthornavirae,Negarnaviricota,Polyploviricotina,Bunyaviricetes,Elliovirales,Peribunyaviridae,Orthobunyavirus,-ssRNA,11572,Orthobunyavirus
Culex annulirostris,Riboviria,Orthornavirae,Negarnaviricota,Polyploviricotina,Bunyaviricetes,Elliovirales,Peribunyaviridae,Orthobunyavirus,-ssRNA,11572,Orthobunyavirus
Ochlerotatus normanensis,Riboviria,Orthornavirae,Negarnaviricota,Polyploviricotina,Bunyaviricetes,Elliovirales,Peribunyaviridae,Orthobunyavirus,-ssRNA,11572,Orthobunyavirus
Ochlerotatus albifasciatus,Riboviria,Orthornavirae,Negarnaviricota,Polyploviricotina,Bunyaviricetes,Elliovirales,Peribunyaviridae,Orthobunyavirus,-ssRNA,11572,Orthobunyavirus
Psorophora varinervis,Riboviria,Orthornavirae,Negarnaviricota,Polyploviricotina,Bunyaviricetes,Elliovirales,Peribunyaviridae,Orthobunyavirus,-ssRNA,11572,Orthobunyavirus
Ochlerotatus vigilax,Riboviria,Orthornavirae,Negarnaviricota,Polyploviricotina,Bunyaviricetes,Elliovirales,Peribunyaviridae,Orthobunyavirus,-ssRNA,11572,Orthobunyavirus
Culex taeniopus,Riboviria,Orthornavirae,Negarnaviricota,Polyploviricotina,Bunyaviricetes,Elliovirales,Peribunyaviridae,Orthobunyavirus,-ssRNA,11572,Orthobunyavirus
Wyeomyia,Riboviria,Orthornavirae,Negarnaviricota,Polyploviricotina,Bunyaviricetes,Elliovirales,Peribunyaviridae,Orthobunyavirus,-ssRNA,11572,Orthobunyavirus
Ochlerotatus infirmatus,Riboviria,Orthornavirae,Negarnaviricota,Polyploviricotina,Bunyaviricetes,Elliovirales,Peribunyaviridae,Orthobunyavirus,-ssRNA,11572,Orthobunyavirus
Ploceus ocularis,Riboviria,Orthornavirae,Negarnaviricota,Polyploviricotina,Bunyaviricetes,Elliovirales,Peribunyaviridae,Orthobunyavirus,-ssRNA,11572,Orthobunyavirus
Nasua nasua,Riboviria,Orthornavirae,Negarnaviricota,Polyploviricotina,Bunyaviricetes,Elliovirales,Peribunyaviridae,Orthobunyavirus,-ssRNA,11572,Orthobunyavirus
Cimex,Riboviria,Orthornavirae,Negarnaviricota,Polyploviricotina,Bunyaviricetes,Elliovirales,Peribunyaviridae,Orthobunyavirus,-ssRNA,11572,Orthobunyavirus
Taphozous theobaldi,Riboviria,Orthornavirae,Negarnaviricota,Polyploviricotina,Bunyaviricetes,Elliovirales,Peribunyaviridae,Orthobunyavirus,-ssRNA,11572,Orthobunyavirus
Mops plicatus,Riboviria,Orthornavirae,Negarnaviricota,Polyploviricotina,Bunyaviricetes,Elliovirales,Peribunyaviridae,Orthobunyavirus,-ssRNA,11572,Orthobunyavirus
Ochlerotatus scapularis,Riboviria,Orthornavirae,Negarnaviricota,Polyploviricotina,Bunyaviricetes,Elliovirales,Peribunyaviridae,Orthobunyavirus,-ssRNA,11572,Orthobunyavirus
Culex (Lophoceraomyia) sp.,Riboviria,Orthornavirae,Negarnaviricota,Polyploviricotina,Bunyaviricetes,Elliovirales,Peribunyaviridae,Orthobunyavirus,-ssRNA,11572,Orthobunyavirus
Ochlerotatus atlanticus,Riboviria,Orthornavirae,Negarnaviricota,Polyploviricotina,Bunyaviricetes,Elliovirales,Peribunyaviridae,Orthobunyavirus,-ssRNA,11572,Orthobunyavirus
Anopheles amictus,Riboviria,Orthornavirae,Negarnaviricota,Polyploviricotina,Bunyaviricetes,Elliovirales,Peribunyaviridae,Orthobunyavirus,-ssRNA,11572,Orthobunyavirus
Ochlerotatus triseriatus,Riboviria,Orthornavirae,Negarnaviricota,Polyploviricotina,Bunyaviricetes,Elliovirales,Peribunyaviridae,Orthobunyavirus,-ssRNA,11572,Orthobunyavirus
Cervidae,Riboviria,Orthornavirae,Negarnaviricota,Polyploviricotina,Bunyaviricetes,Elliovirales,Peribunyaviridae,Orthobunyavirus,-ssRNA,11572,Orthobunyavirus
Tamias,Riboviria,Orthornavirae,Negarnaviricota,Polyploviricotina,Bunyaviricetes,Elliovirales,Peribunyaviridae,Orthobunyavirus,-ssRNA,11572,Orthobunyavirus
Sciurus carolinensis,Riboviria,Orthornavirae,Negarnaviricota,Polyploviricotina,Bunyaviricetes,Elliovirales,Peribunyaviridae,Orthobunyavirus,-ssRNA,11572,Orthobunyavirus
Tamias striatus griseus,Riboviria,Orthornavirae,Negarnaviricota,Polyploviricotina,Bunyaviricetes,Elliovirales,Peribunyaviridae,Orthobunyavirus,-ssRNA,11572,Orthobunyavirus
Anopheles albitarsis,Riboviria,Orthornavirae,Negarnaviricota,Polyploviricotina,Bunyaviricetes,Elliovirales,Peribunyaviridae,Orthobunyavirus,-ssRNA,11572,Orthobunyavirus
Culicoides marksi,Riboviria,Orthornavirae,Negarnaviricota,Polyploviricotina,Bunyaviricetes,Elliovirales,Peribunyaviridae,Orthobunyavirus,-ssRNA,11572,Orthobunyavirus
Culex modestus,Riboviria,Orthornavirae,Negarnaviricota,Polyploviricotina,Bunyaviricetes,Elliovirales,Peribunyaviridae,Orthobunyavirus,-ssRNA,11572,Orthobunyavirus
Aedes pembaensis,Riboviria,Orthornavirae,Negarnaviricota,Polyploviricotina,Bunyaviricetes,Elliovirales,Peribunyaviridae,Orthobunyavirus,-ssRNA,11572,Orthobunyavirus
Sabethes soperi,Riboviria,Orthornavirae,Negarnaviricota,Polyploviricotina,Bunyaviricetes,Elliovirales,Peribunyaviridae,Orthobunyavirus,-ssRNA,11572,Orthobunyavirus
Aedes vexans,Riboviria,Orthornavirae,Negarnaviricota,Polyploviricotina,Bunyaviricetes,Elliovirales,Peribunyaviridae,Orthobunyavirus,-ssRNA,11572,Orthobunyavirus
Anopheles freeborni,Riboviria,Orthornavirae,Negarnaviricota,Polyploviricotina,Bunyaviricetes,Elliovirales,Peribunyaviridae,Orthobunyavirus,-ssRNA,11572,Orthobunyavirus
Alouatta seniculus,Riboviria,Orthornavirae,Negarnaviricota,Polyploviricotina,Bunyaviricetes,Elliovirales,Peribunyaviridae,Orthobunyavirus,-ssRNA,11572,Orthobunyavirus
Verrallina funerea,Riboviria,Orthornavirae,Negarnaviricota,Polyploviricotina,Bunyaviricetes,Elliovirales,Peribunyaviridae,Orthobunyavirus,-ssRNA,11572,Orthobunyavirus
Curruca curruca,Riboviria,Orthornavirae,Negarnaviricota,Polyploviricotina,Bunyaviricetes,Elliovirales,Peribunyaviridae,Orthobunyavirus,-ssRNA,11572,Orthobunyavirus
Psorophora,Riboviria,Orthornavirae,Negarnaviricota,Polyploviricotina,Bunyaviricetes,Elliovirales,Peribunyaviridae,Orthobunyavirus,-ssRNA,11572,Orthobunyavirus
Progne subis,Riboviria,Orthornavirae,Negarnaviricota,Polyploviricotina,Bunyaviricetes,Elliovirales,Peribunyaviridae,Orthobunyavirus,-ssRNA,11572,Orthobunyavirus
Anopheles annulipes,Riboviria,Orthornavirae,Negarnaviricota,Polyploviricotina,Bunyaviricetes,Elliovirales,Peribunyaviridae,Orthobunyavirus,-ssRNA,11572,Orthobunyavirus
Equus caballus,Riboviria,Orthornavirae,Negarnaviricota,Polyploviricotina,Bunyaviricetes,Elliovirales,Peribunyaviridae,Orthobunyavirus,-ssRNA,11572,Orthobunyavirus
Culex perfuscus,Riboviria,Orthornavirae,Negarnaviricota,Polyploviricotina,Bunyaviricetes,Elliovirales,Peribunyaviridae,Orthobunyavirus,-ssRNA,11572,Orthobunyavirus
Culicidae,Riboviria,Orthornavirae,Negarnaviricota,Polyploviricotina,Bunyaviricetes,Elliovirales,Peribunyaviridae,Orthobunyavirus,-ssRNA,11572,Orthobunyavirus
Anopheles funestus,Riboviria,Orthornavirae,Negarnaviricota,Polyploviricotina,Bunyaviricetes,Elliovirales,Peribunyaviridae,Orthobunyavirus,-ssRNA,11572,Orthobunyavirus
Eretmapodites chrysogaster,Riboviria,Orthornavirae,Negarnaviricota,Polyploviricotina,Bunyaviricetes,Elliovirales,Peribunyaviridae,Orthobunyavirus,-ssRNA,11572,Orthobunyavirus
Bradypus tridactylus,Riboviria,Orthornavirae,Negarnaviricota,Polyploviricotina,Bunyaviricetes,Elliovirales,Peribunyaviridae,Orthobunyavirus,-ssRNA,11572,Orthobunyavirus
Vertebrata,Riboviria,Orthornavirae,Negarnaviricota,Polyploviricotina,Bunyaviricetes,Elliovirales,Peribunyaviridae,Orthobunyavirus,-ssRNA,11572,Orthobunyavirus
Ploceus cucullatus,Riboviria,Orthornavirae,Negarnaviricota,Polyploviricotina,Bunyaviricetes,Elliovirales,Peribunyaviridae,Orthobunyavirus,-ssRNA,11572,Orthobunyavirus
Culicoides histrio,Riboviria,Orthornavirae,Negarnaviricota,Polyploviricotina,Bunyaviricetes,Elliovirales,Peribunyaviridae,Orthobunyavirus,-ssRNA,11572,Orthobunyavirus
Wyeomyia melanocephala,Riboviria,Orthornavirae,Negarnaviricota,Polyploviricotina,Bunyaviricetes,Elliovirales,Peribunyaviridae,Orthobunyavirus,-ssRNA,11572,Orthobunyavirus
,Riboviria,Orthornavirae,Negarnaviricota,Polyploviricotina,Bunyaviricetes,Elliovirales,Peribunyaviridae,Orthobunyavirus,-ssRNA,11572,Orthobunyavirus
Sus scrofa domesticus,Riboviria,Orthornavirae,Negarnaviricota,Polyploviricotina,Bunyaviricetes,Elliovirales,Peribunyaviridae,Orthobunyavirus,-ssRNA,11572,Orthobunyavirus
Bubalus bubalis,Riboviria,Orthornavirae,Negarnaviricota,Polyploviricotina,Bunyaviricetes,Elliovirales,Peribunyaviridae,Orthobunyavirus,-ssRNA,11572,Orthobunyavirus
Culicoides brevitarsis,Riboviria,Orthornavirae,Negarnaviricota,Polyploviricotina,Bunyaviricetes,Elliovirales,Peribunyaviridae,Orthobunyavirus,-ssRNA,11572,Orthobunyavirus
Anopheles pseudopunctipennis,Riboviria,Orthornavirae,Negarnaviricota,Polyploviricotina,Bunyaviricetes,Elliovirales,Peribunyaviridae,Orthobunyavirus,-ssRNA,11572,Orthobunyavirus
Mansonia uniformis,Riboviria,Orthornavirae,Negarnaviricota,Polyploviricotina,Bunyaviricetes,Elliovirales,Peribunyaviridae,Orthobunyavirus,-ssRNA,11572,Orthobunyavirus
Acrocephalus scirpaceus,Riboviria,Orthornavirae,Negarnaviricota,Polyploviricotina,Bunyaviricetes,Elliovirales,Peribunyaviridae,Orthobunyavirus,-ssRNA,11572,Orthobunyavirus
Ochlerotatus fulvus,Riboviria,Orthornavirae,Negarnaviricota,Polyploviricotina,Bunyaviricetes,Elliovirales,Peribunyaviridae,Orthobunyavirus,-ssRNA,11572,Orthobunyavirus
Selachii,Riboviria,Orthornavirae,Negarnaviricota,Polyploviricotina,Bunyaviricetes,Elliovirales,Peribunyaviridae,Orthobunyavirus,-ssRNA,11572,Orthobunyavirus
Aedes cumminsii,Riboviria,Orthornavirae,Negarnaviricota,Polyploviricotina,Bunyaviricetes,Elliovirales,Peribunyaviridae,Orthobunyavirus,-ssRNA,11572,Orthobunyavirus
Aedes,Riboviria,Orthornavirae,Negarnaviricota,Polyploviricotina,Bunyaviricetes,Elliovirales,Peribunyaviridae,Orthobunyavirus,-ssRNA,11572,Orthobunyavirus
Gallus gallus,Riboviria,Orthornavirae,Negarnaviricota,Polyploviricotina,Bunyaviricetes,Elliovirales,Peribunyaviridae,Orthobunyavirus,-ssRNA,11572,Orthobunyavirus
Canis lupus familiaris,Riboviria,Orthornavirae,Negarnaviricota,Polyploviricotina,Bunyaviricetes,Elliovirales,Peribunyaviridae,Orthobunyavirus,-ssRNA,11572,Orthobunyavirus
Lepus americanus,Riboviria,Orthornavirae,Negarnaviricota,Polyploviricotina,Bunyaviricetes,Elliovirales,Peribunyaviridae,Orthobunyavirus,-ssRNA,11572,Orthobunyavirus
Culiseta,Riboviria,Orthornavirae,Negarnaviricota,Polyploviricotina,Bunyaviricetes,Elliovirales,Peribunyaviridae,Orthobunyavirus,-ssRNA,11572,Orthobunyavirus
Sabethini,Riboviria,Orthornavirae,Negarnaviricota,Polyploviricotina,Bunyaviricetes,Elliovirales,Peribunyaviridae,Orthobunyavirus,-ssRNA,11572,Orthobunyavirus
Culex pipiens,Riboviria,Orthornavirae,Negarnaviricota,Polyploviricotina,Bunyaviricetes,Elliovirales,Peribunyaviridae,Orthobunyavirus,-ssRNA,11572,Orthobunyavirus
Culex quinquefasciatus,Riboviria,Orthornavirae,Negarnaviricota,Polyploviricotina,Bunyaviricetes,Elliovirales,Peribunyaviridae,Orthobunyavirus,-ssRNA,11572,Orthobunyavirus
Anopheles,Riboviria,Orthornavirae,Negarnaviricota,Polyploviricotina,Bunyaviricetes,Elliovirales,Peribunyaviridae,Orthobunyavirus,-ssRNA,11572,Orthobunyavirus
Macaca nemestrina,Riboviria,Orthornavirae,Negarnaviricota,Polyploviricotina,Bunyaviricetes,Elliovirales,Peribunyaviridae,Orthobunyavirus,-ssRNA,11572,Orthobunyavirus
Anopheles crucians,Riboviria,Orthornavirae,Negarnaviricota,Polyploviricotina,Bunyaviricetes,Elliovirales,Peribunyaviridae,Orthobunyavirus,-ssRNA,11572,Orthobunyavirus
Ochlerotatus camptorhynchus,Riboviria,Orthornavirae,Negarnaviricota,Polyploviricotina,Bunyaviricetes,Elliovirales,Peribunyaviridae,Orthobunyavirus,-ssRNA,11572,Orthobunyavirus
Aves,Riboviria,Orthornavirae,Negarnaviricota,Polyploviricotina,Bunyaviricetes,Elliovirales,Peribunyaviridae,Orthobunyavirus,-ssRNA,11572,Orthobunyavirus
Trichoprosopon,Riboviria,Orthornavirae,Negarnaviricota,Polyploviricotina,Bunyaviricetes,Elliovirales,Peribunyaviridae,Orthobunyavirus,-ssRNA,11572,Orthobunyavirus
Ochlerotatus trivittatus,Riboviria,Orthornavirae,Negarnaviricota,Polyploviricotina,Bunyaviricetes,Elliovirales,Peribunyaviridae,Orthobunyavirus,-ssRNA,11572,Orthobunyavirus
Anas platyrhynchos,Riboviria,Orthornavirae,Negarnaviricota,Polyploviricotina,Bunyaviricetes,Elliovirales,Peribunyaviridae,Orthobunyavirus,-ssRNA,11572,Orthobunyavirus
Culex bitaeniorhynchus,Riboviria,Orthornavirae,Negarnaviricota,Polyploviricotina,Bunyaviricetes,Elliovirales,Peribunyaviridae,Orthobunyavirus,-ssRNA,11572,Orthobunyavirus
Culex rubinotus,Riboviria,Orthornavirae,Negarnaviricota,Polyploviricotina,Bunyaviricetes,Elliovirales,Peribunyaviridae,Orthobunyavirus,-ssRNA,11572,Orthobunyavirus
Eucampsipoda africana,Riboviria,Orthornavirae,Negarnaviricota,Polyploviricotina,Bunyaviricetes,Elliovirales,Peribunyaviridae,Orthobunyavirus,-ssRNA,11572,Orthobunyavirus
Mansonia africana,Riboviria,Orthornavirae,Negarnaviricota,Polyploviricotina,Bunyaviricetes,Elliovirales,Peribunyaviridae,Orthobunyavirus,-ssRNA,11572,Orthobunyavirus
Medicago sativa,Riboviria,Orthornavirae,Kitrinoviricota,Alsuviricetes,Tymovirales,Alphaflexiviridae,Allexivirus,,+ssRNA,140568,Allexivirus
Arachis pintoi,Riboviria,Orthornavirae,Kitrinoviricota,Alsuviricetes,Tymovirales,Alphaflexiviridae,Allexivirus,Allexivirus pintoi,+ssRNA,140568,Allexivirus
Rubus,Riboviria,Orthornavirae,Kitrinoviricota,Alsuviricetes,Tymovirales,Alphaflexiviridae,Allexivirus,Allexivirus epsilonrubi,+ssRNA,140568,Allexivirus
Allium sativum,Riboviria,Orthornavirae,Kitrinoviricota,Alsuviricetes,Tymovirales,Alphaflexiviridae,Allexivirus,Acarallexivirus,+ssRNA,140568,Allexivirus
Senna rizzinii,Riboviria,Orthornavirae,Kitrinoviricota,Alsuviricetes,Tymovirales,Alphaflexiviridae,Allexivirus,Allexivirus sennae,+ssRNA,140568,Allexivirus
Allium cepa var. aggregatum,Riboviria,Orthornavirae,Kitrinoviricota,Alsuviricetes,Tymovirales,Alphaflexiviridae,Allexivirus,Acarallexivirus,+ssRNA,140568,Allexivirus
Vanilla planifolia,Riboviria,Orthornavirae,Kitrinoviricota,Alsuviricetes,Tymovirales,Alphaflexiviridae,Allexivirus,Allexivirus latensvanillae,+ssRNA,140568,Allexivirus
Escherichia coli BL21(DE3),Duplodnaviria,Heunggongvirae,Uroviricota,Caudoviricetes,Caudoviricetes incertae sedis,Drexlerviridae,Tunavirinae,Tunavirus,dsDNA,187217,Tunavirus
Escherichia coli,Duplodnaviria,Heunggongvirae,Uroviricota,Caudoviricetes,Caudoviricetes incertae sedis,Drexlerviridae,Tunavirinae,Tunavirus,dsDNA,187217,Tunavirus
Escherichia coli 55989,Duplodnaviria,Heunggongvirae,Uroviricota,Caudoviricetes,Caudoviricetes incertae sedis,Drexlerviridae,Tunavirinae,Tunavirus,dsDNA,187217,Tunavirus
Escherichia coli BL21,Duplodnaviria,Heunggongvirae,Uroviricota,Caudoviricetes,Caudoviricetes incertae sedis,Drexlerviridae,Tunavirinae,Tunavirus,dsDNA,187217,Tunavirus
Escherichia,Duplodnaviria,Heunggongvirae,Uroviricota,Caudoviricetes,Caudoviricetes incertae sedis,Drexlerviridae,Tunavirinae,Tunavirus,dsDNA,187217,Tunavirus
Escherichia coli MC1061,Duplodnaviria,Heunggongvirae,Uroviricota,Caudoviricetes,Caudoviricetes incertae sedis,Drexlerviridae,Tunavirinae,Tunavirus,dsDNA,187217,Tunavirus
Escherichia sp.,Duplodnaviria,Heunggongvirae,Uroviricota,Caudoviricetes,Caudoviricetes incertae sedis,Drexlerviridae,Tunavirinae,Tunavirus,dsDNA,187217,Tunavirus
Escherichia coli BW25113,Duplodnaviria,Heunggongvirae,Uroviricota,Caudoviricetes,Caudoviricetes incertae sedis,Drexlerviridae,Tunavirinae,Tunavirus,dsDNA,187217,Tunavirus
Shigella flexneri 2a,Duplodnaviria,Heunggongvirae,Uroviricota,Caudoviricetes,Caudoviricetes incertae sedis,Drexlerviridae,Tunavirinae,Tunavirus,dsDNA,187217,Tunavirus
Shigella flexneri 2b,Duplodnaviria,Heunggongvirae,Uroviricota,Caudoviricetes,Caudoviricetes incertae sedis,Drexlerviridae,Tunavirinae,Tunavirus,dsDNA,187217,Tunavirus
Shigella flexneri,Duplodnaviria,Heunggongvirae,Uroviricota,Caudoviricetes,Caudoviricetes incertae sedis,Drexlerviridae,Tunavirinae,Tunavirus,dsDNA,187217,Tunavirus
Shigella sp.,Duplodnaviria,Heunggongvirae,Uroviricota,Caudoviricetes,Caudoviricetes incertae sedis,Drexlerviridae,Tunavirinae,Tunavirus,dsDNA,187217,Tunavirus
Shigella,Duplodnaviria,Heunggongvirae,Uroviricota,Caudoviricetes,Caudoviricetes incertae sedis,Drexlerviridae,Tunavirinae,Tunavirus,dsDNA,187217,Tunavirus
Shigella dysenteriae,Duplodnaviria,Heunggongvirae,Uroviricota,Caudoviricetes,Caudoviricetes incertae sedis,Drexlerviridae,Tunavirinae,Tunavirus,dsDNA,187217,Tunavirus
Shigella sonnei,Duplodnaviria,Heunggongvirae,Uroviricota,Caudoviricetes,Caudoviricetes incertae sedis,Drexlerviridae,Tunavirinae,Tunavirus,dsDNA,187217,Tunavirus
Equus caballus,Duplodnaviria,Heunggongvirae,Peploviricota,Herviviricetes,Herpesvirales,Orthoherpesviridae,Gammaherpesvirinae,Percavirus,dsDNA,548688,Percavirus
Phoca groenlandica,Duplodnaviria,Heunggongvirae,Peploviricota,Herviviricetes,Herpesvirales,Orthoherpesviridae,Gammaherpesvirinae,Percavirus,dsDNA,548688,Percavirus
Rhinolophus ferrumequinum,Duplodnaviria,Heunggongvirae,Peploviricota,Herviviricetes,Herpesvirales,Orthoherpesviridae,Gammaherpesvirinae,Percavirus,dsDNA,548688,Percavirus
Mycolicibacterium smegmatis MC2 155,Duplodnaviria,Heunggongvirae,Uroviricota,Caudoviricetes,Caudoviricetes incertae sedis,Bignuzvirus,Bignuzvirus bignuz,,dsDNA,1623277,Bignuzvirus
Mycolicibacterium smegmatis MC2 155,Duplodnaviria,Heunggongvirae,Uroviricota,Caudoviricetes,Caudoviricetes incertae sedis,Vilmaviridae,Lclasvirinae,Bronvirus,dsDNA,1623278,Bronvirus
root,Riboviria,Orthornavirae,Negarnaviricota,Polyploviricotina,Bunyaviricetes,Hareavirales,Arenaviridae,Mammarenavirus,-ssRNA,1653394,Mammarenavirus
Chlorocebus aethiops,Riboviria,Orthornavirae,Negarnaviricota,Polyploviricotina,Bunyaviricetes,Hareavirales,Arenaviridae,Mammarenavirus,-ssRNA,1653394,Mammarenavirus
Mus musculus,Riboviria,Orthornavirae,Negarnaviricota,Polyploviricotina,Bunyaviricetes,Hareavirales,Arenaviridae,Mammarenavirus,-ssRNA,1653394,Mammarenavirus
Oligoryzomys mattogrossae,Riboviria,Orthornavirae,Negarnaviricota,Polyploviricotina,Bunyaviricetes,Hareavirales,Arenaviridae,Mammarenavirus,-ssRNA,1653394,Mammarenavirus
Grammomys sp.,Riboviria,Orthornavirae,Negarnaviricota,Polyploviricotina,Bunyaviricetes,Hareavirales,Arenaviridae,Mammarenavirus,-ssRNA,1653394,Mammarenavirus
Micaelamys namaquensis,Riboviria,Orthornavirae,Negarnaviricota,Polyploviricotina,Bunyaviricetes,Hareavirales,Arenaviridae,Mammarenavirus,-ssRNA,1653394,Mammarenavirus
Mastomys natalensis,Riboviria,Orthornavirae,Negarnaviricota,Polyploviricotina,Bunyaviricetes,Hareavirales,Arenaviridae,Mammarenavirus,-ssRNA,1653394,Mammarenavirus
Grammomys macmillani,Riboviria,Orthornavirae,Negarnaviricota,Polyploviricotina,Bunyaviricetes,Hareavirales,Arenaviridae,Mammarenavirus,-ssRNA,1653394,Mammarenavirus
Mus triton,Riboviria,Orthornavirae,Negarnaviricota,Polyploviricotina,Bunyaviricetes,Hareavirales,Arenaviridae,Mammarenavirus,-ssRNA,1653394,Mammarenavirus
Apodemus chevrieri,Riboviria,Orthornavirae,Negarnaviricota,Polyploviricotina,Bunyaviricetes,Hareavirales,Arenaviridae,Mammarenavirus,-ssRNA,1653394,Mammarenavirus
Mus minutoides,Riboviria,Orthornavirae,Negarnaviricota,Polyploviricotina,Bunyaviricetes,Hareavirales,Arenaviridae,Mammarenavirus,-ssRNA,1653394,Mammarenavirus
Oecomys bicolor,Riboviria,Orthornavirae,Negarnaviricota,Polyploviricotina,Bunyaviricetes,Hareavirales,Arenaviridae,Mammarenavirus,-ssRNA,1653394,Mammarenavirus
Oecomys roberti,Riboviria,Orthornavirae,Negarnaviricota,Polyploviricotina,Bunyaviricetes,Hareavirales,Arenaviridae,Mammarenavirus,-ssRNA,1653394,Mammarenavirus
Peromyscus californicus,Riboviria,Orthornavirae,Negarnaviricota,Polyploviricotina,Bunyaviricetes,Hareavirales,Arenaviridae,Mammarenavirus,-ssRNA,1653394,Mammarenavirus
Homo sapiens,Riboviria,Orthornavirae,Negarnaviricota,Polyploviricotina,Bunyaviricetes,Hareavirales,Arenaviridae,Mammarenavirus,-ssRNA,1653394,Mammarenavirus
Mesocricetus auratus,Riboviria,Orthornavirae,Negarnaviricota,Polyploviricotina,Bunyaviricetes,Hareavirales,Arenaviridae,Mammarenavirus,-ssRNA,1653394,Mammarenavirus
Hylaeamys megacephalus,Riboviria,Orthornavirae,Negarnaviricota,Polyploviricotina,Bunyaviricetes,Hareavirales,Arenaviridae,Mammarenavirus,-ssRNA,1653394,Mammarenavirus
Oryzomys sp.,Riboviria,Orthornavirae,Negarnaviricota,Polyploviricotina,Bunyaviricetes,Hareavirales,Arenaviridae,Mammarenavirus,-ssRNA,1653394,Mammarenavirus
Zygodontomys brevicauda,Riboviria,Orthornavirae,Negarnaviricota,Polyploviricotina,Bunyaviricetes,Hareavirales,Arenaviridae,Mammarenavirus,-ssRNA,1653394,Mammarenavirus
Praomys,Riboviria,Orthornavirae,Negarnaviricota,Polyploviricotina,Bunyaviricetes,Hareavirales,Arenaviridae,Mammarenavirus,-ssRNA,1653394,Mammarenavirus
Akodon azarae,Riboviria,Orthornavirae,Negarnaviricota,Polyploviricotina,Bunyaviricetes,Hareavirales,Arenaviridae,Mammarenavirus,-ssRNA,1653394,Mammarenavirus
Calomys laucha,Riboviria,Orthornavirae,Negarnaviricota,Polyploviricotina,Bunyaviricetes,Hareavirales,Arenaviridae,Mammarenavirus,-ssRNA,1653394,Mammarenavirus
Calomys musculinus,Riboviria,Orthornavirae,Negarnaviricota,Polyploviricotina,Bunyaviricetes,Hareavirales,Arenaviridae,Mammarenavirus,-ssRNA,1653394,Mammarenavirus
Necromys,Riboviria,Orthornavirae,Negarnaviricota,Polyploviricotina,Bunyaviricetes,Hareavirales,Arenaviridae,Mammarenavirus,-ssRNA,1653394,Mammarenavirus
Rattus,Riboviria,Orthornavirae,Negarnaviricota,Polyploviricotina,Bunyaviricetes,Hareavirales,Arenaviridae,Mammarenavirus,-ssRNA,1653394,Mammarenavirus
Calomys callosus,Riboviria,Orthornavirae,Negarnaviricota,Polyploviricotina,Bunyaviricetes,Hareavirales,Arenaviridae,Mammarenavirus,-ssRNA,1653394,Mammarenavirus
Bandicota sp.,Riboviria,Orthornavirae,Negarnaviricota,Polyploviricotina,Bunyaviricetes,Hareavirales,Arenaviridae,Mammarenavirus,-ssRNA,1653394,Mammarenavirus
Otomys unisulcatus,Riboviria,Orthornavirae,Negarnaviricota,Polyploviricotina,Bunyaviricetes,Hareavirales,Arenaviridae,Mammarenavirus,-ssRNA,1653394,Mammarenavirus
Sigmodon alstoni,Riboviria,Orthornavirae,Negarnaviricota,Polyploviricotina,Bunyaviricetes,Hareavirales,Arenaviridae,Mammarenavirus,-ssRNA,1653394,Mammarenavirus
Mus caroli,Riboviria,Orthornavirae,Negarnaviricota,Polyploviricotina,Bunyaviricetes,Hareavirales,Arenaviridae,Mammarenavirus,-ssRNA,1653394,Mammarenavirus
Artibeus,Riboviria,Orthornavirae,Negarnaviricota,Polyploviricotina,Bunyaviricetes,Hareavirales,Arenaviridae,Mammarenavirus,-ssRNA,1653394,Mammarenavirus
Sigmodon hispidus,Riboviria,Orthornavirae,Negarnaviricota,Polyploviricotina,Bunyaviricetes,Hareavirales,Arenaviridae,Mammarenavirus,-ssRNA,1653394,Mammarenavirus
Rattus norvegicus,Riboviria,Orthornavirae,Negarnaviricota,Polyploviricotina,Bunyaviricetes,Hareavirales,Arenaviridae,Mammarenavirus,-ssRNA,1653394,Mammarenavirus
Neotoma albigula,Riboviria,Orthornavirae,Negarnaviricota,Polyploviricotina,Bunyaviricetes,Hareavirales,Arenaviridae,Mammarenavirus,-ssRNA,1653394,Mammarenavirus
Sooretamys angouya,Riboviria,Orthornavirae,Negarnaviricota,Polyploviricotina,Bunyaviricetes,Hareavirales,Arenaviridae,Mammarenavirus,-ssRNA,1653394,Mammarenavirus
Parana,Riboviria,Orthornavirae,Negarnaviricota,Polyploviricotina,Bunyaviricetes,Hareavirales,Arenaviridae,Mammarenavirus,-ssRNA,1653394,Mammarenavirus
Cavia cutleri,Riboviria,Orthornavirae,Negarnaviricota,Polyploviricotina,Bunyaviricetes,Hareavirales,Arenaviridae,Mammarenavirus,-ssRNA,1653394,Mammarenavirus
Nephelomys albigularis,Riboviria,Orthornavirae,Negarnaviricota,Polyploviricotina,Bunyaviricetes,Hareavirales,Arenaviridae,Mammarenavirus,-ssRNA,1653394,Mammarenavirus
Mesomys hispidus,Riboviria,Orthornavirae,Negarnaviricota,Polyploviricotina,Bunyaviricetes,Hareavirales,Arenaviridae,Mammarenavirus,-ssRNA,1653394,Mammarenavirus
Neacomys spinosus,Riboviria,Orthornavirae,Negarnaviricota,Polyploviricotina,Bunyaviricetes,Hareavirales,Arenaviridae,Mammarenavirus,-ssRNA,1653394,Mammarenavirus
Euryoryzomys macconnelli,Riboviria,Orthornavirae,Negarnaviricota,Polyploviricotina,Bunyaviricetes,Hareavirales,Arenaviridae,Mammarenavirus,-ssRNA,1653394,Mammarenavirus
Hylaeamys yunganus,Riboviria,Orthornavirae,Negarnaviricota,Polyploviricotina,Bunyaviricetes,Hareavirales,Arenaviridae,Mammarenavirus,-ssRNA,1653394,Mammarenavirus
Hylaeamys perenensis,Riboviria,Orthornavirae,Negarnaviricota,Polyploviricotina,Bunyaviricetes,Hareavirales,Arenaviridae,Mammarenavirus,-ssRNA,1653394,Mammarenavirus
Oecomys sp.,Riboviria,Orthornavirae,Negarnaviricota,Polyploviricotina,Bunyaviricetes,Hareavirales,Arenaviridae,Mammarenavirus,-ssRNA,1653394,Mammarenavirus
Pseudohydromys musseri,Riboviria,Orthornavirae,Negarnaviricota,Polyploviricotina,Bunyaviricetes,Hareavirales,Arenaviridae,Mammarenavirus,-ssRNA,1653394,Mammarenavirus
Staphylococcus,Duplodnaviria,Heunggongvirae,Uroviricota,Caudoviricetes,Caudoviricetes incertae sedis,Herelleviridae,Twortvirinae,Kayvirus,dsDNA,1857843,Kayvirus
Staphylococcus sp.,Duplodnaviria,Heunggongvirae,Uroviricota,Caudoviricetes,Caudoviricetes incertae sedis,Herelleviridae,Twortvirinae,Kayvirus,dsDNA,1857843,Kayvirus
Staphylococcus capitis,Duplodnaviria,Heunggongvirae,Uroviricota,Caudoviricetes,Caudoviricetes incertae sedis,Herelleviridae,Twortvirinae,Kayvirus,dsDNA,1857843,Kayvirus
Staphylococcus ureilyticus,Duplodnaviria,Heunggongvirae,Uroviricota,Caudoviricetes,Caudoviricetes incertae sedis,Herelleviridae,Twortvirinae,Kayvirus,dsDNA,1857843,Kayvirus
Proteus mirabilis,Duplodnaviria,Heunggongvirae,Uroviricota,Caudoviricetes,Pantevenvirales,Straboviridae,Tevenvirinae,Gelderlandvirus,dsDNA,1913653,Gelderlandvirus
Salmonella enterica subsp. enterica,Duplodnaviria,Heunggongvirae,Uroviricota,Caudoviricetes,Pantevenvirales,Straboviridae,Tevenvirinae,Gelderlandvirus,dsDNA,1913653,Gelderlandvirus
Salmonella enterica subsp. enterica serovar Newport,Duplodnaviria,Heunggongvirae,Uroviricota,Caudoviricetes,Pantevenvirales,Straboviridae,Tevenvirinae,Gelderlandvirus,dsDNA,1913653,Gelderlandvirus
Salmonella enterica subsp. enterica serovar Typhimurium,Duplodnaviria,Heunggongvirae,Uroviricota,Caudoviricetes,Pantevenvirales,Straboviridae,Tevenvirinae,Gelderlandvirus,dsDNA,1913653,Gelderlandvirus
Salmonella,Duplodnaviria,Heunggongvirae,Uroviricota,Caudoviricetes,Pantevenvirales,Straboviridae,Tevenvirinae,Gelderlandvirus,dsDNA,1913653,Gelderlandvirus
Salmonella enterica subsp. enterica serovar Infantis,Duplodnaviria,Heunggongvirae,Uroviricota,Caudoviricetes,Pantevenvirales,Straboviridae,Tevenvirinae,Gelderlandvirus,dsDNA,1913653,Gelderlandvirus
Escherichia coli BL21,Duplodnaviria,Heunggongvirae,Uroviricota,Caudoviricetes,Pantevenvirales,Straboviridae,Tevenvirinae,Dhakavirus,dsDNA,1914165,Dhakavirus
Escherichia coli BL21(DE3),Duplodnaviria,Heunggongvirae,Uroviricota,Caudoviricetes,Pantevenvirales,Straboviridae,Tevenvirinae,Dhakavirus,dsDNA,1914165,Dhakavirus
Escherichia sp.,Duplodnaviria,Heunggongvirae,Uroviricota,Caudoviricetes,Pantevenvirales,Straboviridae,Tevenvirinae,Dhakavirus,dsDNA,1914165,Dhakavirus
Escherichia coli O157,Duplodnaviria,Heunggongvirae,Uroviricota,Caudoviricetes,Pantevenvirales,Straboviridae,Tevenvirinae,Dhakavirus,dsDNA,1914165,Dhakavirus
Escherichia coli 55989,Duplodnaviria,Heunggongvirae,Uroviricota,Caudoviricetes,Pantevenvirales,Straboviridae,Tevenvirinae,Dhakavirus,dsDNA,1914165,Dhakavirus
Escherichia coli NC101,Duplodnaviria,Heunggongvirae,Uroviricota,Caudoviricetes,Pantevenvirales,Straboviridae,Tevenvirinae,Dhakavirus,dsDNA,1914165,Dhakavirus
Shigella dysenteriae,Duplodnaviria,Heunggongvirae,Uroviricota,Caudoviricetes,Pantevenvirales,Straboviridae,Tevenvirinae,Dhakavirus,dsDNA,1914165,Dhakavirus
Staphylococcus epidermidis,Duplodnaviria,Heunggongvirae,Uroviricota,Caudoviricetes,Caudoviricetes incertae sedis,Herelleviridae,Twortvirinae,Sepunavirus,dsDNA,1980928,Sepunavirus
Arthrobacter sp.,Duplodnaviria,Heunggongvirae,Uroviricota,Caudoviricetes,Caudoviricetes incertae sedis,Korravirus,unclassified Korravirus,,dsDNA,1982076,Korravirus
Arthrobacter sp.,Duplodnaviria,Heunggongvirae,Uroviricota,Caudoviricetes,Caudoviricetes incertae sedis,Korravirus,Korravirus hunterdalle,,dsDNA,1982076,Korravirus
Arthrobacter sp.,Duplodnaviria,Heunggongvirae,Uroviricota,Caudoviricetes,Caudoviricetes incertae sedis,Korravirus,Korravirus glenn,,dsDNA,1982076,Korravirus
Arthrobacter sp.,Duplodnaviria,Heunggongvirae,Uroviricota,Caudoviricetes,Caudoviricetes incertae sedis,Korravirus,Korravirus bennie,,dsDNA,1982076,Korravirus
[Arthrobacter] sp. ATCC 21022,Duplodnaviria,Heunggongvirae,Uroviricota,Caudoviricetes,Caudoviricetes incertae sedis,Korravirus,Korravirus bennie,,dsDNA,1982076,Korravirus
[Arthrobacter] sp. ATCC 21022,Duplodnaviria,Heunggongvirae,Uroviricota,Caudoviricetes,Caudoviricetes incertae sedis,Korravirus,Korravirus bigmack,,dsDNA,1982076,Korravirus
Arthrobacter sp.,Duplodnaviria,Heunggongvirae,Uroviricota,Caudoviricetes,Caudoviricetes incertae sedis,Korravirus,Korravirus drrobert,,dsDNA,1982076,Korravirus
Arthrobacter sp.,Duplodnaviria,Heunggongvirae,Uroviricota,Caudoviricetes,Caudoviricetes incertae sedis,Korravirus,Korravirus wayne,,dsDNA,1982076,Korravirus
[Arthrobacter] sp. ATCC 21022,Duplodnaviria,Heunggongvirae,Uroviricota,Caudoviricetes,Caudoviricetes incertae sedis,Korravirus,Korravirus wayne,,dsDNA,1982076,Korravirus
[Arthrobacter] sp. ATCC 21022,Duplodnaviria,Heunggongvirae,Uroviricota,Caudoviricetes,Caudoviricetes incertae sedis,Korravirus,Korravirus drrobert,,dsDNA,1982076,Korravirus
[Arthrobacter] sp. ATCC 21022,Duplodnaviria,Heunggongvirae,Uroviricota,Caudoviricetes,Caudoviricetes incertae sedis,Korravirus,Korravirus korra,,dsDNA,1982076,Korravirus
Arthrobacter sp.,Duplodnaviria,Heunggongvirae,Uroviricota,Caudoviricetes,Caudoviricetes incertae sedis,Korravirus,Korravirus gisselle,,dsDNA,1982076,Korravirus
[Arthrobacter] sp. ATCC 21022,Duplodnaviria,Heunggongvirae,Uroviricota,Caudoviricetes,Caudoviricetes incertae sedis,Korravirus,Korravirus gisselle,,dsDNA,1982076,Korravirus
[Arthrobacter] sp. ATCC 21022,Duplodnaviria,Heunggongvirae,Uroviricota,Caudoviricetes,Caudoviricetes incertae sedis,Korravirus,Korravirus glenn,,dsDNA,1982076,Korravirus
Arthrobacter sp.,Duplodnaviria,Heunggongvirae,Uroviricota,Caudoviricetes,Caudoviricetes incertae sedis,Korravirus,Korravirus greenhearts,,dsDNA,1982076,Korravirus
[Arthrobacter] sp. ATCC 21022,Duplodnaviria,Heunggongvirae,Uroviricota,Caudoviricetes,Caudoviricetes incertae sedis,Korravirus,Korravirus greenhearts,,dsDNA,1982076,Korravirus
[Arthrobacter] sp. ATCC 21022,Duplodnaviria,Heunggongvirae,Uroviricota,Caudoviricetes,Caudoviricetes incertae sedis,Korravirus,Korravirus greenhouse,,dsDNA,1982076,Korravirus
[Arthrobacter] sp. ATCC 21022,Duplodnaviria,Heunggongvirae,Uroviricota,Caudoviricetes,Caudoviricetes incertae sedis,Korravirus,Korravirus hunterdalle,,dsDNA,1982076,Korravirus
[Arthrobacter] sp. ATCC 21022,Duplodnaviria,Heunggongvirae,Uroviricota,Caudoviricetes,Caudoviricetes incertae sedis,Korravirus,Korravirus huntingdon,,dsDNA,1982076,Korravirus
[Arthrobacter] sp. ATCC 21022,Duplodnaviria,Heunggongvirae,Uroviricota,Caudoviricetes,Caudoviricetes incertae sedis,Korravirus,Korravirus joann,,dsDNA,1982076,Korravirus
Arthrobacter sp.,Duplodnaviria,Heunggongvirae,Uroviricota,Caudoviricetes,Caudoviricetes incertae sedis,Korravirus,Korravirus kittykat,,dsDNA,1982076,Korravirus
[Arthrobacter] sp. ATCC 21022,Duplodnaviria,Heunggongvirae,Uroviricota,Caudoviricetes,Caudoviricetes incertae sedis,Korravirus,Korravirus kittykat,,dsDNA,1982076,Korravirus
Arthrobacter sp.,Duplodnaviria,Heunggongvirae,Uroviricota,Caudoviricetes,Caudoviricetes incertae sedis,Korravirus,Korravirus korra,,dsDNA,1982076,Korravirus
Arthrobacter sp.,Duplodnaviria,Heunggongvirae,Uroviricota,Caudoviricetes,Caudoviricetes incertae sedis,Korravirus,Korravirus litotes,,dsDNA,1982076,Korravirus
[Arthrobacter] sp. ATCC 21022,Duplodnaviria,Heunggongvirae,Uroviricota,Caudoviricetes,Caudoviricetes incertae sedis,Korravirus,Korravirus litotes,,dsDNA,1982076,Korravirus
Arthrobacter sp.,Duplodnaviria,Heunggongvirae,Uroviricota,Caudoviricetes,Caudoviricetes incertae sedis,Korravirus,Korravirus mamapearl,,dsDNA,1982076,Korravirus
[Arthrobacter] sp. ATCC 21022,Duplodnaviria,Heunggongvirae,Uroviricota,Caudoviricetes,Caudoviricetes incertae sedis,Korravirus,Korravirus mamapearl,,dsDNA,1982076,Korravirus
[Arthrobacter] sp. ATCC 21022,Duplodnaviria,Heunggongvirae,Uroviricota,Caudoviricetes,Caudoviricetes incertae sedis,Korravirus,Korravirus nubia,,dsDNA,1982076,Korravirus
[Arthrobacter] sp. ATCC 21022,Duplodnaviria,Heunggongvirae,Uroviricota,Caudoviricetes,Caudoviricetes incertae sedis,Korravirus,Korravirus oxynfrius,,dsDNA,1982076,Korravirus
[Arthrobacter] sp. ATCC 21022,Duplodnaviria,Heunggongvirae,Uroviricota,Caudoviricetes,Caudoviricetes incertae sedis,Korravirus,Korravirus preamble,,dsDNA,1982076,Korravirus
[Arthrobacter] sp. ATCC 21022,Duplodnaviria,Heunggongvirae,Uroviricota,Caudoviricetes,Caudoviricetes incertae sedis,Korravirus,Korravirus pumancara,,dsDNA,1982076,Korravirus
[Arthrobacter] sp. ATCC 21022,Duplodnaviria,Heunggongvirae,Uroviricota,Caudoviricetes,Caudoviricetes incertae sedis,Korravirus,unclassified Korravirus,,dsDNA,1982076,Korravirus
Arthrobacter sp.,Duplodnaviria,Heunggongvirae,Uroviricota,Caudoviricetes,Caudoviricetes incertae sedis,Korravirus,Korravirus sergei,,dsDNA,1982076,Korravirus
[Arthrobacter] sp. ATCC 21022,Duplodnaviria,Heunggongvirae,Uroviricota,Caudoviricetes,Caudoviricetes incertae sedis,Korravirus,Korravirus sergei,,dsDNA,1982076,Korravirus
[Arthrobacter] sp. ATCC 21022,Duplodnaviria,Heunggongvirae,Uroviricota,Caudoviricetes,Caudoviricetes incertae sedis,Korravirus,Korravirus urla,,dsDNA,1982076,Korravirus
Arthrobacter sp.,Duplodnaviria,Heunggongvirae,Uroviricota,Caudoviricetes,Caudoviricetes incertae sedis,Korravirus,Korravirus wawa,,dsDNA,1982076,Korravirus
[Arthrobacter] sp. ATCC 21022,Duplodnaviria,Heunggongvirae,Uroviricota,Caudoviricetes,Caudoviricetes incertae sedis,Korravirus,Korravirus wawa,,dsDNA,1982076,Korravirus
Gordonia malaquae,Duplodnaviria,Heunggongvirae,Uroviricota,Caudoviricetes,Caudoviricetes incertae sedis,Gordtnkvirus,Gordtnkvirus gordtnk2,,dsDNA,1982218,Gordtnkvirus
Gordonia sp. G7,Duplodnaviria,Heunggongvirae,Uroviricota,Caudoviricetes,Caudoviricetes incertae sedis,Gordtnkvirus,Gordtnkvirus gordtnk2,,dsDNA,1982218,Gordtnkvirus
Gordonia sp. G1,Duplodnaviria,Heunggongvirae,Uroviricota,Caudoviricetes,Caudoviricetes incertae sedis,Gordtnkvirus,Gordtnkvirus gordtnk2,,dsDNA,1982218,Gordtnkvirus
Cutibacterium acnes,Duplodnaviria,Heunggongvirae,Uroviricota,Caudoviricetes,Caudoviricetes incertae sedis,Pahexavirus,unclassified Pahexavirus,,dsDNA,1982251,Pahexavirus
Cutibacterium acnes,Duplodnaviria,Heunggongvirae,Uroviricota,Caudoviricetes,Caudoviricetes incertae sedis,Pahexavirus,Pahexavirus ATCC29399BC,,dsDNA,1982251,Pahexavirus
Cutibacterium acnes subsp. acnes,Duplodnaviria,Heunggongvirae,Uroviricota,Caudoviricetes,Caudoviricetes incertae sedis,Pahexavirus,unclassified Pahexavirus,,dsDNA,1982251,Pahexavirus
Propionibacterium,Duplodnaviria,Heunggongvirae,Uroviricota,Caudoviricetes,Caudoviricetes incertae sedis,Pahexavirus,unclassified Pahexavirus,,dsDNA,1982251,Pahexavirus
Cutibacterium acnes,Duplodnaviria,Heunggongvirae,Uroviricota,Caudoviricetes,Caudoviricetes incertae sedis,Pahexavirus,Pahexavirus ATCC29399BT,,dsDNA,1982251,Pahexavirus
Cutibacterium acnes,Duplodnaviria,Heunggongvirae,Uroviricota,Caudoviricetes,Caudoviricetes incertae sedis,Pahexavirus,Pahexavirus attacne,,dsDNA,1982251,Pahexavirus
Cutibacterium acnes,Duplodnaviria,Heunggongvirae,Uroviricota,Caudoviricetes,Caudoviricetes incertae sedis,Pahexavirus,Pahexavirus keiki,,dsDNA,1982251,Pahexavirus
Cutibacterium acnes,Duplodnaviria,Heunggongvirae,Uroviricota,Caudoviricetes,Caudoviricetes incertae sedis,Pahexavirus,Pahexavirus kubed,,dsDNA,1982251,Pahexavirus
Cutibacterium acnes,Duplodnaviria,Heunggongvirae,Uroviricota,Caudoviricetes,Caudoviricetes incertae sedis,Pahexavirus,Pahexavirus lauchelly,,dsDNA,1982251,Pahexavirus
Cutibacterium acnes,Duplodnaviria,Heunggongvirae,Uroviricota,Caudoviricetes,Caudoviricetes incertae sedis,Pahexavirus,Pahexavirus mrAK,,dsDNA,1982251,Pahexavirus
Cutibacterium acnes,Duplodnaviria,Heunggongvirae,Uroviricota,Caudoviricetes,Caudoviricetes incertae sedis,Pahexavirus,Pahexavirus ouroboros,,dsDNA,1982251,Pahexavirus
Cutibacterium acnes,Duplodnaviria,Heunggongvirae,Uroviricota,Caudoviricetes,Caudoviricetes incertae sedis,Pahexavirus,Pahexavirus P11,,dsDNA,1982251,Pahexavirus
Cutibacterium acnes,Duplodnaviria,Heunggongvirae,Uroviricota,Caudoviricetes,Caudoviricetes incertae sedis,Pahexavirus,Pahexavirus P100D,,dsDNA,1982251,Pahexavirus
Cutibacterium acnes,Duplodnaviria,Heunggongvirae,Uroviricota,Caudoviricetes,Caudoviricetes incertae sedis,Pahexavirus,Pahexavirus P1001,,dsDNA,1982251,Pahexavirus
Cutibacterium acnes,Duplodnaviria,Heunggongvirae,Uroviricota,Caudoviricetes,Caudoviricetes incertae sedis,Pahexavirus,Pahexavirus P100A,,dsDNA,1982251,Pahexavirus
Cutibacterium acnes,Duplodnaviria,Heunggongvirae,Uroviricota,Caudoviricetes,Caudoviricetes incertae sedis,Pahexavirus,Pahexavirus P101A,,dsDNA,1982251,Pahexavirus
Cutibacterium acnes,Duplodnaviria,Heunggongvirae,Uroviricota,Caudoviricetes,Caudoviricetes incertae sedis,Pahexavirus,Pahexavirus P104A,,dsDNA,1982251,Pahexavirus
Cutibacterium acnes,Duplodnaviria,Heunggongvirae,Uroviricota,Caudoviricetes,Caudoviricetes incertae sedis,Pahexavirus,Pahexavirus P105,,dsDNA,1982251,Pahexavirus
Cutibacterium acnes,Duplodnaviria,Heunggongvirae,Uroviricota,Caudoviricetes,Caudoviricetes incertae sedis,Pahexavirus,Pahexavirus P144,,dsDNA,1982251,Pahexavirus
Cutibacterium acnes,Duplodnaviria,Heunggongvirae,Uroviricota,Caudoviricetes,Caudoviricetes incertae sedis,Pahexavirus,Pahexavirus P91,,dsDNA,1982251,Pahexavirus
Cutibacterium acnes,Duplodnaviria,Heunggongvirae,Uroviricota,Caudoviricetes,Caudoviricetes incertae sedis,Pahexavirus,Pahexavirus PA6,,dsDNA,1982251,Pahexavirus
Cutibacterium acnes,Duplodnaviria,Heunggongvirae,Uroviricota,Caudoviricetes,Caudoviricetes incertae sedis,Pahexavirus,Pahexavirus pacnes201215,,dsDNA,1982251,Pahexavirus
Cutibacterium acnes subsp. defendens ATCC 11828,Duplodnaviria,Heunggongvirae,Uroviricota,Caudoviricetes,Caudoviricetes incertae sedis,Pahexavirus,unclassified Pahexavirus,,dsDNA,1982251,Pahexavirus
Cutibacterium acnes subsp. defendens ATCC 11828,Duplodnaviria,Heunggongvirae,Uroviricota,Caudoviricetes,Caudoviricetes incertae sedis,Pahexavirus,Pahexavirus pacnes201215,,dsDNA,1982251,Pahexavirus
Cutibacterium acnes,Duplodnaviria,Heunggongvirae,Uroviricota,Caudoviricetes,Caudoviricetes incertae sedis,Pahexavirus,Pahexavirus PAD20,,dsDNA,1982251,Pahexavirus
Cutibacterium acnes,Duplodnaviria,Heunggongvirae,Uroviricota,Caudoviricetes,Caudoviricetes incertae sedis,Pahexavirus,Pahexavirus PAS50,,dsDNA,1982251,Pahexavirus
Cutibacterium acnes,Duplodnaviria,Heunggongvirae,Uroviricota,Caudoviricetes,Caudoviricetes incertae sedis,Pahexavirus,Pahexavirus PHL082M03,,dsDNA,1982251,Pahexavirus
Cutibacterium acnes,Duplodnaviria,Heunggongvirae,Uroviricota,Caudoviricetes,Caudoviricetes incertae sedis,Pahexavirus,Pahexavirus PHL009M11,,dsDNA,1982251,Pahexavirus
Cutibacterium acnes,Duplodnaviria,Heunggongvirae,Uroviricota,Caudoviricetes,Caudoviricetes incertae sedis,Pahexavirus,Pahexavirus PHL151N00,,dsDNA,1982251,Pahexavirus
Cutibacterium acnes,Duplodnaviria,Heunggongvirae,Uroviricota,Caudoviricetes,Caudoviricetes incertae sedis,Pahexavirus,Pahexavirus PHL025M00,,dsDNA,1982251,Pahexavirus
Cutibacterium acnes,Duplodnaviria,Heunggongvirae,Uroviricota,Caudoviricetes,Caudoviricetes incertae sedis,Pahexavirus,Pahexavirus PHL117M01,,dsDNA,1982251,Pahexavirus
Cutibacterium acnes,Duplodnaviria,Heunggongvirae,Uroviricota,Caudoviricetes,Caudoviricetes incertae sedis,Pahexavirus,Pahexavirus PHL037M02,,dsDNA,1982251,Pahexavirus
Cutibacterium acnes,Duplodnaviria,Heunggongvirae,Uroviricota,Caudoviricetes,Caudoviricetes incertae sedis,Pahexavirus,Pahexavirus PHL041M10,,dsDNA,1982251,Pahexavirus
Cutibacterium acnes,Duplodnaviria,Heunggongvirae,Uroviricota,Caudoviricetes,Caudoviricetes incertae sedis,Pahexavirus,Pahexavirus PHL117M00,,dsDNA,1982251,Pahexavirus
Cutibacterium acnes,Duplodnaviria,Heunggongvirae,Uroviricota,Caudoviricetes,Caudoviricetes incertae sedis,Pahexavirus,Pahexavirus PHL060L00,,dsDNA,1982251,Pahexavirus
Cutibacterium acnes,Duplodnaviria,Heunggongvirae,Uroviricota,Caudoviricetes,Caudoviricetes incertae sedis,Pahexavirus,Pahexavirus PHL067M01,,dsDNA,1982251,Pahexavirus
Cutibacterium acnes,Duplodnaviria,Heunggongvirae,Uroviricota,Caudoviricetes,Caudoviricetes incertae sedis,Pahexavirus,Pahexavirus PHL070N00,,dsDNA,1982251,Pahexavirus
Cutibacterium acnes,Duplodnaviria,Heunggongvirae,Uroviricota,Caudoviricetes,Caudoviricetes incertae sedis,Pahexavirus,Pahexavirus PHL071N05,,dsDNA,1982251,Pahexavirus
Cutibacterium acnes,Duplodnaviria,Heunggongvirae,Uroviricota,Caudoviricetes,Caudoviricetes incertae sedis,Pahexavirus,Pahexavirus PHL092M00,,dsDNA,1982251,Pahexavirus
Cutibacterium acnes,Duplodnaviria,Heunggongvirae,Uroviricota,Caudoviricetes,Caudoviricetes incertae sedis,Pahexavirus,Pahexavirus PHL095N00,,dsDNA,1982251,Pahexavirus
Cutibacterium acnes,Duplodnaviria,Heunggongvirae,Uroviricota,Caudoviricetes,Caudoviricetes incertae sedis,Pahexavirus,Pahexavirus PHL111M01,,dsDNA,1982251,Pahexavirus
Cutibacterium acnes,Duplodnaviria,Heunggongvirae,Uroviricota,Caudoviricetes,Caudoviricetes incertae sedis,Pahexavirus,Pahexavirus PHL112N00,,dsDNA,1982251,Pahexavirus
Cutibacterium acnes,Duplodnaviria,Heunggongvirae,Uroviricota,Caudoviricetes,Caudoviricetes incertae sedis,Pahexavirus,Pahexavirus PHL113M01,,dsDNA,1982251,Pahexavirus
Cutibacterium acnes,Duplodnaviria,Heunggongvirae,Uroviricota,Caudoviricetes,Caudoviricetes incertae sedis,Pahexavirus,Pahexavirus PHL114L00,,dsDNA,1982251,Pahexavirus
Cutibacterium acnes,Duplodnaviria,Heunggongvirae,Uroviricota,Caudoviricetes,Caudoviricetes incertae sedis,Pahexavirus,Pahexavirus PHL116M00,,dsDNA,1982251,Pahexavirus
Cutibacterium acnes,Duplodnaviria,Heunggongvirae,Uroviricota,Caudoviricetes,Caudoviricetes incertae sedis,Pahexavirus,Pahexavirus PHL132N00,,dsDNA,1982251,Pahexavirus
Cutibacterium acnes,Duplodnaviria,Heunggongvirae,Uroviricota,Caudoviricetes,Caudoviricetes incertae sedis,Pahexavirus,Pahexavirus PHL141N00,,dsDNA,1982251,Pahexavirus
Cutibacterium acnes,Duplodnaviria,Heunggongvirae,Uroviricota,Caudoviricetes,Caudoviricetes incertae sedis,Pahexavirus,Pahexavirus PHL308M00,,dsDNA,1982251,Pahexavirus
Cutibacterium acnes,Duplodnaviria,Heunggongvirae,Uroviricota,Caudoviricetes,Caudoviricetes incertae sedis,Pahexavirus,Pahexavirus PHL151M00,,dsDNA,1982251,Pahexavirus
Cutibacterium acnes,Duplodnaviria,Heunggongvirae,Uroviricota,Caudoviricetes,Caudoviricetes incertae sedis,Pahexavirus,Pahexavirus PHL152M00,,dsDNA,1982251,Pahexavirus
Cutibacterium acnes,Duplodnaviria,Heunggongvirae,Uroviricota,Caudoviricetes,Caudoviricetes incertae sedis,Pahexavirus,Pahexavirus PHL163M00,,dsDNA,1982251,Pahexavirus
Cutibacterium acnes,Duplodnaviria,Heunggongvirae,Uroviricota,Caudoviricetes,Caudoviricetes incertae sedis,Pahexavirus,Pahexavirus PHL171M01,,dsDNA,1982251,Pahexavirus
Cutibacterium acnes,Duplodnaviria,Heunggongvirae,Uroviricota,Caudoviricetes,Caudoviricetes incertae sedis,Pahexavirus,Pahexavirus PHL179M00,,dsDNA,1982251,Pahexavirus
Cutibacterium acnes,Duplodnaviria,Heunggongvirae,Uroviricota,Caudoviricetes,Caudoviricetes incertae sedis,Pahexavirus,Pahexavirus PHL194M00,,dsDNA,1982251,Pahexavirus
Cutibacterium acnes,Duplodnaviria,Heunggongvirae,Uroviricota,Caudoviricetes,Caudoviricetes incertae sedis,Pahexavirus,Pahexavirus PHL199M00,,dsDNA,1982251,Pahexavirus
Cutibacterium acnes,Duplodnaviria,Heunggongvirae,Uroviricota,Caudoviricetes,Caudoviricetes incertae sedis,Pahexavirus,Pahexavirus PHL301M00,,dsDNA,1982251,Pahexavirus
Cutibacterium acnes,Duplodnaviria,Heunggongvirae,Uroviricota,Caudoviricetes,Caudoviricetes incertae sedis,Pahexavirus,Pahexavirus pirate,,dsDNA,1982251,Pahexavirus
Cutibacterium acnes,Duplodnaviria,Heunggongvirae,Uroviricota,Caudoviricetes,Caudoviricetes incertae sedis,Pahexavirus,Pahexavirus procrass1,,dsDNA,1982251,Pahexavirus
Cutibacterium acnes,Duplodnaviria,Heunggongvirae,Uroviricota,Caudoviricetes,Caudoviricetes incertae sedis,Pahexavirus,Pahexavirus SKKY,,dsDNA,1982251,Pahexavirus
Cutibacterium acnes,Duplodnaviria,Heunggongvirae,Uroviricota,Caudoviricetes,Caudoviricetes incertae sedis,Pahexavirus,Pahexavirus solid,,dsDNA,1982251,Pahexavirus
Cutibacterium acnes,Duplodnaviria,Heunggongvirae,Uroviricota,Caudoviricetes,Caudoviricetes incertae sedis,Pahexavirus,Pahexavirus stormborn,,dsDNA,1982251,Pahexavirus
Cutibacterium acnes,Duplodnaviria,Heunggongvirae,Uroviricota,Caudoviricetes,Caudoviricetes incertae sedis,Pahexavirus,Pahexavirus wizzo,,dsDNA,1982251,Pahexavirus
Mycolicibacterium smegmatis MC2 155,Duplodnaviria,Heunggongvirae,Uroviricota,Caudoviricetes,Caudoviricetes incertae sedis,Fishburnevirus,Fishburnevirus arib1,,dsDNA,1983734,Fishburnevirus
Mycolicibacterium smegmatis MC2 155,Duplodnaviria,Heunggongvirae,Uroviricota,Caudoviricetes,Caudoviricetes incertae sedis,Fishburnevirus,Fishburnevirus atcoo,,dsDNA,1983734,Fishburnevirus
Mycolicibacterium smegmatis MC2 155,Duplodnaviria,Heunggongvirae,Uroviricota,Caudoviricetes,Caudoviricetes incertae sedis,Fishburnevirus,Fishburnevirus bartholomew,,dsDNA,1983734,Fishburnevirus
Mycolicibacterium smegmatis MC2 155,Duplodnaviria,Heunggongvirae,Uroviricota,Caudoviricetes,Caudoviricetes incertae sedis,Fishburnevirus,unclassified Fishburnevirus,,dsDNA,1983734,Fishburnevirus
Mycolicibacterium smegmatis MC2 155,Duplodnaviria,Heunggongvirae,Uroviricota,Caudoviricetes,Caudoviricetes incertae sedis,Fishburnevirus,Fishburnevirus brusacoram,,dsDNA,1983734,Fishburnevirus
Mycobacterium,Duplodnaviria,Heunggongvirae,Uroviricota,Caudoviricetes,Caudoviricetes incertae sedis,Fishburnevirus,unclassified Fishburnevirus,,dsDNA,1983734,Fishburnevirus
Mycolicibacterium smegmatis MC2 155,Duplodnaviria,Heunggongvirae,Uroviricota,Caudoviricetes,Caudoviricetes incertae sedis,Fishburnevirus,Fishburnevirus malithi,,dsDNA,1983734,Fishburnevirus
Mycolicibacterium smegmatis MC2 155,Duplodnaviria,Heunggongvirae,Uroviricota,Caudoviricetes,Caudoviricetes incertae sedis,Fishburnevirus,Fishburnevirus donovan,,dsDNA,1983734,Fishburnevirus
Mycobacterium,Duplodnaviria,Heunggongvirae,Uroviricota,Caudoviricetes,Caudoviricetes incertae sedis,Fishburnevirus,Fishburnevirus firstplacepfu,,dsDNA,1983734,Fishburnevirus
Mycolicibacterium smegmatis MC2 155,Duplodnaviria,Heunggongvirae,Uroviricota,Caudoviricetes,Caudoviricetes incertae sedis,Fishburnevirus,Fishburnevirus fishburne,,dsDNA,1983734,Fishburnevirus
Mycolicibacterium smegmatis MC2 155,Duplodnaviria,Heunggongvirae,Uroviricota,Caudoviricetes,Caudoviricetes incertae sedis,Fishburnevirus,Fishburnevirus greaselightnin,,dsDNA,1983734,Fishburnevirus
Mycolicibacterium smegmatis MC2 155,Duplodnaviria,Heunggongvirae,Uroviricota,Caudoviricetes,Caudoviricetes incertae sedis,Fishburnevirus,Fishburnevirus jebeks,,dsDNA,1983734,Fishburnevirus
Mycobacterium,Duplodnaviria,Heunggongvirae,Uroviricota,Caudoviricetes,Caudoviricetes incertae sedis,Fishburnevirus,Fishburnevirus jung,,dsDNA,1983734,Fishburnevirus
Mycolicibacterium smegmatis MC2 155,Duplodnaviria,Heunggongvirae,Uroviricota,Caudoviricetes,Caudoviricetes incertae sedis,Fishburnevirus,Fishburnevirus jung,,dsDNA,1983734,Fishburnevirus
Mycolicibacterium smegmatis,Duplodnaviria,Heunggongvirae,Uroviricota,Caudoviricetes,Caudoviricetes incertae sedis,Fishburnevirus,unclassified Fishburnevirus,,dsDNA,1983734,Fishburnevirus
Mycolicibacterium smegmatis MC2 155,Duplodnaviria,Heunggongvirae,Uroviricota,Caudoviricetes,Caudoviricetes incertae sedis,Fishburnevirus,Fishburnevirus kilkor,,dsDNA,1983734,Fishburnevirus
Mycolicibacterium smegmatis MC2 155,Duplodnaviria,Heunggongvirae,Uroviricota,Caudoviricetes,Caudoviricetes incertae sedis,Fishburnevirus,Fishburnevirus ksquared,,dsDNA,1983734,Fishburnevirus
Mycolicibacterium smegmatis MC2 155,Duplodnaviria,Heunggongvirae,Uroviricota,Caudoviricetes,Caudoviricetes incertae sedis,Fishburnevirus,Fishburnevirus majeke,,dsDNA,1983734,Fishburnevirus
Mycobacterium sp.,Duplodnaviria,Heunggongvirae,Uroviricota,Caudoviricetes,Caudoviricetes incertae sedis,Fishburnevirus,unclassified Fishburnevirus,,dsDNA,1983734,Fishburnevirus
Mycolicibacterium smegmatis MC2 155,Duplodnaviria,Heunggongvirae,Uroviricota,Caudoviricetes,Caudoviricetes incertae sedis,Fishburnevirus,Fishburnevirus shipwreck,,dsDNA,1983734,Fishburnevirus
Mycolicibacterium smegmatis MC2 155,Duplodnaviria,Heunggongvirae,Uroviricota,Caudoviricetes,Caudoviricetes incertae sedis,Fishburnevirus,Fishburnevirus willsammy,,dsDNA,1983734,Fishburnevirus
Citrobacter freundii,Duplodnaviria,Heunggongvirae,Uroviricota,Caudoviricetes,Pantevenvirales,Straboviridae,Tevenvirinae,Moonvirus,dsDNA,1985329,Moonvirus
Salmonella enterica subsp. enterica serovar Paratyphi A,Duplodnaviria,Heunggongvirae,Uroviricota,Caudoviricetes,Pantevenvirales,Straboviridae,Tevenvirinae,Moonvirus,dsDNA,1985329,Moonvirus
Gordonia terrae,Duplodnaviria,Heunggongvirae,Uroviricota,Caudoviricetes,Caudoviricetes incertae sedis,Bantamvirus,Bantamvirus bantam,,dsDNA,2560096,Bantamvirus
Gordonia terrae,Duplodnaviria,Heunggongvirae,Uroviricota,Caudoviricetes,Caudoviricetes incertae sedis,Bantamvirus,unclassified Bantamvirus,,dsDNA,2560096,Bantamvirus
Enterococcus faecalis,Duplodnaviria,Heunggongvirae,Uroviricota,Caudoviricetes,Caudoviricetes incertae sedis,Efquatrovirus,unclassified Efquatrovirus,,dsDNA,2560124,Efquatrovirus
Enterococcus faecalis ATCC 29212,Duplodnaviria,Heunggongvirae,Uroviricota,Caudoviricetes,Caudoviricetes incertae sedis,Efquatrovirus,unclassified Efquatrovirus,,dsDNA,2560124,Efquatrovirus
Enterococcus faecalis,Duplodnaviria,Heunggongvirae,Uroviricota,Caudoviricetes,Caudoviricetes incertae sedis,Efquatrovirus,Efquatrovirus AUEF3,,dsDNA,2560124,Efquatrovirus
Enterococcus faecium,Duplodnaviria,Heunggongvirae,Uroviricota,Caudoviricetes,Caudoviricetes incertae sedis,Efquatrovirus,Efquatrovirus EcZZ2,,dsDNA,2560124,Efquatrovirus
Enterococcus faecalis,Duplodnaviria,Heunggongvirae,Uroviricota,Caudoviricetes,Caudoviricetes incertae sedis,Efquatrovirus,Efquatrovirus EfaCPT1,,dsDNA,2560124,Efquatrovirus
Enterococcus faecalis,Duplodnaviria,Heunggongvirae,Uroviricota,Caudoviricetes,Caudoviricetes incertae sedis,Efquatrovirus,Efquatrovirus LY0322,,dsDNA,2560124,Efquatrovirus
Enterococcus sp.,Duplodnaviria,Heunggongvirae,Uroviricota,Caudoviricetes,Caudoviricetes incertae sedis,Efquatrovirus,Efquatrovirus EF4,,dsDNA,2560124,Efquatrovirus
Enterococcus faecalis,Duplodnaviria,Heunggongvirae,Uroviricota,Caudoviricetes,Caudoviricetes incertae sedis,Efquatrovirus,Efquatrovirus EF3,,dsDNA,2560124,Efquatrovirus
Enterococcus faecalis,Duplodnaviria,Heunggongvirae,Uroviricota,Caudoviricetes,Caudoviricetes incertae sedis,Efquatrovirus,Efquatrovirus SHEF2,,dsDNA,2560124,Efquatrovirus
Enterococcus faecalis,Duplodnaviria,Heunggongvirae,Uroviricota,Caudoviricetes,Caudoviricetes incertae sedis,Efquatrovirus,Efquatrovirus SHEF4,,dsDNA,2560124,Efquatrovirus
Enterococcus faecalis,Duplodnaviria,Heunggongvirae,Uroviricota,Caudoviricetes,Caudoviricetes incertae sedis,Efquatrovirus,Efquatrovirus SHEF5,,dsDNA,2560124,Efquatrovirus
Enterococcus faecalis,Duplodnaviria,Heunggongvirae,Uroviricota,Caudoviricetes,Caudoviricetes incertae sedis,Efquatrovirus,Efquatrovirus PMBT2,,dsDNA,2560124,Efquatrovirus
Enterococcus faecalis ATCC 19433 = NBRC 100480,Duplodnaviria,Heunggongvirae,Uroviricota,Caudoviricetes,Caudoviricetes incertae sedis,Efquatrovirus,unclassified Efquatrovirus,,dsDNA,2560124,Efquatrovirus
Enterococcus faecalis ATCC 19433 = NBRC 100480,Duplodnaviria,Heunggongvirae,Uroviricota,Caudoviricetes,Caudoviricetes incertae sedis,Efquatrovirus,Efquatrovirus SANTOR1,,dsDNA,2560124,Efquatrovirus
Enterococcus sp.,Duplodnaviria,Heunggongvirae,Uroviricota,Caudoviricetes,Caudoviricetes incertae sedis,Efquatrovirus,unclassified Efquatrovirus,,dsDNA,2560124,Efquatrovirus
Enterococcus,Duplodnaviria,Heunggongvirae,Uroviricota,Caudoviricetes,Caudoviricetes incertae sedis,Efquatrovirus,unclassified Efquatrovirus,,dsDNA,2560124,Efquatrovirus
Enterococcus faecalis,Duplodnaviria,Heunggongvirae,Uroviricota,Caudoviricetes,Caudoviricetes incertae sedis,Efquatrovirus,Efquatrovirus AL2,,dsDNA,2560124,Efquatrovirus
Enterococcus faecalis,Duplodnaviria,Heunggongvirae,Uroviricota,Caudoviricetes,Caudoviricetes incertae sedis,Efquatrovirus,Efquatrovirus AL3,,dsDNA,2560124,Efquatrovirus
Enterococcus faecalis,Duplodnaviria,Heunggongvirae,Uroviricota,Caudoviricetes,Caudoviricetes incertae sedis,Efquatrovirus,Efquatrovirus IME196,,dsDNA,2560124,Efquatrovirus
Enterococcus faecium,Duplodnaviria,Heunggongvirae,Uroviricota,Caudoviricetes,Caudoviricetes incertae sedis,Efquatrovirus,unclassified Efquatrovirus,,dsDNA,2560124,Efquatrovirus
Enterococcus faecalis ATCC 29212,Duplodnaviria,Heunggongvirae,Uroviricota,Caudoviricetes,Caudoviricetes incertae sedis,Efquatrovirus,Efquatrovirus SHEF2,,dsDNA,2560124,Efquatrovirus
Microbacterium foliorum,Duplodnaviria,Heunggongvirae,Uroviricota,Caudoviricetes,Caudoviricetes incertae sedis,Elerivirus,Elerivirus eleri,,dsDNA,2560126,Elerivirus
Microbacterium foliorum,Duplodnaviria,Heunggongvirae,Uroviricota,Caudoviricetes,Caudoviricetes incertae sedis,Elerivirus,unclassified Elerivirus,,dsDNA,2560126,Elerivirus
Rhodococcus erythropolis,Duplodnaviria,Heunggongvirae,Uroviricota,Caudoviricetes,Caudoviricetes incertae sedis,Trinavirus,unclassified Trinavirus,,dsDNA,2560242,Trinavirus
Rhodococcus erythropolis,Duplodnaviria,Heunggongvirae,Uroviricota,Caudoviricetes,Caudoviricetes incertae sedis,Trinavirus,Trinavirus trina,,dsDNA,2560242,Trinavirus
Gordonia terrae,Duplodnaviria,Heunggongvirae,Uroviricota,Caudoviricetes,Caudoviricetes incertae sedis,Stackebrandtviridae,Schenleyvirinae,Vividuovirus,dsDNA,2560251,Vividuovirus
Escherichia coli,Duplodnaviria,Heunggongvirae,Uroviricota,Caudoviricetes,Pantevenvirales,Ackermannviridae,Taipeivirus,Taipeivirus KWBSE436,dsDNA,2731621,Taipeivirus
Klebsiella,Duplodnaviria,Heunggongvirae,Uroviricota,Caudoviricetes,Pantevenvirales,Ackermannviridae,Taipeivirus,Taipeivirus 0507KN21,dsDNA,2731621,Taipeivirus
Klebsiella pneumoniae,Duplodnaviria,Heunggongvirae,Uroviricota,Caudoviricetes,Pantevenvirales,Ackermannviridae,Taipeivirus,Taipeivirus 0507KN21,dsDNA,2731621,Taipeivirus
Klebsiella pneumoniae 30684/NJST258_2,Duplodnaviria,Heunggongvirae,Uroviricota,Caudoviricetes,Pantevenvirales,Ackermannviridae,Taipeivirus,unclassified Taipeivirus,dsDNA,2731621,Taipeivirus
Serratia rubidaea,Duplodnaviria,Heunggongvirae,Uroviricota,Caudoviricetes,Pantevenvirales,Ackermannviridae,Taipeivirus,Taipeivirus IME250,dsDNA,2731621,Taipeivirus
Ralstonia solanacearum,Duplodnaviria,Heunggongvirae,Uroviricota,Caudoviricetes,Autographivirales,Autoscriptoviridae,Jiaoyazivirus,Jiaoyazivirus RSB3,dsDNA,2731945,Jiaoyazivirus
Cronobacter turicensis,Duplodnaviria,Heunggongvirae,Uroviricota,Caudoviricetes,Autographivirales,Autonotataviridae,Melnykvirinae,Cronosvirus,dsDNA,2732913,Cronosvirus
Cronobacter malonaticus,Duplodnaviria,Heunggongvirae,Uroviricota,Caudoviricetes,Autographivirales,Autonotataviridae,Melnykvirinae,Cronosvirus,dsDNA,2732913,Cronosvirus
Cronobacter dublinensis subsp. dublinensis LMG 23823,Duplodnaviria,Heunggongvirae,Uroviricota,Caudoviricetes,Autographivirales,Autonotataviridae,Melnykvirinae,Cronosvirus,dsDNA,2732913,Cronosvirus
Cronobacter muytjensii ATCC 51329,Duplodnaviria,Heunggongvirae,Uroviricota,Caudoviricetes,Autographivirales,Autonotataviridae,Melnykvirinae,Cronosvirus,dsDNA,2732913,Cronosvirus
Cronobacter condimenti,Duplodnaviria,Heunggongvirae,Uroviricota,Caudoviricetes,Autographivirales,Autonotataviridae,Melnykvirinae,Cronosvirus,dsDNA,2732913,Cronosvirus
Cronobacter sakazakii,Duplodnaviria,Heunggongvirae,Uroviricota,Caudoviricetes,Autographivirales,Autonotataviridae,Melnykvirinae,Cronosvirus,dsDNA,2732913,Cronosvirus
Kosakonia cowanii,Duplodnaviria,Heunggongvirae,Uroviricota,Caudoviricetes,Autographivirales,Autonotataviridae,Melnykvirinae,Cronosvirus,dsDNA,2732913,Cronosvirus
Yersinia enterocolitica (type O:3),Duplodnaviria,Heunggongvirae,Uroviricota,Caudoviricetes,Autographivirales,Autonotataviridae,Melnykvirinae,Pienvirus,dsDNA,2732915,Pienvirus
Shewanella putrefaciens,Duplodnaviria,Heunggongvirae,Uroviricota,Caudoviricetes,Caudoviricetes incertae sedis,Chaseviridae,Nefertitivirinae,Yushanvirus,dsDNA,2732965,Yushanvirus
Parasynechococcus marenigrum WH 8102,Duplodnaviria,Heunggongvirae,Uroviricota,Caudoviricetes,Caudoviricetes incertae sedis,Aurunvirus,Aurunvirus STIM5,,dsDNA,2733093,Aurunvirus
Parasynechococcus marenigrum WH 8102,Duplodnaviria,Heunggongvirae,Uroviricota,Caudoviricetes,Caudoviricetes incertae sedis,Aurunvirus,unclassified Aurunvirus,,dsDNA,2733093,Aurunvirus
Synechococcus sp. CC9605,Duplodnaviria,Heunggongvirae,Uroviricota,Caudoviricetes,Caudoviricetes incertae sedis,Aurunvirus,unclassified Aurunvirus,,dsDNA,2733093,Aurunvirus
Faecalibacterium prausnitzii,Duplodnaviria,Heunggongvirae,Uroviricota,Caudoviricetes,Caudoviricetes incertae sedis,Eponavirus,Eponavirus epona,,dsDNA,2733103,Eponavirus
Agrobacterium tumefaciens,Duplodnaviria,Heunggongvirae,Uroviricota,Caudoviricetes,Caudoviricetes incertae sedis,Schmittlotzvirus,Schmittlotzvirus sv771,,dsDNA,2733132,Schmittlotzvirus
Agrobacterium tumefaciens,Duplodnaviria,Heunggongvirae,Uroviricota,Caudoviricetes,Caudoviricetes incertae sedis,Schmittlotzvirus,unclassified Schmittlotzvirus,,dsDNA,2733132,Schmittlotzvirus
Agrobacterium sp. ST15.13/040,Duplodnaviria,Heunggongvirae,Uroviricota,Caudoviricetes,Caudoviricetes incertae sedis,Schmittlotzvirus,unclassified Schmittlotzvirus,,dsDNA,2733132,Schmittlotzvirus
Faecalibacterium prausnitzii,Duplodnaviria,Heunggongvirae,Uroviricota,Caudoviricetes,Caudoviricetes incertae sedis,Taranisvirus,Taranisvirus taranis,,dsDNA,2733134,Taranisvirus
Escherichia coli,Duplodnaviria,Heunggongvirae,Uroviricota,Caudoviricetes,Caudoviricetes incertae sedis,Lindbergviridae,Wifcevirus,Wifcevirus AV128,dsDNA,2733141,Wifcevirus
Escherichia coli O157:H7,Duplodnaviria,Heunggongvirae,Uroviricota,Caudoviricetes,Caudoviricetes incertae sedis,Lindbergviridae,Wifcevirus,Wifcevirus ECML117,dsDNA,2733141,Wifcevirus
Shigella flexneri,Duplodnaviria,Heunggongvirae,Uroviricota,Caudoviricetes,Caudoviricetes incertae sedis,Lindbergviridae,Wifcevirus,Wifcevirus ECO71P1,dsDNA,2733141,Wifcevirus
Escherichia sp.,Duplodnaviria,Heunggongvirae,Uroviricota,Caudoviricetes,Caudoviricetes incertae sedis,Lindbergviridae,Wifcevirus,unclassified Wifcevirus,dsDNA,2733141,Wifcevirus
Escherichia coli K-12,Duplodnaviria,Heunggongvirae,Uroviricota,Caudoviricetes,Caudoviricetes incertae sedis,Lindbergviridae,Wifcevirus,,dsDNA,2733141,Wifcevirus
Escherichia coli str. K-12 substr. MG1655,Duplodnaviria,Heunggongvirae,Uroviricota,Caudoviricetes,Caudoviricetes incertae sedis,Sortsnevirus,Sortsnevirus IME279,,dsDNA,2733150,Sortsnevirus
Escherichia coli str. K-12 substr. MG1655,Duplodnaviria,Heunggongvirae,Uroviricota,Caudoviricetes,Caudoviricetes incertae sedis,Sortsnevirus,Sortsnevirus sortsne,,dsDNA,2733150,Sortsnevirus
Klebsiella pneumoniae,Duplodnaviria,Heunggongvirae,Uroviricota,Caudoviricetes,Caudoviricetes incertae sedis,Sortsnevirus,Sortsnevirus IME279,,dsDNA,2733150,Sortsnevirus
Faecalibacterium prausnitzii,Duplodnaviria,Heunggongvirae,Uroviricota,Caudoviricetes,Caudoviricetes incertae sedis,Lughvirus,Lughvirus lugh,,dsDNA,2733190,Lughvirus
Priestia megaterium DSM 319,Duplodnaviria,Heunggongvirae,Uroviricota,Caudoviricetes,Caudoviricetes incertae sedis,Herelleviridae,Bastillevirinae,Goettingenvirus,dsDNA,2842707,Goettingenvirus
Edwardsiella ictaluri,Duplodnaviria,Heunggongvirae,Uroviricota,Caudoviricetes,Pantevenvirales,Straboviridae,Tevenvirinae,Kanagawavirus,dsDNA,2843399,Kanagawavirus
Kosakonia cowanii,Duplodnaviria,Heunggongvirae,Uroviricota,Caudoviricetes,Pantevenvirales,Straboviridae,Tevenvirinae,Kanagawavirus,dsDNA,2843399,Kanagawavirus
Lactococcus garvieae,Duplodnaviria,Heunggongvirae,Uroviricota,Caudoviricetes,Caudoviricetes incertae sedis,Uwajimavirus,unclassified Uwajimavirus,,dsDNA,2843469,Uwajimavirus
Lactococcus garvieae,Duplodnaviria,Heunggongvirae,Uroviricota,Caudoviricetes,Caudoviricetes incertae sedis,Uwajimavirus,Uwajimavirus PLgW1,,dsDNA,2843469,Uwajimavirus
Salmonella sp.,Duplodnaviria,Heunggongvirae,Uroviricota,Caudoviricetes,Caudoviricetes incertae sedis,Casjensviridae,Zhonglingvirus,Zhonglingvirus SAP012,dsDNA,2943020,Zhonglingvirus
Xanthomonas citri,Duplodnaviria,Heunggongvirae,Uroviricota,Caudoviricetes,Caudoviricetes incertae sedis,Casjensviridae,Zhonglingvirus,unclassified Zhonglingvirus,dsDNA,2943020,Zhonglingvirus
Salmonella enterica subsp. enterica,Duplodnaviria,Heunggongvirae,Uroviricota,Caudoviricetes,Caudoviricetes incertae sedis,Akiravirus,Akiravirus akira,,dsDNA,2946787,Akiravirus
Entamoeba,Monodnaviria,Shotokuvirae,Cressdnaviricota,Arfiviricetes,Rohanvirales,Nenyaviridae,Angainorvirus,Angainorvirus turin,,2946799,Angainorvirus
Mycolicibacterium smegmatis MC2 155,Duplodnaviria,Heunggongvirae,Uroviricota,Caudoviricetes,Caudoviricetes incertae sedis,Backyardiganvirus,unclassified Backyardiganvirus,,dsDNA,2946815,Backyardiganvirus
Mycolicibacterium smegmatis MC2 155,Duplodnaviria,Heunggongvirae,Uroviricota,Caudoviricetes,Caudoviricetes incertae sedis,Backyardiganvirus,Backyardiganvirus peaches,,dsDNA,2946815,Backyardiganvirus
Mycolicibacterium smegmatis MC2 155,Duplodnaviria,Heunggongvirae,Uroviricota,Caudoviricetes,Caudoviricetes incertae sedis,Backyardiganvirus,Backyardiganvirus arturo,,dsDNA,2946815,Backyardiganvirus
Mycobacterium,Duplodnaviria,Heunggongvirae,Uroviricota,Caudoviricetes,Caudoviricetes incertae sedis,Backyardiganvirus,unclassified Backyardiganvirus,,dsDNA,2946815,Backyardiganvirus
Mycolicibacterium smegmatis MC2 155,Duplodnaviria,Heunggongvirae,Uroviricota,Caudoviricetes,Caudoviricetes incertae sedis,Backyardiganvirus,Backyardiganvirus backyardigan,,dsDNA,2946815,Backyardiganvirus
Mycolicibacterium smegmatis MC2 155,Duplodnaviria,Heunggongvirae,Uroviricota,Caudoviricetes,Caudoviricetes incertae sedis,Backyardiganvirus,Backyardiganvirus bellusterra,,dsDNA,2946815,Backyardiganvirus
Mycobacterium,Duplodnaviria,Heunggongvirae,Uroviricota,Caudoviricetes,Caudoviricetes incertae sedis,Backyardiganvirus,Backyardiganvirus peaches,,dsDNA,2946815,Backyardiganvirus
Mycolicibacterium smegmatis MC2 155,Duplodnaviria,Heunggongvirae,Uroviricota,Caudoviricetes,Caudoviricetes incertae sedis,Backyardiganvirus,Backyardiganvirus camperdownii,,dsDNA,2946815,Backyardiganvirus
Mycolicibacterium smegmatis MC2 155,Duplodnaviria,Heunggongvirae,Uroviricota,Caudoviricetes,Caudoviricetes incertae sedis,Backyardiganvirus,Backyardiganvirus cerulean,,dsDNA,2946815,Backyardiganvirus
Mycolicibacterium smegmatis MC2 155,Duplodnaviria,Heunggongvirae,Uroviricota,Caudoviricetes,Caudoviricetes incertae sedis,Backyardiganvirus,Backyardiganvirus LHTSCC,,dsDNA,2946815,Backyardiganvirus
Mycolicibacterium smegmatis MC2 155,Duplodnaviria,Heunggongvirae,Uroviricota,Caudoviricetes,Caudoviricetes incertae sedis,Backyardiganvirus,Backyardiganvirus cindaradix,,dsDNA,2946815,Backyardiganvirus
Mycolicibacterium smegmatis MC2 155,Duplodnaviria,Heunggongvirae,Uroviricota,Caudoviricetes,Caudoviricetes incertae sedis,Backyardiganvirus,Backyardiganvirus cintron,,dsDNA,2946815,Backyardiganvirus
Mycolicibacterium smegmatis MC2 155,Duplodnaviria,Heunggongvirae,Uroviricota,Caudoviricetes,Caudoviricetes incertae sedis,Backyardiganvirus,Backyardiganvirus icleared,,dsDNA,2946815,Backyardiganvirus
Mycolicibacterium smegmatis,Duplodnaviria,Heunggongvirae,Uroviricota,Caudoviricetes,Caudoviricetes incertae sedis,Backyardiganvirus,Backyardiganvirus leoavram,,dsDNA,2946815,Backyardiganvirus
Mycobacterium,Duplodnaviria,Heunggongvirae,Uroviricota,Caudoviricetes,Caudoviricetes incertae sedis,Backyardiganvirus,Backyardiganvirus miramae,,dsDNA,2946815,Backyardiganvirus
Mycolicibacterium smegmatis MC2 155,Duplodnaviria,Heunggongvirae,Uroviricota,Caudoviricetes,Caudoviricetes incertae sedis,Backyardiganvirus,Backyardiganvirus mundrea,,dsDNA,2946815,Backyardiganvirus
Mycolicibacterium smegmatis MC2 155,Duplodnaviria,Heunggongvirae,Uroviricota,Caudoviricetes,Caudoviricetes incertae sedis,Backyardiganvirus,Backyardiganvirus noelle,,dsDNA,2946815,Backyardiganvirus
Mycolicibacterium smegmatis MC2 155,Duplodnaviria,Heunggongvirae,Uroviricota,Caudoviricetes,Caudoviricetes incertae sedis,Backyardiganvirus,Backyardiganvirus stasia,,dsDNA,2946815,Backyardiganvirus
Mycolicibacterium smegmatis MC2 155,Duplodnaviria,Heunggongvirae,Uroviricota,Caudoviricetes,Caudoviricetes incertae sedis,Backyardiganvirus,Backyardiganvirus wizard007,,dsDNA,2946815,Backyardiganvirus
Gordonia terrae,Duplodnaviria,Heunggongvirae,Uroviricota,Caudoviricetes,Caudoviricetes incertae sedis,Zierdtviridae,Emilbogenvirinae,Foxborovirus,dsDNA,2948710,Foxborovirus
root,Monodnaviria,Shotokuvirae,Cressdnaviricota,Arfiviricetes,Cirlivirales,Vilyaviridae,Herugrimvirus,Herugrimvirus gladden,,2948758,Herugrimvirus
Gordonia terrae,Duplodnaviria,Heunggongvirae,Uroviricota,Caudoviricetes,Caudoviricetes incertae sedis,Jujuvirus,unclassified Jujuvirus,,dsDNA,2948772,Jujuvirus
Gordonia terrae,Duplodnaviria,Heunggongvirae,Uroviricota,Caudoviricetes,Caudoviricetes incertae sedis,Jujuvirus,Jujuvirus azula,,dsDNA,2948772,Jujuvirus
Gordonia terrae,Duplodnaviria,Heunggongvirae,Uroviricota,Caudoviricetes,Caudoviricetes incertae sedis,Jujuvirus,Jujuvirus blino,,dsDNA,2948772,Jujuvirus
Gordonia terrae,Duplodnaviria,Heunggongvirae,Uroviricota,Caudoviricetes,Caudoviricetes incertae sedis,Jujuvirus,Jujuvirus frokostdame,,dsDNA,2948772,Jujuvirus
Gordonia terrae,Duplodnaviria,Heunggongvirae,Uroviricota,Caudoviricetes,Caudoviricetes incertae sedis,Jujuvirus,Jujuvirus juju,,dsDNA,2948772,Jujuvirus
Gordonia rubripertincta,Duplodnaviria,Heunggongvirae,Uroviricota,Caudoviricetes,Caudoviricetes incertae sedis,Jujuvirus,unclassified Jujuvirus,,dsDNA,2948772,Jujuvirus
Gordonia westfalica,Duplodnaviria,Heunggongvirae,Uroviricota,Caudoviricetes,Caudoviricetes incertae sedis,Jujuvirus,Jujuvirus petra,,dsDNA,2948772,Jujuvirus
Gordonia terrae,Duplodnaviria,Heunggongvirae,Uroviricota,Caudoviricetes,Caudoviricetes incertae sedis,Jujuvirus,Jujuvirus walrus,,dsDNA,2948772,Jujuvirus
Brochothrix thermosphacta,Duplodnaviria,Heunggongvirae,Uroviricota,Caudoviricetes,Caudoviricetes incertae sedis,Herelleviridae,Klumppvirus,Klumppvirus A9,dsDNA,2948786,Klumppvirus
Synechococcus sp.,Duplodnaviria,Heunggongvirae,Uroviricota,Caudoviricetes,Pantevenvirales,Kyanoviridae,Lipsvirus,unclassified Lipsvirus,dsDNA,2948803,Lipsvirus
Synechococcus sp. WH 8109,Duplodnaviria,Heunggongvirae,Uroviricota,Caudoviricetes,Pantevenvirales,Kyanoviridae,Lipsvirus,Lipsvirus ssm7,dsDNA,2948803,Lipsvirus
Mycolicibacterium smegmatis MC2 155,Duplodnaviria,Heunggongvirae,Uroviricota,Caudoviricetes,Caudoviricetes incertae sedis,Moomoovirus,Moomoovirus moomoo,,dsDNA,2948827,Moomoovirus
Mycolicibacterium smegmatis MC2 155,Duplodnaviria,Heunggongvirae,Uroviricota,Caudoviricetes,Caudoviricetes incertae sedis,Sheenvirus,Sheenvirus Sheen,,dsDNA,2948905,Sheenvirus
root,Monodnaviria,Shotokuvirae,Cressdnaviricota,Arfiviricetes,Cirlivirales,Vilyaviridae,Vingilotevirus,Vingilotevirus gamgee,,2948948,Vingilotevirus
Aeromonas salmonicida,Duplodnaviria,Heunggongvirae,Uroviricota,Caudoviricetes,Caudoviricetes incertae sedis,Chimalliviridae,Chaoshanvirus,unclassified Chaoshanvirus,dsDNA,3044686,Chaoshanvirus
Aeromonas hydrophila,Duplodnaviria,Heunggongvirae,Uroviricota,Caudoviricetes,Caudoviricetes incertae sedis,Chimalliviridae,Chaoshanvirus,unclassified Chaoshanvirus,dsDNA,3044686,Chaoshanvirus
Gordonia terrae,Duplodnaviria,Heunggongvirae,Uroviricota,Caudoviricetes,Caudoviricetes incertae sedis,Forzavirus,unclassified Forzavirus,,dsDNA,3044718,Forzavirus
Gordonia terrae,Duplodnaviria,Heunggongvirae,Uroviricota,Caudoviricetes,Caudoviricetes incertae sedis,Forzavirus,Forzavirus forza,,dsDNA,3044718,Forzavirus
Escherichia sp.,Duplodnaviria,Heunggongvirae,Uroviricota,Caudoviricetes,Caudoviricetes incertae sedis,Mktvariviridae,Gordonclarkvirinae,Nieuwekanaalvirus,dsDNA,3044774,Nieuwekanaalvirus
Synechococcus sp. MW02,Duplodnaviria,Heunggongvirae,Uroviricota,Caudoviricetes,Pantevenvirales,Kyanoviridae,Yellowseavirus,Yellowseavirus thirtyeight,dsDNA,3044861,Yellowseavirus
Janthinobacterium lividum,Duplodnaviria,Heunggongvirae,Uroviricota,Caudoviricetes,Caudoviricetes incertae sedis,Mesyanzhinovviridae,Bradleyvirinae,Donnerlittchenvirus,dsDNA,3152600,Donnerlittchenvirus
Microbacterium radiodurans,Duplodnaviria,Heunggongvirae,Uroviricota,Caudoviricetes,Caudoviricetes incertae sedis,Oscarsovirus,Oscarsovirus oscarso,,dsDNA,3152624,Oscarsovirus
Enterococcus faecium,Duplodnaviria,Heunggongvirae,Uroviricota,Caudoviricetes,Caudoviricetes incertae sedis,Efemquintavirus,Efemquintavirus Efm5,,dsDNA,3152996,Efemquintavirus
Vermamoeba vermiformis,Varidnaviria,Bamfordvirae,Nucleocytoviricota,Megaviricetes,Pimascovirales,Ocovirineae,Orpheoviridae,Alphaorpheovirus,,3153020,Alphaorpheovirus
Homo sapiens,Monodnaviria,Shotokuvirae,Cressdnaviricota,Arfiviricetes,Ringavirales,Pecoviridae,Amaruvirus,Amaruvirus aka,,3153056,Amaruvirus
Macaca mulatta,Monodnaviria,Shotokuvirae,Cressdnaviricota,Arfiviricetes,Ringavirales,Pecoviridae,Intivirus,,,3153059,Intivirus
Xanthomonas translucens,Duplodnaviria,Heunggongvirae,Uroviricota,Caudoviricetes,Caudoviricetes incertae sedis,Shirevirus,Shirevirus langgrundblatt1,,dsDNA,3153128,Shirevirus
Xanthomonas translucens pv. translucens,Duplodnaviria,Heunggongvirae,Uroviricota,Caudoviricetes,Caudoviricetes incertae sedis,Shirevirus,Shirevirus langgrundblatt1,,dsDNA,3153128,Shirevirus
Xanthomonas translucens,Duplodnaviria,Heunggongvirae,Uroviricota,Caudoviricetes,Caudoviricetes incertae sedis,Shirevirus,Shirevirus langgrundblatt2,,dsDNA,3153128,Shirevirus
Xanthomonas translucens pv. translucens,Duplodnaviria,Heunggongvirae,Uroviricota,Caudoviricetes,Caudoviricetes incertae sedis,Shirevirus,Shirevirus langgrundblatt2,,dsDNA,3153128,Shirevirus
Xanthomonas translucens,Duplodnaviria,Heunggongvirae,Uroviricota,Caudoviricetes,Caudoviricetes incertae sedis,Shirevirus,Shirevirus pfeifenkraut,,dsDNA,3153128,Shirevirus
Xanthomonas translucens pv. translucens,Duplodnaviria,Heunggongvirae,Uroviricota,Caudoviricetes,Caudoviricetes incertae sedis,Shirevirus,Shirevirus pfeifenkraut,,dsDNA,3153128,Shirevirus
Enterococcus faecium,Duplodnaviria,Heunggongvirae,Uroviricota,Caudoviricetes,Caudoviricetes incertae sedis,Efemunavirus,Efemunavirus Efm1,,dsDNA,3153270,Efemunavirus
Enterococcus faecium,Duplodnaviria,Heunggongvirae,Uroviricota,Caudoviricetes,Caudoviricetes incertae sedis,Efemunavirus,Efemunavirus Lg62,,dsDNA,3153270,Efemunavirus
Vibrio tasmaniensis,Varidnaviria,Abadenavirae,Produgelaviricota,Belvinaviricetes,Vinavirales,Autolykiviridae,Oliviavirus,Oliviavirus viph1020o,,3424985,Oliviavirus
Gordonia terrae,Duplodnaviria,Heunggongvirae,Uroviricota,Caudoviricetes,Caudoviricetes incertae sedis,Archimedesvirus,Archimedesvirus archimedes,,dsDNA,2946808,Archimedesvirus
