name,taxid,ERR14789322,ERR14789323,ERR14789324,ERR14789325,ERR14789326,ERR14789327,ERR14789328,ERR14789329,ERR14789330,ERR14789331,ERR14789332,ERR14789333,ERR14789175,ERR14789176,ERR14789177,ERR14789178,ERR14789179,ERR14789181,ERR14789182,ERR14789183,ERR14789184,ERR14789185,ERR14789186,ERR14789187,ERR14789188,ERR14789189,ERR14789190,ERR14789307,ERR14789308,ERR14789309,ERR14789310,ERR14789311,ERR14789312,ERR14789313,ERR14789315,ERR14789316,ERR14789317,ERR14789318,ERR14789319,ERR14789320,ERR14789321,ERR14789259,ERR14789260,ERR14789261,ERR14789262,ERR14789263,ERR14789264,ERR14789265,ERR14789266,ERR14789267,ERR14789268,ERR14789269,ERR14789270,ERR14789271,ERR14789272,ERR14789273,ERR14789368,ERR14789369,ERR14789370,ERR14789371,ERR14789372,ERR14789373,ERR14789374,ERR14789375,ERR14789376,ERR14789377,ERR14789378,ERR14789379,ERR14789380,ERR14789381,ERR14789382,ERR14789353,ERR14789357,ERR14789358,ERR14789359,ERR14789360,ERR14789361,ERR14789362,ERR14789363,ERR14789364,ERR14789365,ERR14789366,ERR14789367,ERR14789334,ERR14789335,ERR14789337,ERR14789338,ERR14789339,ERR14789340,ERR14789341,ERR14789342,ERR14789343,ERR14789344,ERR14789345,ERR14789346,ERR14789347,ERR14789348,ERR14789282,ERR14789283,ERR14789284,ERR14789285,ERR14789286,ERR14789287,ERR14789288,ERR14789289,ERR14789290,ERR14789291,ERR14789292,ERR14789293,ERR14789294,ERR14789295,ERR14789296,ERR14789297
                  Orthopoxvirus,10242,,,,,,,,,,,,,,,,,,,,,,,,,,,,,,,,,,,,,,,,,,,,,,,,,,,,,,0.11,,,,,,,,,,,,,,,,,,,,,,,,,,,,,,,,,,,,,,,,,,,,,,,,,,,,,,,,,,,
                  Simplexvirus,10294,,,,,,,,,,,,,,,,,,,,,,,,,,,0.08,,,,,,,,,,,,,,,,,,,,,,,,,,,,,,,,,,,,,,,,,,,,,,,,,,,,,,,,,,,,,,,,,,,,,,,,,,,,,,,,,,,,,,
                  Varicellovirus,10319,,,,,,,,,,,,,,,,,,,,,,,,,,,,,,,,,,,,,,,,,,,,,,,,,,,,,,,,,,,,,,,,,,,,,,,,,,,,,,,,,,,,,,,,,,,,,,,,,,,,,,,,,,,,0.02,,,,,
                  Cytomegalovirus,10358,,,,,,,,,,,,,,,,,,,,,,,,,,,,,,,,,,,,,,,,,,,,,,,,,,,,,,,,,,,,,,,,,,,,,,,,,,,,,,,,,,,,,,,,,,,,,,,,,,,,,,,,,,,,0.02,,,,,
                  Rhadinovirus,10379,,,,,,,,,,,,,,,,,,,,,,,,,,,,,,,,,,,,,,,,,,0.09,,,,,,,,,,,,,,,,,,,,,,,,,,,,,,,,,,,,,,,,,,,,,,,,,,,,,,,,,,,,,,,,,,,,,,,
                  Mastadenovirus,10509,,,,,0.04,,,,,,0.08,,,,,,,,,,,,,0.15,0.33,,0.09,,,,,0.28,,,,,1.67,,0.39,,,0.36,0.06,0.36,0.17,,0.15,,,,0.21,,0.22,,0.19,,,,,,,,,,,,,,,,,0.05,,,0.1,,0.85,,0.09,,,,,0.11,,,,,0.48,,,,0.3,,,,,,0.34,,0.28,0.9,18.36,,0.29,0.12,0.44,9.99,,0.93,0.28,,
                  Aviadenovirus,10552,,,,,,,,,,,,,,,,,,,,,,,,,,,,,,,,,,,,,,,,,,0.07,,,0.09,,,,,,,,,,,,,,,,,,,,,,,,,,,,,,,,,,,,,,,,,,,,,,,,,,,,,,,,,,,,,,,,,,,,
                  Tequatrovirus,10663,,,,,,,,,,,,,,,,,,,,,,0.09,,,,,,,,,,,,,,,,,,,,0.09,0.09,,,,,,,,,,,0.13,,,,,,,,,,,,,,,,,,,,,,,,,,,,,,,,,,,,,,,,,,,,,,,,,,,,,,0.02,,,,,
                  Dependoparvovirus,10803,,,,,,,,,,,,,,,,,,,,,,,,,,,,,,,,,,,,,,,,,,,,,,,,,,,,,,,,,,,,,0.27,,,,,,,,,,,,,,0.08,0.12,,,,,,,,,,,,,,,,,,,,,,,,0.12,,,,,,,,,,,,0.13,
                Rotavirus,10912,,,,,,,,,,,,,,,,,,,,,,,,,,,,,,,,,,,,,,,,,,,,,,,,,,,,2.14,,,,,,,,,,,,,,,,,,,,,,,,,,,,,,,,,,,,,,,,,,,,,,,,,,,,,,,,,,,,,
                    Morbillivirus,11229,,,,,,,,,,,,,,,,,,,,,,,,,,,,,,,,,,,,,,,,,,,,,,,,,,,,,,,,,,,,,,,,,,,,,,,,,,,,,,,,,,,,,,,,,,,,,,,,,,,,,,,,,,,,0.04,,,,,
                  Orthobunyavirus,11572,,,,,,,,,,,,,,,,,,,,,,,,,,,,,,,,,,,,,,,,,,,,,,,,,,,,,,,,,,,,,,,,,,,,,,,,,,,,,,,,,,,,,,,,,,,,,,,,,,,,,,,,,,,,0.02,,,,,
                Marafivirus,12051,,,,,,,,,,,,,,,,,,,,,,,,,,,,,,,,,,,,,,,,,,,,,,,,,,,,,,,,,0.22,0.6,0.34,0.48,1.03,0.26,,,,,,,0.3,,,,,,,,,,,,,,,,,,,,,,,,,,,,,,,,,,,,,,,,,,,,
                Sequivirus,12057,,,,,,,,,0.16,0.1,0.07,0.34,,,,,,,,,,,,,,,,,,,,,,,,,,,,,,,,,,,,,,,,,,,,,,,,,,,,,,,,,,,,,,,,,,,,,,,,,,,,,,,,,,,,,,,,,,,,,,,,,,,,,
                  Enterovirus,12059,,,,,,,,,,,,,,,,,,,,0.02,,0.09,0.06,,,,,,,,3.86,,,,,,,,,,,,,,,,,,,,,,,,,,,,,,,,,,,,,,,,,,,,,,,,,,,,,,,,,,,,,,,,,,,,,,0.58,0.45,,,,,,0.02,,,,,0.08
                Sobemovirus,12137,,,,,,,,,0.3,,,,,0.16,,,,,,,,,0.1,,,,,,,0.4,,,,0.17,,,,,,,,0.23,1.24,0.33,,,,0.24,,,,,,,,,0.77,1.88,1.4,1.63,0.99,0.49,0.66,1.74,3.03,1.06,0.86,,1.3,1.77,0.41,,,,,,,,,0.18,,,,,1.01,,,,,1.2,0.93,,0.25,7.41,,,,,,,,0.19,,,,0.68,,,0.32,,,,0.47
                  Tombusvirus,12141,,,,0.05,,,,,,,,,,,,,,,,0.02,,,,,,,,,,,,,0.25,,,,,,,,,,0.25,0.12,,,,,0.28,,,,,,,,10.75,16.22,19.7,17.46,21.6,23.79,14.78,19.75,27.83,5.86,5.27,4.95,18.52,21.62,18.55,0.03,,,0.13,0.16,,,,,,,,,,,,,,,,,,0.3,,,,,,,,,,,,,,,,,,,
                Tymovirus,12148,,,,,,,0.19,,0.16,0.26,0.06,,,,,,,,,,,,,,,,,,,,,,,,,,,,,,,,,,,,,,,,,,,,,,0.62,0.38,0.56,,0.87,0.93,0.35,,0.45,,,,0.68,1.5,,,,,,0.09,,,,,,,,,,,,,,,,,,,,,,,,,,,,,,,,,,,,,
                  Carlavirus,12163,,,,,,,,,,,,,,,,,,,,,,,,,,,,,,,,,,,,,,,,,,0.32,0.1,0.2,0.12,,0.17,,0.22,,0.25,,,0.13,0.26,0.4,0.25,,0.41,0.52,0.47,0.23,0.24,,,,,,0.37,,,0.15,,0.06,,,,0.2,0.11,,,,0.12,0.13,,,,,,,,,,,,,,,,,,,,,,,,,,,0.08,,
                Potexvirus,12176,,0.16,,1.06,0.06,,,,0.13,,0.09,,,0.84,2.95,1.82,2.58,1.05,0.64,0.36,0.74,1.19,1.71,0.6,0.52,0.52,0.66,1.95,0.75,2.3,,0.18,6.48,4.23,4.8,2.03,1.42,1.65,6.07,2.1,3.8,0.11,0.19,0.17,,,,0.2,,,5.7,,,0.13,0.12,0.22,0.68,0.64,1.2,0.86,1.79,0.81,1.08,0.64,0.62,,0.42,,1.05,1.72,2.84,0.53,,,,,,,,,,,,0.14,0.71,0.03,,,0.26,0.38,,0.24,,2.53,,,0.21,,,,,,,,,,,,,,,,
                Potyvirus,12195,,,,,,,,,,,,,,,,,,,,,,,,,,,,,,,,,,,,,,,,,,,,,0.22,,,,,,,,0.22,,,,,,,,,,,,,,,,,,,,,,,,,,,,,,,,,,,,,,,,,,,,,,,,,,,,,,,,,,,,
                Tobamovirus,12234,37.33,54.57,27.97,63.14,78.27,58.97,16.53,23.87,17.9,55.53,66.87,64.37,54.9,68.85,53.38,59.57,52.69,36.37,81.07,92.13,68.04,70.86,74.28,50.1,51.21,48.49,61.15,62.74,57.45,47.2,,2.8,51.34,45.74,44.94,57.96,44.43,44.91,44.28,53.3,43.58,5.28,10.61,7.38,4.75,13.41,9.89,17.29,45.89,26.81,18.35,3.4,19.57,12.0,3.33,10.12,30.08,26.23,35.23,18.71,19.62,29.93,30.15,30.65,22.22,24.35,18.64,6.29,39.01,16.52,26.34,82.89,70.45,74.32,76.61,84.28,28.52,43.8,38.41,71.39,46.9,82.43,54.64,22.69,18.71,0.31,44.43,38.04,11.0,20.06,8.26,22.65,23.73,25.2,0.28,2.08,48.73,5.86,0.81,0.96,1.17,2.74,0.21,6.17,3.95,4.38,35.07,0.19,4.03,27.52,3.21,0.7,3.82
                  Comovirus,12258,,,,,0.04,,,,,,,,,,,,,,,,,,,,,,,,,,,,,,,,,,,,,,,,,,,,,,,,,,,,0.17,0.6,1.09,,0.64,0.28,0.28,,,,,,0.93,,,0.07,,,0.09,0.08,,,,,,,0.11,,,,,,,,,,,,,,,,,0.37,,0.29,,,,,,,,,,0.35,
                  Nepovirus,12270,,,,,,,,,,,,,,,,,,,,,,,,,,,,,,,,,,,,,,,,,,,,,,,,,,,,,,,,,,,,,,,,,,,,,,,,0.08,,,,,,,,0.2,0.48,,,,,,,,,,,,,,,,,,,,,,,,,,,,,,,,
                Bromovirus,12300,,,,0.04,,,,,,,0.12,,,,,,,,,,,,,,,,,,,,,,,,,,,,,,,,,,,,,,,,,,,,,,,,,,,,,,,,,,,,,,,,,,,,,,,,,,,,,,,,,,,,,,,,,,,,,,,,,,,,,,
                Circovirus,39725,,,,,,,,,,,,,,,,,,,,,,,,,,,,,,,,,,,,,,,,,,,,,0.38,10.35,,,,,,,,,,,,,,,,,,,,,,,,,,,,,,,,,,,,,,,,,,,,,,,,,,,,,,,,,,,,,,,,,,,
                  Machlomovirus,39739,,,,,,,,,,,,,,,,,,,,,,,,,,,,,,,,,,,,,,,,,,,,,,,,,,,,,,,,,,,,,,,,,,,,,0.27,,,,,,,,,,,,,,,,,,,,,,,,,,,,,,,,,,,,,,,,,,,,
                  Chlamydiamicrovirus,40274,,,,,,,,,,,,,,,,,,,,0.02,,,,,,,,,,,,,,,,,,,,,,,,,,,,,,,,,,,,,,,,,,,,,,,,,,,,,,,,,,,,,,,,,,,,,,,,,,,,,,,,,,,,,,,,,,,,,
                Sapovirus,95341,,,,,,,,,,,,,,,,,,,,,,,,,,,,,,,,,,,,,,,,,,,,,,,,,,,,,,,,,,,,,,,,,,,,,,,,0.06,,,,,,,,,,,,,,,,,,,,,,,,,,,,,,,,,,,,,,,,,
                  Teseptimavirus,110456,,,,,,,,,0.23,,0.11,0.23,,,,,,,,,,0.14,,,,,,,,,,,,,,,,,,,,0.79,0.26,0.37,0.46,,0.24,,,0.49,,0.18,0.25,0.21,0.65,,,,,,,,,,,,,,,,,,,,,,,,,,,,,,,,,,,,,,,,,,,,,,,0.36,0.58,,,,0.21,0.65,,,,,
                Peduovirus,140410,,,,,,,,,,,,,,,,,,,,,,,,,,,,,,,,,,,,,,,,,,,,,,,,,,,,,,0.18,,,,,,,,,,,,,,,,,,,,,,,,,,,,,,,,,,,,,,,,,,,,,,,,,,,,,,,,,,,
                Allexivirus,140568,,,,,,,,,,,,,,,,,,,,,,,,,,,,,,,,,,,,,,,,,,,,,,,,,,,,,,,,,,,,,,,,,,,,,,,,,,,,,,,,,,,,,,,,,,,,,,,,,,,,,,,,,,,,,,,,,0.1
                Norovirus,142786,,,,,,,,,,,,,,,,,,,,,,,,,,0.16,0.14,,,,,,,,,,,,0.14,,,,,0.09,,,,,,,,,,,,,,,,,,,,,,,,,,,,,,,,,,,,,,,,,,,,,,,,,,,,,,,0.39,0.42,,1.65,,,,,,0.02,,,,0.31,
                Alphanodavirus,143920,,,,,,,,,,,,,1.38,1.1,,0.39,0.51,,0.83,0.19,0.31,0.21,0.17,0.3,0.27,0.24,0.63,,0.39,,,,0.39,0.2,,,,,,,,0.93,4.59,2.46,1.74,11.4,1.36,1.82,0.94,1.29,2.85,0.28,1.91,0.79,0.67,0.51,0.25,0.7,0.34,,,,,,0.85,,0.53,,,,,0.09,0.19,0.09,,0.14,,0.73,,,0.22,0.1,0.21,,,,,,,,,,,,,,,,,,,,,,,,,,,,,,
                Cripavirus,144051,,,,,,,,,,,,,,,,,,,,,,,,,,,,,,,,,,0.13,,,,,,,,,,,,,,,,,,,,,,,19.31,,,,,,,,,,,,,,,,,,,,,,,,,,,,,,,,,,,,,,,,,,,,,0.27,,,,,,0.03,,,,,
                Myohalovirus,169682,,0.1,,,,,,,,,,,,,,,,,,,,,,,,,,,,,,,,,,,,,,,,,,,,,,,,,,,,,,,,,,,,,,,,,,,,,,,,,,,,,,,,,,,,,,,,,,,,,,,,,,,,,,,,,,,,,,,
                  Mardivirus,180252,,,,,,,,,0.13,,,,,,,,,,,,,,,,,,,,,,,,,,,,,,,,,,,,,,,,,,,,,,,,,,,,,,,,,,,,,,,,,,,,,,,,,,,,,,,,,,,,,,,,,,,,,,,,,,,,,,,,
                Chlorovirus,181083,,,,,,,,,,,,,,,,,,,,,,0.12,0.05,0.74,0.14,,,,,,,,,,,,,,,,,,,,,,,,,,,,,,,,,,,,,,,,,,,,,,,,,0.05,,,,,,,,,,,,,,,,,,,,,,,,,,,,,,,,,,0.03,,,,,
                Prasinovirus,181084,,,,,,,,,,,,,,,,,,,,,,,,,,,,,,,,,,,,,,,,,,0.07,,0.2,,,,,,,,,,,,,,,,,,,,,,,,,,,,,,,,,,,,,,,,,,,,,,,,,,,,,,,,,,,,,,,,,,,,,
                Phaeovirus,181085,,,,,,,,,,,,,,,,,,,,,,,,,,,,,,,,,,,,0.17,3.09,,,,,,,,,,,,,,,,,,,,,,,,,,,,,,,,,,,,,,,,,,,,,,,,,,,,,,,,,,,,,,,,,,,,,,,,,,,,
                  Aureusvirus,186457,,,,0.11,0.03,,,,,,,,,,,,,,,0.02,,,,,,,,,,,,,,,,,,,,,,,0.06,,,,,,,,,,,,,,,,,,,,,,,,,,,,,,,,,,,,,,,,,,,,,,,,,,,,,,,,,,,,,,,,,,,,,,
              Ceduovirus,186532,,,,,,,,,,,0.07,,,,,,,,,,,,,,,,,,,,,,,,,,,,,,,0.24,0.06,0.09,1.6,,,,,,,,0.62,,,,,,,,,,,,,,,,,,,,,,,,,0.35,0.1,,,,0.11,0.09,,,,,,,,0.24,,,,,0.15,,0.15,,,,,,,,0.12,0.09,,,,,
              Fromanvirus,186764,0.91,0.09,,,,,,,,,0.18,,,,,,,,,,,,,,,,,,,,,,,,,,,,,,,0.11,0.07,,,,,,,,,,,,,,,,,,,,,,,,,,,,,0.03,0.18,0.14,0.12,0.06,0.54,,0.12,,,,,,,,,,,,,,,0.76,,,,,,,,,,,,,,0.04,0.23,,0.09,,
              Punavirus,186789,,,,,,,,,,,,,,,,,,,,,,,0.07,0.28,0.15,,,,,,,,0.72,0.17,,,,,0.16,,,,,,,,,,,0.24,,,,0.26,,,,,,,,,0.38,,,3.74,0.89,,,,0.7,0.05,,,,,,,,,,,,,,,,,,,,,,0.59,,,,,,,,,,,,,,0.04,,,,,
              Lederbergvirus,186794,,,,,,,,,,,,,,,,,,,,,,,0.1,,,,,,,,,,,,,,,,0.27,,,0.13,0.22,0.32,0.21,,,,,,,,0.35,0.48,0.13,,,,,,,,,,,,,1.09,,,,0.18,,,,,,,,,,,,,,,,,,,,,,,,,,,,,,,,,,,0.22,,,,,,
                  Panicovirus,186844,,,,,,,,,,,,,,,,,,,,,,,,,,,,,,,,,,,,,,,,,,,0.08,0.35,,,,0.24,,,,,,,,,,,,,,,,,,,,,,,,,,,,,,,,,,,,,,,,,,,,,,,,,,,,,,,,,,,,,,,,,
                  Tunavirus,187217,,,,,,,,,,,,,,,,,,,,,,,,,,,,,,,,,,,,,,,,,,,,,,,,,,,,,,,,,,,,,,,,,,,,,,,,,,,,,,,,,,,,,,,,,,,,,,,,,,,,,0.28,,,,,,0.32,,,,,,
                  Tequintavirus,187218,,,,,,,,,,,,,,,,,,,,,,,,,,,,,,,,,,,,,,,,,,0.1,0.36,,,,,,,,,,,,0.25,,,,,,,,,,,,,,,,,,,,,,,,,,,,,,,,,,,,,,,,,,,,,,,,,,,,,0.04,,,,,
                  Kobuvirus,194960,,,,,0.04,,,,,,0.1,,,,,,,,,,,,,,,,0.12,,,,,,,,,,,,,,,,,,,,,,,,,,,,,,,,,,,,,,,,,,,,,,,,,,,,,,,,,,,,,,,,,,,,,,,2.12,,,,,,,,,,,,,,,
                Maculavirus,249185,,,,,,,,,,,0.05,,,,,,,,,,,,0.08,,,,,,,,,,,,,,,,,,,,,,,,,,,,,,,,,,,,,,,,,,,,,,,,,,,,,,,,,,,,,,,,,,,,,,,,,,,,,,,,,,,,,,,,,,
          Whispovirus,249585,,0.09,,,,,,,,,,,,,,,,,,,,,,,,,,,,,,,,,,,,,,,,,,,,,,,,,,,,,,,,,,,,,,,,,,,,,,,,,,,,,,,,,,,,,,,,,,,,,,,,,,,,,,,,,,,,,,,
                Mamastrovirus,249588,,,,,0.04,,0.25,0.8,,,,,,,,,,,,,,,0.1,0.29,0.4,0.23,0.27,0.37,1.13,1.98,,,,0.23,,0.82,1.17,2.55,0.97,0.61,2.12,0.33,0.43,0.83,0.8,,0.53,,0.48,,0.6,0.52,0.47,0.61,0.45,0.24,0.51,0.58,0.45,0.76,0.25,0.42,0.33,,,,,,1.05,,,0.13,,,,,,0.44,0.43,0.45,,,,0.14,,,,,0.4,,,0.24,,,,,,,0.63,0.48,0.5,2.51,0.24,,0.16,0.61,,0.24,,2.41,,0.35,0.54
                  Mimivirus,315393,,,,,,,,,,,0.09,,,,,,,,,,,,,,,,,,,,,,,,,,,,,,,0.23,0.17,0.23,0.16,,0.34,,,,,,,0.11,0.13,,0.39,0.86,0.97,1.11,0.82,0.86,0.45,1.21,,,,0.91,0.5,0.78,0.72,,,,,,,0.16,,,,,,,,,,,,,,,0.25,,,,,,,,,,,,,,0.09,0.04,,,,,
                  Enquatrovirus,371730,,,,,,,,,,,,,,,,,,,,,,,,,,,,,,,,,,,,,,,,,,0.07,0.06,,,,,0.26,,,,,,,,,,,,,0.23,,,,,,,,,,,,,,,,,,,,,,,,,,,,,,,,,,,,,,,,,,,,,,,,,,,,
                  Phikmvvirus,477967,0.19,0.31,,,,,,,,,,,,,,,,,,,,,,,,,,,,,,,,,,,,,,,,,,,,,,,,,,0.19,,0.23,,,,,,,,,,,,,,,,,,,,,,,,,,,,,,,,0.02,,,,,,,,,,2.59,,,,,,,,,,,,,,,,,
              Rauchvirus,542959,,,,0.04,0.04,,,,,0.41,0.1,0.15,,,1.28,,,,,,,,,0.11,0.11,0.18,,,,,,,,,,,,,,,,0.38,0.24,0.56,0.59,,0.71,0.61,,0.44,0.2,0.13,0.22,,0.46,0.31,0.17,,,,,,,,,,,0.46,,0.28,,0.03,6.58,2.67,2.06,0.74,4.89,3.44,0.47,0.29,0.38,3.02,1.87,,,,,,0.29,,,,,,,,,,,0.14,,,,,,,0.08,0.07,,,,0.06,0.12
              Uetakevirus,542960,,,,,,,,,,,0.21,,1.1,0.33,,,1.57,,,0.05,0.16,0.13,0.14,0.35,0.3,0.3,0.26,0.37,0.42,0.84,,0.26,,0.2,,,,,0.35,,,0.13,0.36,0.26,0.36,,0.35,0.39,,0.26,0.21,0.23,0.68,0.4,,,,,,,,,,,,,,1.08,,,,0.06,,0.05,0.11,,,,0.15,,,,,0.11,,,,,0.54,,,,,,,,0.1,,,,,,,,,,,0.07,,,,,
              Bruynoghevirus,545932,,0.41,,,,,,,,,,,,,,,,,,,,,,,,,,,,,,,,,,,,,,,,,,,,,,,,,,,0.24,,,,,,,,,,,,,,,,,,,,,,,,,,,,,,,,,,,,,,,,,,,,,,,,,,,,,,,,,,,,
                Ostreavirus,548686,,0.22,,,,,,,,,,,,,,,,,,,,,,,,,,,,,,,,,,,,,,,,,,,,,,,,,,,,,,,,,,,,,,,,,,,,,,,,,,,,,,,,,,,,,,,,,,,,,,,,,,,,,,,,,,,,,,,
                  Percavirus,548688,,,,,,,,,,,,,,,,,,,,,,,,,,,,,,,,,,,,,,,,,,,,,,,,,,,,,,,,,,,,,,,,,,,,,,,,,,,,,,,,,,,,,,,,,,,,,,,,,,,,0.12,,,,,,,,,,,,,
            Alphabaculovirus,558016,,0.6,,0.04,,,,,,0.12,0.06,,,,,,,,,,,,,,,,,,,,,,,,,,,,,,,0.12,0.13,0.15,0.08,,,,,0.25,,0.18,,,0.12,,,,,,,,,,,,,,,,,0.05,,0.05,,,,,,,0.19,,0.14,,,,,,,,,,,,,,,,,,,,0.22,,,0.15,0.07,0.13,,,,0.08,0.15
            Betabaculovirus,558017,,,,,,,,,,,,,6.77,,,,,,,,,,,,,,,,,,,,,,,,,,,,,,,,,,,,,,,,,,,0.22,,,,,,,,,,1.06,,,,0.28,,,,,,,,,,,,,,,,,,,,,,,,,,,,,,,,,,,,,,0.02,,,,,
              Bixzunavirus,680114,,,,,,,,,,,,,,,,,,,,,,,,,,,,,,,,,,,,,,,,,,,,,,,,,,,,,,,,,,,,,,,,,,,,,,,,,,,,,,,,,,,,0.09,,,,,,,,,,,,,,,,,,,,,,,,0.02,,,,,
                Phikzvirus,680115,,,,,,,,,,,,,,,,,,,,,,,,,,,,,,,,,,,,,,,,,,,,,,,,,,,,,,,,,,,,,,,,,,,,,,,,,,,,,,,,,,,,,,0.01,,,,,,,,,,,,,,,,,,,,,,,,,,,
                Kuravirus,680277,,0.25,,0.05,,,,,,,,,,,,,,,,,0.11,0.1,0.08,0.41,0.26,0.69,0.28,,,,,0.23,,,,,,,,,,0.07,0.3,,0.1,,0.32,,,0.23,,,0.75,,,,,,,,,,,,,,,,,,,,,,,,,,,,,,,,,,,,,,,,,,,,,0.56,,0.18,,0.18,,,0.19,0.44,0.23,0.05,,0.32,0.08,0.24,0.43
                  Salivirus,688449,,,,,,,,,,,,,,,,0.42,,,,0.02,,,0.13,,,,,,,,,,,0.25,,,,,,,,,,,,,,,,,,,,,,,,0.24,,,,,,0.38,0.45,,1.03,,0.4,,,,,,,,,,,,,,,,,,,,,,,,,,,,,8.43,,,,,,,,,,,,,0.07,,0.1
                    Alphacoronavirus,693996,,,,,,,,,,,0.07,,,,,,,,,,,,,,,,,,,,,,,,,,,,,,,,,,,,,,,,,,,,,,,,,,,,,,,,,,,,,,,,,,,,,,,,,,,,,,,,,,,,,,,,,,,,,,,,,,,,,,
                    Betacoronavirus,694002,,,,,,,,,,,,,,,,0.35,,,,,,,,,,,,,,,,,,,,,,,,,,,,,,,,,,,,,,,,,,,,,,,,,,,,,,,,,,,,,,,,,,,,,,,,,,,,,,,,,,0.56,,,,,,,,,,,,,,,
                Cyclovirus,742914,,,,,,,,,,,,,,0.28,,,0.54,0.65,,0.07,0.14,0.12,0.15,0.47,0.2,,,,,,,,0.62,0.18,,0.33,0.42,,0.16,,,,,,,,,,,,,,,,,,0.25,0.88,0.24,,0.25,0.56,0.75,,,,0.27,,0.38,,0.29,,,,,,,,,,,,,,,,,,,,,,,,,,,5.47,31.23,18.74,21.95,19.54,2.79,9.73,30.71,15.32,18.38,3.84,41.75,28.89,25.74,12.0,22.21
                  Felixounavirus,1198140,,,,,,,,,,,,,,,,,,,,,,,0.06,,,,,,,,,0.08,,,,,,,,,,0.08,0.11,0.09,0.1,,,,0.7,,,,,,0.12,,,,,,,,,,,,,1.66,,,,0.03,,,,,,,,,,,,,,,,,,,,,,,,,,,,,,,1.08,,,,,1.44,0.47,,,,0.08
                Kappatorquevirus,1218487,,,,,,,,,,,,,,,,,,,,,,,,,,,,,,,,,,,,,,,,,,,,,,,,,,,,,,0.12,,,,,,,,,,,,,,,,,,,,,,,,,,,,,,,,,,,,,,,,,,,,,,,,,,,,,,,,,,,
            Muscavirus,1285593,,,,,,,,,,,,,,,,,,,,,,,,,,,,,,,,,,,,,,,,,,,,,,,,,,,,,,,,,,,,,,,,,,,,,,,,,,,,,,,,,,,0.19,,,,,,,,,,,,,,,,,,,,,,,,,,,,,,
                  Alphanecrovirus,1299309,,,,,,,,,,,,,,,,,,,,,,,,,,,,,,,,,,,,,,,0.11,,,,0.23,,,,,,,,,,,,0.14,,,0.2,,,,,,,,,,,,,,,,,,,,,0.08,,,,,,,,,,,0.33,,,,0.3,,,,,,,,,,,,,,,,,,,
                  Betanecrovirus,1299311,,,,,,,,,,,,,,,,,,,,,,,,,,,,,,,,,,,,,,,,,,,0.09,,,,,,,,,,,,,,,,,,,,,,,,,,,,,,,,,,,,,,,,,,,,,,,,,,,0.3,,,,,,,,,,,,,,,,,,,
                  Yuavirus,1299429,,,,,,,,,,,,,,,,,,,,,,,,,,,,,,,,,,,,,,,,,,,,,,,,,,,,,,,,,,,,,,,,,,,,,,,,,0.25,0.09,,,,,,,0.72,0.09,0.8,,,,,,,,,,,,,,,,,,,,,,,,,0.04,,,,,
                  Hunnivirus,1431456,,,,,,,,,,,,,,,,,,,,,,,,,,,,,,,,,,,,,,,,,,,,,,,,,,,,,,,,,,,,,,,,,,,,,,,,,,,,,,,,,,,,,,,,,,,,,,,,,,,,,,,,,0.1,,,,,,0.09,,
                  Protoparvovirus,1506574,,,,,,,,,,,,,,,,,,,,,,,,,,,,,,,,,,0.5,,,,,,,,,,,,,,,,,,,,,,,,,,,,,,,,,0.78,,,,,,,,,,,,,,,,,,,,,,,,,,,,,,,,,,,,,,,,,,,,,,
                  Bocaparvovirus,1507401,,,,,,,,,,,0.06,,,,,,,,,0.02,,,,0.26,,,,,0.58,0.69,,0.16,,,,0.26,0.17,,,,,,,,0.11,,,,,,,,,,,,,0.52,0.32,0.35,0.25,0.32,0.28,,0.62,,0.31,,0.28,,0.29,,,,,,,,,,,,,,,,,,,,,,,,,,,,,,,0.72,,,3.48,,0.08,,,,2.86,,
            Alphanudivirus,1511853,,,,,,,,,,,,,,,,,,,,,,,,,,,,,,,,,,,,,,,,,,,,,,,,,,,,,,,,,,,,,,,,,,,,,,,,,0.15,0.13,0.19,,0.46,0.28,0.16,,,0.31,0.2,,,,,,,,,,,,,,,,,,,,,,,,,,,,,,
                  Nyavirus,1513295,,,,,,,,,,,,,,,,,,,,,,,,,,,,,,,,,,,,,,,,,,,,,,,,,,,,,,,,,,,,,,,,,,,,,,,,,,,,,,,,,,,,,,,,,,,,,,,,0.23,,,,,,,,,,,,,,,,,
                  Marseillevirus,1513458,,,,,,,,,,,,,,,,,,,,,,,,,,,,,,,,,,,,,,,,,,,,,,,,,,,,,,,,,,,,,,,,,,,,,,,,,,0.06,,,,0.24,,,,,,,,,,,,,,,,,,,,,,,,,,,,,,,,,,,
                Gemycircularvirus,1542744,,0.16,,0.19,,1.61,,,,,0.08,,,1.04,,,,,,0.11,0.16,,,0.18,1.26,0.27,0.24,,,,,,1.25,,0.91,,,,,,,,0.4,0.22,2.18,,,,,,,,,,,0.73,0.28,5.2,0.8,0.72,0.59,0.44,0.64,2.17,1.06,2.28,5.62,,1.51,0.53,2.25,0.04,,,,0.09,,1.82,,0.86,,,,,3.29,,,,,1.56,0.86,,,6.1,,,,1.34,,0.1,,,,0.69,,,,,,,0.06,0.08,
              Bignuzvirus,1623277,,,,,,,,,,,,,,,,,,,,,,,,,,,,,,,,,,,,,,,,,,,,,,,,,,,,,,,,,,,,,,,,,,,,,,,,,,,,,,,,,,,,,,,,,,,,,,,,,,,,,,,,,,,,0.01,,,,,
                  Bronvirus,1623278,,,,,,,,,,,,,,,,,,,,,,,,,,,,,,,,,,,,,,,,,,,,,,,,,,,,,,,,,,,,,,,,,,,,,,,,,,,,,,,,,,,,,,,,,,,,,,,,,,,,,,,,,,,,0.04,,,,,
              Charlievirus,1623280,,,,,,,,,,,,,,,,,,,,,,,,,,,,,,,,,,,,,,,,,,,,,,,,,,,,,,,,,,,,,,,,,,,,,,,,,,,,,,,,,0.25,,,,,,,,,,,,,,,,,,,,,,,,,,,0.02,,,,,
              Cheoctovirus,1623281,,,,,0.11,,,,,,,,,,,,,,,,0.32,,,,,0.52,,,,,,0.43,,,,,,,,,,0.33,0.25,0.33,0.33,,,0.67,,,,,,,,,,,,,,,,,,,,,,,,,,,,,,,,0.77,,,0.52,0.89,,,,,1.11,,,,,1.35,,,0.4,,,,,,0.41,,,0.48,0.24,0.15,,,,,0.3
                Chivirus,1623283,,,,,,,,,,,,,,,,,,,,,,,,,,,,,,,,0.09,,,,,,,,,,1.41,,,,,,,,,,,,,,,,,,,0.23,,,,,,,,,,,,,,,,,,,,,,,,,,,,,,,,,,,,,,,0.08,,,,,,0.52,,,,,,,0.26
              Kostyavirus,1623284,,,,,,,,,,,,,,,,,,,,,,,,,,,,,,,,,,,,,,,,,,,,0.25,,,,,,,,,,,,,,,,,,,,,,,,,,,,,,,,,,,,,,,,,,,,,,,,,,,,,,,,,,,,,,,,,,,,,
              Corndogvirus,1623285,,,,,0.04,,,,,,,,,,0.68,1.65,1.04,0.71,1.33,,0.13,,,0.19,,,,,,,,,,,,,,,,,,,,,,,,,,,,,,,,,,,,,,,,,,,,,,,,,,,,,,,,,,,,,,,,,,,,,,,,,,,,,,,,,,,,0.02,,,,,
              Detrevirus,1623287,,0.13,,,0.05,,,,,,,,,,,,,,,,,,,,,,,,,,,,,,,,,,,,,0.11,0.09,,,,,,,,,0.37,0.25,0.42,0.2,,,,,,,,,,,,,0.39,,,,,,0.32,0.22,0.16,,0.87,0.37,,,0.48,,,,,,,,,,,,,,,,,,,,,,,,,,,,,,,
              Liefievirus,1623288,,,,,,,,,,,,,,,,,,,,,,,,,,,,,,,,,,,,,,,,,,,,,,,,,,,,,,,,,,,,,,,,,,,,,,,,,,,,,,,,,,,,0.13,,,,,,,,,,,,,,,,,,,,,,,,0.02,,,,,
              Dhillonvirus,1623289,,,,,,,,,,0.1,0.05,,,,,,,,,,,,,,,,,,,,,,,,,,,,,,,0.2,0.07,0.2,0.39,,0.15,,,,,0.14,,,,,,,,,,,,,,,,,,,,,0.16,0.09,,,,,,,,0.1,0.11,,,,,,,,,,,,,,,,,,,,0.17,,,0.16,,0.12,,,,,0.08
              Pegunavirus,1623295,,,,,,,,,,,,,,0.24,,,0.34,,,,,,,,,,,,,,,,,,,,,,,,,,,,,,,,,,,,,,,,,,,,,,,,,,,,,,,,0.29,,,,,,,,,,,,,,,,,,,,,,,,,,,,,,,,,,,,,,,,
              Stanholtvirus,1623297,,,,,,,,,,,,,,,,,,,,,,,,,,,,,,,,,,,,,,,,,,,,,,,,,,,,,,,,,,,,,,,,,,,,,,,,,0.43,0.32,0.2,0.09,0.42,,,,,0.19,0.12,,,,,,,,,,,,,,,,,,,,,,,,,,,,,,
              Coetzeevirus,1623300,,,,,,,,,,,,,,,,,,,,,,,,,,,,,,,,0.1,,,,,,,,,,,,,,,,,,,,,,,,,,,,,,,,,,,,,,,,,,,,,,,,,,,,,,,,,,,,,,,,,,,,,,,,,,,,,,,,,
                Brussowvirus,1623303,,,,,,,,,,,,,,,,,,,,,,,,,,,,,,,,,,,,,,,,,,0.36,0.11,0.23,0.35,,0.29,,,,0.14,,,,0.15,0.28,,,,,,,,,,,,,,,,,,,,,,,,,,,,,,,,,,,,,,,,,,,,0.35,0.34,,,,,,,0.08,,,0.11,0.19,
                Moineauvirus,1623304,,,,,,,,,,,0.24,,,,,,,,,,,,,,,,,,,,,,,,,,,,,,,0.98,0.2,0.34,0.37,,0.46,,0.77,0.6,0.15,,,,0.31,1.16,,,,,,,,,,,,,,,,,,,,,,,,,,,,,,,,,,,,,,,,,,,,,,,,,,,,0.06,,,,,
              Skunavirus,1623305,0.52,0.37,,0.61,0.23,1.08,0.69,0.71,1.34,1.12,1.17,0.87,0.9,0.29,,0.97,0.7,1.74,,0.09,0.31,0.42,0.34,1.86,1.99,0.69,0.92,0.27,0.39,,,0.16,,0.11,,0.25,,,0.22,,,0.56,0.23,0.55,0.84,,0.96,0.5,0.21,,0.53,,,0.2,0.3,0.68,,,,,,,,,,,,,,,,0.06,,,,,,,,,,,0.16,0.22,,0.01,0.37,,0.45,1.44,,0.37,0.99,,,,0.18,,0.36,0.33,0.36,0.29,0.22,0.7,0.14,0.13,0.15,0.21,0.38,0.12,0.08,0.28,0.17
                  Mammarenavirus,1653394,,,,,,,,,,,,,,,,,,,,,,,,,,,,,,,,,,,,,,,,,,,,,,,,,,,,,,,,,,,,,,,,,,,,,,,,,,,,,,,,,,,,,,,,,,,,,,,,,,,,,,,,,,,,,,,,0.08,
              Lessievirus,1720323,0.18,,,,,,,,,,0.05,,,,,,,,,,,,,,,,,,,,,,,,,,,,,,,0.15,0.16,0.14,0.11,,,,,,,0.18,0.81,,,,,,,,,,,,,,,,,,,,0.29,0.16,0.19,0.14,0.58,,0.08,,0.26,0.15,0.22,,,,,,,,,,,,,,,,,,,,,,,,,0.03,,,,,
              Hollowayvirus,1720324,0.2,,,,,,,,,0.2,0.07,,,,,,,,,,,,,,,,,,,,,0.12,,,,,,,,,,0.55,0.38,0.35,0.63,,0.4,0.24,,0.2,0.27,,0.25,,0.23,0.35,,,,,,,,,,,,,,,,0.11,0.39,0.1,0.19,0.07,,0.28,0.26,,1.49,0.25,0.3,0.1,,,,,0.31,,,,,,,,0.09,,,,,,,,,0.17,0.11,0.06,,,,,
                  Sicinivirus,1755587,,,,,,,,,,,,,,,,,,,,,,,,,,,,,,,,,,,,,,,,,,,,,,,,,,,,,,,,,,,,,,,,,,,,,,,,0.06,,,,,,,,,,,,,,,,,,,,,,,,,,,,,,,,,,,,,,,,,
                  Kayvirus,1857843,,,,,,,,,,,,,,,,,,,,,,,,,,,,,,,,,,,,,,,,,,,,,,,,,,,,,,,,,,,,,,,,,,,,,,,,,,,,,,,,,,,,,,,,,,,,,,,,,,,,,,,,,,,,0.02,,,,,
                  Silviavirus,1857889,,,,,,,,,,,,,,,,,,,,,,,,,,,,,,,,,,,,,,,,,,,,,,,,,,,,0.28,,,,,,,,,,,,,,,,,,,,,,,,,,,,,,,,,,,,,,,,,,,,,,,,,,,,,,,,,,,,,
                Betapolyomavirus,1891714,,,,,,,,,,,,,,,,,,,,,,,,,,,,,,,,,,,,,,,,,,,,,,,,,,,,,0.34,,,,,,,,,,,,,,,,,,,,,,,,,,,,,,,,,,,,,,,,,,,,,,,,,,,,,,,,,,,,
                  Agatevirus,1910931,0.16,,,,,,,,,,,,,,,,,,,,,,,,,,,,,,,,,,,,,,,,,,,,,,,,,,,,,,,,,,,,,,,,,,,,,,,,,,,,,,,,,,,,,,,,,,,,,,,,,,,,,,,,,,,,,,,,
                  Alphatrevirus,1910951,,,,,0.1,,,,,,0.09,,,,,,,,,,,,0.08,,,,,,,,,,,,,,0.17,,,,,0.12,0.08,0.11,0.13,,,,,,,,,,,,0.24,0.26,0.39,,0.49,0.3,,,,,,0.36,0.25,,,0.05,,,,,,0.18,0.16,,0.21,,,0.12,,,,,0.24,,,0.22,0.25,,,,,,,,,,,,,,,,,,,,
                  Gequatrovirus,1910952,,,,,0.07,,,,,,0.21,,,,,,,,,,,,,0.13,,,0.18,,,,,,,,,,,,,0.57,,0.12,0.14,,,,,,,,,,,,,,,,,,,,,,,,,,,,,,0.16,0.13,0.12,0.11,,,,,0.17,0.09,,,,,,,,,,,,,,,,,,,,,,,,,,,,,,,
                  Sinsheimervirus,1910954,,,,0.04,,,,,,,0.21,,,,,,,,,,,,,,,,,,,,,,,,,,,,,,,,0.25,,,,,,,,,,,,,,,,,,,,,,,,,,,,,,,,,,,,,,,,,,,,,,,,,,,,,,,,,,,,,,,,,0.03,,,,,
                  Jerseyvirus,1910991,,,,,,,,,,,,,,,,,,,,0.02,0.14,0.12,0.06,,,0.23,0.12,,,,,,,,,,,,,,,,0.1,0.08,0.08,,0.55,,0.53,,,0.23,,,,,,,,,,,,,,,,1.32,,,,0.05,,,,,,,,,,,,,,,,,,,,,,,,,,,0.59,0.19,,,,,0.56,0.83,0.13,0.03,0.25,,0.3,0.21,0.71
                  Kagunavirus,1910992,0.23,0.11,,0.12,0.1,0.38,,,0.46,0.6,0.39,0.83,6.17,1.78,3.24,2.28,3.91,3.08,,0.19,2.0,1.41,0.83,2.13,1.17,1.1,1.36,1.11,1.32,1.35,,0.79,0.37,0.73,0.53,0.54,1.0,0.81,1.05,1.24,0.84,0.44,0.68,0.5,0.57,1.8,1.43,0.83,0.62,0.52,0.33,0.58,1.02,0.63,1.17,0.46,0.84,0.84,1.1,1.11,1.01,1.0,0.71,0.76,0.58,1.48,0.38,2.53,0.81,0.89,0.67,0.18,0.34,0.28,0.19,0.4,0.92,0.13,0.11,0.22,0.21,0.22,0.44,0.67,1.55,,0.78,,0.73,0.49,,0.64,0.5,0.64,,0.04,0.24,2.01,5.82,0.58,0.56,0.31,0.28,,1.28,8.04,0.45,0.39,1.29,0.96,0.88,1.43,7.84
                  Cornellvirus,1910993,,0.08,,,,,,,,,0.08,,1.58,0.33,,,,1.58,,0.04,0.4,0.22,0.07,0.28,0.41,0.52,0.17,,,,,0.14,,0.12,,,,,,,,0.16,0.56,0.32,0.27,,1.06,0.3,,,0.2,0.69,0.47,1.02,,,,,,,,,,,,,,,,,,0.21,,,,,,,,,,,,,0.88,,,,0.96,,,,,,,,0.23,,0.98,0.56,,0.31,,,1.96,1.0,0.38,0.08,1.03,0.26,1.33,0.57,0.55
                  Alphacarmovirus,1911599,,,,,,,,,,,0.09,,,0.24,,,,,,0.02,,,0.05,,0.16,,0.21,,,,,,,,,,,,,,,,,,,,,,,,,,,,,,,,,,,,,,,,,,0.17,,,0.16,,,,,,0.13,0.08,0.29,,0.09,0.12,0.1,,,,,,,,0.22,,,,,,,,,,,,,,,,,,,,,
                  Gammacarmovirus,1911601,,0.33,0.39,0.23,0.19,,,,0.16,0.15,0.13,,1.65,4.08,3.95,3.19,6.42,,1.59,1.73,4.54,3.5,3.13,0.14,0.58,0.19,0.71,0.76,2.37,0.34,,,1.22,0.65,0.48,0.69,3.62,2.08,0.27,0.95,,0.09,0.18,0.3,0.19,,0.51,1.09,1.55,0.52,1.81,,0.39,0.28,,0.26,2.84,2.6,2.06,2.84,2.14,1.18,3.3,3.9,7.21,,5.84,1.63,3.14,7.01,2.89,0.87,,1.3,0.27,0.71,1.19,0.3,0.26,1.45,,0.32,0.94,1.64,,,0.92,,,,0.4,0.29,0.4,0.37,0.01,,0.24,,,,,0.43,,,,,,,0.26,0.18,,,
                  Caeruleovirus,1911929,,,,,,,,,,,,,,,,,,,,,,,,,,,,,,,,,,,,,,,,,,,,,,,,,0.56,,,,,,,,,,,,,,,,,,,,,,,,,,,,,,,,,,,,,,,,,,,,,,,,,,,,,,,,,,,,,,,,
                  Mosigvirus,1913652,,,,,,,,,,0.21,,,,,,,,,,,,,,,,,,,,,,,,,,,,,,,,,,,,,,,,,,,,,,,,,,,,,,,,,,,,,,,,,,,,,,,,,,,,,,,,,,,,,0.01,,,,,,,,,,,,,0.02,,,,,
                  Gelderlandvirus,1913653,,,,,,,,,,,,,,,,,,,,,,,,,,,,,,,,,,,,,,,,,,,,,,,,,,,,,,,,,,,,,,,,,,,,,,,,,,,,,,,,,,,,,,,,,,,,,,,,,,,,0.12,,,,,0.14,,,0.13,,,,0.1,
                  Gaprivervirus,1913654,,,,,,,,,,,0.06,,,,,,,,,,,,,,,,,,,,,,,,,,,,,,,,0.07,,,,,,,,,,,,,,,,,,,,,,,,,,,,,,,,,,,,,,,,,,,,,,,,,,,,,,,,,,,,,,,,,0.02,,,,,
                  Dhakavirus,1914165,,,,,,,,,,,,,,,,,,,,,,,,,,,,,,,,,,,,,,,,,,,,,,,,,,,,,,,,,,,,,,,,,,,,,,,,,,,,,,,,,,,,,,,,,,,,,,,,,,,,,,,,,,,,0.03,,,,,
              Certrevirus,1914850,,,,,,,,,,,,,,,,,,,,,,,0.05,,,,,,,,,0.15,,,,,,,0.1,,,0.11,0.06,,0.13,,,0.26,,,,,,,,,,,,,,,,,,,,,,,,,,,,,,,,,0.24,,,,,,,,,,,,,,,,,,,,,0.23,,,,,,0.03,,,0.05,,
              Seunavirus,1914851,,,,,,,,,,,,,,,,,,,,,,,0.05,,,,,,,,,,,,,,,,,,,,,0.18,0.08,,,,,,,,,,,,,,,,,,,,,,,,,,,0.03,,,,,,,,,,,,,,,,,,,,,,,,,,,,,,,,,,,,,,,,,
              Vequintavirus,1914852,,,,0.09,0.06,,0.19,,,0.35,0.24,0.21,,,,,,,,,,,,,,,,,,,,,,,,,,,,,,0.99,0.22,0.44,0.34,,0.34,0.3,,0.42,0.27,,0.24,0.21,0.4,0.51,,,,,,,,,,,,0.39,0.25,,,,,,0.08,,0.62,,0.19,,0.33,0.09,0.22,0.15,,,,,0.26,,,0.19,0.36,,,,0.25,,,,,,0.51,,,,,0.36,,,,,
              Obolenskvirus,1915205,,,,,,,,,,,0.08,,,,,,,,,0.04,0.24,0.23,0.09,,0.11,0.18,0.09,,,,,0.16,,,,,,,0.16,,,0.24,0.15,0.16,0.23,,,0.23,,,,0.45,0.45,1.34,,,,,,,,,,,,,,0.33,,,,,,,,,,,,,,,,,,,,,0.39,,,,,,,,,,,0.22,,,,,0.31,0.52,0.08,0.03,,0.26,1.13,0.21,0.35
              Jilinvirus,1918725,0.23,,,,,,,,,,,,,,,,,,,,,,,,,,,,,,,0.14,,,,,,,,,,,,,,,,,,,,,,,,,,,,,,,,,,,,,,,,,,,,,,,,,,,,,,,,,,,,,,,,,,,,,,,,,,,,,,,,,
              Mapvirus,1920750,,,,,,,,,,,,,,,,,,,,,,,,,,,,,,,,,,,,,,,,,,,,,,,,,,,,,,,,,,,,,,,,,,,,,,,,,0.18,0.26,0.18,0.06,,,,,,0.11,,0.13,,,,,,,,,,,,,,,,,,,,,,,,,,,,,
                  Gamaleyavirus,1920753,,0.13,,0.1,0.05,,,,,0.54,0.28,,0.49,0.49,1.96,0.46,1.82,1.59,0.71,0.07,1.02,0.96,0.64,1.12,0.96,0.62,0.79,0.27,,0.32,,0.49,0.21,0.48,1.05,0.37,0.58,,1.02,,,1.22,1.62,1.41,0.58,,1.43,0.69,0.88,0.58,0.24,1.43,0.34,0.38,0.67,0.33,0.33,0.36,0.54,0.35,0.72,0.28,0.4,0.62,0.58,,,0.36,0.4,0.33,0.38,0.05,,0.09,,0.08,0.62,0.2,0.34,0.31,0.31,,0.14,0.19,,0.02,,,,,,0.21,,,,,0.15,,1.1,0.19,6.65,0.45,,,0.54,0.26,0.28,0.12,0.14,0.17,0.51,0.16,0.17
                  Litunavirus,1920762,,,,0.04,,,,0.34,,,0.08,,,,,,,,,,,,,,,,,,,,,0.08,,,,,,,,,,,0.08,0.1,0.1,,,,,,,,0.19,,0.55,,,,,,,,,,,,,,,,,,,,,,,,0.13,,,,,0.24,,,,,,,,,,,0.01,,,,,,,,,,,,,,,,,,
                  Drulisvirus,1920774,,,,0.05,0.04,,,,0.16,0.31,0.29,0.29,1.02,0.37,2.0,1.05,1.22,1.54,,0.09,0.66,0.38,0.26,0.95,0.71,0.72,0.53,0.96,,0.34,,0.86,,0.55,1.82,0.26,0.37,0.65,0.34,,0.61,0.97,2.9,1.92,2.03,,1.83,6.15,2.01,0.98,1.6,1.84,1.52,0.56,1.09,1.43,,,,,,,,,,,,,,,,0.28,,0.11,0.23,0.17,0.73,0.21,,,0.41,0.16,0.43,0.2,,0.02,,,0.26,,,,,,,0.09,0.19,1.06,1.64,0.95,0.37,0.26,0.95,0.21,1.13,0.88,0.41,1.51,0.47,0.36,1.07,0.58,0.51
                Webervirus,1920860,,,,,,,,,,,0.05,,1.2,0.91,3.14,2.42,3.26,3.56,1.53,0.15,1.84,1.25,0.73,0.87,0.68,0.8,0.5,4.41,3.34,3.75,8.42,6.23,4.04,3.13,6.42,3.46,2.93,3.99,3.86,5.1,5.36,0.25,0.3,0.3,0.82,,0.22,,,,0.25,,0.28,0.11,2.89,0.38,0.19,,,,0.21,,,,,,,0.55,0.28,,,0.11,,,,,,,,,,,,0.17,0.41,0.02,0.41,,1.85,,,0.26,0.4,0.34,,,0.35,1.34,2.17,0.47,10.43,1.48,1.48,3.4,1.27,1.37,2.01,1.24,1.0,0.79,1.28,0.21,1.34
                  Tlsvirus,1920865,,,,,,,,,,,,,,,,,,,,,,,,,,,,,,,,,,,,,,,,,,,,,0.08,,,,,,,,,,,,,,,,,,,,,,,,,,,,,,,,,,,,,,,,,,,,,,,,,,,,,,,,,0.16,,,,,,0.07,,,,,
              Nonagvirus,1921117,,,,,,,,,,,,,,,,,,,,,,,,,,,,,,,,,,,,,,,,,,0.23,0.09,,0.13,,,,,,,,,,,,,,,,,,,,,,,,,,,,,,,,,,,,,,0.12,,,,,,,,,,,,,,,,,,,,,,,,,,,,,,
              Nonanavirus,1921122,,,,,,,,,,,,,,,,,,,,,,,,,,,,,,,,,,,,,,,,,,,0.07,,,,,,,,,,,,,,,,,,,,,,,,,,,,,,,,,,,,,,,,,,,,,,,,,,,,,,,,,0.37,,,,,,,,,,,,0.32,
                  Pakpunavirus,1921407,,,,,,,,,,,,,,,,,,,,,,,,,,,,,,,,,,,,,,,,,,,,,,,,,,,,,,0.28,,,,,,,,,,,,,,,,,,,,,,,,0.42,,,,,,0.11,,,,,,,,,,,,,,,,,,,,,,,,,,,,,
              Kleczkowskavirus,1921525,,,,,,,,,,,,,,,,,,,,,,,,,,,,,,,,,,,,,,,,,,,,,,,,,,,,,,0.13,,,,,,,,,,,,,,,,,,,,,,,,,,,,,,,,,,,,,,,,,,,,,,,,,,,,,,,,,,,
              Septimatrevirus,1921544,,,,,,,,,,,0.1,,,,,,,,,,,,,,,,,,,,,,,,,,,,,,,0.54,0.34,0.63,0.52,,0.56,0.54,,0.25,0.15,,0.19,,0.48,0.81,,,,,,,,,,,,,,,,0.1,,0.07,0.13,0.12,,,,,,,0.23,0.1,,,,,0.81,,,,,,,,0.1,,,,,,0.17,,,0.12,0.07,0.1,,,,,
                  Wphvirus,1922327,,,,,,,,,,,,,,,,,,,,,,,,,,,,,,,,,,,,,,,,,,,,,,,,,,,,,,,,,,,,,,,,,,,,,,,,,,,,,,0.13,,,,,,,,,,,,,,,,,,,,,,,,,,,,,,,,,,,
              Enhodamvirus,1922329,,,,,,,,,,,,,,,,,,,,,,,,,,,,,,,,,,,,,,,,,,,,,,,,,0.24,,,,,,,,,,,,,,,,,,,,,,,,,,,,,,,,,,,,,,,,,,,,,,,,,,,,,,,,,,,,,,,,
                Gemykibivirus,1941236,0.42,0.19,,0.96,0.04,1.14,,0.34,,,0.14,,1.74,3.05,1.05,10.59,1.56,2.63,4.53,1.91,2.66,1.52,1.24,2.72,5.8,4.42,3.14,,0.47,0.34,,,5.31,0.44,0.67,0.26,,,,,,0.69,4.53,2.28,2.16,,0.39,0.38,0.68,0.23,0.35,,0.45,0.12,,,0.95,5.3,0.99,2.04,1.47,1.14,1.08,5.17,7.0,10.43,8.36,0.81,2.2,4.63,3.4,0.11,,0.14,,0.14,,,,2.62,0.34,,0.35,0.37,2.24,,0.75,,0.57,5.26,2.39,0.19,0.35,3.97,,,0.37,,0.56,0.16,0.58,13.66,,,0.29,0.15,0.06,0.1,0.44,0.18,0.22,0.15,0.26
                Gemykolovirus,1941238,,,,,,,,,,,,,,,,,,,,,,,,,,,,,,,,,,,,,,,,,,,,,,,,,,,,,,,,,,,,,,,,,,,0.66,,,,0.35,,,,,,,,,,,,,,,,,,,,,,,,,,,,,,,,,,,,,,,,,,
                  Orthonairovirus,1980517,,,,,,,,,,,,,,,,,,,,,,,,,,,,,,,,,,,,,,,,,,,,,,,,,,,,,,,,,0.17,,,,,,,,,,,,,,,,,,,,,,0.13,,0.17,,,,,,,,,,,,,,,,,,,,,,,,,,,,,,,,
                  Sepunavirus,1980928,,,,,,,,,,,,,,,,,,,,,,,,,,,,,,,,,,,,,,,,,,,,,,,,,,,,,,,,,,,,,,,,,,,,,,,,,,,,,,,,,,,,,,,,,,,,,,,,,,,,,,,,,,,,0.03,,,,,
              Yokohamavirus,1980938,,,,,,,,,,,,,,,,,,,,,,,,,,,,,,,,,,,,,,,,,,,,,,,,,,,,,,,,,,,,,,,,,,,,,,,,,,0.08,,,,,,,,,,,,,,,,,,,,,,,,,,,,,,,,,,,,,,,
              Korravirus,1982076,,,,,,,,,,,,,,,,,,,,,,,,,,,,,,,,,,,,,,,,,,,,,,,,,,,,,,,,,,,,,,,,,,,,,,,,,,,,,,,,,,,,,,,,,,,,,,,,,,,,,,,,,,,,0.01,,,,,
              Mudcatvirus,1982088,0.39,,,,,,,,,,0.1,,,,,,,,,,,,0.06,,,,,,,,,0.14,,,,,,,0.1,,,0.16,0.07,,0.08,,,,,,,,,,,,0.16,,,0.41,,,,,0.45,,,,,0.28,,0.03,,,,,,,,,,,,,,,,,,0.28,1.7,,,,,,,,,,,,,,,0.12,0.08,0.14,,,,,0.11
                  Abidjanvirus,1982095,,,,,,,,,,,,,,,,,,,,,,,,,,,,,,,,,,,,,,,,,,0.26,0.1,0.17,0.2,,0.5,0.32,,,,,,,0.11,0.18,,,,,,,,,,,,,,,,,,,,,,,,,,,,,,,,,,,,,,,,,,,,,,,,,,,,0.02,,,,,
              Eiauvirus,1982111,,,,,,,,,,,,,,,,,,,,,,,,,,,,,,,,,,,,,,,,,,,,,,,,,,,,0.23,,,0.69,,,,,,,,,,,,,,,,,,,,,,,,,,,,,,,,,,,,,,,,,,,,,,,,,,,,,,,,,,
              Gordonvirus,1982152,0.79,,,,0.04,,,,,,0.09,,,,,,,,,,,,,,,,0.08,,,,,0.19,,,,,,,,,,0.09,0.11,0.09,,,,,,,,,,,,,,,,,,,,,,,,,,,,,,,,,,,,,,,,0.12,,,,,,0.26,6.65,,,,,,0.1,,,,,,0.15,,,0.12,0.07,0.13,,,,,0.12
              Gordtnkvirus,1982218,,,,,,,,,,,,,,,,,,,,,,,,,,,,,,,,,,,,,,,,,,,,,,,,,,,,,,,,,,,,,,,,,,,,,,,,,,,,,,,,,,,,,,,,,,,,,,,,,,,,,,,,,,,,0.01,,,,,
              Nipunavirus,1982239,,,,,,,,,,,,,,,,,,,,,,,,,,,,,,,,0.08,,,,,,,,,,0.33,0.17,0.14,0.27,,0.2,0.28,0.22,0.31,0.16,,,,0.22,0.18,,,,,,,,,,,,,,,,,0.18,,0.08,,,0.16,,,0.19,0.1,0.4,,,,0.78,,0.24,,,,,,,,,,0.2,,,,,,,,0.06,0.05,,,,,
              Pahexavirus,1982251,,,,,,,,,,,,,,,,,,,,,,,,,,,,,,,,,,,,,,,,,,,,,,,,,,,,,,,,,,,,,,,,,,,,,,,,,,,,,,,,,,,,,,,,,,,,,,,,,,,,,,,,,,,,0.02,,,,,
                  Pamexvirus,1982355,,,,,,,,,,,,,,,,,,,,,,,,,,,,,,,,,,,,,,,,,,,,,0.08,,,,,,,,,,,,,,,,,,,,,,,,,,,,,,,,,,,,,,,,,,,,,,,,,,,,,,,,,,,,,,,,,,,,
              Pepyhexavirus,1982367,,,,0.04,0.05,,,,,0.1,0.1,0.31,,,,,,,,,,,,0.23,,,0.1,,,,,0.11,,,,,,,,,,0.21,0.14,0.14,0.12,,0.17,,,,,,,,0.13,,,,,,,,,,,,,0.39,,,,0.03,,,,,,,,,,,,1.57,1.98,,,,,2.7,0.53,,1.78,,,0.04,0.82,,,0.09,,,0.17,,,0.14,0.13,0.17,,,0.08,,0.11
              Roufvirus,1982370,,,,,,,,,,,,,,,,,,,,0.02,,0.12,0.12,0.11,0.19,,0.11,,,,,0.15,,0.12,,,0.11,,0.2,,,,0.08,,,,,,,,,,,,,,,,,,,,,,,,,,,,,,,,,,,,,,,,,,,,,,,,,,,,,,,,,,,,,,0.13,,,,,,,,
              Titanvirus,1982573,,0.07,,,,,,,,,,,,,,,,,,,,,,,,,,,,,,,,,,,,,,,,,,0.08,,,,,,,,,,,,,,,,,,,,,,,,,,,,,,,,,,,,,,,0.11,,,,,,,,,,,,,,,,,,,,,,,,,,,,,,
                  Johnsonvirus,1982576,,,,,,,,,,,,,,,,,,,,,,,,,0.12,,,,,,,0.25,,0.11,,,,,,0.42,,0.11,0.1,0.1,,,0.15,,,,,,,,,,,,,0.41,,,,,,,,,,,,0.03,,,,,,,,,,,,0.1,,,,,,,,,,,0.02,,,,,,,,,,,,,0.02,,,,,
              Kochitakasuvirus,1982590,,,,,,,,,,,,,,,,,,,,,,,,,,,,,,,,,,,,,,,,,,0.08,,,,,,,,,,,,,,,,,,,,,,,,,,,,,,,,,,,,,,,,,,,,,,,,,,,,,,,,,,,,,,,,,,,,,,,
                  Luzseptimavirus,1982594,,,,,,,,,,,,,,,,,,,,,,,,,,,,,,,,,,,,,,,,,,0.07,,,,,,,,,,,,,,,,,,,,,,,,,,,,,,,,,,,,,,,,,,,,,,,,,,,,,0.23,,,,,,,,,,,,,,,,,,
              Likavirus,1982880,,,,,,,,,,,,,,,,,,,,,,,,,,,,,,,,,,,,,,,,,,,,,,,,,,,,0.28,,,,,,,,,,,,,,,,,,,,,,,,,,,,,,,,,,,,,,,,,,,,,,,,,,,,,,,,0.03,,,,,
              Coopervirus,1982898,,0.1,,0.04,0.08,0.34,,,,,,,,,,,,,,,,,,,,,,,,,,,,,,,,,,,,,,,,,,,,,,,,,,,,,,,,,,,,,,,,,,,,,,,,,,,,,,,,,,,,,,,,,,,,,,,,,,,,,,,,,,,
              Rosebushvirus,1982900,,,,,,,,,,,,,,,,,,,,,,,,,,,,,,,,,,,,,,,,,,,,,,,,,,,,,,,,,,,,,,,,,,,,,,,,,,,,,,,,0.45,,,,,,,,,,,,,,,,,,,,,,,,,,,,,,,,,
              Fishburnevirus,1983734,,,,,,,,,,,,,,,,,,,,,,,,,,,,,,,,,,,,,,,,,,,,,,,,,,,,,,,,,,,,,,,,,,,,,,,,,,,,,,,,,,,,,,,,,,,,,,,,,,,,,,,,,,,,0.12,,,,,
                  Kolesnikvirus,1985293,,,,,,,,,,,,,,,,,,,,,,,,,,,,,,,,,,,,,,,,,,,0.07,,,,,,,,,,,,,,,,,,,,,,,,,,,,,,,,,,,,0.12,,,,,,,,,,,,,,,,,,,,,,,,,,,,,,,,,,
                  Mooglevirus,1985303,,,,,,,,,,,,,,,,,,,,,,,,,,,,,,,,,,,,,,,,,,,0.09,,,,,,,,,,,,,,,,,,,,,,,,,,,,,,,,,,,,,,,,,,,,,,,,,,,,,,,,,,,,,,,0.17,,0.03,,,0.1,,0.08
                  Jiaodavirus,1985325,,,,,,,,,,,,,,,,,,,,,,,,,,,,,,,,,,,,,,,,,,,,,,,,,,,,,,,0.16,,,,,,,,,,,,,,,,,,,,,,,,,,,,,,,,,,,,,,,,,,,,,,,,,,,0.17,,0.07,,,0.05,,
                Slopekvirus,1985328,,,,,,,,,,,,,,,,,,,,,,,,,,,,,,,,,,,,,,,,,,,0.15,0.12,0.21,,0.62,,,,,,,,,,,,,,,,,,,,,,,,,,,,,,,,,,,,,,,,,,,,,,,,0.04,,,,,,,,2.86,,,,0.08,2.47,,0.16,0.07,,
                  Moonvirus,1985329,,,,,,,,,,,,,,,,,,,,,,,,,,,,,,,,,,,,,,,,,,,,,,,,,,,,,,,,,,,,,,,,,,,,,,,,,,,,,,,,,,,,,,,,,,,,,,,,,,,,,,,,,,,,0.02,,,,,
                Gemyduguivirus,1985365,,,,,,,,,,,,,,,,,,,,,,,,,,,,,,,,,0.39,,,,,,,,,,,,,,,,,,,,,,,,,,,,,,,,,,,,,,,,,,,,,,,,,,,,,,,,,,,,,,,,,,,,,,,,,,,,,,,,
                Gemygorvirus,1985366,,,,,,,,,,,,,,0.18,,,,,0.89,0.03,,,,,0.21,,,,,,,,0.42,,,,,,,,,,0.11,,0.1,,,,,,,,,,,,,0.44,,,,,,,,,1.24,,,,0.46,,,,,,,,,,,,,,,,,,,0.47,,,,0.32,,,,,,,,,,,,,,,,,,,
                Gemykrogvirus,1985367,,,,,0.08,,,,,0.21,0.06,,,0.72,,0.6,,,,0.05,0.16,0.13,0.06,,0.11,,,,,,,,,,,,,,,,1.23,,0.08,0.3,0.69,,,,,,,,,,,,0.27,3.98,0.47,0.69,1.91,0.23,0.31,,0.89,,0.63,,0.3,0.55,,0.09,,0.25,,0.08,,,,,,,,,,,,,,0.42,,0.29,,0.34,,,,2.68,0.16,,,0.51,,,0.19,,,0.02,0.16,0.17,0.19,,0.08
                  Friunavirus,1985711,,,,0.04,,,2.12,0.58,,,0.26,,,,,,,,,,,,,,,,,,,,,,,,,,,,,,,0.18,0.18,0.37,0.27,,0.22,0.46,0.23,0.23,0.34,1.54,1.5,5.06,,0.57,,,,,,,,,,,,,,,,,,0.06,,,,0.24,0.08,,,,,,,,,,,,,,0.28,,,,,,,,,,,,0.11,,,0.04,,,0.77,,
                  Przondovirus,1985720,,,,,,,,,,,0.11,,,0.34,1.19,0.95,0.51,0.93,,0.04,0.38,0.24,0.16,0.41,0.43,0.45,0.19,,,,,0.23,,0.16,1.06,,0.2,0.25,0.22,,,0.7,0.33,0.34,0.38,,0.82,0.38,0.48,0.52,0.13,0.14,,0.53,0.35,0.42,,,,,,,,,,,,,,,,0.04,,,,,,,,,0.28,,,,,,,,,,,,,,0.04,0.39,,,2.0,0.18,0.52,0.7,7.64,23.76,0.33,0.8,0.17,10.39,0.79,0.2,0.27,0.1,0.4
                  Pradovirus,1985733,,0.07,,0.04,0.03,,,,,,,,,0.25,0.81,1.26,0.82,0.61,,0.06,0.37,0.21,0.18,0.22,0.24,0.16,0.12,,,,,0.12,0.21,0.11,,,,,,,,0.11,0.2,0.13,,,,0.22,,0.48,,,,0.22,,0.18,0.32,0.44,,0.97,0.27,0.67,0.45,,1.25,1.27,0.21,0.55,0.35,1.11,0.55,0.06,,,0.07,0.06,,0.25,0.9,,0.17,0.22,,,,0.16,,,0.24,,,,,,,,,,0.17,,,0.16,,,0.12,0.16,0.23,0.14,,,0.11,0.06,0.09
                Wildcatvirus,1993858,,,,,,,,,,,,,,,,,,,,,,,,,,,,,,,,,,,,,,,,,,,,,,,,,,,,,,,,,,,,,,,,,,,,,,,,,,,,,,,,,,,,,,,,,,0.26,,,,,,,,,,,,,,,,,,,,,,,
          Pandoravirus,2060084,0.53,,,,0.09,,0.46,,1.56,0.35,0.25,,,,,,,,,,,,0.13,0.56,,0.47,0.39,,,,,0.16,,,,,,,0.21,,,0.69,0.63,0.54,0.46,,,0.85,,,,,0.58,,0.7,,,0.64,,,,,,,,,2.19,,,,,0.06,,0.2,0.27,,,0.26,0.7,,0.69,,1.26,,,,,,1.38,,,,,1.21,0.03,,0.27,,,,,,,,,,,0.13,,,,0.15,
                  Tupanvirus,2094720,,,,,,,,,,,,,,,,,,,,,,,,,,,,,,,,,,,,,,,,,,0.1,0.07,,0.08,,,,,,,,,,,,,,,,,,,,,,,,,,,,,,,,,,,,,,,,,,,,,,,,,,,,,,,0.25,,,0.21,,,,0.16,0.14,,,0.06,0.19,0.11
                  Agtrevirus,2169532,,,,,,,,,,,,,,,,,,,,,,,,,,,,,,,,,,,,,,,,,,,0.07,,,,,,,,,,,,,,,,,,,,,,,,,,,,,,,,,,,,,,,,,,,,,,,,,,,,,,,,,,,,,,0.13,0.21,,0.04,,,0.19,,0.1
                  Kuttervirus,2169536,,,,,,,,,,,0.05,,,,,,,,,,,,,,,,,,,,,,,,,,,,,,,0.08,,,0.08,,,,,,,,,,,,,,,,,,,,,,,,,,,,,,,,,,,,,,,,,,,,,,,,,,,,,,,,,,,,,,,0.05,,,0.07,,0.1
              Limdunavirus,2169621,0.19,0.09,,0.2,0.09,,0.15,,0.34,0.19,0.19,,,,,,,,,0.02,,,0.06,,,,0.07,,,,,,,,,,,,,,,,,,0.21,,,,,,,,,,,0.18,,,,,,,,,,,,,,,,,,,,,,,,,,,,,,,,,,,,,,,,,,,,0.08,,,,,0.13,,0.18,0.03,,,0.07,0.06,
              Unaquatrovirus,2169622,,,,,,,,,,0.1,0.07,,,,,,,,,,,,,,,,,,,,,,,,,,,,,,,,,,0.29,,,,,,,,,,,,,,,,,,,,,,,,,,,,,,,,,,,,,,,,,,,,,,,,,,,,,,,,,,,,,,,,,,,,
                Machinavirus,2169624,,,,,,,,,,,,,,,,,,,,,,,,,,,,,,,,,,,,,,,,,,0.28,,0.09,0.08,,,,,,0.16,,,,0.13,,,,,,,,,,,,,,,,,,,,0.11,,,,,,,,,,,,,,,,,,,,,,,,,,,,,,,,,0.02,,,,,
              Svunavirus,2169625,,,,,,,,,,,,,,,,,,,,,,,,,,,,,,,,,,,,,,,,,,0.07,,,,,,,,,,,,,,,,,,,,,,,,,,,,,,,,,,,,,,,,,,,,,,,,,,,,,,,,,,,,,,,,,,,,,,,
                  Jwalphavirus,2169642,,,,,,,,,,,,,,,,,,,,,,,,,,,,,,,,,,,,,,,,,,,,,,,,,,,,,,,0.24,,,,,,,,,,,,,,,,,,,,,,1.1,,,,0.2,,,,,,,,,,,,,,,,,,,,,,,,,,0.07,,,,,,
                  Ithacavirus,2169643,,,,0.05,,,,,,,0.06,,,,,,,,,,,,,0.18,0.14,0.22,0.09,,,,,,,,,,,,,,,0.17,0.42,0.31,0.22,,0.3,0.38,,,1.11,,,0.2,0.16,0.29,,,,,,,,,,,,,,,,0.06,,,,0.06,,,,,,,,,,,,,,,,0.41,,,,,,,,,,,,,,0.45,,0.02,,,0.06,,0.38
                Sopolycivirus,2169646,,0.29,,0.04,,,,,,,,,,,,,,,,,,,,,,,,,,,,,,,,,,,,,,,,,,,,,,,,,,,,,,,,,,,,,,,,,,,,,,,,,,,,,,,,,,,,,,,,,,,,,,,,,,,,,,,,,,,,,
              Doucettevirus,2169653,,,,,,,,,,,,,,,,,,,,,,,,,,,,,,,,,,,,,,,,,,0.11,,0.11,0.07,,,,,,,,,,,,,,,,,,,,,,,,,,,,,,,,,,,,,,,,,,,,,,,,,,,,,,,,,,,,,,,,,,,,
                  Wizardvirus,2169658,,,,,,,,,,,,,,,,,,,,,,,,,,,,,,,,,,,,,,,,,,0.09,,,,,,,,,,,,,,,,,,,,,,,,,,,,,,,,,,,,,,,,,,,,,,,,,,,,,,,,,,,,,,,,,,0.03,,,,,
                Huchismacovirus,2169662,,,,,,,,,,,,,,,,,,,,,,,,,,,,,,,,,,,,,,,,,,,,,,,,,,,,,,,,,,,,,,,,,,,,,,,,,,0.06,,,,,,,,,,,,,,,,,,,,,,,,,,,,,,,,,,,,,,,
                Porprismacovirus,2169663,,,,,,,,,,,,,,,,,,,,,,,,,,,,,,,,,,,,,,,,,,,,,,,,,,,,,,,,,,,,,,,,0.42,,,0.21,,,,,,,,,,,,,,,,,,,,,,,,,,,,,,,,,,,,,0.19,,,,0.03,,,,,
                Husavirus,2219049,,,,,0.05,,,,,,,,,,,,,,,,,,,,,,,,,,,,,0.1,,0.19,0.22,,,,,,,,,,,,,,,,,,,,0.47,0.44,1.01,1.0,0.95,0.56,0.61,0.76,0.53,,0.53,0.91,0.75,0.42,0.41,,,,,,,,,,,,,,,,,,,,,,,,,,,,,,,0.29,,,,,,,,,,,
                    Mobatvirus,2501367,,,,0.06,,,,,,,,,,,,,,,,,,,,,,,,,,,,,,,,,,,,,,,,,,,,,,,,,,,,,,,,,,,,,,,,,,,,,,,,,,,,,,,,,,,,,,,,,,,,,,,,,,,,,,,,,,,,,
                    Pregotovirus,2508244,,,,,,,,,,,,,,,,,,,,,,,,,,,,,,,,,,,,,,,,,,,,,,,,,,,,,,,,,0.17,,,,0.23,,,,,,,,,,,,,,,,,,,,,,,,,,,,,,,,,,,,,,,,,,,,,,,,,,,,
                Ahduovirus,2560084,,,,,,,,,,,,,,,,,,,,,,,,,,,,,,,,,,,,,,,,,,,,,,,,,,,,,,,,,,,,,,,,,,,,,,,,,,0.12,0.11,,,,,,,,,,,,,,,,,,,,,,,,,,,,,,,,,,,,,,
              Alcyoneusvirus,2560086,,,,,,,,,,,,,,,,,,,,,,,,,,,,,,,,,,,,,,,,,,0.11,0.1,,0.5,,,,,,0.15,,,,,0.18,,,,,,,,,,,,,,,,,,0.05,,,,0.2,,,,,,,,,,,,,,,,,,,,,,,,,,,,,,,,,,,
              Asteriusvirus,2560094,,,,,,,,,,,,,,,,,,,,,,,,,,,,,,,,,,,,,,,,,,0.17,0.08,0.37,0.35,,0.17,,,,,0.79,0.58,0.48,0.31,0.37,,,,,,,,,,,,,,,,,,,,,,,,,,,,,,,,,,,,,,,,,,,,,,,,,,,0.06,0.07,,,,,0.08
              Bantamvirus,2560096,,,,,,,,,,,,,,,,,,,,,,,,,,,,,,,,,,,,,,,,,,,,,,,,,,,,,,,,,,,,,,,,,,,,,,,,,,,,,,,,,,,,,,,,,,,,,,,,,,,,,,,,,,,,0.02,,,,,
                Bifseptvirus,2560102,,,,,,,,,,,,,,,,,,,,,,,,,,,,,,,,,,,,,,,,,,,,,,,,,,,,0.14,,,,,,,,,,,,,,,,,,,,,,,,,,,,,,,,,,,,,,,,,,,,,,,,,,,,,,,,,,,,,
              Bingvirus,2560103,,,,,,,,,,,0.05,,,,,,,,,,,,,,,,,,,,,0.12,,,,,,,,,,0.07,0.06,,0.08,,,,,,,,,,,,,,,0.48,,,,,,,,,,,,,,,,,,,,,,,,,,,,,,,,,,,0.02,,0.08,,,,,,,,,,,0.04,,,,,
              Bjornvirus,2560104,,0.09,,,,,,,,,,,,,,,,,,,,,,,,,,,,,,,,,,,,,,,,,,,,,,,,,,,,,,,,,,,,,,,,,,,,,,,,,,,,,,,,,,,,,,,,,,,,,,,,,,,,,,,,,,,,,,,
              Brunovirus,2560108,,,,,,,,,,,,,,0.18,,,,,,,,,,0.15,,,,,,,,,,,,,,,,,,0.11,0.39,0.15,0.09,,0.35,,,,,,,,,,,,,,,,,,,,,0.33,,,,,,,,,,,,,,,,,,,,,,,,,,,,,,,,,,,,,,,,,,,0.05,,
                  Ceetrepovirus,2560111,,,,,,,,,,,,,,0.15,,,,,,0.03,0.13,0.12,0.05,,,,,,,,,0.12,,,,,,,,,,5.71,1.98,0.68,1.21,2.32,,0.6,1.53,7.53,5.96,2.08,3.28,0.47,0.35,0.68,,,,,2.16,,,,,,,0.36,,,,,,,,,,,,,,,,,,,,,,,,,,,,,,,,,,,,,,,,,,,,,
              Chakrabartyvirus,2560113,,,,,,,,,,,,,,,,,,,,,,,,,,,,,,,,,,,,,,,,,,,,,,,,,,,,,,,,,,,,,,,,,,,,,,,,,,,,,,,,,,,,,,,,,,,,,,,0.1,,,,,,,,,,,,,,,,,,
                  Coguvirus,2560118,0.34,,,,,,,,,,,,,,,,,,,,,,,,,,,,,,,,,,,,,,,,,,,,,,,,,,,,,,,,,,,,,,,,,,,,,,,,,,,,,,,,,,,0.51,,,,,,,,,,,,,,,,,,,,,,,,,,,,,
              Dismasvirus,2560122,,,,,,,,,,,,,,,,,,,,,,,,,,,,,,,,,,,,,,,,,,,,,,,,,,,,,,,,,0.17,,,0.41,,,,,,,,0.36,0.18,0.28,,0.14,,,,,,,,,,,,0.13,16.92,,,,2.04,1.06,1.33,0.19,,,,,0.18,,,,,,,,,,,0.02,,,,,
              Efquatrovirus,2560124,,,,,,,,,,,,,,,,,,,,,,,,,,,,,,,,,,,,,,,,,,,,,,,,,,,,,,,,,,,,,,,,,,,,,,,,,,,,,,,,,,,,,,,,,,,,,,,,,,,,,,,,,,,,,,,,,0.12
              Elerivirus,2560126,,,,,,,,,,,,,,,,,,,,,,,,,,,,,,,,,,,,,,,,,,,,,,,,,,,,,,,,,,,,,,,,,,,,,,,,,,,,,,,,,,,,,,,,,,,,,,,,,,,,,,,,,,,,0.02,,,,,
              Eneladusvirus,2560128,,,,,,,,,,0.12,,,,,,,,,,,,,,,,,,,,,,,,,,,,,,,,,0.09,,,,,,,,,,,,,,,,,,,,,,,,,,,,,,,,,,,,0.13,,,,,,,,,,,,,,,,,,,,,,,,,,,,,0.02,,,,,
              Farahnazvirus,2560130,,,,,,,,,,,,,,,,,,,,,,,,,,,,,,,,,,,,,,,,,,,,,,,,,,,,,,,,,0.25,4.6,0.45,,0.19,,0.97,2.01,,2.4,2.19,0.55,0.48,0.28,0.72,,,,,,,,,,,,,0.09,,,,,0.33,0.85,0.87,,,,,,,,,,,,,,,,,,,,,,
              Fipvunavirus,2560132,,,,0.09,0.04,,,,,,,,,,,,,,,,,,,0.12,,,,,,,,0.08,,,,,,,,,,0.12,0.08,,,,,,,,,,,,,,0.28,,0.19,1.28,0.39,0.67,0.5,,0.76,,,0.98,,1.33,1.48,,,,,,,,0.12,,,,,0.09,,,,,,,,0.17,,,,,,,,,,,,,,,,,,,,,
                  Flaumdravirus,2560133,,,,,,,,,,,,,,,,,,,,,,,,,,,,,,,,,,,,,,,,,,,,,,,,,,,,0.22,,0.88,,,,,,,,,,,,,,,,,,,,,,,,,,,,,,1.0,,,,,,,,,,,1.5,,,,,,,,,,,,,,,,,,
              Gofduovirus,2560141,,,,,,,,,,,,,,,,,,,,,,,,,,,,,,,,,,,,,,,,,,,,,,,,,,0.43,,,,,,,,,,,,,,,,,,,,,,,,,,,,,,,,,,,,,,,,,,,,,,,,,,,,,,,,,,,,,,,
              Gustavvirus,2560144,0.64,,,,,,,,,,,,,,,,,0.41,,,0.18,,,0.13,,,,,,,,,,,,,,,,,,,,0.08,,,,,,,,,,,,,,,,,,,,,,,,,,,,0.03,,,,,,,,,0.21,,,,,,,0.75,,,,,,,,,,,,,,,,,,,,,,,,,
                Iapetusvirus,2560148,,,,,,,,,,,,,,,,,,,,,,,,,,,,,,,,,,,,,,,,,,0.07,,,,,,,,,,,,,,,,,,,,,,,,,,,,,,,,,,,,,,,,,,,,,,,,,,,,,,,,,,,,,,,,,,,,,,,
              Ilzatvirus,2560150,,,,,,,,,,,,,,,,,,,,,,,,,,,,,,,,,,,,,,,,,,,,,,,,,,,,0.14,,,,,,,,0.38,,,,,,,,,,,,,,,,,,,,,,,,,,,,,,,,,,,,,,,,,,,,,,,,,,,,,
              Kojivirus,2560161,,,,,,,,,,,,,,,,,,,,,,,,,,,,,,,,,,,,,,,,,,0.2,0.12,0.08,0.08,,,,,,,,,0.13,,,,,,,,,,,,,,,,,,,,,,,,,,,,,,,,,,,,,,,,,,,,,,,,,,,,,,,,,,,
              Krylovvirus,2560162,,0.16,,,,,,,,,,,,,,,,,,,,,,,,,,,,,,,,,,,,,,,,,,,,,,,,,,0.19,0.79,,,,,,,,,,,,,,,,,,,,,,,,,,,,,,,,,,,,,,,,,,,,,,,,,,,,,,,,,,,,
                Locarnavirus,2560169,,,,0.04,0.03,,,0.37,0.2,,0.07,,,,,,,,,,,,,,0.39,3.58,1.47,,,,,,,,,,,,,,,,,,,1.69,,,,,,,,,,,,,,,,,,,,,,,,,,0.03,,,,,,,,,,,,,,,,,,,,0.4,,,,,,,,,,,,,,,,,,,,,
              Metrivirus,2560175,,,,,,,,,,,,,,,,,,,,,,,,,,,,,,,,,,,,,,,,,,0.09,,,,,,,,,,,,,,,,,,,,,,,,,,,,,,,,,,,,,,,,,,,,,,,,,,,,,,,,,,,,,,,,,,0.01,,,,,
              Mimasvirus,2560176,,,,,,,,,,,,,,,,,,,,,,,,,,,,,,,,,,,,,,,,,,,0.07,,0.11,,0.17,,,,,,,,,,,,,,,,,,,,,,,,,,,,,,,,,,,,,,,,,,,,,,,,,,,,,,,,,,,,,0.02,,,,,
                Napahaivirus,2560184,,,,,,,,,,,,,,,,,,,,,,,,,,,,,,,,,,,,,,,,,,,,,,,,,,,,0.47,,,,,,,,,,,,,,,,,,,,,,,,,,,,,,,,,,,,,,,,,,,,0.14,,,,,,,,,,,,,,,,,
              Nickievirus,2560188,,,,,,,,,,,,,,,,,,,,,,,,,,,,,,,,,,,,,,,,,,,,,0.09,,,,,,,,,,,,,,,,,,,,,,,,,,,,,,,,,,,,,,,,,,,,,,,,,,,,,,,,,,,,,,,,,,,,
                Noxifervirus,2560190,,,,,,,,,,,,,,,,,,,,,,,,,,,,,,,,,,,,,,,,,,,,,,,,,,,,,,,,,,,0.19,,0.31,0.28,,,,,,,,,,,,,,,,,,,,,,,,,,,,,,,,,,,,,,,,,,,,,,,,,,,
                  Otagovirus,2560197,,,,,,,,,,,,,,,,,,,,,,,,,,,,,,,,,,,,,,,,,,,,,,,,,,,,0.28,,1.85,0.12,,,,,,,,,,,,,,,,,0.04,,,,,1.48,,,,,,,0.29,,,,,0.48,,,,,,3.96,,,,,,,,,,,,,,,,,,
              Peatvirus,2560201,,,,,,,,,,,,,,,,,,,,,,,,,,,,,,,,,,,,,,,,,,,0.13,,0.15,,,,,,,,,,,,,,,,,,,,,,,,,,,,,,,,,,,,,,,,,,,,,,,,,,,,3.33,,,,,,,,,,,,,,,,
                  Phimunavirus,2560202,,,,0.06,,,,,,,,,,,,,,,,,,,,0.14,,0.47,0.07,,,,,,,,,,,,,,,0.13,0.16,0.27,0.22,,0.22,,,,,0.87,0.28,0.7,0.13,,,,,,,,,,,,,,,,,0.06,,0.06,,0.09,0.75,0.87,0.19,0.23,0.41,,0.23,0.26,,0.46,,0.78,0.36,,,0.37,0.28,,,,,,,,,,,,0.11,,,0.04,0.19,,0.15,,
              Pikminvirus,2560203,,,,,,,,,,,,,,,,,,,,,,,,,,,,,,,,,,,,,,,,,,0.07,,,,,,,,,,,,,,,,,,,,,,,,,,,,,,,,,,,,,,,,,,,,,,,,,,,,,,,,,,,,,,,,,,0.02,,,,,
              Plaisancevirus,2560204,,,,,,,,1.41,,,,,,,,,,,,,,,,,,,,,,,,,,,,,,,,,,,,,,,,,,,,0.18,,,,,,,,,,,,,,,,,,,,,,,,,,,,,,,,0.66,,,,,,,,,,,,,0.09,,,,,,,,,,,,,,,,
                Pollyceevirus,2560206,2.55,,,,,,,,,,,,,,,,,,,,,,,,,,,,,,,,,,,,,,,,,,,,,,,,,,,,,,,,,,,,,,,,,,,,,,,,,,,,,,,,,,,,,,,,,,,,,,,,,,,,,,,,,,,,,,,,
              Polybotosvirus,2560207,,,,,,,,,,0.1,0.15,,,,,,,,,,,,,,,,,,,,,,,,,,,,,,,,,,,,,,,,,,,,,,,,,,,,,,,,,,,,,,,,,,,,,,,,,,,,,,,,,,,,,,,,,,,,,,,,,,,,,,
              Popoffvirus,2560208,0.88,0.1,,0.04,0.05,0.95,,,0.7,0.42,0.35,0.5,,,,,,0.67,,,,,,0.15,0.14,0.48,0.08,,,,,,,,,,,,,,,0.48,1.19,0.79,0.91,,1.21,1.15,,,,1.41,,0.35,0.24,0.37,,,,,,,,,,,,,,,,0.29,0.87,0.55,1.01,0.95,2.86,1.73,1.79,1.51,2.19,0.51,0.87,0.16,,0.01,,,1.08,,,0.38,0.45,,,,0.1,,0.18,,,,,,0.1,,,0.02,,,0.09,,
              Rimavirus,2560214,,,,,,,,,,,0.08,,,,,,,,,,,,0.05,0.13,,,,,,,,0.11,,,,,,,,,,0.1,,,,,,,,,,,,,,,,,,,,,,,,,,,,,,,,,,,,,,,,,,,,,,,,,,,,,,,,,,,,,0.14,,,,,0.09,,,0.05,,
                Sanovirus,2560222,,,,,0.04,,,,,0.1,0.05,,,,0.48,,,,,,,,,,,,,,,,,0.1,,0.1,,,,,,,,0.15,,,,,,,,,,,,,,,,,,,,,,,,,,,,,,0.03,,,0.1,,,,0.13,,,,,,,,,,,,,,,,,,,,0.14,0.12,,,0.19,,,,,0.11,,,0.05,,
              Scapunavirus,2560225,,,,,,,,,,,,,,,,,,,,,,,,,,,,,,,,,,,,,,,,,,,,,,,,,,,,,,,,,,,,,,,0.24,,,,,0.46,,0.33,,,,,,,,,,,,,,,,,,,,,,,,,,,0.08,,,,,,,,,,,0.03,,,,,
                Sugarlandvirus,2560233,,,,0.04,,,,,,,,,,,,,,,,,,,,,,,,,,,,,,,,,,,,,,0.35,0.34,0.53,0.43,,1.14,0.5,0.5,,0.38,,0.56,0.17,0.35,0.37,,,,,,,,,,,,,,,,,,,0.08,,,,,,,,0.12,,,0.01,,,,,,,,,,0.03,,,,1.0,,,,,,0.5,0.15,0.09,1.59,,0.09,0.28,0.33
              Trinavirus,2560242,,,,,,,,,,,,,,,,,,,,,,,,,,,,,,,,,,,,,,,,,,,,,,,,,,,,,,,,,,,,,,,,,,,,,,,,,,,,,,,,,,,,,,,,,,,,,,,,,,,,,,,,,,,,0.02,,,,,
                Tulanevirus,2560244,,,,,,,,,,,0.06,,,,,,,,,,,,,,,,,,,,,,,,,,,,,,,0.34,0.28,0.29,0.37,,0.28,0.36,,,,0.19,,,0.3,0.35,,,,,,,,,,,,,,,,,,,0.1,,,,0.1,,,0.1,0.16,0.12,,,,,,,,0.24,,,,,0.09,,,,,,,,,,,0.03,,,,,
                Unahavirus,2560245,,,,,,,,,,,,,,,,,,,,,,,,,,,,,,,,,,,,,,,,,,,0.1,,,,,,,,,,,,,,0.35,,,0.38,,0.28,,,,,,0.33,,0.39,0.61,,,,,,,,,,,,,,,,,,,,,,,,,,,,,,,,,,,,,,,,,,
              Vicosavirus,2560248,,0.63,,,,,,,,,,,,,,,,,,,,,,,,,,,,,,,,,,,,,,,,,,,,,,,,,,,1.35,,,0.24,,,,,,,,,,,,,,,,,,,,,,,,,,,,,,0.07,,,,,,,,,,,,,,,,,,,,,,,,,,,
              Vieuvirus,2560250,,,,0.07,,,,,,,,,,,,,,,,,,,,,,,,,,,,,,,,,,,,,,,,,,,,,,,,,,,,,,,,,,,,,,,,,,,,,,,,,,,,,,,,,,,,,,,,,,,,,,,,,,,,,,,,,,,,,
                  Vividuovirus,2560251,,,,,,,,,,,,,,,,,,,,,,,,,,,,,,,,,,,,,,,,,,,,,,,,,,,,,,,,,,,,,,,,,,,,,,,,,,,,,,,,,,,,,,,,,,,,,,,,,,,,,,,,,,,,0.03,,,,,
                Taipeivirus,2731621,,,,,,,,,,,,,,,,,,,,,,,,,,,,,,,,,,,,,,,,,,,,,,,,,,,,,,,,,,,,,,,,,,,,,,,,,,,,,,,,,,,,,,,,,,,,,,,,,,,,,0.54,,,,,,,0.02,,,0.1,,
                  Pettyvirus,2731671,,,,,,,26.25,1.13,,,0.14,,,,,,,,,,,,,,,,,,,,,,,,,,,,,,,0.14,0.12,0.15,0.17,,0.76,,0.38,0.52,1.31,0.53,0.56,1.21,0.19,0.29,,,,,,,,,,,,,,,,,,,,,,0.14,0.08,,,,,,,,,,,,,,,,,,,,,,,,,,,,,0.03,,,,,0.08
                  Daemvirus,2731672,,,,,,,5.02,0.49,,,0.1,,,,,,,,,,,,,,,,,,,,,,,,,,,,,,,0.33,0.52,1.13,0.27,,0.88,0.22,,0.23,0.26,1.65,1.03,4.49,0.99,0.75,,,,,,,,,,,,,,,,,,,,,,,,,,,,,,,,,,,,,,,,,,,,,,,,,,,,0.02,,,,,
                  Bonnellvirus,2731932,,,,,,,5.22,,,,,,,,,,,,,,,,,,,,,,,,,,,,,,,,,,,,0.11,,0.2,,0.51,,,,,,,,,,,,,,,,,,,,,,,,,,,,,,,,,,,,,,,,,,,,,,,,,,,,,,,,,,,,,,,,,,
                Gajwadongvirus,2731941,,,,,,,,,,,0.07,,,0.18,,,,,,,0.13,0.08,0.05,0.24,0.16,1.26,0.21,,,,,,,,,,,,,,,,0.14,,0.1,,,,,,,,,,,,,,,,,,,,,,,,,,,,,,,,,,,,,,,,,,,,,,,,,,,,,,,,,,,,0.28,,,,,,0.28,,
                Gyeongsanvirus,2731942,,,,,,,,,,,,,,,,,,,,,,,,,,,,,,,,,,,,,,,,,,,,,,,,,,,,,,0.18,,,,,,,,,,,,,,,,,,,,,,,,,,,,0.09,,,,,,,,,,,,,,,,,,,,,,,,,,,,,,,
                Jiaoyazivirus,2731945,,,,,,,,,,,,,,,,,,,,,,,,,,,,,,,,,,,,,,,,,,,,,,,,,,,,,,,,,,,,,,,,,,,,,,,,,,,,,,,,,,,,,,,,,,,,,,,,,,,,,,,,,,,,0.04,,,,,
                Kalppathivirus,2731949,,,,,,,,,,,,,,,,,,,,,,,,,,,,,,,,,,,,,,,,,,,,,,,,,,,,,,,,,,,,,,,,,,,,,,,,,,,,,,,0.16,,,,,,,,,,,,,,,,,,,,,,,,,,,,,,,,,,
                Kelmasvirus,2731950,,,,,,,,,,,,,,,,,,,,,,,,,,,,,,,,,,,,,,,,,,0.17,,,,,,,,,,,,,,,,,,,,,,,,,,,,,,,,,,,,,,,,,,,,,,,,,,,,,,,,,,,,,,,,,,,,,,,
                Paadamvirus,2731961,,,,,,,,,,,,,,,,,,,,,,,,,,,,,,,,,,,,,,,,,,,,,,,,,,,,0.19,,,,,,,,,,,,,,,,,,,,,,,,,,,,,,,,,,,,,,,,,,,,,,,,,,,,,,,,,,,,,
                Piedvirus,2731968,,,,,,,,,,,,,,,,,,,,,,,,,,,,,,,,,,,,,,,,,,,,,,,,,,,,0.37,0.21,0.19,,,,,,,,,,,,,,,,,,,,,,,,,,,,,,,,,,,,,,,,,,,,,,,,,,,,,,,,,,,
                Scottvirus,2731973,,,,,,,,,,,,,,,,,,,,,,,,,,,,,,,,,,,,,,,,,,,,,0.08,,,,,,,,,,,,,,,,,,,,,,,,,,,,,,,,,,,,,,,,,,,,,,,,,,,,,,,,,,,,,,,,,,,,0.09
                  Epseptimavirus,2732017,,,,,,,,,,,,,,,,,,,,,,,,,,,,,,,,,,,,,,,,,,0.07,0.09,0.11,0.07,,0.23,,,,,,,,,,,,,,,,,,,,,,,,,,,,,,,,,,,,,,,0.01,,,,,,,,,,,,,,,,,,,,,0.1,0.04,,,,,0.1
                Shenzhenvirus,2732038,,,,,,,,,,,,,,,,,,,,,,,,,,,,,,,,,,,,,,,,,,0.43,0.17,0.29,0.23,,0.74,0.34,0.2,,,0.29,,,0.24,0.51,,,,,,,,,,,,,,,,,,,,,,,,,,,0.11,,,,,,,,,,,,,,,,,,,0.18,0.17,,,,,0.09,,,,,
                Nouzillyvirus,2732049,,,,,,,,,,,,,,,,,,,,,,,,,,,,,,,,,,,,,,,,,,,,0.1,,,,,,,,,,,,,,,,,,,,,,,,,,,,,,,,,,,,,,,,,,,,,,,,,,,,,,,,,,,,,,,,,,,,,
                  Loudonvirus,2732063,,,,,,,,,,,0.06,,,,,,,,,,,,,,,,,,,,,,,,,,,,,,,,,,,,,,,,,,,,,,,,,,,,,,,,,,,,,,,,,,,,,,,,,,,,,,,,,,,,,,,,,,,,,,,,,,,,,,
                  Andhravirus,2732589,1.6,,,,,,,,,,,,,,,,,,,,,,,,,,,,,,,,,,,,,,,,,,,,,,,,,,,,,,,,,,,,,,,,,,,,,,,,,,,,,,,,,,,,,,,,,,,,,,,,,,,,,,,,,,,,,,,,
                  Aarhusvirus,2732675,,,,,,,,,,,,,,,,,,,,,,,,,,,,,,,,,,,,,,,,,,,,0.1,,,,,,,,,,,,,,,,,,,,,,,,,,,,,,,,,,,,,,,,,,,,,,,,,,,,,,,,,,,,,,,,,,,,,
                  Apdecimavirus,2732676,,,,,,,,,,,,,0.49,,0.76,,,0.57,,,0.32,0.15,,0.24,0.33,0.47,0.13,,,,,,,,,,,,,,,1.84,0.2,0.78,1.52,,0.62,0.76,0.35,1.22,1.14,,0.83,0.16,0.98,0.66,,,,,,,,,,,,,,,,,,,,,,,,,,,,0.15,,,,,,,,,,,,,,,0.15,0.1,0.45,,0.23,,0.13,,0.09,0.16,,,0.16,,
                  Berlinvirus,2732677,,,,,,,,,,,,,,,,,,,,,,,,,,,,,,,,,,,,,,,,,,0.47,0.19,0.82,0.33,,0.64,,,0.43,,,,,0.36,0.46,,,,,,,,,,,,,,,,,,,,,,,,,,,,,,,,,,,,,,,0.01,0.15,,,,,,1.15,0.28,,0.21,,0.07,0.42,,,0.25,,
                  Caroctavirus,2732678,,,,,,,,,,,,,,,,,,,,,,,,,,,,,,,,,,,,,,,,,,,,,,,,,,,,,,,,,,,,,,,,,,,,,,,,,,,,,,,,,,,,,,,,,,,,,,,0.01,,,,,,,,,,,,,,,,,,
                  Chatterjeevirus,2732679,,,,,,,,,,,,,,,,,,,,,,,,,,,,,,,,,,,,,,,,,,0.22,,,0.19,,,,,,0.14,,,0.16,0.11,,,,,,,,,,,,,,,,,,,,,,,,,,,,,,,,,,,,,,,,,,,,,,,,,,,,,,,,,,
                  Foetvirus,2732682,,,,,,,,,,,,,,,,,,,,,,,,,,0.23,,,,,,,,,,,,,,,,0.37,0.24,0.68,0.12,,1.3,0.26,0.22,0.23,,,,,0.19,0.6,,,,,,,,,,,,,,,,,,,,,,,,,,,,,,,,,,,,,,,,,,,,,,0.24,,,,,0.07,0.13,,,0.09,,0.09
                  Ghunavirus,2732683,,,,,,,,,,,,,,,,,,,,,,,,,,,,,,,,,,,,,,,,,,,,,,,,,,,,,,0.58,,,,,,,,,,,,,,,,,,,,,,,,,,,,,,,,,,,,,,,,,4.64,0.81,,,,,,,,,,,,,,,,52.37,
                  Helsettvirus,2732684,,,,,,,,,,,,,,,,,,,,,,,,,,,,,,,,,,,,,,,,,,0.07,,0.22,,,,,,,,,,,0.78,1.89,,,,,,,,,,,,,,,,,,,,,,0.3,0.31,,0.33,,,,,,,,,,,,,,,,,,,,,,,,,,,,,,,,
                  Jarilovirus,2732685,,,,,,,,,,,,,,,,,,,,,,,,,,,,,,,,,,,,,,,,,,0.13,,,0.14,,,0.26,,,,,,,,,,,,,,,,,,,,,,,,,,,,,,,,,,,,,,,,,,,,,,,,0.06,,,,,,,,,,,,,,,,,
                  Kayfunavirus,2732686,,,,0.04,0.03,,,,,0.36,0.22,0.54,,0.17,0.76,,,1.17,,0.02,0.25,0.14,0.13,0.45,0.57,0.45,0.32,,,,,,,,,,,,,,,0.53,0.51,0.94,0.43,,0.33,0.34,1.66,0.37,0.27,,,0.19,0.33,0.24,,,,,,,,,,,,,,,,0.14,,,,,,,,,0.26,,,,,,,,,,,,,,0.02,0.54,,,3.69,0.69,0.78,0.62,0.63,0.44,0.49,1.59,0.81,0.68,1.55,0.24,0.47,0.37,1.24
                  Minipunavirus,2732687,,,,,,,,,,,,,,,,,,,,,,,,,,,,,,,,,,,,,,,,,,0.16,,,0.08,,,,,,,,,,,,,,,,,,,,,,,,,,,,,,,,,,,,,,,,,,,,,,,,,,,,,,,,,,,,,,0.08,0.04,,,,,
                  Ningirsuvirus,2732688,,,,,,,,,,,,,,,,,,,,,,,,,,,,,,,,,,,,,,,,,,,,,0.08,,,,,,,,,,0.14,,,,,,,,,,,,,,,,,,,,,,,,,,,,,,,,,,,,,,,,,,,,,,,,,,,,,,,,,,
                  Pektosvirus,2732689,,,,,,,,,,,,,,,,,,,,,,,,,,,,,,,,,,,,,,,,,,,,,,,,,,,,,,,,,,,,,,,,,,,,,,,,,,,,,,,,,,,,,,,,,,,,,,,,0.12,,,,,,,,,,,,,,,,,
                  Phutvirus,2732690,,,,,,,,,,,,,,,,,,,,,,,,,,,,,,,,,,,,,,,,,,,,,,,,,,,,,,,,,,,,,,,,,,,,,,,,,,,,,,,,,,,,,,,1.9,,,,,,,,,0.03,,,,,,,,,,,,,,,,,
                  Pifdecavirus,2732691,,,,,,,,,,,,,,,,,,,,,,,,,,,,,,,,,,,,,,,,,,,,,,,,,,,,,,,,,,,,,,,,,,,,,,,,,,,,,,,,,,,,,,,,,,,,,,,4.86,,,,,,,,,,,,,,,,,0.08,
                  Pijolavirus,2732692,0.26,,,,,,,,,,,,,,,,,,,,,,,,,,,,,,,,,,,,,,,,,,,,,,,,,,,0.52,,,5.99,2.53,,,,,,,,,,,,,,,,,,,,,,,,,,,,,,1.38,,,0.78,,,,,,0.35,8.68,,,,,,,,,,,,,,,,1.11,
                  Teetrevirus,2732693,,,,,,,,,,,,,,,,,,,,,0.16,,,,0.12,,,,,,,,,,,,,,,,,1.37,0.2,0.56,0.6,,0.56,0.45,,1.4,0.41,,0.29,0.18,1.07,0.57,,,,,,,,,,,,,,,,,,,,,,,,,,,,,,,,,,,,,,,0.01,0.36,,,,,,,,,,,,0.09,,,,,
                  Troedvirus,2732694,,,,,,,,,,,,,,,,,,,,,,,,,,,,,,,,,,,,,,,,,,,,,,,,,,,,,,,,,,,,,,,,,,,,,,,,,,,,,,,,,,,,,,,,,,,,,,,0.01,0.14,,,,,,,,,,,,,,,,,
                Tunggulvirus,2732909,22.13,4.04,15.08,,,,,1.06,,,,,,,,,,,,,,,,,,,,,,,,,,,,,,,,,,,,,,,,,,,,0.58,12.32,0.18,12.47,13.69,,,,,,,,,,,,,,,,,,,,,,,,,,,,1.14,,94.62,,,,,0.83,,,,,0.55,0.51,,,,,,,,,,,,,,,,
                  Ahphunavirus,2732912,,,,,,,,,,,,,,,,,,,,,,,,,,,,,,,,,,,,,,,,,,0.07,,,,,0.26,,,,,,,,,0.2,,,,,,,,,,,,,,,,,,,,,,,,,,,,,,,,,,,,,,,,,,,,,,,,,,,,,,,,,
                  Cronosvirus,2732913,,,,,,,,,,,,,,,,,,,,,,,,,,,,,,,,,,,,,,,,,,,,,,,,,,,,,,,,,,,,,,,,,,,,,,,,,,,,,,,,,,,,,,,,,,,,,,,,,,,,0.21,,,,,,,,0.06,0.12,0.1,0.05,,
                  Pienvirus,2732915,,,,,,,,,,,,,,,,,,,,,,,,,,,,,,,,,,,,,,,,,,,,,,,,,,,,,,,,,,,,,,,,,,,,,,,,,,,,,,,,,,,,,,,,,,,,,,,,,,,,,,,,,,,,0.01,,,,,
                  Kantovirus,2732920,,,,,,,,,,,,,,,,,,,,,,,,,,,,,,,,,,,,,,,,,,,,,,,,,,,,3.67,,,,,,,,,,,,,,,,,,,,,,,,,,,,,,,,,,,,,,,,,,,,1.12,,,,,,,,,,,,,,,,,
                  Kotilavirus,2732921,,,,,,,2.57,,,,,,,,,,,,,,,,,0.12,,0.25,0.07,,,,,,,,,,,,,,,,0.27,0.09,0.13,,,,,,,0.35,,0.54,,,,,,,,,,,,,,,,,,,,,,,,,,,,,,,,,,,,,,,,,,0.56,,,,,,,,,0.11,,,0.03,0.21,,0.1,,
                  Stompvirus,2732922,,,,,,,,,,,0.06,,0.45,0.19,,,,0.65,,0.02,,,,0.6,0.48,1.21,0.39,,,,,,,,,,,,,,,0.26,0.42,0.41,0.34,,0.22,0.46,,0.21,0.19,1.51,0.3,0.2,0.21,,,,,,,,,,,,,,,,,0.05,,,0.1,,,,,,,,0.15,,,,,,,,,0.17,,,,,,,0.17,0.13,,0.22,,,0.32,0.25,0.09,0.08,1.03,,0.54,0.08,0.17
                  Kirikabuvirus,2732923,0.63,9.65,,,,,,,,,,,,,,,,,,,,,,,,,,,,,,,,,,,,,,,,,,0.1,,,,0.28,,,,7.17,0.58,19.61,0.3,,,,,,,,,,,,,,,,,,,,,,,,,,,,,,,0.29,,,,,,,,,,73.12,,,,,,,,,,,,,,,,,
                Stubburvirus,2732924,,0.07,,,,,,,,,,,,,,,,,,,,,,,,,,,,,,,,,,,,,,,,0.69,0.15,0.27,0.2,,0.26,,,,,,,,0.22,0.24,,,,,,,,,,,,,,,,,0.16,,0.27,,,0.13,0.7,,0.26,0.17,0.23,,,,,,,,,0.98,,,,,,,,0.28,0.32,,,,,,0.11,0.03,,,,,
                  Vectrevirus,2732928,,,,,,,,,,,0.06,,,,,,,,,,,,,,,,,,,,,,,,,,,,,,,,,,0.08,,,,,,,,,,,,,,,,,,,,,,,,,,,,,,,,,,,,,,,,,,,,,,,,,,,,,,,,,,,,,,,,,,,,
                Ampunavirus,2732929,,,,,,,,,,,,,,,,,,,,,,,,,,,,,,,,,,,,,,,,,,,0.06,0.1,,,,,,,,,,,,,,,,,,,,,,,0.44,,,,,,,,,,,,,,,,,,,,,,,,,,,,,,,,,,,,,,,,,,,,,,
                Risjevirus,2732932,,,,,,,,,,,,,,,,,,,,,,,,,,,,,,,,,,,,,,,,,,,,0.09,,,,,,,,,,,,,,,,,,,,,,,,,,,,,,,,,,,,,,,,,,,,,,,,,,,,,,,,,,,,,,,,0.02,,,,,
                  Bucovirus,2732937,,,,,,,,,,,,,,,,,,,,,,,,,,,,,,,,,,,,,,,,,,,,,0.09,,,,,,,5.96,0.96,,,,,,,,,,,,,,,,,,,,,,,,,,,,,,,,,,,,,,,,,,,,,,,,,,,,,,,,,,,,
                  Koutsourovirus,2732938,0.31,0.07,0.3,0.07,0.1,,,,0.4,0.43,0.34,0.2,,,,,,,,,,,,,,,,,,,,,,,,,,,,,,,,,0.76,,,,,,,3.54,0.19,,,,,,,,,,,,,,,,,,,,,,,,,,,,0.19,0.1,0.21,,,,,,,,,,,,,,,,,0.22,,,,0.23,0.89,,0.16,0.05,3.84,,0.93,0.12,
                  Carltongylesvirus,2732960,,,,0.05,,,,0.49,0.19,0.22,0.25,0.31,,,,,,,,,,,,0.12,,0.19,,,,,,,,,,,,,,,,0.26,0.35,0.26,0.22,,0.51,,,,,,,0.15,0.13,0.26,,,,,,,,,,,,,,,,,,,,,,,,,,,,0.11,,,,,,,,,,,,,,,,,,,,,0.12,,0.07,0.03,,,0.09,,0.09
                  Faunusvirus,2732961,,,,,,,,,,,,,,,,,,,,,,,,,,,,,,,,,,,,,,,,,,,0.07,,,,,,,,,,,,,,,,,,,,,,,,,,,,,,,,,,,,,,,,,,,,,,,,,,,,,,,,,,,,,,,,,,,,,,
                  Loessnervirus,2732962,,,,,,,,,,,,,,,,,,,,,,,,,,,,,,,,,,,,,,,,,,,,,0.07,,,,,,,,,,,,,,,,,,,,,,,,,,,,,,,,,,,,,,,,,,,,,,,,,,,,,,,,,,,,,,,,,,,,
                  Pahsextavirus,2732963,,,,,,,,,,,,,,,,,,,,,,,,0.12,,,,,,,,,,,,,,,,,,1.34,1.33,1.2,1.3,,0.71,1.01,0.62,0.44,0.35,0.92,0.84,0.34,0.84,0.62,,,,,,,,,,,,,,,,0.05,,,,,,,,,,,,0.14,,,,0.64,,,,,,,,,0.29,,,,,,,,0.56,0.19,,0.06,,,0.42,,0.19
                  Yushanvirus,2732965,,,,,,,,,,,,,,,,,,,,,,,,,,,,,,,,,,,,,,,,,,,,,,,,,,,,,,,,,,,,,,,,,,,,,,,,,,,,,,,,,,,,,,,,,,,,,,,,,,,,,,,,,,,,,,,0.05,,
                  Schiekvirus,2732968,,,,,,,,,,,,,,,,,,,,,,,,,,,,,,,,,,,,,,,,,,0.12,,,0.23,,,,,,,,,,,,,,,,,,,,,,,,,,,,,,,,,,,,,,,,,,,,,,,,,,,,,,,0.13,,,,,,,0.13,0.02,,,,0.12,0.5
                Harbinvirus,2732970,,,,,,,,,,,,,,,,,,,,,,,,,,,,,,,,,,,,,,,,,,,,0.25,0.08,,0.56,,,,,,,,,,,,,,,,,,,,,,,,,,,,,,,,,,,,,,,,,,,,,,,,,,,,,,,,,,,,,,,,,,
                Aresaunavirus,2732972,,,,,,,,,,,,,,,,,,,,,,,,,,,,,,,,,,,,,,,,,,,,,,,,,,,,,,,,,,,,,,,,,,,,,,,,,0.41,0.26,,,,,,,,,,,,,,,,,,,,,,,,,,,,,,,,,,,,,,,
                Bielevirus,2732974,,,,,,,,,,,,,,,,,,,,,,,,,,,,,,,,,,,,,,,,,,,,0.12,,,,,,,,,,,,,,,,,,,,,,,,,,,,,,,,,,,,,,,,,,,,,,,,,,,,,,,,,,,,,,,,,,,,,
                Citexvirus,2732977,,,,,,,,,,,,,,,,,,,,,,,,,,,,,,,,,,,,,,,,,,,,,,,,,,,,,,,,,,,,,,,,,,,,,,,,,0.31,0.13,,,,,,,,,,,,,,,,,,,,,,,,,,,,,,,,,,,,,,,
                Kisquattuordecimvirus,2732982,,,,,,,,,,,,,,,,,,,,,,,,,,,,,,,,,,,,,,,,,,,,,,,,,,,,,,,,,,,,,,,,,,,,,,,,,,0.06,,,,,,,,,,,,,,,,,,,,,,,,,,,,,,,,,,,,,,,
                Kisquinquevirus,2732983,,,,,,,,,,,,,,,,,,,,,,,,,,,,,,,,,,,,,,,,,,,,,,,,,,,,,,,,,,,,,,,,,,,,,,,,,0.31,0.09,,,,,,,,,,,,,,,,,,,,,,,,,,,,,,,,,,,,,,,
                Simpcentumvirus,2733081,,,,,,,,,,,,,,,,,,,,,,,,,,,,,,,,,,,,,,,,,,,,,,,,,,,,,,,,,,,,,,,,,,,,,,,,,0.29,0.11,,,,,,,,,,,,,,,,,,,,,,,,,,,,,,,,,,,,,,,
              Alexandravirus,2733088,,,,,,,,,,,,,,,,,,,,,,,,,,,,,,,,,,,,,,,,,,0.22,0.08,0.13,0.15,,0.15,,,,,,,,0.15,,,,,,,,,,,,,,,,,,,,,,,,,,,,,,,,,,,,,,,,,,,,,,,,0.13,,,,,0.19,0.19,,,,0.08
                Anaposvirus,2733090,,,,,,,,,,,,,,,,,,,,,,,,,,,,,,,,,,,,,,,,,,0.09,,,,,,,,,,,,,,,,,,,,,,,,,,,,,,,,,,,,,,,,,,,,,,,,,,,,,,,,,,,,,,,,,,,,,,,
              Aurunvirus,2733093,,,,,,,,,,,,,,,,,,,,,,,,,,,,,,,,,,,,,,,,,,,,,,,,,,,,,,,,,,,,,,,,,,,,,,,,,,,,,,,,,,,,,,,,,,,,,,,,,,,,,,,,,,,,0.04,,,,,
              Baikalvirus,2733094,,,,,,,,,,,,,,,,,,,,,,,,,,,,,,,,,,,,,,,,,,,,,,,,,,,,,,,0.77,,,,,,,,,,,,,,,,,,,,,,,,,,,,,,,,,,,,,,,,,,,,,,,,,,,,,0.02,,,,,
              Barbavirus,2733095,,,,,,,,,,,,,,,,,,,,,,,,,,,,,,,,,,,,,,,,,,,,,,,,,,,,,,,0.22,,,,,,,,,,,,,,,,,,,0.06,,,,,,,,,,,,,,,,,,,,,,,,,,,,,,,,,,,,,,,
                Derbicusvirus,2733102,,,,,,,,,,,,,,,,,,,,0.02,,,,,0.12,,,,,,,,,,,,,,,,,,,,,,,,,,,,,,,,,,,,,,,,,,,,,,,,,,,,,,,,,,,,,,,,,,,,,,,,,,,,,,0.13,,,,,0.12,,,,,
              Eponavirus,2733103,,,,,,,,,,,,,,,,,,,,,,,,,,,,,,,,,,,,,,,,,,,,,,,,,,,,,,,,,,,,,,,,,,,,,,,,,,,,,,,,,,,,,,,,,,,,,,,,,,,,0.08,,,,,,,,0.03,,,,0.06,
              Loughboroughvirus,2733112,,,,,,,,,,,,,,,,,,,,,,,,,,,,,,,,,,,,,,,,,,,,,0.08,,,,,,,,,,,,,,,,,,,,,,,,,,,,,,,,,,,,,,,,,,,,,,,,,,,,,,,,,,,,,,,,,,,,
                Petsuvirus,2733122,,,,,,,,,,,,,,,,,,,,,,,,,,,,,,,,,,,,,,,,,,,,,,,,,,,0.23,,,,,,,,,,,,,,,,,,,,,,,,,,,,,,,,,,,,,,,,,,,,,,,,,,,,,,,,,,,,,,
              Phabquatrovirus,2733123,,,,,,,,,,,,,,,,,,,,,,,,,,,,,,,,,,,,,,,,,,,,,,,,,,,,,,,,,,,,,,,,,,,,,,,,,,0.13,,,,,,,,,,,,,,,,,,,,,,,,,,,,,,,,,,0.02,,,,,
              Phapecoctavirus,2733124,,,,,,,3.48,,,,,,,,,,,,,,,,,,,,,,,,,0.2,,0.17,,,0.26,,0.14,,,,0.08,,0.11,,,,,,,,,,,,,,,,,,,,,,,,0.19,,,,,,,,,,,,,,,,,,,,,,,,,,,,,,,,,,,,,,,0.02,,,0.09,,0.13
              Rosemountvirus,2733127,,,,,,,,,,,,,,,,,,,,,,,,,,,,,,,,,,,,,,,,,,,,,0.13,,,,,,,,,,,,,,,,,,,,,,,,,,,,,,,,,,,,,,,,,,,,,,,,,,,,,,,,,,,,,,,,,,,,
              Saclayvirus,2733128,,,,,,,,,,,,,,,,,,,,,,,,,,,,,,,,,,,,,,,,,,0.33,0.21,1.16,0.17,,0.22,,,,0.14,0.22,0.26,,0.43,,0.33,0.3,0.52,,0.78,0.39,0.26,,,,,1.47,0.27,0.67,0.41,0.04,,,,,,,,,,,,,,,,,0.33,,,,,,,,,,,0.27,,,,,,0.12,,0.05,,,0.16,,0.08
              Schmittlotzvirus,2733132,,,,,,,,,,,,,,,,,,,,,,,,,,,,,,,,,,,,,,,,,,,,,,,,,,,,,,,,,,,,,,,,,,,,,,,,,,,,,,,,,,,,,,,,,,,,,,,,,,,,,,,,,,,,0.01,,,,,
              Taranisvirus,2733134,,,,,,,,,,,,,,,,,,,,,,,,,,,,,,,,,,,,,,,,,,,,,,,,,,,,,,,,,,,,,,,,,,,,,,,,,,,,,,,,,,,,,,,,,,,,,,,,,,,,,,,,,,,,0.05,,,,,
              Toutatisvirus,2733138,,,,,,,,,,,0.11,0.18,,,,,,,,,,,,,,,,,,,,,,,,,,,,,,0.25,0.1,0.17,0.31,,,0.22,,,0.18,,,,0.2,0.26,,,,,,,,,,,,,,,,,,,,,,0.14,,,,,,,,,,,,,,,,,,,,,,,,0.16,,,,,0.1,0.06,,,,,0.08
                Wifcevirus,2733141,,,,,,,,,,,,,,,,,,,,,,,,,,,,,,,,,,,,,,,,,,,,,,,,,,,,,,,,,,,,,,,,,,,,,,,,,,,,,,,,,,,,,,,,,,,,,,,,,,,,,,,,,0.1,,,,,,0.17,,
              Ryyoungvirus,2733147,,,,,,,,,,,,,,,,,,,,,,,,,,,,,,,,,,,,,,,,,,,,,,,,,,,,,0.37,,,,,,,,,,,,,,,,,,,,0.24,0.23,0.24,0.06,,0.29,0.13,,,0.18,0.18,,,,,,,,,,,,,,,,,,,,,,,,,,,,,,
                Shizishanvirus,2733148,,0.1,,,,,,22.61,,,,,,,,,,,,,,,,,,,,,,,,,,,,,,,,,,,,,,,,,,,,,,0.22,10.4,2.22,,,,,,,,,,,,,,,,,,,,,,,,,,,,,,,,,,,,,,,10.37,,,,,,,,,,,,,,,,,,
              Sortsnevirus,2733150,,,,,,,,,,,,,,,,,,,,,,,,,,,,,,,,,,,,,,,,,,,,,,,,,,,,,,,,,,,,,,,,,,,,,,,,,,,,,,,,,,,,,,,,,,,,,,,,,,,,,,,,,,,,0.05,,,,,
              Xuquatrovirus,2733151,,,,,0.03,,,,,,,,,,,,,,,,,,,0.14,,,0.07,,,,,,,,,,,,,,,,,,,,,,,,,,,,,,,,,,,,,,,,,,,,,,,,,,,,,,,,,,,,,,,,,,,,,,,4.13,,,,0.18,,0.23,0.22,,,0.02,,0.11,0.15,,
                Bertelyvirus,2733152,,,,,,,,,,,,,,,,,,,,,,,,,,0.26,0.08,,,,,,,,,,,,,,,,,,,,,,,,,,,,,,,,,,,,,,,,,,,,,,,,,,,,,,,,,,,,,,,,,,,,,,,,,,,,,,,,,0.03,,,,,
                Poindextervirus,2733154,,,,,,,,,,,,,,,,,,,,,,,,,,,,,,,,,,,,,,,,,,0.07,,,,,,,,,,,,,,,,,,,,,,,,,,,,,,,,,,,,,,,,,,,,,,,,,,,,,,,,,,,,,,,,,,0.02,,,,,
              Lenusvirus,2733160,,,,,,,,,,,,,,,,,,,,,,,,,,,,,,,,,,,,,,,,,,0.11,,0.09,0.08,,0.19,0.2,,,,,,,0.11,,,,,,,,,,,,,,,,,,,,,,,,,,,,,,,,,,,,,,,,,,,,,,,,,,,,,,,,,,
              Lidleunavirus,2733161,,,,,,,,,,,,,,,,,,,,,,,,,,,,,,,,,,,,,,,,,,0.11,,,,,,,,,,,,,,,,,,,,,,,,,,,,,,,,,,,,,,,,,,,,,,,,,,,,,,,,,,,,,,,,,,,,,,,
              Apricotvirus,2733166,,,,,,,,,,,,,,,,,,,,,,,,,,,,,,,,,,,,,,,,,,,,,,,,,,,,,,,,,,,,,,,,,,,,,,,,,,,,,,,,,,,,0.31,,,,,,,,,,,,,,,,,,,,,,,,,,,,,
              Armstrongvirus,2733167,,,,,,,,,,,,,,,,,,,,,,,,,,,,,,,,,,,,,,,,,,0.17,,0.11,0.2,,0.51,,,,,,,,0.2,0.31,0.3,0.64,0.34,0.83,0.27,,,,0.67,,0.56,0.42,0.6,0.55,0.41,,,,,,,,,,,,,,,,,,,,,,,,,,,,,,,,,,,,,,,,,,
              Bridgettevirus,2733170,,,,,,,,,,,,,,,,,,,,,,,,,,,,,,,,,,,,,,,,,,,,,,,,,,,,,,0.12,,,,,,,,,,,,,,,,,,,,,,,,,,,,,,,,,,,,,,,,,,,,,,,,,,,,,,,,,,,
              Feofaniavirus,2733174,,,,,,,,,,,,,,,,,,,,,,,,,,,,,,,,0.09,,,,,,,,,,,0.08,,,,,,,,,,,,,,,,,,,,,,,,,0.65,,,,0.04,,,,,,,,,,,,,7.02,,,,,0.89,,,,,,,0.36,,,,,,,,,,,,,,,,
              Goodmanvirus,2733179,,,,,,,,,,,,,,,,,,,,,,,,,,,,,,,,,,,,,,,,,,0.09,,,,,,,,,,,,,,,,,,,,,,,,,,,,,,,,,,,,,,,,,,,,,,,,,,,,,,,,,,,,,,,,,,,,,,,
              Kilunavirus,2733183,,,,,,,,,,,,,,,,,,,,,,,,,,,,,,,,,,,,,,,,,,,,,0.1,,,,,,,,,,,,,,,,,,,,,,,,,,,,,,,,,,,,,,,,,,,,,,,,,,,,,,,,,,,,,,,,,,,,
              Krampusvirus,2733184,,,,,,,,,,,0.05,0.15,,,,,,,,,,,,,,,,,,,,,,,,,,,,,,,,0.08,0.11,,,,,,,,,,,,,,,,,,,,,,,,,,,,,,,,,,,,,,,,,,,,0.48,1.2,,,,,,,,,,,,,,,,,,,,,,,
              Lanavirus,2733185,0.52,,,,,,,,,,,,,,,,,,,,,,,,,0.15,,,,,,,,,,,,,,,,,,,0.08,,,,,,,,,,0.32,,,,,,,,,,,,,,,,,,,,,,,,,,,,,,,,,,,,,,,,,,,,,,,,,,,,,,,,,,
              Lentavirus,2733186,,,,,,,,,,,,,,,,,,,,,,,,,,,,,,,,,,,,,,,,,,,,0.14,0.17,,0.23,,,,,,,,,,,,,,,,,,,,,,,,,,,,,,,,,,,,,,,,,,,,,,,,,,,,,,,,,,,,,,,,,,
              Lughvirus,2733190,,,,,,,,,,,,,,,,,,,,,,,,,,,,,,,,,,,,,,,,,,,,,,,,,,,,,,,,,,,,,,,,,,,,,,,,,,,,,,,,,,,,,,,,,,,,,,,,,,,,,,,,,,,,0.03,,,,,
              Maxrubnervirus,2733193,3.31,0.16,,,,,,,,,,,,,,,,,,,,,,,,,,,,,,,,,,,,,,,,0.09,,0.16,0.72,,0.15,,,,,,0.19,,0.23,2.73,,,,,,,,,,,,,,,,0.05,,,,,,,0.13,0.4,,,,,,,,,0.24,0.28,,,,,,,,,,,,,,,,,,,,,,,
                  Mementomorivirus,2733194,,,,,,,,,,,,,,,,,,,,,,,,,,,,,,,,,,,,,,,,,,,,0.14,,,,,,,,,,,,,,,,,,,,,,,,,,,,,,,,,,,,,,,,,,,,,,,,,,,,,,,,,,,,,,,,0.01,,,,,
                Metamorphoovirus,2733195,,,,,,,,,,,0.08,,,,,0.35,,,,0.02,,,0.06,,,,0.09,,,,,,,,,,,,,,,,0.24,,0.09,,,,,,,,,,,,,,,,,,,,,,,,,,,,,,,,,,,,,,,,,,,,,,,,,,,,,0.78,,,,,,,,,,0.02,,,0.08,,0.19
              Neferthenavirus,2733198,,,,,,,,,,,,,,,,,,,,,,,,,,,,,,,,,,,,,,,,,,0.07,,,,,,,,,,,,,,,,,,,,,,,,,,,,,,0.03,,,,,,,,,,,,,,,,,,,,,,,,,,,,,,,,,,,,,,,,,
              Oengusvirus,2733199,,,,,,,,,,,,,,,,,,,,,,,,,,,,,,,,,,,,,,,,,,0.07,,,0.1,,,,,,,,,,,,,,,,,,,,,,,,,,,,,,,,,,,,,,,,,,,,,,,,,,,,,0.67,,0.09,,,0.13,,,,,0.14,,,,,
              Oneupvirus,2733200,,,,,,,,,,,,,,,,,,,,,,,,,,,,,,,,,,,,,,,,,,,,,,,,,,,,,,,,,,,,,,,,,,,,,,,,,,,,,,,0.13,,,,,,,,,,,,,,,,,,,,,,,,,,,,,,,,,,
                Quhwahvirus,2733202,,,,,,,,,,,,,,,,,,,,,,,,,,,,,,,,,,,,,,,,,,,0.12,,,,,,,,,,,,,,,,,,,,,,,,,,,,,,,,,,,,,,,,,,,,,,,,,,,,,,,,,,,,,,,,,0.02,,,,,
              Rogerhendrixvirus,2733204,,,,,,,,,,,,,,,,,,,,,,,,,,,,,,,,,,,,,,,,,,,,,,,,,,,,,,,,,,,,,,,,,,,,,,,,,,,,,,,,,,,,,,,,,,,,,,,,,0.12,,,,,,,,,,,,,,,,
              Sashavirus,2733210,,,,,,,,,,,,,,,,,,,,,,,,,,,,,,,,,,,,,,,,,,,0.22,,,,,,,,,,,,,,,,,,,,,,,,,,,,,,,,,,,,,,,,,,,,,,,,,,,,,,,,,,,,,,,,,,,,,,
              Schubertvirus,2733212,,,,,,,,,,,,,,,,,,,,,,,,,,,,,,,,,,,,,,,,,,0.39,0.2,0.11,0.2,,0.25,1.05,0.26,,0.15,,0.26,,0.13,,,,,,,,,,,,,,,,,,,,,,,,,,,,,,,,,,,,,,,,,,,,,,,,,,,,,,,,,,
              Seussvirus,2733213,,,,,,,,,,,,,,,,,,,,,,,,,,,,,,,,,,,,,,,,,,,,,,,,,,,,,,0.16,,,,,,,,,,,,,,,,,,,,,,,,,,,,,,,,,,,,,,,,,,,,,,,,,,,,,,,,,,,
              Squashvirus,2733215,,,,,,,,,,,,,,,,,,,,,,,,,,,,,,,,,,,,,,,,,,,,,,,,,,,,,,,,,,,,,,,,,,,0.23,,,,,,,,,,,,,,,,,,,,,,,,,,0.33,,,,,,,,,,,,,,,,,,,,
                  Blattambidensovirus,2733224,,0.08,,,,,,,,0.1,0.09,,,,,,,,,,,,,,,,,0.25,,,,,0.48,0.14,,,,,,,,,,,,,,,,,,,,,,,,,,,,,,,,,,,,,,,,,,,,,,,,,,,,,,,,,,,,,,,,,,,,,,,,,,,,,,,
                  Pefuambidensovirus,2733227,,,,,,,,,,,,,,,,,,,,0.1,0.22,0.23,0.14,0.18,,,,,,,,,,0.14,,,,,,,,,,,,,,,,,,,,,,,,,,,,,,,,,,,,,,,,,,,,,,,,,,,,,,,,,,,,,,,,21.21,1.1,0.42,0.43,0.46,,0.25,0.52,0.22,0.19,0.1,3.05,0.4,0.35,0.24,0.29
                  Protoambidensovirus,2733228,,,,,,,,,,,,,,,,,,,,,,,0.06,,,,,,,,,,,0.24,,,,,,1.45,,,,,,,,,,,,,,,,,,,,,,,,,,,,,,,,,,,,,,,,,,,,,,,,,,,,,,,,,,,,,,,,,,,,,,,,,
                  Chaphamaparvovirus,2733231,,,,,,,,,,,,,,,,,,,,,,,,,,,,,,,,,,,,,,,,,,,,,0.1,,,,,,,,,,,,,,,,,,,,,,,,,,,,,,,,,,,,,,,,,,,,,,,,,,,,,,,,,,,,,,,,,,,,
                  Hepanhamaparvovirus,2733232,,,,,,,,,,,,,,,,,,,,0.22,,,,,,,,,,,,,,,,,,,,,,,,,,,,,,,,,,,,,,,,,,,,,,,,,,,,,,,,,,,,,,,,,,,,,,,,,,,,,,,,,,,,,,,,,,,,,
                    Betanucleorhabdovirus,2733248,,,,,,,,,,,,,,,,,,,,,,,,,,,,,,,,,,,,,,,,,,,,,,,,,,,,,,,,,,,,,,,,,,,,,,,,,,,,,,,,,,,,,,0.06,,,,,,,,,,,,,,,,,,,,,,,,,,,
                  Fadolivirus,2763561,,,,,,,,,,,,,,,,,,,,,,,,,,,,,,,,0.08,,,,,,,,,,,,0.09,,,,,,,,,,,,,,,,,,,,,,,,,,,,,,,,,,,,,,,,,,0.04,,,,,,,,,,,,,,,,,,,,,,0.02,,,,,
                Kujavirus,2841277,,,,,,,,,,,,,,,,,,,,,,,,,,,0.11,,,,,,,,,,,,,,,,,,,,,,,,,,,,,,,,,,,,,,,,,,,,,,,,,,,,,,,,,,,,,,,,,,,,,,,,,,,,,,,,,,,,,,
                Adahmuvirus,2842361,,,,,,,,,,,,,,,,,,,,,,,,,,,,0.66,,,,,,,,,,0.23,,,,,,,,,,,,,,,,,,,,,,,,,,,,,,,,,,,,,,,,,,,,,,,,,,,,,,,,,,,,,,,,,,,,,,,,,,,
                Alehxovirus,2842364,,,,0.07,,,,,,,,,,,,,,,,,,,,,0.13,,0.13,,,,,,,0.12,,,,,,,,,,,0.07,1.16,,0.69,,,3.59,,,,,,,,,,,,,,,,,,,,,0.03,,,,0.2,1.0,,,,,,,0.11,,,0.64,,,,,,0.45,,,0.04,,,,,,,,,,,,,,,,,
                Anchaingvirus,2842373,,,,,,,,,,,,,,,,,,,,,,,,,,,,,,,,,,,,,,,,,,,0.1,0.1,0.13,,,,,,,,,,,,,,,,,,,,,,,,,,,,,,,,,,,,,,,,,,,,,,,,,,,,,,,,,,,,,,,,,,,,
                Andihavirus,2842377,,,,,,,,,,,,,,,,,,,,,,,,,,,,,,,,,,,,,,,,,,,,,,,,,,,,,,,,,,,,,,,,,,,,,,,,,,,,,,,,,,,,0.96,,,,,,,,,,,,,,,,,,,,,,,,,,,,,
                Apeevirus,2842379,,,,,,,,,,,,,,,,,,,,,,,,,,,,,,,,,,,,,,,,,,0.26,0.87,1.02,0.51,1.58,1.08,0.97,0.48,,0.25,0.15,0.71,0.4,0.26,0.95,,,,,,,,,,,,,,,0.38,,,,,,,,,,,,,,,,0.37,,,,,,,,,,0.08,,,,,,,,,,,,,,,,
                Ashucavirus,2842389,,,,,,,,,,,,,,0.18,,,,,,,,,,,,,,,,,,,,,,,,,,,,,,,,,,,,,,,,,,,,,,,,,,,,,,,,,,,,,,,,,,,,,,,,,,,,,,,,,,,0.18,,,,,,,,,,,,,,,,
              Akonivirus,2842540,0.53,0.24,0.36,0.07,0.13,,,,0.2,0.27,0.18,0.29,0.67,0.24,1.05,,0.88,0.85,,0.02,0.34,0.13,0.08,0.17,0.16,0.19,0.2,0.32,,,,0.35,,0.14,,,0.16,,0.1,,,0.27,0.27,0.31,0.21,,0.29,0.44,,0.27,0.13,,,,0.26,,0.33,0.58,0.43,0.62,0.21,0.46,0.59,,,,,0.46,0.32,0.67,0.46,0.11,,0.08,0.1,,,0.14,,,0.19,,0.27,0.11,,,,,0.86,,,0.24,,,,,0.11,,0.29,0.12,,0.21,0.22,,0.1,,0.11,0.14,,,0.1,,0.09
                  Aoqinvirus,2842544,,,,,,,,,,,,,,,,,,,,,,,,,,,,,,,,,,,,,,,,,,,,,,,,,,,,,,,,,,,,,,,,,,,,,,,,,,,,,,,,,,,,,,,,,,,,,,,0.01,,,,,,,,,,,,,,,,,,
                  Aorunvirus,2842545,,,,,,,,,,,,,,,,,,,,,,,,,,,0.1,,,,,,,,,,,,,,,,,,0.15,,,,,,,,,,,,,,,,,,,,,,,,,,,,,,,,,,,,,,,,,,,,,,,,,,,,,,,,,,,,,,,,,,,,
                Bicehmovirus,2842550,,,,,,,,,,,,,,,,,,,,,,,,,,,,,,,,,,,,,,,,,,,,,,,,,,,,,,,,,,,,,,,,,,,,,,,,,,,0.25,0.2,,,,,,,,,,,,,,,,,,,,,,,,,,,,,,,,,,,,,
                Cbunavirus,2842586,,0.24,,,,,,,,,,,1.42,0.51,,,,2.39,,0.04,0.32,0.43,0.2,1.06,1.17,1.9,0.76,,,,,,,,,,,,,,,1.46,3.19,2.63,0.85,2.44,1.84,2.32,1.63,0.77,0.92,1.17,1.01,1.18,0.73,0.6,0.47,0.3,0.54,0.69,0.37,,0.24,,1.16,,,1.14,0.3,0.69,,0.12,0.22,0.16,0.08,0.07,,0.23,0.11,,,,0.16,0.7,0.41,0.03,1.01,1.17,0.4,0.59,,1.04,0.35,,0.01,0.04,0.37,,1.46,0.22,0.52,,,,3.49,0.2,0.36,0.1,0.17,0.17,2.88,0.18,0.15
                  Ceceduovirus,2842588,,0.21,,,,,,,,,,,,,,,,,,,,,,,,,,,,,,,,,,,,,,,,,,,,,,,,,,,,,,,,,,,,,,,,,,,,,,,,,,,,,,,,,,,,,,,,,,,,,,,,,,,,,,,,,,,,,,,
                Cehakivirus,2842589,,,,0.06,0.05,,,0.34,0.13,0.14,0.2,,,,,,,,,,,,,,,,,,,,,,,,,,,,,,,,,,,,,,,,,,,,,,0.24,,,0.35,,,,,,,,0.33,,,,,,1.2,0.11,,,0.18,0.08,,0.83,,0.12,0.09,,,,,,,,,,,,,,,,,,,,,,,,,,,0.08,,
                Chimpavirus,2842596,,,,,,,,,,,,,,,,,,,,0.06,,0.08,0.05,,0.48,,0.16,,,,,,,,,,,,,,,,,,,,,,,,,,,,,,,,,,,,,,,,,,,,,,,,,,,,,,,,,,,,,,,,,,,,,,,,,,,,,,,,,,,,,,
                Citrovirus,2842608,,,,,,,,,,,,,,,,,,,,,,,,,,,,,,,,,,,,,,,,,,,0.07,,,,,,,,,,,,,,,,,,,,,,,,,,,,,,,,,,,,,,,,,,,,,,,,,,,,,,,,,,,,,,0.12,,,0.01,,1.32,0.21,,
                  Claudivirus,2842609,,,,,,,,,,,,,,,,,,,,,,,,,,,,,,,,,,,,,,,,,,0.1,,,0.11,,,,,,,,,,,,,,,,,,,,,,,,,,,,,,,,,,,,,,,,,,,,,,,,,,,,,,,,,,,,,,,,,,,,
                Dendoorenvirus,2842641,,,,,,,,,,,0.05,,,,,,,,,,,,,,,,,,,,,,,,,,,,,,,0.09,,,0.08,,,,,,,,,,,,,,,,,,,,,,,,,,,,,,,,,,,,3.12,0.09,,,,,,,,,,,,,,,,,,,,,,,,,,,,,,,
                  Dongdastvirus,2842653,,0.09,,0.05,0.04,,,,0.15,,0.07,,,,,,,,,,,,,,,,,,,,,0.13,,,,,,,,,,0.11,0.09,0.09,0.17,,,,,,,0.2,,0.12,,,,,,0.52,,,,,,,,,,,,,,,,,0.52,0.23,0.2,,,,,0.12,,,,,,,,,,,,,,,,,,,,,,,0.1,0.04,,,0.06,,
                Eceepunavirus,2842661,,,,,,,,,,,,,,,,,,,,,,,,,,,,,,,,,,,,,,,,,,0.07,0.07,0.19,0.09,,0.23,,,,,,,,0.15,,,,,,,,,,,,,,,,,,,,,,,,,,,,,,,,,,,,,,,,,,,,,,,,,,,,,,,,,,
                Emesvirus,2842664,,,,0.08,,,,,,,,,,,,,,,,,,,,,,,,,,,,,,,,,,,,,,,1.29,0.27,,,0.15,,,,,,,,,,,,,,,,,,,,,,,,,0.17,,,,,,,,,,,,,,,,,,,,,,,,,,,,,,,,,,,,,,,,,
                  Enterogokushovirus,2842667,,,,,,,,,,,,,,,,,,,,,,,0.05,,,,,,,,,,,,,,,,,,,,,,,,,,,,,,,,,,,,,,,,,,,,,,,,,,,,,,2.16,,,,,,,,,,,,,,,,,,,,,,,,,,,,,,,,,,,,
                Gihfavirus,2842702,0.81,0.54,,0.37,,,5.8,2.73,0.16,,,0.32,,,,,,,,0.03,,,,,,0.14,,,,,,,0.58,,1.82,,0.12,,,,,,,,,,,,,,,,0.28,0.18,,,,,,,,,2.73,3.37,,20.25,32.76,,,,3.13,0.44,,0.32,,,,1.25,,,,,,3.34,5.79,0.07,1.93,,1.26,3.69,21.1,7.41,9.61,3.3,0.44,1.24,1.45,,,,,,,,,,,,,,,,
                Gmuhndevirus,2842706,,,,,,,0.15,0.83,0.3,,,,,,,,,,,,,,,,,,,,,,,,,,,,,,,,,,,,,,,,,,,,,,,,,,,,,,,,,,,,,,,,,,,,,,,,,,,,,,,,,,,,,,,,,,,,,,,,,,,,,,,,
                  Goettingenvirus,2842707,,,,,,,,,,,,,,,,,,,,,,,,,,,,,,,,,,,,,,,,,,,,,,,,,,,,,,,,,,,,,,,,,,,,,,,,,,,,,,,,,,,,,,,,,,,,,,,,,,,,,,,,,,,,,,,,0.07,
                Hagavirus,2842717,,,,,,,,,,,,,,,,,,,,,,,,,,,,,,,,,,,,,,,,,,,,0.1,,,,,,,,,,,,,,,,,,,,,,,,,,,,,,,,,,,,,,,,,,,,,,,,,,,,,,,,,,,,,,,,,,,,,
              Henunavirus,2842727,,,,,,,,,,,,,,,,,,,,,,,,,,0.23,0.07,,,,,0.08,,,,,,,,,,,0.08,,,,0.15,,,,,,,,,,,,,,,,,,,,,,,,,,,,,,,,0.16,,,,,,,,,,,,,,,,,,,,,,,,,,,,,,,,,,
                  Henuseptimavirus,2842728,,,,,,,,,,,,,,,,,,,,,,,0.06,,,,,0.32,,,,0.31,,0.35,,0.59,0.64,,0.17,,0.73,,,,,,,,,,,,,,,,,,,,,,,,,,,,,,,,,,,,,,,,,,,,,,,,,,,,,,,,,,,,,,,,,0.16,,0.06,,0.32,,,0.11
                Hihdivirus,2842731,,,,,,,,,,,,,,,,,,,,0.02,,,,,0.19,0.18,0.16,,,,,,,,,,,,,,,,0.62,0.12,,,,0.22,,,0.6,,,,0.11,,,,,,,,,,,,,,,,,0.12,,,,,,,,,,,,,,,,,,,,,,,,,,,,,,,,,,,,,,,,,
                Hohrdovirus,2842736,,,,0.26,,,,,0.36,0.18,0.31,0.21,,,,,,,,,,,,,,,,,,,,,,,,,,,,,,,,,0.08,1.9,,0.26,,,,,,,,0.29,,,,,,,,,,,,,,,,0.08,,0.4,0.21,0.32,2.43,,,0.72,,,1.67,0.42,,,,,,,,,0.33,,,,0.08,,,,,,,,,,,,,,,,
                Hopescreekvirus,2842737,,,,,,,,,,,,,,,,,,,,,,,,,,,,,,,,,,,,,,,,,,0.52,0.36,0.47,0.31,,0.53,0.38,0.26,0.29,0.24,,0.19,0.11,0.15,0.48,,,,,,,,,,,,,,,,,,,,,,,,,,,,,,,,,,,,,,,,,,,,,,,,,,,,,,,,,
                Huelvavirus,2842739,,,,,,,,,,,,,,,,,,,,,,,,,,,,,,,,,,,,,,,,,,,,,0.07,,,,,,,,,,,,,,,,,,,,,,,,,,,,,,,,,,,,,,,,,,,,,,,,,,,,,,,,,,,,,,,0.02,,,,,
                Icepovirus,2842751,,,,,,,,,,,,,,,,,,,,,,,,,,,,,,,,0.08,,,,,,,,,,,,,,,,,,,,,,,,,,,,,,,,,,,,,,,,,,,,,,,,,,,,,,,,,,,,,,,,,,,,,,,,,,,,,,,,,
                Icumivirus,2842754,,,,,,,,,,,,,,,,,,,,0.03,0.16,,0.09,,,,,,,,,,,0.15,,0.19,,,0.31,0.42,,,,,,,,,,,,,,,,,,,,,,,,,,,,,,,,,,,,,,,,,,,,,,,,,,,,,,,,,,,,,,,,,,,,,,,,,
                  Inbricusvirus,2842758,,,,,,,,,,,,,,,,,,,,,,,,0.15,,,0.1,,,,,0.31,,0.14,,,0.15,0.23,0.17,,,0.18,0.64,0.16,0.17,,,,,,0.13,0.16,,0.17,,,0.16,,,0.73,,,,,,,,,,,,0.05,,,,0.06,,0.14,0.15,,0.41,,,0.12,,,,,,,,,,,,,0.08,,0.61,0.18,,0.62,,,0.22,,0.22,0.08,,,0.26,,
                Ineyimevirus,2842759,,,,,,,,,,,,,,,,,,,,,,,,,,0.64,0.84,,,,,,,,,,,,,,,,,,,,,,,,,,,,,,,,,,,,,,,,,,,,,,,,,,,,,,,,,0.12,,,,,,,,,,,,,,,,,,,,,,,,,,,,,
                Ishugivirus,2842767,,0.1,,0.09,0.04,,,,,0.1,0.05,,,,,,,,,0.03,,,,0.12,0.13,0.42,0.55,,,,,,,0.18,0.91,0.17,0.11,,0.11,,,0.07,3.22,0.74,0.1,,0.29,0.34,0.36,,0.32,,,,,0.29,0.73,,0.9,0.66,0.47,1.55,0.38,,0.71,,,,0.18,0.69,,0.19,,,,0.1,,,,,0.19,0.22,0.22,0.4,0.86,,,,,,,,,,,0.06,0.14,,,,,,,,,,,,,,,,
                Ivolevirus,2842770,,,,,,,,,,,0.07,,,,,,,,,,,,,,,,,,,,,,,,,,,,,,,,,,,,,,,,,,,,,,,,,,,,,,,,,,,,,,,,,,,,,,,,,,,,,,,,,,,,,,,,,,,,,,,,,,,,,,
                  Kaypoctavirus,2842786,,,,,,,,,,,0.06,,,,,,,,,0.03,0.27,0.25,0.22,0.16,,,0.14,,,,,0.62,0.23,0.36,,0.29,0.26,,0.57,,,0.2,0.09,,0.1,,0.3,,,,,,,,,,,,,,,,,,,,,,,,,,,,,,,,,,,,,,,,,,,,,,,,,,,,,,0.22,,,,0.11,0.15,,0.11,0.2,,0.28,,
                Kehmevirus,2842790,,,,,,,,,,,,,,,,,,,,,,,,,,,,,,,,,,,,,,,,,,,,,,,,,,,,,,,,,,,,,,,,,,,,,,,,,,,,,,0.82,,,,,0.23,,,,,,,,1.24,,,,,,,,,,,,,,,,,,,,,,
                Kemicevirus,2842792,,,,0.05,0.04,,,,,,0.11,,0.45,0.47,,,,,,0.08,0.15,0.31,0.07,0.26,0.37,0.18,0.39,0.3,1.08,1.26,,,0.89,1.42,0.77,1.01,1.05,1.44,0.72,0.5,1.68,0.19,0.22,0.22,0.12,4.65,0.17,0.52,0.42,0.31,0.35,,0.22,0.19,0.19,0.18,0.33,,0.47,0.48,0.54,0.81,0.59,0.64,0.49,,0.23,0.75,0.38,0.61,0.32,0.18,,1.99,0.14,0.13,,,,,0.21,0.11,,0.92,,,0.61,,,0.49,,0.28,,0.25,,,0.2,,,0.09,,0.43,,,,,,,0.2,0.42,,0.08,
              Kenoshavirus,2842796,1.03,,,0.1,0.09,,,,0.17,0.19,0.12,0.34,,0.21,,,0.44,,,,,,0.07,0.16,0.17,,0.12,,,,,0.16,,,,,,,0.19,,,0.18,0.15,0.14,0.2,,,,,,,,0.21,0.15,0.18,,,,,0.35,,,,,,,,,,0.44,,,,,,,,,,,,,,1.58,1.7,,,,,3.41,,0.17,1.52,,,0.07,1.13,,0.29,0.18,,,0.41,0.27,0.13,0.3,0.33,0.32,,,0.11,0.11,0.27
                Kihryuvirus,2842799,,,,,,,,,,,,,,,,,,,,,,,,,,,,,,,,,,,,,,,,,,,,,,,,,,,,,,,,,,,,,,,,,,,,,,,,0.05,,,,,,,,,,,,,,,,,,,,,,,,,,,,,,,,,,,,,,,,,
                Kinglevirus,2842802,1.81,7.72,5.65,2.44,0.55,2.78,12.66,5.37,35.49,0.2,0.09,0.72,,,,,,,,0.02,,,0.06,,0.13,0.26,,,,1.01,,,2.03,0.84,8.78,0.68,0.97,2.37,0.6,1.45,2.4,,0.07,,,,,,,,,,0.39,0.53,,0.38,,0.44,0.39,0.35,,,0.94,1.21,0.45,5.08,5.57,,0.23,0.3,0.93,0.19,0.18,0.13,,,,0.42,,,,,,1.48,7.17,0.01,4.89,3.77,,3.53,9.34,1.64,0.83,1.57,0.51,0.73,0.57,,,,,,,,,,,,,,,,
                Kohmavirus,2842807,,,,,,,,,,,,,,0.32,,,,,,0.04,,,,0.15,0.62,0.39,0.24,,,,,,,0.54,,,,,,,,,,,,,,,,,,,,,,,,0.24,0.45,0.38,0.21,0.74,0.31,,0.45,,,,,0.78,0.41,0.04,,,,,,,,,,,,,,,,,,,,,0.35,,,,,,,,,,,,,,,,,,,,
                Kowinovirus,2842810,,,,,,,,,,,0.06,,,,,,,,,0.02,,,,,,,,,,,,,,,0.58,,,,,,,,0.08,,,,,,,,,,,,,,,,,,,,,,,,,,,,,,,,,,,,,,,,,,,,,,,,,,,,,,,,,,,,,,,,,,,,,,
                Kuhshuvirus,2842813,,,,,,,,,,,,,,,,,,,,,,,,,,,,,,,,,,,,,,,,,,,,,,,,,,,,,,,,,,,,,,,,,,,,,,,,0.11,,,,,,,,,,,,,,,,,,,,,,,,,,,,,,,,,,,,,,,,,
                  Lasallevirus,2842819,,,,,,,,,,,,,,,,,,,,,,,,,,,,,,,,,,,,,,,,,,,,,,,,,,,,,,0.27,,,,,,,,,,,,,,,,,,,,,,,,,,,,,,,,,,,,,,,,,,,,,,,,,,,,,,,,,,,
                Limaivirus,2842826,,,,,,,,,,,,,,,,,,,,,,,,,,,,,,,,,,,,,0.23,,,,,,,,,,,,,,,,,,,,,,,,,,,,,,,,,,,,,,,,,,,,,,,,,,,,,,,,,,,,,,,,,,,,,,,,,,,,
                Littlefixvirus,2842828,,,,,,,,,,,,,,,,,,,,,,,,,0.75,,,,,,,,,,,,,,,,,,,0.08,0.1,,,,,,,,0.22,,0.59,,,,,,,,,,,,,,,,,,,,,,,,,,,,,,,,,,,,,,,,0.07,,,,,,,,,,,,,0.02,,,,,
                  Lonzbavirus,2842833,,,,,,,,,,,,,,,,,,,,,,,,,,,,,,,,,,,,,,,,,,,,,,,,,,,,,,,,,,,,,,,,,,,,,,,,,0.19,,,0.12,,,,,,,0.12,,,,,,,,,,,,,,,,,,,,,,,,,,,,,,
                Luthavirus,2842838,,,,,,,,,,,,,,,,,,,,,,,,,,,,,,,,,,,,,,,,,,,,,,,,,,,0.97,,,,,0.18,,,,,,,,,,,,,,,,,,,,,,,,,,,,,,,,,,,,,,,,,,,,,,,,,,,,,,,,,
                Mahraivirus,2842846,,,,,,,,0.37,0.15,,,,,,,,,,,,,,,,,,,,,,,,,,,,,,,,,,0.07,,,,,,,,,,,,,,,,,,,,,,,,,,,,,,,,,,,,,,,,,,,,,,,,,,,,,,,,,,,,,,,,,,,,,,
              Manuelvirus,2842852,,,,,,,,,,,,,,,,,,,,,,,,,,,,,,,,,,,,,,,,,,,0.1,,,,,,,,,,,,,,,,,,,,,,,,,,,,,,,,,,,,,,,,,,,,,,,,,,,,,,,,,,,,,,,,,,,,,,
                  Matsuvirus,2842857,,,,,,,,,,,,,,,,,,,,,,,,,,,,,,,,,,,,,,,,,,,0.06,,,,,,,,,,,,,,,,,,,,,,,,,,,,,,,,,,,,,,,,,,,,,,,,,,,,,,,,,,,,,,,,,,,,,,
                Mekintivirus,2842861,,,,0.15,,,,,,,,,,,,,,,,,,,,,,,,,,,,,,,,,,,,,,0.09,,,0.08,,,,,,,,,,,,,,,,,,,,,,,,,,,0.07,,,,,,,,,,,,0.53,,,,,,,,,,,,,,,,,,,,,,,,,,,,,
                Melvirus,2842862,,,,,,,,,,,,,,,,,,,,,,,,,,,,,,,,,,,,,,,,,,,,,,,,,,,,,,0.13,,,,,,,,,,,,,,,,,,,,,,,,,,,,,,,,,,,,,,,,,,,,,,,,,,,,,,,,,,,
                Mintuvirus,2842872,,,,,,,,,,,,,,,,,,,,,,,,,,,,,,,,,,,,,,,,,,,,,,,,,,,,0.51,,,,,,,,,,,,,,,,,,,,,,,,,,,,,,,,,,,,,,,,,,,,,,,,,,,,,,,,,,,,,
                Mooreparkvirus,2842881,,,,,0.04,,,,,,,,,,,,,,,,,,,,,,,,,,,,,,,,,,,,,,,,,,0.15,,,,,,,,,,,,,,,,,,,,,,,,,0.07,,,,,,,,,,,,0.29,,,,,1.07,,,0.24,,,,,0.09,,,,,,,,,,,,,,,,
              Mydovirus,2842888,,,,,,,,,,,0.06,,,0.15,,,,0.44,,0.03,0.18,0.15,0.23,0.17,0.15,,0.18,0.82,0.36,0.44,,0.29,,0.36,1.78,0.26,0.32,0.43,0.28,0.89,,0.18,0.1,0.13,0.21,,0.31,,,,0.19,,,,,,,,,,,,,,,,,0.39,,,,0.03,,,,,,,,,,,,,,,,,,,0.74,,,,,,,0.73,,0.13,,,0.14,,1.25,0.22,0.2,0.09,,,0.89,,0.13
                  Nahantvirus,2842892,,,,,,,,,,,,,,,,,,,,,,,,,,,,,,,,,,,,,,,,,,,,,,,,,,,,,,,,,,,,,,,,,,,,,,,,,,,,,,,,,,,,,,,,,,,,,,,0.04,,,,,,,,,,,,,,,,,,
                Nehpavirus,2842897,,,,,,,,,,,,,,,,,,,,0.03,,,,0.22,0.37,0.38,0.16,,,,,,,,,,,,,,,0.09,0.36,0.22,0.09,14.89,,3.07,0.8,,0.96,,,,0.19,0.31,,,,,,,,,,,,,,,,0.31,,,,0.06,,,,,,,,,,,,,,,,,,,,,0.14,,,,,,,,,,,,,,,,
              Nochtlivirus,2842908,,,,,,,,,,,,,,,,,,,,,,,,,,,,,,,,,,,,,,,,,,,0.18,,,,,,,,,,,,,,,,,,,,,,,,,1.55,,,,,,,,,,,,,,,,,,,,,,,,,,,,,,,,,,,,,0.22,,,,,,0.12,,
                Pacinivirus,2842934,,,,,,,,,,,,,,,,,,,,,,,,,,,,,,,,,,,,,,,,,,,0.07,0.09,0.08,,0.16,,,,,,,,,,,,,,,,,,,,,,,,,,,,,,,,,,,,,,,,,,,,,,,,,,,,,,,,,,,,,,,,,,
                Paundecimvirus,2842942,,0.95,,,,,,,,,,,,,,,,,,,,,,,,,,,,,,,,,,,,,,,,0.07,0.17,,0.12,,,,,,,,,,,,,,,,,,,,,,,,,,,,,,,,,0.28,,,0.44,0.11,0.15,,,,,,,,,,,,,,,,,,,,,,,,,,,,,,
                Paysduvirus,2842943,,0.08,,0.07,0.05,,0.88,1.69,3.03,0.28,0.66,0.29,,,,,,,,,,0.08,0.05,,,,,,,,,,,,,,,,,,,0.6,0.14,,0.78,7.81,,1.21,,,,,,,0.51,0.29,,,,,,,,,,,,,,,,0.05,,,,,,,,,,,,0.2,,,,,,,,,,,,0.07,0.2,,,,,,,,,,,,,,,,
                Perrunavirus,2842953,,,,,,,,,,,,,,0.21,,,,,,,,,,,,,,,,,,,,,,,,,,,,,,,,,,,,,,,,,,,,,,,,,,,,,,,,,,,,,,,,,,,,,,,,,,,,,,,,,,,,,,,,,,,,,,,,,,,
                Pokkenvirus,2842972,,,,,0.03,,,,,0.12,0.05,,,,,,,,,,,,,,,,,,,,,0.11,,,,,,,,,,0.13,0.1,0.12,0.1,,,,,,,,,0.29,0.14,,,0.2,,0.45,,,,,,,,,,,,,,,,,0.73,0.18,0.11,,,,0.13,,,,,,,,,,,,,,,,,,,,,,,,0.08,0.04,,,,,
                  Pollockvirus,2842973,,,,,,,,,1.22,,,,,,,,,,,,,,,,,,,,,,,,,,,,,,,,,,0.12,0.18,0.14,,,,,,,,,,,0.6,,,,,,,,,,,,,,,,,,,,,,0.21,0.17,,,,,,,,,,,,,,,,,,,,,,,,,,,,,,,,,,
                  Pourcelvirus,2842976,,,,,,,,,,,,,,,,,,,,,,,,,,,,,,,,0.12,,,,,,,,,,0.14,0.13,0.11,0.16,,,,,,,0.24,,0.18,,,,,,,,,,,,,,,,,,,,,,,0.65,,,,0.24,,,,,,,,,,,,,,,,,,,,,,,,,,0.06,0.03,,,0.06,,
                Presleyvirus,2842977,,,,,,,,,,,,,,,,,,,,,,,,,,,,,,,,,,,,,,,,,,0.18,0.17,0.23,,,0.2,,0.24,,,,,,,,,,,,,,,,,,,,,,,,,,,,,,,,,,,,,,,,,,,,,,,,,,,,,,,,,,,,,,,,
                Pseudotevenvirus,2842979,,,,,,,,,,,,,,,,,,,,,,,,,,,,,,,,,,,,,,,,,,0.4,0.13,0.09,,,0.16,0.37,,,,,,,,,,,,,,,,,,,,,,,,,,,,,,0.68,,,,,,,,,,,,,,,,,,,,,,0.11,,,,,,,,0.06,,,,,
                  Pylasvirus,2842993,,,,,,,,,,,,,,,,,,0.4,,,0.15,0.19,0.14,0.24,0.17,0.28,,,,,,0.28,,0.13,,,,,0.1,,,0.25,0.56,0.33,0.29,,0.5,0.79,0.42,0.23,1.15,,,,0.13,,,,,,,,,,,,,,,,,,,,,,,,,,,,,,,,,,,,,,,,,,,,,,,,,,0.14,,,0.03,,,0.19,,
                Qubevirus,2842995,,,,,,,,,,,,,,,,,,,,,,,,,,,,,,,,,,,,,,,,,,0.07,,,,,,,,,,,,,,,,,,,,,,,,,,,,,,,,,,,,,,,,,,,,,,,,,,,,,,,,,,,,,,,,,,,,,,,
                  Raunefjordenvirus,2843000,,,,,,,,,,,,,,,,,,,,,,,,,,,,,,,,,,,,,,,,,,,,,,,,,,,,,,,,0.18,,,,,,,,,,,,,,,,,,,,,,,,,,,,,,,,,,,,,,,,,,,,,,,,,,,,0.02,,,,,
                Riverridervirus,2843008,,,,,,,,,,,,,,,,,,,,,,,,,,,,,,,,,,,,,,,,,,0.09,,0.1,,,,,,,,,,,,,,,,,,,,,,,,,,,,,,,,,,0.2,,,,,,,,,,,,,,,,,0.07,,,,,,,,,,,,,,,,,,
                  Sabourvirus,2843014,,,,,,,,,,,,,,,,,,,,,,,,,,0.19,0.08,,,,,,,,,,,,,,,0.39,0.53,0.42,0.33,,0.62,0.63,0.24,,,,0.24,0.23,0.35,0.26,,,,,,,,,,,,,,,,0.04,,,,,,0.14,,,,,,,,,,,,,,0.26,,,,,0.09,,,,,,,,,,,,,,,,
                Salinovirus,2843017,,,,,,,,,,,,,,,,,,,,,,,,,,,,,,,,,,,,,,,,,,,0.08,,,,,,,,,,,,,,,,,,,,,,,,,,,,,,,,,,,0.13,,,,,,,,,,,,,,,,,,,,,,,,,,,,,,,,,,,
              Secretariatvirus,2843027,,,,,,,,,,,0.05,,,,,,,,,,,,,,,,,,,,,,,,,,,,,,,,,,,,,,,,,,,,,,,,,,,,,,,,,,,,,,,,,,,,,,,,,0.9,0.86,,,,,1.34,,,1.25,,,0.04,0.58,,,,,,,,,,,0.06,,,,,
                Shebanavirus,2843035,,,,,,,,,,,,,,,,,,,,,,,,,,,,,,,,,,,,,,,,,,,,,,,,,,,,,,,,,,,,,,,,,,,,,,,,,,,,0.23,,,,,0.22,,,0.1,,,,,,,,,,,,,,,,,,,,,,,,,,,,,
                Sholavirus,2843039,,,,,,,,,0.16,0.1,0.1,,,0.18,,,,,,,,,,0.11,0.16,0.24,0.09,,,,,,,,,,,,,,,,,,,,,,,,,,,,,,,,,,,,,,,,,,,,,0.03,,,0.07,0.16,5.28,,,,,,,,,,,,,,,,,,,,,,,,,,,,,,,,,,,,
                  Siovirus,2843048,,0.13,,,,,,,,,,,,,,,,,,,,,,,,,,,,,,,,,,,,,,,,,,,,,,,,,,,,,,,,,,,,,,,,,,,,,,,,,,,,,,,,,,,,,,,,,,,,,,,,,,,,,,,,,,,,,,,
              Slepowronvirus,2843051,,,,,,,,,,,,,,,,,,,,,,,,,,,,,,,,,,,,,,,,,,,,,,,,,,,,,,,,,,,,,,,,,,,,,,,,,,,,,,,0.11,,,,,,,,,,,,,,,,,,,,,,,,,,,,,,,,,,
                Stehlmavirus,2843058,,,,,,,,,,,,,,,,,,,,,,,,,,,,,,,,,,,,,,,,,,,,,,,,0.22,,,,,,,,,,,,,,,,,,,,,,,,,,,,,,,,,,,,,,,,,,,,,,,,,,,,,,,,,,,,,,,,,
                  Stoningtonvirus,2843060,,,,,,,,,,,,,,,,,,,,,,,,,,,,,,,,,,,,,,,,,,,,0.09,,,,,,,,,,,,,,,,,,,,,,,,,,,,,,,,,,,,,,,,,,,,,,,,,,,,,,,,,,,,,,,,,,,,,
                Suhnsivirus,2843062,,,,,,,,,,,,,,,,,,,,,,,,,,,,,,,,,,,,,,,,,,,,,,,,,,,,,,,,,,,,,,,,,,,,,,,,,,,,,,,,,,,,,,,,,,,,,,0.27,,,,,,,,,,,,,,,,,,,
              Tanisvirus,2843069,,,,,,,,,,,0.12,,,,,,,,,,,,,,,,,,,,,0.11,,,,,,,0.33,,,,,,,,,,,,,,,,,,,,,,,,,,,,,,,,,,,,,,,,,,,,,3.15,0.65,,,,,1.46,1.36,,0.64,,,0.19,0.36,,,0.21,,,0.29,,,,,0.23,,,0.05,0.13,
                Teciucevirus,2843073,,,,,,,,,,,,,,,,,,,,,,,,,,0.18,,,,,,,,,,,,,,,,,,,,,,,,,,,,,,,,,,,,,,,,,,,,,,,,,,,,,,,,,,,,,,,,,,,,,,,,,,,,,,,,,,,,,,,
                Ticahravirus,2843092,,,,,,,,,,,,,,,,,,,,,,,,,,,,,,,,,,,,,,,,,,,0.57,0.38,,,,,,,,,,,,,,,,,,,,,,,,,,,,,,,,,,,,,,,,,,,,,,,,,,,,,,,,,,,,,,,,,,,,,
              Tinytimothyvirus,2843096,0.44,0.14,,,0.08,,,,0.16,0.13,0.15,0.2,,,,,,,,,,,,,,,,0.49,,,,0.12,,,,,,0.27,,,,0.23,,0.14,0.1,,,0.22,,,,,,,0.15,,0.17,,,,0.21,,,,,,,0.42,,,,0.08,,,0.1,0.06,,,,,,,0.13,0.13,,,,,0.52,,,,,,,,,,,,,,,,,,0.07,0.07,,,0.05,0.06,
                Waedenswilvirus,2843122,,,,,,,,,,,,,,,,,,,,,,,,,,,,,,,,,,,,,,,,,,0.16,0.15,0.2,0.14,,0.17,,,,0.14,,,,0.16,,,,,,,,,,,,,,,,,0.04,,0.05,,,,,,,,,,,,,,,,,,,,,,,,,,,,,,,,,,0.01,,,,,
                Wahdswovirus,2843124,,,,,,,,,,,,,,,,,,,,,,,,,,,,,,,,,,,,,,,,,,,0.07,,,,,,,,,,,,,,,,,,,,,,,,,,,,,,,,,,,,,,,,,,,,,,,,,,,,,,,,,,,,,,,,,,,,,,0.11
                  Warsawvirus,2843128,,,,,,,,,,,,,,,,,,,,,,,,,,,,,,,,,,,,,,,,,,,,,,,,,,,,,,,,,,,,,,,,,,,,,,,,,,,,,,,,,2.07,,,,,,,,,,,,,,0.03,0.39,,,,,,,,,,,,,,,,,
              Wongtaivirus,2843141,,,,,,,,,,,,,,,,,,,,,,,,,,,,,,,,,,,,,,,,,,,,,,,,,,,,,,,,,,,,,,,,,,,,0.86,,,,,,,,,,,,,,,,,,,,,,,,,,,,,,,,,,,,,,,,,,,,,
              Yautsimvirus,2843147,,,,,,,,,,,,,,,,,,,,,,,,,,,,,,,,,,,,,,,,,,,0.19,,,,,,,,,,,,,,,,,,,,,,,,,,,,,,,,,,,,,,,,,,,,,,,,,,,,,,,,,,,,,,,,,,,,,,
                  Yonginvirus,2843155,,,,,,,,,,,,,,,,,,,,,,,,,,,,,,,,0.18,,,,,,,0.15,,,0.09,0.08,0.13,0.08,,0.19,0.34,,,,,,0.16,,,,,,,,,,,,,,,,,,,,,,,,,0.12,,,,,,,,,,,,,0.19,,,0.03,,,,,,,,,,,,,,,,,,
                  Zedzedvirus,2843159,,,,,,,,,,,,,,,,,,,,,,,,,,,,,,,,,,,,,,,,,,,,,,,,,,,,,,,,,,,,,,,,,,,,,,,,,,,,,,,,,,,,,,,,,,,,,,,,,,,,,,,,,,,,0.03,,,,,
                Zicotriavirus,2843161,,,,,,,,,,,,,,,,,,,,,,,,,,,,,,,,,,,,,,,,,,0.08,0.13,0.08,0.13,,,,,,,,,,,,,,,,,,,,,,,,,,,,,,,,,,0.08,,,,,,,,,,,,,,,,,,,,,,,,,,,,,0.03,,,,,
                Zurivirus,2843162,,0.12,,,,,,,,,,,,,,,,,,,,,,,,,,,,,,0.12,,,,,,,,,,0.07,,0.1,0.09,,,,,,,0.32,0.26,0.22,,,,,,0.83,,,,,,,,,,,,,,,,,,,,,,,,,,,,,,,,,,,,,,,,,,,,,,,,0.03,,,,,
              Aguilavirus,2843343,,,,,,,,,,,,,,,,,,,,,,,,,,,,,,,,,,,,,,,,,,,0.21,,,,,,,,,,,,,,,,,,,,,,,,,,,,,,,,,,,,,,,,,,,,,,,,,,,,,,,,,,,,,,,,,,,,0.07,,
              Anjalivirus,2843346,,,,,,,,,,,,,,,,,,,,,,,,,,,,,,,,,,,,,,,,,,,,,,,,,,,,,,,,,,,,,,,,,,,,,,,,,0.18,,,,,,,,,,,,,,,,,,,,,,,,,,,,,,,,,,,,,,,,
              Astrithrvirus,2843350,,,,0.04,,,,,,0.12,0.16,,,,,,,0.57,,0.04,,0.13,0.07,0.39,0.37,0.46,0.28,,,,,0.21,,0.15,,,,,0.22,,,0.52,0.67,0.66,0.82,,1.81,1.41,0.52,0.31,0.4,0.25,0.54,0.37,0.43,0.48,,,,,,,,,,,,,,,,0.06,,0.11,0.13,0.13,0.46,0.35,0.39,0.23,0.28,,0.24,0.22,,0.01,0.44,,0.29,,,0.24,0.45,,,0.03,0.13,,,0.1,,,,,,,,,,,,0.06,
              Audreyjarvisvirus,2843351,,,,0.06,0.05,,,,,,0.14,,,0.28,,,,3.43,,,0.15,0.46,0.28,3.79,2.5,1.57,0.67,,,,,,,,,,,,,,,4.99,0.7,4.17,4.5,5.59,4.1,1.94,1.75,1.82,0.76,0.65,0.6,0.39,2.63,1.83,,,,0.35,0.48,,0.26,,,,,,,,,0.24,,0.07,0.15,,,,0.18,,0.38,0.14,0.35,0.18,,0.02,1.63,,0.59,,,0.48,0.55,0.43,,,0.35,,,0.21,0.44,,0.34,0.31,0.54,,0.2,0.29,0.16,,0.66,,
              Avanivirus,2843352,,,,,,,,,,,,,,,,,,,,,,,,,,,,,,,,,,,,,,,,,,,,,,,,,,,,,,,,,,,,,,,,,,,,,,,,,,,,,,,,,,,,0.31,,,,,,,,,,0.48,,,,,,,,,,,,,,,,,,,
                Bcepfunavirus,2843356,,,,,,,,,,,,,,,,,,,,,,,,,,,,,,,,,,,,,,,,,,,,,,,,,,,,0.48,,,,,,,,,,,,,,,,0.36,,,,,,,,,,,,,,,,,,,,,,,,,,,,,,,,,,,,,,,,,,,,,
              Burrovirus,2843362,1.41,0.77,0.48,0.29,0.75,1.68,0.39,1.35,1.77,0.98,1.25,2.0,2.63,1.49,3.66,2.7,3.47,3.24,1.53,0.05,1.37,0.61,0.36,1.01,0.54,0.62,0.5,0.94,0.77,0.83,,1.72,0.62,0.77,1.15,0.71,0.68,1.6,0.87,2.13,1.28,1.97,0.9,1.49,2.64,1.8,1.3,1.67,1.47,1.22,0.79,0.38,0.99,0.7,1.37,1.7,1.8,1.96,1.4,5.84,1.69,1.76,2.15,0.98,2.0,1.27,0.36,3.94,1.1,2.52,2.03,0.91,0.65,0.36,0.83,0.54,2.43,0.79,0.34,0.5,1.43,1.03,1.39,0.47,1.16,0.03,0.78,,4.97,4.37,0.31,0.67,0.78,0.52,0.01,0.08,0.38,,0.98,0.71,0.37,0.85,0.57,0.97,0.28,0.62,0.56,0.4,0.49,0.3,0.34,0.26,0.45
              Chopinvirus,2843365,,,,,,,,,,,,,,,,,,,,,,,,,,,,,,,,,,,,,,,,,,0.2,0.07,0.12,0.09,,0.34,,,0.23,,,,,0.18,0.44,,,,,,,,,,,,,,,,0.15,,,,,,,,,,,,,,,,,,,,,,,,,,,,,0.26,,,,,,,0.02,,,,,
              Cimandefvirus,2843366,,,,,,,,,,,,,,,,,,,,,,,,,,,,,,,,,,,,,,,,,,0.15,0.13,0.19,0.12,,,,,0.64,,,,,,,,,,,,,,,,,,,,,,,0.67,0.42,0.25,0.09,,,,,,0.39,,,,,,,,,,,,,,,,,,,,,,,,,,,,,,,
              Firingavirus,2843381,,,,,,,,,,,,,,,,,,,,,,,,,,,,,,,,,,,,,,,,,,,,,,,,,,,,,,,,,,,,,,,,,,,,,,,,,,,,0.06,,,,,,,,,,,,,,,,,,,,,,,,,,,,,,,,,,,,,
              Fremauxvirus,2843383,,,,,,,,,,,0.1,,,,,,,,,,,,,,,,,,,,,,,,,,,,,,,1.05,0.21,0.85,0.99,,2.08,0.52,0.27,0.58,,0.17,,0.11,0.97,1.32,,,,,,,,,,,,,,,,0.15,,,,,,,,,,,,0.13,,0.02,,,0.36,,,0.33,0.33,,,,0.09,,,,,,,,,,,0.04,,,,,
              Hattifnattvirus,2843390,,,,,,,,,,,,,,,,,,,,,,,,,,,,,,,,,,,,,,,,,,,0.15,,,,,,,,,,,,,,0.44,,0.68,0.77,0.69,0.46,,,,,,,,1.16,0.48,,,,,,,,,,,,,,,,,,,,,0.3,,,,,,,,,,,,,,,,,,,,,
              Hnatkovirus,2843391,,,,,,,,,,,,,,,,,,,,,,,,,,,,,,,,,,,,,,,,,,,,,,,,,,,,,,,,,,,,,,,,,,,,,,,,,,,,,,,0.09,,,,,,,,,,,,,,,,,,,,,,,,,,,,,,,,,,
                  Kanagawavirus,2843399,,,,,,,,,,,,,,,,,,,,,,,,,,,,,,,,,,,,,,,,,,,,,,,,,,,,,,,,,,,,,,,,,,,,,,,,,,,,,,,,,,,,,,,,,,,,,,,,,,,,,,,,,,,,0.02,,,,,
              Klausavirus,2843401,,,,,,0.55,0.46,0.92,0.34,,,,,,,,,,,,,,,,,0.14,,,,,,,,,,,,,,,,,,,,,,,,,,,,,,,,,,,,,,,,,,,,,,,,,,,,,,,,,,,,,,,,,0.8,,,,,,,,,,,,,,,,,,,,,,
                Labanvirus,2843408,,,,,,,,,,,,,,,,,,,,,,,,,,,,,,,,0.08,,,,,,,,,,,0.07,0.14,,,,,,,,,,,,,0.33,,,0.41,0.25,0.28,,,,,,,,0.58,0.35,,,,,,,,,,,,,,,,,,,,,,,,,,,,,,,,,,,,,,,,,,
              Lafunavirus,2843410,,,,,,,,,,,,,,,,,,,,,,,,,,,,,,,,,,,,,,,,,,,,0.1,,,,,,,,,,,,,,,,,,,,,,,,,,,,,,,,,,,,,,,,,,,,,,,,,,,,,,,,,,,,,,,,,,,,,
                Lahexavirus,2843411,,,,,,,,,,,,,,,,,,,,,,,,,,,,,,,,,,,,,,,,,,,,,,,,,,,,0.57,,,,,,,,,,,,,,,,,,,,,,,,,,,,,,,,,,,,,,,,,,,,,,,,,,,,,,,,,,,,,
              Lastavirus,2843414,,,,,,,,,,,,,,,,,,,,,,,,,,0.15,,,,,,,,,,,,,,,,0.24,0.23,0.33,0.5,,0.29,0.6,,0.21,0.18,,,,0.11,0.2,,,,,,,,,,,,,,,,,0.21,,0.09,,,,,,,,,,,,,,,,,,,,,,,,,,,,,,0.14,,,,0.13,,,,
              Lillamyvirus,2843418,,0.24,,0.11,0.03,,,,0.43,,,,,,,,,,,,,,,,,0.16,0.1,,,,5.26,,,,,,,,,,,0.12,0.66,0.17,0.29,,0.34,0.39,,,,,,,,,0.67,0.22,0.43,3.58,1.15,2.19,1.39,,2.8,,,2.27,1.21,1.61,2.41,,0.51,,,,,,,0.25,,0.1,0.35,0.43,0.55,,,,0.48,,,1.17,0.76,,,,0.14,,,,,,,,,,,,,,,,
              Moturavirus,2843423,,,,,,,,,,,,,,,,,,,,,,,,,,,,,,,,,,,,,,,,,,,0.07,0.17,,,,,,,,,,,,,0.16,0.24,0.19,,0.23,,,,,,,,,,,,,,,,,,,,,,,,,,,,,,,,,,,,,,,,,,,,,,,,,,,,
              Muldoonvirus,2843425,0.18,,,,0.04,,,,,,,,,,,,,,,,,,,,,,,,,,,,,,,,,,,,,,,,,,,,,,,,,,,,,,,,,,,,,,,,,,,,,,,,,,,,,,,0.12,,,0.51,,,,,,,,,,,,,,,,,,,,,0.02,,,,,
              Muminvirus,2843426,,,,0.15,0.19,,,,0.62,,,,,,,,,,,,,,0.26,0.5,0.57,0.53,0.44,,,,8.42,,,0.38,,,,,,,,1.02,1.59,1.11,0.66,,1.56,1.87,,,6.1,,1.43,0.79,0.7,0.82,0.99,1.42,1.69,1.48,2.28,1.19,1.12,,,,,3.01,,2.61,1.67,,,,,0.39,,0.67,0.48,,,,0.96,0.88,1.13,,,,2.0,,,1.65,0.94,,,,0.45,,,,,,,,0.26,,,0.31,,,,,
              Nevevirus,2843430,,,,,,,,,,,0.06,,,,,,,,,,,,,,,,,,,,,,,,,,,,,,,,0.08,,0.08,,0.15,,,,,,,,,,,,,,,,,,,,,,,,,,,,,,,0.18,0.1,,,,,,,,,,,,,,,,,,,,,,,,,,,,,,,,,,
              Parlovirus,2843433,,,,,,,,,,,0.05,,,,,,,,,,,,,,,,,,,,,,,,,,,,,,,0.07,0.11,0.21,0.09,,,,,,,0.29,,,,,,,,,,,,,,,,0.33,,,,,,,,,,,,,,,,,,,0.48,,,,,,,,,,,,,,,,,,,,,,,,,,
              Plateaulakevirus,2843436,,,,0.09,0.09,,,,0.7,0.32,0.21,0.4,,,,,,,,,,,,0.13,,0.2,,,,,,,,,,,,,,,,0.18,1.19,1.08,0.6,,1.25,0.75,0.26,,0.37,0.14,,,0.16,0.42,,,,,,,,,,,,,,,,0.09,0.19,0.12,0.14,0.29,,0.94,0.3,0.32,0.22,0.09,0.3,,,0.01,,,,,,,,,,,,,,0.17,,0.18,0.17,,0.83,,0.42,0.23,,,0.55,,
              Predatorvirus,2843439,0.48,,,,0.03,,,,,,,,,,,,,,,,,,,,,,,,,,,,,,,,,,,,,,,,,,,,0.24,0.46,,,,,,,,,,,,,,,,,,,,,,,,,,,,,,,,,,0.23,,,,,,,,,,0.25,,,0.13,,,,,,,,,,,,,,,,
                Privateervirus,2843440,,,,,,,,,,,,,,,,,,,,,,,,,,,,,,,,,,,,,,,,,,,0.06,,,,,,,,2.72,,,,0.14,,,,,,,,,,,,,0.85,,,,,,,,,,,,,,,,,,,,,,,,,,,,,,,,,,,,,,,,,,,,,
              Questintvirus,2843441,,,,,,,,,,,,,,,,,,,,,,,,0.18,,,,,,,,,,,,,,,,,,,,,,,,,,,,,,,,,,,,,,,,,,,,,,,,,,,,,,,,,,,,,,,,,,,,,,,,,,,,,,,,,,,,,,,,,
              Sandinevirus,2843449,,,,,,,,,,,,,,,,,,,,,,,,,,,,,,,,,,,,,,,,,,0.61,0.22,0.8,0.46,,1.66,0.38,,0.32,0.19,,,,0.87,0.63,,,,,,,,,,,,,,,,,,,,,,,,,,,,,,,,,,,,0.41,,,,,,,,,,,,,,,,,,,,,
              Shandongvirus,2843454,,,,,,,,,,,,,,,,,,,,,,,,,,,,,,,,,,,,,,,,,,0.12,,,0.12,,,,,,,,,,,,,,,,,,,,,,,,,,,,,,,,,,,,,,,,,,,,,,,,,,,,,,,,,,,,,,,,,,,,
              Sleepyheadvirus,2843457,,,,,,,,,,,,,,,,,,,,,,,,,,,,,,,,,,,,,,,,,,,,,,,,,,,,,,,,,,,,,,,,,,,,,,,,,,0.1,,,,,,,,,,,,,,,,,,,,,,,,,,,,,,,,,,,,,,,
              Takahashivirus,2843463,,,,,,,,,,,,,,,,,,,,,,,0.05,,,,,,,,,,,,,,,,,,,,,,,,,,,,,,,,,,,,,,,,,,,,,,,,,,,,,,,,,,,,,,,,,,,,,,,,,,,,,,,,,,,,,0.03,,,,,
              Teubervirus,2843466,,,,,,,,,,,,,,,,,,,,,,,,,,,,,,,,,,,,,,,,,,0.72,0.31,0.76,0.38,1.16,0.51,0.26,1.08,1.35,0.26,0.29,0.54,0.5,0.33,0.29,,,,,,,,,,,,,,,,,,,,,,,,,,,,,,,,,,,,,,,,,,,,,,,,,,,,0.04,,,,,
              Uwajimavirus,2843469,,,,,,,,,,,,,,,,,,,,,,,,,,,,,,,,,,,,,,,,,,,,,,,,,,,,,,,,,,,,,,,,,,,,,,,,,,,,,,,,,,,,,,,,,,,,,,,,,,,,,,,,,,,,,,,,,0.2
              Vedamuthuvirus,2843470,,,,,,,,,,,,,,,,,,,,,,,,,,,,,,,,,,,,,,,,,,0.11,,,0.08,,,,,,,,,,,,,,,,,,,,,,,,,,,,,,,,,,,,,,,,,,,,,,,,,,,,,,,,,,,,,,,,,,,,
              Whackvirus,2843473,,,,,,,,,,,,,,,,,,,,,,,,,,,,,,,,,,,,,,,,,,,,,,,,,,,,,,,,,,,,,,,,,,,,,,,,,,,,,,,,,,,,0.12,,,,,,,,,,,,,,,,,,,,,,,,,,,,,
                Yonseivirus,2843478,,,,,,,,,,,,,0.45,0.31,1.9,0.6,0.78,0.89,,0.04,0.43,0.21,0.26,0.18,0.16,0.15,0.13,1.97,0.75,0.6,,1.21,0.48,0.52,1.2,0.49,0.31,0.86,0.72,1.18,0.61,0.69,0.69,0.9,0.52,,1.13,0.42,0.36,0.79,0.42,,0.26,0.17,0.46,0.62,0.6,0.38,0.21,0.86,0.43,0.32,,,0.49,,,0.65,0.22,0.39,,0.49,,0.09,0.16,0.08,,,0.1,,0.28,0.15,0.24,1.68,0.78,0.01,,,0.83,0.61,0.8,0.6,0.35,,,0.13,0.31,,0.66,0.26,0.32,,,0.38,2.0,0.17,0.21,0.1,1.39,0.55,1.53,0.13,0.15
                  Akihdevirus,2942978,0.28,,,,,,,,,,,,,,,,,,,,,,,,,,,,,,,,,,,,,,,,,,,,,,,,,,,,,,,,,,,0.89,,,,,,,,,,0.83,,,,,,,,,,,,,,,,,,,,,,,,,,,,,,,,,,,,,,,,,,,
                  Kahnovirus,2942979,0.16,0.16,,0.26,0.22,0.45,0.26,,0.4,0.82,0.38,0.57,0.67,0.22,0.62,,0.41,0.49,,0.03,0.3,0.57,0.42,0.39,0.34,0.42,0.42,1.4,1.46,1.7,,1.79,0.91,1.19,0.67,0.85,0.85,0.86,1.38,1.3,,0.47,0.35,0.41,0.45,,0.5,0.6,0.28,1.2,0.52,0.14,0.51,0.19,0.47,0.35,1.12,0.94,1.31,1.56,2.06,1.34,1.34,1.59,1.25,,,2.57,1.26,1.25,1.53,0.04,0.21,0.15,0.19,0.06,,0.34,0.45,0.25,0.34,0.15,0.58,0.21,,0.01,,0.59,0.48,0.24,,0.45,0.55,,,,0.32,,1.54,1.37,2.96,1.03,1.12,1.22,1.68,1.26,0.6,1.01,0.66,0.61,1.91,0.74,0.91
                  Kehishuvirus,2942980,0.21,0.09,,0.45,0.14,,0.23,0.31,0.47,1.78,0.75,0.36,2.18,1.27,1.57,1.43,1.99,4.24,0.76,0.26,1.56,1.9,2.29,3.53,3.13,2.24,3.15,1.01,1.34,1.58,5.61,0.87,0.57,1.03,,0.61,0.72,0.34,0.96,0.91,0.95,0.31,0.57,0.49,0.53,,0.6,1.08,0.58,0.7,1.09,0.2,0.73,0.36,0.33,0.48,0.36,0.38,0.41,,0.44,0.44,0.29,,0.45,,,0.54,0.27,0.44,0.45,0.05,0.19,0.14,0.2,0.12,0.42,0.3,0.17,,0.87,,1.02,0.25,,0.01,0.54,,0.24,,,0.46,,0.3,,,0.25,,0.84,0.9,0.55,1.54,0.35,1.38,0.43,0.99,0.59,0.3,0.52,1.61,0.36,1.0,1.01
                  Paundivirus,2942981,,,,0.06,0.06,,,,,0.35,0.15,,,,,,,,,,,0.1,0.05,,,,0.1,,,,,0.17,,0.16,,,,,,,,0.08,,,0.08,,,,,,,,,,,,,,,,0.22,,0.26,,,,,,,,0.37,,,,,,,,,,,,0.57,,,,,,,,,,,,,,,,0.3,0.99,0.49,,,,0.22,0.2,0.13,0.08,,0.19,0.18,0.3,0.11
                  Wulfhauvirus,2942982,,,,,,,,,,,,,,,,,,,,,,,0.06,,,,0.07,,,,,,,,,,,,,,,,,,,,,,,,,,,,,,,,,,,,,,,,,,,,,,,,,,,,,,,,,,,,,,,,,,,,,,,,,,,,,,,,0.07,0.01,,,,,
                  Afonbuvirus,2942989,0.6,0.45,0.45,0.63,0.61,1.79,0.46,1.04,0.82,1.17,0.63,0.83,,0.32,0.48,0.39,0.61,1.42,,0.04,0.23,0.39,0.52,0.78,0.93,0.79,0.81,0.84,1.6,2.01,5.96,4.72,1.5,1.94,0.86,1.51,1.92,2.3,1.51,1.98,2.85,0.91,0.9,0.97,1.14,,0.67,0.89,0.64,1.1,1.26,0.14,1.2,0.53,0.72,0.93,0.47,0.32,0.62,0.52,0.7,0.72,0.75,0.91,0.45,0.78,,1.4,0.53,0.67,0.55,0.33,1.34,1.04,0.86,0.57,3.12,2.82,2.93,1.53,2.1,0.58,1.78,1.59,2.13,0.09,2.68,5.18,3.66,2.42,1.27,3.76,3.16,1.18,0.02,0.16,1.37,,0.66,0.68,2.16,1.3,0.84,0.94,1.2,1.72,0.82,0.73,0.3,1.61,1.08,0.45,1.96
                  Canhaevirus,2942990,0.37,0.16,0.41,0.2,0.29,0.79,0.21,0.37,0.47,0.35,0.32,0.4,,,,,,,,0.02,,0.12,0.14,0.23,0.12,0.19,0.1,,0.36,0.37,,0.69,0.31,0.47,,0.26,0.36,0.52,0.42,,0.78,0.24,0.18,0.38,0.24,,0.24,0.52,0.26,0.33,0.32,,0.36,0.22,0.16,0.2,0.27,,0.31,0.54,0.32,0.38,0.45,0.49,,,,0.74,0.27,0.47,0.43,0.06,0.27,0.16,0.18,0.14,0.73,0.73,0.49,0.37,0.44,0.21,0.32,0.31,,0.02,0.39,0.71,0.48,0.46,,0.69,0.65,0.35,,0.04,0.34,,0.17,0.23,,0.19,,0.32,0.13,0.27,0.15,0.09,0.22,,0.09,0.13,0.22
                  Cohcovirus,2942991,0.44,0.29,0.4,0.33,0.4,0.93,0.24,,0.64,0.74,0.38,0.38,,,,,,,,0.02,,0.15,0.13,0.25,0.25,0.19,0.24,0.61,0.86,0.92,,0.91,0.41,0.71,,0.57,0.62,0.43,0.76,0.8,1.17,0.24,0.25,0.42,0.45,,0.18,0.69,0.23,0.54,0.39,,0.31,0.2,0.3,0.42,0.36,0.32,0.46,0.57,0.26,0.5,0.59,0.61,0.49,0.85,0.19,0.73,0.38,0.42,0.61,0.11,0.55,0.29,0.31,0.16,0.96,1.2,0.99,0.56,0.89,0.21,0.53,0.64,0.75,0.02,0.63,1.25,0.72,0.93,0.74,1.33,0.75,0.65,,0.04,0.58,,0.33,0.13,,0.27,0.17,,0.1,0.26,0.11,0.16,,,,,0.24
                  Culoivirus,2942992,,0.1,,0.13,0.13,0.34,,,,0.2,0.18,,,,,,,,,,,,0.05,0.12,,,,0.28,,0.34,,0.4,,0.15,,,0.16,0.32,0.17,,,0.11,0.12,0.14,0.1,,0.17,0.24,,0.23,0.26,,,,0.11,,,,,,0.2,,,,,,,,,,,0.05,0.19,0.12,0.08,0.06,,0.3,0.34,0.18,0.26,,0.31,0.24,,,,,0.58,,,0.33,0.4,,,,0.16,,,,,0.16,,,,,,0.07,,,,,0.11
                  Blohavirus,2942993,0.53,0.28,,0.46,0.46,0.74,0.32,0.47,0.53,0.84,0.46,0.6,,0.25,,,,0.69,,0.03,0.26,0.29,0.2,0.57,0.43,0.41,0.36,,0.36,0.36,,0.71,,0.28,,0.27,0.35,0.33,0.4,0.57,,0.67,0.45,0.71,0.93,,0.5,0.61,0.35,0.6,0.78,0.27,1.37,0.41,0.69,0.71,0.18,,0.21,,,,0.35,,,,,,0.19,,,0.12,0.68,0.65,0.64,0.5,2.32,1.83,2.3,1.14,1.91,0.46,1.3,1.32,0.97,0.08,1.87,3.81,3.02,1.2,0.77,2.53,2.19,1.31,0.01,0.08,1.06,,0.21,0.19,0.38,0.25,0.34,0.3,0.11,0.31,0.09,0.24,0.25,0.2,0.12,0.2,0.22
                  Buchavirus,2942994,1.05,0.26,,0.32,0.34,0.69,0.22,0.52,0.46,0.69,0.46,0.52,,,0.48,,0.44,0.73,,0.04,0.18,0.38,0.24,0.61,0.48,0.48,0.55,0.64,1.13,1.03,4.21,1.0,0.54,0.74,,0.45,0.65,0.65,0.88,0.53,0.84,0.33,0.25,0.34,0.33,,0.31,0.44,0.22,0.42,0.43,0.18,0.49,0.19,0.27,0.24,0.29,0.34,0.19,,0.35,0.32,0.59,0.42,,,,0.33,0.35,0.3,,0.19,0.35,0.27,0.25,0.25,0.73,0.72,0.63,0.32,0.8,0.2,0.52,0.57,,0.02,0.88,1.23,1.52,0.88,0.53,1.42,1.03,0.57,0.01,0.03,0.56,,0.43,0.22,0.67,1.31,0.72,0.21,0.58,0.86,0.28,0.64,0.3,0.6,0.66,0.18,0.85
                Dunedinvirus,2943004,,,,,,,,,,,,,,,,,,,,,,,,,,,,,,,,,,,,,,,,,,,0.08,,,,,,,,,,,,,,,,,,,,,,,,,,,,,,,,,,,,,,,,,,,,,,,,,,,,,,,,,,,,,0.19,,,,,,,0.25,,
                Gediminasvirus,2943007,,,,,,,,,,,,,,,,,,,,,,,,,,,,,,,,,,,,,,,,,,,,,,,,,,,,,,0.31,,,,,,,,,,,,,,,,,,,,,,,,,0.09,,,,,,,,,,,,,,,,,,,,,,,,,,,,,,,,,,
                Gwanakrovirus,2943008,,,,,,,,,,,,,,,,,,,,,,,,,,,,,,,,0.11,0.25,,,,,0.27,,,,,0.08,,0.08,,,,,,,,,,,,,,,,,,,,,,,,,,,0.14,,,,,,,,,,,0.2,0.12,,,,,0.57,0.28,,,0.33,0.3,,,0.12,,,,,,,,,,,0.02,,,,,
                Phobosvirus,2943014,,,,,,,,,,,,,,,,,,,,,,,,,,,,,,,,,,,,,,,,,,,,,,,,,,,,,,0.26,,,,,,,,,,,,,,0.85,,,,,,,,,,,0.16,,,,,,,,,,,,,,,,,,,,,,,,,,,,,,,,,,
                Salvovirus,2943016,0.29,0.29,0.48,0.21,0.42,1.07,0.22,0.77,0.7,0.52,0.54,1.09,1.96,1.49,4.95,2.98,2.99,1.9,1.91,0.08,1.17,0.59,0.35,0.32,0.36,0.22,0.35,1.9,0.8,0.95,,1.26,0.91,1.04,1.29,1.09,1.19,2.64,1.19,2.51,2.12,0.66,0.13,0.25,0.59,,0.32,0.22,0.3,0.54,0.25,,,0.27,0.14,,0.47,0.38,0.21,0.52,0.27,0.26,0.33,0.57,,1.06,,0.88,0.28,0.42,0.43,0.1,0.22,0.14,0.19,0.1,0.73,0.19,0.36,0.2,0.34,0.17,0.42,0.11,,,,,0.48,,,,,,,,0.17,,0.87,0.34,0.39,0.16,0.28,,0.31,0.2,0.84,0.2,0.2,0.81,0.33,0.13,0.21
                Seodaemunguvirus,2943017,,,,,,,,,,,,,,,,,,,,,,,,,,,,,,,,,,,,,,,,,,,,,,,,,,,,,,0.67,,,,,,,,,,,,,,,,,,,,,,,,,,,,,,,,,,,,,,,,,,,,,,0.14,,,,,0.11,,0.08,,,,0.1,0.1,
                Sessunavirus,2943018,,,,,,,,,,,,,,,,,,,,,,,,,,,,,,,,0.15,,,,,,,,,,,,,,,,,,,,,,,,,,,,,,,,,,,,,,,,,,,,,,,,,,,,,,,,,,,,,,,,,,,,,,,,,,,,,,,,,
                Sharonstreetvirus,2943019,,,,0.04,,,,,,,,,0.45,,,,0.48,,,,,0.11,0.06,0.11,,,0.11,,,,,0.25,,0.14,,,0.12,0.34,0.18,,,1.51,0.24,1.07,0.93,1.8,1.62,0.52,0.3,0.64,0.28,1.29,0.36,0.22,0.85,0.79,0.66,0.64,0.6,1.35,0.93,,0.31,,0.45,,,1.69,0.65,0.94,0.58,0.41,0.55,0.17,0.41,0.25,1.81,1.09,1.24,0.79,0.86,0.19,1.12,,,0.01,,,0.93,,,,0.25,,,,0.18,,0.24,0.12,0.8,,0.21,4.15,0.14,0.17,0.09,0.18,,,0.09,0.08,0.09
                Zhonglingvirus,2943020,,,,,,,,,,,,,,,,,,,,,,,,,,,,,,,,,,,,,,,,,,,,,,,,,,,,,,,,,,,,,,,,,,,,,,,,,,,,,,,,,,,,,,,,,,,,,,,,,,,,,,,,,,,,,,,,,0.15
              Swiduovirus,2944849,,,,,,,,,,,,,,,,,,,,0.02,,,0.06,,,,,,,,,,,,,,,,,,,,,,,,,,,,,,,,,,,,,,,,,,,,,,,,,,,,,,,,,,,,,,,,,,,,,,,,,,,,,,,,,,,,0.07,,,,,,
              Akiravirus,2946787,,,,,,,,,,,,,,,,,,,,,,,,,,,,,,,,,,,,,,,,,,,,,,,,,,,,,,,,,,,,,,,,,,,,,,,,,,,,,,,,,,,,,,,,,,,,,,,,,,,,,,,,,,,0.16,,,,0.1,,
              Anayavirus,2946797,,,,,,,,,,,,,,,,,,,,,,,,,,,,,,,,,,,,,,,,,,,,0.1,,,,,0.28,,,,,,,,,,,,,,,,,,,,,,,,,,,,,,0.09,,,0.1,,,,,,,,,,,,,,,,,,,,,,,,,,,,,,,
                Angainorvirus,2946799,,,,,,,,,,,,,,,,,,,,,,,,,,,,,,,,,,,,,,,,,,,,,,,,,,,,,,,,,,,,,,,,,,,,,,,,,,,,,,,,,,,,,,,,,,,,,,,,,,,,,,,,,,,,,,,,0.12,
                Aptresvirus,2946806,,,,,,,,,,,,,,,,,,,,,,,,,,,,,,,,,,,,,,,,,,,,,,,,,,,,,,,,,,,,,,,,,,,,,,,,,0.42,0.18,,,,,,,,,,,,,,,,,,,,,,,,,,,,,,,,,,,,,,,
              Archimedesvirus,2946808,,,,,,,,,,,,,,,,,,0.4,,,,,,,,,,,,,,,,,,,,,,,,,,,,,,,,,,,,,,,,,,,,,,,,,,,,,,,,,,,,,,,,,,,,,,,,,,,,,,,,,,,,,,,,,,,,,,,
                Arsyunavirus,2946810,,,,,,,,,,,,,,,,,,,,,,,,,,,,,,,,,,,,,,,,,,,,,,,,,,,,,,,,,,,,,,,,,,,,,,,,,0.41,0.15,,,,,,,,,,,,,,,,,,,,,,,,,,,,,,,,,,,,,,,
                  Aurodevirus,2946811,0.37,0.44,0.51,0.68,0.71,1.54,0.6,0.75,0.87,1.27,0.79,1.11,0.89,0.34,,0.46,0.54,0.97,,0.04,0.35,0.33,0.54,0.95,0.79,0.75,0.82,1.3,2.41,2.51,7.02,5.13,0.7,2.11,1.82,1.94,2.5,2.05,2.54,2.1,3.07,0.66,1.01,1.32,1.22,1.06,0.88,1.07,0.92,1.34,1.26,0.24,1.51,0.76,0.7,0.85,0.89,0.98,1.32,0.77,1.1,1.38,2.09,1.51,1.38,1.2,0.32,2.6,1.79,1.89,1.14,0.3,0.94,0.54,0.53,0.53,2.4,2.2,1.95,0.88,1.29,0.34,1.24,1.21,1.19,0.05,2.14,2.72,2.67,1.46,0.84,2.67,2.42,0.62,0.01,0.08,1.2,,0.9,0.74,0.94,1.55,0.29,0.47,0.56,2.74,0.98,0.23,0.74,0.93,0.62,0.47,2.1
              Backyardiganvirus,2946815,,,,,,,,,,,,,,,,,,,,,,,,,,,,,,,,,,,,,,,,,,,,,,,,,,,,,,,,,,,,,,,,,,,,,,,,,,,,,,,,,,,,,,,,,,,,,,,,,,,,,,,,,,,,0.06,,,,,
              Beograduvirus,2946820,,,,,,,,,,,,,,,,,,,,,,,,,,,,,,,,,,,,,,,,,,,,,,,,,,,,,,,,,,,,,,,,,,,,,,,,,,,,,,,,,,,,,,,,,,,,,,,0.01,,,,0.43,,,,,,,,,,,,,,
                  Besingivirus,2946821,,,,,0.03,,,,0.21,,0.07,,,,,,,,,,,,,0.16,,,0.07,,,,,,,,,,,,,,,,,,,,,,,,,,,,,,,,,,,,,,,,,,,,,,,,,,,,,,,,,,,,,,,,,,,,,,,,,,,0.16,,,,0.14,,0.07,,,,,0.13
                  Birpovirus,2946830,0.27,0.19,,0.27,0.29,0.89,0.23,0.44,0.51,0.53,0.36,0.44,,,,,0.37,0.5,,,,0.15,0.14,0.26,0.2,0.26,0.22,0.33,,0.29,,0.68,0.3,0.21,,0.24,0.27,0.23,0.41,,,0.47,0.23,0.45,0.51,,0.32,0.31,,0.47,0.4,,0.41,0.2,0.33,0.5,,,0.25,,0.25,0.43,0.25,,,,,,,,,0.1,0.42,0.27,0.25,0.25,0.72,0.65,0.98,0.55,0.71,0.2,0.54,0.45,0.37,0.03,0.9,1.55,1.32,0.36,,1.0,0.91,0.46,,,0.36,,0.26,0.16,,0.24,0.38,0.22,0.16,0.27,0.1,0.24,0.12,0.17,0.14,0.14,0.21
                Bluvavirus,2946831,,,,,,,,,,,,,,,,,,,,,,,,,,,,,,,,,,,,,,,,,,,,,,,,,,,,,,,,,,,,,,,,,,,,,,,,,,,,,,,,,,,,,,,,,,,,,,,,0.13,,,,,,,,,,,,,,,,,
                  Bohxovirus,2946832,,,,,,,,,0.15,0.2,,,,,,,,,,,,0.09,0.06,,,,0.08,,,,,0.09,,0.1,,,,,,,,,,,,,,,,,,,,,,,,,,,,,,,,,,,,,,,,,,,,,,,,,0.15,,,,,,,,,,,,,,,,,,,,,,,0.12,,0.09,,,,,0.09
                Bracchivirus,2946835,,,,,,,,,,,,,,,,,,,,,,,,,,,,,,,,,,,,,0.14,,,,,,,,,,,,,,,,,,,,,,,,,,,,,,,,,,,,,,,,,,,,,,,,,,,,,,,,,,,,,,,,,,,,,,,,,,,,
                  Buhlduvirus,2948643,,,,,,,,,,0.11,0.05,,,,,,,,,,,,,,,,0.1,,,,,,,,,,,,,,,,,,,,,,,,,,,,,,,,,,,,,,,,,,,,,,,,,,,,,,,,,,,,,,,,,,,,,,,,,,,,,,,,,0.12,,,,,0.12
                  Buorbuivirus,2948644,,0.11,,0.13,0.12,,,,0.14,0.38,0.17,0.38,,,,,,0.43,,0.02,0.18,0.23,0.21,0.35,0.23,0.29,0.34,,0.37,0.72,,0.83,0.37,0.59,,0.43,0.69,0.57,0.41,,,0.19,0.22,0.31,0.21,,,0.27,0.29,0.22,0.43,,,0.2,0.14,0.21,0.17,,0.23,,,,,,,,,0.36,,,,0.09,0.28,0.17,0.11,0.09,0.49,0.54,0.4,0.23,0.24,0.1,0.26,0.23,0.52,,0.49,,0.4,,,0.54,0.39,,,,0.28,,,0.09,,0.17,,,,0.33,0.11,0.07,,,0.06,0.13,0.26
                  Burzaovirus,2948645,3.51,2.88,3.69,6.03,7.13,12.37,4.4,8.04,6.48,11.02,5.76,8.89,1.2,0.99,1.71,0.84,1.77,4.25,0.76,0.06,1.0,1.28,1.16,2.67,2.4,2.29,1.81,5.22,7.86,12.82,28.42,31.97,7.58,13.02,9.93,11.6,12.24,14.15,12.01,10.17,11.12,7.37,3.64,6.61,5.76,5.17,3.13,2.74,2.13,6.91,4.41,0.73,4.27,3.77,5.63,6.27,5.87,5.04,7.54,12.07,14.77,8.23,14.29,10.75,7.08,5.93,1.03,17.39,7.54,6.27,11.49,2.1,1.06,0.9,1.66,0.5,5.43,3.9,6.91,1.74,6.26,1.49,2.78,5.3,8.14,0.33,6.79,16.19,17.3,9.88,9.19,17.61,17.34,14.74,0.08,0.36,9.09,0.89,26.59,53.14,34.87,25.72,44.36,36.24,12.96,39.62,22.87,42.2,23.4,20.79,15.33,14.85,30.81
                  Cacepaovirus,2948646,,,,,,,,,0.54,0.19,0.07,,,,,,,,,,,,,,,,,,,,,0.18,,,,,,,,,,,,,,,,,,,,0.13,,,,,,,,,,,,,,,,,,,,,,,,,,,0.09,,,,0.15,,,,,,,,,,,,,,,,,0.21,0.67,0.35,0.42,0.31,0.13,0.29,0.13,0.41,0.53,,0.17,,0.25
                  Carjivirus,2948652,0.97,1.15,0.99,1.42,1.98,3.92,1.88,2.55,2.84,3.9,2.23,3.73,0.71,0.51,1.81,1.09,1.97,2.06,1.21,0.04,0.46,0.73,0.89,1.57,1.67,1.44,1.09,1.63,2.79,4.2,12.98,12.4,3.13,3.24,2.49,2.97,3.28,3.59,3.45,3.66,5.75,9.54,3.47,7.06,9.09,6.97,6.0,8.71,2.73,7.14,6.69,1.67,8.12,3.87,7.79,5.96,1.25,0.74,0.92,1.31,0.97,1.53,2.17,1.63,0.98,,,3.22,1.33,1.66,1.77,1.26,2.7,1.92,2.96,1.34,8.71,6.01,14.53,3.84,6.0,1.53,5.69,4.93,3.88,0.41,9.37,14.33,11.14,4.99,3.62,10.22,9.81,4.33,0.05,0.37,4.9,17.75,1.6,1.32,1.53,1.04,1.58,1.57,0.8,0.88,0.67,1.31,0.61,0.65,0.65,0.88,1.01
                Chrysonvirus,2948662,,0.13,,,,,,,,,,,,,,,,,,,,,,,,,,,,,,,,,,,,,,,,,,,,,,,,,,,,0.15,,,,,,,,,,,,,,,,,,,,,,,,,,,,,,,,,,,,,,,,,0.04,,1.64,,,,,,,,,,,,,,,,
                  Chuhaivirus,2948663,,,,0.04,,,,,0.42,0.29,0.05,,,,,,,,,,,,0.05,,0.15,,,,,,,0.18,,0.1,,,,,,,,,,,,,,,,,,,,,,,0.19,,,,,,,,,,,,,,,,,,,,,,0.17,,,,0.11,,,,,,,,,,,,,,,,0.27,0.47,0.65,0.42,0.76,1.34,0.17,1.03,0.69,0.96,1.95,0.41,0.23,0.15,1.05
                Cinqassovirus,2948665,,,,,,,,,,,,,,,,,,,,,,,,,,,,,,,,,,,,,,,,,,,,,,,,,,,,,,0.15,,,,,,,,,,,,,,,,,,,,,,,,,,,,,,,,,,,,,,,,,,,,,,,,,,,,,,,,,,,
                  Clownvirus,2948667,,,,,,,,,,,,,,,,,,,,,,,,,,,,,,,,,,,,,,,,,,,,,0.08,,,,,,,,,,,,,,,,,,,,,,,,,,,,,,,,,,,,,,,,,,,,,,,,,,,,,,,,,,0.23,,,0.21,,0.12,,,0.06,,0.09
                  Dabirmavirus,2948671,,0.08,,0.09,0.21,,,,0.17,0.29,0.19,0.32,,,,,,,,,,,,,,,,,,,,0.28,,,,0.23,0.12,,0.11,,,0.26,0.08,0.26,0.26,,0.15,0.22,,0.27,0.32,,,,0.19,0.26,0.17,,,,,,,,,,,,,,,,,,0.1,,,0.21,0.28,,,,0.22,,,,,,,,,,,,,,,,,,,,,,,,,0.04,,,,,
              Deseoctovirus,2948678,,,,,,,,,,,,,,,,,,,,0.02,0.17,,0.1,0.13,,0.14,0.13,,,,,,,,,,0.18,,0.13,,,,,,,,,,,,,,,,,,,,,,,,,,,,,,,,,,,,,,,,,,,,,,,,,,,,,,,,,,,,,,,,,,,,0.19,,,,,,
                  Diorhovirus,2948680,0.18,0.15,0.33,0.19,0.19,0.55,0.2,,0.42,0.53,0.28,0.52,,,,,,,,,,,,,,,,0.25,0.47,0.66,,0.76,0.25,0.24,,0.4,0.36,0.27,0.24,,0.56,0.32,0.19,0.23,0.18,,,0.44,,0.21,0.15,,0.24,,0.11,,,,,,,,,,,,,,,,,,,,,,,0.31,0.22,,0.19,,,0.12,,,,,0.33,,,0.35,,,,,0.15,,,0.13,,,,,,0.21,,0.03,,,,0.08,0.15
                  Drivevirus,2948684,,,,0.04,0.05,,,,,0.13,0.09,,,,,,,,,,,,0.06,,,0.14,0.12,,,,,0.13,,,,,,,0.3,,,,0.1,0.11,0.1,,,,,,,,,,,,0.17,,,,0.25,,0.31,,,,,,0.3,,,,,0.07,,,,0.13,0.1,,,,,,,,,,,,,,,,,,,,0.17,,,0.26,,,,,,0.06,,0.11,,,
                Duodecimduovirus,2948687,,,,,,,,,,,,,,,,,,,,,,,,,,,,,,,,,,,,,,,,,,,,,,,,,,,,,0.23,,,,,,,,,,,,,,,,,,,,,,,,,,,,,,,,,,,,,,,,,,,,,,,,,,,,,,,,,,,,
                  Delmidovirus,2948688,,,,0.08,0.1,,,,0.16,0.2,0.12,0.23,,,,,,,,,,,,,,,,,,0.32,,1.43,0.25,0.48,,0.35,0.4,0.56,0.48,,0.67,0.23,0.13,0.21,0.21,,0.19,0.2,,0.27,0.25,,0.24,0.12,0.21,,0.25,,0.37,,0.27,,0.5,0.38,,,,0.72,,0.3,0.29,0.05,0.24,0.12,0.13,,,0.34,0.5,,,0.1,0.16,,,,,,0.36,,,0.35,,,,,0.19,,,0.12,,,,,,,,0.1,0.13,,0.08,,
                Efbeekayvirus,2948690,,0.11,,0.04,,,,,,,,,3.83,1.31,1.24,0.74,1.97,5.26,0.7,0.28,1.89,2.56,1.26,3.5,3.81,3.74,1.73,1.55,1.43,1.47,5.96,1.89,0.71,1.73,1.25,0.8,0.87,0.61,1.11,1.14,1.4,1.02,1.23,0.95,0.85,,1.45,2.08,10.98,0.83,0.58,0.16,0.37,0.6,0.38,0.53,0.22,0.22,0.19,,,0.35,,,,,,,,0.3,,,0.18,,,0.07,,0.3,0.39,,0.34,,0.12,0.29,,,0.37,,0.36,,,0.71,,,,0.1,0.15,,0.17,0.41,0.41,0.42,0.96,,3.14,0.29,0.34,1.01,0.54,0.43,2.29,0.18,0.25
                  Endlipuvirus,2948697,,,,0.1,0.11,,,,0.2,0.16,0.11,0.17,,,,,,,,,,,,,,,0.07,,0.55,0.43,,0.81,0.42,0.29,,0.68,0.45,0.25,0.16,,,0.27,0.12,0.19,0.17,,0.25,0.26,0.2,0.25,0.33,,0.19,,0.27,0.22,,,,,,,,,,,,0.42,0.23,,,0.04,0.19,0.14,0.2,0.13,0.39,0.4,0.78,,0.38,0.1,0.3,0.18,,,,0.68,,,,0.31,0.28,,,,0.14,,0.3,0.12,,,,,,,,0.05,,,,,0.13
                Exceevirus,2948704,,,,0.08,0.05,,0.29,0.34,0.54,0.13,0.16,,,,,,,,,,,,0.06,,,,,,,,,0.11,,,,,,,0.1,,,0.6,0.75,0.92,0.61,,0.99,0.67,0.32,0.48,0.45,0.27,0.22,1.96,0.33,0.68,,,,,0.66,,,,,,,,,,,0.04,,0.05,0.07,0.06,,0.23,0.34,0.23,0.53,,0.15,,,,,,,,,,,,,,0.1,,0.17,0.13,,0.16,,,0.2,0.27,0.1,0.08,,,0.34,0.08,0.09
                  Faithunavirus,2948705,,,,,,,,,,,,,,,,,,,,,,,,,,,,,,,,,,,,,0.19,,,,,,,,,,,,,,,,,,,,,,,,,,,,,,,,,,,,,,,,,,,,,,,,,,,,,,,,,,,,,,,,,,0.13,,,,0.11,0.08,,,,,
              Finchvirus,2948706,,,,,,,,,,,,,,,,,,,,,,,,,,,,,,,,,,,,,,,,,,,,,,,,,,,,,,,,,,,,,,,,,,,,,,,,,,,,,,,,,,,,,,,,,,0.28,,,,,,,0.13,,,,,,,,,,,,,,,,
                  Fohxhuevirus,2948709,0.16,0.16,0.3,0.23,0.38,0.62,0.31,0.43,0.53,0.57,0.41,0.64,,,,,,,,,,,,,,,,0.42,0.97,0.98,,1.23,0.33,0.61,0.58,0.68,0.75,1.02,0.62,0.72,0.95,0.53,0.25,0.41,0.39,,0.22,,0.2,0.44,0.5,,0.39,0.15,0.59,0.37,0.88,0.5,0.52,1.07,1.26,0.56,0.97,0.61,0.76,,,1.4,0.98,0.97,0.84,0.06,0.18,0.1,0.25,0.06,,0.24,0.6,,0.36,,0.31,0.24,,0.01,,,0.36,,,0.43,0.65,0.49,,,0.2,,0.81,0.83,1.62,0.51,1.44,0.71,0.27,0.52,0.5,1.31,0.72,0.39,0.17,0.34,0.34
                  Foxborovirus,2948710,,,,,,,,,,,,,,,,,,,,,,,,,,,,,,,,,,,,,,,,,,,,,,,,,,,,,,,,,,,,,,,,,,,,,,,,,,,,,,,,,,,,,,,,,,,,,,,,,,,,,,,,,,,,0.02,,,,,
                Galenevirus,2948714,,,,,,,,,0.42,,,,,,,,,,,,,,,,,,,,,,,,,,,,,,,,,,,,,,,,,,,,,,,,,,,,,,,,,,,,,,,,,,,,,,,,,,,,,,,,,,,,,,,,,,,,,,,,,,,,,,,,
                  Gruunavirus,2948731,,,,,,,,,,,,,,,,,,,,,,,,,,,,,,,,,,,,,,,,,,,,,,,,,,,,,,,,,,,,,,,,,,,,,,,,,,,,,,,,,,,,,,0.01,,,,,,,,,,,,,,,,,,,,,,,,,,,
                  Hacihdavirus,2948736,,,,,,,,,,,,,,,,,,,,,,,,,,,,,,,,,,,,,,,,,,0.11,,,,,,,,,,,,,,,,,,,,,,,,,,,,,,,,,,,,,,,,,,,,,,,,,,,,,,,,,,0.22,,,0.31,,,,0.06,0.22,,,0.09,0.13,
              Harrisonburgvirus,2948755,0.61,,,,,,,,,,,,,,,,,,,,,,,,,,,,,,,,,,,,,,,,,,,,,,,,,,,0.8,,,,,,,,,,,,,,,,,,,,,,,,,,,,,,,,,,,,,,,,,,,,,,,,,,,,,,,,,,,,,
                Herugrimvirus,2948758,,,,,,,,,,,,,,,,,,,,,,,,,,,,,,,,,,,,,,,,,,,,,,,,,,,,,,,,,,,,,,,,,,,,,,,,,,,,,,,,,,,,,,,,,,,,,,,,,,16.24,,0.1,,5.11,0.28,0.19,,,,0.28,,0.32,,0.07,0.16
              Hungariovirus,2948761,,,,,,,,,,,,,,,,,,,,,,,,,,,,,,,,,,,,,,,,,,,,,,,,,,,,,,,,,,,,,,,,,,,,,,,,,,,,,,,,,,,,,,,,,,,,,,,0.05,,,,,,,,,,,,,,,,,,
                  Jahgtovirus,2948767,0.6,0.6,0.45,0.88,1.06,1.96,0.95,1.17,1.36,2.11,1.14,1.64,,,,,,,,,0.16,0.19,0.18,0.3,0.34,0.38,0.21,0.71,1.3,1.47,3.86,1.33,0.69,0.88,0.86,0.89,1.06,1.08,1.03,0.76,1.68,0.66,0.66,0.66,0.68,1.06,0.4,0.65,0.32,0.62,0.64,,0.79,0.42,0.42,0.59,0.37,0.44,0.45,0.47,0.56,0.37,0.64,0.68,,,0.21,0.75,0.67,0.44,0.45,0.31,0.59,0.55,0.63,0.36,2.77,1.84,2.29,0.95,1.94,0.42,1.04,1.01,1.23,0.04,1.49,1.89,3.06,1.92,0.93,2.37,2.11,1.5,0.01,0.1,1.16,,0.27,0.3,0.24,0.3,,,0.15,0.45,0.16,0.07,0.14,0.47,0.17,0.26,0.49
                Jamesmcgillvirus,2948768,,,,,,,,,,,,,,,,,,,,,,0.09,,,,,,,,,,,,,,,,,,,,,,,,,,,,,,,,,,,,,,,,,,,,,,,,,,,,,,,,,,,,,,,,,,,,,,,,,,,,,,0.1,,,,,,,,,,,,0.1,
                Jiangsuvirus,2948770,,,,,,,,,,,,,,,,,,,,,,,,,,,,,,,,,,,,,,,,,,,,,,,,,,,,,,,,2.47,,,,,,,,,,,,,,,,,,,,,,,,,,,,,,,,,,,,,,,,,,,,,,,,,,,,,,,,,
              Jujuvirus,2948772,,,,,,,,,,,,,,,,,,,,,,,,,,,,,,,,,,,,,,,,,,,,,,,,,,,,,,,,,,,,,,,,,,,,,,,,,,,,,,,,,,,,,,,,,,,,,,,,,,,,,,,,,,,,0.02,,,,,
                  Junduvirus,2948774,,,,12.66,0.13,,,,,0.13,0.1,0.17,,,,,,,,,,,,,,,,,,,,0.64,0.23,0.25,,,0.24,0.29,0.2,,,0.3,0.11,0.29,0.33,,0.2,0.34,,12.79,0.18,,0.39,0.18,0.32,0.18,3.07,4.05,3.91,,,4.41,,,,,,,,,,0.04,,0.05,0.08,,,0.16,0.51,,,,0.14,0.1,,,,,0.24,,,0.26,,,,,0.19,,0.17,,0.63,0.29,0.45,,8.88,,0.13,0.33,0.12,0.14,14.07,,0.16
              Justusliebigvirus,2948775,,,,,,,,,,,,,,,,,,,,,,,,,,,0.09,,,,,,,,,,,,,,,,0.07,,,,,,,,,,,,,,,,,,,,,,,,,,,,,,,,,,,,,,,,,,,,,,,,,,,,,,,,,,,,,,,,,0.02,,,,,
                  Kablunavirus,2948776,,,,,,,,,,,,,,,,,,,,,,,,,,,,,,,,,,,,,,,,,,,,,,,,,,,,,,,,,,,,,,,,,,,,,,,,,,,,,,,,,,,,,,0.02,,,,,,,,,,,,,,,,,,,,,,,,,,,
                  Kahucivirus,2948778,,,,0.04,0.04,,,,,,,,,,,,,,,,,,,,,,,,,,,,,,,,,,,,,,,,,,,,,,,,,,,,,,,,,,,,,,,,,,,,,,,,,,,,,,,,,,,,,,,,,,,,,,,,,,,,,,,,,,,,
                  Kingevirus,2948785,0.34,0.6,0.45,0.62,1.0,1.89,0.74,0.83,1.2,1.5,1.11,1.51,,,,,,,,,,,0.1,,0.2,,0.17,0.42,0.41,0.49,,1.0,0.39,0.42,,0.24,0.52,0.34,0.53,0.53,0.73,1.23,0.72,1.27,1.6,,0.99,1.98,0.64,1.18,1.36,0.23,1.59,0.95,1.14,1.08,0.68,1.0,0.9,1.11,0.68,1.11,0.94,0.38,1.16,,,1.01,0.75,1.28,1.01,0.22,0.78,0.59,0.88,0.58,2.39,2.01,3.55,1.29,0.88,0.31,1.35,0.58,0.41,0.02,1.39,3.33,1.26,0.56,0.4,1.28,1.25,0.37,,0.06,0.59,1.0,,0.12,0.28,0.22,0.21,,0.29,,0.21,0.28,,0.24,0.27,0.07,0.22
                Klumppvirus,2948786,,,,,,,,,,,,,,,,,,,,,,,,,,,,,,,,,,,,,,,,,,,,,,,,,,,,,,,,,,,,,,,,,,,,,,,,,,,,,,,,,,,,,,,,,,,,,,,,,,,,,,,,,,,,0.01,,,,,
                  Kolpuevirus,2948787,,0.14,,0.2,0.11,,,,0.45,0.67,0.32,0.3,,0.29,0.57,0.46,0.53,0.61,,0.05,0.35,0.42,0.36,0.86,0.7,0.49,0.65,,0.43,,,0.37,0.24,0.22,,,0.27,,0.33,,,0.17,0.21,0.22,0.25,,0.17,0.35,,0.44,0.31,,0.25,,0.19,,0.34,,,,0.42,0.28,0.39,0.57,,,,0.6,0.29,,0.4,,,0.06,,0.08,,0.17,0.16,,0.31,,0.33,0.11,,,,,,,,0.2,,,,,0.14,,0.37,0.4,0.36,0.29,0.26,0.6,0.12,0.72,0.53,0.29,0.51,0.33,0.21,0.22,0.48
              Kratiovirus,2948788,,,,,,,,,,,,,,,,,,,,,,,,,,,,,,,,,,,,,,,,,,0.23,0.07,,,,,,,,,,,,,,,,,,,,,,,,,,,,,,,,,,,,,,,,,,,,,,,,,,,,,,,,,,,,,,,,,,,,,,
              Kunmingvirus,2948791,0.5,,,,0.04,,,,0.5,0.43,0.18,0.34,0.57,,,,,0.82,,,,,,0.35,0.28,1.05,0.27,,,,,,,,,,,,,,,0.42,0.74,0.58,0.62,,1.0,0.5,,,,0.21,,,0.18,0.3,,,,,,,,,,,,,,,,0.2,0.51,0.34,0.85,0.65,2.0,1.46,1.58,1.09,1.54,0.35,0.71,0.11,,0.01,,,0.88,,,0.31,0.43,,,0.06,,,0.26,,,,,,0.1,,,0.02,,,,,
                  Lahndsivirus,2948793,,,,,,,,,,,,,,,,,,,,,,,0.05,,,,,,,,,,,0.11,,,,,,,,,,,,,,,,,,,,,,,,,,,,,,,,,,,,,,,,,,,,,,,,,,,,,,,,,,,,,,,,,,,0.22,,,,,,,0.02,,,,,0.12
                  Lebriduvirus,2948797,,,,0.04,,,,,,0.13,,,,,,,,,,0.02,,0.08,0.13,0.22,0.19,,0.1,,,,,0.13,,0.11,,,0.11,,0.2,,,,0.06,,0.07,,,,,,,,,,,,,,,,,,,,,,,,,,,,0.15,0.14,0.14,,,,0.08,,,,0.11,,,,,,,,,,,,,,0.12,,,,,0.19,,,,0.24,0.1,0.06,,0.11,0.07,,0.19
              Lilmcdreamyvirus,2948802,,,,,,,,,,,,,,,,,,,,,,,,,,,,,,,,,,,,,,,,,,,,,,,,,,,,,,0.16,,,,,,,,,,,,,,,,,,,,,,,,,,,,,,,,,,,,,,,,,,,,,,,,,,,,,,,,,,,
                Lipsvirus,2948803,,,,,,,,,,,,,,,,,,,,,,,,,,,,,,,,,,,,,,,,,,,,,,,,,,,,,,,,,,,,,,,,,,,,,,,,,,,,,,,,,,,,,,,,,,,,,,,,,,,,,,,,,,,,0.04,,,,,
                Lowelvirus,2948806,,,,,,,,,,,,,,,,,,,,,,,,,,,,,,,,,,,,,,,,,,,,,,,,,,,,,0.28,,,,,,,,,,,,,,,,,,,,,,,,,,,,,,,,,,,,,,,,,,,,,,,,,,,,,,,,,,,,
                  Lumosvirus,2948808,,,,,,,,,,,,,,,,,,,,,,,,,,,,,,,,,,,,,,,,,,,,,,,,,,,,,,,,,,,,,,,,,,,,,,,,,,,,,,,,,,,,,,,,,,,,,,,,,,,,,,,,,,,,0.02,,,,,
                  Mahlunavirus,2948812,,0.09,,0.07,0.09,,,,,0.24,0.12,,,,,,,,,,,,0.07,,,,0.09,,,,,0.13,,,,,,,0.1,,,,,,0.08,,,,,,,,,,,,,,,,0.19,0.32,,,,,,,0.17,,,,,0.05,0.1,,,0.18,0.18,,,,0.13,,,,,,,,,,,,,,0.09,,,,,,,,,,0.06,0.03,,0.1,0.05,,
                  Mahstovirus,2948813,,,,,,,,,,,,,,,,,,,,0.02,,,0.08,0.2,0.12,,0.17,,,,,0.12,,,,,,,,,,,,,,,,,,,,,,,,,,,,,,,,,,,,,,,,,,,,,,,,,,,,,,,,,,,,,,,,,,,,,,0.17,,0.54,0.12,,0.07,0.04,,,0.08,,
              Moomoovirus,2948827,,,,,,,,,,,,,,,,,,,,,,,,,,,,,,,,,,,,,,,,,,,,,,,,,,,,,,,,,,,,,,,,,,,,,,,,,,,,,,,,,,,,,,,,,,,,,,,,,,,,,,,,,,,,0.02,,,,,
              Myrnavirus,2948833,,,,,,,,,,,,,,,,,,,,,,,,,,,,,,,,,,,,,,,,,,,,,,,,,,,,,,,,,,,,,,,,,,,,,,,,,,,,,,0.21,,,0.22,,,0.77,,,,,,,,,,0.39,,,,,,,,,,,,,,0.02,,,,,
                Oliverunavirus,2948846,,,,,,,,,,,,,,,,,,,,,,,,,,,,,,,,,,,,,,,,,,,,,,,,,,,,,,,,,,,,,,,,,,,,,,,,,,,,,,0.18,0.14,,,,,,,,,,,,,,,,,,,,,,,,,,,,,,,,,,
              Omarvirus,2948847,0.78,,,,,,,,,,,,,,,,,,,,,,,,,,,,,,,,,,,,,,,,,,,,,,,,,,,,,,,,,,,,,,,,,,,,,,,,,,,,,,,,,,,,,,,,,,,,,,,,,,,,,,,,,,,,,,,,
                  Pamirivirus,2948854,,,,0.08,0.11,,,,,0.29,0.23,,,,,,,,,,,,,,,,,,,,,0.14,,0.13,,,0.14,,,,,0.07,,,0.07,,,,,,,,,,,,,,,,0.2,,,,,,,,,,,,,0.08,,,,,0.1,,,,0.16,,,,,,,,,,,,,,,,,0.13,,,,,,,0.07,0.03,,,,,
                Pariacacavirus,2948856,,,,,,,,,0.33,,,,,,,,,,,,,,,,,,,,,,,,,,,,,,,,,,,,,,,,,,,,,,,,,,,,,,,,,,,,,,,,,,,,,,,,,,,,,,,,,,,,,,,,,,,,,,,,,,,,,,,,
              Pharaohvirus,2948861,,,,,,,,,,,,,,,,,,,,,,,,,,,,,,,,,,,,,,,,,,,,,,,,,,,,,,,0.13,,,,,,,,,,,,0.3,,,,,,,,,,,,,,,,,,,,,,,,,,,,,,,,,,,,,,,,,,,,,,
              Pinnievirus,2948866,,,,,,,,,,,,,,,,,,,,,,,,,,,,,,,,,,,,,,,,,,,,,,,,,,,,,,,,,,,,,,,,,,,,,,,,,,,,,,0.13,,,,,,,,,,,,,,,,,,,,,,,,,,,,,,,,,,,
                  Pipoluvirus,2948867,,,,,,,,,,,,,,,,,,,,,,,,,,,,,,,,,,,,,,,,,,,,,,,,,,,,,,,,,,,,,,,,,,,,,,,,,,,,,,,,,,,0.14,,,,,,,,,,,,,,,,,0.08,,,,,,,,0.06,,,,,
                  Pleakleyvirus,2948869,,,,,,,,,,,,,,,,,,,,,,,,,,,,,,,,,,,,,,,,,,,,,,,,,,,,,,,,,,,,,,,,,,,,,,,,,,,,,,,,,,,,,,0.01,,,,,,,,,,,,,,,,,,,,,,,,,,,
              Saltrevirus,2948889,,,,,,,,,,,,,,,,,,,,,,,,,,,,,,,,,,,,,,,,,,,,,,,,,,,,,,,,,,,,,,,,,,,,,,,,,,,,,,,,,,,,,,0.03,,,,,,,,,,,,,,,,,,,,,,,,,,,
              Segzyvirus,2948900,,,,,,,,,,,,,,,,,,,,,,,,0.12,,,,,,,,,,,,,,,,,,,,,,,,,,,,,,,,,,,,,,,,,,,,,,,,,,,,,,,,,,,,,,,,,,,,,,,,,,,,,,,,,,,0.13,,,,,,
              Sheenvirus,2948905,,,,,,,,,,,,,,,,,,,,,,,,,,,,,,,,,,,,,,,,,,,,,,,,,,,,,,,,,,,,,,,,,,,,,,,,,,,,,,,,,,,,,,,,,,,,,,,,,,,,,,,,,,,,0.01,,,,,
              Shuimuvirus,2948906,,,,,,,,,,,,,,,,,,,,0.03,,,,,,,,,,,,,,,,,,,,,,,,,,,,,,,,,,,,,,,,,,,,,,,,,,,,,,,,,,,,,,,,,,,,,,,,,,,,,,,,,,,,,,,,,,,,,
              Skatevirus,2948910,,,,,,,,,,,,,,0.58,,,,,,0.06,0.59,0.38,0.23,0.29,0.3,0.2,0.23,1.12,1.21,,,0.37,,0.44,,0.48,0.56,1.09,0.4,,,,,,,,,,,,,,,,,,,,,,,,0.39,,,,,,,,,,,,,,,,,,,,,,,,,,,,,,,,,,,,,,,,,,,,0.26,,,,0.11,,
                  Skysandvirus,2948912,,,,,,,,,,,,,,,,,,,,,,,,,,,,,,,,,,,,,,,,,,,,,,,,,,,,,,,,,,,,,,,,,,,,,,,,,,,,,,,,,,,,,,0.02,,,,,,,,,,,,,,,,,,,,,,,,,,,
                  Sukkupivirus,2948917,,,,,,,,,,,,,,,,,,,,,,,,,,,,,,,,,,,,,,,,,,,,,,,,,,,,,,,,,,,,,,,,,,,,,,,,,,,,,,,,,,,,,,0.02,,,,,,,,,,,,,,,,,,,,,,0.03,,,,,
                  Thalassavirus,2948922,,,,,,,,,,,,,,,,,,,,,,,,,,,,,,,,,,,,,,,,,,,,,,,,,,,,,,,,,,,,,,,,,,,,,,,,,,,,,,,,,,,0.12,,,,,,,,,,,,,,,,,,,,,,,,,,,,,,
                    Tocinivirus,2948928,,,,,,,,,,,,,,,,,,,,,,,,,,,,,,,,,,,,,,,,,,0.07,,,,,,,,,,,,,,,,,,,,,,,,,,,,,,,,,,,,,,,,,,,,,,,,,,,,,,,,,,,,,,,,,,,,,,,
                Triduovirus,2948933,,,,,,,,,,,,,1.34,0.62,0.71,,0.37,0.93,,0.09,0.65,0.79,0.51,1.06,0.93,0.73,0.81,0.39,,,,0.63,,0.16,,0.3,0.28,,0.21,,,0.51,1.17,0.87,0.47,,0.96,0.67,0.62,,0.64,,,0.63,0.59,,,,,,,,,,,,,,,,,,,0.13,,,,0.28,0.16,,,,,,,,0.51,,,,,0.33,,,,,0.13,,,,,,,,1.48,1.02,0.4,0.08,0.38,,1.1,,0.99
              Turbidovirus,2948936,,,,,,,,,,,,,,,,,,,,,,,,,,,,,,,,,,,,,,,,,,,,,,,,,,,,,,,,,,,,0.39,,0.43,,,,,,,,0.91,,,,,,,,,,,,,,,,,,,,,,,,,,,,,,,,,,,,,,,,,,,
                Valinorvirus,2948943,,,,,,,,,,,,,,,,,,,,0.06,0.21,0.19,0.18,0.18,,0.18,0.22,,0.33,,,,,,,0.19,0.21,0.25,0.13,,0.56,,,,,,,,,,,,,,,,,,,,,,,,,,0.21,,,,,,,,0.08,,,,,,,,,,,,,,,,,,,,,,,,,,,,,,,,,,,,,,
              Veracruzvirus,2948946,,,,,,,,,,,,,,,,,,,,,,,,,,,,,,,,,,0.12,,,,,,,,,,,,,,,,,,,,,,,,,,,,,,,,,,,,,,,,,,,,,,,,,,,,,,,,,,,,,,,,,,,,,,,,,,,,,,,
                Vingilotevirus,2948948,,,,,,,,,,,,,,,,,,,,,,,,,,,,,,,,,,,,,,,,,,,,,,,,,,,,,,,,,,,,,,,,,,,,,,,,,,,,,,,,,,,,,,,,,,,,,,,,,,4.24,,,,0.4,,,,,,,,,,,
                  Wotdevirus,2948953,,,,,,,,,,,,,,,,,,,,,,,,,,,,,,,,,,,,,,,,,,0.09,,,,,,,,,,,,,,,,,,,,,,,,,,,,,,,,,,,,,,,,,,,,,,,,,,,,,,,,,,0.23,,0.22,0.18,,,,,0.18,,,0.05,,0.1
                  Xooduovirus,2948956,,,,,,,,,,,,,,,,,,,,,,,,,,,,,,,,,,,,,,,,,,,,,,,,,,,,,,,,,,,,,,,,,,,,0.85,,,,,,,,,,,,,,,,,,,,,,,,,,,,,,,,,,,,,,,,0.02,,,,,
              Incheonvirus,2976977,,,,,,,,,,,,,,,,,,,,,,,,,,,,,,,,,,,,,,,,,,,0.06,,,,,,,,,,,,,,,,,,,,,,,,,,,,,,,,,,,,,,,,,,,,,,,,,,,,,,,,,,,,,,,,,,,,,,
                  Acanvirus,3044653,,,,,,,,,,,,,,,,,,,,,,,,,,,,,,,,,,,,,,,,,,0.11,,,,,,,,,,,,,,,,,,,,,,,,,,,,,,,,,,,,,,,,,,,,,0.44,,,,,,,,,,,,,,,,,,,,,,,,,,
              Axeltriavirus,3044667,,,,,,,,,,,,,,,0.48,,,,,,0.15,,,,,,,,,,,0.08,,,,,,,0.17,,,,,,,,,,,,,,,,,,,,,,,,,,,,,,0.18,,,0.03,,,,,,,,,,0.1,,,,,,,,,,,,,,,,,,,,,,,,,,0.03,,,0.06,,
              Carvajevirus,3044683,,,,,,,,,,,,,,,,,,,,,,,,,,,,,,,,0.25,,,,,,,,,,,,,,,,,0.5,,,,,,,,,,,,,,,,,,,,,,,,,,,,,,,,,,,,,,,,,,,,,,,,,,,0.46,,,,,,,,,,,,0.34,
                Chaoshanvirus,3044686,,,,,,,,,,,,,,,,,,,,,,,,,,,,,,,,,,,,,,,,,,,,,,,,,,,,,,,,,,,,,,,,,,,,,,,,,,,,,,,,,,,,,,,,,,,,,,,,,,,,,,,,,,,,0.02,,,,,
                  Citricivirus,3044688,0.31,,,0.11,,,,,,,,,,,,,,,,,,,,,,,,,,,,,,,0.58,,,,,,,,,,,,,,,,,,,,,,,,,,,,,,,,,,,,,,,,,,,,,,,,,,,,,,,,,,0.6,,,0.04,,,,,,,,,,,,,,,,,
              Clawzvirus,3044689,,,,,,,,,,,,,,,,,,,,,,,,,,,,,,,,,,,,,,,,,,0.08,,,,,,,,0.21,,,,,,,,,,,,,,,,,,,,,,,,,,,,,,,,,,,,,,,,,,,,,,,,,,,,,,,,,,0.02,,,,,
              Cobrasixvirus,3044690,,,,,,,,,,,,,0.76,0.36,1.17,,0.48,0.86,,0.03,0.27,0.16,0.07,0.26,0.12,0.28,0.15,0.41,,0.38,,0.43,0.29,0.22,,,0.29,0.33,0.31,,,0.23,0.47,0.49,0.35,,0.34,0.37,0.65,0.2,0.31,0.21,0.4,0.3,0.13,,0.18,0.35,,,,,,,,1.14,,2.65,0.5,,,0.09,0.38,0.33,0.23,0.18,,0.2,0.09,,,0.36,0.18,0.17,,,,,,,,,,,,,0.17,,0.18,0.26,,,,,0.22,0.16,,0.05,,,0.08,0.26,0.11
                Ferozepurvirus,3044715,,,,,,,,,,,,,,,,,,,,,,,,,,,,,,,,,,,,,,,,,,0.11,0.12,,,,0.67,,,,,,,,,,,,,,,,,,,,,,,,,,,,,,,,,,,,,,,,,,,,,,,,,,,,,,,,,,,,,0.07,,,,,
              Forzavirus,3044718,,,,,,,,,,,,,,,,,,,,,,,,,,,,,,,,,,,,,,,,,,,,,,,,,,,,,,,,,,,,,,,,,,,,,,,,,,,,,,,,,,,,,,,,,,,,,,,,,,,,,,,,,,,,0.02,,,,,
              Haetaevirus,3044726,,,,,,,,,,,,,,,,,,,,,,,,,,,,,,,,,,,,,,,,,,,,,,,,,,,,,,,,,,,,,,,,,,,,,,,,,,,,,,,,,,,,,,,0.76,,,,,,,,,,,,,,,,,,,,,,,,,,
              Hiroshimavirus,3044731,1.29,,,,,,,,,,,,,,,,,,,,,,,,,,,,,,,,,,,,,,,,,0.14,,0.08,0.11,,,,,,,0.15,,0.35,,,,,,,,,,,,,,,,,,,,,,,,,,,,,,,,,,,,,,,,,,,,,,,,,,,,,,,,,,,
              Ittyvirus,3044742,,,,,,,,,,,,,,,,,,,,,,,,,,,,,,,,,,,,,,,,,,,0.14,0.2,0.13,,0.2,0.2,,,,0.63,,,,,,,,,,,,,,,,,,,,,,,,,,0.13,,,,,,,,,,,,,,,,,,,,,,,,,,,,,,,,,,,
                Kratosvirus,3044747,,,,0.07,,,,,,,,,,,,,,,,,,,,,,,,,,,,,,,,,,,,,,,0.2,,,,,,,0.23,,,,,,,,,,,,,,,,,,,,,,,,,,,,,,,,,,,,,,,,,,,,,,,,,,,,,,,,,,,,,,,
                Ludhianavirus,3044751,,,,,,,,,,,,,,,,,,,,,,,,,,,,,,,,,,,,,,,,,,,,,,,,,,,,,,,,0.22,,,,,,,,,,,,,,,,,,,,,,,,,,,,,,,,,,,,,,,,,,,,,,,,,,,,,,,,,
              Mcgonagallvirus,3044757,,,,,,,,,,,,,,,,,,,,,,,,,,,,,,,,,,,,,,,,,,,,,,,,,,,,,,,,,,,,,,,,,,,,,,,,,,,,,,,,,,,,,,0.01,,,0.26,,,,,,,,,,,,,,,,,,,,,,,,
                Miamivirus,3044763,,,,,,,,,,,,,,,,,,,,,,,,,,,,,,,,,,,,,,,,,,0.28,0.17,,0.15,,0.26,0.2,,,,0.38,,,0.12,,,,,,,,,,,,,,,,,,,,,,,,,,,,,,,,,,,,,,,,,,,,,,,,,,0.38,,,0.02,,,0.35,,
              Midgardsormrvirus,3044764,,,,,,,,,,,,,,,,,,,,,,,,,,,,,,,,,,,,,,,,,,,,,,,,,,,,,,,,,,,,,,,,,,,,0.33,,,,,,,,,,,,,,,,,,,,,,,,,,,,,0.7,,,,,,,,,,,,,,,,
                Miltoncavirus,3044765,,,,,,,,,,,,,,,,,,,,,,,,,,,,,,,,,,,,,,,,,,,,,,,,,,,,,,,,0.26,,,,,,,,,,,,,,,,,,,,,,,,,,,,,,0.02,,,,,,,,,,,,,,,,,,,,,,,,,,,
                Moazamivirus,3044766,,,,,,,,,,,,,,,,,,,,,,,,,,,,,,,,,,,,,,,,,,,0.1,0.37,,,3.28,,,,,,,,,,,,,,,,,,,,,,,,,0.07,,,,,,,,,,,,,,,,,0.26,,,,,,,,0.14,,,,,0.22,,,,,,,,,,,
              Mohonavirus,3044767,,,,,,,,,0.4,,,,,,,,,,,,,,,,,,,,,,,,,,,,,,,,,,,,,,,,,,,,,,,,,,,,,,,,,,,,,,,,,,,,,,,,,,,,,,,,,,,,,,,,,,,,,,,,,,,,,,,,
                  Moovirus,3044769,,,,,,,,,,,,,,0.19,,,,0.78,,0.02,0.14,0.14,0.07,0.53,0.29,0.53,0.19,,,,,0.15,,0.14,,,,,0.1,,,0.43,0.37,0.32,0.14,,0.72,0.22,0.92,,0.19,,,,0.2,,,,,,,,,,,,,,,,,,,,,,,,,,,,,,,,,,,,,,,,,,,,2.23,0.42,,,,0.53,1.63,0.17,0.16,0.08,0.14,0.29,1.19,0.32,0.22
                Nieuwekanaalvirus,3044774,,,,,,,,,,,,,,,,,,,,,,,,,,,,,,,,,,,,,,,,,,,,,,,,,,,,,,,,,,,,,,,,,,,,,,,,,,,,,,,,,,,,,,,,,,,,,,,,,,,,,,,,,,,0.07,0.07,,,,0.07,
              Pavtokvirus,3044786,,,,,,,,,,,,,,,,,,,,,,,,,,,,,,,,,,,,,,,,,,0.18,0.29,0.33,0.34,,0.48,0.34,,,,1.22,,,0.13,0.31,,,,,,,,,,,,,,,,0.05,,,,,,,,,,,0.11,0.19,,,,,,,,,,,,,,,,,,,,,,,,,,,,,
                Pawinskivirus,3044787,,,,,,,,,,,,,,,,,,,,,,,,,,,,,,,,,,,,,,,,,,,,,,,,,,,,,,,0.14,0.48,,,,,,,,,,,,,,,,,,,,,,,,,,,,,,0.05,,,,,,,,,,,,,,,,,,,,,,,,,,,
                Phabiovirus,3044790,,0.41,,,,,,,,,,,,,,,,,,,,,,,,,,,,,,,,,,,,,,,,,,,,,,,,,,,,0.42,0.66,0.92,0.17,,,,,,,,,,,,,,,,,,,,,,0.18,,,,,,,0.09,,,,,,,,,,,,,,,,,,,,,,,,,,,
              Piorkowskivirus,3044792,,,,,,,,,,,,,,,,,,,,,,,,,,,,,,,,,,,,,,,,,,0.11,,,0.13,,,,,,,,,,,,,,,,,,,,,,,,,,,,,,,,,,,,,,,,,,,,,,,,,,,,,,,,,,,,,,,,,,,,
                Piscesmortuivirus,3044793,,,,,,,,,,,,,,,,,,,,,,,,,,,,,,,,,,,,,,,,,,,,,,,0.15,,,,,,,,,,,,,,,,,,,,,,,,,,,,,,,,,,,,,,,,,,,,,,,,,,,,,,,,,,,,,,,,,,
                Puahadnavirus,3044797,,,,,,,,,,,,,,,,,,,,,,,,,,,,,,,,,,,,,,,,,,,,,,,,,,,1.49,,,,,,,,,,,,,,,,,,,,,,,,,,,,,,,,,,,,,,,,,,,,,,,,,,,,,,,,,,,,,,
              Purivirus,3044798,3.05,2.54,33.82,,,,0.36,1.13,,,,,,,,,,,,,,,,,,,,0.32,,,,,,,,,,,,,0.56,,,,,,,,,,,,0.37,0.11,,0.26,,,,0.35,,0.3,0.24,0.42,,1.27,,0.65,,,,,,,,,,,,,,,,6.19,0.97,,0.44,,0.9,2.38,11.94,0.48,0.33,1.53,,0.1,0.37,,,,,,,,,,,,,,,,
              Quivirus,3044799,,,,,,,,,,,,,,,,,,,,,,0.08,,,,,,,,,,0.08,,,,,,,,,,0.09,,,,,,,,,,,,,,,,0.2,,0.62,,,,,,,,0.46,,0.5,,,,,,,,,,,,,,,,,,,,0.28,1.67,,,,,,,,,,,,,,,,0.07,0.04,,,,,
                  Rheavirus,3044800,,,,,,,,,,,,,,,,,,,,,,,,,,,,,,,,,,,,,,,,,,,,,,,,,,,,,,,,,,,,,,,,,,,,,,,,,,,,,,,,,,,,,,,,,,,,,,,,,,,,,,,,,,,,0.03,,,,,
              Richievirus,3044803,,,,,0.05,,,,,,,,,,,,,,,,,,,,,,,,,,,,,,,,,,,,,,,,,,,,,,,,,,,,,,,,,,,,,,,,,,,,,,,,,,,,,,,,,,,,,,,,,,,,,,,,,,,,,,0.12,0.04,,,,,
                Serwervirus,3044821,,,,,,,,,,,,,,,,,,,,,,,,,,,,,,,,,,,,,,,,,,,,,,,,,,,,,,,0.12,2.99,,,,,,,,,,,,,,,,,,,,,,,,,,,,,,0.02,,,,,,,,,,,,,,,,,,,,,,,,,,,
                  Shantouvirus,3044823,,,,,,,,,,,,,,,,,,,,,,,,,,,,,,,,,,,,,,,,,,,,,,,,,,,,0.25,,,,,,,,,,,,,,,,,,,,,,,,,,,,,,,,,,,,,,,,,,,,,,,,,,,,,,,,,,,,,
              Siaravirus,3044826,0.19,,,,,,,,,,,,,,,,,,,,,,,,,,,,,,,,,,,,,,,,,,,,,,,,,,,,,,,,,,,,,,,,,,,,,,,,,,,,,,,,,,,,,,,,,,,,,,,,,,,,,,,,,,,,,,,,
              Siftrevirus,3044829,,0.43,,,,,,,,,,,,,,,,,,,,,,,,,,,,,,,,,,,,,,,,,,,,,,,,,,,,,,,,,,,,,,,,,,,,,,,,,,,,,,,,,,,,,,,,,,,,,,,,,,,,,,,,,,,,,,,
              Skulduggeryvirus,3044832,,,,,,,,,,,,,,,,,,,,,,,,,,,,,,,,,,,,,,,,,,,,,,,,,,,,0.16,,0.37,,,,,,,,,,,,,,,,,,,,,,,,,,,,,,,,,,,,,,,,,,,,,,,,,,,,,,,,,,,
                Suseptimavirus,3044836,,,,,,,,,,,,,,,,,,,,,,,,,,,,,,,,,,,,,,,,,,0.07,0.14,0.13,0.11,,0.17,0.26,,,,,,,,,,,,,,,,,,,,,,,,,,,,,,,,,,,,,,,,,,,,,,,,,,,,,,,,,,,,,,,,,
              Syrbvirus,3044838,,,,,,,,,,,,,,,,,,,,,,,,,,,,,,,,,,,,,,,,,,,,,,,,,,,,,,,,,0.16,0.62,,,,,0.28,,,1.55,,,,,,,,,,,,,0.09,,,,,0.81,0.52,,,,,1.27,,,0.43,,,,,,,,,,,,,,,,,,,,
                Tepukevirus,3044840,,,,,,,,,,,,,,,,,,,,,,,,,,,,,,,,,,,,,,,,,,,,,,,,,,,,,,,0.15,,,,,,,,,,,,,,,,,,,,,,,,,,,,,,,0.56,,,,,,,,,,0.08,,,,,,,,,,,,,,,,,
                  Theiavirus,3044842,,,,,,,,,,,,,,,,,,,,,,,,,,,,,,,,,,,,,,,,,,,,,,,,,,,,,,,,,,,,,,,,,,,,,,,,,,,,,,,,,,,,0.09,,,,,,,,,,,,,,,,,,,,,,,,,,,,,
                Varunavirus,3044852,,,,,,,,,,,0.05,,,,,,,,,,,,,,,,,,,,,,,,,,,,,,,,,,,,,,,,,,,,,,,,,,,,,,,,,,,,,,,,,,,0.43,0.34,,,,,,,,,,,,,,,,,,,,,,,,,,,,,,,,,,
                Xoxocotlavirus,3044858,,0.07,,,,,,,,,,,,,,,,,,,,,,,,,,,,,,,,,,,,,,,,,,,0.07,,,,,,,,,,,,,,,,,,,,,,,,,,,,,,,,,,,,,,,,,,,,,,,,0.4,,,,,,,,,,,,,,,,,,,,
                Yellowseavirus,3044861,,,,,,,,,,,,,,,,,,,,,,,,,,,,,,,,,,,,,,,,,,,,,,,,,,,,,,,,,,,,,,,,,,,,,,,,,,,,,,,,,,,,,,,,,,,,,,,,,,,,,,,,,,,,0.03,,,,,
              Zhangjivirus,3044867,,,,,,,,,,,,,,,,,,,,,,,,,,,,,,,,,,,,,,,,,,0.07,,,,,,,,,,,,,,,,,,,,,,,,,,,,,,,,,,,,,,,,,,,,,,,,,,,,,,,,,,,,,,,,,,,,,,,
                  Moumouvirus,3080801,,,,,,,,,0.19,,,,,,,,,,,,,,,,,,,,,,,,,,,,,,,,,0.11,0.08,,0.13,,,,,,,,,,,,,,,,,,,,,,,,,,,,,,,,,,,,,,,,,,,,,,,,,,,,,,,,,,,,,,0.08,0.11,,,0.06,,
              Medeavirus,3152510,,0.15,1.13,,,,,0.65,,,,,,,,,,,,,,,,,,,,,,,,,,,,,,,,,,,,,,,,,,,,0.24,,0.22,,,,,,,,,,,,,,1.24,,,,,,,,,,,,,,,,0.17,,,,,0.24,,0.47,,,0.33,,,,,,,,,,,,,,,,,,,
                  Cinvestavvirus,3152598,,,,,,,,,,,0.05,,,,,,,,,,,,,,,,,,,,,,,,,,,,,,,0.11,0.13,0.17,0.09,,0.32,,,,,,,,,0.31,,,,,,,,,,,,,,,,0.04,,0.06,0.09,0.08,,,,,,,0.21,,,,,,,,,,,,,,0.12,,,,,,,,,,,,,,,,
                  Donnerlittchenvirus,3152600,,,,,,,,,,,,,,,,,,,,,,,,,,,,,,,,,,,,,,,,,,,,,,,,,,,,,,,,,,,,,,,,,,,,,,,,,,,,,,,,,,,,,,,,,,,,,,,,,,,,,,,,,,,,0.01,,,,,
              Bugaksanvirus,3152615,,,,,,,,,,,,,,,,,,,,,,,,,,,,,,,,,,,,,,,,,,,,,,,,,,,,0.24,,0.43,,,,,,,,,,,,,,,,,,,,,,,,,,,,,,0.44,,,,,,,,,,,,,,,,,,,,,,,,,,,,,
              Hulijingvirus,3152622,,,,,,,,,,,,,,,,,,,,,,,,,,,,,,,,,,,,,,,,,,,,,,,,,,,,,,,,,,,,,,,,,,,,1.01,,,,,,,,,,,,,,,,,,,,,,,,,,,,,,,,,,,,,,,,,,,,,
              Lilspottyvirus,3152623,,,,,,,,,,,,,,,,,,,,,,,,,,,,,,,,,,,,,,,,,,,,,,,,,,,,,,,,,,,,,,,,,,,,,,,,,,,,,,,,,,,,0.47,,,,,,,,,,,,,,,,,,,,,,,,,,,,,
              Oscarsovirus,3152624,,,,,,,,,,,,,,,,,,,,,,,,,,,,,,,,,,,,,,,,,,,,,,,,,,,,,,,,,,,,,,,,,,,,,,,,,,,,,,,,,,,,,,,,,,,,,,,,,,,,,,,,,,,0.09,0.02,,,,,
              Pumpernickelvirus,3152625,,,,,,,,,,,,,,,,,,,,,,,,,,,,,,,,,,,,,,,,,,,,,,,,,,,,,,0.36,,,,,,,,,,,,,,,,,,,,,,,,,,,,,,0.12,,,,,,0.8,,0.19,,,,,,,,,,,,,,,,,,,,,
              Readingvirus,3152626,0.19,0.26,1.7,,,,0.29,0.75,,,,,,,,,,,,,,,,,,,,,,,,0.08,,,,,,,,,,,,,,,,,,,,0.39,1.05,0.45,,,,,,,,,0.59,1.07,,1.26,,0.91,,,,,,,,,,,,,,,,6.95,0.71,,0.54,,1.24,1.05,0.68,0.29,0.3,1.68,,0.16,0.29,,,,,,,,,,,,,,,,
                  Commandariavirus,3152691,,,,,,,,,,,,,,,,,,,,,,,,,,,,,,,,,,,,,,,,,,,,,,,,,,,,,0.32,,,,,,,,,,,,,,,,,,,,,,,,,,,,,,,,,,,,,,,,,,,,,,,,,,,,,,,,,,,,
                Ulinhavirus,3152864,,,,,,,,,,,,,,,,,,,,,,,,,,,,,,,,,,,,,,,,,,,,,,,,,,,,,,,,,,,,,,,,,,,,,,,,,,,,,,,,,,,,0.1,0.49,,,,,,,,,,,,,,,,,,,,,,,,,,,,
                  Dilongvirus,3152896,,,,,,,,,,,,,,,,,,,,,,,,,,,,,,,,,,,,,,,,,,,,,,,,,,,,,,0.3,,,,,,,,,,,,,,,,,,,,,,,,,,,,,,,,0.04,,,,,,,,,1.31,,,,,,,,,,,,,,,,,,
                  Kremarvirus,3152897,,,,,,,,,,,,,,,,,,,,,,,,,,,,,,,,,,,,,,,,,,,,,,,,,,,,0.4,,1.15,,,,,,,,,,,,,,,,,,,,,,,,,,,,,,0.58,,,,,,,,,,,13.14,,,,,,,,,,,,,,,,,,
                  Shenlongvirus,3152898,,0.26,0.57,,,,,,,,,,,,,,,,,,,,,,,,,,,,,,,,,,,,,,,,,,,,,,,,,,,0.33,,,,,,,,,,,,,,,,,,,,,,,0.49,,,,,,,0.14,,0.02,,,,,,,,,3.57,,,,,,,,,,,,,,,,,,
              Bimevirus,3152907,,,,,,,,,,,,,,,,,,,,,,,,,,0.23,,,,,,,,,,,,,,,,,0.11,,0.2,,,0.28,,,,,,,,,,,,,,,,,,,,,,,,,,,,,,,,,,,,,,,,,,,,,,,,,,,,,,,,,0.24,,,,,,0.16,,
              Chaoyangvirus,3152908,,,,,,,,,,,,,,,,,,,,,,,,,,,,,,,,,,,,,,,,,,,,,0.11,,,,,,,,,,,,,,,,,,,,,,,,,,,,,,,,,,,,,,,,,,,,,,,,,,,,,,,,,,,,,,,,,,,,
              Geezettvirus,3152909,,,,,,,,,,,,,,,,,,,,,,,,0.14,,,,,,,,,,,,,,,,,,,0.09,,0.12,,,,,,,,,,,,,,,,,,,,,,,,,,,,,,,,,,,,,,,,,,,,,,,,,,,,,,,,,,,,,,,,,,,,
              Mascletvirus,3152910,,,,,,,,,,,,,,,,,,,,,,,,,,,,,,,,,,,,,,,,,,,,,0.09,,,,,,,,,,,,,,,,,,,,,,,,,,,,,,,,,,,,,,,,,,,,,,,,,,,,,,,,,,,,,,,,,,0.06,,
              Sircambvirus,3152913,,,,,,,,,,,,,,,,,,,,,,,,,,,,,,,,,,,,,,,,,,,0.17,0.1,0.21,,,,,,,,,,,,,,,,,,,,,,,,,,,,,,,,,,,,,,,,,,,,,,,,,,,,,,,,,,,,0.24,,,,,0.17,0.19,,
              Zewailvirus,3152914,,,,,,,,,,,,,,,,,,,,,,,,,,,,,,,,,,,,,,,,,,,0.11,,0.15,,,,,,,,,,,,,,,,,,,,,,,,,,,,,,,,,,,,,,,,,,,,,,,,,,,,,,,,,,,,,,,,,,0.07,,
              Eidolonvirus,3152915,,,,,,,,,,,,,,,,,,,,,,,,,,,,,,,,,,,,,,,,,,,,,,,,,,,,,,,,,,,,,,,,,,,,,,,,,,0.09,,,,,,,,,,0.63,,,,,,,,,0.28,0.25,,,,,,,,,,,,,,,,,,,
              Kharnvirus,3152916,,,,,,,,,,,,,,,,,,,,,,,,,,,,,,,,,,,,,,,,,,,,,,,,,,,,,,,,,,,,,,,,,,,,,,,,,,0.33,,,,,,,,,,,,,1.29,,,,,,,,,,,,,,,,,,,,,,,,,,
                Ninurtavirus,3152926,,,,,,,,,,,,,,,,,,,,,,,,,,,,,,,,,,,,,,,,,,,,,,,,,,,,,,,,,,,,,,,,,,,,,,2.63,,,,,,,,,,,,,,,,,,,,,,,,,,,,,,,,,,,,,,,,,,,
              Footloosevirus,3152965,,,,,,,,,,,,,,,,,,,,,,,,,,,,,,,,,,,,,,,,,,,,,,,,,,,,,,,,,,,,,,,,,,,,,,,,,,,,,,,,,,,,,,,,,,0.28,,,,,,,,,,,,,,,,,,,,,,,
              Hafyongvirus,3152967,,,,,,,,,,,,,,,,,,,,,,,,,,,,,,,,,,,,,,,,,,,0.11,,,,,,,,,,,,,,,,,,,,,,,,,0.36,,,,,,,,,,,,,,,,,,,,,,,,,,,,,,,,,,,,,,,,,,,,,
              Haihevirus,3152968,,,,,,,,,,,,,,,,,,,,,,,,,,,,,,,,,,,,,,,,,,,0.12,,,,,,,,0.23,,,0.17,,,,,,,,,,,,,,,,,,,,,,,,,,,,,,,,,,,,,,,,,,,,,,,,,,,,,,,,,,,
              Miecznikowavirus,3152971,0.63,0.99,4.09,,,,0.26,1.41,,,,,,,,,,,,,,,,,,,,,,,,,,,,,,,,,,,,,0.07,,,,,,,0.3,0.41,0.54,,0.9,,,,,,0.28,0.83,1.06,,4.45,0.52,2.48,,,,,,,,,,,,,,,,5.01,1.46,0.01,1.19,,1.76,1.83,5.01,1.05,0.9,3.08,,0.98,5.73,,,0.08,,,,,,,,,,,,0.07,
                Otakuvirus,3152972,,,,,,,,,,,,,,,,,,,,,,,,,,,,,,,,,,,,,,,,,,,0.07,,,,0.32,,,,,,,,,,,,,,,,,,,,,0.39,,,,,,,,,,,,,,,,,,,,,,,,,,,,,,,,,,,,,,,,,,,0.06,,
                Acamarivirus,3152979,,,,,,,,,,,,,,,,,,,,,,,,,,,,,,,,,,,,,,,,,,,,,,,,,,,,,,,,,,,,,,,,,,,,,,,,,,,,,,,,,,,,,,,,,,,,,,1.01,,,,,,,,,,,,,,,,,,,
                Anthevirus,3152981,,,,,,,,,,,,,,,,,,,,,,,,,,,,,,,,,,,,,,,,,,,,,,,,,,,,,,,,,,,,,,,,,,,,,,,,,,,,,,,,,,,,,,,,,,2.07,1.18,,,5.49,,,,,,,,,,,,,,,,,,,
              Chewyvirus,3152994,,,,,,,,,,,,,,,,,,,,,,,,,,,,,,,,,,,,,,,,,,,,,,,,,,,,,,,,,,,,,,,,,,,,,,,,0.03,,,,,,,0.2,,,,,,,,,,,5.29,,0.43,0.5,,,,,,,,,,,,,,,,,,,,
              Efemquintavirus,3152996,,,,,,,,,,,,,,,,,,,,,,,,,,,,,,,,,,,,,,,,,,,,,,,,,,,,,,,,,,,,,,,,,,,,,,,,,,,,,,,,,,,,,,,,,,,,,,,,,,,,,,0.44,,,,,,,,,,,2.46
                Seretavirus,3152998,,,,,,,,,,,,,,,,,,,,,,,,,,,,,,,,,,,,,,,,,,,0.08,0.11,,,0.15,,,,,,,,,,,,,,,,,,,,,,,,,0.05,,,,,,,,,,,,,0.49,,,,,,,,,,,,,,,,,,,,0.16,,,,,,0.09,,
                  Longwangvirus,3153014,,0.09,,0.08,0.1,,,,0.36,0.95,0.37,0.41,,,,,,0.95,,,,,,0.47,0.45,0.84,0.19,,,,,0.12,,,,,,,,,,1.88,3.45,2.81,2.08,,4.14,2.52,0.57,0.47,0.33,31.33,0.69,0.29,2.55,0.99,,,,,,,,,,,,,,,,0.04,0.24,0.16,0.37,0.2,1.17,0.35,0.33,0.2,0.39,0.25,0.19,0.28,,0.03,,1.41,0.5,,,0.76,0.95,,0.02,,0.09,,0.26,0.28,,0.36,0.49,0.41,0.9,0.16,0.08,0.31,,,0.78,0.16,
                  Phayathaivirus,3153015,,,,,,,,,,,,,,,,,,,,,,,,,,,,,,,,,,,,,,,,,,0.09,0.15,0.09,0.09,,0.22,,,,,1.23,,,0.16,,,,,,,,,,,,,,,,,,,,,,,,,,,,,,,,,,,,,,,,,,,,,,,,,,,,,,,,,,
                  Alphaorpheovirus,3153020,,,,,,,,,,,,,,,,,,,,,,,,,,,,,,,,,,,,,,,,,,,,,,,,,,,,,,,,,,,,,,,,,,,,,,,,,,,,,,,,,,,,,,,,,,,,,,,,,,,,0.08,,,0.39,0.23,,,,0.45,,,,0.08,
                Amaruvirus,3153056,,,,,,,,,,,,,,,,,,,,,,,,,,,,,,,,,,,,,,,,,,,,,,,,,,,,,,,,,,,,,,,,,,,,,,,,,,,,,,,,,,,,,,,,,,,,,,,,,,,,,,,,,,,,0.03,,,,,
                Intivirus,3153059,,,,,,,,,,,,,,,,,,,,,,,,,,,,,,,,,,,,,,,,,,,,,,,,,,,,,,,,,,,,,,,,,,,,,,,,,,,,,,,,,,,,,,,,,,,,,,,,,,,,,,,,,,,,0.02,,0.38,,,
              Aspduovirus,3153070,,,,,,,,,,,,,,,,,,,,,,,,,,,,,,,,,0.19,,,,,,,,,,,,,,,,,,,,,,,,,,,,,,,,,,,,,,,,,,,,,,,,,,,,,,,,,,,,,,,,,,,,,,,,,,,,,,,,
              Micathvirus,3153077,,,,,,,,,,,,,,,,,,,,,,,,,,,,,,,,,,,,,,,,,,,,,,,,,,,,,,0.18,,,,,,,,,,,,,,,,,,,,,,,,,,,,,,,,,,,,,,,,,,,,,,,,,,,,,,,,,,,
              Shangdongvirus,3153078,,,,,,,,,,,,,,,,,,,,,,,,,,,,,,,,,,,,,,,,,,,,,,,,,,,,0.22,,,,,,,,,,,,,,,,,,,,,,,,,,,,,,,,,,,,,,,,,,,,,,,,,,,,,,,,,,,,,
              Torvergatavirus,3153079,,,,,,,,,,,,,,,,,,,,,,,,,,,,,,,,,,,,,,,,,,0.1,0.1,,0.07,,,0.22,,,,,,,,,,,,,,,,,,,,,,,,,,0.18,0.12,,,,,,,,0.24,,,,1.26,,,,,,,,,,0.11,,,,,,,,,,,0.03,,,,,
              Shockervirus,3153082,,0.08,,,0.03,,,,,,0.06,0.21,,,,,,,,,,,,,,,0.1,,,,,,,,,,,,,,,0.07,0.58,0.29,0.28,,0.2,0.4,,,,,0.19,,,0.35,,,,,,,,,,,,0.33,,,,0.07,,,,,,0.15,,,,,0.13,0.16,,,,,,,0.31,,,,,,,,,,,,,,,,,,,,,,
                  Baldwinvirus,3153089,,,,,,,3.67,,,,,,,,,,,,,,,,,,,,,,,,,,,,,,,,,,,,,,,,,,,,,,,,,,,,,,,,,,,,,,,,,,,,,,,,,,,,,,,,,,,,,,,,,,,,,,,,,,,,,,,,,,
              Shirevirus,3153128,,,,,,,,,,,,,,,,,,,,,,,,,,,,,,,,,,,,,,,,,,,,,,,,,,,,,,,,,,,,,,,,,,,,,,,,,,,,,,,,,,,,,,,,,,,,,,,,,,,,,,,,,,,,0.02,,,,,
                Hodnevirus,3153200,,,,,,,,,0.13,0.14,0.1,,,,,,,,,,,,,,,,,,,,,,,,,,,,,,,,0.08,,,,,,,,0.19,,,,,,,,,,,,,,,,,,,,,,,,,,,,,,,,,,,,,,,,,,,,,,,,,,,,,,,,,,,,,,
              Efemunavirus,3153270,,,,,,,,,,,,,,,,,,,,,,,,,,,,,,,,,,,,,,,,,,,,,,,,,,,,,,,,,,,,,,,,,,,,,,,,,,,,,,,,,,,,,,,,,,,,,,,,,,,,,,,,,,,,0.02,,,,,2.78
                  Peekayseptimavirus,3153273,,,,,,,,,,,,,,,,,,,,,,,,,,,,,,,,,,,,,0.12,,,,,,,,,,,,,,,,,,,,,,,,,,,,,,,,,,,,,,,,,,,,,,,,,,,,,,,,,,,,,0.95,,0.26,,,,,0.12,0.53,0.12,0.11,,0.1,0.1,0.12,0.49
                  Pazvirus,3424920,,,,,,,,,,,,,,,,,,,,,,,,,,,,,,,,,,,,,,,,,,,,,,,,,,,,,,,,,,,,,,,,,,,,,,,,,,,,,,,0.13,,,,,,,,,,,,,,,,,,,,,,,,,,,,,,,,,,
              Adrianbuildvirus,3424927,,,,,,,,,,,,,,,,,,,,,,,,,,,,,,,,,,,,,,,,,,0.15,,,,,,,,,,,,,,,,,,,,,,,,,,,,,,,,,,,,,,,,,,,,,,,,,,,,,,,,,,,,,,,,,,,,,,,
                  Ebriosvirus,3424957,,,,,,,,,,,,,,,,,,,,,,,,,,,,,,,,,,,,,,,,,,0.73,0.07,,0.47,,,,,,,,,,,,,,,,,,,,,,,,,,,,,,,,,,,,,,,,,,,,,,,,,,0.05,0.05,,,,,,,,,,,,,,,,,
                  Hennigervirus,3424959,,,,,,,,,,,,,,,,,,,,,,,,,,,,,,,,,,,,,,,,,,,,,,,,,,,,,2.8,6.93,0.11,,,,,,,,,,,,,,,,,,,,,,,,,,0.43,,,,,,,,,,,,,,52.81,0.9,,,,,,,,,,,,,,,,1.57,
                  Pfluvirus,3424962,,,,,,,,,,,,,,,,,,,,,,,,,,,,,,,,,,,,,,,,,,,,,,,,,,,,,,,0.39,0.44,,,,,,,,,,,,,,,,,,,,,,,,,,,,,,0.12,,,,,,,,,1.06,0.73,,,,,,,,,,,,,,,,0.15,
                  Unosvirus,3424968,,,,,,,,,,,,,,,,,,,,,,,,,,,,,,,,,,,,,,,,,,,,,,,,,,,,,,,,,,,,,,,,,,,,,,,,,,,,,,,,,,,,,,,,,,,,,,,0.03,0.37,,,,,,,,,,,,,,,,,
                  Risoevirus,3424972,,,,,,,,0.64,,,,,,,,,,,,,,,,,,,,,,,,,,,,,,,,,,,,,,,,,0.58,,2.84,,,,,0.22,,,,,,,,,,,,,,,,,,,,,,,,,,,,,,,,,,,,,,,,,,,,,,,,,,,,,,,,,
                Oliviavirus,3424985,,,,,,,,,,,,,,,,,,,,,,,,,,,,,,,,,,,,,,,,,,,,,,,,,,,,,,,,,,,,,,,,,,,,,,,,,,,,,,,,,,,,,,,,,,,,,,,,,,,,,,,,,,,,0.04,,,,,
                  Margaeryvirus,3425048,,,,,,,,,,0.1,0.09,,,,,,,,,,,,,,,,,,,,,,,,,,,,,,,,,,,,,,,,,,,,,,,,,,,,,,,,,,,,,,,,,,,,,,,,,,,,,,,,,,,,,,,,,,,,,,,,,,,,,,
                Nicoomyvirus,3425078,,0.18,,0.06,,,0.17,9.63,5.9,,,,,,,,,,,,,,,,,,,,,,,,,,,,,,,,,,,,,,,,,,,,,,,,,,,,,,,,,,,,,,,,,,,,,,,,,,,,,,,,,,,,,,,,,,,,,,,,,,,,,,,,
